unit,function,size,flags,build,module_sha256,classification,address,hit_count,similarity,relocation_masked_sha256,unavailable_reason
directdraw,BltDDSurfaceUsingSoftware,686,/O2 /Ob2 /G5 /MD,demo,8acda50afe39f7e6a867272300a09463fd94aed9a510008fcdefc662143346e4,absent-or-stripped,,0,0.000000,99a42125db245d63fcc38d983d3729d3fbfc1f22f907b38ab0dc1fc8162dce5b,
directdraw,BltDDSurfaceUsingSoftware,686,/O2 /Ob2 /G5 /MD,gog_base,18a74ff61c65b8a2d4cfa11ffce82ad7fef022a94eaf0c2f217e479e981420d2,absent-or-stripped,,0,0.000000,99a42125db245d63fcc38d983d3729d3fbfc1f22f907b38ab0dc1fc8162dce5b,
directdraw,BltDDSurfaceUsingSoftware,686,/O2 /Ob2 /G5 /MD,gog_1261,18a74ff61c65b8a2d4cfa11ffce82ad7fef022a94eaf0c2f217e479e981420d2,absent-or-stripped,,0,0.000000,99a42125db245d63fcc38d983d3729d3fbfc1f22f907b38ab0dc1fc8162dce5b,
directdraw,BltDDSurfaceUsingSoftware,686,/O2 /Ob2 /G5 /MD,gog_1261_new,57a3072c2f8307de84e2f54ac58d3fcd7cf3cef18088bf0f0fdec2ac9202b2b1,absent-or-stripped,,0,0.000000,99a42125db245d63fcc38d983d3729d3fbfc1f22f907b38ab0dc1fc8162dce5b,
directdraw,BltDDSurfaceUsingSoftware,686,/O2 /Ob2 /G5 /MD,gog_128_base,18a74ff61c65b8a2d4cfa11ffce82ad7fef022a94eaf0c2f217e479e981420d2,absent-or-stripped,,0,0.000000,99a42125db245d63fcc38d983d3729d3fbfc1f22f907b38ab0dc1fc8162dce5b,
directdraw,BltDDSurfaceUsingSoftware,686,/O2 /Ob2 /G5 /MD,gog_128_patch,fdca6d9cd0940034191e82b8e2900de26bb25e381c74128dcb8967360a9fb824,unavailable,,0,0.000000,99a42125db245d63fcc38d983d3729d3fbfc1f22f907b38ab0dc1fc8162dce5b,no-text-section
directdraw,BltDDSurfaceUsingSoftware,686,/O2 /Ob2 /G5 /MD,retail_2001_12_23,c3639d43568a1ed233be85c6b3b8129b1a4661e65717220e0514c815aa972edd,unavailable,,0,0.000000,99a42125db245d63fcc38d983d3729d3fbfc1f22f907b38ab0dc1fc8162dce5b,protected-executable
directdraw,BltFastDDSurfaceUsingSoftware,406,/O2 /Ob2 /G5 /MD,demo,8acda50afe39f7e6a867272300a09463fd94aed9a510008fcdefc662143346e4,absent-or-stripped,,0,0.000000,1faecc4b5e16427f48ccffc4782460f3f2de9cc3e520d418f05832c071eab9d1,
directdraw,BltFastDDSurfaceUsingSoftware,406,/O2 /Ob2 /G5 /MD,gog_base,18a74ff61c65b8a2d4cfa11ffce82ad7fef022a94eaf0c2f217e479e981420d2,absent-or-stripped,,0,0.000000,1faecc4b5e16427f48ccffc4782460f3f2de9cc3e520d418f05832c071eab9d1,
directdraw,BltFastDDSurfaceUsingSoftware,406,/O2 /Ob2 /G5 /MD,gog_1261,18a74ff61c65b8a2d4cfa11ffce82ad7fef022a94eaf0c2f217e479e981420d2,absent-or-stripped,,0,0.000000,1faecc4b5e16427f48ccffc4782460f3f2de9cc3e520d418f05832c071eab9d1,
directdraw,BltFastDDSurfaceUsingSoftware,406,/O2 /Ob2 /G5 /MD,gog_1261_new,57a3072c2f8307de84e2f54ac58d3fcd7cf3cef18088bf0f0fdec2ac9202b2b1,absent-or-stripped,,0,0.000000,1faecc4b5e16427f48ccffc4782460f3f2de9cc3e520d418f05832c071eab9d1,
directdraw,BltFastDDSurfaceUsingSoftware,406,/O2 /Ob2 /G5 /MD,gog_128_base,18a74ff61c65b8a2d4cfa11ffce82ad7fef022a94eaf0c2f217e479e981420d2,absent-or-stripped,,0,0.000000,1faecc4b5e16427f48ccffc4782460f3f2de9cc3e520d418f05832c071eab9d1,
directdraw,BltFastDDSurfaceUsingSoftware,406,/O2 /Ob2 /G5 /MD,gog_128_patch,fdca6d9cd0940034191e82b8e2900de26bb25e381c74128dcb8967360a9fb824,unavailable,,0,0.000000,1faecc4b5e16427f48ccffc4782460f3f2de9cc3e520d418f05832c071eab9d1,no-text-section
directdraw,BltFastDDSurfaceUsingSoftware,406,/O2 /Ob2 /G5 /MD,retail_2001_12_23,c3639d43568a1ed233be85c6b3b8129b1a4661e65717220e0514c815aa972edd,unavailable,,0,0.000000,1faecc4b5e16427f48ccffc4782460f3f2de9cc3e520d418f05832c071eab9d1,protected-executable
directdraw,DDAddAttachedSurface,35,/O2 /Ob2 /G5 /MD,demo,8acda50afe39f7e6a867272300a09463fd94aed9a510008fcdefc662143346e4,absent-or-stripped,,0,0.000000,9cb3a55efce194b5e556e2433aab13a2d894cf2fe01b1246626f3628f9610005,
directdraw,DDAddAttachedSurface,35,/O2 /Ob2 /G5 /MD,gog_base,18a74ff61c65b8a2d4cfa11ffce82ad7fef022a94eaf0c2f217e479e981420d2,absent-or-stripped,,0,0.000000,9cb3a55efce194b5e556e2433aab13a2d894cf2fe01b1246626f3628f9610005,
directdraw,DDAddAttachedSurface,35,/O2 /Ob2 /G5 /MD,gog_1261,18a74ff61c65b8a2d4cfa11ffce82ad7fef022a94eaf0c2f217e479e981420d2,absent-or-stripped,,0,0.000000,9cb3a55efce194b5e556e2433aab13a2d894cf2fe01b1246626f3628f9610005,
directdraw,DDAddAttachedSurface,35,/O2 /Ob2 /G5 /MD,gog_1261_new,57a3072c2f8307de84e2f54ac58d3fcd7cf3cef18088bf0f0fdec2ac9202b2b1,absent-or-stripped,,0,0.000000,9cb3a55efce194b5e556e2433aab13a2d894cf2fe01b1246626f3628f9610005,
directdraw,DDAddAttachedSurface,35,/O2 /Ob2 /G5 /MD,gog_128_base,18a74ff61c65b8a2d4cfa11ffce82ad7fef022a94eaf0c2f217e479e981420d2,absent-or-stripped,,0,0.000000,9cb3a55efce194b5e556e2433aab13a2d894cf2fe01b1246626f3628f9610005,
directdraw,DDAddAttachedSurface,35,/O2 /Ob2 /G5 /MD,gog_128_patch,fdca6d9cd0940034191e82b8e2900de26bb25e381c74128dcb8967360a9fb824,unavailable,,0,0.000000,9cb3a55efce194b5e556e2433aab13a2d894cf2fe01b1246626f3628f9610005,no-text-section
directdraw,DDAddAttachedSurface,35,/O2 /Ob2 /G5 /MD,retail_2001_12_23,c3639d43568a1ed233be85c6b3b8129b1a4661e65717220e0514c815aa972edd,unavailable,,0,0.000000,9cb3a55efce194b5e556e2433aab13a2d894cf2fe01b1246626f3628f9610005,protected-executable
directdraw,DDBltFastSurface,84,/O2 /Ob2 /G5 /MD,demo,8acda50afe39f7e6a867272300a09463fd94aed9a510008fcdefc662143346e4,relocation-equivalent,0040f590,1,1.000000,89e30cf07ebc8c2d74c042a22933a61bac0c2c3ee229233e2cf8cb66a0464b5b,
directdraw,DDBltFastSurface,84,/O2 /Ob2 /G5 /MD,gog_base,18a74ff61c65b8a2d4cfa11ffce82ad7fef022a94eaf0c2f217e479e981420d2,relocation-equivalent,0040f230,1,1.000000,89e30cf07ebc8c2d74c042a22933a61bac0c2c3ee229233e2cf8cb66a0464b5b,
directdraw,DDBltFastSurface,84,/O2 /Ob2 /G5 /MD,gog_1261,18a74ff61c65b8a2d4cfa11ffce82ad7fef022a94eaf0c2f217e479e981420d2,relocation-equivalent,0040f230,1,1.000000,89e30cf07ebc8c2d74c042a22933a61bac0c2c3ee229233e2cf8cb66a0464b5b,
directdraw,DDBltFastSurface,84,/O2 /Ob2 /G5 /MD,gog_1261_new,57a3072c2f8307de84e2f54ac58d3fcd7cf3cef18088bf0f0fdec2ac9202b2b1,relocation-equivalent,0040f230,1,1.000000,89e30cf07ebc8c2d74c042a22933a61bac0c2c3ee229233e2cf8cb66a0464b5b,
directdraw,DDBltFastSurface,84,/O2 /Ob2 /G5 /MD,gog_128_base,18a74ff61c65b8a2d4cfa11ffce82ad7fef022a94eaf0c2f217e479e981420d2,relocation-equivalent,0040f230,1,1.000000,89e30cf07ebc8c2d74c042a22933a61bac0c2c3ee229233e2cf8cb66a0464b5b,
directdraw,DDBltFastSurface,84,/O2 /Ob2 /G5 /MD,gog_128_patch,fdca6d9cd0940034191e82b8e2900de26bb25e381c74128dcb8967360a9fb824,unavailable,,0,0.000000,89e30cf07ebc8c2d74c042a22933a61bac0c2c3ee229233e2cf8cb66a0464b5b,no-text-section
directdraw,DDBltFastSurface,84,/O2 /Ob2 /G5 /MD,retail_2001_12_23,c3639d43568a1ed233be85c6b3b8129b1a4661e65717220e0514c815aa972edd,unavailable,,0,0.000000,89e30cf07ebc8c2d74c042a22933a61bac0c2c3ee229233e2cf8cb66a0464b5b,protected-executable
directdraw,DDBltSurface,103,/O2 /Ob2 /G5 /MD,demo,8acda50afe39f7e6a867272300a09463fd94aed9a510008fcdefc662143346e4,relocation-equivalent,0040f5f0,1,1.000000,72ea8c68ad4f30d3d1ec6fdb6feeb57661d109cc04464fb7c04d42a111adaa31,
directdraw,DDBltSurface,103,/O2 /Ob2 /G5 /MD,gog_base,18a74ff61c65b8a2d4cfa11ffce82ad7fef022a94eaf0c2f217e479e981420d2,relocation-equivalent,0040f290,1,1.000000,72ea8c68ad4f30d3d1ec6fdb6feeb57661d109cc04464fb7c04d42a111adaa31,
directdraw,DDBltSurface,103,/O2 /Ob2 /G5 /MD,gog_1261,18a74ff61c65b8a2d4cfa11ffce82ad7fef022a94eaf0c2f217e479e981420d2,relocation-equivalent,0040f290,1,1.000000,72ea8c68ad4f30d3d1ec6fdb6feeb57661d109cc04464fb7c04d42a111adaa31,
directdraw,DDBltSurface,103,/O2 /Ob2 /G5 /MD,gog_1261_new,57a3072c2f8307de84e2f54ac58d3fcd7cf3cef18088bf0f0fdec2ac9202b2b1,relocation-equivalent,0040f290,1,1.000000,72ea8c68ad4f30d3d1ec6fdb6feeb57661d109cc04464fb7c04d42a111adaa31,
directdraw,DDBltSurface,103,/O2 /Ob2 /G5 /MD,gog_128_base,18a74ff61c65b8a2d4cfa11ffce82ad7fef022a94eaf0c2f217e479e981420d2,relocation-equivalent,0040f290,1,1.000000,72ea8c68ad4f30d3d1ec6fdb6feeb57661d109cc04464fb7c04d42a111adaa31,
directdraw,DDBltSurface,103,/O2 /Ob2 /G5 /MD,gog_128_patch,fdca6d9cd0940034191e82b8e2900de26bb25e381c74128dcb8967360a9fb824,unavailable,,0,0.000000,72ea8c68ad4f30d3d1ec6fdb6feeb57661d109cc04464fb7c04d42a111adaa31,no-text-section
directdraw,DDBltSurface,103,/O2 /Ob2 /G5 /MD,retail_2001_12_23,c3639d43568a1ed233be85c6b3b8129b1a4661e65717220e0514c815aa972edd,unavailable,,0,0.000000,72ea8c68ad4f30d3d1ec6fdb6feeb57661d109cc04464fb7c04d42a111adaa31,protected-executable
directdraw,DDCreateClipper,39,/O2 /Ob2 /G5 /MD,demo,8acda50afe39f7e6a867272300a09463fd94aed9a510008fcdefc662143346e4,absent-or-stripped,,0,0.000000,b73704ff825c518a56aac7d1818ea01c150840207ef8c1fe840ad9831bab809d,
directdraw,DDCreateClipper,39,/O2 /Ob2 /G5 /MD,gog_base,18a74ff61c65b8a2d4cfa11ffce82ad7fef022a94eaf0c2f217e479e981420d2,absent-or-stripped,,0,0.000000,b73704ff825c518a56aac7d1818ea01c150840207ef8c1fe840ad9831bab809d,
directdraw,DDCreateClipper,39,/O2 /Ob2 /G5 /MD,gog_1261,18a74ff61c65b8a2d4cfa11ffce82ad7fef022a94eaf0c2f217e479e981420d2,absent-or-stripped,,0,0.000000,b73704ff825c518a56aac7d1818ea01c150840207ef8c1fe840ad9831bab809d,
directdraw,DDCreateClipper,39,/O2 /Ob2 /G5 /MD,gog_1261_new,57a3072c2f8307de84e2f54ac58d3fcd7cf3cef18088bf0f0fdec2ac9202b2b1,absent-or-stripped,,0,0.000000,b73704ff825c518a56aac7d1818ea01c150840207ef8c1fe840ad9831bab809d,
directdraw,DDCreateClipper,39,/O2 /Ob2 /G5 /MD,gog_128_base,18a74ff61c65b8a2d4cfa11ffce82ad7fef022a94eaf0c2f217e479e981420d2,absent-or-stripped,,0,0.000000,b73704ff825c518a56aac7d1818ea01c150840207ef8c1fe840ad9831bab809d,
directdraw,DDCreateClipper,39,/O2 /Ob2 /G5 /MD,gog_128_patch,fdca6d9cd0940034191e82b8e2900de26bb25e381c74128dcb8967360a9fb824,unavailable,,0,0.000000,b73704ff825c518a56aac7d1818ea01c150840207ef8c1fe840ad9831bab809d,no-text-section
directdraw,DDCreateClipper,39,/O2 /Ob2 /G5 /MD,retail_2001_12_23,c3639d43568a1ed233be85c6b3b8129b1a4661e65717220e0514c815aa972edd,unavailable,,0,0.000000,b73704ff825c518a56aac7d1818ea01c150840207ef8c1fe840ad9831bab809d,protected-executable
directdraw,DDCreatePalette,50,/O2 /Ob2 /G5 /MD,demo,8acda50afe39f7e6a867272300a09463fd94aed9a510008fcdefc662143346e4,relocation-equivalent,0040f660,1,1.000000,c211c3e255219d7b457824b4da0b69b725613d5a6425f10348f1e8adbf5a7dbd,
directdraw,DDCreatePalette,50,/O2 /Ob2 /G5 /MD,gog_base,18a74ff61c65b8a2d4cfa11ffce82ad7fef022a94eaf0c2f217e479e981420d2,relocation-equivalent,0040f300,1,1.000000,c211c3e255219d7b457824b4da0b69b725613d5a6425f10348f1e8adbf5a7dbd,
directdraw,DDCreatePalette,50,/O2 /Ob2 /G5 /MD,gog_1261,18a74ff61c65b8a2d4cfa11ffce82ad7fef022a94eaf0c2f217e479e981420d2,relocation-equivalent,0040f300,1,1.000000,c211c3e255219d7b457824b4da0b69b725613d5a6425f10348f1e8adbf5a7dbd,
directdraw,DDCreatePalette,50,/O2 /Ob2 /G5 /MD,gog_1261_new,57a3072c2f8307de84e2f54ac58d3fcd7cf3cef18088bf0f0fdec2ac9202b2b1,relocation-equivalent,0040f300,1,1.000000,c211c3e255219d7b457824b4da0b69b725613d5a6425f10348f1e8adbf5a7dbd,
directdraw,DDCreatePalette,50,/O2 /Ob2 /G5 /MD,gog_128_base,18a74ff61c65b8a2d4cfa11ffce82ad7fef022a94eaf0c2f217e479e981420d2,relocation-equivalent,0040f300,1,1.000000,c211c3e255219d7b457824b4da0b69b725613d5a6425f10348f1e8adbf5a7dbd,
directdraw,DDCreatePalette,50,/O2 /Ob2 /G5 /MD,gog_128_patch,fdca6d9cd0940034191e82b8e2900de26bb25e381c74128dcb8967360a9fb824,unavailable,,0,0.000000,c211c3e255219d7b457824b4da0b69b725613d5a6425f10348f1e8adbf5a7dbd,no-text-section
directdraw,DDCreatePalette,50,/O2 /Ob2 /G5 /MD,retail_2001_12_23,c3639d43568a1ed233be85c6b3b8129b1a4661e65717220e0514c815aa972edd,unavailable,,0,0.000000,c211c3e255219d7b457824b4da0b69b725613d5a6425f10348f1e8adbf5a7dbd,protected-executable
directdraw,DDCreateRasterSurface,360,/O2 /Ob2 /G5 /MD,demo,8acda50afe39f7e6a867272300a09463fd94aed9a510008fcdefc662143346e4,absent-or-stripped,,0,0.000000,f979de21ee10ff2461d3a9d9169cc7f1b74ea2742242283fe84e55e484784691,
directdraw,DDCreateRasterSurface,360,/O2 /Ob2 /G5 /MD,gog_base,18a74ff61c65b8a2d4cfa11ffce82ad7fef022a94eaf0c2f217e479e981420d2,absent-or-stripped,,0,0.000000,f979de21ee10ff2461d3a9d9169cc7f1b74ea2742242283fe84e55e484784691,
directdraw,DDCreateRasterSurface,360,/O2 /Ob2 /G5 /MD,gog_1261,18a74ff61c65b8a2d4cfa11ffce82ad7fef022a94eaf0c2f217e479e981420d2,absent-or-stripped,,0,0.000000,f979de21ee10ff2461d3a9d9169cc7f1b74ea2742242283fe84e55e484784691,
directdraw,DDCreateRasterSurface,360,/O2 /Ob2 /G5 /MD,gog_1261_new,57a3072c2f8307de84e2f54ac58d3fcd7cf3cef18088bf0f0fdec2ac9202b2b1,absent-or-stripped,,0,0.000000,f979de21ee10ff2461d3a9d9169cc7f1b74ea2742242283fe84e55e484784691,
directdraw,DDCreateRasterSurface,360,/O2 /Ob2 /G5 /MD,gog_128_base,18a74ff61c65b8a2d4cfa11ffce82ad7fef022a94eaf0c2f217e479e981420d2,absent-or-stripped,,0,0.000000,f979de21ee10ff2461d3a9d9169cc7f1b74ea2742242283fe84e55e484784691,
directdraw,DDCreateRasterSurface,360,/O2 /Ob2 /G5 /MD,gog_128_patch,fdca6d9cd0940034191e82b8e2900de26bb25e381c74128dcb8967360a9fb824,unavailable,,0,0.000000,f979de21ee10ff2461d3a9d9169cc7f1b74ea2742242283fe84e55e484784691,no-text-section
directdraw,DDCreateRasterSurface,360,/O2 /Ob2 /G5 /MD,retail_2001_12_23,c3639d43568a1ed233be85c6b3b8129b1a4661e65717220e0514c815aa972edd,unavailable,,0,0.000000,f979de21ee10ff2461d3a9d9169cc7f1b74ea2742242283fe84e55e484784691,protected-executable
directdraw,DDCreateSurface,74,/O2 /Ob2 /G5 /MD,demo,8acda50afe39f7e6a867272300a09463fd94aed9a510008fcdefc662143346e4,relocation-equivalent,0040f410,1,1.000000,c68b6dce35f046978717604c40ce9c29e319ccb5bc7e005dfdfc3eb22d2e4137,
directdraw,DDCreateSurface,74,/O2 /Ob2 /G5 /MD,gog_base,18a74ff61c65b8a2d4cfa11ffce82ad7fef022a94eaf0c2f217e479e981420d2,relocation-equivalent,0040f0b0,1,1.000000,c68b6dce35f046978717604c40ce9c29e319ccb5bc7e005dfdfc3eb22d2e4137,
directdraw,DDCreateSurface,74,/O2 /Ob2 /G5 /MD,gog_1261,18a74ff61c65b8a2d4cfa11ffce82ad7fef022a94eaf0c2f217e479e981420d2,relocation-equivalent,0040f0b0,1,1.000000,c68b6dce35f046978717604c40ce9c29e319ccb5bc7e005dfdfc3eb22d2e4137,
directdraw,DDCreateSurface,74,/O2 /Ob2 /G5 /MD,gog_1261_new,57a3072c2f8307de84e2f54ac58d3fcd7cf3cef18088bf0f0fdec2ac9202b2b1,relocation-equivalent,0040f0b0,1,1.000000,c68b6dce35f046978717604c40ce9c29e319ccb5bc7e005dfdfc3eb22d2e4137,
directdraw,DDCreateSurface,74,/O2 /Ob2 /G5 /MD,gog_128_base,18a74ff61c65b8a2d4cfa11ffce82ad7fef022a94eaf0c2f217e479e981420d2,relocation-equivalent,0040f0b0,1,1.000000,c68b6dce35f046978717604c40ce9c29e319ccb5bc7e005dfdfc3eb22d2e4137,
directdraw,DDCreateSurface,74,/O2 /Ob2 /G5 /MD,gog_128_patch,fdca6d9cd0940034191e82b8e2900de26bb25e381c74128dcb8967360a9fb824,unavailable,,0,0.000000,c68b6dce35f046978717604c40ce9c29e319ccb5bc7e005dfdfc3eb22d2e4137,no-text-section
directdraw,DDCreateSurface,74,/O2 /Ob2 /G5 /MD,retail_2001_12_23,c3639d43568a1ed233be85c6b3b8129b1a4661e65717220e0514c815aa972edd,unavailable,,0,0.000000,c68b6dce35f046978717604c40ce9c29e319ccb5bc7e005dfdfc3eb22d2e4137,protected-executable
directdraw,DDCreateSurfaceInMemory,284,/O2 /Ob2 /G5 /MD,demo,8acda50afe39f7e6a867272300a09463fd94aed9a510008fcdefc662143346e4,absent-or-stripped,,0,0.000000,5fdaad827f3b4e37bbffc68507bd73576230b28021b0a9279e5388c3f03ac880,
directdraw,DDCreateSurfaceInMemory,284,/O2 /Ob2 /G5 /MD,gog_base,18a74ff61c65b8a2d4cfa11ffce82ad7fef022a94eaf0c2f217e479e981420d2,absent-or-stripped,,0,0.000000,5fdaad827f3b4e37bbffc68507bd73576230b28021b0a9279e5388c3f03ac880,
directdraw,DDCreateSurfaceInMemory,284,/O2 /Ob2 /G5 /MD,gog_1261,18a74ff61c65b8a2d4cfa11ffce82ad7fef022a94eaf0c2f217e479e981420d2,absent-or-stripped,,0,0.000000,5fdaad827f3b4e37bbffc68507bd73576230b28021b0a9279e5388c3f03ac880,
directdraw,DDCreateSurfaceInMemory,284,/O2 /Ob2 /G5 /MD,gog_1261_new,57a3072c2f8307de84e2f54ac58d3fcd7cf3cef18088bf0f0fdec2ac9202b2b1,absent-or-stripped,,0,0.000000,5fdaad827f3b4e37bbffc68507bd73576230b28021b0a9279e5388c3f03ac880,
directdraw,DDCreateSurfaceInMemory,284,/O2 /Ob2 /G5 /MD,gog_128_base,18a74ff61c65b8a2d4cfa11ffce82ad7fef022a94eaf0c2f217e479e981420d2,absent-or-stripped,,0,0.000000,5fdaad827f3b4e37bbffc68507bd73576230b28021b0a9279e5388c3f03ac880,
directdraw,DDCreateSurfaceInMemory,284,/O2 /Ob2 /G5 /MD,gog_128_patch,fdca6d9cd0940034191e82b8e2900de26bb25e381c74128dcb8967360a9fb824,unavailable,,0,0.000000,5fdaad827f3b4e37bbffc68507bd73576230b28021b0a9279e5388c3f03ac880,no-text-section
directdraw,DDCreateSurfaceInMemory,284,/O2 /Ob2 /G5 /MD,retail_2001_12_23,c3639d43568a1ed233be85c6b3b8129b1a4661e65717220e0514c815aa972edd,unavailable,,0,0.000000,5fdaad827f3b4e37bbffc68507bd73576230b28021b0a9279e5388c3f03ac880,protected-executable
directdraw,DDCreateZBufferSurface,371,/O2 /Ob2 /G5 /MD,demo,8acda50afe39f7e6a867272300a09463fd94aed9a510008fcdefc662143346e4,absent-or-stripped,,0,0.000000,22eb528e7cee22f43fbaa0fc2d89721e45908dfe5a4632bbab307bc0bdf0e1ae,
directdraw,DDCreateZBufferSurface,371,/O2 /Ob2 /G5 /MD,gog_base,18a74ff61c65b8a2d4cfa11ffce82ad7fef022a94eaf0c2f217e479e981420d2,absent-or-stripped,,0,0.000000,22eb528e7cee22f43fbaa0fc2d89721e45908dfe5a4632bbab307bc0bdf0e1ae,
directdraw,DDCreateZBufferSurface,371,/O2 /Ob2 /G5 /MD,gog_1261,18a74ff61c65b8a2d4cfa11ffce82ad7fef022a94eaf0c2f217e479e981420d2,absent-or-stripped,,0,0.000000,22eb528e7cee22f43fbaa0fc2d89721e45908dfe5a4632bbab307bc0bdf0e1ae,
directdraw,DDCreateZBufferSurface,371,/O2 /Ob2 /G5 /MD,gog_1261_new,57a3072c2f8307de84e2f54ac58d3fcd7cf3cef18088bf0f0fdec2ac9202b2b1,absent-or-stripped,,0,0.000000,22eb528e7cee22f43fbaa0fc2d89721e45908dfe5a4632bbab307bc0bdf0e1ae,
directdraw,DDCreateZBufferSurface,371,/O2 /Ob2 /G5 /MD,gog_128_base,18a74ff61c65b8a2d4cfa11ffce82ad7fef022a94eaf0c2f217e479e981420d2,absent-or-stripped,,0,0.000000,22eb528e7cee22f43fbaa0fc2d89721e45908dfe5a4632bbab307bc0bdf0e1ae,
directdraw,DDCreateZBufferSurface,371,/O2 /Ob2 /G5 /MD,gog_128_patch,fdca6d9cd0940034191e82b8e2900de26bb25e381c74128dcb8967360a9fb824,unavailable,,0,0.000000,22eb528e7cee22f43fbaa0fc2d89721e45908dfe5a4632bbab307bc0bdf0e1ae,no-text-section
directdraw,DDCreateZBufferSurface,371,/O2 /Ob2 /G5 /MD,retail_2001_12_23,c3639d43568a1ed233be85c6b3b8129b1a4661e65717220e0514c815aa972edd,unavailable,,0,0.000000,22eb528e7cee22f43fbaa0fc2d89721e45908dfe5a4632bbab307bc0bdf0e1ae,protected-executable
directdraw,DDDeleteAttachedSurface,37,/O2 /Ob2 /G5 /MD,demo,8acda50afe39f7e6a867272300a09463fd94aed9a510008fcdefc662143346e4,absent-or-stripped,,0,0.000000,dfff33460506d137703a1681d6a39941bf76176901af26de731238e00cce8917,
directdraw,DDDeleteAttachedSurface,37,/O2 /Ob2 /G5 /MD,gog_base,18a74ff61c65b8a2d4cfa11ffce82ad7fef022a94eaf0c2f217e479e981420d2,absent-or-stripped,,0,0.000000,dfff33460506d137703a1681d6a39941bf76176901af26de731238e00cce8917,
directdraw,DDDeleteAttachedSurface,37,/O2 /Ob2 /G5 /MD,gog_1261,18a74ff61c65b8a2d4cfa11ffce82ad7fef022a94eaf0c2f217e479e981420d2,absent-or-stripped,,0,0.000000,dfff33460506d137703a1681d6a39941bf76176901af26de731238e00cce8917,
directdraw,DDDeleteAttachedSurface,37,/O2 /Ob2 /G5 /MD,gog_1261_new,57a3072c2f8307de84e2f54ac58d3fcd7cf3cef18088bf0f0fdec2ac9202b2b1,absent-or-stripped,,0,0.000000,dfff33460506d137703a1681d6a39941bf76176901af26de731238e00cce8917,
directdraw,DDDeleteAttachedSurface,37,/O2 /Ob2 /G5 /MD,gog_128_base,18a74ff61c65b8a2d4cfa11ffce82ad7fef022a94eaf0c2f217e479e981420d2,absent-or-stripped,,0,0.000000,dfff33460506d137703a1681d6a39941bf76176901af26de731238e00cce8917,
directdraw,DDDeleteAttachedSurface,37,/O2 /Ob2 /G5 /MD,gog_128_patch,fdca6d9cd0940034191e82b8e2900de26bb25e381c74128dcb8967360a9fb824,unavailable,,0,0.000000,dfff33460506d137703a1681d6a39941bf76176901af26de731238e00cce8917,no-text-section
directdraw,DDDeleteAttachedSurface,37,/O2 /Ob2 /G5 /MD,retail_2001_12_23,c3639d43568a1ed233be85c6b3b8129b1a4661e65717220e0514c815aa972edd,unavailable,,0,0.000000,dfff33460506d137703a1681d6a39941bf76176901af26de731238e00cce8917,protected-executable
directdraw,DDGetDC,35,/O2 /Ob2 /G5 /MD,demo,8acda50afe39f7e6a867272300a09463fd94aed9a510008fcdefc662143346e4,absent-or-stripped,,0,0.000000,3d42125a18ebf38516b847b13bb55cb0af3e48b139618e79d573a63a59f0b0fc,
directdraw,DDGetDC,35,/O2 /Ob2 /G5 /MD,gog_base,18a74ff61c65b8a2d4cfa11ffce82ad7fef022a94eaf0c2f217e479e981420d2,absent-or-stripped,,0,0.000000,3d42125a18ebf38516b847b13bb55cb0af3e48b139618e79d573a63a59f0b0fc,
directdraw,DDGetDC,35,/O2 /Ob2 /G5 /MD,gog_1261,18a74ff61c65b8a2d4cfa11ffce82ad7fef022a94eaf0c2f217e479e981420d2,absent-or-stripped,,0,0.000000,3d42125a18ebf38516b847b13bb55cb0af3e48b139618e79d573a63a59f0b0fc,
directdraw,DDGetDC,35,/O2 /Ob2 /G5 /MD,gog_1261_new,57a3072c2f8307de84e2f54ac58d3fcd7cf3cef18088bf0f0fdec2ac9202b2b1,absent-or-stripped,,0,0.000000,3d42125a18ebf38516b847b13bb55cb0af3e48b139618e79d573a63a59f0b0fc,
directdraw,DDGetDC,35,/O2 /Ob2 /G5 /MD,gog_128_base,18a74ff61c65b8a2d4cfa11ffce82ad7fef022a94eaf0c2f217e479e981420d2,absent-or-stripped,,0,0.000000,3d42125a18ebf38516b847b13bb55cb0af3e48b139618e79d573a63a59f0b0fc,
directdraw,DDGetDC,35,/O2 /Ob2 /G5 /MD,gog_128_patch,fdca6d9cd0940034191e82b8e2900de26bb25e381c74128dcb8967360a9fb824,unavailable,,0,0.000000,3d42125a18ebf38516b847b13bb55cb0af3e48b139618e79d573a63a59f0b0fc,no-text-section
directdraw,DDGetDC,35,/O2 /Ob2 /G5 /MD,retail_2001_12_23,c3639d43568a1ed233be85c6b3b8129b1a4661e65717220e0514c815aa972edd,unavailable,,0,0.000000,3d42125a18ebf38516b847b13bb55cb0af3e48b139618e79d573a63a59f0b0fc,protected-executable
directdraw,DDGetDDInterface,38,/O2 /Ob2 /G5 /MD,demo,8acda50afe39f7e6a867272300a09463fd94aed9a510008fcdefc662143346e4,absent-or-stripped,,0,0.000000,5d801148f47ad75b7129e103ddbcfc4a524827fc206325e61a0baab76a9a149c,
directdraw,DDGetDDInterface,38,/O2 /Ob2 /G5 /MD,gog_base,18a74ff61c65b8a2d4cfa11ffce82ad7fef022a94eaf0c2f217e479e981420d2,absent-or-stripped,,0,0.000000,5d801148f47ad75b7129e103ddbcfc4a524827fc206325e61a0baab76a9a149c,
directdraw,DDGetDDInterface,38,/O2 /Ob2 /G5 /MD,gog_1261,18a74ff61c65b8a2d4cfa11ffce82ad7fef022a94eaf0c2f217e479e981420d2,absent-or-stripped,,0,0.000000,5d801148f47ad75b7129e103ddbcfc4a524827fc206325e61a0baab76a9a149c,
directdraw,DDGetDDInterface,38,/O2 /Ob2 /G5 /MD,gog_1261_new,57a3072c2f8307de84e2f54ac58d3fcd7cf3cef18088bf0f0fdec2ac9202b2b1,absent-or-stripped,,0,0.000000,5d801148f47ad75b7129e103ddbcfc4a524827fc206325e61a0baab76a9a149c,
directdraw,DDGetDDInterface,38,/O2 /Ob2 /G5 /MD,gog_128_base,18a74ff61c65b8a2d4cfa11ffce82ad7fef022a94eaf0c2f217e479e981420d2,absent-or-stripped,,0,0.000000,5d801148f47ad75b7129e103ddbcfc4a524827fc206325e61a0baab76a9a149c,
directdraw,DDGetDDInterface,38,/O2 /Ob2 /G5 /MD,gog_128_patch,fdca6d9cd0940034191e82b8e2900de26bb25e381c74128dcb8967360a9fb824,unavailable,,0,0.000000,5d801148f47ad75b7129e103ddbcfc4a524827fc206325e61a0baab76a9a149c,no-text-section
directdraw,DDGetDDInterface,38,/O2 /Ob2 /G5 /MD,retail_2001_12_23,c3639d43568a1ed233be85c6b3b8129b1a4661e65717220e0514c815aa972edd,unavailable,,0,0.000000,5d801148f47ad75b7129e103ddbcfc4a524827fc206325e61a0baab76a9a149c,protected-executable
directdraw,DDGetPaletteEntries,50,/O2 /Ob2 /G5 /MD,demo,8acda50afe39f7e6a867272300a09463fd94aed9a510008fcdefc662143346e4,relocation-equivalent,0040f6e0,1,1.000000,560e5edd93a18f75a9c3027c66f7962e917aaa341bd450cc2fc542276788299c,
directdraw,DDGetPaletteEntries,50,/O2 /Ob2 /G5 /MD,gog_base,18a74ff61c65b8a2d4cfa11ffce82ad7fef022a94eaf0c2f217e479e981420d2,relocation-equivalent,0040f380,1,1.000000,560e5edd93a18f75a9c3027c66f7962e917aaa341bd450cc2fc542276788299c,
directdraw,DDGetPaletteEntries,50,/O2 /Ob2 /G5 /MD,gog_1261,18a74ff61c65b8a2d4cfa11ffce82ad7fef022a94eaf0c2f217e479e981420d2,relocation-equivalent,0040f380,1,1.000000,560e5edd93a18f75a9c3027c66f7962e917aaa341bd450cc2fc542276788299c,
directdraw,DDGetPaletteEntries,50,/O2 /Ob2 /G5 /MD,gog_1261_new,57a3072c2f8307de84e2f54ac58d3fcd7cf3cef18088bf0f0fdec2ac9202b2b1,relocation-equivalent,0040f380,1,1.000000,560e5edd93a18f75a9c3027c66f7962e917aaa341bd450cc2fc542276788299c,
directdraw,DDGetPaletteEntries,50,/O2 /Ob2 /G5 /MD,gog_128_base,18a74ff61c65b8a2d4cfa11ffce82ad7fef022a94eaf0c2f217e479e981420d2,relocation-equivalent,0040f380,1,1.000000,560e5edd93a18f75a9c3027c66f7962e917aaa341bd450cc2fc542276788299c,
directdraw,DDGetPaletteEntries,50,/O2 /Ob2 /G5 /MD,gog_128_patch,fdca6d9cd0940034191e82b8e2900de26bb25e381c74128dcb8967360a9fb824,unavailable,,0,0.000000,560e5edd93a18f75a9c3027c66f7962e917aaa341bd450cc2fc542276788299c,no-text-section
directdraw,DDGetPaletteEntries,50,/O2 /Ob2 /G5 /MD,retail_2001_12_23,c3639d43568a1ed233be85c6b3b8129b1a4661e65717220e0514c815aa972edd,unavailable,,0,0.000000,560e5edd93a18f75a9c3027c66f7962e917aaa341bd450cc2fc542276788299c,protected-executable
directdraw,DDGetSurfaceCaps,35,/O2 /Ob2 /G5 /MD,demo,8acda50afe39f7e6a867272300a09463fd94aed9a510008fcdefc662143346e4,absent-or-stripped,,0,0.000000,eadfde21ed070b40b3cef45111c164ab9d942f8c815ac9bcf1532287ae85894e,
directdraw,DDGetSurfaceCaps,35,/O2 /Ob2 /G5 /MD,gog_base,18a74ff61c65b8a2d4cfa11ffce82ad7fef022a94eaf0c2f217e479e981420d2,absent-or-stripped,,0,0.000000,eadfde21ed070b40b3cef45111c164ab9d942f8c815ac9bcf1532287ae85894e,
directdraw,DDGetSurfaceCaps,35,/O2 /Ob2 /G5 /MD,gog_1261,18a74ff61c65b8a2d4cfa11ffce82ad7fef022a94eaf0c2f217e479e981420d2,absent-or-stripped,,0,0.000000,eadfde21ed070b40b3cef45111c164ab9d942f8c815ac9bcf1532287ae85894e,
directdraw,DDGetSurfaceCaps,35,/O2 /Ob2 /G5 /MD,gog_1261_new,57a3072c2f8307de84e2f54ac58d3fcd7cf3cef18088bf0f0fdec2ac9202b2b1,absent-or-stripped,,0,0.000000,eadfde21ed070b40b3cef45111c164ab9d942f8c815ac9bcf1532287ae85894e,
directdraw,DDGetSurfaceCaps,35,/O2 /Ob2 /G5 /MD,gog_128_base,18a74ff61c65b8a2d4cfa11ffce82ad7fef022a94eaf0c2f217e479e981420d2,absent-or-stripped,,0,0.000000,eadfde21ed070b40b3cef45111c164ab9d942f8c815ac9bcf1532287ae85894e,
directdraw,DDGetSurfaceCaps,35,/O2 /Ob2 /G5 /MD,gog_128_patch,fdca6d9cd0940034191e82b8e2900de26bb25e381c74128dcb8967360a9fb824,unavailable,,0,0.000000,eadfde21ed070b40b3cef45111c164ab9d942f8c815ac9bcf1532287ae85894e,no-text-section
directdraw,DDGetSurfaceCaps,35,/O2 /Ob2 /G5 /MD,retail_2001_12_23,c3639d43568a1ed233be85c6b3b8129b1a4661e65717220e0514c815aa972edd,unavailable,,0,0.000000,eadfde21ed070b40b3cef45111c164ab9d942f8c815ac9bcf1532287ae85894e,protected-executable
directdraw,DDGetSurfaceDescription,51,/O2 /Ob2 /G5 /MD,demo,8acda50afe39f7e6a867272300a09463fd94aed9a510008fcdefc662143346e4,relocation-equivalent,0040f4e0,1,1.000000,7774abf7cc9a57a7449d030eb0ad43af3935bd017f23544cda705d60e1e03989,
directdraw,DDGetSurfaceDescription,51,/O2 /Ob2 /G5 /MD,gog_base,18a74ff61c65b8a2d4cfa11ffce82ad7fef022a94eaf0c2f217e479e981420d2,relocation-equivalent,0040f180,1,1.000000,7774abf7cc9a57a7449d030eb0ad43af3935bd017f23544cda705d60e1e03989,
directdraw,DDGetSurfaceDescription,51,/O2 /Ob2 /G5 /MD,gog_1261,18a74ff61c65b8a2d4cfa11ffce82ad7fef022a94eaf0c2f217e479e981420d2,relocation-equivalent,0040f180,1,1.000000,7774abf7cc9a57a7449d030eb0ad43af3935bd017f23544cda705d60e1e03989,
directdraw,DDGetSurfaceDescription,51,/O2 /Ob2 /G5 /MD,gog_1261_new,57a3072c2f8307de84e2f54ac58d3fcd7cf3cef18088bf0f0fdec2ac9202b2b1,relocation-equivalent,0040f180,1,1.000000,7774abf7cc9a57a7449d030eb0ad43af3935bd017f23544cda705d60e1e03989,
directdraw,DDGetSurfaceDescription,51,/O2 /Ob2 /G5 /MD,gog_128_base,18a74ff61c65b8a2d4cfa11ffce82ad7fef022a94eaf0c2f217e479e981420d2,relocation-equivalent,0040f180,1,1.000000,7774abf7cc9a57a7449d030eb0ad43af3935bd017f23544cda705d60e1e03989,
directdraw,DDGetSurfaceDescription,51,/O2 /Ob2 /G5 /MD,gog_128_patch,fdca6d9cd0940034191e82b8e2900de26bb25e381c74128dcb8967360a9fb824,unavailable,,0,0.000000,7774abf7cc9a57a7449d030eb0ad43af3935bd017f23544cda705d60e1e03989,no-text-section
directdraw,DDGetSurfaceDescription,51,/O2 /Ob2 /G5 /MD,retail_2001_12_23,c3639d43568a1ed233be85c6b3b8129b1a4661e65717220e0514c815aa972edd,unavailable,,0,0.000000,7774abf7cc9a57a7449d030eb0ad43af3935bd017f23544cda705d60e1e03989,protected-executable
directdraw,DDGetSurfacePalette,35,/O2 /Ob2 /G5 /MD,demo,8acda50afe39f7e6a867272300a09463fd94aed9a510008fcdefc662143346e4,absent-or-stripped,,0,0.000000,dd425b5cef6417b897fdb6c7eaff966449cdf39913bb7cd74b1c9d7081ef0371,
directdraw,DDGetSurfacePalette,35,/O2 /Ob2 /G5 /MD,gog_base,18a74ff61c65b8a2d4cfa11ffce82ad7fef022a94eaf0c2f217e479e981420d2,absent-or-stripped,,0,0.000000,dd425b5cef6417b897fdb6c7eaff966449cdf39913bb7cd74b1c9d7081ef0371,
directdraw,DDGetSurfacePalette,35,/O2 /Ob2 /G5 /MD,gog_1261,18a74ff61c65b8a2d4cfa11ffce82ad7fef022a94eaf0c2f217e479e981420d2,absent-or-stripped,,0,0.000000,dd425b5cef6417b897fdb6c7eaff966449cdf39913bb7cd74b1c9d7081ef0371,
directdraw,DDGetSurfacePalette,35,/O2 /Ob2 /G5 /MD,gog_1261_new,57a3072c2f8307de84e2f54ac58d3fcd7cf3cef18088bf0f0fdec2ac9202b2b1,absent-or-stripped,,0,0.000000,dd425b5cef6417b897fdb6c7eaff966449cdf39913bb7cd74b1c9d7081ef0371,
directdraw,DDGetSurfacePalette,35,/O2 /Ob2 /G5 /MD,gog_128_base,18a74ff61c65b8a2d4cfa11ffce82ad7fef022a94eaf0c2f217e479e981420d2,absent-or-stripped,,0,0.000000,dd425b5cef6417b897fdb6c7eaff966449cdf39913bb7cd74b1c9d7081ef0371,
directdraw,DDGetSurfacePalette,35,/O2 /Ob2 /G5 /MD,gog_128_patch,fdca6d9cd0940034191e82b8e2900de26bb25e381c74128dcb8967360a9fb824,unavailable,,0,0.000000,dd425b5cef6417b897fdb6c7eaff966449cdf39913bb7cd74b1c9d7081ef0371,no-text-section
directdraw,DDGetSurfacePalette,35,/O2 /Ob2 /G5 /MD,retail_2001_12_23,c3639d43568a1ed233be85c6b3b8129b1a4661e65717220e0514c815aa972edd,unavailable,,0,0.000000,dd425b5cef6417b897fdb6c7eaff966449cdf39913bb7cd74b1c9d7081ef0371,protected-executable
directdraw,DDLockSurface,79,/O2 /Ob2 /G5 /MD,demo,8acda50afe39f7e6a867272300a09463fd94aed9a510008fcdefc662143346e4,relocation-equivalent,0040f460,1,1.000000,db1e8cef0a742989a7e7cca67847e9bd9f25abdc778aaedd682a4c182c37395a,
directdraw,DDLockSurface,79,/O2 /Ob2 /G5 /MD,gog_base,18a74ff61c65b8a2d4cfa11ffce82ad7fef022a94eaf0c2f217e479e981420d2,relocation-equivalent,0040f100,1,1.000000,db1e8cef0a742989a7e7cca67847e9bd9f25abdc778aaedd682a4c182c37395a,
directdraw,DDLockSurface,79,/O2 /Ob2 /G5 /MD,gog_1261,18a74ff61c65b8a2d4cfa11ffce82ad7fef022a94eaf0c2f217e479e981420d2,relocation-equivalent,0040f100,1,1.000000,db1e8cef0a742989a7e7cca67847e9bd9f25abdc778aaedd682a4c182c37395a,
directdraw,DDLockSurface,79,/O2 /Ob2 /G5 /MD,gog_1261_new,57a3072c2f8307de84e2f54ac58d3fcd7cf3cef18088bf0f0fdec2ac9202b2b1,relocation-equivalent,0040f100,1,1.000000,db1e8cef0a742989a7e7cca67847e9bd9f25abdc778aaedd682a4c182c37395a,
directdraw,DDLockSurface,79,/O2 /Ob2 /G5 /MD,gog_128_base,18a74ff61c65b8a2d4cfa11ffce82ad7fef022a94eaf0c2f217e479e981420d2,relocation-equivalent,0040f100,1,1.000000,db1e8cef0a742989a7e7cca67847e9bd9f25abdc778aaedd682a4c182c37395a,
directdraw,DDLockSurface,79,/O2 /Ob2 /G5 /MD,gog_128_patch,fdca6d9cd0940034191e82b8e2900de26bb25e381c74128dcb8967360a9fb824,unavailable,,0,0.000000,db1e8cef0a742989a7e7cca67847e9bd9f25abdc778aaedd682a4c182c37395a,no-text-section
directdraw,DDLockSurface,79,/O2 /Ob2 /G5 /MD,retail_2001_12_23,c3639d43568a1ed233be85c6b3b8129b1a4661e65717220e0514c815aa972edd,unavailable,,0,0.000000,db1e8cef0a742989a7e7cca67847e9bd9f25abdc778aaedd682a4c182c37395a,protected-executable
directdraw,DDReleaseClipper,30,/O2 /Ob2 /G5 /MD,demo,8acda50afe39f7e6a867272300a09463fd94aed9a510008fcdefc662143346e4,absent-or-stripped,,0,0.000000,78598d5b0416ca80f4bc3698aa0f7c5f2d3cb593ccfdf2ebe016f2a82bbe4b4b,
directdraw,DDReleaseClipper,30,/O2 /Ob2 /G5 /MD,gog_base,18a74ff61c65b8a2d4cfa11ffce82ad7fef022a94eaf0c2f217e479e981420d2,absent-or-stripped,,0,0.000000,78598d5b0416ca80f4bc3698aa0f7c5f2d3cb593ccfdf2ebe016f2a82bbe4b4b,
directdraw,DDReleaseClipper,30,/O2 /Ob2 /G5 /MD,gog_1261,18a74ff61c65b8a2d4cfa11ffce82ad7fef022a94eaf0c2f217e479e981420d2,absent-or-stripped,,0,0.000000,78598d5b0416ca80f4bc3698aa0f7c5f2d3cb593ccfdf2ebe016f2a82bbe4b4b,
directdraw,DDReleaseClipper,30,/O2 /Ob2 /G5 /MD,gog_1261_new,57a3072c2f8307de84e2f54ac58d3fcd7cf3cef18088bf0f0fdec2ac9202b2b1,absent-or-stripped,,0,0.000000,78598d5b0416ca80f4bc3698aa0f7c5f2d3cb593ccfdf2ebe016f2a82bbe4b4b,
directdraw,DDReleaseClipper,30,/O2 /Ob2 /G5 /MD,gog_128_base,18a74ff61c65b8a2d4cfa11ffce82ad7fef022a94eaf0c2f217e479e981420d2,absent-or-stripped,,0,0.000000,78598d5b0416ca80f4bc3698aa0f7c5f2d3cb593ccfdf2ebe016f2a82bbe4b4b,
directdraw,DDReleaseClipper,30,/O2 /Ob2 /G5 /MD,gog_128_patch,fdca6d9cd0940034191e82b8e2900de26bb25e381c74128dcb8967360a9fb824,unavailable,,0,0.000000,78598d5b0416ca80f4bc3698aa0f7c5f2d3cb593ccfdf2ebe016f2a82bbe4b4b,no-text-section
directdraw,DDReleaseClipper,30,/O2 /Ob2 /G5 /MD,retail_2001_12_23,c3639d43568a1ed233be85c6b3b8129b1a4661e65717220e0514c815aa972edd,unavailable,,0,0.000000,78598d5b0416ca80f4bc3698aa0f7c5f2d3cb593ccfdf2ebe016f2a82bbe4b4b,protected-executable
directdraw,DDReleaseDC,35,/O2 /Ob2 /G5 /MD,demo,8acda50afe39f7e6a867272300a09463fd94aed9a510008fcdefc662143346e4,absent-or-stripped,,0,0.000000,8e88e2a8938d700804a79448702d7ca0e9bd262bdf2a5dfee8fb29ed8708fdcb,
directdraw,DDReleaseDC,35,/O2 /Ob2 /G5 /MD,gog_base,18a74ff61c65b8a2d4cfa11ffce82ad7fef022a94eaf0c2f217e479e981420d2,absent-or-stripped,,0,0.000000,8e88e2a8938d700804a79448702d7ca0e9bd262bdf2a5dfee8fb29ed8708fdcb,
directdraw,DDReleaseDC,35,/O2 /Ob2 /G5 /MD,gog_1261,18a74ff61c65b8a2d4cfa11ffce82ad7fef022a94eaf0c2f217e479e981420d2,absent-or-stripped,,0,0.000000,8e88e2a8938d700804a79448702d7ca0e9bd262bdf2a5dfee8fb29ed8708fdcb,
directdraw,DDReleaseDC,35,/O2 /Ob2 /G5 /MD,gog_1261_new,57a3072c2f8307de84e2f54ac58d3fcd7cf3cef18088bf0f0fdec2ac9202b2b1,absent-or-stripped,,0,0.000000,8e88e2a8938d700804a79448702d7ca0e9bd262bdf2a5dfee8fb29ed8708fdcb,
directdraw,DDReleaseDC,35,/O2 /Ob2 /G5 /MD,gog_128_base,18a74ff61c65b8a2d4cfa11ffce82ad7fef022a94eaf0c2f217e479e981420d2,absent-or-stripped,,0,0.000000,8e88e2a8938d700804a79448702d7ca0e9bd262bdf2a5dfee8fb29ed8708fdcb,
directdraw,DDReleaseDC,35,/O2 /Ob2 /G5 /MD,gog_128_patch,fdca6d9cd0940034191e82b8e2900de26bb25e381c74128dcb8967360a9fb824,unavailable,,0,0.000000,8e88e2a8938d700804a79448702d7ca0e9bd262bdf2a5dfee8fb29ed8708fdcb,no-text-section
directdraw,DDReleaseDC,35,/O2 /Ob2 /G5 /MD,retail_2001_12_23,c3639d43568a1ed233be85c6b3b8129b1a4661e65717220e0514c815aa972edd,unavailable,,0,0.000000,8e88e2a8938d700804a79448702d7ca0e9bd262bdf2a5dfee8fb29ed8708fdcb,protected-executable
directdraw,DDReleasePalette,30,/O2 /Ob2 /G5 /MD,demo,8acda50afe39f7e6a867272300a09463fd94aed9a510008fcdefc662143346e4,relocation-equivalent,0040f720,1,1.000000,8f23817c93b5397f4a48e24fbaacd9545ab6aad63310bcbd9a83e395b4565072,
directdraw,DDReleasePalette,30,/O2 /Ob2 /G5 /MD,gog_base,18a74ff61c65b8a2d4cfa11ffce82ad7fef022a94eaf0c2f217e479e981420d2,relocation-equivalent,0040f3c0,1,1.000000,8f23817c93b5397f4a48e24fbaacd9545ab6aad63310bcbd9a83e395b4565072,
directdraw,DDReleasePalette,30,/O2 /Ob2 /G5 /MD,gog_1261,18a74ff61c65b8a2d4cfa11ffce82ad7fef022a94eaf0c2f217e479e981420d2,relocation-equivalent,0040f3c0,1,1.000000,8f23817c93b5397f4a48e24fbaacd9545ab6aad63310bcbd9a83e395b4565072,
directdraw,DDReleasePalette,30,/O2 /Ob2 /G5 /MD,gog_1261_new,57a3072c2f8307de84e2f54ac58d3fcd7cf3cef18088bf0f0fdec2ac9202b2b1,relocation-equivalent,0040f3c0,1,1.000000,8f23817c93b5397f4a48e24fbaacd9545ab6aad63310bcbd9a83e395b4565072,
directdraw,DDReleasePalette,30,/O2 /Ob2 /G5 /MD,gog_128_base,18a74ff61c65b8a2d4cfa11ffce82ad7fef022a94eaf0c2f217e479e981420d2,relocation-equivalent,0040f3c0,1,1.000000,8f23817c93b5397f4a48e24fbaacd9545ab6aad63310bcbd9a83e395b4565072,
directdraw,DDReleasePalette,30,/O2 /Ob2 /G5 /MD,gog_128_patch,fdca6d9cd0940034191e82b8e2900de26bb25e381c74128dcb8967360a9fb824,unavailable,,0,0.000000,8f23817c93b5397f4a48e24fbaacd9545ab6aad63310bcbd9a83e395b4565072,no-text-section
directdraw,DDReleasePalette,30,/O2 /Ob2 /G5 /MD,retail_2001_12_23,c3639d43568a1ed233be85c6b3b8129b1a4661e65717220e0514c815aa972edd,unavailable,,0,0.000000,8f23817c93b5397f4a48e24fbaacd9545ab6aad63310bcbd9a83e395b4565072,protected-executable
directdraw,DDReleaseSurface,79,/O2 /Ob2 /G5 /MD,demo,8acda50afe39f7e6a867272300a09463fd94aed9a510008fcdefc662143346e4,relocation-equivalent,0040f520,1,1.000000,f7fdfa1be54c8d1f5efc90f169e3b36c880c08a5de9f81459594d83ecdba514b,
directdraw,DDReleaseSurface,79,/O2 /Ob2 /G5 /MD,gog_base,18a74ff61c65b8a2d4cfa11ffce82ad7fef022a94eaf0c2f217e479e981420d2,relocation-equivalent,0040f1c0,1,1.000000,f7fdfa1be54c8d1f5efc90f169e3b36c880c08a5de9f81459594d83ecdba514b,
directdraw,DDReleaseSurface,79,/O2 /Ob2 /G5 /MD,gog_1261,18a74ff61c65b8a2d4cfa11ffce82ad7fef022a94eaf0c2f217e479e981420d2,relocation-equivalent,0040f1c0,1,1.000000,f7fdfa1be54c8d1f5efc90f169e3b36c880c08a5de9f81459594d83ecdba514b,
directdraw,DDReleaseSurface,79,/O2 /Ob2 /G5 /MD,gog_1261_new,57a3072c2f8307de84e2f54ac58d3fcd7cf3cef18088bf0f0fdec2ac9202b2b1,relocation-equivalent,0040f1c0,1,1.000000,f7fdfa1be54c8d1f5efc90f169e3b36c880c08a5de9f81459594d83ecdba514b,
directdraw,DDReleaseSurface,79,/O2 /Ob2 /G5 /MD,gog_128_base,18a74ff61c65b8a2d4cfa11ffce82ad7fef022a94eaf0c2f217e479e981420d2,relocation-equivalent,0040f1c0,1,1.000000,f7fdfa1be54c8d1f5efc90f169e3b36c880c08a5de9f81459594d83ecdba514b,
directdraw,DDReleaseSurface,79,/O2 /Ob2 /G5 /MD,gog_128_patch,fdca6d9cd0940034191e82b8e2900de26bb25e381c74128dcb8967360a9fb824,unavailable,,0,0.000000,f7fdfa1be54c8d1f5efc90f169e3b36c880c08a5de9f81459594d83ecdba514b,no-text-section
directdraw,DDReleaseSurface,79,/O2 /Ob2 /G5 /MD,retail_2001_12_23,c3639d43568a1ed233be85c6b3b8129b1a4661e65717220e0514c815aa972edd,unavailable,,0,0.000000,f7fdfa1be54c8d1f5efc90f169e3b36c880c08a5de9f81459594d83ecdba514b,protected-executable
directdraw,DDRestoreSurface,30,/O2 /Ob2 /G5 /MD,demo,8acda50afe39f7e6a867272300a09463fd94aed9a510008fcdefc662143346e4,relocation-equivalent,0040f570,1,1.000000,c64e2d0c6ecedae04e3303f207708517f93e4c3a69b0d7362aab90870f5c46e7,
directdraw,DDRestoreSurface,30,/O2 /Ob2 /G5 /MD,gog_base,18a74ff61c65b8a2d4cfa11ffce82ad7fef022a94eaf0c2f217e479e981420d2,relocation-equivalent,0040f210,1,1.000000,c64e2d0c6ecedae04e3303f207708517f93e4c3a69b0d7362aab90870f5c46e7,
directdraw,DDRestoreSurface,30,/O2 /Ob2 /G5 /MD,gog_1261,18a74ff61c65b8a2d4cfa11ffce82ad7fef022a94eaf0c2f217e479e981420d2,relocation-equivalent,0040f210,1,1.000000,c64e2d0c6ecedae04e3303f207708517f93e4c3a69b0d7362aab90870f5c46e7,
directdraw,DDRestoreSurface,30,/O2 /Ob2 /G5 /MD,gog_1261_new,57a3072c2f8307de84e2f54ac58d3fcd7cf3cef18088bf0f0fdec2ac9202b2b1,relocation-equivalent,0040f210,1,1.000000,c64e2d0c6ecedae04e3303f207708517f93e4c3a69b0d7362aab90870f5c46e7,
directdraw,DDRestoreSurface,30,/O2 /Ob2 /G5 /MD,gog_128_base,18a74ff61c65b8a2d4cfa11ffce82ad7fef022a94eaf0c2f217e479e981420d2,relocation-equivalent,0040f210,1,1.000000,c64e2d0c6ecedae04e3303f207708517f93e4c3a69b0d7362aab90870f5c46e7,
directdraw,DDRestoreSurface,30,/O2 /Ob2 /G5 /MD,gog_128_patch,fdca6d9cd0940034191e82b8e2900de26bb25e381c74128dcb8967360a9fb824,unavailable,,0,0.000000,c64e2d0c6ecedae04e3303f207708517f93e4c3a69b0d7362aab90870f5c46e7,no-text-section
directdraw,DDRestoreSurface,30,/O2 /Ob2 /G5 /MD,retail_2001_12_23,c3639d43568a1ed233be85c6b3b8129b1a4661e65717220e0514c815aa972edd,unavailable,,0,0.000000,c64e2d0c6ecedae04e3303f207708517f93e4c3a69b0d7362aab90870f5c46e7,protected-executable
directdraw,DDSetClipper,35,/O2 /Ob2 /G5 /MD,demo,8acda50afe39f7e6a867272300a09463fd94aed9a510008fcdefc662143346e4,absent-or-stripped,,0,0.000000,4f2df13aa4c6c799b23dd99337aaa83173ff61f408ef4a7f8557c92207a18ee5,
directdraw,DDSetClipper,35,/O2 /Ob2 /G5 /MD,gog_base,18a74ff61c65b8a2d4cfa11ffce82ad7fef022a94eaf0c2f217e479e981420d2,absent-or-stripped,,0,0.000000,4f2df13aa4c6c799b23dd99337aaa83173ff61f408ef4a7f8557c92207a18ee5,
directdraw,DDSetClipper,35,/O2 /Ob2 /G5 /MD,gog_1261,18a74ff61c65b8a2d4cfa11ffce82ad7fef022a94eaf0c2f217e479e981420d2,absent-or-stripped,,0,0.000000,4f2df13aa4c6c799b23dd99337aaa83173ff61f408ef4a7f8557c92207a18ee5,
directdraw,DDSetClipper,35,/O2 /Ob2 /G5 /MD,gog_1261_new,57a3072c2f8307de84e2f54ac58d3fcd7cf3cef18088bf0f0fdec2ac9202b2b1,absent-or-stripped,,0,0.000000,4f2df13aa4c6c799b23dd99337aaa83173ff61f408ef4a7f8557c92207a18ee5,
directdraw,DDSetClipper,35,/O2 /Ob2 /G5 /MD,gog_128_base,18a74ff61c65b8a2d4cfa11ffce82ad7fef022a94eaf0c2f217e479e981420d2,absent-or-stripped,,0,0.000000,4f2df13aa4c6c799b23dd99337aaa83173ff61f408ef4a7f8557c92207a18ee5,
directdraw,DDSetClipper,35,/O2 /Ob2 /G5 /MD,gog_128_patch,fdca6d9cd0940034191e82b8e2900de26bb25e381c74128dcb8967360a9fb824,unavailable,,0,0.000000,4f2df13aa4c6c799b23dd99337aaa83173ff61f408ef4a7f8557c92207a18ee5,no-text-section
directdraw,DDSetClipper,35,/O2 /Ob2 /G5 /MD,retail_2001_12_23,c3639d43568a1ed233be85c6b3b8129b1a4661e65717220e0514c815aa972edd,unavailable,,0,0.000000,4f2df13aa4c6c799b23dd99337aaa83173ff61f408ef4a7f8557c92207a18ee5,protected-executable
directdraw,DDSetClipperList,40,/O2 /Ob2 /G5 /MD,demo,8acda50afe39f7e6a867272300a09463fd94aed9a510008fcdefc662143346e4,absent-or-stripped,,0,0.000000,93b65f2d0ed35dedd7110c57cc7d1149db06c02358efdd30bdb7b86169939384,
directdraw,DDSetClipperList,40,/O2 /Ob2 /G5 /MD,gog_base,18a74ff61c65b8a2d4cfa11ffce82ad7fef022a94eaf0c2f217e479e981420d2,absent-or-stripped,,0,0.000000,93b65f2d0ed35dedd7110c57cc7d1149db06c02358efdd30bdb7b86169939384,
directdraw,DDSetClipperList,40,/O2 /Ob2 /G5 /MD,gog_1261,18a74ff61c65b8a2d4cfa11ffce82ad7fef022a94eaf0c2f217e479e981420d2,absent-or-stripped,,0,0.000000,93b65f2d0ed35dedd7110c57cc7d1149db06c02358efdd30bdb7b86169939384,
directdraw,DDSetClipperList,40,/O2 /Ob2 /G5 /MD,gog_1261_new,57a3072c2f8307de84e2f54ac58d3fcd7cf3cef18088bf0f0fdec2ac9202b2b1,absent-or-stripped,,0,0.000000,93b65f2d0ed35dedd7110c57cc7d1149db06c02358efdd30bdb7b86169939384,
directdraw,DDSetClipperList,40,/O2 /Ob2 /G5 /MD,gog_128_base,18a74ff61c65b8a2d4cfa11ffce82ad7fef022a94eaf0c2f217e479e981420d2,absent-or-stripped,,0,0.000000,93b65f2d0ed35dedd7110c57cc7d1149db06c02358efdd30bdb7b86169939384,
directdraw,DDSetClipperList,40,/O2 /Ob2 /G5 /MD,gog_128_patch,fdca6d9cd0940034191e82b8e2900de26bb25e381c74128dcb8967360a9fb824,unavailable,,0,0.000000,93b65f2d0ed35dedd7110c57cc7d1149db06c02358efdd30bdb7b86169939384,no-text-section
directdraw,DDSetClipperList,40,/O2 /Ob2 /G5 /MD,retail_2001_12_23,c3639d43568a1ed233be85c6b3b8129b1a4661e65717220e0514c815aa972edd,unavailable,,0,0.000000,93b65f2d0ed35dedd7110c57cc7d1149db06c02358efdd30bdb7b86169939384,protected-executable
directdraw,DDSetPaletteEntries,50,/O2 /Ob2 /G5 /MD,demo,8acda50afe39f7e6a867272300a09463fd94aed9a510008fcdefc662143346e4,relocation-equivalent,0040f6a0,1,1.000000,e1a99fa7fffde852d88806c64d0c2a7a8ef77c04c1e754bfdecc8b0a5ec57e52,
directdraw,DDSetPaletteEntries,50,/O2 /Ob2 /G5 /MD,gog_base,18a74ff61c65b8a2d4cfa11ffce82ad7fef022a94eaf0c2f217e479e981420d2,relocation-equivalent,0040f340,1,1.000000,e1a99fa7fffde852d88806c64d0c2a7a8ef77c04c1e754bfdecc8b0a5ec57e52,
directdraw,DDSetPaletteEntries,50,/O2 /Ob2 /G5 /MD,gog_1261,18a74ff61c65b8a2d4cfa11ffce82ad7fef022a94eaf0c2f217e479e981420d2,relocation-equivalent,0040f340,1,1.000000,e1a99fa7fffde852d88806c64d0c2a7a8ef77c04c1e754bfdecc8b0a5ec57e52,
directdraw,DDSetPaletteEntries,50,/O2 /Ob2 /G5 /MD,gog_1261_new,57a3072c2f8307de84e2f54ac58d3fcd7cf3cef18088bf0f0fdec2ac9202b2b1,relocation-equivalent,0040f340,1,1.000000,e1a99fa7fffde852d88806c64d0c2a7a8ef77c04c1e754bfdecc8b0a5ec57e52,
directdraw,DDSetPaletteEntries,50,/O2 /Ob2 /G5 /MD,gog_128_base,18a74ff61c65b8a2d4cfa11ffce82ad7fef022a94eaf0c2f217e479e981420d2,relocation-equivalent,0040f340,1,1.000000,e1a99fa7fffde852d88806c64d0c2a7a8ef77c04c1e754bfdecc8b0a5ec57e52,
directdraw,DDSetPaletteEntries,50,/O2 /Ob2 /G5 /MD,gog_128_patch,fdca6d9cd0940034191e82b8e2900de26bb25e381c74128dcb8967360a9fb824,unavailable,,0,0.000000,e1a99fa7fffde852d88806c64d0c2a7a8ef77c04c1e754bfdecc8b0a5ec57e52,no-text-section
directdraw,DDSetPaletteEntries,50,/O2 /Ob2 /G5 /MD,retail_2001_12_23,c3639d43568a1ed233be85c6b3b8129b1a4661e65717220e0514c815aa972edd,unavailable,,0,0.000000,e1a99fa7fffde852d88806c64d0c2a7a8ef77c04c1e754bfdecc8b0a5ec57e52,protected-executable
directdraw,DDSetSurfaceColorKey,40,/O2 /Ob2 /G5 /MD,demo,8acda50afe39f7e6a867272300a09463fd94aed9a510008fcdefc662143346e4,relocation-equivalent,0040f740,1,1.000000,5649fcd4b3543ee3b88f6c604050f0ddfceef50fda0456b24e0213efd7dd1bf0,
directdraw,DDSetSurfaceColorKey,40,/O2 /Ob2 /G5 /MD,gog_base,18a74ff61c65b8a2d4cfa11ffce82ad7fef022a94eaf0c2f217e479e981420d2,relocation-equivalent,0040f3e0,1,1.000000,5649fcd4b3543ee3b88f6c604050f0ddfceef50fda0456b24e0213efd7dd1bf0,
directdraw,DDSetSurfaceColorKey,40,/O2 /Ob2 /G5 /MD,gog_1261,18a74ff61c65b8a2d4cfa11ffce82ad7fef022a94eaf0c2f217e479e981420d2,relocation-equivalent,0040f3e0,1,1.000000,5649fcd4b3543ee3b88f6c604050f0ddfceef50fda0456b24e0213efd7dd1bf0,
directdraw,DDSetSurfaceColorKey,40,/O2 /Ob2 /G5 /MD,gog_1261_new,57a3072c2f8307de84e2f54ac58d3fcd7cf3cef18088bf0f0fdec2ac9202b2b1,relocation-equivalent,0040f3e0,1,1.000000,5649fcd4b3543ee3b88f6c604050f0ddfceef50fda0456b24e0213efd7dd1bf0,
directdraw,DDSetSurfaceColorKey,40,/O2 /Ob2 /G5 /MD,gog_128_base,18a74ff61c65b8a2d4cfa11ffce82ad7fef022a94eaf0c2f217e479e981420d2,relocation-equivalent,0040f3e0,1,1.000000,5649fcd4b3543ee3b88f6c604050f0ddfceef50fda0456b24e0213efd7dd1bf0,
directdraw,DDSetSurfaceColorKey,40,/O2 /Ob2 /G5 /MD,gog_128_patch,fdca6d9cd0940034191e82b8e2900de26bb25e381c74128dcb8967360a9fb824,unavailable,,0,0.000000,5649fcd4b3543ee3b88f6c604050f0ddfceef50fda0456b24e0213efd7dd1bf0,no-text-section
directdraw,DDSetSurfaceColorKey,40,/O2 /Ob2 /G5 /MD,retail_2001_12_23,c3639d43568a1ed233be85c6b3b8129b1a4661e65717220e0514c815aa972edd,unavailable,,0,0.000000,5649fcd4b3543ee3b88f6c604050f0ddfceef50fda0456b24e0213efd7dd1bf0,protected-executable
directdraw,DDSetSurfacePalette,35,/O2 /Ob2 /G5 /MD,demo,8acda50afe39f7e6a867272300a09463fd94aed9a510008fcdefc662143346e4,absent-or-stripped,,0,0.000000,3d33acec33c35e9affb07cf70231ab732cff43b3b3cd3700ff21c6695409077d,
directdraw,DDSetSurfacePalette,35,/O2 /Ob2 /G5 /MD,gog_base,18a74ff61c65b8a2d4cfa11ffce82ad7fef022a94eaf0c2f217e479e981420d2,absent-or-stripped,,0,0.000000,3d33acec33c35e9affb07cf70231ab732cff43b3b3cd3700ff21c6695409077d,
directdraw,DDSetSurfacePalette,35,/O2 /Ob2 /G5 /MD,gog_1261,18a74ff61c65b8a2d4cfa11ffce82ad7fef022a94eaf0c2f217e479e981420d2,absent-or-stripped,,0,0.000000,3d33acec33c35e9affb07cf70231ab732cff43b3b3cd3700ff21c6695409077d,
directdraw,DDSetSurfacePalette,35,/O2 /Ob2 /G5 /MD,gog_1261_new,57a3072c2f8307de84e2f54ac58d3fcd7cf3cef18088bf0f0fdec2ac9202b2b1,absent-or-stripped,,0,0.000000,3d33acec33c35e9affb07cf70231ab732cff43b3b3cd3700ff21c6695409077d,
directdraw,DDSetSurfacePalette,35,/O2 /Ob2 /G5 /MD,gog_128_base,18a74ff61c65b8a2d4cfa11ffce82ad7fef022a94eaf0c2f217e479e981420d2,absent-or-stripped,,0,0.000000,3d33acec33c35e9affb07cf70231ab732cff43b3b3cd3700ff21c6695409077d,
directdraw,DDSetSurfacePalette,35,/O2 /Ob2 /G5 /MD,gog_128_patch,fdca6d9cd0940034191e82b8e2900de26bb25e381c74128dcb8967360a9fb824,unavailable,,0,0.000000,3d33acec33c35e9affb07cf70231ab732cff43b3b3cd3700ff21c6695409077d,no-text-section
directdraw,DDSetSurfacePalette,35,/O2 /Ob2 /G5 /MD,retail_2001_12_23,c3639d43568a1ed233be85c6b3b8129b1a4661e65717220e0514c815aa972edd,unavailable,,0,0.000000,3d33acec33c35e9affb07cf70231ab732cff43b3b3cd3700ff21c6695409077d,protected-executable
directdraw,DDUnlockSurface,35,/O2 /Ob2 /G5 /MD,demo,8acda50afe39f7e6a867272300a09463fd94aed9a510008fcdefc662143346e4,relocation-equivalent,0040f4b0,1,1.000000,ad656b482a39f475838bc89a2ae5e894746382a64a60674a3df0208a24eeabea,
directdraw,DDUnlockSurface,35,/O2 /Ob2 /G5 /MD,gog_base,18a74ff61c65b8a2d4cfa11ffce82ad7fef022a94eaf0c2f217e479e981420d2,relocation-equivalent,0040f150,1,1.000000,ad656b482a39f475838bc89a2ae5e894746382a64a60674a3df0208a24eeabea,
directdraw,DDUnlockSurface,35,/O2 /Ob2 /G5 /MD,gog_1261,18a74ff61c65b8a2d4cfa11ffce82ad7fef022a94eaf0c2f217e479e981420d2,relocation-equivalent,0040f150,1,1.000000,ad656b482a39f475838bc89a2ae5e894746382a64a60674a3df0208a24eeabea,
directdraw,DDUnlockSurface,35,/O2 /Ob2 /G5 /MD,gog_1261_new,57a3072c2f8307de84e2f54ac58d3fcd7cf3cef18088bf0f0fdec2ac9202b2b1,relocation-equivalent,0040f150,1,1.000000,ad656b482a39f475838bc89a2ae5e894746382a64a60674a3df0208a24eeabea,
directdraw,DDUnlockSurface,35,/O2 /Ob2 /G5 /MD,gog_128_base,18a74ff61c65b8a2d4cfa11ffce82ad7fef022a94eaf0c2f217e479e981420d2,relocation-equivalent,0040f150,1,1.000000,ad656b482a39f475838bc89a2ae5e894746382a64a60674a3df0208a24eeabea,
directdraw,DDUnlockSurface,35,/O2 /Ob2 /G5 /MD,gog_128_patch,fdca6d9cd0940034191e82b8e2900de26bb25e381c74128dcb8967360a9fb824,unavailable,,0,0.000000,ad656b482a39f475838bc89a2ae5e894746382a64a60674a3df0208a24eeabea,no-text-section
directdraw,DDUnlockSurface,35,/O2 /Ob2 /G5 /MD,retail_2001_12_23,c3639d43568a1ed233be85c6b3b8129b1a4661e65717220e0514c815aa972edd,unavailable,,0,0.000000,ad656b482a39f475838bc89a2ae5e894746382a64a60674a3df0208a24eeabea,protected-executable
random,Chance,51,/O2 /Ob2 /G5 /MD,demo,8acda50afe39f7e6a867272300a09463fd94aed9a510008fcdefc662143346e4,relocation-equivalent,0040f340,1,1.000000,41dcc8ffef699be08fe27d886274ab3c8b5a0c6e761ad1719da03b0acd69ec88,
random,Chance,51,/O2 /Ob2 /G5 /MD,gog_base,18a74ff61c65b8a2d4cfa11ffce82ad7fef022a94eaf0c2f217e479e981420d2,relocation-equivalent,0040efe0,1,1.000000,41dcc8ffef699be08fe27d886274ab3c8b5a0c6e761ad1719da03b0acd69ec88,
random,Chance,51,/O2 /Ob2 /G5 /MD,gog_1261,18a74ff61c65b8a2d4cfa11ffce82ad7fef022a94eaf0c2f217e479e981420d2,relocation-equivalent,0040efe0,1,1.000000,41dcc8ffef699be08fe27d886274ab3c8b5a0c6e761ad1719da03b0acd69ec88,
random,Chance,51,/O2 /Ob2 /G5 /MD,gog_1261_new,57a3072c2f8307de84e2f54ac58d3fcd7cf3cef18088bf0f0fdec2ac9202b2b1,relocation-equivalent,0040efe0,1,1.000000,41dcc8ffef699be08fe27d886274ab3c8b5a0c6e761ad1719da03b0acd69ec88,
random,Chance,51,/O2 /Ob2 /G5 /MD,gog_128_base,18a74ff61c65b8a2d4cfa11ffce82ad7fef022a94eaf0c2f217e479e981420d2,relocation-equivalent,0040efe0,1,1.000000,41dcc8ffef699be08fe27d886274ab3c8b5a0c6e761ad1719da03b0acd69ec88,
random,Chance,51,/O2 /Ob2 /G5 /MD,gog_128_patch,fdca6d9cd0940034191e82b8e2900de26bb25e381c74128dcb8967360a9fb824,unavailable,,0,0.000000,41dcc8ffef699be08fe27d886274ab3c8b5a0c6e761ad1719da03b0acd69ec88,no-text-section
random,Chance,51,/O2 /Ob2 /G5 /MD,retail_2001_12_23,c3639d43568a1ed233be85c6b3b8129b1a4661e65717220e0514c815aa972edd,unavailable,,0,0.000000,41dcc8ffef699be08fe27d886274ab3c8b5a0c6e761ad1719da03b0acd69ec88,protected-executable
random,InitializeRandom,19,/O2 /Ob2 /G5 /MD,demo,8acda50afe39f7e6a867272300a09463fd94aed9a510008fcdefc662143346e4,relocation-equivalent,0040f2e0,1,1.000000,a83f745d7293dfba07bbb4b50919be51ef24e35b2b921f9eee41b57441b44e21,
random,InitializeRandom,19,/O2 /Ob2 /G5 /MD,gog_base,18a74ff61c65b8a2d4cfa11ffce82ad7fef022a94eaf0c2f217e479e981420d2,relocation-equivalent,0040ef80,1,1.000000,a83f745d7293dfba07bbb4b50919be51ef24e35b2b921f9eee41b57441b44e21,
random,InitializeRandom,19,/O2 /Ob2 /G5 /MD,gog_1261,18a74ff61c65b8a2d4cfa11ffce82ad7fef022a94eaf0c2f217e479e981420d2,relocation-equivalent,0040ef80,1,1.000000,a83f745d7293dfba07bbb4b50919be51ef24e35b2b921f9eee41b57441b44e21,
random,InitializeRandom,19,/O2 /Ob2 /G5 /MD,gog_1261_new,57a3072c2f8307de84e2f54ac58d3fcd7cf3cef18088bf0f0fdec2ac9202b2b1,relocation-equivalent,0040ef80,1,1.000000,a83f745d7293dfba07bbb4b50919be51ef24e35b2b921f9eee41b57441b44e21,
random,InitializeRandom,19,/O2 /Ob2 /G5 /MD,gog_128_base,18a74ff61c65b8a2d4cfa11ffce82ad7fef022a94eaf0c2f217e479e981420d2,relocation-equivalent,0040ef80,1,1.000000,a83f745d7293dfba07bbb4b50919be51ef24e35b2b921f9eee41b57441b44e21,
random,InitializeRandom,19,/O2 /Ob2 /G5 /MD,gog_128_patch,fdca6d9cd0940034191e82b8e2900de26bb25e381c74128dcb8967360a9fb824,unavailable,,0,0.000000,a83f745d7293dfba07bbb4b50919be51ef24e35b2b921f9eee41b57441b44e21,no-text-section
random,InitializeRandom,19,/O2 /Ob2 /G5 /MD,retail_2001_12_23,c3639d43568a1ed233be85c6b3b8129b1a4661e65717220e0514c815aa972edd,unavailable,,0,0.000000,a83f745d7293dfba07bbb4b50919be51ef24e35b2b921f9eee41b57441b44e21,protected-executable
random,Random,50,/O2 /Ob2 /G5 /MD,demo,8acda50afe39f7e6a867272300a09463fd94aed9a510008fcdefc662143346e4,relocation-equivalent,0040f300,1,1.000000,438ef441f48956b35998a4c1aa63c4da1d0a0fc45436883376b4a7bc849897bb,
random,Random,50,/O2 /Ob2 /G5 /MD,gog_base,18a74ff61c65b8a2d4cfa11ffce82ad7fef022a94eaf0c2f217e479e981420d2,relocation-equivalent,0040efa0,1,1.000000,438ef441f48956b35998a4c1aa63c4da1d0a0fc45436883376b4a7bc849897bb,
random,Random,50,/O2 /Ob2 /G5 /MD,gog_1261,18a74ff61c65b8a2d4cfa11ffce82ad7fef022a94eaf0c2f217e479e981420d2,relocation-equivalent,0040efa0,1,1.000000,438ef441f48956b35998a4c1aa63c4da1d0a0fc45436883376b4a7bc849897bb,
random,Random,50,/O2 /Ob2 /G5 /MD,gog_1261_new,57a3072c2f8307de84e2f54ac58d3fcd7cf3cef18088bf0f0fdec2ac9202b2b1,relocation-equivalent,0040efa0,1,1.000000,438ef441f48956b35998a4c1aa63c4da1d0a0fc45436883376b4a7bc849897bb,
random,Random,50,/O2 /Ob2 /G5 /MD,gog_128_base,18a74ff61c65b8a2d4cfa11ffce82ad7fef022a94eaf0c2f217e479e981420d2,relocation-equivalent,0040efa0,1,1.000000,438ef441f48956b35998a4c1aa63c4da1d0a0fc45436883376b4a7bc849897bb,
random,Random,50,/O2 /Ob2 /G5 /MD,gog_128_patch,fdca6d9cd0940034191e82b8e2900de26bb25e381c74128dcb8967360a9fb824,unavailable,,0,0.000000,438ef441f48956b35998a4c1aa63c4da1d0a0fc45436883376b4a7bc849897bb,no-text-section
random,Random,50,/O2 /Ob2 /G5 /MD,retail_2001_12_23,c3639d43568a1ed233be85c6b3b8129b1a4661e65717220e0514c815aa972edd,unavailable,,0,0.000000,438ef441f48956b35998a4c1aa63c4da1d0a0fc45436883376b4a7bc849897bb,protected-executable
compression,Compress,52,/O2 /Ob2 /G5 /MD,demo,8acda50afe39f7e6a867272300a09463fd94aed9a510008fcdefc662143346e4,absent-or-stripped,,0,0.000000,05887d659af9495b33eced35231313b4e1f9846cf5262fc75b2620978abbf03d,
compression,Compress,52,/O2 /Ob2 /G5 /MD,gog_base,18a74ff61c65b8a2d4cfa11ffce82ad7fef022a94eaf0c2f217e479e981420d2,absent-or-stripped,,0,0.000000,05887d659af9495b33eced35231313b4e1f9846cf5262fc75b2620978abbf03d,
compression,Compress,52,/O2 /Ob2 /G5 /MD,gog_1261,18a74ff61c65b8a2d4cfa11ffce82ad7fef022a94eaf0c2f217e479e981420d2,absent-or-stripped,,0,0.000000,05887d659af9495b33eced35231313b4e1f9846cf5262fc75b2620978abbf03d,
compression,Compress,52,/O2 /Ob2 /G5 /MD,gog_1261_new,57a3072c2f8307de84e2f54ac58d3fcd7cf3cef18088bf0f0fdec2ac9202b2b1,absent-or-stripped,,0,0.000000,05887d659af9495b33eced35231313b4e1f9846cf5262fc75b2620978abbf03d,
compression,Compress,52,/O2 /Ob2 /G5 /MD,gog_128_base,18a74ff61c65b8a2d4cfa11ffce82ad7fef022a94eaf0c2f217e479e981420d2,absent-or-stripped,,0,0.000000,05887d659af9495b33eced35231313b4e1f9846cf5262fc75b2620978abbf03d,
compression,Compress,52,/O2 /Ob2 /G5 /MD,gog_128_patch,fdca6d9cd0940034191e82b8e2900de26bb25e381c74128dcb8967360a9fb824,unavailable,,0,0.000000,05887d659af9495b33eced35231313b4e1f9846cf5262fc75b2620978abbf03d,no-text-section
compression,Compress,52,/O2 /Ob2 /G5 /MD,retail_2001_12_23,c3639d43568a1ed233be85c6b3b8129b1a4661e65717220e0514c815aa972edd,unavailable,,0,0.000000,05887d659af9495b33eced35231313b4e1f9846cf5262fc75b2620978abbf03d,protected-executable
compression,CompressedBufferSize,19,/O2 /Ob2 /G5 /MD,demo,8acda50afe39f7e6a867272300a09463fd94aed9a510008fcdefc662143346e4,absent-or-stripped,,0,0.000000,eae419b531c65525bd9f5011241b8d5c370e252f7745e85a9b9ced3cb70fe16b,
compression,CompressedBufferSize,19,/O2 /Ob2 /G5 /MD,gog_base,18a74ff61c65b8a2d4cfa11ffce82ad7fef022a94eaf0c2f217e479e981420d2,absent-or-stripped,,0,0.000000,eae419b531c65525bd9f5011241b8d5c370e252f7745e85a9b9ced3cb70fe16b,
compression,CompressedBufferSize,19,/O2 /Ob2 /G5 /MD,gog_1261,18a74ff61c65b8a2d4cfa11ffce82ad7fef022a94eaf0c2f217e479e981420d2,absent-or-stripped,,0,0.000000,eae419b531c65525bd9f5011241b8d5c370e252f7745e85a9b9ced3cb70fe16b,
compression,CompressedBufferSize,19,/O2 /Ob2 /G5 /MD,gog_1261_new,57a3072c2f8307de84e2f54ac58d3fcd7cf3cef18088bf0f0fdec2ac9202b2b1,absent-or-stripped,,0,0.000000,eae419b531c65525bd9f5011241b8d5c370e252f7745e85a9b9ced3cb70fe16b,
compression,CompressedBufferSize,19,/O2 /Ob2 /G5 /MD,gog_128_base,18a74ff61c65b8a2d4cfa11ffce82ad7fef022a94eaf0c2f217e479e981420d2,absent-or-stripped,,0,0.000000,eae419b531c65525bd9f5011241b8d5c370e252f7745e85a9b9ced3cb70fe16b,
compression,CompressedBufferSize,19,/O2 /Ob2 /G5 /MD,gog_128_patch,fdca6d9cd0940034191e82b8e2900de26bb25e381c74128dcb8967360a9fb824,unavailable,,0,0.000000,eae419b531c65525bd9f5011241b8d5c370e252f7745e85a9b9ced3cb70fe16b,no-text-section
compression,CompressedBufferSize,19,/O2 /Ob2 /G5 /MD,retail_2001_12_23,c3639d43568a1ed233be85c6b3b8129b1a4661e65717220e0514c815aa972edd,unavailable,,0,0.000000,eae419b531c65525bd9f5011241b8d5c370e252f7745e85a9b9ced3cb70fe16b,protected-executable
compression,CompressFini,23,/O2 /Ob2 /G5 /MD,demo,8acda50afe39f7e6a867272300a09463fd94aed9a510008fcdefc662143346e4,ambiguous-generic,,1,1.000000,1a71a7db964a267e97b227a93fb0c56369eecb9619d248ffbc31d9ecf4400234,
compression,CompressFini,23,/O2 /Ob2 /G5 /MD,gog_base,18a74ff61c65b8a2d4cfa11ffce82ad7fef022a94eaf0c2f217e479e981420d2,ambiguous-generic,,1,1.000000,1a71a7db964a267e97b227a93fb0c56369eecb9619d248ffbc31d9ecf4400234,
compression,CompressFini,23,/O2 /Ob2 /G5 /MD,gog_1261,18a74ff61c65b8a2d4cfa11ffce82ad7fef022a94eaf0c2f217e479e981420d2,ambiguous-generic,,1,1.000000,1a71a7db964a267e97b227a93fb0c56369eecb9619d248ffbc31d9ecf4400234,
compression,CompressFini,23,/O2 /Ob2 /G5 /MD,gog_1261_new,57a3072c2f8307de84e2f54ac58d3fcd7cf3cef18088bf0f0fdec2ac9202b2b1,ambiguous-generic,,1,1.000000,1a71a7db964a267e97b227a93fb0c56369eecb9619d248ffbc31d9ecf4400234,
compression,CompressFini,23,/O2 /Ob2 /G5 /MD,gog_128_base,18a74ff61c65b8a2d4cfa11ffce82ad7fef022a94eaf0c2f217e479e981420d2,ambiguous-generic,,1,1.000000,1a71a7db964a267e97b227a93fb0c56369eecb9619d248ffbc31d9ecf4400234,
compression,CompressFini,23,/O2 /Ob2 /G5 /MD,gog_128_patch,fdca6d9cd0940034191e82b8e2900de26bb25e381c74128dcb8967360a9fb824,unavailable,,0,0.000000,1a71a7db964a267e97b227a93fb0c56369eecb9619d248ffbc31d9ecf4400234,no-text-section
compression,CompressFini,23,/O2 /Ob2 /G5 /MD,retail_2001_12_23,c3639d43568a1ed233be85c6b3b8129b1a4661e65717220e0514c815aa972edd,unavailable,,0,0.000000,1a71a7db964a267e97b227a93fb0c56369eecb9619d248ffbc31d9ecf4400234,protected-executable
compression,CompressInit,94,/O2 /Ob2 /G5 /MD,demo,8acda50afe39f7e6a867272300a09463fd94aed9a510008fcdefc662143346e4,absent-or-stripped,,0,0.685714,02d2926a5bf536a54c904bcb58b13604bd900ad79f7b41e7b4c8cf06f85c40fd,
compression,CompressInit,94,/O2 /Ob2 /G5 /MD,gog_base,18a74ff61c65b8a2d4cfa11ffce82ad7fef022a94eaf0c2f217e479e981420d2,absent-or-stripped,,0,0.685714,02d2926a5bf536a54c904bcb58b13604bd900ad79f7b41e7b4c8cf06f85c40fd,
compression,CompressInit,94,/O2 /Ob2 /G5 /MD,gog_1261,18a74ff61c65b8a2d4cfa11ffce82ad7fef022a94eaf0c2f217e479e981420d2,absent-or-stripped,,0,0.685714,02d2926a5bf536a54c904bcb58b13604bd900ad79f7b41e7b4c8cf06f85c40fd,
compression,CompressInit,94,/O2 /Ob2 /G5 /MD,gog_1261_new,57a3072c2f8307de84e2f54ac58d3fcd7cf3cef18088bf0f0fdec2ac9202b2b1,absent-or-stripped,,0,0.685714,02d2926a5bf536a54c904bcb58b13604bd900ad79f7b41e7b4c8cf06f85c40fd,
compression,CompressInit,94,/O2 /Ob2 /G5 /MD,gog_128_base,18a74ff61c65b8a2d4cfa11ffce82ad7fef022a94eaf0c2f217e479e981420d2,absent-or-stripped,,0,0.685714,02d2926a5bf536a54c904bcb58b13604bd900ad79f7b41e7b4c8cf06f85c40fd,
compression,CompressInit,94,/O2 /Ob2 /G5 /MD,gog_128_patch,fdca6d9cd0940034191e82b8e2900de26bb25e381c74128dcb8967360a9fb824,unavailable,,0,0.000000,02d2926a5bf536a54c904bcb58b13604bd900ad79f7b41e7b4c8cf06f85c40fd,no-text-section
compression,CompressInit,94,/O2 /Ob2 /G5 /MD,retail_2001_12_23,c3639d43568a1ed233be85c6b3b8129b1a4661e65717220e0514c815aa972edd,unavailable,,0,0.000000,02d2926a5bf536a54c904bcb58b13604bd900ad79f7b41e7b4c8cf06f85c40fd,protected-executable
compression,Decompress,52,/O2 /Ob2 /G5 /MD,demo,8acda50afe39f7e6a867272300a09463fd94aed9a510008fcdefc662143346e4,relocation-equivalent,00415c10,1,1.000000,08c5436c2c1a757aa99d8640d853437ba2676511d87433c084e9de962812c516,
compression,Decompress,52,/O2 /Ob2 /G5 /MD,gog_base,18a74ff61c65b8a2d4cfa11ffce82ad7fef022a94eaf0c2f217e479e981420d2,relocation-equivalent,004158b0,1,1.000000,08c5436c2c1a757aa99d8640d853437ba2676511d87433c084e9de962812c516,
compression,Decompress,52,/O2 /Ob2 /G5 /MD,gog_1261,18a74ff61c65b8a2d4cfa11ffce82ad7fef022a94eaf0c2f217e479e981420d2,relocation-equivalent,004158b0,1,1.000000,08c5436c2c1a757aa99d8640d853437ba2676511d87433c084e9de962812c516,
compression,Decompress,52,/O2 /Ob2 /G5 /MD,gog_1261_new,57a3072c2f8307de84e2f54ac58d3fcd7cf3cef18088bf0f0fdec2ac9202b2b1,relocation-equivalent,004158b0,1,1.000000,08c5436c2c1a757aa99d8640d853437ba2676511d87433c084e9de962812c516,
compression,Decompress,52,/O2 /Ob2 /G5 /MD,gog_128_base,18a74ff61c65b8a2d4cfa11ffce82ad7fef022a94eaf0c2f217e479e981420d2,relocation-equivalent,004158b0,1,1.000000,08c5436c2c1a757aa99d8640d853437ba2676511d87433c084e9de962812c516,
compression,Decompress,52,/O2 /Ob2 /G5 /MD,gog_128_patch,fdca6d9cd0940034191e82b8e2900de26bb25e381c74128dcb8967360a9fb824,unavailable,,0,0.000000,08c5436c2c1a757aa99d8640d853437ba2676511d87433c084e9de962812c516,no-text-section
compression,Decompress,52,/O2 /Ob2 /G5 /MD,retail_2001_12_23,c3639d43568a1ed233be85c6b3b8129b1a4661e65717220e0514c815aa972edd,unavailable,,0,0.000000,08c5436c2c1a757aa99d8640d853437ba2676511d87433c084e9de962812c516,protected-executable
compression,DecompressFini,23,/O2 /Ob2 /G5 /MD,demo,8acda50afe39f7e6a867272300a09463fd94aed9a510008fcdefc662143346e4,ambiguous-generic,,1,1.000000,1a71a7db964a267e97b227a93fb0c56369eecb9619d248ffbc31d9ecf4400234,
compression,DecompressFini,23,/O2 /Ob2 /G5 /MD,gog_base,18a74ff61c65b8a2d4cfa11ffce82ad7fef022a94eaf0c2f217e479e981420d2,ambiguous-generic,,1,1.000000,1a71a7db964a267e97b227a93fb0c56369eecb9619d248ffbc31d9ecf4400234,
compression,DecompressFini,23,/O2 /Ob2 /G5 /MD,gog_1261,18a74ff61c65b8a2d4cfa11ffce82ad7fef022a94eaf0c2f217e479e981420d2,ambiguous-generic,,1,1.000000,1a71a7db964a267e97b227a93fb0c56369eecb9619d248ffbc31d9ecf4400234,
compression,DecompressFini,23,/O2 /Ob2 /G5 /MD,gog_1261_new,57a3072c2f8307de84e2f54ac58d3fcd7cf3cef18088bf0f0fdec2ac9202b2b1,ambiguous-generic,,1,1.000000,1a71a7db964a267e97b227a93fb0c56369eecb9619d248ffbc31d9ecf4400234,
compression,DecompressFini,23,/O2 /Ob2 /G5 /MD,gog_128_base,18a74ff61c65b8a2d4cfa11ffce82ad7fef022a94eaf0c2f217e479e981420d2,ambiguous-generic,,1,1.000000,1a71a7db964a267e97b227a93fb0c56369eecb9619d248ffbc31d9ecf4400234,
compression,DecompressFini,23,/O2 /Ob2 /G5 /MD,gog_128_patch,fdca6d9cd0940034191e82b8e2900de26bb25e381c74128dcb8967360a9fb824,unavailable,,0,0.000000,1a71a7db964a267e97b227a93fb0c56369eecb9619d248ffbc31d9ecf4400234,no-text-section
compression,DecompressFini,23,/O2 /Ob2 /G5 /MD,retail_2001_12_23,c3639d43568a1ed233be85c6b3b8129b1a4661e65717220e0514c815aa972edd,unavailable,,0,0.000000,1a71a7db964a267e97b227a93fb0c56369eecb9619d248ffbc31d9ecf4400234,protected-executable
compression,DecompressInit,92,/O2 /Ob2 /G5 /MD,demo,8acda50afe39f7e6a867272300a09463fd94aed9a510008fcdefc662143346e4,relocation-equivalent,00415bb0,1,1.000000,f014577ffe8c54f5ee596331f0d946e2744bf4c06cd9e49f334686879dc7a84e,
compression,DecompressInit,92,/O2 /Ob2 /G5 /MD,gog_base,18a74ff61c65b8a2d4cfa11ffce82ad7fef022a94eaf0c2f217e479e981420d2,relocation-equivalent,00415850,1,1.000000,f014577ffe8c54f5ee596331f0d946e2744bf4c06cd9e49f334686879dc7a84e,
compression,DecompressInit,92,/O2 /Ob2 /G5 /MD,gog_1261,18a74ff61c65b8a2d4cfa11ffce82ad7fef022a94eaf0c2f217e479e981420d2,relocation-equivalent,00415850,1,1.000000,f014577ffe8c54f5ee596331f0d946e2744bf4c06cd9e49f334686879dc7a84e,
compression,DecompressInit,92,/O2 /Ob2 /G5 /MD,gog_1261_new,57a3072c2f8307de84e2f54ac58d3fcd7cf3cef18088bf0f0fdec2ac9202b2b1,relocation-equivalent,00415850,1,1.000000,f014577ffe8c54f5ee596331f0d946e2744bf4c06cd9e49f334686879dc7a84e,
compression,DecompressInit,92,/O2 /Ob2 /G5 /MD,gog_128_base,18a74ff61c65b8a2d4cfa11ffce82ad7fef022a94eaf0c2f217e479e981420d2,relocation-equivalent,00415850,1,1.000000,f014577ffe8c54f5ee596331f0d946e2744bf4c06cd9e49f334686879dc7a84e,
compression,DecompressInit,92,/O2 /Ob2 /G5 /MD,gog_128_patch,fdca6d9cd0940034191e82b8e2900de26bb25e381c74128dcb8967360a9fb824,unavailable,,0,0.000000,f014577ffe8c54f5ee596331f0d946e2744bf4c06cd9e49f334686879dc7a84e,no-text-section
compression,DecompressInit,92,/O2 /Ob2 /G5 /MD,retail_2001_12_23,c3639d43568a1ed233be85c6b3b8129b1a4661e65717220e0514c815aa972edd,unavailable,,0,0.000000,f014577ffe8c54f5ee596331f0d946e2744bf4c06cd9e49f334686879dc7a84e,protected-executable
compression,ZAlloc,20,/O2 /Ob2 /G5 /MD,demo,8acda50afe39f7e6a867272300a09463fd94aed9a510008fcdefc662143346e4,relocation-equivalent,00415b80,1,1.000000,700a399b5e19bf990286dbd979f67666bb7c07081a2d2a680c6ef64208752ea0,
compression,ZAlloc,20,/O2 /Ob2 /G5 /MD,gog_base,18a74ff61c65b8a2d4cfa11ffce82ad7fef022a94eaf0c2f217e479e981420d2,relocation-equivalent,00415820,1,1.000000,700a399b5e19bf990286dbd979f67666bb7c07081a2d2a680c6ef64208752ea0,
compression,ZAlloc,20,/O2 /Ob2 /G5 /MD,gog_1261,18a74ff61c65b8a2d4cfa11ffce82ad7fef022a94eaf0c2f217e479e981420d2,relocation-equivalent,00415820,1,1.000000,700a399b5e19bf990286dbd979f67666bb7c07081a2d2a680c6ef64208752ea0,
compression,ZAlloc,20,/O2 /Ob2 /G5 /MD,gog_1261_new,57a3072c2f8307de84e2f54ac58d3fcd7cf3cef18088bf0f0fdec2ac9202b2b1,relocation-equivalent,00415820,1,1.000000,700a399b5e19bf990286dbd979f67666bb7c07081a2d2a680c6ef64208752ea0,
compression,ZAlloc,20,/O2 /Ob2 /G5 /MD,gog_128_base,18a74ff61c65b8a2d4cfa11ffce82ad7fef022a94eaf0c2f217e479e981420d2,relocation-equivalent,00415820,1,1.000000,700a399b5e19bf990286dbd979f67666bb7c07081a2d2a680c6ef64208752ea0,
compression,ZAlloc,20,/O2 /Ob2 /G5 /MD,gog_128_patch,fdca6d9cd0940034191e82b8e2900de26bb25e381c74128dcb8967360a9fb824,unavailable,,0,0.000000,700a399b5e19bf990286dbd979f67666bb7c07081a2d2a680c6ef64208752ea0,no-text-section
compression,ZAlloc,20,/O2 /Ob2 /G5 /MD,retail_2001_12_23,c3639d43568a1ed233be85c6b3b8129b1a4661e65717220e0514c815aa972edd,unavailable,,0,0.000000,700a399b5e19bf990286dbd979f67666bb7c07081a2d2a680c6ef64208752ea0,protected-executable
compression,ZFree,13,/O2 /Ob2 /G5 /MD,demo,8acda50afe39f7e6a867272300a09463fd94aed9a510008fcdefc662143346e4,relocation-equivalent,00415ba0,1,1.000000,63e4417e0067e692fa73a952f0d05010d0cb3de2aa0a70158e4b77ab2ede7f80,
compression,ZFree,13,/O2 /Ob2 /G5 /MD,gog_base,18a74ff61c65b8a2d4cfa11ffce82ad7fef022a94eaf0c2f217e479e981420d2,relocation-equivalent,00415840,1,1.000000,63e4417e0067e692fa73a952f0d05010d0cb3de2aa0a70158e4b77ab2ede7f80,
compression,ZFree,13,/O2 /Ob2 /G5 /MD,gog_1261,18a74ff61c65b8a2d4cfa11ffce82ad7fef022a94eaf0c2f217e479e981420d2,relocation-equivalent,00415840,1,1.000000,63e4417e0067e692fa73a952f0d05010d0cb3de2aa0a70158e4b77ab2ede7f80,
compression,ZFree,13,/O2 /Ob2 /G5 /MD,gog_1261_new,57a3072c2f8307de84e2f54ac58d3fcd7cf3cef18088bf0f0fdec2ac9202b2b1,relocation-equivalent,00415840,1,1.000000,63e4417e0067e692fa73a952f0d05010d0cb3de2aa0a70158e4b77ab2ede7f80,
compression,ZFree,13,/O2 /Ob2 /G5 /MD,gog_128_base,18a74ff61c65b8a2d4cfa11ffce82ad7fef022a94eaf0c2f217e479e981420d2,relocation-equivalent,00415840,1,1.000000,63e4417e0067e692fa73a952f0d05010d0cb3de2aa0a70158e4b77ab2ede7f80,
compression,ZFree,13,/O2 /Ob2 /G5 /MD,gog_128_patch,fdca6d9cd0940034191e82b8e2900de26bb25e381c74128dcb8967360a9fb824,unavailable,,0,0.000000,63e4417e0067e692fa73a952f0d05010d0cb3de2aa0a70158e4b77ab2ede7f80,no-text-section
compression,ZFree,13,/O2 /Ob2 /G5 /MD,retail_2001_12_23,c3639d43568a1ed233be85c6b3b8129b1a4661e65717220e0514c815aa972edd,unavailable,,0,0.000000,63e4417e0067e692fa73a952f0d05010d0cb3de2aa0a70158e4b77ab2ede7f80,protected-executable
fileman,AddSubdirectoryToPath,392,/O2 /Ob2 /G5 /MD,demo,8acda50afe39f7e6a867272300a09463fd94aed9a510008fcdefc662143346e4,absent-or-stripped,,0,0.000000,230b54c53d5a468f74258151e39c6be12f7d945a499b61393303b75fc450be1b,
fileman,AddSubdirectoryToPath,392,/O2 /Ob2 /G5 /MD,gog_base,18a74ff61c65b8a2d4cfa11ffce82ad7fef022a94eaf0c2f217e479e981420d2,absent-or-stripped,,0,0.000000,230b54c53d5a468f74258151e39c6be12f7d945a499b61393303b75fc450be1b,
fileman,AddSubdirectoryToPath,392,/O2 /Ob2 /G5 /MD,gog_1261,18a74ff61c65b8a2d4cfa11ffce82ad7fef022a94eaf0c2f217e479e981420d2,absent-or-stripped,,0,0.000000,230b54c53d5a468f74258151e39c6be12f7d945a499b61393303b75fc450be1b,
fileman,AddSubdirectoryToPath,392,/O2 /Ob2 /G5 /MD,gog_1261_new,57a3072c2f8307de84e2f54ac58d3fcd7cf3cef18088bf0f0fdec2ac9202b2b1,absent-or-stripped,,0,0.000000,230b54c53d5a468f74258151e39c6be12f7d945a499b61393303b75fc450be1b,
fileman,AddSubdirectoryToPath,392,/O2 /Ob2 /G5 /MD,gog_128_base,18a74ff61c65b8a2d4cfa11ffce82ad7fef022a94eaf0c2f217e479e981420d2,absent-or-stripped,,0,0.000000,230b54c53d5a468f74258151e39c6be12f7d945a499b61393303b75fc450be1b,
fileman,AddSubdirectoryToPath,392,/O2 /Ob2 /G5 /MD,gog_128_patch,fdca6d9cd0940034191e82b8e2900de26bb25e381c74128dcb8967360a9fb824,unavailable,,0,0.000000,230b54c53d5a468f74258151e39c6be12f7d945a499b61393303b75fc450be1b,no-text-section
fileman,AddSubdirectoryToPath,392,/O2 /Ob2 /G5 /MD,retail_2001_12_23,c3639d43568a1ed233be85c6b3b8129b1a4661e65717220e0514c815aa972edd,unavailable,,0,0.000000,230b54c53d5a468f74258151e39c6be12f7d945a499b61393303b75fc450be1b,protected-executable
fileman,BuildFileDirectory,1,/O2 /Ob2 /G5 /MD,demo,8acda50afe39f7e6a867272300a09463fd94aed9a510008fcdefc662143346e4,ambiguous-generic,,13271,1.000000,ae3f4619b0413d70d3004b9131c3752153074e45725be13b9a148978895e359e,
fileman,BuildFileDirectory,1,/O2 /Ob2 /G5 /MD,gog_base,18a74ff61c65b8a2d4cfa11ffce82ad7fef022a94eaf0c2f217e479e981420d2,ambiguous-generic,,13531,1.000000,ae3f4619b0413d70d3004b9131c3752153074e45725be13b9a148978895e359e,
fileman,BuildFileDirectory,1,/O2 /Ob2 /G5 /MD,gog_1261,18a74ff61c65b8a2d4cfa11ffce82ad7fef022a94eaf0c2f217e479e981420d2,ambiguous-generic,,13531,1.000000,ae3f4619b0413d70d3004b9131c3752153074e45725be13b9a148978895e359e,
fileman,BuildFileDirectory,1,/O2 /Ob2 /G5 /MD,gog_1261_new,57a3072c2f8307de84e2f54ac58d3fcd7cf3cef18088bf0f0fdec2ac9202b2b1,ambiguous-generic,,13531,1.000000,ae3f4619b0413d70d3004b9131c3752153074e45725be13b9a148978895e359e,
fileman,BuildFileDirectory,1,/O2 /Ob2 /G5 /MD,gog_128_base,18a74ff61c65b8a2d4cfa11ffce82ad7fef022a94eaf0c2f217e479e981420d2,ambiguous-generic,,13531,1.000000,ae3f4619b0413d70d3004b9131c3752153074e45725be13b9a148978895e359e,
fileman,BuildFileDirectory,1,/O2 /Ob2 /G5 /MD,gog_128_patch,fdca6d9cd0940034191e82b8e2900de26bb25e381c74128dcb8967360a9fb824,unavailable,,0,0.000000,ae3f4619b0413d70d3004b9131c3752153074e45725be13b9a148978895e359e,no-text-section
fileman,BuildFileDirectory,1,/O2 /Ob2 /G5 /MD,retail_2001_12_23,c3639d43568a1ed233be85c6b3b8129b1a4661e65717220e0514c815aa972edd,unavailable,,0,0.000000,ae3f4619b0413d70d3004b9131c3752153074e45725be13b9a148978895e359e,protected-executable
fileman,CompareSGPFileTimes,17,/O2 /Ob2 /G5 /MD,demo,8acda50afe39f7e6a867272300a09463fd94aed9a510008fcdefc662143346e4,ambiguous-generic,,1,1.000000,e889e09f033bff21a40e4fd56b36aa4386e542edb5f2f3fb3dffe2fd18106bbd,
fileman,CompareSGPFileTimes,17,/O2 /Ob2 /G5 /MD,gog_base,18a74ff61c65b8a2d4cfa11ffce82ad7fef022a94eaf0c2f217e479e981420d2,ambiguous-generic,,1,1.000000,e889e09f033bff21a40e4fd56b36aa4386e542edb5f2f3fb3dffe2fd18106bbd,
fileman,CompareSGPFileTimes,17,/O2 /Ob2 /G5 /MD,gog_1261,18a74ff61c65b8a2d4cfa11ffce82ad7fef022a94eaf0c2f217e479e981420d2,ambiguous-generic,,1,1.000000,e889e09f033bff21a40e4fd56b36aa4386e542edb5f2f3fb3dffe2fd18106bbd,
fileman,CompareSGPFileTimes,17,/O2 /Ob2 /G5 /MD,gog_1261_new,57a3072c2f8307de84e2f54ac58d3fcd7cf3cef18088bf0f0fdec2ac9202b2b1,ambiguous-generic,,1,1.000000,e889e09f033bff21a40e4fd56b36aa4386e542edb5f2f3fb3dffe2fd18106bbd,
fileman,CompareSGPFileTimes,17,/O2 /Ob2 /G5 /MD,gog_128_base,18a74ff61c65b8a2d4cfa11ffce82ad7fef022a94eaf0c2f217e479e981420d2,ambiguous-generic,,1,1.000000,e889e09f033bff21a40e4fd56b36aa4386e542edb5f2f3fb3dffe2fd18106bbd,
fileman,CompareSGPFileTimes,17,/O2 /Ob2 /G5 /MD,gog_128_patch,fdca6d9cd0940034191e82b8e2900de26bb25e381c74128dcb8967360a9fb824,unavailable,,0,0.000000,e889e09f033bff21a40e4fd56b36aa4386e542edb5f2f3fb3dffe2fd18106bbd,no-text-section
fileman,CompareSGPFileTimes,17,/O2 /Ob2 /G5 /MD,retail_2001_12_23,c3639d43568a1ed233be85c6b3b8129b1a4661e65717220e0514c815aa972edd,unavailable,,0,0.000000,e889e09f033bff21a40e4fd56b36aa4386e542edb5f2f3fb3dffe2fd18106bbd,protected-executable
fileman,DirectoryExists,32,/O2 /Ob2 /G5 /MD,demo,8acda50afe39f7e6a867272300a09463fd94aed9a510008fcdefc662143346e4,relocation-equivalent,00405240,1,1.000000,4a827abe129ba4efe5525cd2646836985cd7935b3fbeb39abf4ada3a1baf6ac4,
fileman,DirectoryExists,32,/O2 /Ob2 /G5 /MD,gog_base,18a74ff61c65b8a2d4cfa11ffce82ad7fef022a94eaf0c2f217e479e981420d2,relocation-equivalent,004051d0,1,1.000000,4a827abe129ba4efe5525cd2646836985cd7935b3fbeb39abf4ada3a1baf6ac4,
fileman,DirectoryExists,32,/O2 /Ob2 /G5 /MD,gog_1261,18a74ff61c65b8a2d4cfa11ffce82ad7fef022a94eaf0c2f217e479e981420d2,relocation-equivalent,004051d0,1,1.000000,4a827abe129ba4efe5525cd2646836985cd7935b3fbeb39abf4ada3a1baf6ac4,
fileman,DirectoryExists,32,/O2 /Ob2 /G5 /MD,gog_1261_new,57a3072c2f8307de84e2f54ac58d3fcd7cf3cef18088bf0f0fdec2ac9202b2b1,relocation-equivalent,004051d0,1,1.000000,4a827abe129ba4efe5525cd2646836985cd7935b3fbeb39abf4ada3a1baf6ac4,
fileman,DirectoryExists,32,/O2 /Ob2 /G5 /MD,gog_128_base,18a74ff61c65b8a2d4cfa11ffce82ad7fef022a94eaf0c2f217e479e981420d2,relocation-equivalent,004051d0,1,1.000000,4a827abe129ba4efe5525cd2646836985cd7935b3fbeb39abf4ada3a1baf6ac4,
fileman,DirectoryExists,32,/O2 /Ob2 /G5 /MD,gog_128_patch,fdca6d9cd0940034191e82b8e2900de26bb25e381c74128dcb8967360a9fb824,unavailable,,0,0.000000,4a827abe129ba4efe5525cd2646836985cd7935b3fbeb39abf4ada3a1baf6ac4,no-text-section
fileman,DirectoryExists,32,/O2 /Ob2 /G5 /MD,retail_2001_12_23,c3639d43568a1ed233be85c6b3b8129b1a4661e65717220e0514c815aa972edd,unavailable,,0,0.000000,4a827abe129ba4efe5525cd2646836985cd7935b3fbeb39abf4ada3a1baf6ac4,protected-executable
fileman,EraseDirectory,163,/O2 /Ob2 /G5 /MD,demo,8acda50afe39f7e6a867272300a09463fd94aed9a510008fcdefc662143346e4,absent-or-stripped,,0,0.000000,f53d853e7a8338f968b5cc0c77ad2bdd00b215874a052b5c0ccea5ae267647f3,
fileman,EraseDirectory,163,/O2 /Ob2 /G5 /MD,gog_base,18a74ff61c65b8a2d4cfa11ffce82ad7fef022a94eaf0c2f217e479e981420d2,absent-or-stripped,,0,0.000000,f53d853e7a8338f968b5cc0c77ad2bdd00b215874a052b5c0ccea5ae267647f3,
fileman,EraseDirectory,163,/O2 /Ob2 /G5 /MD,gog_1261,18a74ff61c65b8a2d4cfa11ffce82ad7fef022a94eaf0c2f217e479e981420d2,absent-or-stripped,,0,0.000000,f53d853e7a8338f968b5cc0c77ad2bdd00b215874a052b5c0ccea5ae267647f3,
fileman,EraseDirectory,163,/O2 /Ob2 /G5 /MD,gog_1261_new,57a3072c2f8307de84e2f54ac58d3fcd7cf3cef18088bf0f0fdec2ac9202b2b1,absent-or-stripped,,0,0.000000,f53d853e7a8338f968b5cc0c77ad2bdd00b215874a052b5c0ccea5ae267647f3,
fileman,EraseDirectory,163,/O2 /Ob2 /G5 /MD,gog_128_base,18a74ff61c65b8a2d4cfa11ffce82ad7fef022a94eaf0c2f217e479e981420d2,absent-or-stripped,,0,0.000000,f53d853e7a8338f968b5cc0c77ad2bdd00b215874a052b5c0ccea5ae267647f3,
fileman,EraseDirectory,163,/O2 /Ob2 /G5 /MD,gog_128_patch,fdca6d9cd0940034191e82b8e2900de26bb25e381c74128dcb8967360a9fb824,unavailable,,0,0.000000,f53d853e7a8338f968b5cc0c77ad2bdd00b215874a052b5c0ccea5ae267647f3,no-text-section
fileman,EraseDirectory,163,/O2 /Ob2 /G5 /MD,retail_2001_12_23,c3639d43568a1ed233be85c6b3b8129b1a4661e65717220e0514c815aa972edd,unavailable,,0,0.000000,f53d853e7a8338f968b5cc0c77ad2bdd00b215874a052b5c0ccea5ae267647f3,protected-executable
fileman,FileCheckEndOfFile,178,/O2 /Ob2 /G5 /MD,demo,8acda50afe39f7e6a867272300a09463fd94aed9a510008fcdefc662143346e4,near-source-with-wiz8-modifications,004055e0,1,0.974026,b79293c2cd396dcf52e0f5d099dde13d08af34627a927d30b3b51722362bf0c7,
fileman,FileCheckEndOfFile,178,/O2 /Ob2 /G5 /MD,gog_base,18a74ff61c65b8a2d4cfa11ffce82ad7fef022a94eaf0c2f217e479e981420d2,near-source-with-wiz8-modifications,00405570,1,0.974026,b79293c2cd396dcf52e0f5d099dde13d08af34627a927d30b3b51722362bf0c7,
fileman,FileCheckEndOfFile,178,/O2 /Ob2 /G5 /MD,gog_1261,18a74ff61c65b8a2d4cfa11ffce82ad7fef022a94eaf0c2f217e479e981420d2,near-source-with-wiz8-modifications,00405570,1,0.974026,b79293c2cd396dcf52e0f5d099dde13d08af34627a927d30b3b51722362bf0c7,
fileman,FileCheckEndOfFile,178,/O2 /Ob2 /G5 /MD,gog_1261_new,57a3072c2f8307de84e2f54ac58d3fcd7cf3cef18088bf0f0fdec2ac9202b2b1,near-source-with-wiz8-modifications,00405570,1,0.974026,b79293c2cd396dcf52e0f5d099dde13d08af34627a927d30b3b51722362bf0c7,
fileman,FileCheckEndOfFile,178,/O2 /Ob2 /G5 /MD,gog_128_base,18a74ff61c65b8a2d4cfa11ffce82ad7fef022a94eaf0c2f217e479e981420d2,near-source-with-wiz8-modifications,00405570,1,0.974026,b79293c2cd396dcf52e0f5d099dde13d08af34627a927d30b3b51722362bf0c7,
fileman,FileCheckEndOfFile,178,/O2 /Ob2 /G5 /MD,gog_128_patch,fdca6d9cd0940034191e82b8e2900de26bb25e381c74128dcb8967360a9fb824,unavailable,,0,0.000000,b79293c2cd396dcf52e0f5d099dde13d08af34627a927d30b3b51722362bf0c7,no-text-section
fileman,FileCheckEndOfFile,178,/O2 /Ob2 /G5 /MD,retail_2001_12_23,c3639d43568a1ed233be85c6b3b8129b1a4661e65717220e0514c815aa972edd,unavailable,,0,0.000000,b79293c2cd396dcf52e0f5d099dde13d08af34627a927d30b3b51722362bf0c7,protected-executable
fileman,FileClearAttributes,17,/O2 /Ob2 /G5 /MD,demo,8acda50afe39f7e6a867272300a09463fd94aed9a510008fcdefc662143346e4,relocation-equivalent,004055c0,1,1.000000,951abc5a9a0c8be62c53d3540f527f046174ffc125688c3e7ab6c65d166952d3,
fileman,FileClearAttributes,17,/O2 /Ob2 /G5 /MD,gog_base,18a74ff61c65b8a2d4cfa11ffce82ad7fef022a94eaf0c2f217e479e981420d2,relocation-equivalent,00405550,1,1.000000,951abc5a9a0c8be62c53d3540f527f046174ffc125688c3e7ab6c65d166952d3,
fileman,FileClearAttributes,17,/O2 /Ob2 /G5 /MD,gog_1261,18a74ff61c65b8a2d4cfa11ffce82ad7fef022a94eaf0c2f217e479e981420d2,relocation-equivalent,00405550,1,1.000000,951abc5a9a0c8be62c53d3540f527f046174ffc125688c3e7ab6c65d166952d3,
fileman,FileClearAttributes,17,/O2 /Ob2 /G5 /MD,gog_1261_new,57a3072c2f8307de84e2f54ac58d3fcd7cf3cef18088bf0f0fdec2ac9202b2b1,relocation-equivalent,00405550,1,1.000000,951abc5a9a0c8be62c53d3540f527f046174ffc125688c3e7ab6c65d166952d3,
fileman,FileClearAttributes,17,/O2 /Ob2 /G5 /MD,gog_128_base,18a74ff61c65b8a2d4cfa11ffce82ad7fef022a94eaf0c2f217e479e981420d2,relocation-equivalent,00405550,1,1.000000,951abc5a9a0c8be62c53d3540f527f046174ffc125688c3e7ab6c65d166952d3,
fileman,FileClearAttributes,17,/O2 /Ob2 /G5 /MD,gog_128_patch,fdca6d9cd0940034191e82b8e2900de26bb25e381c74128dcb8967360a9fb824,unavailable,,0,0.000000,951abc5a9a0c8be62c53d3540f527f046174ffc125688c3e7ab6c65d166952d3,no-text-section
fileman,FileClearAttributes,17,/O2 /Ob2 /G5 /MD,retail_2001_12_23,c3639d43568a1ed233be85c6b3b8129b1a4661e65717220e0514c815aa972edd,unavailable,,0,0.000000,951abc5a9a0c8be62c53d3540f527f046174ffc125688c3e7ab6c65d166952d3,protected-executable
fileman,FileClose,134,/O2 /Ob2 /G5 /MD,demo,8acda50afe39f7e6a867272300a09463fd94aed9a510008fcdefc662143346e4,absent-or-stripped,,0,0.438776,ad7719a56e4b3c94852ba796ecc939d6becb27072e982a0629796186524935b6,
fileman,FileClose,134,/O2 /Ob2 /G5 /MD,gog_base,18a74ff61c65b8a2d4cfa11ffce82ad7fef022a94eaf0c2f217e479e981420d2,absent-or-stripped,,0,0.438776,ad7719a56e4b3c94852ba796ecc939d6becb27072e982a0629796186524935b6,
fileman,FileClose,134,/O2 /Ob2 /G5 /MD,gog_1261,18a74ff61c65b8a2d4cfa11ffce82ad7fef022a94eaf0c2f217e479e981420d2,absent-or-stripped,,0,0.438776,ad7719a56e4b3c94852ba796ecc939d6becb27072e982a0629796186524935b6,
fileman,FileClose,134,/O2 /Ob2 /G5 /MD,gog_1261_new,57a3072c2f8307de84e2f54ac58d3fcd7cf3cef18088bf0f0fdec2ac9202b2b1,absent-or-stripped,,0,0.438776,ad7719a56e4b3c94852ba796ecc939d6becb27072e982a0629796186524935b6,
fileman,FileClose,134,/O2 /Ob2 /G5 /MD,gog_128_base,18a74ff61c65b8a2d4cfa11ffce82ad7fef022a94eaf0c2f217e479e981420d2,absent-or-stripped,,0,0.438776,ad7719a56e4b3c94852ba796ecc939d6becb27072e982a0629796186524935b6,
fileman,FileClose,134,/O2 /Ob2 /G5 /MD,gog_128_patch,fdca6d9cd0940034191e82b8e2900de26bb25e381c74128dcb8967360a9fb824,unavailable,,0,0.000000,ad7719a56e4b3c94852ba796ecc939d6becb27072e982a0629796186524935b6,no-text-section
fileman,FileClose,134,/O2 /Ob2 /G5 /MD,retail_2001_12_23,c3639d43568a1ed233be85c6b3b8129b1a4661e65717220e0514c815aa972edd,unavailable,,0,0.000000,ad7719a56e4b3c94852ba796ecc939d6becb27072e982a0629796186524935b6,protected-executable
fileman,FileCopy,27,/O2 /Ob2 /G5 /MD,demo,8acda50afe39f7e6a867272300a09463fd94aed9a510008fcdefc662143346e4,relocation-equivalent,00405540,1,1.000000,434180fea1926d0bceab62467833c0e466064bb2b7eab52f7356b2aeb4cf066a,
fileman,FileCopy,27,/O2 /Ob2 /G5 /MD,gog_base,18a74ff61c65b8a2d4cfa11ffce82ad7fef022a94eaf0c2f217e479e981420d2,relocation-equivalent,004054d0,1,1.000000,434180fea1926d0bceab62467833c0e466064bb2b7eab52f7356b2aeb4cf066a,
fileman,FileCopy,27,/O2 /Ob2 /G5 /MD,gog_1261,18a74ff61c65b8a2d4cfa11ffce82ad7fef022a94eaf0c2f217e479e981420d2,relocation-equivalent,004054d0,1,1.000000,434180fea1926d0bceab62467833c0e466064bb2b7eab52f7356b2aeb4cf066a,
fileman,FileCopy,27,/O2 /Ob2 /G5 /MD,gog_1261_new,57a3072c2f8307de84e2f54ac58d3fcd7cf3cef18088bf0f0fdec2ac9202b2b1,relocation-equivalent,004054d0,1,1.000000,434180fea1926d0bceab62467833c0e466064bb2b7eab52f7356b2aeb4cf066a,
fileman,FileCopy,27,/O2 /Ob2 /G5 /MD,gog_128_base,18a74ff61c65b8a2d4cfa11ffce82ad7fef022a94eaf0c2f217e479e981420d2,relocation-equivalent,004054d0,1,1.000000,434180fea1926d0bceab62467833c0e466064bb2b7eab52f7356b2aeb4cf066a,
fileman,FileCopy,27,/O2 /Ob2 /G5 /MD,gog_128_patch,fdca6d9cd0940034191e82b8e2900de26bb25e381c74128dcb8967360a9fb824,unavailable,,0,0.000000,434180fea1926d0bceab62467833c0e466064bb2b7eab52f7356b2aeb4cf066a,no-text-section
fileman,FileCopy,27,/O2 /Ob2 /G5 /MD,retail_2001_12_23,c3639d43568a1ed233be85c6b3b8129b1a4661e65717220e0514c815aa972edd,unavailable,,0,0.000000,434180fea1926d0bceab62467833c0e466064bb2b7eab52f7356b2aeb4cf066a,protected-executable
fileman,FileDebug,1,/O2 /Ob2 /G5 /MD,demo,8acda50afe39f7e6a867272300a09463fd94aed9a510008fcdefc662143346e4,ambiguous-generic,,13271,1.000000,ae3f4619b0413d70d3004b9131c3752153074e45725be13b9a148978895e359e,
fileman,FileDebug,1,/O2 /Ob2 /G5 /MD,gog_base,18a74ff61c65b8a2d4cfa11ffce82ad7fef022a94eaf0c2f217e479e981420d2,ambiguous-generic,,13531,1.000000,ae3f4619b0413d70d3004b9131c3752153074e45725be13b9a148978895e359e,
fileman,FileDebug,1,/O2 /Ob2 /G5 /MD,gog_1261,18a74ff61c65b8a2d4cfa11ffce82ad7fef022a94eaf0c2f217e479e981420d2,ambiguous-generic,,13531,1.000000,ae3f4619b0413d70d3004b9131c3752153074e45725be13b9a148978895e359e,
fileman,FileDebug,1,/O2 /Ob2 /G5 /MD,gog_1261_new,57a3072c2f8307de84e2f54ac58d3fcd7cf3cef18088bf0f0fdec2ac9202b2b1,ambiguous-generic,,13531,1.000000,ae3f4619b0413d70d3004b9131c3752153074e45725be13b9a148978895e359e,
fileman,FileDebug,1,/O2 /Ob2 /G5 /MD,gog_128_base,18a74ff61c65b8a2d4cfa11ffce82ad7fef022a94eaf0c2f217e479e981420d2,ambiguous-generic,,13531,1.000000,ae3f4619b0413d70d3004b9131c3752153074e45725be13b9a148978895e359e,
fileman,FileDebug,1,/O2 /Ob2 /G5 /MD,gog_128_patch,fdca6d9cd0940034191e82b8e2900de26bb25e381c74128dcb8967360a9fb824,unavailable,,0,0.000000,ae3f4619b0413d70d3004b9131c3752153074e45725be13b9a148978895e359e,no-text-section
fileman,FileDebug,1,/O2 /Ob2 /G5 /MD,retail_2001_12_23,c3639d43568a1ed233be85c6b3b8129b1a4661e65717220e0514c815aa972edd,unavailable,,0,0.000000,ae3f4619b0413d70d3004b9131c3752153074e45725be13b9a148978895e359e,protected-executable
fileman,FileDebugPrint,1,/O2 /Ob2 /G5 /MD,demo,8acda50afe39f7e6a867272300a09463fd94aed9a510008fcdefc662143346e4,ambiguous-generic,,13271,1.000000,ae3f4619b0413d70d3004b9131c3752153074e45725be13b9a148978895e359e,
fileman,FileDebugPrint,1,/O2 /Ob2 /G5 /MD,gog_base,18a74ff61c65b8a2d4cfa11ffce82ad7fef022a94eaf0c2f217e479e981420d2,ambiguous-generic,,13531,1.000000,ae3f4619b0413d70d3004b9131c3752153074e45725be13b9a148978895e359e,
fileman,FileDebugPrint,1,/O2 /Ob2 /G5 /MD,gog_1261,18a74ff61c65b8a2d4cfa11ffce82ad7fef022a94eaf0c2f217e479e981420d2,ambiguous-generic,,13531,1.000000,ae3f4619b0413d70d3004b9131c3752153074e45725be13b9a148978895e359e,
fileman,FileDebugPrint,1,/O2 /Ob2 /G5 /MD,gog_1261_new,57a3072c2f8307de84e2f54ac58d3fcd7cf3cef18088bf0f0fdec2ac9202b2b1,ambiguous-generic,,13531,1.000000,ae3f4619b0413d70d3004b9131c3752153074e45725be13b9a148978895e359e,
fileman,FileDebugPrint,1,/O2 /Ob2 /G5 /MD,gog_128_base,18a74ff61c65b8a2d4cfa11ffce82ad7fef022a94eaf0c2f217e479e981420d2,ambiguous-generic,,13531,1.000000,ae3f4619b0413d70d3004b9131c3752153074e45725be13b9a148978895e359e,
fileman,FileDebugPrint,1,/O2 /Ob2 /G5 /MD,gog_128_patch,fdca6d9cd0940034191e82b8e2900de26bb25e381c74128dcb8967360a9fb824,unavailable,,0,0.000000,ae3f4619b0413d70d3004b9131c3752153074e45725be13b9a148978895e359e,no-text-section
fileman,FileDebugPrint,1,/O2 /Ob2 /G5 /MD,retail_2001_12_23,c3639d43568a1ed233be85c6b3b8129b1a4661e65717220e0514c815aa972edd,unavailable,,0,0.000000,ae3f4619b0413d70d3004b9131c3752153074e45725be13b9a148978895e359e,protected-executable
fileman,FileDelete,12,/O2 /Ob2 /G5 /MD,demo,8acda50afe39f7e6a867272300a09463fd94aed9a510008fcdefc662143346e4,ambiguous-generic,,2,1.000000,affed1bec2e0bbe9f34afb41a2c315445219c39640d96de70a2103cfcb5ecb5b,
fileman,FileDelete,12,/O2 /Ob2 /G5 /MD,gog_base,18a74ff61c65b8a2d4cfa11ffce82ad7fef022a94eaf0c2f217e479e981420d2,ambiguous-generic,,2,1.000000,affed1bec2e0bbe9f34afb41a2c315445219c39640d96de70a2103cfcb5ecb5b,
fileman,FileDelete,12,/O2 /Ob2 /G5 /MD,gog_1261,18a74ff61c65b8a2d4cfa11ffce82ad7fef022a94eaf0c2f217e479e981420d2,ambiguous-generic,,2,1.000000,affed1bec2e0bbe9f34afb41a2c315445219c39640d96de70a2103cfcb5ecb5b,
fileman,FileDelete,12,/O2 /Ob2 /G5 /MD,gog_1261_new,57a3072c2f8307de84e2f54ac58d3fcd7cf3cef18088bf0f0fdec2ac9202b2b1,ambiguous-generic,,2,1.000000,affed1bec2e0bbe9f34afb41a2c315445219c39640d96de70a2103cfcb5ecb5b,
fileman,FileDelete,12,/O2 /Ob2 /G5 /MD,gog_128_base,18a74ff61c65b8a2d4cfa11ffce82ad7fef022a94eaf0c2f217e479e981420d2,ambiguous-generic,,2,1.000000,affed1bec2e0bbe9f34afb41a2c315445219c39640d96de70a2103cfcb5ecb5b,
fileman,FileDelete,12,/O2 /Ob2 /G5 /MD,gog_128_patch,fdca6d9cd0940034191e82b8e2900de26bb25e381c74128dcb8967360a9fb824,unavailable,,0,0.000000,affed1bec2e0bbe9f34afb41a2c315445219c39640d96de70a2103cfcb5ecb5b,no-text-section
fileman,FileDelete,12,/O2 /Ob2 /G5 /MD,retail_2001_12_23,c3639d43568a1ed233be85c6b3b8129b1a4661e65717220e0514c815aa972edd,unavailable,,0,0.000000,affed1bec2e0bbe9f34afb41a2c315445219c39640d96de70a2103cfcb5ecb5b,protected-executable
fileman,FileExists,65,/O2 /Ob2 /G5 /MD,demo,8acda50afe39f7e6a867272300a09463fd94aed9a510008fcdefc662143346e4,relocation-equivalent,00404c60,1,1.000000,cbd08da2dec3833f6b12429490edc274d7fb8e5f18522dff724a4453aa57cc8f,
fileman,FileExists,65,/O2 /Ob2 /G5 /MD,gog_base,18a74ff61c65b8a2d4cfa11ffce82ad7fef022a94eaf0c2f217e479e981420d2,relocation-equivalent,00404bf0,1,1.000000,cbd08da2dec3833f6b12429490edc274d7fb8e5f18522dff724a4453aa57cc8f,
fileman,FileExists,65,/O2 /Ob2 /G5 /MD,gog_1261,18a74ff61c65b8a2d4cfa11ffce82ad7fef022a94eaf0c2f217e479e981420d2,relocation-equivalent,00404bf0,1,1.000000,cbd08da2dec3833f6b12429490edc274d7fb8e5f18522dff724a4453aa57cc8f,
fileman,FileExists,65,/O2 /Ob2 /G5 /MD,gog_1261_new,57a3072c2f8307de84e2f54ac58d3fcd7cf3cef18088bf0f0fdec2ac9202b2b1,relocation-equivalent,00404bf0,1,1.000000,cbd08da2dec3833f6b12429490edc274d7fb8e5f18522dff724a4453aa57cc8f,
fileman,FileExists,65,/O2 /Ob2 /G5 /MD,gog_128_base,18a74ff61c65b8a2d4cfa11ffce82ad7fef022a94eaf0c2f217e479e981420d2,relocation-equivalent,00404bf0,1,1.000000,cbd08da2dec3833f6b12429490edc274d7fb8e5f18522dff724a4453aa57cc8f,
fileman,FileExists,65,/O2 /Ob2 /G5 /MD,gog_128_patch,fdca6d9cd0940034191e82b8e2900de26bb25e381c74128dcb8967360a9fb824,unavailable,,0,0.000000,cbd08da2dec3833f6b12429490edc274d7fb8e5f18522dff724a4453aa57cc8f,no-text-section
fileman,FileExists,65,/O2 /Ob2 /G5 /MD,retail_2001_12_23,c3639d43568a1ed233be85c6b3b8129b1a4661e65717220e0514c815aa972edd,unavailable,,0,0.000000,cbd08da2dec3833f6b12429490edc274d7fb8e5f18522dff724a4453aa57cc8f,protected-executable
fileman,FileExistsNoDB,42,/O2 /Ob2 /G5 /MD,demo,8acda50afe39f7e6a867272300a09463fd94aed9a510008fcdefc662143346e4,relocation-equivalent,00404cb0,1,1.000000,d209a7d538c623533663724f1273b3c9d20714a09ec0e02764826b507d89b997,
fileman,FileExistsNoDB,42,/O2 /Ob2 /G5 /MD,gog_base,18a74ff61c65b8a2d4cfa11ffce82ad7fef022a94eaf0c2f217e479e981420d2,relocation-equivalent,00404c40,1,1.000000,d209a7d538c623533663724f1273b3c9d20714a09ec0e02764826b507d89b997,
fileman,FileExistsNoDB,42,/O2 /Ob2 /G5 /MD,gog_1261,18a74ff61c65b8a2d4cfa11ffce82ad7fef022a94eaf0c2f217e479e981420d2,relocation-equivalent,00404c40,1,1.000000,d209a7d538c623533663724f1273b3c9d20714a09ec0e02764826b507d89b997,
fileman,FileExistsNoDB,42,/O2 /Ob2 /G5 /MD,gog_1261_new,57a3072c2f8307de84e2f54ac58d3fcd7cf3cef18088bf0f0fdec2ac9202b2b1,relocation-equivalent,00404c40,1,1.000000,d209a7d538c623533663724f1273b3c9d20714a09ec0e02764826b507d89b997,
fileman,FileExistsNoDB,42,/O2 /Ob2 /G5 /MD,gog_128_base,18a74ff61c65b8a2d4cfa11ffce82ad7fef022a94eaf0c2f217e479e981420d2,relocation-equivalent,00404c40,1,1.000000,d209a7d538c623533663724f1273b3c9d20714a09ec0e02764826b507d89b997,
fileman,FileExistsNoDB,42,/O2 /Ob2 /G5 /MD,gog_128_patch,fdca6d9cd0940034191e82b8e2900de26bb25e381c74128dcb8967360a9fb824,unavailable,,0,0.000000,d209a7d538c623533663724f1273b3c9d20714a09ec0e02764826b507d89b997,no-text-section
fileman,FileExistsNoDB,42,/O2 /Ob2 /G5 /MD,retail_2001_12_23,c3639d43568a1ed233be85c6b3b8129b1a4661e65717220e0514c815aa972edd,unavailable,,0,0.000000,d209a7d538c623533663724f1273b3c9d20714a09ec0e02764826b507d89b997,protected-executable
fileman,FileGetAttributes,96,/O2 /Ob2 /G5 /MD,demo,8acda50afe39f7e6a867272300a09463fd94aed9a510008fcdefc662143346e4,relocation-equivalent,00405560,1,1.000000,59fd51084fc8ef0543e5cbe469d249226bad4bae4e0aaf5027f664032230c8f5,
fileman,FileGetAttributes,96,/O2 /Ob2 /G5 /MD,gog_base,18a74ff61c65b8a2d4cfa11ffce82ad7fef022a94eaf0c2f217e479e981420d2,relocation-equivalent,004054f0,1,1.000000,59fd51084fc8ef0543e5cbe469d249226bad4bae4e0aaf5027f664032230c8f5,
fileman,FileGetAttributes,96,/O2 /Ob2 /G5 /MD,gog_1261,18a74ff61c65b8a2d4cfa11ffce82ad7fef022a94eaf0c2f217e479e981420d2,relocation-equivalent,004054f0,1,1.000000,59fd51084fc8ef0543e5cbe469d249226bad4bae4e0aaf5027f664032230c8f5,
fileman,FileGetAttributes,96,/O2 /Ob2 /G5 /MD,gog_1261_new,57a3072c2f8307de84e2f54ac58d3fcd7cf3cef18088bf0f0fdec2ac9202b2b1,relocation-equivalent,004054f0,1,1.000000,59fd51084fc8ef0543e5cbe469d249226bad4bae4e0aaf5027f664032230c8f5,
fileman,FileGetAttributes,96,/O2 /Ob2 /G5 /MD,gog_128_base,18a74ff61c65b8a2d4cfa11ffce82ad7fef022a94eaf0c2f217e479e981420d2,relocation-equivalent,004054f0,1,1.000000,59fd51084fc8ef0543e5cbe469d249226bad4bae4e0aaf5027f664032230c8f5,
fileman,FileGetAttributes,96,/O2 /Ob2 /G5 /MD,gog_128_patch,fdca6d9cd0940034191e82b8e2900de26bb25e381c74128dcb8967360a9fb824,unavailable,,0,0.000000,59fd51084fc8ef0543e5cbe469d249226bad4bae4e0aaf5027f664032230c8f5,no-text-section
fileman,FileGetAttributes,96,/O2 /Ob2 /G5 /MD,retail_2001_12_23,c3639d43568a1ed233be85c6b3b8129b1a4661e65717220e0514c815aa972edd,unavailable,,0,0.000000,59fd51084fc8ef0543e5cbe469d249226bad4bae4e0aaf5027f664032230c8f5,protected-executable
fileman,FileGetPos,127,/O2 /Ob2 /G5 /MD,demo,8acda50afe39f7e6a867272300a09463fd94aed9a510008fcdefc662143346e4,absent-or-stripped,,0,0.000000,1856c0c4508dbd14bea1770b0d1f056431f9916eb7583c8fb342b32a35eb2de5,
fileman,FileGetPos,127,/O2 /Ob2 /G5 /MD,gog_base,18a74ff61c65b8a2d4cfa11ffce82ad7fef022a94eaf0c2f217e479e981420d2,absent-or-stripped,,0,0.000000,1856c0c4508dbd14bea1770b0d1f056431f9916eb7583c8fb342b32a35eb2de5,
fileman,FileGetPos,127,/O2 /Ob2 /G5 /MD,gog_1261,18a74ff61c65b8a2d4cfa11ffce82ad7fef022a94eaf0c2f217e479e981420d2,absent-or-stripped,,0,0.000000,1856c0c4508dbd14bea1770b0d1f056431f9916eb7583c8fb342b32a35eb2de5,
fileman,FileGetPos,127,/O2 /Ob2 /G5 /MD,gog_1261_new,57a3072c2f8307de84e2f54ac58d3fcd7cf3cef18088bf0f0fdec2ac9202b2b1,absent-or-stripped,,0,0.000000,1856c0c4508dbd14bea1770b0d1f056431f9916eb7583c8fb342b32a35eb2de5,
fileman,FileGetPos,127,/O2 /Ob2 /G5 /MD,gog_128_base,18a74ff61c65b8a2d4cfa11ffce82ad7fef022a94eaf0c2f217e479e981420d2,absent-or-stripped,,0,0.000000,1856c0c4508dbd14bea1770b0d1f056431f9916eb7583c8fb342b32a35eb2de5,
fileman,FileGetPos,127,/O2 /Ob2 /G5 /MD,gog_128_patch,fdca6d9cd0940034191e82b8e2900de26bb25e381c74128dcb8967360a9fb824,unavailable,,0,0.000000,1856c0c4508dbd14bea1770b0d1f056431f9916eb7583c8fb342b32a35eb2de5,no-text-section
fileman,FileGetPos,127,/O2 /Ob2 /G5 /MD,retail_2001_12_23,c3639d43568a1ed233be85c6b3b8129b1a4661e65717220e0514c815aa972edd,unavailable,,0,0.000000,1856c0c4508dbd14bea1770b0d1f056431f9916eb7583c8fb342b32a35eb2de5,protected-executable
fileman,FileGetSize,113,/O2 /Ob2 /G5 /MD,demo,8acda50afe39f7e6a867272300a09463fd94aed9a510008fcdefc662143346e4,absent-or-stripped,,0,0.000000,c94ef3842f1e7637e8e3fdd736cd91de87b82ce1a8536c4aad8e9162d1559c5e,
fileman,FileGetSize,113,/O2 /Ob2 /G5 /MD,gog_base,18a74ff61c65b8a2d4cfa11ffce82ad7fef022a94eaf0c2f217e479e981420d2,absent-or-stripped,,0,0.000000,c94ef3842f1e7637e8e3fdd736cd91de87b82ce1a8536c4aad8e9162d1559c5e,
fileman,FileGetSize,113,/O2 /Ob2 /G5 /MD,gog_1261,18a74ff61c65b8a2d4cfa11ffce82ad7fef022a94eaf0c2f217e479e981420d2,absent-or-stripped,,0,0.000000,c94ef3842f1e7637e8e3fdd736cd91de87b82ce1a8536c4aad8e9162d1559c5e,
fileman,FileGetSize,113,/O2 /Ob2 /G5 /MD,gog_1261_new,57a3072c2f8307de84e2f54ac58d3fcd7cf3cef18088bf0f0fdec2ac9202b2b1,absent-or-stripped,,0,0.000000,c94ef3842f1e7637e8e3fdd736cd91de87b82ce1a8536c4aad8e9162d1559c5e,
fileman,FileGetSize,113,/O2 /Ob2 /G5 /MD,gog_128_base,18a74ff61c65b8a2d4cfa11ffce82ad7fef022a94eaf0c2f217e479e981420d2,absent-or-stripped,,0,0.000000,c94ef3842f1e7637e8e3fdd736cd91de87b82ce1a8536c4aad8e9162d1559c5e,
fileman,FileGetSize,113,/O2 /Ob2 /G5 /MD,gog_128_patch,fdca6d9cd0940034191e82b8e2900de26bb25e381c74128dcb8967360a9fb824,unavailable,,0,0.000000,c94ef3842f1e7637e8e3fdd736cd91de87b82ce1a8536c4aad8e9162d1559c5e,no-text-section
fileman,FileGetSize,113,/O2 /Ob2 /G5 /MD,retail_2001_12_23,c3639d43568a1ed233be85c6b3b8129b1a4661e65717220e0514c815aa972edd,unavailable,,0,0.000000,c94ef3842f1e7637e8e3fdd736cd91de87b82ce1a8536c4aad8e9162d1559c5e,protected-executable
fileman,FileLoad,218,/O2 /Ob2 /G5 /MD,demo,8acda50afe39f7e6a867272300a09463fd94aed9a510008fcdefc662143346e4,absent-or-stripped,,0,0.000000,4f6ec70be3926c0aa2bbf98de4febcc30aad1dd430be8d553fac8c5d92747bde,
fileman,FileLoad,218,/O2 /Ob2 /G5 /MD,gog_base,18a74ff61c65b8a2d4cfa11ffce82ad7fef022a94eaf0c2f217e479e981420d2,absent-or-stripped,,0,0.000000,4f6ec70be3926c0aa2bbf98de4febcc30aad1dd430be8d553fac8c5d92747bde,
fileman,FileLoad,218,/O2 /Ob2 /G5 /MD,gog_1261,18a74ff61c65b8a2d4cfa11ffce82ad7fef022a94eaf0c2f217e479e981420d2,absent-or-stripped,,0,0.000000,4f6ec70be3926c0aa2bbf98de4febcc30aad1dd430be8d553fac8c5d92747bde,
fileman,FileLoad,218,/O2 /Ob2 /G5 /MD,gog_1261_new,57a3072c2f8307de84e2f54ac58d3fcd7cf3cef18088bf0f0fdec2ac9202b2b1,absent-or-stripped,,0,0.000000,4f6ec70be3926c0aa2bbf98de4febcc30aad1dd430be8d553fac8c5d92747bde,
fileman,FileLoad,218,/O2 /Ob2 /G5 /MD,gog_128_base,18a74ff61c65b8a2d4cfa11ffce82ad7fef022a94eaf0c2f217e479e981420d2,absent-or-stripped,,0,0.000000,4f6ec70be3926c0aa2bbf98de4febcc30aad1dd430be8d553fac8c5d92747bde,
fileman,FileLoad,218,/O2 /Ob2 /G5 /MD,gog_128_patch,fdca6d9cd0940034191e82b8e2900de26bb25e381c74128dcb8967360a9fb824,unavailable,,0,0.000000,4f6ec70be3926c0aa2bbf98de4febcc30aad1dd430be8d553fac8c5d92747bde,no-text-section
fileman,FileLoad,218,/O2 /Ob2 /G5 /MD,retail_2001_12_23,c3639d43568a1ed233be85c6b3b8129b1a4661e65717220e0514c815aa972edd,unavailable,,0,0.000000,4f6ec70be3926c0aa2bbf98de4febcc30aad1dd430be8d553fac8c5d92747bde,protected-executable
fileman,FileMove,17,/O2 /Ob2 /G5 /MD,demo,8acda50afe39f7e6a867272300a09463fd94aed9a510008fcdefc662143346e4,ambiguous-generic,,1,1.000000,e889e09f033bff21a40e4fd56b36aa4386e542edb5f2f3fb3dffe2fd18106bbd,
fileman,FileMove,17,/O2 /Ob2 /G5 /MD,gog_base,18a74ff61c65b8a2d4cfa11ffce82ad7fef022a94eaf0c2f217e479e981420d2,ambiguous-generic,,1,1.000000,e889e09f033bff21a40e4fd56b36aa4386e542edb5f2f3fb3dffe2fd18106bbd,
fileman,FileMove,17,/O2 /Ob2 /G5 /MD,gog_1261,18a74ff61c65b8a2d4cfa11ffce82ad7fef022a94eaf0c2f217e479e981420d2,ambiguous-generic,,1,1.000000,e889e09f033bff21a40e4fd56b36aa4386e542edb5f2f3fb3dffe2fd18106bbd,
fileman,FileMove,17,/O2 /Ob2 /G5 /MD,gog_1261_new,57a3072c2f8307de84e2f54ac58d3fcd7cf3cef18088bf0f0fdec2ac9202b2b1,ambiguous-generic,,1,1.000000,e889e09f033bff21a40e4fd56b36aa4386e542edb5f2f3fb3dffe2fd18106bbd,
fileman,FileMove,17,/O2 /Ob2 /G5 /MD,gog_128_base,18a74ff61c65b8a2d4cfa11ffce82ad7fef022a94eaf0c2f217e479e981420d2,ambiguous-generic,,1,1.000000,e889e09f033bff21a40e4fd56b36aa4386e542edb5f2f3fb3dffe2fd18106bbd,
fileman,FileMove,17,/O2 /Ob2 /G5 /MD,gog_128_patch,fdca6d9cd0940034191e82b8e2900de26bb25e381c74128dcb8967360a9fb824,unavailable,,0,0.000000,e889e09f033bff21a40e4fd56b36aa4386e542edb5f2f3fb3dffe2fd18106bbd,no-text-section
fileman,FileMove,17,/O2 /Ob2 /G5 /MD,retail_2001_12_23,c3639d43568a1ed233be85c6b3b8129b1a4661e65717220e0514c815aa972edd,unavailable,,0,0.000000,e889e09f033bff21a40e4fd56b36aa4386e542edb5f2f3fb3dffe2fd18106bbd,protected-executable
fileman,FileOpen,387,/O2 /Ob2 /G5 /MD,demo,8acda50afe39f7e6a867272300a09463fd94aed9a510008fcdefc662143346e4,relocation-equivalent,00404cf0,1,1.000000,84da465de36c505b4e248cc5a29778de2b59face4571847a5b2550117596393e,
fileman,FileOpen,387,/O2 /Ob2 /G5 /MD,gog_base,18a74ff61c65b8a2d4cfa11ffce82ad7fef022a94eaf0c2f217e479e981420d2,relocation-equivalent,00404c80,1,1.000000,84da465de36c505b4e248cc5a29778de2b59face4571847a5b2550117596393e,
fileman,FileOpen,387,/O2 /Ob2 /G5 /MD,gog_1261,18a74ff61c65b8a2d4cfa11ffce82ad7fef022a94eaf0c2f217e479e981420d2,relocation-equivalent,00404c80,1,1.000000,84da465de36c505b4e248cc5a29778de2b59face4571847a5b2550117596393e,
fileman,FileOpen,387,/O2 /Ob2 /G5 /MD,gog_1261_new,57a3072c2f8307de84e2f54ac58d3fcd7cf3cef18088bf0f0fdec2ac9202b2b1,relocation-equivalent,00404c80,1,1.000000,84da465de36c505b4e248cc5a29778de2b59face4571847a5b2550117596393e,
fileman,FileOpen,387,/O2 /Ob2 /G5 /MD,gog_128_base,18a74ff61c65b8a2d4cfa11ffce82ad7fef022a94eaf0c2f217e479e981420d2,relocation-equivalent,00404c80,1,1.000000,84da465de36c505b4e248cc5a29778de2b59face4571847a5b2550117596393e,
fileman,FileOpen,387,/O2 /Ob2 /G5 /MD,gog_128_patch,fdca6d9cd0940034191e82b8e2900de26bb25e381c74128dcb8967360a9fb824,unavailable,,0,0.000000,84da465de36c505b4e248cc5a29778de2b59face4571847a5b2550117596393e,no-text-section
fileman,FileOpen,387,/O2 /Ob2 /G5 /MD,retail_2001_12_23,c3639d43568a1ed233be85c6b3b8129b1a4661e65717220e0514c815aa972edd,unavailable,,0,0.000000,84da465de36c505b4e248cc5a29778de2b59face4571847a5b2550117596393e,protected-executable
fileman,FilePrintf,152,/O2 /Ob2 /G5 /MD,demo,8acda50afe39f7e6a867272300a09463fd94aed9a510008fcdefc662143346e4,absent-or-stripped,,0,0.000000,c2752db339986f361ac8a5e4da605b51ee20f0afd89bea1699147c784ab35faa,
fileman,FilePrintf,152,/O2 /Ob2 /G5 /MD,gog_base,18a74ff61c65b8a2d4cfa11ffce82ad7fef022a94eaf0c2f217e479e981420d2,absent-or-stripped,,0,0.000000,c2752db339986f361ac8a5e4da605b51ee20f0afd89bea1699147c784ab35faa,
fileman,FilePrintf,152,/O2 /Ob2 /G5 /MD,gog_1261,18a74ff61c65b8a2d4cfa11ffce82ad7fef022a94eaf0c2f217e479e981420d2,absent-or-stripped,,0,0.000000,c2752db339986f361ac8a5e4da605b51ee20f0afd89bea1699147c784ab35faa,
fileman,FilePrintf,152,/O2 /Ob2 /G5 /MD,gog_1261_new,57a3072c2f8307de84e2f54ac58d3fcd7cf3cef18088bf0f0fdec2ac9202b2b1,absent-or-stripped,,0,0.000000,c2752db339986f361ac8a5e4da605b51ee20f0afd89bea1699147c784ab35faa,
fileman,FilePrintf,152,/O2 /Ob2 /G5 /MD,gog_128_base,18a74ff61c65b8a2d4cfa11ffce82ad7fef022a94eaf0c2f217e479e981420d2,absent-or-stripped,,0,0.000000,c2752db339986f361ac8a5e4da605b51ee20f0afd89bea1699147c784ab35faa,
fileman,FilePrintf,152,/O2 /Ob2 /G5 /MD,gog_128_patch,fdca6d9cd0940034191e82b8e2900de26bb25e381c74128dcb8967360a9fb824,unavailable,,0,0.000000,c2752db339986f361ac8a5e4da605b51ee20f0afd89bea1699147c784ab35faa,no-text-section
fileman,FilePrintf,152,/O2 /Ob2 /G5 /MD,retail_2001_12_23,c3639d43568a1ed233be85c6b3b8129b1a4661e65717220e0514c815aa972edd,unavailable,,0,0.000000,c2752db339986f361ac8a5e4da605b51ee20f0afd89bea1699147c784ab35faa,protected-executable
fileman,FileRead,269,/O2 /Ob2 /G5 /MD,demo,8acda50afe39f7e6a867272300a09463fd94aed9a510008fcdefc662143346e4,absent-or-stripped,,0,0.000000,74b8fe5982eca9da574927d6363363a497ce3683c479595c7233387f90e236c9,
fileman,FileRead,269,/O2 /Ob2 /G5 /MD,gog_base,18a74ff61c65b8a2d4cfa11ffce82ad7fef022a94eaf0c2f217e479e981420d2,absent-or-stripped,,0,0.000000,74b8fe5982eca9da574927d6363363a497ce3683c479595c7233387f90e236c9,
fileman,FileRead,269,/O2 /Ob2 /G5 /MD,gog_1261,18a74ff61c65b8a2d4cfa11ffce82ad7fef022a94eaf0c2f217e479e981420d2,absent-or-stripped,,0,0.000000,74b8fe5982eca9da574927d6363363a497ce3683c479595c7233387f90e236c9,
fileman,FileRead,269,/O2 /Ob2 /G5 /MD,gog_1261_new,57a3072c2f8307de84e2f54ac58d3fcd7cf3cef18088bf0f0fdec2ac9202b2b1,absent-or-stripped,,0,0.000000,74b8fe5982eca9da574927d6363363a497ce3683c479595c7233387f90e236c9,
fileman,FileRead,269,/O2 /Ob2 /G5 /MD,gog_128_base,18a74ff61c65b8a2d4cfa11ffce82ad7fef022a94eaf0c2f217e479e981420d2,absent-or-stripped,,0,0.000000,74b8fe5982eca9da574927d6363363a497ce3683c479595c7233387f90e236c9,
fileman,FileRead,269,/O2 /Ob2 /G5 /MD,gog_128_patch,fdca6d9cd0940034191e82b8e2900de26bb25e381c74128dcb8967360a9fb824,unavailable,,0,0.000000,74b8fe5982eca9da574927d6363363a497ce3683c479595c7233387f90e236c9,no-text-section
fileman,FileRead,269,/O2 /Ob2 /G5 /MD,retail_2001_12_23,c3639d43568a1ed233be85c6b3b8129b1a4661e65717220e0514c815aa972edd,unavailable,,0,0.000000,74b8fe5982eca9da574927d6363363a497ce3683c479595c7233387f90e236c9,protected-executable
fileman,FileSeek,146,/O2 /Ob2 /G5 /MD,demo,8acda50afe39f7e6a867272300a09463fd94aed9a510008fcdefc662143346e4,relocation-equivalent,004050a0,1,1.000000,8813c101ecd0b7662b0339634f568409237bff906934a6bc5e4fa72d0c47e14d,
fileman,FileSeek,146,/O2 /Ob2 /G5 /MD,gog_base,18a74ff61c65b8a2d4cfa11ffce82ad7fef022a94eaf0c2f217e479e981420d2,relocation-equivalent,00405030,1,1.000000,8813c101ecd0b7662b0339634f568409237bff906934a6bc5e4fa72d0c47e14d,
fileman,FileSeek,146,/O2 /Ob2 /G5 /MD,gog_1261,18a74ff61c65b8a2d4cfa11ffce82ad7fef022a94eaf0c2f217e479e981420d2,relocation-equivalent,00405030,1,1.000000,8813c101ecd0b7662b0339634f568409237bff906934a6bc5e4fa72d0c47e14d,
fileman,FileSeek,146,/O2 /Ob2 /G5 /MD,gog_1261_new,57a3072c2f8307de84e2f54ac58d3fcd7cf3cef18088bf0f0fdec2ac9202b2b1,relocation-equivalent,00405030,1,1.000000,8813c101ecd0b7662b0339634f568409237bff906934a6bc5e4fa72d0c47e14d,
fileman,FileSeek,146,/O2 /Ob2 /G5 /MD,gog_128_base,18a74ff61c65b8a2d4cfa11ffce82ad7fef022a94eaf0c2f217e479e981420d2,relocation-equivalent,00405030,1,1.000000,8813c101ecd0b7662b0339634f568409237bff906934a6bc5e4fa72d0c47e14d,
fileman,FileSeek,146,/O2 /Ob2 /G5 /MD,gog_128_patch,fdca6d9cd0940034191e82b8e2900de26bb25e381c74128dcb8967360a9fb824,unavailable,,0,0.000000,8813c101ecd0b7662b0339634f568409237bff906934a6bc5e4fa72d0c47e14d,no-text-section
fileman,FileSeek,146,/O2 /Ob2 /G5 /MD,retail_2001_12_23,c3639d43568a1ed233be85c6b3b8129b1a4661e65717220e0514c815aa972edd,unavailable,,0,0.000000,8813c101ecd0b7662b0339634f568409237bff906934a6bc5e4fa72d0c47e14d,protected-executable
fileman,FileSetAttributes,73,/O2 /Ob2 /G5 /MD,demo,8acda50afe39f7e6a867272300a09463fd94aed9a510008fcdefc662143346e4,absent-or-stripped,,0,0.000000,5c2ed70da54386c7d0b14728825960de01f2b542d0ae4875ecafa505825d44c6,
fileman,FileSetAttributes,73,/O2 /Ob2 /G5 /MD,gog_base,18a74ff61c65b8a2d4cfa11ffce82ad7fef022a94eaf0c2f217e479e981420d2,absent-or-stripped,,0,0.000000,5c2ed70da54386c7d0b14728825960de01f2b542d0ae4875ecafa505825d44c6,
fileman,FileSetAttributes,73,/O2 /Ob2 /G5 /MD,gog_1261,18a74ff61c65b8a2d4cfa11ffce82ad7fef022a94eaf0c2f217e479e981420d2,absent-or-stripped,,0,0.000000,5c2ed70da54386c7d0b14728825960de01f2b542d0ae4875ecafa505825d44c6,
fileman,FileSetAttributes,73,/O2 /Ob2 /G5 /MD,gog_1261_new,57a3072c2f8307de84e2f54ac58d3fcd7cf3cef18088bf0f0fdec2ac9202b2b1,absent-or-stripped,,0,0.000000,5c2ed70da54386c7d0b14728825960de01f2b542d0ae4875ecafa505825d44c6,
fileman,FileSetAttributes,73,/O2 /Ob2 /G5 /MD,gog_128_base,18a74ff61c65b8a2d4cfa11ffce82ad7fef022a94eaf0c2f217e479e981420d2,absent-or-stripped,,0,0.000000,5c2ed70da54386c7d0b14728825960de01f2b542d0ae4875ecafa505825d44c6,
fileman,FileSetAttributes,73,/O2 /Ob2 /G5 /MD,gog_128_patch,fdca6d9cd0940034191e82b8e2900de26bb25e381c74128dcb8967360a9fb824,unavailable,,0,0.000000,5c2ed70da54386c7d0b14728825960de01f2b542d0ae4875ecafa505825d44c6,no-text-section
fileman,FileSetAttributes,73,/O2 /Ob2 /G5 /MD,retail_2001_12_23,c3639d43568a1ed233be85c6b3b8129b1a4661e65717220e0514c815aa972edd,unavailable,,0,0.000000,5c2ed70da54386c7d0b14728825960de01f2b542d0ae4875ecafa505825d44c6,protected-executable
fileman,FileSize,276,/O2 /Ob2 /G5 /MD,demo,8acda50afe39f7e6a867272300a09463fd94aed9a510008fcdefc662143346e4,absent-or-stripped,,0,0.000000,0bb161ef3ce6f7cd13ffef5b8ef60f07e4919e137e0d45cb77176498fc4ac2ee,
fileman,FileSize,276,/O2 /Ob2 /G5 /MD,gog_base,18a74ff61c65b8a2d4cfa11ffce82ad7fef022a94eaf0c2f217e479e981420d2,absent-or-stripped,,0,0.000000,0bb161ef3ce6f7cd13ffef5b8ef60f07e4919e137e0d45cb77176498fc4ac2ee,
fileman,FileSize,276,/O2 /Ob2 /G5 /MD,gog_1261,18a74ff61c65b8a2d4cfa11ffce82ad7fef022a94eaf0c2f217e479e981420d2,absent-or-stripped,,0,0.000000,0bb161ef3ce6f7cd13ffef5b8ef60f07e4919e137e0d45cb77176498fc4ac2ee,
fileman,FileSize,276,/O2 /Ob2 /G5 /MD,gog_1261_new,57a3072c2f8307de84e2f54ac58d3fcd7cf3cef18088bf0f0fdec2ac9202b2b1,absent-or-stripped,,0,0.000000,0bb161ef3ce6f7cd13ffef5b8ef60f07e4919e137e0d45cb77176498fc4ac2ee,
fileman,FileSize,276,/O2 /Ob2 /G5 /MD,gog_128_base,18a74ff61c65b8a2d4cfa11ffce82ad7fef022a94eaf0c2f217e479e981420d2,absent-or-stripped,,0,0.000000,0bb161ef3ce6f7cd13ffef5b8ef60f07e4919e137e0d45cb77176498fc4ac2ee,
fileman,FileSize,276,/O2 /Ob2 /G5 /MD,gog_128_patch,fdca6d9cd0940034191e82b8e2900de26bb25e381c74128dcb8967360a9fb824,unavailable,,0,0.000000,0bb161ef3ce6f7cd13ffef5b8ef60f07e4919e137e0d45cb77176498fc4ac2ee,no-text-section
fileman,FileSize,276,/O2 /Ob2 /G5 /MD,retail_2001_12_23,c3639d43568a1ed233be85c6b3b8129b1a4661e65717220e0514c815aa972edd,unavailable,,0,0.000000,0bb161ef3ce6f7cd13ffef5b8ef60f07e4919e137e0d45cb77176498fc4ac2ee,protected-executable
fileman,FileWrite,119,/O2 /Ob2 /G5 /MD,demo,8acda50afe39f7e6a867272300a09463fd94aed9a510008fcdefc662143346e4,relocation-equivalent,00405020,1,1.000000,d69c4fa41499b8bfe509ff53360913124ed86ff63edfc901b61b4c29d8eb6e11,
fileman,FileWrite,119,/O2 /Ob2 /G5 /MD,gog_base,18a74ff61c65b8a2d4cfa11ffce82ad7fef022a94eaf0c2f217e479e981420d2,relocation-equivalent,00404fb0,1,1.000000,d69c4fa41499b8bfe509ff53360913124ed86ff63edfc901b61b4c29d8eb6e11,
fileman,FileWrite,119,/O2 /Ob2 /G5 /MD,gog_1261,18a74ff61c65b8a2d4cfa11ffce82ad7fef022a94eaf0c2f217e479e981420d2,relocation-equivalent,00404fb0,1,1.000000,d69c4fa41499b8bfe509ff53360913124ed86ff63edfc901b61b4c29d8eb6e11,
fileman,FileWrite,119,/O2 /Ob2 /G5 /MD,gog_1261_new,57a3072c2f8307de84e2f54ac58d3fcd7cf3cef18088bf0f0fdec2ac9202b2b1,relocation-equivalent,00404fb0,1,1.000000,d69c4fa41499b8bfe509ff53360913124ed86ff63edfc901b61b4c29d8eb6e11,
fileman,FileWrite,119,/O2 /Ob2 /G5 /MD,gog_128_base,18a74ff61c65b8a2d4cfa11ffce82ad7fef022a94eaf0c2f217e479e981420d2,relocation-equivalent,00404fb0,1,1.000000,d69c4fa41499b8bfe509ff53360913124ed86ff63edfc901b61b4c29d8eb6e11,
fileman,FileWrite,119,/O2 /Ob2 /G5 /MD,gog_128_patch,fdca6d9cd0940034191e82b8e2900de26bb25e381c74128dcb8967360a9fb824,unavailable,,0,0.000000,d69c4fa41499b8bfe509ff53360913124ed86ff63edfc901b61b4c29d8eb6e11,no-text-section
fileman,FileWrite,119,/O2 /Ob2 /G5 /MD,retail_2001_12_23,c3639d43568a1ed233be85c6b3b8129b1a4661e65717220e0514c815aa972edd,unavailable,,0,0.000000,d69c4fa41499b8bfe509ff53360913124ed86ff63edfc901b61b4c29d8eb6e11,protected-executable
fileman,GetExecutableDirectory,102,/O2 /Ob2 /G5 /MD,demo,8acda50afe39f7e6a867272300a09463fd94aed9a510008fcdefc662143346e4,relocation-equivalent,00405270,1,1.000000,ba8d8661477873c94ea67793d34bf64bda0e4ba4d1711e5c0b284b389d3d3471,
fileman,GetExecutableDirectory,102,/O2 /Ob2 /G5 /MD,gog_base,18a74ff61c65b8a2d4cfa11ffce82ad7fef022a94eaf0c2f217e479e981420d2,relocation-equivalent,00405200,1,1.000000,ba8d8661477873c94ea67793d34bf64bda0e4ba4d1711e5c0b284b389d3d3471,
fileman,GetExecutableDirectory,102,/O2 /Ob2 /G5 /MD,gog_1261,18a74ff61c65b8a2d4cfa11ffce82ad7fef022a94eaf0c2f217e479e981420d2,relocation-equivalent,00405200,1,1.000000,ba8d8661477873c94ea67793d34bf64bda0e4ba4d1711e5c0b284b389d3d3471,
fileman,GetExecutableDirectory,102,/O2 /Ob2 /G5 /MD,gog_1261_new,57a3072c2f8307de84e2f54ac58d3fcd7cf3cef18088bf0f0fdec2ac9202b2b1,relocation-equivalent,00405200,1,1.000000,ba8d8661477873c94ea67793d34bf64bda0e4ba4d1711e5c0b284b389d3d3471,
fileman,GetExecutableDirectory,102,/O2 /Ob2 /G5 /MD,gog_128_base,18a74ff61c65b8a2d4cfa11ffce82ad7fef022a94eaf0c2f217e479e981420d2,relocation-equivalent,00405200,1,1.000000,ba8d8661477873c94ea67793d34bf64bda0e4ba4d1711e5c0b284b389d3d3471,
fileman,GetExecutableDirectory,102,/O2 /Ob2 /G5 /MD,gog_128_patch,fdca6d9cd0940034191e82b8e2900de26bb25e381c74128dcb8967360a9fb824,unavailable,,0,0.000000,ba8d8661477873c94ea67793d34bf64bda0e4ba4d1711e5c0b284b389d3d3471,no-text-section
fileman,GetExecutableDirectory,102,/O2 /Ob2 /G5 /MD,retail_2001_12_23,c3639d43568a1ed233be85c6b3b8129b1a4661e65717220e0514c815aa972edd,unavailable,,0,0.000000,ba8d8661477873c94ea67793d34bf64bda0e4ba4d1711e5c0b284b389d3d3471,protected-executable
fileman,GetFileClose,49,/O2 /Ob2 /G5 /MD,demo,8acda50afe39f7e6a867272300a09463fd94aed9a510008fcdefc662143346e4,relocation-equivalent,004053c0,1,1.000000,3eb85835f76b3c46cc5cbc91421eb8fc9145f18cd6d17c252b96113a5f3562f6,
fileman,GetFileClose,49,/O2 /Ob2 /G5 /MD,gog_base,18a74ff61c65b8a2d4cfa11ffce82ad7fef022a94eaf0c2f217e479e981420d2,relocation-equivalent,00405350,1,1.000000,3eb85835f76b3c46cc5cbc91421eb8fc9145f18cd6d17c252b96113a5f3562f6,
fileman,GetFileClose,49,/O2 /Ob2 /G5 /MD,gog_1261,18a74ff61c65b8a2d4cfa11ffce82ad7fef022a94eaf0c2f217e479e981420d2,relocation-equivalent,00405350,1,1.000000,3eb85835f76b3c46cc5cbc91421eb8fc9145f18cd6d17c252b96113a5f3562f6,
fileman,GetFileClose,49,/O2 /Ob2 /G5 /MD,gog_1261_new,57a3072c2f8307de84e2f54ac58d3fcd7cf3cef18088bf0f0fdec2ac9202b2b1,relocation-equivalent,00405350,1,1.000000,3eb85835f76b3c46cc5cbc91421eb8fc9145f18cd6d17c252b96113a5f3562f6,
fileman,GetFileClose,49,/O2 /Ob2 /G5 /MD,gog_128_base,18a74ff61c65b8a2d4cfa11ffce82ad7fef022a94eaf0c2f217e479e981420d2,relocation-equivalent,00405350,1,1.000000,3eb85835f76b3c46cc5cbc91421eb8fc9145f18cd6d17c252b96113a5f3562f6,
fileman,GetFileClose,49,/O2 /Ob2 /G5 /MD,gog_128_patch,fdca6d9cd0940034191e82b8e2900de26bb25e381c74128dcb8967360a9fb824,unavailable,,0,0.000000,3eb85835f76b3c46cc5cbc91421eb8fc9145f18cd6d17c252b96113a5f3562f6,no-text-section
fileman,GetFileClose,49,/O2 /Ob2 /G5 /MD,retail_2001_12_23,c3639d43568a1ed233be85c6b3b8129b1a4661e65717220e0514c815aa972edd,unavailable,,0,0.000000,3eb85835f76b3c46cc5cbc91421eb8fc9145f18cd6d17c252b96113a5f3562f6,protected-executable
fileman,GetFileFirst,132,/O2 /Ob2 /G5 /MD,demo,8acda50afe39f7e6a867272300a09463fd94aed9a510008fcdefc662143346e4,relocation-equivalent,004052e0,1,1.000000,c1da91731b6b6114c9c9c0628da706e2943c5c22876cbf03c18a05bea757f7bf,
fileman,GetFileFirst,132,/O2 /Ob2 /G5 /MD,gog_base,18a74ff61c65b8a2d4cfa11ffce82ad7fef022a94eaf0c2f217e479e981420d2,relocation-equivalent,00405270,1,1.000000,c1da91731b6b6114c9c9c0628da706e2943c5c22876cbf03c18a05bea757f7bf,
fileman,GetFileFirst,132,/O2 /Ob2 /G5 /MD,gog_1261,18a74ff61c65b8a2d4cfa11ffce82ad7fef022a94eaf0c2f217e479e981420d2,relocation-equivalent,00405270,1,1.000000,c1da91731b6b6114c9c9c0628da706e2943c5c22876cbf03c18a05bea757f7bf,
fileman,GetFileFirst,132,/O2 /Ob2 /G5 /MD,gog_1261_new,57a3072c2f8307de84e2f54ac58d3fcd7cf3cef18088bf0f0fdec2ac9202b2b1,near-source-with-wiz8-modifications,00405270,1,0.990741,c1da91731b6b6114c9c9c0628da706e2943c5c22876cbf03c18a05bea757f7bf,
fileman,GetFileFirst,132,/O2 /Ob2 /G5 /MD,gog_128_base,18a74ff61c65b8a2d4cfa11ffce82ad7fef022a94eaf0c2f217e479e981420d2,relocation-equivalent,00405270,1,1.000000,c1da91731b6b6114c9c9c0628da706e2943c5c22876cbf03c18a05bea757f7bf,
fileman,GetFileFirst,132,/O2 /Ob2 /G5 /MD,gog_128_patch,fdca6d9cd0940034191e82b8e2900de26bb25e381c74128dcb8967360a9fb824,unavailable,,0,0.000000,c1da91731b6b6114c9c9c0628da706e2943c5c22876cbf03c18a05bea757f7bf,no-text-section
fileman,GetFileFirst,132,/O2 /Ob2 /G5 /MD,retail_2001_12_23,c3639d43568a1ed233be85c6b3b8129b1a4661e65717220e0514c815aa972edd,unavailable,,0,0.000000,c1da91731b6b6114c9c9c0628da706e2943c5c22876cbf03c18a05bea757f7bf,protected-executable
fileman,GetFileManCurrentDirectory,22,/O2 /Ob2 /G5 /MD,demo,8acda50afe39f7e6a867272300a09463fd94aed9a510008fcdefc662143346e4,absent-or-stripped,,0,0.000000,4a9832e56173200a9155a4d3de0af2905fbd88c4d0905c0af8733d1e789b9f24,
fileman,GetFileManCurrentDirectory,22,/O2 /Ob2 /G5 /MD,gog_base,18a74ff61c65b8a2d4cfa11ffce82ad7fef022a94eaf0c2f217e479e981420d2,absent-or-stripped,,0,0.000000,4a9832e56173200a9155a4d3de0af2905fbd88c4d0905c0af8733d1e789b9f24,
fileman,GetFileManCurrentDirectory,22,/O2 /Ob2 /G5 /MD,gog_1261,18a74ff61c65b8a2d4cfa11ffce82ad7fef022a94eaf0c2f217e479e981420d2,absent-or-stripped,,0,0.000000,4a9832e56173200a9155a4d3de0af2905fbd88c4d0905c0af8733d1e789b9f24,
fileman,GetFileManCurrentDirectory,22,/O2 /Ob2 /G5 /MD,gog_1261_new,57a3072c2f8307de84e2f54ac58d3fcd7cf3cef18088bf0f0fdec2ac9202b2b1,absent-or-stripped,,0,0.000000,4a9832e56173200a9155a4d3de0af2905fbd88c4d0905c0af8733d1e789b9f24,
fileman,GetFileManCurrentDirectory,22,/O2 /Ob2 /G5 /MD,gog_128_base,18a74ff61c65b8a2d4cfa11ffce82ad7fef022a94eaf0c2f217e479e981420d2,absent-or-stripped,,0,0.000000,4a9832e56173200a9155a4d3de0af2905fbd88c4d0905c0af8733d1e789b9f24,
fileman,GetFileManCurrentDirectory,22,/O2 /Ob2 /G5 /MD,gog_128_patch,fdca6d9cd0940034191e82b8e2900de26bb25e381c74128dcb8967360a9fb824,unavailable,,0,0.000000,4a9832e56173200a9155a4d3de0af2905fbd88c4d0905c0af8733d1e789b9f24,no-text-section
fileman,GetFileManCurrentDirectory,22,/O2 /Ob2 /G5 /MD,retail_2001_12_23,c3639d43568a1ed233be85c6b3b8129b1a4661e65717220e0514c815aa972edd,unavailable,,0,0.000000,4a9832e56173200a9155a4d3de0af2905fbd88c4d0905c0af8733d1e789b9f24,protected-executable
fileman,GetFileManFileTime,233,/O2 /Ob2 /G5 /MD,demo,8acda50afe39f7e6a867272300a09463fd94aed9a510008fcdefc662143346e4,absent-or-stripped,,0,0.000000,ef8503a2396638fe66d05b095e321c23581580e4694d1d9420f050b123e8d887,
fileman,GetFileManFileTime,233,/O2 /Ob2 /G5 /MD,gog_base,18a74ff61c65b8a2d4cfa11ffce82ad7fef022a94eaf0c2f217e479e981420d2,absent-or-stripped,,0,0.000000,ef8503a2396638fe66d05b095e321c23581580e4694d1d9420f050b123e8d887,
fileman,GetFileManFileTime,233,/O2 /Ob2 /G5 /MD,gog_1261,18a74ff61c65b8a2d4cfa11ffce82ad7fef022a94eaf0c2f217e479e981420d2,absent-or-stripped,,0,0.000000,ef8503a2396638fe66d05b095e321c23581580e4694d1d9420f050b123e8d887,
fileman,GetFileManFileTime,233,/O2 /Ob2 /G5 /MD,gog_1261_new,57a3072c2f8307de84e2f54ac58d3fcd7cf3cef18088bf0f0fdec2ac9202b2b1,absent-or-stripped,,0,0.000000,ef8503a2396638fe66d05b095e321c23581580e4694d1d9420f050b123e8d887,
fileman,GetFileManFileTime,233,/O2 /Ob2 /G5 /MD,gog_128_base,18a74ff61c65b8a2d4cfa11ffce82ad7fef022a94eaf0c2f217e479e981420d2,absent-or-stripped,,0,0.000000,ef8503a2396638fe66d05b095e321c23581580e4694d1d9420f050b123e8d887,
fileman,GetFileManFileTime,233,/O2 /Ob2 /G5 /MD,gog_128_patch,fdca6d9cd0940034191e82b8e2900de26bb25e381c74128dcb8967360a9fb824,unavailable,,0,0.000000,ef8503a2396638fe66d05b095e321c23581580e4694d1d9420f050b123e8d887,no-text-section
fileman,GetFileManFileTime,233,/O2 /Ob2 /G5 /MD,retail_2001_12_23,c3639d43568a1ed233be85c6b3b8129b1a4661e65717220e0514c815aa972edd,unavailable,,0,0.000000,ef8503a2396638fe66d05b095e321c23581580e4694d1d9420f050b123e8d887,protected-executable
fileman,GetFileNext,73,/O2 /Ob2 /G5 /MD,demo,8acda50afe39f7e6a867272300a09463fd94aed9a510008fcdefc662143346e4,relocation-equivalent,00405370,1,1.000000,3830b2e3cb13f2b7b94be63bac6f7caf226d4de495f168dbef2359ed1871f421,
fileman,GetFileNext,73,/O2 /Ob2 /G5 /MD,gog_base,18a74ff61c65b8a2d4cfa11ffce82ad7fef022a94eaf0c2f217e479e981420d2,relocation-equivalent,00405300,1,1.000000,3830b2e3cb13f2b7b94be63bac6f7caf226d4de495f168dbef2359ed1871f421,
fileman,GetFileNext,73,/O2 /Ob2 /G5 /MD,gog_1261,18a74ff61c65b8a2d4cfa11ffce82ad7fef022a94eaf0c2f217e479e981420d2,relocation-equivalent,00405300,1,1.000000,3830b2e3cb13f2b7b94be63bac6f7caf226d4de495f168dbef2359ed1871f421,
fileman,GetFileNext,73,/O2 /Ob2 /G5 /MD,gog_1261_new,57a3072c2f8307de84e2f54ac58d3fcd7cf3cef18088bf0f0fdec2ac9202b2b1,relocation-equivalent,00405300,1,1.000000,3830b2e3cb13f2b7b94be63bac6f7caf226d4de495f168dbef2359ed1871f421,
fileman,GetFileNext,73,/O2 /Ob2 /G5 /MD,gog_128_base,18a74ff61c65b8a2d4cfa11ffce82ad7fef022a94eaf0c2f217e479e981420d2,relocation-equivalent,00405300,1,1.000000,3830b2e3cb13f2b7b94be63bac6f7caf226d4de495f168dbef2359ed1871f421,
fileman,GetFileNext,73,/O2 /Ob2 /G5 /MD,gog_128_patch,fdca6d9cd0940034191e82b8e2900de26bb25e381c74128dcb8967360a9fb824,unavailable,,0,0.000000,3830b2e3cb13f2b7b94be63bac6f7caf226d4de495f168dbef2359ed1871f421,no-text-section
fileman,GetFileNext,73,/O2 /Ob2 /G5 /MD,retail_2001_12_23,c3639d43568a1ed233be85c6b3b8129b1a4661e65717220e0514c815aa972edd,unavailable,,0,0.000000,3830b2e3cb13f2b7b94be63bac6f7caf226d4de495f168dbef2359ed1871f421,protected-executable
fileman,GetFilesInDirectory,565,/O2 /Ob2 /G5 /MD,demo,8acda50afe39f7e6a867272300a09463fd94aed9a510008fcdefc662143346e4,absent-or-stripped,,0,0.000000,dceba49b5c317bedeb94f533fac2a81b9981521281a8b650f844ce8add185576,
fileman,GetFilesInDirectory,565,/O2 /Ob2 /G5 /MD,gog_base,18a74ff61c65b8a2d4cfa11ffce82ad7fef022a94eaf0c2f217e479e981420d2,absent-or-stripped,,0,0.000000,dceba49b5c317bedeb94f533fac2a81b9981521281a8b650f844ce8add185576,
fileman,GetFilesInDirectory,565,/O2 /Ob2 /G5 /MD,gog_1261,18a74ff61c65b8a2d4cfa11ffce82ad7fef022a94eaf0c2f217e479e981420d2,absent-or-stripped,,0,0.000000,dceba49b5c317bedeb94f533fac2a81b9981521281a8b650f844ce8add185576,
fileman,GetFilesInDirectory,565,/O2 /Ob2 /G5 /MD,gog_1261_new,57a3072c2f8307de84e2f54ac58d3fcd7cf3cef18088bf0f0fdec2ac9202b2b1,absent-or-stripped,,0,0.000000,dceba49b5c317bedeb94f533fac2a81b9981521281a8b650f844ce8add185576,
fileman,GetFilesInDirectory,565,/O2 /Ob2 /G5 /MD,gog_128_base,18a74ff61c65b8a2d4cfa11ffce82ad7fef022a94eaf0c2f217e479e981420d2,absent-or-stripped,,0,0.000000,dceba49b5c317bedeb94f533fac2a81b9981521281a8b650f844ce8add185576,
fileman,GetFilesInDirectory,565,/O2 /Ob2 /G5 /MD,gog_128_patch,fdca6d9cd0940034191e82b8e2900de26bb25e381c74128dcb8967360a9fb824,unavailable,,0,0.000000,dceba49b5c317bedeb94f533fac2a81b9981521281a8b650f844ce8add185576,no-text-section
fileman,GetFilesInDirectory,565,/O2 /Ob2 /G5 /MD,retail_2001_12_23,c3639d43568a1ed233be85c6b3b8129b1a4661e65717220e0514c815aa972edd,unavailable,,0,0.000000,dceba49b5c317bedeb94f533fac2a81b9981521281a8b650f844ce8add185576,protected-executable
fileman,GetFreeSpaceOnHardDrive,129,/O2 /Ob2 /G5 /MD,demo,8acda50afe39f7e6a867272300a09463fd94aed9a510008fcdefc662143346e4,absent-or-stripped,,0,0.000000,9558f7889707a0d23b207322a75de03dbc47404e6a615152f228c44a3528e576,
fileman,GetFreeSpaceOnHardDrive,129,/O2 /Ob2 /G5 /MD,gog_base,18a74ff61c65b8a2d4cfa11ffce82ad7fef022a94eaf0c2f217e479e981420d2,absent-or-stripped,,0,0.000000,9558f7889707a0d23b207322a75de03dbc47404e6a615152f228c44a3528e576,
fileman,GetFreeSpaceOnHardDrive,129,/O2 /Ob2 /G5 /MD,gog_1261,18a74ff61c65b8a2d4cfa11ffce82ad7fef022a94eaf0c2f217e479e981420d2,absent-or-stripped,,0,0.000000,9558f7889707a0d23b207322a75de03dbc47404e6a615152f228c44a3528e576,
fileman,GetFreeSpaceOnHardDrive,129,/O2 /Ob2 /G5 /MD,gog_1261_new,57a3072c2f8307de84e2f54ac58d3fcd7cf3cef18088bf0f0fdec2ac9202b2b1,absent-or-stripped,,0,0.000000,9558f7889707a0d23b207322a75de03dbc47404e6a615152f228c44a3528e576,
fileman,GetFreeSpaceOnHardDrive,129,/O2 /Ob2 /G5 /MD,gog_128_base,18a74ff61c65b8a2d4cfa11ffce82ad7fef022a94eaf0c2f217e479e981420d2,absent-or-stripped,,0,0.000000,9558f7889707a0d23b207322a75de03dbc47404e6a615152f228c44a3528e576,
fileman,GetFreeSpaceOnHardDrive,129,/O2 /Ob2 /G5 /MD,gog_128_patch,fdca6d9cd0940034191e82b8e2900de26bb25e381c74128dcb8967360a9fb824,unavailable,,0,0.000000,9558f7889707a0d23b207322a75de03dbc47404e6a615152f228c44a3528e576,no-text-section
fileman,GetFreeSpaceOnHardDrive,129,/O2 /Ob2 /G5 /MD,retail_2001_12_23,c3639d43568a1ed233be85c6b3b8129b1a4661e65717220e0514c815aa972edd,unavailable,,0,0.000000,9558f7889707a0d23b207322a75de03dbc47404e6a615152f228c44a3528e576,protected-executable
fileman,GetFreeSpaceOnHardDriveWhereGameIsRunningFrom,304,/O2 /Ob2 /G5 /MD,demo,8acda50afe39f7e6a867272300a09463fd94aed9a510008fcdefc662143346e4,absent-or-stripped,,0,0.000000,380015e0de66ea1fe9f8d559a7fe9e3629d36e17658d0f0ae3c689527189ca80,
fileman,GetFreeSpaceOnHardDriveWhereGameIsRunningFrom,304,/O2 /Ob2 /G5 /MD,gog_base,18a74ff61c65b8a2d4cfa11ffce82ad7fef022a94eaf0c2f217e479e981420d2,absent-or-stripped,,0,0.000000,380015e0de66ea1fe9f8d559a7fe9e3629d36e17658d0f0ae3c689527189ca80,
fileman,GetFreeSpaceOnHardDriveWhereGameIsRunningFrom,304,/O2 /Ob2 /G5 /MD,gog_1261,18a74ff61c65b8a2d4cfa11ffce82ad7fef022a94eaf0c2f217e479e981420d2,absent-or-stripped,,0,0.000000,380015e0de66ea1fe9f8d559a7fe9e3629d36e17658d0f0ae3c689527189ca80,
fileman,GetFreeSpaceOnHardDriveWhereGameIsRunningFrom,304,/O2 /Ob2 /G5 /MD,gog_1261_new,57a3072c2f8307de84e2f54ac58d3fcd7cf3cef18088bf0f0fdec2ac9202b2b1,absent-or-stripped,,0,0.000000,380015e0de66ea1fe9f8d559a7fe9e3629d36e17658d0f0ae3c689527189ca80,
fileman,GetFreeSpaceOnHardDriveWhereGameIsRunningFrom,304,/O2 /Ob2 /G5 /MD,gog_128_base,18a74ff61c65b8a2d4cfa11ffce82ad7fef022a94eaf0c2f217e479e981420d2,absent-or-stripped,,0,0.000000,380015e0de66ea1fe9f8d559a7fe9e3629d36e17658d0f0ae3c689527189ca80,
fileman,GetFreeSpaceOnHardDriveWhereGameIsRunningFrom,304,/O2 /Ob2 /G5 /MD,gog_128_patch,fdca6d9cd0940034191e82b8e2900de26bb25e381c74128dcb8967360a9fb824,unavailable,,0,0.000000,380015e0de66ea1fe9f8d559a7fe9e3629d36e17658d0f0ae3c689527189ca80,no-text-section
fileman,GetFreeSpaceOnHardDriveWhereGameIsRunningFrom,304,/O2 /Ob2 /G5 /MD,retail_2001_12_23,c3639d43568a1ed233be85c6b3b8129b1a4661e65717220e0514c815aa972edd,unavailable,,0,0.000000,380015e0de66ea1fe9f8d559a7fe9e3629d36e17658d0f0ae3c689527189ca80,protected-executable
fileman,GetHandleToRealFile,69,/O2 /Ob2 /G5 /MD,demo,8acda50afe39f7e6a867272300a09463fd94aed9a510008fcdefc662143346e4,absent-or-stripped,,0,0.000000,d0fff59bffe580013807869566f0183359f556a094e832343b8af1c9321c3b5e,
fileman,GetHandleToRealFile,69,/O2 /Ob2 /G5 /MD,gog_base,18a74ff61c65b8a2d4cfa11ffce82ad7fef022a94eaf0c2f217e479e981420d2,absent-or-stripped,,0,0.000000,d0fff59bffe580013807869566f0183359f556a094e832343b8af1c9321c3b5e,
fileman,GetHandleToRealFile,69,/O2 /Ob2 /G5 /MD,gog_1261,18a74ff61c65b8a2d4cfa11ffce82ad7fef022a94eaf0c2f217e479e981420d2,absent-or-stripped,,0,0.000000,d0fff59bffe580013807869566f0183359f556a094e832343b8af1c9321c3b5e,
fileman,GetHandleToRealFile,69,/O2 /Ob2 /G5 /MD,gog_1261_new,57a3072c2f8307de84e2f54ac58d3fcd7cf3cef18088bf0f0fdec2ac9202b2b1,absent-or-stripped,,0,0.000000,d0fff59bffe580013807869566f0183359f556a094e832343b8af1c9321c3b5e,
fileman,GetHandleToRealFile,69,/O2 /Ob2 /G5 /MD,gog_128_base,18a74ff61c65b8a2d4cfa11ffce82ad7fef022a94eaf0c2f217e479e981420d2,absent-or-stripped,,0,0.000000,d0fff59bffe580013807869566f0183359f556a094e832343b8af1c9321c3b5e,
fileman,GetHandleToRealFile,69,/O2 /Ob2 /G5 /MD,gog_128_patch,fdca6d9cd0940034191e82b8e2900de26bb25e381c74128dcb8967360a9fb824,unavailable,,0,0.000000,d0fff59bffe580013807869566f0183359f556a094e832343b8af1c9321c3b5e,no-text-section
fileman,GetHandleToRealFile,69,/O2 /Ob2 /G5 /MD,retail_2001_12_23,c3639d43568a1ed233be85c6b3b8129b1a4661e65717220e0514c815aa972edd,unavailable,,0,0.000000,d0fff59bffe580013807869566f0183359f556a094e832343b8af1c9321c3b5e,protected-executable
fileman,GetRealFileHandleFromFileManFileHandle,95,/O2 /Ob2 /G5 /MD,demo,8acda50afe39f7e6a867272300a09463fd94aed9a510008fcdefc662143346e4,absent-or-stripped,,0,0.000000,6219d9e990b908c8c21e11f041b91fceaf66d94611c706825271fb3c7a06cd77,
fileman,GetRealFileHandleFromFileManFileHandle,95,/O2 /Ob2 /G5 /MD,gog_base,18a74ff61c65b8a2d4cfa11ffce82ad7fef022a94eaf0c2f217e479e981420d2,absent-or-stripped,,0,0.000000,6219d9e990b908c8c21e11f041b91fceaf66d94611c706825271fb3c7a06cd77,
fileman,GetRealFileHandleFromFileManFileHandle,95,/O2 /Ob2 /G5 /MD,gog_1261,18a74ff61c65b8a2d4cfa11ffce82ad7fef022a94eaf0c2f217e479e981420d2,absent-or-stripped,,0,0.000000,6219d9e990b908c8c21e11f041b91fceaf66d94611c706825271fb3c7a06cd77,
fileman,GetRealFileHandleFromFileManFileHandle,95,/O2 /Ob2 /G5 /MD,gog_1261_new,57a3072c2f8307de84e2f54ac58d3fcd7cf3cef18088bf0f0fdec2ac9202b2b1,absent-or-stripped,,0,0.000000,6219d9e990b908c8c21e11f041b91fceaf66d94611c706825271fb3c7a06cd77,
fileman,GetRealFileHandleFromFileManFileHandle,95,/O2 /Ob2 /G5 /MD,gog_128_base,18a74ff61c65b8a2d4cfa11ffce82ad7fef022a94eaf0c2f217e479e981420d2,absent-or-stripped,,0,0.000000,6219d9e990b908c8c21e11f041b91fceaf66d94611c706825271fb3c7a06cd77,
fileman,GetRealFileHandleFromFileManFileHandle,95,/O2 /Ob2 /G5 /MD,gog_128_patch,fdca6d9cd0940034191e82b8e2900de26bb25e381c74128dcb8967360a9fb824,unavailable,,0,0.000000,6219d9e990b908c8c21e11f041b91fceaf66d94611c706825271fb3c7a06cd77,no-text-section
fileman,GetRealFileHandleFromFileManFileHandle,95,/O2 /Ob2 /G5 /MD,retail_2001_12_23,c3639d43568a1ed233be85c6b3b8129b1a4661e65717220e0514c815aa972edd,unavailable,,0,0.000000,6219d9e990b908c8c21e11f041b91fceaf66d94611c706825271fb3c7a06cd77,protected-executable
fileman,InitializeFileManager,3,/O2 /Ob2 /G5 /MD,demo,8acda50afe39f7e6a867272300a09463fd94aed9a510008fcdefc662143346e4,ambiguous-generic,,266,1.000000,e18aacce29affcdddaa5f641ac1ec12552e0fe9d066e6408941b1792818b8619,
fileman,InitializeFileManager,3,/O2 /Ob2 /G5 /MD,gog_base,18a74ff61c65b8a2d4cfa11ffce82ad7fef022a94eaf0c2f217e479e981420d2,ambiguous-generic,,267,1.000000,e18aacce29affcdddaa5f641ac1ec12552e0fe9d066e6408941b1792818b8619,
fileman,InitializeFileManager,3,/O2 /Ob2 /G5 /MD,gog_1261,18a74ff61c65b8a2d4cfa11ffce82ad7fef022a94eaf0c2f217e479e981420d2,ambiguous-generic,,267,1.000000,e18aacce29affcdddaa5f641ac1ec12552e0fe9d066e6408941b1792818b8619,
fileman,InitializeFileManager,3,/O2 /Ob2 /G5 /MD,gog_1261_new,57a3072c2f8307de84e2f54ac58d3fcd7cf3cef18088bf0f0fdec2ac9202b2b1,ambiguous-generic,,267,1.000000,e18aacce29affcdddaa5f641ac1ec12552e0fe9d066e6408941b1792818b8619,
fileman,InitializeFileManager,3,/O2 /Ob2 /G5 /MD,gog_128_base,18a74ff61c65b8a2d4cfa11ffce82ad7fef022a94eaf0c2f217e479e981420d2,ambiguous-generic,,267,1.000000,e18aacce29affcdddaa5f641ac1ec12552e0fe9d066e6408941b1792818b8619,
fileman,InitializeFileManager,3,/O2 /Ob2 /G5 /MD,gog_128_patch,fdca6d9cd0940034191e82b8e2900de26bb25e381c74128dcb8967360a9fb824,unavailable,,0,0.000000,e18aacce29affcdddaa5f641ac1ec12552e0fe9d066e6408941b1792818b8619,no-text-section
fileman,InitializeFileManager,3,/O2 /Ob2 /G5 /MD,retail_2001_12_23,c3639d43568a1ed233be85c6b3b8129b1a4661e65717220e0514c815aa972edd,unavailable,,0,0.000000,e18aacce29affcdddaa5f641ac1ec12552e0fe9d066e6408941b1792818b8619,protected-executable
fileman,MakeFileManDirectory,14,/O2 /Ob2 /G5 /MD,demo,8acda50afe39f7e6a867272300a09463fd94aed9a510008fcdefc662143346e4,relocation-equivalent,00405260,1,1.000000,a9ac7e39bcf2ba6a73d7dee83bec96796908c3adf1fe42914efc946d9359a46b,
fileman,MakeFileManDirectory,14,/O2 /Ob2 /G5 /MD,gog_base,18a74ff61c65b8a2d4cfa11ffce82ad7fef022a94eaf0c2f217e479e981420d2,relocation-equivalent,004051f0,1,1.000000,a9ac7e39bcf2ba6a73d7dee83bec96796908c3adf1fe42914efc946d9359a46b,
fileman,MakeFileManDirectory,14,/O2 /Ob2 /G5 /MD,gog_1261,18a74ff61c65b8a2d4cfa11ffce82ad7fef022a94eaf0c2f217e479e981420d2,relocation-equivalent,004051f0,1,1.000000,a9ac7e39bcf2ba6a73d7dee83bec96796908c3adf1fe42914efc946d9359a46b,
fileman,MakeFileManDirectory,14,/O2 /Ob2 /G5 /MD,gog_1261_new,57a3072c2f8307de84e2f54ac58d3fcd7cf3cef18088bf0f0fdec2ac9202b2b1,relocation-equivalent,004051f0,1,1.000000,a9ac7e39bcf2ba6a73d7dee83bec96796908c3adf1fe42914efc946d9359a46b,
fileman,MakeFileManDirectory,14,/O2 /Ob2 /G5 /MD,gog_128_base,18a74ff61c65b8a2d4cfa11ffce82ad7fef022a94eaf0c2f217e479e981420d2,relocation-equivalent,004051f0,1,1.000000,a9ac7e39bcf2ba6a73d7dee83bec96796908c3adf1fe42914efc946d9359a46b,
fileman,MakeFileManDirectory,14,/O2 /Ob2 /G5 /MD,gog_128_patch,fdca6d9cd0940034191e82b8e2900de26bb25e381c74128dcb8967360a9fb824,unavailable,,0,0.000000,a9ac7e39bcf2ba6a73d7dee83bec96796908c3adf1fe42914efc946d9359a46b,no-text-section
fileman,MakeFileManDirectory,14,/O2 /Ob2 /G5 /MD,retail_2001_12_23,c3639d43568a1ed233be85c6b3b8129b1a4661e65717220e0514c815aa972edd,unavailable,,0,0.000000,a9ac7e39bcf2ba6a73d7dee83bec96796908c3adf1fe42914efc946d9359a46b,protected-executable
fileman,RemoveFileManDirectory,371,/O2 /Ob2 /G5 /MD,demo,8acda50afe39f7e6a867272300a09463fd94aed9a510008fcdefc662143346e4,absent-or-stripped,,0,0.000000,177000f144d32d4d6b2caa1b8df855b60aff24576f7fd8bb73e446bfe3010543,
fileman,RemoveFileManDirectory,371,/O2 /Ob2 /G5 /MD,gog_base,18a74ff61c65b8a2d4cfa11ffce82ad7fef022a94eaf0c2f217e479e981420d2,absent-or-stripped,,0,0.000000,177000f144d32d4d6b2caa1b8df855b60aff24576f7fd8bb73e446bfe3010543,
fileman,RemoveFileManDirectory,371,/O2 /Ob2 /G5 /MD,gog_1261,18a74ff61c65b8a2d4cfa11ffce82ad7fef022a94eaf0c2f217e479e981420d2,absent-or-stripped,,0,0.000000,177000f144d32d4d6b2caa1b8df855b60aff24576f7fd8bb73e446bfe3010543,
fileman,RemoveFileManDirectory,371,/O2 /Ob2 /G5 /MD,gog_1261_new,57a3072c2f8307de84e2f54ac58d3fcd7cf3cef18088bf0f0fdec2ac9202b2b1,absent-or-stripped,,0,0.000000,177000f144d32d4d6b2caa1b8df855b60aff24576f7fd8bb73e446bfe3010543,
fileman,RemoveFileManDirectory,371,/O2 /Ob2 /G5 /MD,gog_128_base,18a74ff61c65b8a2d4cfa11ffce82ad7fef022a94eaf0c2f217e479e981420d2,absent-or-stripped,,0,0.000000,177000f144d32d4d6b2caa1b8df855b60aff24576f7fd8bb73e446bfe3010543,
fileman,RemoveFileManDirectory,371,/O2 /Ob2 /G5 /MD,gog_128_patch,fdca6d9cd0940034191e82b8e2900de26bb25e381c74128dcb8967360a9fb824,unavailable,,0,0.000000,177000f144d32d4d6b2caa1b8df855b60aff24576f7fd8bb73e446bfe3010543,no-text-section
fileman,RemoveFileManDirectory,371,/O2 /Ob2 /G5 /MD,retail_2001_12_23,c3639d43568a1ed233be85c6b3b8129b1a4661e65717220e0514c815aa972edd,unavailable,,0,0.000000,177000f144d32d4d6b2caa1b8df855b60aff24576f7fd8bb73e446bfe3010543,protected-executable
fileman,SetFileManCurrentDirectory,12,/O2 /Ob2 /G5 /MD,demo,8acda50afe39f7e6a867272300a09463fd94aed9a510008fcdefc662143346e4,ambiguous-generic,,2,1.000000,affed1bec2e0bbe9f34afb41a2c315445219c39640d96de70a2103cfcb5ecb5b,
fileman,SetFileManCurrentDirectory,12,/O2 /Ob2 /G5 /MD,gog_base,18a74ff61c65b8a2d4cfa11ffce82ad7fef022a94eaf0c2f217e479e981420d2,ambiguous-generic,,2,1.000000,affed1bec2e0bbe9f34afb41a2c315445219c39640d96de70a2103cfcb5ecb5b,
fileman,SetFileManCurrentDirectory,12,/O2 /Ob2 /G5 /MD,gog_1261,18a74ff61c65b8a2d4cfa11ffce82ad7fef022a94eaf0c2f217e479e981420d2,ambiguous-generic,,2,1.000000,affed1bec2e0bbe9f34afb41a2c315445219c39640d96de70a2103cfcb5ecb5b,
fileman,SetFileManCurrentDirectory,12,/O2 /Ob2 /G5 /MD,gog_1261_new,57a3072c2f8307de84e2f54ac58d3fcd7cf3cef18088bf0f0fdec2ac9202b2b1,ambiguous-generic,,2,1.000000,affed1bec2e0bbe9f34afb41a2c315445219c39640d96de70a2103cfcb5ecb5b,
fileman,SetFileManCurrentDirectory,12,/O2 /Ob2 /G5 /MD,gog_128_base,18a74ff61c65b8a2d4cfa11ffce82ad7fef022a94eaf0c2f217e479e981420d2,ambiguous-generic,,2,1.000000,affed1bec2e0bbe9f34afb41a2c315445219c39640d96de70a2103cfcb5ecb5b,
fileman,SetFileManCurrentDirectory,12,/O2 /Ob2 /G5 /MD,gog_128_patch,fdca6d9cd0940034191e82b8e2900de26bb25e381c74128dcb8967360a9fb824,unavailable,,0,0.000000,affed1bec2e0bbe9f34afb41a2c315445219c39640d96de70a2103cfcb5ecb5b,no-text-section
fileman,SetFileManCurrentDirectory,12,/O2 /Ob2 /G5 /MD,retail_2001_12_23,c3639d43568a1ed233be85c6b3b8129b1a4661e65717220e0514c815aa972edd,unavailable,,0,0.000000,affed1bec2e0bbe9f34afb41a2c315445219c39640d96de70a2103cfcb5ecb5b,protected-executable
fileman,ShutdownFileManager,1,/O2 /Ob2 /G5 /MD,demo,8acda50afe39f7e6a867272300a09463fd94aed9a510008fcdefc662143346e4,ambiguous-generic,,13271,1.000000,ae3f4619b0413d70d3004b9131c3752153074e45725be13b9a148978895e359e,
fileman,ShutdownFileManager,1,/O2 /Ob2 /G5 /MD,gog_base,18a74ff61c65b8a2d4cfa11ffce82ad7fef022a94eaf0c2f217e479e981420d2,ambiguous-generic,,13531,1.000000,ae3f4619b0413d70d3004b9131c3752153074e45725be13b9a148978895e359e,
fileman,ShutdownFileManager,1,/O2 /Ob2 /G5 /MD,gog_1261,18a74ff61c65b8a2d4cfa11ffce82ad7fef022a94eaf0c2f217e479e981420d2,ambiguous-generic,,13531,1.000000,ae3f4619b0413d70d3004b9131c3752153074e45725be13b9a148978895e359e,
fileman,ShutdownFileManager,1,/O2 /Ob2 /G5 /MD,gog_1261_new,57a3072c2f8307de84e2f54ac58d3fcd7cf3cef18088bf0f0fdec2ac9202b2b1,ambiguous-generic,,13531,1.000000,ae3f4619b0413d70d3004b9131c3752153074e45725be13b9a148978895e359e,
fileman,ShutdownFileManager,1,/O2 /Ob2 /G5 /MD,gog_128_base,18a74ff61c65b8a2d4cfa11ffce82ad7fef022a94eaf0c2f217e479e981420d2,ambiguous-generic,,13531,1.000000,ae3f4619b0413d70d3004b9131c3752153074e45725be13b9a148978895e359e,
fileman,ShutdownFileManager,1,/O2 /Ob2 /G5 /MD,gog_128_patch,fdca6d9cd0940034191e82b8e2900de26bb25e381c74128dcb8967360a9fb824,unavailable,,0,0.000000,ae3f4619b0413d70d3004b9131c3752153074e45725be13b9a148978895e359e,no-text-section
fileman,ShutdownFileManager,1,/O2 /Ob2 /G5 /MD,retail_2001_12_23,c3639d43568a1ed233be85c6b3b8129b1a4661e65717220e0514c815aa972edd,unavailable,,0,0.000000,ae3f4619b0413d70d3004b9131c3752153074e45725be13b9a148978895e359e,protected-executable
fileman,W32toSGPFileFind,308,/O2 /Ob2 /G5 /MD,demo,8acda50afe39f7e6a867272300a09463fd94aed9a510008fcdefc662143346e4,relocation-equivalent,00405400,1,1.000000,1f1dd5c5031fec3c09a464453d0e5712f660f416cd06af654b769ba606083247,
fileman,W32toSGPFileFind,308,/O2 /Ob2 /G5 /MD,gog_base,18a74ff61c65b8a2d4cfa11ffce82ad7fef022a94eaf0c2f217e479e981420d2,relocation-equivalent,00405390,1,1.000000,1f1dd5c5031fec3c09a464453d0e5712f660f416cd06af654b769ba606083247,
fileman,W32toSGPFileFind,308,/O2 /Ob2 /G5 /MD,gog_1261,18a74ff61c65b8a2d4cfa11ffce82ad7fef022a94eaf0c2f217e479e981420d2,relocation-equivalent,00405390,1,1.000000,1f1dd5c5031fec3c09a464453d0e5712f660f416cd06af654b769ba606083247,
fileman,W32toSGPFileFind,308,/O2 /Ob2 /G5 /MD,gog_1261_new,57a3072c2f8307de84e2f54ac58d3fcd7cf3cef18088bf0f0fdec2ac9202b2b1,relocation-equivalent,00405390,1,1.000000,1f1dd5c5031fec3c09a464453d0e5712f660f416cd06af654b769ba606083247,
fileman,W32toSGPFileFind,308,/O2 /Ob2 /G5 /MD,gog_128_base,18a74ff61c65b8a2d4cfa11ffce82ad7fef022a94eaf0c2f217e479e981420d2,relocation-equivalent,00405390,1,1.000000,1f1dd5c5031fec3c09a464453d0e5712f660f416cd06af654b769ba606083247,
fileman,W32toSGPFileFind,308,/O2 /Ob2 /G5 /MD,gog_128_patch,fdca6d9cd0940034191e82b8e2900de26bb25e381c74128dcb8967360a9fb824,unavailable,,0,0.000000,1f1dd5c5031fec3c09a464453d0e5712f660f416cd06af654b769ba606083247,no-text-section
fileman,W32toSGPFileFind,308,/O2 /Ob2 /G5 /MD,retail_2001_12_23,c3639d43568a1ed233be85c6b3b8129b1a4661e65717220e0514c815aa972edd,unavailable,,0,0.000000,1f1dd5c5031fec3c09a464453d0e5712f660f416cd06af654b769ba606083247,protected-executable
