unit,function,size,flags,build,module_sha256,classification,address,hit_count,similarity,relocation_masked_sha256,unavailable_reason
directdraw,BltDDSurfaceUsingSoftware,686,/O2 /Ob2 /G5 /MD,demo,8acda50afe39f7e6a867272300a09463fd94aed9a510008fcdefc662143346e4,absent-or-stripped,,0,0.000000,99a42125db245d63fcc38d983d3729d3fbfc1f22f907b38ab0dc1fc8162dce5b,
directdraw,BltDDSurfaceUsingSoftware,686,/O2 /Ob2 /G5 /MD,gog_base,18a74ff61c65b8a2d4cfa11ffce82ad7fef022a94eaf0c2f217e479e981420d2,absent-or-stripped,,0,0.000000,99a42125db245d63fcc38d983d3729d3fbfc1f22f907b38ab0dc1fc8162dce5b,
directdraw,BltDDSurfaceUsingSoftware,686,/O2 /Ob2 /G5 /MD,gog_1261,18a74ff61c65b8a2d4cfa11ffce82ad7fef022a94eaf0c2f217e479e981420d2,absent-or-stripped,,0,0.000000,99a42125db245d63fcc38d983d3729d3fbfc1f22f907b38ab0dc1fc8162dce5b,
directdraw,BltDDSurfaceUsingSoftware,686,/O2 /Ob2 /G5 /MD,gog_1261_new,57a3072c2f8307de84e2f54ac58d3fcd7cf3cef18088bf0f0fdec2ac9202b2b1,absent-or-stripped,,0,0.000000,99a42125db245d63fcc38d983d3729d3fbfc1f22f907b38ab0dc1fc8162dce5b,
directdraw,BltDDSurfaceUsingSoftware,686,/O2 /Ob2 /G5 /MD,gog_128_base,18a74ff61c65b8a2d4cfa11ffce82ad7fef022a94eaf0c2f217e479e981420d2,absent-or-stripped,,0,0.000000,99a42125db245d63fcc38d983d3729d3fbfc1f22f907b38ab0dc1fc8162dce5b,
directdraw,BltDDSurfaceUsingSoftware,686,/O2 /Ob2 /G5 /MD,gog_128_patch,fdca6d9cd0940034191e82b8e2900de26bb25e381c74128dcb8967360a9fb824,unavailable,,0,0.000000,99a42125db245d63fcc38d983d3729d3fbfc1f22f907b38ab0dc1fc8162dce5b,no-text-section
directdraw,BltDDSurfaceUsingSoftware,686,/O2 /Ob2 /G5 /MD,retail_2001_12_23,c3639d43568a1ed233be85c6b3b8129b1a4661e65717220e0514c815aa972edd,unavailable,,0,0.000000,99a42125db245d63fcc38d983d3729d3fbfc1f22f907b38ab0dc1fc8162dce5b,protected-executable
directdraw,BltFastDDSurfaceUsingSoftware,406,/O2 /Ob2 /G5 /MD,demo,8acda50afe39f7e6a867272300a09463fd94aed9a510008fcdefc662143346e4,absent-or-stripped,,0,0.000000,1faecc4b5e16427f48ccffc4782460f3f2de9cc3e520d418f05832c071eab9d1,
directdraw,BltFastDDSurfaceUsingSoftware,406,/O2 /Ob2 /G5 /MD,gog_base,18a74ff61c65b8a2d4cfa11ffce82ad7fef022a94eaf0c2f217e479e981420d2,absent-or-stripped,,0,0.000000,1faecc4b5e16427f48ccffc4782460f3f2de9cc3e520d418f05832c071eab9d1,
directdraw,BltFastDDSurfaceUsingSoftware,406,/O2 /Ob2 /G5 /MD,gog_1261,18a74ff61c65b8a2d4cfa11ffce82ad7fef022a94eaf0c2f217e479e981420d2,absent-or-stripped,,0,0.000000,1faecc4b5e16427f48ccffc4782460f3f2de9cc3e520d418f05832c071eab9d1,
directdraw,BltFastDDSurfaceUsingSoftware,406,/O2 /Ob2 /G5 /MD,gog_1261_new,57a3072c2f8307de84e2f54ac58d3fcd7cf3cef18088bf0f0fdec2ac9202b2b1,absent-or-stripped,,0,0.000000,1faecc4b5e16427f48ccffc4782460f3f2de9cc3e520d418f05832c071eab9d1,
directdraw,BltFastDDSurfaceUsingSoftware,406,/O2 /Ob2 /G5 /MD,gog_128_base,18a74ff61c65b8a2d4cfa11ffce82ad7fef022a94eaf0c2f217e479e981420d2,absent-or-stripped,,0,0.000000,1faecc4b5e16427f48ccffc4782460f3f2de9cc3e520d418f05832c071eab9d1,
directdraw,BltFastDDSurfaceUsingSoftware,406,/O2 /Ob2 /G5 /MD,gog_128_patch,fdca6d9cd0940034191e82b8e2900de26bb25e381c74128dcb8967360a9fb824,unavailable,,0,0.000000,1faecc4b5e16427f48ccffc4782460f3f2de9cc3e520d418f05832c071eab9d1,no-text-section
directdraw,BltFastDDSurfaceUsingSoftware,406,/O2 /Ob2 /G5 /MD,retail_2001_12_23,c3639d43568a1ed233be85c6b3b8129b1a4661e65717220e0514c815aa972edd,unavailable,,0,0.000000,1faecc4b5e16427f48ccffc4782460f3f2de9cc3e520d418f05832c071eab9d1,protected-executable
directdraw,DDAddAttachedSurface,35,/O2 /Ob2 /G5 /MD,demo,8acda50afe39f7e6a867272300a09463fd94aed9a510008fcdefc662143346e4,absent-or-stripped,,0,0.000000,9cb3a55efce194b5e556e2433aab13a2d894cf2fe01b1246626f3628f9610005,
directdraw,DDAddAttachedSurface,35,/O2 /Ob2 /G5 /MD,gog_base,18a74ff61c65b8a2d4cfa11ffce82ad7fef022a94eaf0c2f217e479e981420d2,absent-or-stripped,,0,0.000000,9cb3a55efce194b5e556e2433aab13a2d894cf2fe01b1246626f3628f9610005,
directdraw,DDAddAttachedSurface,35,/O2 /Ob2 /G5 /MD,gog_1261,18a74ff61c65b8a2d4cfa11ffce82ad7fef022a94eaf0c2f217e479e981420d2,absent-or-stripped,,0,0.000000,9cb3a55efce194b5e556e2433aab13a2d894cf2fe01b1246626f3628f9610005,
directdraw,DDAddAttachedSurface,35,/O2 /Ob2 /G5 /MD,gog_1261_new,57a3072c2f8307de84e2f54ac58d3fcd7cf3cef18088bf0f0fdec2ac9202b2b1,absent-or-stripped,,0,0.000000,9cb3a55efce194b5e556e2433aab13a2d894cf2fe01b1246626f3628f9610005,
directdraw,DDAddAttachedSurface,35,/O2 /Ob2 /G5 /MD,gog_128_base,18a74ff61c65b8a2d4cfa11ffce82ad7fef022a94eaf0c2f217e479e981420d2,absent-or-stripped,,0,0.000000,9cb3a55efce194b5e556e2433aab13a2d894cf2fe01b1246626f3628f9610005,
directdraw,DDAddAttachedSurface,35,/O2 /Ob2 /G5 /MD,gog_128_patch,fdca6d9cd0940034191e82b8e2900de26bb25e381c74128dcb8967360a9fb824,unavailable,,0,0.000000,9cb3a55efce194b5e556e2433aab13a2d894cf2fe01b1246626f3628f9610005,no-text-section
directdraw,DDAddAttachedSurface,35,/O2 /Ob2 /G5 /MD,retail_2001_12_23,c3639d43568a1ed233be85c6b3b8129b1a4661e65717220e0514c815aa972edd,unavailable,,0,0.000000,9cb3a55efce194b5e556e2433aab13a2d894cf2fe01b1246626f3628f9610005,protected-executable
directdraw,DDBltFastSurface,84,/O2 /Ob2 /G5 /MD,demo,8acda50afe39f7e6a867272300a09463fd94aed9a510008fcdefc662143346e4,relocation-equivalent,0040f590,1,1.000000,89e30cf07ebc8c2d74c042a22933a61bac0c2c3ee229233e2cf8cb66a0464b5b,
directdraw,DDBltFastSurface,84,/O2 /Ob2 /G5 /MD,gog_base,18a74ff61c65b8a2d4cfa11ffce82ad7fef022a94eaf0c2f217e479e981420d2,relocation-equivalent,0040f230,1,1.000000,89e30cf07ebc8c2d74c042a22933a61bac0c2c3ee229233e2cf8cb66a0464b5b,
directdraw,DDBltFastSurface,84,/O2 /Ob2 /G5 /MD,gog_1261,18a74ff61c65b8a2d4cfa11ffce82ad7fef022a94eaf0c2f217e479e981420d2,relocation-equivalent,0040f230,1,1.000000,89e30cf07ebc8c2d74c042a22933a61bac0c2c3ee229233e2cf8cb66a0464b5b,
directdraw,DDBltFastSurface,84,/O2 /Ob2 /G5 /MD,gog_1261_new,57a3072c2f8307de84e2f54ac58d3fcd7cf3cef18088bf0f0fdec2ac9202b2b1,relocation-equivalent,0040f230,1,1.000000,89e30cf07ebc8c2d74c042a22933a61bac0c2c3ee229233e2cf8cb66a0464b5b,
directdraw,DDBltFastSurface,84,/O2 /Ob2 /G5 /MD,gog_128_base,18a74ff61c65b8a2d4cfa11ffce82ad7fef022a94eaf0c2f217e479e981420d2,relocation-equivalent,0040f230,1,1.000000,89e30cf07ebc8c2d74c042a22933a61bac0c2c3ee229233e2cf8cb66a0464b5b,
directdraw,DDBltFastSurface,84,/O2 /Ob2 /G5 /MD,gog_128_patch,fdca6d9cd0940034191e82b8e2900de26bb25e381c74128dcb8967360a9fb824,unavailable,,0,0.000000,89e30cf07ebc8c2d74c042a22933a61bac0c2c3ee229233e2cf8cb66a0464b5b,no-text-section
directdraw,DDBltFastSurface,84,/O2 /Ob2 /G5 /MD,retail_2001_12_23,c3639d43568a1ed233be85c6b3b8129b1a4661e65717220e0514c815aa972edd,unavailable,,0,0.000000,89e30cf07ebc8c2d74c042a22933a61bac0c2c3ee229233e2cf8cb66a0464b5b,protected-executable
directdraw,DDBltSurface,103,/O2 /Ob2 /G5 /MD,demo,8acda50afe39f7e6a867272300a09463fd94aed9a510008fcdefc662143346e4,relocation-equivalent,0040f5f0,1,1.000000,72ea8c68ad4f30d3d1ec6fdb6feeb57661d109cc04464fb7c04d42a111adaa31,
directdraw,DDBltSurface,103,/O2 /Ob2 /G5 /MD,gog_base,18a74ff61c65b8a2d4cfa11ffce82ad7fef022a94eaf0c2f217e479e981420d2,relocation-equivalent,0040f290,1,1.000000,72ea8c68ad4f30d3d1ec6fdb6feeb57661d109cc04464fb7c04d42a111adaa31,
directdraw,DDBltSurface,103,/O2 /Ob2 /G5 /MD,gog_1261,18a74ff61c65b8a2d4cfa11ffce82ad7fef022a94eaf0c2f217e479e981420d2,relocation-equivalent,0040f290,1,1.000000,72ea8c68ad4f30d3d1ec6fdb6feeb57661d109cc04464fb7c04d42a111adaa31,
directdraw,DDBltSurface,103,/O2 /Ob2 /G5 /MD,gog_1261_new,57a3072c2f8307de84e2f54ac58d3fcd7cf3cef18088bf0f0fdec2ac9202b2b1,relocation-equivalent,0040f290,1,1.000000,72ea8c68ad4f30d3d1ec6fdb6feeb57661d109cc04464fb7c04d42a111adaa31,
directdraw,DDBltSurface,103,/O2 /Ob2 /G5 /MD,gog_128_base,18a74ff61c65b8a2d4cfa11ffce82ad7fef022a94eaf0c2f217e479e981420d2,relocation-equivalent,0040f290,1,1.000000,72ea8c68ad4f30d3d1ec6fdb6feeb57661d109cc04464fb7c04d42a111adaa31,
directdraw,DDBltSurface,103,/O2 /Ob2 /G5 /MD,gog_128_patch,fdca6d9cd0940034191e82b8e2900de26bb25e381c74128dcb8967360a9fb824,unavailable,,0,0.000000,72ea8c68ad4f30d3d1ec6fdb6feeb57661d109cc04464fb7c04d42a111adaa31,no-text-section
directdraw,DDBltSurface,103,/O2 /Ob2 /G5 /MD,retail_2001_12_23,c3639d43568a1ed233be85c6b3b8129b1a4661e65717220e0514c815aa972edd,unavailable,,0,0.000000,72ea8c68ad4f30d3d1ec6fdb6feeb57661d109cc04464fb7c04d42a111adaa31,protected-executable
directdraw,DDCreateClipper,39,/O2 /Ob2 /G5 /MD,demo,8acda50afe39f7e6a867272300a09463fd94aed9a510008fcdefc662143346e4,absent-or-stripped,,0,0.000000,b73704ff825c518a56aac7d1818ea01c150840207ef8c1fe840ad9831bab809d,
directdraw,DDCreateClipper,39,/O2 /Ob2 /G5 /MD,gog_base,18a74ff61c65b8a2d4cfa11ffce82ad7fef022a94eaf0c2f217e479e981420d2,absent-or-stripped,,0,0.000000,b73704ff825c518a56aac7d1818ea01c150840207ef8c1fe840ad9831bab809d,
directdraw,DDCreateClipper,39,/O2 /Ob2 /G5 /MD,gog_1261,18a74ff61c65b8a2d4cfa11ffce82ad7fef022a94eaf0c2f217e479e981420d2,absent-or-stripped,,0,0.000000,b73704ff825c518a56aac7d1818ea01c150840207ef8c1fe840ad9831bab809d,
directdraw,DDCreateClipper,39,/O2 /Ob2 /G5 /MD,gog_1261_new,57a3072c2f8307de84e2f54ac58d3fcd7cf3cef18088bf0f0fdec2ac9202b2b1,absent-or-stripped,,0,0.000000,b73704ff825c518a56aac7d1818ea01c150840207ef8c1fe840ad9831bab809d,
directdraw,DDCreateClipper,39,/O2 /Ob2 /G5 /MD,gog_128_base,18a74ff61c65b8a2d4cfa11ffce82ad7fef022a94eaf0c2f217e479e981420d2,absent-or-stripped,,0,0.000000,b73704ff825c518a56aac7d1818ea01c150840207ef8c1fe840ad9831bab809d,
directdraw,DDCreateClipper,39,/O2 /Ob2 /G5 /MD,gog_128_patch,fdca6d9cd0940034191e82b8e2900de26bb25e381c74128dcb8967360a9fb824,unavailable,,0,0.000000,b73704ff825c518a56aac7d1818ea01c150840207ef8c1fe840ad9831bab809d,no-text-section
directdraw,DDCreateClipper,39,/O2 /Ob2 /G5 /MD,retail_2001_12_23,c3639d43568a1ed233be85c6b3b8129b1a4661e65717220e0514c815aa972edd,unavailable,,0,0.000000,b73704ff825c518a56aac7d1818ea01c150840207ef8c1fe840ad9831bab809d,protected-executable
directdraw,DDCreatePalette,50,/O2 /Ob2 /G5 /MD,demo,8acda50afe39f7e6a867272300a09463fd94aed9a510008fcdefc662143346e4,relocation-equivalent,0040f660,1,1.000000,c211c3e255219d7b457824b4da0b69b725613d5a6425f10348f1e8adbf5a7dbd,
directdraw,DDCreatePalette,50,/O2 /Ob2 /G5 /MD,gog_base,18a74ff61c65b8a2d4cfa11ffce82ad7fef022a94eaf0c2f217e479e981420d2,relocation-equivalent,0040f300,1,1.000000,c211c3e255219d7b457824b4da0b69b725613d5a6425f10348f1e8adbf5a7dbd,
directdraw,DDCreatePalette,50,/O2 /Ob2 /G5 /MD,gog_1261,18a74ff61c65b8a2d4cfa11ffce82ad7fef022a94eaf0c2f217e479e981420d2,relocation-equivalent,0040f300,1,1.000000,c211c3e255219d7b457824b4da0b69b725613d5a6425f10348f1e8adbf5a7dbd,
directdraw,DDCreatePalette,50,/O2 /Ob2 /G5 /MD,gog_1261_new,57a3072c2f8307de84e2f54ac58d3fcd7cf3cef18088bf0f0fdec2ac9202b2b1,relocation-equivalent,0040f300,1,1.000000,c211c3e255219d7b457824b4da0b69b725613d5a6425f10348f1e8adbf5a7dbd,
directdraw,DDCreatePalette,50,/O2 /Ob2 /G5 /MD,gog_128_base,18a74ff61c65b8a2d4cfa11ffce82ad7fef022a94eaf0c2f217e479e981420d2,relocation-equivalent,0040f300,1,1.000000,c211c3e255219d7b457824b4da0b69b725613d5a6425f10348f1e8adbf5a7dbd,
directdraw,DDCreatePalette,50,/O2 /Ob2 /G5 /MD,gog_128_patch,fdca6d9cd0940034191e82b8e2900de26bb25e381c74128dcb8967360a9fb824,unavailable,,0,0.000000,c211c3e255219d7b457824b4da0b69b725613d5a6425f10348f1e8adbf5a7dbd,no-text-section
directdraw,DDCreatePalette,50,/O2 /Ob2 /G5 /MD,retail_2001_12_23,c3639d43568a1ed233be85c6b3b8129b1a4661e65717220e0514c815aa972edd,unavailable,,0,0.000000,c211c3e255219d7b457824b4da0b69b725613d5a6425f10348f1e8adbf5a7dbd,protected-executable
directdraw,DDCreateRasterSurface,360,/O2 /Ob2 /G5 /MD,demo,8acda50afe39f7e6a867272300a09463fd94aed9a510008fcdefc662143346e4,absent-or-stripped,,0,0.000000,f979de21ee10ff2461d3a9d9169cc7f1b74ea2742242283fe84e55e484784691,
directdraw,DDCreateRasterSurface,360,/O2 /Ob2 /G5 /MD,gog_base,18a74ff61c65b8a2d4cfa11ffce82ad7fef022a94eaf0c2f217e479e981420d2,absent-or-stripped,,0,0.000000,f979de21ee10ff2461d3a9d9169cc7f1b74ea2742242283fe84e55e484784691,
directdraw,DDCreateRasterSurface,360,/O2 /Ob2 /G5 /MD,gog_1261,18a74ff61c65b8a2d4cfa11ffce82ad7fef022a94eaf0c2f217e479e981420d2,absent-or-stripped,,0,0.000000,f979de21ee10ff2461d3a9d9169cc7f1b74ea2742242283fe84e55e484784691,
directdraw,DDCreateRasterSurface,360,/O2 /Ob2 /G5 /MD,gog_1261_new,57a3072c2f8307de84e2f54ac58d3fcd7cf3cef18088bf0f0fdec2ac9202b2b1,absent-or-stripped,,0,0.000000,f979de21ee10ff2461d3a9d9169cc7f1b74ea2742242283fe84e55e484784691,
directdraw,DDCreateRasterSurface,360,/O2 /Ob2 /G5 /MD,gog_128_base,18a74ff61c65b8a2d4cfa11ffce82ad7fef022a94eaf0c2f217e479e981420d2,absent-or-stripped,,0,0.000000,f979de21ee10ff2461d3a9d9169cc7f1b74ea2742242283fe84e55e484784691,
directdraw,DDCreateRasterSurface,360,/O2 /Ob2 /G5 /MD,gog_128_patch,fdca6d9cd0940034191e82b8e2900de26bb25e381c74128dcb8967360a9fb824,unavailable,,0,0.000000,f979de21ee10ff2461d3a9d9169cc7f1b74ea2742242283fe84e55e484784691,no-text-section
directdraw,DDCreateRasterSurface,360,/O2 /Ob2 /G5 /MD,retail_2001_12_23,c3639d43568a1ed233be85c6b3b8129b1a4661e65717220e0514c815aa972edd,unavailable,,0,0.000000,f979de21ee10ff2461d3a9d9169cc7f1b74ea2742242283fe84e55e484784691,protected-executable
directdraw,DDCreateSurface,74,/O2 /Ob2 /G5 /MD,demo,8acda50afe39f7e6a867272300a09463fd94aed9a510008fcdefc662143346e4,relocation-equivalent,0040f410,1,1.000000,c68b6dce35f046978717604c40ce9c29e319ccb5bc7e005dfdfc3eb22d2e4137,
directdraw,DDCreateSurface,74,/O2 /Ob2 /G5 /MD,gog_base,18a74ff61c65b8a2d4cfa11ffce82ad7fef022a94eaf0c2f217e479e981420d2,relocation-equivalent,0040f0b0,1,1.000000,c68b6dce35f046978717604c40ce9c29e319ccb5bc7e005dfdfc3eb22d2e4137,
directdraw,DDCreateSurface,74,/O2 /Ob2 /G5 /MD,gog_1261,18a74ff61c65b8a2d4cfa11ffce82ad7fef022a94eaf0c2f217e479e981420d2,relocation-equivalent,0040f0b0,1,1.000000,c68b6dce35f046978717604c40ce9c29e319ccb5bc7e005dfdfc3eb22d2e4137,
directdraw,DDCreateSurface,74,/O2 /Ob2 /G5 /MD,gog_1261_new,57a3072c2f8307de84e2f54ac58d3fcd7cf3cef18088bf0f0fdec2ac9202b2b1,relocation-equivalent,0040f0b0,1,1.000000,c68b6dce35f046978717604c40ce9c29e319ccb5bc7e005dfdfc3eb22d2e4137,
directdraw,DDCreateSurface,74,/O2 /Ob2 /G5 /MD,gog_128_base,18a74ff61c65b8a2d4cfa11ffce82ad7fef022a94eaf0c2f217e479e981420d2,relocation-equivalent,0040f0b0,1,1.000000,c68b6dce35f046978717604c40ce9c29e319ccb5bc7e005dfdfc3eb22d2e4137,
directdraw,DDCreateSurface,74,/O2 /Ob2 /G5 /MD,gog_128_patch,fdca6d9cd0940034191e82b8e2900de26bb25e381c74128dcb8967360a9fb824,unavailable,,0,0.000000,c68b6dce35f046978717604c40ce9c29e319ccb5bc7e005dfdfc3eb22d2e4137,no-text-section
directdraw,DDCreateSurface,74,/O2 /Ob2 /G5 /MD,retail_2001_12_23,c3639d43568a1ed233be85c6b3b8129b1a4661e65717220e0514c815aa972edd,unavailable,,0,0.000000,c68b6dce35f046978717604c40ce9c29e319ccb5bc7e005dfdfc3eb22d2e4137,protected-executable
directdraw,DDCreateSurfaceInMemory,284,/O2 /Ob2 /G5 /MD,demo,8acda50afe39f7e6a867272300a09463fd94aed9a510008fcdefc662143346e4,absent-or-stripped,,0,0.000000,5fdaad827f3b4e37bbffc68507bd73576230b28021b0a9279e5388c3f03ac880,
directdraw,DDCreateSurfaceInMemory,284,/O2 /Ob2 /G5 /MD,gog_base,18a74ff61c65b8a2d4cfa11ffce82ad7fef022a94eaf0c2f217e479e981420d2,absent-or-stripped,,0,0.000000,5fdaad827f3b4e37bbffc68507bd73576230b28021b0a9279e5388c3f03ac880,
directdraw,DDCreateSurfaceInMemory,284,/O2 /Ob2 /G5 /MD,gog_1261,18a74ff61c65b8a2d4cfa11ffce82ad7fef022a94eaf0c2f217e479e981420d2,absent-or-stripped,,0,0.000000,5fdaad827f3b4e37bbffc68507bd73576230b28021b0a9279e5388c3f03ac880,
directdraw,DDCreateSurfaceInMemory,284,/O2 /Ob2 /G5 /MD,gog_1261_new,57a3072c2f8307de84e2f54ac58d3fcd7cf3cef18088bf0f0fdec2ac9202b2b1,absent-or-stripped,,0,0.000000,5fdaad827f3b4e37bbffc68507bd73576230b28021b0a9279e5388c3f03ac880,
directdraw,DDCreateSurfaceInMemory,284,/O2 /Ob2 /G5 /MD,gog_128_base,18a74ff61c65b8a2d4cfa11ffce82ad7fef022a94eaf0c2f217e479e981420d2,absent-or-stripped,,0,0.000000,5fdaad827f3b4e37bbffc68507bd73576230b28021b0a9279e5388c3f03ac880,
directdraw,DDCreateSurfaceInMemory,284,/O2 /Ob2 /G5 /MD,gog_128_patch,fdca6d9cd0940034191e82b8e2900de26bb25e381c74128dcb8967360a9fb824,unavailable,,0,0.000000,5fdaad827f3b4e37bbffc68507bd73576230b28021b0a9279e5388c3f03ac880,no-text-section
directdraw,DDCreateSurfaceInMemory,284,/O2 /Ob2 /G5 /MD,retail_2001_12_23,c3639d43568a1ed233be85c6b3b8129b1a4661e65717220e0514c815aa972edd,unavailable,,0,0.000000,5fdaad827f3b4e37bbffc68507bd73576230b28021b0a9279e5388c3f03ac880,protected-executable
directdraw,DDCreateZBufferSurface,371,/O2 /Ob2 /G5 /MD,demo,8acda50afe39f7e6a867272300a09463fd94aed9a510008fcdefc662143346e4,absent-or-stripped,,0,0.000000,22eb528e7cee22f43fbaa0fc2d89721e45908dfe5a4632bbab307bc0bdf0e1ae,
directdraw,DDCreateZBufferSurface,371,/O2 /Ob2 /G5 /MD,gog_base,18a74ff61c65b8a2d4cfa11ffce82ad7fef022a94eaf0c2f217e479e981420d2,absent-or-stripped,,0,0.000000,22eb528e7cee22f43fbaa0fc2d89721e45908dfe5a4632bbab307bc0bdf0e1ae,
directdraw,DDCreateZBufferSurface,371,/O2 /Ob2 /G5 /MD,gog_1261,18a74ff61c65b8a2d4cfa11ffce82ad7fef022a94eaf0c2f217e479e981420d2,absent-or-stripped,,0,0.000000,22eb528e7cee22f43fbaa0fc2d89721e45908dfe5a4632bbab307bc0bdf0e1ae,
directdraw,DDCreateZBufferSurface,371,/O2 /Ob2 /G5 /MD,gog_1261_new,57a3072c2f8307de84e2f54ac58d3fcd7cf3cef18088bf0f0fdec2ac9202b2b1,absent-or-stripped,,0,0.000000,22eb528e7cee22f43fbaa0fc2d89721e45908dfe5a4632bbab307bc0bdf0e1ae,
directdraw,DDCreateZBufferSurface,371,/O2 /Ob2 /G5 /MD,gog_128_base,18a74ff61c65b8a2d4cfa11ffce82ad7fef022a94eaf0c2f217e479e981420d2,absent-or-stripped,,0,0.000000,22eb528e7cee22f43fbaa0fc2d89721e45908dfe5a4632bbab307bc0bdf0e1ae,
directdraw,DDCreateZBufferSurface,371,/O2 /Ob2 /G5 /MD,gog_128_patch,fdca6d9cd0940034191e82b8e2900de26bb25e381c74128dcb8967360a9fb824,unavailable,,0,0.000000,22eb528e7cee22f43fbaa0fc2d89721e45908dfe5a4632bbab307bc0bdf0e1ae,no-text-section
directdraw,DDCreateZBufferSurface,371,/O2 /Ob2 /G5 /MD,retail_2001_12_23,c3639d43568a1ed233be85c6b3b8129b1a4661e65717220e0514c815aa972edd,unavailable,,0,0.000000,22eb528e7cee22f43fbaa0fc2d89721e45908dfe5a4632bbab307bc0bdf0e1ae,protected-executable
directdraw,DDDeleteAttachedSurface,37,/O2 /Ob2 /G5 /MD,demo,8acda50afe39f7e6a867272300a09463fd94aed9a510008fcdefc662143346e4,absent-or-stripped,,0,0.000000,dfff33460506d137703a1681d6a39941bf76176901af26de731238e00cce8917,
directdraw,DDDeleteAttachedSurface,37,/O2 /Ob2 /G5 /MD,gog_base,18a74ff61c65b8a2d4cfa11ffce82ad7fef022a94eaf0c2f217e479e981420d2,absent-or-stripped,,0,0.000000,dfff33460506d137703a1681d6a39941bf76176901af26de731238e00cce8917,
directdraw,DDDeleteAttachedSurface,37,/O2 /Ob2 /G5 /MD,gog_1261,18a74ff61c65b8a2d4cfa11ffce82ad7fef022a94eaf0c2f217e479e981420d2,absent-or-stripped,,0,0.000000,dfff33460506d137703a1681d6a39941bf76176901af26de731238e00cce8917,
directdraw,DDDeleteAttachedSurface,37,/O2 /Ob2 /G5 /MD,gog_1261_new,57a3072c2f8307de84e2f54ac58d3fcd7cf3cef18088bf0f0fdec2ac9202b2b1,absent-or-stripped,,0,0.000000,dfff33460506d137703a1681d6a39941bf76176901af26de731238e00cce8917,
directdraw,DDDeleteAttachedSurface,37,/O2 /Ob2 /G5 /MD,gog_128_base,18a74ff61c65b8a2d4cfa11ffce82ad7fef022a94eaf0c2f217e479e981420d2,absent-or-stripped,,0,0.000000,dfff33460506d137703a1681d6a39941bf76176901af26de731238e00cce8917,
directdraw,DDDeleteAttachedSurface,37,/O2 /Ob2 /G5 /MD,gog_128_patch,fdca6d9cd0940034191e82b8e2900de26bb25e381c74128dcb8967360a9fb824,unavailable,,0,0.000000,dfff33460506d137703a1681d6a39941bf76176901af26de731238e00cce8917,no-text-section
directdraw,DDDeleteAttachedSurface,37,/O2 /Ob2 /G5 /MD,retail_2001_12_23,c3639d43568a1ed233be85c6b3b8129b1a4661e65717220e0514c815aa972edd,unavailable,,0,0.000000,dfff33460506d137703a1681d6a39941bf76176901af26de731238e00cce8917,protected-executable
directdraw,DDGetDC,35,/O2 /Ob2 /G5 /MD,demo,8acda50afe39f7e6a867272300a09463fd94aed9a510008fcdefc662143346e4,absent-or-stripped,,0,0.000000,3d42125a18ebf38516b847b13bb55cb0af3e48b139618e79d573a63a59f0b0fc,
directdraw,DDGetDC,35,/O2 /Ob2 /G5 /MD,gog_base,18a74ff61c65b8a2d4cfa11ffce82ad7fef022a94eaf0c2f217e479e981420d2,absent-or-stripped,,0,0.000000,3d42125a18ebf38516b847b13bb55cb0af3e48b139618e79d573a63a59f0b0fc,
directdraw,DDGetDC,35,/O2 /Ob2 /G5 /MD,gog_1261,18a74ff61c65b8a2d4cfa11ffce82ad7fef022a94eaf0c2f217e479e981420d2,absent-or-stripped,,0,0.000000,3d42125a18ebf38516b847b13bb55cb0af3e48b139618e79d573a63a59f0b0fc,
directdraw,DDGetDC,35,/O2 /Ob2 /G5 /MD,gog_1261_new,57a3072c2f8307de84e2f54ac58d3fcd7cf3cef18088bf0f0fdec2ac9202b2b1,absent-or-stripped,,0,0.000000,3d42125a18ebf38516b847b13bb55cb0af3e48b139618e79d573a63a59f0b0fc,
directdraw,DDGetDC,35,/O2 /Ob2 /G5 /MD,gog_128_base,18a74ff61c65b8a2d4cfa11ffce82ad7fef022a94eaf0c2f217e479e981420d2,absent-or-stripped,,0,0.000000,3d42125a18ebf38516b847b13bb55cb0af3e48b139618e79d573a63a59f0b0fc,
directdraw,DDGetDC,35,/O2 /Ob2 /G5 /MD,gog_128_patch,fdca6d9cd0940034191e82b8e2900de26bb25e381c74128dcb8967360a9fb824,unavailable,,0,0.000000,3d42125a18ebf38516b847b13bb55cb0af3e48b139618e79d573a63a59f0b0fc,no-text-section
directdraw,DDGetDC,35,/O2 /Ob2 /G5 /MD,retail_2001_12_23,c3639d43568a1ed233be85c6b3b8129b1a4661e65717220e0514c815aa972edd,unavailable,,0,0.000000,3d42125a18ebf38516b847b13bb55cb0af3e48b139618e79d573a63a59f0b0fc,protected-executable
directdraw,DDGetDDInterface,38,/O2 /Ob2 /G5 /MD,demo,8acda50afe39f7e6a867272300a09463fd94aed9a510008fcdefc662143346e4,absent-or-stripped,,0,0.000000,5d801148f47ad75b7129e103ddbcfc4a524827fc206325e61a0baab76a9a149c,
directdraw,DDGetDDInterface,38,/O2 /Ob2 /G5 /MD,gog_base,18a74ff61c65b8a2d4cfa11ffce82ad7fef022a94eaf0c2f217e479e981420d2,absent-or-stripped,,0,0.000000,5d801148f47ad75b7129e103ddbcfc4a524827fc206325e61a0baab76a9a149c,
directdraw,DDGetDDInterface,38,/O2 /Ob2 /G5 /MD,gog_1261,18a74ff61c65b8a2d4cfa11ffce82ad7fef022a94eaf0c2f217e479e981420d2,absent-or-stripped,,0,0.000000,5d801148f47ad75b7129e103ddbcfc4a524827fc206325e61a0baab76a9a149c,
directdraw,DDGetDDInterface,38,/O2 /Ob2 /G5 /MD,gog_1261_new,57a3072c2f8307de84e2f54ac58d3fcd7cf3cef18088bf0f0fdec2ac9202b2b1,absent-or-stripped,,0,0.000000,5d801148f47ad75b7129e103ddbcfc4a524827fc206325e61a0baab76a9a149c,
directdraw,DDGetDDInterface,38,/O2 /Ob2 /G5 /MD,gog_128_base,18a74ff61c65b8a2d4cfa11ffce82ad7fef022a94eaf0c2f217e479e981420d2,absent-or-stripped,,0,0.000000,5d801148f47ad75b7129e103ddbcfc4a524827fc206325e61a0baab76a9a149c,
directdraw,DDGetDDInterface,38,/O2 /Ob2 /G5 /MD,gog_128_patch,fdca6d9cd0940034191e82b8e2900de26bb25e381c74128dcb8967360a9fb824,unavailable,,0,0.000000,5d801148f47ad75b7129e103ddbcfc4a524827fc206325e61a0baab76a9a149c,no-text-section
directdraw,DDGetDDInterface,38,/O2 /Ob2 /G5 /MD,retail_2001_12_23,c3639d43568a1ed233be85c6b3b8129b1a4661e65717220e0514c815aa972edd,unavailable,,0,0.000000,5d801148f47ad75b7129e103ddbcfc4a524827fc206325e61a0baab76a9a149c,protected-executable
directdraw,DDGetPaletteEntries,50,/O2 /Ob2 /G5 /MD,demo,8acda50afe39f7e6a867272300a09463fd94aed9a510008fcdefc662143346e4,relocation-equivalent,0040f6e0,1,1.000000,560e5edd93a18f75a9c3027c66f7962e917aaa341bd450cc2fc542276788299c,
directdraw,DDGetPaletteEntries,50,/O2 /Ob2 /G5 /MD,gog_base,18a74ff61c65b8a2d4cfa11ffce82ad7fef022a94eaf0c2f217e479e981420d2,relocation-equivalent,0040f380,1,1.000000,560e5edd93a18f75a9c3027c66f7962e917aaa341bd450cc2fc542276788299c,
directdraw,DDGetPaletteEntries,50,/O2 /Ob2 /G5 /MD,gog_1261,18a74ff61c65b8a2d4cfa11ffce82ad7fef022a94eaf0c2f217e479e981420d2,relocation-equivalent,0040f380,1,1.000000,560e5edd93a18f75a9c3027c66f7962e917aaa341bd450cc2fc542276788299c,
directdraw,DDGetPaletteEntries,50,/O2 /Ob2 /G5 /MD,gog_1261_new,57a3072c2f8307de84e2f54ac58d3fcd7cf3cef18088bf0f0fdec2ac9202b2b1,relocation-equivalent,0040f380,1,1.000000,560e5edd93a18f75a9c3027c66f7962e917aaa341bd450cc2fc542276788299c,
directdraw,DDGetPaletteEntries,50,/O2 /Ob2 /G5 /MD,gog_128_base,18a74ff61c65b8a2d4cfa11ffce82ad7fef022a94eaf0c2f217e479e981420d2,relocation-equivalent,0040f380,1,1.000000,560e5edd93a18f75a9c3027c66f7962e917aaa341bd450cc2fc542276788299c,
directdraw,DDGetPaletteEntries,50,/O2 /Ob2 /G5 /MD,gog_128_patch,fdca6d9cd0940034191e82b8e2900de26bb25e381c74128dcb8967360a9fb824,unavailable,,0,0.000000,560e5edd93a18f75a9c3027c66f7962e917aaa341bd450cc2fc542276788299c,no-text-section
directdraw,DDGetPaletteEntries,50,/O2 /Ob2 /G5 /MD,retail_2001_12_23,c3639d43568a1ed233be85c6b3b8129b1a4661e65717220e0514c815aa972edd,unavailable,,0,0.000000,560e5edd93a18f75a9c3027c66f7962e917aaa341bd450cc2fc542276788299c,protected-executable
directdraw,DDGetSurfaceCaps,35,/O2 /Ob2 /G5 /MD,demo,8acda50afe39f7e6a867272300a09463fd94aed9a510008fcdefc662143346e4,absent-or-stripped,,0,0.000000,eadfde21ed070b40b3cef45111c164ab9d942f8c815ac9bcf1532287ae85894e,
directdraw,DDGetSurfaceCaps,35,/O2 /Ob2 /G5 /MD,gog_base,18a74ff61c65b8a2d4cfa11ffce82ad7fef022a94eaf0c2f217e479e981420d2,absent-or-stripped,,0,0.000000,eadfde21ed070b40b3cef45111c164ab9d942f8c815ac9bcf1532287ae85894e,
directdraw,DDGetSurfaceCaps,35,/O2 /Ob2 /G5 /MD,gog_1261,18a74ff61c65b8a2d4cfa11ffce82ad7fef022a94eaf0c2f217e479e981420d2,absent-or-stripped,,0,0.000000,eadfde21ed070b40b3cef45111c164ab9d942f8c815ac9bcf1532287ae85894e,
directdraw,DDGetSurfaceCaps,35,/O2 /Ob2 /G5 /MD,gog_1261_new,57a3072c2f8307de84e2f54ac58d3fcd7cf3cef18088bf0f0fdec2ac9202b2b1,absent-or-stripped,,0,0.000000,eadfde21ed070b40b3cef45111c164ab9d942f8c815ac9bcf1532287ae85894e,
directdraw,DDGetSurfaceCaps,35,/O2 /Ob2 /G5 /MD,gog_128_base,18a74ff61c65b8a2d4cfa11ffce82ad7fef022a94eaf0c2f217e479e981420d2,absent-or-stripped,,0,0.000000,eadfde21ed070b40b3cef45111c164ab9d942f8c815ac9bcf1532287ae85894e,
directdraw,DDGetSurfaceCaps,35,/O2 /Ob2 /G5 /MD,gog_128_patch,fdca6d9cd0940034191e82b8e2900de26bb25e381c74128dcb8967360a9fb824,unavailable,,0,0.000000,eadfde21ed070b40b3cef45111c164ab9d942f8c815ac9bcf1532287ae85894e,no-text-section
directdraw,DDGetSurfaceCaps,35,/O2 /Ob2 /G5 /MD,retail_2001_12_23,c3639d43568a1ed233be85c6b3b8129b1a4661e65717220e0514c815aa972edd,unavailable,,0,0.000000,eadfde21ed070b40b3cef45111c164ab9d942f8c815ac9bcf1532287ae85894e,protected-executable
directdraw,DDGetSurfaceDescription,51,/O2 /Ob2 /G5 /MD,demo,8acda50afe39f7e6a867272300a09463fd94aed9a510008fcdefc662143346e4,relocation-equivalent,0040f4e0,1,1.000000,7774abf7cc9a57a7449d030eb0ad43af3935bd017f23544cda705d60e1e03989,
directdraw,DDGetSurfaceDescription,51,/O2 /Ob2 /G5 /MD,gog_base,18a74ff61c65b8a2d4cfa11ffce82ad7fef022a94eaf0c2f217e479e981420d2,relocation-equivalent,0040f180,1,1.000000,7774abf7cc9a57a7449d030eb0ad43af3935bd017f23544cda705d60e1e03989,
directdraw,DDGetSurfaceDescription,51,/O2 /Ob2 /G5 /MD,gog_1261,18a74ff61c65b8a2d4cfa11ffce82ad7fef022a94eaf0c2f217e479e981420d2,relocation-equivalent,0040f180,1,1.000000,7774abf7cc9a57a7449d030eb0ad43af3935bd017f23544cda705d60e1e03989,
directdraw,DDGetSurfaceDescription,51,/O2 /Ob2 /G5 /MD,gog_1261_new,57a3072c2f8307de84e2f54ac58d3fcd7cf3cef18088bf0f0fdec2ac9202b2b1,relocation-equivalent,0040f180,1,1.000000,7774abf7cc9a57a7449d030eb0ad43af3935bd017f23544cda705d60e1e03989,
directdraw,DDGetSurfaceDescription,51,/O2 /Ob2 /G5 /MD,gog_128_base,18a74ff61c65b8a2d4cfa11ffce82ad7fef022a94eaf0c2f217e479e981420d2,relocation-equivalent,0040f180,1,1.000000,7774abf7cc9a57a7449d030eb0ad43af3935bd017f23544cda705d60e1e03989,
directdraw,DDGetSurfaceDescription,51,/O2 /Ob2 /G5 /MD,gog_128_patch,fdca6d9cd0940034191e82b8e2900de26bb25e381c74128dcb8967360a9fb824,unavailable,,0,0.000000,7774abf7cc9a57a7449d030eb0ad43af3935bd017f23544cda705d60e1e03989,no-text-section
directdraw,DDGetSurfaceDescription,51,/O2 /Ob2 /G5 /MD,retail_2001_12_23,c3639d43568a1ed233be85c6b3b8129b1a4661e65717220e0514c815aa972edd,unavailable,,0,0.000000,7774abf7cc9a57a7449d030eb0ad43af3935bd017f23544cda705d60e1e03989,protected-executable
directdraw,DDGetSurfacePalette,35,/O2 /Ob2 /G5 /MD,demo,8acda50afe39f7e6a867272300a09463fd94aed9a510008fcdefc662143346e4,absent-or-stripped,,0,0.000000,dd425b5cef6417b897fdb6c7eaff966449cdf39913bb7cd74b1c9d7081ef0371,
directdraw,DDGetSurfacePalette,35,/O2 /Ob2 /G5 /MD,gog_base,18a74ff61c65b8a2d4cfa11ffce82ad7fef022a94eaf0c2f217e479e981420d2,absent-or-stripped,,0,0.000000,dd425b5cef6417b897fdb6c7eaff966449cdf39913bb7cd74b1c9d7081ef0371,
directdraw,DDGetSurfacePalette,35,/O2 /Ob2 /G5 /MD,gog_1261,18a74ff61c65b8a2d4cfa11ffce82ad7fef022a94eaf0c2f217e479e981420d2,absent-or-stripped,,0,0.000000,dd425b5cef6417b897fdb6c7eaff966449cdf39913bb7cd74b1c9d7081ef0371,
directdraw,DDGetSurfacePalette,35,/O2 /Ob2 /G5 /MD,gog_1261_new,57a3072c2f8307de84e2f54ac58d3fcd7cf3cef18088bf0f0fdec2ac9202b2b1,absent-or-stripped,,0,0.000000,dd425b5cef6417b897fdb6c7eaff966449cdf39913bb7cd74b1c9d7081ef0371,
directdraw,DDGetSurfacePalette,35,/O2 /Ob2 /G5 /MD,gog_128_base,18a74ff61c65b8a2d4cfa11ffce82ad7fef022a94eaf0c2f217e479e981420d2,absent-or-stripped,,0,0.000000,dd425b5cef6417b897fdb6c7eaff966449cdf39913bb7cd74b1c9d7081ef0371,
directdraw,DDGetSurfacePalette,35,/O2 /Ob2 /G5 /MD,gog_128_patch,fdca6d9cd0940034191e82b8e2900de26bb25e381c74128dcb8967360a9fb824,unavailable,,0,0.000000,dd425b5cef6417b897fdb6c7eaff966449cdf39913bb7cd74b1c9d7081ef0371,no-text-section
directdraw,DDGetSurfacePalette,35,/O2 /Ob2 /G5 /MD,retail_2001_12_23,c3639d43568a1ed233be85c6b3b8129b1a4661e65717220e0514c815aa972edd,unavailable,,0,0.000000,dd425b5cef6417b897fdb6c7eaff966449cdf39913bb7cd74b1c9d7081ef0371,protected-executable
directdraw,DDLockSurface,79,/O2 /Ob2 /G5 /MD,demo,8acda50afe39f7e6a867272300a09463fd94aed9a510008fcdefc662143346e4,relocation-equivalent,0040f460,1,1.000000,db1e8cef0a742989a7e7cca67847e9bd9f25abdc778aaedd682a4c182c37395a,
directdraw,DDLockSurface,79,/O2 /Ob2 /G5 /MD,gog_base,18a74ff61c65b8a2d4cfa11ffce82ad7fef022a94eaf0c2f217e479e981420d2,relocation-equivalent,0040f100,1,1.000000,db1e8cef0a742989a7e7cca67847e9bd9f25abdc778aaedd682a4c182c37395a,
directdraw,DDLockSurface,79,/O2 /Ob2 /G5 /MD,gog_1261,18a74ff61c65b8a2d4cfa11ffce82ad7fef022a94eaf0c2f217e479e981420d2,relocation-equivalent,0040f100,1,1.000000,db1e8cef0a742989a7e7cca67847e9bd9f25abdc778aaedd682a4c182c37395a,
directdraw,DDLockSurface,79,/O2 /Ob2 /G5 /MD,gog_1261_new,57a3072c2f8307de84e2f54ac58d3fcd7cf3cef18088bf0f0fdec2ac9202b2b1,relocation-equivalent,0040f100,1,1.000000,db1e8cef0a742989a7e7cca67847e9bd9f25abdc778aaedd682a4c182c37395a,
directdraw,DDLockSurface,79,/O2 /Ob2 /G5 /MD,gog_128_base,18a74ff61c65b8a2d4cfa11ffce82ad7fef022a94eaf0c2f217e479e981420d2,relocation-equivalent,0040f100,1,1.000000,db1e8cef0a742989a7e7cca67847e9bd9f25abdc778aaedd682a4c182c37395a,
directdraw,DDLockSurface,79,/O2 /Ob2 /G5 /MD,gog_128_patch,fdca6d9cd0940034191e82b8e2900de26bb25e381c74128dcb8967360a9fb824,unavailable,,0,0.000000,db1e8cef0a742989a7e7cca67847e9bd9f25abdc778aaedd682a4c182c37395a,no-text-section
directdraw,DDLockSurface,79,/O2 /Ob2 /G5 /MD,retail_2001_12_23,c3639d43568a1ed233be85c6b3b8129b1a4661e65717220e0514c815aa972edd,unavailable,,0,0.000000,db1e8cef0a742989a7e7cca67847e9bd9f25abdc778aaedd682a4c182c37395a,protected-executable
directdraw,DDReleaseClipper,30,/O2 /Ob2 /G5 /MD,demo,8acda50afe39f7e6a867272300a09463fd94aed9a510008fcdefc662143346e4,absent-or-stripped,,0,0.000000,78598d5b0416ca80f4bc3698aa0f7c5f2d3cb593ccfdf2ebe016f2a82bbe4b4b,
directdraw,DDReleaseClipper,30,/O2 /Ob2 /G5 /MD,gog_base,18a74ff61c65b8a2d4cfa11ffce82ad7fef022a94eaf0c2f217e479e981420d2,absent-or-stripped,,0,0.000000,78598d5b0416ca80f4bc3698aa0f7c5f2d3cb593ccfdf2ebe016f2a82bbe4b4b,
directdraw,DDReleaseClipper,30,/O2 /Ob2 /G5 /MD,gog_1261,18a74ff61c65b8a2d4cfa11ffce82ad7fef022a94eaf0c2f217e479e981420d2,absent-or-stripped,,0,0.000000,78598d5b0416ca80f4bc3698aa0f7c5f2d3cb593ccfdf2ebe016f2a82bbe4b4b,
directdraw,DDReleaseClipper,30,/O2 /Ob2 /G5 /MD,gog_1261_new,57a3072c2f8307de84e2f54ac58d3fcd7cf3cef18088bf0f0fdec2ac9202b2b1,absent-or-stripped,,0,0.000000,78598d5b0416ca80f4bc3698aa0f7c5f2d3cb593ccfdf2ebe016f2a82bbe4b4b,
directdraw,DDReleaseClipper,30,/O2 /Ob2 /G5 /MD,gog_128_base,18a74ff61c65b8a2d4cfa11ffce82ad7fef022a94eaf0c2f217e479e981420d2,absent-or-stripped,,0,0.000000,78598d5b0416ca80f4bc3698aa0f7c5f2d3cb593ccfdf2ebe016f2a82bbe4b4b,
directdraw,DDReleaseClipper,30,/O2 /Ob2 /G5 /MD,gog_128_patch,fdca6d9cd0940034191e82b8e2900de26bb25e381c74128dcb8967360a9fb824,unavailable,,0,0.000000,78598d5b0416ca80f4bc3698aa0f7c5f2d3cb593ccfdf2ebe016f2a82bbe4b4b,no-text-section
directdraw,DDReleaseClipper,30,/O2 /Ob2 /G5 /MD,retail_2001_12_23,c3639d43568a1ed233be85c6b3b8129b1a4661e65717220e0514c815aa972edd,unavailable,,0,0.000000,78598d5b0416ca80f4bc3698aa0f7c5f2d3cb593ccfdf2ebe016f2a82bbe4b4b,protected-executable
directdraw,DDReleaseDC,35,/O2 /Ob2 /G5 /MD,demo,8acda50afe39f7e6a867272300a09463fd94aed9a510008fcdefc662143346e4,absent-or-stripped,,0,0.000000,8e88e2a8938d700804a79448702d7ca0e9bd262bdf2a5dfee8fb29ed8708fdcb,
directdraw,DDReleaseDC,35,/O2 /Ob2 /G5 /MD,gog_base,18a74ff61c65b8a2d4cfa11ffce82ad7fef022a94eaf0c2f217e479e981420d2,absent-or-stripped,,0,0.000000,8e88e2a8938d700804a79448702d7ca0e9bd262bdf2a5dfee8fb29ed8708fdcb,
directdraw,DDReleaseDC,35,/O2 /Ob2 /G5 /MD,gog_1261,18a74ff61c65b8a2d4cfa11ffce82ad7fef022a94eaf0c2f217e479e981420d2,absent-or-stripped,,0,0.000000,8e88e2a8938d700804a79448702d7ca0e9bd262bdf2a5dfee8fb29ed8708fdcb,
directdraw,DDReleaseDC,35,/O2 /Ob2 /G5 /MD,gog_1261_new,57a3072c2f8307de84e2f54ac58d3fcd7cf3cef18088bf0f0fdec2ac9202b2b1,absent-or-stripped,,0,0.000000,8e88e2a8938d700804a79448702d7ca0e9bd262bdf2a5dfee8fb29ed8708fdcb,
directdraw,DDReleaseDC,35,/O2 /Ob2 /G5 /MD,gog_128_base,18a74ff61c65b8a2d4cfa11ffce82ad7fef022a94eaf0c2f217e479e981420d2,absent-or-stripped,,0,0.000000,8e88e2a8938d700804a79448702d7ca0e9bd262bdf2a5dfee8fb29ed8708fdcb,
directdraw,DDReleaseDC,35,/O2 /Ob2 /G5 /MD,gog_128_patch,fdca6d9cd0940034191e82b8e2900de26bb25e381c74128dcb8967360a9fb824,unavailable,,0,0.000000,8e88e2a8938d700804a79448702d7ca0e9bd262bdf2a5dfee8fb29ed8708fdcb,no-text-section
directdraw,DDReleaseDC,35,/O2 /Ob2 /G5 /MD,retail_2001_12_23,c3639d43568a1ed233be85c6b3b8129b1a4661e65717220e0514c815aa972edd,unavailable,,0,0.000000,8e88e2a8938d700804a79448702d7ca0e9bd262bdf2a5dfee8fb29ed8708fdcb,protected-executable
directdraw,DDReleasePalette,30,/O2 /Ob2 /G5 /MD,demo,8acda50afe39f7e6a867272300a09463fd94aed9a510008fcdefc662143346e4,relocation-equivalent,0040f720,1,1.000000,8f23817c93b5397f4a48e24fbaacd9545ab6aad63310bcbd9a83e395b4565072,
directdraw,DDReleasePalette,30,/O2 /Ob2 /G5 /MD,gog_base,18a74ff61c65b8a2d4cfa11ffce82ad7fef022a94eaf0c2f217e479e981420d2,relocation-equivalent,0040f3c0,1,1.000000,8f23817c93b5397f4a48e24fbaacd9545ab6aad63310bcbd9a83e395b4565072,
directdraw,DDReleasePalette,30,/O2 /Ob2 /G5 /MD,gog_1261,18a74ff61c65b8a2d4cfa11ffce82ad7fef022a94eaf0c2f217e479e981420d2,relocation-equivalent,0040f3c0,1,1.000000,8f23817c93b5397f4a48e24fbaacd9545ab6aad63310bcbd9a83e395b4565072,
directdraw,DDReleasePalette,30,/O2 /Ob2 /G5 /MD,gog_1261_new,57a3072c2f8307de84e2f54ac58d3fcd7cf3cef18088bf0f0fdec2ac9202b2b1,relocation-equivalent,0040f3c0,1,1.000000,8f23817c93b5397f4a48e24fbaacd9545ab6aad63310bcbd9a83e395b4565072,
directdraw,DDReleasePalette,30,/O2 /Ob2 /G5 /MD,gog_128_base,18a74ff61c65b8a2d4cfa11ffce82ad7fef022a94eaf0c2f217e479e981420d2,relocation-equivalent,0040f3c0,1,1.000000,8f23817c93b5397f4a48e24fbaacd9545ab6aad63310bcbd9a83e395b4565072,
directdraw,DDReleasePalette,30,/O2 /Ob2 /G5 /MD,gog_128_patch,fdca6d9cd0940034191e82b8e2900de26bb25e381c74128dcb8967360a9fb824,unavailable,,0,0.000000,8f23817c93b5397f4a48e24fbaacd9545ab6aad63310bcbd9a83e395b4565072,no-text-section
directdraw,DDReleasePalette,30,/O2 /Ob2 /G5 /MD,retail_2001_12_23,c3639d43568a1ed233be85c6b3b8129b1a4661e65717220e0514c815aa972edd,unavailable,,0,0.000000,8f23817c93b5397f4a48e24fbaacd9545ab6aad63310bcbd9a83e395b4565072,protected-executable
directdraw,DDReleaseSurface,79,/O2 /Ob2 /G5 /MD,demo,8acda50afe39f7e6a867272300a09463fd94aed9a510008fcdefc662143346e4,relocation-equivalent,0040f520,1,1.000000,f7fdfa1be54c8d1f5efc90f169e3b36c880c08a5de9f81459594d83ecdba514b,
directdraw,DDReleaseSurface,79,/O2 /Ob2 /G5 /MD,gog_base,18a74ff61c65b8a2d4cfa11ffce82ad7fef022a94eaf0c2f217e479e981420d2,relocation-equivalent,0040f1c0,1,1.000000,f7fdfa1be54c8d1f5efc90f169e3b36c880c08a5de9f81459594d83ecdba514b,
directdraw,DDReleaseSurface,79,/O2 /Ob2 /G5 /MD,gog_1261,18a74ff61c65b8a2d4cfa11ffce82ad7fef022a94eaf0c2f217e479e981420d2,relocation-equivalent,0040f1c0,1,1.000000,f7fdfa1be54c8d1f5efc90f169e3b36c880c08a5de9f81459594d83ecdba514b,
directdraw,DDReleaseSurface,79,/O2 /Ob2 /G5 /MD,gog_1261_new,57a3072c2f8307de84e2f54ac58d3fcd7cf3cef18088bf0f0fdec2ac9202b2b1,relocation-equivalent,0040f1c0,1,1.000000,f7fdfa1be54c8d1f5efc90f169e3b36c880c08a5de9f81459594d83ecdba514b,
directdraw,DDReleaseSurface,79,/O2 /Ob2 /G5 /MD,gog_128_base,18a74ff61c65b8a2d4cfa11ffce82ad7fef022a94eaf0c2f217e479e981420d2,relocation-equivalent,0040f1c0,1,1.000000,f7fdfa1be54c8d1f5efc90f169e3b36c880c08a5de9f81459594d83ecdba514b,
directdraw,DDReleaseSurface,79,/O2 /Ob2 /G5 /MD,gog_128_patch,fdca6d9cd0940034191e82b8e2900de26bb25e381c74128dcb8967360a9fb824,unavailable,,0,0.000000,f7fdfa1be54c8d1f5efc90f169e3b36c880c08a5de9f81459594d83ecdba514b,no-text-section
directdraw,DDReleaseSurface,79,/O2 /Ob2 /G5 /MD,retail_2001_12_23,c3639d43568a1ed233be85c6b3b8129b1a4661e65717220e0514c815aa972edd,unavailable,,0,0.000000,f7fdfa1be54c8d1f5efc90f169e3b36c880c08a5de9f81459594d83ecdba514b,protected-executable
directdraw,DDRestoreSurface,30,/O2 /Ob2 /G5 /MD,demo,8acda50afe39f7e6a867272300a09463fd94aed9a510008fcdefc662143346e4,relocation-equivalent,0040f570,1,1.000000,c64e2d0c6ecedae04e3303f207708517f93e4c3a69b0d7362aab90870f5c46e7,
directdraw,DDRestoreSurface,30,/O2 /Ob2 /G5 /MD,gog_base,18a74ff61c65b8a2d4cfa11ffce82ad7fef022a94eaf0c2f217e479e981420d2,relocation-equivalent,0040f210,1,1.000000,c64e2d0c6ecedae04e3303f207708517f93e4c3a69b0d7362aab90870f5c46e7,
directdraw,DDRestoreSurface,30,/O2 /Ob2 /G5 /MD,gog_1261,18a74ff61c65b8a2d4cfa11ffce82ad7fef022a94eaf0c2f217e479e981420d2,relocation-equivalent,0040f210,1,1.000000,c64e2d0c6ecedae04e3303f207708517f93e4c3a69b0d7362aab90870f5c46e7,
directdraw,DDRestoreSurface,30,/O2 /Ob2 /G5 /MD,gog_1261_new,57a3072c2f8307de84e2f54ac58d3fcd7cf3cef18088bf0f0fdec2ac9202b2b1,relocation-equivalent,0040f210,1,1.000000,c64e2d0c6ecedae04e3303f207708517f93e4c3a69b0d7362aab90870f5c46e7,
directdraw,DDRestoreSurface,30,/O2 /Ob2 /G5 /MD,gog_128_base,18a74ff61c65b8a2d4cfa11ffce82ad7fef022a94eaf0c2f217e479e981420d2,relocation-equivalent,0040f210,1,1.000000,c64e2d0c6ecedae04e3303f207708517f93e4c3a69b0d7362aab90870f5c46e7,
directdraw,DDRestoreSurface,30,/O2 /Ob2 /G5 /MD,gog_128_patch,fdca6d9cd0940034191e82b8e2900de26bb25e381c74128dcb8967360a9fb824,unavailable,,0,0.000000,c64e2d0c6ecedae04e3303f207708517f93e4c3a69b0d7362aab90870f5c46e7,no-text-section
directdraw,DDRestoreSurface,30,/O2 /Ob2 /G5 /MD,retail_2001_12_23,c3639d43568a1ed233be85c6b3b8129b1a4661e65717220e0514c815aa972edd,unavailable,,0,0.000000,c64e2d0c6ecedae04e3303f207708517f93e4c3a69b0d7362aab90870f5c46e7,protected-executable
directdraw,DDSetClipper,35,/O2 /Ob2 /G5 /MD,demo,8acda50afe39f7e6a867272300a09463fd94aed9a510008fcdefc662143346e4,absent-or-stripped,,0,0.000000,4f2df13aa4c6c799b23dd99337aaa83173ff61f408ef4a7f8557c92207a18ee5,
directdraw,DDSetClipper,35,/O2 /Ob2 /G5 /MD,gog_base,18a74ff61c65b8a2d4cfa11ffce82ad7fef022a94eaf0c2f217e479e981420d2,absent-or-stripped,,0,0.000000,4f2df13aa4c6c799b23dd99337aaa83173ff61f408ef4a7f8557c92207a18ee5,
directdraw,DDSetClipper,35,/O2 /Ob2 /G5 /MD,gog_1261,18a74ff61c65b8a2d4cfa11ffce82ad7fef022a94eaf0c2f217e479e981420d2,absent-or-stripped,,0,0.000000,4f2df13aa4c6c799b23dd99337aaa83173ff61f408ef4a7f8557c92207a18ee5,
directdraw,DDSetClipper,35,/O2 /Ob2 /G5 /MD,gog_1261_new,57a3072c2f8307de84e2f54ac58d3fcd7cf3cef18088bf0f0fdec2ac9202b2b1,absent-or-stripped,,0,0.000000,4f2df13aa4c6c799b23dd99337aaa83173ff61f408ef4a7f8557c92207a18ee5,
directdraw,DDSetClipper,35,/O2 /Ob2 /G5 /MD,gog_128_base,18a74ff61c65b8a2d4cfa11ffce82ad7fef022a94eaf0c2f217e479e981420d2,absent-or-stripped,,0,0.000000,4f2df13aa4c6c799b23dd99337aaa83173ff61f408ef4a7f8557c92207a18ee5,
directdraw,DDSetClipper,35,/O2 /Ob2 /G5 /MD,gog_128_patch,fdca6d9cd0940034191e82b8e2900de26bb25e381c74128dcb8967360a9fb824,unavailable,,0,0.000000,4f2df13aa4c6c799b23dd99337aaa83173ff61f408ef4a7f8557c92207a18ee5,no-text-section
directdraw,DDSetClipper,35,/O2 /Ob2 /G5 /MD,retail_2001_12_23,c3639d43568a1ed233be85c6b3b8129b1a4661e65717220e0514c815aa972edd,unavailable,,0,0.000000,4f2df13aa4c6c799b23dd99337aaa83173ff61f408ef4a7f8557c92207a18ee5,protected-executable
directdraw,DDSetClipperList,40,/O2 /Ob2 /G5 /MD,demo,8acda50afe39f7e6a867272300a09463fd94aed9a510008fcdefc662143346e4,absent-or-stripped,,0,0.000000,93b65f2d0ed35dedd7110c57cc7d1149db06c02358efdd30bdb7b86169939384,
directdraw,DDSetClipperList,40,/O2 /Ob2 /G5 /MD,gog_base,18a74ff61c65b8a2d4cfa11ffce82ad7fef022a94eaf0c2f217e479e981420d2,absent-or-stripped,,0,0.000000,93b65f2d0ed35dedd7110c57cc7d1149db06c02358efdd30bdb7b86169939384,
directdraw,DDSetClipperList,40,/O2 /Ob2 /G5 /MD,gog_1261,18a74ff61c65b8a2d4cfa11ffce82ad7fef022a94eaf0c2f217e479e981420d2,absent-or-stripped,,0,0.000000,93b65f2d0ed35dedd7110c57cc7d1149db06c02358efdd30bdb7b86169939384,
directdraw,DDSetClipperList,40,/O2 /Ob2 /G5 /MD,gog_1261_new,57a3072c2f8307de84e2f54ac58d3fcd7cf3cef18088bf0f0fdec2ac9202b2b1,absent-or-stripped,,0,0.000000,93b65f2d0ed35dedd7110c57cc7d1149db06c02358efdd30bdb7b86169939384,
directdraw,DDSetClipperList,40,/O2 /Ob2 /G5 /MD,gog_128_base,18a74ff61c65b8a2d4cfa11ffce82ad7fef022a94eaf0c2f217e479e981420d2,absent-or-stripped,,0,0.000000,93b65f2d0ed35dedd7110c57cc7d1149db06c02358efdd30bdb7b86169939384,
directdraw,DDSetClipperList,40,/O2 /Ob2 /G5 /MD,gog_128_patch,fdca6d9cd0940034191e82b8e2900de26bb25e381c74128dcb8967360a9fb824,unavailable,,0,0.000000,93b65f2d0ed35dedd7110c57cc7d1149db06c02358efdd30bdb7b86169939384,no-text-section
directdraw,DDSetClipperList,40,/O2 /Ob2 /G5 /MD,retail_2001_12_23,c3639d43568a1ed233be85c6b3b8129b1a4661e65717220e0514c815aa972edd,unavailable,,0,0.000000,93b65f2d0ed35dedd7110c57cc7d1149db06c02358efdd30bdb7b86169939384,protected-executable
directdraw,DDSetPaletteEntries,50,/O2 /Ob2 /G5 /MD,demo,8acda50afe39f7e6a867272300a09463fd94aed9a510008fcdefc662143346e4,relocation-equivalent,0040f6a0,1,1.000000,e1a99fa7fffde852d88806c64d0c2a7a8ef77c04c1e754bfdecc8b0a5ec57e52,
directdraw,DDSetPaletteEntries,50,/O2 /Ob2 /G5 /MD,gog_base,18a74ff61c65b8a2d4cfa11ffce82ad7fef022a94eaf0c2f217e479e981420d2,relocation-equivalent,0040f340,1,1.000000,e1a99fa7fffde852d88806c64d0c2a7a8ef77c04c1e754bfdecc8b0a5ec57e52,
directdraw,DDSetPaletteEntries,50,/O2 /Ob2 /G5 /MD,gog_1261,18a74ff61c65b8a2d4cfa11ffce82ad7fef022a94eaf0c2f217e479e981420d2,relocation-equivalent,0040f340,1,1.000000,e1a99fa7fffde852d88806c64d0c2a7a8ef77c04c1e754bfdecc8b0a5ec57e52,
directdraw,DDSetPaletteEntries,50,/O2 /Ob2 /G5 /MD,gog_1261_new,57a3072c2f8307de84e2f54ac58d3fcd7cf3cef18088bf0f0fdec2ac9202b2b1,relocation-equivalent,0040f340,1,1.000000,e1a99fa7fffde852d88806c64d0c2a7a8ef77c04c1e754bfdecc8b0a5ec57e52,
directdraw,DDSetPaletteEntries,50,/O2 /Ob2 /G5 /MD,gog_128_base,18a74ff61c65b8a2d4cfa11ffce82ad7fef022a94eaf0c2f217e479e981420d2,relocation-equivalent,0040f340,1,1.000000,e1a99fa7fffde852d88806c64d0c2a7a8ef77c04c1e754bfdecc8b0a5ec57e52,
directdraw,DDSetPaletteEntries,50,/O2 /Ob2 /G5 /MD,gog_128_patch,fdca6d9cd0940034191e82b8e2900de26bb25e381c74128dcb8967360a9fb824,unavailable,,0,0.000000,e1a99fa7fffde852d88806c64d0c2a7a8ef77c04c1e754bfdecc8b0a5ec57e52,no-text-section
directdraw,DDSetPaletteEntries,50,/O2 /Ob2 /G5 /MD,retail_2001_12_23,c3639d43568a1ed233be85c6b3b8129b1a4661e65717220e0514c815aa972edd,unavailable,,0,0.000000,e1a99fa7fffde852d88806c64d0c2a7a8ef77c04c1e754bfdecc8b0a5ec57e52,protected-executable
directdraw,DDSetSurfaceColorKey,40,/O2 /Ob2 /G5 /MD,demo,8acda50afe39f7e6a867272300a09463fd94aed9a510008fcdefc662143346e4,relocation-equivalent,0040f740,1,1.000000,5649fcd4b3543ee3b88f6c604050f0ddfceef50fda0456b24e0213efd7dd1bf0,
directdraw,DDSetSurfaceColorKey,40,/O2 /Ob2 /G5 /MD,gog_base,18a74ff61c65b8a2d4cfa11ffce82ad7fef022a94eaf0c2f217e479e981420d2,relocation-equivalent,0040f3e0,1,1.000000,5649fcd4b3543ee3b88f6c604050f0ddfceef50fda0456b24e0213efd7dd1bf0,
directdraw,DDSetSurfaceColorKey,40,/O2 /Ob2 /G5 /MD,gog_1261,18a74ff61c65b8a2d4cfa11ffce82ad7fef022a94eaf0c2f217e479e981420d2,relocation-equivalent,0040f3e0,1,1.000000,5649fcd4b3543ee3b88f6c604050f0ddfceef50fda0456b24e0213efd7dd1bf0,
directdraw,DDSetSurfaceColorKey,40,/O2 /Ob2 /G5 /MD,gog_1261_new,57a3072c2f8307de84e2f54ac58d3fcd7cf3cef18088bf0f0fdec2ac9202b2b1,relocation-equivalent,0040f3e0,1,1.000000,5649fcd4b3543ee3b88f6c604050f0ddfceef50fda0456b24e0213efd7dd1bf0,
directdraw,DDSetSurfaceColorKey,40,/O2 /Ob2 /G5 /MD,gog_128_base,18a74ff61c65b8a2d4cfa11ffce82ad7fef022a94eaf0c2f217e479e981420d2,relocation-equivalent,0040f3e0,1,1.000000,5649fcd4b3543ee3b88f6c604050f0ddfceef50fda0456b24e0213efd7dd1bf0,
directdraw,DDSetSurfaceColorKey,40,/O2 /Ob2 /G5 /MD,gog_128_patch,fdca6d9cd0940034191e82b8e2900de26bb25e381c74128dcb8967360a9fb824,unavailable,,0,0.000000,5649fcd4b3543ee3b88f6c604050f0ddfceef50fda0456b24e0213efd7dd1bf0,no-text-section
directdraw,DDSetSurfaceColorKey,40,/O2 /Ob2 /G5 /MD,retail_2001_12_23,c3639d43568a1ed233be85c6b3b8129b1a4661e65717220e0514c815aa972edd,unavailable,,0,0.000000,5649fcd4b3543ee3b88f6c604050f0ddfceef50fda0456b24e0213efd7dd1bf0,protected-executable
directdraw,DDSetSurfacePalette,35,/O2 /Ob2 /G5 /MD,demo,8acda50afe39f7e6a867272300a09463fd94aed9a510008fcdefc662143346e4,absent-or-stripped,,0,0.000000,3d33acec33c35e9affb07cf70231ab732cff43b3b3cd3700ff21c6695409077d,
directdraw,DDSetSurfacePalette,35,/O2 /Ob2 /G5 /MD,gog_base,18a74ff61c65b8a2d4cfa11ffce82ad7fef022a94eaf0c2f217e479e981420d2,absent-or-stripped,,0,0.000000,3d33acec33c35e9affb07cf70231ab732cff43b3b3cd3700ff21c6695409077d,
directdraw,DDSetSurfacePalette,35,/O2 /Ob2 /G5 /MD,gog_1261,18a74ff61c65b8a2d4cfa11ffce82ad7fef022a94eaf0c2f217e479e981420d2,absent-or-stripped,,0,0.000000,3d33acec33c35e9affb07cf70231ab732cff43b3b3cd3700ff21c6695409077d,
directdraw,DDSetSurfacePalette,35,/O2 /Ob2 /G5 /MD,gog_1261_new,57a3072c2f8307de84e2f54ac58d3fcd7cf3cef18088bf0f0fdec2ac9202b2b1,absent-or-stripped,,0,0.000000,3d33acec33c35e9affb07cf70231ab732cff43b3b3cd3700ff21c6695409077d,
directdraw,DDSetSurfacePalette,35,/O2 /Ob2 /G5 /MD,gog_128_base,18a74ff61c65b8a2d4cfa11ffce82ad7fef022a94eaf0c2f217e479e981420d2,absent-or-stripped,,0,0.000000,3d33acec33c35e9affb07cf70231ab732cff43b3b3cd3700ff21c6695409077d,
directdraw,DDSetSurfacePalette,35,/O2 /Ob2 /G5 /MD,gog_128_patch,fdca6d9cd0940034191e82b8e2900de26bb25e381c74128dcb8967360a9fb824,unavailable,,0,0.000000,3d33acec33c35e9affb07cf70231ab732cff43b3b3cd3700ff21c6695409077d,no-text-section
directdraw,DDSetSurfacePalette,35,/O2 /Ob2 /G5 /MD,retail_2001_12_23,c3639d43568a1ed233be85c6b3b8129b1a4661e65717220e0514c815aa972edd,unavailable,,0,0.000000,3d33acec33c35e9affb07cf70231ab732cff43b3b3cd3700ff21c6695409077d,protected-executable
directdraw,DDUnlockSurface,35,/O2 /Ob2 /G5 /MD,demo,8acda50afe39f7e6a867272300a09463fd94aed9a510008fcdefc662143346e4,relocation-equivalent,0040f4b0,1,1.000000,ad656b482a39f475838bc89a2ae5e894746382a64a60674a3df0208a24eeabea,
directdraw,DDUnlockSurface,35,/O2 /Ob2 /G5 /MD,gog_base,18a74ff61c65b8a2d4cfa11ffce82ad7fef022a94eaf0c2f217e479e981420d2,relocation-equivalent,0040f150,1,1.000000,ad656b482a39f475838bc89a2ae5e894746382a64a60674a3df0208a24eeabea,
directdraw,DDUnlockSurface,35,/O2 /Ob2 /G5 /MD,gog_1261,18a74ff61c65b8a2d4cfa11ffce82ad7fef022a94eaf0c2f217e479e981420d2,relocation-equivalent,0040f150,1,1.000000,ad656b482a39f475838bc89a2ae5e894746382a64a60674a3df0208a24eeabea,
directdraw,DDUnlockSurface,35,/O2 /Ob2 /G5 /MD,gog_1261_new,57a3072c2f8307de84e2f54ac58d3fcd7cf3cef18088bf0f0fdec2ac9202b2b1,relocation-equivalent,0040f150,1,1.000000,ad656b482a39f475838bc89a2ae5e894746382a64a60674a3df0208a24eeabea,
directdraw,DDUnlockSurface,35,/O2 /Ob2 /G5 /MD,gog_128_base,18a74ff61c65b8a2d4cfa11ffce82ad7fef022a94eaf0c2f217e479e981420d2,relocation-equivalent,0040f150,1,1.000000,ad656b482a39f475838bc89a2ae5e894746382a64a60674a3df0208a24eeabea,
directdraw,DDUnlockSurface,35,/O2 /Ob2 /G5 /MD,gog_128_patch,fdca6d9cd0940034191e82b8e2900de26bb25e381c74128dcb8967360a9fb824,unavailable,,0,0.000000,ad656b482a39f475838bc89a2ae5e894746382a64a60674a3df0208a24eeabea,no-text-section
directdraw,DDUnlockSurface,35,/O2 /Ob2 /G5 /MD,retail_2001_12_23,c3639d43568a1ed233be85c6b3b8129b1a4661e65717220e0514c815aa972edd,unavailable,,0,0.000000,ad656b482a39f475838bc89a2ae5e894746382a64a60674a3df0208a24eeabea,protected-executable
random,Chance,51,/O2 /Ob2 /G5 /MD,demo,8acda50afe39f7e6a867272300a09463fd94aed9a510008fcdefc662143346e4,relocation-equivalent,0040f340,1,1.000000,41dcc8ffef699be08fe27d886274ab3c8b5a0c6e761ad1719da03b0acd69ec88,
random,Chance,51,/O2 /Ob2 /G5 /MD,gog_base,18a74ff61c65b8a2d4cfa11ffce82ad7fef022a94eaf0c2f217e479e981420d2,relocation-equivalent,0040efe0,1,1.000000,41dcc8ffef699be08fe27d886274ab3c8b5a0c6e761ad1719da03b0acd69ec88,
random,Chance,51,/O2 /Ob2 /G5 /MD,gog_1261,18a74ff61c65b8a2d4cfa11ffce82ad7fef022a94eaf0c2f217e479e981420d2,relocation-equivalent,0040efe0,1,1.000000,41dcc8ffef699be08fe27d886274ab3c8b5a0c6e761ad1719da03b0acd69ec88,
random,Chance,51,/O2 /Ob2 /G5 /MD,gog_1261_new,57a3072c2f8307de84e2f54ac58d3fcd7cf3cef18088bf0f0fdec2ac9202b2b1,relocation-equivalent,0040efe0,1,1.000000,41dcc8ffef699be08fe27d886274ab3c8b5a0c6e761ad1719da03b0acd69ec88,
random,Chance,51,/O2 /Ob2 /G5 /MD,gog_128_base,18a74ff61c65b8a2d4cfa11ffce82ad7fef022a94eaf0c2f217e479e981420d2,relocation-equivalent,0040efe0,1,1.000000,41dcc8ffef699be08fe27d886274ab3c8b5a0c6e761ad1719da03b0acd69ec88,
random,Chance,51,/O2 /Ob2 /G5 /MD,gog_128_patch,fdca6d9cd0940034191e82b8e2900de26bb25e381c74128dcb8967360a9fb824,unavailable,,0,0.000000,41dcc8ffef699be08fe27d886274ab3c8b5a0c6e761ad1719da03b0acd69ec88,no-text-section
random,Chance,51,/O2 /Ob2 /G5 /MD,retail_2001_12_23,c3639d43568a1ed233be85c6b3b8129b1a4661e65717220e0514c815aa972edd,unavailable,,0,0.000000,41dcc8ffef699be08fe27d886274ab3c8b5a0c6e761ad1719da03b0acd69ec88,protected-executable
random,InitializeRandom,19,/O2 /Ob2 /G5 /MD,demo,8acda50afe39f7e6a867272300a09463fd94aed9a510008fcdefc662143346e4,relocation-equivalent,0040f2e0,1,1.000000,a83f745d7293dfba07bbb4b50919be51ef24e35b2b921f9eee41b57441b44e21,
random,InitializeRandom,19,/O2 /Ob2 /G5 /MD,gog_base,18a74ff61c65b8a2d4cfa11ffce82ad7fef022a94eaf0c2f217e479e981420d2,relocation-equivalent,0040ef80,1,1.000000,a83f745d7293dfba07bbb4b50919be51ef24e35b2b921f9eee41b57441b44e21,
random,InitializeRandom,19,/O2 /Ob2 /G5 /MD,gog_1261,18a74ff61c65b8a2d4cfa11ffce82ad7fef022a94eaf0c2f217e479e981420d2,relocation-equivalent,0040ef80,1,1.000000,a83f745d7293dfba07bbb4b50919be51ef24e35b2b921f9eee41b57441b44e21,
random,InitializeRandom,19,/O2 /Ob2 /G5 /MD,gog_1261_new,57a3072c2f8307de84e2f54ac58d3fcd7cf3cef18088bf0f0fdec2ac9202b2b1,relocation-equivalent,0040ef80,1,1.000000,a83f745d7293dfba07bbb4b50919be51ef24e35b2b921f9eee41b57441b44e21,
random,InitializeRandom,19,/O2 /Ob2 /G5 /MD,gog_128_base,18a74ff61c65b8a2d4cfa11ffce82ad7fef022a94eaf0c2f217e479e981420d2,relocation-equivalent,0040ef80,1,1.000000,a83f745d7293dfba07bbb4b50919be51ef24e35b2b921f9eee41b57441b44e21,
random,InitializeRandom,19,/O2 /Ob2 /G5 /MD,gog_128_patch,fdca6d9cd0940034191e82b8e2900de26bb25e381c74128dcb8967360a9fb824,unavailable,,0,0.000000,a83f745d7293dfba07bbb4b50919be51ef24e35b2b921f9eee41b57441b44e21,no-text-section
random,InitializeRandom,19,/O2 /Ob2 /G5 /MD,retail_2001_12_23,c3639d43568a1ed233be85c6b3b8129b1a4661e65717220e0514c815aa972edd,unavailable,,0,0.000000,a83f745d7293dfba07bbb4b50919be51ef24e35b2b921f9eee41b57441b44e21,protected-executable
random,Random,50,/O2 /Ob2 /G5 /MD,demo,8acda50afe39f7e6a867272300a09463fd94aed9a510008fcdefc662143346e4,relocation-equivalent,0040f300,1,1.000000,438ef441f48956b35998a4c1aa63c4da1d0a0fc45436883376b4a7bc849897bb,
random,Random,50,/O2 /Ob2 /G5 /MD,gog_base,18a74ff61c65b8a2d4cfa11ffce82ad7fef022a94eaf0c2f217e479e981420d2,relocation-equivalent,0040efa0,1,1.000000,438ef441f48956b35998a4c1aa63c4da1d0a0fc45436883376b4a7bc849897bb,
random,Random,50,/O2 /Ob2 /G5 /MD,gog_1261,18a74ff61c65b8a2d4cfa11ffce82ad7fef022a94eaf0c2f217e479e981420d2,relocation-equivalent,0040efa0,1,1.000000,438ef441f48956b35998a4c1aa63c4da1d0a0fc45436883376b4a7bc849897bb,
random,Random,50,/O2 /Ob2 /G5 /MD,gog_1261_new,57a3072c2f8307de84e2f54ac58d3fcd7cf3cef18088bf0f0fdec2ac9202b2b1,relocation-equivalent,0040efa0,1,1.000000,438ef441f48956b35998a4c1aa63c4da1d0a0fc45436883376b4a7bc849897bb,
random,Random,50,/O2 /Ob2 /G5 /MD,gog_128_base,18a74ff61c65b8a2d4cfa11ffce82ad7fef022a94eaf0c2f217e479e981420d2,relocation-equivalent,0040efa0,1,1.000000,438ef441f48956b35998a4c1aa63c4da1d0a0fc45436883376b4a7bc849897bb,
random,Random,50,/O2 /Ob2 /G5 /MD,gog_128_patch,fdca6d9cd0940034191e82b8e2900de26bb25e381c74128dcb8967360a9fb824,unavailable,,0,0.000000,438ef441f48956b35998a4c1aa63c4da1d0a0fc45436883376b4a7bc849897bb,no-text-section
random,Random,50,/O2 /Ob2 /G5 /MD,retail_2001_12_23,c3639d43568a1ed233be85c6b3b8129b1a4661e65717220e0514c815aa972edd,unavailable,,0,0.000000,438ef441f48956b35998a4c1aa63c4da1d0a0fc45436883376b4a7bc849897bb,protected-executable
compression,Compress,52,/O2 /Ob2 /G5 /MD,demo,8acda50afe39f7e6a867272300a09463fd94aed9a510008fcdefc662143346e4,absent-or-stripped,,0,0.000000,05887d659af9495b33eced35231313b4e1f9846cf5262fc75b2620978abbf03d,
compression,Compress,52,/O2 /Ob2 /G5 /MD,gog_base,18a74ff61c65b8a2d4cfa11ffce82ad7fef022a94eaf0c2f217e479e981420d2,absent-or-stripped,,0,0.000000,05887d659af9495b33eced35231313b4e1f9846cf5262fc75b2620978abbf03d,
compression,Compress,52,/O2 /Ob2 /G5 /MD,gog_1261,18a74ff61c65b8a2d4cfa11ffce82ad7fef022a94eaf0c2f217e479e981420d2,absent-or-stripped,,0,0.000000,05887d659af9495b33eced35231313b4e1f9846cf5262fc75b2620978abbf03d,
compression,Compress,52,/O2 /Ob2 /G5 /MD,gog_1261_new,57a3072c2f8307de84e2f54ac58d3fcd7cf3cef18088bf0f0fdec2ac9202b2b1,absent-or-stripped,,0,0.000000,05887d659af9495b33eced35231313b4e1f9846cf5262fc75b2620978abbf03d,
compression,Compress,52,/O2 /Ob2 /G5 /MD,gog_128_base,18a74ff61c65b8a2d4cfa11ffce82ad7fef022a94eaf0c2f217e479e981420d2,absent-or-stripped,,0,0.000000,05887d659af9495b33eced35231313b4e1f9846cf5262fc75b2620978abbf03d,
compression,Compress,52,/O2 /Ob2 /G5 /MD,gog_128_patch,fdca6d9cd0940034191e82b8e2900de26bb25e381c74128dcb8967360a9fb824,unavailable,,0,0.000000,05887d659af9495b33eced35231313b4e1f9846cf5262fc75b2620978abbf03d,no-text-section
compression,Compress,52,/O2 /Ob2 /G5 /MD,retail_2001_12_23,c3639d43568a1ed233be85c6b3b8129b1a4661e65717220e0514c815aa972edd,unavailable,,0,0.000000,05887d659af9495b33eced35231313b4e1f9846cf5262fc75b2620978abbf03d,protected-executable
compression,CompressedBufferSize,19,/O2 /Ob2 /G5 /MD,demo,8acda50afe39f7e6a867272300a09463fd94aed9a510008fcdefc662143346e4,absent-or-stripped,,0,0.000000,eae419b531c65525bd9f5011241b8d5c370e252f7745e85a9b9ced3cb70fe16b,
compression,CompressedBufferSize,19,/O2 /Ob2 /G5 /MD,gog_base,18a74ff61c65b8a2d4cfa11ffce82ad7fef022a94eaf0c2f217e479e981420d2,absent-or-stripped,,0,0.000000,eae419b531c65525bd9f5011241b8d5c370e252f7745e85a9b9ced3cb70fe16b,
compression,CompressedBufferSize,19,/O2 /Ob2 /G5 /MD,gog_1261,18a74ff61c65b8a2d4cfa11ffce82ad7fef022a94eaf0c2f217e479e981420d2,absent-or-stripped,,0,0.000000,eae419b531c65525bd9f5011241b8d5c370e252f7745e85a9b9ced3cb70fe16b,
compression,CompressedBufferSize,19,/O2 /Ob2 /G5 /MD,gog_1261_new,57a3072c2f8307de84e2f54ac58d3fcd7cf3cef18088bf0f0fdec2ac9202b2b1,absent-or-stripped,,0,0.000000,eae419b531c65525bd9f5011241b8d5c370e252f7745e85a9b9ced3cb70fe16b,
compression,CompressedBufferSize,19,/O2 /Ob2 /G5 /MD,gog_128_base,18a74ff61c65b8a2d4cfa11ffce82ad7fef022a94eaf0c2f217e479e981420d2,absent-or-stripped,,0,0.000000,eae419b531c65525bd9f5011241b8d5c370e252f7745e85a9b9ced3cb70fe16b,
compression,CompressedBufferSize,19,/O2 /Ob2 /G5 /MD,gog_128_patch,fdca6d9cd0940034191e82b8e2900de26bb25e381c74128dcb8967360a9fb824,unavailable,,0,0.000000,eae419b531c65525bd9f5011241b8d5c370e252f7745e85a9b9ced3cb70fe16b,no-text-section
compression,CompressedBufferSize,19,/O2 /Ob2 /G5 /MD,retail_2001_12_23,c3639d43568a1ed233be85c6b3b8129b1a4661e65717220e0514c815aa972edd,unavailable,,0,0.000000,eae419b531c65525bd9f5011241b8d5c370e252f7745e85a9b9ced3cb70fe16b,protected-executable
compression,CompressFini,23,/O2 /Ob2 /G5 /MD,demo,8acda50afe39f7e6a867272300a09463fd94aed9a510008fcdefc662143346e4,ambiguous-generic,,1,1.000000,1a71a7db964a267e97b227a93fb0c56369eecb9619d248ffbc31d9ecf4400234,
compression,CompressFini,23,/O2 /Ob2 /G5 /MD,gog_base,18a74ff61c65b8a2d4cfa11ffce82ad7fef022a94eaf0c2f217e479e981420d2,ambiguous-generic,,1,1.000000,1a71a7db964a267e97b227a93fb0c56369eecb9619d248ffbc31d9ecf4400234,
compression,CompressFini,23,/O2 /Ob2 /G5 /MD,gog_1261,18a74ff61c65b8a2d4cfa11ffce82ad7fef022a94eaf0c2f217e479e981420d2,ambiguous-generic,,1,1.000000,1a71a7db964a267e97b227a93fb0c56369eecb9619d248ffbc31d9ecf4400234,
compression,CompressFini,23,/O2 /Ob2 /G5 /MD,gog_1261_new,57a3072c2f8307de84e2f54ac58d3fcd7cf3cef18088bf0f0fdec2ac9202b2b1,ambiguous-generic,,1,1.000000,1a71a7db964a267e97b227a93fb0c56369eecb9619d248ffbc31d9ecf4400234,
compression,CompressFini,23,/O2 /Ob2 /G5 /MD,gog_128_base,18a74ff61c65b8a2d4cfa11ffce82ad7fef022a94eaf0c2f217e479e981420d2,ambiguous-generic,,1,1.000000,1a71a7db964a267e97b227a93fb0c56369eecb9619d248ffbc31d9ecf4400234,
compression,CompressFini,23,/O2 /Ob2 /G5 /MD,gog_128_patch,fdca6d9cd0940034191e82b8e2900de26bb25e381c74128dcb8967360a9fb824,unavailable,,0,0.000000,1a71a7db964a267e97b227a93fb0c56369eecb9619d248ffbc31d9ecf4400234,no-text-section
compression,CompressFini,23,/O2 /Ob2 /G5 /MD,retail_2001_12_23,c3639d43568a1ed233be85c6b3b8129b1a4661e65717220e0514c815aa972edd,unavailable,,0,0.000000,1a71a7db964a267e97b227a93fb0c56369eecb9619d248ffbc31d9ecf4400234,protected-executable
compression,CompressInit,94,/O2 /Ob2 /G5 /MD,demo,8acda50afe39f7e6a867272300a09463fd94aed9a510008fcdefc662143346e4,absent-or-stripped,,0,0.685714,02d2926a5bf536a54c904bcb58b13604bd900ad79f7b41e7b4c8cf06f85c40fd,
compression,CompressInit,94,/O2 /Ob2 /G5 /MD,gog_base,18a74ff61c65b8a2d4cfa11ffce82ad7fef022a94eaf0c2f217e479e981420d2,absent-or-stripped,,0,0.685714,02d2926a5bf536a54c904bcb58b13604bd900ad79f7b41e7b4c8cf06f85c40fd,
compression,CompressInit,94,/O2 /Ob2 /G5 /MD,gog_1261,18a74ff61c65b8a2d4cfa11ffce82ad7fef022a94eaf0c2f217e479e981420d2,absent-or-stripped,,0,0.685714,02d2926a5bf536a54c904bcb58b13604bd900ad79f7b41e7b4c8cf06f85c40fd,
compression,CompressInit,94,/O2 /Ob2 /G5 /MD,gog_1261_new,57a3072c2f8307de84e2f54ac58d3fcd7cf3cef18088bf0f0fdec2ac9202b2b1,absent-or-stripped,,0,0.685714,02d2926a5bf536a54c904bcb58b13604bd900ad79f7b41e7b4c8cf06f85c40fd,
compression,CompressInit,94,/O2 /Ob2 /G5 /MD,gog_128_base,18a74ff61c65b8a2d4cfa11ffce82ad7fef022a94eaf0c2f217e479e981420d2,absent-or-stripped,,0,0.685714,02d2926a5bf536a54c904bcb58b13604bd900ad79f7b41e7b4c8cf06f85c40fd,
compression,CompressInit,94,/O2 /Ob2 /G5 /MD,gog_128_patch,fdca6d9cd0940034191e82b8e2900de26bb25e381c74128dcb8967360a9fb824,unavailable,,0,0.000000,02d2926a5bf536a54c904bcb58b13604bd900ad79f7b41e7b4c8cf06f85c40fd,no-text-section
compression,CompressInit,94,/O2 /Ob2 /G5 /MD,retail_2001_12_23,c3639d43568a1ed233be85c6b3b8129b1a4661e65717220e0514c815aa972edd,unavailable,,0,0.000000,02d2926a5bf536a54c904bcb58b13604bd900ad79f7b41e7b4c8cf06f85c40fd,protected-executable
compression,Decompress,52,/O2 /Ob2 /G5 /MD,demo,8acda50afe39f7e6a867272300a09463fd94aed9a510008fcdefc662143346e4,relocation-equivalent,00415c10,1,1.000000,08c5436c2c1a757aa99d8640d853437ba2676511d87433c084e9de962812c516,
compression,Decompress,52,/O2 /Ob2 /G5 /MD,gog_base,18a74ff61c65b8a2d4cfa11ffce82ad7fef022a94eaf0c2f217e479e981420d2,relocation-equivalent,004158b0,1,1.000000,08c5436c2c1a757aa99d8640d853437ba2676511d87433c084e9de962812c516,
compression,Decompress,52,/O2 /Ob2 /G5 /MD,gog_1261,18a74ff61c65b8a2d4cfa11ffce82ad7fef022a94eaf0c2f217e479e981420d2,relocation-equivalent,004158b0,1,1.000000,08c5436c2c1a757aa99d8640d853437ba2676511d87433c084e9de962812c516,
compression,Decompress,52,/O2 /Ob2 /G5 /MD,gog_1261_new,57a3072c2f8307de84e2f54ac58d3fcd7cf3cef18088bf0f0fdec2ac9202b2b1,relocation-equivalent,004158b0,1,1.000000,08c5436c2c1a757aa99d8640d853437ba2676511d87433c084e9de962812c516,
compression,Decompress,52,/O2 /Ob2 /G5 /MD,gog_128_base,18a74ff61c65b8a2d4cfa11ffce82ad7fef022a94eaf0c2f217e479e981420d2,relocation-equivalent,004158b0,1,1.000000,08c5436c2c1a757aa99d8640d853437ba2676511d87433c084e9de962812c516,
compression,Decompress,52,/O2 /Ob2 /G5 /MD,gog_128_patch,fdca6d9cd0940034191e82b8e2900de26bb25e381c74128dcb8967360a9fb824,unavailable,,0,0.000000,08c5436c2c1a757aa99d8640d853437ba2676511d87433c084e9de962812c516,no-text-section
compression,Decompress,52,/O2 /Ob2 /G5 /MD,retail_2001_12_23,c3639d43568a1ed233be85c6b3b8129b1a4661e65717220e0514c815aa972edd,unavailable,,0,0.000000,08c5436c2c1a757aa99d8640d853437ba2676511d87433c084e9de962812c516,protected-executable
compression,DecompressFini,23,/O2 /Ob2 /G5 /MD,demo,8acda50afe39f7e6a867272300a09463fd94aed9a510008fcdefc662143346e4,ambiguous-generic,,1,1.000000,1a71a7db964a267e97b227a93fb0c56369eecb9619d248ffbc31d9ecf4400234,
compression,DecompressFini,23,/O2 /Ob2 /G5 /MD,gog_base,18a74ff61c65b8a2d4cfa11ffce82ad7fef022a94eaf0c2f217e479e981420d2,ambiguous-generic,,1,1.000000,1a71a7db964a267e97b227a93fb0c56369eecb9619d248ffbc31d9ecf4400234,
compression,DecompressFini,23,/O2 /Ob2 /G5 /MD,gog_1261,18a74ff61c65b8a2d4cfa11ffce82ad7fef022a94eaf0c2f217e479e981420d2,ambiguous-generic,,1,1.000000,1a71a7db964a267e97b227a93fb0c56369eecb9619d248ffbc31d9ecf4400234,
compression,DecompressFini,23,/O2 /Ob2 /G5 /MD,gog_1261_new,57a3072c2f8307de84e2f54ac58d3fcd7cf3cef18088bf0f0fdec2ac9202b2b1,ambiguous-generic,,1,1.000000,1a71a7db964a267e97b227a93fb0c56369eecb9619d248ffbc31d9ecf4400234,
compression,DecompressFini,23,/O2 /Ob2 /G5 /MD,gog_128_base,18a74ff61c65b8a2d4cfa11ffce82ad7fef022a94eaf0c2f217e479e981420d2,ambiguous-generic,,1,1.000000,1a71a7db964a267e97b227a93fb0c56369eecb9619d248ffbc31d9ecf4400234,
compression,DecompressFini,23,/O2 /Ob2 /G5 /MD,gog_128_patch,fdca6d9cd0940034191e82b8e2900de26bb25e381c74128dcb8967360a9fb824,unavailable,,0,0.000000,1a71a7db964a267e97b227a93fb0c56369eecb9619d248ffbc31d9ecf4400234,no-text-section
compression,DecompressFini,23,/O2 /Ob2 /G5 /MD,retail_2001_12_23,c3639d43568a1ed233be85c6b3b8129b1a4661e65717220e0514c815aa972edd,unavailable,,0,0.000000,1a71a7db964a267e97b227a93fb0c56369eecb9619d248ffbc31d9ecf4400234,protected-executable
compression,DecompressInit,92,/O2 /Ob2 /G5 /MD,demo,8acda50afe39f7e6a867272300a09463fd94aed9a510008fcdefc662143346e4,relocation-equivalent,00415bb0,1,1.000000,f014577ffe8c54f5ee596331f0d946e2744bf4c06cd9e49f334686879dc7a84e,
compression,DecompressInit,92,/O2 /Ob2 /G5 /MD,gog_base,18a74ff61c65b8a2d4cfa11ffce82ad7fef022a94eaf0c2f217e479e981420d2,relocation-equivalent,00415850,1,1.000000,f014577ffe8c54f5ee596331f0d946e2744bf4c06cd9e49f334686879dc7a84e,
compression,DecompressInit,92,/O2 /Ob2 /G5 /MD,gog_1261,18a74ff61c65b8a2d4cfa11ffce82ad7fef022a94eaf0c2f217e479e981420d2,relocation-equivalent,00415850,1,1.000000,f014577ffe8c54f5ee596331f0d946e2744bf4c06cd9e49f334686879dc7a84e,
compression,DecompressInit,92,/O2 /Ob2 /G5 /MD,gog_1261_new,57a3072c2f8307de84e2f54ac58d3fcd7cf3cef18088bf0f0fdec2ac9202b2b1,relocation-equivalent,00415850,1,1.000000,f014577ffe8c54f5ee596331f0d946e2744bf4c06cd9e49f334686879dc7a84e,
compression,DecompressInit,92,/O2 /Ob2 /G5 /MD,gog_128_base,18a74ff61c65b8a2d4cfa11ffce82ad7fef022a94eaf0c2f217e479e981420d2,relocation-equivalent,00415850,1,1.000000,f014577ffe8c54f5ee596331f0d946e2744bf4c06cd9e49f334686879dc7a84e,
compression,DecompressInit,92,/O2 /Ob2 /G5 /MD,gog_128_patch,fdca6d9cd0940034191e82b8e2900de26bb25e381c74128dcb8967360a9fb824,unavailable,,0,0.000000,f014577ffe8c54f5ee596331f0d946e2744bf4c06cd9e49f334686879dc7a84e,no-text-section
compression,DecompressInit,92,/O2 /Ob2 /G5 /MD,retail_2001_12_23,c3639d43568a1ed233be85c6b3b8129b1a4661e65717220e0514c815aa972edd,unavailable,,0,0.000000,f014577ffe8c54f5ee596331f0d946e2744bf4c06cd9e49f334686879dc7a84e,protected-executable
compression,ZAlloc,20,/O2 /Ob2 /G5 /MD,demo,8acda50afe39f7e6a867272300a09463fd94aed9a510008fcdefc662143346e4,relocation-equivalent,00415b80,1,1.000000,700a399b5e19bf990286dbd979f67666bb7c07081a2d2a680c6ef64208752ea0,
compression,ZAlloc,20,/O2 /Ob2 /G5 /MD,gog_base,18a74ff61c65b8a2d4cfa11ffce82ad7fef022a94eaf0c2f217e479e981420d2,relocation-equivalent,00415820,1,1.000000,700a399b5e19bf990286dbd979f67666bb7c07081a2d2a680c6ef64208752ea0,
compression,ZAlloc,20,/O2 /Ob2 /G5 /MD,gog_1261,18a74ff61c65b8a2d4cfa11ffce82ad7fef022a94eaf0c2f217e479e981420d2,relocation-equivalent,00415820,1,1.000000,700a399b5e19bf990286dbd979f67666bb7c07081a2d2a680c6ef64208752ea0,
compression,ZAlloc,20,/O2 /Ob2 /G5 /MD,gog_1261_new,57a3072c2f8307de84e2f54ac58d3fcd7cf3cef18088bf0f0fdec2ac9202b2b1,relocation-equivalent,00415820,1,1.000000,700a399b5e19bf990286dbd979f67666bb7c07081a2d2a680c6ef64208752ea0,
compression,ZAlloc,20,/O2 /Ob2 /G5 /MD,gog_128_base,18a74ff61c65b8a2d4cfa11ffce82ad7fef022a94eaf0c2f217e479e981420d2,relocation-equivalent,00415820,1,1.000000,700a399b5e19bf990286dbd979f67666bb7c07081a2d2a680c6ef64208752ea0,
compression,ZAlloc,20,/O2 /Ob2 /G5 /MD,gog_128_patch,fdca6d9cd0940034191e82b8e2900de26bb25e381c74128dcb8967360a9fb824,unavailable,,0,0.000000,700a399b5e19bf990286dbd979f67666bb7c07081a2d2a680c6ef64208752ea0,no-text-section
compression,ZAlloc,20,/O2 /Ob2 /G5 /MD,retail_2001_12_23,c3639d43568a1ed233be85c6b3b8129b1a4661e65717220e0514c815aa972edd,unavailable,,0,0.000000,700a399b5e19bf990286dbd979f67666bb7c07081a2d2a680c6ef64208752ea0,protected-executable
compression,ZFree,13,/O2 /Ob2 /G5 /MD,demo,8acda50afe39f7e6a867272300a09463fd94aed9a510008fcdefc662143346e4,relocation-equivalent,00415ba0,1,1.000000,63e4417e0067e692fa73a952f0d05010d0cb3de2aa0a70158e4b77ab2ede7f80,
compression,ZFree,13,/O2 /Ob2 /G5 /MD,gog_base,18a74ff61c65b8a2d4cfa11ffce82ad7fef022a94eaf0c2f217e479e981420d2,relocation-equivalent,00415840,1,1.000000,63e4417e0067e692fa73a952f0d05010d0cb3de2aa0a70158e4b77ab2ede7f80,
compression,ZFree,13,/O2 /Ob2 /G5 /MD,gog_1261,18a74ff61c65b8a2d4cfa11ffce82ad7fef022a94eaf0c2f217e479e981420d2,relocation-equivalent,00415840,1,1.000000,63e4417e0067e692fa73a952f0d05010d0cb3de2aa0a70158e4b77ab2ede7f80,
compression,ZFree,13,/O2 /Ob2 /G5 /MD,gog_1261_new,57a3072c2f8307de84e2f54ac58d3fcd7cf3cef18088bf0f0fdec2ac9202b2b1,relocation-equivalent,00415840,1,1.000000,63e4417e0067e692fa73a952f0d05010d0cb3de2aa0a70158e4b77ab2ede7f80,
compression,ZFree,13,/O2 /Ob2 /G5 /MD,gog_128_base,18a74ff61c65b8a2d4cfa11ffce82ad7fef022a94eaf0c2f217e479e981420d2,relocation-equivalent,00415840,1,1.000000,63e4417e0067e692fa73a952f0d05010d0cb3de2aa0a70158e4b77ab2ede7f80,
compression,ZFree,13,/O2 /Ob2 /G5 /MD,gog_128_patch,fdca6d9cd0940034191e82b8e2900de26bb25e381c74128dcb8967360a9fb824,unavailable,,0,0.000000,63e4417e0067e692fa73a952f0d05010d0cb3de2aa0a70158e4b77ab2ede7f80,no-text-section
compression,ZFree,13,/O2 /Ob2 /G5 /MD,retail_2001_12_23,c3639d43568a1ed233be85c6b3b8129b1a4661e65717220e0514c815aa972edd,unavailable,,0,0.000000,63e4417e0067e692fa73a952f0d05010d0cb3de2aa0a70158e4b77ab2ede7f80,protected-executable
fileman,AddSubdirectoryToPath,392,/O2 /Ob2 /G5 /MD,demo,8acda50afe39f7e6a867272300a09463fd94aed9a510008fcdefc662143346e4,absent-or-stripped,,0,0.000000,230b54c53d5a468f74258151e39c6be12f7d945a499b61393303b75fc450be1b,
fileman,AddSubdirectoryToPath,392,/O2 /Ob2 /G5 /MD,gog_base,18a74ff61c65b8a2d4cfa11ffce82ad7fef022a94eaf0c2f217e479e981420d2,absent-or-stripped,,0,0.000000,230b54c53d5a468f74258151e39c6be12f7d945a499b61393303b75fc450be1b,
fileman,AddSubdirectoryToPath,392,/O2 /Ob2 /G5 /MD,gog_1261,18a74ff61c65b8a2d4cfa11ffce82ad7fef022a94eaf0c2f217e479e981420d2,absent-or-stripped,,0,0.000000,230b54c53d5a468f74258151e39c6be12f7d945a499b61393303b75fc450be1b,
fileman,AddSubdirectoryToPath,392,/O2 /Ob2 /G5 /MD,gog_1261_new,57a3072c2f8307de84e2f54ac58d3fcd7cf3cef18088bf0f0fdec2ac9202b2b1,absent-or-stripped,,0,0.000000,230b54c53d5a468f74258151e39c6be12f7d945a499b61393303b75fc450be1b,
fileman,AddSubdirectoryToPath,392,/O2 /Ob2 /G5 /MD,gog_128_base,18a74ff61c65b8a2d4cfa11ffce82ad7fef022a94eaf0c2f217e479e981420d2,absent-or-stripped,,0,0.000000,230b54c53d5a468f74258151e39c6be12f7d945a499b61393303b75fc450be1b,
fileman,AddSubdirectoryToPath,392,/O2 /Ob2 /G5 /MD,gog_128_patch,fdca6d9cd0940034191e82b8e2900de26bb25e381c74128dcb8967360a9fb824,unavailable,,0,0.000000,230b54c53d5a468f74258151e39c6be12f7d945a499b61393303b75fc450be1b,no-text-section
fileman,AddSubdirectoryToPath,392,/O2 /Ob2 /G5 /MD,retail_2001_12_23,c3639d43568a1ed233be85c6b3b8129b1a4661e65717220e0514c815aa972edd,unavailable,,0,0.000000,230b54c53d5a468f74258151e39c6be12f7d945a499b61393303b75fc450be1b,protected-executable
fileman,BuildFileDirectory,1,/O2 /Ob2 /G5 /MD,demo,8acda50afe39f7e6a867272300a09463fd94aed9a510008fcdefc662143346e4,ambiguous-generic,,13271,1.000000,ae3f4619b0413d70d3004b9131c3752153074e45725be13b9a148978895e359e,
fileman,BuildFileDirectory,1,/O2 /Ob2 /G5 /MD,gog_base,18a74ff61c65b8a2d4cfa11ffce82ad7fef022a94eaf0c2f217e479e981420d2,ambiguous-generic,,13531,1.000000,ae3f4619b0413d70d3004b9131c3752153074e45725be13b9a148978895e359e,
fileman,BuildFileDirectory,1,/O2 /Ob2 /G5 /MD,gog_1261,18a74ff61c65b8a2d4cfa11ffce82ad7fef022a94eaf0c2f217e479e981420d2,ambiguous-generic,,13531,1.000000,ae3f4619b0413d70d3004b9131c3752153074e45725be13b9a148978895e359e,
fileman,BuildFileDirectory,1,/O2 /Ob2 /G5 /MD,gog_1261_new,57a3072c2f8307de84e2f54ac58d3fcd7cf3cef18088bf0f0fdec2ac9202b2b1,ambiguous-generic,,13531,1.000000,ae3f4619b0413d70d3004b9131c3752153074e45725be13b9a148978895e359e,
fileman,BuildFileDirectory,1,/O2 /Ob2 /G5 /MD,gog_128_base,18a74ff61c65b8a2d4cfa11ffce82ad7fef022a94eaf0c2f217e479e981420d2,ambiguous-generic,,13531,1.000000,ae3f4619b0413d70d3004b9131c3752153074e45725be13b9a148978895e359e,
fileman,BuildFileDirectory,1,/O2 /Ob2 /G5 /MD,gog_128_patch,fdca6d9cd0940034191e82b8e2900de26bb25e381c74128dcb8967360a9fb824,unavailable,,0,0.000000,ae3f4619b0413d70d3004b9131c3752153074e45725be13b9a148978895e359e,no-text-section
fileman,BuildFileDirectory,1,/O2 /Ob2 /G5 /MD,retail_2001_12_23,c3639d43568a1ed233be85c6b3b8129b1a4661e65717220e0514c815aa972edd,unavailable,,0,0.000000,ae3f4619b0413d70d3004b9131c3752153074e45725be13b9a148978895e359e,protected-executable
fileman,CompareSGPFileTimes,17,/O2 /Ob2 /G5 /MD,demo,8acda50afe39f7e6a867272300a09463fd94aed9a510008fcdefc662143346e4,ambiguous-generic,,1,1.000000,e889e09f033bff21a40e4fd56b36aa4386e542edb5f2f3fb3dffe2fd18106bbd,
fileman,CompareSGPFileTimes,17,/O2 /Ob2 /G5 /MD,gog_base,18a74ff61c65b8a2d4cfa11ffce82ad7fef022a94eaf0c2f217e479e981420d2,ambiguous-generic,,1,1.000000,e889e09f033bff21a40e4fd56b36aa4386e542edb5f2f3fb3dffe2fd18106bbd,
fileman,CompareSGPFileTimes,17,/O2 /Ob2 /G5 /MD,gog_1261,18a74ff61c65b8a2d4cfa11ffce82ad7fef022a94eaf0c2f217e479e981420d2,ambiguous-generic,,1,1.000000,e889e09f033bff21a40e4fd56b36aa4386e542edb5f2f3fb3dffe2fd18106bbd,
fileman,CompareSGPFileTimes,17,/O2 /Ob2 /G5 /MD,gog_1261_new,57a3072c2f8307de84e2f54ac58d3fcd7cf3cef18088bf0f0fdec2ac9202b2b1,ambiguous-generic,,1,1.000000,e889e09f033bff21a40e4fd56b36aa4386e542edb5f2f3fb3dffe2fd18106bbd,
fileman,CompareSGPFileTimes,17,/O2 /Ob2 /G5 /MD,gog_128_base,18a74ff61c65b8a2d4cfa11ffce82ad7fef022a94eaf0c2f217e479e981420d2,ambiguous-generic,,1,1.000000,e889e09f033bff21a40e4fd56b36aa4386e542edb5f2f3fb3dffe2fd18106bbd,
fileman,CompareSGPFileTimes,17,/O2 /Ob2 /G5 /MD,gog_128_patch,fdca6d9cd0940034191e82b8e2900de26bb25e381c74128dcb8967360a9fb824,unavailable,,0,0.000000,e889e09f033bff21a40e4fd56b36aa4386e542edb5f2f3fb3dffe2fd18106bbd,no-text-section
fileman,CompareSGPFileTimes,17,/O2 /Ob2 /G5 /MD,retail_2001_12_23,c3639d43568a1ed233be85c6b3b8129b1a4661e65717220e0514c815aa972edd,unavailable,,0,0.000000,e889e09f033bff21a40e4fd56b36aa4386e542edb5f2f3fb3dffe2fd18106bbd,protected-executable
fileman,DirectoryExists,32,/O2 /Ob2 /G5 /MD,demo,8acda50afe39f7e6a867272300a09463fd94aed9a510008fcdefc662143346e4,relocation-equivalent,00405240,1,1.000000,4a827abe129ba4efe5525cd2646836985cd7935b3fbeb39abf4ada3a1baf6ac4,
fileman,DirectoryExists,32,/O2 /Ob2 /G5 /MD,gog_base,18a74ff61c65b8a2d4cfa11ffce82ad7fef022a94eaf0c2f217e479e981420d2,relocation-equivalent,004051d0,1,1.000000,4a827abe129ba4efe5525cd2646836985cd7935b3fbeb39abf4ada3a1baf6ac4,
fileman,DirectoryExists,32,/O2 /Ob2 /G5 /MD,gog_1261,18a74ff61c65b8a2d4cfa11ffce82ad7fef022a94eaf0c2f217e479e981420d2,relocation-equivalent,004051d0,1,1.000000,4a827abe129ba4efe5525cd2646836985cd7935b3fbeb39abf4ada3a1baf6ac4,
fileman,DirectoryExists,32,/O2 /Ob2 /G5 /MD,gog_1261_new,57a3072c2f8307de84e2f54ac58d3fcd7cf3cef18088bf0f0fdec2ac9202b2b1,relocation-equivalent,004051d0,1,1.000000,4a827abe129ba4efe5525cd2646836985cd7935b3fbeb39abf4ada3a1baf6ac4,
fileman,DirectoryExists,32,/O2 /Ob2 /G5 /MD,gog_128_base,18a74ff61c65b8a2d4cfa11ffce82ad7fef022a94eaf0c2f217e479e981420d2,relocation-equivalent,004051d0,1,1.000000,4a827abe129ba4efe5525cd2646836985cd7935b3fbeb39abf4ada3a1baf6ac4,
fileman,DirectoryExists,32,/O2 /Ob2 /G5 /MD,gog_128_patch,fdca6d9cd0940034191e82b8e2900de26bb25e381c74128dcb8967360a9fb824,unavailable,,0,0.000000,4a827abe129ba4efe5525cd2646836985cd7935b3fbeb39abf4ada3a1baf6ac4,no-text-section
fileman,DirectoryExists,32,/O2 /Ob2 /G5 /MD,retail_2001_12_23,c3639d43568a1ed233be85c6b3b8129b1a4661e65717220e0514c815aa972edd,unavailable,,0,0.000000,4a827abe129ba4efe5525cd2646836985cd7935b3fbeb39abf4ada3a1baf6ac4,protected-executable
fileman,EraseDirectory,163,/O2 /Ob2 /G5 /MD,demo,8acda50afe39f7e6a867272300a09463fd94aed9a510008fcdefc662143346e4,absent-or-stripped,,0,0.000000,f53d853e7a8338f968b5cc0c77ad2bdd00b215874a052b5c0ccea5ae267647f3,
fileman,EraseDirectory,163,/O2 /Ob2 /G5 /MD,gog_base,18a74ff61c65b8a2d4cfa11ffce82ad7fef022a94eaf0c2f217e479e981420d2,absent-or-stripped,,0,0.000000,f53d853e7a8338f968b5cc0c77ad2bdd00b215874a052b5c0ccea5ae267647f3,
fileman,EraseDirectory,163,/O2 /Ob2 /G5 /MD,gog_1261,18a74ff61c65b8a2d4cfa11ffce82ad7fef022a94eaf0c2f217e479e981420d2,absent-or-stripped,,0,0.000000,f53d853e7a8338f968b5cc0c77ad2bdd00b215874a052b5c0ccea5ae267647f3,
fileman,EraseDirectory,163,/O2 /Ob2 /G5 /MD,gog_1261_new,57a3072c2f8307de84e2f54ac58d3fcd7cf3cef18088bf0f0fdec2ac9202b2b1,absent-or-stripped,,0,0.000000,f53d853e7a8338f968b5cc0c77ad2bdd00b215874a052b5c0ccea5ae267647f3,
fileman,EraseDirectory,163,/O2 /Ob2 /G5 /MD,gog_128_base,18a74ff61c65b8a2d4cfa11ffce82ad7fef022a94eaf0c2f217e479e981420d2,absent-or-stripped,,0,0.000000,f53d853e7a8338f968b5cc0c77ad2bdd00b215874a052b5c0ccea5ae267647f3,
fileman,EraseDirectory,163,/O2 /Ob2 /G5 /MD,gog_128_patch,fdca6d9cd0940034191e82b8e2900de26bb25e381c74128dcb8967360a9fb824,unavailable,,0,0.000000,f53d853e7a8338f968b5cc0c77ad2bdd00b215874a052b5c0ccea5ae267647f3,no-text-section
fileman,EraseDirectory,163,/O2 /Ob2 /G5 /MD,retail_2001_12_23,c3639d43568a1ed233be85c6b3b8129b1a4661e65717220e0514c815aa972edd,unavailable,,0,0.000000,f53d853e7a8338f968b5cc0c77ad2bdd00b215874a052b5c0ccea5ae267647f3,protected-executable
fileman,FileCheckEndOfFile,178,/O2 /Ob2 /G5 /MD,demo,8acda50afe39f7e6a867272300a09463fd94aed9a510008fcdefc662143346e4,near-source-with-wiz8-modifications,004055e0,1,0.974026,b79293c2cd396dcf52e0f5d099dde13d08af34627a927d30b3b51722362bf0c7,
fileman,FileCheckEndOfFile,178,/O2 /Ob2 /G5 /MD,gog_base,18a74ff61c65b8a2d4cfa11ffce82ad7fef022a94eaf0c2f217e479e981420d2,near-source-with-wiz8-modifications,00405570,1,0.974026,b79293c2cd396dcf52e0f5d099dde13d08af34627a927d30b3b51722362bf0c7,
fileman,FileCheckEndOfFile,178,/O2 /Ob2 /G5 /MD,gog_1261,18a74ff61c65b8a2d4cfa11ffce82ad7fef022a94eaf0c2f217e479e981420d2,near-source-with-wiz8-modifications,00405570,1,0.974026,b79293c2cd396dcf52e0f5d099dde13d08af34627a927d30b3b51722362bf0c7,
fileman,FileCheckEndOfFile,178,/O2 /Ob2 /G5 /MD,gog_1261_new,57a3072c2f8307de84e2f54ac58d3fcd7cf3cef18088bf0f0fdec2ac9202b2b1,near-source-with-wiz8-modifications,00405570,1,0.974026,b79293c2cd396dcf52e0f5d099dde13d08af34627a927d30b3b51722362bf0c7,
fileman,FileCheckEndOfFile,178,/O2 /Ob2 /G5 /MD,gog_128_base,18a74ff61c65b8a2d4cfa11ffce82ad7fef022a94eaf0c2f217e479e981420d2,near-source-with-wiz8-modifications,00405570,1,0.974026,b79293c2cd396dcf52e0f5d099dde13d08af34627a927d30b3b51722362bf0c7,
fileman,FileCheckEndOfFile,178,/O2 /Ob2 /G5 /MD,gog_128_patch,fdca6d9cd0940034191e82b8e2900de26bb25e381c74128dcb8967360a9fb824,unavailable,,0,0.000000,b79293c2cd396dcf52e0f5d099dde13d08af34627a927d30b3b51722362bf0c7,no-text-section
fileman,FileCheckEndOfFile,178,/O2 /Ob2 /G5 /MD,retail_2001_12_23,c3639d43568a1ed233be85c6b3b8129b1a4661e65717220e0514c815aa972edd,unavailable,,0,0.000000,b79293c2cd396dcf52e0f5d099dde13d08af34627a927d30b3b51722362bf0c7,protected-executable
fileman,FileClearAttributes,17,/O2 /Ob2 /G5 /MD,demo,8acda50afe39f7e6a867272300a09463fd94aed9a510008fcdefc662143346e4,relocation-equivalent,004055c0,1,1.000000,951abc5a9a0c8be62c53d3540f527f046174ffc125688c3e7ab6c65d166952d3,
fileman,FileClearAttributes,17,/O2 /Ob2 /G5 /MD,gog_base,18a74ff61c65b8a2d4cfa11ffce82ad7fef022a94eaf0c2f217e479e981420d2,relocation-equivalent,00405550,1,1.000000,951abc5a9a0c8be62c53d3540f527f046174ffc125688c3e7ab6c65d166952d3,
fileman,FileClearAttributes,17,/O2 /Ob2 /G5 /MD,gog_1261,18a74ff61c65b8a2d4cfa11ffce82ad7fef022a94eaf0c2f217e479e981420d2,relocation-equivalent,00405550,1,1.000000,951abc5a9a0c8be62c53d3540f527f046174ffc125688c3e7ab6c65d166952d3,
fileman,FileClearAttributes,17,/O2 /Ob2 /G5 /MD,gog_1261_new,57a3072c2f8307de84e2f54ac58d3fcd7cf3cef18088bf0f0fdec2ac9202b2b1,relocation-equivalent,00405550,1,1.000000,951abc5a9a0c8be62c53d3540f527f046174ffc125688c3e7ab6c65d166952d3,
fileman,FileClearAttributes,17,/O2 /Ob2 /G5 /MD,gog_128_base,18a74ff61c65b8a2d4cfa11ffce82ad7fef022a94eaf0c2f217e479e981420d2,relocation-equivalent,00405550,1,1.000000,951abc5a9a0c8be62c53d3540f527f046174ffc125688c3e7ab6c65d166952d3,
fileman,FileClearAttributes,17,/O2 /Ob2 /G5 /MD,gog_128_patch,fdca6d9cd0940034191e82b8e2900de26bb25e381c74128dcb8967360a9fb824,unavailable,,0,0.000000,951abc5a9a0c8be62c53d3540f527f046174ffc125688c3e7ab6c65d166952d3,no-text-section
fileman,FileClearAttributes,17,/O2 /Ob2 /G5 /MD,retail_2001_12_23,c3639d43568a1ed233be85c6b3b8129b1a4661e65717220e0514c815aa972edd,unavailable,,0,0.000000,951abc5a9a0c8be62c53d3540f527f046174ffc125688c3e7ab6c65d166952d3,protected-executable
fileman,FileClose,134,/O2 /Ob2 /G5 /MD,demo,8acda50afe39f7e6a867272300a09463fd94aed9a510008fcdefc662143346e4,absent-or-stripped,,0,0.438776,ad7719a56e4b3c94852ba796ecc939d6becb27072e982a0629796186524935b6,
fileman,FileClose,134,/O2 /Ob2 /G5 /MD,gog_base,18a74ff61c65b8a2d4cfa11ffce82ad7fef022a94eaf0c2f217e479e981420d2,absent-or-stripped,,0,0.438776,ad7719a56e4b3c94852ba796ecc939d6becb27072e982a0629796186524935b6,
fileman,FileClose,134,/O2 /Ob2 /G5 /MD,gog_1261,18a74ff61c65b8a2d4cfa11ffce82ad7fef022a94eaf0c2f217e479e981420d2,absent-or-stripped,,0,0.438776,ad7719a56e4b3c94852ba796ecc939d6becb27072e982a0629796186524935b6,
fileman,FileClose,134,/O2 /Ob2 /G5 /MD,gog_1261_new,57a3072c2f8307de84e2f54ac58d3fcd7cf3cef18088bf0f0fdec2ac9202b2b1,absent-or-stripped,,0,0.438776,ad7719a56e4b3c94852ba796ecc939d6becb27072e982a0629796186524935b6,
fileman,FileClose,134,/O2 /Ob2 /G5 /MD,gog_128_base,18a74ff61c65b8a2d4cfa11ffce82ad7fef022a94eaf0c2f217e479e981420d2,absent-or-stripped,,0,0.438776,ad7719a56e4b3c94852ba796ecc939d6becb27072e982a0629796186524935b6,
fileman,FileClose,134,/O2 /Ob2 /G5 /MD,gog_128_patch,fdca6d9cd0940034191e82b8e2900de26bb25e381c74128dcb8967360a9fb824,unavailable,,0,0.000000,ad7719a56e4b3c94852ba796ecc939d6becb27072e982a0629796186524935b6,no-text-section
fileman,FileClose,134,/O2 /Ob2 /G5 /MD,retail_2001_12_23,c3639d43568a1ed233be85c6b3b8129b1a4661e65717220e0514c815aa972edd,unavailable,,0,0.000000,ad7719a56e4b3c94852ba796ecc939d6becb27072e982a0629796186524935b6,protected-executable
fileman,FileCopy,27,/O2 /Ob2 /G5 /MD,demo,8acda50afe39f7e6a867272300a09463fd94aed9a510008fcdefc662143346e4,relocation-equivalent,00405540,1,1.000000,434180fea1926d0bceab62467833c0e466064bb2b7eab52f7356b2aeb4cf066a,
fileman,FileCopy,27,/O2 /Ob2 /G5 /MD,gog_base,18a74ff61c65b8a2d4cfa11ffce82ad7fef022a94eaf0c2f217e479e981420d2,relocation-equivalent,004054d0,1,1.000000,434180fea1926d0bceab62467833c0e466064bb2b7eab52f7356b2aeb4cf066a,
fileman,FileCopy,27,/O2 /Ob2 /G5 /MD,gog_1261,18a74ff61c65b8a2d4cfa11ffce82ad7fef022a94eaf0c2f217e479e981420d2,relocation-equivalent,004054d0,1,1.000000,434180fea1926d0bceab62467833c0e466064bb2b7eab52f7356b2aeb4cf066a,
fileman,FileCopy,27,/O2 /Ob2 /G5 /MD,gog_1261_new,57a3072c2f8307de84e2f54ac58d3fcd7cf3cef18088bf0f0fdec2ac9202b2b1,relocation-equivalent,004054d0,1,1.000000,434180fea1926d0bceab62467833c0e466064bb2b7eab52f7356b2aeb4cf066a,
fileman,FileCopy,27,/O2 /Ob2 /G5 /MD,gog_128_base,18a74ff61c65b8a2d4cfa11ffce82ad7fef022a94eaf0c2f217e479e981420d2,relocation-equivalent,004054d0,1,1.000000,434180fea1926d0bceab62467833c0e466064bb2b7eab52f7356b2aeb4cf066a,
fileman,FileCopy,27,/O2 /Ob2 /G5 /MD,gog_128_patch,fdca6d9cd0940034191e82b8e2900de26bb25e381c74128dcb8967360a9fb824,unavailable,,0,0.000000,434180fea1926d0bceab62467833c0e466064bb2b7eab52f7356b2aeb4cf066a,no-text-section
fileman,FileCopy,27,/O2 /Ob2 /G5 /MD,retail_2001_12_23,c3639d43568a1ed233be85c6b3b8129b1a4661e65717220e0514c815aa972edd,unavailable,,0,0.000000,434180fea1926d0bceab62467833c0e466064bb2b7eab52f7356b2aeb4cf066a,protected-executable
fileman,FileDebug,1,/O2 /Ob2 /G5 /MD,demo,8acda50afe39f7e6a867272300a09463fd94aed9a510008fcdefc662143346e4,ambiguous-generic,,13271,1.000000,ae3f4619b0413d70d3004b9131c3752153074e45725be13b9a148978895e359e,
fileman,FileDebug,1,/O2 /Ob2 /G5 /MD,gog_base,18a74ff61c65b8a2d4cfa11ffce82ad7fef022a94eaf0c2f217e479e981420d2,ambiguous-generic,,13531,1.000000,ae3f4619b0413d70d3004b9131c3752153074e45725be13b9a148978895e359e,
fileman,FileDebug,1,/O2 /Ob2 /G5 /MD,gog_1261,18a74ff61c65b8a2d4cfa11ffce82ad7fef022a94eaf0c2f217e479e981420d2,ambiguous-generic,,13531,1.000000,ae3f4619b0413d70d3004b9131c3752153074e45725be13b9a148978895e359e,
fileman,FileDebug,1,/O2 /Ob2 /G5 /MD,gog_1261_new,57a3072c2f8307de84e2f54ac58d3fcd7cf3cef18088bf0f0fdec2ac9202b2b1,ambiguous-generic,,13531,1.000000,ae3f4619b0413d70d3004b9131c3752153074e45725be13b9a148978895e359e,
fileman,FileDebug,1,/O2 /Ob2 /G5 /MD,gog_128_base,18a74ff61c65b8a2d4cfa11ffce82ad7fef022a94eaf0c2f217e479e981420d2,ambiguous-generic,,13531,1.000000,ae3f4619b0413d70d3004b9131c3752153074e45725be13b9a148978895e359e,
fileman,FileDebug,1,/O2 /Ob2 /G5 /MD,gog_128_patch,fdca6d9cd0940034191e82b8e2900de26bb25e381c74128dcb8967360a9fb824,unavailable,,0,0.000000,ae3f4619b0413d70d3004b9131c3752153074e45725be13b9a148978895e359e,no-text-section
fileman,FileDebug,1,/O2 /Ob2 /G5 /MD,retail_2001_12_23,c3639d43568a1ed233be85c6b3b8129b1a4661e65717220e0514c815aa972edd,unavailable,,0,0.000000,ae3f4619b0413d70d3004b9131c3752153074e45725be13b9a148978895e359e,protected-executable
fileman,FileDebugPrint,1,/O2 /Ob2 /G5 /MD,demo,8acda50afe39f7e6a867272300a09463fd94aed9a510008fcdefc662143346e4,ambiguous-generic,,13271,1.000000,ae3f4619b0413d70d3004b9131c3752153074e45725be13b9a148978895e359e,
fileman,FileDebugPrint,1,/O2 /Ob2 /G5 /MD,gog_base,18a74ff61c65b8a2d4cfa11ffce82ad7fef022a94eaf0c2f217e479e981420d2,ambiguous-generic,,13531,1.000000,ae3f4619b0413d70d3004b9131c3752153074e45725be13b9a148978895e359e,
fileman,FileDebugPrint,1,/O2 /Ob2 /G5 /MD,gog_1261,18a74ff61c65b8a2d4cfa11ffce82ad7fef022a94eaf0c2f217e479e981420d2,ambiguous-generic,,13531,1.000000,ae3f4619b0413d70d3004b9131c3752153074e45725be13b9a148978895e359e,
fileman,FileDebugPrint,1,/O2 /Ob2 /G5 /MD,gog_1261_new,57a3072c2f8307de84e2f54ac58d3fcd7cf3cef18088bf0f0fdec2ac9202b2b1,ambiguous-generic,,13531,1.000000,ae3f4619b0413d70d3004b9131c3752153074e45725be13b9a148978895e359e,
fileman,FileDebugPrint,1,/O2 /Ob2 /G5 /MD,gog_128_base,18a74ff61c65b8a2d4cfa11ffce82ad7fef022a94eaf0c2f217e479e981420d2,ambiguous-generic,,13531,1.000000,ae3f4619b0413d70d3004b9131c3752153074e45725be13b9a148978895e359e,
fileman,FileDebugPrint,1,/O2 /Ob2 /G5 /MD,gog_128_patch,fdca6d9cd0940034191e82b8e2900de26bb25e381c74128dcb8967360a9fb824,unavailable,,0,0.000000,ae3f4619b0413d70d3004b9131c3752153074e45725be13b9a148978895e359e,no-text-section
fileman,FileDebugPrint,1,/O2 /Ob2 /G5 /MD,retail_2001_12_23,c3639d43568a1ed233be85c6b3b8129b1a4661e65717220e0514c815aa972edd,unavailable,,0,0.000000,ae3f4619b0413d70d3004b9131c3752153074e45725be13b9a148978895e359e,protected-executable
fileman,FileDelete,12,/O2 /Ob2 /G5 /MD,demo,8acda50afe39f7e6a867272300a09463fd94aed9a510008fcdefc662143346e4,ambiguous-generic,,2,1.000000,affed1bec2e0bbe9f34afb41a2c315445219c39640d96de70a2103cfcb5ecb5b,
fileman,FileDelete,12,/O2 /Ob2 /G5 /MD,gog_base,18a74ff61c65b8a2d4cfa11ffce82ad7fef022a94eaf0c2f217e479e981420d2,ambiguous-generic,,2,1.000000,affed1bec2e0bbe9f34afb41a2c315445219c39640d96de70a2103cfcb5ecb5b,
fileman,FileDelete,12,/O2 /Ob2 /G5 /MD,gog_1261,18a74ff61c65b8a2d4cfa11ffce82ad7fef022a94eaf0c2f217e479e981420d2,ambiguous-generic,,2,1.000000,affed1bec2e0bbe9f34afb41a2c315445219c39640d96de70a2103cfcb5ecb5b,
fileman,FileDelete,12,/O2 /Ob2 /G5 /MD,gog_1261_new,57a3072c2f8307de84e2f54ac58d3fcd7cf3cef18088bf0f0fdec2ac9202b2b1,ambiguous-generic,,2,1.000000,affed1bec2e0bbe9f34afb41a2c315445219c39640d96de70a2103cfcb5ecb5b,
fileman,FileDelete,12,/O2 /Ob2 /G5 /MD,gog_128_base,18a74ff61c65b8a2d4cfa11ffce82ad7fef022a94eaf0c2f217e479e981420d2,ambiguous-generic,,2,1.000000,affed1bec2e0bbe9f34afb41a2c315445219c39640d96de70a2103cfcb5ecb5b,
fileman,FileDelete,12,/O2 /Ob2 /G5 /MD,gog_128_patch,fdca6d9cd0940034191e82b8e2900de26bb25e381c74128dcb8967360a9fb824,unavailable,,0,0.000000,affed1bec2e0bbe9f34afb41a2c315445219c39640d96de70a2103cfcb5ecb5b,no-text-section
fileman,FileDelete,12,/O2 /Ob2 /G5 /MD,retail_2001_12_23,c3639d43568a1ed233be85c6b3b8129b1a4661e65717220e0514c815aa972edd,unavailable,,0,0.000000,affed1bec2e0bbe9f34afb41a2c315445219c39640d96de70a2103cfcb5ecb5b,protected-executable
fileman,FileExists,65,/O2 /Ob2 /G5 /MD,demo,8acda50afe39f7e6a867272300a09463fd94aed9a510008fcdefc662143346e4,relocation-equivalent,00404c60,1,1.000000,cbd08da2dec3833f6b12429490edc274d7fb8e5f18522dff724a4453aa57cc8f,
fileman,FileExists,65,/O2 /Ob2 /G5 /MD,gog_base,18a74ff61c65b8a2d4cfa11ffce82ad7fef022a94eaf0c2f217e479e981420d2,relocation-equivalent,00404bf0,1,1.000000,cbd08da2dec3833f6b12429490edc274d7fb8e5f18522dff724a4453aa57cc8f,
fileman,FileExists,65,/O2 /Ob2 /G5 /MD,gog_1261,18a74ff61c65b8a2d4cfa11ffce82ad7fef022a94eaf0c2f217e479e981420d2,relocation-equivalent,00404bf0,1,1.000000,cbd08da2dec3833f6b12429490edc274d7fb8e5f18522dff724a4453aa57cc8f,
fileman,FileExists,65,/O2 /Ob2 /G5 /MD,gog_1261_new,57a3072c2f8307de84e2f54ac58d3fcd7cf3cef18088bf0f0fdec2ac9202b2b1,relocation-equivalent,00404bf0,1,1.000000,cbd08da2dec3833f6b12429490edc274d7fb8e5f18522dff724a4453aa57cc8f,
fileman,FileExists,65,/O2 /Ob2 /G5 /MD,gog_128_base,18a74ff61c65b8a2d4cfa11ffce82ad7fef022a94eaf0c2f217e479e981420d2,relocation-equivalent,00404bf0,1,1.000000,cbd08da2dec3833f6b12429490edc274d7fb8e5f18522dff724a4453aa57cc8f,
fileman,FileExists,65,/O2 /Ob2 /G5 /MD,gog_128_patch,fdca6d9cd0940034191e82b8e2900de26bb25e381c74128dcb8967360a9fb824,unavailable,,0,0.000000,cbd08da2dec3833f6b12429490edc274d7fb8e5f18522dff724a4453aa57cc8f,no-text-section
fileman,FileExists,65,/O2 /Ob2 /G5 /MD,retail_2001_12_23,c3639d43568a1ed233be85c6b3b8129b1a4661e65717220e0514c815aa972edd,unavailable,,0,0.000000,cbd08da2dec3833f6b12429490edc274d7fb8e5f18522dff724a4453aa57cc8f,protected-executable
fileman,FileExistsNoDB,42,/O2 /Ob2 /G5 /MD,demo,8acda50afe39f7e6a867272300a09463fd94aed9a510008fcdefc662143346e4,relocation-equivalent,00404cb0,1,1.000000,d209a7d538c623533663724f1273b3c9d20714a09ec0e02764826b507d89b997,
fileman,FileExistsNoDB,42,/O2 /Ob2 /G5 /MD,gog_base,18a74ff61c65b8a2d4cfa11ffce82ad7fef022a94eaf0c2f217e479e981420d2,relocation-equivalent,00404c40,1,1.000000,d209a7d538c623533663724f1273b3c9d20714a09ec0e02764826b507d89b997,
fileman,FileExistsNoDB,42,/O2 /Ob2 /G5 /MD,gog_1261,18a74ff61c65b8a2d4cfa11ffce82ad7fef022a94eaf0c2f217e479e981420d2,relocation-equivalent,00404c40,1,1.000000,d209a7d538c623533663724f1273b3c9d20714a09ec0e02764826b507d89b997,
fileman,FileExistsNoDB,42,/O2 /Ob2 /G5 /MD,gog_1261_new,57a3072c2f8307de84e2f54ac58d3fcd7cf3cef18088bf0f0fdec2ac9202b2b1,relocation-equivalent,00404c40,1,1.000000,d209a7d538c623533663724f1273b3c9d20714a09ec0e02764826b507d89b997,
fileman,FileExistsNoDB,42,/O2 /Ob2 /G5 /MD,gog_128_base,18a74ff61c65b8a2d4cfa11ffce82ad7fef022a94eaf0c2f217e479e981420d2,relocation-equivalent,00404c40,1,1.000000,d209a7d538c623533663724f1273b3c9d20714a09ec0e02764826b507d89b997,
fileman,FileExistsNoDB,42,/O2 /Ob2 /G5 /MD,gog_128_patch,fdca6d9cd0940034191e82b8e2900de26bb25e381c74128dcb8967360a9fb824,unavailable,,0,0.000000,d209a7d538c623533663724f1273b3c9d20714a09ec0e02764826b507d89b997,no-text-section
fileman,FileExistsNoDB,42,/O2 /Ob2 /G5 /MD,retail_2001_12_23,c3639d43568a1ed233be85c6b3b8129b1a4661e65717220e0514c815aa972edd,unavailable,,0,0.000000,d209a7d538c623533663724f1273b3c9d20714a09ec0e02764826b507d89b997,protected-executable
fileman,FileGetAttributes,96,/O2 /Ob2 /G5 /MD,demo,8acda50afe39f7e6a867272300a09463fd94aed9a510008fcdefc662143346e4,relocation-equivalent,00405560,1,1.000000,59fd51084fc8ef0543e5cbe469d249226bad4bae4e0aaf5027f664032230c8f5,
fileman,FileGetAttributes,96,/O2 /Ob2 /G5 /MD,gog_base,18a74ff61c65b8a2d4cfa11ffce82ad7fef022a94eaf0c2f217e479e981420d2,relocation-equivalent,004054f0,1,1.000000,59fd51084fc8ef0543e5cbe469d249226bad4bae4e0aaf5027f664032230c8f5,
fileman,FileGetAttributes,96,/O2 /Ob2 /G5 /MD,gog_1261,18a74ff61c65b8a2d4cfa11ffce82ad7fef022a94eaf0c2f217e479e981420d2,relocation-equivalent,004054f0,1,1.000000,59fd51084fc8ef0543e5cbe469d249226bad4bae4e0aaf5027f664032230c8f5,
fileman,FileGetAttributes,96,/O2 /Ob2 /G5 /MD,gog_1261_new,57a3072c2f8307de84e2f54ac58d3fcd7cf3cef18088bf0f0fdec2ac9202b2b1,relocation-equivalent,004054f0,1,1.000000,59fd51084fc8ef0543e5cbe469d249226bad4bae4e0aaf5027f664032230c8f5,
fileman,FileGetAttributes,96,/O2 /Ob2 /G5 /MD,gog_128_base,18a74ff61c65b8a2d4cfa11ffce82ad7fef022a94eaf0c2f217e479e981420d2,relocation-equivalent,004054f0,1,1.000000,59fd51084fc8ef0543e5cbe469d249226bad4bae4e0aaf5027f664032230c8f5,
fileman,FileGetAttributes,96,/O2 /Ob2 /G5 /MD,gog_128_patch,fdca6d9cd0940034191e82b8e2900de26bb25e381c74128dcb8967360a9fb824,unavailable,,0,0.000000,59fd51084fc8ef0543e5cbe469d249226bad4bae4e0aaf5027f664032230c8f5,no-text-section
fileman,FileGetAttributes,96,/O2 /Ob2 /G5 /MD,retail_2001_12_23,c3639d43568a1ed233be85c6b3b8129b1a4661e65717220e0514c815aa972edd,unavailable,,0,0.000000,59fd51084fc8ef0543e5cbe469d249226bad4bae4e0aaf5027f664032230c8f5,protected-executable
fileman,FileGetPos,127,/O2 /Ob2 /G5 /MD,demo,8acda50afe39f7e6a867272300a09463fd94aed9a510008fcdefc662143346e4,absent-or-stripped,,0,0.000000,1856c0c4508dbd14bea1770b0d1f056431f9916eb7583c8fb342b32a35eb2de5,
fileman,FileGetPos,127,/O2 /Ob2 /G5 /MD,gog_base,18a74ff61c65b8a2d4cfa11ffce82ad7fef022a94eaf0c2f217e479e981420d2,absent-or-stripped,,0,0.000000,1856c0c4508dbd14bea1770b0d1f056431f9916eb7583c8fb342b32a35eb2de5,
fileman,FileGetPos,127,/O2 /Ob2 /G5 /MD,gog_1261,18a74ff61c65b8a2d4cfa11ffce82ad7fef022a94eaf0c2f217e479e981420d2,absent-or-stripped,,0,0.000000,1856c0c4508dbd14bea1770b0d1f056431f9916eb7583c8fb342b32a35eb2de5,
fileman,FileGetPos,127,/O2 /Ob2 /G5 /MD,gog_1261_new,57a3072c2f8307de84e2f54ac58d3fcd7cf3cef18088bf0f0fdec2ac9202b2b1,absent-or-stripped,,0,0.000000,1856c0c4508dbd14bea1770b0d1f056431f9916eb7583c8fb342b32a35eb2de5,
fileman,FileGetPos,127,/O2 /Ob2 /G5 /MD,gog_128_base,18a74ff61c65b8a2d4cfa11ffce82ad7fef022a94eaf0c2f217e479e981420d2,absent-or-stripped,,0,0.000000,1856c0c4508dbd14bea1770b0d1f056431f9916eb7583c8fb342b32a35eb2de5,
fileman,FileGetPos,127,/O2 /Ob2 /G5 /MD,gog_128_patch,fdca6d9cd0940034191e82b8e2900de26bb25e381c74128dcb8967360a9fb824,unavailable,,0,0.000000,1856c0c4508dbd14bea1770b0d1f056431f9916eb7583c8fb342b32a35eb2de5,no-text-section
fileman,FileGetPos,127,/O2 /Ob2 /G5 /MD,retail_2001_12_23,c3639d43568a1ed233be85c6b3b8129b1a4661e65717220e0514c815aa972edd,unavailable,,0,0.000000,1856c0c4508dbd14bea1770b0d1f056431f9916eb7583c8fb342b32a35eb2de5,protected-executable
fileman,FileGetSize,113,/O2 /Ob2 /G5 /MD,demo,8acda50afe39f7e6a867272300a09463fd94aed9a510008fcdefc662143346e4,absent-or-stripped,,0,0.000000,c94ef3842f1e7637e8e3fdd736cd91de87b82ce1a8536c4aad8e9162d1559c5e,
fileman,FileGetSize,113,/O2 /Ob2 /G5 /MD,gog_base,18a74ff61c65b8a2d4cfa11ffce82ad7fef022a94eaf0c2f217e479e981420d2,absent-or-stripped,,0,0.000000,c94ef3842f1e7637e8e3fdd736cd91de87b82ce1a8536c4aad8e9162d1559c5e,
fileman,FileGetSize,113,/O2 /Ob2 /G5 /MD,gog_1261,18a74ff61c65b8a2d4cfa11ffce82ad7fef022a94eaf0c2f217e479e981420d2,absent-or-stripped,,0,0.000000,c94ef3842f1e7637e8e3fdd736cd91de87b82ce1a8536c4aad8e9162d1559c5e,
fileman,FileGetSize,113,/O2 /Ob2 /G5 /MD,gog_1261_new,57a3072c2f8307de84e2f54ac58d3fcd7cf3cef18088bf0f0fdec2ac9202b2b1,absent-or-stripped,,0,0.000000,c94ef3842f1e7637e8e3fdd736cd91de87b82ce1a8536c4aad8e9162d1559c5e,
fileman,FileGetSize,113,/O2 /Ob2 /G5 /MD,gog_128_base,18a74ff61c65b8a2d4cfa11ffce82ad7fef022a94eaf0c2f217e479e981420d2,absent-or-stripped,,0,0.000000,c94ef3842f1e7637e8e3fdd736cd91de87b82ce1a8536c4aad8e9162d1559c5e,
fileman,FileGetSize,113,/O2 /Ob2 /G5 /MD,gog_128_patch,fdca6d9cd0940034191e82b8e2900de26bb25e381c74128dcb8967360a9fb824,unavailable,,0,0.000000,c94ef3842f1e7637e8e3fdd736cd91de87b82ce1a8536c4aad8e9162d1559c5e,no-text-section
fileman,FileGetSize,113,/O2 /Ob2 /G5 /MD,retail_2001_12_23,c3639d43568a1ed233be85c6b3b8129b1a4661e65717220e0514c815aa972edd,unavailable,,0,0.000000,c94ef3842f1e7637e8e3fdd736cd91de87b82ce1a8536c4aad8e9162d1559c5e,protected-executable
fileman,FileLoad,218,/O2 /Ob2 /G5 /MD,demo,8acda50afe39f7e6a867272300a09463fd94aed9a510008fcdefc662143346e4,absent-or-stripped,,0,0.000000,4f6ec70be3926c0aa2bbf98de4febcc30aad1dd430be8d553fac8c5d92747bde,
fileman,FileLoad,218,/O2 /Ob2 /G5 /MD,gog_base,18a74ff61c65b8a2d4cfa11ffce82ad7fef022a94eaf0c2f217e479e981420d2,absent-or-stripped,,0,0.000000,4f6ec70be3926c0aa2bbf98de4febcc30aad1dd430be8d553fac8c5d92747bde,
fileman,FileLoad,218,/O2 /Ob2 /G5 /MD,gog_1261,18a74ff61c65b8a2d4cfa11ffce82ad7fef022a94eaf0c2f217e479e981420d2,absent-or-stripped,,0,0.000000,4f6ec70be3926c0aa2bbf98de4febcc30aad1dd430be8d553fac8c5d92747bde,
fileman,FileLoad,218,/O2 /Ob2 /G5 /MD,gog_1261_new,57a3072c2f8307de84e2f54ac58d3fcd7cf3cef18088bf0f0fdec2ac9202b2b1,absent-or-stripped,,0,0.000000,4f6ec70be3926c0aa2bbf98de4febcc30aad1dd430be8d553fac8c5d92747bde,
fileman,FileLoad,218,/O2 /Ob2 /G5 /MD,gog_128_base,18a74ff61c65b8a2d4cfa11ffce82ad7fef022a94eaf0c2f217e479e981420d2,absent-or-stripped,,0,0.000000,4f6ec70be3926c0aa2bbf98de4febcc30aad1dd430be8d553fac8c5d92747bde,
fileman,FileLoad,218,/O2 /Ob2 /G5 /MD,gog_128_patch,fdca6d9cd0940034191e82b8e2900de26bb25e381c74128dcb8967360a9fb824,unavailable,,0,0.000000,4f6ec70be3926c0aa2bbf98de4febcc30aad1dd430be8d553fac8c5d92747bde,no-text-section
fileman,FileLoad,218,/O2 /Ob2 /G5 /MD,retail_2001_12_23,c3639d43568a1ed233be85c6b3b8129b1a4661e65717220e0514c815aa972edd,unavailable,,0,0.000000,4f6ec70be3926c0aa2bbf98de4febcc30aad1dd430be8d553fac8c5d92747bde,protected-executable
fileman,FileMove,17,/O2 /Ob2 /G5 /MD,demo,8acda50afe39f7e6a867272300a09463fd94aed9a510008fcdefc662143346e4,ambiguous-generic,,1,1.000000,e889e09f033bff21a40e4fd56b36aa4386e542edb5f2f3fb3dffe2fd18106bbd,
fileman,FileMove,17,/O2 /Ob2 /G5 /MD,gog_base,18a74ff61c65b8a2d4cfa11ffce82ad7fef022a94eaf0c2f217e479e981420d2,ambiguous-generic,,1,1.000000,e889e09f033bff21a40e4fd56b36aa4386e542edb5f2f3fb3dffe2fd18106bbd,
fileman,FileMove,17,/O2 /Ob2 /G5 /MD,gog_1261,18a74ff61c65b8a2d4cfa11ffce82ad7fef022a94eaf0c2f217e479e981420d2,ambiguous-generic,,1,1.000000,e889e09f033bff21a40e4fd56b36aa4386e542edb5f2f3fb3dffe2fd18106bbd,
fileman,FileMove,17,/O2 /Ob2 /G5 /MD,gog_1261_new,57a3072c2f8307de84e2f54ac58d3fcd7cf3cef18088bf0f0fdec2ac9202b2b1,ambiguous-generic,,1,1.000000,e889e09f033bff21a40e4fd56b36aa4386e542edb5f2f3fb3dffe2fd18106bbd,
fileman,FileMove,17,/O2 /Ob2 /G5 /MD,gog_128_base,18a74ff61c65b8a2d4cfa11ffce82ad7fef022a94eaf0c2f217e479e981420d2,ambiguous-generic,,1,1.000000,e889e09f033bff21a40e4fd56b36aa4386e542edb5f2f3fb3dffe2fd18106bbd,
fileman,FileMove,17,/O2 /Ob2 /G5 /MD,gog_128_patch,fdca6d9cd0940034191e82b8e2900de26bb25e381c74128dcb8967360a9fb824,unavailable,,0,0.000000,e889e09f033bff21a40e4fd56b36aa4386e542edb5f2f3fb3dffe2fd18106bbd,no-text-section
fileman,FileMove,17,/O2 /Ob2 /G5 /MD,retail_2001_12_23,c3639d43568a1ed233be85c6b3b8129b1a4661e65717220e0514c815aa972edd,unavailable,,0,0.000000,e889e09f033bff21a40e4fd56b36aa4386e542edb5f2f3fb3dffe2fd18106bbd,protected-executable
fileman,FileOpen,387,/O2 /Ob2 /G5 /MD,demo,8acda50afe39f7e6a867272300a09463fd94aed9a510008fcdefc662143346e4,relocation-equivalent,00404cf0,1,1.000000,84da465de36c505b4e248cc5a29778de2b59face4571847a5b2550117596393e,
fileman,FileOpen,387,/O2 /Ob2 /G5 /MD,gog_base,18a74ff61c65b8a2d4cfa11ffce82ad7fef022a94eaf0c2f217e479e981420d2,relocation-equivalent,00404c80,1,1.000000,84da465de36c505b4e248cc5a29778de2b59face4571847a5b2550117596393e,
fileman,FileOpen,387,/O2 /Ob2 /G5 /MD,gog_1261,18a74ff61c65b8a2d4cfa11ffce82ad7fef022a94eaf0c2f217e479e981420d2,relocation-equivalent,00404c80,1,1.000000,84da465de36c505b4e248cc5a29778de2b59face4571847a5b2550117596393e,
fileman,FileOpen,387,/O2 /Ob2 /G5 /MD,gog_1261_new,57a3072c2f8307de84e2f54ac58d3fcd7cf3cef18088bf0f0fdec2ac9202b2b1,relocation-equivalent,00404c80,1,1.000000,84da465de36c505b4e248cc5a29778de2b59face4571847a5b2550117596393e,
fileman,FileOpen,387,/O2 /Ob2 /G5 /MD,gog_128_base,18a74ff61c65b8a2d4cfa11ffce82ad7fef022a94eaf0c2f217e479e981420d2,relocation-equivalent,00404c80,1,1.000000,84da465de36c505b4e248cc5a29778de2b59face4571847a5b2550117596393e,
fileman,FileOpen,387,/O2 /Ob2 /G5 /MD,gog_128_patch,fdca6d9cd0940034191e82b8e2900de26bb25e381c74128dcb8967360a9fb824,unavailable,,0,0.000000,84da465de36c505b4e248cc5a29778de2b59face4571847a5b2550117596393e,no-text-section
fileman,FileOpen,387,/O2 /Ob2 /G5 /MD,retail_2001_12_23,c3639d43568a1ed233be85c6b3b8129b1a4661e65717220e0514c815aa972edd,unavailable,,0,0.000000,84da465de36c505b4e248cc5a29778de2b59face4571847a5b2550117596393e,protected-executable
fileman,FilePrintf,152,/O2 /Ob2 /G5 /MD,demo,8acda50afe39f7e6a867272300a09463fd94aed9a510008fcdefc662143346e4,absent-or-stripped,,0,0.000000,c2752db339986f361ac8a5e4da605b51ee20f0afd89bea1699147c784ab35faa,
fileman,FilePrintf,152,/O2 /Ob2 /G5 /MD,gog_base,18a74ff61c65b8a2d4cfa11ffce82ad7fef022a94eaf0c2f217e479e981420d2,absent-or-stripped,,0,0.000000,c2752db339986f361ac8a5e4da605b51ee20f0afd89bea1699147c784ab35faa,
fileman,FilePrintf,152,/O2 /Ob2 /G5 /MD,gog_1261,18a74ff61c65b8a2d4cfa11ffce82ad7fef022a94eaf0c2f217e479e981420d2,absent-or-stripped,,0,0.000000,c2752db339986f361ac8a5e4da605b51ee20f0afd89bea1699147c784ab35faa,
fileman,FilePrintf,152,/O2 /Ob2 /G5 /MD,gog_1261_new,57a3072c2f8307de84e2f54ac58d3fcd7cf3cef18088bf0f0fdec2ac9202b2b1,absent-or-stripped,,0,0.000000,c2752db339986f361ac8a5e4da605b51ee20f0afd89bea1699147c784ab35faa,
fileman,FilePrintf,152,/O2 /Ob2 /G5 /MD,gog_128_base,18a74ff61c65b8a2d4cfa11ffce82ad7fef022a94eaf0c2f217e479e981420d2,absent-or-stripped,,0,0.000000,c2752db339986f361ac8a5e4da605b51ee20f0afd89bea1699147c784ab35faa,
fileman,FilePrintf,152,/O2 /Ob2 /G5 /MD,gog_128_patch,fdca6d9cd0940034191e82b8e2900de26bb25e381c74128dcb8967360a9fb824,unavailable,,0,0.000000,c2752db339986f361ac8a5e4da605b51ee20f0afd89bea1699147c784ab35faa,no-text-section
fileman,FilePrintf,152,/O2 /Ob2 /G5 /MD,retail_2001_12_23,c3639d43568a1ed233be85c6b3b8129b1a4661e65717220e0514c815aa972edd,unavailable,,0,0.000000,c2752db339986f361ac8a5e4da605b51ee20f0afd89bea1699147c784ab35faa,protected-executable
fileman,FileRead,269,/O2 /Ob2 /G5 /MD,demo,8acda50afe39f7e6a867272300a09463fd94aed9a510008fcdefc662143346e4,absent-or-stripped,,0,0.000000,74b8fe5982eca9da574927d6363363a497ce3683c479595c7233387f90e236c9,
fileman,FileRead,269,/O2 /Ob2 /G5 /MD,gog_base,18a74ff61c65b8a2d4cfa11ffce82ad7fef022a94eaf0c2f217e479e981420d2,absent-or-stripped,,0,0.000000,74b8fe5982eca9da574927d6363363a497ce3683c479595c7233387f90e236c9,
fileman,FileRead,269,/O2 /Ob2 /G5 /MD,gog_1261,18a74ff61c65b8a2d4cfa11ffce82ad7fef022a94eaf0c2f217e479e981420d2,absent-or-stripped,,0,0.000000,74b8fe5982eca9da574927d6363363a497ce3683c479595c7233387f90e236c9,
fileman,FileRead,269,/O2 /Ob2 /G5 /MD,gog_1261_new,57a3072c2f8307de84e2f54ac58d3fcd7cf3cef18088bf0f0fdec2ac9202b2b1,absent-or-stripped,,0,0.000000,74b8fe5982eca9da574927d6363363a497ce3683c479595c7233387f90e236c9,
fileman,FileRead,269,/O2 /Ob2 /G5 /MD,gog_128_base,18a74ff61c65b8a2d4cfa11ffce82ad7fef022a94eaf0c2f217e479e981420d2,absent-or-stripped,,0,0.000000,74b8fe5982eca9da574927d6363363a497ce3683c479595c7233387f90e236c9,
fileman,FileRead,269,/O2 /Ob2 /G5 /MD,gog_128_patch,fdca6d9cd0940034191e82b8e2900de26bb25e381c74128dcb8967360a9fb824,unavailable,,0,0.000000,74b8fe5982eca9da574927d6363363a497ce3683c479595c7233387f90e236c9,no-text-section
fileman,FileRead,269,/O2 /Ob2 /G5 /MD,retail_2001_12_23,c3639d43568a1ed233be85c6b3b8129b1a4661e65717220e0514c815aa972edd,unavailable,,0,0.000000,74b8fe5982eca9da574927d6363363a497ce3683c479595c7233387f90e236c9,protected-executable
fileman,FileSeek,146,/O2 /Ob2 /G5 /MD,demo,8acda50afe39f7e6a867272300a09463fd94aed9a510008fcdefc662143346e4,relocation-equivalent,004050a0,1,1.000000,8813c101ecd0b7662b0339634f568409237bff906934a6bc5e4fa72d0c47e14d,
fileman,FileSeek,146,/O2 /Ob2 /G5 /MD,gog_base,18a74ff61c65b8a2d4cfa11ffce82ad7fef022a94eaf0c2f217e479e981420d2,relocation-equivalent,00405030,1,1.000000,8813c101ecd0b7662b0339634f568409237bff906934a6bc5e4fa72d0c47e14d,
fileman,FileSeek,146,/O2 /Ob2 /G5 /MD,gog_1261,18a74ff61c65b8a2d4cfa11ffce82ad7fef022a94eaf0c2f217e479e981420d2,relocation-equivalent,00405030,1,1.000000,8813c101ecd0b7662b0339634f568409237bff906934a6bc5e4fa72d0c47e14d,
fileman,FileSeek,146,/O2 /Ob2 /G5 /MD,gog_1261_new,57a3072c2f8307de84e2f54ac58d3fcd7cf3cef18088bf0f0fdec2ac9202b2b1,relocation-equivalent,00405030,1,1.000000,8813c101ecd0b7662b0339634f568409237bff906934a6bc5e4fa72d0c47e14d,
fileman,FileSeek,146,/O2 /Ob2 /G5 /MD,gog_128_base,18a74ff61c65b8a2d4cfa11ffce82ad7fef022a94eaf0c2f217e479e981420d2,relocation-equivalent,00405030,1,1.000000,8813c101ecd0b7662b0339634f568409237bff906934a6bc5e4fa72d0c47e14d,
fileman,FileSeek,146,/O2 /Ob2 /G5 /MD,gog_128_patch,fdca6d9cd0940034191e82b8e2900de26bb25e381c74128dcb8967360a9fb824,unavailable,,0,0.000000,8813c101ecd0b7662b0339634f568409237bff906934a6bc5e4fa72d0c47e14d,no-text-section
fileman,FileSeek,146,/O2 /Ob2 /G5 /MD,retail_2001_12_23,c3639d43568a1ed233be85c6b3b8129b1a4661e65717220e0514c815aa972edd,unavailable,,0,0.000000,8813c101ecd0b7662b0339634f568409237bff906934a6bc5e4fa72d0c47e14d,protected-executable
fileman,FileSetAttributes,73,/O2 /Ob2 /G5 /MD,demo,8acda50afe39f7e6a867272300a09463fd94aed9a510008fcdefc662143346e4,absent-or-stripped,,0,0.000000,5c2ed70da54386c7d0b14728825960de01f2b542d0ae4875ecafa505825d44c6,
fileman,FileSetAttributes,73,/O2 /Ob2 /G5 /MD,gog_base,18a74ff61c65b8a2d4cfa11ffce82ad7fef022a94eaf0c2f217e479e981420d2,absent-or-stripped,,0,0.000000,5c2ed70da54386c7d0b14728825960de01f2b542d0ae4875ecafa505825d44c6,
fileman,FileSetAttributes,73,/O2 /Ob2 /G5 /MD,gog_1261,18a74ff61c65b8a2d4cfa11ffce82ad7fef022a94eaf0c2f217e479e981420d2,absent-or-stripped,,0,0.000000,5c2ed70da54386c7d0b14728825960de01f2b542d0ae4875ecafa505825d44c6,
fileman,FileSetAttributes,73,/O2 /Ob2 /G5 /MD,gog_1261_new,57a3072c2f8307de84e2f54ac58d3fcd7cf3cef18088bf0f0fdec2ac9202b2b1,absent-or-stripped,,0,0.000000,5c2ed70da54386c7d0b14728825960de01f2b542d0ae4875ecafa505825d44c6,
fileman,FileSetAttributes,73,/O2 /Ob2 /G5 /MD,gog_128_base,18a74ff61c65b8a2d4cfa11ffce82ad7fef022a94eaf0c2f217e479e981420d2,absent-or-stripped,,0,0.000000,5c2ed70da54386c7d0b14728825960de01f2b542d0ae4875ecafa505825d44c6,
fileman,FileSetAttributes,73,/O2 /Ob2 /G5 /MD,gog_128_patch,fdca6d9cd0940034191e82b8e2900de26bb25e381c74128dcb8967360a9fb824,unavailable,,0,0.000000,5c2ed70da54386c7d0b14728825960de01f2b542d0ae4875ecafa505825d44c6,no-text-section
fileman,FileSetAttributes,73,/O2 /Ob2 /G5 /MD,retail_2001_12_23,c3639d43568a1ed233be85c6b3b8129b1a4661e65717220e0514c815aa972edd,unavailable,,0,0.000000,5c2ed70da54386c7d0b14728825960de01f2b542d0ae4875ecafa505825d44c6,protected-executable
fileman,FileSize,276,/O2 /Ob2 /G5 /MD,demo,8acda50afe39f7e6a867272300a09463fd94aed9a510008fcdefc662143346e4,absent-or-stripped,,0,0.000000,0bb161ef3ce6f7cd13ffef5b8ef60f07e4919e137e0d45cb77176498fc4ac2ee,
fileman,FileSize,276,/O2 /Ob2 /G5 /MD,gog_base,18a74ff61c65b8a2d4cfa11ffce82ad7fef022a94eaf0c2f217e479e981420d2,absent-or-stripped,,0,0.000000,0bb161ef3ce6f7cd13ffef5b8ef60f07e4919e137e0d45cb77176498fc4ac2ee,
fileman,FileSize,276,/O2 /Ob2 /G5 /MD,gog_1261,18a74ff61c65b8a2d4cfa11ffce82ad7fef022a94eaf0c2f217e479e981420d2,absent-or-stripped,,0,0.000000,0bb161ef3ce6f7cd13ffef5b8ef60f07e4919e137e0d45cb77176498fc4ac2ee,
fileman,FileSize,276,/O2 /Ob2 /G5 /MD,gog_1261_new,57a3072c2f8307de84e2f54ac58d3fcd7cf3cef18088bf0f0fdec2ac9202b2b1,absent-or-stripped,,0,0.000000,0bb161ef3ce6f7cd13ffef5b8ef60f07e4919e137e0d45cb77176498fc4ac2ee,
fileman,FileSize,276,/O2 /Ob2 /G5 /MD,gog_128_base,18a74ff61c65b8a2d4cfa11ffce82ad7fef022a94eaf0c2f217e479e981420d2,absent-or-stripped,,0,0.000000,0bb161ef3ce6f7cd13ffef5b8ef60f07e4919e137e0d45cb77176498fc4ac2ee,
fileman,FileSize,276,/O2 /Ob2 /G5 /MD,gog_128_patch,fdca6d9cd0940034191e82b8e2900de26bb25e381c74128dcb8967360a9fb824,unavailable,,0,0.000000,0bb161ef3ce6f7cd13ffef5b8ef60f07e4919e137e0d45cb77176498fc4ac2ee,no-text-section
fileman,FileSize,276,/O2 /Ob2 /G5 /MD,retail_2001_12_23,c3639d43568a1ed233be85c6b3b8129b1a4661e65717220e0514c815aa972edd,unavailable,,0,0.000000,0bb161ef3ce6f7cd13ffef5b8ef60f07e4919e137e0d45cb77176498fc4ac2ee,protected-executable
fileman,FileWrite,119,/O2 /Ob2 /G5 /MD,demo,8acda50afe39f7e6a867272300a09463fd94aed9a510008fcdefc662143346e4,relocation-equivalent,00405020,1,1.000000,d69c4fa41499b8bfe509ff53360913124ed86ff63edfc901b61b4c29d8eb6e11,
fileman,FileWrite,119,/O2 /Ob2 /G5 /MD,gog_base,18a74ff61c65b8a2d4cfa11ffce82ad7fef022a94eaf0c2f217e479e981420d2,relocation-equivalent,00404fb0,1,1.000000,d69c4fa41499b8bfe509ff53360913124ed86ff63edfc901b61b4c29d8eb6e11,
fileman,FileWrite,119,/O2 /Ob2 /G5 /MD,gog_1261,18a74ff61c65b8a2d4cfa11ffce82ad7fef022a94eaf0c2f217e479e981420d2,relocation-equivalent,00404fb0,1,1.000000,d69c4fa41499b8bfe509ff53360913124ed86ff63edfc901b61b4c29d8eb6e11,
fileman,FileWrite,119,/O2 /Ob2 /G5 /MD,gog_1261_new,57a3072c2f8307de84e2f54ac58d3fcd7cf3cef18088bf0f0fdec2ac9202b2b1,relocation-equivalent,00404fb0,1,1.000000,d69c4fa41499b8bfe509ff53360913124ed86ff63edfc901b61b4c29d8eb6e11,
fileman,FileWrite,119,/O2 /Ob2 /G5 /MD,gog_128_base,18a74ff61c65b8a2d4cfa11ffce82ad7fef022a94eaf0c2f217e479e981420d2,relocation-equivalent,00404fb0,1,1.000000,d69c4fa41499b8bfe509ff53360913124ed86ff63edfc901b61b4c29d8eb6e11,
fileman,FileWrite,119,/O2 /Ob2 /G5 /MD,gog_128_patch,fdca6d9cd0940034191e82b8e2900de26bb25e381c74128dcb8967360a9fb824,unavailable,,0,0.000000,d69c4fa41499b8bfe509ff53360913124ed86ff63edfc901b61b4c29d8eb6e11,no-text-section
fileman,FileWrite,119,/O2 /Ob2 /G5 /MD,retail_2001_12_23,c3639d43568a1ed233be85c6b3b8129b1a4661e65717220e0514c815aa972edd,unavailable,,0,0.000000,d69c4fa41499b8bfe509ff53360913124ed86ff63edfc901b61b4c29d8eb6e11,protected-executable
fileman,GetExecutableDirectory,102,/O2 /Ob2 /G5 /MD,demo,8acda50afe39f7e6a867272300a09463fd94aed9a510008fcdefc662143346e4,relocation-equivalent,00405270,1,1.000000,ba8d8661477873c94ea67793d34bf64bda0e4ba4d1711e5c0b284b389d3d3471,
fileman,GetExecutableDirectory,102,/O2 /Ob2 /G5 /MD,gog_base,18a74ff61c65b8a2d4cfa11ffce82ad7fef022a94eaf0c2f217e479e981420d2,relocation-equivalent,00405200,1,1.000000,ba8d8661477873c94ea67793d34bf64bda0e4ba4d1711e5c0b284b389d3d3471,
fileman,GetExecutableDirectory,102,/O2 /Ob2 /G5 /MD,gog_1261,18a74ff61c65b8a2d4cfa11ffce82ad7fef022a94eaf0c2f217e479e981420d2,relocation-equivalent,00405200,1,1.000000,ba8d8661477873c94ea67793d34bf64bda0e4ba4d1711e5c0b284b389d3d3471,
fileman,GetExecutableDirectory,102,/O2 /Ob2 /G5 /MD,gog_1261_new,57a3072c2f8307de84e2f54ac58d3fcd7cf3cef18088bf0f0fdec2ac9202b2b1,relocation-equivalent,00405200,1,1.000000,ba8d8661477873c94ea67793d34bf64bda0e4ba4d1711e5c0b284b389d3d3471,
fileman,GetExecutableDirectory,102,/O2 /Ob2 /G5 /MD,gog_128_base,18a74ff61c65b8a2d4cfa11ffce82ad7fef022a94eaf0c2f217e479e981420d2,relocation-equivalent,00405200,1,1.000000,ba8d8661477873c94ea67793d34bf64bda0e4ba4d1711e5c0b284b389d3d3471,
fileman,GetExecutableDirectory,102,/O2 /Ob2 /G5 /MD,gog_128_patch,fdca6d9cd0940034191e82b8e2900de26bb25e381c74128dcb8967360a9fb824,unavailable,,0,0.000000,ba8d8661477873c94ea67793d34bf64bda0e4ba4d1711e5c0b284b389d3d3471,no-text-section
fileman,GetExecutableDirectory,102,/O2 /Ob2 /G5 /MD,retail_2001_12_23,c3639d43568a1ed233be85c6b3b8129b1a4661e65717220e0514c815aa972edd,unavailable,,0,0.000000,ba8d8661477873c94ea67793d34bf64bda0e4ba4d1711e5c0b284b389d3d3471,protected-executable
fileman,GetFileClose,49,/O2 /Ob2 /G5 /MD,demo,8acda50afe39f7e6a867272300a09463fd94aed9a510008fcdefc662143346e4,relocation-equivalent,004053c0,1,1.000000,3eb85835f76b3c46cc5cbc91421eb8fc9145f18cd6d17c252b96113a5f3562f6,
fileman,GetFileClose,49,/O2 /Ob2 /G5 /MD,gog_base,18a74ff61c65b8a2d4cfa11ffce82ad7fef022a94eaf0c2f217e479e981420d2,relocation-equivalent,00405350,1,1.000000,3eb85835f76b3c46cc5cbc91421eb8fc9145f18cd6d17c252b96113a5f3562f6,
fileman,GetFileClose,49,/O2 /Ob2 /G5 /MD,gog_1261,18a74ff61c65b8a2d4cfa11ffce82ad7fef022a94eaf0c2f217e479e981420d2,relocation-equivalent,00405350,1,1.000000,3eb85835f76b3c46cc5cbc91421eb8fc9145f18cd6d17c252b96113a5f3562f6,
fileman,GetFileClose,49,/O2 /Ob2 /G5 /MD,gog_1261_new,57a3072c2f8307de84e2f54ac58d3fcd7cf3cef18088bf0f0fdec2ac9202b2b1,relocation-equivalent,00405350,1,1.000000,3eb85835f76b3c46cc5cbc91421eb8fc9145f18cd6d17c252b96113a5f3562f6,
fileman,GetFileClose,49,/O2 /Ob2 /G5 /MD,gog_128_base,18a74ff61c65b8a2d4cfa11ffce82ad7fef022a94eaf0c2f217e479e981420d2,relocation-equivalent,00405350,1,1.000000,3eb85835f76b3c46cc5cbc91421eb8fc9145f18cd6d17c252b96113a5f3562f6,
fileman,GetFileClose,49,/O2 /Ob2 /G5 /MD,gog_128_patch,fdca6d9cd0940034191e82b8e2900de26bb25e381c74128dcb8967360a9fb824,unavailable,,0,0.000000,3eb85835f76b3c46cc5cbc91421eb8fc9145f18cd6d17c252b96113a5f3562f6,no-text-section
fileman,GetFileClose,49,/O2 /Ob2 /G5 /MD,retail_2001_12_23,c3639d43568a1ed233be85c6b3b8129b1a4661e65717220e0514c815aa972edd,unavailable,,0,0.000000,3eb85835f76b3c46cc5cbc91421eb8fc9145f18cd6d17c252b96113a5f3562f6,protected-executable
fileman,GetFileFirst,132,/O2 /Ob2 /G5 /MD,demo,8acda50afe39f7e6a867272300a09463fd94aed9a510008fcdefc662143346e4,relocation-equivalent,004052e0,1,1.000000,c1da91731b6b6114c9c9c0628da706e2943c5c22876cbf03c18a05bea757f7bf,
fileman,GetFileFirst,132,/O2 /Ob2 /G5 /MD,gog_base,18a74ff61c65b8a2d4cfa11ffce82ad7fef022a94eaf0c2f217e479e981420d2,relocation-equivalent,00405270,1,1.000000,c1da91731b6b6114c9c9c0628da706e2943c5c22876cbf03c18a05bea757f7bf,
fileman,GetFileFirst,132,/O2 /Ob2 /G5 /MD,gog_1261,18a74ff61c65b8a2d4cfa11ffce82ad7fef022a94eaf0c2f217e479e981420d2,relocation-equivalent,00405270,1,1.000000,c1da91731b6b6114c9c9c0628da706e2943c5c22876cbf03c18a05bea757f7bf,
fileman,GetFileFirst,132,/O2 /Ob2 /G5 /MD,gog_1261_new,57a3072c2f8307de84e2f54ac58d3fcd7cf3cef18088bf0f0fdec2ac9202b2b1,near-source-with-wiz8-modifications,00405270,1,0.990741,c1da91731b6b6114c9c9c0628da706e2943c5c22876cbf03c18a05bea757f7bf,
fileman,GetFileFirst,132,/O2 /Ob2 /G5 /MD,gog_128_base,18a74ff61c65b8a2d4cfa11ffce82ad7fef022a94eaf0c2f217e479e981420d2,relocation-equivalent,00405270,1,1.000000,c1da91731b6b6114c9c9c0628da706e2943c5c22876cbf03c18a05bea757f7bf,
fileman,GetFileFirst,132,/O2 /Ob2 /G5 /MD,gog_128_patch,fdca6d9cd0940034191e82b8e2900de26bb25e381c74128dcb8967360a9fb824,unavailable,,0,0.000000,c1da91731b6b6114c9c9c0628da706e2943c5c22876cbf03c18a05bea757f7bf,no-text-section
fileman,GetFileFirst,132,/O2 /Ob2 /G5 /MD,retail_2001_12_23,c3639d43568a1ed233be85c6b3b8129b1a4661e65717220e0514c815aa972edd,unavailable,,0,0.000000,c1da91731b6b6114c9c9c0628da706e2943c5c22876cbf03c18a05bea757f7bf,protected-executable
fileman,GetFileManCurrentDirectory,22,/O2 /Ob2 /G5 /MD,demo,8acda50afe39f7e6a867272300a09463fd94aed9a510008fcdefc662143346e4,absent-or-stripped,,0,0.000000,4a9832e56173200a9155a4d3de0af2905fbd88c4d0905c0af8733d1e789b9f24,
fileman,GetFileManCurrentDirectory,22,/O2 /Ob2 /G5 /MD,gog_base,18a74ff61c65b8a2d4cfa11ffce82ad7fef022a94eaf0c2f217e479e981420d2,absent-or-stripped,,0,0.000000,4a9832e56173200a9155a4d3de0af2905fbd88c4d0905c0af8733d1e789b9f24,
fileman,GetFileManCurrentDirectory,22,/O2 /Ob2 /G5 /MD,gog_1261,18a74ff61c65b8a2d4cfa11ffce82ad7fef022a94eaf0c2f217e479e981420d2,absent-or-stripped,,0,0.000000,4a9832e56173200a9155a4d3de0af2905fbd88c4d0905c0af8733d1e789b9f24,
fileman,GetFileManCurrentDirectory,22,/O2 /Ob2 /G5 /MD,gog_1261_new,57a3072c2f8307de84e2f54ac58d3fcd7cf3cef18088bf0f0fdec2ac9202b2b1,absent-or-stripped,,0,0.000000,4a9832e56173200a9155a4d3de0af2905fbd88c4d0905c0af8733d1e789b9f24,
fileman,GetFileManCurrentDirectory,22,/O2 /Ob2 /G5 /MD,gog_128_base,18a74ff61c65b8a2d4cfa11ffce82ad7fef022a94eaf0c2f217e479e981420d2,absent-or-stripped,,0,0.000000,4a9832e56173200a9155a4d3de0af2905fbd88c4d0905c0af8733d1e789b9f24,
fileman,GetFileManCurrentDirectory,22,/O2 /Ob2 /G5 /MD,gog_128_patch,fdca6d9cd0940034191e82b8e2900de26bb25e381c74128dcb8967360a9fb824,unavailable,,0,0.000000,4a9832e56173200a9155a4d3de0af2905fbd88c4d0905c0af8733d1e789b9f24,no-text-section
fileman,GetFileManCurrentDirectory,22,/O2 /Ob2 /G5 /MD,retail_2001_12_23,c3639d43568a1ed233be85c6b3b8129b1a4661e65717220e0514c815aa972edd,unavailable,,0,0.000000,4a9832e56173200a9155a4d3de0af2905fbd88c4d0905c0af8733d1e789b9f24,protected-executable
fileman,GetFileManFileTime,233,/O2 /Ob2 /G5 /MD,demo,8acda50afe39f7e6a867272300a09463fd94aed9a510008fcdefc662143346e4,absent-or-stripped,,0,0.000000,ef8503a2396638fe66d05b095e321c23581580e4694d1d9420f050b123e8d887,
fileman,GetFileManFileTime,233,/O2 /Ob2 /G5 /MD,gog_base,18a74ff61c65b8a2d4cfa11ffce82ad7fef022a94eaf0c2f217e479e981420d2,absent-or-stripped,,0,0.000000,ef8503a2396638fe66d05b095e321c23581580e4694d1d9420f050b123e8d887,
fileman,GetFileManFileTime,233,/O2 /Ob2 /G5 /MD,gog_1261,18a74ff61c65b8a2d4cfa11ffce82ad7fef022a94eaf0c2f217e479e981420d2,absent-or-stripped,,0,0.000000,ef8503a2396638fe66d05b095e321c23581580e4694d1d9420f050b123e8d887,
fileman,GetFileManFileTime,233,/O2 /Ob2 /G5 /MD,gog_1261_new,57a3072c2f8307de84e2f54ac58d3fcd7cf3cef18088bf0f0fdec2ac9202b2b1,absent-or-stripped,,0,0.000000,ef8503a2396638fe66d05b095e321c23581580e4694d1d9420f050b123e8d887,
fileman,GetFileManFileTime,233,/O2 /Ob2 /G5 /MD,gog_128_base,18a74ff61c65b8a2d4cfa11ffce82ad7fef022a94eaf0c2f217e479e981420d2,absent-or-stripped,,0,0.000000,ef8503a2396638fe66d05b095e321c23581580e4694d1d9420f050b123e8d887,
fileman,GetFileManFileTime,233,/O2 /Ob2 /G5 /MD,gog_128_patch,fdca6d9cd0940034191e82b8e2900de26bb25e381c74128dcb8967360a9fb824,unavailable,,0,0.000000,ef8503a2396638fe66d05b095e321c23581580e4694d1d9420f050b123e8d887,no-text-section
fileman,GetFileManFileTime,233,/O2 /Ob2 /G5 /MD,retail_2001_12_23,c3639d43568a1ed233be85c6b3b8129b1a4661e65717220e0514c815aa972edd,unavailable,,0,0.000000,ef8503a2396638fe66d05b095e321c23581580e4694d1d9420f050b123e8d887,protected-executable
fileman,GetFileNext,73,/O2 /Ob2 /G5 /MD,demo,8acda50afe39f7e6a867272300a09463fd94aed9a510008fcdefc662143346e4,relocation-equivalent,00405370,1,1.000000,3830b2e3cb13f2b7b94be63bac6f7caf226d4de495f168dbef2359ed1871f421,
fileman,GetFileNext,73,/O2 /Ob2 /G5 /MD,gog_base,18a74ff61c65b8a2d4cfa11ffce82ad7fef022a94eaf0c2f217e479e981420d2,relocation-equivalent,00405300,1,1.000000,3830b2e3cb13f2b7b94be63bac6f7caf226d4de495f168dbef2359ed1871f421,
fileman,GetFileNext,73,/O2 /Ob2 /G5 /MD,gog_1261,18a74ff61c65b8a2d4cfa11ffce82ad7fef022a94eaf0c2f217e479e981420d2,relocation-equivalent,00405300,1,1.000000,3830b2e3cb13f2b7b94be63bac6f7caf226d4de495f168dbef2359ed1871f421,
fileman,GetFileNext,73,/O2 /Ob2 /G5 /MD,gog_1261_new,57a3072c2f8307de84e2f54ac58d3fcd7cf3cef18088bf0f0fdec2ac9202b2b1,relocation-equivalent,00405300,1,1.000000,3830b2e3cb13f2b7b94be63bac6f7caf226d4de495f168dbef2359ed1871f421,
fileman,GetFileNext,73,/O2 /Ob2 /G5 /MD,gog_128_base,18a74ff61c65b8a2d4cfa11ffce82ad7fef022a94eaf0c2f217e479e981420d2,relocation-equivalent,00405300,1,1.000000,3830b2e3cb13f2b7b94be63bac6f7caf226d4de495f168dbef2359ed1871f421,
fileman,GetFileNext,73,/O2 /Ob2 /G5 /MD,gog_128_patch,fdca6d9cd0940034191e82b8e2900de26bb25e381c74128dcb8967360a9fb824,unavailable,,0,0.000000,3830b2e3cb13f2b7b94be63bac6f7caf226d4de495f168dbef2359ed1871f421,no-text-section
fileman,GetFileNext,73,/O2 /Ob2 /G5 /MD,retail_2001_12_23,c3639d43568a1ed233be85c6b3b8129b1a4661e65717220e0514c815aa972edd,unavailable,,0,0.000000,3830b2e3cb13f2b7b94be63bac6f7caf226d4de495f168dbef2359ed1871f421,protected-executable
fileman,GetFilesInDirectory,565,/O2 /Ob2 /G5 /MD,demo,8acda50afe39f7e6a867272300a09463fd94aed9a510008fcdefc662143346e4,absent-or-stripped,,0,0.000000,dceba49b5c317bedeb94f533fac2a81b9981521281a8b650f844ce8add185576,
fileman,GetFilesInDirectory,565,/O2 /Ob2 /G5 /MD,gog_base,18a74ff61c65b8a2d4cfa11ffce82ad7fef022a94eaf0c2f217e479e981420d2,absent-or-stripped,,0,0.000000,dceba49b5c317bedeb94f533fac2a81b9981521281a8b650f844ce8add185576,
fileman,GetFilesInDirectory,565,/O2 /Ob2 /G5 /MD,gog_1261,18a74ff61c65b8a2d4cfa11ffce82ad7fef022a94eaf0c2f217e479e981420d2,absent-or-stripped,,0,0.000000,dceba49b5c317bedeb94f533fac2a81b9981521281a8b650f844ce8add185576,
fileman,GetFilesInDirectory,565,/O2 /Ob2 /G5 /MD,gog_1261_new,57a3072c2f8307de84e2f54ac58d3fcd7cf3cef18088bf0f0fdec2ac9202b2b1,absent-or-stripped,,0,0.000000,dceba49b5c317bedeb94f533fac2a81b9981521281a8b650f844ce8add185576,
fileman,GetFilesInDirectory,565,/O2 /Ob2 /G5 /MD,gog_128_base,18a74ff61c65b8a2d4cfa11ffce82ad7fef022a94eaf0c2f217e479e981420d2,absent-or-stripped,,0,0.000000,dceba49b5c317bedeb94f533fac2a81b9981521281a8b650f844ce8add185576,
fileman,GetFilesInDirectory,565,/O2 /Ob2 /G5 /MD,gog_128_patch,fdca6d9cd0940034191e82b8e2900de26bb25e381c74128dcb8967360a9fb824,unavailable,,0,0.000000,dceba49b5c317bedeb94f533fac2a81b9981521281a8b650f844ce8add185576,no-text-section
fileman,GetFilesInDirectory,565,/O2 /Ob2 /G5 /MD,retail_2001_12_23,c3639d43568a1ed233be85c6b3b8129b1a4661e65717220e0514c815aa972edd,unavailable,,0,0.000000,dceba49b5c317bedeb94f533fac2a81b9981521281a8b650f844ce8add185576,protected-executable
fileman,GetFreeSpaceOnHardDrive,129,/O2 /Ob2 /G5 /MD,demo,8acda50afe39f7e6a867272300a09463fd94aed9a510008fcdefc662143346e4,absent-or-stripped,,0,0.000000,9558f7889707a0d23b207322a75de03dbc47404e6a615152f228c44a3528e576,
fileman,GetFreeSpaceOnHardDrive,129,/O2 /Ob2 /G5 /MD,gog_base,18a74ff61c65b8a2d4cfa11ffce82ad7fef022a94eaf0c2f217e479e981420d2,absent-or-stripped,,0,0.000000,9558f7889707a0d23b207322a75de03dbc47404e6a615152f228c44a3528e576,
fileman,GetFreeSpaceOnHardDrive,129,/O2 /Ob2 /G5 /MD,gog_1261,18a74ff61c65b8a2d4cfa11ffce82ad7fef022a94eaf0c2f217e479e981420d2,absent-or-stripped,,0,0.000000,9558f7889707a0d23b207322a75de03dbc47404e6a615152f228c44a3528e576,
fileman,GetFreeSpaceOnHardDrive,129,/O2 /Ob2 /G5 /MD,gog_1261_new,57a3072c2f8307de84e2f54ac58d3fcd7cf3cef18088bf0f0fdec2ac9202b2b1,absent-or-stripped,,0,0.000000,9558f7889707a0d23b207322a75de03dbc47404e6a615152f228c44a3528e576,
fileman,GetFreeSpaceOnHardDrive,129,/O2 /Ob2 /G5 /MD,gog_128_base,18a74ff61c65b8a2d4cfa11ffce82ad7fef022a94eaf0c2f217e479e981420d2,absent-or-stripped,,0,0.000000,9558f7889707a0d23b207322a75de03dbc47404e6a615152f228c44a3528e576,
fileman,GetFreeSpaceOnHardDrive,129,/O2 /Ob2 /G5 /MD,gog_128_patch,fdca6d9cd0940034191e82b8e2900de26bb25e381c74128dcb8967360a9fb824,unavailable,,0,0.000000,9558f7889707a0d23b207322a75de03dbc47404e6a615152f228c44a3528e576,no-text-section
fileman,GetFreeSpaceOnHardDrive,129,/O2 /Ob2 /G5 /MD,retail_2001_12_23,c3639d43568a1ed233be85c6b3b8129b1a4661e65717220e0514c815aa972edd,unavailable,,0,0.000000,9558f7889707a0d23b207322a75de03dbc47404e6a615152f228c44a3528e576,protected-executable
fileman,GetFreeSpaceOnHardDriveWhereGameIsRunningFrom,304,/O2 /Ob2 /G5 /MD,demo,8acda50afe39f7e6a867272300a09463fd94aed9a510008fcdefc662143346e4,absent-or-stripped,,0,0.000000,380015e0de66ea1fe9f8d559a7fe9e3629d36e17658d0f0ae3c689527189ca80,
fileman,GetFreeSpaceOnHardDriveWhereGameIsRunningFrom,304,/O2 /Ob2 /G5 /MD,gog_base,18a74ff61c65b8a2d4cfa11ffce82ad7fef022a94eaf0c2f217e479e981420d2,absent-or-stripped,,0,0.000000,380015e0de66ea1fe9f8d559a7fe9e3629d36e17658d0f0ae3c689527189ca80,
fileman,GetFreeSpaceOnHardDriveWhereGameIsRunningFrom,304,/O2 /Ob2 /G5 /MD,gog_1261,18a74ff61c65b8a2d4cfa11ffce82ad7fef022a94eaf0c2f217e479e981420d2,absent-or-stripped,,0,0.000000,380015e0de66ea1fe9f8d559a7fe9e3629d36e17658d0f0ae3c689527189ca80,
fileman,GetFreeSpaceOnHardDriveWhereGameIsRunningFrom,304,/O2 /Ob2 /G5 /MD,gog_1261_new,57a3072c2f8307de84e2f54ac58d3fcd7cf3cef18088bf0f0fdec2ac9202b2b1,absent-or-stripped,,0,0.000000,380015e0de66ea1fe9f8d559a7fe9e3629d36e17658d0f0ae3c689527189ca80,
fileman,GetFreeSpaceOnHardDriveWhereGameIsRunningFrom,304,/O2 /Ob2 /G5 /MD,gog_128_base,18a74ff61c65b8a2d4cfa11ffce82ad7fef022a94eaf0c2f217e479e981420d2,absent-or-stripped,,0,0.000000,380015e0de66ea1fe9f8d559a7fe9e3629d36e17658d0f0ae3c689527189ca80,
fileman,GetFreeSpaceOnHardDriveWhereGameIsRunningFrom,304,/O2 /Ob2 /G5 /MD,gog_128_patch,fdca6d9cd0940034191e82b8e2900de26bb25e381c74128dcb8967360a9fb824,unavailable,,0,0.000000,380015e0de66ea1fe9f8d559a7fe9e3629d36e17658d0f0ae3c689527189ca80,no-text-section
fileman,GetFreeSpaceOnHardDriveWhereGameIsRunningFrom,304,/O2 /Ob2 /G5 /MD,retail_2001_12_23,c3639d43568a1ed233be85c6b3b8129b1a4661e65717220e0514c815aa972edd,unavailable,,0,0.000000,380015e0de66ea1fe9f8d559a7fe9e3629d36e17658d0f0ae3c689527189ca80,protected-executable
fileman,GetHandleToRealFile,69,/O2 /Ob2 /G5 /MD,demo,8acda50afe39f7e6a867272300a09463fd94aed9a510008fcdefc662143346e4,absent-or-stripped,,0,0.000000,d0fff59bffe580013807869566f0183359f556a094e832343b8af1c9321c3b5e,
fileman,GetHandleToRealFile,69,/O2 /Ob2 /G5 /MD,gog_base,18a74ff61c65b8a2d4cfa11ffce82ad7fef022a94eaf0c2f217e479e981420d2,absent-or-stripped,,0,0.000000,d0fff59bffe580013807869566f0183359f556a094e832343b8af1c9321c3b5e,
fileman,GetHandleToRealFile,69,/O2 /Ob2 /G5 /MD,gog_1261,18a74ff61c65b8a2d4cfa11ffce82ad7fef022a94eaf0c2f217e479e981420d2,absent-or-stripped,,0,0.000000,d0fff59bffe580013807869566f0183359f556a094e832343b8af1c9321c3b5e,
fileman,GetHandleToRealFile,69,/O2 /Ob2 /G5 /MD,gog_1261_new,57a3072c2f8307de84e2f54ac58d3fcd7cf3cef18088bf0f0fdec2ac9202b2b1,absent-or-stripped,,0,0.000000,d0fff59bffe580013807869566f0183359f556a094e832343b8af1c9321c3b5e,
fileman,GetHandleToRealFile,69,/O2 /Ob2 /G5 /MD,gog_128_base,18a74ff61c65b8a2d4cfa11ffce82ad7fef022a94eaf0c2f217e479e981420d2,absent-or-stripped,,0,0.000000,d0fff59bffe580013807869566f0183359f556a094e832343b8af1c9321c3b5e,
fileman,GetHandleToRealFile,69,/O2 /Ob2 /G5 /MD,gog_128_patch,fdca6d9cd0940034191e82b8e2900de26bb25e381c74128dcb8967360a9fb824,unavailable,,0,0.000000,d0fff59bffe580013807869566f0183359f556a094e832343b8af1c9321c3b5e,no-text-section
fileman,GetHandleToRealFile,69,/O2 /Ob2 /G5 /MD,retail_2001_12_23,c3639d43568a1ed233be85c6b3b8129b1a4661e65717220e0514c815aa972edd,unavailable,,0,0.000000,d0fff59bffe580013807869566f0183359f556a094e832343b8af1c9321c3b5e,protected-executable
fileman,GetRealFileHandleFromFileManFileHandle,95,/O2 /Ob2 /G5 /MD,demo,8acda50afe39f7e6a867272300a09463fd94aed9a510008fcdefc662143346e4,absent-or-stripped,,0,0.000000,6219d9e990b908c8c21e11f041b91fceaf66d94611c706825271fb3c7a06cd77,
fileman,GetRealFileHandleFromFileManFileHandle,95,/O2 /Ob2 /G5 /MD,gog_base,18a74ff61c65b8a2d4cfa11ffce82ad7fef022a94eaf0c2f217e479e981420d2,absent-or-stripped,,0,0.000000,6219d9e990b908c8c21e11f041b91fceaf66d94611c706825271fb3c7a06cd77,
fileman,GetRealFileHandleFromFileManFileHandle,95,/O2 /Ob2 /G5 /MD,gog_1261,18a74ff61c65b8a2d4cfa11ffce82ad7fef022a94eaf0c2f217e479e981420d2,absent-or-stripped,,0,0.000000,6219d9e990b908c8c21e11f041b91fceaf66d94611c706825271fb3c7a06cd77,
fileman,GetRealFileHandleFromFileManFileHandle,95,/O2 /Ob2 /G5 /MD,gog_1261_new,57a3072c2f8307de84e2f54ac58d3fcd7cf3cef18088bf0f0fdec2ac9202b2b1,absent-or-stripped,,0,0.000000,6219d9e990b908c8c21e11f041b91fceaf66d94611c706825271fb3c7a06cd77,
fileman,GetRealFileHandleFromFileManFileHandle,95,/O2 /Ob2 /G5 /MD,gog_128_base,18a74ff61c65b8a2d4cfa11ffce82ad7fef022a94eaf0c2f217e479e981420d2,absent-or-stripped,,0,0.000000,6219d9e990b908c8c21e11f041b91fceaf66d94611c706825271fb3c7a06cd77,
fileman,GetRealFileHandleFromFileManFileHandle,95,/O2 /Ob2 /G5 /MD,gog_128_patch,fdca6d9cd0940034191e82b8e2900de26bb25e381c74128dcb8967360a9fb824,unavailable,,0,0.000000,6219d9e990b908c8c21e11f041b91fceaf66d94611c706825271fb3c7a06cd77,no-text-section
fileman,GetRealFileHandleFromFileManFileHandle,95,/O2 /Ob2 /G5 /MD,retail_2001_12_23,c3639d43568a1ed233be85c6b3b8129b1a4661e65717220e0514c815aa972edd,unavailable,,0,0.000000,6219d9e990b908c8c21e11f041b91fceaf66d94611c706825271fb3c7a06cd77,protected-executable
fileman,InitializeFileManager,3,/O2 /Ob2 /G5 /MD,demo,8acda50afe39f7e6a867272300a09463fd94aed9a510008fcdefc662143346e4,ambiguous-generic,,266,1.000000,e18aacce29affcdddaa5f641ac1ec12552e0fe9d066e6408941b1792818b8619,
fileman,InitializeFileManager,3,/O2 /Ob2 /G5 /MD,gog_base,18a74ff61c65b8a2d4cfa11ffce82ad7fef022a94eaf0c2f217e479e981420d2,ambiguous-generic,,267,1.000000,e18aacce29affcdddaa5f641ac1ec12552e0fe9d066e6408941b1792818b8619,
fileman,InitializeFileManager,3,/O2 /Ob2 /G5 /MD,gog_1261,18a74ff61c65b8a2d4cfa11ffce82ad7fef022a94eaf0c2f217e479e981420d2,ambiguous-generic,,267,1.000000,e18aacce29affcdddaa5f641ac1ec12552e0fe9d066e6408941b1792818b8619,
fileman,InitializeFileManager,3,/O2 /Ob2 /G5 /MD,gog_1261_new,57a3072c2f8307de84e2f54ac58d3fcd7cf3cef18088bf0f0fdec2ac9202b2b1,ambiguous-generic,,267,1.000000,e18aacce29affcdddaa5f641ac1ec12552e0fe9d066e6408941b1792818b8619,
fileman,InitializeFileManager,3,/O2 /Ob2 /G5 /MD,gog_128_base,18a74ff61c65b8a2d4cfa11ffce82ad7fef022a94eaf0c2f217e479e981420d2,ambiguous-generic,,267,1.000000,e18aacce29affcdddaa5f641ac1ec12552e0fe9d066e6408941b1792818b8619,
fileman,InitializeFileManager,3,/O2 /Ob2 /G5 /MD,gog_128_patch,fdca6d9cd0940034191e82b8e2900de26bb25e381c74128dcb8967360a9fb824,unavailable,,0,0.000000,e18aacce29affcdddaa5f641ac1ec12552e0fe9d066e6408941b1792818b8619,no-text-section
fileman,InitializeFileManager,3,/O2 /Ob2 /G5 /MD,retail_2001_12_23,c3639d43568a1ed233be85c6b3b8129b1a4661e65717220e0514c815aa972edd,unavailable,,0,0.000000,e18aacce29affcdddaa5f641ac1ec12552e0fe9d066e6408941b1792818b8619,protected-executable
fileman,MakeFileManDirectory,14,/O2 /Ob2 /G5 /MD,demo,8acda50afe39f7e6a867272300a09463fd94aed9a510008fcdefc662143346e4,relocation-equivalent,00405260,1,1.000000,a9ac7e39bcf2ba6a73d7dee83bec96796908c3adf1fe42914efc946d9359a46b,
fileman,MakeFileManDirectory,14,/O2 /Ob2 /G5 /MD,gog_base,18a74ff61c65b8a2d4cfa11ffce82ad7fef022a94eaf0c2f217e479e981420d2,relocation-equivalent,004051f0,1,1.000000,a9ac7e39bcf2ba6a73d7dee83bec96796908c3adf1fe42914efc946d9359a46b,
fileman,MakeFileManDirectory,14,/O2 /Ob2 /G5 /MD,gog_1261,18a74ff61c65b8a2d4cfa11ffce82ad7fef022a94eaf0c2f217e479e981420d2,relocation-equivalent,004051f0,1,1.000000,a9ac7e39bcf2ba6a73d7dee83bec96796908c3adf1fe42914efc946d9359a46b,
fileman,MakeFileManDirectory,14,/O2 /Ob2 /G5 /MD,gog_1261_new,57a3072c2f8307de84e2f54ac58d3fcd7cf3cef18088bf0f0fdec2ac9202b2b1,relocation-equivalent,004051f0,1,1.000000,a9ac7e39bcf2ba6a73d7dee83bec96796908c3adf1fe42914efc946d9359a46b,
fileman,MakeFileManDirectory,14,/O2 /Ob2 /G5 /MD,gog_128_base,18a74ff61c65b8a2d4cfa11ffce82ad7fef022a94eaf0c2f217e479e981420d2,relocation-equivalent,004051f0,1,1.000000,a9ac7e39bcf2ba6a73d7dee83bec96796908c3adf1fe42914efc946d9359a46b,
fileman,MakeFileManDirectory,14,/O2 /Ob2 /G5 /MD,gog_128_patch,fdca6d9cd0940034191e82b8e2900de26bb25e381c74128dcb8967360a9fb824,unavailable,,0,0.000000,a9ac7e39bcf2ba6a73d7dee83bec96796908c3adf1fe42914efc946d9359a46b,no-text-section
fileman,MakeFileManDirectory,14,/O2 /Ob2 /G5 /MD,retail_2001_12_23,c3639d43568a1ed233be85c6b3b8129b1a4661e65717220e0514c815aa972edd,unavailable,,0,0.000000,a9ac7e39bcf2ba6a73d7dee83bec96796908c3adf1fe42914efc946d9359a46b,protected-executable
fileman,RemoveFileManDirectory,371,/O2 /Ob2 /G5 /MD,demo,8acda50afe39f7e6a867272300a09463fd94aed9a510008fcdefc662143346e4,absent-or-stripped,,0,0.000000,177000f144d32d4d6b2caa1b8df855b60aff24576f7fd8bb73e446bfe3010543,
fileman,RemoveFileManDirectory,371,/O2 /Ob2 /G5 /MD,gog_base,18a74ff61c65b8a2d4cfa11ffce82ad7fef022a94eaf0c2f217e479e981420d2,absent-or-stripped,,0,0.000000,177000f144d32d4d6b2caa1b8df855b60aff24576f7fd8bb73e446bfe3010543,
fileman,RemoveFileManDirectory,371,/O2 /Ob2 /G5 /MD,gog_1261,18a74ff61c65b8a2d4cfa11ffce82ad7fef022a94eaf0c2f217e479e981420d2,absent-or-stripped,,0,0.000000,177000f144d32d4d6b2caa1b8df855b60aff24576f7fd8bb73e446bfe3010543,
fileman,RemoveFileManDirectory,371,/O2 /Ob2 /G5 /MD,gog_1261_new,57a3072c2f8307de84e2f54ac58d3fcd7cf3cef18088bf0f0fdec2ac9202b2b1,absent-or-stripped,,0,0.000000,177000f144d32d4d6b2caa1b8df855b60aff24576f7fd8bb73e446bfe3010543,
fileman,RemoveFileManDirectory,371,/O2 /Ob2 /G5 /MD,gog_128_base,18a74ff61c65b8a2d4cfa11ffce82ad7fef022a94eaf0c2f217e479e981420d2,absent-or-stripped,,0,0.000000,177000f144d32d4d6b2caa1b8df855b60aff24576f7fd8bb73e446bfe3010543,
fileman,RemoveFileManDirectory,371,/O2 /Ob2 /G5 /MD,gog_128_patch,fdca6d9cd0940034191e82b8e2900de26bb25e381c74128dcb8967360a9fb824,unavailable,,0,0.000000,177000f144d32d4d6b2caa1b8df855b60aff24576f7fd8bb73e446bfe3010543,no-text-section
fileman,RemoveFileManDirectory,371,/O2 /Ob2 /G5 /MD,retail_2001_12_23,c3639d43568a1ed233be85c6b3b8129b1a4661e65717220e0514c815aa972edd,unavailable,,0,0.000000,177000f144d32d4d6b2caa1b8df855b60aff24576f7fd8bb73e446bfe3010543,protected-executable
fileman,SetFileManCurrentDirectory,12,/O2 /Ob2 /G5 /MD,demo,8acda50afe39f7e6a867272300a09463fd94aed9a510008fcdefc662143346e4,ambiguous-generic,,2,1.000000,affed1bec2e0bbe9f34afb41a2c315445219c39640d96de70a2103cfcb5ecb5b,
fileman,SetFileManCurrentDirectory,12,/O2 /Ob2 /G5 /MD,gog_base,18a74ff61c65b8a2d4cfa11ffce82ad7fef022a94eaf0c2f217e479e981420d2,ambiguous-generic,,2,1.000000,affed1bec2e0bbe9f34afb41a2c315445219c39640d96de70a2103cfcb5ecb5b,
fileman,SetFileManCurrentDirectory,12,/O2 /Ob2 /G5 /MD,gog_1261,18a74ff61c65b8a2d4cfa11ffce82ad7fef022a94eaf0c2f217e479e981420d2,ambiguous-generic,,2,1.000000,affed1bec2e0bbe9f34afb41a2c315445219c39640d96de70a2103cfcb5ecb5b,
fileman,SetFileManCurrentDirectory,12,/O2 /Ob2 /G5 /MD,gog_1261_new,57a3072c2f8307de84e2f54ac58d3fcd7cf3cef18088bf0f0fdec2ac9202b2b1,ambiguous-generic,,2,1.000000,affed1bec2e0bbe9f34afb41a2c315445219c39640d96de70a2103cfcb5ecb5b,
fileman,SetFileManCurrentDirectory,12,/O2 /Ob2 /G5 /MD,gog_128_base,18a74ff61c65b8a2d4cfa11ffce82ad7fef022a94eaf0c2f217e479e981420d2,ambiguous-generic,,2,1.000000,affed1bec2e0bbe9f34afb41a2c315445219c39640d96de70a2103cfcb5ecb5b,
fileman,SetFileManCurrentDirectory,12,/O2 /Ob2 /G5 /MD,gog_128_patch,fdca6d9cd0940034191e82b8e2900de26bb25e381c74128dcb8967360a9fb824,unavailable,,0,0.000000,affed1bec2e0bbe9f34afb41a2c315445219c39640d96de70a2103cfcb5ecb5b,no-text-section
fileman,SetFileManCurrentDirectory,12,/O2 /Ob2 /G5 /MD,retail_2001_12_23,c3639d43568a1ed233be85c6b3b8129b1a4661e65717220e0514c815aa972edd,unavailable,,0,0.000000,affed1bec2e0bbe9f34afb41a2c315445219c39640d96de70a2103cfcb5ecb5b,protected-executable
fileman,ShutdownFileManager,1,/O2 /Ob2 /G5 /MD,demo,8acda50afe39f7e6a867272300a09463fd94aed9a510008fcdefc662143346e4,ambiguous-generic,,13271,1.000000,ae3f4619b0413d70d3004b9131c3752153074e45725be13b9a148978895e359e,
fileman,ShutdownFileManager,1,/O2 /Ob2 /G5 /MD,gog_base,18a74ff61c65b8a2d4cfa11ffce82ad7fef022a94eaf0c2f217e479e981420d2,ambiguous-generic,,13531,1.000000,ae3f4619b0413d70d3004b9131c3752153074e45725be13b9a148978895e359e,
fileman,ShutdownFileManager,1,/O2 /Ob2 /G5 /MD,gog_1261,18a74ff61c65b8a2d4cfa11ffce82ad7fef022a94eaf0c2f217e479e981420d2,ambiguous-generic,,13531,1.000000,ae3f4619b0413d70d3004b9131c3752153074e45725be13b9a148978895e359e,
fileman,ShutdownFileManager,1,/O2 /Ob2 /G5 /MD,gog_1261_new,57a3072c2f8307de84e2f54ac58d3fcd7cf3cef18088bf0f0fdec2ac9202b2b1,ambiguous-generic,,13531,1.000000,ae3f4619b0413d70d3004b9131c3752153074e45725be13b9a148978895e359e,
fileman,ShutdownFileManager,1,/O2 /Ob2 /G5 /MD,gog_128_base,18a74ff61c65b8a2d4cfa11ffce82ad7fef022a94eaf0c2f217e479e981420d2,ambiguous-generic,,13531,1.000000,ae3f4619b0413d70d3004b9131c3752153074e45725be13b9a148978895e359e,
fileman,ShutdownFileManager,1,/O2 /Ob2 /G5 /MD,gog_128_patch,fdca6d9cd0940034191e82b8e2900de26bb25e381c74128dcb8967360a9fb824,unavailable,,0,0.000000,ae3f4619b0413d70d3004b9131c3752153074e45725be13b9a148978895e359e,no-text-section
fileman,ShutdownFileManager,1,/O2 /Ob2 /G5 /MD,retail_2001_12_23,c3639d43568a1ed233be85c6b3b8129b1a4661e65717220e0514c815aa972edd,unavailable,,0,0.000000,ae3f4619b0413d70d3004b9131c3752153074e45725be13b9a148978895e359e,protected-executable
fileman,W32toSGPFileFind,308,/O2 /Ob2 /G5 /MD,demo,8acda50afe39f7e6a867272300a09463fd94aed9a510008fcdefc662143346e4,relocation-equivalent,00405400,1,1.000000,1f1dd5c5031fec3c09a464453d0e5712f660f416cd06af654b769ba606083247,
fileman,W32toSGPFileFind,308,/O2 /Ob2 /G5 /MD,gog_base,18a74ff61c65b8a2d4cfa11ffce82ad7fef022a94eaf0c2f217e479e981420d2,relocation-equivalent,00405390,1,1.000000,1f1dd5c5031fec3c09a464453d0e5712f660f416cd06af654b769ba606083247,
fileman,W32toSGPFileFind,308,/O2 /Ob2 /G5 /MD,gog_1261,18a74ff61c65b8a2d4cfa11ffce82ad7fef022a94eaf0c2f217e479e981420d2,relocation-equivalent,00405390,1,1.000000,1f1dd5c5031fec3c09a464453d0e5712f660f416cd06af654b769ba606083247,
fileman,W32toSGPFileFind,308,/O2 /Ob2 /G5 /MD,gog_1261_new,57a3072c2f8307de84e2f54ac58d3fcd7cf3cef18088bf0f0fdec2ac9202b2b1,relocation-equivalent,00405390,1,1.000000,1f1dd5c5031fec3c09a464453d0e5712f660f416cd06af654b769ba606083247,
fileman,W32toSGPFileFind,308,/O2 /Ob2 /G5 /MD,gog_128_base,18a74ff61c65b8a2d4cfa11ffce82ad7fef022a94eaf0c2f217e479e981420d2,relocation-equivalent,00405390,1,1.000000,1f1dd5c5031fec3c09a464453d0e5712f660f416cd06af654b769ba606083247,
fileman,W32toSGPFileFind,308,/O2 /Ob2 /G5 /MD,gog_128_patch,fdca6d9cd0940034191e82b8e2900de26bb25e381c74128dcb8967360a9fb824,unavailable,,0,0.000000,1f1dd5c5031fec3c09a464453d0e5712f660f416cd06af654b769ba606083247,no-text-section
fileman,W32toSGPFileFind,308,/O2 /Ob2 /G5 /MD,retail_2001_12_23,c3639d43568a1ed233be85c6b3b8129b1a4661e65717220e0514c815aa972edd,unavailable,,0,0.000000,1f1dd5c5031fec3c09a464453d0e5712f660f416cd06af654b769ba606083247,protected-executable
librarydatabase,AddSlashToPath,126,/O2 /Ob2 /G5 /MD,demo,8acda50afe39f7e6a867272300a09463fd94aed9a510008fcdefc662143346e4,absent-or-stripped,,0,0.000000,addd9f8b5da49075ad30fa5e0ca8705804fea24dae473d482037a86e5edaff48,
librarydatabase,AddSlashToPath,126,/O2 /Ob2 /G5 /MD,gog_base,18a74ff61c65b8a2d4cfa11ffce82ad7fef022a94eaf0c2f217e479e981420d2,absent-or-stripped,,0,0.000000,addd9f8b5da49075ad30fa5e0ca8705804fea24dae473d482037a86e5edaff48,
librarydatabase,AddSlashToPath,126,/O2 /Ob2 /G5 /MD,gog_1261,18a74ff61c65b8a2d4cfa11ffce82ad7fef022a94eaf0c2f217e479e981420d2,absent-or-stripped,,0,0.000000,addd9f8b5da49075ad30fa5e0ca8705804fea24dae473d482037a86e5edaff48,
librarydatabase,AddSlashToPath,126,/O2 /Ob2 /G5 /MD,gog_1261_new,57a3072c2f8307de84e2f54ac58d3fcd7cf3cef18088bf0f0fdec2ac9202b2b1,absent-or-stripped,,0,0.000000,addd9f8b5da49075ad30fa5e0ca8705804fea24dae473d482037a86e5edaff48,
librarydatabase,AddSlashToPath,126,/O2 /Ob2 /G5 /MD,gog_128_base,18a74ff61c65b8a2d4cfa11ffce82ad7fef022a94eaf0c2f217e479e981420d2,absent-or-stripped,,0,0.000000,addd9f8b5da49075ad30fa5e0ca8705804fea24dae473d482037a86e5edaff48,
librarydatabase,AddSlashToPath,126,/O2 /Ob2 /G5 /MD,gog_128_patch,fdca6d9cd0940034191e82b8e2900de26bb25e381c74128dcb8967360a9fb824,unavailable,,0,0.000000,addd9f8b5da49075ad30fa5e0ca8705804fea24dae473d482037a86e5edaff48,no-text-section
librarydatabase,AddSlashToPath,126,/O2 /Ob2 /G5 /MD,retail_2001_12_23,c3639d43568a1ed233be85c6b3b8129b1a4661e65717220e0514c815aa972edd,unavailable,,0,0.000000,addd9f8b5da49075ad30fa5e0ca8705804fea24dae473d482037a86e5edaff48,protected-executable
librarydatabase,CheckForLibraryExistence,47,/O2 /Ob2 /G5 /MD,demo,8acda50afe39f7e6a867272300a09463fd94aed9a510008fcdefc662143346e4,absent-or-stripped,,0,0.000000,704f004111a6828172e3a31ff2f41fef195790e9b587b3c8085cb0fe5e068ed8,
librarydatabase,CheckForLibraryExistence,47,/O2 /Ob2 /G5 /MD,gog_base,18a74ff61c65b8a2d4cfa11ffce82ad7fef022a94eaf0c2f217e479e981420d2,absent-or-stripped,,0,0.000000,704f004111a6828172e3a31ff2f41fef195790e9b587b3c8085cb0fe5e068ed8,
librarydatabase,CheckForLibraryExistence,47,/O2 /Ob2 /G5 /MD,gog_1261,18a74ff61c65b8a2d4cfa11ffce82ad7fef022a94eaf0c2f217e479e981420d2,absent-or-stripped,,0,0.000000,704f004111a6828172e3a31ff2f41fef195790e9b587b3c8085cb0fe5e068ed8,
librarydatabase,CheckForLibraryExistence,47,/O2 /Ob2 /G5 /MD,gog_1261_new,57a3072c2f8307de84e2f54ac58d3fcd7cf3cef18088bf0f0fdec2ac9202b2b1,absent-or-stripped,,0,0.000000,704f004111a6828172e3a31ff2f41fef195790e9b587b3c8085cb0fe5e068ed8,
librarydatabase,CheckForLibraryExistence,47,/O2 /Ob2 /G5 /MD,gog_128_base,18a74ff61c65b8a2d4cfa11ffce82ad7fef022a94eaf0c2f217e479e981420d2,absent-or-stripped,,0,0.000000,704f004111a6828172e3a31ff2f41fef195790e9b587b3c8085cb0fe5e068ed8,
librarydatabase,CheckForLibraryExistence,47,/O2 /Ob2 /G5 /MD,gog_128_patch,fdca6d9cd0940034191e82b8e2900de26bb25e381c74128dcb8967360a9fb824,unavailable,,0,0.000000,704f004111a6828172e3a31ff2f41fef195790e9b587b3c8085cb0fe5e068ed8,no-text-section
librarydatabase,CheckForLibraryExistence,47,/O2 /Ob2 /G5 /MD,retail_2001_12_23,c3639d43568a1ed233be85c6b3b8129b1a4661e65717220e0514c815aa972edd,unavailable,,0,0.000000,704f004111a6828172e3a31ff2f41fef195790e9b587b3c8085cb0fe5e068ed8,protected-executable
librarydatabase,CheckIfFileExistInLibrary,145,/O2 /Ob2 /G5 /MD,demo,8acda50afe39f7e6a867272300a09463fd94aed9a510008fcdefc662143346e4,near-source-with-wiz8-modifications,00413470,1,0.904000,4539b40c4371dc084fe19db21cfa725374cec8d7f905039787f53a9bf14564af,
librarydatabase,CheckIfFileExistInLibrary,145,/O2 /Ob2 /G5 /MD,gog_base,18a74ff61c65b8a2d4cfa11ffce82ad7fef022a94eaf0c2f217e479e981420d2,near-source-with-wiz8-modifications,00413110,1,0.904000,4539b40c4371dc084fe19db21cfa725374cec8d7f905039787f53a9bf14564af,
librarydatabase,CheckIfFileExistInLibrary,145,/O2 /Ob2 /G5 /MD,gog_1261,18a74ff61c65b8a2d4cfa11ffce82ad7fef022a94eaf0c2f217e479e981420d2,near-source-with-wiz8-modifications,00413110,1,0.904000,4539b40c4371dc084fe19db21cfa725374cec8d7f905039787f53a9bf14564af,
librarydatabase,CheckIfFileExistInLibrary,145,/O2 /Ob2 /G5 /MD,gog_1261_new,57a3072c2f8307de84e2f54ac58d3fcd7cf3cef18088bf0f0fdec2ac9202b2b1,near-source-with-wiz8-modifications,00413110,1,0.904000,4539b40c4371dc084fe19db21cfa725374cec8d7f905039787f53a9bf14564af,
librarydatabase,CheckIfFileExistInLibrary,145,/O2 /Ob2 /G5 /MD,gog_128_base,18a74ff61c65b8a2d4cfa11ffce82ad7fef022a94eaf0c2f217e479e981420d2,near-source-with-wiz8-modifications,00413110,1,0.904000,4539b40c4371dc084fe19db21cfa725374cec8d7f905039787f53a9bf14564af,
librarydatabase,CheckIfFileExistInLibrary,145,/O2 /Ob2 /G5 /MD,gog_128_patch,fdca6d9cd0940034191e82b8e2900de26bb25e381c74128dcb8967360a9fb824,unavailable,,0,0.000000,4539b40c4371dc084fe19db21cfa725374cec8d7f905039787f53a9bf14564af,no-text-section
librarydatabase,CheckIfFileExistInLibrary,145,/O2 /Ob2 /G5 /MD,retail_2001_12_23,c3639d43568a1ed233be85c6b3b8129b1a4661e65717220e0514c815aa972edd,unavailable,,0,0.000000,4539b40c4371dc084fe19db21cfa725374cec8d7f905039787f53a9bf14564af,protected-executable
librarydatabase,CheckIfFileIsAlreadyOpen,250,/O2 /Ob2 /G5 /MD,demo,8acda50afe39f7e6a867272300a09463fd94aed9a510008fcdefc662143346e4,absent-or-stripped,,0,0.000000,2afa50cbf4475425bdc25c4b1a0b56cf9cdce994b66acc3802a49becb6168033,
librarydatabase,CheckIfFileIsAlreadyOpen,250,/O2 /Ob2 /G5 /MD,gog_base,18a74ff61c65b8a2d4cfa11ffce82ad7fef022a94eaf0c2f217e479e981420d2,absent-or-stripped,,0,0.000000,2afa50cbf4475425bdc25c4b1a0b56cf9cdce994b66acc3802a49becb6168033,
librarydatabase,CheckIfFileIsAlreadyOpen,250,/O2 /Ob2 /G5 /MD,gog_1261,18a74ff61c65b8a2d4cfa11ffce82ad7fef022a94eaf0c2f217e479e981420d2,absent-or-stripped,,0,0.000000,2afa50cbf4475425bdc25c4b1a0b56cf9cdce994b66acc3802a49becb6168033,
librarydatabase,CheckIfFileIsAlreadyOpen,250,/O2 /Ob2 /G5 /MD,gog_1261_new,57a3072c2f8307de84e2f54ac58d3fcd7cf3cef18088bf0f0fdec2ac9202b2b1,absent-or-stripped,,0,0.000000,2afa50cbf4475425bdc25c4b1a0b56cf9cdce994b66acc3802a49becb6168033,
librarydatabase,CheckIfFileIsAlreadyOpen,250,/O2 /Ob2 /G5 /MD,gog_128_base,18a74ff61c65b8a2d4cfa11ffce82ad7fef022a94eaf0c2f217e479e981420d2,absent-or-stripped,,0,0.000000,2afa50cbf4475425bdc25c4b1a0b56cf9cdce994b66acc3802a49becb6168033,
librarydatabase,CheckIfFileIsAlreadyOpen,250,/O2 /Ob2 /G5 /MD,gog_128_patch,fdca6d9cd0940034191e82b8e2900de26bb25e381c74128dcb8967360a9fb824,unavailable,,0,0.000000,2afa50cbf4475425bdc25c4b1a0b56cf9cdce994b66acc3802a49becb6168033,no-text-section
librarydatabase,CheckIfFileIsAlreadyOpen,250,/O2 /Ob2 /G5 /MD,retail_2001_12_23,c3639d43568a1ed233be85c6b3b8129b1a4661e65717220e0514c815aa972edd,unavailable,,0,0.000000,2afa50cbf4475425bdc25c4b1a0b56cf9cdce994b66acc3802a49becb6168033,protected-executable
librarydatabase,CloseLibrary,555,/O2 /Ob2 /G5 /MD,demo,8acda50afe39f7e6a867272300a09463fd94aed9a510008fcdefc662143346e4,absent-or-stripped,,0,0.000000,0e2810ea7ff7caca6e5d88ade2c805229969b00f5c294e78e822ab6693957a44,
librarydatabase,CloseLibrary,555,/O2 /Ob2 /G5 /MD,gog_base,18a74ff61c65b8a2d4cfa11ffce82ad7fef022a94eaf0c2f217e479e981420d2,absent-or-stripped,,0,0.000000,0e2810ea7ff7caca6e5d88ade2c805229969b00f5c294e78e822ab6693957a44,
librarydatabase,CloseLibrary,555,/O2 /Ob2 /G5 /MD,gog_1261,18a74ff61c65b8a2d4cfa11ffce82ad7fef022a94eaf0c2f217e479e981420d2,absent-or-stripped,,0,0.000000,0e2810ea7ff7caca6e5d88ade2c805229969b00f5c294e78e822ab6693957a44,
librarydatabase,CloseLibrary,555,/O2 /Ob2 /G5 /MD,gog_1261_new,57a3072c2f8307de84e2f54ac58d3fcd7cf3cef18088bf0f0fdec2ac9202b2b1,absent-or-stripped,,0,0.000000,0e2810ea7ff7caca6e5d88ade2c805229969b00f5c294e78e822ab6693957a44,
librarydatabase,CloseLibrary,555,/O2 /Ob2 /G5 /MD,gog_128_base,18a74ff61c65b8a2d4cfa11ffce82ad7fef022a94eaf0c2f217e479e981420d2,absent-or-stripped,,0,0.000000,0e2810ea7ff7caca6e5d88ade2c805229969b00f5c294e78e822ab6693957a44,
librarydatabase,CloseLibrary,555,/O2 /Ob2 /G5 /MD,gog_128_patch,fdca6d9cd0940034191e82b8e2900de26bb25e381c74128dcb8967360a9fb824,unavailable,,0,0.000000,0e2810ea7ff7caca6e5d88ade2c805229969b00f5c294e78e822ab6693957a44,no-text-section
librarydatabase,CloseLibrary,555,/O2 /Ob2 /G5 /MD,retail_2001_12_23,c3639d43568a1ed233be85c6b3b8129b1a4661e65717220e0514c815aa972edd,unavailable,,0,0.000000,0e2810ea7ff7caca6e5d88ade2c805229969b00f5c294e78e822ab6693957a44,protected-executable
librarydatabase,CloseLibraryFile,192,/O2 /Ob2 /G5 /MD,demo,8acda50afe39f7e6a867272300a09463fd94aed9a510008fcdefc662143346e4,absent-or-stripped,,0,0.000000,1713cf875fb8f85cce3550ec5cff8444b929895a7d0bcbce714d4767d4b7d643,
librarydatabase,CloseLibraryFile,192,/O2 /Ob2 /G5 /MD,gog_base,18a74ff61c65b8a2d4cfa11ffce82ad7fef022a94eaf0c2f217e479e981420d2,absent-or-stripped,,0,0.000000,1713cf875fb8f85cce3550ec5cff8444b929895a7d0bcbce714d4767d4b7d643,
librarydatabase,CloseLibraryFile,192,/O2 /Ob2 /G5 /MD,gog_1261,18a74ff61c65b8a2d4cfa11ffce82ad7fef022a94eaf0c2f217e479e981420d2,absent-or-stripped,,0,0.000000,1713cf875fb8f85cce3550ec5cff8444b929895a7d0bcbce714d4767d4b7d643,
librarydatabase,CloseLibraryFile,192,/O2 /Ob2 /G5 /MD,gog_1261_new,57a3072c2f8307de84e2f54ac58d3fcd7cf3cef18088bf0f0fdec2ac9202b2b1,absent-or-stripped,,0,0.000000,1713cf875fb8f85cce3550ec5cff8444b929895a7d0bcbce714d4767d4b7d643,
librarydatabase,CloseLibraryFile,192,/O2 /Ob2 /G5 /MD,gog_128_base,18a74ff61c65b8a2d4cfa11ffce82ad7fef022a94eaf0c2f217e479e981420d2,absent-or-stripped,,0,0.000000,1713cf875fb8f85cce3550ec5cff8444b929895a7d0bcbce714d4767d4b7d643,
librarydatabase,CloseLibraryFile,192,/O2 /Ob2 /G5 /MD,gog_128_patch,fdca6d9cd0940034191e82b8e2900de26bb25e381c74128dcb8967360a9fb824,unavailable,,0,0.000000,1713cf875fb8f85cce3550ec5cff8444b929895a7d0bcbce714d4767d4b7d643,no-text-section
librarydatabase,CloseLibraryFile,192,/O2 /Ob2 /G5 /MD,retail_2001_12_23,c3639d43568a1ed233be85c6b3b8129b1a4661e65717220e0514c815aa972edd,unavailable,,0,0.000000,1713cf875fb8f85cce3550ec5cff8444b929895a7d0bcbce714d4767d4b7d643,protected-executable
librarydatabase,CompareDirEntryFileNames,83,/O2 /Ob2 /G5 /MD,demo,8acda50afe39f7e6a867272300a09463fd94aed9a510008fcdefc662143346e4,relocation-equivalent,00414060,1,1.000000,4ce961329ad05713672735436101c5febd58413d3687a16b406dc01480d11667,
librarydatabase,CompareDirEntryFileNames,83,/O2 /Ob2 /G5 /MD,gog_base,18a74ff61c65b8a2d4cfa11ffce82ad7fef022a94eaf0c2f217e479e981420d2,relocation-equivalent,00413d00,1,1.000000,4ce961329ad05713672735436101c5febd58413d3687a16b406dc01480d11667,
librarydatabase,CompareDirEntryFileNames,83,/O2 /Ob2 /G5 /MD,gog_1261,18a74ff61c65b8a2d4cfa11ffce82ad7fef022a94eaf0c2f217e479e981420d2,relocation-equivalent,00413d00,1,1.000000,4ce961329ad05713672735436101c5febd58413d3687a16b406dc01480d11667,
librarydatabase,CompareDirEntryFileNames,83,/O2 /Ob2 /G5 /MD,gog_1261_new,57a3072c2f8307de84e2f54ac58d3fcd7cf3cef18088bf0f0fdec2ac9202b2b1,relocation-equivalent,00413d00,1,1.000000,4ce961329ad05713672735436101c5febd58413d3687a16b406dc01480d11667,
librarydatabase,CompareDirEntryFileNames,83,/O2 /Ob2 /G5 /MD,gog_128_base,18a74ff61c65b8a2d4cfa11ffce82ad7fef022a94eaf0c2f217e479e981420d2,relocation-equivalent,00413d00,1,1.000000,4ce961329ad05713672735436101c5febd58413d3687a16b406dc01480d11667,
librarydatabase,CompareDirEntryFileNames,83,/O2 /Ob2 /G5 /MD,gog_128_patch,fdca6d9cd0940034191e82b8e2900de26bb25e381c74128dcb8967360a9fb824,unavailable,,0,0.000000,4ce961329ad05713672735436101c5febd58413d3687a16b406dc01480d11667,no-text-section
librarydatabase,CompareDirEntryFileNames,83,/O2 /Ob2 /G5 /MD,retail_2001_12_23,c3639d43568a1ed233be85c6b3b8129b1a4661e65717220e0514c815aa972edd,unavailable,,0,0.000000,4ce961329ad05713672735436101c5febd58413d3687a16b406dc01480d11667,protected-executable
librarydatabase,CompareFileNames,105,/O2 /Ob2 /G5 /MD,demo,8acda50afe39f7e6a867272300a09463fd94aed9a510008fcdefc662143346e4,near-source-with-wiz8-modifications,004136c0,1,0.851852,ab422b856118d794415918d56aed1031fa98d78213b48f64c1771e59d0aa471d,
librarydatabase,CompareFileNames,105,/O2 /Ob2 /G5 /MD,gog_base,18a74ff61c65b8a2d4cfa11ffce82ad7fef022a94eaf0c2f217e479e981420d2,near-source-with-wiz8-modifications,00413360,1,0.851852,ab422b856118d794415918d56aed1031fa98d78213b48f64c1771e59d0aa471d,
librarydatabase,CompareFileNames,105,/O2 /Ob2 /G5 /MD,gog_1261,18a74ff61c65b8a2d4cfa11ffce82ad7fef022a94eaf0c2f217e479e981420d2,near-source-with-wiz8-modifications,00413360,1,0.851852,ab422b856118d794415918d56aed1031fa98d78213b48f64c1771e59d0aa471d,
librarydatabase,CompareFileNames,105,/O2 /Ob2 /G5 /MD,gog_1261_new,57a3072c2f8307de84e2f54ac58d3fcd7cf3cef18088bf0f0fdec2ac9202b2b1,near-source-with-wiz8-modifications,00413360,1,0.851852,ab422b856118d794415918d56aed1031fa98d78213b48f64c1771e59d0aa471d,
librarydatabase,CompareFileNames,105,/O2 /Ob2 /G5 /MD,gog_128_base,18a74ff61c65b8a2d4cfa11ffce82ad7fef022a94eaf0c2f217e479e981420d2,near-source-with-wiz8-modifications,00413360,1,0.851852,ab422b856118d794415918d56aed1031fa98d78213b48f64c1771e59d0aa471d,
librarydatabase,CompareFileNames,105,/O2 /Ob2 /G5 /MD,gog_128_patch,fdca6d9cd0940034191e82b8e2900de26bb25e381c74128dcb8967360a9fb824,unavailable,,0,0.000000,ab422b856118d794415918d56aed1031fa98d78213b48f64c1771e59d0aa471d,no-text-section
librarydatabase,CompareFileNames,105,/O2 /Ob2 /G5 /MD,retail_2001_12_23,c3639d43568a1ed233be85c6b3b8129b1a4661e65717220e0514c815aa972edd,unavailable,,0,0.000000,ab422b856118d794415918d56aed1031fa98d78213b48f64c1771e59d0aa471d,protected-executable
librarydatabase,CreateLibraryFileHandle,15,/O2 /Ob2 /G5 /MD,demo,8acda50afe39f7e6a867272300a09463fd94aed9a510008fcdefc662143346e4,absent-or-stripped,,0,0.000000,68dd06368a4169f1bb12d9ab018ed8c065ecf5be2bb4916576614c77c283c3a6,
librarydatabase,CreateLibraryFileHandle,15,/O2 /Ob2 /G5 /MD,gog_base,18a74ff61c65b8a2d4cfa11ffce82ad7fef022a94eaf0c2f217e479e981420d2,absent-or-stripped,,0,0.000000,68dd06368a4169f1bb12d9ab018ed8c065ecf5be2bb4916576614c77c283c3a6,
librarydatabase,CreateLibraryFileHandle,15,/O2 /Ob2 /G5 /MD,gog_1261,18a74ff61c65b8a2d4cfa11ffce82ad7fef022a94eaf0c2f217e479e981420d2,absent-or-stripped,,0,0.000000,68dd06368a4169f1bb12d9ab018ed8c065ecf5be2bb4916576614c77c283c3a6,
librarydatabase,CreateLibraryFileHandle,15,/O2 /Ob2 /G5 /MD,gog_1261_new,57a3072c2f8307de84e2f54ac58d3fcd7cf3cef18088bf0f0fdec2ac9202b2b1,absent-or-stripped,,0,0.000000,68dd06368a4169f1bb12d9ab018ed8c065ecf5be2bb4916576614c77c283c3a6,
librarydatabase,CreateLibraryFileHandle,15,/O2 /Ob2 /G5 /MD,gog_128_base,18a74ff61c65b8a2d4cfa11ffce82ad7fef022a94eaf0c2f217e479e981420d2,absent-or-stripped,,0,0.000000,68dd06368a4169f1bb12d9ab018ed8c065ecf5be2bb4916576614c77c283c3a6,
librarydatabase,CreateLibraryFileHandle,15,/O2 /Ob2 /G5 /MD,gog_128_patch,fdca6d9cd0940034191e82b8e2900de26bb25e381c74128dcb8967360a9fb824,unavailable,,0,0.000000,68dd06368a4169f1bb12d9ab018ed8c065ecf5be2bb4916576614c77c283c3a6,no-text-section
librarydatabase,CreateLibraryFileHandle,15,/O2 /Ob2 /G5 /MD,retail_2001_12_23,c3639d43568a1ed233be85c6b3b8129b1a4661e65717220e0514c815aa972edd,unavailable,,0,0.000000,68dd06368a4169f1bb12d9ab018ed8c065ecf5be2bb4916576614c77c283c3a6,protected-executable
librarydatabase,CreateRealFileHandle,175,/O2 /Ob2 /G5 /MD,demo,8acda50afe39f7e6a867272300a09463fd94aed9a510008fcdefc662143346e4,relocation-equivalent,004139e0,1,1.000000,f4de5a0eb3d1c9f986f1db9c744fe0955834d33685aed76ca4351ea657da9e37,
librarydatabase,CreateRealFileHandle,175,/O2 /Ob2 /G5 /MD,gog_base,18a74ff61c65b8a2d4cfa11ffce82ad7fef022a94eaf0c2f217e479e981420d2,relocation-equivalent,00413680,1,1.000000,f4de5a0eb3d1c9f986f1db9c744fe0955834d33685aed76ca4351ea657da9e37,
librarydatabase,CreateRealFileHandle,175,/O2 /Ob2 /G5 /MD,gog_1261,18a74ff61c65b8a2d4cfa11ffce82ad7fef022a94eaf0c2f217e479e981420d2,relocation-equivalent,00413680,1,1.000000,f4de5a0eb3d1c9f986f1db9c744fe0955834d33685aed76ca4351ea657da9e37,
librarydatabase,CreateRealFileHandle,175,/O2 /Ob2 /G5 /MD,gog_1261_new,57a3072c2f8307de84e2f54ac58d3fcd7cf3cef18088bf0f0fdec2ac9202b2b1,relocation-equivalent,00413680,1,1.000000,f4de5a0eb3d1c9f986f1db9c744fe0955834d33685aed76ca4351ea657da9e37,
librarydatabase,CreateRealFileHandle,175,/O2 /Ob2 /G5 /MD,gog_128_base,18a74ff61c65b8a2d4cfa11ffce82ad7fef022a94eaf0c2f217e479e981420d2,relocation-equivalent,00413680,1,1.000000,f4de5a0eb3d1c9f986f1db9c744fe0955834d33685aed76ca4351ea657da9e37,
librarydatabase,CreateRealFileHandle,175,/O2 /Ob2 /G5 /MD,gog_128_patch,fdca6d9cd0940034191e82b8e2900de26bb25e381c74128dcb8967360a9fb824,unavailable,,0,0.000000,f4de5a0eb3d1c9f986f1db9c744fe0955834d33685aed76ca4351ea657da9e37,no-text-section
librarydatabase,CreateRealFileHandle,175,/O2 /Ob2 /G5 /MD,retail_2001_12_23,c3639d43568a1ed233be85c6b3b8129b1a4661e65717220e0514c815aa972edd,unavailable,,0,0.000000,f4de5a0eb3d1c9f986f1db9c744fe0955834d33685aed76ca4351ea657da9e37,protected-executable
librarydatabase,GetFileHeaderFromLibrary,142,/O2 /Ob2 /G5 /MD,demo,8acda50afe39f7e6a867272300a09463fd94aed9a510008fcdefc662143346e4,absent-or-stripped,,0,0.000000,f0009999e7bc504584e835c3370c54017e1d5e772d7eedcc630e79969265d13c,
librarydatabase,GetFileHeaderFromLibrary,142,/O2 /Ob2 /G5 /MD,gog_base,18a74ff61c65b8a2d4cfa11ffce82ad7fef022a94eaf0c2f217e479e981420d2,absent-or-stripped,,0,0.000000,f0009999e7bc504584e835c3370c54017e1d5e772d7eedcc630e79969265d13c,
librarydatabase,GetFileHeaderFromLibrary,142,/O2 /Ob2 /G5 /MD,gog_1261,18a74ff61c65b8a2d4cfa11ffce82ad7fef022a94eaf0c2f217e479e981420d2,absent-or-stripped,,0,0.000000,f0009999e7bc504584e835c3370c54017e1d5e772d7eedcc630e79969265d13c,
librarydatabase,GetFileHeaderFromLibrary,142,/O2 /Ob2 /G5 /MD,gog_1261_new,57a3072c2f8307de84e2f54ac58d3fcd7cf3cef18088bf0f0fdec2ac9202b2b1,absent-or-stripped,,0,0.000000,f0009999e7bc504584e835c3370c54017e1d5e772d7eedcc630e79969265d13c,
librarydatabase,GetFileHeaderFromLibrary,142,/O2 /Ob2 /G5 /MD,gog_128_base,18a74ff61c65b8a2d4cfa11ffce82ad7fef022a94eaf0c2f217e479e981420d2,absent-or-stripped,,0,0.000000,f0009999e7bc504584e835c3370c54017e1d5e772d7eedcc630e79969265d13c,
librarydatabase,GetFileHeaderFromLibrary,142,/O2 /Ob2 /G5 /MD,gog_128_patch,fdca6d9cd0940034191e82b8e2900de26bb25e381c74128dcb8967360a9fb824,unavailable,,0,0.000000,f0009999e7bc504584e835c3370c54017e1d5e772d7eedcc630e79969265d13c,no-text-section
librarydatabase,GetFileHeaderFromLibrary,142,/O2 /Ob2 /G5 /MD,retail_2001_12_23,c3639d43568a1ed233be85c6b3b8129b1a4661e65717220e0514c815aa972edd,unavailable,,0,0.000000,f0009999e7bc504584e835c3370c54017e1d5e772d7eedcc630e79969265d13c,protected-executable
librarydatabase,GetLibraryAndFileIDFromLibraryFileHandle,31,/O2 /Ob2 /G5 /MD,demo,8acda50afe39f7e6a867272300a09463fd94aed9a510008fcdefc662143346e4,exact,00413a90,1,1.000000,86e0c4adced8ae2cb220a01ccb0a3e05476d8ac36191acfe6c752bf86267e1fc,
librarydatabase,GetLibraryAndFileIDFromLibraryFileHandle,31,/O2 /Ob2 /G5 /MD,gog_base,18a74ff61c65b8a2d4cfa11ffce82ad7fef022a94eaf0c2f217e479e981420d2,exact,00413730,1,1.000000,86e0c4adced8ae2cb220a01ccb0a3e05476d8ac36191acfe6c752bf86267e1fc,
librarydatabase,GetLibraryAndFileIDFromLibraryFileHandle,31,/O2 /Ob2 /G5 /MD,gog_1261,18a74ff61c65b8a2d4cfa11ffce82ad7fef022a94eaf0c2f217e479e981420d2,exact,00413730,1,1.000000,86e0c4adced8ae2cb220a01ccb0a3e05476d8ac36191acfe6c752bf86267e1fc,
librarydatabase,GetLibraryAndFileIDFromLibraryFileHandle,31,/O2 /Ob2 /G5 /MD,gog_1261_new,57a3072c2f8307de84e2f54ac58d3fcd7cf3cef18088bf0f0fdec2ac9202b2b1,exact,00413730,1,1.000000,86e0c4adced8ae2cb220a01ccb0a3e05476d8ac36191acfe6c752bf86267e1fc,
librarydatabase,GetLibraryAndFileIDFromLibraryFileHandle,31,/O2 /Ob2 /G5 /MD,gog_128_base,18a74ff61c65b8a2d4cfa11ffce82ad7fef022a94eaf0c2f217e479e981420d2,exact,00413730,1,1.000000,86e0c4adced8ae2cb220a01ccb0a3e05476d8ac36191acfe6c752bf86267e1fc,
librarydatabase,GetLibraryAndFileIDFromLibraryFileHandle,31,/O2 /Ob2 /G5 /MD,gog_128_patch,fdca6d9cd0940034191e82b8e2900de26bb25e381c74128dcb8967360a9fb824,unavailable,,0,0.000000,86e0c4adced8ae2cb220a01ccb0a3e05476d8ac36191acfe6c752bf86267e1fc,no-text-section
librarydatabase,GetLibraryAndFileIDFromLibraryFileHandle,31,/O2 /Ob2 /G5 /MD,retail_2001_12_23,c3639d43568a1ed233be85c6b3b8129b1a4661e65717220e0514c815aa972edd,unavailable,,0,0.000000,86e0c4adced8ae2cb220a01ccb0a3e05476d8ac36191acfe6c752bf86267e1fc,protected-executable
librarydatabase,GetLibraryFileTime,406,/O2 /Ob2 /G5 /MD,demo,8acda50afe39f7e6a867272300a09463fd94aed9a510008fcdefc662143346e4,absent-or-stripped,,0,0.000000,48b09e4f4fdc0a823b9760afff3a821eb2d5f1d871007e466a05d761a801f334,
librarydatabase,GetLibraryFileTime,406,/O2 /Ob2 /G5 /MD,gog_base,18a74ff61c65b8a2d4cfa11ffce82ad7fef022a94eaf0c2f217e479e981420d2,absent-or-stripped,,0,0.000000,48b09e4f4fdc0a823b9760afff3a821eb2d5f1d871007e466a05d761a801f334,
librarydatabase,GetLibraryFileTime,406,/O2 /Ob2 /G5 /MD,gog_1261,18a74ff61c65b8a2d4cfa11ffce82ad7fef022a94eaf0c2f217e479e981420d2,absent-or-stripped,,0,0.000000,48b09e4f4fdc0a823b9760afff3a821eb2d5f1d871007e466a05d761a801f334,
librarydatabase,GetLibraryFileTime,406,/O2 /Ob2 /G5 /MD,gog_1261_new,57a3072c2f8307de84e2f54ac58d3fcd7cf3cef18088bf0f0fdec2ac9202b2b1,absent-or-stripped,,0,0.000000,48b09e4f4fdc0a823b9760afff3a821eb2d5f1d871007e466a05d761a801f334,
librarydatabase,GetLibraryFileTime,406,/O2 /Ob2 /G5 /MD,gog_128_base,18a74ff61c65b8a2d4cfa11ffce82ad7fef022a94eaf0c2f217e479e981420d2,absent-or-stripped,,0,0.000000,48b09e4f4fdc0a823b9760afff3a821eb2d5f1d871007e466a05d761a801f334,
librarydatabase,GetLibraryFileTime,406,/O2 /Ob2 /G5 /MD,gog_128_patch,fdca6d9cd0940034191e82b8e2900de26bb25e381c74128dcb8967360a9fb824,unavailable,,0,0.000000,48b09e4f4fdc0a823b9760afff3a821eb2d5f1d871007e466a05d761a801f334,no-text-section
librarydatabase,GetLibraryFileTime,406,/O2 /Ob2 /G5 /MD,retail_2001_12_23,c3639d43568a1ed233be85c6b3b8129b1a4661e65717220e0514c815aa972edd,unavailable,,0,0.000000,48b09e4f4fdc0a823b9760afff3a821eb2d5f1d871007e466a05d761a801f334,protected-executable
librarydatabase,GetLibraryIDFromFileName,259,/O2 /Ob2 /G5 /MD,demo,8acda50afe39f7e6a867272300a09463fd94aed9a510008fcdefc662143346e4,absent-or-stripped,,0,0.000000,f9c330be526e3af008693bbd6aca6a083553c2afc4148c597a6e3e3d7aa64130,
librarydatabase,GetLibraryIDFromFileName,259,/O2 /Ob2 /G5 /MD,gog_base,18a74ff61c65b8a2d4cfa11ffce82ad7fef022a94eaf0c2f217e479e981420d2,absent-or-stripped,,0,0.000000,f9c330be526e3af008693bbd6aca6a083553c2afc4148c597a6e3e3d7aa64130,
librarydatabase,GetLibraryIDFromFileName,259,/O2 /Ob2 /G5 /MD,gog_1261,18a74ff61c65b8a2d4cfa11ffce82ad7fef022a94eaf0c2f217e479e981420d2,absent-or-stripped,,0,0.000000,f9c330be526e3af008693bbd6aca6a083553c2afc4148c597a6e3e3d7aa64130,
librarydatabase,GetLibraryIDFromFileName,259,/O2 /Ob2 /G5 /MD,gog_1261_new,57a3072c2f8307de84e2f54ac58d3fcd7cf3cef18088bf0f0fdec2ac9202b2b1,absent-or-stripped,,0,0.000000,f9c330be526e3af008693bbd6aca6a083553c2afc4148c597a6e3e3d7aa64130,
librarydatabase,GetLibraryIDFromFileName,259,/O2 /Ob2 /G5 /MD,gog_128_base,18a74ff61c65b8a2d4cfa11ffce82ad7fef022a94eaf0c2f217e479e981420d2,absent-or-stripped,,0,0.000000,f9c330be526e3af008693bbd6aca6a083553c2afc4148c597a6e3e3d7aa64130,
librarydatabase,GetLibraryIDFromFileName,259,/O2 /Ob2 /G5 /MD,gog_128_patch,fdca6d9cd0940034191e82b8e2900de26bb25e381c74128dcb8967360a9fb824,unavailable,,0,0.000000,f9c330be526e3af008693bbd6aca6a083553c2afc4148c597a6e3e3d7aa64130,no-text-section
librarydatabase,GetLibraryIDFromFileName,259,/O2 /Ob2 /G5 /MD,retail_2001_12_23,c3639d43568a1ed233be85c6b3b8129b1a4661e65717220e0514c815aa972edd,unavailable,,0,0.000000,f9c330be526e3af008693bbd6aca6a083553c2afc4148c597a6e3e3d7aa64130,protected-executable
librarydatabase,InitializeFileDatabase,239,/O2 /Ob2 /G5 /MD,demo,8acda50afe39f7e6a867272300a09463fd94aed9a510008fcdefc662143346e4,absent-or-stripped,,0,0.000000,ab4e626a394f1f565ae0317a5ec210dfe9ac5eedc5691b1df94a6c26349391b7,
librarydatabase,InitializeFileDatabase,239,/O2 /Ob2 /G5 /MD,gog_base,18a74ff61c65b8a2d4cfa11ffce82ad7fef022a94eaf0c2f217e479e981420d2,absent-or-stripped,,0,0.000000,ab4e626a394f1f565ae0317a5ec210dfe9ac5eedc5691b1df94a6c26349391b7,
librarydatabase,InitializeFileDatabase,239,/O2 /Ob2 /G5 /MD,gog_1261,18a74ff61c65b8a2d4cfa11ffce82ad7fef022a94eaf0c2f217e479e981420d2,absent-or-stripped,,0,0.000000,ab4e626a394f1f565ae0317a5ec210dfe9ac5eedc5691b1df94a6c26349391b7,
librarydatabase,InitializeFileDatabase,239,/O2 /Ob2 /G5 /MD,gog_1261_new,57a3072c2f8307de84e2f54ac58d3fcd7cf3cef18088bf0f0fdec2ac9202b2b1,absent-or-stripped,,0,0.000000,ab4e626a394f1f565ae0317a5ec210dfe9ac5eedc5691b1df94a6c26349391b7,
librarydatabase,InitializeFileDatabase,239,/O2 /Ob2 /G5 /MD,gog_128_base,18a74ff61c65b8a2d4cfa11ffce82ad7fef022a94eaf0c2f217e479e981420d2,absent-or-stripped,,0,0.000000,ab4e626a394f1f565ae0317a5ec210dfe9ac5eedc5691b1df94a6c26349391b7,
librarydatabase,InitializeFileDatabase,239,/O2 /Ob2 /G5 /MD,gog_128_patch,fdca6d9cd0940034191e82b8e2900de26bb25e381c74128dcb8967360a9fb824,unavailable,,0,0.000000,ab4e626a394f1f565ae0317a5ec210dfe9ac5eedc5691b1df94a6c26349391b7,no-text-section
librarydatabase,InitializeFileDatabase,239,/O2 /Ob2 /G5 /MD,retail_2001_12_23,c3639d43568a1ed233be85c6b3b8129b1a4661e65717220e0514c815aa972edd,unavailable,,0,0.000000,ab4e626a394f1f565ae0317a5ec210dfe9ac5eedc5691b1df94a6c26349391b7,protected-executable
librarydatabase,InitializeLibrary,854,/O2 /Ob2 /G5 /MD,demo,8acda50afe39f7e6a867272300a09463fd94aed9a510008fcdefc662143346e4,absent-or-stripped,,0,0.000000,6ade9fa8768615beca2ede32d7e724f95149e01f1ee23aaf3236db2f78719bbd,
librarydatabase,InitializeLibrary,854,/O2 /Ob2 /G5 /MD,gog_base,18a74ff61c65b8a2d4cfa11ffce82ad7fef022a94eaf0c2f217e479e981420d2,absent-or-stripped,,0,0.000000,6ade9fa8768615beca2ede32d7e724f95149e01f1ee23aaf3236db2f78719bbd,
librarydatabase,InitializeLibrary,854,/O2 /Ob2 /G5 /MD,gog_1261,18a74ff61c65b8a2d4cfa11ffce82ad7fef022a94eaf0c2f217e479e981420d2,absent-or-stripped,,0,0.000000,6ade9fa8768615beca2ede32d7e724f95149e01f1ee23aaf3236db2f78719bbd,
librarydatabase,InitializeLibrary,854,/O2 /Ob2 /G5 /MD,gog_1261_new,57a3072c2f8307de84e2f54ac58d3fcd7cf3cef18088bf0f0fdec2ac9202b2b1,absent-or-stripped,,0,0.000000,6ade9fa8768615beca2ede32d7e724f95149e01f1ee23aaf3236db2f78719bbd,
librarydatabase,InitializeLibrary,854,/O2 /Ob2 /G5 /MD,gog_128_base,18a74ff61c65b8a2d4cfa11ffce82ad7fef022a94eaf0c2f217e479e981420d2,absent-or-stripped,,0,0.000000,6ade9fa8768615beca2ede32d7e724f95149e01f1ee23aaf3236db2f78719bbd,
librarydatabase,InitializeLibrary,854,/O2 /Ob2 /G5 /MD,gog_128_patch,fdca6d9cd0940034191e82b8e2900de26bb25e381c74128dcb8967360a9fb824,unavailable,,0,0.000000,6ade9fa8768615beca2ede32d7e724f95149e01f1ee23aaf3236db2f78719bbd,no-text-section
librarydatabase,InitializeLibrary,854,/O2 /Ob2 /G5 /MD,retail_2001_12_23,c3639d43568a1ed233be85c6b3b8129b1a4661e65717220e0514c815aa972edd,unavailable,,0,0.000000,6ade9fa8768615beca2ede32d7e724f95149e01f1ee23aaf3236db2f78719bbd,protected-executable
librarydatabase,IsLibraryOpened,55,/O2 /Ob2 /G5 /MD,demo,8acda50afe39f7e6a867272300a09463fd94aed9a510008fcdefc662143346e4,absent-or-stripped,,0,0.000000,35719417af50333b7ac226efc3b35791b54599d0002d9cd3ecb5031e7dc01a13,
librarydatabase,IsLibraryOpened,55,/O2 /Ob2 /G5 /MD,gog_base,18a74ff61c65b8a2d4cfa11ffce82ad7fef022a94eaf0c2f217e479e981420d2,absent-or-stripped,,0,0.000000,35719417af50333b7ac226efc3b35791b54599d0002d9cd3ecb5031e7dc01a13,
librarydatabase,IsLibraryOpened,55,/O2 /Ob2 /G5 /MD,gog_1261,18a74ff61c65b8a2d4cfa11ffce82ad7fef022a94eaf0c2f217e479e981420d2,absent-or-stripped,,0,0.000000,35719417af50333b7ac226efc3b35791b54599d0002d9cd3ecb5031e7dc01a13,
librarydatabase,IsLibraryOpened,55,/O2 /Ob2 /G5 /MD,gog_1261_new,57a3072c2f8307de84e2f54ac58d3fcd7cf3cef18088bf0f0fdec2ac9202b2b1,absent-or-stripped,,0,0.000000,35719417af50333b7ac226efc3b35791b54599d0002d9cd3ecb5031e7dc01a13,
librarydatabase,IsLibraryOpened,55,/O2 /Ob2 /G5 /MD,gog_128_base,18a74ff61c65b8a2d4cfa11ffce82ad7fef022a94eaf0c2f217e479e981420d2,absent-or-stripped,,0,0.000000,35719417af50333b7ac226efc3b35791b54599d0002d9cd3ecb5031e7dc01a13,
librarydatabase,IsLibraryOpened,55,/O2 /Ob2 /G5 /MD,gog_128_patch,fdca6d9cd0940034191e82b8e2900de26bb25e381c74128dcb8967360a9fb824,unavailable,,0,0.000000,35719417af50333b7ac226efc3b35791b54599d0002d9cd3ecb5031e7dc01a13,no-text-section
librarydatabase,IsLibraryOpened,55,/O2 /Ob2 /G5 /MD,retail_2001_12_23,c3639d43568a1ed233be85c6b3b8129b1a4661e65717220e0514c815aa972edd,unavailable,,0,0.000000,35719417af50333b7ac226efc3b35791b54599d0002d9cd3ecb5031e7dc01a13,protected-executable
librarydatabase,LibraryFileSeek,123,/O2 /Ob2 /G5 /MD,demo,8acda50afe39f7e6a867272300a09463fd94aed9a510008fcdefc662143346e4,absent-or-stripped,,0,0.000000,48065e33a2f9e51356d967c210af6b98d5b620c3d0f36fccd01cd49df679e388,
librarydatabase,LibraryFileSeek,123,/O2 /Ob2 /G5 /MD,gog_base,18a74ff61c65b8a2d4cfa11ffce82ad7fef022a94eaf0c2f217e479e981420d2,absent-or-stripped,,0,0.000000,48065e33a2f9e51356d967c210af6b98d5b620c3d0f36fccd01cd49df679e388,
librarydatabase,LibraryFileSeek,123,/O2 /Ob2 /G5 /MD,gog_1261,18a74ff61c65b8a2d4cfa11ffce82ad7fef022a94eaf0c2f217e479e981420d2,absent-or-stripped,,0,0.000000,48065e33a2f9e51356d967c210af6b98d5b620c3d0f36fccd01cd49df679e388,
librarydatabase,LibraryFileSeek,123,/O2 /Ob2 /G5 /MD,gog_1261_new,57a3072c2f8307de84e2f54ac58d3fcd7cf3cef18088bf0f0fdec2ac9202b2b1,absent-or-stripped,,0,0.000000,48065e33a2f9e51356d967c210af6b98d5b620c3d0f36fccd01cd49df679e388,
librarydatabase,LibraryFileSeek,123,/O2 /Ob2 /G5 /MD,gog_128_base,18a74ff61c65b8a2d4cfa11ffce82ad7fef022a94eaf0c2f217e479e981420d2,absent-or-stripped,,0,0.000000,48065e33a2f9e51356d967c210af6b98d5b620c3d0f36fccd01cd49df679e388,
librarydatabase,LibraryFileSeek,123,/O2 /Ob2 /G5 /MD,gog_128_patch,fdca6d9cd0940034191e82b8e2900de26bb25e381c74128dcb8967360a9fb824,unavailable,,0,0.000000,48065e33a2f9e51356d967c210af6b98d5b620c3d0f36fccd01cd49df679e388,no-text-section
librarydatabase,LibraryFileSeek,123,/O2 /Ob2 /G5 /MD,retail_2001_12_23,c3639d43568a1ed233be85c6b3b8129b1a4661e65717220e0514c815aa972edd,unavailable,,0,0.000000,48065e33a2f9e51356d967c210af6b98d5b620c3d0f36fccd01cd49df679e388,protected-executable
librarydatabase,LoadDataFromLibrary,182,/O2 /Ob2 /G5 /MD,demo,8acda50afe39f7e6a867272300a09463fd94aed9a510008fcdefc662143346e4,absent-or-stripped,,0,0.000000,0d01d71e344ae8a1b4ee47710bfb46d3fe62595633316f6a63865c98f4741a92,
librarydatabase,LoadDataFromLibrary,182,/O2 /Ob2 /G5 /MD,gog_base,18a74ff61c65b8a2d4cfa11ffce82ad7fef022a94eaf0c2f217e479e981420d2,absent-or-stripped,,0,0.000000,0d01d71e344ae8a1b4ee47710bfb46d3fe62595633316f6a63865c98f4741a92,
librarydatabase,LoadDataFromLibrary,182,/O2 /Ob2 /G5 /MD,gog_1261,18a74ff61c65b8a2d4cfa11ffce82ad7fef022a94eaf0c2f217e479e981420d2,absent-or-stripped,,0,0.000000,0d01d71e344ae8a1b4ee47710bfb46d3fe62595633316f6a63865c98f4741a92,
librarydatabase,LoadDataFromLibrary,182,/O2 /Ob2 /G5 /MD,gog_1261_new,57a3072c2f8307de84e2f54ac58d3fcd7cf3cef18088bf0f0fdec2ac9202b2b1,absent-or-stripped,,0,0.000000,0d01d71e344ae8a1b4ee47710bfb46d3fe62595633316f6a63865c98f4741a92,
librarydatabase,LoadDataFromLibrary,182,/O2 /Ob2 /G5 /MD,gog_128_base,18a74ff61c65b8a2d4cfa11ffce82ad7fef022a94eaf0c2f217e479e981420d2,absent-or-stripped,,0,0.000000,0d01d71e344ae8a1b4ee47710bfb46d3fe62595633316f6a63865c98f4741a92,
librarydatabase,LoadDataFromLibrary,182,/O2 /Ob2 /G5 /MD,gog_128_patch,fdca6d9cd0940034191e82b8e2900de26bb25e381c74128dcb8967360a9fb824,unavailable,,0,0.000000,0d01d71e344ae8a1b4ee47710bfb46d3fe62595633316f6a63865c98f4741a92,no-text-section
librarydatabase,LoadDataFromLibrary,182,/O2 /Ob2 /G5 /MD,retail_2001_12_23,c3639d43568a1ed233be85c6b3b8129b1a4661e65717220e0514c815aa972edd,unavailable,,0,0.000000,0d01d71e344ae8a1b4ee47710bfb46d3fe62595633316f6a63865c98f4741a92,protected-executable
librarydatabase,OpenFileFromLibrary,668,/O2 /Ob2 /G5 /MD,demo,8acda50afe39f7e6a867272300a09463fd94aed9a510008fcdefc662143346e4,absent-or-stripped,,0,0.000000,6a86a957fc10ad1c5ca78c6d9ff6ab4f039867d5e3d3869b4b1f053d78b9a881,
librarydatabase,OpenFileFromLibrary,668,/O2 /Ob2 /G5 /MD,gog_base,18a74ff61c65b8a2d4cfa11ffce82ad7fef022a94eaf0c2f217e479e981420d2,absent-or-stripped,,0,0.000000,6a86a957fc10ad1c5ca78c6d9ff6ab4f039867d5e3d3869b4b1f053d78b9a881,
librarydatabase,OpenFileFromLibrary,668,/O2 /Ob2 /G5 /MD,gog_1261,18a74ff61c65b8a2d4cfa11ffce82ad7fef022a94eaf0c2f217e479e981420d2,absent-or-stripped,,0,0.000000,6a86a957fc10ad1c5ca78c6d9ff6ab4f039867d5e3d3869b4b1f053d78b9a881,
librarydatabase,OpenFileFromLibrary,668,/O2 /Ob2 /G5 /MD,gog_1261_new,57a3072c2f8307de84e2f54ac58d3fcd7cf3cef18088bf0f0fdec2ac9202b2b1,absent-or-stripped,,0,0.000000,6a86a957fc10ad1c5ca78c6d9ff6ab4f039867d5e3d3869b4b1f053d78b9a881,
librarydatabase,OpenFileFromLibrary,668,/O2 /Ob2 /G5 /MD,gog_128_base,18a74ff61c65b8a2d4cfa11ffce82ad7fef022a94eaf0c2f217e479e981420d2,absent-or-stripped,,0,0.000000,6a86a957fc10ad1c5ca78c6d9ff6ab4f039867d5e3d3869b4b1f053d78b9a881,
librarydatabase,OpenFileFromLibrary,668,/O2 /Ob2 /G5 /MD,gog_128_patch,fdca6d9cd0940034191e82b8e2900de26bb25e381c74128dcb8967360a9fb824,unavailable,,0,0.000000,6a86a957fc10ad1c5ca78c6d9ff6ab4f039867d5e3d3869b4b1f053d78b9a881,no-text-section
librarydatabase,OpenFileFromLibrary,668,/O2 /Ob2 /G5 /MD,retail_2001_12_23,c3639d43568a1ed233be85c6b3b8129b1a4661e65717220e0514c815aa972edd,unavailable,,0,0.000000,6a86a957fc10ad1c5ca78c6d9ff6ab4f039867d5e3d3869b4b1f053d78b9a881,protected-executable
librarydatabase,OpenLibrary,83,/O2 /Ob2 /G5 /MD,demo,8acda50afe39f7e6a867272300a09463fd94aed9a510008fcdefc662143346e4,absent-or-stripped,,0,0.000000,78647e26f16cc9659d472a58afb86637def0560133fe01422a72b04f615baf31,
librarydatabase,OpenLibrary,83,/O2 /Ob2 /G5 /MD,gog_base,18a74ff61c65b8a2d4cfa11ffce82ad7fef022a94eaf0c2f217e479e981420d2,absent-or-stripped,,0,0.000000,78647e26f16cc9659d472a58afb86637def0560133fe01422a72b04f615baf31,
librarydatabase,OpenLibrary,83,/O2 /Ob2 /G5 /MD,gog_1261,18a74ff61c65b8a2d4cfa11ffce82ad7fef022a94eaf0c2f217e479e981420d2,absent-or-stripped,,0,0.000000,78647e26f16cc9659d472a58afb86637def0560133fe01422a72b04f615baf31,
librarydatabase,OpenLibrary,83,/O2 /Ob2 /G5 /MD,gog_1261_new,57a3072c2f8307de84e2f54ac58d3fcd7cf3cef18088bf0f0fdec2ac9202b2b1,absent-or-stripped,,0,0.000000,78647e26f16cc9659d472a58afb86637def0560133fe01422a72b04f615baf31,
librarydatabase,OpenLibrary,83,/O2 /Ob2 /G5 /MD,gog_128_base,18a74ff61c65b8a2d4cfa11ffce82ad7fef022a94eaf0c2f217e479e981420d2,absent-or-stripped,,0,0.000000,78647e26f16cc9659d472a58afb86637def0560133fe01422a72b04f615baf31,
librarydatabase,OpenLibrary,83,/O2 /Ob2 /G5 /MD,gog_128_patch,fdca6d9cd0940034191e82b8e2900de26bb25e381c74128dcb8967360a9fb824,unavailable,,0,0.000000,78647e26f16cc9659d472a58afb86637def0560133fe01422a72b04f615baf31,no-text-section
librarydatabase,OpenLibrary,83,/O2 /Ob2 /G5 /MD,retail_2001_12_23,c3639d43568a1ed233be85c6b3b8129b1a4661e65717220e0514c815aa972edd,unavailable,,0,0.000000,78647e26f16cc9659d472a58afb86637def0560133fe01422a72b04f615baf31,protected-executable
librarydatabase,ReopenCDLibraries,122,/O2 /Ob2 /G5 /MD,demo,8acda50afe39f7e6a867272300a09463fd94aed9a510008fcdefc662143346e4,absent-or-stripped,,0,0.000000,a29df49994c9c673e457d8ba3c5eba25874755a44dad1a540a7bd87eff788523,
librarydatabase,ReopenCDLibraries,122,/O2 /Ob2 /G5 /MD,gog_base,18a74ff61c65b8a2d4cfa11ffce82ad7fef022a94eaf0c2f217e479e981420d2,absent-or-stripped,,0,0.000000,a29df49994c9c673e457d8ba3c5eba25874755a44dad1a540a7bd87eff788523,
librarydatabase,ReopenCDLibraries,122,/O2 /Ob2 /G5 /MD,gog_1261,18a74ff61c65b8a2d4cfa11ffce82ad7fef022a94eaf0c2f217e479e981420d2,absent-or-stripped,,0,0.000000,a29df49994c9c673e457d8ba3c5eba25874755a44dad1a540a7bd87eff788523,
librarydatabase,ReopenCDLibraries,122,/O2 /Ob2 /G5 /MD,gog_1261_new,57a3072c2f8307de84e2f54ac58d3fcd7cf3cef18088bf0f0fdec2ac9202b2b1,absent-or-stripped,,0,0.000000,a29df49994c9c673e457d8ba3c5eba25874755a44dad1a540a7bd87eff788523,
librarydatabase,ReopenCDLibraries,122,/O2 /Ob2 /G5 /MD,gog_128_base,18a74ff61c65b8a2d4cfa11ffce82ad7fef022a94eaf0c2f217e479e981420d2,absent-or-stripped,,0,0.000000,a29df49994c9c673e457d8ba3c5eba25874755a44dad1a540a7bd87eff788523,
librarydatabase,ReopenCDLibraries,122,/O2 /Ob2 /G5 /MD,gog_128_patch,fdca6d9cd0940034191e82b8e2900de26bb25e381c74128dcb8967360a9fb824,unavailable,,0,0.000000,a29df49994c9c673e457d8ba3c5eba25874755a44dad1a540a7bd87eff788523,no-text-section
librarydatabase,ReopenCDLibraries,122,/O2 /Ob2 /G5 /MD,retail_2001_12_23,c3639d43568a1ed233be85c6b3b8129b1a4661e65717220e0514c815aa972edd,unavailable,,0,0.000000,a29df49994c9c673e457d8ba3c5eba25874755a44dad1a540a7bd87eff788523,protected-executable
librarydatabase,ShutDownFileDatabase,145,/O2 /Ob2 /G5 /MD,demo,8acda50afe39f7e6a867272300a09463fd94aed9a510008fcdefc662143346e4,relocation-equivalent,00412e70,1,1.000000,1c3d0960dfd2a59b7bba6bd98384557903b4912a74feac52e028791a585546e5,
librarydatabase,ShutDownFileDatabase,145,/O2 /Ob2 /G5 /MD,gog_base,18a74ff61c65b8a2d4cfa11ffce82ad7fef022a94eaf0c2f217e479e981420d2,relocation-equivalent,00412b10,1,1.000000,1c3d0960dfd2a59b7bba6bd98384557903b4912a74feac52e028791a585546e5,
librarydatabase,ShutDownFileDatabase,145,/O2 /Ob2 /G5 /MD,gog_1261,18a74ff61c65b8a2d4cfa11ffce82ad7fef022a94eaf0c2f217e479e981420d2,relocation-equivalent,00412b10,1,1.000000,1c3d0960dfd2a59b7bba6bd98384557903b4912a74feac52e028791a585546e5,
librarydatabase,ShutDownFileDatabase,145,/O2 /Ob2 /G5 /MD,gog_1261_new,57a3072c2f8307de84e2f54ac58d3fcd7cf3cef18088bf0f0fdec2ac9202b2b1,relocation-equivalent,00412b10,1,1.000000,1c3d0960dfd2a59b7bba6bd98384557903b4912a74feac52e028791a585546e5,
librarydatabase,ShutDownFileDatabase,145,/O2 /Ob2 /G5 /MD,gog_128_base,18a74ff61c65b8a2d4cfa11ffce82ad7fef022a94eaf0c2f217e479e981420d2,relocation-equivalent,00412b10,1,1.000000,1c3d0960dfd2a59b7bba6bd98384557903b4912a74feac52e028791a585546e5,
librarydatabase,ShutDownFileDatabase,145,/O2 /Ob2 /G5 /MD,gog_128_patch,fdca6d9cd0940034191e82b8e2900de26bb25e381c74128dcb8967360a9fb824,unavailable,,0,0.000000,1c3d0960dfd2a59b7bba6bd98384557903b4912a74feac52e028791a585546e5,no-text-section
librarydatabase,ShutDownFileDatabase,145,/O2 /Ob2 /G5 /MD,retail_2001_12_23,c3639d43568a1ed233be85c6b3b8129b1a4661e65717220e0514c815aa972edd,unavailable,,0,0.000000,1c3d0960dfd2a59b7bba6bd98384557903b4912a74feac52e028791a585546e5,protected-executable
dbman,CreateDBFileHandle,25,/O2 /Ob2 /G5 /MD,demo,8acda50afe39f7e6a867272300a09463fd94aed9a510008fcdefc662143346e4,absent-or-stripped,,0,0.000000,7856c752f894f51378bc40020cbf23e31643ddc42454ca5230e0eca6b9a331a4,
dbman,CreateDBFileHandle,25,/O2 /Ob2 /G5 /MD,gog_base,18a74ff61c65b8a2d4cfa11ffce82ad7fef022a94eaf0c2f217e479e981420d2,absent-or-stripped,,0,0.000000,7856c752f894f51378bc40020cbf23e31643ddc42454ca5230e0eca6b9a331a4,
dbman,CreateDBFileHandle,25,/O2 /Ob2 /G5 /MD,gog_1261,18a74ff61c65b8a2d4cfa11ffce82ad7fef022a94eaf0c2f217e479e981420d2,absent-or-stripped,,0,0.000000,7856c752f894f51378bc40020cbf23e31643ddc42454ca5230e0eca6b9a331a4,
dbman,CreateDBFileHandle,25,/O2 /Ob2 /G5 /MD,gog_1261_new,57a3072c2f8307de84e2f54ac58d3fcd7cf3cef18088bf0f0fdec2ac9202b2b1,absent-or-stripped,,0,0.000000,7856c752f894f51378bc40020cbf23e31643ddc42454ca5230e0eca6b9a331a4,
dbman,CreateDBFileHandle,25,/O2 /Ob2 /G5 /MD,gog_128_base,18a74ff61c65b8a2d4cfa11ffce82ad7fef022a94eaf0c2f217e479e981420d2,absent-or-stripped,,0,0.000000,7856c752f894f51378bc40020cbf23e31643ddc42454ca5230e0eca6b9a331a4,
dbman,CreateDBFileHandle,25,/O2 /Ob2 /G5 /MD,gog_128_patch,fdca6d9cd0940034191e82b8e2900de26bb25e381c74128dcb8967360a9fb824,unavailable,,0,0.000000,7856c752f894f51378bc40020cbf23e31643ddc42454ca5230e0eca6b9a331a4,no-text-section
dbman,CreateDBFileHandle,25,/O2 /Ob2 /G5 /MD,retail_2001_12_23,c3639d43568a1ed233be85c6b3b8129b1a4661e65717220e0514c815aa972edd,unavailable,,0,0.000000,7856c752f894f51378bc40020cbf23e31643ddc42454ca5230e0eca6b9a331a4,protected-executable
dbman,DbClose,98,/O2 /Ob2 /G5 /MD,demo,8acda50afe39f7e6a867272300a09463fd94aed9a510008fcdefc662143346e4,absent-or-stripped,,0,0.000000,3e016f86c77b6140c8469b1a3ead4b65d24072268631aa523bb74ca0fe6ac8ef,
dbman,DbClose,98,/O2 /Ob2 /G5 /MD,gog_base,18a74ff61c65b8a2d4cfa11ffce82ad7fef022a94eaf0c2f217e479e981420d2,absent-or-stripped,,0,0.000000,3e016f86c77b6140c8469b1a3ead4b65d24072268631aa523bb74ca0fe6ac8ef,
dbman,DbClose,98,/O2 /Ob2 /G5 /MD,gog_1261,18a74ff61c65b8a2d4cfa11ffce82ad7fef022a94eaf0c2f217e479e981420d2,absent-or-stripped,,0,0.000000,3e016f86c77b6140c8469b1a3ead4b65d24072268631aa523bb74ca0fe6ac8ef,
dbman,DbClose,98,/O2 /Ob2 /G5 /MD,gog_1261_new,57a3072c2f8307de84e2f54ac58d3fcd7cf3cef18088bf0f0fdec2ac9202b2b1,absent-or-stripped,,0,0.000000,3e016f86c77b6140c8469b1a3ead4b65d24072268631aa523bb74ca0fe6ac8ef,
dbman,DbClose,98,/O2 /Ob2 /G5 /MD,gog_128_base,18a74ff61c65b8a2d4cfa11ffce82ad7fef022a94eaf0c2f217e479e981420d2,absent-or-stripped,,0,0.000000,3e016f86c77b6140c8469b1a3ead4b65d24072268631aa523bb74ca0fe6ac8ef,
dbman,DbClose,98,/O2 /Ob2 /G5 /MD,gog_128_patch,fdca6d9cd0940034191e82b8e2900de26bb25e381c74128dcb8967360a9fb824,unavailable,,0,0.000000,3e016f86c77b6140c8469b1a3ead4b65d24072268631aa523bb74ca0fe6ac8ef,no-text-section
dbman,DbClose,98,/O2 /Ob2 /G5 /MD,retail_2001_12_23,c3639d43568a1ed233be85c6b3b8129b1a4661e65717220e0514c815aa972edd,unavailable,,0,0.000000,3e016f86c77b6140c8469b1a3ead4b65d24072268631aa523bb74ca0fe6ac8ef,protected-executable
dbman,DbDebug,10,/O2 /Ob2 /G5 /MD,demo,8acda50afe39f7e6a867272300a09463fd94aed9a510008fcdefc662143346e4,ambiguous-generic,,7,1.000000,1ad516029640c1fe9b0955eb9147d728ed17f167a636d9f9c5640f2a38c6bb10,
dbman,DbDebug,10,/O2 /Ob2 /G5 /MD,gog_base,18a74ff61c65b8a2d4cfa11ffce82ad7fef022a94eaf0c2f217e479e981420d2,ambiguous-generic,,6,1.000000,1ad516029640c1fe9b0955eb9147d728ed17f167a636d9f9c5640f2a38c6bb10,
dbman,DbDebug,10,/O2 /Ob2 /G5 /MD,gog_1261,18a74ff61c65b8a2d4cfa11ffce82ad7fef022a94eaf0c2f217e479e981420d2,ambiguous-generic,,6,1.000000,1ad516029640c1fe9b0955eb9147d728ed17f167a636d9f9c5640f2a38c6bb10,
dbman,DbDebug,10,/O2 /Ob2 /G5 /MD,gog_1261_new,57a3072c2f8307de84e2f54ac58d3fcd7cf3cef18088bf0f0fdec2ac9202b2b1,ambiguous-generic,,6,1.000000,1ad516029640c1fe9b0955eb9147d728ed17f167a636d9f9c5640f2a38c6bb10,
dbman,DbDebug,10,/O2 /Ob2 /G5 /MD,gog_128_base,18a74ff61c65b8a2d4cfa11ffce82ad7fef022a94eaf0c2f217e479e981420d2,ambiguous-generic,,6,1.000000,1ad516029640c1fe9b0955eb9147d728ed17f167a636d9f9c5640f2a38c6bb10,
dbman,DbDebug,10,/O2 /Ob2 /G5 /MD,gog_128_patch,fdca6d9cd0940034191e82b8e2900de26bb25e381c74128dcb8967360a9fb824,unavailable,,0,0.000000,1ad516029640c1fe9b0955eb9147d728ed17f167a636d9f9c5640f2a38c6bb10,no-text-section
dbman,DbDebug,10,/O2 /Ob2 /G5 /MD,retail_2001_12_23,c3639d43568a1ed233be85c6b3b8129b1a4661e65717220e0514c815aa972edd,unavailable,,0,0.000000,1ad516029640c1fe9b0955eb9147d728ed17f167a636d9f9c5640f2a38c6bb10,protected-executable
dbman,DbDebugPrint,1,/O2 /Ob2 /G5 /MD,demo,8acda50afe39f7e6a867272300a09463fd94aed9a510008fcdefc662143346e4,ambiguous-generic,,13271,1.000000,ae3f4619b0413d70d3004b9131c3752153074e45725be13b9a148978895e359e,
dbman,DbDebugPrint,1,/O2 /Ob2 /G5 /MD,gog_base,18a74ff61c65b8a2d4cfa11ffce82ad7fef022a94eaf0c2f217e479e981420d2,ambiguous-generic,,13531,1.000000,ae3f4619b0413d70d3004b9131c3752153074e45725be13b9a148978895e359e,
dbman,DbDebugPrint,1,/O2 /Ob2 /G5 /MD,gog_1261,18a74ff61c65b8a2d4cfa11ffce82ad7fef022a94eaf0c2f217e479e981420d2,ambiguous-generic,,13531,1.000000,ae3f4619b0413d70d3004b9131c3752153074e45725be13b9a148978895e359e,
dbman,DbDebugPrint,1,/O2 /Ob2 /G5 /MD,gog_1261_new,57a3072c2f8307de84e2f54ac58d3fcd7cf3cef18088bf0f0fdec2ac9202b2b1,ambiguous-generic,,13531,1.000000,ae3f4619b0413d70d3004b9131c3752153074e45725be13b9a148978895e359e,
dbman,DbDebugPrint,1,/O2 /Ob2 /G5 /MD,gog_128_base,18a74ff61c65b8a2d4cfa11ffce82ad7fef022a94eaf0c2f217e479e981420d2,ambiguous-generic,,13531,1.000000,ae3f4619b0413d70d3004b9131c3752153074e45725be13b9a148978895e359e,
dbman,DbDebugPrint,1,/O2 /Ob2 /G5 /MD,gog_128_patch,fdca6d9cd0940034191e82b8e2900de26bb25e381c74128dcb8967360a9fb824,unavailable,,0,0.000000,ae3f4619b0413d70d3004b9131c3752153074e45725be13b9a148978895e359e,no-text-section
dbman,DbDebugPrint,1,/O2 /Ob2 /G5 /MD,retail_2001_12_23,c3639d43568a1ed233be85c6b3b8129b1a4661e65717220e0514c815aa972edd,unavailable,,0,0.000000,ae3f4619b0413d70d3004b9131c3752153074e45725be13b9a148978895e359e,protected-executable
dbman,DbExists,14,/O2 /Ob2 /G5 /MD,demo,8acda50afe39f7e6a867272300a09463fd94aed9a510008fcdefc662143346e4,relocation-equivalent,0051dcce,1,1.000000,961e9c66fddd7e1028f5c34531408a3df46b092f0140f0dd69e319313f88b645,
dbman,DbExists,14,/O2 /Ob2 /G5 /MD,gog_base,18a74ff61c65b8a2d4cfa11ffce82ad7fef022a94eaf0c2f217e479e981420d2,relocation-equivalent,00519bee,1,1.000000,961e9c66fddd7e1028f5c34531408a3df46b092f0140f0dd69e319313f88b645,
dbman,DbExists,14,/O2 /Ob2 /G5 /MD,gog_1261,18a74ff61c65b8a2d4cfa11ffce82ad7fef022a94eaf0c2f217e479e981420d2,relocation-equivalent,00519bee,1,1.000000,961e9c66fddd7e1028f5c34531408a3df46b092f0140f0dd69e319313f88b645,
dbman,DbExists,14,/O2 /Ob2 /G5 /MD,gog_1261_new,57a3072c2f8307de84e2f54ac58d3fcd7cf3cef18088bf0f0fdec2ac9202b2b1,relocation-equivalent,00519bee,1,1.000000,961e9c66fddd7e1028f5c34531408a3df46b092f0140f0dd69e319313f88b645,
dbman,DbExists,14,/O2 /Ob2 /G5 /MD,gog_128_base,18a74ff61c65b8a2d4cfa11ffce82ad7fef022a94eaf0c2f217e479e981420d2,relocation-equivalent,00519bee,1,1.000000,961e9c66fddd7e1028f5c34531408a3df46b092f0140f0dd69e319313f88b645,
dbman,DbExists,14,/O2 /Ob2 /G5 /MD,gog_128_patch,fdca6d9cd0940034191e82b8e2900de26bb25e381c74128dcb8967360a9fb824,unavailable,,0,0.000000,961e9c66fddd7e1028f5c34531408a3df46b092f0140f0dd69e319313f88b645,no-text-section
dbman,DbExists,14,/O2 /Ob2 /G5 /MD,retail_2001_12_23,c3639d43568a1ed233be85c6b3b8129b1a4661e65717220e0514c815aa972edd,unavailable,,0,0.000000,961e9c66fddd7e1028f5c34531408a3df46b092f0140f0dd69e319313f88b645,protected-executable
dbman,DbFileClose,109,/O2 /Ob2 /G5 /MD,demo,8acda50afe39f7e6a867272300a09463fd94aed9a510008fcdefc662143346e4,absent-or-stripped,,0,0.000000,1edd8446b3aa5dbd0d182431ecb68463f2512125927bcdbc12b854bb1034f05e,
dbman,DbFileClose,109,/O2 /Ob2 /G5 /MD,gog_base,18a74ff61c65b8a2d4cfa11ffce82ad7fef022a94eaf0c2f217e479e981420d2,absent-or-stripped,,0,0.000000,1edd8446b3aa5dbd0d182431ecb68463f2512125927bcdbc12b854bb1034f05e,
dbman,DbFileClose,109,/O2 /Ob2 /G5 /MD,gog_1261,18a74ff61c65b8a2d4cfa11ffce82ad7fef022a94eaf0c2f217e479e981420d2,absent-or-stripped,,0,0.000000,1edd8446b3aa5dbd0d182431ecb68463f2512125927bcdbc12b854bb1034f05e,
dbman,DbFileClose,109,/O2 /Ob2 /G5 /MD,gog_1261_new,57a3072c2f8307de84e2f54ac58d3fcd7cf3cef18088bf0f0fdec2ac9202b2b1,absent-or-stripped,,0,0.000000,1edd8446b3aa5dbd0d182431ecb68463f2512125927bcdbc12b854bb1034f05e,
dbman,DbFileClose,109,/O2 /Ob2 /G5 /MD,gog_128_base,18a74ff61c65b8a2d4cfa11ffce82ad7fef022a94eaf0c2f217e479e981420d2,absent-or-stripped,,0,0.000000,1edd8446b3aa5dbd0d182431ecb68463f2512125927bcdbc12b854bb1034f05e,
dbman,DbFileClose,109,/O2 /Ob2 /G5 /MD,gog_128_patch,fdca6d9cd0940034191e82b8e2900de26bb25e381c74128dcb8967360a9fb824,unavailable,,0,0.000000,1edd8446b3aa5dbd0d182431ecb68463f2512125927bcdbc12b854bb1034f05e,no-text-section
dbman,DbFileClose,109,/O2 /Ob2 /G5 /MD,retail_2001_12_23,c3639d43568a1ed233be85c6b3b8129b1a4661e65717220e0514c815aa972edd,unavailable,,0,0.000000,1edd8446b3aa5dbd0d182431ecb68463f2512125927bcdbc12b854bb1034f05e,protected-executable
dbman,DbFileGetPos,121,/O2 /Ob2 /G5 /MD,demo,8acda50afe39f7e6a867272300a09463fd94aed9a510008fcdefc662143346e4,absent-or-stripped,,0,0.000000,be42409c30cf0efd78b850bbc0d7aa24edf2f444577eadbb2ba9b17f34974edc,
dbman,DbFileGetPos,121,/O2 /Ob2 /G5 /MD,gog_base,18a74ff61c65b8a2d4cfa11ffce82ad7fef022a94eaf0c2f217e479e981420d2,absent-or-stripped,,0,0.000000,be42409c30cf0efd78b850bbc0d7aa24edf2f444577eadbb2ba9b17f34974edc,
dbman,DbFileGetPos,121,/O2 /Ob2 /G5 /MD,gog_1261,18a74ff61c65b8a2d4cfa11ffce82ad7fef022a94eaf0c2f217e479e981420d2,absent-or-stripped,,0,0.000000,be42409c30cf0efd78b850bbc0d7aa24edf2f444577eadbb2ba9b17f34974edc,
dbman,DbFileGetPos,121,/O2 /Ob2 /G5 /MD,gog_1261_new,57a3072c2f8307de84e2f54ac58d3fcd7cf3cef18088bf0f0fdec2ac9202b2b1,absent-or-stripped,,0,0.000000,be42409c30cf0efd78b850bbc0d7aa24edf2f444577eadbb2ba9b17f34974edc,
dbman,DbFileGetPos,121,/O2 /Ob2 /G5 /MD,gog_128_base,18a74ff61c65b8a2d4cfa11ffce82ad7fef022a94eaf0c2f217e479e981420d2,absent-or-stripped,,0,0.000000,be42409c30cf0efd78b850bbc0d7aa24edf2f444577eadbb2ba9b17f34974edc,
dbman,DbFileGetPos,121,/O2 /Ob2 /G5 /MD,gog_128_patch,fdca6d9cd0940034191e82b8e2900de26bb25e381c74128dcb8967360a9fb824,unavailable,,0,0.000000,be42409c30cf0efd78b850bbc0d7aa24edf2f444577eadbb2ba9b17f34974edc,no-text-section
dbman,DbFileGetPos,121,/O2 /Ob2 /G5 /MD,retail_2001_12_23,c3639d43568a1ed233be85c6b3b8129b1a4661e65717220e0514c815aa972edd,unavailable,,0,0.000000,be42409c30cf0efd78b850bbc0d7aa24edf2f444577eadbb2ba9b17f34974edc,protected-executable
dbman,DbFileGetSize,104,/O2 /Ob2 /G5 /MD,demo,8acda50afe39f7e6a867272300a09463fd94aed9a510008fcdefc662143346e4,absent-or-stripped,,0,0.000000,7ae8228363a0aa0ee3bfa31bf7b51a4c2fde87fd352f14318bf572d023917b8f,
dbman,DbFileGetSize,104,/O2 /Ob2 /G5 /MD,gog_base,18a74ff61c65b8a2d4cfa11ffce82ad7fef022a94eaf0c2f217e479e981420d2,absent-or-stripped,,0,0.000000,7ae8228363a0aa0ee3bfa31bf7b51a4c2fde87fd352f14318bf572d023917b8f,
dbman,DbFileGetSize,104,/O2 /Ob2 /G5 /MD,gog_1261,18a74ff61c65b8a2d4cfa11ffce82ad7fef022a94eaf0c2f217e479e981420d2,absent-or-stripped,,0,0.000000,7ae8228363a0aa0ee3bfa31bf7b51a4c2fde87fd352f14318bf572d023917b8f,
dbman,DbFileGetSize,104,/O2 /Ob2 /G5 /MD,gog_1261_new,57a3072c2f8307de84e2f54ac58d3fcd7cf3cef18088bf0f0fdec2ac9202b2b1,absent-or-stripped,,0,0.000000,7ae8228363a0aa0ee3bfa31bf7b51a4c2fde87fd352f14318bf572d023917b8f,
dbman,DbFileGetSize,104,/O2 /Ob2 /G5 /MD,gog_128_base,18a74ff61c65b8a2d4cfa11ffce82ad7fef022a94eaf0c2f217e479e981420d2,absent-or-stripped,,0,0.000000,7ae8228363a0aa0ee3bfa31bf7b51a4c2fde87fd352f14318bf572d023917b8f,
dbman,DbFileGetSize,104,/O2 /Ob2 /G5 /MD,gog_128_patch,fdca6d9cd0940034191e82b8e2900de26bb25e381c74128dcb8967360a9fb824,unavailable,,0,0.000000,7ae8228363a0aa0ee3bfa31bf7b51a4c2fde87fd352f14318bf572d023917b8f,no-text-section
dbman,DbFileGetSize,104,/O2 /Ob2 /G5 /MD,retail_2001_12_23,c3639d43568a1ed233be85c6b3b8129b1a4661e65717220e0514c815aa972edd,unavailable,,0,0.000000,7ae8228363a0aa0ee3bfa31bf7b51a4c2fde87fd352f14318bf572d023917b8f,protected-executable
dbman,DbFileLoad,172,/O2 /Ob2 /G5 /MD,demo,8acda50afe39f7e6a867272300a09463fd94aed9a510008fcdefc662143346e4,absent-or-stripped,,0,0.000000,a969f322d8f895e37de9ae9e83bccbeac6b4835a0ebcc7fd1c7acbb1f6f7d260,
dbman,DbFileLoad,172,/O2 /Ob2 /G5 /MD,gog_base,18a74ff61c65b8a2d4cfa11ffce82ad7fef022a94eaf0c2f217e479e981420d2,absent-or-stripped,,0,0.000000,a969f322d8f895e37de9ae9e83bccbeac6b4835a0ebcc7fd1c7acbb1f6f7d260,
dbman,DbFileLoad,172,/O2 /Ob2 /G5 /MD,gog_1261,18a74ff61c65b8a2d4cfa11ffce82ad7fef022a94eaf0c2f217e479e981420d2,absent-or-stripped,,0,0.000000,a969f322d8f895e37de9ae9e83bccbeac6b4835a0ebcc7fd1c7acbb1f6f7d260,
dbman,DbFileLoad,172,/O2 /Ob2 /G5 /MD,gog_1261_new,57a3072c2f8307de84e2f54ac58d3fcd7cf3cef18088bf0f0fdec2ac9202b2b1,absent-or-stripped,,0,0.000000,a969f322d8f895e37de9ae9e83bccbeac6b4835a0ebcc7fd1c7acbb1f6f7d260,
dbman,DbFileLoad,172,/O2 /Ob2 /G5 /MD,gog_128_base,18a74ff61c65b8a2d4cfa11ffce82ad7fef022a94eaf0c2f217e479e981420d2,absent-or-stripped,,0,0.000000,a969f322d8f895e37de9ae9e83bccbeac6b4835a0ebcc7fd1c7acbb1f6f7d260,
dbman,DbFileLoad,172,/O2 /Ob2 /G5 /MD,gog_128_patch,fdca6d9cd0940034191e82b8e2900de26bb25e381c74128dcb8967360a9fb824,unavailable,,0,0.000000,a969f322d8f895e37de9ae9e83bccbeac6b4835a0ebcc7fd1c7acbb1f6f7d260,no-text-section
dbman,DbFileLoad,172,/O2 /Ob2 /G5 /MD,retail_2001_12_23,c3639d43568a1ed233be85c6b3b8129b1a4661e65717220e0514c815aa972edd,unavailable,,0,0.000000,a969f322d8f895e37de9ae9e83bccbeac6b4835a0ebcc7fd1c7acbb1f6f7d260,protected-executable
dbman,DbFileOpen,620,/O2 /Ob2 /G5 /MD,demo,8acda50afe39f7e6a867272300a09463fd94aed9a510008fcdefc662143346e4,absent-or-stripped,,0,0.000000,3f7913d88a03ac48eaefff0dbfac47a2746f63846ca4a707860a77473217c9cb,
dbman,DbFileOpen,620,/O2 /Ob2 /G5 /MD,gog_base,18a74ff61c65b8a2d4cfa11ffce82ad7fef022a94eaf0c2f217e479e981420d2,absent-or-stripped,,0,0.000000,3f7913d88a03ac48eaefff0dbfac47a2746f63846ca4a707860a77473217c9cb,
dbman,DbFileOpen,620,/O2 /Ob2 /G5 /MD,gog_1261,18a74ff61c65b8a2d4cfa11ffce82ad7fef022a94eaf0c2f217e479e981420d2,absent-or-stripped,,0,0.000000,3f7913d88a03ac48eaefff0dbfac47a2746f63846ca4a707860a77473217c9cb,
dbman,DbFileOpen,620,/O2 /Ob2 /G5 /MD,gog_1261_new,57a3072c2f8307de84e2f54ac58d3fcd7cf3cef18088bf0f0fdec2ac9202b2b1,absent-or-stripped,,0,0.000000,3f7913d88a03ac48eaefff0dbfac47a2746f63846ca4a707860a77473217c9cb,
dbman,DbFileOpen,620,/O2 /Ob2 /G5 /MD,gog_128_base,18a74ff61c65b8a2d4cfa11ffce82ad7fef022a94eaf0c2f217e479e981420d2,absent-or-stripped,,0,0.000000,3f7913d88a03ac48eaefff0dbfac47a2746f63846ca4a707860a77473217c9cb,
dbman,DbFileOpen,620,/O2 /Ob2 /G5 /MD,gog_128_patch,fdca6d9cd0940034191e82b8e2900de26bb25e381c74128dcb8967360a9fb824,unavailable,,0,0.000000,3f7913d88a03ac48eaefff0dbfac47a2746f63846ca4a707860a77473217c9cb,no-text-section
dbman,DbFileOpen,620,/O2 /Ob2 /G5 /MD,retail_2001_12_23,c3639d43568a1ed233be85c6b3b8129b1a4661e65717220e0514c815aa972edd,unavailable,,0,0.000000,3f7913d88a03ac48eaefff0dbfac47a2746f63846ca4a707860a77473217c9cb,protected-executable
dbman,DbFileRead,241,/O2 /Ob2 /G5 /MD,demo,8acda50afe39f7e6a867272300a09463fd94aed9a510008fcdefc662143346e4,absent-or-stripped,,0,0.000000,486a1a9b7f91d48741cfbd13113b305bf8a30bcc2c638e5ec4d9e3791ff1b714,
dbman,DbFileRead,241,/O2 /Ob2 /G5 /MD,gog_base,18a74ff61c65b8a2d4cfa11ffce82ad7fef022a94eaf0c2f217e479e981420d2,absent-or-stripped,,0,0.000000,486a1a9b7f91d48741cfbd13113b305bf8a30bcc2c638e5ec4d9e3791ff1b714,
dbman,DbFileRead,241,/O2 /Ob2 /G5 /MD,gog_1261,18a74ff61c65b8a2d4cfa11ffce82ad7fef022a94eaf0c2f217e479e981420d2,absent-or-stripped,,0,0.000000,486a1a9b7f91d48741cfbd13113b305bf8a30bcc2c638e5ec4d9e3791ff1b714,
dbman,DbFileRead,241,/O2 /Ob2 /G5 /MD,gog_1261_new,57a3072c2f8307de84e2f54ac58d3fcd7cf3cef18088bf0f0fdec2ac9202b2b1,absent-or-stripped,,0,0.000000,486a1a9b7f91d48741cfbd13113b305bf8a30bcc2c638e5ec4d9e3791ff1b714,
dbman,DbFileRead,241,/O2 /Ob2 /G5 /MD,gog_128_base,18a74ff61c65b8a2d4cfa11ffce82ad7fef022a94eaf0c2f217e479e981420d2,absent-or-stripped,,0,0.000000,486a1a9b7f91d48741cfbd13113b305bf8a30bcc2c638e5ec4d9e3791ff1b714,
dbman,DbFileRead,241,/O2 /Ob2 /G5 /MD,gog_128_patch,fdca6d9cd0940034191e82b8e2900de26bb25e381c74128dcb8967360a9fb824,unavailable,,0,0.000000,486a1a9b7f91d48741cfbd13113b305bf8a30bcc2c638e5ec4d9e3791ff1b714,no-text-section
dbman,DbFileRead,241,/O2 /Ob2 /G5 /MD,retail_2001_12_23,c3639d43568a1ed233be85c6b3b8129b1a4661e65717220e0514c815aa972edd,unavailable,,0,0.000000,486a1a9b7f91d48741cfbd13113b305bf8a30bcc2c638e5ec4d9e3791ff1b714,protected-executable
dbman,DbFileSeek,118,/O2 /Ob2 /G5 /MD,demo,8acda50afe39f7e6a867272300a09463fd94aed9a510008fcdefc662143346e4,absent-or-stripped,,0,0.000000,da6b65c27a9c24d3326f7b9245a5a6db90e9c5f82c3ae3e371be745cf8b818cf,
dbman,DbFileSeek,118,/O2 /Ob2 /G5 /MD,gog_base,18a74ff61c65b8a2d4cfa11ffce82ad7fef022a94eaf0c2f217e479e981420d2,absent-or-stripped,,0,0.000000,da6b65c27a9c24d3326f7b9245a5a6db90e9c5f82c3ae3e371be745cf8b818cf,
dbman,DbFileSeek,118,/O2 /Ob2 /G5 /MD,gog_1261,18a74ff61c65b8a2d4cfa11ffce82ad7fef022a94eaf0c2f217e479e981420d2,absent-or-stripped,,0,0.000000,da6b65c27a9c24d3326f7b9245a5a6db90e9c5f82c3ae3e371be745cf8b818cf,
dbman,DbFileSeek,118,/O2 /Ob2 /G5 /MD,gog_1261_new,57a3072c2f8307de84e2f54ac58d3fcd7cf3cef18088bf0f0fdec2ac9202b2b1,absent-or-stripped,,0,0.000000,da6b65c27a9c24d3326f7b9245a5a6db90e9c5f82c3ae3e371be745cf8b818cf,
dbman,DbFileSeek,118,/O2 /Ob2 /G5 /MD,gog_128_base,18a74ff61c65b8a2d4cfa11ffce82ad7fef022a94eaf0c2f217e479e981420d2,absent-or-stripped,,0,0.000000,da6b65c27a9c24d3326f7b9245a5a6db90e9c5f82c3ae3e371be745cf8b818cf,
dbman,DbFileSeek,118,/O2 /Ob2 /G5 /MD,gog_128_patch,fdca6d9cd0940034191e82b8e2900de26bb25e381c74128dcb8967360a9fb824,unavailable,,0,0.000000,da6b65c27a9c24d3326f7b9245a5a6db90e9c5f82c3ae3e371be745cf8b818cf,no-text-section
dbman,DbFileSeek,118,/O2 /Ob2 /G5 /MD,retail_2001_12_23,c3639d43568a1ed233be85c6b3b8129b1a4661e65717220e0514c815aa972edd,unavailable,,0,0.000000,da6b65c27a9c24d3326f7b9245a5a6db90e9c5f82c3ae3e371be745cf8b818cf,protected-executable
dbman,DbOpen,794,/O2 /Ob2 /G5 /MD,demo,8acda50afe39f7e6a867272300a09463fd94aed9a510008fcdefc662143346e4,absent-or-stripped,,0,0.000000,02b3e65685577c8f03c9178893a6d39ebf3191718660c38d946df8b6ef7ee566,
dbman,DbOpen,794,/O2 /Ob2 /G5 /MD,gog_base,18a74ff61c65b8a2d4cfa11ffce82ad7fef022a94eaf0c2f217e479e981420d2,absent-or-stripped,,0,0.000000,02b3e65685577c8f03c9178893a6d39ebf3191718660c38d946df8b6ef7ee566,
dbman,DbOpen,794,/O2 /Ob2 /G5 /MD,gog_1261,18a74ff61c65b8a2d4cfa11ffce82ad7fef022a94eaf0c2f217e479e981420d2,absent-or-stripped,,0,0.000000,02b3e65685577c8f03c9178893a6d39ebf3191718660c38d946df8b6ef7ee566,
dbman,DbOpen,794,/O2 /Ob2 /G5 /MD,gog_1261_new,57a3072c2f8307de84e2f54ac58d3fcd7cf3cef18088bf0f0fdec2ac9202b2b1,absent-or-stripped,,0,0.000000,02b3e65685577c8f03c9178893a6d39ebf3191718660c38d946df8b6ef7ee566,
dbman,DbOpen,794,/O2 /Ob2 /G5 /MD,gog_128_base,18a74ff61c65b8a2d4cfa11ffce82ad7fef022a94eaf0c2f217e479e981420d2,absent-or-stripped,,0,0.000000,02b3e65685577c8f03c9178893a6d39ebf3191718660c38d946df8b6ef7ee566,
dbman,DbOpen,794,/O2 /Ob2 /G5 /MD,gog_128_patch,fdca6d9cd0940034191e82b8e2900de26bb25e381c74128dcb8967360a9fb824,unavailable,,0,0.000000,02b3e65685577c8f03c9178893a6d39ebf3191718660c38d946df8b6ef7ee566,no-text-section
dbman,DbOpen,794,/O2 /Ob2 /G5 /MD,retail_2001_12_23,c3639d43568a1ed233be85c6b3b8129b1a4661e65717220e0514c815aa972edd,unavailable,,0,0.000000,02b3e65685577c8f03c9178893a6d39ebf3191718660c38d946df8b6ef7ee566,protected-executable
dbman,GetShortFilename,97,/O2 /Ob2 /G5 /MD,demo,8acda50afe39f7e6a867272300a09463fd94aed9a510008fcdefc662143346e4,absent-or-stripped,,0,0.000000,96ed4b3a2d026adb7f3920df1e0587b6806053adb4345989f74a2cf70371e7b2,
dbman,GetShortFilename,97,/O2 /Ob2 /G5 /MD,gog_base,18a74ff61c65b8a2d4cfa11ffce82ad7fef022a94eaf0c2f217e479e981420d2,absent-or-stripped,,0,0.000000,96ed4b3a2d026adb7f3920df1e0587b6806053adb4345989f74a2cf70371e7b2,
dbman,GetShortFilename,97,/O2 /Ob2 /G5 /MD,gog_1261,18a74ff61c65b8a2d4cfa11ffce82ad7fef022a94eaf0c2f217e479e981420d2,absent-or-stripped,,0,0.000000,96ed4b3a2d026adb7f3920df1e0587b6806053adb4345989f74a2cf70371e7b2,
dbman,GetShortFilename,97,/O2 /Ob2 /G5 /MD,gog_1261_new,57a3072c2f8307de84e2f54ac58d3fcd7cf3cef18088bf0f0fdec2ac9202b2b1,absent-or-stripped,,0,0.000000,96ed4b3a2d026adb7f3920df1e0587b6806053adb4345989f74a2cf70371e7b2,
dbman,GetShortFilename,97,/O2 /Ob2 /G5 /MD,gog_128_base,18a74ff61c65b8a2d4cfa11ffce82ad7fef022a94eaf0c2f217e479e981420d2,absent-or-stripped,,0,0.000000,96ed4b3a2d026adb7f3920df1e0587b6806053adb4345989f74a2cf70371e7b2,
dbman,GetShortFilename,97,/O2 /Ob2 /G5 /MD,gog_128_patch,fdca6d9cd0940034191e82b8e2900de26bb25e381c74128dcb8967360a9fb824,unavailable,,0,0.000000,96ed4b3a2d026adb7f3920df1e0587b6806053adb4345989f74a2cf70371e7b2,no-text-section
dbman,GetShortFilename,97,/O2 /Ob2 /G5 /MD,retail_2001_12_23,c3639d43568a1ed233be85c6b3b8129b1a4661e65717220e0514c815aa972edd,unavailable,,0,0.000000,96ed4b3a2d026adb7f3920df1e0587b6806053adb4345989f74a2cf70371e7b2,protected-executable
dbman,InitDB,164,/O2 /Ob2 /G5 /MD,demo,8acda50afe39f7e6a867272300a09463fd94aed9a510008fcdefc662143346e4,absent-or-stripped,,0,0.000000,fd365a10903d3f3375a03d991bebe33e0568293cfa4b0558a93ba4b6ceae02b4,
dbman,InitDB,164,/O2 /Ob2 /G5 /MD,gog_base,18a74ff61c65b8a2d4cfa11ffce82ad7fef022a94eaf0c2f217e479e981420d2,absent-or-stripped,,0,0.000000,fd365a10903d3f3375a03d991bebe33e0568293cfa4b0558a93ba4b6ceae02b4,
dbman,InitDB,164,/O2 /Ob2 /G5 /MD,gog_1261,18a74ff61c65b8a2d4cfa11ffce82ad7fef022a94eaf0c2f217e479e981420d2,absent-or-stripped,,0,0.000000,fd365a10903d3f3375a03d991bebe33e0568293cfa4b0558a93ba4b6ceae02b4,
dbman,InitDB,164,/O2 /Ob2 /G5 /MD,gog_1261_new,57a3072c2f8307de84e2f54ac58d3fcd7cf3cef18088bf0f0fdec2ac9202b2b1,absent-or-stripped,,0,0.000000,fd365a10903d3f3375a03d991bebe33e0568293cfa4b0558a93ba4b6ceae02b4,
dbman,InitDB,164,/O2 /Ob2 /G5 /MD,gog_128_base,18a74ff61c65b8a2d4cfa11ffce82ad7fef022a94eaf0c2f217e479e981420d2,absent-or-stripped,,0,0.000000,fd365a10903d3f3375a03d991bebe33e0568293cfa4b0558a93ba4b6ceae02b4,
dbman,InitDB,164,/O2 /Ob2 /G5 /MD,gog_128_patch,fdca6d9cd0940034191e82b8e2900de26bb25e381c74128dcb8967360a9fb824,unavailable,,0,0.000000,fd365a10903d3f3375a03d991bebe33e0568293cfa4b0558a93ba4b6ceae02b4,no-text-section
dbman,InitDB,164,/O2 /Ob2 /G5 /MD,retail_2001_12_23,c3639d43568a1ed233be85c6b3b8129b1a4661e65717220e0514c815aa972edd,unavailable,,0,0.000000,fd365a10903d3f3375a03d991bebe33e0568293cfa4b0558a93ba4b6ceae02b4,protected-executable
dbman,InitFile,464,/O2 /Ob2 /G5 /MD,demo,8acda50afe39f7e6a867272300a09463fd94aed9a510008fcdefc662143346e4,absent-or-stripped,,0,0.000000,7a42e777c2002b0aa45452bcfd6e503e8d7b1dbc32911823c8e76b6a1d6330b1,
dbman,InitFile,464,/O2 /Ob2 /G5 /MD,gog_base,18a74ff61c65b8a2d4cfa11ffce82ad7fef022a94eaf0c2f217e479e981420d2,absent-or-stripped,,0,0.000000,7a42e777c2002b0aa45452bcfd6e503e8d7b1dbc32911823c8e76b6a1d6330b1,
dbman,InitFile,464,/O2 /Ob2 /G5 /MD,gog_1261,18a74ff61c65b8a2d4cfa11ffce82ad7fef022a94eaf0c2f217e479e981420d2,absent-or-stripped,,0,0.000000,7a42e777c2002b0aa45452bcfd6e503e8d7b1dbc32911823c8e76b6a1d6330b1,
dbman,InitFile,464,/O2 /Ob2 /G5 /MD,gog_1261_new,57a3072c2f8307de84e2f54ac58d3fcd7cf3cef18088bf0f0fdec2ac9202b2b1,absent-or-stripped,,0,0.000000,7a42e777c2002b0aa45452bcfd6e503e8d7b1dbc32911823c8e76b6a1d6330b1,
dbman,InitFile,464,/O2 /Ob2 /G5 /MD,gog_128_base,18a74ff61c65b8a2d4cfa11ffce82ad7fef022a94eaf0c2f217e479e981420d2,absent-or-stripped,,0,0.000000,7a42e777c2002b0aa45452bcfd6e503e8d7b1dbc32911823c8e76b6a1d6330b1,
dbman,InitFile,464,/O2 /Ob2 /G5 /MD,gog_128_patch,fdca6d9cd0940034191e82b8e2900de26bb25e381c74128dcb8967360a9fb824,unavailable,,0,0.000000,7a42e777c2002b0aa45452bcfd6e503e8d7b1dbc32911823c8e76b6a1d6330b1,no-text-section
dbman,InitFile,464,/O2 /Ob2 /G5 /MD,retail_2001_12_23,c3639d43568a1ed233be85c6b3b8129b1a4661e65717220e0514c815aa972edd,unavailable,,0,0.000000,7a42e777c2002b0aa45452bcfd6e503e8d7b1dbc32911823c8e76b6a1d6330b1,protected-executable
dbman,InitializeDatabaseManager,136,/O2 /Ob2 /G5 /MD,demo,8acda50afe39f7e6a867272300a09463fd94aed9a510008fcdefc662143346e4,absent-or-stripped,,0,0.000000,edad026c60ec4d81f501dff15427e0b8fa4182d162b604af3a00a4778522a630,
dbman,InitializeDatabaseManager,136,/O2 /Ob2 /G5 /MD,gog_base,18a74ff61c65b8a2d4cfa11ffce82ad7fef022a94eaf0c2f217e479e981420d2,absent-or-stripped,,0,0.000000,edad026c60ec4d81f501dff15427e0b8fa4182d162b604af3a00a4778522a630,
dbman,InitializeDatabaseManager,136,/O2 /Ob2 /G5 /MD,gog_1261,18a74ff61c65b8a2d4cfa11ffce82ad7fef022a94eaf0c2f217e479e981420d2,absent-or-stripped,,0,0.000000,edad026c60ec4d81f501dff15427e0b8fa4182d162b604af3a00a4778522a630,
dbman,InitializeDatabaseManager,136,/O2 /Ob2 /G5 /MD,gog_1261_new,57a3072c2f8307de84e2f54ac58d3fcd7cf3cef18088bf0f0fdec2ac9202b2b1,absent-or-stripped,,0,0.000000,edad026c60ec4d81f501dff15427e0b8fa4182d162b604af3a00a4778522a630,
dbman,InitializeDatabaseManager,136,/O2 /Ob2 /G5 /MD,gog_128_base,18a74ff61c65b8a2d4cfa11ffce82ad7fef022a94eaf0c2f217e479e981420d2,absent-or-stripped,,0,0.000000,edad026c60ec4d81f501dff15427e0b8fa4182d162b604af3a00a4778522a630,
dbman,InitializeDatabaseManager,136,/O2 /Ob2 /G5 /MD,gog_128_patch,fdca6d9cd0940034191e82b8e2900de26bb25e381c74128dcb8967360a9fb824,unavailable,,0,0.000000,edad026c60ec4d81f501dff15427e0b8fa4182d162b604af3a00a4778522a630,no-text-section
dbman,InitializeDatabaseManager,136,/O2 /Ob2 /G5 /MD,retail_2001_12_23,c3639d43568a1ed233be85c6b3b8129b1a4661e65717220e0514c815aa972edd,unavailable,,0,0.000000,edad026c60ec4d81f501dff15427e0b8fa4182d162b604af3a00a4778522a630,protected-executable
dbman,LoadBucket,557,/O2 /Ob2 /G5 /MD,demo,8acda50afe39f7e6a867272300a09463fd94aed9a510008fcdefc662143346e4,absent-or-stripped,,0,0.000000,f3bcf596646dcc5555b01f1ecf235780e0a8dd341da9b2091685eb7563725a74,
dbman,LoadBucket,557,/O2 /Ob2 /G5 /MD,gog_base,18a74ff61c65b8a2d4cfa11ffce82ad7fef022a94eaf0c2f217e479e981420d2,absent-or-stripped,,0,0.000000,f3bcf596646dcc5555b01f1ecf235780e0a8dd341da9b2091685eb7563725a74,
dbman,LoadBucket,557,/O2 /Ob2 /G5 /MD,gog_1261,18a74ff61c65b8a2d4cfa11ffce82ad7fef022a94eaf0c2f217e479e981420d2,absent-or-stripped,,0,0.000000,f3bcf596646dcc5555b01f1ecf235780e0a8dd341da9b2091685eb7563725a74,
dbman,LoadBucket,557,/O2 /Ob2 /G5 /MD,gog_1261_new,57a3072c2f8307de84e2f54ac58d3fcd7cf3cef18088bf0f0fdec2ac9202b2b1,absent-or-stripped,,0,0.000000,f3bcf596646dcc5555b01f1ecf235780e0a8dd341da9b2091685eb7563725a74,
dbman,LoadBucket,557,/O2 /Ob2 /G5 /MD,gog_128_base,18a74ff61c65b8a2d4cfa11ffce82ad7fef022a94eaf0c2f217e479e981420d2,absent-or-stripped,,0,0.000000,f3bcf596646dcc5555b01f1ecf235780e0a8dd341da9b2091685eb7563725a74,
dbman,LoadBucket,557,/O2 /Ob2 /G5 /MD,gog_128_patch,fdca6d9cd0940034191e82b8e2900de26bb25e381c74128dcb8967360a9fb824,unavailable,,0,0.000000,f3bcf596646dcc5555b01f1ecf235780e0a8dd341da9b2091685eb7563725a74,no-text-section
dbman,LoadBucket,557,/O2 /Ob2 /G5 /MD,retail_2001_12_23,c3639d43568a1ed233be85c6b3b8129b1a4661e65717220e0514c815aa972edd,unavailable,,0,0.000000,f3bcf596646dcc5555b01f1ecf235780e0a8dd341da9b2091685eb7563725a74,protected-executable
dbman,OpenDatabaseContainingFile,318,/O2 /Ob2 /G5 /MD,demo,8acda50afe39f7e6a867272300a09463fd94aed9a510008fcdefc662143346e4,absent-or-stripped,,0,0.000000,e8a20058dffc3ae30bb175999a7d97576586ed970fd99f8a6b3bf4c778981caf,
dbman,OpenDatabaseContainingFile,318,/O2 /Ob2 /G5 /MD,gog_base,18a74ff61c65b8a2d4cfa11ffce82ad7fef022a94eaf0c2f217e479e981420d2,absent-or-stripped,,0,0.000000,e8a20058dffc3ae30bb175999a7d97576586ed970fd99f8a6b3bf4c778981caf,
dbman,OpenDatabaseContainingFile,318,/O2 /Ob2 /G5 /MD,gog_1261,18a74ff61c65b8a2d4cfa11ffce82ad7fef022a94eaf0c2f217e479e981420d2,absent-or-stripped,,0,0.000000,e8a20058dffc3ae30bb175999a7d97576586ed970fd99f8a6b3bf4c778981caf,
dbman,OpenDatabaseContainingFile,318,/O2 /Ob2 /G5 /MD,gog_1261_new,57a3072c2f8307de84e2f54ac58d3fcd7cf3cef18088bf0f0fdec2ac9202b2b1,absent-or-stripped,,0,0.000000,e8a20058dffc3ae30bb175999a7d97576586ed970fd99f8a6b3bf4c778981caf,
dbman,OpenDatabaseContainingFile,318,/O2 /Ob2 /G5 /MD,gog_128_base,18a74ff61c65b8a2d4cfa11ffce82ad7fef022a94eaf0c2f217e479e981420d2,absent-or-stripped,,0,0.000000,e8a20058dffc3ae30bb175999a7d97576586ed970fd99f8a6b3bf4c778981caf,
dbman,OpenDatabaseContainingFile,318,/O2 /Ob2 /G5 /MD,gog_128_patch,fdca6d9cd0940034191e82b8e2900de26bb25e381c74128dcb8967360a9fb824,unavailable,,0,0.000000,e8a20058dffc3ae30bb175999a7d97576586ed970fd99f8a6b3bf4c778981caf,no-text-section
dbman,OpenDatabaseContainingFile,318,/O2 /Ob2 /G5 /MD,retail_2001_12_23,c3639d43568a1ed233be85c6b3b8129b1a4661e65717220e0514c815aa972edd,unavailable,,0,0.000000,e8a20058dffc3ae30bb175999a7d97576586ed970fd99f8a6b3bf4c778981caf,protected-executable
dbman,ShutdownDatabaseManager,175,/O2 /Ob2 /G5 /MD,demo,8acda50afe39f7e6a867272300a09463fd94aed9a510008fcdefc662143346e4,absent-or-stripped,,0,0.000000,2750dd9619a6486005fc48290e97aad80c7f790e959a252f159ca606e0b6b29e,
dbman,ShutdownDatabaseManager,175,/O2 /Ob2 /G5 /MD,gog_base,18a74ff61c65b8a2d4cfa11ffce82ad7fef022a94eaf0c2f217e479e981420d2,absent-or-stripped,,0,0.000000,2750dd9619a6486005fc48290e97aad80c7f790e959a252f159ca606e0b6b29e,
dbman,ShutdownDatabaseManager,175,/O2 /Ob2 /G5 /MD,gog_1261,18a74ff61c65b8a2d4cfa11ffce82ad7fef022a94eaf0c2f217e479e981420d2,absent-or-stripped,,0,0.000000,2750dd9619a6486005fc48290e97aad80c7f790e959a252f159ca606e0b6b29e,
dbman,ShutdownDatabaseManager,175,/O2 /Ob2 /G5 /MD,gog_1261_new,57a3072c2f8307de84e2f54ac58d3fcd7cf3cef18088bf0f0fdec2ac9202b2b1,absent-or-stripped,,0,0.000000,2750dd9619a6486005fc48290e97aad80c7f790e959a252f159ca606e0b6b29e,
dbman,ShutdownDatabaseManager,175,/O2 /Ob2 /G5 /MD,gog_128_base,18a74ff61c65b8a2d4cfa11ffce82ad7fef022a94eaf0c2f217e479e981420d2,absent-or-stripped,,0,0.000000,2750dd9619a6486005fc48290e97aad80c7f790e959a252f159ca606e0b6b29e,
dbman,ShutdownDatabaseManager,175,/O2 /Ob2 /G5 /MD,gog_128_patch,fdca6d9cd0940034191e82b8e2900de26bb25e381c74128dcb8967360a9fb824,unavailable,,0,0.000000,2750dd9619a6486005fc48290e97aad80c7f790e959a252f159ca606e0b6b29e,no-text-section
dbman,ShutdownDatabaseManager,175,/O2 /Ob2 /G5 /MD,retail_2001_12_23,c3639d43568a1ed233be85c6b3b8129b1a4661e65717220e0514c815aa972edd,unavailable,,0,0.000000,2750dd9619a6486005fc48290e97aad80c7f790e959a252f159ca606e0b6b29e,protected-executable
container,AddtoList,585,/O2 /Ob2 /G5 /MD,demo,8acda50afe39f7e6a867272300a09463fd94aed9a510008fcdefc662143346e4,relocation-equivalent,00405c80,1,1.000000,d10ad70529956d00eee815c5000fe8f176a8b1d6665a2ed891c7188b919e8766,
container,AddtoList,585,/O2 /Ob2 /G5 /MD,gog_base,18a74ff61c65b8a2d4cfa11ffce82ad7fef022a94eaf0c2f217e479e981420d2,relocation-equivalent,00405c10,1,1.000000,d10ad70529956d00eee815c5000fe8f176a8b1d6665a2ed891c7188b919e8766,
container,AddtoList,585,/O2 /Ob2 /G5 /MD,gog_1261,18a74ff61c65b8a2d4cfa11ffce82ad7fef022a94eaf0c2f217e479e981420d2,relocation-equivalent,00405c10,1,1.000000,d10ad70529956d00eee815c5000fe8f176a8b1d6665a2ed891c7188b919e8766,
container,AddtoList,585,/O2 /Ob2 /G5 /MD,gog_1261_new,57a3072c2f8307de84e2f54ac58d3fcd7cf3cef18088bf0f0fdec2ac9202b2b1,relocation-equivalent,00405c10,1,1.000000,d10ad70529956d00eee815c5000fe8f176a8b1d6665a2ed891c7188b919e8766,
container,AddtoList,585,/O2 /Ob2 /G5 /MD,gog_128_base,18a74ff61c65b8a2d4cfa11ffce82ad7fef022a94eaf0c2f217e479e981420d2,relocation-equivalent,00405c10,1,1.000000,d10ad70529956d00eee815c5000fe8f176a8b1d6665a2ed891c7188b919e8766,
container,AddtoList,585,/O2 /Ob2 /G5 /MD,gog_128_patch,fdca6d9cd0940034191e82b8e2900de26bb25e381c74128dcb8967360a9fb824,unavailable,,0,0.000000,d10ad70529956d00eee815c5000fe8f176a8b1d6665a2ed891c7188b919e8766,no-text-section
container,AddtoList,585,/O2 /Ob2 /G5 /MD,retail_2001_12_23,c3639d43568a1ed233be85c6b3b8129b1a4661e65717220e0514c815aa972edd,unavailable,,0,0.000000,d10ad70529956d00eee815c5000fe8f176a8b1d6665a2ed891c7188b919e8766,protected-executable
container,AddtoOrdList,280,/O2 /Ob2 /G5 /MD,demo,8acda50afe39f7e6a867272300a09463fd94aed9a510008fcdefc662143346e4,absent-or-stripped,,0,0.000000,0558a06d3276d8ac707d79fa1568f01f5335c8cd1f0d2989e072e0373cdc3253,
container,AddtoOrdList,280,/O2 /Ob2 /G5 /MD,gog_base,18a74ff61c65b8a2d4cfa11ffce82ad7fef022a94eaf0c2f217e479e981420d2,absent-or-stripped,,0,0.000000,0558a06d3276d8ac707d79fa1568f01f5335c8cd1f0d2989e072e0373cdc3253,
container,AddtoOrdList,280,/O2 /Ob2 /G5 /MD,gog_1261,18a74ff61c65b8a2d4cfa11ffce82ad7fef022a94eaf0c2f217e479e981420d2,absent-or-stripped,,0,0.000000,0558a06d3276d8ac707d79fa1568f01f5335c8cd1f0d2989e072e0373cdc3253,
container,AddtoOrdList,280,/O2 /Ob2 /G5 /MD,gog_1261_new,57a3072c2f8307de84e2f54ac58d3fcd7cf3cef18088bf0f0fdec2ac9202b2b1,absent-or-stripped,,0,0.000000,0558a06d3276d8ac707d79fa1568f01f5335c8cd1f0d2989e072e0373cdc3253,
container,AddtoOrdList,280,/O2 /Ob2 /G5 /MD,gog_128_base,18a74ff61c65b8a2d4cfa11ffce82ad7fef022a94eaf0c2f217e479e981420d2,absent-or-stripped,,0,0.000000,0558a06d3276d8ac707d79fa1568f01f5335c8cd1f0d2989e072e0373cdc3253,
container,AddtoOrdList,280,/O2 /Ob2 /G5 /MD,gog_128_patch,fdca6d9cd0940034191e82b8e2900de26bb25e381c74128dcb8967360a9fb824,unavailable,,0,0.000000,0558a06d3276d8ac707d79fa1568f01f5335c8cd1f0d2989e072e0373cdc3253,no-text-section
container,AddtoOrdList,280,/O2 /Ob2 /G5 /MD,retail_2001_12_23,c3639d43568a1ed233be85c6b3b8129b1a4661e65717220e0514c815aa972edd,unavailable,,0,0.000000,0558a06d3276d8ac707d79fa1568f01f5335c8cd1f0d2989e072e0373cdc3253,protected-executable
container,AddtoQueue,184,/O2 /Ob2 /G5 /MD,demo,8acda50afe39f7e6a867272300a09463fd94aed9a510008fcdefc662143346e4,absent-or-stripped,,0,0.000000,97b0186385a968ac908f82fbf95d40127e8610eb4860ec6bf65143ba11aa754c,
container,AddtoQueue,184,/O2 /Ob2 /G5 /MD,gog_base,18a74ff61c65b8a2d4cfa11ffce82ad7fef022a94eaf0c2f217e479e981420d2,absent-or-stripped,,0,0.000000,97b0186385a968ac908f82fbf95d40127e8610eb4860ec6bf65143ba11aa754c,
container,AddtoQueue,184,/O2 /Ob2 /G5 /MD,gog_1261,18a74ff61c65b8a2d4cfa11ffce82ad7fef022a94eaf0c2f217e479e981420d2,absent-or-stripped,,0,0.000000,97b0186385a968ac908f82fbf95d40127e8610eb4860ec6bf65143ba11aa754c,
container,AddtoQueue,184,/O2 /Ob2 /G5 /MD,gog_1261_new,57a3072c2f8307de84e2f54ac58d3fcd7cf3cef18088bf0f0fdec2ac9202b2b1,absent-or-stripped,,0,0.000000,97b0186385a968ac908f82fbf95d40127e8610eb4860ec6bf65143ba11aa754c,
container,AddtoQueue,184,/O2 /Ob2 /G5 /MD,gog_128_base,18a74ff61c65b8a2d4cfa11ffce82ad7fef022a94eaf0c2f217e479e981420d2,absent-or-stripped,,0,0.000000,97b0186385a968ac908f82fbf95d40127e8610eb4860ec6bf65143ba11aa754c,
container,AddtoQueue,184,/O2 /Ob2 /G5 /MD,gog_128_patch,fdca6d9cd0940034191e82b8e2900de26bb25e381c74128dcb8967360a9fb824,unavailable,,0,0.000000,97b0186385a968ac908f82fbf95d40127e8610eb4860ec6bf65143ba11aa754c,no-text-section
container,AddtoQueue,184,/O2 /Ob2 /G5 /MD,retail_2001_12_23,c3639d43568a1ed233be85c6b3b8129b1a4661e65717220e0514c815aa972edd,unavailable,,0,0.000000,97b0186385a968ac908f82fbf95d40127e8610eb4860ec6bf65143ba11aa754c,protected-executable
container,Compare,31,/O2 /Ob2 /G5 /MD,demo,8acda50afe39f7e6a867272300a09463fd94aed9a510008fcdefc662143346e4,absent-or-stripped,,0,0.000000,a59471f9a69f40c4a0adc661478fb31a6ed0732dd4ca4df6369d1ce21e1c884f,
container,Compare,31,/O2 /Ob2 /G5 /MD,gog_base,18a74ff61c65b8a2d4cfa11ffce82ad7fef022a94eaf0c2f217e479e981420d2,absent-or-stripped,,0,0.000000,a59471f9a69f40c4a0adc661478fb31a6ed0732dd4ca4df6369d1ce21e1c884f,
container,Compare,31,/O2 /Ob2 /G5 /MD,gog_1261,18a74ff61c65b8a2d4cfa11ffce82ad7fef022a94eaf0c2f217e479e981420d2,absent-or-stripped,,0,0.000000,a59471f9a69f40c4a0adc661478fb31a6ed0732dd4ca4df6369d1ce21e1c884f,
container,Compare,31,/O2 /Ob2 /G5 /MD,gog_1261_new,57a3072c2f8307de84e2f54ac58d3fcd7cf3cef18088bf0f0fdec2ac9202b2b1,absent-or-stripped,,0,0.000000,a59471f9a69f40c4a0adc661478fb31a6ed0732dd4ca4df6369d1ce21e1c884f,
container,Compare,31,/O2 /Ob2 /G5 /MD,gog_128_base,18a74ff61c65b8a2d4cfa11ffce82ad7fef022a94eaf0c2f217e479e981420d2,absent-or-stripped,,0,0.000000,a59471f9a69f40c4a0adc661478fb31a6ed0732dd4ca4df6369d1ce21e1c884f,
container,Compare,31,/O2 /Ob2 /G5 /MD,gog_128_patch,fdca6d9cd0940034191e82b8e2900de26bb25e381c74128dcb8967360a9fb824,unavailable,,0,0.000000,a59471f9a69f40c4a0adc661478fb31a6ed0732dd4ca4df6369d1ce21e1c884f,no-text-section
container,Compare,31,/O2 /Ob2 /G5 /MD,retail_2001_12_23,c3639d43568a1ed233be85c6b3b8129b1a4661e65717220e0514c815aa972edd,unavailable,,0,0.000000,a59471f9a69f40c4a0adc661478fb31a6ed0732dd4ca4df6369d1ce21e1c884f,protected-executable
container,CreateList,69,/O2 /Ob2 /G5 /MD,demo,8acda50afe39f7e6a867272300a09463fd94aed9a510008fcdefc662143346e4,ambiguous-generic,,1,1.000000,e090415cefe71fba30882dc8985dae97125b73f2abd5f8904ffed9440a1a3bd8,
container,CreateList,69,/O2 /Ob2 /G5 /MD,gog_base,18a74ff61c65b8a2d4cfa11ffce82ad7fef022a94eaf0c2f217e479e981420d2,ambiguous-generic,,1,1.000000,e090415cefe71fba30882dc8985dae97125b73f2abd5f8904ffed9440a1a3bd8,
container,CreateList,69,/O2 /Ob2 /G5 /MD,gog_1261,18a74ff61c65b8a2d4cfa11ffce82ad7fef022a94eaf0c2f217e479e981420d2,ambiguous-generic,,1,1.000000,e090415cefe71fba30882dc8985dae97125b73f2abd5f8904ffed9440a1a3bd8,
container,CreateList,69,/O2 /Ob2 /G5 /MD,gog_1261_new,57a3072c2f8307de84e2f54ac58d3fcd7cf3cef18088bf0f0fdec2ac9202b2b1,ambiguous-generic,,1,1.000000,e090415cefe71fba30882dc8985dae97125b73f2abd5f8904ffed9440a1a3bd8,
container,CreateList,69,/O2 /Ob2 /G5 /MD,gog_128_base,18a74ff61c65b8a2d4cfa11ffce82ad7fef022a94eaf0c2f217e479e981420d2,ambiguous-generic,,1,1.000000,e090415cefe71fba30882dc8985dae97125b73f2abd5f8904ffed9440a1a3bd8,
container,CreateList,69,/O2 /Ob2 /G5 /MD,gog_128_patch,fdca6d9cd0940034191e82b8e2900de26bb25e381c74128dcb8967360a9fb824,unavailable,,0,0.000000,e090415cefe71fba30882dc8985dae97125b73f2abd5f8904ffed9440a1a3bd8,no-text-section
container,CreateList,69,/O2 /Ob2 /G5 /MD,retail_2001_12_23,c3639d43568a1ed233be85c6b3b8129b1a4661e65717220e0514c815aa972edd,unavailable,,0,0.000000,e090415cefe71fba30882dc8985dae97125b73f2abd5f8904ffed9440a1a3bd8,protected-executable
container,CreateOrdList,76,/O2 /Ob2 /G5 /MD,demo,8acda50afe39f7e6a867272300a09463fd94aed9a510008fcdefc662143346e4,absent-or-stripped,,0,0.000000,461c49c42f6942a3fcd6337b453343d6d5c092fcc13d527314943fd37b7d02a0,
container,CreateOrdList,76,/O2 /Ob2 /G5 /MD,gog_base,18a74ff61c65b8a2d4cfa11ffce82ad7fef022a94eaf0c2f217e479e981420d2,absent-or-stripped,,0,0.000000,461c49c42f6942a3fcd6337b453343d6d5c092fcc13d527314943fd37b7d02a0,
container,CreateOrdList,76,/O2 /Ob2 /G5 /MD,gog_1261,18a74ff61c65b8a2d4cfa11ffce82ad7fef022a94eaf0c2f217e479e981420d2,absent-or-stripped,,0,0.000000,461c49c42f6942a3fcd6337b453343d6d5c092fcc13d527314943fd37b7d02a0,
container,CreateOrdList,76,/O2 /Ob2 /G5 /MD,gog_1261_new,57a3072c2f8307de84e2f54ac58d3fcd7cf3cef18088bf0f0fdec2ac9202b2b1,absent-or-stripped,,0,0.000000,461c49c42f6942a3fcd6337b453343d6d5c092fcc13d527314943fd37b7d02a0,
container,CreateOrdList,76,/O2 /Ob2 /G5 /MD,gog_128_base,18a74ff61c65b8a2d4cfa11ffce82ad7fef022a94eaf0c2f217e479e981420d2,absent-or-stripped,,0,0.000000,461c49c42f6942a3fcd6337b453343d6d5c092fcc13d527314943fd37b7d02a0,
container,CreateOrdList,76,/O2 /Ob2 /G5 /MD,gog_128_patch,fdca6d9cd0940034191e82b8e2900de26bb25e381c74128dcb8967360a9fb824,unavailable,,0,0.000000,461c49c42f6942a3fcd6337b453343d6d5c092fcc13d527314943fd37b7d02a0,no-text-section
container,CreateOrdList,76,/O2 /Ob2 /G5 /MD,retail_2001_12_23,c3639d43568a1ed233be85c6b3b8129b1a4661e65717220e0514c815aa972edd,unavailable,,0,0.000000,461c49c42f6942a3fcd6337b453343d6d5c092fcc13d527314943fd37b7d02a0,protected-executable
container,CreateQueue,69,/O2 /Ob2 /G5 /MD,demo,8acda50afe39f7e6a867272300a09463fd94aed9a510008fcdefc662143346e4,ambiguous-generic,,1,1.000000,e090415cefe71fba30882dc8985dae97125b73f2abd5f8904ffed9440a1a3bd8,
container,CreateQueue,69,/O2 /Ob2 /G5 /MD,gog_base,18a74ff61c65b8a2d4cfa11ffce82ad7fef022a94eaf0c2f217e479e981420d2,ambiguous-generic,,1,1.000000,e090415cefe71fba30882dc8985dae97125b73f2abd5f8904ffed9440a1a3bd8,
container,CreateQueue,69,/O2 /Ob2 /G5 /MD,gog_1261,18a74ff61c65b8a2d4cfa11ffce82ad7fef022a94eaf0c2f217e479e981420d2,ambiguous-generic,,1,1.000000,e090415cefe71fba30882dc8985dae97125b73f2abd5f8904ffed9440a1a3bd8,
container,CreateQueue,69,/O2 /Ob2 /G5 /MD,gog_1261_new,57a3072c2f8307de84e2f54ac58d3fcd7cf3cef18088bf0f0fdec2ac9202b2b1,ambiguous-generic,,1,1.000000,e090415cefe71fba30882dc8985dae97125b73f2abd5f8904ffed9440a1a3bd8,
container,CreateQueue,69,/O2 /Ob2 /G5 /MD,gog_128_base,18a74ff61c65b8a2d4cfa11ffce82ad7fef022a94eaf0c2f217e479e981420d2,ambiguous-generic,,1,1.000000,e090415cefe71fba30882dc8985dae97125b73f2abd5f8904ffed9440a1a3bd8,
container,CreateQueue,69,/O2 /Ob2 /G5 /MD,gog_128_patch,fdca6d9cd0940034191e82b8e2900de26bb25e381c74128dcb8967360a9fb824,unavailable,,0,0.000000,e090415cefe71fba30882dc8985dae97125b73f2abd5f8904ffed9440a1a3bd8,no-text-section
container,CreateQueue,69,/O2 /Ob2 /G5 /MD,retail_2001_12_23,c3639d43568a1ed233be85c6b3b8129b1a4661e65717220e0514c815aa972edd,unavailable,,0,0.000000,e090415cefe71fba30882dc8985dae97125b73f2abd5f8904ffed9440a1a3bd8,protected-executable
container,CreateStack,58,/O2 /Ob2 /G5 /MD,demo,8acda50afe39f7e6a867272300a09463fd94aed9a510008fcdefc662143346e4,relocation-equivalent,004059e0,1,1.000000,f51f1731b35349071d01c41fd9021821205dc3e612602acf1faf82889d7e877d,
container,CreateStack,58,/O2 /Ob2 /G5 /MD,gog_base,18a74ff61c65b8a2d4cfa11ffce82ad7fef022a94eaf0c2f217e479e981420d2,relocation-equivalent,00405970,1,1.000000,f51f1731b35349071d01c41fd9021821205dc3e612602acf1faf82889d7e877d,
container,CreateStack,58,/O2 /Ob2 /G5 /MD,gog_1261,18a74ff61c65b8a2d4cfa11ffce82ad7fef022a94eaf0c2f217e479e981420d2,relocation-equivalent,00405970,1,1.000000,f51f1731b35349071d01c41fd9021821205dc3e612602acf1faf82889d7e877d,
container,CreateStack,58,/O2 /Ob2 /G5 /MD,gog_1261_new,57a3072c2f8307de84e2f54ac58d3fcd7cf3cef18088bf0f0fdec2ac9202b2b1,relocation-equivalent,00405970,1,1.000000,f51f1731b35349071d01c41fd9021821205dc3e612602acf1faf82889d7e877d,
container,CreateStack,58,/O2 /Ob2 /G5 /MD,gog_128_base,18a74ff61c65b8a2d4cfa11ffce82ad7fef022a94eaf0c2f217e479e981420d2,relocation-equivalent,00405970,1,1.000000,f51f1731b35349071d01c41fd9021821205dc3e612602acf1faf82889d7e877d,
container,CreateStack,58,/O2 /Ob2 /G5 /MD,gog_128_patch,fdca6d9cd0940034191e82b8e2900de26bb25e381c74128dcb8967360a9fb824,unavailable,,0,0.000000,f51f1731b35349071d01c41fd9021821205dc3e612602acf1faf82889d7e877d,no-text-section
container,CreateStack,58,/O2 /Ob2 /G5 /MD,retail_2001_12_23,c3639d43568a1ed233be85c6b3b8129b1a4661e65717220e0514c815aa972edd,unavailable,,0,0.000000,f51f1731b35349071d01c41fd9021821205dc3e612602acf1faf82889d7e877d,protected-executable
container,DeleteList,24,/O2 /Ob2 /G5 /MD,demo,8acda50afe39f7e6a867272300a09463fd94aed9a510008fcdefc662143346e4,ambiguous-generic,,1,1.000000,055a49444364d0652c5d7da6457edac882f8b621a7d76d545fa1c9e27ede48ab,
container,DeleteList,24,/O2 /Ob2 /G5 /MD,gog_base,18a74ff61c65b8a2d4cfa11ffce82ad7fef022a94eaf0c2f217e479e981420d2,ambiguous-generic,,1,1.000000,055a49444364d0652c5d7da6457edac882f8b621a7d76d545fa1c9e27ede48ab,
container,DeleteList,24,/O2 /Ob2 /G5 /MD,gog_1261,18a74ff61c65b8a2d4cfa11ffce82ad7fef022a94eaf0c2f217e479e981420d2,ambiguous-generic,,1,1.000000,055a49444364d0652c5d7da6457edac882f8b621a7d76d545fa1c9e27ede48ab,
container,DeleteList,24,/O2 /Ob2 /G5 /MD,gog_1261_new,57a3072c2f8307de84e2f54ac58d3fcd7cf3cef18088bf0f0fdec2ac9202b2b1,ambiguous-generic,,1,1.000000,055a49444364d0652c5d7da6457edac882f8b621a7d76d545fa1c9e27ede48ab,
container,DeleteList,24,/O2 /Ob2 /G5 /MD,gog_128_base,18a74ff61c65b8a2d4cfa11ffce82ad7fef022a94eaf0c2f217e479e981420d2,ambiguous-generic,,1,1.000000,055a49444364d0652c5d7da6457edac882f8b621a7d76d545fa1c9e27ede48ab,
container,DeleteList,24,/O2 /Ob2 /G5 /MD,gog_128_patch,fdca6d9cd0940034191e82b8e2900de26bb25e381c74128dcb8967360a9fb824,unavailable,,0,0.000000,055a49444364d0652c5d7da6457edac882f8b621a7d76d545fa1c9e27ede48ab,no-text-section
container,DeleteList,24,/O2 /Ob2 /G5 /MD,retail_2001_12_23,c3639d43568a1ed233be85c6b3b8129b1a4661e65717220e0514c815aa972edd,unavailable,,0,0.000000,055a49444364d0652c5d7da6457edac882f8b621a7d76d545fa1c9e27ede48ab,protected-executable
container,DeleteOrdList,24,/O2 /Ob2 /G5 /MD,demo,8acda50afe39f7e6a867272300a09463fd94aed9a510008fcdefc662143346e4,ambiguous-generic,,1,1.000000,055a49444364d0652c5d7da6457edac882f8b621a7d76d545fa1c9e27ede48ab,
container,DeleteOrdList,24,/O2 /Ob2 /G5 /MD,gog_base,18a74ff61c65b8a2d4cfa11ffce82ad7fef022a94eaf0c2f217e479e981420d2,ambiguous-generic,,1,1.000000,055a49444364d0652c5d7da6457edac882f8b621a7d76d545fa1c9e27ede48ab,
container,DeleteOrdList,24,/O2 /Ob2 /G5 /MD,gog_1261,18a74ff61c65b8a2d4cfa11ffce82ad7fef022a94eaf0c2f217e479e981420d2,ambiguous-generic,,1,1.000000,055a49444364d0652c5d7da6457edac882f8b621a7d76d545fa1c9e27ede48ab,
container,DeleteOrdList,24,/O2 /Ob2 /G5 /MD,gog_1261_new,57a3072c2f8307de84e2f54ac58d3fcd7cf3cef18088bf0f0fdec2ac9202b2b1,ambiguous-generic,,1,1.000000,055a49444364d0652c5d7da6457edac882f8b621a7d76d545fa1c9e27ede48ab,
container,DeleteOrdList,24,/O2 /Ob2 /G5 /MD,gog_128_base,18a74ff61c65b8a2d4cfa11ffce82ad7fef022a94eaf0c2f217e479e981420d2,ambiguous-generic,,1,1.000000,055a49444364d0652c5d7da6457edac882f8b621a7d76d545fa1c9e27ede48ab,
container,DeleteOrdList,24,/O2 /Ob2 /G5 /MD,gog_128_patch,fdca6d9cd0940034191e82b8e2900de26bb25e381c74128dcb8967360a9fb824,unavailable,,0,0.000000,055a49444364d0652c5d7da6457edac882f8b621a7d76d545fa1c9e27ede48ab,no-text-section
container,DeleteOrdList,24,/O2 /Ob2 /G5 /MD,retail_2001_12_23,c3639d43568a1ed233be85c6b3b8129b1a4661e65717220e0514c815aa972edd,unavailable,,0,0.000000,055a49444364d0652c5d7da6457edac882f8b621a7d76d545fa1c9e27ede48ab,protected-executable
container,DeleteQueue,24,/O2 /Ob2 /G5 /MD,demo,8acda50afe39f7e6a867272300a09463fd94aed9a510008fcdefc662143346e4,ambiguous-generic,,1,1.000000,055a49444364d0652c5d7da6457edac882f8b621a7d76d545fa1c9e27ede48ab,
container,DeleteQueue,24,/O2 /Ob2 /G5 /MD,gog_base,18a74ff61c65b8a2d4cfa11ffce82ad7fef022a94eaf0c2f217e479e981420d2,ambiguous-generic,,1,1.000000,055a49444364d0652c5d7da6457edac882f8b621a7d76d545fa1c9e27ede48ab,
container,DeleteQueue,24,/O2 /Ob2 /G5 /MD,gog_1261,18a74ff61c65b8a2d4cfa11ffce82ad7fef022a94eaf0c2f217e479e981420d2,ambiguous-generic,,1,1.000000,055a49444364d0652c5d7da6457edac882f8b621a7d76d545fa1c9e27ede48ab,
container,DeleteQueue,24,/O2 /Ob2 /G5 /MD,gog_1261_new,57a3072c2f8307de84e2f54ac58d3fcd7cf3cef18088bf0f0fdec2ac9202b2b1,ambiguous-generic,,1,1.000000,055a49444364d0652c5d7da6457edac882f8b621a7d76d545fa1c9e27ede48ab,
container,DeleteQueue,24,/O2 /Ob2 /G5 /MD,gog_128_base,18a74ff61c65b8a2d4cfa11ffce82ad7fef022a94eaf0c2f217e479e981420d2,ambiguous-generic,,1,1.000000,055a49444364d0652c5d7da6457edac882f8b621a7d76d545fa1c9e27ede48ab,
container,DeleteQueue,24,/O2 /Ob2 /G5 /MD,gog_128_patch,fdca6d9cd0940034191e82b8e2900de26bb25e381c74128dcb8967360a9fb824,unavailable,,0,0.000000,055a49444364d0652c5d7da6457edac882f8b621a7d76d545fa1c9e27ede48ab,no-text-section
container,DeleteQueue,24,/O2 /Ob2 /G5 /MD,retail_2001_12_23,c3639d43568a1ed233be85c6b3b8129b1a4661e65717220e0514c815aa972edd,unavailable,,0,0.000000,055a49444364d0652c5d7da6457edac882f8b621a7d76d545fa1c9e27ede48ab,protected-executable
container,DeleteStack,24,/O2 /Ob2 /G5 /MD,demo,8acda50afe39f7e6a867272300a09463fd94aed9a510008fcdefc662143346e4,ambiguous-generic,,1,1.000000,055a49444364d0652c5d7da6457edac882f8b621a7d76d545fa1c9e27ede48ab,
container,DeleteStack,24,/O2 /Ob2 /G5 /MD,gog_base,18a74ff61c65b8a2d4cfa11ffce82ad7fef022a94eaf0c2f217e479e981420d2,ambiguous-generic,,1,1.000000,055a49444364d0652c5d7da6457edac882f8b621a7d76d545fa1c9e27ede48ab,
container,DeleteStack,24,/O2 /Ob2 /G5 /MD,gog_1261,18a74ff61c65b8a2d4cfa11ffce82ad7fef022a94eaf0c2f217e479e981420d2,ambiguous-generic,,1,1.000000,055a49444364d0652c5d7da6457edac882f8b621a7d76d545fa1c9e27ede48ab,
container,DeleteStack,24,/O2 /Ob2 /G5 /MD,gog_1261_new,57a3072c2f8307de84e2f54ac58d3fcd7cf3cef18088bf0f0fdec2ac9202b2b1,ambiguous-generic,,1,1.000000,055a49444364d0652c5d7da6457edac882f8b621a7d76d545fa1c9e27ede48ab,
container,DeleteStack,24,/O2 /Ob2 /G5 /MD,gog_128_base,18a74ff61c65b8a2d4cfa11ffce82ad7fef022a94eaf0c2f217e479e981420d2,ambiguous-generic,,1,1.000000,055a49444364d0652c5d7da6457edac882f8b621a7d76d545fa1c9e27ede48ab,
container,DeleteStack,24,/O2 /Ob2 /G5 /MD,gog_128_patch,fdca6d9cd0940034191e82b8e2900de26bb25e381c74128dcb8967360a9fb824,unavailable,,0,0.000000,055a49444364d0652c5d7da6457edac882f8b621a7d76d545fa1c9e27ede48ab,no-text-section
container,DeleteStack,24,/O2 /Ob2 /G5 /MD,retail_2001_12_23,c3639d43568a1ed233be85c6b3b8129b1a4661e65717220e0514c815aa972edd,unavailable,,0,0.000000,055a49444364d0652c5d7da6457edac882f8b621a7d76d545fa1c9e27ede48ab,protected-executable
container,do_copy,43,/O2 /Ob2 /G5 /MD,demo,8acda50afe39f7e6a867272300a09463fd94aed9a510008fcdefc662143346e4,absent-or-stripped,,0,0.000000,521d212ba1828e7b47e30614e6ca72ec1e9d036e626268105978f4bf5d1cb0f3,
container,do_copy,43,/O2 /Ob2 /G5 /MD,gog_base,18a74ff61c65b8a2d4cfa11ffce82ad7fef022a94eaf0c2f217e479e981420d2,absent-or-stripped,,0,0.000000,521d212ba1828e7b47e30614e6ca72ec1e9d036e626268105978f4bf5d1cb0f3,
container,do_copy,43,/O2 /Ob2 /G5 /MD,gog_1261,18a74ff61c65b8a2d4cfa11ffce82ad7fef022a94eaf0c2f217e479e981420d2,absent-or-stripped,,0,0.000000,521d212ba1828e7b47e30614e6ca72ec1e9d036e626268105978f4bf5d1cb0f3,
container,do_copy,43,/O2 /Ob2 /G5 /MD,gog_1261_new,57a3072c2f8307de84e2f54ac58d3fcd7cf3cef18088bf0f0fdec2ac9202b2b1,absent-or-stripped,,0,0.000000,521d212ba1828e7b47e30614e6ca72ec1e9d036e626268105978f4bf5d1cb0f3,
container,do_copy,43,/O2 /Ob2 /G5 /MD,gog_128_base,18a74ff61c65b8a2d4cfa11ffce82ad7fef022a94eaf0c2f217e479e981420d2,absent-or-stripped,,0,0.000000,521d212ba1828e7b47e30614e6ca72ec1e9d036e626268105978f4bf5d1cb0f3,
container,do_copy,43,/O2 /Ob2 /G5 /MD,gog_128_patch,fdca6d9cd0940034191e82b8e2900de26bb25e381c74128dcb8967360a9fb824,unavailable,,0,0.000000,521d212ba1828e7b47e30614e6ca72ec1e9d036e626268105978f4bf5d1cb0f3,no-text-section
container,do_copy,43,/O2 /Ob2 /G5 /MD,retail_2001_12_23,c3639d43568a1ed233be85c6b3b8129b1a4661e65717220e0514c815aa972edd,unavailable,,0,0.000000,521d212ba1828e7b47e30614e6ca72ec1e9d036e626268105978f4bf5d1cb0f3,protected-executable
container,do_copy_data,40,/O2 /Ob2 /G5 /MD,demo,8acda50afe39f7e6a867272300a09463fd94aed9a510008fcdefc662143346e4,absent-or-stripped,,0,0.000000,69dcc0dfe3fd56736f174101b2169100e34fd11c4a4b2fdc8de1eb96f4e07939,
container,do_copy_data,40,/O2 /Ob2 /G5 /MD,gog_base,18a74ff61c65b8a2d4cfa11ffce82ad7fef022a94eaf0c2f217e479e981420d2,absent-or-stripped,,0,0.000000,69dcc0dfe3fd56736f174101b2169100e34fd11c4a4b2fdc8de1eb96f4e07939,
container,do_copy_data,40,/O2 /Ob2 /G5 /MD,gog_1261,18a74ff61c65b8a2d4cfa11ffce82ad7fef022a94eaf0c2f217e479e981420d2,absent-or-stripped,,0,0.000000,69dcc0dfe3fd56736f174101b2169100e34fd11c4a4b2fdc8de1eb96f4e07939,
container,do_copy_data,40,/O2 /Ob2 /G5 /MD,gog_1261_new,57a3072c2f8307de84e2f54ac58d3fcd7cf3cef18088bf0f0fdec2ac9202b2b1,absent-or-stripped,,0,0.000000,69dcc0dfe3fd56736f174101b2169100e34fd11c4a4b2fdc8de1eb96f4e07939,
container,do_copy_data,40,/O2 /Ob2 /G5 /MD,gog_128_base,18a74ff61c65b8a2d4cfa11ffce82ad7fef022a94eaf0c2f217e479e981420d2,absent-or-stripped,,0,0.000000,69dcc0dfe3fd56736f174101b2169100e34fd11c4a4b2fdc8de1eb96f4e07939,
container,do_copy_data,40,/O2 /Ob2 /G5 /MD,gog_128_patch,fdca6d9cd0940034191e82b8e2900de26bb25e381c74128dcb8967360a9fb824,unavailable,,0,0.000000,69dcc0dfe3fd56736f174101b2169100e34fd11c4a4b2fdc8de1eb96f4e07939,no-text-section
container,do_copy_data,40,/O2 /Ob2 /G5 /MD,retail_2001_12_23,c3639d43568a1ed233be85c6b3b8129b1a4661e65717220e0514c815aa972edd,unavailable,,0,0.000000,69dcc0dfe3fd56736f174101b2169100e34fd11c4a4b2fdc8de1eb96f4e07939,protected-executable
container,InitializeContainers,1,/O2 /Ob2 /G5 /MD,demo,8acda50afe39f7e6a867272300a09463fd94aed9a510008fcdefc662143346e4,ambiguous-generic,,13271,1.000000,ae3f4619b0413d70d3004b9131c3752153074e45725be13b9a148978895e359e,
container,InitializeContainers,1,/O2 /Ob2 /G5 /MD,gog_base,18a74ff61c65b8a2d4cfa11ffce82ad7fef022a94eaf0c2f217e479e981420d2,ambiguous-generic,,13531,1.000000,ae3f4619b0413d70d3004b9131c3752153074e45725be13b9a148978895e359e,
container,InitializeContainers,1,/O2 /Ob2 /G5 /MD,gog_1261,18a74ff61c65b8a2d4cfa11ffce82ad7fef022a94eaf0c2f217e479e981420d2,ambiguous-generic,,13531,1.000000,ae3f4619b0413d70d3004b9131c3752153074e45725be13b9a148978895e359e,
container,InitializeContainers,1,/O2 /Ob2 /G5 /MD,gog_1261_new,57a3072c2f8307de84e2f54ac58d3fcd7cf3cef18088bf0f0fdec2ac9202b2b1,ambiguous-generic,,13531,1.000000,ae3f4619b0413d70d3004b9131c3752153074e45725be13b9a148978895e359e,
container,InitializeContainers,1,/O2 /Ob2 /G5 /MD,gog_128_base,18a74ff61c65b8a2d4cfa11ffce82ad7fef022a94eaf0c2f217e479e981420d2,ambiguous-generic,,13531,1.000000,ae3f4619b0413d70d3004b9131c3752153074e45725be13b9a148978895e359e,
container,InitializeContainers,1,/O2 /Ob2 /G5 /MD,gog_128_patch,fdca6d9cd0940034191e82b8e2900de26bb25e381c74128dcb8967360a9fb824,unavailable,,0,0.000000,ae3f4619b0413d70d3004b9131c3752153074e45725be13b9a148978895e359e,no-text-section
container,InitializeContainers,1,/O2 /Ob2 /G5 /MD,retail_2001_12_23,c3639d43568a1ed233be85c6b3b8129b1a4661e65717220e0514c815aa972edd,unavailable,,0,0.000000,ae3f4619b0413d70d3004b9131c3752153074e45725be13b9a148978895e359e,protected-executable
container,ListSize,12,/O2 /Ob2 /G5 /MD,demo,8acda50afe39f7e6a867272300a09463fd94aed9a510008fcdefc662143346e4,ambiguous-generic,,1,1.000000,ab0c993a0449b7efc9e7b5ae1bb98a3e4febe6ba770385614484bef54e4bf52c,
container,ListSize,12,/O2 /Ob2 /G5 /MD,gog_base,18a74ff61c65b8a2d4cfa11ffce82ad7fef022a94eaf0c2f217e479e981420d2,ambiguous-generic,,1,1.000000,ab0c993a0449b7efc9e7b5ae1bb98a3e4febe6ba770385614484bef54e4bf52c,
container,ListSize,12,/O2 /Ob2 /G5 /MD,gog_1261,18a74ff61c65b8a2d4cfa11ffce82ad7fef022a94eaf0c2f217e479e981420d2,ambiguous-generic,,1,1.000000,ab0c993a0449b7efc9e7b5ae1bb98a3e4febe6ba770385614484bef54e4bf52c,
container,ListSize,12,/O2 /Ob2 /G5 /MD,gog_1261_new,57a3072c2f8307de84e2f54ac58d3fcd7cf3cef18088bf0f0fdec2ac9202b2b1,ambiguous-generic,,1,1.000000,ab0c993a0449b7efc9e7b5ae1bb98a3e4febe6ba770385614484bef54e4bf52c,
container,ListSize,12,/O2 /Ob2 /G5 /MD,gog_128_base,18a74ff61c65b8a2d4cfa11ffce82ad7fef022a94eaf0c2f217e479e981420d2,ambiguous-generic,,1,1.000000,ab0c993a0449b7efc9e7b5ae1bb98a3e4febe6ba770385614484bef54e4bf52c,
container,ListSize,12,/O2 /Ob2 /G5 /MD,gog_128_patch,fdca6d9cd0940034191e82b8e2900de26bb25e381c74128dcb8967360a9fb824,unavailable,,0,0.000000,ab0c993a0449b7efc9e7b5ae1bb98a3e4febe6ba770385614484bef54e4bf52c,no-text-section
container,ListSize,12,/O2 /Ob2 /G5 /MD,retail_2001_12_23,c3639d43568a1ed233be85c6b3b8129b1a4661e65717220e0514c815aa972edd,unavailable,,0,0.000000,ab0c993a0449b7efc9e7b5ae1bb98a3e4febe6ba770385614484bef54e4bf52c,protected-executable
container,OrdListSize,12,/O2 /Ob2 /G5 /MD,demo,8acda50afe39f7e6a867272300a09463fd94aed9a510008fcdefc662143346e4,ambiguous-generic,,1,1.000000,ab0c993a0449b7efc9e7b5ae1bb98a3e4febe6ba770385614484bef54e4bf52c,
container,OrdListSize,12,/O2 /Ob2 /G5 /MD,gog_base,18a74ff61c65b8a2d4cfa11ffce82ad7fef022a94eaf0c2f217e479e981420d2,ambiguous-generic,,1,1.000000,ab0c993a0449b7efc9e7b5ae1bb98a3e4febe6ba770385614484bef54e4bf52c,
container,OrdListSize,12,/O2 /Ob2 /G5 /MD,gog_1261,18a74ff61c65b8a2d4cfa11ffce82ad7fef022a94eaf0c2f217e479e981420d2,ambiguous-generic,,1,1.000000,ab0c993a0449b7efc9e7b5ae1bb98a3e4febe6ba770385614484bef54e4bf52c,
container,OrdListSize,12,/O2 /Ob2 /G5 /MD,gog_1261_new,57a3072c2f8307de84e2f54ac58d3fcd7cf3cef18088bf0f0fdec2ac9202b2b1,ambiguous-generic,,1,1.000000,ab0c993a0449b7efc9e7b5ae1bb98a3e4febe6ba770385614484bef54e4bf52c,
container,OrdListSize,12,/O2 /Ob2 /G5 /MD,gog_128_base,18a74ff61c65b8a2d4cfa11ffce82ad7fef022a94eaf0c2f217e479e981420d2,ambiguous-generic,,1,1.000000,ab0c993a0449b7efc9e7b5ae1bb98a3e4febe6ba770385614484bef54e4bf52c,
container,OrdListSize,12,/O2 /Ob2 /G5 /MD,gog_128_patch,fdca6d9cd0940034191e82b8e2900de26bb25e381c74128dcb8967360a9fb824,unavailable,,0,0.000000,ab0c993a0449b7efc9e7b5ae1bb98a3e4febe6ba770385614484bef54e4bf52c,no-text-section
container,OrdListSize,12,/O2 /Ob2 /G5 /MD,retail_2001_12_23,c3639d43568a1ed233be85c6b3b8129b1a4661e65717220e0514c815aa972edd,unavailable,,0,0.000000,ab0c993a0449b7efc9e7b5ae1bb98a3e4febe6ba770385614484bef54e4bf52c,protected-executable
container,PeekList,102,/O2 /Ob2 /G5 /MD,demo,8acda50afe39f7e6a867272300a09463fd94aed9a510008fcdefc662143346e4,relocation-equivalent,00405b90,1,1.000000,66c81ed527ee7dfb49d6f77a86e4fb7c466fdbf41bd988e98a8bf10a49efd3e2,
container,PeekList,102,/O2 /Ob2 /G5 /MD,gog_base,18a74ff61c65b8a2d4cfa11ffce82ad7fef022a94eaf0c2f217e479e981420d2,relocation-equivalent,00405b20,1,1.000000,66c81ed527ee7dfb49d6f77a86e4fb7c466fdbf41bd988e98a8bf10a49efd3e2,
container,PeekList,102,/O2 /Ob2 /G5 /MD,gog_1261,18a74ff61c65b8a2d4cfa11ffce82ad7fef022a94eaf0c2f217e479e981420d2,relocation-equivalent,00405b20,1,1.000000,66c81ed527ee7dfb49d6f77a86e4fb7c466fdbf41bd988e98a8bf10a49efd3e2,
container,PeekList,102,/O2 /Ob2 /G5 /MD,gog_1261_new,57a3072c2f8307de84e2f54ac58d3fcd7cf3cef18088bf0f0fdec2ac9202b2b1,relocation-equivalent,00405b20,1,1.000000,66c81ed527ee7dfb49d6f77a86e4fb7c466fdbf41bd988e98a8bf10a49efd3e2,
container,PeekList,102,/O2 /Ob2 /G5 /MD,gog_128_base,18a74ff61c65b8a2d4cfa11ffce82ad7fef022a94eaf0c2f217e479e981420d2,relocation-equivalent,00405b20,1,1.000000,66c81ed527ee7dfb49d6f77a86e4fb7c466fdbf41bd988e98a8bf10a49efd3e2,
container,PeekList,102,/O2 /Ob2 /G5 /MD,gog_128_patch,fdca6d9cd0940034191e82b8e2900de26bb25e381c74128dcb8967360a9fb824,unavailable,,0,0.000000,66c81ed527ee7dfb49d6f77a86e4fb7c466fdbf41bd988e98a8bf10a49efd3e2,no-text-section
container,PeekList,102,/O2 /Ob2 /G5 /MD,retail_2001_12_23,c3639d43568a1ed233be85c6b3b8129b1a4661e65717220e0514c815aa972edd,unavailable,,0,0.000000,66c81ed527ee7dfb49d6f77a86e4fb7c466fdbf41bd988e98a8bf10a49efd3e2,protected-executable
container,PeekOrdList,102,/O2 /Ob2 /G5 /MD,demo,8acda50afe39f7e6a867272300a09463fd94aed9a510008fcdefc662143346e4,absent-or-stripped,,0,0.000000,520776f1ac32997efac40a8146533e675f04ec37a472c69c60c1f70adc177954,
container,PeekOrdList,102,/O2 /Ob2 /G5 /MD,gog_base,18a74ff61c65b8a2d4cfa11ffce82ad7fef022a94eaf0c2f217e479e981420d2,absent-or-stripped,,0,0.000000,520776f1ac32997efac40a8146533e675f04ec37a472c69c60c1f70adc177954,
container,PeekOrdList,102,/O2 /Ob2 /G5 /MD,gog_1261,18a74ff61c65b8a2d4cfa11ffce82ad7fef022a94eaf0c2f217e479e981420d2,absent-or-stripped,,0,0.000000,520776f1ac32997efac40a8146533e675f04ec37a472c69c60c1f70adc177954,
container,PeekOrdList,102,/O2 /Ob2 /G5 /MD,gog_1261_new,57a3072c2f8307de84e2f54ac58d3fcd7cf3cef18088bf0f0fdec2ac9202b2b1,absent-or-stripped,,0,0.000000,520776f1ac32997efac40a8146533e675f04ec37a472c69c60c1f70adc177954,
container,PeekOrdList,102,/O2 /Ob2 /G5 /MD,gog_128_base,18a74ff61c65b8a2d4cfa11ffce82ad7fef022a94eaf0c2f217e479e981420d2,absent-or-stripped,,0,0.000000,520776f1ac32997efac40a8146533e675f04ec37a472c69c60c1f70adc177954,
container,PeekOrdList,102,/O2 /Ob2 /G5 /MD,gog_128_patch,fdca6d9cd0940034191e82b8e2900de26bb25e381c74128dcb8967360a9fb824,unavailable,,0,0.000000,520776f1ac32997efac40a8146533e675f04ec37a472c69c60c1f70adc177954,no-text-section
container,PeekOrdList,102,/O2 /Ob2 /G5 /MD,retail_2001_12_23,c3639d43568a1ed233be85c6b3b8129b1a4661e65717220e0514c815aa972edd,unavailable,,0,0.000000,520776f1ac32997efac40a8146533e675f04ec37a472c69c60c1f70adc177954,protected-executable
container,PeekQueue,53,/O2 /Ob2 /G5 /MD,demo,8acda50afe39f7e6a867272300a09463fd94aed9a510008fcdefc662143346e4,absent-or-stripped,,0,0.000000,0a4c43f042f5bd688692cd6ea0f984867a388f65b9ac2a857b49794402a25a63,
container,PeekQueue,53,/O2 /Ob2 /G5 /MD,gog_base,18a74ff61c65b8a2d4cfa11ffce82ad7fef022a94eaf0c2f217e479e981420d2,absent-or-stripped,,0,0.000000,0a4c43f042f5bd688692cd6ea0f984867a388f65b9ac2a857b49794402a25a63,
container,PeekQueue,53,/O2 /Ob2 /G5 /MD,gog_1261,18a74ff61c65b8a2d4cfa11ffce82ad7fef022a94eaf0c2f217e479e981420d2,absent-or-stripped,,0,0.000000,0a4c43f042f5bd688692cd6ea0f984867a388f65b9ac2a857b49794402a25a63,
container,PeekQueue,53,/O2 /Ob2 /G5 /MD,gog_1261_new,57a3072c2f8307de84e2f54ac58d3fcd7cf3cef18088bf0f0fdec2ac9202b2b1,absent-or-stripped,,0,0.000000,0a4c43f042f5bd688692cd6ea0f984867a388f65b9ac2a857b49794402a25a63,
container,PeekQueue,53,/O2 /Ob2 /G5 /MD,gog_128_base,18a74ff61c65b8a2d4cfa11ffce82ad7fef022a94eaf0c2f217e479e981420d2,absent-or-stripped,,0,0.000000,0a4c43f042f5bd688692cd6ea0f984867a388f65b9ac2a857b49794402a25a63,
container,PeekQueue,53,/O2 /Ob2 /G5 /MD,gog_128_patch,fdca6d9cd0940034191e82b8e2900de26bb25e381c74128dcb8967360a9fb824,unavailable,,0,0.000000,0a4c43f042f5bd688692cd6ea0f984867a388f65b9ac2a857b49794402a25a63,no-text-section
container,PeekQueue,53,/O2 /Ob2 /G5 /MD,retail_2001_12_23,c3639d43568a1ed233be85c6b3b8129b1a4661e65717220e0514c815aa972edd,unavailable,,0,0.000000,0a4c43f042f5bd688692cd6ea0f984867a388f65b9ac2a857b49794402a25a63,protected-executable
container,PeekStack,62,/O2 /Ob2 /G5 /MD,demo,8acda50afe39f7e6a867272300a09463fd94aed9a510008fcdefc662143346e4,relocation-equivalent,00405b30,1,1.000000,cd241c071a6be8276e67ff504ca392a90207a2e63b81200276c3c548673d9c44,
container,PeekStack,62,/O2 /Ob2 /G5 /MD,gog_base,18a74ff61c65b8a2d4cfa11ffce82ad7fef022a94eaf0c2f217e479e981420d2,relocation-equivalent,00405ac0,1,1.000000,cd241c071a6be8276e67ff504ca392a90207a2e63b81200276c3c548673d9c44,
container,PeekStack,62,/O2 /Ob2 /G5 /MD,gog_1261,18a74ff61c65b8a2d4cfa11ffce82ad7fef022a94eaf0c2f217e479e981420d2,relocation-equivalent,00405ac0,1,1.000000,cd241c071a6be8276e67ff504ca392a90207a2e63b81200276c3c548673d9c44,
container,PeekStack,62,/O2 /Ob2 /G5 /MD,gog_1261_new,57a3072c2f8307de84e2f54ac58d3fcd7cf3cef18088bf0f0fdec2ac9202b2b1,relocation-equivalent,00405ac0,1,1.000000,cd241c071a6be8276e67ff504ca392a90207a2e63b81200276c3c548673d9c44,
container,PeekStack,62,/O2 /Ob2 /G5 /MD,gog_128_base,18a74ff61c65b8a2d4cfa11ffce82ad7fef022a94eaf0c2f217e479e981420d2,relocation-equivalent,00405ac0,1,1.000000,cd241c071a6be8276e67ff504ca392a90207a2e63b81200276c3c548673d9c44,
container,PeekStack,62,/O2 /Ob2 /G5 /MD,gog_128_patch,fdca6d9cd0940034191e82b8e2900de26bb25e381c74128dcb8967360a9fb824,unavailable,,0,0.000000,cd241c071a6be8276e67ff504ca392a90207a2e63b81200276c3c548673d9c44,no-text-section
container,PeekStack,62,/O2 /Ob2 /G5 /MD,retail_2001_12_23,c3639d43568a1ed233be85c6b3b8129b1a4661e65717220e0514c815aa972edd,unavailable,,0,0.000000,cd241c071a6be8276e67ff504ca392a90207a2e63b81200276c3c548673d9c44,protected-executable
container,Pop,67,/O2 /Ob2 /G5 /MD,demo,8acda50afe39f7e6a867272300a09463fd94aed9a510008fcdefc662143346e4,relocation-equivalent,00405ae0,1,1.000000,4600a80a9bc22dbb454e3584d910c84c5811caf066b80e9a71bbe6a9448305cd,
container,Pop,67,/O2 /Ob2 /G5 /MD,gog_base,18a74ff61c65b8a2d4cfa11ffce82ad7fef022a94eaf0c2f217e479e981420d2,relocation-equivalent,00405a70,1,1.000000,4600a80a9bc22dbb454e3584d910c84c5811caf066b80e9a71bbe6a9448305cd,
container,Pop,67,/O2 /Ob2 /G5 /MD,gog_1261,18a74ff61c65b8a2d4cfa11ffce82ad7fef022a94eaf0c2f217e479e981420d2,relocation-equivalent,00405a70,1,1.000000,4600a80a9bc22dbb454e3584d910c84c5811caf066b80e9a71bbe6a9448305cd,
container,Pop,67,/O2 /Ob2 /G5 /MD,gog_1261_new,57a3072c2f8307de84e2f54ac58d3fcd7cf3cef18088bf0f0fdec2ac9202b2b1,relocation-equivalent,00405a70,1,1.000000,4600a80a9bc22dbb454e3584d910c84c5811caf066b80e9a71bbe6a9448305cd,
container,Pop,67,/O2 /Ob2 /G5 /MD,gog_128_base,18a74ff61c65b8a2d4cfa11ffce82ad7fef022a94eaf0c2f217e479e981420d2,relocation-equivalent,00405a70,1,1.000000,4600a80a9bc22dbb454e3584d910c84c5811caf066b80e9a71bbe6a9448305cd,
container,Pop,67,/O2 /Ob2 /G5 /MD,gog_128_patch,fdca6d9cd0940034191e82b8e2900de26bb25e381c74128dcb8967360a9fb824,unavailable,,0,0.000000,4600a80a9bc22dbb454e3584d910c84c5811caf066b80e9a71bbe6a9448305cd,no-text-section
container,Pop,67,/O2 /Ob2 /G5 /MD,retail_2001_12_23,c3639d43568a1ed233be85c6b3b8129b1a4661e65717220e0514c815aa972edd,unavailable,,0,0.000000,4600a80a9bc22dbb454e3584d910c84c5811caf066b80e9a71bbe6a9448305cd,protected-executable
container,Push,107,/O2 /Ob2 /G5 /MD,demo,8acda50afe39f7e6a867272300a09463fd94aed9a510008fcdefc662143346e4,relocation-equivalent,00405a70,1,1.000000,bbfaed943ee68d82d66a2114df36207c1ec5470a1d01f87df9b6cbfdbf5be45c,
container,Push,107,/O2 /Ob2 /G5 /MD,gog_base,18a74ff61c65b8a2d4cfa11ffce82ad7fef022a94eaf0c2f217e479e981420d2,relocation-equivalent,00405a00,1,1.000000,bbfaed943ee68d82d66a2114df36207c1ec5470a1d01f87df9b6cbfdbf5be45c,
container,Push,107,/O2 /Ob2 /G5 /MD,gog_1261,18a74ff61c65b8a2d4cfa11ffce82ad7fef022a94eaf0c2f217e479e981420d2,relocation-equivalent,00405a00,1,1.000000,bbfaed943ee68d82d66a2114df36207c1ec5470a1d01f87df9b6cbfdbf5be45c,
container,Push,107,/O2 /Ob2 /G5 /MD,gog_1261_new,57a3072c2f8307de84e2f54ac58d3fcd7cf3cef18088bf0f0fdec2ac9202b2b1,relocation-equivalent,00405a00,1,1.000000,bbfaed943ee68d82d66a2114df36207c1ec5470a1d01f87df9b6cbfdbf5be45c,
container,Push,107,/O2 /Ob2 /G5 /MD,gog_128_base,18a74ff61c65b8a2d4cfa11ffce82ad7fef022a94eaf0c2f217e479e981420d2,relocation-equivalent,00405a00,1,1.000000,bbfaed943ee68d82d66a2114df36207c1ec5470a1d01f87df9b6cbfdbf5be45c,
container,Push,107,/O2 /Ob2 /G5 /MD,gog_128_patch,fdca6d9cd0940034191e82b8e2900de26bb25e381c74128dcb8967360a9fb824,unavailable,,0,0.000000,bbfaed943ee68d82d66a2114df36207c1ec5470a1d01f87df9b6cbfdbf5be45c,no-text-section
container,Push,107,/O2 /Ob2 /G5 /MD,retail_2001_12_23,c3639d43568a1ed233be85c6b3b8129b1a4661e65717220e0514c815aa972edd,unavailable,,0,0.000000,bbfaed943ee68d82d66a2114df36207c1ec5470a1d01f87df9b6cbfdbf5be45c,protected-executable
container,QueueSize,12,/O2 /Ob2 /G5 /MD,demo,8acda50afe39f7e6a867272300a09463fd94aed9a510008fcdefc662143346e4,ambiguous-generic,,1,1.000000,ab0c993a0449b7efc9e7b5ae1bb98a3e4febe6ba770385614484bef54e4bf52c,
container,QueueSize,12,/O2 /Ob2 /G5 /MD,gog_base,18a74ff61c65b8a2d4cfa11ffce82ad7fef022a94eaf0c2f217e479e981420d2,ambiguous-generic,,1,1.000000,ab0c993a0449b7efc9e7b5ae1bb98a3e4febe6ba770385614484bef54e4bf52c,
container,QueueSize,12,/O2 /Ob2 /G5 /MD,gog_1261,18a74ff61c65b8a2d4cfa11ffce82ad7fef022a94eaf0c2f217e479e981420d2,ambiguous-generic,,1,1.000000,ab0c993a0449b7efc9e7b5ae1bb98a3e4febe6ba770385614484bef54e4bf52c,
container,QueueSize,12,/O2 /Ob2 /G5 /MD,gog_1261_new,57a3072c2f8307de84e2f54ac58d3fcd7cf3cef18088bf0f0fdec2ac9202b2b1,ambiguous-generic,,1,1.000000,ab0c993a0449b7efc9e7b5ae1bb98a3e4febe6ba770385614484bef54e4bf52c,
container,QueueSize,12,/O2 /Ob2 /G5 /MD,gog_128_base,18a74ff61c65b8a2d4cfa11ffce82ad7fef022a94eaf0c2f217e479e981420d2,ambiguous-generic,,1,1.000000,ab0c993a0449b7efc9e7b5ae1bb98a3e4febe6ba770385614484bef54e4bf52c,
container,QueueSize,12,/O2 /Ob2 /G5 /MD,gog_128_patch,fdca6d9cd0940034191e82b8e2900de26bb25e381c74128dcb8967360a9fb824,unavailable,,0,0.000000,ab0c993a0449b7efc9e7b5ae1bb98a3e4febe6ba770385614484bef54e4bf52c,no-text-section
container,QueueSize,12,/O2 /Ob2 /G5 /MD,retail_2001_12_23,c3639d43568a1ed233be85c6b3b8129b1a4661e65717220e0514c815aa972edd,unavailable,,0,0.000000,ab0c993a0449b7efc9e7b5ae1bb98a3e4febe6ba770385614484bef54e4bf52c,protected-executable
container,RemfromList,398,/O2 /Ob2 /G5 /MD,demo,8acda50afe39f7e6a867272300a09463fd94aed9a510008fcdefc662143346e4,absent-or-stripped,,0,0.000000,8f64e117cb290e895a3ae726bbe906e3c14adf87fbed2cabbb8b7a81a057a0d2,
container,RemfromList,398,/O2 /Ob2 /G5 /MD,gog_base,18a74ff61c65b8a2d4cfa11ffce82ad7fef022a94eaf0c2f217e479e981420d2,absent-or-stripped,,0,0.000000,8f64e117cb290e895a3ae726bbe906e3c14adf87fbed2cabbb8b7a81a057a0d2,
container,RemfromList,398,/O2 /Ob2 /G5 /MD,gog_1261,18a74ff61c65b8a2d4cfa11ffce82ad7fef022a94eaf0c2f217e479e981420d2,absent-or-stripped,,0,0.000000,8f64e117cb290e895a3ae726bbe906e3c14adf87fbed2cabbb8b7a81a057a0d2,
container,RemfromList,398,/O2 /Ob2 /G5 /MD,gog_1261_new,57a3072c2f8307de84e2f54ac58d3fcd7cf3cef18088bf0f0fdec2ac9202b2b1,absent-or-stripped,,0,0.000000,8f64e117cb290e895a3ae726bbe906e3c14adf87fbed2cabbb8b7a81a057a0d2,
container,RemfromList,398,/O2 /Ob2 /G5 /MD,gog_128_base,18a74ff61c65b8a2d4cfa11ffce82ad7fef022a94eaf0c2f217e479e981420d2,absent-or-stripped,,0,0.000000,8f64e117cb290e895a3ae726bbe906e3c14adf87fbed2cabbb8b7a81a057a0d2,
container,RemfromList,398,/O2 /Ob2 /G5 /MD,gog_128_patch,fdca6d9cd0940034191e82b8e2900de26bb25e381c74128dcb8967360a9fb824,unavailable,,0,0.000000,8f64e117cb290e895a3ae726bbe906e3c14adf87fbed2cabbb8b7a81a057a0d2,no-text-section
container,RemfromList,398,/O2 /Ob2 /G5 /MD,retail_2001_12_23,c3639d43568a1ed233be85c6b3b8129b1a4661e65717220e0514c815aa972edd,unavailable,,0,0.000000,8f64e117cb290e895a3ae726bbe906e3c14adf87fbed2cabbb8b7a81a057a0d2,protected-executable
container,RemfromOrdList,398,/O2 /Ob2 /G5 /MD,demo,8acda50afe39f7e6a867272300a09463fd94aed9a510008fcdefc662143346e4,absent-or-stripped,,0,0.000000,9fa5c3999f29f8f74f2a9cee0a79bfe062cd9ecc343c9edd950613ae62d177cf,
container,RemfromOrdList,398,/O2 /Ob2 /G5 /MD,gog_base,18a74ff61c65b8a2d4cfa11ffce82ad7fef022a94eaf0c2f217e479e981420d2,absent-or-stripped,,0,0.000000,9fa5c3999f29f8f74f2a9cee0a79bfe062cd9ecc343c9edd950613ae62d177cf,
container,RemfromOrdList,398,/O2 /Ob2 /G5 /MD,gog_1261,18a74ff61c65b8a2d4cfa11ffce82ad7fef022a94eaf0c2f217e479e981420d2,absent-or-stripped,,0,0.000000,9fa5c3999f29f8f74f2a9cee0a79bfe062cd9ecc343c9edd950613ae62d177cf,
container,RemfromOrdList,398,/O2 /Ob2 /G5 /MD,gog_1261_new,57a3072c2f8307de84e2f54ac58d3fcd7cf3cef18088bf0f0fdec2ac9202b2b1,absent-or-stripped,,0,0.000000,9fa5c3999f29f8f74f2a9cee0a79bfe062cd9ecc343c9edd950613ae62d177cf,
container,RemfromOrdList,398,/O2 /Ob2 /G5 /MD,gog_128_base,18a74ff61c65b8a2d4cfa11ffce82ad7fef022a94eaf0c2f217e479e981420d2,absent-or-stripped,,0,0.000000,9fa5c3999f29f8f74f2a9cee0a79bfe062cd9ecc343c9edd950613ae62d177cf,
container,RemfromOrdList,398,/O2 /Ob2 /G5 /MD,gog_128_patch,fdca6d9cd0940034191e82b8e2900de26bb25e381c74128dcb8967360a9fb824,unavailable,,0,0.000000,9fa5c3999f29f8f74f2a9cee0a79bfe062cd9ecc343c9edd950613ae62d177cf,no-text-section
container,RemfromOrdList,398,/O2 /Ob2 /G5 /MD,retail_2001_12_23,c3639d43568a1ed233be85c6b3b8129b1a4661e65717220e0514c815aa972edd,unavailable,,0,0.000000,9fa5c3999f29f8f74f2a9cee0a79bfe062cd9ecc343c9edd950613ae62d177cf,protected-executable
container,RemfromQueue,107,/O2 /Ob2 /G5 /MD,demo,8acda50afe39f7e6a867272300a09463fd94aed9a510008fcdefc662143346e4,absent-or-stripped,,0,0.000000,55ed822db7327c1e3d796684e4a9972f6d8bdd9256f6002ee610855b1ddd3680,
container,RemfromQueue,107,/O2 /Ob2 /G5 /MD,gog_base,18a74ff61c65b8a2d4cfa11ffce82ad7fef022a94eaf0c2f217e479e981420d2,absent-or-stripped,,0,0.000000,55ed822db7327c1e3d796684e4a9972f6d8bdd9256f6002ee610855b1ddd3680,
container,RemfromQueue,107,/O2 /Ob2 /G5 /MD,gog_1261,18a74ff61c65b8a2d4cfa11ffce82ad7fef022a94eaf0c2f217e479e981420d2,absent-or-stripped,,0,0.000000,55ed822db7327c1e3d796684e4a9972f6d8bdd9256f6002ee610855b1ddd3680,
container,RemfromQueue,107,/O2 /Ob2 /G5 /MD,gog_1261_new,57a3072c2f8307de84e2f54ac58d3fcd7cf3cef18088bf0f0fdec2ac9202b2b1,absent-or-stripped,,0,0.000000,55ed822db7327c1e3d796684e4a9972f6d8bdd9256f6002ee610855b1ddd3680,
container,RemfromQueue,107,/O2 /Ob2 /G5 /MD,gog_128_base,18a74ff61c65b8a2d4cfa11ffce82ad7fef022a94eaf0c2f217e479e981420d2,absent-or-stripped,,0,0.000000,55ed822db7327c1e3d796684e4a9972f6d8bdd9256f6002ee610855b1ddd3680,
container,RemfromQueue,107,/O2 /Ob2 /G5 /MD,gog_128_patch,fdca6d9cd0940034191e82b8e2900de26bb25e381c74128dcb8967360a9fb824,unavailable,,0,0.000000,55ed822db7327c1e3d796684e4a9972f6d8bdd9256f6002ee610855b1ddd3680,no-text-section
container,RemfromQueue,107,/O2 /Ob2 /G5 /MD,retail_2001_12_23,c3639d43568a1ed233be85c6b3b8129b1a4661e65717220e0514c815aa972edd,unavailable,,0,0.000000,55ed822db7327c1e3d796684e4a9972f6d8bdd9256f6002ee610855b1ddd3680,protected-executable
container,ShutdownContainers,1,/O2 /Ob2 /G5 /MD,demo,8acda50afe39f7e6a867272300a09463fd94aed9a510008fcdefc662143346e4,ambiguous-generic,,13271,1.000000,ae3f4619b0413d70d3004b9131c3752153074e45725be13b9a148978895e359e,
container,ShutdownContainers,1,/O2 /Ob2 /G5 /MD,gog_base,18a74ff61c65b8a2d4cfa11ffce82ad7fef022a94eaf0c2f217e479e981420d2,ambiguous-generic,,13531,1.000000,ae3f4619b0413d70d3004b9131c3752153074e45725be13b9a148978895e359e,
container,ShutdownContainers,1,/O2 /Ob2 /G5 /MD,gog_1261,18a74ff61c65b8a2d4cfa11ffce82ad7fef022a94eaf0c2f217e479e981420d2,ambiguous-generic,,13531,1.000000,ae3f4619b0413d70d3004b9131c3752153074e45725be13b9a148978895e359e,
container,ShutdownContainers,1,/O2 /Ob2 /G5 /MD,gog_1261_new,57a3072c2f8307de84e2f54ac58d3fcd7cf3cef18088bf0f0fdec2ac9202b2b1,ambiguous-generic,,13531,1.000000,ae3f4619b0413d70d3004b9131c3752153074e45725be13b9a148978895e359e,
container,ShutdownContainers,1,/O2 /Ob2 /G5 /MD,gog_128_base,18a74ff61c65b8a2d4cfa11ffce82ad7fef022a94eaf0c2f217e479e981420d2,ambiguous-generic,,13531,1.000000,ae3f4619b0413d70d3004b9131c3752153074e45725be13b9a148978895e359e,
container,ShutdownContainers,1,/O2 /Ob2 /G5 /MD,gog_128_patch,fdca6d9cd0940034191e82b8e2900de26bb25e381c74128dcb8967360a9fb824,unavailable,,0,0.000000,ae3f4619b0413d70d3004b9131c3752153074e45725be13b9a148978895e359e,no-text-section
container,ShutdownContainers,1,/O2 /Ob2 /G5 /MD,retail_2001_12_23,c3639d43568a1ed233be85c6b3b8129b1a4661e65717220e0514c815aa972edd,unavailable,,0,0.000000,ae3f4619b0413d70d3004b9131c3752153074e45725be13b9a148978895e359e,protected-executable
container,StackSize,12,/O2 /Ob2 /G5 /MD,demo,8acda50afe39f7e6a867272300a09463fd94aed9a510008fcdefc662143346e4,ambiguous-generic,,1,1.000000,ab0c993a0449b7efc9e7b5ae1bb98a3e4febe6ba770385614484bef54e4bf52c,
container,StackSize,12,/O2 /Ob2 /G5 /MD,gog_base,18a74ff61c65b8a2d4cfa11ffce82ad7fef022a94eaf0c2f217e479e981420d2,ambiguous-generic,,1,1.000000,ab0c993a0449b7efc9e7b5ae1bb98a3e4febe6ba770385614484bef54e4bf52c,
container,StackSize,12,/O2 /Ob2 /G5 /MD,gog_1261,18a74ff61c65b8a2d4cfa11ffce82ad7fef022a94eaf0c2f217e479e981420d2,ambiguous-generic,,1,1.000000,ab0c993a0449b7efc9e7b5ae1bb98a3e4febe6ba770385614484bef54e4bf52c,
container,StackSize,12,/O2 /Ob2 /G5 /MD,gog_1261_new,57a3072c2f8307de84e2f54ac58d3fcd7cf3cef18088bf0f0fdec2ac9202b2b1,ambiguous-generic,,1,1.000000,ab0c993a0449b7efc9e7b5ae1bb98a3e4febe6ba770385614484bef54e4bf52c,
container,StackSize,12,/O2 /Ob2 /G5 /MD,gog_128_base,18a74ff61c65b8a2d4cfa11ffce82ad7fef022a94eaf0c2f217e479e981420d2,ambiguous-generic,,1,1.000000,ab0c993a0449b7efc9e7b5ae1bb98a3e4febe6ba770385614484bef54e4bf52c,
container,StackSize,12,/O2 /Ob2 /G5 /MD,gog_128_patch,fdca6d9cd0940034191e82b8e2900de26bb25e381c74128dcb8967360a9fb824,unavailable,,0,0.000000,ab0c993a0449b7efc9e7b5ae1bb98a3e4febe6ba770385614484bef54e4bf52c,no-text-section
container,StackSize,12,/O2 /Ob2 /G5 /MD,retail_2001_12_23,c3639d43568a1ed233be85c6b3b8129b1a4661e65717220e0514c815aa972edd,unavailable,,0,0.000000,ab0c993a0449b7efc9e7b5ae1bb98a3e4febe6ba770385614484bef54e4bf52c,protected-executable
container,StoreinOrdList,585,/O2 /Ob2 /G5 /MD,demo,8acda50afe39f7e6a867272300a09463fd94aed9a510008fcdefc662143346e4,absent-or-stripped,,0,0.000000,cab254c3a4926e9b0c456a60d19533e683c54f8e9bb789b4025528f144935690,
container,StoreinOrdList,585,/O2 /Ob2 /G5 /MD,gog_base,18a74ff61c65b8a2d4cfa11ffce82ad7fef022a94eaf0c2f217e479e981420d2,absent-or-stripped,,0,0.000000,cab254c3a4926e9b0c456a60d19533e683c54f8e9bb789b4025528f144935690,
container,StoreinOrdList,585,/O2 /Ob2 /G5 /MD,gog_1261,18a74ff61c65b8a2d4cfa11ffce82ad7fef022a94eaf0c2f217e479e981420d2,absent-or-stripped,,0,0.000000,cab254c3a4926e9b0c456a60d19533e683c54f8e9bb789b4025528f144935690,
container,StoreinOrdList,585,/O2 /Ob2 /G5 /MD,gog_1261_new,57a3072c2f8307de84e2f54ac58d3fcd7cf3cef18088bf0f0fdec2ac9202b2b1,absent-or-stripped,,0,0.000000,cab254c3a4926e9b0c456a60d19533e683c54f8e9bb789b4025528f144935690,
container,StoreinOrdList,585,/O2 /Ob2 /G5 /MD,gog_128_base,18a74ff61c65b8a2d4cfa11ffce82ad7fef022a94eaf0c2f217e479e981420d2,absent-or-stripped,,0,0.000000,cab254c3a4926e9b0c456a60d19533e683c54f8e9bb789b4025528f144935690,
container,StoreinOrdList,585,/O2 /Ob2 /G5 /MD,gog_128_patch,fdca6d9cd0940034191e82b8e2900de26bb25e381c74128dcb8967360a9fb824,unavailable,,0,0.000000,cab254c3a4926e9b0c456a60d19533e683c54f8e9bb789b4025528f144935690,no-text-section
container,StoreinOrdList,585,/O2 /Ob2 /G5 /MD,retail_2001_12_23,c3639d43568a1ed233be85c6b3b8129b1a4661e65717220e0514c815aa972edd,unavailable,,0,0.000000,cab254c3a4926e9b0c456a60d19533e683c54f8e9bb789b4025528f144935690,protected-executable
container,StoreListNode,102,/O2 /Ob2 /G5 /MD,demo,8acda50afe39f7e6a867272300a09463fd94aed9a510008fcdefc662143346e4,ambiguous-generic,,1,1.000000,02ee118193ba6844b3d1cdc26f8d4e225230c121d439ac4f18eaa8989db22a06,
container,StoreListNode,102,/O2 /Ob2 /G5 /MD,gog_base,18a74ff61c65b8a2d4cfa11ffce82ad7fef022a94eaf0c2f217e479e981420d2,ambiguous-generic,,1,1.000000,02ee118193ba6844b3d1cdc26f8d4e225230c121d439ac4f18eaa8989db22a06,
container,StoreListNode,102,/O2 /Ob2 /G5 /MD,gog_1261,18a74ff61c65b8a2d4cfa11ffce82ad7fef022a94eaf0c2f217e479e981420d2,ambiguous-generic,,1,1.000000,02ee118193ba6844b3d1cdc26f8d4e225230c121d439ac4f18eaa8989db22a06,
container,StoreListNode,102,/O2 /Ob2 /G5 /MD,gog_1261_new,57a3072c2f8307de84e2f54ac58d3fcd7cf3cef18088bf0f0fdec2ac9202b2b1,ambiguous-generic,,1,1.000000,02ee118193ba6844b3d1cdc26f8d4e225230c121d439ac4f18eaa8989db22a06,
container,StoreListNode,102,/O2 /Ob2 /G5 /MD,gog_128_base,18a74ff61c65b8a2d4cfa11ffce82ad7fef022a94eaf0c2f217e479e981420d2,ambiguous-generic,,1,1.000000,02ee118193ba6844b3d1cdc26f8d4e225230c121d439ac4f18eaa8989db22a06,
container,StoreListNode,102,/O2 /Ob2 /G5 /MD,gog_128_patch,fdca6d9cd0940034191e82b8e2900de26bb25e381c74128dcb8967360a9fb824,unavailable,,0,0.000000,02ee118193ba6844b3d1cdc26f8d4e225230c121d439ac4f18eaa8989db22a06,no-text-section
container,StoreListNode,102,/O2 /Ob2 /G5 /MD,retail_2001_12_23,c3639d43568a1ed233be85c6b3b8129b1a4661e65717220e0514c815aa972edd,unavailable,,0,0.000000,02ee118193ba6844b3d1cdc26f8d4e225230c121d439ac4f18eaa8989db22a06,protected-executable
container,SwapListNode,102,/O2 /Ob2 /G5 /MD,demo,8acda50afe39f7e6a867272300a09463fd94aed9a510008fcdefc662143346e4,ambiguous-generic,,1,1.000000,02ee118193ba6844b3d1cdc26f8d4e225230c121d439ac4f18eaa8989db22a06,
container,SwapListNode,102,/O2 /Ob2 /G5 /MD,gog_base,18a74ff61c65b8a2d4cfa11ffce82ad7fef022a94eaf0c2f217e479e981420d2,ambiguous-generic,,1,1.000000,02ee118193ba6844b3d1cdc26f8d4e225230c121d439ac4f18eaa8989db22a06,
container,SwapListNode,102,/O2 /Ob2 /G5 /MD,gog_1261,18a74ff61c65b8a2d4cfa11ffce82ad7fef022a94eaf0c2f217e479e981420d2,ambiguous-generic,,1,1.000000,02ee118193ba6844b3d1cdc26f8d4e225230c121d439ac4f18eaa8989db22a06,
container,SwapListNode,102,/O2 /Ob2 /G5 /MD,gog_1261_new,57a3072c2f8307de84e2f54ac58d3fcd7cf3cef18088bf0f0fdec2ac9202b2b1,ambiguous-generic,,1,1.000000,02ee118193ba6844b3d1cdc26f8d4e225230c121d439ac4f18eaa8989db22a06,
container,SwapListNode,102,/O2 /Ob2 /G5 /MD,gog_128_base,18a74ff61c65b8a2d4cfa11ffce82ad7fef022a94eaf0c2f217e479e981420d2,ambiguous-generic,,1,1.000000,02ee118193ba6844b3d1cdc26f8d4e225230c121d439ac4f18eaa8989db22a06,
container,SwapListNode,102,/O2 /Ob2 /G5 /MD,gog_128_patch,fdca6d9cd0940034191e82b8e2900de26bb25e381c74128dcb8967360a9fb824,unavailable,,0,0.000000,02ee118193ba6844b3d1cdc26f8d4e225230c121d439ac4f18eaa8989db22a06,no-text-section
container,SwapListNode,102,/O2 /Ob2 /G5 /MD,retail_2001_12_23,c3639d43568a1ed233be85c6b3b8129b1a4661e65717220e0514c815aa972edd,unavailable,,0,0.000000,02ee118193ba6844b3d1cdc26f8d4e225230c121d439ac4f18eaa8989db22a06,protected-executable
debug,_DebugMessage,132,/O2 /Ob2 /G5 /MD,demo,8acda50afe39f7e6a867272300a09463fd94aed9a510008fcdefc662143346e4,absent-or-stripped,,0,0.000000,fbda91b785a094e115ba613569c57892275d33a568340e60b86f67e63fdb853f,
debug,_DebugMessage,132,/O2 /Ob2 /G5 /MD,gog_base,18a74ff61c65b8a2d4cfa11ffce82ad7fef022a94eaf0c2f217e479e981420d2,absent-or-stripped,,0,0.000000,fbda91b785a094e115ba613569c57892275d33a568340e60b86f67e63fdb853f,
debug,_DebugMessage,132,/O2 /Ob2 /G5 /MD,gog_1261,18a74ff61c65b8a2d4cfa11ffce82ad7fef022a94eaf0c2f217e479e981420d2,absent-or-stripped,,0,0.000000,fbda91b785a094e115ba613569c57892275d33a568340e60b86f67e63fdb853f,
debug,_DebugMessage,132,/O2 /Ob2 /G5 /MD,gog_1261_new,57a3072c2f8307de84e2f54ac58d3fcd7cf3cef18088bf0f0fdec2ac9202b2b1,absent-or-stripped,,0,0.000000,fbda91b785a094e115ba613569c57892275d33a568340e60b86f67e63fdb853f,
debug,_DebugMessage,132,/O2 /Ob2 /G5 /MD,gog_128_base,18a74ff61c65b8a2d4cfa11ffce82ad7fef022a94eaf0c2f217e479e981420d2,absent-or-stripped,,0,0.000000,fbda91b785a094e115ba613569c57892275d33a568340e60b86f67e63fdb853f,
debug,_DebugMessage,132,/O2 /Ob2 /G5 /MD,gog_128_patch,fdca6d9cd0940034191e82b8e2900de26bb25e381c74128dcb8967360a9fb824,unavailable,,0,0.000000,fbda91b785a094e115ba613569c57892275d33a568340e60b86f67e63fdb853f,no-text-section
debug,_DebugMessage,132,/O2 /Ob2 /G5 /MD,retail_2001_12_23,c3639d43568a1ed233be85c6b3b8129b1a4661e65717220e0514c815aa972edd,unavailable,,0,0.000000,fbda91b785a094e115ba613569c57892275d33a568340e60b86f67e63fdb853f,protected-executable
debug,_DebugRecordToDebugger,10,/O2 /Ob2 /G5 /MD,demo,8acda50afe39f7e6a867272300a09463fd94aed9a510008fcdefc662143346e4,ambiguous-generic,,7,1.000000,1ad516029640c1fe9b0955eb9147d728ed17f167a636d9f9c5640f2a38c6bb10,
debug,_DebugRecordToDebugger,10,/O2 /Ob2 /G5 /MD,gog_base,18a74ff61c65b8a2d4cfa11ffce82ad7fef022a94eaf0c2f217e479e981420d2,ambiguous-generic,,6,1.000000,1ad516029640c1fe9b0955eb9147d728ed17f167a636d9f9c5640f2a38c6bb10,
debug,_DebugRecordToDebugger,10,/O2 /Ob2 /G5 /MD,gog_1261,18a74ff61c65b8a2d4cfa11ffce82ad7fef022a94eaf0c2f217e479e981420d2,ambiguous-generic,,6,1.000000,1ad516029640c1fe9b0955eb9147d728ed17f167a636d9f9c5640f2a38c6bb10,
debug,_DebugRecordToDebugger,10,/O2 /Ob2 /G5 /MD,gog_1261_new,57a3072c2f8307de84e2f54ac58d3fcd7cf3cef18088bf0f0fdec2ac9202b2b1,ambiguous-generic,,6,1.000000,1ad516029640c1fe9b0955eb9147d728ed17f167a636d9f9c5640f2a38c6bb10,
debug,_DebugRecordToDebugger,10,/O2 /Ob2 /G5 /MD,gog_128_base,18a74ff61c65b8a2d4cfa11ffce82ad7fef022a94eaf0c2f217e479e981420d2,ambiguous-generic,,6,1.000000,1ad516029640c1fe9b0955eb9147d728ed17f167a636d9f9c5640f2a38c6bb10,
debug,_DebugRecordToDebugger,10,/O2 /Ob2 /G5 /MD,gog_128_patch,fdca6d9cd0940034191e82b8e2900de26bb25e381c74128dcb8967360a9fb824,unavailable,,0,0.000000,1ad516029640c1fe9b0955eb9147d728ed17f167a636d9f9c5640f2a38c6bb10,no-text-section
debug,_DebugRecordToDebugger,10,/O2 /Ob2 /G5 /MD,retail_2001_12_23,c3639d43568a1ed233be85c6b3b8129b1a4661e65717220e0514c815aa972edd,unavailable,,0,0.000000,1ad516029640c1fe9b0955eb9147d728ed17f167a636d9f9c5640f2a38c6bb10,protected-executable
debug,_DebugRecordToFile,10,/O2 /Ob2 /G5 /MD,demo,8acda50afe39f7e6a867272300a09463fd94aed9a510008fcdefc662143346e4,ambiguous-generic,,7,1.000000,1ad516029640c1fe9b0955eb9147d728ed17f167a636d9f9c5640f2a38c6bb10,
debug,_DebugRecordToFile,10,/O2 /Ob2 /G5 /MD,gog_base,18a74ff61c65b8a2d4cfa11ffce82ad7fef022a94eaf0c2f217e479e981420d2,ambiguous-generic,,6,1.000000,1ad516029640c1fe9b0955eb9147d728ed17f167a636d9f9c5640f2a38c6bb10,
debug,_DebugRecordToFile,10,/O2 /Ob2 /G5 /MD,gog_1261,18a74ff61c65b8a2d4cfa11ffce82ad7fef022a94eaf0c2f217e479e981420d2,ambiguous-generic,,6,1.000000,1ad516029640c1fe9b0955eb9147d728ed17f167a636d9f9c5640f2a38c6bb10,
debug,_DebugRecordToFile,10,/O2 /Ob2 /G5 /MD,gog_1261_new,57a3072c2f8307de84e2f54ac58d3fcd7cf3cef18088bf0f0fdec2ac9202b2b1,ambiguous-generic,,6,1.000000,1ad516029640c1fe9b0955eb9147d728ed17f167a636d9f9c5640f2a38c6bb10,
debug,_DebugRecordToFile,10,/O2 /Ob2 /G5 /MD,gog_128_base,18a74ff61c65b8a2d4cfa11ffce82ad7fef022a94eaf0c2f217e479e981420d2,ambiguous-generic,,6,1.000000,1ad516029640c1fe9b0955eb9147d728ed17f167a636d9f9c5640f2a38c6bb10,
debug,_DebugRecordToFile,10,/O2 /Ob2 /G5 /MD,gog_128_patch,fdca6d9cd0940034191e82b8e2900de26bb25e381c74128dcb8967360a9fb824,unavailable,,0,0.000000,1ad516029640c1fe9b0955eb9147d728ed17f167a636d9f9c5640f2a38c6bb10,no-text-section
debug,_DebugRecordToFile,10,/O2 /Ob2 /G5 /MD,retail_2001_12_23,c3639d43568a1ed233be85c6b3b8129b1a4661e65717220e0514c815aa972edd,unavailable,,0,0.000000,1ad516029640c1fe9b0955eb9147d728ed17f167a636d9f9c5640f2a38c6bb10,protected-executable
debug,_FailMessage,190,/O2 /Ob2 /G5 /MD,demo,8acda50afe39f7e6a867272300a09463fd94aed9a510008fcdefc662143346e4,absent-or-stripped,,0,0.000000,2afc049a89b0cdf5ceadadb8e23db94f6b8db3f4cc3c36161865bd348980a690,
debug,_FailMessage,190,/O2 /Ob2 /G5 /MD,gog_base,18a74ff61c65b8a2d4cfa11ffce82ad7fef022a94eaf0c2f217e479e981420d2,absent-or-stripped,,0,0.000000,2afc049a89b0cdf5ceadadb8e23db94f6b8db3f4cc3c36161865bd348980a690,
debug,_FailMessage,190,/O2 /Ob2 /G5 /MD,gog_1261,18a74ff61c65b8a2d4cfa11ffce82ad7fef022a94eaf0c2f217e479e981420d2,absent-or-stripped,,0,0.000000,2afc049a89b0cdf5ceadadb8e23db94f6b8db3f4cc3c36161865bd348980a690,
debug,_FailMessage,190,/O2 /Ob2 /G5 /MD,gog_1261_new,57a3072c2f8307de84e2f54ac58d3fcd7cf3cef18088bf0f0fdec2ac9202b2b1,absent-or-stripped,,0,0.000000,2afc049a89b0cdf5ceadadb8e23db94f6b8db3f4cc3c36161865bd348980a690,
debug,_FailMessage,190,/O2 /Ob2 /G5 /MD,gog_128_base,18a74ff61c65b8a2d4cfa11ffce82ad7fef022a94eaf0c2f217e479e981420d2,absent-or-stripped,,0,0.000000,2afc049a89b0cdf5ceadadb8e23db94f6b8db3f4cc3c36161865bd348980a690,
debug,_FailMessage,190,/O2 /Ob2 /G5 /MD,gog_128_patch,fdca6d9cd0940034191e82b8e2900de26bb25e381c74128dcb8967360a9fb824,unavailable,,0,0.000000,2afc049a89b0cdf5ceadadb8e23db94f6b8db3f4cc3c36161865bd348980a690,no-text-section
debug,_FailMessage,190,/O2 /Ob2 /G5 /MD,retail_2001_12_23,c3639d43568a1ed233be85c6b3b8129b1a4661e65717220e0514c815aa972edd,unavailable,,0,0.000000,2afc049a89b0cdf5ceadadb8e23db94f6b8db3f4cc3c36161865bd348980a690,protected-executable
debug,_Null,1,/O2 /Ob2 /G5 /MD,demo,8acda50afe39f7e6a867272300a09463fd94aed9a510008fcdefc662143346e4,ambiguous-generic,,13271,1.000000,ae3f4619b0413d70d3004b9131c3752153074e45725be13b9a148978895e359e,
debug,_Null,1,/O2 /Ob2 /G5 /MD,gog_base,18a74ff61c65b8a2d4cfa11ffce82ad7fef022a94eaf0c2f217e479e981420d2,ambiguous-generic,,13531,1.000000,ae3f4619b0413d70d3004b9131c3752153074e45725be13b9a148978895e359e,
debug,_Null,1,/O2 /Ob2 /G5 /MD,gog_1261,18a74ff61c65b8a2d4cfa11ffce82ad7fef022a94eaf0c2f217e479e981420d2,ambiguous-generic,,13531,1.000000,ae3f4619b0413d70d3004b9131c3752153074e45725be13b9a148978895e359e,
debug,_Null,1,/O2 /Ob2 /G5 /MD,gog_1261_new,57a3072c2f8307de84e2f54ac58d3fcd7cf3cef18088bf0f0fdec2ac9202b2b1,ambiguous-generic,,13531,1.000000,ae3f4619b0413d70d3004b9131c3752153074e45725be13b9a148978895e359e,
debug,_Null,1,/O2 /Ob2 /G5 /MD,gog_128_base,18a74ff61c65b8a2d4cfa11ffce82ad7fef022a94eaf0c2f217e479e981420d2,ambiguous-generic,,13531,1.000000,ae3f4619b0413d70d3004b9131c3752153074e45725be13b9a148978895e359e,
debug,_Null,1,/O2 /Ob2 /G5 /MD,gog_128_patch,fdca6d9cd0940034191e82b8e2900de26bb25e381c74128dcb8967360a9fb824,unavailable,,0,0.000000,ae3f4619b0413d70d3004b9131c3752153074e45725be13b9a148978895e359e,no-text-section
debug,_Null,1,/O2 /Ob2 /G5 /MD,retail_2001_12_23,c3639d43568a1ed233be85c6b3b8129b1a4661e65717220e0514c815aa972edd,unavailable,,0,0.000000,ae3f4619b0413d70d3004b9131c3752153074e45725be13b9a148978895e359e,protected-executable
debug,DbgClearAllTopics,45,/O2 /Ob2 /G5 /MD,demo,8acda50afe39f7e6a867272300a09463fd94aed9a510008fcdefc662143346e4,absent-or-stripped,,0,0.000000,78927796fe74a852903b96cbc4f010ea9329a2fcc8cd531859fb29a45be43047,
debug,DbgClearAllTopics,45,/O2 /Ob2 /G5 /MD,gog_base,18a74ff61c65b8a2d4cfa11ffce82ad7fef022a94eaf0c2f217e479e981420d2,absent-or-stripped,,0,0.000000,78927796fe74a852903b96cbc4f010ea9329a2fcc8cd531859fb29a45be43047,
debug,DbgClearAllTopics,45,/O2 /Ob2 /G5 /MD,gog_1261,18a74ff61c65b8a2d4cfa11ffce82ad7fef022a94eaf0c2f217e479e981420d2,absent-or-stripped,,0,0.000000,78927796fe74a852903b96cbc4f010ea9329a2fcc8cd531859fb29a45be43047,
debug,DbgClearAllTopics,45,/O2 /Ob2 /G5 /MD,gog_1261_new,57a3072c2f8307de84e2f54ac58d3fcd7cf3cef18088bf0f0fdec2ac9202b2b1,absent-or-stripped,,0,0.000000,78927796fe74a852903b96cbc4f010ea9329a2fcc8cd531859fb29a45be43047,
debug,DbgClearAllTopics,45,/O2 /Ob2 /G5 /MD,gog_128_base,18a74ff61c65b8a2d4cfa11ffce82ad7fef022a94eaf0c2f217e479e981420d2,absent-or-stripped,,0,0.000000,78927796fe74a852903b96cbc4f010ea9329a2fcc8cd531859fb29a45be43047,
debug,DbgClearAllTopics,45,/O2 /Ob2 /G5 /MD,gog_128_patch,fdca6d9cd0940034191e82b8e2900de26bb25e381c74128dcb8967360a9fb824,unavailable,,0,0.000000,78927796fe74a852903b96cbc4f010ea9329a2fcc8cd531859fb29a45be43047,no-text-section
debug,DbgClearAllTopics,45,/O2 /Ob2 /G5 /MD,retail_2001_12_23,c3639d43568a1ed233be85c6b3b8129b1a4661e65717220e0514c815aa972edd,unavailable,,0,0.000000,78927796fe74a852903b96cbc4f010ea9329a2fcc8cd531859fb29a45be43047,protected-executable
debug,DbgFailedAssertion,68,/O2 /Ob2 /G5 /MD,demo,8acda50afe39f7e6a867272300a09463fd94aed9a510008fcdefc662143346e4,absent-or-stripped,,0,0.000000,c3057a1faa1412e2f3a21b3b2fa2f9cedd8d814dde262cfb52dd8b69245fa292,
debug,DbgFailedAssertion,68,/O2 /Ob2 /G5 /MD,gog_base,18a74ff61c65b8a2d4cfa11ffce82ad7fef022a94eaf0c2f217e479e981420d2,absent-or-stripped,,0,0.000000,c3057a1faa1412e2f3a21b3b2fa2f9cedd8d814dde262cfb52dd8b69245fa292,
debug,DbgFailedAssertion,68,/O2 /Ob2 /G5 /MD,gog_1261,18a74ff61c65b8a2d4cfa11ffce82ad7fef022a94eaf0c2f217e479e981420d2,absent-or-stripped,,0,0.000000,c3057a1faa1412e2f3a21b3b2fa2f9cedd8d814dde262cfb52dd8b69245fa292,
debug,DbgFailedAssertion,68,/O2 /Ob2 /G5 /MD,gog_1261_new,57a3072c2f8307de84e2f54ac58d3fcd7cf3cef18088bf0f0fdec2ac9202b2b1,absent-or-stripped,,0,0.000000,c3057a1faa1412e2f3a21b3b2fa2f9cedd8d814dde262cfb52dd8b69245fa292,
debug,DbgFailedAssertion,68,/O2 /Ob2 /G5 /MD,gog_128_base,18a74ff61c65b8a2d4cfa11ffce82ad7fef022a94eaf0c2f217e479e981420d2,absent-or-stripped,,0,0.000000,c3057a1faa1412e2f3a21b3b2fa2f9cedd8d814dde262cfb52dd8b69245fa292,
debug,DbgFailedAssertion,68,/O2 /Ob2 /G5 /MD,gog_128_patch,fdca6d9cd0940034191e82b8e2900de26bb25e381c74128dcb8967360a9fb824,unavailable,,0,0.000000,c3057a1faa1412e2f3a21b3b2fa2f9cedd8d814dde262cfb52dd8b69245fa292,no-text-section
debug,DbgFailedAssertion,68,/O2 /Ob2 /G5 /MD,retail_2001_12_23,c3639d43568a1ed233be85c6b3b8129b1a4661e65717220e0514c815aa972edd,unavailable,,0,0.000000,c3057a1faa1412e2f3a21b3b2fa2f9cedd8d814dde262cfb52dd8b69245fa292,protected-executable
debug,DbgGetLogFileName,96,/O2 /Ob2 /G5 /MD,demo,8acda50afe39f7e6a867272300a09463fd94aed9a510008fcdefc662143346e4,absent-or-stripped,,0,0.000000,b72180e1fb1832990b28763726eea7b189e1b7f63986d1b3ec29290804fccffc,
debug,DbgGetLogFileName,96,/O2 /Ob2 /G5 /MD,gog_base,18a74ff61c65b8a2d4cfa11ffce82ad7fef022a94eaf0c2f217e479e981420d2,absent-or-stripped,,0,0.000000,b72180e1fb1832990b28763726eea7b189e1b7f63986d1b3ec29290804fccffc,
debug,DbgGetLogFileName,96,/O2 /Ob2 /G5 /MD,gog_1261,18a74ff61c65b8a2d4cfa11ffce82ad7fef022a94eaf0c2f217e479e981420d2,absent-or-stripped,,0,0.000000,b72180e1fb1832990b28763726eea7b189e1b7f63986d1b3ec29290804fccffc,
debug,DbgGetLogFileName,96,/O2 /Ob2 /G5 /MD,gog_1261_new,57a3072c2f8307de84e2f54ac58d3fcd7cf3cef18088bf0f0fdec2ac9202b2b1,absent-or-stripped,,0,0.000000,b72180e1fb1832990b28763726eea7b189e1b7f63986d1b3ec29290804fccffc,
debug,DbgGetLogFileName,96,/O2 /Ob2 /G5 /MD,gog_128_base,18a74ff61c65b8a2d4cfa11ffce82ad7fef022a94eaf0c2f217e479e981420d2,absent-or-stripped,,0,0.000000,b72180e1fb1832990b28763726eea7b189e1b7f63986d1b3ec29290804fccffc,
debug,DbgGetLogFileName,96,/O2 /Ob2 /G5 /MD,gog_128_patch,fdca6d9cd0940034191e82b8e2900de26bb25e381c74128dcb8967360a9fb824,unavailable,,0,0.000000,b72180e1fb1832990b28763726eea7b189e1b7f63986d1b3ec29290804fccffc,no-text-section
debug,DbgGetLogFileName,96,/O2 /Ob2 /G5 /MD,retail_2001_12_23,c3639d43568a1ed233be85c6b3b8129b1a4661e65717220e0514c815aa972edd,unavailable,,0,0.000000,b72180e1fb1832990b28763726eea7b189e1b7f63986d1b3ec29290804fccffc,protected-executable
debug,DbgInitialize,183,/O2 /Ob2 /G5 /MD,demo,8acda50afe39f7e6a867272300a09463fd94aed9a510008fcdefc662143346e4,absent-or-stripped,,0,0.000000,701f76bab69dd6e9aa39feb44d1b49c2d41cd8f495b0b54e4280f81c1ac0d007,
debug,DbgInitialize,183,/O2 /Ob2 /G5 /MD,gog_base,18a74ff61c65b8a2d4cfa11ffce82ad7fef022a94eaf0c2f217e479e981420d2,absent-or-stripped,,0,0.000000,701f76bab69dd6e9aa39feb44d1b49c2d41cd8f495b0b54e4280f81c1ac0d007,
debug,DbgInitialize,183,/O2 /Ob2 /G5 /MD,gog_1261,18a74ff61c65b8a2d4cfa11ffce82ad7fef022a94eaf0c2f217e479e981420d2,absent-or-stripped,,0,0.000000,701f76bab69dd6e9aa39feb44d1b49c2d41cd8f495b0b54e4280f81c1ac0d007,
debug,DbgInitialize,183,/O2 /Ob2 /G5 /MD,gog_1261_new,57a3072c2f8307de84e2f54ac58d3fcd7cf3cef18088bf0f0fdec2ac9202b2b1,absent-or-stripped,,0,0.000000,701f76bab69dd6e9aa39feb44d1b49c2d41cd8f495b0b54e4280f81c1ac0d007,
debug,DbgInitialize,183,/O2 /Ob2 /G5 /MD,gog_128_base,18a74ff61c65b8a2d4cfa11ffce82ad7fef022a94eaf0c2f217e479e981420d2,absent-or-stripped,,0,0.000000,701f76bab69dd6e9aa39feb44d1b49c2d41cd8f495b0b54e4280f81c1ac0d007,
debug,DbgInitialize,183,/O2 /Ob2 /G5 /MD,gog_128_patch,fdca6d9cd0940034191e82b8e2900de26bb25e381c74128dcb8967360a9fb824,unavailable,,0,0.000000,701f76bab69dd6e9aa39feb44d1b49c2d41cd8f495b0b54e4280f81c1ac0d007,no-text-section
debug,DbgInitialize,183,/O2 /Ob2 /G5 /MD,retail_2001_12_23,c3639d43568a1ed233be85c6b3b8129b1a4661e65717220e0514c815aa972edd,unavailable,,0,0.000000,701f76bab69dd6e9aa39feb44d1b49c2d41cd8f495b0b54e4280f81c1ac0d007,protected-executable
debug,DbgMessageReal,98,/O2 /Ob2 /G5 /MD,demo,8acda50afe39f7e6a867272300a09463fd94aed9a510008fcdefc662143346e4,absent-or-stripped,,0,0.000000,64f4a818b33aa52021fe6e3c0afa6ef12b9f84a41935ce978b4d3b7f18ac68d3,
debug,DbgMessageReal,98,/O2 /Ob2 /G5 /MD,gog_base,18a74ff61c65b8a2d4cfa11ffce82ad7fef022a94eaf0c2f217e479e981420d2,absent-or-stripped,,0,0.000000,64f4a818b33aa52021fe6e3c0afa6ef12b9f84a41935ce978b4d3b7f18ac68d3,
debug,DbgMessageReal,98,/O2 /Ob2 /G5 /MD,gog_1261,18a74ff61c65b8a2d4cfa11ffce82ad7fef022a94eaf0c2f217e479e981420d2,absent-or-stripped,,0,0.000000,64f4a818b33aa52021fe6e3c0afa6ef12b9f84a41935ce978b4d3b7f18ac68d3,
debug,DbgMessageReal,98,/O2 /Ob2 /G5 /MD,gog_1261_new,57a3072c2f8307de84e2f54ac58d3fcd7cf3cef18088bf0f0fdec2ac9202b2b1,absent-or-stripped,,0,0.000000,64f4a818b33aa52021fe6e3c0afa6ef12b9f84a41935ce978b4d3b7f18ac68d3,
debug,DbgMessageReal,98,/O2 /Ob2 /G5 /MD,gog_128_base,18a74ff61c65b8a2d4cfa11ffce82ad7fef022a94eaf0c2f217e479e981420d2,absent-or-stripped,,0,0.000000,64f4a818b33aa52021fe6e3c0afa6ef12b9f84a41935ce978b4d3b7f18ac68d3,
debug,DbgMessageReal,98,/O2 /Ob2 /G5 /MD,gog_128_patch,fdca6d9cd0940034191e82b8e2900de26bb25e381c74128dcb8967360a9fb824,unavailable,,0,0.000000,64f4a818b33aa52021fe6e3c0afa6ef12b9f84a41935ce978b4d3b7f18ac68d3,no-text-section
debug,DbgMessageReal,98,/O2 /Ob2 /G5 /MD,retail_2001_12_23,c3639d43568a1ed233be85c6b3b8129b1a4661e65717220e0514c815aa972edd,unavailable,,0,0.000000,64f4a818b33aa52021fe6e3c0afa6ef12b9f84a41935ce978b4d3b7f18ac68d3,protected-executable
debug,DbgSetDebugLevel,3,/O2 /Ob2 /G5 /MD,demo,8acda50afe39f7e6a867272300a09463fd94aed9a510008fcdefc662143346e4,ambiguous-generic,,266,1.000000,e18aacce29affcdddaa5f641ac1ec12552e0fe9d066e6408941b1792818b8619,
debug,DbgSetDebugLevel,3,/O2 /Ob2 /G5 /MD,gog_base,18a74ff61c65b8a2d4cfa11ffce82ad7fef022a94eaf0c2f217e479e981420d2,ambiguous-generic,,267,1.000000,e18aacce29affcdddaa5f641ac1ec12552e0fe9d066e6408941b1792818b8619,
debug,DbgSetDebugLevel,3,/O2 /Ob2 /G5 /MD,gog_1261,18a74ff61c65b8a2d4cfa11ffce82ad7fef022a94eaf0c2f217e479e981420d2,ambiguous-generic,,267,1.000000,e18aacce29affcdddaa5f641ac1ec12552e0fe9d066e6408941b1792818b8619,
debug,DbgSetDebugLevel,3,/O2 /Ob2 /G5 /MD,gog_1261_new,57a3072c2f8307de84e2f54ac58d3fcd7cf3cef18088bf0f0fdec2ac9202b2b1,ambiguous-generic,,267,1.000000,e18aacce29affcdddaa5f641ac1ec12552e0fe9d066e6408941b1792818b8619,
debug,DbgSetDebugLevel,3,/O2 /Ob2 /G5 /MD,gog_128_base,18a74ff61c65b8a2d4cfa11ffce82ad7fef022a94eaf0c2f217e479e981420d2,ambiguous-generic,,267,1.000000,e18aacce29affcdddaa5f641ac1ec12552e0fe9d066e6408941b1792818b8619,
debug,DbgSetDebugLevel,3,/O2 /Ob2 /G5 /MD,gog_128_patch,fdca6d9cd0940034191e82b8e2900de26bb25e381c74128dcb8967360a9fb824,unavailable,,0,0.000000,e18aacce29affcdddaa5f641ac1ec12552e0fe9d066e6408941b1792818b8619,no-text-section
debug,DbgSetDebugLevel,3,/O2 /Ob2 /G5 /MD,retail_2001_12_23,c3639d43568a1ed233be85c6b3b8129b1a4661e65717220e0514c815aa972edd,unavailable,,0,0.000000,e18aacce29affcdddaa5f641ac1ec12552e0fe9d066e6408941b1792818b8619,protected-executable
debug,DbgShutdown,1,/O2 /Ob2 /G5 /MD,demo,8acda50afe39f7e6a867272300a09463fd94aed9a510008fcdefc662143346e4,ambiguous-generic,,13271,1.000000,ae3f4619b0413d70d3004b9131c3752153074e45725be13b9a148978895e359e,
debug,DbgShutdown,1,/O2 /Ob2 /G5 /MD,gog_base,18a74ff61c65b8a2d4cfa11ffce82ad7fef022a94eaf0c2f217e479e981420d2,ambiguous-generic,,13531,1.000000,ae3f4619b0413d70d3004b9131c3752153074e45725be13b9a148978895e359e,
debug,DbgShutdown,1,/O2 /Ob2 /G5 /MD,gog_1261,18a74ff61c65b8a2d4cfa11ffce82ad7fef022a94eaf0c2f217e479e981420d2,ambiguous-generic,,13531,1.000000,ae3f4619b0413d70d3004b9131c3752153074e45725be13b9a148978895e359e,
debug,DbgShutdown,1,/O2 /Ob2 /G5 /MD,gog_1261_new,57a3072c2f8307de84e2f54ac58d3fcd7cf3cef18088bf0f0fdec2ac9202b2b1,ambiguous-generic,,13531,1.000000,ae3f4619b0413d70d3004b9131c3752153074e45725be13b9a148978895e359e,
debug,DbgShutdown,1,/O2 /Ob2 /G5 /MD,gog_128_base,18a74ff61c65b8a2d4cfa11ffce82ad7fef022a94eaf0c2f217e479e981420d2,ambiguous-generic,,13531,1.000000,ae3f4619b0413d70d3004b9131c3752153074e45725be13b9a148978895e359e,
debug,DbgShutdown,1,/O2 /Ob2 /G5 /MD,gog_128_patch,fdca6d9cd0940034191e82b8e2900de26bb25e381c74128dcb8967360a9fb824,unavailable,,0,0.000000,ae3f4619b0413d70d3004b9131c3752153074e45725be13b9a148978895e359e,no-text-section
debug,DbgShutdown,1,/O2 /Ob2 /G5 /MD,retail_2001_12_23,c3639d43568a1ed233be85c6b3b8129b1a4661e65717220e0514c815aa972edd,unavailable,,0,0.000000,ae3f4619b0413d70d3004b9131c3752153074e45725be13b9a148978895e359e,protected-executable
debug,DbgTopicRegistration,349,/O2 /Ob2 /G5 /MD,demo,8acda50afe39f7e6a867272300a09463fd94aed9a510008fcdefc662143346e4,absent-or-stripped,,0,0.000000,33d7b007c0cd5d4dc3765c09b5e8365f5d463a8446a5e70e732e2e2cc936e837,
debug,DbgTopicRegistration,349,/O2 /Ob2 /G5 /MD,gog_base,18a74ff61c65b8a2d4cfa11ffce82ad7fef022a94eaf0c2f217e479e981420d2,absent-or-stripped,,0,0.000000,33d7b007c0cd5d4dc3765c09b5e8365f5d463a8446a5e70e732e2e2cc936e837,
debug,DbgTopicRegistration,349,/O2 /Ob2 /G5 /MD,gog_1261,18a74ff61c65b8a2d4cfa11ffce82ad7fef022a94eaf0c2f217e479e981420d2,absent-or-stripped,,0,0.000000,33d7b007c0cd5d4dc3765c09b5e8365f5d463a8446a5e70e732e2e2cc936e837,
debug,DbgTopicRegistration,349,/O2 /Ob2 /G5 /MD,gog_1261_new,57a3072c2f8307de84e2f54ac58d3fcd7cf3cef18088bf0f0fdec2ac9202b2b1,absent-or-stripped,,0,0.000000,33d7b007c0cd5d4dc3765c09b5e8365f5d463a8446a5e70e732e2e2cc936e837,
debug,DbgTopicRegistration,349,/O2 /Ob2 /G5 /MD,gog_128_base,18a74ff61c65b8a2d4cfa11ffce82ad7fef022a94eaf0c2f217e479e981420d2,absent-or-stripped,,0,0.000000,33d7b007c0cd5d4dc3765c09b5e8365f5d463a8446a5e70e732e2e2cc936e837,
debug,DbgTopicRegistration,349,/O2 /Ob2 /G5 /MD,gog_128_patch,fdca6d9cd0940034191e82b8e2900de26bb25e381c74128dcb8967360a9fb824,unavailable,,0,0.000000,33d7b007c0cd5d4dc3765c09b5e8365f5d463a8446a5e70e732e2e2cc936e837,no-text-section
debug,DbgTopicRegistration,349,/O2 /Ob2 /G5 /MD,retail_2001_12_23,c3639d43568a1ed233be85c6b3b8129b1a4661e65717220e0514c815aa972edd,unavailable,,0,0.000000,33d7b007c0cd5d4dc3765c09b5e8365f5d463a8446a5e70e732e2e2cc936e837,protected-executable
debug,RemoveDebugText,12,/O2 /Ob2 /G5 /MD,demo,8acda50afe39f7e6a867272300a09463fd94aed9a510008fcdefc662143346e4,near-source-with-wiz8-modifications,00401077,1,0.750000,85ee8a4dbfc6420ec02094a7b8712def58677eaf05503d29c63580066cf41ebf,
debug,RemoveDebugText,12,/O2 /Ob2 /G5 /MD,gog_base,18a74ff61c65b8a2d4cfa11ffce82ad7fef022a94eaf0c2f217e479e981420d2,near-source-with-wiz8-modifications,00401077,1,0.750000,85ee8a4dbfc6420ec02094a7b8712def58677eaf05503d29c63580066cf41ebf,
debug,RemoveDebugText,12,/O2 /Ob2 /G5 /MD,gog_1261,18a74ff61c65b8a2d4cfa11ffce82ad7fef022a94eaf0c2f217e479e981420d2,near-source-with-wiz8-modifications,00401077,1,0.750000,85ee8a4dbfc6420ec02094a7b8712def58677eaf05503d29c63580066cf41ebf,
debug,RemoveDebugText,12,/O2 /Ob2 /G5 /MD,gog_1261_new,57a3072c2f8307de84e2f54ac58d3fcd7cf3cef18088bf0f0fdec2ac9202b2b1,near-source-with-wiz8-modifications,00401077,1,0.750000,85ee8a4dbfc6420ec02094a7b8712def58677eaf05503d29c63580066cf41ebf,
debug,RemoveDebugText,12,/O2 /Ob2 /G5 /MD,gog_128_base,18a74ff61c65b8a2d4cfa11ffce82ad7fef022a94eaf0c2f217e479e981420d2,near-source-with-wiz8-modifications,00401077,1,0.750000,85ee8a4dbfc6420ec02094a7b8712def58677eaf05503d29c63580066cf41ebf,
debug,RemoveDebugText,12,/O2 /Ob2 /G5 /MD,gog_128_patch,fdca6d9cd0940034191e82b8e2900de26bb25e381c74128dcb8967360a9fb824,unavailable,,0,0.000000,85ee8a4dbfc6420ec02094a7b8712def58677eaf05503d29c63580066cf41ebf,no-text-section
debug,RemoveDebugText,12,/O2 /Ob2 /G5 /MD,retail_2001_12_23,c3639d43568a1ed233be85c6b3b8129b1a4661e65717220e0514c815aa972edd,unavailable,,0,0.000000,85ee8a4dbfc6420ec02094a7b8712def58677eaf05503d29c63580066cf41ebf,protected-executable
debug,String,72,/O2 /Ob2 /G5 /MD,demo,8acda50afe39f7e6a867272300a09463fd94aed9a510008fcdefc662143346e4,relocation-equivalent,00404bc0,1,1.000000,676ad661d58ef1c98e1c098d7b24b668ca66507500f5209b0d92f1bc4e1145d7,
debug,String,72,/O2 /Ob2 /G5 /MD,gog_base,18a74ff61c65b8a2d4cfa11ffce82ad7fef022a94eaf0c2f217e479e981420d2,relocation-equivalent,00404b50,1,1.000000,676ad661d58ef1c98e1c098d7b24b668ca66507500f5209b0d92f1bc4e1145d7,
debug,String,72,/O2 /Ob2 /G5 /MD,gog_1261,18a74ff61c65b8a2d4cfa11ffce82ad7fef022a94eaf0c2f217e479e981420d2,relocation-equivalent,00404b50,1,1.000000,676ad661d58ef1c98e1c098d7b24b668ca66507500f5209b0d92f1bc4e1145d7,
debug,String,72,/O2 /Ob2 /G5 /MD,gog_1261_new,57a3072c2f8307de84e2f54ac58d3fcd7cf3cef18088bf0f0fdec2ac9202b2b1,relocation-equivalent,00404b50,1,1.000000,676ad661d58ef1c98e1c098d7b24b668ca66507500f5209b0d92f1bc4e1145d7,
debug,String,72,/O2 /Ob2 /G5 /MD,gog_128_base,18a74ff61c65b8a2d4cfa11ffce82ad7fef022a94eaf0c2f217e479e981420d2,relocation-equivalent,00404b50,1,1.000000,676ad661d58ef1c98e1c098d7b24b668ca66507500f5209b0d92f1bc4e1145d7,
debug,String,72,/O2 /Ob2 /G5 /MD,gog_128_patch,fdca6d9cd0940034191e82b8e2900de26bb25e381c74128dcb8967360a9fb824,unavailable,,0,0.000000,676ad661d58ef1c98e1c098d7b24b668ca66507500f5209b0d92f1bc4e1145d7,no-text-section
debug,String,72,/O2 /Ob2 /G5 /MD,retail_2001_12_23,c3639d43568a1ed233be85c6b3b8129b1a4661e65717220e0514c815aa972edd,unavailable,,0,0.000000,676ad661d58ef1c98e1c098d7b24b668ca66507500f5209b0d92f1bc4e1145d7,protected-executable
sgp,GetRuntimeSettings,81,/O2 /Ob2 /G5 /MD,demo,8acda50afe39f7e6a867272300a09463fd94aed9a510008fcdefc662143346e4,relocation-equivalent,004018c0,1,1.000000,cac4d991b221c74a2f1d9f4f71810978e957d6c9a70d9edc3af3efe17df138f7,
sgp,GetRuntimeSettings,81,/O2 /Ob2 /G5 /MD,gog_base,18a74ff61c65b8a2d4cfa11ffce82ad7fef022a94eaf0c2f217e479e981420d2,relocation-equivalent,004018c0,1,1.000000,cac4d991b221c74a2f1d9f4f71810978e957d6c9a70d9edc3af3efe17df138f7,
sgp,GetRuntimeSettings,81,/O2 /Ob2 /G5 /MD,gog_1261,18a74ff61c65b8a2d4cfa11ffce82ad7fef022a94eaf0c2f217e479e981420d2,relocation-equivalent,004018c0,1,1.000000,cac4d991b221c74a2f1d9f4f71810978e957d6c9a70d9edc3af3efe17df138f7,
sgp,GetRuntimeSettings,81,/O2 /Ob2 /G5 /MD,gog_1261_new,57a3072c2f8307de84e2f54ac58d3fcd7cf3cef18088bf0f0fdec2ac9202b2b1,relocation-equivalent,004018c0,1,1.000000,cac4d991b221c74a2f1d9f4f71810978e957d6c9a70d9edc3af3efe17df138f7,
sgp,GetRuntimeSettings,81,/O2 /Ob2 /G5 /MD,gog_128_base,18a74ff61c65b8a2d4cfa11ffce82ad7fef022a94eaf0c2f217e479e981420d2,relocation-equivalent,004018c0,1,1.000000,cac4d991b221c74a2f1d9f4f71810978e957d6c9a70d9edc3af3efe17df138f7,
sgp,GetRuntimeSettings,81,/O2 /Ob2 /G5 /MD,gog_128_patch,fdca6d9cd0940034191e82b8e2900de26bb25e381c74128dcb8967360a9fb824,unavailable,,0,0.000000,cac4d991b221c74a2f1d9f4f71810978e957d6c9a70d9edc3af3efe17df138f7,no-text-section
sgp,GetRuntimeSettings,81,/O2 /Ob2 /G5 /MD,retail_2001_12_23,c3639d43568a1ed233be85c6b3b8129b1a4661e65717220e0514c815aa972edd,unavailable,,0,0.000000,cac4d991b221c74a2f1d9f4f71810978e957d6c9a70d9edc3af3efe17df138f7,protected-executable
sgp,ProcessCommandLine,478,/O2 /Ob2 /G5 /MD,demo,8acda50afe39f7e6a867272300a09463fd94aed9a510008fcdefc662143346e4,relocation-equivalent,00401950,1,1.000000,9278c416afb64615b23962807a2d3150ae38540a9453ccf41778a702d53c48b4,
sgp,ProcessCommandLine,478,/O2 /Ob2 /G5 /MD,gog_base,18a74ff61c65b8a2d4cfa11ffce82ad7fef022a94eaf0c2f217e479e981420d2,relocation-equivalent,00401950,1,1.000000,9278c416afb64615b23962807a2d3150ae38540a9453ccf41778a702d53c48b4,
sgp,ProcessCommandLine,478,/O2 /Ob2 /G5 /MD,gog_1261,18a74ff61c65b8a2d4cfa11ffce82ad7fef022a94eaf0c2f217e479e981420d2,relocation-equivalent,00401950,1,1.000000,9278c416afb64615b23962807a2d3150ae38540a9453ccf41778a702d53c48b4,
sgp,ProcessCommandLine,478,/O2 /Ob2 /G5 /MD,gog_1261_new,57a3072c2f8307de84e2f54ac58d3fcd7cf3cef18088bf0f0fdec2ac9202b2b1,relocation-equivalent,00401950,1,1.000000,9278c416afb64615b23962807a2d3150ae38540a9453ccf41778a702d53c48b4,
sgp,ProcessCommandLine,478,/O2 /Ob2 /G5 /MD,gog_128_base,18a74ff61c65b8a2d4cfa11ffce82ad7fef022a94eaf0c2f217e479e981420d2,relocation-equivalent,00401950,1,1.000000,9278c416afb64615b23962807a2d3150ae38540a9453ccf41778a702d53c48b4,
sgp,ProcessCommandLine,478,/O2 /Ob2 /G5 /MD,gog_128_patch,fdca6d9cd0940034191e82b8e2900de26bb25e381c74128dcb8967360a9fb824,unavailable,,0,0.000000,9278c416afb64615b23962807a2d3150ae38540a9453ccf41778a702d53c48b4,no-text-section
sgp,ProcessCommandLine,478,/O2 /Ob2 /G5 /MD,retail_2001_12_23,c3639d43568a1ed233be85c6b3b8129b1a4661e65717220e0514c815aa972edd,unavailable,,0,0.000000,9278c416afb64615b23962807a2d3150ae38540a9453ccf41778a702d53c48b4,protected-executable
timer,Clock,41,/O2 /Ob2 /G5 /MD,demo,8acda50afe39f7e6a867272300a09463fd94aed9a510008fcdefc662143346e4,relocation-equivalent,00406be0,1,1.000000,4fcb0fcbb8634a7c7395bab4c105bb9bd2804bbb5924f154cee349b1f9c08a5a,
timer,Clock,41,/O2 /Ob2 /G5 /MD,gog_base,18a74ff61c65b8a2d4cfa11ffce82ad7fef022a94eaf0c2f217e479e981420d2,relocation-equivalent,00406b70,1,1.000000,4fcb0fcbb8634a7c7395bab4c105bb9bd2804bbb5924f154cee349b1f9c08a5a,
timer,Clock,41,/O2 /Ob2 /G5 /MD,gog_1261,18a74ff61c65b8a2d4cfa11ffce82ad7fef022a94eaf0c2f217e479e981420d2,relocation-equivalent,00406b70,1,1.000000,4fcb0fcbb8634a7c7395bab4c105bb9bd2804bbb5924f154cee349b1f9c08a5a,
timer,Clock,41,/O2 /Ob2 /G5 /MD,gog_1261_new,57a3072c2f8307de84e2f54ac58d3fcd7cf3cef18088bf0f0fdec2ac9202b2b1,relocation-equivalent,00406b70,1,1.000000,4fcb0fcbb8634a7c7395bab4c105bb9bd2804bbb5924f154cee349b1f9c08a5a,
timer,Clock,41,/O2 /Ob2 /G5 /MD,gog_128_base,18a74ff61c65b8a2d4cfa11ffce82ad7fef022a94eaf0c2f217e479e981420d2,relocation-equivalent,00406b70,1,1.000000,4fcb0fcbb8634a7c7395bab4c105bb9bd2804bbb5924f154cee349b1f9c08a5a,
timer,Clock,41,/O2 /Ob2 /G5 /MD,gog_128_patch,fdca6d9cd0940034191e82b8e2900de26bb25e381c74128dcb8967360a9fb824,unavailable,,0,0.000000,4fcb0fcbb8634a7c7395bab4c105bb9bd2804bbb5924f154cee349b1f9c08a5a,no-text-section
timer,Clock,41,/O2 /Ob2 /G5 /MD,retail_2001_12_23,c3639d43568a1ed233be85c6b3b8129b1a4661e65717220e0514c815aa972edd,unavailable,,0,0.000000,4fcb0fcbb8634a7c7395bab4c105bb9bd2804bbb5924f154cee349b1f9c08a5a,protected-executable
timer,ClockIsTicking,20,/O2 /Ob2 /G5 /MD,demo,8acda50afe39f7e6a867272300a09463fd94aed9a510008fcdefc662143346e4,relocation-equivalent,00406c70,1,1.000000,73e51661aaeab03db1528560838798abef8006b56d7450f2cccbbd978c0cc4f6,
timer,ClockIsTicking,20,/O2 /Ob2 /G5 /MD,gog_base,18a74ff61c65b8a2d4cfa11ffce82ad7fef022a94eaf0c2f217e479e981420d2,relocation-equivalent,00406c00,1,1.000000,73e51661aaeab03db1528560838798abef8006b56d7450f2cccbbd978c0cc4f6,
timer,ClockIsTicking,20,/O2 /Ob2 /G5 /MD,gog_1261,18a74ff61c65b8a2d4cfa11ffce82ad7fef022a94eaf0c2f217e479e981420d2,relocation-equivalent,00406c00,1,1.000000,73e51661aaeab03db1528560838798abef8006b56d7450f2cccbbd978c0cc4f6,
timer,ClockIsTicking,20,/O2 /Ob2 /G5 /MD,gog_1261_new,57a3072c2f8307de84e2f54ac58d3fcd7cf3cef18088bf0f0fdec2ac9202b2b1,relocation-equivalent,00406c00,1,1.000000,73e51661aaeab03db1528560838798abef8006b56d7450f2cccbbd978c0cc4f6,
timer,ClockIsTicking,20,/O2 /Ob2 /G5 /MD,gog_128_base,18a74ff61c65b8a2d4cfa11ffce82ad7fef022a94eaf0c2f217e479e981420d2,relocation-equivalent,00406c00,1,1.000000,73e51661aaeab03db1528560838798abef8006b56d7450f2cccbbd978c0cc4f6,
timer,ClockIsTicking,20,/O2 /Ob2 /G5 /MD,gog_128_patch,fdca6d9cd0940034191e82b8e2900de26bb25e381c74128dcb8967360a9fb824,unavailable,,0,0.000000,73e51661aaeab03db1528560838798abef8006b56d7450f2cccbbd978c0cc4f6,no-text-section
timer,ClockIsTicking,20,/O2 /Ob2 /G5 /MD,retail_2001_12_23,c3639d43568a1ed233be85c6b3b8129b1a4661e65717220e0514c815aa972edd,unavailable,,0,0.000000,73e51661aaeab03db1528560838798abef8006b56d7450f2cccbbd978c0cc4f6,protected-executable
timer,GetClock,6,/O2 /Ob2 /G5 /MD,demo,8acda50afe39f7e6a867272300a09463fd94aed9a510008fcdefc662143346e4,ambiguous-generic,,28,1.000000,76811197299fd7215ff45276752d25eaa8889353ee70ada1fd839c8a55d34ffc,
timer,GetClock,6,/O2 /Ob2 /G5 /MD,gog_base,18a74ff61c65b8a2d4cfa11ffce82ad7fef022a94eaf0c2f217e479e981420d2,ambiguous-generic,,26,1.000000,76811197299fd7215ff45276752d25eaa8889353ee70ada1fd839c8a55d34ffc,
timer,GetClock,6,/O2 /Ob2 /G5 /MD,gog_1261,18a74ff61c65b8a2d4cfa11ffce82ad7fef022a94eaf0c2f217e479e981420d2,ambiguous-generic,,26,1.000000,76811197299fd7215ff45276752d25eaa8889353ee70ada1fd839c8a55d34ffc,
timer,GetClock,6,/O2 /Ob2 /G5 /MD,gog_1261_new,57a3072c2f8307de84e2f54ac58d3fcd7cf3cef18088bf0f0fdec2ac9202b2b1,ambiguous-generic,,26,1.000000,76811197299fd7215ff45276752d25eaa8889353ee70ada1fd839c8a55d34ffc,
timer,GetClock,6,/O2 /Ob2 /G5 /MD,gog_128_base,18a74ff61c65b8a2d4cfa11ffce82ad7fef022a94eaf0c2f217e479e981420d2,ambiguous-generic,,26,1.000000,76811197299fd7215ff45276752d25eaa8889353ee70ada1fd839c8a55d34ffc,
timer,GetClock,6,/O2 /Ob2 /G5 /MD,gog_128_patch,fdca6d9cd0940034191e82b8e2900de26bb25e381c74128dcb8967360a9fb824,unavailable,,0,0.000000,76811197299fd7215ff45276752d25eaa8889353ee70ada1fd839c8a55d34ffc,no-text-section
timer,GetClock,6,/O2 /Ob2 /G5 /MD,retail_2001_12_23,c3639d43568a1ed233be85c6b3b8129b1a4661e65717220e0514c815aa972edd,unavailable,,0,0.000000,76811197299fd7215ff45276752d25eaa8889353ee70ada1fd839c8a55d34ffc,protected-executable
timer,InitializeClockManager,40,/O2 /Ob2 /G5 /MD,demo,8acda50afe39f7e6a867272300a09463fd94aed9a510008fcdefc662143346e4,relocation-equivalent,00406c10,1,1.000000,3a03c46048369467269c7b3727c87f33d22f727490c95ad2e72bb673bf950181,
timer,InitializeClockManager,40,/O2 /Ob2 /G5 /MD,gog_base,18a74ff61c65b8a2d4cfa11ffce82ad7fef022a94eaf0c2f217e479e981420d2,relocation-equivalent,00406ba0,1,1.000000,3a03c46048369467269c7b3727c87f33d22f727490c95ad2e72bb673bf950181,
timer,InitializeClockManager,40,/O2 /Ob2 /G5 /MD,gog_1261,18a74ff61c65b8a2d4cfa11ffce82ad7fef022a94eaf0c2f217e479e981420d2,relocation-equivalent,00406ba0,1,1.000000,3a03c46048369467269c7b3727c87f33d22f727490c95ad2e72bb673bf950181,
timer,InitializeClockManager,40,/O2 /Ob2 /G5 /MD,gog_1261_new,57a3072c2f8307de84e2f54ac58d3fcd7cf3cef18088bf0f0fdec2ac9202b2b1,relocation-equivalent,00406ba0,1,1.000000,3a03c46048369467269c7b3727c87f33d22f727490c95ad2e72bb673bf950181,
timer,InitializeClockManager,40,/O2 /Ob2 /G5 /MD,gog_128_base,18a74ff61c65b8a2d4cfa11ffce82ad7fef022a94eaf0c2f217e479e981420d2,relocation-equivalent,00406ba0,1,1.000000,3a03c46048369467269c7b3727c87f33d22f727490c95ad2e72bb673bf950181,
timer,InitializeClockManager,40,/O2 /Ob2 /G5 /MD,gog_128_patch,fdca6d9cd0940034191e82b8e2900de26bb25e381c74128dcb8967360a9fb824,unavailable,,0,0.000000,3a03c46048369467269c7b3727c87f33d22f727490c95ad2e72bb673bf950181,no-text-section
timer,InitializeClockManager,40,/O2 /Ob2 /G5 /MD,retail_2001_12_23,c3639d43568a1ed233be85c6b3b8129b1a4661e65717220e0514c815aa972edd,unavailable,,0,0.000000,3a03c46048369467269c7b3727c87f33d22f727490c95ad2e72bb673bf950181,protected-executable
timer,SetCountdownClock,13,/O2 /Ob2 /G5 /MD,demo,8acda50afe39f7e6a867272300a09463fd94aed9a510008fcdefc662143346e4,relocation-equivalent,00406c60,1,1.000000,8e5959dc537a6835e51a96afe98df8fea0ea14f95d37a1e1ce04f4e5a4dc2bb8,
timer,SetCountdownClock,13,/O2 /Ob2 /G5 /MD,gog_base,18a74ff61c65b8a2d4cfa11ffce82ad7fef022a94eaf0c2f217e479e981420d2,relocation-equivalent,00406bf0,1,1.000000,8e5959dc537a6835e51a96afe98df8fea0ea14f95d37a1e1ce04f4e5a4dc2bb8,
timer,SetCountdownClock,13,/O2 /Ob2 /G5 /MD,gog_1261,18a74ff61c65b8a2d4cfa11ffce82ad7fef022a94eaf0c2f217e479e981420d2,relocation-equivalent,00406bf0,1,1.000000,8e5959dc537a6835e51a96afe98df8fea0ea14f95d37a1e1ce04f4e5a4dc2bb8,
timer,SetCountdownClock,13,/O2 /Ob2 /G5 /MD,gog_1261_new,57a3072c2f8307de84e2f54ac58d3fcd7cf3cef18088bf0f0fdec2ac9202b2b1,relocation-equivalent,00406bf0,1,1.000000,8e5959dc537a6835e51a96afe98df8fea0ea14f95d37a1e1ce04f4e5a4dc2bb8,
timer,SetCountdownClock,13,/O2 /Ob2 /G5 /MD,gog_128_base,18a74ff61c65b8a2d4cfa11ffce82ad7fef022a94eaf0c2f217e479e981420d2,relocation-equivalent,00406bf0,1,1.000000,8e5959dc537a6835e51a96afe98df8fea0ea14f95d37a1e1ce04f4e5a4dc2bb8,
timer,SetCountdownClock,13,/O2 /Ob2 /G5 /MD,gog_128_patch,fdca6d9cd0940034191e82b8e2900de26bb25e381c74128dcb8967360a9fb824,unavailable,,0,0.000000,8e5959dc537a6835e51a96afe98df8fea0ea14f95d37a1e1ce04f4e5a4dc2bb8,no-text-section
timer,SetCountdownClock,13,/O2 /Ob2 /G5 /MD,retail_2001_12_23,c3639d43568a1ed233be85c6b3b8129b1a4661e65717220e0514c815aa972edd,unavailable,,0,0.000000,8e5959dc537a6835e51a96afe98df8fea0ea14f95d37a1e1ce04f4e5a4dc2bb8,protected-executable
timer,ShutdownClockManager,15,/O2 /Ob2 /G5 /MD,demo,8acda50afe39f7e6a867272300a09463fd94aed9a510008fcdefc662143346e4,relocation-equivalent,00406c40,1,1.000000,e779657abdbda412b2f995f76e82e3a817d51480b0d8cc09e87865dd75fa3712,
timer,ShutdownClockManager,15,/O2 /Ob2 /G5 /MD,gog_base,18a74ff61c65b8a2d4cfa11ffce82ad7fef022a94eaf0c2f217e479e981420d2,relocation-equivalent,00406bd0,1,1.000000,e779657abdbda412b2f995f76e82e3a817d51480b0d8cc09e87865dd75fa3712,
timer,ShutdownClockManager,15,/O2 /Ob2 /G5 /MD,gog_1261,18a74ff61c65b8a2d4cfa11ffce82ad7fef022a94eaf0c2f217e479e981420d2,relocation-equivalent,00406bd0,1,1.000000,e779657abdbda412b2f995f76e82e3a817d51480b0d8cc09e87865dd75fa3712,
timer,ShutdownClockManager,15,/O2 /Ob2 /G5 /MD,gog_1261_new,57a3072c2f8307de84e2f54ac58d3fcd7cf3cef18088bf0f0fdec2ac9202b2b1,relocation-equivalent,00406bd0,1,1.000000,e779657abdbda412b2f995f76e82e3a817d51480b0d8cc09e87865dd75fa3712,
timer,ShutdownClockManager,15,/O2 /Ob2 /G5 /MD,gog_128_base,18a74ff61c65b8a2d4cfa11ffce82ad7fef022a94eaf0c2f217e479e981420d2,relocation-equivalent,00406bd0,1,1.000000,e779657abdbda412b2f995f76e82e3a817d51480b0d8cc09e87865dd75fa3712,
timer,ShutdownClockManager,15,/O2 /Ob2 /G5 /MD,gog_128_patch,fdca6d9cd0940034191e82b8e2900de26bb25e381c74128dcb8967360a9fb824,unavailable,,0,0.000000,e779657abdbda412b2f995f76e82e3a817d51480b0d8cc09e87865dd75fa3712,no-text-section
timer,ShutdownClockManager,15,/O2 /Ob2 /G5 /MD,retail_2001_12_23,c3639d43568a1ed233be85c6b3b8129b1a4661e65717220e0514c815aa972edd,unavailable,,0,0.000000,e779657abdbda412b2f995f76e82e3a817d51480b0d8cc09e87865dd75fa3712,protected-executable
input,DequeueEvent,297,/O2 /Ob2 /G5 /MD,demo,8acda50afe39f7e6a867272300a09463fd94aed9a510008fcdefc662143346e4,relocation-equivalent,00402140,1,1.000000,58488a09f5f8ddbcd38a1dd1fc0c033ae777b8b975f719d59404e4e6b3447fcc,
input,DequeueEvent,297,/O2 /Ob2 /G5 /MD,gog_base,18a74ff61c65b8a2d4cfa11ffce82ad7fef022a94eaf0c2f217e479e981420d2,relocation-equivalent,00402140,1,1.000000,58488a09f5f8ddbcd38a1dd1fc0c033ae777b8b975f719d59404e4e6b3447fcc,
input,DequeueEvent,297,/O2 /Ob2 /G5 /MD,gog_1261,18a74ff61c65b8a2d4cfa11ffce82ad7fef022a94eaf0c2f217e479e981420d2,relocation-equivalent,00402140,1,1.000000,58488a09f5f8ddbcd38a1dd1fc0c033ae777b8b975f719d59404e4e6b3447fcc,
input,DequeueEvent,297,/O2 /Ob2 /G5 /MD,gog_1261_new,57a3072c2f8307de84e2f54ac58d3fcd7cf3cef18088bf0f0fdec2ac9202b2b1,relocation-equivalent,00402140,1,1.000000,58488a09f5f8ddbcd38a1dd1fc0c033ae777b8b975f719d59404e4e6b3447fcc,
input,DequeueEvent,297,/O2 /Ob2 /G5 /MD,gog_128_base,18a74ff61c65b8a2d4cfa11ffce82ad7fef022a94eaf0c2f217e479e981420d2,relocation-equivalent,00402140,1,1.000000,58488a09f5f8ddbcd38a1dd1fc0c033ae777b8b975f719d59404e4e6b3447fcc,
input,DequeueEvent,297,/O2 /Ob2 /G5 /MD,gog_128_patch,fdca6d9cd0940034191e82b8e2900de26bb25e381c74128dcb8967360a9fb824,unavailable,,0,0.000000,58488a09f5f8ddbcd38a1dd1fc0c033ae777b8b975f719d59404e4e6b3447fcc,no-text-section
input,DequeueEvent,297,/O2 /Ob2 /G5 /MD,retail_2001_12_23,c3639d43568a1ed233be85c6b3b8129b1a4661e65717220e0514c815aa972edd,unavailable,,0,0.000000,58488a09f5f8ddbcd38a1dd1fc0c033ae777b8b975f719d59404e4e6b3447fcc,protected-executable
input,FreeMouseCursor,16,/O2 /Ob2 /G5 /MD,demo,8acda50afe39f7e6a867272300a09463fd94aed9a510008fcdefc662143346e4,relocation-equivalent,00402750,1,1.000000,58ba110e17bc6748e80deacc7fee55eb0e7b147cb1d821022e19da58cd29e292,
input,FreeMouseCursor,16,/O2 /Ob2 /G5 /MD,gog_base,18a74ff61c65b8a2d4cfa11ffce82ad7fef022a94eaf0c2f217e479e981420d2,relocation-equivalent,00402750,1,1.000000,58ba110e17bc6748e80deacc7fee55eb0e7b147cb1d821022e19da58cd29e292,
input,FreeMouseCursor,16,/O2 /Ob2 /G5 /MD,gog_1261,18a74ff61c65b8a2d4cfa11ffce82ad7fef022a94eaf0c2f217e479e981420d2,relocation-equivalent,00402750,1,1.000000,58ba110e17bc6748e80deacc7fee55eb0e7b147cb1d821022e19da58cd29e292,
input,FreeMouseCursor,16,/O2 /Ob2 /G5 /MD,gog_1261_new,57a3072c2f8307de84e2f54ac58d3fcd7cf3cef18088bf0f0fdec2ac9202b2b1,relocation-equivalent,00402750,1,1.000000,58ba110e17bc6748e80deacc7fee55eb0e7b147cb1d821022e19da58cd29e292,
input,FreeMouseCursor,16,/O2 /Ob2 /G5 /MD,gog_128_base,18a74ff61c65b8a2d4cfa11ffce82ad7fef022a94eaf0c2f217e479e981420d2,relocation-equivalent,00402750,1,1.000000,58ba110e17bc6748e80deacc7fee55eb0e7b147cb1d821022e19da58cd29e292,
input,FreeMouseCursor,16,/O2 /Ob2 /G5 /MD,gog_128_patch,fdca6d9cd0940034191e82b8e2900de26bb25e381c74128dcb8967360a9fb824,unavailable,,0,0.000000,58ba110e17bc6748e80deacc7fee55eb0e7b147cb1d821022e19da58cd29e292,no-text-section
input,FreeMouseCursor,16,/O2 /Ob2 /G5 /MD,retail_2001_12_23,c3639d43568a1ed233be85c6b3b8129b1a4661e65717220e0514c815aa972edd,unavailable,,0,0.000000,58ba110e17bc6748e80deacc7fee55eb0e7b147cb1d821022e19da58cd29e292,protected-executable
input,GetMouseWheelDeltaValue,32,/O2 /Ob2 /G5 /MD,demo,8acda50afe39f7e6a867272300a09463fd94aed9a510008fcdefc662143346e4,exact,00402760,1,1.000000,0c2c9d3397b0ed4167db1df3aa1aef0cff6206800f7c33f0e85e2cdaaaf5e421,
input,GetMouseWheelDeltaValue,32,/O2 /Ob2 /G5 /MD,gog_base,18a74ff61c65b8a2d4cfa11ffce82ad7fef022a94eaf0c2f217e479e981420d2,exact,00402760,1,1.000000,0c2c9d3397b0ed4167db1df3aa1aef0cff6206800f7c33f0e85e2cdaaaf5e421,
input,GetMouseWheelDeltaValue,32,/O2 /Ob2 /G5 /MD,gog_1261,18a74ff61c65b8a2d4cfa11ffce82ad7fef022a94eaf0c2f217e479e981420d2,exact,00402760,1,1.000000,0c2c9d3397b0ed4167db1df3aa1aef0cff6206800f7c33f0e85e2cdaaaf5e421,
input,GetMouseWheelDeltaValue,32,/O2 /Ob2 /G5 /MD,gog_1261_new,57a3072c2f8307de84e2f54ac58d3fcd7cf3cef18088bf0f0fdec2ac9202b2b1,exact,00402760,1,1.000000,0c2c9d3397b0ed4167db1df3aa1aef0cff6206800f7c33f0e85e2cdaaaf5e421,
input,GetMouseWheelDeltaValue,32,/O2 /Ob2 /G5 /MD,gog_128_base,18a74ff61c65b8a2d4cfa11ffce82ad7fef022a94eaf0c2f217e479e981420d2,exact,00402760,1,1.000000,0c2c9d3397b0ed4167db1df3aa1aef0cff6206800f7c33f0e85e2cdaaaf5e421,
input,GetMouseWheelDeltaValue,32,/O2 /Ob2 /G5 /MD,gog_128_patch,fdca6d9cd0940034191e82b8e2900de26bb25e381c74128dcb8967360a9fb824,unavailable,,0,0.000000,0c2c9d3397b0ed4167db1df3aa1aef0cff6206800f7c33f0e85e2cdaaaf5e421,no-text-section
input,GetMouseWheelDeltaValue,32,/O2 /Ob2 /G5 /MD,retail_2001_12_23,c3639d43568a1ed233be85c6b3b8129b1a4661e65717220e0514c815aa972edd,unavailable,,0,0.000000,0c2c9d3397b0ed4167db1df3aa1aef0cff6206800f7c33f0e85e2cdaaaf5e421,protected-executable
input,InitializeInputManager,204,/O2 /Ob2 /G5 /MD,demo,8acda50afe39f7e6a867272300a09463fd94aed9a510008fcdefc662143346e4,relocation-equivalent,00401ea0,1,1.000000,7e0533b2af887a0d085881d48524025e067cd6c76278dd0317c4d30ca4a130e9,
input,InitializeInputManager,204,/O2 /Ob2 /G5 /MD,gog_base,18a74ff61c65b8a2d4cfa11ffce82ad7fef022a94eaf0c2f217e479e981420d2,relocation-equivalent,00401ea0,1,1.000000,7e0533b2af887a0d085881d48524025e067cd6c76278dd0317c4d30ca4a130e9,
input,InitializeInputManager,204,/O2 /Ob2 /G5 /MD,gog_1261,18a74ff61c65b8a2d4cfa11ffce82ad7fef022a94eaf0c2f217e479e981420d2,relocation-equivalent,00401ea0,1,1.000000,7e0533b2af887a0d085881d48524025e067cd6c76278dd0317c4d30ca4a130e9,
input,InitializeInputManager,204,/O2 /Ob2 /G5 /MD,gog_1261_new,57a3072c2f8307de84e2f54ac58d3fcd7cf3cef18088bf0f0fdec2ac9202b2b1,relocation-equivalent,00401ea0,1,1.000000,7e0533b2af887a0d085881d48524025e067cd6c76278dd0317c4d30ca4a130e9,
input,InitializeInputManager,204,/O2 /Ob2 /G5 /MD,gog_128_base,18a74ff61c65b8a2d4cfa11ffce82ad7fef022a94eaf0c2f217e479e981420d2,relocation-equivalent,00401ea0,1,1.000000,7e0533b2af887a0d085881d48524025e067cd6c76278dd0317c4d30ca4a130e9,
input,InitializeInputManager,204,/O2 /Ob2 /G5 /MD,gog_128_patch,fdca6d9cd0940034191e82b8e2900de26bb25e381c74128dcb8967360a9fb824,unavailable,,0,0.000000,7e0533b2af887a0d085881d48524025e067cd6c76278dd0317c4d30ca4a130e9,no-text-section
input,InitializeInputManager,204,/O2 /Ob2 /G5 /MD,retail_2001_12_23,c3639d43568a1ed233be85c6b3b8129b1a4661e65717220e0514c815aa972edd,unavailable,,0,0.000000,7e0533b2af887a0d085881d48524025e067cd6c76278dd0317c4d30ca4a130e9,protected-executable
input,KeyboardHandler,320,/O2 /Ob2 /G5 /MD,demo,8acda50afe39f7e6a867272300a09463fd94aed9a510008fcdefc662143346e4,relocation-equivalent,00401b30,1,1.000000,7a3952d781a6ba15b941ef473b310ef4abf78fc49fcac0bb8b1b9abe245153ea,
input,KeyboardHandler,320,/O2 /Ob2 /G5 /MD,gog_base,18a74ff61c65b8a2d4cfa11ffce82ad7fef022a94eaf0c2f217e479e981420d2,relocation-equivalent,00401b30,1,1.000000,7a3952d781a6ba15b941ef473b310ef4abf78fc49fcac0bb8b1b9abe245153ea,
input,KeyboardHandler,320,/O2 /Ob2 /G5 /MD,gog_1261,18a74ff61c65b8a2d4cfa11ffce82ad7fef022a94eaf0c2f217e479e981420d2,relocation-equivalent,00401b30,1,1.000000,7a3952d781a6ba15b941ef473b310ef4abf78fc49fcac0bb8b1b9abe245153ea,
input,KeyboardHandler,320,/O2 /Ob2 /G5 /MD,gog_1261_new,57a3072c2f8307de84e2f54ac58d3fcd7cf3cef18088bf0f0fdec2ac9202b2b1,relocation-equivalent,00401b30,1,1.000000,7a3952d781a6ba15b941ef473b310ef4abf78fc49fcac0bb8b1b9abe245153ea,
input,KeyboardHandler,320,/O2 /Ob2 /G5 /MD,gog_128_base,18a74ff61c65b8a2d4cfa11ffce82ad7fef022a94eaf0c2f217e479e981420d2,relocation-equivalent,00401b30,1,1.000000,7a3952d781a6ba15b941ef473b310ef4abf78fc49fcac0bb8b1b9abe245153ea,
input,KeyboardHandler,320,/O2 /Ob2 /G5 /MD,gog_128_patch,fdca6d9cd0940034191e82b8e2900de26bb25e381c74128dcb8967360a9fb824,unavailable,,0,0.000000,7a3952d781a6ba15b941ef473b310ef4abf78fc49fcac0bb8b1b9abe245153ea,no-text-section
input,KeyboardHandler,320,/O2 /Ob2 /G5 /MD,retail_2001_12_23,c3639d43568a1ed233be85c6b3b8129b1a4661e65717220e0514c815aa972edd,unavailable,,0,0.000000,7a3952d781a6ba15b941ef473b310ef4abf78fc49fcac0bb8b1b9abe245153ea,protected-executable
input,MouseHandler,552,/O2 /Ob2 /G5 /MD,demo,8acda50afe39f7e6a867272300a09463fd94aed9a510008fcdefc662143346e4,relocation-equivalent,00401c70,1,1.000000,d2bb16652d5b15df38a089166f6c2197050cd3cb803b17e845065a1a187ebd04,
input,MouseHandler,552,/O2 /Ob2 /G5 /MD,gog_base,18a74ff61c65b8a2d4cfa11ffce82ad7fef022a94eaf0c2f217e479e981420d2,relocation-equivalent,00401c70,1,1.000000,d2bb16652d5b15df38a089166f6c2197050cd3cb803b17e845065a1a187ebd04,
input,MouseHandler,552,/O2 /Ob2 /G5 /MD,gog_1261,18a74ff61c65b8a2d4cfa11ffce82ad7fef022a94eaf0c2f217e479e981420d2,relocation-equivalent,00401c70,1,1.000000,d2bb16652d5b15df38a089166f6c2197050cd3cb803b17e845065a1a187ebd04,
input,MouseHandler,552,/O2 /Ob2 /G5 /MD,gog_1261_new,57a3072c2f8307de84e2f54ac58d3fcd7cf3cef18088bf0f0fdec2ac9202b2b1,relocation-equivalent,00401c70,1,1.000000,d2bb16652d5b15df38a089166f6c2197050cd3cb803b17e845065a1a187ebd04,
input,MouseHandler,552,/O2 /Ob2 /G5 /MD,gog_128_base,18a74ff61c65b8a2d4cfa11ffce82ad7fef022a94eaf0c2f217e479e981420d2,relocation-equivalent,00401c70,1,1.000000,d2bb16652d5b15df38a089166f6c2197050cd3cb803b17e845065a1a187ebd04,
input,MouseHandler,552,/O2 /Ob2 /G5 /MD,gog_128_patch,fdca6d9cd0940034191e82b8e2900de26bb25e381c74128dcb8967360a9fb824,unavailable,,0,0.000000,d2bb16652d5b15df38a089166f6c2197050cd3cb803b17e845065a1a187ebd04,no-text-section
input,MouseHandler,552,/O2 /Ob2 /G5 /MD,retail_2001_12_23,c3639d43568a1ed233be85c6b3b8129b1a4661e65717220e0514c815aa972edd,unavailable,,0,0.000000,d2bb16652d5b15df38a089166f6c2197050cd3cb803b17e845065a1a187ebd04,protected-executable
input,QueueEvent,424,/O2 /Ob2 /G5 /MD,demo,8acda50afe39f7e6a867272300a09463fd94aed9a510008fcdefc662143346e4,relocation-equivalent,00401f90,1,1.000000,07dc5e2e6914a682fa9f17f917db4a4614247a410b349fc3b4373f6e92042663,
input,QueueEvent,424,/O2 /Ob2 /G5 /MD,gog_base,18a74ff61c65b8a2d4cfa11ffce82ad7fef022a94eaf0c2f217e479e981420d2,relocation-equivalent,00401f90,1,1.000000,07dc5e2e6914a682fa9f17f917db4a4614247a410b349fc3b4373f6e92042663,
input,QueueEvent,424,/O2 /Ob2 /G5 /MD,gog_1261,18a74ff61c65b8a2d4cfa11ffce82ad7fef022a94eaf0c2f217e479e981420d2,relocation-equivalent,00401f90,1,1.000000,07dc5e2e6914a682fa9f17f917db4a4614247a410b349fc3b4373f6e92042663,
input,QueueEvent,424,/O2 /Ob2 /G5 /MD,gog_1261_new,57a3072c2f8307de84e2f54ac58d3fcd7cf3cef18088bf0f0fdec2ac9202b2b1,relocation-equivalent,00401f90,1,1.000000,07dc5e2e6914a682fa9f17f917db4a4614247a410b349fc3b4373f6e92042663,
input,QueueEvent,424,/O2 /Ob2 /G5 /MD,gog_128_base,18a74ff61c65b8a2d4cfa11ffce82ad7fef022a94eaf0c2f217e479e981420d2,relocation-equivalent,00401f90,1,1.000000,07dc5e2e6914a682fa9f17f917db4a4614247a410b349fc3b4373f6e92042663,
input,QueueEvent,424,/O2 /Ob2 /G5 /MD,gog_128_patch,fdca6d9cd0940034191e82b8e2900de26bb25e381c74128dcb8967360a9fb824,unavailable,,0,0.000000,07dc5e2e6914a682fa9f17f917db4a4614247a410b349fc3b4373f6e92042663,no-text-section
input,QueueEvent,424,/O2 /Ob2 /G5 /MD,retail_2001_12_23,c3639d43568a1ed233be85c6b3b8129b1a4661e65717220e0514c815aa972edd,unavailable,,0,0.000000,07dc5e2e6914a682fa9f17f917db4a4614247a410b349fc3b4373f6e92042663,protected-executable
input,ShutdownInputManager,26,/O2 /Ob2 /G5 /MD,demo,8acda50afe39f7e6a867272300a09463fd94aed9a510008fcdefc662143346e4,relocation-equivalent,00401f70,1,1.000000,1e28d650495d360083aaaf6b09ad23f49942a21c85e121eff2c505fa790ef908,
input,ShutdownInputManager,26,/O2 /Ob2 /G5 /MD,gog_base,18a74ff61c65b8a2d4cfa11ffce82ad7fef022a94eaf0c2f217e479e981420d2,relocation-equivalent,00401f70,1,1.000000,1e28d650495d360083aaaf6b09ad23f49942a21c85e121eff2c505fa790ef908,
input,ShutdownInputManager,26,/O2 /Ob2 /G5 /MD,gog_1261,18a74ff61c65b8a2d4cfa11ffce82ad7fef022a94eaf0c2f217e479e981420d2,relocation-equivalent,00401f70,1,1.000000,1e28d650495d360083aaaf6b09ad23f49942a21c85e121eff2c505fa790ef908,
input,ShutdownInputManager,26,/O2 /Ob2 /G5 /MD,gog_1261_new,57a3072c2f8307de84e2f54ac58d3fcd7cf3cef18088bf0f0fdec2ac9202b2b1,relocation-equivalent,00401f70,1,1.000000,1e28d650495d360083aaaf6b09ad23f49942a21c85e121eff2c505fa790ef908,
input,ShutdownInputManager,26,/O2 /Ob2 /G5 /MD,gog_128_base,18a74ff61c65b8a2d4cfa11ffce82ad7fef022a94eaf0c2f217e479e981420d2,relocation-equivalent,00401f70,1,1.000000,1e28d650495d360083aaaf6b09ad23f49942a21c85e121eff2c505fa790ef908,
input,ShutdownInputManager,26,/O2 /Ob2 /G5 /MD,gog_128_patch,fdca6d9cd0940034191e82b8e2900de26bb25e381c74128dcb8967360a9fb824,unavailable,,0,0.000000,1e28d650495d360083aaaf6b09ad23f49942a21c85e121eff2c505fa790ef908,no-text-section
input,ShutdownInputManager,26,/O2 /Ob2 /G5 /MD,retail_2001_12_23,c3639d43568a1ed233be85c6b3b8129b1a4661e65717220e0514c815aa972edd,unavailable,,0,0.000000,1e28d650495d360083aaaf6b09ad23f49942a21c85e121eff2c505fa790ef908,protected-executable
