container,binary_path,binary_sha256,record_kind,origin,encoding,extension,value
CosmicForge_UNICODE.rar,CFAgent.dll,47aea7af79348dfa4862ee95ebced0a1636b78dcc8f5dbd2ea3fae57fb445b75,path,embedded-string,ascii,.cpp,CFAgent.cpp
CosmicForge_UNICODE.rar,CosmicForgeU.exe,404aa27cac6bd9270cfaa8fca5958971079303f652d9bee5b6d423ce5c807c2a,path,embedded-string,utf-16le,.cpp,f:\dd\vctools\vc7libs\ship\atlmfc\src\mfc\appcore.cpp
CosmicForge_UNICODE.rar,CosmicForgeU.exe,404aa27cac6bd9270cfaa8fca5958971079303f652d9bee5b6d423ce5c807c2a,path,embedded-string,utf-16le,.cpp,f:\dd\vctools\vc7libs\ship\atlmfc\src\mfc\array_s.cpp
CosmicForge_UNICODE.rar,CosmicForgeU.exe,404aa27cac6bd9270cfaa8fca5958971079303f652d9bee5b6d423ce5c807c2a,path,embedded-string,utf-16le,.cpp,f:\dd\vctools\vc7libs\ship\atlmfc\src\mfc\auxdata.cpp
CosmicForge_UNICODE.rar,CosmicForgeU.exe,404aa27cac6bd9270cfaa8fca5958971079303f652d9bee5b6d423ce5c807c2a,path,embedded-string,utf-16le,.cpp,f:\dd\vctools\vc7libs\ship\atlmfc\src\mfc\filecore.cpp
CosmicForge_UNICODE.rar,CosmicForgeU.exe,404aa27cac6bd9270cfaa8fca5958971079303f652d9bee5b6d423ce5c807c2a,path,embedded-string,utf-16le,.cpp,f:\dd\vctools\vc7libs\ship\atlmfc\src\mfc\oledrop2.cpp
CosmicForge_UNICODE.rar,CosmicForgeU.exe,404aa27cac6bd9270cfaa8fca5958971079303f652d9bee5b6d423ce5c807c2a,path,embedded-string,utf-16le,.cpp,f:\dd\vctools\vc7libs\ship\atlmfc\src\mfc\oleipfrm.cpp
CosmicForge_UNICODE.rar,CosmicForgeU.exe,404aa27cac6bd9270cfaa8fca5958971079303f652d9bee5b6d423ce5c807c2a,path,embedded-string,utf-16le,.cpp,f:\dd\vctools\vc7libs\ship\atlmfc\src\mfc\olestrm.cpp
CosmicForge_UNICODE.rar,CosmicForgeU.exe,404aa27cac6bd9270cfaa8fca5958971079303f652d9bee5b6d423ce5c807c2a,path,embedded-string,utf-16le,.cpp,f:\dd\vctools\vc7libs\ship\atlmfc\src\mfc\viewcore.cpp
CosmicForge_UNICODE.rar,CosmicForgeU.exe,404aa27cac6bd9270cfaa8fca5958971079303f652d9bee5b6d423ce5c807c2a,path,embedded-string,utf-16le,.cpp,f:\dd\vctools\vc7libs\ship\atlmfc\src\mfc\winctrl2.cpp
CosmicForge_UNICODE.rar,CosmicForgeU.exe,404aa27cac6bd9270cfaa8fca5958971079303f652d9bee5b6d423ce5c807c2a,path,embedded-string,utf-16le,.cpp,f:\dd\vctools\vc7libs\ship\atlmfc\src\mfc\winfrm.cpp
setup_wizardry_8_2001_12_23_(22306).exe,3DfxSpl.dll,1ee8b2b4963b95f600ac683907778304f75c559aa6831a3f203efafc8d67d45a,path,embedded-string,ascii,.cpp,..\common\GlideGraphics.cpp
setup_wizardry_8_2001_12_23_(22306).exe,3DfxSpl.dll,1ee8b2b4963b95f600ac683907778304f75c559aa6831a3f203efafc8d67d45a,path,embedded-string,ascii,.cpp,.\Main.cpp
setup_wizardry_8_2001_12_23_(22306).exe,3DfxSpl2.dll,262c70749ac24b4d3691e39767d3e01b5b4957b9b82768186e5faa58f395ceba,path,embedded-string,ascii,.cpp,..\common\GlideGraphics.cpp
setup_wizardry_8_2001_12_23_(22306).exe,3DfxSpl2.dll,262c70749ac24b4d3691e39767d3e01b5b4957b9b82768186e5faa58f395ceba,path,embedded-string,ascii,.cpp,.\Main.cpp
setup_wizardry_8_2001_12_23_(22306).exe,3DfxSpl3.dll,e282bcba9e04ac9a898ae353f93573fa7f94eb5a4e0bc0c25933c3b702bb269e,path,embedded-string,ascii,.cpp,..\common\GlideGraphics.cpp
setup_wizardry_8_2001_12_23_(22306).exe,3DfxSpl3.dll,e282bcba9e04ac9a898ae353f93573fa7f94eb5a4e0bc0c25933c3b702bb269e,path,embedded-string,ascii,.cpp,.\Main.cpp
setup_wizardry_8_2001_12_23_(22306).exe,3DSetup.exe,b440ee06a3aa03c4fa301dcaba6875a61488f0dee3d06386b721f4cbe0c11473,path,codeview,ascii,.pdb,C:\Projects\setup\Release\3DSetup.pdb
setup_wizardry_8_2001_12_23_(22306).exe,Dll/srDD_DirectX6.dll,2968987f843f1e1b228b2ff322923e5ac215095a3cb41877b169f01820f8f316,path,codeview,ascii,.pdb,D:\srsdk1x\msvc6\obj\dd\srDD_DirectX6\release\srDD_DirectX6.pdb
setup_wizardry_8_2001_12_23_(22306).exe,Dll/srDD_DirectX7.dll,3623f1cb66cd50b7141b49f82100a8ffa1fd3c53ddebc7093bfddeb148cbf8e9,path,codeview,ascii,.pdb,C:\srsdk1x\msvc6\obj\dd\DirectX7\Release\srDD_DirectX7.pdb
setup_wizardry_8_2001_12_23_(22306).exe,Dll/srDD_Glide2x.dll,e19987fb5bc9abcceadf4ad64bf108ac2f95d10b520d8de294d9b10466ca1d11,path,codeview,ascii,.pdb,D:\srsdk1x\msvc6\obj\dd\glide2x\release\srDD_Glide2x.pdb
setup_wizardry_8_2001_12_23_(22306).exe,Dll/srDD_OpenGL.dll,a176aa711039aebbfe33eb5d48e082dcd608835eeebd2a69ead9b455400afc8c,path,codeview,ascii,.pdb,C:\Projects\Wizardry 8\srsdk\msvc6\obj\dd\opengl\Release\srDD_OpenGL.pdb
setup_wizardry_8_2001_12_23_(22306).exe,Dll/srDD_Software.dll,8866a254569f61022b857628380171dff018939376c02965741635421d0c79f8,path,codeview,ascii,.pdb,D:\srsdk1x\msvc6\obj\dd\software\release\srDD_Software.pdb
setup_wizardry_8_2001_12_23_(22306).exe,Dll/srEXT_AVI.dll,9d27a6698693fb6b244951166d873a1f1a102213f5832d60379234176bd0eb07,path,codeview,ascii,.pdb,D:\srsdk1x\msvc6\obj\extensions\avi\release\srEXT_AVI.pdb
setup_wizardry_8_2001_12_23_(22306).exe,Dll/srEXT_default.dll,e2a9d1e7f11e0927b7bacfe058a7113b234f0aded92f4c5fecfb23cf86ead7f8,path,codeview,ascii,.pdb,D:\srsdk1x\msvc6\obj\extensions\default\release\srEXT_default.pdb
setup_wizardry_8_2001_12_23_(22306).exe,Dll/srEXT_FLIC.dll,3ce83b9944f4d26f027c5b322a5dbea97cfe6339a7298b25914f67f35ccfd281,path,codeview,ascii,.pdb,D:\srsdk1x\msvc6\obj\extensions\flic\release\srEXT_FLIC.pdb
setup_wizardry_8_2001_12_23_(22306).exe,Dll/srEXT_HTTP.dll,ade27ce64a7af1824aeb5ba65f908bab56344311cd8f45c0c65edde02d1d87af,path,codeview,ascii,.pdb,D:\srsdk1x\msvc6\obj\extensions\http\release\srEXT_HTTP.pdb
setup_wizardry_8_2001_12_23_(22306).exe,Dll/srEXT_Inspector.dll,6bc2949d6c9bca35ecc37e8f4f98ed36886a075f00d69ae86687d38f682387a1,path,codeview,ascii,.pdb,D:\srsdk1x\msvc6\obj\extensions\inspector\release\srEXT_Inspector.pdb
setup_wizardry_8_2001_12_23_(22306).exe,Dll/srEXT_JPEGImporter.dll,0bf545937bd86ce2195c08b6dbf6b70e1a1071a9fce449ccb9f06dfa384de490,path,codeview,ascii,.pdb,D:\srsdk1x\msvc6\obj\extensions\jpegimporter\release\srEXT_JPEGImporter.pdb
setup_wizardry_8_2001_12_23_(22306).exe,Dll/srEXT_LWOImporter.dll,a681095372decd2639d0ea14bdbadb362b7aeac04f137dc1558856212479932a,path,codeview,ascii,.pdb,D:\srsdk1x\msvc6\obj\extensions\LWOImporter\Release\srEXT_LWOImporter.pdb
setup_wizardry_8_2001_12_23_(22306).exe,Dll/srEXT_MPEG.dll,42344e67d5de0b962652677d70891402dae16b0f39979693539867f779455ecd,path,codeview,ascii,.pdb,D:\srsdk1x\msvc6\obj\extensions\mpeg\release\srEXT_MPEG.pdb
setup_wizardry_8_2001_12_23_(22306).exe,Dll/srVP_KNI.dll,895b5fb3f4982f7a70e7bfc518fed1d674587380d708487f57a0a00e0c9669cc,compiler-command,embedded-string,ascii,,Intel(R) C/C++ Compiler Version 4.5 00015  : D:\srsdk1x\sources\Vp\Kni\kniICL.cpp : -Qvc6 -nologo -G6 -Zp16 -MD -W3 -GX -Zi -O2 -Ob2 -I ../include -I ../include\VP -D WIN32 -D NDEBUG -D _WINDOWS -D _USE_INTEL_COMPILER -FAs -Faobj\vp\KNI\release/ -Fpobj\vp\KNI\release/srVP_KNI.pch -YX -Foobj\vp\KNI\release/ -Fdobj\vp\KNI\release/ -FD -c
setup_wizardry_8_2001_12_23_(22306).exe,Dll/srVP_KNI.dll,895b5fb3f4982f7a70e7bfc518fed1d674587380d708487f57a0a00e0c9669cc,path,codeview,ascii,.pdb,D:\srsdk1x\msvc6\obj\vp\KNI\release\srVP_KNI.pdb
setup_wizardry_8_2001_12_23_(22306).exe,Dll/srVP_KNI.dll,895b5fb3f4982f7a70e7bfc518fed1d674587380d708487f57a0a00e0c9669cc,path,embedded-string,ascii,.cpp,D:\srsdk1x\sources\Vp\Kni\kniICL.cpp
setup_wizardry_8_2001_12_23_(22306).exe,Dll/srVP_PentiumII.dll,2cadefd51ed177c762ccbc6be0181fc70e6e26ecaf04b1b475298f206fed518c,path,codeview,ascii,.pdb,D:\srsdk1x\msvc6\obj\vp\PentiumII\release\srVP_PentiumII.pdb
setup_wizardry_8_2001_12_23_(22306).exe,Dll/srVP_x86.dll,bbec96aa91b6988618fb4ec07696baed01ca556a3eab6f3836f9f475b45730c2,path,codeview,ascii,.pdb,D:\srsdk1x\msvc6\obj\vp\x86\release\srVP_x86.pdb
setup_wizardry_8_2001_12_23_(22306).exe,MSVCIRT.DLL,647f7534aaaedffa93534e4cb9b24bfcf91524828ff0364d88973be58139e255,path,codeview,ascii,.pdb,E:\8168\vc98\self\bin\x86\msvcirt.pdb
setup_wizardry_8_2001_12_23_(22306).exe,MSVCP60.DLL,2b6b93c2d66969eb00258e2b5ad6172decebada096e3b1b077a3380c80e4a072,path,codeview,ascii,.pdb,E:\8168\vc98\self\bin\x86\msvcp60.pdb
setup_wizardry_8_2001_12_23_(22306).exe,MSVCRT.DLL,d4287ab5e4988dfe99bd54243d50dbe8744094f11fe5f9809a1a6fb9728c2124,path,codeview,ascii,.pdb,E:\8337\vc98\self\bin\x86\msvcrt.pdb
setup_wizardry_8_2001_12_23_(22306).exe,MSVCRT.DLL,d4287ab5e4988dfe99bd54243d50dbe8744094f11fe5f9809a1a6fb9728c2124,path,embedded-string,ascii,.cpp,setnewh.cpp
setup_wizardry_8_2001_12_23_(22306).exe,sr.dll,cec1caf85861c34bc4583ef1c69209e96a6930bdfc9af545c429f7470a8b6165,path,codeview,ascii,.pdb,D:\srsdk1x\msvc6\obj\sr\release\sr.pdb
setup_wizardry_8_2001_12_23_(22306).exe,sr.dll,cec1caf85861c34bc4583ef1c69209e96a6930bdfc9af545c429f7470a8b6165,path,embedded-string,ascii,.cpp,D:\srsdk1x\sources\corelib\srClass.cpp
setup_wizardry_8_2001_12_23_(22306).exe,sr.dll,cec1caf85861c34bc4583ef1c69209e96a6930bdfc9af545c429f7470a8b6165,path,embedded-string,ascii,.cpp,D:\srsdk1x\sources\corelib\srFog.cpp
setup_wizardry_8_2001_12_23_(22306).exe,sr.dll,cec1caf85861c34bc4583ef1c69209e96a6930bdfc9af545c429f7470a8b6165,path,embedded-string,ascii,.cpp,D:\srsdk1x\sources\corelib\srMaterial.cpp
setup_wizardry_8_2001_12_23_(22306).exe,sr.dll,cec1caf85861c34bc4583ef1c69209e96a6930bdfc9af545c429f7470a8b6165,path,embedded-string,ascii,.cpp,D:\srsdk1x\sources\corelib\srMeshModel.cpp
setup_wizardry_8_2001_12_23_(22306).exe,sr.dll,cec1caf85861c34bc4583ef1c69209e96a6930bdfc9af545c429f7470a8b6165,path,embedded-string,ascii,.cpp,D:\srsdk1x\sources\corelib\srRuntimeClass.cpp
setup_wizardry_8_2001_12_23_(22306).exe,Wiz8.exe,18a74ff61c65b8a2d4cfa11ffce82ad7fef022a94eaf0c2f217e479e981420d2,path,embedded-string,ascii,.hpp,AnimRep.hpp
setup_wizardry_8_2001_12_23_(22306).exe,Wiz8.exe,18a74ff61c65b8a2d4cfa11ffce82ad7fef022a94eaf0c2f217e479e981420d2,path,embedded-string,ascii,.c,C:\Projects\SGP\DirectDraw Calls.c
setup_wizardry_8_2001_12_23_(22306).exe,Wiz8.exe,18a74ff61c65b8a2d4cfa11ffce82ad7fef022a94eaf0c2f217e479e981420d2,path,embedded-string,ascii,.cpp,C:\Projects\Wizardry 8\3D Code\IList.cpp
setup_wizardry_8_2001_12_23_(22306).exe,Wiz8.exe,18a74ff61c65b8a2d4cfa11ffce82ad7fef022a94eaf0c2f217e479e981420d2,path,embedded-string,ascii,.cpp,C:\Projects\Wizardry 8\3D Code\PList.cpp
setup_wizardry_8_2001_12_23_(22306).exe,Wiz8.exe,18a74ff61c65b8a2d4cfa11ffce82ad7fef022a94eaf0c2f217e479e981420d2,path,embedded-string,ascii,.cpp,C:\Projects\Wizardry 8\Dialog Code\AssayDialog.cpp
setup_wizardry_8_2001_12_23_(22306).exe,Wiz8.exe,18a74ff61c65b8a2d4cfa11ffce82ad7fef022a94eaf0c2f217e479e981420d2,path,embedded-string,ascii,.cpp,C:\Projects\Wizardry 8\Dialog Code\DialogInterface.cpp
setup_wizardry_8_2001_12_23_(22306).exe,Wiz8.exe,18a74ff61c65b8a2d4cfa11ffce82ad7fef022a94eaf0c2f217e479e981420d2,path,embedded-string,ascii,.cpp,C:\Projects\Wizardry 8\Dialog Code\MonsterInfoDialog.cpp
setup_wizardry_8_2001_12_23_(22306).exe,Wiz8.exe,18a74ff61c65b8a2d4cfa11ffce82ad7fef022a94eaf0c2f217e479e981420d2,path,embedded-string,ascii,.cpp,C:\Projects\Wizardry 8\Dialog Code\ProfRaceInfoDialog.cpp
setup_wizardry_8_2001_12_23_(22306).exe,Wiz8.exe,18a74ff61c65b8a2d4cfa11ffce82ad7fef022a94eaf0c2f217e479e981420d2,path,embedded-string,ascii,.cpp,C:\Projects\Wizardry 8\Dialog Code\SpellInfoDialog.cpp
setup_wizardry_8_2001_12_23_(22306).exe,Wiz8.exe,18a74ff61c65b8a2d4cfa11ffce82ad7fef022a94eaf0c2f217e479e981420d2,path,embedded-string,ascii,.cpp,C:\Projects\Wizardry 8\Dialog Code\StatInfoDialogs.cpp
setup_wizardry_8_2001_12_23_(22306).exe,Wiz8.exe,18a74ff61c65b8a2d4cfa11ffce82ad7fef022a94eaf0c2f217e479e981420d2,path,embedded-string,ascii,.cpp,C:\Projects\Wizardry 8\Dialog Code\stButton.cpp
setup_wizardry_8_2001_12_23_(22306).exe,Wiz8.exe,18a74ff61c65b8a2d4cfa11ffce82ad7fef022a94eaf0c2f217e479e981420d2,path,embedded-string,ascii,.cpp,C:\Projects\Wizardry 8\Dialog Code\stListBox.cpp
setup_wizardry_8_2001_12_23_(22306).exe,Wiz8.exe,18a74ff61c65b8a2d4cfa11ffce82ad7fef022a94eaf0c2f217e479e981420d2,path,embedded-string,ascii,.cpp,C:\Projects\Wizardry 8\Dialog Code\stMessageDialog.cpp
setup_wizardry_8_2001_12_23_(22306).exe,Wiz8.exe,18a74ff61c65b8a2d4cfa11ffce82ad7fef022a94eaf0c2f217e479e981420d2,path,embedded-string,ascii,.cpp,C:\Projects\Wizardry 8\Engine Code\3d.cpp
setup_wizardry_8_2001_12_23_(22306).exe,Wiz8.exe,18a74ff61c65b8a2d4cfa11ffce82ad7fef022a94eaf0c2f217e479e981420d2,path,embedded-string,ascii,.cpp,C:\Projects\Wizardry 8\Engine Code\3dapi.cpp
setup_wizardry_8_2001_12_23_(22306).exe,Wiz8.exe,18a74ff61c65b8a2d4cfa11ffce82ad7fef022a94eaf0c2f217e479e981420d2,path,embedded-string,ascii,.cpp,C:\Projects\Wizardry 8\Engine Code\AmbientSound.cpp
setup_wizardry_8_2001_12_23_(22306).exe,Wiz8.exe,18a74ff61c65b8a2d4cfa11ffce82ad7fef022a94eaf0c2f217e479e981420d2,path,embedded-string,ascii,.cpp,C:\Projects\Wizardry 8\Engine Code\AniMesh.cpp
setup_wizardry_8_2001_12_23_(22306).exe,Wiz8.exe,18a74ff61c65b8a2d4cfa11ffce82ad7fef022a94eaf0c2f217e479e981420d2,path,embedded-string,ascii,.cpp,C:\Projects\Wizardry 8\Engine Code\AnimObj.cpp
setup_wizardry_8_2001_12_23_(22306).exe,Wiz8.exe,18a74ff61c65b8a2d4cfa11ffce82ad7fef022a94eaf0c2f217e479e981420d2,path,embedded-string,ascii,.cpp,C:\Projects\Wizardry 8\Engine Code\AnimRep.cpp
setup_wizardry_8_2001_12_23_(22306).exe,Wiz8.exe,18a74ff61c65b8a2d4cfa11ffce82ad7fef022a94eaf0c2f217e479e981420d2,path,embedded-string,ascii,.cpp,C:\Projects\Wizardry 8\Engine Code\Bink.cpp
setup_wizardry_8_2001_12_23_(22306).exe,Wiz8.exe,18a74ff61c65b8a2d4cfa11ffce82ad7fef022a94eaf0c2f217e479e981420d2,path,embedded-string,ascii,.cpp,C:\Projects\Wizardry 8\Engine Code\BitArray.cpp
setup_wizardry_8_2001_12_23_(22306).exe,Wiz8.exe,18a74ff61c65b8a2d4cfa11ffce82ad7fef022a94eaf0c2f217e479e981420d2,path,embedded-string,ascii,.cpp,C:\Projects\Wizardry 8\Engine Code\Camera.cpp
setup_wizardry_8_2001_12_23_(22306).exe,Wiz8.exe,18a74ff61c65b8a2d4cfa11ffce82ad7fef022a94eaf0c2f217e479e981420d2,path,embedded-string,ascii,.cpp,C:\Projects\Wizardry 8\Engine Code\Cursor3d.cpp
setup_wizardry_8_2001_12_23_(22306).exe,Wiz8.exe,18a74ff61c65b8a2d4cfa11ffce82ad7fef022a94eaf0c2f217e479e981420d2,path,embedded-string,ascii,.cpp,C:\Projects\Wizardry 8\Engine Code\Environment.cpp
setup_wizardry_8_2001_12_23_(22306).exe,Wiz8.exe,18a74ff61c65b8a2d4cfa11ffce82ad7fef022a94eaf0c2f217e479e981420d2,path,embedded-string,ascii,.cpp,C:\Projects\Wizardry 8\Engine Code\GameData.cpp
setup_wizardry_8_2001_12_23_(22306).exe,Wiz8.exe,18a74ff61c65b8a2d4cfa11ffce82ad7fef022a94eaf0c2f217e479e981420d2,path,embedded-string,ascii,.cpp,C:\Projects\Wizardry 8\Engine Code\GDFileIO.cpp
setup_wizardry_8_2001_12_23_(22306).exe,Wiz8.exe,18a74ff61c65b8a2d4cfa11ffce82ad7fef022a94eaf0c2f217e479e981420d2,path,embedded-string,ascii,.cpp,C:\Projects\Wizardry 8\Engine Code\GDProp.cpp
setup_wizardry_8_2001_12_23_(22306).exe,Wiz8.exe,18a74ff61c65b8a2d4cfa11ffce82ad7fef022a94eaf0c2f217e479e981420d2,path,embedded-string,ascii,.cpp,C:\Projects\Wizardry 8\Engine Code\GrCycle.cpp
setup_wizardry_8_2001_12_23_(22306).exe,Wiz8.exe,18a74ff61c65b8a2d4cfa11ffce82ad7fef022a94eaf0c2f217e479e981420d2,path,embedded-string,ascii,.cpp,C:\Projects\Wizardry 8\Engine Code\GrObject.cpp
setup_wizardry_8_2001_12_23_(22306).exe,Wiz8.exe,18a74ff61c65b8a2d4cfa11ffce82ad7fef022a94eaf0c2f217e479e981420d2,path,embedded-string,ascii,.cpp,C:\Projects\Wizardry 8\Engine Code\Item.cpp
setup_wizardry_8_2001_12_23_(22306).exe,Wiz8.exe,18a74ff61c65b8a2d4cfa11ffce82ad7fef022a94eaf0c2f217e479e981420d2,path,embedded-string,ascii,.cpp,C:\Projects\Wizardry 8\Engine Code\LevelFile.cpp
setup_wizardry_8_2001_12_23_(22306).exe,Wiz8.exe,18a74ff61c65b8a2d4cfa11ffce82ad7fef022a94eaf0c2f217e479e981420d2,path,embedded-string,ascii,.cpp,C:\Projects\Wizardry 8\Engine Code\Levels.cpp
setup_wizardry_8_2001_12_23_(22306).exe,Wiz8.exe,18a74ff61c65b8a2d4cfa11ffce82ad7fef022a94eaf0c2f217e479e981420d2,path,embedded-string,ascii,.cpp,C:\Projects\Wizardry 8\Engine Code\materials.cpp
setup_wizardry_8_2001_12_23_(22306).exe,Wiz8.exe,18a74ff61c65b8a2d4cfa11ffce82ad7fef022a94eaf0c2f217e479e981420d2,path,embedded-string,ascii,.cpp,C:\Projects\Wizardry 8\Engine Code\Missile.cpp
setup_wizardry_8_2001_12_23_(22306).exe,Wiz8.exe,18a74ff61c65b8a2d4cfa11ffce82ad7fef022a94eaf0c2f217e479e981420d2,path,embedded-string,ascii,.cpp,C:\Projects\Wizardry 8\Engine Code\MonGen.cpp
setup_wizardry_8_2001_12_23_(22306).exe,Wiz8.exe,18a74ff61c65b8a2d4cfa11ffce82ad7fef022a94eaf0c2f217e479e981420d2,path,embedded-string,ascii,.cpp,C:\Projects\Wizardry 8\Engine Code\Monster.cpp
setup_wizardry_8_2001_12_23_(22306).exe,Wiz8.exe,18a74ff61c65b8a2d4cfa11ffce82ad7fef022a94eaf0c2f217e479e981420d2,path,embedded-string,ascii,.cpp,C:\Projects\Wizardry 8\Engine Code\Navigator.cpp
setup_wizardry_8_2001_12_23_(22306).exe,Wiz8.exe,18a74ff61c65b8a2d4cfa11ffce82ad7fef022a94eaf0c2f217e479e981420d2,path,embedded-string,ascii,.cpp,C:\Projects\Wizardry 8\Engine Code\OctBuildPreTree.cpp
setup_wizardry_8_2001_12_23_(22306).exe,Wiz8.exe,18a74ff61c65b8a2d4cfa11ffce82ad7fef022a94eaf0c2f217e479e981420d2,path,embedded-string,ascii,.cpp,C:\Projects\Wizardry 8\Engine Code\OctBuildTree.cpp
setup_wizardry_8_2001_12_23_(22306).exe,Wiz8.exe,18a74ff61c65b8a2d4cfa11ffce82ad7fef022a94eaf0c2f217e479e981420d2,path,embedded-string,ascii,.cpp,C:\Projects\Wizardry 8\Engine Code\OctPath.cpp
setup_wizardry_8_2001_12_23_(22306).exe,Wiz8.exe,18a74ff61c65b8a2d4cfa11ffce82ad7fef022a94eaf0c2f217e479e981420d2,path,embedded-string,ascii,.cpp,C:\Projects\Wizardry 8\Engine Code\OctPrePath.cpp
setup_wizardry_8_2001_12_23_(22306).exe,Wiz8.exe,18a74ff61c65b8a2d4cfa11ffce82ad7fef022a94eaf0c2f217e479e981420d2,path,embedded-string,ascii,.cpp,C:\Projects\Wizardry 8\Engine Code\OctPreTree.cpp
setup_wizardry_8_2001_12_23_(22306).exe,Wiz8.exe,18a74ff61c65b8a2d4cfa11ffce82ad7fef022a94eaf0c2f217e479e981420d2,path,embedded-string,ascii,.cpp,C:\Projects\Wizardry 8\Engine Code\Octree.cpp
setup_wizardry_8_2001_12_23_(22306).exe,Wiz8.exe,18a74ff61c65b8a2d4cfa11ffce82ad7fef022a94eaf0c2f217e479e981420d2,path,embedded-string,ascii,.cpp,C:\Projects\Wizardry 8\Engine Code\OctSubMesh.cpp
setup_wizardry_8_2001_12_23_(22306).exe,Wiz8.exe,18a74ff61c65b8a2d4cfa11ffce82ad7fef022a94eaf0c2f217e479e981420d2,path,embedded-string,ascii,.cpp,C:\Projects\Wizardry 8\Engine Code\PathAI.CPP
setup_wizardry_8_2001_12_23_(22306).exe,Wiz8.exe,18a74ff61c65b8a2d4cfa11ffce82ad7fef022a94eaf0c2f217e479e981420d2,path,embedded-string,ascii,.cpp,C:\Projects\Wizardry 8\Engine Code\Prop.cpp
setup_wizardry_8_2001_12_23_(22306).exe,Wiz8.exe,18a74ff61c65b8a2d4cfa11ffce82ad7fef022a94eaf0c2f217e479e981420d2,path,embedded-string,ascii,.cpp,C:\Projects\Wizardry 8\Engine Code\quad.cpp
setup_wizardry_8_2001_12_23_(22306).exe,Wiz8.exe,18a74ff61c65b8a2d4cfa11ffce82ad7fef022a94eaf0c2f217e479e981420d2,path,embedded-string,ascii,.cpp,C:\Projects\Wizardry 8\Engine Code\Quality.cpp
setup_wizardry_8_2001_12_23_(22306).exe,Wiz8.exe,18a74ff61c65b8a2d4cfa11ffce82ad7fef022a94eaf0c2f217e479e981420d2,path,embedded-string,ascii,.cpp,C:\Projects\Wizardry 8\Engine Code\ReadLevel.cpp
setup_wizardry_8_2001_12_23_(22306).exe,Wiz8.exe,18a74ff61c65b8a2d4cfa11ffce82ad7fef022a94eaf0c2f217e479e981420d2,path,embedded-string,ascii,.cpp,C:\Projects\Wizardry 8\Engine Code\ReadMesh.cpp
setup_wizardry_8_2001_12_23_(22306).exe,Wiz8.exe,18a74ff61c65b8a2d4cfa11ffce82ad7fef022a94eaf0c2f217e479e981420d2,path,embedded-string,ascii,.cpp,C:\Projects\Wizardry 8\Engine Code\SoundEvent.cpp
setup_wizardry_8_2001_12_23_(22306).exe,Wiz8.exe,18a74ff61c65b8a2d4cfa11ffce82ad7fef022a94eaf0c2f217e479e981420d2,path,embedded-string,ascii,.cpp,C:\Projects\Wizardry 8\Engine Code\Spells.cpp
setup_wizardry_8_2001_12_23_(22306).exe,Wiz8.exe,18a74ff61c65b8a2d4cfa11ffce82ad7fef022a94eaf0c2f217e479e981420d2,path,embedded-string,ascii,.cpp,C:\Projects\Wizardry 8\Engine Code\stCube.cpp
setup_wizardry_8_2001_12_23_(22306).exe,Wiz8.exe,18a74ff61c65b8a2d4cfa11ffce82ad7fef022a94eaf0c2f217e479e981420d2,path,embedded-string,ascii,.cpp,C:\Projects\Wizardry 8\Engine Code\stMeshModel.cpp
setup_wizardry_8_2001_12_23_(22306).exe,Wiz8.exe,18a74ff61c65b8a2d4cfa11ffce82ad7fef022a94eaf0c2f217e479e981420d2,path,embedded-string,ascii,.cpp,C:\Projects\Wizardry 8\Engine Code\stModelInstance.cpp
setup_wizardry_8_2001_12_23_(22306).exe,Wiz8.exe,18a74ff61c65b8a2d4cfa11ffce82ad7fef022a94eaf0c2f217e479e981420d2,path,embedded-string,ascii,.cpp,C:\Projects\Wizardry 8\Engine Code\stParticle.cpp
setup_wizardry_8_2001_12_23_(22306).exe,Wiz8.exe,18a74ff61c65b8a2d4cfa11ffce82ad7fef022a94eaf0c2f217e479e981420d2,path,embedded-string,ascii,.cpp,C:\Projects\Wizardry 8\Engine Code\stScript.cpp
setup_wizardry_8_2001_12_23_(22306).exe,Wiz8.exe,18a74ff61c65b8a2d4cfa11ffce82ad7fef022a94eaf0c2f217e479e981420d2,path,embedded-string,ascii,.cpp,C:\Projects\Wizardry 8\Engine Code\Trigger.cpp
setup_wizardry_8_2001_12_23_(22306).exe,Wiz8.exe,18a74ff61c65b8a2d4cfa11ffce82ad7fef022a94eaf0c2f217e479e981420d2,path,embedded-string,ascii,.cpp,C:\Projects\Wizardry 8\Engine Code\UpdateMesh.cpp
setup_wizardry_8_2001_12_23_(22306).exe,Wiz8.exe,18a74ff61c65b8a2d4cfa11ffce82ad7fef022a94eaf0c2f217e479e981420d2,path,embedded-string,ascii,.cpp,C:\Projects\Wizardry 8\Engine Code\Video2.cpp
setup_wizardry_8_2001_12_23_(22306).exe,Wiz8.exe,18a74ff61c65b8a2d4cfa11ffce82ad7fef022a94eaf0c2f217e479e981420d2,path,embedded-string,ascii,.cpp,C:\Projects\Wizardry 8\Level Specific Code\Arnika.cpp
setup_wizardry_8_2001_12_23_(22306).exe,Wiz8.exe,18a74ff61c65b8a2d4cfa11ffce82ad7fef022a94eaf0c2f217e479e981420d2,path,embedded-string,ascii,.cpp,C:\Projects\Wizardry 8\Level Specific Code\Ascension.cpp
setup_wizardry_8_2001_12_23_(22306).exe,Wiz8.exe,18a74ff61c65b8a2d4cfa11ffce82ad7fef022a94eaf0c2f217e479e981420d2,path,embedded-string,ascii,.cpp,C:\Projects\Wizardry 8\Level Specific Code\Cosmic Circle.cpp
setup_wizardry_8_2001_12_23_(22306).exe,Wiz8.exe,18a74ff61c65b8a2d4cfa11ffce82ad7fef022a94eaf0c2f217e479e981420d2,path,embedded-string,ascii,.cpp,C:\Projects\Wizardry 8\Level Specific Code\MartensBluff1.cpp
setup_wizardry_8_2001_12_23_(22306).exe,Wiz8.exe,18a74ff61c65b8a2d4cfa11ffce82ad7fef022a94eaf0c2f217e479e981420d2,path,embedded-string,ascii,.cpp,C:\Projects\Wizardry 8\Level Specific Code\MartensBluff2.cpp
setup_wizardry_8_2001_12_23_(22306).exe,Wiz8.exe,18a74ff61c65b8a2d4cfa11ffce82ad7fef022a94eaf0c2f217e479e981420d2,path,embedded-string,ascii,.cpp,C:\Projects\Wizardry 8\Level Specific Code\MasterFunctionList.cpp
setup_wizardry_8_2001_12_23_(22306).exe,Wiz8.exe,18a74ff61c65b8a2d4cfa11ffce82ad7fef022a94eaf0c2f217e479e981420d2,path,embedded-string,ascii,.cpp,C:\Projects\Wizardry 8\Level Specific Code\Monastery2.cpp
setup_wizardry_8_2001_12_23_(22306).exe,Wiz8.exe,18a74ff61c65b8a2d4cfa11ffce82ad7fef022a94eaf0c2f217e479e981420d2,path,embedded-string,ascii,.cpp,C:\Projects\Wizardry 8\Level Specific Code\MtGigasOuter.cpp
setup_wizardry_8_2001_12_23_(22306).exe,Wiz8.exe,18a74ff61c65b8a2d4cfa11ffce82ad7fef022a94eaf0c2f217e479e981420d2,path,embedded-string,ascii,.cpp,C:\Projects\Wizardry 8\Level Specific Code\Rift1.cpp
setup_wizardry_8_2001_12_23_(22306).exe,Wiz8.exe,18a74ff61c65b8a2d4cfa11ffce82ad7fef022a94eaf0c2f217e479e981420d2,path,embedded-string,ascii,.cpp,C:\Projects\Wizardry 8\Level Specific Code\SeaCaves.cpp
setup_wizardry_8_2001_12_23_(22306).exe,Wiz8.exe,18a74ff61c65b8a2d4cfa11ffce82ad7fef022a94eaf0c2f217e479e981420d2,path,embedded-string,ascii,.cpp,C:\Projects\Wizardry 8\Level Specific Code\Swamp.cpp
setup_wizardry_8_2001_12_23_(22306).exe,Wiz8.exe,18a74ff61c65b8a2d4cfa11ffce82ad7fef022a94eaf0c2f217e479e981420d2,path,embedded-string,ascii,.cpp,C:\Projects\Wizardry 8\Level Specific Code\Trynnie1.cpp
setup_wizardry_8_2001_12_23_(22306).exe,Wiz8.exe,18a74ff61c65b8a2d4cfa11ffce82ad7fef022a94eaf0c2f217e479e981420d2,path,embedded-string,ascii,.cpp,C:\Projects\Wizardry 8\Level Specific Code\Trynnie2.cpp
setup_wizardry_8_2001_12_23_(22306).exe,Wiz8.exe,18a74ff61c65b8a2d4cfa11ffce82ad7fef022a94eaf0c2f217e479e981420d2,path,embedded-string,ascii,.cpp,C:\Projects\Wizardry 8\Local Code\ButtonSound.cpp
setup_wizardry_8_2001_12_23_(22306).exe,Wiz8.exe,18a74ff61c65b8a2d4cfa11ffce82ad7fef022a94eaf0c2f217e479e981420d2,path,embedded-string,ascii,.cpp,C:\Projects\Wizardry 8\Local Code\CharGeneration.cpp
setup_wizardry_8_2001_12_23_(22306).exe,Wiz8.exe,18a74ff61c65b8a2d4cfa11ffce82ad7fef022a94eaf0c2f217e479e981420d2,path,embedded-string,ascii,.cpp,C:\Projects\Wizardry 8\Local Code\chunk.cpp
setup_wizardry_8_2001_12_23_(22306).exe,Wiz8.exe,18a74ff61c65b8a2d4cfa11ffce82ad7fef022a94eaf0c2f217e479e981420d2,path,embedded-string,ascii,.cpp,C:\Projects\Wizardry 8\Local Code\Combat Attack.cpp
setup_wizardry_8_2001_12_23_(22306).exe,Wiz8.exe,18a74ff61c65b8a2d4cfa11ffce82ad7fef022a94eaf0c2f217e479e981420d2,path,embedded-string,ascii,.cpp,C:\Projects\Wizardry 8\Local Code\Combat Hostility.cpp
setup_wizardry_8_2001_12_23_(22306).exe,Wiz8.exe,18a74ff61c65b8a2d4cfa11ffce82ad7fef022a94eaf0c2f217e479e981420d2,path,embedded-string,ascii,.cpp,C:\Projects\Wizardry 8\Local Code\Combat Party Movement.cpp
setup_wizardry_8_2001_12_23_(22306).exe,Wiz8.exe,18a74ff61c65b8a2d4cfa11ffce82ad7fef022a94eaf0c2f217e479e981420d2,path,embedded-string,ascii,.cpp,C:\Projects\Wizardry 8\Local Code\Combat Range.cpp
setup_wizardry_8_2001_12_23_(22306).exe,Wiz8.exe,18a74ff61c65b8a2d4cfa11ffce82ad7fef022a94eaf0c2f217e479e981420d2,path,embedded-string,ascii,.cpp,C:\Projects\Wizardry 8\Local Code\Combat Sound.cpp
setup_wizardry_8_2001_12_23_(22306).exe,Wiz8.exe,18a74ff61c65b8a2d4cfa11ffce82ad7fef022a94eaf0c2f217e479e981420d2,path,embedded-string,ascii,.cpp,C:\Projects\Wizardry 8\Local Code\Combat.cpp
setup_wizardry_8_2001_12_23_(22306).exe,Wiz8.exe,18a74ff61c65b8a2d4cfa11ffce82ad7fef022a94eaf0c2f217e479e981420d2,path,embedded-string,ascii,.cpp,C:\Projects\Wizardry 8\Local Code\Conditions & Enchantments.cpp
setup_wizardry_8_2001_12_23_(22306).exe,Wiz8.exe,18a74ff61c65b8a2d4cfa11ffce82ad7fef022a94eaf0c2f217e479e981420d2,path,embedded-string,ascii,.cpp,C:\Projects\Wizardry 8\Local Code\Configuration.cpp
setup_wizardry_8_2001_12_23_(22306).exe,Wiz8.exe,18a74ff61c65b8a2d4cfa11ffce82ad7fef022a94eaf0c2f217e479e981420d2,path,embedded-string,ascii,.cpp,C:\Projects\Wizardry 8\Local Code\Controls.cpp
setup_wizardry_8_2001_12_23_(22306).exe,Wiz8.exe,18a74ff61c65b8a2d4cfa11ffce82ad7fef022a94eaf0c2f217e479e981420d2,path,embedded-string,ascii,.cpp,C:\Projects\Wizardry 8\Local Code\Factions.cpp
setup_wizardry_8_2001_12_23_(22306).exe,Wiz8.exe,18a74ff61c65b8a2d4cfa11ffce82ad7fef022a94eaf0c2f217e479e981420d2,path,embedded-string,ascii,.cpp,C:\Projects\Wizardry 8\Local Code\Formation & Facing.cpp
setup_wizardry_8_2001_12_23_(22306).exe,Wiz8.exe,18a74ff61c65b8a2d4cfa11ffce82ad7fef022a94eaf0c2f217e479e981420d2,path,embedded-string,ascii,.cpp,C:\Projects\Wizardry 8\Local Code\Gameloop.cpp
setup_wizardry_8_2001_12_23_(22306).exe,Wiz8.exe,18a74ff61c65b8a2d4cfa11ffce82ad7fef022a94eaf0c2f217e479e981420d2,path,embedded-string,ascii,.cpp,C:\Projects\Wizardry 8\Local Code\Gameplay Mods.cpp
setup_wizardry_8_2001_12_23_(22306).exe,Wiz8.exe,18a74ff61c65b8a2d4cfa11ffce82ad7fef022a94eaf0c2f217e479e981420d2,path,embedded-string,ascii,.cpp,C:\Projects\Wizardry 8\Local Code\GameplayCode.cpp
setup_wizardry_8_2001_12_23_(22306).exe,Wiz8.exe,18a74ff61c65b8a2d4cfa11ffce82ad7fef022a94eaf0c2f217e479e981420d2,path,embedded-string,ascii,.cpp,C:\Projects\Wizardry 8\Local Code\GameplayDatabase.cpp
setup_wizardry_8_2001_12_23_(22306).exe,Wiz8.exe,18a74ff61c65b8a2d4cfa11ffce82ad7fef022a94eaf0c2f217e479e981420d2,path,embedded-string,ascii,.cpp,C:\Projects\Wizardry 8\Local Code\GameplayTime.cpp
setup_wizardry_8_2001_12_23_(22306).exe,Wiz8.exe,18a74ff61c65b8a2d4cfa11ffce82ad7fef022a94eaf0c2f217e479e981420d2,path,embedded-string,ascii,.cpp,C:\Projects\Wizardry 8\Local Code\GroupAttacks.cpp
setup_wizardry_8_2001_12_23_(22306).exe,Wiz8.exe,18a74ff61c65b8a2d4cfa11ffce82ad7fef022a94eaf0c2f217e479e981420d2,path,embedded-string,ascii,.cpp,C:\Projects\Wizardry 8\Local Code\Health Stamina Mana.cpp
setup_wizardry_8_2001_12_23_(22306).exe,Wiz8.exe,18a74ff61c65b8a2d4cfa11ffce82ad7fef022a94eaf0c2f217e479e981420d2,path,embedded-string,ascii,.cpp,C:\Projects\Wizardry 8\Local Code\InputMapper.cpp
setup_wizardry_8_2001_12_23_(22306).exe,Wiz8.exe,18a74ff61c65b8a2d4cfa11ffce82ad7fef022a94eaf0c2f217e479e981420d2,path,embedded-string,ascii,.cpp,C:\Projects\Wizardry 8\Local Code\ItemManager.cpp
setup_wizardry_8_2001_12_23_(22306).exe,Wiz8.exe,18a74ff61c65b8a2d4cfa11ffce82ad7fef022a94eaf0c2f217e479e981420d2,path,embedded-string,ascii,.cpp,C:\Projects\Wizardry 8\Local Code\LoadSaveGame.cpp
setup_wizardry_8_2001_12_23_(22306).exe,Wiz8.exe,18a74ff61c65b8a2d4cfa11ffce82ad7fef022a94eaf0c2f217e479e981420d2,path,embedded-string,ascii,.cpp,C:\Projects\Wizardry 8\Local Code\Magic Effects.cpp
setup_wizardry_8_2001_12_23_(22306).exe,Wiz8.exe,18a74ff61c65b8a2d4cfa11ffce82ad7fef022a94eaf0c2f217e479e981420d2,path,embedded-string,ascii,.cpp,C:\Projects\Wizardry 8\Local Code\Magic.cpp
setup_wizardry_8_2001_12_23_(22306).exe,Wiz8.exe,18a74ff61c65b8a2d4cfa11ffce82ad7fef022a94eaf0c2f217e479e981420d2,path,embedded-string,ascii,.cpp,C:\Projects\Wizardry 8\Local Code\MonsterAI.cpp
setup_wizardry_8_2001_12_23_(22306).exe,Wiz8.exe,18a74ff61c65b8a2d4cfa11ffce82ad7fef022a94eaf0c2f217e479e981420d2,path,embedded-string,ascii,.cpp,C:\Projects\Wizardry 8\Local Code\MonsterGroup.cpp
setup_wizardry_8_2001_12_23_(22306).exe,Wiz8.exe,18a74ff61c65b8a2d4cfa11ffce82ad7fef022a94eaf0c2f217e479e981420d2,path,embedded-string,ascii,.cpp,C:\Projects\Wizardry 8\Local Code\MonsterManager.cpp
setup_wizardry_8_2001_12_23_(22306).exe,Wiz8.exe,18a74ff61c65b8a2d4cfa11ffce82ad7fef022a94eaf0c2f217e479e981420d2,path,embedded-string,ascii,.cpp,C:\Projects\Wizardry 8\Local Code\Noise.cpp
setup_wizardry_8_2001_12_23_(22306).exe,Wiz8.exe,18a74ff61c65b8a2d4cfa11ffce82ad7fef022a94eaf0c2f217e479e981420d2,path,embedded-string,ascii,.cpp,C:\Projects\Wizardry 8\Local Code\NPC Manager.cpp
setup_wizardry_8_2001_12_23_(22306).exe,Wiz8.exe,18a74ff61c65b8a2d4cfa11ffce82ad7fef022a94eaf0c2f217e479e981420d2,path,embedded-string,ascii,.cpp,C:\Projects\Wizardry 8\Local Code\NPC Scripting Facts.cpp
setup_wizardry_8_2001_12_23_(22306).exe,Wiz8.exe,18a74ff61c65b8a2d4cfa11ffce82ad7fef022a94eaf0c2f217e479e981420d2,path,embedded-string,ascii,.cpp,C:\Projects\Wizardry 8\Local Code\NPC Scripting.cpp
setup_wizardry_8_2001_12_23_(22306).exe,Wiz8.exe,18a74ff61c65b8a2d4cfa11ffce82ad7fef022a94eaf0c2f217e479e981420d2,path,embedded-string,ascii,.cpp,C:\Projects\Wizardry 8\Local Code\Party Import.cpp
setup_wizardry_8_2001_12_23_(22306).exe,Wiz8.exe,18a74ff61c65b8a2d4cfa11ffce82ad7fef022a94eaf0c2f217e479e981420d2,path,embedded-string,ascii,.cpp,C:\Projects\Wizardry 8\Local Code\PC Item.cpp
setup_wizardry_8_2001_12_23_(22306).exe,Wiz8.exe,18a74ff61c65b8a2d4cfa11ffce82ad7fef022a94eaf0c2f217e479e981420d2,path,embedded-string,ascii,.cpp,C:\Projects\Wizardry 8\Local Code\RegionManager.cpp
setup_wizardry_8_2001_12_23_(22306).exe,Wiz8.exe,18a74ff61c65b8a2d4cfa11ffce82ad7fef022a94eaf0c2f217e479e981420d2,path,embedded-string,ascii,.cpp,C:\Projects\Wizardry 8\Local Code\search.cpp
setup_wizardry_8_2001_12_23_(22306).exe,Wiz8.exe,18a74ff61c65b8a2d4cfa11ffce82ad7fef022a94eaf0c2f217e479e981420d2,path,embedded-string,ascii,.cpp,C:\Projects\Wizardry 8\Local Code\Sight.cpp
setup_wizardry_8_2001_12_23_(22306).exe,Wiz8.exe,18a74ff61c65b8a2d4cfa11ffce82ad7fef022a94eaf0c2f217e479e981420d2,path,embedded-string,ascii,.cpp,C:\Projects\Wizardry 8\Local Code\Strings.cpp
setup_wizardry_8_2001_12_23_(22306).exe,Wiz8.exe,18a74ff61c65b8a2d4cfa11ffce82ad7fef022a94eaf0c2f217e479e981420d2,path,embedded-string,ascii,.cpp,C:\Projects\Wizardry 8\Local Code\Targeting.cpp
setup_wizardry_8_2001_12_23_(22306).exe,Wiz8.exe,18a74ff61c65b8a2d4cfa11ffce82ad7fef022a94eaf0c2f217e479e981420d2,path,embedded-string,ascii,.cpp,C:\Projects\Wizardry 8\Local Code\Traps.cpp
setup_wizardry_8_2001_12_23_(22306).exe,Wiz8.exe,18a74ff61c65b8a2d4cfa11ffce82ad7fef022a94eaf0c2f217e479e981420d2,path,embedded-string,ascii,.cpp,C:\Projects\Wizardry 8\Local Code\UtilityFunctions.cpp
setup_wizardry_8_2001_12_23_(22306).exe,Wiz8.exe,18a74ff61c65b8a2d4cfa11ffce82ad7fef022a94eaf0c2f217e479e981420d2,path,embedded-string,ascii,.cpp,C:\Projects\Wizardry 8\Local Code\VideoObjectManager.cpp
setup_wizardry_8_2001_12_23_(22306).exe,Wiz8.exe,18a74ff61c65b8a2d4cfa11ffce82ad7fef022a94eaf0c2f217e479e981420d2,path,embedded-string,ascii,.cpp,C:\Projects\Wizardry 8\Local Screens\AutomapScreen.cpp
setup_wizardry_8_2001_12_23_(22306).exe,Wiz8.exe,18a74ff61c65b8a2d4cfa11ffce82ad7fef022a94eaf0c2f217e479e981420d2,path,embedded-string,ascii,.cpp,C:\Projects\Wizardry 8\Local Screens\CGSSpellsPage.cpp
setup_wizardry_8_2001_12_23_(22306).exe,Wiz8.exe,18a74ff61c65b8a2d4cfa11ffce82ad7fef022a94eaf0c2f217e479e981420d2,path,embedded-string,ascii,.cpp,C:\Projects\Wizardry 8\Local Screens\CGSStatsPage.cpp
setup_wizardry_8_2001_12_23_(22306).exe,Wiz8.exe,18a74ff61c65b8a2d4cfa11ffce82ad7fef022a94eaf0c2f217e479e981420d2,path,embedded-string,ascii,.cpp,C:\Projects\Wizardry 8\Local Screens\IntroScreen.cpp
setup_wizardry_8_2001_12_23_(22306).exe,Wiz8.exe,18a74ff61c65b8a2d4cfa11ffce82ad7fef022a94eaf0c2f217e479e981420d2,path,embedded-string,ascii,.cpp,C:\Projects\Wizardry 8\Local Screens\MainGameScreen.cpp
setup_wizardry_8_2001_12_23_(22306).exe,Wiz8.exe,18a74ff61c65b8a2d4cfa11ffce82ad7fef022a94eaf0c2f217e479e981420d2,path,embedded-string,ascii,.cpp,C:\Projects\Wizardry 8\Local Screens\MainMenuScreen.cpp
setup_wizardry_8_2001_12_23_(22306).exe,Wiz8.exe,18a74ff61c65b8a2d4cfa11ffce82ad7fef022a94eaf0c2f217e479e981420d2,path,embedded-string,ascii,.cpp,C:\Projects\Wizardry 8\Local Screens\MGSButtons.cpp
setup_wizardry_8_2001_12_23_(22306).exe,Wiz8.exe,18a74ff61c65b8a2d4cfa11ffce82ad7fef022a94eaf0c2f217e479e981420d2,path,embedded-string,ascii,.cpp,C:\Projects\Wizardry 8\Local Screens\MGSKeyboard.cpp
setup_wizardry_8_2001_12_23_(22306).exe,Wiz8.exe,18a74ff61c65b8a2d4cfa11ffce82ad7fef022a94eaf0c2f217e479e981420d2,path,embedded-string,ascii,.cpp,C:\Projects\Wizardry 8\Local Screens\MGSPartyMovement.cpp
setup_wizardry_8_2001_12_23_(22306).exe,Wiz8.exe,18a74ff61c65b8a2d4cfa11ffce82ad7fef022a94eaf0c2f217e479e981420d2,path,embedded-string,ascii,.cpp,C:\Projects\Wizardry 8\Local Screens\MGSPortraits.cpp
setup_wizardry_8_2001_12_23_(22306).exe,Wiz8.exe,18a74ff61c65b8a2d4cfa11ffce82ad7fef022a94eaf0c2f217e479e981420d2,path,embedded-string,ascii,.cpp,C:\Projects\Wizardry 8\Local Screens\MGSSpellCasting.cpp
setup_wizardry_8_2001_12_23_(22306).exe,Wiz8.exe,18a74ff61c65b8a2d4cfa11ffce82ad7fef022a94eaf0c2f217e479e981420d2,path,embedded-string,ascii,.cpp,C:\Projects\Wizardry 8\Local Screens\MGSSpellIcons.cpp
setup_wizardry_8_2001_12_23_(22306).exe,Wiz8.exe,18a74ff61c65b8a2d4cfa11ffce82ad7fef022a94eaf0c2f217e479e981420d2,path,embedded-string,ascii,.cpp,C:\Projects\Wizardry 8\Local Screens\MGSTextBox.cpp
setup_wizardry_8_2001_12_23_(22306).exe,Wiz8.exe,18a74ff61c65b8a2d4cfa11ffce82ad7fef022a94eaf0c2f217e479e981420d2,path,embedded-string,ascii,.cpp,C:\Projects\Wizardry 8\Local Screens\MGSUseItemSelect.cpp
setup_wizardry_8_2001_12_23_(22306).exe,Wiz8.exe,18a74ff61c65b8a2d4cfa11ffce82ad7fef022a94eaf0c2f217e479e981420d2,path,embedded-string,ascii,.cpp,C:\Projects\Wizardry 8\Local Screens\mipe.cpp
setup_wizardry_8_2001_12_23_(22306).exe,Wiz8.exe,18a74ff61c65b8a2d4cfa11ffce82ad7fef022a94eaf0c2f217e479e981420d2,path,embedded-string,ascii,.cpp,C:\Projects\Wizardry 8\Local Screens\mipeEdit.cpp
setup_wizardry_8_2001_12_23_(22306).exe,Wiz8.exe,18a74ff61c65b8a2d4cfa11ffce82ad7fef022a94eaf0c2f217e479e981420d2,path,embedded-string,ascii,.cpp,C:\Projects\Wizardry 8\Local Screens\OptionsScreen.cpp
setup_wizardry_8_2001_12_23_(22306).exe,Wiz8.exe,18a74ff61c65b8a2d4cfa11ffce82ad7fef022a94eaf0c2f217e479e981420d2,path,embedded-string,ascii,.cpp,C:\Projects\Wizardry 8\Local Screens\PleaseWaitScreen.cpp
setup_wizardry_8_2001_12_23_(22306).exe,Wiz8.exe,18a74ff61c65b8a2d4cfa11ffce82ad7fef022a94eaf0c2f217e479e981420d2,path,embedded-string,ascii,.cpp,C:\Projects\Wizardry 8\Local Screens\RCSCommon.cpp
setup_wizardry_8_2001_12_23_(22306).exe,Wiz8.exe,18a74ff61c65b8a2d4cfa11ffce82ad7fef022a94eaf0c2f217e479e981420d2,path,embedded-string,ascii,.cpp,C:\Projects\Wizardry 8\Local Screens\RCSItemsPage.cpp
setup_wizardry_8_2001_12_23_(22306).exe,Wiz8.exe,18a74ff61c65b8a2d4cfa11ffce82ad7fef022a94eaf0c2f217e479e981420d2,path,embedded-string,ascii,.cpp,C:\Projects\Wizardry 8\Local Screens\ReviewCharacterScreen.cpp
setup_wizardry_8_2001_12_23_(22306).exe,Wiz8.exe,18a74ff61c65b8a2d4cfa11ffce82ad7fef022a94eaf0c2f217e479e981420d2,path,embedded-string,ascii,.cpp,C:\Projects\Wizardry 8\Local Screens\Screens.cpp
setup_wizardry_8_2001_12_23_(22306).exe,Wiz8.exe,18a74ff61c65b8a2d4cfa11ffce82ad7fef022a94eaf0c2f217e479e981420d2,path,embedded-string,ascii,.cpp,mimp.cpp
setup_wizardry_8_2001_12_23_(22306).exe,Wiz8.exe,18a74ff61c65b8a2d4cfa11ffce82ad7fef022a94eaf0c2f217e479e981420d2,path,embedded-string,ascii,.hpp,stHeap.hpp
setup_wizardry_8_2001_12_23_(22306).exe,Wiz8.exe,18a74ff61c65b8a2d4cfa11ffce82ad7fef022a94eaf0c2f217e479e981420d2,path,embedded-string,ascii,.hpp,stLight.hpp
setup_wizardry_8_2001_12_23_(22306).exe,Wiz8.exe,18a74ff61c65b8a2d4cfa11ffce82ad7fef022a94eaf0c2f217e479e981420d2,path,embedded-string,ascii,.hpp,Trigger.hpp
Wiz8NetDemo.exe,installed/Program_Executable_Files/3DSetup.exe,39b262f16214790bac7dc5663299cb2e9ebbf119aa4d29a316e029b3154d3678,path,codeview,ascii,.pdb,C:\Projects\setup\Release\3DSetup.pdb
Wiz8NetDemo.exe,installed/Program_Executable_Files/Dll/srDD_DirectX6.dll,2968987f843f1e1b228b2ff322923e5ac215095a3cb41877b169f01820f8f316,path,codeview,ascii,.pdb,D:\srsdk1x\msvc6\obj\dd\srDD_DirectX6\release\srDD_DirectX6.pdb
Wiz8NetDemo.exe,installed/Program_Executable_Files/Dll/srDD_DirectX7.dll,3623f1cb66cd50b7141b49f82100a8ffa1fd3c53ddebc7093bfddeb148cbf8e9,path,codeview,ascii,.pdb,C:\srsdk1x\msvc6\obj\dd\DirectX7\Release\srDD_DirectX7.pdb
Wiz8NetDemo.exe,installed/Program_Executable_Files/Dll/srDD_Glide2x.dll,e19987fb5bc9abcceadf4ad64bf108ac2f95d10b520d8de294d9b10466ca1d11,path,codeview,ascii,.pdb,D:\srsdk1x\msvc6\obj\dd\glide2x\release\srDD_Glide2x.pdb
Wiz8NetDemo.exe,installed/Program_Executable_Files/Dll/srDD_OpenGL.dll,a176aa711039aebbfe33eb5d48e082dcd608835eeebd2a69ead9b455400afc8c,path,codeview,ascii,.pdb,C:\Projects\Wizardry 8\srsdk\msvc6\obj\dd\opengl\Release\srDD_OpenGL.pdb
Wiz8NetDemo.exe,installed/Program_Executable_Files/Dll/srDD_Software.dll,8866a254569f61022b857628380171dff018939376c02965741635421d0c79f8,path,codeview,ascii,.pdb,D:\srsdk1x\msvc6\obj\dd\software\release\srDD_Software.pdb
Wiz8NetDemo.exe,installed/Program_Executable_Files/Dll/srEXT_AVI.dll,9d27a6698693fb6b244951166d873a1f1a102213f5832d60379234176bd0eb07,path,codeview,ascii,.pdb,D:\srsdk1x\msvc6\obj\extensions\avi\release\srEXT_AVI.pdb
Wiz8NetDemo.exe,installed/Program_Executable_Files/Dll/srEXT_default.dll,e2a9d1e7f11e0927b7bacfe058a7113b234f0aded92f4c5fecfb23cf86ead7f8,path,codeview,ascii,.pdb,D:\srsdk1x\msvc6\obj\extensions\default\release\srEXT_default.pdb
Wiz8NetDemo.exe,installed/Program_Executable_Files/Dll/srEXT_FLIC.dll,3ce83b9944f4d26f027c5b322a5dbea97cfe6339a7298b25914f67f35ccfd281,path,codeview,ascii,.pdb,D:\srsdk1x\msvc6\obj\extensions\flic\release\srEXT_FLIC.pdb
Wiz8NetDemo.exe,installed/Program_Executable_Files/Dll/srEXT_HTTP.dll,ade27ce64a7af1824aeb5ba65f908bab56344311cd8f45c0c65edde02d1d87af,path,codeview,ascii,.pdb,D:\srsdk1x\msvc6\obj\extensions\http\release\srEXT_HTTP.pdb
Wiz8NetDemo.exe,installed/Program_Executable_Files/Dll/srEXT_Inspector.dll,6bc2949d6c9bca35ecc37e8f4f98ed36886a075f00d69ae86687d38f682387a1,path,codeview,ascii,.pdb,D:\srsdk1x\msvc6\obj\extensions\inspector\release\srEXT_Inspector.pdb
Wiz8NetDemo.exe,installed/Program_Executable_Files/Dll/srEXT_JPEGImporter.dll,0bf545937bd86ce2195c08b6dbf6b70e1a1071a9fce449ccb9f06dfa384de490,path,codeview,ascii,.pdb,D:\srsdk1x\msvc6\obj\extensions\jpegimporter\release\srEXT_JPEGImporter.pdb
Wiz8NetDemo.exe,installed/Program_Executable_Files/Dll/srEXT_LWOImporter.dll,a681095372decd2639d0ea14bdbadb362b7aeac04f137dc1558856212479932a,path,codeview,ascii,.pdb,D:\srsdk1x\msvc6\obj\extensions\LWOImporter\Release\srEXT_LWOImporter.pdb
Wiz8NetDemo.exe,installed/Program_Executable_Files/Dll/srEXT_MPEG.dll,42344e67d5de0b962652677d70891402dae16b0f39979693539867f779455ecd,path,codeview,ascii,.pdb,D:\srsdk1x\msvc6\obj\extensions\mpeg\release\srEXT_MPEG.pdb
Wiz8NetDemo.exe,installed/Program_Executable_Files/Dll/srVP_KNI.dll,895b5fb3f4982f7a70e7bfc518fed1d674587380d708487f57a0a00e0c9669cc,compiler-command,embedded-string,ascii,,Intel(R) C/C++ Compiler Version 4.5 00015  : D:\srsdk1x\sources\Vp\Kni\kniICL.cpp : -Qvc6 -nologo -G6 -Zp16 -MD -W3 -GX -Zi -O2 -Ob2 -I ../include -I ../include\VP -D WIN32 -D NDEBUG -D _WINDOWS -D _USE_INTEL_COMPILER -FAs -Faobj\vp\KNI\release/ -Fpobj\vp\KNI\release/srVP_KNI.pch -YX -Foobj\vp\KNI\release/ -Fdobj\vp\KNI\release/ -FD -c
Wiz8NetDemo.exe,installed/Program_Executable_Files/Dll/srVP_KNI.dll,895b5fb3f4982f7a70e7bfc518fed1d674587380d708487f57a0a00e0c9669cc,path,codeview,ascii,.pdb,D:\srsdk1x\msvc6\obj\vp\KNI\release\srVP_KNI.pdb
Wiz8NetDemo.exe,installed/Program_Executable_Files/Dll/srVP_KNI.dll,895b5fb3f4982f7a70e7bfc518fed1d674587380d708487f57a0a00e0c9669cc,path,embedded-string,ascii,.cpp,D:\srsdk1x\sources\Vp\Kni\kniICL.cpp
Wiz8NetDemo.exe,installed/Program_Executable_Files/Dll/srVP_PentiumII.dll,2cadefd51ed177c762ccbc6be0181fc70e6e26ecaf04b1b475298f206fed518c,path,codeview,ascii,.pdb,D:\srsdk1x\msvc6\obj\vp\PentiumII\release\srVP_PentiumII.pdb
Wiz8NetDemo.exe,installed/Program_Executable_Files/Dll/srVP_x86.dll,bbec96aa91b6988618fb4ec07696baed01ca556a3eab6f3836f9f475b45730c2,path,codeview,ascii,.pdb,D:\srsdk1x\msvc6\obj\vp\x86\release\srVP_x86.pdb
Wiz8NetDemo.exe,installed/Program_Executable_Files/sr.dll,bb5f67e6a719cde73f5ea35cb2685d0ab12f5efa0bc02e4506b82f582c38b31f,path,codeview,ascii,.pdb,D:\srsdk1x\msvc6\obj\sr\release\sr.pdb
Wiz8NetDemo.exe,installed/Program_Executable_Files/sr.dll,bb5f67e6a719cde73f5ea35cb2685d0ab12f5efa0bc02e4506b82f582c38b31f,path,embedded-string,ascii,.cpp,D:\srsdk1x\sources\corelib\srClass.cpp
Wiz8NetDemo.exe,installed/Program_Executable_Files/sr.dll,bb5f67e6a719cde73f5ea35cb2685d0ab12f5efa0bc02e4506b82f582c38b31f,path,embedded-string,ascii,.cpp,D:\srsdk1x\sources\corelib\srFog.cpp
Wiz8NetDemo.exe,installed/Program_Executable_Files/sr.dll,bb5f67e6a719cde73f5ea35cb2685d0ab12f5efa0bc02e4506b82f582c38b31f,path,embedded-string,ascii,.cpp,D:\srsdk1x\sources\corelib\srMaterial.cpp
Wiz8NetDemo.exe,installed/Program_Executable_Files/sr.dll,bb5f67e6a719cde73f5ea35cb2685d0ab12f5efa0bc02e4506b82f582c38b31f,path,embedded-string,ascii,.cpp,D:\srsdk1x\sources\corelib\srMeshModel.cpp
Wiz8NetDemo.exe,installed/Program_Executable_Files/sr.dll,bb5f67e6a719cde73f5ea35cb2685d0ab12f5efa0bc02e4506b82f582c38b31f,path,embedded-string,ascii,.cpp,D:\srsdk1x\sources\corelib\srRuntimeClass.cpp
Wiz8NetDemo.exe,installed/Program_Executable_Files/Wiz8.EXE,8acda50afe39f7e6a867272300a09463fd94aed9a510008fcdefc662143346e4,path,embedded-string,ascii,.hpp,AnimRep.hpp
Wiz8NetDemo.exe,installed/Program_Executable_Files/Wiz8.EXE,8acda50afe39f7e6a867272300a09463fd94aed9a510008fcdefc662143346e4,path,embedded-string,ascii,.c,C:\Projects\SGP\DirectDraw Calls.c
Wiz8NetDemo.exe,installed/Program_Executable_Files/Wiz8.EXE,8acda50afe39f7e6a867272300a09463fd94aed9a510008fcdefc662143346e4,path,embedded-string,ascii,.cpp,E:\Wizardry 8\3D Code\IList.cpp
Wiz8NetDemo.exe,installed/Program_Executable_Files/Wiz8.EXE,8acda50afe39f7e6a867272300a09463fd94aed9a510008fcdefc662143346e4,path,embedded-string,ascii,.cpp,E:\Wizardry 8\3D Code\PList.cpp
Wiz8NetDemo.exe,installed/Program_Executable_Files/Wiz8.EXE,8acda50afe39f7e6a867272300a09463fd94aed9a510008fcdefc662143346e4,path,embedded-string,ascii,.cpp,E:\Wizardry 8\Dialog Code\AssayDialog.cpp
Wiz8NetDemo.exe,installed/Program_Executable_Files/Wiz8.EXE,8acda50afe39f7e6a867272300a09463fd94aed9a510008fcdefc662143346e4,path,embedded-string,ascii,.cpp,E:\Wizardry 8\Dialog Code\DialogInterface.cpp
Wiz8NetDemo.exe,installed/Program_Executable_Files/Wiz8.EXE,8acda50afe39f7e6a867272300a09463fd94aed9a510008fcdefc662143346e4,path,embedded-string,ascii,.cpp,E:\Wizardry 8\Dialog Code\MonsterInfoDialog.cpp
Wiz8NetDemo.exe,installed/Program_Executable_Files/Wiz8.EXE,8acda50afe39f7e6a867272300a09463fd94aed9a510008fcdefc662143346e4,path,embedded-string,ascii,.cpp,E:\Wizardry 8\Dialog Code\ProfRaceInfoDialog.cpp
Wiz8NetDemo.exe,installed/Program_Executable_Files/Wiz8.EXE,8acda50afe39f7e6a867272300a09463fd94aed9a510008fcdefc662143346e4,path,embedded-string,ascii,.cpp,E:\Wizardry 8\Dialog Code\SpellInfoDialog.cpp
Wiz8NetDemo.exe,installed/Program_Executable_Files/Wiz8.EXE,8acda50afe39f7e6a867272300a09463fd94aed9a510008fcdefc662143346e4,path,embedded-string,ascii,.cpp,E:\Wizardry 8\Dialog Code\StatInfoDialogs.cpp
Wiz8NetDemo.exe,installed/Program_Executable_Files/Wiz8.EXE,8acda50afe39f7e6a867272300a09463fd94aed9a510008fcdefc662143346e4,path,embedded-string,ascii,.cpp,E:\Wizardry 8\Dialog Code\stButton.cpp
Wiz8NetDemo.exe,installed/Program_Executable_Files/Wiz8.EXE,8acda50afe39f7e6a867272300a09463fd94aed9a510008fcdefc662143346e4,path,embedded-string,ascii,.cpp,E:\Wizardry 8\Dialog Code\stListBox.cpp
Wiz8NetDemo.exe,installed/Program_Executable_Files/Wiz8.EXE,8acda50afe39f7e6a867272300a09463fd94aed9a510008fcdefc662143346e4,path,embedded-string,ascii,.cpp,E:\Wizardry 8\Dialog Code\stMessageDialog.cpp
Wiz8NetDemo.exe,installed/Program_Executable_Files/Wiz8.EXE,8acda50afe39f7e6a867272300a09463fd94aed9a510008fcdefc662143346e4,path,embedded-string,ascii,.cpp,E:\Wizardry 8\Engine Code\3d.cpp
Wiz8NetDemo.exe,installed/Program_Executable_Files/Wiz8.EXE,8acda50afe39f7e6a867272300a09463fd94aed9a510008fcdefc662143346e4,path,embedded-string,ascii,.cpp,E:\Wizardry 8\Engine Code\3dapi.cpp
Wiz8NetDemo.exe,installed/Program_Executable_Files/Wiz8.EXE,8acda50afe39f7e6a867272300a09463fd94aed9a510008fcdefc662143346e4,path,embedded-string,ascii,.cpp,E:\Wizardry 8\Engine Code\AmbientSound.cpp
Wiz8NetDemo.exe,installed/Program_Executable_Files/Wiz8.EXE,8acda50afe39f7e6a867272300a09463fd94aed9a510008fcdefc662143346e4,path,embedded-string,ascii,.cpp,E:\Wizardry 8\Engine Code\AniMesh.cpp
Wiz8NetDemo.exe,installed/Program_Executable_Files/Wiz8.EXE,8acda50afe39f7e6a867272300a09463fd94aed9a510008fcdefc662143346e4,path,embedded-string,ascii,.cpp,E:\Wizardry 8\Engine Code\AnimObj.cpp
Wiz8NetDemo.exe,installed/Program_Executable_Files/Wiz8.EXE,8acda50afe39f7e6a867272300a09463fd94aed9a510008fcdefc662143346e4,path,embedded-string,ascii,.cpp,E:\Wizardry 8\Engine Code\AnimRep.cpp
Wiz8NetDemo.exe,installed/Program_Executable_Files/Wiz8.EXE,8acda50afe39f7e6a867272300a09463fd94aed9a510008fcdefc662143346e4,path,embedded-string,ascii,.cpp,E:\Wizardry 8\Engine Code\Bink.cpp
Wiz8NetDemo.exe,installed/Program_Executable_Files/Wiz8.EXE,8acda50afe39f7e6a867272300a09463fd94aed9a510008fcdefc662143346e4,path,embedded-string,ascii,.cpp,E:\Wizardry 8\Engine Code\BitArray.cpp
Wiz8NetDemo.exe,installed/Program_Executable_Files/Wiz8.EXE,8acda50afe39f7e6a867272300a09463fd94aed9a510008fcdefc662143346e4,path,embedded-string,ascii,.cpp,E:\Wizardry 8\Engine Code\Camera.cpp
Wiz8NetDemo.exe,installed/Program_Executable_Files/Wiz8.EXE,8acda50afe39f7e6a867272300a09463fd94aed9a510008fcdefc662143346e4,path,embedded-string,ascii,.cpp,E:\Wizardry 8\Engine Code\Cursor3d.cpp
Wiz8NetDemo.exe,installed/Program_Executable_Files/Wiz8.EXE,8acda50afe39f7e6a867272300a09463fd94aed9a510008fcdefc662143346e4,path,embedded-string,ascii,.cpp,E:\Wizardry 8\Engine Code\Environment.cpp
Wiz8NetDemo.exe,installed/Program_Executable_Files/Wiz8.EXE,8acda50afe39f7e6a867272300a09463fd94aed9a510008fcdefc662143346e4,path,embedded-string,ascii,.cpp,E:\Wizardry 8\Engine Code\GameData.cpp
Wiz8NetDemo.exe,installed/Program_Executable_Files/Wiz8.EXE,8acda50afe39f7e6a867272300a09463fd94aed9a510008fcdefc662143346e4,path,embedded-string,ascii,.c,E:\Wizardry 8\Engine Code\gap.c
Wiz8NetDemo.exe,installed/Program_Executable_Files/Wiz8.EXE,8acda50afe39f7e6a867272300a09463fd94aed9a510008fcdefc662143346e4,path,embedded-string,ascii,.cpp,E:\Wizardry 8\Engine Code\GDCamera.cpp
Wiz8NetDemo.exe,installed/Program_Executable_Files/Wiz8.EXE,8acda50afe39f7e6a867272300a09463fd94aed9a510008fcdefc662143346e4,path,embedded-string,ascii,.cpp,E:\Wizardry 8\Engine Code\GDFileIO.cpp
Wiz8NetDemo.exe,installed/Program_Executable_Files/Wiz8.EXE,8acda50afe39f7e6a867272300a09463fd94aed9a510008fcdefc662143346e4,path,embedded-string,ascii,.cpp,E:\Wizardry 8\Engine Code\GDProp.cpp
Wiz8NetDemo.exe,installed/Program_Executable_Files/Wiz8.EXE,8acda50afe39f7e6a867272300a09463fd94aed9a510008fcdefc662143346e4,path,embedded-string,ascii,.cpp,E:\Wizardry 8\Engine Code\GrCycle.cpp
Wiz8NetDemo.exe,installed/Program_Executable_Files/Wiz8.EXE,8acda50afe39f7e6a867272300a09463fd94aed9a510008fcdefc662143346e4,path,embedded-string,ascii,.cpp,E:\Wizardry 8\Engine Code\GrObject.cpp
Wiz8NetDemo.exe,installed/Program_Executable_Files/Wiz8.EXE,8acda50afe39f7e6a867272300a09463fd94aed9a510008fcdefc662143346e4,path,embedded-string,ascii,.cpp,E:\Wizardry 8\Engine Code\Item.cpp
Wiz8NetDemo.exe,installed/Program_Executable_Files/Wiz8.EXE,8acda50afe39f7e6a867272300a09463fd94aed9a510008fcdefc662143346e4,path,embedded-string,ascii,.cpp,E:\Wizardry 8\Engine Code\LevelFile.cpp
Wiz8NetDemo.exe,installed/Program_Executable_Files/Wiz8.EXE,8acda50afe39f7e6a867272300a09463fd94aed9a510008fcdefc662143346e4,path,embedded-string,ascii,.cpp,E:\Wizardry 8\Engine Code\Levels.cpp
Wiz8NetDemo.exe,installed/Program_Executable_Files/Wiz8.EXE,8acda50afe39f7e6a867272300a09463fd94aed9a510008fcdefc662143346e4,path,embedded-string,ascii,.cpp,E:\Wizardry 8\Engine Code\materials.cpp
Wiz8NetDemo.exe,installed/Program_Executable_Files/Wiz8.EXE,8acda50afe39f7e6a867272300a09463fd94aed9a510008fcdefc662143346e4,path,embedded-string,ascii,.cpp,E:\Wizardry 8\Engine Code\Missile.cpp
Wiz8NetDemo.exe,installed/Program_Executable_Files/Wiz8.EXE,8acda50afe39f7e6a867272300a09463fd94aed9a510008fcdefc662143346e4,path,embedded-string,ascii,.cpp,E:\Wizardry 8\Engine Code\MonGen.cpp
Wiz8NetDemo.exe,installed/Program_Executable_Files/Wiz8.EXE,8acda50afe39f7e6a867272300a09463fd94aed9a510008fcdefc662143346e4,path,embedded-string,ascii,.cpp,E:\Wizardry 8\Engine Code\Monster.cpp
Wiz8NetDemo.exe,installed/Program_Executable_Files/Wiz8.EXE,8acda50afe39f7e6a867272300a09463fd94aed9a510008fcdefc662143346e4,path,embedded-string,ascii,.cpp,E:\Wizardry 8\Engine Code\Navigator.cpp
Wiz8NetDemo.exe,installed/Program_Executable_Files/Wiz8.EXE,8acda50afe39f7e6a867272300a09463fd94aed9a510008fcdefc662143346e4,path,embedded-string,ascii,.cpp,E:\Wizardry 8\Engine Code\OctBuildPreTree.cpp
Wiz8NetDemo.exe,installed/Program_Executable_Files/Wiz8.EXE,8acda50afe39f7e6a867272300a09463fd94aed9a510008fcdefc662143346e4,path,embedded-string,ascii,.cpp,E:\Wizardry 8\Engine Code\OctBuildTree.cpp
Wiz8NetDemo.exe,installed/Program_Executable_Files/Wiz8.EXE,8acda50afe39f7e6a867272300a09463fd94aed9a510008fcdefc662143346e4,path,embedded-string,ascii,.cpp,E:\Wizardry 8\Engine Code\OctPath.cpp
Wiz8NetDemo.exe,installed/Program_Executable_Files/Wiz8.EXE,8acda50afe39f7e6a867272300a09463fd94aed9a510008fcdefc662143346e4,path,embedded-string,ascii,.cpp,E:\Wizardry 8\Engine Code\OctPrePath.cpp
Wiz8NetDemo.exe,installed/Program_Executable_Files/Wiz8.EXE,8acda50afe39f7e6a867272300a09463fd94aed9a510008fcdefc662143346e4,path,embedded-string,ascii,.cpp,E:\Wizardry 8\Engine Code\OctPreTree.cpp
Wiz8NetDemo.exe,installed/Program_Executable_Files/Wiz8.EXE,8acda50afe39f7e6a867272300a09463fd94aed9a510008fcdefc662143346e4,path,embedded-string,ascii,.cpp,E:\Wizardry 8\Engine Code\Octree.cpp
Wiz8NetDemo.exe,installed/Program_Executable_Files/Wiz8.EXE,8acda50afe39f7e6a867272300a09463fd94aed9a510008fcdefc662143346e4,path,embedded-string,ascii,.cpp,E:\Wizardry 8\Engine Code\OctSubMesh.cpp
Wiz8NetDemo.exe,installed/Program_Executable_Files/Wiz8.EXE,8acda50afe39f7e6a867272300a09463fd94aed9a510008fcdefc662143346e4,path,embedded-string,ascii,.cpp,E:\Wizardry 8\Engine Code\PathAI.CPP
Wiz8NetDemo.exe,installed/Program_Executable_Files/Wiz8.EXE,8acda50afe39f7e6a867272300a09463fd94aed9a510008fcdefc662143346e4,path,embedded-string,ascii,.cpp,E:\Wizardry 8\Engine Code\PolyPick.cpp
Wiz8NetDemo.exe,installed/Program_Executable_Files/Wiz8.EXE,8acda50afe39f7e6a867272300a09463fd94aed9a510008fcdefc662143346e4,path,embedded-string,ascii,.cpp,E:\Wizardry 8\Engine Code\Prop.cpp
Wiz8NetDemo.exe,installed/Program_Executable_Files/Wiz8.EXE,8acda50afe39f7e6a867272300a09463fd94aed9a510008fcdefc662143346e4,path,embedded-string,ascii,.cpp,E:\Wizardry 8\Engine Code\quad.cpp
Wiz8NetDemo.exe,installed/Program_Executable_Files/Wiz8.EXE,8acda50afe39f7e6a867272300a09463fd94aed9a510008fcdefc662143346e4,path,embedded-string,ascii,.cpp,E:\Wizardry 8\Engine Code\Quality.cpp
Wiz8NetDemo.exe,installed/Program_Executable_Files/Wiz8.EXE,8acda50afe39f7e6a867272300a09463fd94aed9a510008fcdefc662143346e4,path,embedded-string,ascii,.cpp,E:\Wizardry 8\Engine Code\ReadLevel.cpp
Wiz8NetDemo.exe,installed/Program_Executable_Files/Wiz8.EXE,8acda50afe39f7e6a867272300a09463fd94aed9a510008fcdefc662143346e4,path,embedded-string,ascii,.cpp,E:\Wizardry 8\Engine Code\ReadMesh.cpp
Wiz8NetDemo.exe,installed/Program_Executable_Files/Wiz8.EXE,8acda50afe39f7e6a867272300a09463fd94aed9a510008fcdefc662143346e4,path,embedded-string,ascii,.cpp,E:\Wizardry 8\Engine Code\SoundEvent.cpp
Wiz8NetDemo.exe,installed/Program_Executable_Files/Wiz8.EXE,8acda50afe39f7e6a867272300a09463fd94aed9a510008fcdefc662143346e4,path,embedded-string,ascii,.cpp,E:\Wizardry 8\Engine Code\Spells.cpp
Wiz8NetDemo.exe,installed/Program_Executable_Files/Wiz8.EXE,8acda50afe39f7e6a867272300a09463fd94aed9a510008fcdefc662143346e4,path,embedded-string,ascii,.cpp,E:\Wizardry 8\Engine Code\stCube.cpp
Wiz8NetDemo.exe,installed/Program_Executable_Files/Wiz8.EXE,8acda50afe39f7e6a867272300a09463fd94aed9a510008fcdefc662143346e4,path,embedded-string,ascii,.cpp,E:\Wizardry 8\Engine Code\stMeshModel.cpp
Wiz8NetDemo.exe,installed/Program_Executable_Files/Wiz8.EXE,8acda50afe39f7e6a867272300a09463fd94aed9a510008fcdefc662143346e4,path,embedded-string,ascii,.cpp,E:\Wizardry 8\Engine Code\stModelInstance.cpp
Wiz8NetDemo.exe,installed/Program_Executable_Files/Wiz8.EXE,8acda50afe39f7e6a867272300a09463fd94aed9a510008fcdefc662143346e4,path,embedded-string,ascii,.cpp,E:\Wizardry 8\Engine Code\stParticle.cpp
Wiz8NetDemo.exe,installed/Program_Executable_Files/Wiz8.EXE,8acda50afe39f7e6a867272300a09463fd94aed9a510008fcdefc662143346e4,path,embedded-string,ascii,.cpp,E:\Wizardry 8\Engine Code\stScript.cpp
Wiz8NetDemo.exe,installed/Program_Executable_Files/Wiz8.EXE,8acda50afe39f7e6a867272300a09463fd94aed9a510008fcdefc662143346e4,path,embedded-string,ascii,.cpp,E:\Wizardry 8\Engine Code\Trigger.cpp
Wiz8NetDemo.exe,installed/Program_Executable_Files/Wiz8.EXE,8acda50afe39f7e6a867272300a09463fd94aed9a510008fcdefc662143346e4,path,embedded-string,ascii,.cpp,E:\Wizardry 8\Engine Code\UpdateMesh.cpp
Wiz8NetDemo.exe,installed/Program_Executable_Files/Wiz8.EXE,8acda50afe39f7e6a867272300a09463fd94aed9a510008fcdefc662143346e4,path,embedded-string,ascii,.cpp,E:\Wizardry 8\Engine Code\Video2.cpp
Wiz8NetDemo.exe,installed/Program_Executable_Files/Wiz8.EXE,8acda50afe39f7e6a867272300a09463fd94aed9a510008fcdefc662143346e4,path,embedded-string,ascii,.cpp,E:\Wizardry 8\Level Specific Code\Arnika.cpp
Wiz8NetDemo.exe,installed/Program_Executable_Files/Wiz8.EXE,8acda50afe39f7e6a867272300a09463fd94aed9a510008fcdefc662143346e4,path,embedded-string,ascii,.cpp,E:\Wizardry 8\Level Specific Code\Ascension.cpp
Wiz8NetDemo.exe,installed/Program_Executable_Files/Wiz8.EXE,8acda50afe39f7e6a867272300a09463fd94aed9a510008fcdefc662143346e4,path,embedded-string,ascii,.cpp,E:\Wizardry 8\Level Specific Code\Cosmic Circle.cpp
Wiz8NetDemo.exe,installed/Program_Executable_Files/Wiz8.EXE,8acda50afe39f7e6a867272300a09463fd94aed9a510008fcdefc662143346e4,path,embedded-string,ascii,.cpp,E:\Wizardry 8\Level Specific Code\MartensBluff1.cpp
Wiz8NetDemo.exe,installed/Program_Executable_Files/Wiz8.EXE,8acda50afe39f7e6a867272300a09463fd94aed9a510008fcdefc662143346e4,path,embedded-string,ascii,.cpp,E:\Wizardry 8\Level Specific Code\MartensBluff2.cpp
Wiz8NetDemo.exe,installed/Program_Executable_Files/Wiz8.EXE,8acda50afe39f7e6a867272300a09463fd94aed9a510008fcdefc662143346e4,path,embedded-string,ascii,.cpp,E:\Wizardry 8\Level Specific Code\MasterFunctionList.cpp
Wiz8NetDemo.exe,installed/Program_Executable_Files/Wiz8.EXE,8acda50afe39f7e6a867272300a09463fd94aed9a510008fcdefc662143346e4,path,embedded-string,ascii,.cpp,E:\Wizardry 8\Level Specific Code\Monastery2.cpp
Wiz8NetDemo.exe,installed/Program_Executable_Files/Wiz8.EXE,8acda50afe39f7e6a867272300a09463fd94aed9a510008fcdefc662143346e4,path,embedded-string,ascii,.cpp,E:\Wizardry 8\Level Specific Code\MtGigasOuter.cpp
Wiz8NetDemo.exe,installed/Program_Executable_Files/Wiz8.EXE,8acda50afe39f7e6a867272300a09463fd94aed9a510008fcdefc662143346e4,path,embedded-string,ascii,.cpp,E:\Wizardry 8\Level Specific Code\Rift1.cpp
Wiz8NetDemo.exe,installed/Program_Executable_Files/Wiz8.EXE,8acda50afe39f7e6a867272300a09463fd94aed9a510008fcdefc662143346e4,path,embedded-string,ascii,.cpp,E:\Wizardry 8\Level Specific Code\SeaCaves.cpp
Wiz8NetDemo.exe,installed/Program_Executable_Files/Wiz8.EXE,8acda50afe39f7e6a867272300a09463fd94aed9a510008fcdefc662143346e4,path,embedded-string,ascii,.cpp,E:\Wizardry 8\Level Specific Code\Swamp.cpp
Wiz8NetDemo.exe,installed/Program_Executable_Files/Wiz8.EXE,8acda50afe39f7e6a867272300a09463fd94aed9a510008fcdefc662143346e4,path,embedded-string,ascii,.cpp,E:\Wizardry 8\Level Specific Code\Trynnie1.cpp
Wiz8NetDemo.exe,installed/Program_Executable_Files/Wiz8.EXE,8acda50afe39f7e6a867272300a09463fd94aed9a510008fcdefc662143346e4,path,embedded-string,ascii,.cpp,E:\Wizardry 8\Level Specific Code\Trynnie2.cpp
Wiz8NetDemo.exe,installed/Program_Executable_Files/Wiz8.EXE,8acda50afe39f7e6a867272300a09463fd94aed9a510008fcdefc662143346e4,path,embedded-string,ascii,.cpp,E:\Wizardry 8\Local Code\ButtonSound.cpp
Wiz8NetDemo.exe,installed/Program_Executable_Files/Wiz8.EXE,8acda50afe39f7e6a867272300a09463fd94aed9a510008fcdefc662143346e4,path,embedded-string,ascii,.cpp,E:\Wizardry 8\Local Code\CharGeneration.cpp
Wiz8NetDemo.exe,installed/Program_Executable_Files/Wiz8.EXE,8acda50afe39f7e6a867272300a09463fd94aed9a510008fcdefc662143346e4,path,embedded-string,ascii,.cpp,E:\Wizardry 8\Local Code\chunk.cpp
Wiz8NetDemo.exe,installed/Program_Executable_Files/Wiz8.EXE,8acda50afe39f7e6a867272300a09463fd94aed9a510008fcdefc662143346e4,path,embedded-string,ascii,.cpp,E:\Wizardry 8\Local Code\Combat Attack.cpp
Wiz8NetDemo.exe,installed/Program_Executable_Files/Wiz8.EXE,8acda50afe39f7e6a867272300a09463fd94aed9a510008fcdefc662143346e4,path,embedded-string,ascii,.cpp,E:\Wizardry 8\Local Code\Combat Hostility.cpp
Wiz8NetDemo.exe,installed/Program_Executable_Files/Wiz8.EXE,8acda50afe39f7e6a867272300a09463fd94aed9a510008fcdefc662143346e4,path,embedded-string,ascii,.cpp,E:\Wizardry 8\Local Code\Combat Party Movement.cpp
Wiz8NetDemo.exe,installed/Program_Executable_Files/Wiz8.EXE,8acda50afe39f7e6a867272300a09463fd94aed9a510008fcdefc662143346e4,path,embedded-string,ascii,.cpp,E:\Wizardry 8\Local Code\Combat Range.cpp
Wiz8NetDemo.exe,installed/Program_Executable_Files/Wiz8.EXE,8acda50afe39f7e6a867272300a09463fd94aed9a510008fcdefc662143346e4,path,embedded-string,ascii,.cpp,E:\Wizardry 8\Local Code\Combat Sound.cpp
Wiz8NetDemo.exe,installed/Program_Executable_Files/Wiz8.EXE,8acda50afe39f7e6a867272300a09463fd94aed9a510008fcdefc662143346e4,path,embedded-string,ascii,.cpp,E:\Wizardry 8\Local Code\Combat.cpp
Wiz8NetDemo.exe,installed/Program_Executable_Files/Wiz8.EXE,8acda50afe39f7e6a867272300a09463fd94aed9a510008fcdefc662143346e4,path,embedded-string,ascii,.cpp,E:\Wizardry 8\Local Code\Conditions & Enchantments.cpp
Wiz8NetDemo.exe,installed/Program_Executable_Files/Wiz8.EXE,8acda50afe39f7e6a867272300a09463fd94aed9a510008fcdefc662143346e4,path,embedded-string,ascii,.cpp,E:\Wizardry 8\Local Code\Configuration.cpp
Wiz8NetDemo.exe,installed/Program_Executable_Files/Wiz8.EXE,8acda50afe39f7e6a867272300a09463fd94aed9a510008fcdefc662143346e4,path,embedded-string,ascii,.cpp,E:\Wizardry 8\Local Code\Controls.cpp
Wiz8NetDemo.exe,installed/Program_Executable_Files/Wiz8.EXE,8acda50afe39f7e6a867272300a09463fd94aed9a510008fcdefc662143346e4,path,embedded-string,ascii,.cpp,E:\Wizardry 8\Local Code\Factions.cpp
Wiz8NetDemo.exe,installed/Program_Executable_Files/Wiz8.EXE,8acda50afe39f7e6a867272300a09463fd94aed9a510008fcdefc662143346e4,path,embedded-string,ascii,.cpp,E:\Wizardry 8\Local Code\Formation & Facing.cpp
Wiz8NetDemo.exe,installed/Program_Executable_Files/Wiz8.EXE,8acda50afe39f7e6a867272300a09463fd94aed9a510008fcdefc662143346e4,path,embedded-string,ascii,.cpp,E:\Wizardry 8\Local Code\Game Difficulty.cpp
Wiz8NetDemo.exe,installed/Program_Executable_Files/Wiz8.EXE,8acda50afe39f7e6a867272300a09463fd94aed9a510008fcdefc662143346e4,path,embedded-string,ascii,.cpp,E:\Wizardry 8\Local Code\Gameloop.cpp
Wiz8NetDemo.exe,installed/Program_Executable_Files/Wiz8.EXE,8acda50afe39f7e6a867272300a09463fd94aed9a510008fcdefc662143346e4,path,embedded-string,ascii,.cpp,E:\Wizardry 8\Local Code\Gameplay Init.cpp
Wiz8NetDemo.exe,installed/Program_Executable_Files/Wiz8.EXE,8acda50afe39f7e6a867272300a09463fd94aed9a510008fcdefc662143346e4,path,embedded-string,ascii,.cpp,E:\Wizardry 8\Local Code\Gameplay Mods.cpp
Wiz8NetDemo.exe,installed/Program_Executable_Files/Wiz8.EXE,8acda50afe39f7e6a867272300a09463fd94aed9a510008fcdefc662143346e4,path,embedded-string,ascii,.cpp,E:\Wizardry 8\Local Code\GameplayCode.cpp
Wiz8NetDemo.exe,installed/Program_Executable_Files/Wiz8.EXE,8acda50afe39f7e6a867272300a09463fd94aed9a510008fcdefc662143346e4,path,embedded-string,ascii,.cpp,E:\Wizardry 8\Local Code\GameplayDatabase.cpp
Wiz8NetDemo.exe,installed/Program_Executable_Files/Wiz8.EXE,8acda50afe39f7e6a867272300a09463fd94aed9a510008fcdefc662143346e4,path,embedded-string,ascii,.cpp,E:\Wizardry 8\Local Code\GameplayTime.cpp
Wiz8NetDemo.exe,installed/Program_Executable_Files/Wiz8.EXE,8acda50afe39f7e6a867272300a09463fd94aed9a510008fcdefc662143346e4,path,embedded-string,ascii,.cpp,E:\Wizardry 8\Local Code\GroupAttacks.cpp
Wiz8NetDemo.exe,installed/Program_Executable_Files/Wiz8.EXE,8acda50afe39f7e6a867272300a09463fd94aed9a510008fcdefc662143346e4,path,embedded-string,ascii,.cpp,E:\Wizardry 8\Local Code\Health Stamina Mana.cpp
Wiz8NetDemo.exe,installed/Program_Executable_Files/Wiz8.EXE,8acda50afe39f7e6a867272300a09463fd94aed9a510008fcdefc662143346e4,path,embedded-string,ascii,.cpp,E:\Wizardry 8\Local Code\InputMapper.cpp
Wiz8NetDemo.exe,installed/Program_Executable_Files/Wiz8.EXE,8acda50afe39f7e6a867272300a09463fd94aed9a510008fcdefc662143346e4,path,embedded-string,ascii,.cpp,E:\Wizardry 8\Local Code\ItemManager.cpp
Wiz8NetDemo.exe,installed/Program_Executable_Files/Wiz8.EXE,8acda50afe39f7e6a867272300a09463fd94aed9a510008fcdefc662143346e4,path,embedded-string,ascii,.cpp,E:\Wizardry 8\Local Code\LoadSaveGame.cpp
Wiz8NetDemo.exe,installed/Program_Executable_Files/Wiz8.EXE,8acda50afe39f7e6a867272300a09463fd94aed9a510008fcdefc662143346e4,path,embedded-string,ascii,.cpp,E:\Wizardry 8\Local Code\Magic Effects.cpp
Wiz8NetDemo.exe,installed/Program_Executable_Files/Wiz8.EXE,8acda50afe39f7e6a867272300a09463fd94aed9a510008fcdefc662143346e4,path,embedded-string,ascii,.cpp,E:\Wizardry 8\Local Code\Magic.cpp
Wiz8NetDemo.exe,installed/Program_Executable_Files/Wiz8.EXE,8acda50afe39f7e6a867272300a09463fd94aed9a510008fcdefc662143346e4,path,embedded-string,ascii,.cpp,E:\Wizardry 8\Local Code\MonsterAI.cpp
Wiz8NetDemo.exe,installed/Program_Executable_Files/Wiz8.EXE,8acda50afe39f7e6a867272300a09463fd94aed9a510008fcdefc662143346e4,path,embedded-string,ascii,.cpp,E:\Wizardry 8\Local Code\MonsterGroup.cpp
Wiz8NetDemo.exe,installed/Program_Executable_Files/Wiz8.EXE,8acda50afe39f7e6a867272300a09463fd94aed9a510008fcdefc662143346e4,path,embedded-string,ascii,.cpp,E:\Wizardry 8\Local Code\MonsterManager.cpp
Wiz8NetDemo.exe,installed/Program_Executable_Files/Wiz8.EXE,8acda50afe39f7e6a867272300a09463fd94aed9a510008fcdefc662143346e4,path,embedded-string,ascii,.cpp,E:\Wizardry 8\Local Code\Noise.cpp
Wiz8NetDemo.exe,installed/Program_Executable_Files/Wiz8.EXE,8acda50afe39f7e6a867272300a09463fd94aed9a510008fcdefc662143346e4,path,embedded-string,ascii,.cpp,E:\Wizardry 8\Local Code\NPC Manager.cpp
Wiz8NetDemo.exe,installed/Program_Executable_Files/Wiz8.EXE,8acda50afe39f7e6a867272300a09463fd94aed9a510008fcdefc662143346e4,path,embedded-string,ascii,.cpp,E:\Wizardry 8\Local Code\NPC Scripting Facts.cpp
Wiz8NetDemo.exe,installed/Program_Executable_Files/Wiz8.EXE,8acda50afe39f7e6a867272300a09463fd94aed9a510008fcdefc662143346e4,path,embedded-string,ascii,.cpp,E:\Wizardry 8\Local Code\NPC Scripting.cpp
Wiz8NetDemo.exe,installed/Program_Executable_Files/Wiz8.EXE,8acda50afe39f7e6a867272300a09463fd94aed9a510008fcdefc662143346e4,path,embedded-string,ascii,.cpp,E:\Wizardry 8\Local Code\Party Import.cpp
Wiz8NetDemo.exe,installed/Program_Executable_Files/Wiz8.EXE,8acda50afe39f7e6a867272300a09463fd94aed9a510008fcdefc662143346e4,path,embedded-string,ascii,.cpp,E:\Wizardry 8\Local Code\PC Item.cpp
Wiz8NetDemo.exe,installed/Program_Executable_Files/Wiz8.EXE,8acda50afe39f7e6a867272300a09463fd94aed9a510008fcdefc662143346e4,path,embedded-string,ascii,.cpp,E:\Wizardry 8\Local Code\QuoteManager.cpp
Wiz8NetDemo.exe,installed/Program_Executable_Files/Wiz8.EXE,8acda50afe39f7e6a867272300a09463fd94aed9a510008fcdefc662143346e4,path,embedded-string,ascii,.cpp,E:\Wizardry 8\Local Code\RegionManager.cpp
Wiz8NetDemo.exe,installed/Program_Executable_Files/Wiz8.EXE,8acda50afe39f7e6a867272300a09463fd94aed9a510008fcdefc662143346e4,path,embedded-string,ascii,.cpp,E:\Wizardry 8\Local Code\search.cpp
Wiz8NetDemo.exe,installed/Program_Executable_Files/Wiz8.EXE,8acda50afe39f7e6a867272300a09463fd94aed9a510008fcdefc662143346e4,path,embedded-string,ascii,.cpp,E:\Wizardry 8\Local Code\Sight.cpp
Wiz8NetDemo.exe,installed/Program_Executable_Files/Wiz8.EXE,8acda50afe39f7e6a867272300a09463fd94aed9a510008fcdefc662143346e4,path,embedded-string,ascii,.cpp,E:\Wizardry 8\Local Code\Strings.cpp
Wiz8NetDemo.exe,installed/Program_Executable_Files/Wiz8.EXE,8acda50afe39f7e6a867272300a09463fd94aed9a510008fcdefc662143346e4,path,embedded-string,ascii,.cpp,E:\Wizardry 8\Local Code\Targeting.cpp
Wiz8NetDemo.exe,installed/Program_Executable_Files/Wiz8.EXE,8acda50afe39f7e6a867272300a09463fd94aed9a510008fcdefc662143346e4,path,embedded-string,ascii,.cpp,E:\Wizardry 8\Local Code\Test.cpp
Wiz8NetDemo.exe,installed/Program_Executable_Files/Wiz8.EXE,8acda50afe39f7e6a867272300a09463fd94aed9a510008fcdefc662143346e4,path,embedded-string,ascii,.cpp,E:\Wizardry 8\Local Code\ThingEditorShared.cpp
Wiz8NetDemo.exe,installed/Program_Executable_Files/Wiz8.EXE,8acda50afe39f7e6a867272300a09463fd94aed9a510008fcdefc662143346e4,path,embedded-string,ascii,.cpp,E:\Wizardry 8\Local Code\Traps.cpp
Wiz8NetDemo.exe,installed/Program_Executable_Files/Wiz8.EXE,8acda50afe39f7e6a867272300a09463fd94aed9a510008fcdefc662143346e4,path,embedded-string,ascii,.cpp,E:\Wizardry 8\Local Code\UtilityFunctions.cpp
Wiz8NetDemo.exe,installed/Program_Executable_Files/Wiz8.EXE,8acda50afe39f7e6a867272300a09463fd94aed9a510008fcdefc662143346e4,path,embedded-string,ascii,.cpp,E:\Wizardry 8\Local Code\VideoObjectManager.cpp
Wiz8NetDemo.exe,installed/Program_Executable_Files/Wiz8.EXE,8acda50afe39f7e6a867272300a09463fd94aed9a510008fcdefc662143346e4,path,embedded-string,ascii,.cpp,E:\Wizardry 8\Local Screens\AutomapScreen.cpp
Wiz8NetDemo.exe,installed/Program_Executable_Files/Wiz8.EXE,8acda50afe39f7e6a867272300a09463fd94aed9a510008fcdefc662143346e4,path,embedded-string,ascii,.cpp,E:\Wizardry 8\Local Screens\CGSSpellsPage.cpp
Wiz8NetDemo.exe,installed/Program_Executable_Files/Wiz8.EXE,8acda50afe39f7e6a867272300a09463fd94aed9a510008fcdefc662143346e4,path,embedded-string,ascii,.cpp,E:\Wizardry 8\Local Screens\CGSStatsPage.cpp
Wiz8NetDemo.exe,installed/Program_Executable_Files/Wiz8.EXE,8acda50afe39f7e6a867272300a09463fd94aed9a510008fcdefc662143346e4,path,embedded-string,ascii,.cpp,E:\Wizardry 8\Local Screens\IntroScreen.cpp
Wiz8NetDemo.exe,installed/Program_Executable_Files/Wiz8.EXE,8acda50afe39f7e6a867272300a09463fd94aed9a510008fcdefc662143346e4,path,embedded-string,ascii,.cpp,E:\Wizardry 8\Local Screens\MainGameScreen.cpp
Wiz8NetDemo.exe,installed/Program_Executable_Files/Wiz8.EXE,8acda50afe39f7e6a867272300a09463fd94aed9a510008fcdefc662143346e4,path,embedded-string,ascii,.cpp,E:\Wizardry 8\Local Screens\MainMenuScreen.cpp
Wiz8NetDemo.exe,installed/Program_Executable_Files/Wiz8.EXE,8acda50afe39f7e6a867272300a09463fd94aed9a510008fcdefc662143346e4,path,embedded-string,ascii,.cpp,E:\Wizardry 8\Local Screens\MGSButtons.cpp
Wiz8NetDemo.exe,installed/Program_Executable_Files/Wiz8.EXE,8acda50afe39f7e6a867272300a09463fd94aed9a510008fcdefc662143346e4,path,embedded-string,ascii,.cpp,E:\Wizardry 8\Local Screens\MGSFormation.cpp
Wiz8NetDemo.exe,installed/Program_Executable_Files/Wiz8.EXE,8acda50afe39f7e6a867272300a09463fd94aed9a510008fcdefc662143346e4,path,embedded-string,ascii,.cpp,E:\Wizardry 8\Local Screens\MGSKeyboard.cpp
Wiz8NetDemo.exe,installed/Program_Executable_Files/Wiz8.EXE,8acda50afe39f7e6a867272300a09463fd94aed9a510008fcdefc662143346e4,path,embedded-string,ascii,.cpp,E:\Wizardry 8\Local Screens\MGSPartyMovement.cpp
Wiz8NetDemo.exe,installed/Program_Executable_Files/Wiz8.EXE,8acda50afe39f7e6a867272300a09463fd94aed9a510008fcdefc662143346e4,path,embedded-string,ascii,.cpp,E:\Wizardry 8\Local Screens\MGSPortraitCombat.cpp
Wiz8NetDemo.exe,installed/Program_Executable_Files/Wiz8.EXE,8acda50afe39f7e6a867272300a09463fd94aed9a510008fcdefc662143346e4,path,embedded-string,ascii,.cpp,E:\Wizardry 8\Local Screens\MGSPortraits.cpp
Wiz8NetDemo.exe,installed/Program_Executable_Files/Wiz8.EXE,8acda50afe39f7e6a867272300a09463fd94aed9a510008fcdefc662143346e4,path,embedded-string,ascii,.cpp,E:\Wizardry 8\Local Screens\MGSRadarMap.cpp
Wiz8NetDemo.exe,installed/Program_Executable_Files/Wiz8.EXE,8acda50afe39f7e6a867272300a09463fd94aed9a510008fcdefc662143346e4,path,embedded-string,ascii,.cpp,E:\Wizardry 8\Local Screens\MGSSpellCasting.cpp
Wiz8NetDemo.exe,installed/Program_Executable_Files/Wiz8.EXE,8acda50afe39f7e6a867272300a09463fd94aed9a510008fcdefc662143346e4,path,embedded-string,ascii,.cpp,E:\Wizardry 8\Local Screens\MGSSpellIcons.cpp
Wiz8NetDemo.exe,installed/Program_Executable_Files/Wiz8.EXE,8acda50afe39f7e6a867272300a09463fd94aed9a510008fcdefc662143346e4,path,embedded-string,ascii,.cpp,E:\Wizardry 8\Local Screens\MGSTextBox.cpp
Wiz8NetDemo.exe,installed/Program_Executable_Files/Wiz8.EXE,8acda50afe39f7e6a867272300a09463fd94aed9a510008fcdefc662143346e4,path,embedded-string,ascii,.cpp,E:\Wizardry 8\Local Screens\MGSUseItemSelect.cpp
Wiz8NetDemo.exe,installed/Program_Executable_Files/Wiz8.EXE,8acda50afe39f7e6a867272300a09463fd94aed9a510008fcdefc662143346e4,path,embedded-string,ascii,.cpp,E:\Wizardry 8\Local Screens\mipe.cpp
Wiz8NetDemo.exe,installed/Program_Executable_Files/Wiz8.EXE,8acda50afe39f7e6a867272300a09463fd94aed9a510008fcdefc662143346e4,path,embedded-string,ascii,.cpp,E:\Wizardry 8\Local Screens\mipeEdit.cpp
Wiz8NetDemo.exe,installed/Program_Executable_Files/Wiz8.EXE,8acda50afe39f7e6a867272300a09463fd94aed9a510008fcdefc662143346e4,path,embedded-string,ascii,.cpp,E:\Wizardry 8\Local Screens\NPCInteractionSubscreen.cpp
Wiz8NetDemo.exe,installed/Program_Executable_Files/Wiz8.EXE,8acda50afe39f7e6a867272300a09463fd94aed9a510008fcdefc662143346e4,path,embedded-string,ascii,.cpp,E:\Wizardry 8\Local Screens\OptionsScreen.cpp
Wiz8NetDemo.exe,installed/Program_Executable_Files/Wiz8.EXE,8acda50afe39f7e6a867272300a09463fd94aed9a510008fcdefc662143346e4,path,embedded-string,ascii,.cpp,E:\Wizardry 8\Local Screens\PleaseWaitScreen.cpp
Wiz8NetDemo.exe,installed/Program_Executable_Files/Wiz8.EXE,8acda50afe39f7e6a867272300a09463fd94aed9a510008fcdefc662143346e4,path,embedded-string,ascii,.cpp,E:\Wizardry 8\Local Screens\RCSCommon.cpp
Wiz8NetDemo.exe,installed/Program_Executable_Files/Wiz8.EXE,8acda50afe39f7e6a867272300a09463fd94aed9a510008fcdefc662143346e4,path,embedded-string,ascii,.cpp,E:\Wizardry 8\Local Screens\RCSItemsPage.cpp
Wiz8NetDemo.exe,installed/Program_Executable_Files/Wiz8.EXE,8acda50afe39f7e6a867272300a09463fd94aed9a510008fcdefc662143346e4,path,embedded-string,ascii,.cpp,E:\Wizardry 8\Local Screens\RCSStatsPage.cpp
Wiz8NetDemo.exe,installed/Program_Executable_Files/Wiz8.EXE,8acda50afe39f7e6a867272300a09463fd94aed9a510008fcdefc662143346e4,path,embedded-string,ascii,.cpp,E:\Wizardry 8\Local Screens\ReviewCharacterScreen.cpp
Wiz8NetDemo.exe,installed/Program_Executable_Files/Wiz8.EXE,8acda50afe39f7e6a867272300a09463fd94aed9a510008fcdefc662143346e4,path,embedded-string,ascii,.cpp,E:\Wizardry 8\Local Screens\Screens.cpp
Wiz8NetDemo.exe,installed/Program_Executable_Files/Wiz8.EXE,8acda50afe39f7e6a867272300a09463fd94aed9a510008fcdefc662143346e4,path,embedded-string,ascii,.cpp,mimp.cpp
Wiz8NetDemo.exe,installed/Program_Executable_Files/Wiz8.EXE,8acda50afe39f7e6a867272300a09463fd94aed9a510008fcdefc662143346e4,path,embedded-string,ascii,.hpp,stHeap.hpp
Wiz8NetDemo.exe,installed/Program_Executable_Files/Wiz8.EXE,8acda50afe39f7e6a867272300a09463fd94aed9a510008fcdefc662143346e4,path,embedded-string,ascii,.hpp,stLight.hpp
Wiz8NetDemo.exe,installed/Program_Executable_Files/Wiz8.EXE,8acda50afe39f7e6a867272300a09463fd94aed9a510008fcdefc662143346e4,path,embedded-string,ascii,.hpp,Trigger.hpp
Wiz8NetDemo.exe,installed/Shared_Files/MSVCIRT.DLL,647f7534aaaedffa93534e4cb9b24bfcf91524828ff0364d88973be58139e255,path,codeview,ascii,.pdb,E:\8168\vc98\self\bin\x86\msvcirt.pdb
Wiz8NetDemo.exe,installed/Shared_Files/MSVCP60.DLL,2b6b93c2d66969eb00258e2b5ad6172decebada096e3b1b077a3380c80e4a072,path,codeview,ascii,.pdb,E:\8168\vc98\self\bin\x86\msvcp60.pdb
Wiz8NetDemo.exe,installed/Shared_Files/MSVCRT.DLL,d4287ab5e4988dfe99bd54243d50dbe8744094f11fe5f9809a1a6fb9728c2124,path,codeview,ascii,.pdb,E:\8337\vc98\self\bin\x86\msvcrt.pdb
Wiz8NetDemo.exe,installed/Shared_Files/MSVCRT.DLL,d4287ab5e4988dfe99bd54243d50dbe8744094f11fe5f9809a1a6fb9728c2124,path,embedded-string,ascii,.cpp,setnewh.cpp
Wiz8Patch2001_12_23_release.zip,3DSetup.exe,b440ee06a3aa03c4fa301dcaba6875a61488f0dee3d06386b721f4cbe0c11473,path,codeview,ascii,.pdb,C:\Projects\setup\Release\3DSetup.pdb
Wizardry8FanPatchV1.28Build6709.7z,Wizardry 8 Fan Patch/3DSetup1_28c.exe,0f6d35447fc7a2f579e8f8347e8c347fe22a8aba9a05769752933ffb4450010a,path,codeview,ascii,.pdb,C:\Projects\setup\Release\3DSetup.pdb
Wizardry8FanPatchV1.28Build6709.7z,Wizardry 8 Fan Patch/cfagent1.28.dll,5a801041a36b5acda9c7c754d27402d57a0407e86d64eff81397b7794ba5f6ba,path,embedded-string,ascii,.cpp,CFAgent.cpp
Wizardry8FanPatchV1.28Build6709.7z,Wizardry 8 Fan Patch/d3dim700.dll,ee11dc706b2f28eb7031dc2b4ad4801fb7aa6706300fccdc67f91822c1f77de4,compiler-command,embedded-string,ascii,,Intel(R) C/C++ Compiler Version 4.5 00015  : ..\ctxcreate.cpp : -Qvc6 -c -I.. -Iobj\i386 -ID:\BUILDS\NT32_FRE\MultiMedia\DirectX\dxg\d3d\dx7\tnl\inc -ID:\BUILDS\NT32_FRE\MultiMedia\DirectX\dxg\d3d\dx7\inc -ID:\BUILDS\NT32_FRE\MultiMedia\DirectX\dxg\d3d\dx7\fe -ID:\BUILDS\NT32_FRE\MultiMedia\DirectX\dxg\d3d\dx7\util -ID:\BUILDS\NT32_FRE\MultiMedia\DirectX\dxg\dd\ddraw\main -ID:\BUILDS\NT32_FRE\MultiMedia\DirectX\dxg\dd\ddraw\ddhelp -ID:\BUILDS\NT32_FRE\MultiMedia\DirectX\dxg\misc -ID:\BUILDS\NT32_FRE\MultiMedia\DirectX\dxg\inc -ID:\BUILDS\NT32_FRE\MultiMedia\DirectX\dxg\dd\ddraw\inc -ID:\BUILDS\NT32_FRE\MultiMedia\DirectX\inc -ID:\BUILDS\NT32_FRE\public\internal\windows\inc -ID:\BUILDS\NT32_FRE\public\internal\base\inc -ID:\BUILDS\NT32_FRE\public\sdk\inc\crt\iostreams -ID:\BUILDS\NT32_FRE\MultiMedia\DirectX\dxg\d3d\dx7\tnl -Iobj\i386 -ID:\BUILDS\NT32_FRE\MultiMedia\inc -ID:\BUILDS\NT32_FRE\MultiMedia\inc\obj\i386 -ID:\BUILDS\NT32_FRE\public\internal\MultiMedia\inc -ID:\BUILDS\NT32_FRE\public\oak\inc -ID:\BUILDS\NT32_FRE\public\sdk\inc -ID:\BUILDS\NT32_FRE\public\sdk\inc\crt -D_X86_=1 -Di386=1 -DCONDITION_HANDLING=1 -DNT_UP=1 -DNT_INST=0 -DWIN32=100 -D_NT1X_=100 -DWINNT=1 -D_WIN32_WINNT=0x0501 -DWINVER=0x0501 -D_WIN32_IE=0x0600 -DWIN32_LEAN_AND_MEAN=1 -DDEVL=1 -D__BUILDMACHINE__=DIRECTX -DFPO=1 -DNDEBUG -D_DLL=1 -D_MT=1 -DOFFICIAL_BUILD -DDIRECTX_REDIST=1 -DD3D -DMSBUILD -DIS_32 -DWIN32 -DWANT_ASM=0 -DNT -DWINNT -c -Ze -Zl -Gy -Gi- -Gm- -Gd -G6 -GX- -GR- -GF -GS -Fc -W0 -Ox -G6 -Qxi -mIPOPT_inline_max_total_stats=10000 -I..\..\..\proton4\include -Foobj\i386\ -Zt -Zm -Zp
Wizardry8FanPatchV1.28Build6709.7z,Wizardry 8 Fan Patch/d3dim700.dll,ee11dc706b2f28eb7031dc2b4ad4801fb7aa6706300fccdc67f91822c1f77de4,compiler-command,embedded-string,ascii,,Intel(R) C/C++ Compiler Version 4.5 00015  : ..\kclipper.cpp : -Qvc6 -c -I.. -Iobj\i386 -ID:\BUILDS\NT32_FRE\MultiMedia\DirectX\dxg\d3d\dx7\tnl\inc -ID:\BUILDS\NT32_FRE\MultiMedia\DirectX\dxg\d3d\dx7\inc -ID:\BUILDS\NT32_FRE\MultiMedia\DirectX\dxg\d3d\dx7\fe -ID:\BUILDS\NT32_FRE\MultiMedia\DirectX\dxg\d3d\dx7\util -ID:\BUILDS\NT32_FRE\MultiMedia\DirectX\dxg\dd\ddraw\main -ID:\BUILDS\NT32_FRE\MultiMedia\DirectX\dxg\dd\ddraw\ddhelp -ID:\BUILDS\NT32_FRE\MultiMedia\DirectX\dxg\misc -ID:\BUILDS\NT32_FRE\MultiMedia\DirectX\dxg\inc -ID:\BUILDS\NT32_FRE\MultiMedia\DirectX\dxg\dd\ddraw\inc -ID:\BUILDS\NT32_FRE\MultiMedia\DirectX\inc -ID:\BUILDS\NT32_FRE\public\internal\windows\inc -ID:\BUILDS\NT32_FRE\public\internal\base\inc -ID:\BUILDS\NT32_FRE\public\sdk\inc\crt\iostreams -ID:\BUILDS\NT32_FRE\MultiMedia\DirectX\dxg\d3d\dx7\tnl -Iobj\i386 -ID:\BUILDS\NT32_FRE\MultiMedia\inc -ID:\BUILDS\NT32_FRE\MultiMedia\inc\obj\i386 -ID:\BUILDS\NT32_FRE\public\internal\MultiMedia\inc -ID:\BUILDS\NT32_FRE\public\oak\inc -ID:\BUILDS\NT32_FRE\public\sdk\inc -ID:\BUILDS\NT32_FRE\public\sdk\inc\crt -D_X86_=1 -Di386=1 -DCONDITION_HANDLING=1 -DNT_UP=1 -DNT_INST=0 -DWIN32=100 -D_NT1X_=100 -DWINNT=1 -D_WIN32_WINNT=0x0501 -DWINVER=0x0501 -D_WIN32_IE=0x0600 -DWIN32_LEAN_AND_MEAN=1 -DDEVL=1 -D__BUILDMACHINE__=DIRECTX -DFPO=1 -DNDEBUG -D_DLL=1 -D_MT=1 -DOFFICIAL_BUILD -DDIRECTX_REDIST=1 -DD3D -DMSBUILD -DIS_32 -DWIN32 -DWANT_ASM=0 -DNT -DWINNT -c -Ze -Zl -Gy -Gi- -Gm- -Gd -G6 -GX- -GR- -GF -GS -Fc -W0 -Ox -G6 -Qxi -mIPOPT_inline_max_total_stats=10000 -I..\..\..\proton4\include -Foobj\i386\ -Zt -Zm -Zp
Wizardry8FanPatchV1.28Build6709.7z,Wizardry 8 Fan Patch/d3dim700.dll,ee11dc706b2f28eb7031dc2b4ad4801fb7aa6706300fccdc67f91822c1f77de4,compiler-command,embedded-string,ascii,,Intel(R) C/C++ Compiler Version 4.5 00015  : ..\kdpclip.cpp : -Qvc6 -c -I.. -Iobj\i386 -ID:\BUILDS\NT32_FRE\MultiMedia\DirectX\dxg\d3d\dx7\tnl\inc -ID:\BUILDS\NT32_FRE\MultiMedia\DirectX\dxg\d3d\dx7\inc -ID:\BUILDS\NT32_FRE\MultiMedia\DirectX\dxg\d3d\dx7\fe -ID:\BUILDS\NT32_FRE\MultiMedia\DirectX\dxg\d3d\dx7\util -ID:\BUILDS\NT32_FRE\MultiMedia\DirectX\dxg\dd\ddraw\main -ID:\BUILDS\NT32_FRE\MultiMedia\DirectX\dxg\dd\ddraw\ddhelp -ID:\BUILDS\NT32_FRE\MultiMedia\DirectX\dxg\misc -ID:\BUILDS\NT32_FRE\MultiMedia\DirectX\dxg\inc -ID:\BUILDS\NT32_FRE\MultiMedia\DirectX\dxg\dd\ddraw\inc -ID:\BUILDS\NT32_FRE\MultiMedia\DirectX\inc -ID:\BUILDS\NT32_FRE\public\internal\windows\inc -ID:\BUILDS\NT32_FRE\public\internal\base\inc -ID:\BUILDS\NT32_FRE\public\sdk\inc\crt\iostreams -ID:\BUILDS\NT32_FRE\MultiMedia\DirectX\dxg\d3d\dx7\tnl -Iobj\i386 -ID:\BUILDS\NT32_FRE\MultiMedia\inc -ID:\BUILDS\NT32_FRE\MultiMedia\inc\obj\i386 -ID:\BUILDS\NT32_FRE\public\internal\MultiMedia\inc -ID:\BUILDS\NT32_FRE\public\oak\inc -ID:\BUILDS\NT32_FRE\public\sdk\inc -ID:\BUILDS\NT32_FRE\public\sdk\inc\crt -D_X86_=1 -Di386=1 -DCONDITION_HANDLING=1 -DNT_UP=1 -DNT_INST=0 -DWIN32=100 -D_NT1X_=100 -DWINNT=1 -D_WIN32_WINNT=0x0501 -DWINVER=0x0501 -D_WIN32_IE=0x0600 -DWIN32_LEAN_AND_MEAN=1 -DDEVL=1 -D__BUILDMACHINE__=DIRECTX -DFPO=1 -DNDEBUG -D_DLL=1 -D_MT=1 -DOFFICIAL_BUILD -DDIRECTX_REDIST=1 -DD3D -DMSBUILD -DIS_32 -DWIN32 -DWANT_ASM=0 -DNT -DWINNT -c -Ze -Zl -Gy -Gi- -Gm- -Gd -G6 -GX- -GR- -GF -GS -Fc -W0 -Ox -G6 -Qxi -mIPOPT_inline_max_total_stats=10000 -I..\..\..\proton4\include -Foobj\i386\ -Zt -Zm -Zp
Wizardry8FanPatchV1.28Build6709.7z,Wizardry 8 Fan Patch/d3dim700.dll,ee11dc706b2f28eb7031dc2b4ad4801fb7aa6706300fccdc67f91822c1f77de4,compiler-command,embedded-string,ascii,,Intel(R) C/C++ Compiler Version 4.5 00015  : ..\kpvfuncs.cpp : -Qvc6 -c -I.. -Iobj\i386 -ID:\BUILDS\NT32_FRE\MultiMedia\DirectX\dxg\d3d\dx7\tnl\inc -ID:\BUILDS\NT32_FRE\MultiMedia\DirectX\dxg\d3d\dx7\inc -ID:\BUILDS\NT32_FRE\MultiMedia\DirectX\dxg\d3d\dx7\fe -ID:\BUILDS\NT32_FRE\MultiMedia\DirectX\dxg\d3d\dx7\util -ID:\BUILDS\NT32_FRE\MultiMedia\DirectX\dxg\dd\ddraw\main -ID:\BUILDS\NT32_FRE\MultiMedia\DirectX\dxg\dd\ddraw\ddhelp -ID:\BUILDS\NT32_FRE\MultiMedia\DirectX\dxg\misc -ID:\BUILDS\NT32_FRE\MultiMedia\DirectX\dxg\inc -ID:\BUILDS\NT32_FRE\MultiMedia\DirectX\dxg\dd\ddraw\inc -ID:\BUILDS\NT32_FRE\MultiMedia\DirectX\inc -ID:\BUILDS\NT32_FRE\public\internal\windows\inc -ID:\BUILDS\NT32_FRE\public\internal\base\inc -ID:\BUILDS\NT32_FRE\public\sdk\inc\crt\iostreams -ID:\BUILDS\NT32_FRE\MultiMedia\DirectX\dxg\d3d\dx7\tnl -Iobj\i386 -ID:\BUILDS\NT32_FRE\MultiMedia\inc -ID:\BUILDS\NT32_FRE\MultiMedia\inc\obj\i386 -ID:\BUILDS\NT32_FRE\public\internal\MultiMedia\inc -ID:\BUILDS\NT32_FRE\public\oak\inc -ID:\BUILDS\NT32_FRE\public\sdk\inc -ID:\BUILDS\NT32_FRE\public\sdk\inc\crt -D_X86_=1 -Di386=1 -DCONDITION_HANDLING=1 -DNT_UP=1 -DNT_INST=0 -DWIN32=100 -D_NT1X_=100 -DWINNT=1 -D_WIN32_WINNT=0x0501 -DWINVER=0x0501 -D_WIN32_IE=0x0600 -DWIN32_LEAN_AND_MEAN=1 -DDEVL=1 -D__BUILDMACHINE__=DIRECTX -DFPO=1 -DNDEBUG -D_DLL=1 -D_MT=1 -DOFFICIAL_BUILD -DDIRECTX_REDIST=1 -DD3D -DMSBUILD -DIS_32 -DWIN32 -DWANT_ASM=0 -DNT -DWINNT -c -Ze -Zl -Gy -Gi- -Gm- -Gd -G6 -GX- -GR- -GF -GS -Fc -W0 -Ox -G6 -Qxi -mIPOPT_inline_max_total_stats=10000 -I..\..\..\proton4\include -Foobj\i386\ -Zt -Zm -Zp
Wizardry8FanPatchV1.28Build6709.7z,Wizardry 8 Fan Patch/d3dim700.dll,ee11dc706b2f28eb7031dc2b4ad4801fb7aa6706300fccdc67f91822c1f77de4,compiler-command,embedded-string,ascii,,Intel(R) C/C++ Compiler Version 4.5 00015  : ..\procvers.cpp : -Qvc6 -c -I.. -Iobj\i386 -ID:\BUILDS\NT32_FRE\MultiMedia\DirectX\dxg\d3d\dx7\tnl\inc -ID:\BUILDS\NT32_FRE\MultiMedia\DirectX\dxg\d3d\dx7\inc -ID:\BUILDS\NT32_FRE\MultiMedia\DirectX\dxg\d3d\dx7\fe -ID:\BUILDS\NT32_FRE\MultiMedia\DirectX\dxg\d3d\dx7\util -ID:\BUILDS\NT32_FRE\MultiMedia\DirectX\dxg\dd\ddraw\main -ID:\BUILDS\NT32_FRE\MultiMedia\DirectX\dxg\dd\ddraw\ddhelp -ID:\BUILDS\NT32_FRE\MultiMedia\DirectX\dxg\misc -ID:\BUILDS\NT32_FRE\MultiMedia\DirectX\dxg\inc -ID:\BUILDS\NT32_FRE\MultiMedia\DirectX\dxg\dd\ddraw\inc -ID:\BUILDS\NT32_FRE\MultiMedia\DirectX\inc -ID:\BUILDS\NT32_FRE\public\internal\windows\inc -ID:\BUILDS\NT32_FRE\public\internal\base\inc -ID:\BUILDS\NT32_FRE\public\sdk\inc\crt\iostreams -ID:\BUILDS\NT32_FRE\MultiMedia\DirectX\dxg\d3d\dx7\tnl -Iobj\i386 -ID:\BUILDS\NT32_FRE\MultiMedia\inc -ID:\BUILDS\NT32_FRE\MultiMedia\inc\obj\i386 -ID:\BUILDS\NT32_FRE\public\internal\MultiMedia\inc -ID:\BUILDS\NT32_FRE\public\oak\inc -ID:\BUILDS\NT32_FRE\public\sdk\inc -ID:\BUILDS\NT32_FRE\public\sdk\inc\crt -D_X86_=1 -Di386=1 -DCONDITION_HANDLING=1 -DNT_UP=1 -DNT_INST=0 -DWIN32=100 -D_NT1X_=100 -DWINNT=1 -D_WIN32_WINNT=0x0501 -DWINVER=0x0501 -D_WIN32_IE=0x0600 -DWIN32_LEAN_AND_MEAN=1 -DDEVL=1 -D__BUILDMACHINE__=DIRECTX -DFPO=1 -DNDEBUG -D_DLL=1 -D_MT=1 -DOFFICIAL_BUILD -DDIRECTX_REDIST=1 -DD3D -DMSBUILD -DIS_32 -DWIN32 -DWANT_ASM=0 -DNT -DWINNT -c -Ze -Zl -Gy -Gi- -Gm- -Gd -G6 -GX- -GR- -GF -GS -Fc -W0 -Ox -G6 -Qxi -mIPOPT_inline_max_total_stats=10000 -I..\..\..\proton4\include -Foobj\i386\ -Zt -Zm -Zp
Wizardry8FanPatchV1.28Build6709.7z,Wizardry 8 Fan Patch/d3dim700.dll,ee11dc706b2f28eb7031dc2b4ad4801fb7aa6706300fccdc67f91822c1f77de4,compiler-command,embedded-string,ascii,,Intel(R) C/C++ Compiler Version 4.5 00015  : ..\scalarpipe.cpp : -Qvc6 -c -I.. -Iobj\i386 -ID:\BUILDS\NT32_FRE\MultiMedia\DirectX\dxg\d3d\dx7\tnl\inc -ID:\BUILDS\NT32_FRE\MultiMedia\DirectX\dxg\d3d\dx7\inc -ID:\BUILDS\NT32_FRE\MultiMedia\DirectX\dxg\d3d\dx7\fe -ID:\BUILDS\NT32_FRE\MultiMedia\DirectX\dxg\d3d\dx7\util -ID:\BUILDS\NT32_FRE\MultiMedia\DirectX\dxg\dd\ddraw\main -ID:\BUILDS\NT32_FRE\MultiMedia\DirectX\dxg\dd\ddraw\ddhelp -ID:\BUILDS\NT32_FRE\MultiMedia\DirectX\dxg\misc -ID:\BUILDS\NT32_FRE\MultiMedia\DirectX\dxg\inc -ID:\BUILDS\NT32_FRE\MultiMedia\DirectX\dxg\dd\ddraw\inc -ID:\BUILDS\NT32_FRE\MultiMedia\DirectX\inc -ID:\BUILDS\NT32_FRE\public\internal\windows\inc -ID:\BUILDS\NT32_FRE\public\internal\base\inc -ID:\BUILDS\NT32_FRE\public\sdk\inc\crt\iostreams -ID:\BUILDS\NT32_FRE\MultiMedia\DirectX\dxg\d3d\dx7\tnl -Iobj\i386 -ID:\BUILDS\NT32_FRE\MultiMedia\inc -ID:\BUILDS\NT32_FRE\MultiMedia\inc\obj\i386 -ID:\BUILDS\NT32_FRE\public\internal\MultiMedia\inc -ID:\BUILDS\NT32_FRE\public\oak\inc -ID:\BUILDS\NT32_FRE\public\sdk\inc -ID:\BUILDS\NT32_FRE\public\sdk\inc\crt -D_X86_=1 -Di386=1 -DCONDITION_HANDLING=1 -DNT_UP=1 -DNT_INST=0 -DWIN32=100 -D_NT1X_=100 -DWINNT=1 -D_WIN32_WINNT=0x0501 -DWINVER=0x0501 -D_WIN32_IE=0x0600 -DWIN32_LEAN_AND_MEAN=1 -DDEVL=1 -D__BUILDMACHINE__=DIRECTX -DFPO=1 -DNDEBUG -D_DLL=1 -D_MT=1 -DOFFICIAL_BUILD -DDIRECTX_REDIST=1 -DD3D -DMSBUILD -DIS_32 -DWIN32 -DWANT_ASM=0 -DNT -DWINNT -c -Ze -Zl -Gy -Gi- -Gm- -Gd -G6 -GX- -GR- -GF -GS -Fc -W0 -Ox -G6 -Qxi -mIPOPT_inline_max_total_stats=10000 -I..\..\..\proton4\include -Foobj\i386\ -Zt -Zm -Zp
Wizardry8FanPatchV1.28Build6709.7z,Wizardry 8 Fan Patch/d3dim700.dll,ee11dc706b2f28eb7031dc2b4ad4801fb7aa6706300fccdc67f91822c1f77de4,compiler-command,embedded-string,ascii,,Intel(R) C/C++ Compiler Version 4.5 00015  : ..\setup.cpp : -Qvc6 -c -I.. -Iobj\i386 -ID:\BUILDS\NT32_FRE\MultiMedia\DirectX\dxg\d3d\dx7\tnl\inc -ID:\BUILDS\NT32_FRE\MultiMedia\DirectX\dxg\d3d\dx7\inc -ID:\BUILDS\NT32_FRE\MultiMedia\DirectX\dxg\d3d\dx7\fe -ID:\BUILDS\NT32_FRE\MultiMedia\DirectX\dxg\d3d\dx7\util -ID:\BUILDS\NT32_FRE\MultiMedia\DirectX\dxg\dd\ddraw\main -ID:\BUILDS\NT32_FRE\MultiMedia\DirectX\dxg\dd\ddraw\ddhelp -ID:\BUILDS\NT32_FRE\MultiMedia\DirectX\dxg\misc -ID:\BUILDS\NT32_FRE\MultiMedia\DirectX\dxg\inc -ID:\BUILDS\NT32_FRE\MultiMedia\DirectX\dxg\dd\ddraw\inc -ID:\BUILDS\NT32_FRE\MultiMedia\DirectX\inc -ID:\BUILDS\NT32_FRE\public\internal\windows\inc -ID:\BUILDS\NT32_FRE\public\internal\base\inc -ID:\BUILDS\NT32_FRE\public\sdk\inc\crt\iostreams -ID:\BUILDS\NT32_FRE\MultiMedia\DirectX\dxg\d3d\dx7\tnl -Iobj\i386 -ID:\BUILDS\NT32_FRE\MultiMedia\inc -ID:\BUILDS\NT32_FRE\MultiMedia\inc\obj\i386 -ID:\BUILDS\NT32_FRE\public\internal\MultiMedia\inc -ID:\BUILDS\NT32_FRE\public\oak\inc -ID:\BUILDS\NT32_FRE\public\sdk\inc -ID:\BUILDS\NT32_FRE\public\sdk\inc\crt -D_X86_=1 -Di386=1 -DCONDITION_HANDLING=1 -DNT_UP=1 -DNT_INST=0 -DWIN32=100 -D_NT1X_=100 -DWINNT=1 -D_WIN32_WINNT=0x0501 -DWINVER=0x0501 -D_WIN32_IE=0x0600 -DWIN32_LEAN_AND_MEAN=1 -DDEVL=1 -D__BUILDMACHINE__=DIRECTX -DFPO=1 -DNDEBUG -D_DLL=1 -D_MT=1 -DOFFICIAL_BUILD -DDIRECTX_REDIST=1 -DD3D -DMSBUILD -DIS_32 -DWIN32 -DWANT_ASM=0 -DNT -DWINNT -c -Ze -Zl -Gy -Gi- -Gm- -Gd -G6 -GX- -GR- -GF -GS -Fc -W0 -Ox -G6 -Qxi -mIPOPT_inline_max_total_stats=10000 -I..\..\..\proton4\include -Foobj\i386\ -Zt -Zm -Zp
Wizardry8FanPatchV1.28Build6709.7z,Wizardry 8 Fan Patch/d3dim700.dll,ee11dc706b2f28eb7031dc2b4ad4801fb7aa6706300fccdc67f91822c1f77de4,compiler-command,embedded-string,ascii,,Intel(R) C/C++ Compiler Version 4.5 00015  : ..\soa.cpp : -Qvc6 -c -I.. -Iobj\i386 -ID:\BUILDS\NT32_FRE\MultiMedia\DirectX\dxg\d3d\dx7\tnl\inc -ID:\BUILDS\NT32_FRE\MultiMedia\DirectX\dxg\d3d\dx7\inc -ID:\BUILDS\NT32_FRE\MultiMedia\DirectX\dxg\d3d\dx7\fe -ID:\BUILDS\NT32_FRE\MultiMedia\DirectX\dxg\d3d\dx7\util -ID:\BUILDS\NT32_FRE\MultiMedia\DirectX\dxg\dd\ddraw\main -ID:\BUILDS\NT32_FRE\MultiMedia\DirectX\dxg\dd\ddraw\ddhelp -ID:\BUILDS\NT32_FRE\MultiMedia\DirectX\dxg\misc -ID:\BUILDS\NT32_FRE\MultiMedia\DirectX\dxg\inc -ID:\BUILDS\NT32_FRE\MultiMedia\DirectX\dxg\dd\ddraw\inc -ID:\BUILDS\NT32_FRE\MultiMedia\DirectX\inc -ID:\BUILDS\NT32_FRE\public\internal\windows\inc -ID:\BUILDS\NT32_FRE\public\internal\base\inc -ID:\BUILDS\NT32_FRE\public\sdk\inc\crt\iostreams -ID:\BUILDS\NT32_FRE\MultiMedia\DirectX\dxg\d3d\dx7\tnl -Iobj\i386 -ID:\BUILDS\NT32_FRE\MultiMedia\inc -ID:\BUILDS\NT32_FRE\MultiMedia\inc\obj\i386 -ID:\BUILDS\NT32_FRE\public\internal\MultiMedia\inc -ID:\BUILDS\NT32_FRE\public\oak\inc -ID:\BUILDS\NT32_FRE\public\sdk\inc -ID:\BUILDS\NT32_FRE\public\sdk\inc\crt -D_X86_=1 -Di386=1 -DCONDITION_HANDLING=1 -DNT_UP=1 -DNT_INST=0 -DWIN32=100 -D_NT1X_=100 -DWINNT=1 -D_WIN32_WINNT=0x0501 -DWINVER=0x0501 -D_WIN32_IE=0x0600 -DWIN32_LEAN_AND_MEAN=1 -DDEVL=1 -D__BUILDMACHINE__=DIRECTX -DFPO=1 -DNDEBUG -D_DLL=1 -D_MT=1 -DOFFICIAL_BUILD -DDIRECTX_REDIST=1 -DD3D -DMSBUILD -DIS_32 -DWIN32 -DWANT_ASM=0 -DNT -DWINNT -c -Ze -Zl -Gy -Gi- -Gm- -Gd -G6 -GX- -GR- -GF -GS -Fc -W0 -Ox -G6 -Qxi -mIPOPT_inline_max_total_stats=10000 -I..\..\..\proton4\include -Foobj\i386\ -Zt -Zm -Zp
Wizardry8FanPatchV1.28Build6709.7z,Wizardry 8 Fan Patch/d3dim700.dll,ee11dc706b2f28eb7031dc2b4ad4801fb7aa6706300fccdc67f91822c1f77de4,compiler-command,embedded-string,ascii,,Intel(R) C/C++ Compiler Version 4.5 00015  : ..\sp_pipe.cpp : -Qvc6 -c -I.. -Iobj\i386 -ID:\BUILDS\NT32_FRE\MultiMedia\DirectX\dxg\d3d\dx7\tnl\inc -ID:\BUILDS\NT32_FRE\MultiMedia\DirectX\dxg\d3d\dx7\inc -ID:\BUILDS\NT32_FRE\MultiMedia\DirectX\dxg\d3d\dx7\fe -ID:\BUILDS\NT32_FRE\MultiMedia\DirectX\dxg\d3d\dx7\util -ID:\BUILDS\NT32_FRE\MultiMedia\DirectX\dxg\dd\ddraw\main -ID:\BUILDS\NT32_FRE\MultiMedia\DirectX\dxg\dd\ddraw\ddhelp -ID:\BUILDS\NT32_FRE\MultiMedia\DirectX\dxg\misc -ID:\BUILDS\NT32_FRE\MultiMedia\DirectX\dxg\inc -ID:\BUILDS\NT32_FRE\MultiMedia\DirectX\dxg\dd\ddraw\inc -ID:\BUILDS\NT32_FRE\MultiMedia\DirectX\inc -ID:\BUILDS\NT32_FRE\public\internal\windows\inc -ID:\BUILDS\NT32_FRE\public\internal\base\inc -ID:\BUILDS\NT32_FRE\public\sdk\inc\crt\iostreams -ID:\BUILDS\NT32_FRE\MultiMedia\DirectX\dxg\d3d\dx7\tnl -Iobj\i386 -ID:\BUILDS\NT32_FRE\MultiMedia\inc -ID:\BUILDS\NT32_FRE\MultiMedia\inc\obj\i386 -ID:\BUILDS\NT32_FRE\public\internal\MultiMedia\inc -ID:\BUILDS\NT32_FRE\public\oak\inc -ID:\BUILDS\NT32_FRE\public\sdk\inc -ID:\BUILDS\NT32_FRE\public\sdk\inc\crt -D_X86_=1 -Di386=1 -DCONDITION_HANDLING=1 -DNT_UP=1 -DNT_INST=0 -DWIN32=100 -D_NT1X_=100 -DWINNT=1 -D_WIN32_WINNT=0x0501 -DWINVER=0x0501 -D_WIN32_IE=0x0600 -DWIN32_LEAN_AND_MEAN=1 -DDEVL=1 -D__BUILDMACHINE__=DIRECTX -DFPO=1 -DNDEBUG -D_DLL=1 -D_MT=1 -DOFFICIAL_BUILD -DDIRECTX_REDIST=1 -DD3D -DMSBUILD -DIS_32 -DWIN32 -DWANT_ASM=0 -DNT -DWINNT -c -Ze -Zl -Gy -Gi- -Gm- -Gd -G6 -GX- -GR- -GF -GS -Fc -W0 -Ox -G6 -Qxi -mIPOPT_inline_max_total_stats=10000 -I..\..\..\proton4\include -Foobj\i386\ -Zt -Zm -Zp
Wizardry8FanPatchV1.28Build6709.7z,Wizardry 8 Fan Patch/d3dim700.dll,ee11dc706b2f28eb7031dc2b4ad4801fb7aa6706300fccdc67f91822c1f77de4,compiler-command,embedded-string,ascii,,Intel(R) C/C++ Compiler Version 4.5 00015  : ..\texxform.cpp : -Qvc6 -c -I.. -Iobj\i386 -ID:\BUILDS\NT32_FRE\MultiMedia\DirectX\dxg\d3d\dx7\tnl\inc -ID:\BUILDS\NT32_FRE\MultiMedia\DirectX\dxg\d3d\dx7\inc -ID:\BUILDS\NT32_FRE\MultiMedia\DirectX\dxg\d3d\dx7\fe -ID:\BUILDS\NT32_FRE\MultiMedia\DirectX\dxg\d3d\dx7\util -ID:\BUILDS\NT32_FRE\MultiMedia\DirectX\dxg\dd\ddraw\main -ID:\BUILDS\NT32_FRE\MultiMedia\DirectX\dxg\dd\ddraw\ddhelp -ID:\BUILDS\NT32_FRE\MultiMedia\DirectX\dxg\misc -ID:\BUILDS\NT32_FRE\MultiMedia\DirectX\dxg\inc -ID:\BUILDS\NT32_FRE\MultiMedia\DirectX\dxg\dd\ddraw\inc -ID:\BUILDS\NT32_FRE\MultiMedia\DirectX\inc -ID:\BUILDS\NT32_FRE\public\internal\windows\inc -ID:\BUILDS\NT32_FRE\public\internal\base\inc -ID:\BUILDS\NT32_FRE\public\sdk\inc\crt\iostreams -ID:\BUILDS\NT32_FRE\MultiMedia\DirectX\dxg\d3d\dx7\tnl -Iobj\i386 -ID:\BUILDS\NT32_FRE\MultiMedia\inc -ID:\BUILDS\NT32_FRE\MultiMedia\inc\obj\i386 -ID:\BUILDS\NT32_FRE\public\internal\MultiMedia\inc -ID:\BUILDS\NT32_FRE\public\oak\inc -ID:\BUILDS\NT32_FRE\public\sdk\inc -ID:\BUILDS\NT32_FRE\public\sdk\inc\crt -D_X86_=1 -Di386=1 -DCONDITION_HANDLING=1 -DNT_UP=1 -DNT_INST=0 -DWIN32=100 -D_NT1X_=100 -DWINNT=1 -D_WIN32_WINNT=0x0501 -DWINVER=0x0501 -D_WIN32_IE=0x0600 -DWIN32_LEAN_AND_MEAN=1 -DDEVL=1 -D__BUILDMACHINE__=DIRECTX -DFPO=1 -DNDEBUG -D_DLL=1 -D_MT=1 -DOFFICIAL_BUILD -DDIRECTX_REDIST=1 -DD3D -DMSBUILD -DIS_32 -DWIN32 -DWANT_ASM=0 -DNT -DWINNT -c -Ze -Zl -Gy -Gi- -Gm- -Gd -G6 -GX- -GR- -GF -GS -Fc -W0 -Ox -G6 -Qxi -mIPOPT_inline_max_total_stats=10000 -I..\..\..\proton4\include -Foobj\i386\ -Zt -Zm -Zp
Wizardry8FanPatchV1.28Build6709.7z,Wizardry 8 Fan Patch/d3dim700.dll,ee11dc706b2f28eb7031dc2b4ad4801fb7aa6706300fccdc67f91822c1f77de4,path,embedded-string,ascii,.cpp,..\ctxcreate.cpp
Wizardry8FanPatchV1.28Build6709.7z,Wizardry 8 Fan Patch/d3dim700.dll,ee11dc706b2f28eb7031dc2b4ad4801fb7aa6706300fccdc67f91822c1f77de4,path,embedded-string,ascii,.cpp,..\kclipper.cpp
Wizardry8FanPatchV1.28Build6709.7z,Wizardry 8 Fan Patch/d3dim700.dll,ee11dc706b2f28eb7031dc2b4ad4801fb7aa6706300fccdc67f91822c1f77de4,path,embedded-string,ascii,.cpp,..\kdpclip.cpp
Wizardry8FanPatchV1.28Build6709.7z,Wizardry 8 Fan Patch/d3dim700.dll,ee11dc706b2f28eb7031dc2b4ad4801fb7aa6706300fccdc67f91822c1f77de4,path,embedded-string,ascii,.cpp,..\kpvfuncs.cpp
Wizardry8FanPatchV1.28Build6709.7z,Wizardry 8 Fan Patch/d3dim700.dll,ee11dc706b2f28eb7031dc2b4ad4801fb7aa6706300fccdc67f91822c1f77de4,path,embedded-string,ascii,.cpp,..\procvers.cpp
Wizardry8FanPatchV1.28Build6709.7z,Wizardry 8 Fan Patch/d3dim700.dll,ee11dc706b2f28eb7031dc2b4ad4801fb7aa6706300fccdc67f91822c1f77de4,path,embedded-string,ascii,.cpp,..\scalarpipe.cpp
Wizardry8FanPatchV1.28Build6709.7z,Wizardry 8 Fan Patch/d3dim700.dll,ee11dc706b2f28eb7031dc2b4ad4801fb7aa6706300fccdc67f91822c1f77de4,path,embedded-string,ascii,.cpp,..\setup.cpp
Wizardry8FanPatchV1.28Build6709.7z,Wizardry 8 Fan Patch/d3dim700.dll,ee11dc706b2f28eb7031dc2b4ad4801fb7aa6706300fccdc67f91822c1f77de4,path,embedded-string,ascii,.cpp,..\soa.cpp
Wizardry8FanPatchV1.28Build6709.7z,Wizardry 8 Fan Patch/d3dim700.dll,ee11dc706b2f28eb7031dc2b4ad4801fb7aa6706300fccdc67f91822c1f77de4,path,embedded-string,ascii,.cpp,..\sp_pipe.cpp
Wizardry8FanPatchV1.28Build6709.7z,Wizardry 8 Fan Patch/d3dim700.dll,ee11dc706b2f28eb7031dc2b4ad4801fb7aa6706300fccdc67f91822c1f77de4,path,embedded-string,ascii,.cpp,..\texxform.cpp
Wizardry8FanPatchV1.28Build6709.7z,Wizardry 8 Fan Patch/d3dim700.dll,ee11dc706b2f28eb7031dc2b4ad4801fb7aa6706300fccdc67f91822c1f77de4,path,embedded-string,ascii,.pdb,2_fre\multimedia\directx\dxg\d3d\dx7\link\daytona\obj\i386\d3dim700.pdb
Wizardry8FanPatchV1.28Build6709.7z,Wizardry 8 Fan Patch/d3dim700.dll,ee11dc706b2f28eb7031dc2b4ad4801fb7aa6706300fccdc67f91822c1f77de4,path,codeview,ascii,.pdb,d3dim700.pdb
Wizardry8FanPatchV1.28Build6709.7z,Wizardry 8 Fan Patch/d3dim700.dll,ee11dc706b2f28eb7031dc2b4ad4801fb7aa6706300fccdc67f91822c1f77de4,path,embedded-string,ascii,.cpp,d:\builds\nt32_fre\multimedia\directx\dxg\d3d\dx7\fe\d3ddev.cpp
Wizardry8FanPatchV1.28Build6709.7z,Wizardry 8 Fan Patch/d3dim700.dll,ee11dc706b2f28eb7031dc2b4ad4801fb7aa6706300fccdc67f91822c1f77de4,path,embedded-string,ascii,.cpp,d:\builds\nt32_fre\multimedia\directx\dxg\d3d\dx7\fe\devstate.cpp
Wizardry8FanPatchV1.28Build6709.7z,Wizardry 8 Fan Patch/d3dim700.dll,ee11dc706b2f28eb7031dc2b4ad4801fb7aa6706300fccdc67f91822c1f77de4,path,embedded-string,ascii,.cpp,d:\builds\nt32_fre\multimedia\directx\dxg\d3d\dx7\fe\dp2hal.cpp
Wizardry8FanPatchV1.28Build6709.7z,Wizardry 8 Fan Patch/d3dim700.dll,ee11dc706b2f28eb7031dc2b4ad4801fb7aa6706300fccdc67f91822c1f77de4,path,embedded-string,ascii,.cpp,d:\builds\nt32_fre\multimedia\directx\dxg\d3d\dx7\fe\drawprim.cpp
Wizardry8FanPatchV1.28Build6709.7z,Wizardry 8 Fan Patch/d3dim700.dll,ee11dc706b2f28eb7031dc2b4ad4801fb7aa6706300fccdc67f91822c1f77de4,path,embedded-string,ascii,.cpp,d:\builds\nt32_fre\multimedia\directx\dxg\d3d\dx7\fe\texman.cpp
Wizardry8FanPatchV1.28Build6709.7z,Wizardry 8 Fan Patch/d3dim700.dll,ee11dc706b2f28eb7031dc2b4ad4801fb7aa6706300fccdc67f91822c1f77de4,path,embedded-string,ascii,.cpp,d:\builds\nt32_fre\multimedia\directx\dxg\d3d\dx7\fe\tldevice.cpp
Wizardry8FanPatchV1.28Build6709.7z,Wizardry 8 Fan Patch/d3dim700.dll,ee11dc706b2f28eb7031dc2b4ad4801fb7aa6706300fccdc67f91822c1f77de4,path,embedded-string,ascii,.cpp,d:\builds\nt32_fre\multimedia\directx\dxg\d3d\dx7\fe\vertbuf.cpp
Wizardry8FanPatchV1.28Build6709.7z,Wizardry 8 Fan Patch/Dll/srDD_DirectX7_1.dll,bc309994fcc1bd9699064569b06ae6a7459bf607992a0efcc36510cd284f2f7f,path,codeview,ascii,.pdb,C:\srsdk1x\msvc6\obj\dd\DirectX7\Release\srDD_DirectX7.pdb
Wizardry8FanPatchV1.28Build6709.7z,Wizardry 8 Fan Patch/Dll/srDD_OpenGLa.dll,727d84ed2e4ec26e6b9fe2fe13a30e702b5ba2f2b6d199ddbdb78b57b9d58788,path,codeview,ascii,.pdb,C:\Projects\Wizardry 8\srsdk\msvc6\obj\dd\opengl\Release\srDD_OpenGL.pdb
Wizardry8FanPatchV1.28Build6709.7z,Wizardry 8 Fan Patch/sr.dll,fe47f633a51fe1675cfbe1c8ac2ef428de8cc31a332f7a6b6a416c83bb9e4b61,path,codeview,ascii,.pdb,D:\srsdk1x\msvc6\obj\sr\release\sr.pdb
Wizardry8FanPatchV1.28Build6709.7z,Wizardry 8 Fan Patch/sr.dll,fe47f633a51fe1675cfbe1c8ac2ef428de8cc31a332f7a6b6a416c83bb9e4b61,path,embedded-string,ascii,.cpp,D:\srsdk1x\sources\corelib\srClass.cpp
Wizardry8FanPatchV1.28Build6709.7z,Wizardry 8 Fan Patch/sr.dll,fe47f633a51fe1675cfbe1c8ac2ef428de8cc31a332f7a6b6a416c83bb9e4b61,path,embedded-string,ascii,.cpp,D:\srsdk1x\sources\corelib\srFog.cpp
Wizardry8FanPatchV1.28Build6709.7z,Wizardry 8 Fan Patch/sr.dll,fe47f633a51fe1675cfbe1c8ac2ef428de8cc31a332f7a6b6a416c83bb9e4b61,path,embedded-string,ascii,.cpp,D:\srsdk1x\sources\corelib\srMaterial.cpp
Wizardry8FanPatchV1.28Build6709.7z,Wizardry 8 Fan Patch/sr.dll,fe47f633a51fe1675cfbe1c8ac2ef428de8cc31a332f7a6b6a416c83bb9e4b61,path,embedded-string,ascii,.cpp,D:\srsdk1x\sources\corelib\srMeshModel.cpp
Wizardry8FanPatchV1.28Build6709.7z,Wizardry 8 Fan Patch/sr.dll,fe47f633a51fe1675cfbe1c8ac2ef428de8cc31a332f7a6b6a416c83bb9e4b61,path,embedded-string,ascii,.cpp,D:\srsdk1x\sources\corelib\srRuntimeClass.cpp
Wizardry8FanPatchV1.28Build6709.7z,Wizardry 8 Fan Patch/Wiz8_v128.exe,fdca6d9cd0940034191e82b8e2900de26bb25e381c74128dcb8967360a9fb824,path,embedded-string,ascii,.hpp,AnimRep.hpp
Wizardry8FanPatchV1.28Build6709.7z,Wizardry 8 Fan Patch/Wiz8_v128.exe,fdca6d9cd0940034191e82b8e2900de26bb25e381c74128dcb8967360a9fb824,path,embedded-string,ascii,.c,C:\Projects\SGP\DirectDraw Calls.c
Wizardry8FanPatchV1.28Build6709.7z,Wizardry 8 Fan Patch/Wiz8_v128.exe,fdca6d9cd0940034191e82b8e2900de26bb25e381c74128dcb8967360a9fb824,path,embedded-string,ascii,.cpp,C:\Projects\Wizardry 8\3D Code\IList.cpp
Wizardry8FanPatchV1.28Build6709.7z,Wizardry 8 Fan Patch/Wiz8_v128.exe,fdca6d9cd0940034191e82b8e2900de26bb25e381c74128dcb8967360a9fb824,path,embedded-string,ascii,.cpp,C:\Projects\Wizardry 8\3D Code\PList.cpp
Wizardry8FanPatchV1.28Build6709.7z,Wizardry 8 Fan Patch/Wiz8_v128.exe,fdca6d9cd0940034191e82b8e2900de26bb25e381c74128dcb8967360a9fb824,path,embedded-string,ascii,.cpp,C:\Projects\Wizardry 8\Dialog Code\AssayDialog.cpp
Wizardry8FanPatchV1.28Build6709.7z,Wizardry 8 Fan Patch/Wiz8_v128.exe,fdca6d9cd0940034191e82b8e2900de26bb25e381c74128dcb8967360a9fb824,path,embedded-string,ascii,.cpp,C:\Projects\Wizardry 8\Dialog Code\DialogInterface.cpp
Wizardry8FanPatchV1.28Build6709.7z,Wizardry 8 Fan Patch/Wiz8_v128.exe,fdca6d9cd0940034191e82b8e2900de26bb25e381c74128dcb8967360a9fb824,path,embedded-string,ascii,.cpp,C:\Projects\Wizardry 8\Dialog Code\MonsterInfoDialog.cpp
Wizardry8FanPatchV1.28Build6709.7z,Wizardry 8 Fan Patch/Wiz8_v128.exe,fdca6d9cd0940034191e82b8e2900de26bb25e381c74128dcb8967360a9fb824,path,embedded-string,ascii,.cpp,C:\Projects\Wizardry 8\Dialog Code\ProfRaceInfoDialog.cpp
Wizardry8FanPatchV1.28Build6709.7z,Wizardry 8 Fan Patch/Wiz8_v128.exe,fdca6d9cd0940034191e82b8e2900de26bb25e381c74128dcb8967360a9fb824,path,embedded-string,ascii,.cpp,C:\Projects\Wizardry 8\Dialog Code\SpellInfoDialog.cpp
Wizardry8FanPatchV1.28Build6709.7z,Wizardry 8 Fan Patch/Wiz8_v128.exe,fdca6d9cd0940034191e82b8e2900de26bb25e381c74128dcb8967360a9fb824,path,embedded-string,ascii,.cpp,C:\Projects\Wizardry 8\Dialog Code\StatInfoDialogs.cpp
Wizardry8FanPatchV1.28Build6709.7z,Wizardry 8 Fan Patch/Wiz8_v128.exe,fdca6d9cd0940034191e82b8e2900de26bb25e381c74128dcb8967360a9fb824,path,embedded-string,ascii,.cpp,C:\Projects\Wizardry 8\Dialog Code\stButton.cpp
Wizardry8FanPatchV1.28Build6709.7z,Wizardry 8 Fan Patch/Wiz8_v128.exe,fdca6d9cd0940034191e82b8e2900de26bb25e381c74128dcb8967360a9fb824,path,embedded-string,ascii,.cpp,C:\Projects\Wizardry 8\Dialog Code\stListBox.cpp
Wizardry8FanPatchV1.28Build6709.7z,Wizardry 8 Fan Patch/Wiz8_v128.exe,fdca6d9cd0940034191e82b8e2900de26bb25e381c74128dcb8967360a9fb824,path,embedded-string,ascii,.cpp,C:\Projects\Wizardry 8\Dialog Code\stMessageDialog.cpp
Wizardry8FanPatchV1.28Build6709.7z,Wizardry 8 Fan Patch/Wiz8_v128.exe,fdca6d9cd0940034191e82b8e2900de26bb25e381c74128dcb8967360a9fb824,path,embedded-string,ascii,.cpp,C:\Projects\Wizardry 8\Engine Code\3d.cpp
Wizardry8FanPatchV1.28Build6709.7z,Wizardry 8 Fan Patch/Wiz8_v128.exe,fdca6d9cd0940034191e82b8e2900de26bb25e381c74128dcb8967360a9fb824,path,embedded-string,ascii,.cpp,C:\Projects\Wizardry 8\Engine Code\3dapi.cpp
Wizardry8FanPatchV1.28Build6709.7z,Wizardry 8 Fan Patch/Wiz8_v128.exe,fdca6d9cd0940034191e82b8e2900de26bb25e381c74128dcb8967360a9fb824,path,embedded-string,ascii,.cpp,C:\Projects\Wizardry 8\Engine Code\AmbientSound.cpp
Wizardry8FanPatchV1.28Build6709.7z,Wizardry 8 Fan Patch/Wiz8_v128.exe,fdca6d9cd0940034191e82b8e2900de26bb25e381c74128dcb8967360a9fb824,path,embedded-string,ascii,.cpp,C:\Projects\Wizardry 8\Engine Code\AniMesh.cpp
Wizardry8FanPatchV1.28Build6709.7z,Wizardry 8 Fan Patch/Wiz8_v128.exe,fdca6d9cd0940034191e82b8e2900de26bb25e381c74128dcb8967360a9fb824,path,embedded-string,ascii,.cpp,C:\Projects\Wizardry 8\Engine Code\AnimObj.cpp
Wizardry8FanPatchV1.28Build6709.7z,Wizardry 8 Fan Patch/Wiz8_v128.exe,fdca6d9cd0940034191e82b8e2900de26bb25e381c74128dcb8967360a9fb824,path,embedded-string,ascii,.cpp,C:\Projects\Wizardry 8\Engine Code\AnimRep.cpp
Wizardry8FanPatchV1.28Build6709.7z,Wizardry 8 Fan Patch/Wiz8_v128.exe,fdca6d9cd0940034191e82b8e2900de26bb25e381c74128dcb8967360a9fb824,path,embedded-string,ascii,.cpp,C:\Projects\Wizardry 8\Engine Code\Bink.cpp
Wizardry8FanPatchV1.28Build6709.7z,Wizardry 8 Fan Patch/Wiz8_v128.exe,fdca6d9cd0940034191e82b8e2900de26bb25e381c74128dcb8967360a9fb824,path,embedded-string,ascii,.cpp,C:\Projects\Wizardry 8\Engine Code\BitArray.cpp
Wizardry8FanPatchV1.28Build6709.7z,Wizardry 8 Fan Patch/Wiz8_v128.exe,fdca6d9cd0940034191e82b8e2900de26bb25e381c74128dcb8967360a9fb824,path,embedded-string,ascii,.cpp,C:\Projects\Wizardry 8\Engine Code\Camera.cpp
Wizardry8FanPatchV1.28Build6709.7z,Wizardry 8 Fan Patch/Wiz8_v128.exe,fdca6d9cd0940034191e82b8e2900de26bb25e381c74128dcb8967360a9fb824,path,embedded-string,ascii,.cpp,C:\Projects\Wizardry 8\Engine Code\Cursor3d.cpp
Wizardry8FanPatchV1.28Build6709.7z,Wizardry 8 Fan Patch/Wiz8_v128.exe,fdca6d9cd0940034191e82b8e2900de26bb25e381c74128dcb8967360a9fb824,path,embedded-string,ascii,.cpp,C:\Projects\Wizardry 8\Engine Code\Environment.cpp
Wizardry8FanPatchV1.28Build6709.7z,Wizardry 8 Fan Patch/Wiz8_v128.exe,fdca6d9cd0940034191e82b8e2900de26bb25e381c74128dcb8967360a9fb824,path,embedded-string,ascii,.cpp,C:\Projects\Wizardry 8\Engine Code\GameData.cpp
Wizardry8FanPatchV1.28Build6709.7z,Wizardry 8 Fan Patch/Wiz8_v128.exe,fdca6d9cd0940034191e82b8e2900de26bb25e381c74128dcb8967360a9fb824,path,embedded-string,ascii,.cpp,C:\Projects\Wizardry 8\Engine Code\GDFileIO.cpp
Wizardry8FanPatchV1.28Build6709.7z,Wizardry 8 Fan Patch/Wiz8_v128.exe,fdca6d9cd0940034191e82b8e2900de26bb25e381c74128dcb8967360a9fb824,path,embedded-string,ascii,.cpp,C:\Projects\Wizardry 8\Engine Code\GDProp.cpp
Wizardry8FanPatchV1.28Build6709.7z,Wizardry 8 Fan Patch/Wiz8_v128.exe,fdca6d9cd0940034191e82b8e2900de26bb25e381c74128dcb8967360a9fb824,path,embedded-string,ascii,.cpp,C:\Projects\Wizardry 8\Engine Code\GrCycle.cpp
Wizardry8FanPatchV1.28Build6709.7z,Wizardry 8 Fan Patch/Wiz8_v128.exe,fdca6d9cd0940034191e82b8e2900de26bb25e381c74128dcb8967360a9fb824,path,embedded-string,ascii,.cpp,C:\Projects\Wizardry 8\Engine Code\GrObject.cpp
Wizardry8FanPatchV1.28Build6709.7z,Wizardry 8 Fan Patch/Wiz8_v128.exe,fdca6d9cd0940034191e82b8e2900de26bb25e381c74128dcb8967360a9fb824,path,embedded-string,ascii,.cpp,C:\Projects\Wizardry 8\Engine Code\Item.cpp
Wizardry8FanPatchV1.28Build6709.7z,Wizardry 8 Fan Patch/Wiz8_v128.exe,fdca6d9cd0940034191e82b8e2900de26bb25e381c74128dcb8967360a9fb824,path,embedded-string,ascii,.cpp,C:\Projects\Wizardry 8\Engine Code\LevelFile.cpp
Wizardry8FanPatchV1.28Build6709.7z,Wizardry 8 Fan Patch/Wiz8_v128.exe,fdca6d9cd0940034191e82b8e2900de26bb25e381c74128dcb8967360a9fb824,path,embedded-string,ascii,.cpp,C:\Projects\Wizardry 8\Engine Code\Levels.cpp
Wizardry8FanPatchV1.28Build6709.7z,Wizardry 8 Fan Patch/Wiz8_v128.exe,fdca6d9cd0940034191e82b8e2900de26bb25e381c74128dcb8967360a9fb824,path,embedded-string,ascii,.cpp,C:\Projects\Wizardry 8\Engine Code\materials.cpp
Wizardry8FanPatchV1.28Build6709.7z,Wizardry 8 Fan Patch/Wiz8_v128.exe,fdca6d9cd0940034191e82b8e2900de26bb25e381c74128dcb8967360a9fb824,path,embedded-string,ascii,.cpp,C:\Projects\Wizardry 8\Engine Code\Missile.cpp
Wizardry8FanPatchV1.28Build6709.7z,Wizardry 8 Fan Patch/Wiz8_v128.exe,fdca6d9cd0940034191e82b8e2900de26bb25e381c74128dcb8967360a9fb824,path,embedded-string,ascii,.cpp,C:\Projects\Wizardry 8\Engine Code\MonGen.cpp
Wizardry8FanPatchV1.28Build6709.7z,Wizardry 8 Fan Patch/Wiz8_v128.exe,fdca6d9cd0940034191e82b8e2900de26bb25e381c74128dcb8967360a9fb824,path,embedded-string,ascii,.cpp,C:\Projects\Wizardry 8\Engine Code\Monster.cpp
Wizardry8FanPatchV1.28Build6709.7z,Wizardry 8 Fan Patch/Wiz8_v128.exe,fdca6d9cd0940034191e82b8e2900de26bb25e381c74128dcb8967360a9fb824,path,embedded-string,ascii,.cpp,C:\Projects\Wizardry 8\Engine Code\Navigator.cpp
Wizardry8FanPatchV1.28Build6709.7z,Wizardry 8 Fan Patch/Wiz8_v128.exe,fdca6d9cd0940034191e82b8e2900de26bb25e381c74128dcb8967360a9fb824,path,embedded-string,ascii,.cpp,C:\Projects\Wizardry 8\Engine Code\OctBuildPreTree.cpp
Wizardry8FanPatchV1.28Build6709.7z,Wizardry 8 Fan Patch/Wiz8_v128.exe,fdca6d9cd0940034191e82b8e2900de26bb25e381c74128dcb8967360a9fb824,path,embedded-string,ascii,.cpp,C:\Projects\Wizardry 8\Engine Code\OctBuildTree.cpp
Wizardry8FanPatchV1.28Build6709.7z,Wizardry 8 Fan Patch/Wiz8_v128.exe,fdca6d9cd0940034191e82b8e2900de26bb25e381c74128dcb8967360a9fb824,path,embedded-string,ascii,.cpp,C:\Projects\Wizardry 8\Engine Code\OctPath.cpp
Wizardry8FanPatchV1.28Build6709.7z,Wizardry 8 Fan Patch/Wiz8_v128.exe,fdca6d9cd0940034191e82b8e2900de26bb25e381c74128dcb8967360a9fb824,path,embedded-string,ascii,.cpp,C:\Projects\Wizardry 8\Engine Code\OctPrePath.cpp
Wizardry8FanPatchV1.28Build6709.7z,Wizardry 8 Fan Patch/Wiz8_v128.exe,fdca6d9cd0940034191e82b8e2900de26bb25e381c74128dcb8967360a9fb824,path,embedded-string,ascii,.cpp,C:\Projects\Wizardry 8\Engine Code\OctPreTree.cpp
Wizardry8FanPatchV1.28Build6709.7z,Wizardry 8 Fan Patch/Wiz8_v128.exe,fdca6d9cd0940034191e82b8e2900de26bb25e381c74128dcb8967360a9fb824,path,embedded-string,ascii,.cpp,C:\Projects\Wizardry 8\Engine Code\Octree.cpp
Wizardry8FanPatchV1.28Build6709.7z,Wizardry 8 Fan Patch/Wiz8_v128.exe,fdca6d9cd0940034191e82b8e2900de26bb25e381c74128dcb8967360a9fb824,path,embedded-string,ascii,.cpp,C:\Projects\Wizardry 8\Engine Code\OctSubMesh.cpp
Wizardry8FanPatchV1.28Build6709.7z,Wizardry 8 Fan Patch/Wiz8_v128.exe,fdca6d9cd0940034191e82b8e2900de26bb25e381c74128dcb8967360a9fb824,path,embedded-string,ascii,.cpp,C:\Projects\Wizardry 8\Engine Code\PathAI.CPP
Wizardry8FanPatchV1.28Build6709.7z,Wizardry 8 Fan Patch/Wiz8_v128.exe,fdca6d9cd0940034191e82b8e2900de26bb25e381c74128dcb8967360a9fb824,path,embedded-string,ascii,.cpp,C:\Projects\Wizardry 8\Engine Code\Prop.cpp
Wizardry8FanPatchV1.28Build6709.7z,Wizardry 8 Fan Patch/Wiz8_v128.exe,fdca6d9cd0940034191e82b8e2900de26bb25e381c74128dcb8967360a9fb824,path,embedded-string,ascii,.cpp,C:\Projects\Wizardry 8\Engine Code\quad.cpp
Wizardry8FanPatchV1.28Build6709.7z,Wizardry 8 Fan Patch/Wiz8_v128.exe,fdca6d9cd0940034191e82b8e2900de26bb25e381c74128dcb8967360a9fb824,path,embedded-string,ascii,.cpp,C:\Projects\Wizardry 8\Engine Code\Quality.cpp
Wizardry8FanPatchV1.28Build6709.7z,Wizardry 8 Fan Patch/Wiz8_v128.exe,fdca6d9cd0940034191e82b8e2900de26bb25e381c74128dcb8967360a9fb824,path,embedded-string,ascii,.cpp,C:\Projects\Wizardry 8\Engine Code\ReadLevel.cpp
Wizardry8FanPatchV1.28Build6709.7z,Wizardry 8 Fan Patch/Wiz8_v128.exe,fdca6d9cd0940034191e82b8e2900de26bb25e381c74128dcb8967360a9fb824,path,embedded-string,ascii,.cpp,C:\Projects\Wizardry 8\Engine Code\ReadMesh.cpp
Wizardry8FanPatchV1.28Build6709.7z,Wizardry 8 Fan Patch/Wiz8_v128.exe,fdca6d9cd0940034191e82b8e2900de26bb25e381c74128dcb8967360a9fb824,path,embedded-string,ascii,.cpp,C:\Projects\Wizardry 8\Engine Code\SoundEvent.cpp
Wizardry8FanPatchV1.28Build6709.7z,Wizardry 8 Fan Patch/Wiz8_v128.exe,fdca6d9cd0940034191e82b8e2900de26bb25e381c74128dcb8967360a9fb824,path,embedded-string,ascii,.cpp,C:\Projects\Wizardry 8\Engine Code\Spells.cpp
Wizardry8FanPatchV1.28Build6709.7z,Wizardry 8 Fan Patch/Wiz8_v128.exe,fdca6d9cd0940034191e82b8e2900de26bb25e381c74128dcb8967360a9fb824,path,embedded-string,ascii,.cpp,C:\Projects\Wizardry 8\Engine Code\stCube.cpp
Wizardry8FanPatchV1.28Build6709.7z,Wizardry 8 Fan Patch/Wiz8_v128.exe,fdca6d9cd0940034191e82b8e2900de26bb25e381c74128dcb8967360a9fb824,path,embedded-string,ascii,.cpp,C:\Projects\Wizardry 8\Engine Code\stMeshModel.cpp
Wizardry8FanPatchV1.28Build6709.7z,Wizardry 8 Fan Patch/Wiz8_v128.exe,fdca6d9cd0940034191e82b8e2900de26bb25e381c74128dcb8967360a9fb824,path,embedded-string,ascii,.cpp,C:\Projects\Wizardry 8\Engine Code\stModelInstance.cpp
Wizardry8FanPatchV1.28Build6709.7z,Wizardry 8 Fan Patch/Wiz8_v128.exe,fdca6d9cd0940034191e82b8e2900de26bb25e381c74128dcb8967360a9fb824,path,embedded-string,ascii,.cpp,C:\Projects\Wizardry 8\Engine Code\stParticle.cpp
Wizardry8FanPatchV1.28Build6709.7z,Wizardry 8 Fan Patch/Wiz8_v128.exe,fdca6d9cd0940034191e82b8e2900de26bb25e381c74128dcb8967360a9fb824,path,embedded-string,ascii,.cpp,C:\Projects\Wizardry 8\Engine Code\stScript.cpp
Wizardry8FanPatchV1.28Build6709.7z,Wizardry 8 Fan Patch/Wiz8_v128.exe,fdca6d9cd0940034191e82b8e2900de26bb25e381c74128dcb8967360a9fb824,path,embedded-string,ascii,.cpp,C:\Projects\Wizardry 8\Engine Code\Trigger.cpp
Wizardry8FanPatchV1.28Build6709.7z,Wizardry 8 Fan Patch/Wiz8_v128.exe,fdca6d9cd0940034191e82b8e2900de26bb25e381c74128dcb8967360a9fb824,path,embedded-string,ascii,.cpp,C:\Projects\Wizardry 8\Engine Code\UpdateMesh.cpp
Wizardry8FanPatchV1.28Build6709.7z,Wizardry 8 Fan Patch/Wiz8_v128.exe,fdca6d9cd0940034191e82b8e2900de26bb25e381c74128dcb8967360a9fb824,path,embedded-string,ascii,.cpp,C:\Projects\Wizardry 8\Engine Code\Video2.cpp
Wizardry8FanPatchV1.28Build6709.7z,Wizardry 8 Fan Patch/Wiz8_v128.exe,fdca6d9cd0940034191e82b8e2900de26bb25e381c74128dcb8967360a9fb824,path,embedded-string,ascii,.cpp,C:\Projects\Wizardry 8\Level Specific Code\Arnika.cpp
Wizardry8FanPatchV1.28Build6709.7z,Wizardry 8 Fan Patch/Wiz8_v128.exe,fdca6d9cd0940034191e82b8e2900de26bb25e381c74128dcb8967360a9fb824,path,embedded-string,ascii,.cpp,C:\Projects\Wizardry 8\Level Specific Code\Ascension.cpp
Wizardry8FanPatchV1.28Build6709.7z,Wizardry 8 Fan Patch/Wiz8_v128.exe,fdca6d9cd0940034191e82b8e2900de26bb25e381c74128dcb8967360a9fb824,path,embedded-string,ascii,.cpp,C:\Projects\Wizardry 8\Level Specific Code\Cosmic Circle.cpp
Wizardry8FanPatchV1.28Build6709.7z,Wizardry 8 Fan Patch/Wiz8_v128.exe,fdca6d9cd0940034191e82b8e2900de26bb25e381c74128dcb8967360a9fb824,path,embedded-string,ascii,.cpp,C:\Projects\Wizardry 8\Level Specific Code\MartensBluff1.cpp
Wizardry8FanPatchV1.28Build6709.7z,Wizardry 8 Fan Patch/Wiz8_v128.exe,fdca6d9cd0940034191e82b8e2900de26bb25e381c74128dcb8967360a9fb824,path,embedded-string,ascii,.cpp,C:\Projects\Wizardry 8\Level Specific Code\MartensBluff2.cpp
Wizardry8FanPatchV1.28Build6709.7z,Wizardry 8 Fan Patch/Wiz8_v128.exe,fdca6d9cd0940034191e82b8e2900de26bb25e381c74128dcb8967360a9fb824,path,embedded-string,ascii,.cpp,C:\Projects\Wizardry 8\Level Specific Code\MasterFunctionList.cpp
Wizardry8FanPatchV1.28Build6709.7z,Wizardry 8 Fan Patch/Wiz8_v128.exe,fdca6d9cd0940034191e82b8e2900de26bb25e381c74128dcb8967360a9fb824,path,embedded-string,ascii,.cpp,C:\Projects\Wizardry 8\Level Specific Code\Monastery2.cpp
Wizardry8FanPatchV1.28Build6709.7z,Wizardry 8 Fan Patch/Wiz8_v128.exe,fdca6d9cd0940034191e82b8e2900de26bb25e381c74128dcb8967360a9fb824,path,embedded-string,ascii,.cpp,C:\Projects\Wizardry 8\Level Specific Code\MtGigasOuter.cpp
Wizardry8FanPatchV1.28Build6709.7z,Wizardry 8 Fan Patch/Wiz8_v128.exe,fdca6d9cd0940034191e82b8e2900de26bb25e381c74128dcb8967360a9fb824,path,embedded-string,ascii,.cpp,C:\Projects\Wizardry 8\Level Specific Code\Rift1.cpp
Wizardry8FanPatchV1.28Build6709.7z,Wizardry 8 Fan Patch/Wiz8_v128.exe,fdca6d9cd0940034191e82b8e2900de26bb25e381c74128dcb8967360a9fb824,path,embedded-string,ascii,.cpp,C:\Projects\Wizardry 8\Level Specific Code\SeaCaves.cpp
Wizardry8FanPatchV1.28Build6709.7z,Wizardry 8 Fan Patch/Wiz8_v128.exe,fdca6d9cd0940034191e82b8e2900de26bb25e381c74128dcb8967360a9fb824,path,embedded-string,ascii,.cpp,C:\Projects\Wizardry 8\Level Specific Code\Swamp.cpp
Wizardry8FanPatchV1.28Build6709.7z,Wizardry 8 Fan Patch/Wiz8_v128.exe,fdca6d9cd0940034191e82b8e2900de26bb25e381c74128dcb8967360a9fb824,path,embedded-string,ascii,.cpp,C:\Projects\Wizardry 8\Level Specific Code\Trynnie1.cpp
Wizardry8FanPatchV1.28Build6709.7z,Wizardry 8 Fan Patch/Wiz8_v128.exe,fdca6d9cd0940034191e82b8e2900de26bb25e381c74128dcb8967360a9fb824,path,embedded-string,ascii,.cpp,C:\Projects\Wizardry 8\Level Specific Code\Trynnie2.cpp
Wizardry8FanPatchV1.28Build6709.7z,Wizardry 8 Fan Patch/Wiz8_v128.exe,fdca6d9cd0940034191e82b8e2900de26bb25e381c74128dcb8967360a9fb824,path,embedded-string,ascii,.cpp,C:\Projects\Wizardry 8\Local Code\ButtonSound.cpp
Wizardry8FanPatchV1.28Build6709.7z,Wizardry 8 Fan Patch/Wiz8_v128.exe,fdca6d9cd0940034191e82b8e2900de26bb25e381c74128dcb8967360a9fb824,path,embedded-string,ascii,.cpp,C:\Projects\Wizardry 8\Local Code\CharGeneration.cpp
Wizardry8FanPatchV1.28Build6709.7z,Wizardry 8 Fan Patch/Wiz8_v128.exe,fdca6d9cd0940034191e82b8e2900de26bb25e381c74128dcb8967360a9fb824,path,embedded-string,ascii,.cpp,C:\Projects\Wizardry 8\Local Code\chunk.cpp
Wizardry8FanPatchV1.28Build6709.7z,Wizardry 8 Fan Patch/Wiz8_v128.exe,fdca6d9cd0940034191e82b8e2900de26bb25e381c74128dcb8967360a9fb824,path,embedded-string,ascii,.cpp,C:\Projects\Wizardry 8\Local Code\Combat Attack.cpp
Wizardry8FanPatchV1.28Build6709.7z,Wizardry 8 Fan Patch/Wiz8_v128.exe,fdca6d9cd0940034191e82b8e2900de26bb25e381c74128dcb8967360a9fb824,path,embedded-string,ascii,.cpp,C:\Projects\Wizardry 8\Local Code\Combat Hostility.cpp
Wizardry8FanPatchV1.28Build6709.7z,Wizardry 8 Fan Patch/Wiz8_v128.exe,fdca6d9cd0940034191e82b8e2900de26bb25e381c74128dcb8967360a9fb824,path,embedded-string,ascii,.cpp,C:\Projects\Wizardry 8\Local Code\Combat Party Movement.cpp
Wizardry8FanPatchV1.28Build6709.7z,Wizardry 8 Fan Patch/Wiz8_v128.exe,fdca6d9cd0940034191e82b8e2900de26bb25e381c74128dcb8967360a9fb824,path,embedded-string,ascii,.cpp,C:\Projects\Wizardry 8\Local Code\Combat Range.cpp
Wizardry8FanPatchV1.28Build6709.7z,Wizardry 8 Fan Patch/Wiz8_v128.exe,fdca6d9cd0940034191e82b8e2900de26bb25e381c74128dcb8967360a9fb824,path,embedded-string,ascii,.cpp,C:\Projects\Wizardry 8\Local Code\Combat Sound.cpp
Wizardry8FanPatchV1.28Build6709.7z,Wizardry 8 Fan Patch/Wiz8_v128.exe,fdca6d9cd0940034191e82b8e2900de26bb25e381c74128dcb8967360a9fb824,path,embedded-string,ascii,.cpp,C:\Projects\Wizardry 8\Local Code\Combat.cpp
Wizardry8FanPatchV1.28Build6709.7z,Wizardry 8 Fan Patch/Wiz8_v128.exe,fdca6d9cd0940034191e82b8e2900de26bb25e381c74128dcb8967360a9fb824,path,embedded-string,ascii,.cpp,C:\Projects\Wizardry 8\Local Code\Conditions & Enchantments.cpp
Wizardry8FanPatchV1.28Build6709.7z,Wizardry 8 Fan Patch/Wiz8_v128.exe,fdca6d9cd0940034191e82b8e2900de26bb25e381c74128dcb8967360a9fb824,path,embedded-string,ascii,.cpp,C:\Projects\Wizardry 8\Local Code\Configuration.cpp
Wizardry8FanPatchV1.28Build6709.7z,Wizardry 8 Fan Patch/Wiz8_v128.exe,fdca6d9cd0940034191e82b8e2900de26bb25e381c74128dcb8967360a9fb824,path,embedded-string,ascii,.cpp,C:\Projects\Wizardry 8\Local Code\Controls.cpp
Wizardry8FanPatchV1.28Build6709.7z,Wizardry 8 Fan Patch/Wiz8_v128.exe,fdca6d9cd0940034191e82b8e2900de26bb25e381c74128dcb8967360a9fb824,path,embedded-string,ascii,.cpp,C:\Projects\Wizardry 8\Local Code\Factions.cpp
Wizardry8FanPatchV1.28Build6709.7z,Wizardry 8 Fan Patch/Wiz8_v128.exe,fdca6d9cd0940034191e82b8e2900de26bb25e381c74128dcb8967360a9fb824,path,embedded-string,ascii,.cpp,C:\Projects\Wizardry 8\Local Code\Formation & Facing.cpp
Wizardry8FanPatchV1.28Build6709.7z,Wizardry 8 Fan Patch/Wiz8_v128.exe,fdca6d9cd0940034191e82b8e2900de26bb25e381c74128dcb8967360a9fb824,path,embedded-string,ascii,.cpp,C:\Projects\Wizardry 8\Local Code\Gameloop.cpp
Wizardry8FanPatchV1.28Build6709.7z,Wizardry 8 Fan Patch/Wiz8_v128.exe,fdca6d9cd0940034191e82b8e2900de26bb25e381c74128dcb8967360a9fb824,path,embedded-string,ascii,.cpp,C:\Projects\Wizardry 8\Local Code\Gameplay Mods.cpp
Wizardry8FanPatchV1.28Build6709.7z,Wizardry 8 Fan Patch/Wiz8_v128.exe,fdca6d9cd0940034191e82b8e2900de26bb25e381c74128dcb8967360a9fb824,path,embedded-string,ascii,.cpp,C:\Projects\Wizardry 8\Local Code\GameplayCode.cpp
Wizardry8FanPatchV1.28Build6709.7z,Wizardry 8 Fan Patch/Wiz8_v128.exe,fdca6d9cd0940034191e82b8e2900de26bb25e381c74128dcb8967360a9fb824,path,embedded-string,ascii,.cpp,C:\Projects\Wizardry 8\Local Code\GameplayDatabase.cpp
Wizardry8FanPatchV1.28Build6709.7z,Wizardry 8 Fan Patch/Wiz8_v128.exe,fdca6d9cd0940034191e82b8e2900de26bb25e381c74128dcb8967360a9fb824,path,embedded-string,ascii,.cpp,C:\Projects\Wizardry 8\Local Code\GameplayTime.cpp
Wizardry8FanPatchV1.28Build6709.7z,Wizardry 8 Fan Patch/Wiz8_v128.exe,fdca6d9cd0940034191e82b8e2900de26bb25e381c74128dcb8967360a9fb824,path,embedded-string,ascii,.cpp,C:\Projects\Wizardry 8\Local Code\GroupAttacks.cpp
Wizardry8FanPatchV1.28Build6709.7z,Wizardry 8 Fan Patch/Wiz8_v128.exe,fdca6d9cd0940034191e82b8e2900de26bb25e381c74128dcb8967360a9fb824,path,embedded-string,ascii,.cpp,C:\Projects\Wizardry 8\Local Code\Health Stamina Mana.cpp
Wizardry8FanPatchV1.28Build6709.7z,Wizardry 8 Fan Patch/Wiz8_v128.exe,fdca6d9cd0940034191e82b8e2900de26bb25e381c74128dcb8967360a9fb824,path,embedded-string,ascii,.cpp,C:\Projects\Wizardry 8\Local Code\InputMapper.cpp
Wizardry8FanPatchV1.28Build6709.7z,Wizardry 8 Fan Patch/Wiz8_v128.exe,fdca6d9cd0940034191e82b8e2900de26bb25e381c74128dcb8967360a9fb824,path,embedded-string,ascii,.cpp,C:\Projects\Wizardry 8\Local Code\ItemManager.cpp
Wizardry8FanPatchV1.28Build6709.7z,Wizardry 8 Fan Patch/Wiz8_v128.exe,fdca6d9cd0940034191e82b8e2900de26bb25e381c74128dcb8967360a9fb824,path,embedded-string,ascii,.cpp,C:\Projects\Wizardry 8\Local Code\LoadSaveGame.cpp
Wizardry8FanPatchV1.28Build6709.7z,Wizardry 8 Fan Patch/Wiz8_v128.exe,fdca6d9cd0940034191e82b8e2900de26bb25e381c74128dcb8967360a9fb824,path,embedded-string,ascii,.cpp,C:\Projects\Wizardry 8\Local Code\Magic Effects.cpp
Wizardry8FanPatchV1.28Build6709.7z,Wizardry 8 Fan Patch/Wiz8_v128.exe,fdca6d9cd0940034191e82b8e2900de26bb25e381c74128dcb8967360a9fb824,path,embedded-string,ascii,.cpp,C:\Projects\Wizardry 8\Local Code\Magic.cpp
Wizardry8FanPatchV1.28Build6709.7z,Wizardry 8 Fan Patch/Wiz8_v128.exe,fdca6d9cd0940034191e82b8e2900de26bb25e381c74128dcb8967360a9fb824,path,embedded-string,ascii,.cpp,C:\Projects\Wizardry 8\Local Code\MonsterAI.cpp
Wizardry8FanPatchV1.28Build6709.7z,Wizardry 8 Fan Patch/Wiz8_v128.exe,fdca6d9cd0940034191e82b8e2900de26bb25e381c74128dcb8967360a9fb824,path,embedded-string,ascii,.cpp,C:\Projects\Wizardry 8\Local Code\MonsterGroup.cpp
Wizardry8FanPatchV1.28Build6709.7z,Wizardry 8 Fan Patch/Wiz8_v128.exe,fdca6d9cd0940034191e82b8e2900de26bb25e381c74128dcb8967360a9fb824,path,embedded-string,ascii,.cpp,C:\Projects\Wizardry 8\Local Code\MonsterManager.cpp
Wizardry8FanPatchV1.28Build6709.7z,Wizardry 8 Fan Patch/Wiz8_v128.exe,fdca6d9cd0940034191e82b8e2900de26bb25e381c74128dcb8967360a9fb824,path,embedded-string,ascii,.cpp,C:\Projects\Wizardry 8\Local Code\Noise.cpp
Wizardry8FanPatchV1.28Build6709.7z,Wizardry 8 Fan Patch/Wiz8_v128.exe,fdca6d9cd0940034191e82b8e2900de26bb25e381c74128dcb8967360a9fb824,path,embedded-string,ascii,.cpp,C:\Projects\Wizardry 8\Local Code\NPC Manager.cpp
Wizardry8FanPatchV1.28Build6709.7z,Wizardry 8 Fan Patch/Wiz8_v128.exe,fdca6d9cd0940034191e82b8e2900de26bb25e381c74128dcb8967360a9fb824,path,embedded-string,ascii,.cpp,C:\Projects\Wizardry 8\Local Code\NPC Scripting Facts.cpp
Wizardry8FanPatchV1.28Build6709.7z,Wizardry 8 Fan Patch/Wiz8_v128.exe,fdca6d9cd0940034191e82b8e2900de26bb25e381c74128dcb8967360a9fb824,path,embedded-string,ascii,.cpp,C:\Projects\Wizardry 8\Local Code\NPC Scripting.cpp
Wizardry8FanPatchV1.28Build6709.7z,Wizardry 8 Fan Patch/Wiz8_v128.exe,fdca6d9cd0940034191e82b8e2900de26bb25e381c74128dcb8967360a9fb824,path,embedded-string,ascii,.cpp,C:\Projects\Wizardry 8\Local Code\Party Import.cpp
Wizardry8FanPatchV1.28Build6709.7z,Wizardry 8 Fan Patch/Wiz8_v128.exe,fdca6d9cd0940034191e82b8e2900de26bb25e381c74128dcb8967360a9fb824,path,embedded-string,ascii,.cpp,C:\Projects\Wizardry 8\Local Code\PC Item.cpp
Wizardry8FanPatchV1.28Build6709.7z,Wizardry 8 Fan Patch/Wiz8_v128.exe,fdca6d9cd0940034191e82b8e2900de26bb25e381c74128dcb8967360a9fb824,path,embedded-string,ascii,.cpp,C:\Projects\Wizardry 8\Local Code\RegionManager.cpp
Wizardry8FanPatchV1.28Build6709.7z,Wizardry 8 Fan Patch/Wiz8_v128.exe,fdca6d9cd0940034191e82b8e2900de26bb25e381c74128dcb8967360a9fb824,path,embedded-string,ascii,.cpp,C:\Projects\Wizardry 8\Local Code\search.cpp
Wizardry8FanPatchV1.28Build6709.7z,Wizardry 8 Fan Patch/Wiz8_v128.exe,fdca6d9cd0940034191e82b8e2900de26bb25e381c74128dcb8967360a9fb824,path,embedded-string,ascii,.cpp,C:\Projects\Wizardry 8\Local Code\Sight.cpp
Wizardry8FanPatchV1.28Build6709.7z,Wizardry 8 Fan Patch/Wiz8_v128.exe,fdca6d9cd0940034191e82b8e2900de26bb25e381c74128dcb8967360a9fb824,path,embedded-string,ascii,.cpp,C:\Projects\Wizardry 8\Local Code\Strings.cpp
Wizardry8FanPatchV1.28Build6709.7z,Wizardry 8 Fan Patch/Wiz8_v128.exe,fdca6d9cd0940034191e82b8e2900de26bb25e381c74128dcb8967360a9fb824,path,embedded-string,ascii,.cpp,C:\Projects\Wizardry 8\Local Code\Targeting.cpp
Wizardry8FanPatchV1.28Build6709.7z,Wizardry 8 Fan Patch/Wiz8_v128.exe,fdca6d9cd0940034191e82b8e2900de26bb25e381c74128dcb8967360a9fb824,path,embedded-string,ascii,.cpp,C:\Projects\Wizardry 8\Local Code\Traps.cpp
Wizardry8FanPatchV1.28Build6709.7z,Wizardry 8 Fan Patch/Wiz8_v128.exe,fdca6d9cd0940034191e82b8e2900de26bb25e381c74128dcb8967360a9fb824,path,embedded-string,ascii,.cpp,C:\Projects\Wizardry 8\Local Code\UtilityFunctions.cpp
Wizardry8FanPatchV1.28Build6709.7z,Wizardry 8 Fan Patch/Wiz8_v128.exe,fdca6d9cd0940034191e82b8e2900de26bb25e381c74128dcb8967360a9fb824,path,embedded-string,ascii,.cpp,C:\Projects\Wizardry 8\Local Code\VideoObjectManager.cpp
Wizardry8FanPatchV1.28Build6709.7z,Wizardry 8 Fan Patch/Wiz8_v128.exe,fdca6d9cd0940034191e82b8e2900de26bb25e381c74128dcb8967360a9fb824,path,embedded-string,ascii,.cpp,C:\Projects\Wizardry 8\Local Screens\AutomapScreen.cpp
Wizardry8FanPatchV1.28Build6709.7z,Wizardry 8 Fan Patch/Wiz8_v128.exe,fdca6d9cd0940034191e82b8e2900de26bb25e381c74128dcb8967360a9fb824,path,embedded-string,ascii,.cpp,C:\Projects\Wizardry 8\Local Screens\CGSSpellsPage.cpp
Wizardry8FanPatchV1.28Build6709.7z,Wizardry 8 Fan Patch/Wiz8_v128.exe,fdca6d9cd0940034191e82b8e2900de26bb25e381c74128dcb8967360a9fb824,path,embedded-string,ascii,.cpp,C:\Projects\Wizardry 8\Local Screens\CGSStatsPage.cpp
Wizardry8FanPatchV1.28Build6709.7z,Wizardry 8 Fan Patch/Wiz8_v128.exe,fdca6d9cd0940034191e82b8e2900de26bb25e381c74128dcb8967360a9fb824,path,embedded-string,ascii,.cpp,C:\Projects\Wizardry 8\Local Screens\IntroScreen.cpp
Wizardry8FanPatchV1.28Build6709.7z,Wizardry 8 Fan Patch/Wiz8_v128.exe,fdca6d9cd0940034191e82b8e2900de26bb25e381c74128dcb8967360a9fb824,path,embedded-string,ascii,.cpp,C:\Projects\Wizardry 8\Local Screens\MainGameScreen.cpp
Wizardry8FanPatchV1.28Build6709.7z,Wizardry 8 Fan Patch/Wiz8_v128.exe,fdca6d9cd0940034191e82b8e2900de26bb25e381c74128dcb8967360a9fb824,path,embedded-string,ascii,.cpp,C:\Projects\Wizardry 8\Local Screens\MainMenuScreen.cpp
Wizardry8FanPatchV1.28Build6709.7z,Wizardry 8 Fan Patch/Wiz8_v128.exe,fdca6d9cd0940034191e82b8e2900de26bb25e381c74128dcb8967360a9fb824,path,embedded-string,ascii,.cpp,C:\Projects\Wizardry 8\Local Screens\MGSButtons.cpp
Wizardry8FanPatchV1.28Build6709.7z,Wizardry 8 Fan Patch/Wiz8_v128.exe,fdca6d9cd0940034191e82b8e2900de26bb25e381c74128dcb8967360a9fb824,path,embedded-string,ascii,.cpp,C:\Projects\Wizardry 8\Local Screens\MGSKeyboard.cpp
Wizardry8FanPatchV1.28Build6709.7z,Wizardry 8 Fan Patch/Wiz8_v128.exe,fdca6d9cd0940034191e82b8e2900de26bb25e381c74128dcb8967360a9fb824,path,embedded-string,ascii,.cpp,C:\Projects\Wizardry 8\Local Screens\MGSPartyMovement.cpp
Wizardry8FanPatchV1.28Build6709.7z,Wizardry 8 Fan Patch/Wiz8_v128.exe,fdca6d9cd0940034191e82b8e2900de26bb25e381c74128dcb8967360a9fb824,path,embedded-string,ascii,.cpp,C:\Projects\Wizardry 8\Local Screens\MGSPortraits.cpp
Wizardry8FanPatchV1.28Build6709.7z,Wizardry 8 Fan Patch/Wiz8_v128.exe,fdca6d9cd0940034191e82b8e2900de26bb25e381c74128dcb8967360a9fb824,path,embedded-string,ascii,.cpp,C:\Projects\Wizardry 8\Local Screens\MGSSpellCasting.cpp
Wizardry8FanPatchV1.28Build6709.7z,Wizardry 8 Fan Patch/Wiz8_v128.exe,fdca6d9cd0940034191e82b8e2900de26bb25e381c74128dcb8967360a9fb824,path,embedded-string,ascii,.cpp,C:\Projects\Wizardry 8\Local Screens\MGSSpellIcons.cpp
Wizardry8FanPatchV1.28Build6709.7z,Wizardry 8 Fan Patch/Wiz8_v128.exe,fdca6d9cd0940034191e82b8e2900de26bb25e381c74128dcb8967360a9fb824,path,embedded-string,ascii,.cpp,C:\Projects\Wizardry 8\Local Screens\MGSTextBox.cpp
Wizardry8FanPatchV1.28Build6709.7z,Wizardry 8 Fan Patch/Wiz8_v128.exe,fdca6d9cd0940034191e82b8e2900de26bb25e381c74128dcb8967360a9fb824,path,embedded-string,ascii,.cpp,C:\Projects\Wizardry 8\Local Screens\MGSUseItemSelect.cpp
Wizardry8FanPatchV1.28Build6709.7z,Wizardry 8 Fan Patch/Wiz8_v128.exe,fdca6d9cd0940034191e82b8e2900de26bb25e381c74128dcb8967360a9fb824,path,embedded-string,ascii,.cpp,C:\Projects\Wizardry 8\Local Screens\mipe.cpp
Wizardry8FanPatchV1.28Build6709.7z,Wizardry 8 Fan Patch/Wiz8_v128.exe,fdca6d9cd0940034191e82b8e2900de26bb25e381c74128dcb8967360a9fb824,path,embedded-string,ascii,.cpp,C:\Projects\Wizardry 8\Local Screens\mipeEdit.cpp
Wizardry8FanPatchV1.28Build6709.7z,Wizardry 8 Fan Patch/Wiz8_v128.exe,fdca6d9cd0940034191e82b8e2900de26bb25e381c74128dcb8967360a9fb824,path,embedded-string,ascii,.cpp,C:\Projects\Wizardry 8\Local Screens\OptionsScreen.cpp
Wizardry8FanPatchV1.28Build6709.7z,Wizardry 8 Fan Patch/Wiz8_v128.exe,fdca6d9cd0940034191e82b8e2900de26bb25e381c74128dcb8967360a9fb824,path,embedded-string,ascii,.cpp,C:\Projects\Wizardry 8\Local Screens\PleaseWaitScreen.cpp
Wizardry8FanPatchV1.28Build6709.7z,Wizardry 8 Fan Patch/Wiz8_v128.exe,fdca6d9cd0940034191e82b8e2900de26bb25e381c74128dcb8967360a9fb824,path,embedded-string,ascii,.cpp,C:\Projects\Wizardry 8\Local Screens\RCSCommon.cpp
Wizardry8FanPatchV1.28Build6709.7z,Wizardry 8 Fan Patch/Wiz8_v128.exe,fdca6d9cd0940034191e82b8e2900de26bb25e381c74128dcb8967360a9fb824,path,embedded-string,ascii,.cpp,C:\Projects\Wizardry 8\Local Screens\RCSItemsPage.cpp
Wizardry8FanPatchV1.28Build6709.7z,Wizardry 8 Fan Patch/Wiz8_v128.exe,fdca6d9cd0940034191e82b8e2900de26bb25e381c74128dcb8967360a9fb824,path,embedded-string,ascii,.cpp,C:\Projects\Wizardry 8\Local Screens\ReviewCharacterScreen.cpp
Wizardry8FanPatchV1.28Build6709.7z,Wizardry 8 Fan Patch/Wiz8_v128.exe,fdca6d9cd0940034191e82b8e2900de26bb25e381c74128dcb8967360a9fb824,path,embedded-string,ascii,.cpp,C:\Projects\Wizardry 8\Local Screens\Screens.cpp
Wizardry8FanPatchV1.28Build6709.7z,Wizardry 8 Fan Patch/Wiz8_v128.exe,fdca6d9cd0940034191e82b8e2900de26bb25e381c74128dcb8967360a9fb824,path,embedded-string,ascii,.cpp,mimp.cpp
Wizardry8FanPatchV1.28Build6709.7z,Wizardry 8 Fan Patch/Wiz8_v128.exe,fdca6d9cd0940034191e82b8e2900de26bb25e381c74128dcb8967360a9fb824,path,embedded-string,ascii,.hpp,stHeap.hpp
Wizardry8FanPatchV1.28Build6709.7z,Wizardry 8 Fan Patch/Wiz8_v128.exe,fdca6d9cd0940034191e82b8e2900de26bb25e381c74128dcb8967360a9fb824,path,embedded-string,ascii,.hpp,stLight.hpp
Wizardry8FanPatchV1.28Build6709.7z,Wizardry 8 Fan Patch/Wiz8_v128.exe,fdca6d9cd0940034191e82b8e2900de26bb25e381c74128dcb8967360a9fb824,path,embedded-string,ascii,.hpp,Trigger.hpp
Wizardry8UnofficialPatchV1.261.7z,Wiz8New.exe,57a3072c2f8307de84e2f54ac58d3fcd7cf3cef18088bf0f0fdec2ac9202b2b1,path,embedded-string,ascii,.hpp,AnimRep.hpp
Wizardry8UnofficialPatchV1.261.7z,Wiz8New.exe,57a3072c2f8307de84e2f54ac58d3fcd7cf3cef18088bf0f0fdec2ac9202b2b1,path,embedded-string,ascii,.c,C:\Projects\SGP\DirectDraw Calls.c
Wizardry8UnofficialPatchV1.261.7z,Wiz8New.exe,57a3072c2f8307de84e2f54ac58d3fcd7cf3cef18088bf0f0fdec2ac9202b2b1,path,embedded-string,ascii,.cpp,C:\Projects\Wizardry 8\3D Code\IList.cpp
Wizardry8UnofficialPatchV1.261.7z,Wiz8New.exe,57a3072c2f8307de84e2f54ac58d3fcd7cf3cef18088bf0f0fdec2ac9202b2b1,path,embedded-string,ascii,.cpp,C:\Projects\Wizardry 8\3D Code\PList.cpp
Wizardry8UnofficialPatchV1.261.7z,Wiz8New.exe,57a3072c2f8307de84e2f54ac58d3fcd7cf3cef18088bf0f0fdec2ac9202b2b1,path,embedded-string,ascii,.cpp,C:\Projects\Wizardry 8\Dialog Code\AssayDialog.cpp
Wizardry8UnofficialPatchV1.261.7z,Wiz8New.exe,57a3072c2f8307de84e2f54ac58d3fcd7cf3cef18088bf0f0fdec2ac9202b2b1,path,embedded-string,ascii,.cpp,C:\Projects\Wizardry 8\Dialog Code\DialogInterface.cpp
Wizardry8UnofficialPatchV1.261.7z,Wiz8New.exe,57a3072c2f8307de84e2f54ac58d3fcd7cf3cef18088bf0f0fdec2ac9202b2b1,path,embedded-string,ascii,.cpp,C:\Projects\Wizardry 8\Dialog Code\MonsterInfoDialog.cpp
Wizardry8UnofficialPatchV1.261.7z,Wiz8New.exe,57a3072c2f8307de84e2f54ac58d3fcd7cf3cef18088bf0f0fdec2ac9202b2b1,path,embedded-string,ascii,.cpp,C:\Projects\Wizardry 8\Dialog Code\ProfRaceInfoDialog.cpp
Wizardry8UnofficialPatchV1.261.7z,Wiz8New.exe,57a3072c2f8307de84e2f54ac58d3fcd7cf3cef18088bf0f0fdec2ac9202b2b1,path,embedded-string,ascii,.cpp,C:\Projects\Wizardry 8\Dialog Code\SpellInfoDialog.cpp
Wizardry8UnofficialPatchV1.261.7z,Wiz8New.exe,57a3072c2f8307de84e2f54ac58d3fcd7cf3cef18088bf0f0fdec2ac9202b2b1,path,embedded-string,ascii,.cpp,C:\Projects\Wizardry 8\Dialog Code\StatInfoDialogs.cpp
Wizardry8UnofficialPatchV1.261.7z,Wiz8New.exe,57a3072c2f8307de84e2f54ac58d3fcd7cf3cef18088bf0f0fdec2ac9202b2b1,path,embedded-string,ascii,.cpp,C:\Projects\Wizardry 8\Dialog Code\stButton.cpp
Wizardry8UnofficialPatchV1.261.7z,Wiz8New.exe,57a3072c2f8307de84e2f54ac58d3fcd7cf3cef18088bf0f0fdec2ac9202b2b1,path,embedded-string,ascii,.cpp,C:\Projects\Wizardry 8\Dialog Code\stListBox.cpp
Wizardry8UnofficialPatchV1.261.7z,Wiz8New.exe,57a3072c2f8307de84e2f54ac58d3fcd7cf3cef18088bf0f0fdec2ac9202b2b1,path,embedded-string,ascii,.cpp,C:\Projects\Wizardry 8\Dialog Code\stMessageDialog.cpp
Wizardry8UnofficialPatchV1.261.7z,Wiz8New.exe,57a3072c2f8307de84e2f54ac58d3fcd7cf3cef18088bf0f0fdec2ac9202b2b1,path,embedded-string,ascii,.cpp,C:\Projects\Wizardry 8\Engine Code\3d.cpp
Wizardry8UnofficialPatchV1.261.7z,Wiz8New.exe,57a3072c2f8307de84e2f54ac58d3fcd7cf3cef18088bf0f0fdec2ac9202b2b1,path,embedded-string,ascii,.cpp,C:\Projects\Wizardry 8\Engine Code\3dapi.cpp
Wizardry8UnofficialPatchV1.261.7z,Wiz8New.exe,57a3072c2f8307de84e2f54ac58d3fcd7cf3cef18088bf0f0fdec2ac9202b2b1,path,embedded-string,ascii,.cpp,C:\Projects\Wizardry 8\Engine Code\AmbientSound.cpp
Wizardry8UnofficialPatchV1.261.7z,Wiz8New.exe,57a3072c2f8307de84e2f54ac58d3fcd7cf3cef18088bf0f0fdec2ac9202b2b1,path,embedded-string,ascii,.cpp,C:\Projects\Wizardry 8\Engine Code\AniMesh.cpp
Wizardry8UnofficialPatchV1.261.7z,Wiz8New.exe,57a3072c2f8307de84e2f54ac58d3fcd7cf3cef18088bf0f0fdec2ac9202b2b1,path,embedded-string,ascii,.cpp,C:\Projects\Wizardry 8\Engine Code\AnimObj.cpp
Wizardry8UnofficialPatchV1.261.7z,Wiz8New.exe,57a3072c2f8307de84e2f54ac58d3fcd7cf3cef18088bf0f0fdec2ac9202b2b1,path,embedded-string,ascii,.cpp,C:\Projects\Wizardry 8\Engine Code\AnimRep.cpp
Wizardry8UnofficialPatchV1.261.7z,Wiz8New.exe,57a3072c2f8307de84e2f54ac58d3fcd7cf3cef18088bf0f0fdec2ac9202b2b1,path,embedded-string,ascii,.cpp,C:\Projects\Wizardry 8\Engine Code\Bink.cpp
Wizardry8UnofficialPatchV1.261.7z,Wiz8New.exe,57a3072c2f8307de84e2f54ac58d3fcd7cf3cef18088bf0f0fdec2ac9202b2b1,path,embedded-string,ascii,.cpp,C:\Projects\Wizardry 8\Engine Code\BitArray.cpp
Wizardry8UnofficialPatchV1.261.7z,Wiz8New.exe,57a3072c2f8307de84e2f54ac58d3fcd7cf3cef18088bf0f0fdec2ac9202b2b1,path,embedded-string,ascii,.cpp,C:\Projects\Wizardry 8\Engine Code\Camera.cpp
Wizardry8UnofficialPatchV1.261.7z,Wiz8New.exe,57a3072c2f8307de84e2f54ac58d3fcd7cf3cef18088bf0f0fdec2ac9202b2b1,path,embedded-string,ascii,.cpp,C:\Projects\Wizardry 8\Engine Code\Cursor3d.cpp
Wizardry8UnofficialPatchV1.261.7z,Wiz8New.exe,57a3072c2f8307de84e2f54ac58d3fcd7cf3cef18088bf0f0fdec2ac9202b2b1,path,embedded-string,ascii,.cpp,C:\Projects\Wizardry 8\Engine Code\Environment.cpp
Wizardry8UnofficialPatchV1.261.7z,Wiz8New.exe,57a3072c2f8307de84e2f54ac58d3fcd7cf3cef18088bf0f0fdec2ac9202b2b1,path,embedded-string,ascii,.cpp,C:\Projects\Wizardry 8\Engine Code\GameData.cpp
Wizardry8UnofficialPatchV1.261.7z,Wiz8New.exe,57a3072c2f8307de84e2f54ac58d3fcd7cf3cef18088bf0f0fdec2ac9202b2b1,path,embedded-string,ascii,.cpp,C:\Projects\Wizardry 8\Engine Code\GDFileIO.cpp
Wizardry8UnofficialPatchV1.261.7z,Wiz8New.exe,57a3072c2f8307de84e2f54ac58d3fcd7cf3cef18088bf0f0fdec2ac9202b2b1,path,embedded-string,ascii,.cpp,C:\Projects\Wizardry 8\Engine Code\GDProp.cpp
Wizardry8UnofficialPatchV1.261.7z,Wiz8New.exe,57a3072c2f8307de84e2f54ac58d3fcd7cf3cef18088bf0f0fdec2ac9202b2b1,path,embedded-string,ascii,.cpp,C:\Projects\Wizardry 8\Engine Code\GrCycle.cpp
Wizardry8UnofficialPatchV1.261.7z,Wiz8New.exe,57a3072c2f8307de84e2f54ac58d3fcd7cf3cef18088bf0f0fdec2ac9202b2b1,path,embedded-string,ascii,.cpp,C:\Projects\Wizardry 8\Engine Code\GrObject.cpp
Wizardry8UnofficialPatchV1.261.7z,Wiz8New.exe,57a3072c2f8307de84e2f54ac58d3fcd7cf3cef18088bf0f0fdec2ac9202b2b1,path,embedded-string,ascii,.cpp,C:\Projects\Wizardry 8\Engine Code\Item.cpp
Wizardry8UnofficialPatchV1.261.7z,Wiz8New.exe,57a3072c2f8307de84e2f54ac58d3fcd7cf3cef18088bf0f0fdec2ac9202b2b1,path,embedded-string,ascii,.cpp,C:\Projects\Wizardry 8\Engine Code\LevelFile.cpp
Wizardry8UnofficialPatchV1.261.7z,Wiz8New.exe,57a3072c2f8307de84e2f54ac58d3fcd7cf3cef18088bf0f0fdec2ac9202b2b1,path,embedded-string,ascii,.cpp,C:\Projects\Wizardry 8\Engine Code\Levels.cpp
Wizardry8UnofficialPatchV1.261.7z,Wiz8New.exe,57a3072c2f8307de84e2f54ac58d3fcd7cf3cef18088bf0f0fdec2ac9202b2b1,path,embedded-string,ascii,.cpp,C:\Projects\Wizardry 8\Engine Code\materials.cpp
Wizardry8UnofficialPatchV1.261.7z,Wiz8New.exe,57a3072c2f8307de84e2f54ac58d3fcd7cf3cef18088bf0f0fdec2ac9202b2b1,path,embedded-string,ascii,.cpp,C:\Projects\Wizardry 8\Engine Code\Missile.cpp
Wizardry8UnofficialPatchV1.261.7z,Wiz8New.exe,57a3072c2f8307de84e2f54ac58d3fcd7cf3cef18088bf0f0fdec2ac9202b2b1,path,embedded-string,ascii,.cpp,C:\Projects\Wizardry 8\Engine Code\MonGen.cpp
Wizardry8UnofficialPatchV1.261.7z,Wiz8New.exe,57a3072c2f8307de84e2f54ac58d3fcd7cf3cef18088bf0f0fdec2ac9202b2b1,path,embedded-string,ascii,.cpp,C:\Projects\Wizardry 8\Engine Code\Monster.cpp
Wizardry8UnofficialPatchV1.261.7z,Wiz8New.exe,57a3072c2f8307de84e2f54ac58d3fcd7cf3cef18088bf0f0fdec2ac9202b2b1,path,embedded-string,ascii,.cpp,C:\Projects\Wizardry 8\Engine Code\Navigator.cpp
Wizardry8UnofficialPatchV1.261.7z,Wiz8New.exe,57a3072c2f8307de84e2f54ac58d3fcd7cf3cef18088bf0f0fdec2ac9202b2b1,path,embedded-string,ascii,.cpp,C:\Projects\Wizardry 8\Engine Code\OctBuildPreTree.cpp
Wizardry8UnofficialPatchV1.261.7z,Wiz8New.exe,57a3072c2f8307de84e2f54ac58d3fcd7cf3cef18088bf0f0fdec2ac9202b2b1,path,embedded-string,ascii,.cpp,C:\Projects\Wizardry 8\Engine Code\OctBuildTree.cpp
Wizardry8UnofficialPatchV1.261.7z,Wiz8New.exe,57a3072c2f8307de84e2f54ac58d3fcd7cf3cef18088bf0f0fdec2ac9202b2b1,path,embedded-string,ascii,.cpp,C:\Projects\Wizardry 8\Engine Code\OctPath.cpp
Wizardry8UnofficialPatchV1.261.7z,Wiz8New.exe,57a3072c2f8307de84e2f54ac58d3fcd7cf3cef18088bf0f0fdec2ac9202b2b1,path,embedded-string,ascii,.cpp,C:\Projects\Wizardry 8\Engine Code\OctPrePath.cpp
Wizardry8UnofficialPatchV1.261.7z,Wiz8New.exe,57a3072c2f8307de84e2f54ac58d3fcd7cf3cef18088bf0f0fdec2ac9202b2b1,path,embedded-string,ascii,.cpp,C:\Projects\Wizardry 8\Engine Code\OctPreTree.cpp
Wizardry8UnofficialPatchV1.261.7z,Wiz8New.exe,57a3072c2f8307de84e2f54ac58d3fcd7cf3cef18088bf0f0fdec2ac9202b2b1,path,embedded-string,ascii,.cpp,C:\Projects\Wizardry 8\Engine Code\Octree.cpp
Wizardry8UnofficialPatchV1.261.7z,Wiz8New.exe,57a3072c2f8307de84e2f54ac58d3fcd7cf3cef18088bf0f0fdec2ac9202b2b1,path,embedded-string,ascii,.cpp,C:\Projects\Wizardry 8\Engine Code\OctSubMesh.cpp
Wizardry8UnofficialPatchV1.261.7z,Wiz8New.exe,57a3072c2f8307de84e2f54ac58d3fcd7cf3cef18088bf0f0fdec2ac9202b2b1,path,embedded-string,ascii,.cpp,C:\Projects\Wizardry 8\Engine Code\PathAI.CPP
Wizardry8UnofficialPatchV1.261.7z,Wiz8New.exe,57a3072c2f8307de84e2f54ac58d3fcd7cf3cef18088bf0f0fdec2ac9202b2b1,path,embedded-string,ascii,.cpp,C:\Projects\Wizardry 8\Engine Code\Prop.cpp
Wizardry8UnofficialPatchV1.261.7z,Wiz8New.exe,57a3072c2f8307de84e2f54ac58d3fcd7cf3cef18088bf0f0fdec2ac9202b2b1,path,embedded-string,ascii,.cpp,C:\Projects\Wizardry 8\Engine Code\quad.cpp
Wizardry8UnofficialPatchV1.261.7z,Wiz8New.exe,57a3072c2f8307de84e2f54ac58d3fcd7cf3cef18088bf0f0fdec2ac9202b2b1,path,embedded-string,ascii,.cpp,C:\Projects\Wizardry 8\Engine Code\Quality.cpp
Wizardry8UnofficialPatchV1.261.7z,Wiz8New.exe,57a3072c2f8307de84e2f54ac58d3fcd7cf3cef18088bf0f0fdec2ac9202b2b1,path,embedded-string,ascii,.cpp,C:\Projects\Wizardry 8\Engine Code\ReadLevel.cpp
Wizardry8UnofficialPatchV1.261.7z,Wiz8New.exe,57a3072c2f8307de84e2f54ac58d3fcd7cf3cef18088bf0f0fdec2ac9202b2b1,path,embedded-string,ascii,.cpp,C:\Projects\Wizardry 8\Engine Code\ReadMesh.cpp
Wizardry8UnofficialPatchV1.261.7z,Wiz8New.exe,57a3072c2f8307de84e2f54ac58d3fcd7cf3cef18088bf0f0fdec2ac9202b2b1,path,embedded-string,ascii,.cpp,C:\Projects\Wizardry 8\Engine Code\SoundEvent.cpp
Wizardry8UnofficialPatchV1.261.7z,Wiz8New.exe,57a3072c2f8307de84e2f54ac58d3fcd7cf3cef18088bf0f0fdec2ac9202b2b1,path,embedded-string,ascii,.cpp,C:\Projects\Wizardry 8\Engine Code\Spells.cpp
Wizardry8UnofficialPatchV1.261.7z,Wiz8New.exe,57a3072c2f8307de84e2f54ac58d3fcd7cf3cef18088bf0f0fdec2ac9202b2b1,path,embedded-string,ascii,.cpp,C:\Projects\Wizardry 8\Engine Code\stCube.cpp
Wizardry8UnofficialPatchV1.261.7z,Wiz8New.exe,57a3072c2f8307de84e2f54ac58d3fcd7cf3cef18088bf0f0fdec2ac9202b2b1,path,embedded-string,ascii,.cpp,C:\Projects\Wizardry 8\Engine Code\stMeshModel.cpp
Wizardry8UnofficialPatchV1.261.7z,Wiz8New.exe,57a3072c2f8307de84e2f54ac58d3fcd7cf3cef18088bf0f0fdec2ac9202b2b1,path,embedded-string,ascii,.cpp,C:\Projects\Wizardry 8\Engine Code\stModelInstance.cpp
Wizardry8UnofficialPatchV1.261.7z,Wiz8New.exe,57a3072c2f8307de84e2f54ac58d3fcd7cf3cef18088bf0f0fdec2ac9202b2b1,path,embedded-string,ascii,.cpp,C:\Projects\Wizardry 8\Engine Code\stParticle.cpp
Wizardry8UnofficialPatchV1.261.7z,Wiz8New.exe,57a3072c2f8307de84e2f54ac58d3fcd7cf3cef18088bf0f0fdec2ac9202b2b1,path,embedded-string,ascii,.cpp,C:\Projects\Wizardry 8\Engine Code\stScript.cpp
Wizardry8UnofficialPatchV1.261.7z,Wiz8New.exe,57a3072c2f8307de84e2f54ac58d3fcd7cf3cef18088bf0f0fdec2ac9202b2b1,path,embedded-string,ascii,.cpp,C:\Projects\Wizardry 8\Engine Code\Trigger.cpp
Wizardry8UnofficialPatchV1.261.7z,Wiz8New.exe,57a3072c2f8307de84e2f54ac58d3fcd7cf3cef18088bf0f0fdec2ac9202b2b1,path,embedded-string,ascii,.cpp,C:\Projects\Wizardry 8\Engine Code\UpdateMesh.cpp
Wizardry8UnofficialPatchV1.261.7z,Wiz8New.exe,57a3072c2f8307de84e2f54ac58d3fcd7cf3cef18088bf0f0fdec2ac9202b2b1,path,embedded-string,ascii,.cpp,C:\Projects\Wizardry 8\Engine Code\Video2.cpp
Wizardry8UnofficialPatchV1.261.7z,Wiz8New.exe,57a3072c2f8307de84e2f54ac58d3fcd7cf3cef18088bf0f0fdec2ac9202b2b1,path,embedded-string,ascii,.cpp,C:\Projects\Wizardry 8\Level Specific Code\Arnika.cpp
Wizardry8UnofficialPatchV1.261.7z,Wiz8New.exe,57a3072c2f8307de84e2f54ac58d3fcd7cf3cef18088bf0f0fdec2ac9202b2b1,path,embedded-string,ascii,.cpp,C:\Projects\Wizardry 8\Level Specific Code\Ascension.cpp
Wizardry8UnofficialPatchV1.261.7z,Wiz8New.exe,57a3072c2f8307de84e2f54ac58d3fcd7cf3cef18088bf0f0fdec2ac9202b2b1,path,embedded-string,ascii,.cpp,C:\Projects\Wizardry 8\Level Specific Code\Cosmic Circle.cpp
Wizardry8UnofficialPatchV1.261.7z,Wiz8New.exe,57a3072c2f8307de84e2f54ac58d3fcd7cf3cef18088bf0f0fdec2ac9202b2b1,path,embedded-string,ascii,.cpp,C:\Projects\Wizardry 8\Level Specific Code\MartensBluff1.cpp
Wizardry8UnofficialPatchV1.261.7z,Wiz8New.exe,57a3072c2f8307de84e2f54ac58d3fcd7cf3cef18088bf0f0fdec2ac9202b2b1,path,embedded-string,ascii,.cpp,C:\Projects\Wizardry 8\Level Specific Code\MartensBluff2.cpp
Wizardry8UnofficialPatchV1.261.7z,Wiz8New.exe,57a3072c2f8307de84e2f54ac58d3fcd7cf3cef18088bf0f0fdec2ac9202b2b1,path,embedded-string,ascii,.cpp,C:\Projects\Wizardry 8\Level Specific Code\MasterFunctionList.cpp
Wizardry8UnofficialPatchV1.261.7z,Wiz8New.exe,57a3072c2f8307de84e2f54ac58d3fcd7cf3cef18088bf0f0fdec2ac9202b2b1,path,embedded-string,ascii,.cpp,C:\Projects\Wizardry 8\Level Specific Code\Monastery2.cpp
Wizardry8UnofficialPatchV1.261.7z,Wiz8New.exe,57a3072c2f8307de84e2f54ac58d3fcd7cf3cef18088bf0f0fdec2ac9202b2b1,path,embedded-string,ascii,.cpp,C:\Projects\Wizardry 8\Level Specific Code\MtGigasOuter.cpp
Wizardry8UnofficialPatchV1.261.7z,Wiz8New.exe,57a3072c2f8307de84e2f54ac58d3fcd7cf3cef18088bf0f0fdec2ac9202b2b1,path,embedded-string,ascii,.cpp,C:\Projects\Wizardry 8\Level Specific Code\Rift1.cpp
Wizardry8UnofficialPatchV1.261.7z,Wiz8New.exe,57a3072c2f8307de84e2f54ac58d3fcd7cf3cef18088bf0f0fdec2ac9202b2b1,path,embedded-string,ascii,.cpp,C:\Projects\Wizardry 8\Level Specific Code\SeaCaves.cpp
Wizardry8UnofficialPatchV1.261.7z,Wiz8New.exe,57a3072c2f8307de84e2f54ac58d3fcd7cf3cef18088bf0f0fdec2ac9202b2b1,path,embedded-string,ascii,.cpp,C:\Projects\Wizardry 8\Level Specific Code\Swamp.cpp
Wizardry8UnofficialPatchV1.261.7z,Wiz8New.exe,57a3072c2f8307de84e2f54ac58d3fcd7cf3cef18088bf0f0fdec2ac9202b2b1,path,embedded-string,ascii,.cpp,C:\Projects\Wizardry 8\Level Specific Code\Trynnie1.cpp
Wizardry8UnofficialPatchV1.261.7z,Wiz8New.exe,57a3072c2f8307de84e2f54ac58d3fcd7cf3cef18088bf0f0fdec2ac9202b2b1,path,embedded-string,ascii,.cpp,C:\Projects\Wizardry 8\Level Specific Code\Trynnie2.cpp
Wizardry8UnofficialPatchV1.261.7z,Wiz8New.exe,57a3072c2f8307de84e2f54ac58d3fcd7cf3cef18088bf0f0fdec2ac9202b2b1,path,embedded-string,ascii,.cpp,C:\Projects\Wizardry 8\Local Code\ButtonSound.cpp
Wizardry8UnofficialPatchV1.261.7z,Wiz8New.exe,57a3072c2f8307de84e2f54ac58d3fcd7cf3cef18088bf0f0fdec2ac9202b2b1,path,embedded-string,ascii,.cpp,C:\Projects\Wizardry 8\Local Code\CharGeneration.cpp
Wizardry8UnofficialPatchV1.261.7z,Wiz8New.exe,57a3072c2f8307de84e2f54ac58d3fcd7cf3cef18088bf0f0fdec2ac9202b2b1,path,embedded-string,ascii,.cpp,C:\Projects\Wizardry 8\Local Code\chunk.cpp
Wizardry8UnofficialPatchV1.261.7z,Wiz8New.exe,57a3072c2f8307de84e2f54ac58d3fcd7cf3cef18088bf0f0fdec2ac9202b2b1,path,embedded-string,ascii,.cpp,C:\Projects\Wizardry 8\Local Code\Combat Attack.cpp
Wizardry8UnofficialPatchV1.261.7z,Wiz8New.exe,57a3072c2f8307de84e2f54ac58d3fcd7cf3cef18088bf0f0fdec2ac9202b2b1,path,embedded-string,ascii,.cpp,C:\Projects\Wizardry 8\Local Code\Combat Hostility.cpp
Wizardry8UnofficialPatchV1.261.7z,Wiz8New.exe,57a3072c2f8307de84e2f54ac58d3fcd7cf3cef18088bf0f0fdec2ac9202b2b1,path,embedded-string,ascii,.cpp,C:\Projects\Wizardry 8\Local Code\Combat Party Movement.cpp
Wizardry8UnofficialPatchV1.261.7z,Wiz8New.exe,57a3072c2f8307de84e2f54ac58d3fcd7cf3cef18088bf0f0fdec2ac9202b2b1,path,embedded-string,ascii,.cpp,C:\Projects\Wizardry 8\Local Code\Combat Range.cpp
Wizardry8UnofficialPatchV1.261.7z,Wiz8New.exe,57a3072c2f8307de84e2f54ac58d3fcd7cf3cef18088bf0f0fdec2ac9202b2b1,path,embedded-string,ascii,.cpp,C:\Projects\Wizardry 8\Local Code\Combat Sound.cpp
Wizardry8UnofficialPatchV1.261.7z,Wiz8New.exe,57a3072c2f8307de84e2f54ac58d3fcd7cf3cef18088bf0f0fdec2ac9202b2b1,path,embedded-string,ascii,.cpp,C:\Projects\Wizardry 8\Local Code\Combat.cpp
Wizardry8UnofficialPatchV1.261.7z,Wiz8New.exe,57a3072c2f8307de84e2f54ac58d3fcd7cf3cef18088bf0f0fdec2ac9202b2b1,path,embedded-string,ascii,.cpp,C:\Projects\Wizardry 8\Local Code\Conditions & Enchantments.cpp
Wizardry8UnofficialPatchV1.261.7z,Wiz8New.exe,57a3072c2f8307de84e2f54ac58d3fcd7cf3cef18088bf0f0fdec2ac9202b2b1,path,embedded-string,ascii,.cpp,C:\Projects\Wizardry 8\Local Code\Configuration.cpp
Wizardry8UnofficialPatchV1.261.7z,Wiz8New.exe,57a3072c2f8307de84e2f54ac58d3fcd7cf3cef18088bf0f0fdec2ac9202b2b1,path,embedded-string,ascii,.cpp,C:\Projects\Wizardry 8\Local Code\Controls.cpp
Wizardry8UnofficialPatchV1.261.7z,Wiz8New.exe,57a3072c2f8307de84e2f54ac58d3fcd7cf3cef18088bf0f0fdec2ac9202b2b1,path,embedded-string,ascii,.cpp,C:\Projects\Wizardry 8\Local Code\Factions.cpp
Wizardry8UnofficialPatchV1.261.7z,Wiz8New.exe,57a3072c2f8307de84e2f54ac58d3fcd7cf3cef18088bf0f0fdec2ac9202b2b1,path,embedded-string,ascii,.cpp,C:\Projects\Wizardry 8\Local Code\Formation & Facing.cpp
Wizardry8UnofficialPatchV1.261.7z,Wiz8New.exe,57a3072c2f8307de84e2f54ac58d3fcd7cf3cef18088bf0f0fdec2ac9202b2b1,path,embedded-string,ascii,.cpp,C:\Projects\Wizardry 8\Local Code\Gameloop.cpp
Wizardry8UnofficialPatchV1.261.7z,Wiz8New.exe,57a3072c2f8307de84e2f54ac58d3fcd7cf3cef18088bf0f0fdec2ac9202b2b1,path,embedded-string,ascii,.cpp,C:\Projects\Wizardry 8\Local Code\Gameplay Mods.cpp
Wizardry8UnofficialPatchV1.261.7z,Wiz8New.exe,57a3072c2f8307de84e2f54ac58d3fcd7cf3cef18088bf0f0fdec2ac9202b2b1,path,embedded-string,ascii,.cpp,C:\Projects\Wizardry 8\Local Code\GameplayCode.cpp
Wizardry8UnofficialPatchV1.261.7z,Wiz8New.exe,57a3072c2f8307de84e2f54ac58d3fcd7cf3cef18088bf0f0fdec2ac9202b2b1,path,embedded-string,ascii,.cpp,C:\Projects\Wizardry 8\Local Code\GameplayDatabase.cpp
Wizardry8UnofficialPatchV1.261.7z,Wiz8New.exe,57a3072c2f8307de84e2f54ac58d3fcd7cf3cef18088bf0f0fdec2ac9202b2b1,path,embedded-string,ascii,.cpp,C:\Projects\Wizardry 8\Local Code\GameplayTime.cpp
Wizardry8UnofficialPatchV1.261.7z,Wiz8New.exe,57a3072c2f8307de84e2f54ac58d3fcd7cf3cef18088bf0f0fdec2ac9202b2b1,path,embedded-string,ascii,.cpp,C:\Projects\Wizardry 8\Local Code\GroupAttacks.cpp
Wizardry8UnofficialPatchV1.261.7z,Wiz8New.exe,57a3072c2f8307de84e2f54ac58d3fcd7cf3cef18088bf0f0fdec2ac9202b2b1,path,embedded-string,ascii,.cpp,C:\Projects\Wizardry 8\Local Code\Health Stamina Mana.cpp
Wizardry8UnofficialPatchV1.261.7z,Wiz8New.exe,57a3072c2f8307de84e2f54ac58d3fcd7cf3cef18088bf0f0fdec2ac9202b2b1,path,embedded-string,ascii,.cpp,C:\Projects\Wizardry 8\Local Code\InputMapper.cpp
Wizardry8UnofficialPatchV1.261.7z,Wiz8New.exe,57a3072c2f8307de84e2f54ac58d3fcd7cf3cef18088bf0f0fdec2ac9202b2b1,path,embedded-string,ascii,.cpp,C:\Projects\Wizardry 8\Local Code\ItemManager.cpp
Wizardry8UnofficialPatchV1.261.7z,Wiz8New.exe,57a3072c2f8307de84e2f54ac58d3fcd7cf3cef18088bf0f0fdec2ac9202b2b1,path,embedded-string,ascii,.cpp,C:\Projects\Wizardry 8\Local Code\LoadSaveGame.cpp
Wizardry8UnofficialPatchV1.261.7z,Wiz8New.exe,57a3072c2f8307de84e2f54ac58d3fcd7cf3cef18088bf0f0fdec2ac9202b2b1,path,embedded-string,ascii,.cpp,C:\Projects\Wizardry 8\Local Code\Magic Effects.cpp
Wizardry8UnofficialPatchV1.261.7z,Wiz8New.exe,57a3072c2f8307de84e2f54ac58d3fcd7cf3cef18088bf0f0fdec2ac9202b2b1,path,embedded-string,ascii,.cpp,C:\Projects\Wizardry 8\Local Code\Magic.cpp
Wizardry8UnofficialPatchV1.261.7z,Wiz8New.exe,57a3072c2f8307de84e2f54ac58d3fcd7cf3cef18088bf0f0fdec2ac9202b2b1,path,embedded-string,ascii,.cpp,C:\Projects\Wizardry 8\Local Code\MonsterAI.cpp
Wizardry8UnofficialPatchV1.261.7z,Wiz8New.exe,57a3072c2f8307de84e2f54ac58d3fcd7cf3cef18088bf0f0fdec2ac9202b2b1,path,embedded-string,ascii,.cpp,C:\Projects\Wizardry 8\Local Code\MonsterGroup.cpp
Wizardry8UnofficialPatchV1.261.7z,Wiz8New.exe,57a3072c2f8307de84e2f54ac58d3fcd7cf3cef18088bf0f0fdec2ac9202b2b1,path,embedded-string,ascii,.cpp,C:\Projects\Wizardry 8\Local Code\MonsterManager.cpp
Wizardry8UnofficialPatchV1.261.7z,Wiz8New.exe,57a3072c2f8307de84e2f54ac58d3fcd7cf3cef18088bf0f0fdec2ac9202b2b1,path,embedded-string,ascii,.cpp,C:\Projects\Wizardry 8\Local Code\Noise.cpp
Wizardry8UnofficialPatchV1.261.7z,Wiz8New.exe,57a3072c2f8307de84e2f54ac58d3fcd7cf3cef18088bf0f0fdec2ac9202b2b1,path,embedded-string,ascii,.cpp,C:\Projects\Wizardry 8\Local Code\NPC Manager.cpp
Wizardry8UnofficialPatchV1.261.7z,Wiz8New.exe,57a3072c2f8307de84e2f54ac58d3fcd7cf3cef18088bf0f0fdec2ac9202b2b1,path,embedded-string,ascii,.cpp,C:\Projects\Wizardry 8\Local Code\NPC Scripting Facts.cpp
Wizardry8UnofficialPatchV1.261.7z,Wiz8New.exe,57a3072c2f8307de84e2f54ac58d3fcd7cf3cef18088bf0f0fdec2ac9202b2b1,path,embedded-string,ascii,.cpp,C:\Projects\Wizardry 8\Local Code\NPC Scripting.cpp
Wizardry8UnofficialPatchV1.261.7z,Wiz8New.exe,57a3072c2f8307de84e2f54ac58d3fcd7cf3cef18088bf0f0fdec2ac9202b2b1,path,embedded-string,ascii,.cpp,C:\Projects\Wizardry 8\Local Code\Party Import.cpp
Wizardry8UnofficialPatchV1.261.7z,Wiz8New.exe,57a3072c2f8307de84e2f54ac58d3fcd7cf3cef18088bf0f0fdec2ac9202b2b1,path,embedded-string,ascii,.cpp,C:\Projects\Wizardry 8\Local Code\PC Item.cpp
Wizardry8UnofficialPatchV1.261.7z,Wiz8New.exe,57a3072c2f8307de84e2f54ac58d3fcd7cf3cef18088bf0f0fdec2ac9202b2b1,path,embedded-string,ascii,.cpp,C:\Projects\Wizardry 8\Local Code\RegionManager.cpp
Wizardry8UnofficialPatchV1.261.7z,Wiz8New.exe,57a3072c2f8307de84e2f54ac58d3fcd7cf3cef18088bf0f0fdec2ac9202b2b1,path,embedded-string,ascii,.cpp,C:\Projects\Wizardry 8\Local Code\search.cpp
Wizardry8UnofficialPatchV1.261.7z,Wiz8New.exe,57a3072c2f8307de84e2f54ac58d3fcd7cf3cef18088bf0f0fdec2ac9202b2b1,path,embedded-string,ascii,.cpp,C:\Projects\Wizardry 8\Local Code\Sight.cpp
Wizardry8UnofficialPatchV1.261.7z,Wiz8New.exe,57a3072c2f8307de84e2f54ac58d3fcd7cf3cef18088bf0f0fdec2ac9202b2b1,path,embedded-string,ascii,.cpp,C:\Projects\Wizardry 8\Local Code\Strings.cpp
Wizardry8UnofficialPatchV1.261.7z,Wiz8New.exe,57a3072c2f8307de84e2f54ac58d3fcd7cf3cef18088bf0f0fdec2ac9202b2b1,path,embedded-string,ascii,.cpp,C:\Projects\Wizardry 8\Local Code\Targeting.cpp
Wizardry8UnofficialPatchV1.261.7z,Wiz8New.exe,57a3072c2f8307de84e2f54ac58d3fcd7cf3cef18088bf0f0fdec2ac9202b2b1,path,embedded-string,ascii,.cpp,C:\Projects\Wizardry 8\Local Code\Traps.cpp
Wizardry8UnofficialPatchV1.261.7z,Wiz8New.exe,57a3072c2f8307de84e2f54ac58d3fcd7cf3cef18088bf0f0fdec2ac9202b2b1,path,embedded-string,ascii,.cpp,C:\Projects\Wizardry 8\Local Code\UtilityFunctions.cpp
Wizardry8UnofficialPatchV1.261.7z,Wiz8New.exe,57a3072c2f8307de84e2f54ac58d3fcd7cf3cef18088bf0f0fdec2ac9202b2b1,path,embedded-string,ascii,.cpp,C:\Projects\Wizardry 8\Local Code\VideoObjectManager.cpp
Wizardry8UnofficialPatchV1.261.7z,Wiz8New.exe,57a3072c2f8307de84e2f54ac58d3fcd7cf3cef18088bf0f0fdec2ac9202b2b1,path,embedded-string,ascii,.cpp,C:\Projects\Wizardry 8\Local Screens\AutomapScreen.cpp
Wizardry8UnofficialPatchV1.261.7z,Wiz8New.exe,57a3072c2f8307de84e2f54ac58d3fcd7cf3cef18088bf0f0fdec2ac9202b2b1,path,embedded-string,ascii,.cpp,C:\Projects\Wizardry 8\Local Screens\CGSSpellsPage.cpp
Wizardry8UnofficialPatchV1.261.7z,Wiz8New.exe,57a3072c2f8307de84e2f54ac58d3fcd7cf3cef18088bf0f0fdec2ac9202b2b1,path,embedded-string,ascii,.cpp,C:\Projects\Wizardry 8\Local Screens\CGSStatsPage.cpp
Wizardry8UnofficialPatchV1.261.7z,Wiz8New.exe,57a3072c2f8307de84e2f54ac58d3fcd7cf3cef18088bf0f0fdec2ac9202b2b1,path,embedded-string,ascii,.cpp,C:\Projects\Wizardry 8\Local Screens\IntroScreen.cpp
Wizardry8UnofficialPatchV1.261.7z,Wiz8New.exe,57a3072c2f8307de84e2f54ac58d3fcd7cf3cef18088bf0f0fdec2ac9202b2b1,path,embedded-string,ascii,.cpp,C:\Projects\Wizardry 8\Local Screens\MainGameScreen.cpp
Wizardry8UnofficialPatchV1.261.7z,Wiz8New.exe,57a3072c2f8307de84e2f54ac58d3fcd7cf3cef18088bf0f0fdec2ac9202b2b1,path,embedded-string,ascii,.cpp,C:\Projects\Wizardry 8\Local Screens\MainMenuScreen.cpp
Wizardry8UnofficialPatchV1.261.7z,Wiz8New.exe,57a3072c2f8307de84e2f54ac58d3fcd7cf3cef18088bf0f0fdec2ac9202b2b1,path,embedded-string,ascii,.cpp,C:\Projects\Wizardry 8\Local Screens\MGSButtons.cpp
Wizardry8UnofficialPatchV1.261.7z,Wiz8New.exe,57a3072c2f8307de84e2f54ac58d3fcd7cf3cef18088bf0f0fdec2ac9202b2b1,path,embedded-string,ascii,.cpp,C:\Projects\Wizardry 8\Local Screens\MGSKeyboard.cpp
Wizardry8UnofficialPatchV1.261.7z,Wiz8New.exe,57a3072c2f8307de84e2f54ac58d3fcd7cf3cef18088bf0f0fdec2ac9202b2b1,path,embedded-string,ascii,.cpp,C:\Projects\Wizardry 8\Local Screens\MGSPartyMovement.cpp
Wizardry8UnofficialPatchV1.261.7z,Wiz8New.exe,57a3072c2f8307de84e2f54ac58d3fcd7cf3cef18088bf0f0fdec2ac9202b2b1,path,embedded-string,ascii,.cpp,C:\Projects\Wizardry 8\Local Screens\MGSPortraits.cpp
Wizardry8UnofficialPatchV1.261.7z,Wiz8New.exe,57a3072c2f8307de84e2f54ac58d3fcd7cf3cef18088bf0f0fdec2ac9202b2b1,path,embedded-string,ascii,.cpp,C:\Projects\Wizardry 8\Local Screens\MGSSpellCasting.cpp
Wizardry8UnofficialPatchV1.261.7z,Wiz8New.exe,57a3072c2f8307de84e2f54ac58d3fcd7cf3cef18088bf0f0fdec2ac9202b2b1,path,embedded-string,ascii,.cpp,C:\Projects\Wizardry 8\Local Screens\MGSSpellIcons.cpp
Wizardry8UnofficialPatchV1.261.7z,Wiz8New.exe,57a3072c2f8307de84e2f54ac58d3fcd7cf3cef18088bf0f0fdec2ac9202b2b1,path,embedded-string,ascii,.cpp,C:\Projects\Wizardry 8\Local Screens\MGSTextBox.cpp
Wizardry8UnofficialPatchV1.261.7z,Wiz8New.exe,57a3072c2f8307de84e2f54ac58d3fcd7cf3cef18088bf0f0fdec2ac9202b2b1,path,embedded-string,ascii,.cpp,C:\Projects\Wizardry 8\Local Screens\MGSUseItemSelect.cpp
Wizardry8UnofficialPatchV1.261.7z,Wiz8New.exe,57a3072c2f8307de84e2f54ac58d3fcd7cf3cef18088bf0f0fdec2ac9202b2b1,path,embedded-string,ascii,.cpp,C:\Projects\Wizardry 8\Local Screens\mipe.cpp
Wizardry8UnofficialPatchV1.261.7z,Wiz8New.exe,57a3072c2f8307de84e2f54ac58d3fcd7cf3cef18088bf0f0fdec2ac9202b2b1,path,embedded-string,ascii,.cpp,C:\Projects\Wizardry 8\Local Screens\mipeEdit.cpp
Wizardry8UnofficialPatchV1.261.7z,Wiz8New.exe,57a3072c2f8307de84e2f54ac58d3fcd7cf3cef18088bf0f0fdec2ac9202b2b1,path,embedded-string,ascii,.cpp,C:\Projects\Wizardry 8\Local Screens\OptionsScreen.cpp
Wizardry8UnofficialPatchV1.261.7z,Wiz8New.exe,57a3072c2f8307de84e2f54ac58d3fcd7cf3cef18088bf0f0fdec2ac9202b2b1,path,embedded-string,ascii,.cpp,C:\Projects\Wizardry 8\Local Screens\PleaseWaitScreen.cpp
Wizardry8UnofficialPatchV1.261.7z,Wiz8New.exe,57a3072c2f8307de84e2f54ac58d3fcd7cf3cef18088bf0f0fdec2ac9202b2b1,path,embedded-string,ascii,.cpp,C:\Projects\Wizardry 8\Local Screens\RCSCommon.cpp
Wizardry8UnofficialPatchV1.261.7z,Wiz8New.exe,57a3072c2f8307de84e2f54ac58d3fcd7cf3cef18088bf0f0fdec2ac9202b2b1,path,embedded-string,ascii,.cpp,C:\Projects\Wizardry 8\Local Screens\RCSItemsPage.cpp
Wizardry8UnofficialPatchV1.261.7z,Wiz8New.exe,57a3072c2f8307de84e2f54ac58d3fcd7cf3cef18088bf0f0fdec2ac9202b2b1,path,embedded-string,ascii,.cpp,C:\Projects\Wizardry 8\Local Screens\ReviewCharacterScreen.cpp
Wizardry8UnofficialPatchV1.261.7z,Wiz8New.exe,57a3072c2f8307de84e2f54ac58d3fcd7cf3cef18088bf0f0fdec2ac9202b2b1,path,embedded-string,ascii,.cpp,C:\Projects\Wizardry 8\Local Screens\Screens.cpp
Wizardry8UnofficialPatchV1.261.7z,Wiz8New.exe,57a3072c2f8307de84e2f54ac58d3fcd7cf3cef18088bf0f0fdec2ac9202b2b1,path,embedded-string,ascii,.cpp,mimp.cpp
Wizardry8UnofficialPatchV1.261.7z,Wiz8New.exe,57a3072c2f8307de84e2f54ac58d3fcd7cf3cef18088bf0f0fdec2ac9202b2b1,path,embedded-string,ascii,.hpp,stHeap.hpp
Wizardry8UnofficialPatchV1.261.7z,Wiz8New.exe,57a3072c2f8307de84e2f54ac58d3fcd7cf3cef18088bf0f0fdec2ac9202b2b1,path,embedded-string,ascii,.hpp,stLight.hpp
Wizardry8UnofficialPatchV1.261.7z,Wiz8New.exe,57a3072c2f8307de84e2f54ac58d3fcd7cf3cef18088bf0f0fdec2ac9202b2b1,path,embedded-string,ascii,.hpp,Trigger.hpp
