program,vtable,slot_index,target,kind,import_name,import_signature,adjust,thunk_target
wiz8--demo--wiz8--8acda50afe39,005f7b34,0,0040113e,local,,,,
wiz8--demo--wiz8--8acda50afe39,005f7b34,1,00401152,local,,,,
wiz8--demo--wiz8--8acda50afe39,005f7d1c,0,00421bd0,local,,,,
wiz8--demo--wiz8--8acda50afe39,005f7d30,0,00429ed0,import-thunk,sr.dll!?sGetClassName@srColorSurface@@SAPBDXZ,public: static char const * __cdecl srColorSurface::sGetClassName(void),,
wiz8--demo--wiz8--8acda50afe39,005f7d30,1,00429ec0,local,,,,
wiz8--demo--wiz8--8acda50afe39,005f7d30,2,00429ee0,local,,,,
wiz8--demo--wiz8--8acda50afe39,005f7d30,3,005eb248,import-thunk,sr.dll!?dump@srColorSurface@@UAEXAAV?$basic_ostream@DU?$char_traits@D@std@@@std@@@Z,"public: virtual void __thiscall srColorSurface::dump(class std::basic_ostream<char, struct std::char_traits<char>> &)",,
wiz8--demo--wiz8--8acda50afe39,005f7d30,4,005eb2ba,import-thunk,sr.dll!?verify@srClass@@UAEXW4e_verify@srRuntimeClass@@@Z,public: virtual void __thiscall srClass::verify(enum srRuntimeClass::e_verify),,
wiz8--demo--wiz8--8acda50afe39,005f7d30,5,00424150,local,,,,
wiz8--demo--wiz8--8acda50afe39,005f7d30,6,005eb242,import-thunk,sr.dll!?vInstance@srColorSurface@@UAEPAVsrClass@@XZ,public: virtual class srClass * __thiscall srColorSurface::vInstance(void),,
wiz8--demo--wiz8--8acda50afe39,005f7d30,7,00429f50,local,,,,
wiz8--demo--wiz8--8acda50afe39,005f7d30,8,005eb23c,import-thunk,sr.dll!?getPixel@srColorSurfaceIFace@@UAEKJJ@Z,"public: virtual unsigned long __thiscall srColorSurfaceIFace::getPixel(long, long)",,
wiz8--demo--wiz8--8acda50afe39,005f7d30,9,005eb236,import-thunk,sr.dll!?setPixel@srColorSurfaceIFace@@UAEXJJK@Z,"public: virtual void __thiscall srColorSurfaceIFace::setPixel(long, long, unsigned long)",,
wiz8--demo--wiz8--8acda50afe39,005f7d30,10,005eb230,import-thunk,sr.dll!?getPixelRaw@srColorSurface@@UAEKJJ@Z,"public: virtual unsigned long __thiscall srColorSurface::getPixelRaw(long, long)",,
wiz8--demo--wiz8--8acda50afe39,005f7d30,11,005eb22a,import-thunk,sr.dll!?setPixelRaw@srColorSurface@@UAEXJJK@Z,"public: virtual void __thiscall srColorSurface::setPixelRaw(long, long, unsigned long)",,
wiz8--demo--wiz8--8acda50afe39,005f7d30,12,005eb224,import-thunk,sr.dll!?getPixels@srColorSurface@@UAEXPAKPBVsrVector2i@@J@Z,"public: virtual void __thiscall srColorSurface::getPixels(unsigned long *, class srVector2i const *, long)",,
wiz8--demo--wiz8--8acda50afe39,005f7d30,13,005eb21e,import-thunk,sr.dll!?setPixels@srColorSurface@@UAEXPBKPBVsrVector2i@@J@Z,"public: virtual void __thiscall srColorSurface::setPixels(unsigned long const *, class srVector2i const *, long)",,
wiz8--demo--wiz8--8acda50afe39,005f7d30,14,005eb218,import-thunk,sr.dll!?getPixelsRaw@srColorSurface@@UAEXPAXPBVsrVector2i@@J@Z,"public: virtual void __thiscall srColorSurface::getPixelsRaw(void *, class srVector2i const *, long)",,
wiz8--demo--wiz8--8acda50afe39,005f7d30,15,005eb212,import-thunk,sr.dll!?setPixelsRaw@srColorSurface@@UAEXPBXPBVsrVector2i@@J@Z,"public: virtual void __thiscall srColorSurface::setPixelsRaw(void const *, class srVector2i const *, long)",,
wiz8--demo--wiz8--8acda50afe39,005f7d30,16,005eb20c,import-thunk,sr.dll!?getPixelColumn@srColorSurface@@UAEXPAKJJJ@Z,"public: virtual void __thiscall srColorSurface::getPixelColumn(unsigned long *, long, long, long)",,
wiz8--demo--wiz8--8acda50afe39,005f7d30,17,005eb206,import-thunk,sr.dll!?setPixelColumn@srColorSurface@@UAEXPBKJJJ@Z,"public: virtual void __thiscall srColorSurface::setPixelColumn(unsigned long const *, long, long, long)",,
wiz8--demo--wiz8--8acda50afe39,005f7d30,18,005eb200,import-thunk,sr.dll!?getPalette@srColorSurface@@UAEPAVsrPalette@@XZ,public: virtual class srPalette * __thiscall srColorSurface::getPalette(void),,
wiz8--demo--wiz8--8acda50afe39,005f7d30,19,005eb1fa,import-thunk,sr.dll!?setPalette@srColorSurface@@UAEXPAVsrPalette@@@Z,public: virtual void __thiscall srColorSurface::setPalette(class srPalette *),,
wiz8--demo--wiz8--8acda50afe39,005f7d30,20,005eb1f4,import-thunk,sr.dll!?getDataPtr@srColorSurface@@UAEPAXXZ,public: virtual void * __thiscall srColorSurface::getDataPtr(void),,
wiz8--demo--wiz8--8acda50afe39,005f7d30,21,005eb1ee,import-thunk,sr.dll!?getDataSize@srColorSurface@@UAEJXZ,public: virtual long __thiscall srColorSurface::getDataSize(void),,
wiz8--demo--wiz8--8acda50afe39,005f7d30,22,005eb1e8,import-thunk,sr.dll!?resize@srColorSurface@@UAEHJJ@Z,"public: virtual int __thiscall srColorSurface::resize(long, long)",,
wiz8--demo--wiz8--8acda50afe39,005f7d30,23,005eb1e2,import-thunk,sr.dll!?rescale@srColorSurface@@UAEHJJ@Z,"public: virtual int __thiscall srColorSurface::rescale(long, long)",,
wiz8--demo--wiz8--8acda50afe39,005f7d30,24,005eb1dc,import-thunk,sr.dll!?changePixelFormat@srColorSurface@@UAEHABUPixelFormat@srPixelConvert@@H@Z,"public: virtual int __thiscall srColorSurface::changePixelFormat(struct srPixelConvert::PixelFormat const &, int)",,
wiz8--demo--wiz8--8acda50afe39,005f7d30,25,005eb1d6,import-thunk,sr.dll!?fill@srColorSurface@@UAEXK@Z,public: virtual void __thiscall srColorSurface::fill(unsigned long),,
wiz8--demo--wiz8--8acda50afe39,005f7d30,26,005eb1d0,import-thunk,sr.dll!?setHLine@srColorSurface@@UAEXJJJK@Z,"public: virtual void __thiscall srColorSurface::setHLine(long, long, long, unsigned long)",,
wiz8--demo--wiz8--8acda50afe39,005f7d30,27,005eb1ca,import-thunk,sr.dll!?setVLine@srColorSurface@@UAEXJJJK@Z,"public: virtual void __thiscall srColorSurface::setVLine(long, long, long, unsigned long)",,
wiz8--demo--wiz8--8acda50afe39,005f7d30,28,005eb1c4,import-thunk,sr.dll!?setLine@srColorSurfaceIFace@@UAEXJJJJK@Z,"public: virtual void __thiscall srColorSurfaceIFace::setLine(long, long, long, long, unsigned long)",,
wiz8--demo--wiz8--8acda50afe39,005f7d30,29,005eb1be,import-thunk,sr.dll!?composite@srColorSurfaceIFace@@UAEXJJAAV1@JJJJN@Z,"public: virtual void __thiscall srColorSurfaceIFace::composite(long, long, class srColorSurfaceIFace &, long, long, long, long, double)",,
wiz8--demo--wiz8--8acda50afe39,005f7d30,30,005eb1b8,import-thunk,sr.dll!?blit@srColorSurfaceIFace@@UAEXABUBlitInfo@1@AAV1@@Z,"public: virtual void __thiscall srColorSurfaceIFace::blit(struct srColorSurfaceIFace::BlitInfo const &, class srColorSurfaceIFace &)",,
wiz8--demo--wiz8--8acda50afe39,005f7d30,31,005eb1b2,import-thunk,sr.dll!?blit@srColorSurface@@UAEXJJAAVsrColorSurfaceIFace@@JJJJ@Z,"public: virtual void __thiscall srColorSurface::blit(long, long, class srColorSurfaceIFace &, long, long, long, long)",,
wiz8--demo--wiz8--8acda50afe39,005f7d30,32,005eb1ac,import-thunk,sr.dll!?copy@srColorSurfaceIFace@@UAEXAAV1@@Z,public: virtual void __thiscall srColorSurfaceIFace::copy(class srColorSurfaceIFace &),,
wiz8--demo--wiz8--8acda50afe39,005f7d30,33,005eb1a6,import-thunk,sr.dll!?swapPixelRows@srColorSurface@@UAEXJJJJJ@Z,"public: virtual void __thiscall srColorSurface::swapPixelRows(long, long, long, long, long)",,
wiz8--demo--wiz8--8acda50afe39,005f7d30,34,005eb1a0,import-thunk,sr.dll!?flipRectangle@srColorSurface@@UAEXABURectangle@srColorSurfaceIFace@@@Z,public: virtual void __thiscall srColorSurface::flipRectangle(struct srColorSurfaceIFace::Rectangle const &),,
wiz8--demo--wiz8--8acda50afe39,005f7d30,35,005eb19a,import-thunk,sr.dll!?adjust@srColorSurfaceIFace@@UAEXABV?$srVector4T@M@@00@Z,"public: virtual void __thiscall srColorSurfaceIFace::adjust(class srVector4T<float> const &, class srVector4T<float> const &, class srVector4T<float> const &)",,
wiz8--demo--wiz8--8acda50afe39,005f7d30,36,005eb194,import-thunk,sr.dll!?adjustSaturation@srColorSurfaceIFace@@UAEXN@Z,public: virtual void __thiscall srColorSurfaceIFace::adjustSaturation(double),,
wiz8--demo--wiz8--8acda50afe39,005f7d30,37,005eb18e,import-thunk,sr.dll!?getChannelStatistics@srColorSurfaceIFace@@UAEXAAVsrStat@@W4e_index@srARGB@@@Z,"public: virtual void __thiscall srColorSurfaceIFace::getChannelStatistics(class srStat &, enum srARGB::e_index)",,
wiz8--demo--wiz8--8acda50afe39,005f7d30,38,005eb188,import-thunk,sr.dll!?remapPixels@srColorSurfaceIFace@@UAEXABVsrARGB@@0@Z,"public: virtual void __thiscall srColorSurfaceIFace::remapPixels(class srARGB const &, class srARGB const &)",,
wiz8--demo--wiz8--8acda50afe39,005f7d30,39,005eb182,import-thunk,sr.dll!?copyColorChannel@srColorSurfaceIFace@@UAEXW4e_index@srARGB@@0@Z,"public: virtual void __thiscall srColorSurfaceIFace::copyColorChannel(enum srARGB::e_index, enum srARGB::e_index)",,
wiz8--demo--wiz8--8acda50afe39,005f7d30,40,005eb17c,import-thunk,sr.dll!?flipColorChannels@srColorSurfaceIFace@@UAEXW4e_index@srARGB@@0@Z,"public: virtual void __thiscall srColorSurfaceIFace::flipColorChannels(enum srARGB::e_index, enum srARGB::e_index)",,
wiz8--demo--wiz8--8acda50afe39,005f7d30,41,005eb176,import-thunk,sr.dll!?getPixelRow@srColorSurface@@UAEXPAKJJJ@Z,"public: virtual void __thiscall srColorSurface::getPixelRow(unsigned long *, long, long, long)",,
wiz8--demo--wiz8--8acda50afe39,005f7d30,42,005eb170,import-thunk,sr.dll!?setPixelRow@srColorSurface@@UAEXPBKJJJ@Z,"public: virtual void __thiscall srColorSurface::setPixelRow(unsigned long const *, long, long, long)",,
wiz8--demo--wiz8--8acda50afe39,005f7d30,43,005eb16a,import-thunk,sr.dll!?getPixelRowRaw@srColorSurface@@UAEXPAXJJJ@Z,"public: virtual void __thiscall srColorSurface::getPixelRowRaw(void *, long, long, long)",,
wiz8--demo--wiz8--8acda50afe39,005f7d30,44,005eb164,import-thunk,sr.dll!?setPixelRowRaw@srColorSurface@@UAEXPBXJJJ@Z,"public: virtual void __thiscall srColorSurface::setPixelRowRaw(void const *, long, long, long)",,
wiz8--demo--wiz8--8acda50afe39,005f7d30,45,005eb15e,import-thunk,sr.dll!?copyNoScaling@srColorSurface@@EAEXAAVsrColorSurfaceIFace@@@Z,private: virtual void __thiscall srColorSurface::copyNoScaling(class srColorSurfaceIFace &),,
wiz8--demo--wiz8--8acda50afe39,005f7d30,46,005eb158,import-thunk,sr.dll!?scaleHorizontal@srColorSurfaceIFace@@MAEXAAV1@@Z,protected: virtual void __thiscall srColorSurfaceIFace::scaleHorizontal(class srColorSurfaceIFace &),,
wiz8--demo--wiz8--8acda50afe39,005f7d30,47,005eb152,import-thunk,sr.dll!?scaleVertical@srColorSurfaceIFace@@MAEXAAV1@@Z,protected: virtual void __thiscall srColorSurfaceIFace::scaleVertical(class srColorSurfaceIFace &),,
wiz8--demo--wiz8--8acda50afe39,005f7d30,48,005eb14c,import-thunk,sr.dll!?scaleFast@srColorSurface@@EAEXAAVsrColorSurfaceIFace@@@Z,private: virtual void __thiscall srColorSurface::scaleFast(class srColorSurfaceIFace &),,
wiz8--demo--wiz8--8acda50afe39,005f7d30,49,005eb146,import-thunk,sr.dll!?scale@srColorSurfaceIFace@@MAEXAAV1@@Z,protected: virtual void __thiscall srColorSurfaceIFace::scale(class srColorSurfaceIFace &),,
wiz8--demo--wiz8--8acda50afe39,005f7d30,50,005eb140,import-thunk,sr.dll!?magnify@srColorSurfaceIFace@@MAEXAAV1@@Z,protected: virtual void __thiscall srColorSurfaceIFace::magnify(class srColorSurfaceIFace &),,
wiz8--demo--wiz8--8acda50afe39,005f7d30,51,005eb13a,import-thunk,sr.dll!?minify@srColorSurfaceIFace@@MAEXAAV1@@Z,protected: virtual void __thiscall srColorSurfaceIFace::minify(class srColorSurfaceIFace &),,
wiz8--demo--wiz8--8acda50afe39,005f7e00,0,0042a1a0,import-thunk,sr.dll!?sGetClassName@srMaterial@@SAPBDXZ,public: static char const * __cdecl srMaterial::sGetClassName(void),,
wiz8--demo--wiz8--8acda50afe39,005f7e00,1,0042a190,local,,,,
wiz8--demo--wiz8--8acda50afe39,005f7e00,2,004870c0,local,,,,
wiz8--demo--wiz8--8acda50afe39,005f7e00,3,005eb278,import-thunk,sr.dll!?dump@srMaterial@@UAEXAAV?$basic_ostream@DU?$char_traits@D@std@@@std@@@Z,"public: virtual void __thiscall srMaterial::dump(class std::basic_ostream<char, struct std::char_traits<char>> &)",,
wiz8--demo--wiz8--8acda50afe39,005f7e00,4,005eb272,import-thunk,sr.dll!?verify@srMaterial@@UAEXW4e_verify@srRuntimeClass@@@Z,public: virtual void __thiscall srMaterial::verify(enum srRuntimeClass::e_verify),,
wiz8--demo--wiz8--8acda50afe39,005f7e00,5,0042a5d0,local,,,,
wiz8--demo--wiz8--8acda50afe39,005f7e00,6,005eb26c,import-thunk,sr.dll!?vInstance@srMaterial@@UAEPAVsrClass@@XZ,public: virtual class srClass * __thiscall srMaterial::vInstance(void),,
wiz8--demo--wiz8--8acda50afe39,005f7e00,7,0042a1b0,local,,,,
wiz8--demo--wiz8--8acda50afe39,005f7e00,8,005eb266,import-thunk,sr.dll!?getMaterialInfo@srMaterial@@UAEXAAUMaterialInfo@srVertexProcessor@@@Z,public: virtual void __thiscall srMaterial::getMaterialInfo(struct srVertexProcessor::MaterialInfo &),,
wiz8--demo--wiz8--8acda50afe39,005f7e00,9,005eb260,import-thunk,sr.dll!?preProcess@srMaterial@@UAEXAAVsrVertexPipe@@@Z,public: virtual void __thiscall srMaterial::preProcess(class srVertexPipe &),,
wiz8--demo--wiz8--8acda50afe39,005f7e00,10,005eb25a,import-thunk,sr.dll!?postProcess@srMaterial@@UAEXAAVsrVertexPipe@@@Z,public: virtual void __thiscall srMaterial::postProcess(class srVertexPipe &),,
wiz8--demo--wiz8--8acda50afe39,005f7e00,11,005eb254,import-thunk,sr.dll!?updateParms@srMaterial@@MAEXXZ,protected: virtual void __thiscall srMaterial::updateParms(void),,
wiz8--demo--wiz8--8acda50afe39,005f7e00,12,005eb24e,import-thunk,sr.dll!?reset@srMaterial@@MAEXXZ,protected: virtual void __thiscall srMaterial::reset(void),,
wiz8--demo--wiz8--8acda50afe39,005f7e34,0,0042a480,local,,,,
wiz8--demo--wiz8--8acda50afe39,005f7e34,1,0042a470,local,,,,
wiz8--demo--wiz8--8acda50afe39,005f7e34,2,0042a490,local,,,,
wiz8--demo--wiz8--8acda50afe39,005f7e34,3,005eb290,import-thunk,sr.dll!?dump@srCamera@@UAEXAAV?$basic_ostream@DU?$char_traits@D@std@@@std@@@Z,"public: virtual void __thiscall srCamera::dump(class std::basic_ostream<char, struct std::char_traits<char>> &)",,
wiz8--demo--wiz8--8acda50afe39,005f7e34,4,005eb2ba,import-thunk,sr.dll!?verify@srClass@@UAEXW4e_verify@srRuntimeClass@@@Z,public: virtual void __thiscall srClass::verify(enum srRuntimeClass::e_verify),,
wiz8--demo--wiz8--8acda50afe39,005f7e34,5,0042a610,local,,,,
wiz8--demo--wiz8--8acda50afe39,005f7e34,6,005eb28a,import-thunk,sr.dll!?vInstance@srCamera@@UAEPAVsrClass@@XZ,public: virtual class srClass * __thiscall srCamera::vInstance(void),,
wiz8--demo--wiz8--8acda50afe39,005f7e34,7,0042a500,local,,,,
wiz8--demo--wiz8--8acda50afe39,005f7e34,8,005eb284,import-thunk,sr.dll!?traverse@srNode@@UAEXAAVTraverseInfo@1@@Z,public: virtual void __thiscall srNode::traverse(class srNode::TraverseInfo &),,
wiz8--demo--wiz8--8acda50afe39,005f7e34,9,005eb27e,import-thunk,sr.dll!?process@srCamera@@UAEXABUProcessInfo@srNode@@W4e_processType@3@@Z,"public: virtual void __thiscall srCamera::process(struct srNode::ProcessInfo const &, enum srNode::e_processType)",,
wiz8--demo--wiz8--8acda50afe39,005f7e34,10,005eb2a2,import-thunk,sr.dll!?getLocalBounds@srNode@@UAEXAAUBoundInfo@1@@Z,public: virtual void __thiscall srNode::getLocalBounds(struct srNode::BoundInfo &),,
wiz8--demo--wiz8--8acda50afe39,005f7e34,11,005eb29c,import-thunk,sr.dll!?updateBounds@srNode@@UAEXXZ,public: virtual void __thiscall srNode::updateBounds(void),,
wiz8--demo--wiz8--8acda50afe39,005f7e34,12,005eb296,import-thunk,sr.dll!?processSignal@srNode@@MAEHKPAX@Z,"protected: virtual int __thiscall srNode::processSignal(unsigned long, void *)",,
wiz8--demo--wiz8--8acda50afe39,005f7e68,0,0042a530,local,,,,
wiz8--demo--wiz8--8acda50afe39,005f7e68,1,0042a520,local,,,,
wiz8--demo--wiz8--8acda50afe39,005f7e68,2,0042a540,local,,,,
wiz8--demo--wiz8--8acda50afe39,005f7e68,3,005eb2c0,import-thunk,sr.dll!?dump@srScene@@UAEXAAV?$basic_ostream@DU?$char_traits@D@std@@@std@@@Z,"public: virtual void __thiscall srScene::dump(class std::basic_ostream<char, struct std::char_traits<char>> &)",,
wiz8--demo--wiz8--8acda50afe39,005f7e68,4,005eb2ba,import-thunk,sr.dll!?verify@srClass@@UAEXW4e_verify@srRuntimeClass@@@Z,public: virtual void __thiscall srClass::verify(enum srRuntimeClass::e_verify),,
wiz8--demo--wiz8--8acda50afe39,005f7e68,5,0042a730,local,,,,
wiz8--demo--wiz8--8acda50afe39,005f7e68,6,005eb2b4,import-thunk,sr.dll!?vInstance@srScene@@UAEPAVsrClass@@XZ,public: virtual class srClass * __thiscall srScene::vInstance(void),,
wiz8--demo--wiz8--8acda50afe39,005f7e68,7,0042a5b0,local,,,,
wiz8--demo--wiz8--8acda50afe39,005f7e68,8,005eb2ae,import-thunk,sr.dll!?traverse@srScene@@UAEXAAVTraverseInfo@srNode@@@Z,public: virtual void __thiscall srScene::traverse(class srNode::TraverseInfo &),,
wiz8--demo--wiz8--8acda50afe39,005f7e68,9,005eb2a8,import-thunk,sr.dll!?process@srScene@@UAEXABUProcessInfo@srNode@@W4e_processType@3@@Z,"public: virtual void __thiscall srScene::process(struct srNode::ProcessInfo const &, enum srNode::e_processType)",,
wiz8--demo--wiz8--8acda50afe39,005f7e68,10,005eb2a2,import-thunk,sr.dll!?getLocalBounds@srNode@@UAEXAAUBoundInfo@1@@Z,public: virtual void __thiscall srNode::getLocalBounds(struct srNode::BoundInfo &),,
wiz8--demo--wiz8--8acda50afe39,005f7e68,11,005eb29c,import-thunk,sr.dll!?updateBounds@srNode@@UAEXXZ,public: virtual void __thiscall srNode::updateBounds(void),,
wiz8--demo--wiz8--8acda50afe39,005f7e68,12,005eb296,import-thunk,sr.dll!?processSignal@srNode@@MAEHKPAX@Z,"protected: virtual int __thiscall srNode::processSignal(unsigned long, void *)",,
wiz8--demo--wiz8--8acda50afe39,005f7e9c,0,00424130,local,,,,
wiz8--demo--wiz8--8acda50afe39,005f7eb8,0,0042a010,local,,,,
wiz8--demo--wiz8--8acda50afe39,005f7eb8,1,0042a000,local,,,,
wiz8--demo--wiz8--8acda50afe39,005f7eb8,2,0042a020,local,,,,
wiz8--demo--wiz8--8acda50afe39,005f7eb8,3,005eb320,import-thunk,sr.dll!?dump@srMeshModel@@UAEXAAV?$basic_ostream@DU?$char_traits@D@std@@@std@@@Z,"public: virtual void __thiscall srMeshModel::dump(class std::basic_ostream<char, struct std::char_traits<char>> &)",,
wiz8--demo--wiz8--8acda50afe39,005f7eb8,4,005eb31a,import-thunk,sr.dll!?verify@srMeshModel@@UAEXW4e_verify@srRuntimeClass@@@Z,public: virtual void __thiscall srMeshModel::verify(enum srRuntimeClass::e_verify),,
wiz8--demo--wiz8--8acda50afe39,005f7eb8,5,00429fa0,local,,,,
wiz8--demo--wiz8--8acda50afe39,005f7eb8,6,005eb314,import-thunk,sr.dll!?vInstance@srMeshModel@@UAEPAVsrClass@@XZ,public: virtual class srClass * __thiscall srMeshModel::vInstance(void),,
wiz8--demo--wiz8--8acda50afe39,005f7eb8,7,0042a090,local,,,,
wiz8--demo--wiz8--8acda50afe39,005f7eb8,8,005eb30e,import-thunk,sr.dll!?getBoundingSphere@srMeshModel@@UAEHAAV?$srVector3T@M@@AAM@Z,"public: virtual int __thiscall srMeshModel::getBoundingSphere(class srVector3T<float> &, float &)",,
wiz8--demo--wiz8--8acda50afe39,005f7eb8,9,005eb308,import-thunk,sr.dll!?getBoundingBox@srMeshModel@@UAEHAAV?$srVector3T@M@@0@Z,"public: virtual int __thiscall srMeshModel::getBoundingBox(class srVector3T<float> &, class srVector3T<float> &)",,
wiz8--demo--wiz8--8acda50afe39,005f7eb8,10,005eb302,import-thunk,sr.dll!?render@srMeshModel@@UAEXAAVsrGERD@@@Z,public: virtual void __thiscall srMeshModel::render(class srGERD &),,
wiz8--demo--wiz8--8acda50afe39,005f7eb8,11,005eb2fc,import-thunk,sr.dll!?updateAllClients@srModel@@UAEXW4e_update@Client@1@@Z,public: virtual void __thiscall srModel::updateAllClients(enum srModel::Client::e_update),,
wiz8--demo--wiz8--8acda50afe39,005f7eb8,12,005eb2f6,import-thunk,sr.dll!?reindexPolygons@srMeshModel@@UAEXPBK@Z,public: virtual void __thiscall srMeshModel::reindexPolygons(unsigned long const *),,
wiz8--demo--wiz8--8acda50afe39,005f7eb8,13,005eb2f0,import-thunk,sr.dll!?reindexVertices@srMeshModel@@UAEXPBK@Z,public: virtual void __thiscall srMeshModel::reindexVertices(unsigned long const *),,
wiz8--demo--wiz8--8acda50afe39,005f7eb8,14,005eb2ea,import-thunk,sr.dll!?getTriMesh@srMeshModel@@UAEABUTriMesh@1@XZ,public: virtual struct srMeshModel::TriMesh const & __thiscall srMeshModel::getTriMesh(void),,
wiz8--demo--wiz8--8acda50afe39,005f7eb8,15,005eb2e4,import-thunk,sr.dll!?getTriMesh@srMeshModel@@UAEXAAUTriMesh@1@@Z,public: virtual void __thiscall srMeshModel::getTriMesh(struct srMeshModel::TriMesh &),,
wiz8--demo--wiz8--8acda50afe39,005f7eb8,16,005eb2de,import-thunk,sr.dll!?renderTriMesh@srMeshModel@@UAEXAAVsrGERD@@ABUTriMesh@1@@Z,"public: virtual void __thiscall srMeshModel::renderTriMesh(class srGERD &, struct srMeshModel::TriMesh const &)",,
wiz8--demo--wiz8--8acda50afe39,005f7eb8,17,005eb2d8,import-thunk,sr.dll!?updateTriMesh@srMeshModel@@MAEXXZ,protected: virtual void __thiscall srMeshModel::updateTriMesh(void),,
wiz8--demo--wiz8--8acda50afe39,005f7eb8,18,005eb2d2,import-thunk,sr.dll!?calculateBounds@srMeshModel@@MAEXXZ,protected: virtual void __thiscall srMeshModel::calculateBounds(void),,
wiz8--demo--wiz8--8acda50afe39,005f7eb8,19,005eb2cc,import-thunk,sr.dll!?calculatePolygonNormals@srMeshModel@@MAEXXZ,protected: virtual void __thiscall srMeshModel::calculatePolygonNormals(void),,
wiz8--demo--wiz8--8acda50afe39,005f7eb8,20,005eb2c6,import-thunk,sr.dll!?calculateVertexNormals@srMeshModel@@MAEXXZ,protected: virtual void __thiscall srMeshModel::calculateVertexNormals(void),,
wiz8--demo--wiz8--8acda50afe39,005f7f0c,0,0042a0c0,local,,,,
wiz8--demo--wiz8--8acda50afe39,005f7f0c,1,0042a0b0,local,,,,
wiz8--demo--wiz8--8acda50afe39,005f7f0c,2,0042a0d0,local,,,,
wiz8--demo--wiz8--8acda50afe39,005f7f0c,3,005eb362,import-thunk,sr.dll!?dump@srTextureMap@@UAEXAAV?$basic_ostream@DU?$char_traits@D@std@@@std@@@Z,"public: virtual void __thiscall srTextureMap::dump(class std::basic_ostream<char, struct std::char_traits<char>> &)",,
wiz8--demo--wiz8--8acda50afe39,005f7f0c,4,005eb2ba,import-thunk,sr.dll!?verify@srClass@@UAEXW4e_verify@srRuntimeClass@@@Z,public: virtual void __thiscall srClass::verify(enum srRuntimeClass::e_verify),,
wiz8--demo--wiz8--8acda50afe39,005f7f0c,5,00429fd0,local,,,,
wiz8--demo--wiz8--8acda50afe39,005f7f0c,6,005eb35c,import-thunk,sr.dll!?vInstance@srTextureMap@@UAEPAVsrClass@@XZ,public: virtual class srClass * __thiscall srTextureMap::vInstance(void),,
wiz8--demo--wiz8--8acda50afe39,005f7f0c,7,0042a170,local,,,,
wiz8--demo--wiz8--8acda50afe39,005f7f0c,8,005eb356,import-thunk,sr.dll!?getTextureFrameHandle@srTextureMap@@UAEKXZ,public: virtual unsigned long __thiscall srTextureMap::getTextureFrameHandle(void),,
wiz8--demo--wiz8--8acda50afe39,005f7f0c,9,005eb350,import-thunk,sr.dll!?getPriority@srTexture@@UAEMXZ,public: virtual float __thiscall srTexture::getPriority(void),,
wiz8--demo--wiz8--8acda50afe39,005f7f0c,10,005eb34a,import-thunk,sr.dll!?getDimensions@srTexture@@UAEXAAUDimensions@srTextureIFace@@@Z,public: virtual void __thiscall srTexture::getDimensions(struct srTextureIFace::Dimensions &),,
wiz8--demo--wiz8--8acda50afe39,005f7f0c,11,005eb344,import-thunk,sr.dll!?getMipmapData@srTextureMap@@UAEXAAUMultiRequest@srTextureIFace@@@Z,public: virtual void __thiscall srTextureMap::getMipmapData(struct srTextureIFace::MultiRequest &),,
wiz8--demo--wiz8--8acda50afe39,005f7f0c,12,005eb33e,import-thunk,sr.dll!?getMipmapLevelPartial@srTexture@@UAEXAAUPartialRequest@srTextureIFace@@@Z,public: virtual void __thiscall srTexture::getMipmapLevelPartial(struct srTextureIFace::PartialRequest &),,
wiz8--demo--wiz8--8acda50afe39,005f7f0c,13,005eb338,import-thunk,sr.dll!?getTextureParms@srTexture@@UAEXAAUParameters@srTextureIFace@@@Z,public: virtual void __thiscall srTexture::getTextureParms(struct srTextureIFace::Parameters &),,
wiz8--demo--wiz8--8acda50afe39,005f7f0c,14,005eb332,import-thunk,sr.dll!?getTextureName@srTextureIFace@@UAEPBDXZ,public: virtual char const * __thiscall srTextureIFace::getTextureName(void),,
wiz8--demo--wiz8--8acda50afe39,005f7f0c,15,005eb32c,import-thunk,sr.dll!?invalidate@srTextureMap@@UAEXXZ,public: virtual void __thiscall srTextureMap::invalidate(void),,
wiz8--demo--wiz8--8acda50afe39,005f7f0c,16,005eb326,import-thunk,sr.dll!?setupDefaultValues@srTextureMap@@MAEXXZ,protected: virtual void __thiscall srTextureMap::setupDefaultValues(void),,
wiz8--demo--wiz8--8acda50afe39,005f7f88,0,0042a1a0,import-thunk,sr.dll!?sGetClassName@srMaterial@@SAPBDXZ,public: static char const * __cdecl srMaterial::sGetClassName(void),,
wiz8--demo--wiz8--8acda50afe39,005f7f88,1,0042a190,local,,,,
wiz8--demo--wiz8--8acda50afe39,005f7f88,2,004870c0,local,,,,
wiz8--demo--wiz8--8acda50afe39,005f7f88,3,005eb368,import-thunk,sr.dll!?dump@srClass@@UAEXAAV?$basic_ostream@DU?$char_traits@D@std@@@std@@@Z,"public: virtual void __thiscall srClass::dump(class std::basic_ostream<char, struct std::char_traits<char>> &)",,
wiz8--demo--wiz8--8acda50afe39,005f7f88,4,005eb2ba,import-thunk,sr.dll!?verify@srClass@@UAEXW4e_verify@srRuntimeClass@@@Z,public: virtual void __thiscall srClass::verify(enum srRuntimeClass::e_verify),,
wiz8--demo--wiz8--8acda50afe39,005f7f88,5,0042a700,local,,,,
wiz8--demo--wiz8--8acda50afe39,005f7f88,6,005eaf3a,pure-virtual,,,,
wiz8--demo--wiz8--8acda50afe39,005f7f88,7,0042a1b0,local,,,,
wiz8--demo--wiz8--8acda50afe39,005f7f88,8,005eaf3a,pure-virtual,,,,
wiz8--demo--wiz8--8acda50afe39,005f7f88,9,005eaf3a,pure-virtual,,,,
wiz8--demo--wiz8--8acda50afe39,005f7f88,10,005eaf3a,pure-virtual,,,,
wiz8--demo--wiz8--8acda50afe39,005f7fb4,0,0042a2f0,import-thunk,sr.dll!?sGetClassName@srMaterialIFace@@SAPBDXZ,public: static char const * __cdecl srMaterialIFace::sGetClassName(void),,
wiz8--demo--wiz8--8acda50afe39,005f7fb4,1,0042a2e0,local,,,,
wiz8--demo--wiz8--8acda50afe39,005f7fb4,2,0042a300,local,,,,
wiz8--demo--wiz8--8acda50afe39,005f7fb4,3,005eb368,import-thunk,sr.dll!?dump@srClass@@UAEXAAV?$basic_ostream@DU?$char_traits@D@std@@@std@@@Z,"public: virtual void __thiscall srClass::dump(class std::basic_ostream<char, struct std::char_traits<char>> &)",,
wiz8--demo--wiz8--8acda50afe39,005f7fb4,4,005eb2ba,import-thunk,sr.dll!?verify@srClass@@UAEXW4e_verify@srRuntimeClass@@@Z,public: virtual void __thiscall srClass::verify(enum srRuntimeClass::e_verify),,
wiz8--demo--wiz8--8acda50afe39,005f7fb4,5,0042a640,local,,,,
wiz8--demo--wiz8--8acda50afe39,005f7fb4,6,005eaf3a,pure-virtual,,,,
wiz8--demo--wiz8--8acda50afe39,005f7fb4,7,0042a340,local,,,,
wiz8--demo--wiz8--8acda50afe39,005f7fd4,0,0042a810,local,,,,
wiz8--demo--wiz8--8acda50afe39,005f7fd8,0,0042a7e0,local,,,,
wiz8--demo--wiz8--8acda50afe39,005f7ff0,0,0042c070,local,,,,
wiz8--demo--wiz8--8acda50afe39,005f7ff0,1,004d8f90,local,,,,
wiz8--demo--wiz8--8acda50afe39,005f7ff0,2,004f9cb0,local,,,,
wiz8--demo--wiz8--8acda50afe39,005f8000,0,0042c350,local,,,,
wiz8--demo--wiz8--8acda50afe39,005f8004,0,0042c380,local,,,,
wiz8--demo--wiz8--8acda50afe39,005f8008,0,0042c3b0,local,,,,
wiz8--demo--wiz8--8acda50afe39,005f800c,0,0042c320,local,,,,
wiz8--demo--wiz8--8acda50afe39,005f8024,0,0043a500,local,,,,
wiz8--demo--wiz8--8acda50afe39,005f8038,0,0043a530,local,,,,
wiz8--demo--wiz8--8acda50afe39,005f8098,0,0043aad0,local,,,,
wiz8--demo--wiz8--8acda50afe39,005f8098,1,005eb3a4,import-thunk,sr.dll!?getAscTime@srTimer@@UAEPADPADW4e_timerReadControl@1@@Z,"public: virtual char * __thiscall srTimer::getAscTime(char *, enum srTimer::e_timerReadControl)",,
wiz8--demo--wiz8--8acda50afe39,005f8098,2,005eb39e,import-thunk,sr.dll!?pause@srTimer@@UAEHXZ,public: virtual int __thiscall srTimer::pause(void),,
wiz8--demo--wiz8--8acda50afe39,005f8098,3,005eb398,import-thunk,sr.dll!?resume@srTimer@@UAEKXZ,public: virtual unsigned long __thiscall srTimer::resume(void),,
wiz8--demo--wiz8--8acda50afe39,005f8098,4,005eb392,import-thunk,sr.dll!?reset@srTimer@@UAEHHHH@Z,"public: virtual int __thiscall srTimer::reset(int, int, int)",,
wiz8--demo--wiz8--8acda50afe39,005f8098,5,005eb38c,import-thunk,sr.dll!?getMsTime@srTimer@@UAEKW4e_timerReadControl@1@@Z,public: virtual unsigned long __thiscall srTimer::getMsTime(enum srTimer::e_timerReadControl),,
wiz8--demo--wiz8--8acda50afe39,005f8098,6,005eb386,import-thunk,sr.dll!?getTime@srTimer@@UAENW4e_timerReadControl@1@@Z,public: virtual double __thiscall srTimer::getTime(enum srTimer::e_timerReadControl),,
wiz8--demo--wiz8--8acda50afe39,005f8098,7,005eb380,import-thunk,sr.dll!?getUTime@srTimer@@UAEKAAVsrQuadWord@@W4e_timerReadControl@1@@Z,"public: virtual unsigned long __thiscall srTimer::getUTime(class srQuadWord &, enum srTimer::e_timerReadControl)",,
wiz8--demo--wiz8--8acda50afe39,005f8098,8,005eb37a,import-thunk,sr.dll!?getUTime@srTimer@@UAEKW4e_timerReadControl@1@@Z,public: virtual unsigned long __thiscall srTimer::getUTime(enum srTimer::e_timerReadControl),,
wiz8--demo--wiz8--8acda50afe39,005f8098,9,005eb374,import-thunk,sr.dll!?getRawTime@srTimer@@UAEKAAVsrQuadWord@@W4e_timerReadControl@1@@Z,"public: virtual unsigned long __thiscall srTimer::getRawTime(class srQuadWord &, enum srTimer::e_timerReadControl)",,
wiz8--demo--wiz8--8acda50afe39,005f8098,10,005eb36e,import-thunk,sr.dll!?getRawTime@srTimer@@UAEKW4e_timerReadControl@1@@Z,public: virtual unsigned long __thiscall srTimer::getRawTime(enum srTimer::e_timerReadControl),,
wiz8--demo--wiz8--8acda50afe39,005f80c4,0,0043aa50,local,,,,
wiz8--demo--wiz8--8acda50afe39,005f80cc,0,0043bf40,local,,,,
wiz8--demo--wiz8--8acda50afe39,005f8100,0,004474c0,local,,,,
wiz8--demo--wiz8--8acda50afe39,005f8104,0,00446e30,local,,,,
wiz8--demo--wiz8--8acda50afe39,005f8104,1,00446e20,local,,,,
wiz8--demo--wiz8--8acda50afe39,005f8104,2,00446e40,local,,,,
wiz8--demo--wiz8--8acda50afe39,005f8104,3,005eb368,import-thunk,sr.dll!?dump@srClass@@UAEXAAV?$basic_ostream@DU?$char_traits@D@std@@@std@@@Z,"public: virtual void __thiscall srClass::dump(class std::basic_ostream<char, struct std::char_traits<char>> &)",,
wiz8--demo--wiz8--8acda50afe39,005f8104,4,005eb2ba,import-thunk,sr.dll!?verify@srClass@@UAEXW4e_verify@srRuntimeClass@@@Z,public: virtual void __thiscall srClass::verify(enum srRuntimeClass::e_verify),,
wiz8--demo--wiz8--8acda50afe39,005f8104,5,0043ceb0,local,,,,
wiz8--demo--wiz8--8acda50afe39,005f8104,6,004473a0,local,,,,
wiz8--demo--wiz8--8acda50afe39,005f8104,7,00446e80,local,,,,
wiz8--demo--wiz8--8acda50afe39,005f8124,0,00446e30,local,,,,
wiz8--demo--wiz8--8acda50afe39,005f8124,1,00446e20,local,,,,
wiz8--demo--wiz8--8acda50afe39,005f8124,2,00446e40,local,,,,
wiz8--demo--wiz8--8acda50afe39,005f8124,3,005eb368,import-thunk,sr.dll!?dump@srClass@@UAEXAAV?$basic_ostream@DU?$char_traits@D@std@@@std@@@Z,"public: virtual void __thiscall srClass::dump(class std::basic_ostream<char, struct std::char_traits<char>> &)",,
wiz8--demo--wiz8--8acda50afe39,005f8124,4,005eb2ba,import-thunk,sr.dll!?verify@srClass@@UAEXW4e_verify@srRuntimeClass@@@Z,public: virtual void __thiscall srClass::verify(enum srRuntimeClass::e_verify),,
wiz8--demo--wiz8--8acda50afe39,005f8124,5,00447220,local,,,,
wiz8--demo--wiz8--8acda50afe39,005f8124,6,005eaf3a,pure-virtual,,,,
wiz8--demo--wiz8--8acda50afe39,005f8124,7,00446e80,local,,,,
wiz8--demo--wiz8--8acda50afe39,005f814c,0,00447370,local,,,,
wiz8--demo--wiz8--8acda50afe39,005f814c,1,00445c30,local,,,,
wiz8--demo--wiz8--8acda50afe39,005f8154,0,00447250,local,,,,
wiz8--demo--wiz8--8acda50afe39,005f815c,0,00447370,local,,,,
wiz8--demo--wiz8--8acda50afe39,005f815c,1,004460f0,local,,,,
wiz8--demo--wiz8--8acda50afe39,005f8164,0,00447250,local,,,,
wiz8--demo--wiz8--8acda50afe39,005f8170,0,00447320,local,,,,
wiz8--demo--wiz8--8acda50afe39,005f8174,0,00447570,local,,,,
wiz8--demo--wiz8--8acda50afe39,005f8178,0,00447540,local,,,,
wiz8--demo--wiz8--8acda50afe39,005f817c,0,00447280,local,,,,
wiz8--demo--wiz8--8acda50afe39,005f8180,0,00447520,local,,,,
wiz8--demo--wiz8--8acda50afe39,005f8184,0,004474f0,local,,,,
wiz8--demo--wiz8--8acda50afe39,005f8188,0,004475c0,local,,,,
wiz8--demo--wiz8--8acda50afe39,005f818c,0,00447590,local,,,,
wiz8--demo--wiz8--8acda50afe39,005f81e0,0,0044c080,local,,,,
wiz8--demo--wiz8--8acda50afe39,005f81e0,1,004502e0,local,,,,
wiz8--demo--wiz8--8acda50afe39,005f81e8,0,004502c0,local,,,,
wiz8--demo--wiz8--8acda50afe39,005f81ec,0,00450290,local,,,,
wiz8--demo--wiz8--8acda50afe39,005f81f0,0,004501f0,local,,,,
wiz8--demo--wiz8--8acda50afe39,005f81f0,1,00450190,local,,,,
wiz8--demo--wiz8--8acda50afe39,005f81f8,0,0044d240,local,,,,
wiz8--demo--wiz8--8acda50afe39,005f8220,0,00452d30,import-thunk,sr.dll!?sGetClassName@srNode@@SAPBDXZ,public: static char const * __cdecl srNode::sGetClassName(void),,
wiz8--demo--wiz8--8acda50afe39,005f8220,1,00452d20,local,,,,
wiz8--demo--wiz8--8acda50afe39,005f8220,2,00452d40,local,,,,
wiz8--demo--wiz8--8acda50afe39,005f8220,3,005eb3b6,import-thunk,sr.dll!?dump@srNode@@UAEXAAV?$basic_ostream@DU?$char_traits@D@std@@@std@@@Z,"public: virtual void __thiscall srNode::dump(class std::basic_ostream<char, struct std::char_traits<char>> &)",,
wiz8--demo--wiz8--8acda50afe39,005f8220,4,005eb2ba,import-thunk,sr.dll!?verify@srClass@@UAEXW4e_verify@srRuntimeClass@@@Z,public: virtual void __thiscall srClass::verify(enum srRuntimeClass::e_verify),,
wiz8--demo--wiz8--8acda50afe39,005f8220,5,00450730,local,,,,
wiz8--demo--wiz8--8acda50afe39,005f8220,6,005eb3b0,import-thunk,sr.dll!?vInstance@srNode@@UAEPAVsrClass@@XZ,public: virtual class srClass * __thiscall srNode::vInstance(void),,
wiz8--demo--wiz8--8acda50afe39,005f8220,7,00452d80,local,,,,
wiz8--demo--wiz8--8acda50afe39,005f8220,8,005eb284,import-thunk,sr.dll!?traverse@srNode@@UAEXAAVTraverseInfo@1@@Z,public: virtual void __thiscall srNode::traverse(class srNode::TraverseInfo &),,
wiz8--demo--wiz8--8acda50afe39,005f8220,9,005eb3aa,import-thunk,sr.dll!?process@srNode@@UAEXABUProcessInfo@1@W4e_processType@1@@Z,"public: virtual void __thiscall srNode::process(struct srNode::ProcessInfo const &, enum srNode::e_processType)",,
wiz8--demo--wiz8--8acda50afe39,005f8220,10,005eb2a2,import-thunk,sr.dll!?getLocalBounds@srNode@@UAEXAAUBoundInfo@1@@Z,public: virtual void __thiscall srNode::getLocalBounds(struct srNode::BoundInfo &),,
wiz8--demo--wiz8--8acda50afe39,005f8220,11,005eb29c,import-thunk,sr.dll!?updateBounds@srNode@@UAEXXZ,public: virtual void __thiscall srNode::updateBounds(void),,
wiz8--demo--wiz8--8acda50afe39,005f8220,12,005eb296,import-thunk,sr.dll!?processSignal@srNode@@MAEHKPAX@Z,"protected: virtual int __thiscall srNode::processSignal(unsigned long, void *)",,
wiz8--demo--wiz8--8acda50afe39,005f827c,0,00453030,local,,,,
wiz8--demo--wiz8--8acda50afe39,005f8280,0,00453000,local,,,,
wiz8--demo--wiz8--8acda50afe39,005f8284,0,00452fc0,local,,,,
wiz8--demo--wiz8--8acda50afe39,005f8288,0,00452f90,local,,,,
wiz8--demo--wiz8--8acda50afe39,005f828c,0,00452f50,local,,,,
wiz8--demo--wiz8--8acda50afe39,005f8290,0,00452f20,local,,,,
wiz8--demo--wiz8--8acda50afe39,005f8294,0,00452e90,local,,,,
wiz8--demo--wiz8--8acda50afe39,005f8298,0,00452e50,local,,,,
wiz8--demo--wiz8--8acda50afe39,005f829c,0,00453180,local,,,,
wiz8--demo--wiz8--8acda50afe39,005f82a0,0,00453150,local,,,,
wiz8--demo--wiz8--8acda50afe39,005f82a4,0,00453110,local,,,,
wiz8--demo--wiz8--8acda50afe39,005f82a8,0,004530e0,local,,,,
wiz8--demo--wiz8--8acda50afe39,005f82ac,0,004530a0,local,,,,
wiz8--demo--wiz8--8acda50afe39,005f82b0,0,00453070,local,,,,
wiz8--demo--wiz8--8acda50afe39,005f82d0,0,00452f00,local,,,,
wiz8--demo--wiz8--8acda50afe39,005f82d4,0,00452ed0,local,,,,
wiz8--demo--wiz8--8acda50afe39,005f82e8,0,00453490,local,,,,
wiz8--demo--wiz8--8acda50afe39,005f82e8,1,00454c40,local,,,,
wiz8--demo--wiz8--8acda50afe39,005f82e8,2,00454c50,local,,,,
wiz8--demo--wiz8--8acda50afe39,005f82e8,3,004a9a80,local,,,,
wiz8--demo--wiz8--8acda50afe39,005f82e8,4,00457400,local,,,,
wiz8--demo--wiz8--8acda50afe39,005f833c,0,004575d0,local,,,,
wiz8--demo--wiz8--8acda50afe39,005f8340,0,004575a0,local,,,,
wiz8--demo--wiz8--8acda50afe39,005f8408,0,0046f960,local,,,,
wiz8--demo--wiz8--8acda50afe39,005f840c,0,0046f930,local,,,,
wiz8--demo--wiz8--8acda50afe39,005f846c,0,004770f0,local,,,,
wiz8--demo--wiz8--8acda50afe39,005f846c,1,004770e0,local,,,,
wiz8--demo--wiz8--8acda50afe39,005f846c,2,00477100,local,,,,
wiz8--demo--wiz8--8acda50afe39,005f846c,3,005eb320,import-thunk,sr.dll!?dump@srMeshModel@@UAEXAAV?$basic_ostream@DU?$char_traits@D@std@@@std@@@Z,"public: virtual void __thiscall srMeshModel::dump(class std::basic_ostream<char, struct std::char_traits<char>> &)",,
wiz8--demo--wiz8--8acda50afe39,005f846c,4,005eb31a,import-thunk,sr.dll!?verify@srMeshModel@@UAEXW4e_verify@srRuntimeClass@@@Z,public: virtual void __thiscall srMeshModel::verify(enum srRuntimeClass::e_verify),,
wiz8--demo--wiz8--8acda50afe39,005f846c,5,00473e20,local,,,,
wiz8--demo--wiz8--8acda50afe39,005f846c,6,004777f0,local,,,,
wiz8--demo--wiz8--8acda50afe39,005f846c,7,004771a0,local,,,,
wiz8--demo--wiz8--8acda50afe39,005f846c,8,00474d60,local,,,,
wiz8--demo--wiz8--8acda50afe39,005f846c,9,00474d10,local,,,,
wiz8--demo--wiz8--8acda50afe39,005f846c,10,005eb302,import-thunk,sr.dll!?render@srMeshModel@@UAEXAAVsrGERD@@@Z,public: virtual void __thiscall srMeshModel::render(class srGERD &),,
wiz8--demo--wiz8--8acda50afe39,005f846c,11,005eb2fc,import-thunk,sr.dll!?updateAllClients@srModel@@UAEXW4e_update@Client@1@@Z,public: virtual void __thiscall srModel::updateAllClients(enum srModel::Client::e_update),,
wiz8--demo--wiz8--8acda50afe39,005f846c,12,005eb2f6,import-thunk,sr.dll!?reindexPolygons@srMeshModel@@UAEXPBK@Z,public: virtual void __thiscall srMeshModel::reindexPolygons(unsigned long const *),,
wiz8--demo--wiz8--8acda50afe39,005f846c,13,005eb2f0,import-thunk,sr.dll!?reindexVertices@srMeshModel@@UAEXPBK@Z,public: virtual void __thiscall srMeshModel::reindexVertices(unsigned long const *),,
wiz8--demo--wiz8--8acda50afe39,005f846c,14,00475200,local,,,,
wiz8--demo--wiz8--8acda50afe39,005f846c,15,00475770,local,,,,
wiz8--demo--wiz8--8acda50afe39,005f846c,16,004732f0,local,,,,
wiz8--demo--wiz8--8acda50afe39,005f846c,17,005eb2d8,import-thunk,sr.dll!?updateTriMesh@srMeshModel@@MAEXXZ,protected: virtual void __thiscall srMeshModel::updateTriMesh(void),,
wiz8--demo--wiz8--8acda50afe39,005f846c,18,005eb2d2,import-thunk,sr.dll!?calculateBounds@srMeshModel@@MAEXXZ,protected: virtual void __thiscall srMeshModel::calculateBounds(void),,
wiz8--demo--wiz8--8acda50afe39,005f846c,19,005eb2cc,import-thunk,sr.dll!?calculatePolygonNormals@srMeshModel@@MAEXXZ,protected: virtual void __thiscall srMeshModel::calculatePolygonNormals(void),,
wiz8--demo--wiz8--8acda50afe39,005f846c,20,005eb2c6,import-thunk,sr.dll!?calculateVertexNormals@srMeshModel@@MAEXXZ,protected: virtual void __thiscall srMeshModel::calculateVertexNormals(void),,
wiz8--demo--wiz8--8acda50afe39,005f84c0,0,00477ce0,local,,,,
wiz8--demo--wiz8--8acda50afe39,005f84c4,0,00477cc0,local,,,,
wiz8--demo--wiz8--8acda50afe39,005f84c8,0,004770f0,local,,,,
wiz8--demo--wiz8--8acda50afe39,005f84c8,1,004770e0,local,,,,
wiz8--demo--wiz8--8acda50afe39,005f84c8,2,00477100,local,,,,
wiz8--demo--wiz8--8acda50afe39,005f84c8,3,005eb320,import-thunk,sr.dll!?dump@srMeshModel@@UAEXAAV?$basic_ostream@DU?$char_traits@D@std@@@std@@@Z,"public: virtual void __thiscall srMeshModel::dump(class std::basic_ostream<char, struct std::char_traits<char>> &)",,
wiz8--demo--wiz8--8acda50afe39,005f84c8,4,005eb31a,import-thunk,sr.dll!?verify@srMeshModel@@UAEXW4e_verify@srRuntimeClass@@@Z,public: virtual void __thiscall srMeshModel::verify(enum srRuntimeClass::e_verify),,
wiz8--demo--wiz8--8acda50afe39,005f84c8,5,00477700,local,,,,
wiz8--demo--wiz8--8acda50afe39,005f84c8,6,005eb314,import-thunk,sr.dll!?vInstance@srMeshModel@@UAEPAVsrClass@@XZ,public: virtual class srClass * __thiscall srMeshModel::vInstance(void),,
wiz8--demo--wiz8--8acda50afe39,005f84c8,7,004771a0,local,,,,
wiz8--demo--wiz8--8acda50afe39,005f84c8,8,005eb30e,import-thunk,sr.dll!?getBoundingSphere@srMeshModel@@UAEHAAV?$srVector3T@M@@AAM@Z,"public: virtual int __thiscall srMeshModel::getBoundingSphere(class srVector3T<float> &, float &)",,
wiz8--demo--wiz8--8acda50afe39,005f84c8,9,005eb308,import-thunk,sr.dll!?getBoundingBox@srMeshModel@@UAEHAAV?$srVector3T@M@@0@Z,"public: virtual int __thiscall srMeshModel::getBoundingBox(class srVector3T<float> &, class srVector3T<float> &)",,
wiz8--demo--wiz8--8acda50afe39,005f84c8,10,005eb302,import-thunk,sr.dll!?render@srMeshModel@@UAEXAAVsrGERD@@@Z,public: virtual void __thiscall srMeshModel::render(class srGERD &),,
wiz8--demo--wiz8--8acda50afe39,005f84c8,11,005eb2fc,import-thunk,sr.dll!?updateAllClients@srModel@@UAEXW4e_update@Client@1@@Z,public: virtual void __thiscall srModel::updateAllClients(enum srModel::Client::e_update),,
wiz8--demo--wiz8--8acda50afe39,005f84c8,12,005eb2f6,import-thunk,sr.dll!?reindexPolygons@srMeshModel@@UAEXPBK@Z,public: virtual void __thiscall srMeshModel::reindexPolygons(unsigned long const *),,
wiz8--demo--wiz8--8acda50afe39,005f84c8,13,005eb2f0,import-thunk,sr.dll!?reindexVertices@srMeshModel@@UAEXPBK@Z,public: virtual void __thiscall srMeshModel::reindexVertices(unsigned long const *),,
wiz8--demo--wiz8--8acda50afe39,005f84c8,14,005eb2ea,import-thunk,sr.dll!?getTriMesh@srMeshModel@@UAEABUTriMesh@1@XZ,public: virtual struct srMeshModel::TriMesh const & __thiscall srMeshModel::getTriMesh(void),,
wiz8--demo--wiz8--8acda50afe39,005f84c8,15,005eb2e4,import-thunk,sr.dll!?getTriMesh@srMeshModel@@UAEXAAUTriMesh@1@@Z,public: virtual void __thiscall srMeshModel::getTriMesh(struct srMeshModel::TriMesh &),,
wiz8--demo--wiz8--8acda50afe39,005f84c8,16,005eb2de,import-thunk,sr.dll!?renderTriMesh@srMeshModel@@UAEXAAVsrGERD@@ABUTriMesh@1@@Z,"public: virtual void __thiscall srMeshModel::renderTriMesh(class srGERD &, struct srMeshModel::TriMesh const &)",,
wiz8--demo--wiz8--8acda50afe39,005f84c8,17,005eb2d8,import-thunk,sr.dll!?updateTriMesh@srMeshModel@@MAEXXZ,protected: virtual void __thiscall srMeshModel::updateTriMesh(void),,
wiz8--demo--wiz8--8acda50afe39,005f84c8,18,005eb2d2,import-thunk,sr.dll!?calculateBounds@srMeshModel@@MAEXXZ,protected: virtual void __thiscall srMeshModel::calculateBounds(void),,
wiz8--demo--wiz8--8acda50afe39,005f84c8,19,005eb2cc,import-thunk,sr.dll!?calculatePolygonNormals@srMeshModel@@MAEXXZ,protected: virtual void __thiscall srMeshModel::calculatePolygonNormals(void),,
wiz8--demo--wiz8--8acda50afe39,005f84c8,20,005eb2c6,import-thunk,sr.dll!?calculateVertexNormals@srMeshModel@@MAEXXZ,protected: virtual void __thiscall srMeshModel::calculateVertexNormals(void),,
wiz8--demo--wiz8--8acda50afe39,005f851c,0,00477c90,local,,,,
wiz8--demo--wiz8--8acda50afe39,005f8520,0,00477dc0,local,,,,
wiz8--demo--wiz8--8acda50afe39,005f8524,0,00477d90,local,,,,
wiz8--demo--wiz8--8acda50afe39,005f852c,0,00477d40,local,,,,
wiz8--demo--wiz8--8acda50afe39,005f8530,0,00477d10,local,,,,
wiz8--demo--wiz8--8acda50afe39,005f8534,0,00477d60,local,,,,
wiz8--demo--wiz8--8acda50afe39,005f8538,0,00478530,local,,,,
wiz8--demo--wiz8--8acda50afe39,005f8538,1,00478200,local,,,,
wiz8--demo--wiz8--8acda50afe39,005f85f0,0,0047fbc0,local,,,,
wiz8--demo--wiz8--8acda50afe39,005f85f0,1,0047fbb0,local,,,,
wiz8--demo--wiz8--8acda50afe39,005f85f0,2,0047fbd0,local,,,,
wiz8--demo--wiz8--8acda50afe39,005f85f0,3,0047efc0,local,,,,
wiz8--demo--wiz8--8acda50afe39,005f85f0,4,005eb2ba,import-thunk,sr.dll!?verify@srClass@@UAEXW4e_verify@srRuntimeClass@@@Z,public: virtual void __thiscall srClass::verify(enum srRuntimeClass::e_verify),,
wiz8--demo--wiz8--8acda50afe39,005f85f0,5,0047ece0,local,,,,
wiz8--demo--wiz8--8acda50afe39,005f85f0,6,0047fef0,local,,,,
wiz8--demo--wiz8--8acda50afe39,005f85f0,7,0047fc70,local,,,,
wiz8--demo--wiz8--8acda50afe39,005f85f0,8,0047eb30,local,,,,
wiz8--demo--wiz8--8acda50afe39,005f85f0,9,005eb350,import-thunk,sr.dll!?getPriority@srTexture@@UAEMXZ,public: virtual float __thiscall srTexture::getPriority(void),,
wiz8--demo--wiz8--8acda50afe39,005f85f0,10,005eb34a,import-thunk,sr.dll!?getDimensions@srTexture@@UAEXAAUDimensions@srTextureIFace@@@Z,public: virtual void __thiscall srTexture::getDimensions(struct srTextureIFace::Dimensions &),,
wiz8--demo--wiz8--8acda50afe39,005f85f0,11,0047ef30,local,,,,
wiz8--demo--wiz8--8acda50afe39,005f85f0,12,0047efc0,local,,,,
wiz8--demo--wiz8--8acda50afe39,005f85f0,13,005eb338,import-thunk,sr.dll!?getTextureParms@srTexture@@UAEXAAUParameters@srTextureIFace@@@Z,public: virtual void __thiscall srTexture::getTextureParms(struct srTextureIFace::Parameters &),,
wiz8--demo--wiz8--8acda50afe39,005f85f0,14,005eb332,import-thunk,sr.dll!?getTextureName@srTextureIFace@@UAEPBDXZ,public: virtual char const * __thiscall srTextureIFace::getTextureName(void),,
wiz8--demo--wiz8--8acda50afe39,005f85f0,15,0047ed90,local,,,,
wiz8--demo--wiz8--8acda50afe39,005f85f0,16,0047eb40,local,,,,
wiz8--demo--wiz8--8acda50afe39,005f8634,0,0047fbc0,local,,,,
wiz8--demo--wiz8--8acda50afe39,005f8634,1,0047fbb0,local,,,,
wiz8--demo--wiz8--8acda50afe39,005f8634,2,0047fbd0,local,,,,
wiz8--demo--wiz8--8acda50afe39,005f8634,3,005eb3c8,import-thunk,sr.dll!?dump@srTexture@@UAEXAAV?$basic_ostream@DU?$char_traits@D@std@@@std@@@Z,"public: virtual void __thiscall srTexture::dump(class std::basic_ostream<char, struct std::char_traits<char>> &)",,
wiz8--demo--wiz8--8acda50afe39,005f8634,4,005eb2ba,import-thunk,sr.dll!?verify@srClass@@UAEXW4e_verify@srRuntimeClass@@@Z,public: virtual void __thiscall srClass::verify(enum srRuntimeClass::e_verify),,
wiz8--demo--wiz8--8acda50afe39,005f8634,5,0047fe50,local,,,,
wiz8--demo--wiz8--8acda50afe39,005f8634,6,005eaf3a,pure-virtual,,,,
wiz8--demo--wiz8--8acda50afe39,005f8634,7,0047fc70,local,,,,
wiz8--demo--wiz8--8acda50afe39,005f8634,8,005eb3c2,import-thunk,sr.dll!?getTextureFrameHandle@srTexture@@UAEKXZ,public: virtual unsigned long __thiscall srTexture::getTextureFrameHandle(void),,
wiz8--demo--wiz8--8acda50afe39,005f8634,9,005eb350,import-thunk,sr.dll!?getPriority@srTexture@@UAEMXZ,public: virtual float __thiscall srTexture::getPriority(void),,
wiz8--demo--wiz8--8acda50afe39,005f8634,10,005eb34a,import-thunk,sr.dll!?getDimensions@srTexture@@UAEXAAUDimensions@srTextureIFace@@@Z,public: virtual void __thiscall srTexture::getDimensions(struct srTextureIFace::Dimensions &),,
wiz8--demo--wiz8--8acda50afe39,005f8634,11,005eb3bc,import-thunk,sr.dll!?getMipmapData@srTexture@@UAEXAAUMultiRequest@srTextureIFace@@@Z,public: virtual void __thiscall srTexture::getMipmapData(struct srTextureIFace::MultiRequest &),,
wiz8--demo--wiz8--8acda50afe39,005f8634,12,005eb33e,import-thunk,sr.dll!?getMipmapLevelPartial@srTexture@@UAEXAAUPartialRequest@srTextureIFace@@@Z,public: virtual void __thiscall srTexture::getMipmapLevelPartial(struct srTextureIFace::PartialRequest &),,
wiz8--demo--wiz8--8acda50afe39,005f8634,13,005eb338,import-thunk,sr.dll!?getTextureParms@srTexture@@UAEXAAUParameters@srTextureIFace@@@Z,public: virtual void __thiscall srTexture::getTextureParms(struct srTextureIFace::Parameters &),,
wiz8--demo--wiz8--8acda50afe39,005f8634,14,005eb332,import-thunk,sr.dll!?getTextureName@srTextureIFace@@UAEPBDXZ,public: virtual char const * __thiscall srTextureIFace::getTextureName(void),,
wiz8--demo--wiz8--8acda50afe39,005f8634,15,005eaf3a,pure-virtual,,,,
wiz8--demo--wiz8--8acda50afe39,005f8634,16,005eaf3a,pure-virtual,,,,
wiz8--demo--wiz8--8acda50afe39,005f8678,0,0047f0b0,local,,,,
wiz8--demo--wiz8--8acda50afe39,005f8678,1,0047f030,local,,,,
wiz8--demo--wiz8--8acda50afe39,005f8678,2,0047f0a0,local,,,,
wiz8--demo--wiz8--8acda50afe39,005f8684,0,0047ff50,local,,,,
wiz8--demo--wiz8--8acda50afe39,005f8684,1,005eb3ce,import-thunk,sr.dll!?getSize@srBinStream@@UAEKXZ,public: virtual unsigned long __thiscall srBinStream::getSize(void),,
wiz8--demo--wiz8--8acda50afe39,005f8684,2,0047ff90,local,,,,
wiz8--demo--wiz8--8acda50afe39,005f8684,3,0047ffa0,local,,,,
wiz8--demo--wiz8--8acda50afe39,005f8684,4,0047ffb0,local,,,,
wiz8--demo--wiz8--8acda50afe39,005f8698,0,005eb3d4,import-thunk,sr.dll!?vget@srBinIStream@@MAEGXZ,protected: virtual unsigned short __thiscall srBinIStream::vget(void),,
wiz8--demo--wiz8--8acda50afe39,005f8698,1,0047fac0,local,,,,
wiz8--demo--wiz8--8acda50afe39,005f86a0,0,fffffffc,base-displacement,,,,
wiz8--demo--wiz8--8acda50afe39,005f86a0,1,0000000c,base-displacement,,,,
wiz8--demo--wiz8--8acda50afe39,005f86b8,0,00480ca0,local,,,,
wiz8--demo--wiz8--8acda50afe39,005f86b8,1,00480c90,local,,,,
wiz8--demo--wiz8--8acda50afe39,005f86b8,2,00480cb0,local,,,,
wiz8--demo--wiz8--8acda50afe39,005f86b8,3,005eb3c8,import-thunk,sr.dll!?dump@srTexture@@UAEXAAV?$basic_ostream@DU?$char_traits@D@std@@@std@@@Z,"public: virtual void __thiscall srTexture::dump(class std::basic_ostream<char, struct std::char_traits<char>> &)",,
wiz8--demo--wiz8--8acda50afe39,005f86b8,4,005eb2ba,import-thunk,sr.dll!?verify@srClass@@UAEXW4e_verify@srRuntimeClass@@@Z,public: virtual void __thiscall srClass::verify(enum srRuntimeClass::e_verify),,
wiz8--demo--wiz8--8acda50afe39,005f86b8,5,00480a30,local,,,,
wiz8--demo--wiz8--8acda50afe39,005f86b8,6,00481160,local,,,,
wiz8--demo--wiz8--8acda50afe39,005f86b8,7,00480d50,local,,,,
wiz8--demo--wiz8--8acda50afe39,005f86b8,8,00481150,local,,,,
wiz8--demo--wiz8--8acda50afe39,005f86b8,9,005eb350,import-thunk,sr.dll!?getPriority@srTexture@@UAEMXZ,public: virtual float __thiscall srTexture::getPriority(void),,
wiz8--demo--wiz8--8acda50afe39,005f86b8,10,005eb34a,import-thunk,sr.dll!?getDimensions@srTexture@@UAEXAAUDimensions@srTextureIFace@@@Z,public: virtual void __thiscall srTexture::getDimensions(struct srTextureIFace::Dimensions &),,
wiz8--demo--wiz8--8acda50afe39,005f86b8,11,00480b70,local,,,,
wiz8--demo--wiz8--8acda50afe39,005f86b8,12,00480ba0,local,,,,
wiz8--demo--wiz8--8acda50afe39,005f86b8,13,005eb338,import-thunk,sr.dll!?getTextureParms@srTexture@@UAEXAAUParameters@srTextureIFace@@@Z,public: virtual void __thiscall srTexture::getTextureParms(struct srTextureIFace::Parameters &),,
wiz8--demo--wiz8--8acda50afe39,005f86b8,14,005eb332,import-thunk,sr.dll!?getTextureName@srTextureIFace@@UAEPBDXZ,public: virtual char const * __thiscall srTextureIFace::getTextureName(void),,
wiz8--demo--wiz8--8acda50afe39,005f86b8,15,00481140,local,,,,
wiz8--demo--wiz8--8acda50afe39,005f86b8,16,00480bf0,local,,,,
wiz8--demo--wiz8--8acda50afe39,005f86fc,0,00480ca0,local,,,,
wiz8--demo--wiz8--8acda50afe39,005f86fc,1,00480c90,local,,,,
wiz8--demo--wiz8--8acda50afe39,005f86fc,2,00480cb0,local,,,,
wiz8--demo--wiz8--8acda50afe39,005f86fc,3,005eb3c8,import-thunk,sr.dll!?dump@srTexture@@UAEXAAV?$basic_ostream@DU?$char_traits@D@std@@@std@@@Z,"public: virtual void __thiscall srTexture::dump(class std::basic_ostream<char, struct std::char_traits<char>> &)",,
wiz8--demo--wiz8--8acda50afe39,005f86fc,4,005eb2ba,import-thunk,sr.dll!?verify@srClass@@UAEXW4e_verify@srRuntimeClass@@@Z,public: virtual void __thiscall srClass::verify(enum srRuntimeClass::e_verify),,
wiz8--demo--wiz8--8acda50afe39,005f86fc,5,004810e0,local,,,,
wiz8--demo--wiz8--8acda50afe39,005f86fc,6,005eaf3a,pure-virtual,,,,
wiz8--demo--wiz8--8acda50afe39,005f86fc,7,00480d50,local,,,,
wiz8--demo--wiz8--8acda50afe39,005f86fc,8,005eb3c2,import-thunk,sr.dll!?getTextureFrameHandle@srTexture@@UAEKXZ,public: virtual unsigned long __thiscall srTexture::getTextureFrameHandle(void),,
wiz8--demo--wiz8--8acda50afe39,005f86fc,9,005eb350,import-thunk,sr.dll!?getPriority@srTexture@@UAEMXZ,public: virtual float __thiscall srTexture::getPriority(void),,
wiz8--demo--wiz8--8acda50afe39,005f86fc,10,005eb34a,import-thunk,sr.dll!?getDimensions@srTexture@@UAEXAAUDimensions@srTextureIFace@@@Z,public: virtual void __thiscall srTexture::getDimensions(struct srTextureIFace::Dimensions &),,
wiz8--demo--wiz8--8acda50afe39,005f86fc,11,005eb3bc,import-thunk,sr.dll!?getMipmapData@srTexture@@UAEXAAUMultiRequest@srTextureIFace@@@Z,public: virtual void __thiscall srTexture::getMipmapData(struct srTextureIFace::MultiRequest &),,
wiz8--demo--wiz8--8acda50afe39,005f86fc,12,005eb33e,import-thunk,sr.dll!?getMipmapLevelPartial@srTexture@@UAEXAAUPartialRequest@srTextureIFace@@@Z,public: virtual void __thiscall srTexture::getMipmapLevelPartial(struct srTextureIFace::PartialRequest &),,
wiz8--demo--wiz8--8acda50afe39,005f86fc,13,005eb338,import-thunk,sr.dll!?getTextureParms@srTexture@@UAEXAAUParameters@srTextureIFace@@@Z,public: virtual void __thiscall srTexture::getTextureParms(struct srTextureIFace::Parameters &),,
wiz8--demo--wiz8--8acda50afe39,005f86fc,14,005eb332,import-thunk,sr.dll!?getTextureName@srTextureIFace@@UAEPBDXZ,public: virtual char const * __thiscall srTextureIFace::getTextureName(void),,
wiz8--demo--wiz8--8acda50afe39,005f86fc,15,005eaf3a,pure-virtual,,,,
wiz8--demo--wiz8--8acda50afe39,005f86fc,16,005eaf3a,pure-virtual,,,,
wiz8--demo--wiz8--8acda50afe39,005f8740,0,00480ea0,local,,,,
wiz8--demo--wiz8--8acda50afe39,005f8740,1,00480e90,local,,,,
wiz8--demo--wiz8--8acda50afe39,005f8740,2,00480eb0,local,,,,
wiz8--demo--wiz8--8acda50afe39,005f8740,3,005eb3b6,import-thunk,sr.dll!?dump@srNode@@UAEXAAV?$basic_ostream@DU?$char_traits@D@std@@@std@@@Z,"public: virtual void __thiscall srNode::dump(class std::basic_ostream<char, struct std::char_traits<char>> &)",,
wiz8--demo--wiz8--8acda50afe39,005f8740,4,005eb2ba,import-thunk,sr.dll!?verify@srClass@@UAEXW4e_verify@srRuntimeClass@@@Z,public: virtual void __thiscall srClass::verify(enum srRuntimeClass::e_verify),,
wiz8--demo--wiz8--8acda50afe39,005f8740,5,00480320,local,,,,
wiz8--demo--wiz8--8acda50afe39,005f8740,6,005eb3b0,import-thunk,sr.dll!?vInstance@srNode@@UAEPAVsrClass@@XZ,public: virtual class srClass * __thiscall srNode::vInstance(void),,
wiz8--demo--wiz8--8acda50afe39,005f8740,7,00480f20,local,,,,
wiz8--demo--wiz8--8acda50afe39,005f8740,8,00480450,local,,,,
wiz8--demo--wiz8--8acda50afe39,005f8740,9,00480550,local,,,,
wiz8--demo--wiz8--8acda50afe39,005f8740,10,005eb2a2,import-thunk,sr.dll!?getLocalBounds@srNode@@UAEXAAUBoundInfo@1@@Z,public: virtual void __thiscall srNode::getLocalBounds(struct srNode::BoundInfo &),,
wiz8--demo--wiz8--8acda50afe39,005f8740,11,005eb29c,import-thunk,sr.dll!?updateBounds@srNode@@UAEXXZ,public: virtual void __thiscall srNode::updateBounds(void),,
wiz8--demo--wiz8--8acda50afe39,005f8740,12,005eb296,import-thunk,sr.dll!?processSignal@srNode@@MAEHKPAX@Z,"protected: virtual int __thiscall srNode::processSignal(unsigned long, void *)",,
wiz8--demo--wiz8--8acda50afe39,005f8774,0,00480ea0,local,,,,
wiz8--demo--wiz8--8acda50afe39,005f8774,1,00480e90,local,,,,
wiz8--demo--wiz8--8acda50afe39,005f8774,2,00480eb0,local,,,,
wiz8--demo--wiz8--8acda50afe39,005f8774,3,005eb3b6,import-thunk,sr.dll!?dump@srNode@@UAEXAAV?$basic_ostream@DU?$char_traits@D@std@@@std@@@Z,"public: virtual void __thiscall srNode::dump(class std::basic_ostream<char, struct std::char_traits<char>> &)",,
wiz8--demo--wiz8--8acda50afe39,005f8774,4,005eb2ba,import-thunk,sr.dll!?verify@srClass@@UAEXW4e_verify@srRuntimeClass@@@Z,public: virtual void __thiscall srClass::verify(enum srRuntimeClass::e_verify),,
wiz8--demo--wiz8--8acda50afe39,005f8774,5,00481110,local,,,,
wiz8--demo--wiz8--8acda50afe39,005f8774,6,005eb3b0,import-thunk,sr.dll!?vInstance@srNode@@UAEPAVsrClass@@XZ,public: virtual class srClass * __thiscall srNode::vInstance(void),,
wiz8--demo--wiz8--8acda50afe39,005f8774,7,00480f20,local,,,,
wiz8--demo--wiz8--8acda50afe39,005f8774,8,005eb284,import-thunk,sr.dll!?traverse@srNode@@UAEXAAVTraverseInfo@1@@Z,public: virtual void __thiscall srNode::traverse(class srNode::TraverseInfo &),,
wiz8--demo--wiz8--8acda50afe39,005f8774,9,005eb3aa,import-thunk,sr.dll!?process@srNode@@UAEXABUProcessInfo@1@W4e_processType@1@@Z,"public: virtual void __thiscall srNode::process(struct srNode::ProcessInfo const &, enum srNode::e_processType)",,
wiz8--demo--wiz8--8acda50afe39,005f8774,10,005eb2a2,import-thunk,sr.dll!?getLocalBounds@srNode@@UAEXAAUBoundInfo@1@@Z,public: virtual void __thiscall srNode::getLocalBounds(struct srNode::BoundInfo &),,
wiz8--demo--wiz8--8acda50afe39,005f8774,11,005eb29c,import-thunk,sr.dll!?updateBounds@srNode@@UAEXXZ,public: virtual void __thiscall srNode::updateBounds(void),,
wiz8--demo--wiz8--8acda50afe39,005f8774,12,005eb296,import-thunk,sr.dll!?processSignal@srNode@@MAEHKPAX@Z,"protected: virtual int __thiscall srNode::processSignal(unsigned long, void *)",,
wiz8--demo--wiz8--8acda50afe39,005f87b8,0,004845c0,adjustor-thunk,,,312,00481400
wiz8--demo--wiz8--8acda50afe39,005f87b8,1,00481700,local,,,,
wiz8--demo--wiz8--8acda50afe39,005f87b8,2,005eb3e0,import-thunk,sr.dll!?updateClient@srModelInstance@@UAEXW4e_update@Client@srModel@@@Z,public: virtual void __thiscall srModelInstance::updateClient(enum srModel::Client::e_update),,
wiz8--demo--wiz8--8acda50afe39,005f87b8,3,005eb3da,import-thunk,sr.dll!?getModel@Client@srModel@@UBEPAV2@XZ,public: virtual class srModel * __thiscall srModel::Client::getModel(void) const,,
wiz8--demo--wiz8--8acda50afe39,005f87c8,0,00483e40,local,,,,
wiz8--demo--wiz8--8acda50afe39,005f87c8,1,00483e30,local,,,,
wiz8--demo--wiz8--8acda50afe39,005f87c8,2,00483e50,local,,,,
wiz8--demo--wiz8--8acda50afe39,005f87c8,3,005eb404,import-thunk,sr.dll!?dump@srModelInstance@@UAEXAAV?$basic_ostream@DU?$char_traits@D@std@@@std@@@Z,"public: virtual void __thiscall srModelInstance::dump(class std::basic_ostream<char, struct std::char_traits<char>> &)",,
wiz8--demo--wiz8--8acda50afe39,005f87c8,4,005eb2ba,import-thunk,sr.dll!?verify@srClass@@UAEXW4e_verify@srRuntimeClass@@@Z,public: virtual void __thiscall srClass::verify(enum srRuntimeClass::e_verify),,
wiz8--demo--wiz8--8acda50afe39,005f87c8,5,00481400,local,,,,
wiz8--demo--wiz8--8acda50afe39,005f87c8,6,004843a0,local,,,,
wiz8--demo--wiz8--8acda50afe39,005f87c8,7,00483ef0,local,,,,
wiz8--demo--wiz8--8acda50afe39,005f87c8,8,00482a00,local,,,,
wiz8--demo--wiz8--8acda50afe39,005f87c8,9,00481ba0,local,,,,
wiz8--demo--wiz8--8acda50afe39,005f87c8,10,005eb3ec,import-thunk,sr.dll!?getLocalBounds@srModelInstance@@UAEXAAUBoundInfo@srNode@@@Z,public: virtual void __thiscall srModelInstance::getLocalBounds(struct srNode::BoundInfo &),,
wiz8--demo--wiz8--8acda50afe39,005f87c8,11,005eb29c,import-thunk,sr.dll!?updateBounds@srNode@@UAEXXZ,public: virtual void __thiscall srNode::updateBounds(void),,
wiz8--demo--wiz8--8acda50afe39,005f87c8,12,005eb296,import-thunk,sr.dll!?processSignal@srNode@@MAEHKPAX@Z,"protected: virtual int __thiscall srNode::processSignal(unsigned long, void *)",,
wiz8--demo--wiz8--8acda50afe39,005f87fc,0,00484590,adjustor-thunk,,,312,004841f0
wiz8--demo--wiz8--8acda50afe39,005f87fc,1,005eb3e6,import-thunk,sr.dll!?setModel@Client@srModel@@UAEXPAV2@@Z,public: virtual void __thiscall srModel::Client::setModel(class srModel *),,
wiz8--demo--wiz8--8acda50afe39,005f87fc,2,005eb3e0,import-thunk,sr.dll!?updateClient@srModelInstance@@UAEXW4e_update@Client@srModel@@@Z,public: virtual void __thiscall srModelInstance::updateClient(enum srModel::Client::e_update),,
wiz8--demo--wiz8--8acda50afe39,005f87fc,3,005eb3da,import-thunk,sr.dll!?getModel@Client@srModel@@UBEPAV2@XZ,public: virtual class srModel * __thiscall srModel::Client::getModel(void) const,,
wiz8--demo--wiz8--8acda50afe39,005f880c,0,00483e40,local,,,,
wiz8--demo--wiz8--8acda50afe39,005f880c,1,00483e30,local,,,,
wiz8--demo--wiz8--8acda50afe39,005f880c,2,00483e50,local,,,,
wiz8--demo--wiz8--8acda50afe39,005f880c,3,005eb404,import-thunk,sr.dll!?dump@srModelInstance@@UAEXAAV?$basic_ostream@DU?$char_traits@D@std@@@std@@@Z,"public: virtual void __thiscall srModelInstance::dump(class std::basic_ostream<char, struct std::char_traits<char>> &)",,
wiz8--demo--wiz8--8acda50afe39,005f880c,4,005eb2ba,import-thunk,sr.dll!?verify@srClass@@UAEXW4e_verify@srRuntimeClass@@@Z,public: virtual void __thiscall srClass::verify(enum srRuntimeClass::e_verify),,
wiz8--demo--wiz8--8acda50afe39,005f880c,5,004841f0,local,,,,
wiz8--demo--wiz8--8acda50afe39,005f880c,6,005eb3fe,import-thunk,sr.dll!?vInstance@srModelInstance@@UAEPAVsrClass@@XZ,public: virtual class srClass * __thiscall srModelInstance::vInstance(void),,
wiz8--demo--wiz8--8acda50afe39,005f880c,7,00483ef0,local,,,,
wiz8--demo--wiz8--8acda50afe39,005f880c,8,005eb3f8,import-thunk,sr.dll!?traverse@srModelInstance@@UAEXAAVTraverseInfo@srNode@@@Z,public: virtual void __thiscall srModelInstance::traverse(class srNode::TraverseInfo &),,
wiz8--demo--wiz8--8acda50afe39,005f880c,9,005eb3f2,import-thunk,sr.dll!?process@srModelInstance@@UAEXABUProcessInfo@srNode@@W4e_processType@3@@Z,"public: virtual void __thiscall srModelInstance::process(struct srNode::ProcessInfo const &, enum srNode::e_processType)",,
wiz8--demo--wiz8--8acda50afe39,005f880c,10,005eb3ec,import-thunk,sr.dll!?getLocalBounds@srModelInstance@@UAEXAAUBoundInfo@srNode@@@Z,public: virtual void __thiscall srModelInstance::getLocalBounds(struct srNode::BoundInfo &),,
wiz8--demo--wiz8--8acda50afe39,005f880c,11,005eb29c,import-thunk,sr.dll!?updateBounds@srNode@@UAEXXZ,public: virtual void __thiscall srNode::updateBounds(void),,
wiz8--demo--wiz8--8acda50afe39,005f880c,12,005eb296,import-thunk,sr.dll!?processSignal@srNode@@MAEHKPAX@Z,"protected: virtual int __thiscall srNode::processSignal(unsigned long, void *)",,
wiz8--demo--wiz8--8acda50afe39,005f8840,0,004845a0,adjustor-thunk,,,312,004818a0
wiz8--demo--wiz8--8acda50afe39,005f8840,1,005eb3e6,import-thunk,sr.dll!?setModel@Client@srModel@@UAEXPAV2@@Z,public: virtual void __thiscall srModel::Client::setModel(class srModel *),,
wiz8--demo--wiz8--8acda50afe39,005f8840,2,005eb3e0,import-thunk,sr.dll!?updateClient@srModelInstance@@UAEXW4e_update@Client@srModel@@@Z,public: virtual void __thiscall srModelInstance::updateClient(enum srModel::Client::e_update),,
wiz8--demo--wiz8--8acda50afe39,005f8840,3,005eb3da,import-thunk,sr.dll!?getModel@Client@srModel@@UBEPAV2@XZ,public: virtual class srModel * __thiscall srModel::Client::getModel(void) const,,
wiz8--demo--wiz8--8acda50afe39,005f8850,0,00484020,local,,,,
wiz8--demo--wiz8--8acda50afe39,005f8850,1,00484010,local,,,,
wiz8--demo--wiz8--8acda50afe39,005f8850,2,00484030,local,,,,
wiz8--demo--wiz8--8acda50afe39,005f8850,3,005eb404,import-thunk,sr.dll!?dump@srModelInstance@@UAEXAAV?$basic_ostream@DU?$char_traits@D@std@@@std@@@Z,"public: virtual void __thiscall srModelInstance::dump(class std::basic_ostream<char, struct std::char_traits<char>> &)",,
wiz8--demo--wiz8--8acda50afe39,005f8850,4,005eb2ba,import-thunk,sr.dll!?verify@srClass@@UAEXW4e_verify@srRuntimeClass@@@Z,public: virtual void __thiscall srClass::verify(enum srRuntimeClass::e_verify),,
wiz8--demo--wiz8--8acda50afe39,005f8850,5,004818a0,local,,,,
wiz8--demo--wiz8--8acda50afe39,005f8850,6,00484400,local,,,,
wiz8--demo--wiz8--8acda50afe39,005f8850,7,004840d0,local,,,,
wiz8--demo--wiz8--8acda50afe39,005f8850,8,005eb3f8,import-thunk,sr.dll!?traverse@srModelInstance@@UAEXAAVTraverseInfo@srNode@@@Z,public: virtual void __thiscall srModelInstance::traverse(class srNode::TraverseInfo &),,
wiz8--demo--wiz8--8acda50afe39,005f8850,9,00482f30,local,,,,
wiz8--demo--wiz8--8acda50afe39,005f8850,10,005eb3ec,import-thunk,sr.dll!?getLocalBounds@srModelInstance@@UAEXAAUBoundInfo@srNode@@@Z,public: virtual void __thiscall srModelInstance::getLocalBounds(struct srNode::BoundInfo &),,
wiz8--demo--wiz8--8acda50afe39,005f8850,11,005eb29c,import-thunk,sr.dll!?updateBounds@srNode@@UAEXXZ,public: virtual void __thiscall srNode::updateBounds(void),,
wiz8--demo--wiz8--8acda50afe39,005f8850,12,005eb296,import-thunk,sr.dll!?processSignal@srNode@@MAEHKPAX@Z,"protected: virtual int __thiscall srNode::processSignal(unsigned long, void *)",,
wiz8--demo--wiz8--8acda50afe39,005f8884,0,004845b0,adjustor-thunk,,,312,00484220
wiz8--demo--wiz8--8acda50afe39,005f8884,1,005eb3e6,import-thunk,sr.dll!?setModel@Client@srModel@@UAEXPAV2@@Z,public: virtual void __thiscall srModel::Client::setModel(class srModel *),,
wiz8--demo--wiz8--8acda50afe39,005f8884,2,005eb3e0,import-thunk,sr.dll!?updateClient@srModelInstance@@UAEXW4e_update@Client@srModel@@@Z,public: virtual void __thiscall srModelInstance::updateClient(enum srModel::Client::e_update),,
wiz8--demo--wiz8--8acda50afe39,005f8884,3,005eb3da,import-thunk,sr.dll!?getModel@Client@srModel@@UBEPAV2@XZ,public: virtual class srModel * __thiscall srModel::Client::getModel(void) const,,
wiz8--demo--wiz8--8acda50afe39,005f8894,0,00484020,local,,,,
wiz8--demo--wiz8--8acda50afe39,005f8894,1,00484010,local,,,,
wiz8--demo--wiz8--8acda50afe39,005f8894,2,00484030,local,,,,
wiz8--demo--wiz8--8acda50afe39,005f8894,3,005eb404,import-thunk,sr.dll!?dump@srModelInstance@@UAEXAAV?$basic_ostream@DU?$char_traits@D@std@@@std@@@Z,"public: virtual void __thiscall srModelInstance::dump(class std::basic_ostream<char, struct std::char_traits<char>> &)",,
wiz8--demo--wiz8--8acda50afe39,005f8894,4,005eb2ba,import-thunk,sr.dll!?verify@srClass@@UAEXW4e_verify@srRuntimeClass@@@Z,public: virtual void __thiscall srClass::verify(enum srRuntimeClass::e_verify),,
wiz8--demo--wiz8--8acda50afe39,005f8894,5,00484220,local,,,,
wiz8--demo--wiz8--8acda50afe39,005f8894,6,005eb3fe,import-thunk,sr.dll!?vInstance@srModelInstance@@UAEPAVsrClass@@XZ,public: virtual class srClass * __thiscall srModelInstance::vInstance(void),,
wiz8--demo--wiz8--8acda50afe39,005f8894,7,004840d0,local,,,,
wiz8--demo--wiz8--8acda50afe39,005f8894,8,005eb3f8,import-thunk,sr.dll!?traverse@srModelInstance@@UAEXAAVTraverseInfo@srNode@@@Z,public: virtual void __thiscall srModelInstance::traverse(class srNode::TraverseInfo &),,
wiz8--demo--wiz8--8acda50afe39,005f8894,9,005eb3f2,import-thunk,sr.dll!?process@srModelInstance@@UAEXABUProcessInfo@srNode@@W4e_processType@3@@Z,"public: virtual void __thiscall srModelInstance::process(struct srNode::ProcessInfo const &, enum srNode::e_processType)",,
wiz8--demo--wiz8--8acda50afe39,005f8894,10,005eb3ec,import-thunk,sr.dll!?getLocalBounds@srModelInstance@@UAEXAAUBoundInfo@srNode@@@Z,public: virtual void __thiscall srModelInstance::getLocalBounds(struct srNode::BoundInfo &),,
wiz8--demo--wiz8--8acda50afe39,005f8894,11,005eb29c,import-thunk,sr.dll!?updateBounds@srNode@@UAEXXZ,public: virtual void __thiscall srNode::updateBounds(void),,
wiz8--demo--wiz8--8acda50afe39,005f8894,12,005eb296,import-thunk,sr.dll!?processSignal@srNode@@MAEHKPAX@Z,"protected: virtual int __thiscall srNode::processSignal(unsigned long, void *)",,
wiz8--demo--wiz8--8acda50afe39,005f88f0,0,004bb480,local,,,,
wiz8--demo--wiz8--8acda50afe39,005f88f0,1,00484610,local,,,,
wiz8--demo--wiz8--8acda50afe39,005f88f0,2,00484620,local,,,,
wiz8--demo--wiz8--8acda50afe39,005f8938,0,004872f0,adjustor-thunk,,,312,00487090
wiz8--demo--wiz8--8acda50afe39,005f8938,1,005eb410,import-thunk,sr.dll!?isActive@srFog@@UAEHAAVsrVertexPipe@@@Z,public: virtual int __thiscall srFog::isActive(class srVertexPipe &),,
wiz8--demo--wiz8--8acda50afe39,005f8938,2,005eb40a,import-thunk,sr.dll!?process@srFog@@UAEXAAVsrVertexPipe@@@Z,public: virtual void __thiscall srFog::process(class srVertexPipe &),,
wiz8--demo--wiz8--8acda50afe39,005f8944,0,00486f60,local,,,,
wiz8--demo--wiz8--8acda50afe39,005f8944,1,00486f50,local,,,,
wiz8--demo--wiz8--8acda50afe39,005f8944,2,00486f70,local,,,,
wiz8--demo--wiz8--8acda50afe39,005f8944,3,005eb42e,import-thunk,sr.dll!?dump@srFog@@UAEXAAV?$basic_ostream@DU?$char_traits@D@std@@@std@@@Z,"public: virtual void __thiscall srFog::dump(class std::basic_ostream<char, struct std::char_traits<char>> &)",,
wiz8--demo--wiz8--8acda50afe39,005f8944,4,005eb428,import-thunk,sr.dll!?verify@srFog@@UAEXW4e_verify@srRuntimeClass@@@Z,public: virtual void __thiscall srFog::verify(enum srRuntimeClass::e_verify),,
wiz8--demo--wiz8--8acda50afe39,005f8944,5,00487090,local,,,,
wiz8--demo--wiz8--8acda50afe39,005f8944,6,005eb422,import-thunk,sr.dll!?vInstance@srFog@@UAEPAVsrClass@@XZ,public: virtual class srClass * __thiscall srFog::vInstance(void),,
wiz8--demo--wiz8--8acda50afe39,005f8944,7,00487010,local,,,,
wiz8--demo--wiz8--8acda50afe39,005f8944,8,005eb41c,import-thunk,sr.dll!?traverse@srIlluminator@@UAEXAAVTraverseInfo@srNode@@@Z,public: virtual void __thiscall srIlluminator::traverse(class srNode::TraverseInfo &),,
wiz8--demo--wiz8--8acda50afe39,005f8944,9,005eb416,import-thunk,sr.dll!?process@srIlluminator@@UAEXABUProcessInfo@srNode@@W4e_processType@3@@Z,"public: virtual void __thiscall srIlluminator::process(struct srNode::ProcessInfo const &, enum srNode::e_processType)",,
wiz8--demo--wiz8--8acda50afe39,005f8944,10,005eb2a2,import-thunk,sr.dll!?getLocalBounds@srNode@@UAEXAAUBoundInfo@1@@Z,public: virtual void __thiscall srNode::getLocalBounds(struct srNode::BoundInfo &),,
wiz8--demo--wiz8--8acda50afe39,005f8944,11,005eb29c,import-thunk,sr.dll!?updateBounds@srNode@@UAEXXZ,public: virtual void __thiscall srNode::updateBounds(void),,
wiz8--demo--wiz8--8acda50afe39,005f8944,12,005eb296,import-thunk,sr.dll!?processSignal@srNode@@MAEHKPAX@Z,"protected: virtual int __thiscall srNode::processSignal(unsigned long, void *)",,
wiz8--demo--wiz8--8acda50afe39,005f89b0,0,004880c0,local,,,,
wiz8--demo--wiz8--8acda50afe39,005f89b4,0,00488090,local,,,,
wiz8--demo--wiz8--8acda50afe39,005f89b8,0,00487db0,local,,,,
wiz8--demo--wiz8--8acda50afe39,005f89b8,1,00487da0,local,,,,
wiz8--demo--wiz8--8acda50afe39,005f89b8,2,00487dc0,local,,,,
wiz8--demo--wiz8--8acda50afe39,005f89b8,3,005eb3c8,import-thunk,sr.dll!?dump@srTexture@@UAEXAAV?$basic_ostream@DU?$char_traits@D@std@@@std@@@Z,"public: virtual void __thiscall srTexture::dump(class std::basic_ostream<char, struct std::char_traits<char>> &)",,
wiz8--demo--wiz8--8acda50afe39,005f89b8,4,005eb2ba,import-thunk,sr.dll!?verify@srClass@@UAEXW4e_verify@srRuntimeClass@@@Z,public: virtual void __thiscall srClass::verify(enum srRuntimeClass::e_verify),,
wiz8--demo--wiz8--8acda50afe39,005f89b8,5,004875f0,local,,,,
wiz8--demo--wiz8--8acda50afe39,005f89b8,6,00488200,local,,,,
wiz8--demo--wiz8--8acda50afe39,005f89b8,7,00487e60,local,,,,
wiz8--demo--wiz8--8acda50afe39,005f89b8,8,00487ca0,local,,,,
wiz8--demo--wiz8--8acda50afe39,005f89b8,9,00488100,local,,,,
wiz8--demo--wiz8--8acda50afe39,005f89b8,10,00488120,local,,,,
wiz8--demo--wiz8--8acda50afe39,005f89b8,11,00488150,local,,,,
wiz8--demo--wiz8--8acda50afe39,005f89b8,12,00488180,local,,,,
wiz8--demo--wiz8--8acda50afe39,005f89b8,13,004881b0,local,,,,
wiz8--demo--wiz8--8acda50afe39,005f89b8,14,004881e0,local,,,,
wiz8--demo--wiz8--8acda50afe39,005f89b8,15,004023a0,local,,,,
wiz8--demo--wiz8--8acda50afe39,005f89b8,16,00487d10,local,,,,
wiz8--demo--wiz8--8acda50afe39,005f89fc,0,00487db0,local,,,,
wiz8--demo--wiz8--8acda50afe39,005f89fc,1,00487da0,local,,,,
wiz8--demo--wiz8--8acda50afe39,005f89fc,2,00487dc0,local,,,,
wiz8--demo--wiz8--8acda50afe39,005f89fc,3,005eb3c8,import-thunk,sr.dll!?dump@srTexture@@UAEXAAV?$basic_ostream@DU?$char_traits@D@std@@@std@@@Z,"public: virtual void __thiscall srTexture::dump(class std::basic_ostream<char, struct std::char_traits<char>> &)",,
wiz8--demo--wiz8--8acda50afe39,005f89fc,4,005eb2ba,import-thunk,sr.dll!?verify@srClass@@UAEXW4e_verify@srRuntimeClass@@@Z,public: virtual void __thiscall srClass::verify(enum srRuntimeClass::e_verify),,
wiz8--demo--wiz8--8acda50afe39,005f89fc,5,00488020,local,,,,
wiz8--demo--wiz8--8acda50afe39,005f89fc,6,005eaf3a,pure-virtual,,,,
wiz8--demo--wiz8--8acda50afe39,005f89fc,7,00487e60,local,,,,
wiz8--demo--wiz8--8acda50afe39,005f89fc,8,005eb3c2,import-thunk,sr.dll!?getTextureFrameHandle@srTexture@@UAEKXZ,public: virtual unsigned long __thiscall srTexture::getTextureFrameHandle(void),,
wiz8--demo--wiz8--8acda50afe39,005f89fc,9,005eb350,import-thunk,sr.dll!?getPriority@srTexture@@UAEMXZ,public: virtual float __thiscall srTexture::getPriority(void),,
wiz8--demo--wiz8--8acda50afe39,005f89fc,10,005eb34a,import-thunk,sr.dll!?getDimensions@srTexture@@UAEXAAUDimensions@srTextureIFace@@@Z,public: virtual void __thiscall srTexture::getDimensions(struct srTextureIFace::Dimensions &),,
wiz8--demo--wiz8--8acda50afe39,005f89fc,11,005eb3bc,import-thunk,sr.dll!?getMipmapData@srTexture@@UAEXAAUMultiRequest@srTextureIFace@@@Z,public: virtual void __thiscall srTexture::getMipmapData(struct srTextureIFace::MultiRequest &),,
wiz8--demo--wiz8--8acda50afe39,005f89fc,12,005eb33e,import-thunk,sr.dll!?getMipmapLevelPartial@srTexture@@UAEXAAUPartialRequest@srTextureIFace@@@Z,public: virtual void __thiscall srTexture::getMipmapLevelPartial(struct srTextureIFace::PartialRequest &),,
wiz8--demo--wiz8--8acda50afe39,005f89fc,13,005eb338,import-thunk,sr.dll!?getTextureParms@srTexture@@UAEXAAUParameters@srTextureIFace@@@Z,public: virtual void __thiscall srTexture::getTextureParms(struct srTextureIFace::Parameters &),,
wiz8--demo--wiz8--8acda50afe39,005f89fc,14,005eb332,import-thunk,sr.dll!?getTextureName@srTextureIFace@@UAEPBDXZ,public: virtual char const * __thiscall srTextureIFace::getTextureName(void),,
wiz8--demo--wiz8--8acda50afe39,005f89fc,15,005eaf3a,pure-virtual,,,,
wiz8--demo--wiz8--8acda50afe39,005f89fc,16,005eaf3a,pure-virtual,,,,
wiz8--demo--wiz8--8acda50afe39,005f8a50,0,0048cae0,local,,,,
wiz8--demo--wiz8--8acda50afe39,005f8a54,0,0048cac0,local,,,,
wiz8--demo--wiz8--8acda50afe39,005f8a58,0,0048ca90,local,,,,
wiz8--demo--wiz8--8acda50afe39,005f8a70,0,0048f810,local,,,,
wiz8--demo--wiz8--8acda50afe39,005f8a90,0,0048f870,local,,,,
wiz8--demo--wiz8--8acda50afe39,005f8a94,0,0048f840,local,,,,
wiz8--demo--wiz8--8acda50afe39,005f8a98,0,0048f8c0,local,,,,
wiz8--demo--wiz8--8acda50afe39,005f8a9c,0,0048f890,local,,,,
wiz8--demo--wiz8--8acda50afe39,005f8ab0,0,00491c30,local,,,,
wiz8--demo--wiz8--8acda50afe39,005f8ac8,0,00491c10,local,,,,
wiz8--demo--wiz8--8acda50afe39,005f8acc,0,00491be0,local,,,,
wiz8--demo--wiz8--8acda50afe39,005f8b30,0,00495380,local,,,,
wiz8--demo--wiz8--8acda50afe39,005f8b30,1,00495370,local,,,,
wiz8--demo--wiz8--8acda50afe39,005f8b30,2,004bc630,local,,,,
wiz8--demo--wiz8--8acda50afe39,005f8b30,3,005eb278,import-thunk,sr.dll!?dump@srMaterial@@UAEXAAV?$basic_ostream@DU?$char_traits@D@std@@@std@@@Z,"public: virtual void __thiscall srMaterial::dump(class std::basic_ostream<char, struct std::char_traits<char>> &)",,
wiz8--demo--wiz8--8acda50afe39,005f8b30,4,005eb272,import-thunk,sr.dll!?verify@srMaterial@@UAEXW4e_verify@srRuntimeClass@@@Z,public: virtual void __thiscall srMaterial::verify(enum srRuntimeClass::e_verify),,
wiz8--demo--wiz8--8acda50afe39,005f8b30,5,00495120,local,,,,
wiz8--demo--wiz8--8acda50afe39,005f8b30,6,00495690,local,,,,
wiz8--demo--wiz8--8acda50afe39,005f8b30,7,00495390,local,,,,
wiz8--demo--wiz8--8acda50afe39,005f8b30,8,00495320,local,,,,
wiz8--demo--wiz8--8acda50afe39,005f8b30,9,005eb260,import-thunk,sr.dll!?preProcess@srMaterial@@UAEXAAVsrVertexPipe@@@Z,public: virtual void __thiscall srMaterial::preProcess(class srVertexPipe &),,
wiz8--demo--wiz8--8acda50afe39,005f8b30,10,005eb25a,import-thunk,sr.dll!?postProcess@srMaterial@@UAEXAAVsrVertexPipe@@@Z,public: virtual void __thiscall srMaterial::postProcess(class srVertexPipe &),,
wiz8--demo--wiz8--8acda50afe39,005f8b30,11,005eb254,import-thunk,sr.dll!?updateParms@srMaterial@@MAEXXZ,protected: virtual void __thiscall srMaterial::updateParms(void),,
wiz8--demo--wiz8--8acda50afe39,005f8b30,12,005eb24e,import-thunk,sr.dll!?reset@srMaterial@@MAEXXZ,protected: virtual void __thiscall srMaterial::reset(void),,
wiz8--demo--wiz8--8acda50afe39,005f8b64,0,00495380,local,,,,
wiz8--demo--wiz8--8acda50afe39,005f8b64,1,00495370,local,,,,
wiz8--demo--wiz8--8acda50afe39,005f8b64,2,004bc630,local,,,,
wiz8--demo--wiz8--8acda50afe39,005f8b64,3,005eb278,import-thunk,sr.dll!?dump@srMaterial@@UAEXAAV?$basic_ostream@DU?$char_traits@D@std@@@std@@@Z,"public: virtual void __thiscall srMaterial::dump(class std::basic_ostream<char, struct std::char_traits<char>> &)",,
wiz8--demo--wiz8--8acda50afe39,005f8b64,4,005eb272,import-thunk,sr.dll!?verify@srMaterial@@UAEXW4e_verify@srRuntimeClass@@@Z,public: virtual void __thiscall srMaterial::verify(enum srRuntimeClass::e_verify),,
wiz8--demo--wiz8--8acda50afe39,005f8b64,5,004955d0,local,,,,
wiz8--demo--wiz8--8acda50afe39,005f8b64,6,005eb26c,import-thunk,sr.dll!?vInstance@srMaterial@@UAEPAVsrClass@@XZ,public: virtual class srClass * __thiscall srMaterial::vInstance(void),,
wiz8--demo--wiz8--8acda50afe39,005f8b64,7,00495390,local,,,,
wiz8--demo--wiz8--8acda50afe39,005f8b64,8,005eb266,import-thunk,sr.dll!?getMaterialInfo@srMaterial@@UAEXAAUMaterialInfo@srVertexProcessor@@@Z,public: virtual void __thiscall srMaterial::getMaterialInfo(struct srVertexProcessor::MaterialInfo &),,
wiz8--demo--wiz8--8acda50afe39,005f8b64,9,005eb260,import-thunk,sr.dll!?preProcess@srMaterial@@UAEXAAVsrVertexPipe@@@Z,public: virtual void __thiscall srMaterial::preProcess(class srVertexPipe &),,
wiz8--demo--wiz8--8acda50afe39,005f8b64,10,005eb25a,import-thunk,sr.dll!?postProcess@srMaterial@@UAEXAAVsrVertexPipe@@@Z,public: virtual void __thiscall srMaterial::postProcess(class srVertexPipe &),,
wiz8--demo--wiz8--8acda50afe39,005f8b64,11,005eb254,import-thunk,sr.dll!?updateParms@srMaterial@@MAEXXZ,protected: virtual void __thiscall srMaterial::updateParms(void),,
wiz8--demo--wiz8--8acda50afe39,005f8b64,12,005eb24e,import-thunk,sr.dll!?reset@srMaterial@@MAEXXZ,protected: virtual void __thiscall srMaterial::reset(void),,
wiz8--demo--wiz8--8acda50afe39,005f8bc8,0,0049dd80,local,,,,
wiz8--demo--wiz8--8acda50afe39,005f8bc8,1,0049dd70,local,,,,
wiz8--demo--wiz8--8acda50afe39,005f8bc8,2,0049dd90,local,,,,
wiz8--demo--wiz8--8acda50afe39,005f8bc8,3,005eb3b6,import-thunk,sr.dll!?dump@srNode@@UAEXAAV?$basic_ostream@DU?$char_traits@D@std@@@std@@@Z,"public: virtual void __thiscall srNode::dump(class std::basic_ostream<char, struct std::char_traits<char>> &)",,
wiz8--demo--wiz8--8acda50afe39,005f8bc8,4,005eb2ba,import-thunk,sr.dll!?verify@srClass@@UAEXW4e_verify@srRuntimeClass@@@Z,public: virtual void __thiscall srClass::verify(enum srRuntimeClass::e_verify),,
wiz8--demo--wiz8--8acda50afe39,005f8bc8,5,0049aa80,local,,,,
wiz8--demo--wiz8--8acda50afe39,005f8bc8,6,0049eaf0,local,,,,
wiz8--demo--wiz8--8acda50afe39,005f8bc8,7,0049de00,local,,,,
wiz8--demo--wiz8--8acda50afe39,005f8bc8,8,0049b560,local,,,,
wiz8--demo--wiz8--8acda50afe39,005f8bc8,9,0049b680,local,,,,
wiz8--demo--wiz8--8acda50afe39,005f8bc8,10,005eb2a2,import-thunk,sr.dll!?getLocalBounds@srNode@@UAEXAAUBoundInfo@1@@Z,public: virtual void __thiscall srNode::getLocalBounds(struct srNode::BoundInfo &),,
wiz8--demo--wiz8--8acda50afe39,005f8bc8,11,005eb29c,import-thunk,sr.dll!?updateBounds@srNode@@UAEXXZ,public: virtual void __thiscall srNode::updateBounds(void),,
wiz8--demo--wiz8--8acda50afe39,005f8bc8,12,005eb296,import-thunk,sr.dll!?processSignal@srNode@@MAEHKPAX@Z,"protected: virtual int __thiscall srNode::processSignal(unsigned long, void *)",,
wiz8--demo--wiz8--8acda50afe39,005f8bfc,0,0049dd80,local,,,,
wiz8--demo--wiz8--8acda50afe39,005f8bfc,1,0049dd70,local,,,,
wiz8--demo--wiz8--8acda50afe39,005f8bfc,2,0049dd90,local,,,,
wiz8--demo--wiz8--8acda50afe39,005f8bfc,3,005eb3b6,import-thunk,sr.dll!?dump@srNode@@UAEXAAV?$basic_ostream@DU?$char_traits@D@std@@@std@@@Z,"public: virtual void __thiscall srNode::dump(class std::basic_ostream<char, struct std::char_traits<char>> &)",,
wiz8--demo--wiz8--8acda50afe39,005f8bfc,4,005eb2ba,import-thunk,sr.dll!?verify@srClass@@UAEXW4e_verify@srRuntimeClass@@@Z,public: virtual void __thiscall srClass::verify(enum srRuntimeClass::e_verify),,
wiz8--demo--wiz8--8acda50afe39,005f8bfc,5,0049e280,local,,,,
wiz8--demo--wiz8--8acda50afe39,005f8bfc,6,005eb3b0,import-thunk,sr.dll!?vInstance@srNode@@UAEPAVsrClass@@XZ,public: virtual class srClass * __thiscall srNode::vInstance(void),,
wiz8--demo--wiz8--8acda50afe39,005f8bfc,7,0049de00,local,,,,
wiz8--demo--wiz8--8acda50afe39,005f8bfc,8,005eb284,import-thunk,sr.dll!?traverse@srNode@@UAEXAAVTraverseInfo@1@@Z,public: virtual void __thiscall srNode::traverse(class srNode::TraverseInfo &),,
wiz8--demo--wiz8--8acda50afe39,005f8bfc,9,005eb3aa,import-thunk,sr.dll!?process@srNode@@UAEXABUProcessInfo@1@W4e_processType@1@@Z,"public: virtual void __thiscall srNode::process(struct srNode::ProcessInfo const &, enum srNode::e_processType)",,
wiz8--demo--wiz8--8acda50afe39,005f8bfc,10,005eb2a2,import-thunk,sr.dll!?getLocalBounds@srNode@@UAEXAAUBoundInfo@1@@Z,public: virtual void __thiscall srNode::getLocalBounds(struct srNode::BoundInfo &),,
wiz8--demo--wiz8--8acda50afe39,005f8bfc,11,005eb29c,import-thunk,sr.dll!?updateBounds@srNode@@UAEXXZ,public: virtual void __thiscall srNode::updateBounds(void),,
wiz8--demo--wiz8--8acda50afe39,005f8bfc,12,005eb296,import-thunk,sr.dll!?processSignal@srNode@@MAEHKPAX@Z,"protected: virtual int __thiscall srNode::processSignal(unsigned long, void *)",,
wiz8--demo--wiz8--8acda50afe39,005f8c50,0,004a0c10,adjustor-thunk,,,312,004a0bc0
wiz8--demo--wiz8--8acda50afe39,005f8c50,1,005eb446,import-thunk,sr.dll!?isActive@srLight@@UAEHAAVsrVertexPipe@@@Z,public: virtual int __thiscall srLight::isActive(class srVertexPipe &),,
wiz8--demo--wiz8--8acda50afe39,005f8c50,2,005eb440,import-thunk,sr.dll!?process@srLight@@UAEXAAVsrVertexPipe@@@Z,public: virtual void __thiscall srLight::process(class srVertexPipe &),,
wiz8--demo--wiz8--8acda50afe39,005f8c5c,0,004a05b0,local,,,,
wiz8--demo--wiz8--8acda50afe39,005f8c5c,1,004a05a0,local,,,,
wiz8--demo--wiz8--8acda50afe39,005f8c5c,2,004a8310,local,,,,
wiz8--demo--wiz8--8acda50afe39,005f8c5c,3,005eb44c,import-thunk,sr.dll!?dump@srLight@@UAEXAAV?$basic_ostream@DU?$char_traits@D@std@@@std@@@Z,"public: virtual void __thiscall srLight::dump(class std::basic_ostream<char, struct std::char_traits<char>> &)",,
wiz8--demo--wiz8--8acda50afe39,005f8c5c,4,005eb2ba,import-thunk,sr.dll!?verify@srClass@@UAEXW4e_verify@srRuntimeClass@@@Z,public: virtual void __thiscall srClass::verify(enum srRuntimeClass::e_verify),,
wiz8--demo--wiz8--8acda50afe39,005f8c5c,5,004a0bc0,local,,,,
wiz8--demo--wiz8--8acda50afe39,005f8c5c,6,004a0b60,local,,,,
wiz8--demo--wiz8--8acda50afe39,005f8c5c,7,004a05c0,local,,,,
wiz8--demo--wiz8--8acda50afe39,005f8c5c,8,0049f040,local,,,,
wiz8--demo--wiz8--8acda50afe39,005f8c5c,9,0049f170,local,,,,
wiz8--demo--wiz8--8acda50afe39,005f8c5c,10,005eb2a2,import-thunk,sr.dll!?getLocalBounds@srNode@@UAEXAAUBoundInfo@1@@Z,public: virtual void __thiscall srNode::getLocalBounds(struct srNode::BoundInfo &),,
wiz8--demo--wiz8--8acda50afe39,005f8c5c,11,005eb29c,import-thunk,sr.dll!?updateBounds@srNode@@UAEXXZ,public: virtual void __thiscall srNode::updateBounds(void),,
wiz8--demo--wiz8--8acda50afe39,005f8c5c,12,005eb296,import-thunk,sr.dll!?processSignal@srNode@@MAEHKPAX@Z,"protected: virtual int __thiscall srNode::processSignal(unsigned long, void *)",,
wiz8--demo--wiz8--8acda50afe39,005f8c90,0,004a0c00,adjustor-thunk,,,312,004a0ac0
wiz8--demo--wiz8--8acda50afe39,005f8c90,1,005eb446,import-thunk,sr.dll!?isActive@srLight@@UAEHAAVsrVertexPipe@@@Z,public: virtual int __thiscall srLight::isActive(class srVertexPipe &),,
wiz8--demo--wiz8--8acda50afe39,005f8c90,2,005eb440,import-thunk,sr.dll!?process@srLight@@UAEXAAVsrVertexPipe@@@Z,public: virtual void __thiscall srLight::process(class srVertexPipe &),,
wiz8--demo--wiz8--8acda50afe39,005f8c9c,0,004a05b0,local,,,,
wiz8--demo--wiz8--8acda50afe39,005f8c9c,1,004a05a0,local,,,,
wiz8--demo--wiz8--8acda50afe39,005f8c9c,2,004a8310,local,,,,
wiz8--demo--wiz8--8acda50afe39,005f8c9c,3,005eb44c,import-thunk,sr.dll!?dump@srLight@@UAEXAAV?$basic_ostream@DU?$char_traits@D@std@@@std@@@Z,"public: virtual void __thiscall srLight::dump(class std::basic_ostream<char, struct std::char_traits<char>> &)",,
wiz8--demo--wiz8--8acda50afe39,005f8c9c,4,005eb2ba,import-thunk,sr.dll!?verify@srClass@@UAEXW4e_verify@srRuntimeClass@@@Z,public: virtual void __thiscall srClass::verify(enum srRuntimeClass::e_verify),,
wiz8--demo--wiz8--8acda50afe39,005f8c9c,5,004a0ac0,local,,,,
wiz8--demo--wiz8--8acda50afe39,005f8c9c,6,005eb3b0,import-thunk,sr.dll!?vInstance@srNode@@UAEPAVsrClass@@XZ,public: virtual class srClass * __thiscall srNode::vInstance(void),,
wiz8--demo--wiz8--8acda50afe39,005f8c9c,7,004a05c0,local,,,,
wiz8--demo--wiz8--8acda50afe39,005f8c9c,8,005eb43a,import-thunk,sr.dll!?traverse@srLight@@UAEXAAVTraverseInfo@srNode@@@Z,public: virtual void __thiscall srLight::traverse(class srNode::TraverseInfo &),,
wiz8--demo--wiz8--8acda50afe39,005f8c9c,9,005eb434,import-thunk,sr.dll!?process@srLight@@UAEXABUProcessInfo@srNode@@W4e_processType@3@@Z,"public: virtual void __thiscall srLight::process(struct srNode::ProcessInfo const &, enum srNode::e_processType)",,
wiz8--demo--wiz8--8acda50afe39,005f8c9c,10,005eb2a2,import-thunk,sr.dll!?getLocalBounds@srNode@@UAEXAAUBoundInfo@1@@Z,public: virtual void __thiscall srNode::getLocalBounds(struct srNode::BoundInfo &),,
wiz8--demo--wiz8--8acda50afe39,005f8c9c,11,005eb29c,import-thunk,sr.dll!?updateBounds@srNode@@UAEXXZ,public: virtual void __thiscall srNode::updateBounds(void),,
wiz8--demo--wiz8--8acda50afe39,005f8c9c,12,005eb296,import-thunk,sr.dll!?processSignal@srNode@@MAEHKPAX@Z,"protected: virtual int __thiscall srNode::processSignal(unsigned long, void *)",,
wiz8--demo--wiz8--8acda50afe39,005f8cd0,0,004a03c0,import-thunk,sr.dll!?sGetClassName@srIlluminator@@SAPBDXZ,public: static char const * __cdecl srIlluminator::sGetClassName(void),,
wiz8--demo--wiz8--8acda50afe39,005f8cd0,1,004a03b0,local,,,,
wiz8--demo--wiz8--8acda50afe39,005f8cd0,2,004a03d0,local,,,,
wiz8--demo--wiz8--8acda50afe39,005f8cd0,3,005eb3b6,import-thunk,sr.dll!?dump@srNode@@UAEXAAV?$basic_ostream@DU?$char_traits@D@std@@@std@@@Z,"public: virtual void __thiscall srNode::dump(class std::basic_ostream<char, struct std::char_traits<char>> &)",,
wiz8--demo--wiz8--8acda50afe39,005f8cd0,4,005eb2ba,import-thunk,sr.dll!?verify@srClass@@UAEXW4e_verify@srRuntimeClass@@@Z,public: virtual void __thiscall srClass::verify(enum srRuntimeClass::e_verify),,
wiz8--demo--wiz8--8acda50afe39,005f8cd0,5,004a0810,local,,,,
wiz8--demo--wiz8--8acda50afe39,005f8cd0,6,005eb3b0,import-thunk,sr.dll!?vInstance@srNode@@UAEPAVsrClass@@XZ,public: virtual class srClass * __thiscall srNode::vInstance(void),,
wiz8--demo--wiz8--8acda50afe39,005f8cd0,7,004a0440,local,,,,
wiz8--demo--wiz8--8acda50afe39,005f8cd0,8,005eb284,import-thunk,sr.dll!?traverse@srNode@@UAEXAAVTraverseInfo@1@@Z,public: virtual void __thiscall srNode::traverse(class srNode::TraverseInfo &),,
wiz8--demo--wiz8--8acda50afe39,005f8cd0,9,005eb3aa,import-thunk,sr.dll!?process@srNode@@UAEXABUProcessInfo@1@W4e_processType@1@@Z,"public: virtual void __thiscall srNode::process(struct srNode::ProcessInfo const &, enum srNode::e_processType)",,
wiz8--demo--wiz8--8acda50afe39,005f8cd0,10,005eb2a2,import-thunk,sr.dll!?getLocalBounds@srNode@@UAEXAAUBoundInfo@1@@Z,public: virtual void __thiscall srNode::getLocalBounds(struct srNode::BoundInfo &),,
wiz8--demo--wiz8--8acda50afe39,005f8cd0,11,005eb29c,import-thunk,sr.dll!?updateBounds@srNode@@UAEXXZ,public: virtual void __thiscall srNode::updateBounds(void),,
wiz8--demo--wiz8--8acda50afe39,005f8cd0,12,005eb296,import-thunk,sr.dll!?processSignal@srNode@@MAEHKPAX@Z,"protected: virtual int __thiscall srNode::processSignal(unsigned long, void *)",,
wiz8--demo--wiz8--8acda50afe39,005f8d04,0,004a0bf0,adjustor-thunk,,,312,004a0900
wiz8--demo--wiz8--8acda50afe39,005f8d04,1,004d8f90,local,,,,
wiz8--demo--wiz8--8acda50afe39,005f8d04,2,004f9cb0,local,,,,
wiz8--demo--wiz8--8acda50afe39,005f8d10,0,004a04d0,local,,,,
wiz8--demo--wiz8--8acda50afe39,005f8d10,1,004a04c0,local,,,,
wiz8--demo--wiz8--8acda50afe39,005f8d10,2,004a04e0,local,,,,
wiz8--demo--wiz8--8acda50afe39,005f8d10,3,005eb3b6,import-thunk,sr.dll!?dump@srNode@@UAEXAAV?$basic_ostream@DU?$char_traits@D@std@@@std@@@Z,"public: virtual void __thiscall srNode::dump(class std::basic_ostream<char, struct std::char_traits<char>> &)",,
wiz8--demo--wiz8--8acda50afe39,005f8d10,4,005eb2ba,import-thunk,sr.dll!?verify@srClass@@UAEXW4e_verify@srRuntimeClass@@@Z,public: virtual void __thiscall srClass::verify(enum srRuntimeClass::e_verify),,
wiz8--demo--wiz8--8acda50afe39,005f8d10,5,004a0900,local,,,,
wiz8--demo--wiz8--8acda50afe39,005f8d10,6,005eb3b0,import-thunk,sr.dll!?vInstance@srNode@@UAEPAVsrClass@@XZ,public: virtual class srClass * __thiscall srNode::vInstance(void),,
wiz8--demo--wiz8--8acda50afe39,005f8d10,7,004a0580,local,,,,
wiz8--demo--wiz8--8acda50afe39,005f8d10,8,005eb41c,import-thunk,sr.dll!?traverse@srIlluminator@@UAEXAAVTraverseInfo@srNode@@@Z,public: virtual void __thiscall srIlluminator::traverse(class srNode::TraverseInfo &),,
wiz8--demo--wiz8--8acda50afe39,005f8d10,9,005eb416,import-thunk,sr.dll!?process@srIlluminator@@UAEXABUProcessInfo@srNode@@W4e_processType@3@@Z,"public: virtual void __thiscall srIlluminator::process(struct srNode::ProcessInfo const &, enum srNode::e_processType)",,
wiz8--demo--wiz8--8acda50afe39,005f8d10,10,005eb2a2,import-thunk,sr.dll!?getLocalBounds@srNode@@UAEXAAUBoundInfo@1@@Z,public: virtual void __thiscall srNode::getLocalBounds(struct srNode::BoundInfo &),,
wiz8--demo--wiz8--8acda50afe39,005f8d10,11,005eb29c,import-thunk,sr.dll!?updateBounds@srNode@@UAEXXZ,public: virtual void __thiscall srNode::updateBounds(void),,
wiz8--demo--wiz8--8acda50afe39,005f8d10,12,005eb296,import-thunk,sr.dll!?processSignal@srNode@@MAEHKPAX@Z,"protected: virtual int __thiscall srNode::processSignal(unsigned long, void *)",,
wiz8--demo--wiz8--8acda50afe39,005f8d68,0,004a18c0,local,,,,
wiz8--demo--wiz8--8acda50afe39,005f8d68,1,00450190,local,,,,
wiz8--demo--wiz8--8acda50afe39,005f8d70,0,004a1be0,local,,,,
wiz8--demo--wiz8--8acda50afe39,005f8d98,0,004a4d20,local,,,,
wiz8--demo--wiz8--8acda50afe39,005f8d98,1,004a4990,local,,,,
wiz8--demo--wiz8--8acda50afe39,005f8d98,2,004a4ce0,local,,,,
wiz8--demo--wiz8--8acda50afe39,005f8da4,0,004a4dd0,local,,,,
wiz8--demo--wiz8--8acda50afe39,005f8da8,0,004a4880,local,,,,
wiz8--demo--wiz8--8acda50afe39,005f8da8,1,005eaf3a,pure-virtual,,,,
wiz8--demo--wiz8--8acda50afe39,005f8da8,2,005eaf3a,pure-virtual,,,,
wiz8--demo--wiz8--8acda50afe39,005f8db4,0,004a4960,local,,,,
wiz8--demo--wiz8--8acda50afe39,005f8db4,1,004a48a0,local,,,,
wiz8--demo--wiz8--8acda50afe39,005f8db4,2,004a4940,local,,,,
wiz8--demo--wiz8--8acda50afe39,005f8dc0,0,004a4e00,local,,,,
wiz8--demo--wiz8--8acda50afe39,005f8dd8,0,004a5530,local,,,,
wiz8--demo--wiz8--8acda50afe39,005f8dd8,1,004a8680,local,,,,
wiz8--demo--wiz8--8acda50afe39,005f8dd8,2,004adbb0,local,,,,
wiz8--demo--wiz8--8acda50afe39,005f8dd8,3,004a4ed0,local,,,,
wiz8--demo--wiz8--8acda50afe39,005f8dd8,4,004adc30,local,,,,
wiz8--demo--wiz8--8acda50afe39,005f8dec,0,004a8710,adjustor-thunk,,,24,004a65e0
wiz8--demo--wiz8--8acda50afe39,005f8dec,1,00454c40,local,,,,
wiz8--demo--wiz8--8acda50afe39,005f8dec,2,00454c50,local,,,,
wiz8--demo--wiz8--8acda50afe39,005f8dec,3,004a6ed0,local,,,,
wiz8--demo--wiz8--8acda50afe39,005f8dec,4,00457400,local,,,,
wiz8--demo--wiz8--8acda50afe39,005f8e00,0,004a65e0,local,,,,
wiz8--demo--wiz8--8acda50afe39,005f8e00,1,004a9a80,local,,,,
wiz8--demo--wiz8--8acda50afe39,005f8e00,2,004a9790,local,,,,
wiz8--demo--wiz8--8acda50afe39,005f8e00,3,004a9910,local,,,,
wiz8--demo--wiz8--8acda50afe39,005f8e00,4,004a68b0,local,,,,
wiz8--demo--wiz8--8acda50afe39,005f8e00,5,004a68c0,local,,,,
wiz8--demo--wiz8--8acda50afe39,005f8e00,6,004a6a60,local,,,,
wiz8--demo--wiz8--8acda50afe39,005f8e00,7,004a6d40,local,,,,
wiz8--demo--wiz8--8acda50afe39,005f8e00,8,004a6d70,local,,,,
wiz8--demo--wiz8--8acda50afe39,005f8e00,9,004a6d90,local,,,,
wiz8--demo--wiz8--8acda50afe39,005f8e00,10,004aa710,local,,,,
wiz8--demo--wiz8--8acda50afe39,005f8e00,11,004aa750,local,,,,
wiz8--demo--wiz8--8acda50afe39,005f8e00,12,004a6ab0,local,,,,
wiz8--demo--wiz8--8acda50afe39,005f8e00,13,004a6d20,local,,,,
wiz8--demo--wiz8--8acda50afe39,005f8e00,14,004a68f0,local,,,,
wiz8--demo--wiz8--8acda50afe39,005f8e00,15,004a6da0,local,,,,
wiz8--demo--wiz8--8acda50afe39,005f8e00,16,004a6800,local,,,,
wiz8--demo--wiz8--8acda50afe39,005f8e44,0,004a85f0,local,,,,
wiz8--demo--wiz8--8acda50afe39,005f8e58,0,004a8660,local,,,,
wiz8--demo--wiz8--8acda50afe39,005f8e5c,0,004a8630,local,,,,
wiz8--demo--wiz8--8acda50afe39,005f8e70,0,004a8870,local,,,,
wiz8--demo--wiz8--8acda50afe39,005f8e70,1,004a9a80,local,,,,
wiz8--demo--wiz8--8acda50afe39,005f8e70,2,004a9790,local,,,,
wiz8--demo--wiz8--8acda50afe39,005f8e70,3,004a9910,local,,,,
wiz8--demo--wiz8--8acda50afe39,005f8e70,4,004a9db0,local,,,,
wiz8--demo--wiz8--8acda50afe39,005f8e70,5,005eaf3a,pure-virtual,,,,
wiz8--demo--wiz8--8acda50afe39,005f8e70,6,005eaf3a,pure-virtual,,,,
wiz8--demo--wiz8--8acda50afe39,005f8e70,7,005eaf3a,pure-virtual,,,,
wiz8--demo--wiz8--8acda50afe39,005f8e70,8,005eaf3a,pure-virtual,,,,
wiz8--demo--wiz8--8acda50afe39,005f8e70,9,005eaf3a,pure-virtual,,,,
wiz8--demo--wiz8--8acda50afe39,005f8e70,10,004aa710,local,,,,
wiz8--demo--wiz8--8acda50afe39,005f8e70,11,004aa750,local,,,,
wiz8--demo--wiz8--8acda50afe39,005f8e70,12,005eaf3a,pure-virtual,,,,
wiz8--demo--wiz8--8acda50afe39,005f8e70,13,005eaf3a,pure-virtual,,,,
wiz8--demo--wiz8--8acda50afe39,005f8e70,14,004a9c30,local,,,,
wiz8--demo--wiz8--8acda50afe39,005f8e70,15,005eaf3a,pure-virtual,,,,
wiz8--demo--wiz8--8acda50afe39,005f8eb0,0,004aba20,adjustor-thunk,,,24,004a8870
wiz8--demo--wiz8--8acda50afe39,005f8eb0,1,00454c40,local,,,,
wiz8--demo--wiz8--8acda50afe39,005f8eb0,2,00454c50,local,,,,
wiz8--demo--wiz8--8acda50afe39,005f8eb0,3,004a9a80,local,,,,
wiz8--demo--wiz8--8acda50afe39,005f8eb0,4,00457400,local,,,,
wiz8--demo--wiz8--8acda50afe39,005f8ec4,0,004ab920,local,,,,
wiz8--demo--wiz8--8acda50afe39,005f8ec8,0,004ab8f0,local,,,,
wiz8--demo--wiz8--8acda50afe39,005f8ecc,0,004ab8b0,local,,,,
wiz8--demo--wiz8--8acda50afe39,005f8ed0,0,004ab880,local,,,,
wiz8--demo--wiz8--8acda50afe39,005f8ed4,0,004ab990,local,,,,
wiz8--demo--wiz8--8acda50afe39,005f8ed8,0,004ab960,local,,,,
wiz8--demo--wiz8--8acda50afe39,005f8edc,0,004ab860,local,,,,
wiz8--demo--wiz8--8acda50afe39,005f8ee0,0,004ab830,local,,,,
wiz8--demo--wiz8--8acda50afe39,005f8ef8,0,004ad410,local,,,,
wiz8--demo--wiz8--8acda50afe39,005f8efc,0,004ad3e0,local,,,,
wiz8--demo--wiz8--8acda50afe39,005f8f10,0,004ad620,local,,,,
wiz8--demo--wiz8--8acda50afe39,005f8f10,1,004b0950,local,,,,
wiz8--demo--wiz8--8acda50afe39,005f8f10,2,004adbb0,local,,,,
wiz8--demo--wiz8--8acda50afe39,005f8f10,3,004adbe0,local,,,,
wiz8--demo--wiz8--8acda50afe39,005f8f10,4,004adc30,local,,,,
wiz8--demo--wiz8--8acda50afe39,005f8f24,0,004b0940,adjustor-thunk,,,24,004ae600
wiz8--demo--wiz8--8acda50afe39,005f8f24,1,00454c40,local,,,,
wiz8--demo--wiz8--8acda50afe39,005f8f24,2,00454c50,local,,,,
wiz8--demo--wiz8--8acda50afe39,005f8f24,3,004a9a80,local,,,,
wiz8--demo--wiz8--8acda50afe39,005f8f24,4,00457400,local,,,,
wiz8--demo--wiz8--8acda50afe39,005f8f38,0,004ae600,local,,,,
wiz8--demo--wiz8--8acda50afe39,005f8f38,1,004a9a80,local,,,,
wiz8--demo--wiz8--8acda50afe39,005f8f38,2,004a9790,local,,,,
wiz8--demo--wiz8--8acda50afe39,005f8f38,3,004a9910,local,,,,
wiz8--demo--wiz8--8acda50afe39,005f8f38,4,004ae720,local,,,,
wiz8--demo--wiz8--8acda50afe39,005f8f38,5,004aec80,local,,,,
wiz8--demo--wiz8--8acda50afe39,005f8f38,6,004aee00,local,,,,
wiz8--demo--wiz8--8acda50afe39,005f8f38,7,004af160,local,,,,
wiz8--demo--wiz8--8acda50afe39,005f8f38,8,004af190,local,,,,
wiz8--demo--wiz8--8acda50afe39,005f8f38,9,004af1b0,local,,,,
wiz8--demo--wiz8--8acda50afe39,005f8f38,10,004aa710,local,,,,
wiz8--demo--wiz8--8acda50afe39,005f8f38,11,004aa750,local,,,,
wiz8--demo--wiz8--8acda50afe39,005f8f38,12,004aeea0,local,,,,
wiz8--demo--wiz8--8acda50afe39,005f8f38,13,004af140,local,,,,
wiz8--demo--wiz8--8acda50afe39,005f8f38,14,004aecb0,local,,,,
wiz8--demo--wiz8--8acda50afe39,005f8f38,15,004af1c0,local,,,,
wiz8--demo--wiz8--8acda50afe39,005f8f38,16,004ae6e0,local,,,,
wiz8--demo--wiz8--8acda50afe39,005f8f38,17,004aee50,local,,,,
wiz8--demo--wiz8--8acda50afe39,005f8fa8,0,004b1c10,local,,,,
wiz8--demo--wiz8--8acda50afe39,005f8fa8,1,004b1c00,local,,,,
wiz8--demo--wiz8--8acda50afe39,005f8fa8,2,004b1c20,local,,,,
wiz8--demo--wiz8--8acda50afe39,005f8fa8,3,005eb3b6,import-thunk,sr.dll!?dump@srNode@@UAEXAAV?$basic_ostream@DU?$char_traits@D@std@@@std@@@Z,"public: virtual void __thiscall srNode::dump(class std::basic_ostream<char, struct std::char_traits<char>> &)",,
wiz8--demo--wiz8--8acda50afe39,005f8fa8,4,005eb2ba,import-thunk,sr.dll!?verify@srClass@@UAEXW4e_verify@srRuntimeClass@@@Z,public: virtual void __thiscall srClass::verify(enum srRuntimeClass::e_verify),,
wiz8--demo--wiz8--8acda50afe39,005f8fa8,5,004b1330,local,,,,
wiz8--demo--wiz8--8acda50afe39,005f8fa8,6,004b1ff0,local,,,,
wiz8--demo--wiz8--8acda50afe39,005f8fa8,7,004b1c90,local,,,,
wiz8--demo--wiz8--8acda50afe39,005f8fa8,8,005eb284,import-thunk,sr.dll!?traverse@srNode@@UAEXAAVTraverseInfo@1@@Z,public: virtual void __thiscall srNode::traverse(class srNode::TraverseInfo &),,
wiz8--demo--wiz8--8acda50afe39,005f8fa8,9,005eb3aa,import-thunk,sr.dll!?process@srNode@@UAEXABUProcessInfo@1@W4e_processType@1@@Z,"public: virtual void __thiscall srNode::process(struct srNode::ProcessInfo const &, enum srNode::e_processType)",,
wiz8--demo--wiz8--8acda50afe39,005f8fa8,10,005eb2a2,import-thunk,sr.dll!?getLocalBounds@srNode@@UAEXAAUBoundInfo@1@@Z,public: virtual void __thiscall srNode::getLocalBounds(struct srNode::BoundInfo &),,
wiz8--demo--wiz8--8acda50afe39,005f8fa8,11,005eb29c,import-thunk,sr.dll!?updateBounds@srNode@@UAEXXZ,public: virtual void __thiscall srNode::updateBounds(void),,
wiz8--demo--wiz8--8acda50afe39,005f8fa8,12,005eb296,import-thunk,sr.dll!?processSignal@srNode@@MAEHKPAX@Z,"protected: virtual int __thiscall srNode::processSignal(unsigned long, void *)",,
wiz8--demo--wiz8--8acda50afe39,005f8fdc,0,004b1c10,local,,,,
wiz8--demo--wiz8--8acda50afe39,005f8fdc,1,004b1c00,local,,,,
wiz8--demo--wiz8--8acda50afe39,005f8fdc,2,004b1c20,local,,,,
wiz8--demo--wiz8--8acda50afe39,005f8fdc,3,005eb3b6,import-thunk,sr.dll!?dump@srNode@@UAEXAAV?$basic_ostream@DU?$char_traits@D@std@@@std@@@Z,"public: virtual void __thiscall srNode::dump(class std::basic_ostream<char, struct std::char_traits<char>> &)",,
wiz8--demo--wiz8--8acda50afe39,005f8fdc,4,005eb2ba,import-thunk,sr.dll!?verify@srClass@@UAEXW4e_verify@srRuntimeClass@@@Z,public: virtual void __thiscall srClass::verify(enum srRuntimeClass::e_verify),,
wiz8--demo--wiz8--8acda50afe39,005f8fdc,5,004b1ef0,local,,,,
wiz8--demo--wiz8--8acda50afe39,005f8fdc,6,005eb3b0,import-thunk,sr.dll!?vInstance@srNode@@UAEPAVsrClass@@XZ,public: virtual class srClass * __thiscall srNode::vInstance(void),,
wiz8--demo--wiz8--8acda50afe39,005f8fdc,7,004b1c90,local,,,,
wiz8--demo--wiz8--8acda50afe39,005f8fdc,8,005eb284,import-thunk,sr.dll!?traverse@srNode@@UAEXAAVTraverseInfo@1@@Z,public: virtual void __thiscall srNode::traverse(class srNode::TraverseInfo &),,
wiz8--demo--wiz8--8acda50afe39,005f8fdc,9,005eb3aa,import-thunk,sr.dll!?process@srNode@@UAEXABUProcessInfo@1@W4e_processType@1@@Z,"public: virtual void __thiscall srNode::process(struct srNode::ProcessInfo const &, enum srNode::e_processType)",,
wiz8--demo--wiz8--8acda50afe39,005f8fdc,10,005eb2a2,import-thunk,sr.dll!?getLocalBounds@srNode@@UAEXAAUBoundInfo@1@@Z,public: virtual void __thiscall srNode::getLocalBounds(struct srNode::BoundInfo &),,
wiz8--demo--wiz8--8acda50afe39,005f8fdc,11,005eb29c,import-thunk,sr.dll!?updateBounds@srNode@@UAEXXZ,public: virtual void __thiscall srNode::updateBounds(void),,
wiz8--demo--wiz8--8acda50afe39,005f8fdc,12,005eb296,import-thunk,sr.dll!?processSignal@srNode@@MAEHKPAX@Z,"protected: virtual int __thiscall srNode::processSignal(unsigned long, void *)",,
wiz8--demo--wiz8--8acda50afe39,005f9010,0,004b1fd0,local,,,,
wiz8--demo--wiz8--8acda50afe39,005f9014,0,004b1fa0,local,,,,
wiz8--demo--wiz8--8acda50afe39,005f9048,0,004b81b0,local,,,,
wiz8--demo--wiz8--8acda50afe39,005f9048,1,00450190,local,,,,
wiz8--demo--wiz8--8acda50afe39,005f9050,0,004b80b0,local,,,,
wiz8--demo--wiz8--8acda50afe39,005f9050,1,00450190,local,,,,
wiz8--demo--wiz8--8acda50afe39,005f9050,2,005eaf3a,pure-virtual,,,,
wiz8--demo--wiz8--8acda50afe39,005f9050,3,005eaf3a,pure-virtual,,,,
wiz8--demo--wiz8--8acda50afe39,005f9050,4,005eaf3a,pure-virtual,,,,
wiz8--demo--wiz8--8acda50afe39,005f9088,0,004b9350,local,,,,
wiz8--demo--wiz8--8acda50afe39,005f908c,0,004b97f0,local,,,,
wiz8--demo--wiz8--8acda50afe39,005f9090,0,004b97c0,local,,,,
wiz8--demo--wiz8--8acda50afe39,005f90c8,0,004bb480,local,,,,
wiz8--demo--wiz8--8acda50afe39,005f90c8,1,004d8f90,local,,,,
wiz8--demo--wiz8--8acda50afe39,005f90c8,2,004bb3e0,local,,,,
wiz8--demo--wiz8--8acda50afe39,005f90e8,0,004bcc90,local,,,,
wiz8--demo--wiz8--8acda50afe39,005f90e8,1,004bcc80,local,,,,
wiz8--demo--wiz8--8acda50afe39,005f90e8,2,004bcca0,local,,,,
wiz8--demo--wiz8--8acda50afe39,005f90e8,3,005eb3b6,import-thunk,sr.dll!?dump@srNode@@UAEXAAV?$basic_ostream@DU?$char_traits@D@std@@@std@@@Z,"public: virtual void __thiscall srNode::dump(class std::basic_ostream<char, struct std::char_traits<char>> &)",,
wiz8--demo--wiz8--8acda50afe39,005f90e8,4,005eb2ba,import-thunk,sr.dll!?verify@srClass@@UAEXW4e_verify@srRuntimeClass@@@Z,public: virtual void __thiscall srClass::verify(enum srRuntimeClass::e_verify),,
wiz8--demo--wiz8--8acda50afe39,005f90e8,5,004bc7b0,local,,,,
wiz8--demo--wiz8--8acda50afe39,005f90e8,6,004bcea0,local,,,,
wiz8--demo--wiz8--8acda50afe39,005f90e8,7,004bcd10,local,,,,
wiz8--demo--wiz8--8acda50afe39,005f90e8,8,004bcbb0,local,,,,
wiz8--demo--wiz8--8acda50afe39,005f90e8,9,004bc8a0,local,,,,
wiz8--demo--wiz8--8acda50afe39,005f90e8,10,005eb2a2,import-thunk,sr.dll!?getLocalBounds@srNode@@UAEXAAUBoundInfo@1@@Z,public: virtual void __thiscall srNode::getLocalBounds(struct srNode::BoundInfo &),,
wiz8--demo--wiz8--8acda50afe39,005f90e8,11,005eb29c,import-thunk,sr.dll!?updateBounds@srNode@@UAEXXZ,public: virtual void __thiscall srNode::updateBounds(void),,
wiz8--demo--wiz8--8acda50afe39,005f90e8,12,005eb296,import-thunk,sr.dll!?processSignal@srNode@@MAEHKPAX@Z,"protected: virtual int __thiscall srNode::processSignal(unsigned long, void *)",,
wiz8--demo--wiz8--8acda50afe39,005f911c,0,004bcc90,local,,,,
wiz8--demo--wiz8--8acda50afe39,005f911c,1,004bcc80,local,,,,
wiz8--demo--wiz8--8acda50afe39,005f911c,2,004bcca0,local,,,,
wiz8--demo--wiz8--8acda50afe39,005f911c,3,005eb3b6,import-thunk,sr.dll!?dump@srNode@@UAEXAAV?$basic_ostream@DU?$char_traits@D@std@@@std@@@Z,"public: virtual void __thiscall srNode::dump(class std::basic_ostream<char, struct std::char_traits<char>> &)",,
wiz8--demo--wiz8--8acda50afe39,005f911c,4,005eb2ba,import-thunk,sr.dll!?verify@srClass@@UAEXW4e_verify@srRuntimeClass@@@Z,public: virtual void __thiscall srClass::verify(enum srRuntimeClass::e_verify),,
wiz8--demo--wiz8--8acda50afe39,005f911c,5,004bce70,local,,,,
wiz8--demo--wiz8--8acda50afe39,005f911c,6,005eb3b0,import-thunk,sr.dll!?vInstance@srNode@@UAEPAVsrClass@@XZ,public: virtual class srClass * __thiscall srNode::vInstance(void),,
wiz8--demo--wiz8--8acda50afe39,005f911c,7,004bcd10,local,,,,
wiz8--demo--wiz8--8acda50afe39,005f911c,8,005eb284,import-thunk,sr.dll!?traverse@srNode@@UAEXAAVTraverseInfo@1@@Z,public: virtual void __thiscall srNode::traverse(class srNode::TraverseInfo &),,
wiz8--demo--wiz8--8acda50afe39,005f911c,9,005eb3aa,import-thunk,sr.dll!?process@srNode@@UAEXABUProcessInfo@1@W4e_processType@1@@Z,"public: virtual void __thiscall srNode::process(struct srNode::ProcessInfo const &, enum srNode::e_processType)",,
wiz8--demo--wiz8--8acda50afe39,005f911c,10,005eb2a2,import-thunk,sr.dll!?getLocalBounds@srNode@@UAEXAAUBoundInfo@1@@Z,public: virtual void __thiscall srNode::getLocalBounds(struct srNode::BoundInfo &),,
wiz8--demo--wiz8--8acda50afe39,005f911c,11,005eb29c,import-thunk,sr.dll!?updateBounds@srNode@@UAEXXZ,public: virtual void __thiscall srNode::updateBounds(void),,
wiz8--demo--wiz8--8acda50afe39,005f911c,12,005eb296,import-thunk,sr.dll!?processSignal@srNode@@MAEHKPAX@Z,"protected: virtual int __thiscall srNode::processSignal(unsigned long, void *)",,
wiz8--demo--wiz8--8acda50afe39,005f9178,0,004c0c70,local,,,,
wiz8--demo--wiz8--8acda50afe39,005f9178,1,004c0c60,local,,,,
wiz8--demo--wiz8--8acda50afe39,005f9178,2,0058b150,local,,,,
wiz8--demo--wiz8--8acda50afe39,005f9178,3,005eb464,import-thunk,sr.dll!?dump@srClipPlane@@UAEXAAV?$basic_ostream@DU?$char_traits@D@std@@@std@@@Z,"public: virtual void __thiscall srClipPlane::dump(class std::basic_ostream<char, struct std::char_traits<char>> &)",,
wiz8--demo--wiz8--8acda50afe39,005f9178,4,005eb2ba,import-thunk,sr.dll!?verify@srClass@@UAEXW4e_verify@srRuntimeClass@@@Z,public: virtual void __thiscall srClass::verify(enum srRuntimeClass::e_verify),,
wiz8--demo--wiz8--8acda50afe39,005f9178,5,004c0ca0,local,,,,
wiz8--demo--wiz8--8acda50afe39,005f9178,6,005eb45e,import-thunk,sr.dll!?vInstance@srClipPlane@@UAEPAVsrClass@@XZ,public: virtual class srClass * __thiscall srClipPlane::vInstance(void),,
wiz8--demo--wiz8--8acda50afe39,005f9178,7,004c0c80,local,,,,
wiz8--demo--wiz8--8acda50afe39,005f9178,8,005eb458,import-thunk,sr.dll!?traverse@srClipPlane@@UAEXAAVTraverseInfo@srNode@@@Z,public: virtual void __thiscall srClipPlane::traverse(class srNode::TraverseInfo &),,
wiz8--demo--wiz8--8acda50afe39,005f9178,9,005eb452,import-thunk,sr.dll!?process@srClipPlane@@UAEXABUProcessInfo@srNode@@W4e_processType@3@@Z,"public: virtual void __thiscall srClipPlane::process(struct srNode::ProcessInfo const &, enum srNode::e_processType)",,
wiz8--demo--wiz8--8acda50afe39,005f9178,10,005eb2a2,import-thunk,sr.dll!?getLocalBounds@srNode@@UAEXAAUBoundInfo@1@@Z,public: virtual void __thiscall srNode::getLocalBounds(struct srNode::BoundInfo &),,
wiz8--demo--wiz8--8acda50afe39,005f9178,11,005eb29c,import-thunk,sr.dll!?updateBounds@srNode@@UAEXXZ,public: virtual void __thiscall srNode::updateBounds(void),,
wiz8--demo--wiz8--8acda50afe39,005f9178,12,005eb296,import-thunk,sr.dll!?processSignal@srNode@@MAEHKPAX@Z,"protected: virtual int __thiscall srNode::processSignal(unsigned long, void *)",,
wiz8--demo--wiz8--8acda50afe39,005f91ac,0,004c0cf0,local,,,,
wiz8--demo--wiz8--8acda50afe39,005f91b0,0,004c0d20,local,,,,
wiz8--demo--wiz8--8acda50afe39,005f91f8,0,004c1870,local,,,,
wiz8--demo--wiz8--8acda50afe39,005f91f8,1,004cd7e0,local,,,,
wiz8--demo--wiz8--8acda50afe39,005f91f8,2,004c2590,local,,,,
wiz8--demo--wiz8--8acda50afe39,005f91f8,3,004c2640,local,,,,
wiz8--demo--wiz8--8acda50afe39,005f91f8,4,004c25f0,local,,,,
wiz8--demo--wiz8--8acda50afe39,005f91f8,5,004c1dc0,local,,,,
wiz8--demo--wiz8--8acda50afe39,005f9210,0,004cdcc0,adjustor-thunk,,,24,004c2ab0
wiz8--demo--wiz8--8acda50afe39,005f9210,1,00454c40,local,,,,
wiz8--demo--wiz8--8acda50afe39,005f9210,2,00454c50,local,,,,
wiz8--demo--wiz8--8acda50afe39,005f9210,3,004a9a80,local,,,,
wiz8--demo--wiz8--8acda50afe39,005f9210,4,004cd640,local,,,,
wiz8--demo--wiz8--8acda50afe39,005f9224,0,004c2ab0,local,,,,
wiz8--demo--wiz8--8acda50afe39,005f9224,1,004c58d0,local,,,,
wiz8--demo--wiz8--8acda50afe39,005f9224,2,004a9790,local,,,,
wiz8--demo--wiz8--8acda50afe39,005f9224,3,004a9910,local,,,,
wiz8--demo--wiz8--8acda50afe39,005f9224,4,004c5b40,local,,,,
wiz8--demo--wiz8--8acda50afe39,005f9224,5,004cd840,local,,,,
wiz8--demo--wiz8--8acda50afe39,005f9224,6,004c6420,local,,,,
wiz8--demo--wiz8--8acda50afe39,005f9224,7,004c6ac0,local,,,,
wiz8--demo--wiz8--8acda50afe39,005f9224,8,004cd890,local,,,,
wiz8--demo--wiz8--8acda50afe39,005f9224,9,004cd900,local,,,,
wiz8--demo--wiz8--8acda50afe39,005f9224,10,004c6ae0,local,,,,
wiz8--demo--wiz8--8acda50afe39,005f9224,11,004c6bc0,local,,,,
wiz8--demo--wiz8--8acda50afe39,005f9224,12,004c6470,local,,,,
wiz8--demo--wiz8--8acda50afe39,005f9224,13,004cd910,local,,,,
wiz8--demo--wiz8--8acda50afe39,005f9224,14,004c5fc0,local,,,,
wiz8--demo--wiz8--8acda50afe39,005f9224,15,004c6bf0,local,,,,
wiz8--demo--wiz8--8acda50afe39,005f9224,16,004c4de0,local,,,,
wiz8--demo--wiz8--8acda50afe39,005f9224,17,004cd8c0,local,,,,
wiz8--demo--wiz8--8acda50afe39,005f9224,18,004c9ff0,local,,,,
wiz8--demo--wiz8--8acda50afe39,005f9224,19,004c6b50,local,,,,
wiz8--demo--wiz8--8acda50afe39,005f9280,0,004c63f0,local,,,,
wiz8--demo--wiz8--8acda50afe39,005f9280,1,004c6300,local,,,,
wiz8--demo--wiz8--8acda50afe39,005f9288,0,004cd940,local,,,,
wiz8--demo--wiz8--8acda50afe39,005f9288,1,005eaf3a,pure-virtual,,,,
wiz8--demo--wiz8--8acda50afe39,005f92c0,0,004cdc10,local,,,,
wiz8--demo--wiz8--8acda50afe39,005f92c4,0,004cdbe0,local,,,,
wiz8--demo--wiz8--8acda50afe39,005f9320,0,004d2450,local,,,,
wiz8--demo--wiz8--8acda50afe39,005f9320,1,004d2440,local,,,,
wiz8--demo--wiz8--8acda50afe39,005f9320,2,004d2460,local,,,,
wiz8--demo--wiz8--8acda50afe39,005f9320,3,005eb368,import-thunk,sr.dll!?dump@srClass@@UAEXAAV?$basic_ostream@DU?$char_traits@D@std@@@std@@@Z,"public: virtual void __thiscall srClass::dump(class std::basic_ostream<char, struct std::char_traits<char>> &)",,
wiz8--demo--wiz8--8acda50afe39,005f9320,4,005eb2ba,import-thunk,sr.dll!?verify@srClass@@UAEXW4e_verify@srRuntimeClass@@@Z,public: virtual void __thiscall srClass::verify(enum srRuntimeClass::e_verify),,
wiz8--demo--wiz8--8acda50afe39,005f9320,5,004d1eb0,local,,,,
wiz8--demo--wiz8--8acda50afe39,005f9320,6,004d27c0,local,,,,
wiz8--demo--wiz8--8acda50afe39,005f9320,7,004d24a0,local,,,,
wiz8--demo--wiz8--8acda50afe39,005f9340,0,004d27a0,local,,,,
wiz8--demo--wiz8--8acda50afe39,005f9344,0,004d2770,local,,,,
wiz8--demo--wiz8--8acda50afe39,005f9348,0,004d2750,local,,,,
wiz8--demo--wiz8--8acda50afe39,005f934c,0,004d2720,local,,,,
wiz8--demo--wiz8--8acda50afe39,005f9350,0,004d2450,local,,,,
wiz8--demo--wiz8--8acda50afe39,005f9350,1,004d2440,local,,,,
wiz8--demo--wiz8--8acda50afe39,005f9350,2,004d2460,local,,,,
wiz8--demo--wiz8--8acda50afe39,005f9350,3,005eb368,import-thunk,sr.dll!?dump@srClass@@UAEXAAV?$basic_ostream@DU?$char_traits@D@std@@@std@@@Z,"public: virtual void __thiscall srClass::dump(class std::basic_ostream<char, struct std::char_traits<char>> &)",,
wiz8--demo--wiz8--8acda50afe39,005f9350,4,005eb2ba,import-thunk,sr.dll!?verify@srClass@@UAEXW4e_verify@srRuntimeClass@@@Z,public: virtual void __thiscall srClass::verify(enum srRuntimeClass::e_verify),,
wiz8--demo--wiz8--8acda50afe39,005f9350,5,004d26b0,local,,,,
wiz8--demo--wiz8--8acda50afe39,005f9350,6,005eaf3a,pure-virtual,,,,
wiz8--demo--wiz8--8acda50afe39,005f9350,7,004d24a0,local,,,,
wiz8--demo--wiz8--8acda50afe39,005f93b0,0,004bb480,local,,,,
wiz8--demo--wiz8--8acda50afe39,005f93b0,1,004d8f90,local,,,,
wiz8--demo--wiz8--8acda50afe39,005f93b0,2,004d8e90,local,,,,
wiz8--demo--wiz8--8acda50afe39,005f93bc,0,004d96b0,local,,,,
wiz8--demo--wiz8--8acda50afe39,005f93bc,1,004d96a0,local,,,,
wiz8--demo--wiz8--8acda50afe39,005f93bc,2,004d96c0,local,,,,
wiz8--demo--wiz8--8acda50afe39,005f93bc,3,005eb3b6,import-thunk,sr.dll!?dump@srNode@@UAEXAAV?$basic_ostream@DU?$char_traits@D@std@@@std@@@Z,"public: virtual void __thiscall srNode::dump(class std::basic_ostream<char, struct std::char_traits<char>> &)",,
wiz8--demo--wiz8--8acda50afe39,005f93bc,4,005eb2ba,import-thunk,sr.dll!?verify@srClass@@UAEXW4e_verify@srRuntimeClass@@@Z,public: virtual void __thiscall srClass::verify(enum srRuntimeClass::e_verify),,
wiz8--demo--wiz8--8acda50afe39,005f93bc,5,004d9140,local,,,,
wiz8--demo--wiz8--8acda50afe39,005f93bc,6,004d98f0,local,,,,
wiz8--demo--wiz8--8acda50afe39,005f93bc,7,004d9730,local,,,,
wiz8--demo--wiz8--8acda50afe39,005f93bc,8,00480450,local,,,,
wiz8--demo--wiz8--8acda50afe39,005f93bc,9,004d9340,local,,,,
wiz8--demo--wiz8--8acda50afe39,005f93bc,10,005eb2a2,import-thunk,sr.dll!?getLocalBounds@srNode@@UAEXAAUBoundInfo@1@@Z,public: virtual void __thiscall srNode::getLocalBounds(struct srNode::BoundInfo &),,
wiz8--demo--wiz8--8acda50afe39,005f93bc,11,005eb29c,import-thunk,sr.dll!?updateBounds@srNode@@UAEXXZ,public: virtual void __thiscall srNode::updateBounds(void),,
wiz8--demo--wiz8--8acda50afe39,005f93bc,12,005eb296,import-thunk,sr.dll!?processSignal@srNode@@MAEHKPAX@Z,"protected: virtual int __thiscall srNode::processSignal(unsigned long, void *)",,
wiz8--demo--wiz8--8acda50afe39,005f93f0,0,004d96b0,local,,,,
wiz8--demo--wiz8--8acda50afe39,005f93f0,1,004d96a0,local,,,,
wiz8--demo--wiz8--8acda50afe39,005f93f0,2,004d96c0,local,,,,
wiz8--demo--wiz8--8acda50afe39,005f93f0,3,005eb3b6,import-thunk,sr.dll!?dump@srNode@@UAEXAAV?$basic_ostream@DU?$char_traits@D@std@@@std@@@Z,"public: virtual void __thiscall srNode::dump(class std::basic_ostream<char, struct std::char_traits<char>> &)",,
wiz8--demo--wiz8--8acda50afe39,005f93f0,4,005eb2ba,import-thunk,sr.dll!?verify@srClass@@UAEXW4e_verify@srRuntimeClass@@@Z,public: virtual void __thiscall srClass::verify(enum srRuntimeClass::e_verify),,
wiz8--demo--wiz8--8acda50afe39,005f93f0,5,004d9850,local,,,,
wiz8--demo--wiz8--8acda50afe39,005f93f0,6,005eb3b0,import-thunk,sr.dll!?vInstance@srNode@@UAEPAVsrClass@@XZ,public: virtual class srClass * __thiscall srNode::vInstance(void),,
wiz8--demo--wiz8--8acda50afe39,005f93f0,7,004d9730,local,,,,
wiz8--demo--wiz8--8acda50afe39,005f93f0,8,005eb284,import-thunk,sr.dll!?traverse@srNode@@UAEXAAVTraverseInfo@1@@Z,public: virtual void __thiscall srNode::traverse(class srNode::TraverseInfo &),,
wiz8--demo--wiz8--8acda50afe39,005f93f0,9,005eb3aa,import-thunk,sr.dll!?process@srNode@@UAEXABUProcessInfo@1@W4e_processType@1@@Z,"public: virtual void __thiscall srNode::process(struct srNode::ProcessInfo const &, enum srNode::e_processType)",,
wiz8--demo--wiz8--8acda50afe39,005f93f0,10,005eb2a2,import-thunk,sr.dll!?getLocalBounds@srNode@@UAEXAAUBoundInfo@1@@Z,public: virtual void __thiscall srNode::getLocalBounds(struct srNode::BoundInfo &),,
wiz8--demo--wiz8--8acda50afe39,005f93f0,11,005eb29c,import-thunk,sr.dll!?updateBounds@srNode@@UAEXXZ,public: virtual void __thiscall srNode::updateBounds(void),,
wiz8--demo--wiz8--8acda50afe39,005f93f0,12,005eb296,import-thunk,sr.dll!?processSignal@srNode@@MAEHKPAX@Z,"protected: virtual int __thiscall srNode::processSignal(unsigned long, void *)",,
wiz8--demo--wiz8--8acda50afe39,005f9430,0,004dc720,local,,,,
wiz8--demo--wiz8--8acda50afe39,005f9434,0,004dc760,local,,,,
wiz8--demo--wiz8--8acda50afe39,005f959c,0,004f60a0,local,,,,
wiz8--demo--wiz8--8acda50afe39,005f959c,1,004f61a0,local,,,,
wiz8--demo--wiz8--8acda50afe39,005f959c,2,004f6260,local,,,,
wiz8--demo--wiz8--8acda50afe39,005f95a8,0,004f9bf0,local,,,,
wiz8--demo--wiz8--8acda50afe39,005f95ac,0,004f9bc0,local,,,,
wiz8--demo--wiz8--8acda50afe39,005f95b0,0,004f66c0,local,,,,
wiz8--demo--wiz8--8acda50afe39,005f95b4,0,004f70e0,local,,,,
wiz8--demo--wiz8--8acda50afe39,005f95b4,1,004f9ca0,local,,,,
wiz8--demo--wiz8--8acda50afe39,005f95b4,2,004f9cb0,local,,,,
wiz8--demo--wiz8--8acda50afe39,005f95b4,3,004f9ce0,local,,,,
wiz8--demo--wiz8--8acda50afe39,005f95b4,4,004f9cc0,local,,,,
wiz8--demo--wiz8--8acda50afe39,005f95b4,5,004f9cb0,local,,,,
wiz8--demo--wiz8--8acda50afe39,005f95b4,6,004f9cb0,local,,,,
wiz8--demo--wiz8--8acda50afe39,005f95b4,7,004f9cb0,local,,,,
wiz8--demo--wiz8--8acda50afe39,005f95b4,8,004f9cb0,local,,,,
wiz8--demo--wiz8--8acda50afe39,005f95b4,9,004f9cb0,local,,,,
wiz8--demo--wiz8--8acda50afe39,005f95b4,10,004f9cb0,local,,,,
wiz8--demo--wiz8--8acda50afe39,005f95b4,11,004f9cb0,local,,,,
wiz8--demo--wiz8--8acda50afe39,005f95b4,12,004f9cb0,local,,,,
wiz8--demo--wiz8--8acda50afe39,005f95b4,13,004f9cb0,local,,,,
wiz8--demo--wiz8--8acda50afe39,005f95b4,14,004f9cb0,local,,,,
wiz8--demo--wiz8--8acda50afe39,005f95b4,15,004f9cb0,local,,,,
wiz8--demo--wiz8--8acda50afe39,005f95b4,16,004f9cb0,local,,,,
wiz8--demo--wiz8--8acda50afe39,005f95b4,17,004f9cb0,local,,,,
wiz8--demo--wiz8--8acda50afe39,005f95fc,0,004f75a0,local,,,,
wiz8--demo--wiz8--8acda50afe39,005f95fc,1,004f8780,local,,,,
wiz8--demo--wiz8--8acda50afe39,005f95fc,2,004f7d00,local,,,,
wiz8--demo--wiz8--8acda50afe39,005f95fc,3,004f7840,local,,,,
wiz8--demo--wiz8--8acda50afe39,005f95fc,4,004f77d0,local,,,,
wiz8--demo--wiz8--8acda50afe39,005f95fc,5,004f7a10,local,,,,
wiz8--demo--wiz8--8acda50afe39,005f95fc,6,004f9d00,local,,,,
wiz8--demo--wiz8--8acda50afe39,005f95fc,7,004f80a0,local,,,,
wiz8--demo--wiz8--8acda50afe39,005f95fc,8,004f8170,local,,,,
wiz8--demo--wiz8--8acda50afe39,005f95fc,9,004f9cb0,local,,,,
wiz8--demo--wiz8--8acda50afe39,005f95fc,10,004f9cb0,local,,,,
wiz8--demo--wiz8--8acda50afe39,005f95fc,11,004f82e0,local,,,,
wiz8--demo--wiz8--8acda50afe39,005f95fc,12,004f83e0,local,,,,
wiz8--demo--wiz8--8acda50afe39,005f95fc,13,004f8430,local,,,,
wiz8--demo--wiz8--8acda50afe39,005f95fc,14,004f8600,local,,,,
wiz8--demo--wiz8--8acda50afe39,005f95fc,15,004f8680,local,,,,
wiz8--demo--wiz8--8acda50afe39,005f95fc,16,004f85a0,local,,,,
wiz8--demo--wiz8--8acda50afe39,005f95fc,17,004f86d0,local,,,,
wiz8--demo--wiz8--8acda50afe39,005f95fc,18,004f7fb0,local,,,,
wiz8--demo--wiz8--8acda50afe39,005f95fc,19,004f8020,local,,,,
wiz8--demo--wiz8--8acda50afe39,005f964c,0,004f8930,local,,,,
wiz8--demo--wiz8--8acda50afe39,005f964c,1,004f9cb0,local,,,,
wiz8--demo--wiz8--8acda50afe39,005f9654,0,004f9c60,local,,,,
wiz8--demo--wiz8--8acda50afe39,005f9658,0,004f9c30,local,,,,
wiz8--demo--wiz8--8acda50afe39,005f965c,0,005eaf3a,pure-virtual,,,,
wiz8--demo--wiz8--8acda50afe39,005f965c,1,004f9cb0,local,,,,
wiz8--demo--wiz8--8acda50afe39,005f9664,0,004f9d10,local,,,,
wiz8--demo--wiz8--8acda50afe39,005f9664,1,004f9ca0,local,,,,
wiz8--demo--wiz8--8acda50afe39,005f9664,2,004f8df0,local,,,,
wiz8--demo--wiz8--8acda50afe39,005f9664,3,004f9ce0,local,,,,
wiz8--demo--wiz8--8acda50afe39,005f9664,4,004f9cc0,local,,,,
wiz8--demo--wiz8--8acda50afe39,005f9664,5,004f9cb0,local,,,,
wiz8--demo--wiz8--8acda50afe39,005f9664,6,004f9cb0,local,,,,
wiz8--demo--wiz8--8acda50afe39,005f9664,7,004f8c30,local,,,,
wiz8--demo--wiz8--8acda50afe39,005f9664,8,004f8c40,local,,,,
wiz8--demo--wiz8--8acda50afe39,005f9664,9,004f8cb0,local,,,,
wiz8--demo--wiz8--8acda50afe39,005f9664,10,004f9cb0,local,,,,
wiz8--demo--wiz8--8acda50afe39,005f9664,11,004f8af0,local,,,,
wiz8--demo--wiz8--8acda50afe39,005f9664,12,004f9cb0,local,,,,
wiz8--demo--wiz8--8acda50afe39,005f9664,13,004f8bf0,local,,,,
wiz8--demo--wiz8--8acda50afe39,005f9664,14,004f9cb0,local,,,,
wiz8--demo--wiz8--8acda50afe39,005f9664,15,004f9cb0,local,,,,
wiz8--demo--wiz8--8acda50afe39,005f9664,16,004f9cb0,local,,,,
wiz8--demo--wiz8--8acda50afe39,005f9664,17,004f9cb0,local,,,,
wiz8--demo--wiz8--8acda50afe39,005f96ac,0,004f9d10,local,,,,
wiz8--demo--wiz8--8acda50afe39,005f96ac,1,004f9ca0,local,,,,
wiz8--demo--wiz8--8acda50afe39,005f96ac,2,004f92d0,local,,,,
wiz8--demo--wiz8--8acda50afe39,005f96ac,3,004f9ce0,local,,,,
wiz8--demo--wiz8--8acda50afe39,005f96ac,4,004f9cc0,local,,,,
wiz8--demo--wiz8--8acda50afe39,005f96ac,5,004f9cb0,local,,,,
wiz8--demo--wiz8--8acda50afe39,005f96ac,6,004f9cb0,local,,,,
wiz8--demo--wiz8--8acda50afe39,005f96ac,7,004f8c30,local,,,,
wiz8--demo--wiz8--8acda50afe39,005f96ac,8,004f8c40,local,,,,
wiz8--demo--wiz8--8acda50afe39,005f96ac,9,004f90e0,local,,,,
wiz8--demo--wiz8--8acda50afe39,005f96ac,10,004f9260,local,,,,
wiz8--demo--wiz8--8acda50afe39,005f96ac,11,004f8f70,local,,,,
wiz8--demo--wiz8--8acda50afe39,005f96ac,12,004f9cb0,local,,,,
wiz8--demo--wiz8--8acda50afe39,005f96ac,13,004f90a0,local,,,,
wiz8--demo--wiz8--8acda50afe39,005f96ac,14,004f9cb0,local,,,,
wiz8--demo--wiz8--8acda50afe39,005f96ac,15,004f9cb0,local,,,,
wiz8--demo--wiz8--8acda50afe39,005f96ac,16,004f9cb0,local,,,,
wiz8--demo--wiz8--8acda50afe39,005f96ac,17,004f9cb0,local,,,,
wiz8--demo--wiz8--8acda50afe39,005f96f4,0,004f75a0,local,,,,
wiz8--demo--wiz8--8acda50afe39,005f96f4,1,004f8780,local,,,,
wiz8--demo--wiz8--8acda50afe39,005f96f4,2,004f7d00,local,,,,
wiz8--demo--wiz8--8acda50afe39,005f96f4,3,004f7840,local,,,,
wiz8--demo--wiz8--8acda50afe39,005f96f4,4,004f77d0,local,,,,
wiz8--demo--wiz8--8acda50afe39,005f96f4,5,004f7a10,local,,,,
wiz8--demo--wiz8--8acda50afe39,005f96f4,6,004f9d00,local,,,,
wiz8--demo--wiz8--8acda50afe39,005f96f4,7,004f80a0,local,,,,
wiz8--demo--wiz8--8acda50afe39,005f96f4,8,004f8170,local,,,,
wiz8--demo--wiz8--8acda50afe39,005f96f4,9,004f9cb0,local,,,,
wiz8--demo--wiz8--8acda50afe39,005f96f4,10,004f94d0,local,,,,
wiz8--demo--wiz8--8acda50afe39,005f96f4,11,004f93a0,local,,,,
wiz8--demo--wiz8--8acda50afe39,005f96f4,12,004f83e0,local,,,,
wiz8--demo--wiz8--8acda50afe39,005f96f4,13,004f8430,local,,,,
wiz8--demo--wiz8--8acda50afe39,005f96f4,14,004f8600,local,,,,
wiz8--demo--wiz8--8acda50afe39,005f96f4,15,004f8680,local,,,,
wiz8--demo--wiz8--8acda50afe39,005f96f4,16,004f9410,local,,,,
wiz8--demo--wiz8--8acda50afe39,005f96f4,17,004f86d0,local,,,,
wiz8--demo--wiz8--8acda50afe39,005f96f4,18,004f7fb0,local,,,,
wiz8--demo--wiz8--8acda50afe39,005f96f4,19,004f8020,local,,,,
wiz8--demo--wiz8--8acda50afe39,005f9744,0,004f60a0,local,,,,
wiz8--demo--wiz8--8acda50afe39,005f9744,1,004f61a0,local,,,,
wiz8--demo--wiz8--8acda50afe39,005f9744,2,004f6260,local,,,,
wiz8--demo--wiz8--8acda50afe39,005f9750,0,004f75a0,local,,,,
wiz8--demo--wiz8--8acda50afe39,005f9750,1,004f8780,local,,,,
wiz8--demo--wiz8--8acda50afe39,005f9750,2,004f7d00,local,,,,
wiz8--demo--wiz8--8acda50afe39,005f9750,3,004f7840,local,,,,
wiz8--demo--wiz8--8acda50afe39,005f9750,4,004f77d0,local,,,,
wiz8--demo--wiz8--8acda50afe39,005f9750,5,004f7a10,local,,,,
wiz8--demo--wiz8--8acda50afe39,005f9750,6,004f9d00,local,,,,
wiz8--demo--wiz8--8acda50afe39,005f9750,7,004f9a00,local,,,,
wiz8--demo--wiz8--8acda50afe39,005f9750,8,004f8170,local,,,,
wiz8--demo--wiz8--8acda50afe39,005f9750,9,004f9cb0,local,,,,
wiz8--demo--wiz8--8acda50afe39,005f9750,10,004f9cb0,local,,,,
wiz8--demo--wiz8--8acda50afe39,005f9750,11,005c0a60,local,,,,
wiz8--demo--wiz8--8acda50afe39,005f9750,12,004f9a70,local,,,,
wiz8--demo--wiz8--8acda50afe39,005f9750,13,005c0a80,local,,,,
wiz8--demo--wiz8--8acda50afe39,005f9750,14,004f9ad0,local,,,,
wiz8--demo--wiz8--8acda50afe39,005f9750,15,004f9b60,local,,,,
wiz8--demo--wiz8--8acda50afe39,005f9750,16,004f85a0,local,,,,
wiz8--demo--wiz8--8acda50afe39,005f9750,17,004f86d0,local,,,,
wiz8--demo--wiz8--8acda50afe39,005f9750,18,004f7fb0,local,,,,
wiz8--demo--wiz8--8acda50afe39,005f9750,19,004f8020,local,,,,
wiz8--demo--wiz8--8acda50afe39,005f97d8,0,005056b0,local,,,,
wiz8--demo--wiz8--8acda50afe39,005f97dc,0,00505680,local,,,,
wiz8--demo--wiz8--8acda50afe39,005f9810,0,00511e40,local,,,,
wiz8--demo--wiz8--8acda50afe39,005f9840,0,0051b9a0,local,,,,
wiz8--demo--wiz8--8acda50afe39,005f9844,0,0051b970,local,,,,
wiz8--demo--wiz8--8acda50afe39,005f9890,0,0052e440,local,,,,
wiz8--demo--wiz8--8acda50afe39,005f9894,0,0052e470,local,,,,
wiz8--demo--wiz8--8acda50afe39,005fa744,0,00532940,local,,,,
wiz8--demo--wiz8--8acda50afe39,005fa748,0,00532940,local,,,,
wiz8--demo--wiz8--8acda50afe39,005fa74c,0,00532910,local,,,,
wiz8--demo--wiz8--8acda50afe39,005fa778,0,00539d20,local,,,,
wiz8--demo--wiz8--8acda50afe39,005fa7e8,0,0054b400,local,,,,
wiz8--demo--wiz8--8acda50afe39,005fa8a8,0,0055e220,local,,,,
wiz8--demo--wiz8--8acda50afe39,005fa8d0,0,00562470,local,,,,
wiz8--demo--wiz8--8acda50afe39,005fa8d4,0,00562440,local,,,,
wiz8--demo--wiz8--8acda50afe39,005fa8f8,0,005629d0,local,,,,
wiz8--demo--wiz8--8acda50afe39,005fa8fc,0,005634b0,local,,,,
wiz8--demo--wiz8--8acda50afe39,005fa900,0,00563480,local,,,,
wiz8--demo--wiz8--8acda50afe39,005fa928,0,004f60a0,local,,,,
wiz8--demo--wiz8--8acda50afe39,005fa928,1,004f61a0,local,,,,
wiz8--demo--wiz8--8acda50afe39,005fa928,2,005638d0,local,,,,
wiz8--demo--wiz8--8acda50afe39,005fa934,0,00563f00,local,,,,
wiz8--demo--wiz8--8acda50afe39,005fa934,1,004f9ca0,local,,,,
wiz8--demo--wiz8--8acda50afe39,005fa934,2,004f9cb0,local,,,,
wiz8--demo--wiz8--8acda50afe39,005fa934,3,004f9ce0,local,,,,
wiz8--demo--wiz8--8acda50afe39,005fa934,4,004f9cc0,local,,,,
wiz8--demo--wiz8--8acda50afe39,005fa934,5,004f9cb0,local,,,,
wiz8--demo--wiz8--8acda50afe39,005fa934,6,004f9cb0,local,,,,
wiz8--demo--wiz8--8acda50afe39,005fa934,7,00563f20,local,,,,
wiz8--demo--wiz8--8acda50afe39,005fa934,8,00563f50,local,,,,
wiz8--demo--wiz8--8acda50afe39,005fa934,9,004f9cb0,local,,,,
wiz8--demo--wiz8--8acda50afe39,005fa934,10,004f9cb0,local,,,,
wiz8--demo--wiz8--8acda50afe39,005fa934,11,00563f80,local,,,,
wiz8--demo--wiz8--8acda50afe39,005fa934,12,004f9cb0,local,,,,
wiz8--demo--wiz8--8acda50afe39,005fa934,13,00563fa0,local,,,,
wiz8--demo--wiz8--8acda50afe39,005fa934,14,004f9cb0,local,,,,
wiz8--demo--wiz8--8acda50afe39,005fa934,15,004f9cb0,local,,,,
wiz8--demo--wiz8--8acda50afe39,005fa934,16,004f9cb0,local,,,,
wiz8--demo--wiz8--8acda50afe39,005fa934,17,004f9cb0,local,,,,
wiz8--demo--wiz8--8acda50afe39,005fa9d8,0,0057d580,local,,,,
wiz8--demo--wiz8--8acda50afe39,005fa9dc,0,0057d5d0,local,,,,
wiz8--demo--wiz8--8acda50afe39,005fa9e0,0,0057d600,local,,,,
wiz8--demo--wiz8--8acda50afe39,005fa9e4,0,0057d5b0,local,,,,
wiz8--demo--wiz8--8acda50afe39,005fa9e8,0,0057d640,local,,,,
wiz8--demo--wiz8--8acda50afe39,005fa9ec,0,00571550,local,,,,
wiz8--demo--wiz8--8acda50afe39,005fa9ec,1,004f61a0,local,,,,
wiz8--demo--wiz8--8acda50afe39,005fa9ec,2,005715b0,local,,,,
wiz8--demo--wiz8--8acda50afe39,005fa9f8,0,005716e0,local,,,,
wiz8--demo--wiz8--8acda50afe39,005fa9f8,1,004f61a0,local,,,,
wiz8--demo--wiz8--8acda50afe39,005fa9f8,2,005717c0,local,,,,
wiz8--demo--wiz8--8acda50afe39,005faa04,0,0057d550,local,,,,
wiz8--demo--wiz8--8acda50afe39,005faa08,0,0057d670,local,,,,
wiz8--demo--wiz8--8acda50afe39,005faa30,0,0058b2a0,local,,,,
wiz8--demo--wiz8--8acda50afe39,005faa34,0,0058b270,local,,,,
wiz8--demo--wiz8--8acda50afe39,005faa68,0,00563f00,local,,,,
wiz8--demo--wiz8--8acda50afe39,005faa68,1,004f9ca0,local,,,,
wiz8--demo--wiz8--8acda50afe39,005faa68,2,0058b380,local,,,,
wiz8--demo--wiz8--8acda50afe39,005faa68,3,004f9ce0,local,,,,
wiz8--demo--wiz8--8acda50afe39,005faa68,4,004f9cc0,local,,,,
wiz8--demo--wiz8--8acda50afe39,005faa68,5,004f9cb0,local,,,,
wiz8--demo--wiz8--8acda50afe39,005faa68,6,004f9cb0,local,,,,
wiz8--demo--wiz8--8acda50afe39,005faa68,7,0058b4e0,local,,,,
wiz8--demo--wiz8--8acda50afe39,005faa68,8,0058b520,local,,,,
wiz8--demo--wiz8--8acda50afe39,005faa68,9,004f9cb0,local,,,,
wiz8--demo--wiz8--8acda50afe39,005faa68,10,004f9cb0,local,,,,
wiz8--demo--wiz8--8acda50afe39,005faa68,11,004f8c30,local,,,,
wiz8--demo--wiz8--8acda50afe39,005faa68,12,004f9cb0,local,,,,
wiz8--demo--wiz8--8acda50afe39,005faa68,13,0058b560,local,,,,
wiz8--demo--wiz8--8acda50afe39,005faa68,14,004f9cb0,local,,,,
wiz8--demo--wiz8--8acda50afe39,005faa68,15,004f9cb0,local,,,,
wiz8--demo--wiz8--8acda50afe39,005faa68,16,004f9cb0,local,,,,
wiz8--demo--wiz8--8acda50afe39,005faa68,17,004f9cb0,local,,,,
wiz8--demo--wiz8--8acda50afe39,005faab0,0,0058b820,local,,,,
wiz8--demo--wiz8--8acda50afe39,005faab4,0,004f60a0,local,,,,
wiz8--demo--wiz8--8acda50afe39,005faab4,1,004f61a0,local,,,,
wiz8--demo--wiz8--8acda50afe39,005faab4,2,004f6260,local,,,,
wiz8--demo--wiz8--8acda50afe39,005faab4,3,0058b770,local,,,,
wiz8--demo--wiz8--8acda50afe39,005faac4,0,005eaf3a,pure-virtual,,,,
wiz8--demo--wiz8--8acda50afe39,005faac8,0,004f60a0,local,,,,
wiz8--demo--wiz8--8acda50afe39,005faac8,1,004f61a0,local,,,,
wiz8--demo--wiz8--8acda50afe39,005faac8,2,0058bff0,local,,,,
wiz8--demo--wiz8--8acda50afe39,005faac8,3,0058bcd0,local,,,,
wiz8--demo--wiz8--8acda50afe39,005faad8,0,0058cad0,local,,,,
wiz8--demo--wiz8--8acda50afe39,005faad8,1,004f9cb0,local,,,,
wiz8--demo--wiz8--8acda50afe39,005faae0,0,0058c9e0,local,,,,
wiz8--demo--wiz8--8acda50afe39,005faae0,1,0058c550,local,,,,
wiz8--demo--wiz8--8acda50afe39,005faae8,0,005eaf3a,pure-virtual,,,,
wiz8--demo--wiz8--8acda50afe39,005fab00,0,0058e110,local,,,,
wiz8--demo--wiz8--8acda50afe39,005fab04,0,0058dd00,local,,,,
wiz8--demo--wiz8--8acda50afe39,005fab04,1,004f9ca0,local,,,,
wiz8--demo--wiz8--8acda50afe39,005fab04,2,0058dd70,local,,,,
wiz8--demo--wiz8--8acda50afe39,005fab04,3,004f9ce0,local,,,,
wiz8--demo--wiz8--8acda50afe39,005fab04,4,004f9cc0,local,,,,
wiz8--demo--wiz8--8acda50afe39,005fab04,5,004f9cb0,local,,,,
wiz8--demo--wiz8--8acda50afe39,005fab04,6,004f9cb0,local,,,,
wiz8--demo--wiz8--8acda50afe39,005fab04,7,004f9cb0,local,,,,
wiz8--demo--wiz8--8acda50afe39,005fab04,8,0058dec0,local,,,,
wiz8--demo--wiz8--8acda50afe39,005fab04,9,0058dee0,local,,,,
wiz8--demo--wiz8--8acda50afe39,005fab04,10,0058df40,local,,,,
wiz8--demo--wiz8--8acda50afe39,005fab04,11,004f9cb0,local,,,,
wiz8--demo--wiz8--8acda50afe39,005fab04,12,004f9cb0,local,,,,
wiz8--demo--wiz8--8acda50afe39,005fab04,13,0058df80,local,,,,
wiz8--demo--wiz8--8acda50afe39,005fab04,14,004f9cb0,local,,,,
wiz8--demo--wiz8--8acda50afe39,005fab04,15,004f9cb0,local,,,,
wiz8--demo--wiz8--8acda50afe39,005fab04,16,004f9cb0,local,,,,
wiz8--demo--wiz8--8acda50afe39,005fab04,17,004f9cb0,local,,,,
wiz8--demo--wiz8--8acda50afe39,005fab04,18,0058e040,local,,,,
wiz8--demo--wiz8--8acda50afe39,005fab50,0,005eaf3a,pure-virtual,,,,
wiz8--demo--wiz8--8acda50afe39,005fab54,0,0058e220,local,,,,
wiz8--demo--wiz8--8acda50afe39,005fab54,1,004f8780,local,,,,
wiz8--demo--wiz8--8acda50afe39,005fab54,2,0058e290,local,,,,
wiz8--demo--wiz8--8acda50afe39,005fab54,3,004f7840,local,,,,
wiz8--demo--wiz8--8acda50afe39,005fab54,4,004f77d0,local,,,,
wiz8--demo--wiz8--8acda50afe39,005fab54,5,004f7a10,local,,,,
wiz8--demo--wiz8--8acda50afe39,005fab54,6,004f9d00,local,,,,
wiz8--demo--wiz8--8acda50afe39,005fab54,7,0058e370,local,,,,
wiz8--demo--wiz8--8acda50afe39,005fab54,8,004f8170,local,,,,
wiz8--demo--wiz8--8acda50afe39,005fab54,9,004f9cb0,local,,,,
wiz8--demo--wiz8--8acda50afe39,005fab54,10,004f9cb0,local,,,,
wiz8--demo--wiz8--8acda50afe39,005fab54,11,0058e310,local,,,,
wiz8--demo--wiz8--8acda50afe39,005fab54,12,004f83e0,local,,,,
wiz8--demo--wiz8--8acda50afe39,005fab54,13,0058e340,local,,,,
wiz8--demo--wiz8--8acda50afe39,005fab54,14,004f8600,local,,,,
wiz8--demo--wiz8--8acda50afe39,005fab54,15,004f8680,local,,,,
wiz8--demo--wiz8--8acda50afe39,005fab54,16,004f85a0,local,,,,
wiz8--demo--wiz8--8acda50afe39,005fab54,17,004f86d0,local,,,,
wiz8--demo--wiz8--8acda50afe39,005fab54,18,004f7fb0,local,,,,
wiz8--demo--wiz8--8acda50afe39,005fab54,19,004f8020,local,,,,
wiz8--demo--wiz8--8acda50afe39,005faba4,0,0058e8b0,local,,,,
wiz8--demo--wiz8--8acda50afe39,005faba8,0,0058e870,local,,,,
wiz8--demo--wiz8--8acda50afe39,005faba8,1,004f9cb0,local,,,,
wiz8--demo--wiz8--8acda50afe39,005fabb0,0,004f60a0,local,,,,
wiz8--demo--wiz8--8acda50afe39,005fabb0,1,004f61a0,local,,,,
wiz8--demo--wiz8--8acda50afe39,005fabb0,2,0058e700,local,,,,
wiz8--demo--wiz8--8acda50afe39,005fabb0,3,0058e640,local,,,,
wiz8--demo--wiz8--8acda50afe39,005fabc0,0,005eaf3a,pure-virtual,,,,
wiz8--demo--wiz8--8acda50afe39,005fabc8,0,004f60a0,local,,,,
wiz8--demo--wiz8--8acda50afe39,005fabc8,1,004f61a0,local,,,,
wiz8--demo--wiz8--8acda50afe39,005fabc8,2,0058efb0,local,,,,
wiz8--demo--wiz8--8acda50afe39,005fabc8,3,0058ec60,local,,,,
wiz8--demo--wiz8--8acda50afe39,005fabd8,0,0058f6c0,local,,,,
wiz8--demo--wiz8--8acda50afe39,005fabd8,1,004f9cb0,local,,,,
wiz8--demo--wiz8--8acda50afe39,005fabe0,0,0058f420,local,,,,
wiz8--demo--wiz8--8acda50afe39,005fabe4,0,005eaf3a,pure-virtual,,,,
wiz8--demo--wiz8--8acda50afe39,005fac48,0,005a1900,local,,,,
wiz8--demo--wiz8--8acda50afe39,005fac48,1,004f8780,local,,,,
wiz8--demo--wiz8--8acda50afe39,005fac48,2,005a1970,local,,,,
wiz8--demo--wiz8--8acda50afe39,005fac48,3,004f7840,local,,,,
wiz8--demo--wiz8--8acda50afe39,005fac48,4,004f77d0,local,,,,
wiz8--demo--wiz8--8acda50afe39,005fac48,5,004f7a10,local,,,,
wiz8--demo--wiz8--8acda50afe39,005fac48,6,004f9d00,local,,,,
wiz8--demo--wiz8--8acda50afe39,005fac48,7,004f80a0,local,,,,
wiz8--demo--wiz8--8acda50afe39,005fac48,8,005a1a40,local,,,,
wiz8--demo--wiz8--8acda50afe39,005fac48,9,004f9cb0,local,,,,
wiz8--demo--wiz8--8acda50afe39,005fac48,10,004f9cb0,local,,,,
wiz8--demo--wiz8--8acda50afe39,005fac48,11,005a1a90,local,,,,
wiz8--demo--wiz8--8acda50afe39,005fac48,12,004f83e0,local,,,,
wiz8--demo--wiz8--8acda50afe39,005fac48,13,005a1ac0,local,,,,
wiz8--demo--wiz8--8acda50afe39,005fac48,14,004f8600,local,,,,
wiz8--demo--wiz8--8acda50afe39,005fac48,15,004f8680,local,,,,
wiz8--demo--wiz8--8acda50afe39,005fac48,16,004f85a0,local,,,,
wiz8--demo--wiz8--8acda50afe39,005fac48,17,004f86d0,local,,,,
wiz8--demo--wiz8--8acda50afe39,005fac48,18,004f7fb0,local,,,,
wiz8--demo--wiz8--8acda50afe39,005fac48,19,004f8020,local,,,,
wiz8--demo--wiz8--8acda50afe39,005fad00,0,005abc90,local,,,,
wiz8--demo--wiz8--8acda50afe39,005fad2c,0,005b00f0,local,,,,
wiz8--demo--wiz8--8acda50afe39,005fad2c,1,004f9cb0,local,,,,
wiz8--demo--wiz8--8acda50afe39,005fad34,0,005b0070,local,,,,
wiz8--demo--wiz8--8acda50afe39,005fad34,1,004f8780,local,,,,
wiz8--demo--wiz8--8acda50afe39,005fad34,2,005b0110,local,,,,
wiz8--demo--wiz8--8acda50afe39,005fad34,3,004f7840,local,,,,
wiz8--demo--wiz8--8acda50afe39,005fad34,4,004f77d0,local,,,,
wiz8--demo--wiz8--8acda50afe39,005fad34,5,004f7a10,local,,,,
wiz8--demo--wiz8--8acda50afe39,005fad34,6,004f9d00,local,,,,
wiz8--demo--wiz8--8acda50afe39,005fad34,7,004f80a0,local,,,,
wiz8--demo--wiz8--8acda50afe39,005fad34,8,004f8170,local,,,,
wiz8--demo--wiz8--8acda50afe39,005fad34,9,004f9cb0,local,,,,
wiz8--demo--wiz8--8acda50afe39,005fad34,10,004f9cb0,local,,,,
wiz8--demo--wiz8--8acda50afe39,005fad34,11,004f82e0,local,,,,
wiz8--demo--wiz8--8acda50afe39,005fad34,12,004f83e0,local,,,,
wiz8--demo--wiz8--8acda50afe39,005fad34,13,004f8430,local,,,,
wiz8--demo--wiz8--8acda50afe39,005fad34,14,004f8600,local,,,,
wiz8--demo--wiz8--8acda50afe39,005fad34,15,004f8680,local,,,,
wiz8--demo--wiz8--8acda50afe39,005fad34,16,004f85a0,local,,,,
wiz8--demo--wiz8--8acda50afe39,005fad34,17,004f86d0,local,,,,
wiz8--demo--wiz8--8acda50afe39,005fad34,18,005b0160,local,,,,
wiz8--demo--wiz8--8acda50afe39,005fad34,19,004f8020,local,,,,
wiz8--demo--wiz8--8acda50afe39,005fad84,0,005b0180,local,,,,
wiz8--demo--wiz8--8acda50afe39,005fad84,1,004f8780,local,,,,
wiz8--demo--wiz8--8acda50afe39,005fad84,2,004f7d00,local,,,,
wiz8--demo--wiz8--8acda50afe39,005fad84,3,004f7840,local,,,,
wiz8--demo--wiz8--8acda50afe39,005fad84,4,004f77d0,local,,,,
wiz8--demo--wiz8--8acda50afe39,005fad84,5,004f7a10,local,,,,
wiz8--demo--wiz8--8acda50afe39,005fad84,6,004f9d00,local,,,,
wiz8--demo--wiz8--8acda50afe39,005fad84,7,004f80a0,local,,,,
wiz8--demo--wiz8--8acda50afe39,005fad84,8,004f8170,local,,,,
wiz8--demo--wiz8--8acda50afe39,005fad84,9,004f9cb0,local,,,,
wiz8--demo--wiz8--8acda50afe39,005fad84,10,004f9cb0,local,,,,
wiz8--demo--wiz8--8acda50afe39,005fad84,11,004f82e0,local,,,,
wiz8--demo--wiz8--8acda50afe39,005fad84,12,004f83e0,local,,,,
wiz8--demo--wiz8--8acda50afe39,005fad84,13,005b0200,local,,,,
wiz8--demo--wiz8--8acda50afe39,005fad84,14,004f8600,local,,,,
wiz8--demo--wiz8--8acda50afe39,005fad84,15,004f8680,local,,,,
wiz8--demo--wiz8--8acda50afe39,005fad84,16,004f85a0,local,,,,
wiz8--demo--wiz8--8acda50afe39,005fad84,17,004f86d0,local,,,,
wiz8--demo--wiz8--8acda50afe39,005fad84,18,004f7fb0,local,,,,
wiz8--demo--wiz8--8acda50afe39,005fad84,19,004f8020,local,,,,
wiz8--demo--wiz8--8acda50afe39,005fadd4,0,005b0230,local,,,,
wiz8--demo--wiz8--8acda50afe39,005fadd4,1,004f8780,local,,,,
wiz8--demo--wiz8--8acda50afe39,005fadd4,2,004f7d00,local,,,,
wiz8--demo--wiz8--8acda50afe39,005fadd4,3,004f7840,local,,,,
wiz8--demo--wiz8--8acda50afe39,005fadd4,4,004f77d0,local,,,,
wiz8--demo--wiz8--8acda50afe39,005fadd4,5,004f7a10,local,,,,
wiz8--demo--wiz8--8acda50afe39,005fadd4,6,004f9d00,local,,,,
wiz8--demo--wiz8--8acda50afe39,005fadd4,7,004f80a0,local,,,,
wiz8--demo--wiz8--8acda50afe39,005fadd4,8,004f8170,local,,,,
wiz8--demo--wiz8--8acda50afe39,005fadd4,9,004f9cb0,local,,,,
wiz8--demo--wiz8--8acda50afe39,005fadd4,10,004f9cb0,local,,,,
wiz8--demo--wiz8--8acda50afe39,005fadd4,11,004f82e0,local,,,,
wiz8--demo--wiz8--8acda50afe39,005fadd4,12,004f83e0,local,,,,
wiz8--demo--wiz8--8acda50afe39,005fadd4,13,004f8430,local,,,,
wiz8--demo--wiz8--8acda50afe39,005fadd4,14,004f8600,local,,,,
wiz8--demo--wiz8--8acda50afe39,005fadd4,15,004f8680,local,,,,
wiz8--demo--wiz8--8acda50afe39,005fadd4,16,004f85a0,local,,,,
wiz8--demo--wiz8--8acda50afe39,005fadd4,17,004f86d0,local,,,,
wiz8--demo--wiz8--8acda50afe39,005fadd4,18,004f7fb0,local,,,,
wiz8--demo--wiz8--8acda50afe39,005fadd4,19,004f8020,local,,,,
wiz8--demo--wiz8--8acda50afe39,005fae24,0,005b02b0,local,,,,
wiz8--demo--wiz8--8acda50afe39,005fae24,1,004f8780,local,,,,
wiz8--demo--wiz8--8acda50afe39,005fae24,2,005b0330,local,,,,
wiz8--demo--wiz8--8acda50afe39,005fae24,3,004f7840,local,,,,
wiz8--demo--wiz8--8acda50afe39,005fae24,4,004f77d0,local,,,,
wiz8--demo--wiz8--8acda50afe39,005fae24,5,004f7a10,local,,,,
wiz8--demo--wiz8--8acda50afe39,005fae24,6,004f9d00,local,,,,
wiz8--demo--wiz8--8acda50afe39,005fae24,7,004f80a0,local,,,,
wiz8--demo--wiz8--8acda50afe39,005fae24,8,004f8170,local,,,,
wiz8--demo--wiz8--8acda50afe39,005fae24,9,004f9cb0,local,,,,
wiz8--demo--wiz8--8acda50afe39,005fae24,10,004f9cb0,local,,,,
wiz8--demo--wiz8--8acda50afe39,005fae24,11,004f82e0,local,,,,
wiz8--demo--wiz8--8acda50afe39,005fae24,12,004f83e0,local,,,,
wiz8--demo--wiz8--8acda50afe39,005fae24,13,005b05f0,local,,,,
wiz8--demo--wiz8--8acda50afe39,005fae24,14,004f8600,local,,,,
wiz8--demo--wiz8--8acda50afe39,005fae24,15,005b0690,local,,,,
wiz8--demo--wiz8--8acda50afe39,005fae24,16,004f85a0,local,,,,
wiz8--demo--wiz8--8acda50afe39,005fae24,17,004f86d0,local,,,,
wiz8--demo--wiz8--8acda50afe39,005fae24,18,004f7fb0,local,,,,
wiz8--demo--wiz8--8acda50afe39,005fae24,19,004f8020,local,,,,
wiz8--demo--wiz8--8acda50afe39,005fae74,0,005b06e0,local,,,,
wiz8--demo--wiz8--8acda50afe39,005fae74,1,004f8780,local,,,,
wiz8--demo--wiz8--8acda50afe39,005fae74,2,005b0750,local,,,,
wiz8--demo--wiz8--8acda50afe39,005fae74,3,004f7840,local,,,,
wiz8--demo--wiz8--8acda50afe39,005fae74,4,004f77d0,local,,,,
wiz8--demo--wiz8--8acda50afe39,005fae74,5,004f7a10,local,,,,
wiz8--demo--wiz8--8acda50afe39,005fae74,6,004f9d00,local,,,,
wiz8--demo--wiz8--8acda50afe39,005fae74,7,005b07c0,local,,,,
wiz8--demo--wiz8--8acda50afe39,005fae74,8,005b07f0,local,,,,
wiz8--demo--wiz8--8acda50afe39,005fae74,9,004f9cb0,local,,,,
wiz8--demo--wiz8--8acda50afe39,005fae74,10,004f9cb0,local,,,,
wiz8--demo--wiz8--8acda50afe39,005fae74,11,004f82e0,local,,,,
wiz8--demo--wiz8--8acda50afe39,005fae74,12,004f83e0,local,,,,
wiz8--demo--wiz8--8acda50afe39,005fae74,13,004f8430,local,,,,
wiz8--demo--wiz8--8acda50afe39,005fae74,14,004f8600,local,,,,
wiz8--demo--wiz8--8acda50afe39,005fae74,15,004f8680,local,,,,
wiz8--demo--wiz8--8acda50afe39,005fae74,16,004f85a0,local,,,,
wiz8--demo--wiz8--8acda50afe39,005fae74,17,004f86d0,local,,,,
wiz8--demo--wiz8--8acda50afe39,005fae74,18,004f7fb0,local,,,,
wiz8--demo--wiz8--8acda50afe39,005fae74,19,004f8020,local,,,,
wiz8--demo--wiz8--8acda50afe39,005faec4,0,005b0820,local,,,,
wiz8--demo--wiz8--8acda50afe39,005faec4,1,004f8780,local,,,,
wiz8--demo--wiz8--8acda50afe39,005faec4,2,005b0750,local,,,,
wiz8--demo--wiz8--8acda50afe39,005faec4,3,004f7840,local,,,,
wiz8--demo--wiz8--8acda50afe39,005faec4,4,004f77d0,local,,,,
wiz8--demo--wiz8--8acda50afe39,005faec4,5,004f7a10,local,,,,
wiz8--demo--wiz8--8acda50afe39,005faec4,6,004f9d00,local,,,,
wiz8--demo--wiz8--8acda50afe39,005faec4,7,005b07c0,local,,,,
wiz8--demo--wiz8--8acda50afe39,005faec4,8,005b07f0,local,,,,
wiz8--demo--wiz8--8acda50afe39,005faec4,9,004f9cb0,local,,,,
wiz8--demo--wiz8--8acda50afe39,005faec4,10,004f9cb0,local,,,,
wiz8--demo--wiz8--8acda50afe39,005faec4,11,004f82e0,local,,,,
wiz8--demo--wiz8--8acda50afe39,005faec4,12,004f83e0,local,,,,
wiz8--demo--wiz8--8acda50afe39,005faec4,13,004f8430,local,,,,
wiz8--demo--wiz8--8acda50afe39,005faec4,14,004f8600,local,,,,
wiz8--demo--wiz8--8acda50afe39,005faec4,15,004f8680,local,,,,
wiz8--demo--wiz8--8acda50afe39,005faec4,16,004f85a0,local,,,,
wiz8--demo--wiz8--8acda50afe39,005faec4,17,004f86d0,local,,,,
wiz8--demo--wiz8--8acda50afe39,005faec4,18,004f7fb0,local,,,,
wiz8--demo--wiz8--8acda50afe39,005faec4,19,004f8020,local,,,,
wiz8--demo--wiz8--8acda50afe39,005faf14,0,005b0a10,local,,,,
wiz8--demo--wiz8--8acda50afe39,005faf14,1,004f9ca0,local,,,,
wiz8--demo--wiz8--8acda50afe39,005faf14,2,005b0a70,local,,,,
wiz8--demo--wiz8--8acda50afe39,005faf14,3,004f9ce0,local,,,,
wiz8--demo--wiz8--8acda50afe39,005faf14,4,004f9cc0,local,,,,
wiz8--demo--wiz8--8acda50afe39,005faf14,5,004f9cb0,local,,,,
wiz8--demo--wiz8--8acda50afe39,005faf14,6,004f9cb0,local,,,,
wiz8--demo--wiz8--8acda50afe39,005faf14,7,004f8c30,local,,,,
wiz8--demo--wiz8--8acda50afe39,005faf14,8,004f8c40,local,,,,
wiz8--demo--wiz8--8acda50afe39,005faf14,9,005b0a40,local,,,,
wiz8--demo--wiz8--8acda50afe39,005faf14,10,004f9cb0,local,,,,
wiz8--demo--wiz8--8acda50afe39,005faf14,11,004f8af0,local,,,,
wiz8--demo--wiz8--8acda50afe39,005faf14,12,004f9cb0,local,,,,
wiz8--demo--wiz8--8acda50afe39,005faf14,13,004f8bf0,local,,,,
wiz8--demo--wiz8--8acda50afe39,005faf14,14,004f9cb0,local,,,,
wiz8--demo--wiz8--8acda50afe39,005faf14,15,004f9cb0,local,,,,
wiz8--demo--wiz8--8acda50afe39,005faf14,16,004f9cb0,local,,,,
wiz8--demo--wiz8--8acda50afe39,005faf14,17,004f9cb0,local,,,,
wiz8--demo--wiz8--8acda50afe39,005faf5c,0,005b0b30,local,,,,
wiz8--demo--wiz8--8acda50afe39,005faf60,0,005b0c50,local,,,,
wiz8--demo--wiz8--8acda50afe39,005faf60,1,005dc3f0,local,,,,
wiz8--demo--wiz8--8acda50afe39,005faf60,2,005dc630,local,,,,
wiz8--demo--wiz8--8acda50afe39,005faf60,3,005dbd50,local,,,,
wiz8--demo--wiz8--8acda50afe39,005faf60,4,005b5cc0,local,,,,
wiz8--demo--wiz8--8acda50afe39,005faf60,5,005e5ac0,local,,,,
wiz8--demo--wiz8--8acda50afe39,005faf60,6,005e5b40,local,,,,
wiz8--demo--wiz8--8acda50afe39,005faf60,7,005e5b70,local,,,,
wiz8--demo--wiz8--8acda50afe39,005faf60,8,005e5bf0,local,,,,
wiz8--demo--wiz8--8acda50afe39,005faf60,9,005b0c80,local,,,,
wiz8--demo--wiz8--8acda50afe39,005faf60,10,004f9cb0,local,,,,
wiz8--demo--wiz8--8acda50afe39,005faf60,11,005b5cb0,local,,,,
wiz8--demo--wiz8--8acda50afe39,005faf60,12,0047f010,local,,,,
wiz8--demo--wiz8--8acda50afe39,005faf60,13,004f9cb0,local,,,,
wiz8--demo--wiz8--8acda50afe39,005faf60,14,005dc710,local,,,,
wiz8--demo--wiz8--8acda50afe39,005faf9c,0,004f60a0,local,,,,
wiz8--demo--wiz8--8acda50afe39,005faf9c,1,004f61a0,local,,,,
wiz8--demo--wiz8--8acda50afe39,005faf9c,2,005b0f50,local,,,,
wiz8--demo--wiz8--8acda50afe39,005faf9c,3,005b0de0,local,,,,
wiz8--demo--wiz8--8acda50afe39,005faf9c,4,005eaf3a,pure-virtual,,,,
wiz8--demo--wiz8--8acda50afe39,005faf9c,5,005b0f20,local,,,,
wiz8--demo--wiz8--8acda50afe39,005faf9c,6,005b0fa0,local,,,,
wiz8--demo--wiz8--8acda50afe39,005fafb8,0,005b5b00,local,,,,
wiz8--demo--wiz8--8acda50afe39,005fafbc,0,005b5ad0,local,,,,
wiz8--demo--wiz8--8acda50afe39,005fafc0,0,005b5ab0,local,,,,
wiz8--demo--wiz8--8acda50afe39,005fafc4,0,005b5a80,local,,,,
wiz8--demo--wiz8--8acda50afe39,005fafc8,0,005b0b60,local,,,,
wiz8--demo--wiz8--8acda50afe39,005fafc8,1,004f9cb0,local,,,,
wiz8--demo--wiz8--8acda50afe39,005fafc8,2,005b1610,local,,,,
wiz8--demo--wiz8--8acda50afe39,005fafd4,0,005b5b20,local,,,,
wiz8--demo--wiz8--8acda50afe39,005fafd8,0,005b1b30,local,,,,
wiz8--demo--wiz8--8acda50afe39,005fafd8,1,004f9cb0,local,,,,
wiz8--demo--wiz8--8acda50afe39,005fafe0,0,004f60a0,local,,,,
wiz8--demo--wiz8--8acda50afe39,005fafe0,1,004f61a0,local,,,,
wiz8--demo--wiz8--8acda50afe39,005fafe0,2,005b1b00,local,,,,
wiz8--demo--wiz8--8acda50afe39,005fafe0,3,005b1920,local,,,,
wiz8--demo--wiz8--8acda50afe39,005faff0,0,005b25a0,local,,,,
wiz8--demo--wiz8--8acda50afe39,005faff4,0,005b2540,local,,,,
wiz8--demo--wiz8--8acda50afe39,005faff4,1,004f9cb0,local,,,,
wiz8--demo--wiz8--8acda50afe39,005faffc,0,005b2380,local,,,,
wiz8--demo--wiz8--8acda50afe39,005fb000,0,005b5ba0,local,,,,
wiz8--demo--wiz8--8acda50afe39,005fb004,0,005b5b70,local,,,,
wiz8--demo--wiz8--8acda50afe39,005fb008,0,005eaf3a,pure-virtual,,,,
wiz8--demo--wiz8--8acda50afe39,005fb00c,0,005eaf3a,pure-virtual,,,,
wiz8--demo--wiz8--8acda50afe39,005fb010,0,005b5b50,local,,,,
wiz8--demo--wiz8--8acda50afe39,005fb014,0,005b48a0,local,,,,
wiz8--demo--wiz8--8acda50afe39,005fb018,0,005b4860,local,,,,
wiz8--demo--wiz8--8acda50afe39,005fb01c,0,005b4770,local,,,,
wiz8--demo--wiz8--8acda50afe39,005fb020,0,005b4740,local,,,,
wiz8--demo--wiz8--8acda50afe39,005fb020,1,004f9cb0,local,,,,
wiz8--demo--wiz8--8acda50afe39,005fb028,0,004f60a0,local,,,,
wiz8--demo--wiz8--8acda50afe39,005fb028,1,005b4720,local,,,,
wiz8--demo--wiz8--8acda50afe39,005fb028,2,005b0f50,local,,,,
wiz8--demo--wiz8--8acda50afe39,005fb028,3,005b4230,local,,,,
wiz8--demo--wiz8--8acda50afe39,005fb028,4,005b4370,local,,,,
wiz8--demo--wiz8--8acda50afe39,005fb028,5,005b47d0,local,,,,
wiz8--demo--wiz8--8acda50afe39,005fb028,6,005b0fa0,local,,,,
wiz8--demo--wiz8--8acda50afe39,005fb044,0,005eaf3a,pure-virtual,,,,
wiz8--demo--wiz8--8acda50afe39,005fb048,0,005b3dc0,local,,,,
wiz8--demo--wiz8--8acda50afe39,005fb04c,0,005b3d20,local,,,,
wiz8--demo--wiz8--8acda50afe39,005fb04c,1,005b3da0,local,,,,
wiz8--demo--wiz8--8acda50afe39,005fb054,0,005b3b30,local,,,,
wiz8--demo--wiz8--8acda50afe39,005fb058,0,005b3940,local,,,,
wiz8--demo--wiz8--8acda50afe39,005fb05c,0,005b37a0,local,,,,
wiz8--demo--wiz8--8acda50afe39,005fb05c,1,004f9cb0,local,,,,
wiz8--demo--wiz8--8acda50afe39,005fb064,0,004f60a0,local,,,,
wiz8--demo--wiz8--8acda50afe39,005fb064,1,004f61a0,local,,,,
wiz8--demo--wiz8--8acda50afe39,005fb064,2,005b0f50,local,,,,
wiz8--demo--wiz8--8acda50afe39,005fb064,3,005b5840,local,,,,
wiz8--demo--wiz8--8acda50afe39,005fb064,4,005b3290,local,,,,
wiz8--demo--wiz8--8acda50afe39,005fb064,5,005b3580,local,,,,
wiz8--demo--wiz8--8acda50afe39,005fb064,6,005b35f0,local,,,,
wiz8--demo--wiz8--8acda50afe39,005fb080,0,005b5bf0,local,,,,
wiz8--demo--wiz8--8acda50afe39,005fb084,0,005eaf3a,pure-virtual,,,,
wiz8--demo--wiz8--8acda50afe39,005fb084,1,005eaf3a,pure-virtual,,,,
wiz8--demo--wiz8--8acda50afe39,005fb08c,0,005eaf3a,pure-virtual,,,,
wiz8--demo--wiz8--8acda50afe39,005fb090,0,004f60a0,local,,,,
wiz8--demo--wiz8--8acda50afe39,005fb090,1,004f61a0,local,,,,
wiz8--demo--wiz8--8acda50afe39,005fb090,2,005b0f50,local,,,,
wiz8--demo--wiz8--8acda50afe39,005fb090,3,005b4f80,local,,,,
wiz8--demo--wiz8--8acda50afe39,005fb090,4,005b2970,local,,,,
wiz8--demo--wiz8--8acda50afe39,005fb090,5,005b0f20,local,,,,
wiz8--demo--wiz8--8acda50afe39,005fb090,6,005b0fa0,local,,,,
wiz8--demo--wiz8--8acda50afe39,005fb0ac,0,004f60a0,local,,,,
wiz8--demo--wiz8--8acda50afe39,005fb0ac,1,004f61a0,local,,,,
wiz8--demo--wiz8--8acda50afe39,005fb0ac,2,005b0f50,local,,,,
wiz8--demo--wiz8--8acda50afe39,005fb0ac,3,005b55c0,local,,,,
wiz8--demo--wiz8--8acda50afe39,005fb0ac,4,005b2ed0,local,,,,
wiz8--demo--wiz8--8acda50afe39,005fb0ac,5,005b0f20,local,,,,
wiz8--demo--wiz8--8acda50afe39,005fb0ac,6,005b0fa0,local,,,,
wiz8--demo--wiz8--8acda50afe39,005fb0c8,0,005b2ec0,local,,,,
wiz8--demo--wiz8--8acda50afe39,005fb0c8,1,0047efc0,local,,,,
wiz8--demo--wiz8--8acda50afe39,005fb0d0,0,004f60a0,local,,,,
wiz8--demo--wiz8--8acda50afe39,005fb0d0,1,004f61a0,local,,,,
wiz8--demo--wiz8--8acda50afe39,005fb0d0,2,005b0f50,local,,,,
wiz8--demo--wiz8--8acda50afe39,005fb0d0,3,005b5480,local,,,,
wiz8--demo--wiz8--8acda50afe39,005fb0d0,4,005b2de0,local,,,,
wiz8--demo--wiz8--8acda50afe39,005fb0d0,5,005b0f20,local,,,,
wiz8--demo--wiz8--8acda50afe39,005fb0d0,6,005b0fa0,local,,,,
wiz8--demo--wiz8--8acda50afe39,005fb0ec,0,005b31f0,local,,,,
wiz8--demo--wiz8--8acda50afe39,005fb0ec,1,004f9cb0,local,,,,
wiz8--demo--wiz8--8acda50afe39,005fb0f4,0,005b30e0,local,,,,
wiz8--demo--wiz8--8acda50afe39,005fb0f4,1,005b3160,local,,,,
wiz8--demo--wiz8--8acda50afe39,005fb0fc,0,004f60a0,local,,,,
wiz8--demo--wiz8--8acda50afe39,005fb0fc,1,004f61a0,local,,,,
wiz8--demo--wiz8--8acda50afe39,005fb0fc,2,005b0f50,local,,,,
wiz8--demo--wiz8--8acda50afe39,005fb0fc,3,005b5700,local,,,,
wiz8--demo--wiz8--8acda50afe39,005fb0fc,4,005b2f40,local,,,,
wiz8--demo--wiz8--8acda50afe39,005fb0fc,5,005b0f20,local,,,,
wiz8--demo--wiz8--8acda50afe39,005fb0fc,6,005b0fa0,local,,,,
wiz8--demo--wiz8--8acda50afe39,005fb118,0,005b2da0,local,,,,
wiz8--demo--wiz8--8acda50afe39,005fb118,1,004f9cb0,local,,,,
wiz8--demo--wiz8--8acda50afe39,005fb120,0,004f9cb0,local,,,,
wiz8--demo--wiz8--8acda50afe39,005fb120,1,005b2d70,local,,,,
wiz8--demo--wiz8--8acda50afe39,005fb128,0,004f60a0,local,,,,
wiz8--demo--wiz8--8acda50afe39,005fb128,1,004f61a0,local,,,,
wiz8--demo--wiz8--8acda50afe39,005fb128,2,005b0f50,local,,,,
wiz8--demo--wiz8--8acda50afe39,005fb128,3,005b5340,local,,,,
wiz8--demo--wiz8--8acda50afe39,005fb128,4,005b2c40,local,,,,
wiz8--demo--wiz8--8acda50afe39,005fb128,5,005b0f20,local,,,,
wiz8--demo--wiz8--8acda50afe39,005fb128,6,005b0fa0,local,,,,
wiz8--demo--wiz8--8acda50afe39,005fb144,0,005eaf3a,pure-virtual,,,,
wiz8--demo--wiz8--8acda50afe39,005fb144,1,005eaf3a,pure-virtual,,,,
wiz8--demo--wiz8--8acda50afe39,005fb14c,0,004f60a0,local,,,,
wiz8--demo--wiz8--8acda50afe39,005fb14c,1,004f61a0,local,,,,
wiz8--demo--wiz8--8acda50afe39,005fb14c,2,005b0f50,local,,,,
wiz8--demo--wiz8--8acda50afe39,005fb14c,3,005b5200,local,,,,
wiz8--demo--wiz8--8acda50afe39,005fb14c,4,005b2b90,local,,,,
wiz8--demo--wiz8--8acda50afe39,005fb14c,5,005b0f20,local,,,,
wiz8--demo--wiz8--8acda50afe39,005fb14c,6,005b0fa0,local,,,,
wiz8--demo--wiz8--8acda50afe39,005fb168,0,004f60a0,local,,,,
wiz8--demo--wiz8--8acda50afe39,005fb168,1,004f61a0,local,,,,
wiz8--demo--wiz8--8acda50afe39,005fb168,2,005b0f50,local,,,,
wiz8--demo--wiz8--8acda50afe39,005fb168,3,005b50c0,local,,,,
wiz8--demo--wiz8--8acda50afe39,005fb168,4,005b2aa0,local,,,,
wiz8--demo--wiz8--8acda50afe39,005fb168,5,005b0f20,local,,,,
wiz8--demo--wiz8--8acda50afe39,005fb168,6,005b0fa0,local,,,,
wiz8--demo--wiz8--8acda50afe39,005fb184,0,005b5bc0,local,,,,
wiz8--demo--wiz8--8acda50afe39,005fb1c8,0,005b86b0,local,,,,
wiz8--demo--wiz8--8acda50afe39,005fb1c8,1,005b8710,local,,,,
wiz8--demo--wiz8--8acda50afe39,005fb1c8,2,005b83f0,local,,,,
wiz8--demo--wiz8--8acda50afe39,005fb1d4,0,004f60a0,local,,,,
wiz8--demo--wiz8--8acda50afe39,005fb1d4,1,005b89b0,local,,,,
wiz8--demo--wiz8--8acda50afe39,005fb1d4,2,005b8980,local,,,,
wiz8--demo--wiz8--8acda50afe39,005fb1d4,3,005b8880,local,,,,
wiz8--demo--wiz8--8acda50afe39,005fb1d4,4,005b8960,local,,,,
wiz8--demo--wiz8--8acda50afe39,005fb1d4,5,005eaf3a,pure-virtual,,,,
wiz8--demo--wiz8--8acda50afe39,005fb1d4,6,005eaf3a,pure-virtual,,,,
wiz8--demo--wiz8--8acda50afe39,005fb1d4,7,005eaf3a,pure-virtual,,,,
wiz8--demo--wiz8--8acda50afe39,005fb1d4,8,005eaf3a,pure-virtual,,,,
wiz8--demo--wiz8--8acda50afe39,005fb1d4,9,004f9cb0,local,,,,
wiz8--demo--wiz8--8acda50afe39,005fb1d4,10,0047f010,local,,,,
wiz8--demo--wiz8--8acda50afe39,005fb1d4,11,005b8a00,local,,,,
wiz8--demo--wiz8--8acda50afe39,005fb204,0,005ba7c0,local,,,,
wiz8--demo--wiz8--8acda50afe39,005fb208,0,005ba790,local,,,,
wiz8--demo--wiz8--8acda50afe39,005fb20c,0,005b9490,local,,,,
wiz8--demo--wiz8--8acda50afe39,005fb20c,1,004f9cb0,local,,,,
wiz8--demo--wiz8--8acda50afe39,005fb214,0,005b8fd0,local,,,,
wiz8--demo--wiz8--8acda50afe39,005fb214,1,005b9060,local,,,,
wiz8--demo--wiz8--8acda50afe39,005fb214,2,005b90f0,local,,,,
wiz8--demo--wiz8--8acda50afe39,005fb214,3,005b9180,local,,,,
wiz8--demo--wiz8--8acda50afe39,005fb214,4,005b9210,local,,,,
wiz8--demo--wiz8--8acda50afe39,005fb214,5,005b92a0,local,,,,
wiz8--demo--wiz8--8acda50afe39,005fb214,6,005b9330,local,,,,
wiz8--demo--wiz8--8acda50afe39,005fb214,7,005b9400,local,,,,
wiz8--demo--wiz8--8acda50afe39,005fb214,8,005b9460,local,,,,
wiz8--demo--wiz8--8acda50afe39,005fb214,9,005b8b80,local,,,,
wiz8--demo--wiz8--8acda50afe39,005fb214,10,005b8b90,local,,,,
wiz8--demo--wiz8--8acda50afe39,005fb260,0,005bc150,local,,,,
wiz8--demo--wiz8--8acda50afe39,005fb260,1,004f9cb0,local,,,,
wiz8--demo--wiz8--8acda50afe39,005fb268,0,005bc080,local,,,,
wiz8--demo--wiz8--8acda50afe39,005fb268,1,004f61a0,local,,,,
wiz8--demo--wiz8--8acda50afe39,005fb268,2,005bc180,local,,,,
wiz8--demo--wiz8--8acda50afe39,005fb288,0,005bff10,local,,,,
wiz8--demo--wiz8--8acda50afe39,005fb2a0,0,005c09d0,local,,,,
wiz8--demo--wiz8--8acda50afe39,005fb2a0,1,004f8780,local,,,,
wiz8--demo--wiz8--8acda50afe39,005fb2a0,2,004f7d00,local,,,,
wiz8--demo--wiz8--8acda50afe39,005fb2a0,3,004f7840,local,,,,
wiz8--demo--wiz8--8acda50afe39,005fb2a0,4,004f77d0,local,,,,
wiz8--demo--wiz8--8acda50afe39,005fb2a0,5,004f7a10,local,,,,
wiz8--demo--wiz8--8acda50afe39,005fb2a0,6,004f9d00,local,,,,
wiz8--demo--wiz8--8acda50afe39,005fb2a0,7,005c0a40,local,,,,
wiz8--demo--wiz8--8acda50afe39,005fb2a0,8,004f8170,local,,,,
wiz8--demo--wiz8--8acda50afe39,005fb2a0,9,004f9cb0,local,,,,
wiz8--demo--wiz8--8acda50afe39,005fb2a0,10,004f9cb0,local,,,,
wiz8--demo--wiz8--8acda50afe39,005fb2a0,11,005c0a60,local,,,,
wiz8--demo--wiz8--8acda50afe39,005fb2a0,12,004f83e0,local,,,,
wiz8--demo--wiz8--8acda50afe39,005fb2a0,13,005c0a80,local,,,,
wiz8--demo--wiz8--8acda50afe39,005fb2a0,14,004f8600,local,,,,
wiz8--demo--wiz8--8acda50afe39,005fb2a0,15,005c0aa0,local,,,,
wiz8--demo--wiz8--8acda50afe39,005fb2a0,16,004f85a0,local,,,,
wiz8--demo--wiz8--8acda50afe39,005fb2a0,17,004f86d0,local,,,,
wiz8--demo--wiz8--8acda50afe39,005fb2a0,18,004f7fb0,local,,,,
wiz8--demo--wiz8--8acda50afe39,005fb2a0,19,004f8020,local,,,,
wiz8--demo--wiz8--8acda50afe39,005fb300,0,005c5670,local,,,,
wiz8--demo--wiz8--8acda50afe39,005fb328,0,005c6ca0,local,,,,
wiz8--demo--wiz8--8acda50afe39,005fb328,1,004f9cb0,local,,,,
wiz8--demo--wiz8--8acda50afe39,005fb330,0,004f60a0,local,,,,
wiz8--demo--wiz8--8acda50afe39,005fb330,1,004f61a0,local,,,,
wiz8--demo--wiz8--8acda50afe39,005fb330,2,005c6c70,local,,,,
wiz8--demo--wiz8--8acda50afe39,005fb330,3,005c6850,local,,,,
wiz8--demo--wiz8--8acda50afe39,005fb350,0,005cc9d0,local,,,,
wiz8--demo--wiz8--8acda50afe39,005fb354,0,005c7ad0,local,,,,
wiz8--demo--wiz8--8acda50afe39,005fb354,1,004f8780,local,,,,
wiz8--demo--wiz8--8acda50afe39,005fb354,2,005c7b50,local,,,,
wiz8--demo--wiz8--8acda50afe39,005fb354,3,004f7840,local,,,,
wiz8--demo--wiz8--8acda50afe39,005fb354,4,004f77d0,local,,,,
wiz8--demo--wiz8--8acda50afe39,005fb354,5,004f7a10,local,,,,
wiz8--demo--wiz8--8acda50afe39,005fb354,6,004f9d00,local,,,,
wiz8--demo--wiz8--8acda50afe39,005fb354,7,004f80a0,local,,,,
wiz8--demo--wiz8--8acda50afe39,005fb354,8,004f8170,local,,,,
wiz8--demo--wiz8--8acda50afe39,005fb354,9,004f9cb0,local,,,,
wiz8--demo--wiz8--8acda50afe39,005fb354,10,005c7d30,local,,,,
wiz8--demo--wiz8--8acda50afe39,005fb354,11,004f82e0,local,,,,
wiz8--demo--wiz8--8acda50afe39,005fb354,12,004f83e0,local,,,,
wiz8--demo--wiz8--8acda50afe39,005fb354,13,004f8430,local,,,,
wiz8--demo--wiz8--8acda50afe39,005fb354,14,005c7cb0,local,,,,
wiz8--demo--wiz8--8acda50afe39,005fb354,15,005c7cf0,local,,,,
wiz8--demo--wiz8--8acda50afe39,005fb354,16,004f85a0,local,,,,
wiz8--demo--wiz8--8acda50afe39,005fb354,17,004f86d0,local,,,,
wiz8--demo--wiz8--8acda50afe39,005fb354,18,004f7fb0,local,,,,
wiz8--demo--wiz8--8acda50afe39,005fb354,19,004f8020,local,,,,
wiz8--demo--wiz8--8acda50afe39,005fb3a4,0,005c8260,local,,,,
wiz8--demo--wiz8--8acda50afe39,005fb3a4,1,005c81f0,local,,,,
wiz8--demo--wiz8--8acda50afe39,005fb3a4,2,005c8280,local,,,,
wiz8--demo--wiz8--8acda50afe39,005fb3b0,0,005c8040,local,,,,
wiz8--demo--wiz8--8acda50afe39,005fb3b4,0,005c8010,local,,,,
wiz8--demo--wiz8--8acda50afe39,005fb3b8,0,004f60a0,local,,,,
wiz8--demo--wiz8--8acda50afe39,005fb3b8,1,004f61a0,local,,,,
wiz8--demo--wiz8--8acda50afe39,005fb3b8,2,004f6260,local,,,,
wiz8--demo--wiz8--8acda50afe39,005fb3b8,3,005c7f70,local,,,,
wiz8--demo--wiz8--8acda50afe39,005fb3c8,0,005eaf3a,pure-virtual,,,,
wiz8--demo--wiz8--8acda50afe39,005fb3c8,1,005eaf3a,pure-virtual,,,,
wiz8--demo--wiz8--8acda50afe39,005fb3c8,2,005eaf3a,pure-virtual,,,,
wiz8--demo--wiz8--8acda50afe39,005fb3d4,0,005c83a0,local,,,,
wiz8--demo--wiz8--8acda50afe39,005fb3d4,1,004f8780,local,,,,
wiz8--demo--wiz8--8acda50afe39,005fb3d4,2,005c8420,local,,,,
wiz8--demo--wiz8--8acda50afe39,005fb3d4,3,004f7840,local,,,,
wiz8--demo--wiz8--8acda50afe39,005fb3d4,4,004f77d0,local,,,,
wiz8--demo--wiz8--8acda50afe39,005fb3d4,5,004f7a10,local,,,,
wiz8--demo--wiz8--8acda50afe39,005fb3d4,6,004f9d00,local,,,,
wiz8--demo--wiz8--8acda50afe39,005fb3d4,7,004f80a0,local,,,,
wiz8--demo--wiz8--8acda50afe39,005fb3d4,8,004f8170,local,,,,
wiz8--demo--wiz8--8acda50afe39,005fb3d4,9,004f9cb0,local,,,,
wiz8--demo--wiz8--8acda50afe39,005fb3d4,10,004f9cb0,local,,,,
wiz8--demo--wiz8--8acda50afe39,005fb3d4,11,004f82e0,local,,,,
wiz8--demo--wiz8--8acda50afe39,005fb3d4,12,004f83e0,local,,,,
wiz8--demo--wiz8--8acda50afe39,005fb3d4,13,004f8430,local,,,,
wiz8--demo--wiz8--8acda50afe39,005fb3d4,14,005c85b0,local,,,,
wiz8--demo--wiz8--8acda50afe39,005fb3d4,15,005c8680,local,,,,
wiz8--demo--wiz8--8acda50afe39,005fb3d4,16,004f85a0,local,,,,
wiz8--demo--wiz8--8acda50afe39,005fb3d4,17,004f86d0,local,,,,
wiz8--demo--wiz8--8acda50afe39,005fb3d4,18,004f7fb0,local,,,,
wiz8--demo--wiz8--8acda50afe39,005fb3d4,19,004f8020,local,,,,
wiz8--demo--wiz8--8acda50afe39,005fb424,0,005c8850,local,,,,
wiz8--demo--wiz8--8acda50afe39,005fb428,0,004f60a0,local,,,,
wiz8--demo--wiz8--8acda50afe39,005fb428,1,004f61a0,local,,,,
wiz8--demo--wiz8--8acda50afe39,005fb428,2,004f6260,local,,,,
wiz8--demo--wiz8--8acda50afe39,005fb428,3,005c87c0,local,,,,
wiz8--demo--wiz8--8acda50afe39,005fb438,0,005c89e0,local,,,,
wiz8--demo--wiz8--8acda50afe39,005fb438,1,004f9cb0,local,,,,
wiz8--demo--wiz8--8acda50afe39,005fb440,0,004f60a0,local,,,,
wiz8--demo--wiz8--8acda50afe39,005fb440,1,004f61a0,local,,,,
wiz8--demo--wiz8--8acda50afe39,005fb440,2,004f6260,local,,,,
wiz8--demo--wiz8--8acda50afe39,005fb440,3,005c8960,local,,,,
wiz8--demo--wiz8--8acda50afe39,005fb450,0,005c9390,local,,,,
wiz8--demo--wiz8--8acda50afe39,005fb454,0,005c9100,local,,,,
wiz8--demo--wiz8--8acda50afe39,005fb454,1,004f9ca0,local,,,,
wiz8--demo--wiz8--8acda50afe39,005fb454,2,005c9140,local,,,,
wiz8--demo--wiz8--8acda50afe39,005fb454,3,004f9ce0,local,,,,
wiz8--demo--wiz8--8acda50afe39,005fb454,4,004f9cc0,local,,,,
wiz8--demo--wiz8--8acda50afe39,005fb454,5,004f9cb0,local,,,,
wiz8--demo--wiz8--8acda50afe39,005fb454,6,004f9cb0,local,,,,
wiz8--demo--wiz8--8acda50afe39,005fb454,7,004f9cb0,local,,,,
wiz8--demo--wiz8--8acda50afe39,005fb454,8,005c92a0,local,,,,
wiz8--demo--wiz8--8acda50afe39,005fb454,9,005c92c0,local,,,,
wiz8--demo--wiz8--8acda50afe39,005fb454,10,004f9cb0,local,,,,
wiz8--demo--wiz8--8acda50afe39,005fb454,11,004f9cb0,local,,,,
wiz8--demo--wiz8--8acda50afe39,005fb454,12,004f9cb0,local,,,,
wiz8--demo--wiz8--8acda50afe39,005fb454,13,005c9320,local,,,,
wiz8--demo--wiz8--8acda50afe39,005fb454,14,004f9cb0,local,,,,
wiz8--demo--wiz8--8acda50afe39,005fb454,15,004f9cb0,local,,,,
wiz8--demo--wiz8--8acda50afe39,005fb454,16,004f9cb0,local,,,,
wiz8--demo--wiz8--8acda50afe39,005fb454,17,004f9cb0,local,,,,
wiz8--demo--wiz8--8acda50afe39,005fb49c,0,004f60a0,local,,,,
wiz8--demo--wiz8--8acda50afe39,005fb49c,1,004f61a0,local,,,,
wiz8--demo--wiz8--8acda50afe39,005fb49c,2,005c9740,local,,,,
wiz8--demo--wiz8--8acda50afe39,005fb49c,3,005c9640,local,,,,
wiz8--demo--wiz8--8acda50afe39,005fb4ac,0,005ca000,local,,,,
wiz8--demo--wiz8--8acda50afe39,005fb4b0,0,005caf50,local,,,,
wiz8--demo--wiz8--8acda50afe39,005fb4b0,1,005cb080,local,,,,
wiz8--demo--wiz8--8acda50afe39,005fb4b8,0,005caf40,local,,,,
wiz8--demo--wiz8--8acda50afe39,005fb4bc,0,005cab00,local,,,,
wiz8--demo--wiz8--8acda50afe39,005fb4bc,1,004f9cb0,local,,,,
wiz8--demo--wiz8--8acda50afe39,005fb4c4,0,005eaf3a,pure-virtual,,,,
wiz8--demo--wiz8--8acda50afe39,005fb4c4,1,005eaf3a,pure-virtual,,,,
wiz8--demo--wiz8--8acda50afe39,005fb4cc,0,005eaf3a,pure-virtual,,,,
wiz8--demo--wiz8--8acda50afe39,005fb4d0,0,004f60a0,local,,,,
wiz8--demo--wiz8--8acda50afe39,005fb4d0,1,004f61a0,local,,,,
wiz8--demo--wiz8--8acda50afe39,005fb4d0,2,005c8a50,local,,,,
wiz8--demo--wiz8--8acda50afe39,005fb4d0,3,005ca740,local,,,,
wiz8--demo--wiz8--8acda50afe39,005fb4e0,0,005cca00,local,,,,
wiz8--demo--wiz8--8acda50afe39,005fb520,0,005cd750,local,,,,
wiz8--demo--wiz8--8acda50afe39,005fb524,0,005cda40,local,,,,
wiz8--demo--wiz8--8acda50afe39,005fb524,1,004f9cb0,local,,,,
wiz8--demo--wiz8--8acda50afe39,005fb52c,0,004f60a0,local,,,,
wiz8--demo--wiz8--8acda50afe39,005fb52c,1,004f61a0,local,,,,
wiz8--demo--wiz8--8acda50afe39,005fb52c,2,004f6260,local,,,,
wiz8--demo--wiz8--8acda50afe39,005fb52c,3,005cd9c0,local,,,,
wiz8--demo--wiz8--8acda50afe39,005fb560,0,005d04b0,local,,,,
wiz8--demo--wiz8--8acda50afe39,005fb560,1,004f9cb0,local,,,,
wiz8--demo--wiz8--8acda50afe39,005fb568,0,005d0640,local,,,,
wiz8--demo--wiz8--8acda50afe39,005fb56c,0,004f60a0,local,,,,
wiz8--demo--wiz8--8acda50afe39,005fb56c,1,005b89b0,local,,,,
wiz8--demo--wiz8--8acda50afe39,005fb56c,2,005cfe00,local,,,,
wiz8--demo--wiz8--8acda50afe39,005fb56c,3,005d0750,local,,,,
wiz8--demo--wiz8--8acda50afe39,005fb56c,4,005cf710,local,,,,
wiz8--demo--wiz8--8acda50afe39,005fb56c,5,005cfad0,local,,,,
wiz8--demo--wiz8--8acda50afe39,005fb56c,6,005cfb80,local,,,,
wiz8--demo--wiz8--8acda50afe39,005fb56c,7,005cfba0,local,,,,
wiz8--demo--wiz8--8acda50afe39,005fb56c,8,005cfc30,local,,,,
wiz8--demo--wiz8--8acda50afe39,005fb56c,9,005cfcf0,local,,,,
wiz8--demo--wiz8--8acda50afe39,005fb56c,10,005cfdb0,local,,,,
wiz8--demo--wiz8--8acda50afe39,005fb56c,11,005b8a00,local,,,,
wiz8--demo--wiz8--8acda50afe39,005fb5b0,0,005d0a30,local,,,,
wiz8--demo--wiz8--8acda50afe39,005fb5b0,1,005d0a70,local,,,,
wiz8--demo--wiz8--8acda50afe39,005fb5b8,0,004f60a0,local,,,,
wiz8--demo--wiz8--8acda50afe39,005fb5b8,1,005b89b0,local,,,,
wiz8--demo--wiz8--8acda50afe39,005fb5b8,2,005d0a90,local,,,,
wiz8--demo--wiz8--8acda50afe39,005fb5b8,3,005d0fe0,local,,,,
wiz8--demo--wiz8--8acda50afe39,005fb5b8,4,005d0810,local,,,,
wiz8--demo--wiz8--8acda50afe39,005fb5b8,5,005d0930,local,,,,
wiz8--demo--wiz8--8acda50afe39,005fb5b8,6,005d0950,local,,,,
wiz8--demo--wiz8--8acda50afe39,005fb5b8,7,005d0960,local,,,,
wiz8--demo--wiz8--8acda50afe39,005fb5b8,8,005d09c0,local,,,,
wiz8--demo--wiz8--8acda50afe39,005fb5b8,9,004f9cb0,local,,,,
wiz8--demo--wiz8--8acda50afe39,005fb5b8,10,005d0fd0,local,,,,
wiz8--demo--wiz8--8acda50afe39,005fb5b8,11,005b8a00,local,,,,
wiz8--demo--wiz8--8acda50afe39,005fb5e8,0,005eaf3a,pure-virtual,,,,
wiz8--demo--wiz8--8acda50afe39,005fb5e8,1,005eaf3a,pure-virtual,,,,
wiz8--demo--wiz8--8acda50afe39,005fb600,0,005d15d0,local,,,,
wiz8--demo--wiz8--8acda50afe39,005fb604,0,005d1020,local,,,,
wiz8--demo--wiz8--8acda50afe39,005fb604,1,004f9ca0,local,,,,
wiz8--demo--wiz8--8acda50afe39,005fb604,2,005d1190,local,,,,
wiz8--demo--wiz8--8acda50afe39,005fb604,3,004f9ce0,local,,,,
wiz8--demo--wiz8--8acda50afe39,005fb604,4,004f9cc0,local,,,,
wiz8--demo--wiz8--8acda50afe39,005fb604,5,004f9cb0,local,,,,
wiz8--demo--wiz8--8acda50afe39,005fb604,6,004f9cb0,local,,,,
wiz8--demo--wiz8--8acda50afe39,005fb604,7,004f8c30,local,,,,
wiz8--demo--wiz8--8acda50afe39,005fb604,8,005d13a0,local,,,,
wiz8--demo--wiz8--8acda50afe39,005fb604,9,005d13c0,local,,,,
wiz8--demo--wiz8--8acda50afe39,005fb604,10,005d1590,local,,,,
wiz8--demo--wiz8--8acda50afe39,005fb604,11,005d14c0,local,,,,
wiz8--demo--wiz8--8acda50afe39,005fb604,12,005d14c0,local,,,,
wiz8--demo--wiz8--8acda50afe39,005fb604,13,005d1430,local,,,,
wiz8--demo--wiz8--8acda50afe39,005fb604,14,005d1520,local,,,,
wiz8--demo--wiz8--8acda50afe39,005fb604,15,004f9cb0,local,,,,
wiz8--demo--wiz8--8acda50afe39,005fb604,16,004f9cb0,local,,,,
wiz8--demo--wiz8--8acda50afe39,005fb604,17,004f9cb0,local,,,,
wiz8--demo--wiz8--8acda50afe39,005fb64c,0,005d1a50,local,,,,
wiz8--demo--wiz8--8acda50afe39,005fb64c,1,005d1b40,local,,,,
wiz8--demo--wiz8--8acda50afe39,005fb654,0,004f60a0,local,,,,
wiz8--demo--wiz8--8acda50afe39,005fb654,1,005b89b0,local,,,,
wiz8--demo--wiz8--8acda50afe39,005fb654,2,005d1b60,local,,,,
wiz8--demo--wiz8--8acda50afe39,005fb654,3,005d15f0,local,,,,
wiz8--demo--wiz8--8acda50afe39,005fb654,4,005d1670,local,,,,
wiz8--demo--wiz8--8acda50afe39,005fb654,5,005d17d0,local,,,,
wiz8--demo--wiz8--8acda50afe39,005fb654,6,005d1810,local,,,,
wiz8--demo--wiz8--8acda50afe39,005fb654,7,005d19d0,local,,,,
wiz8--demo--wiz8--8acda50afe39,005fb654,8,005d1a10,local,,,,
wiz8--demo--wiz8--8acda50afe39,005fb654,9,004f9cb0,local,,,,
wiz8--demo--wiz8--8acda50afe39,005fb654,10,005d1a40,local,,,,
wiz8--demo--wiz8--8acda50afe39,005fb654,11,005b8a00,local,,,,
wiz8--demo--wiz8--8acda50afe39,005fb684,0,005eaf3a,pure-virtual,,,,
wiz8--demo--wiz8--8acda50afe39,005fb684,1,005eaf3a,pure-virtual,,,,
wiz8--demo--wiz8--8acda50afe39,005fb6a0,0,005d21e0,local,,,,
wiz8--demo--wiz8--8acda50afe39,005fb6a0,1,004f8780,local,,,,
wiz8--demo--wiz8--8acda50afe39,005fb6a0,2,005d22a0,local,,,,
wiz8--demo--wiz8--8acda50afe39,005fb6a0,3,004f7840,local,,,,
wiz8--demo--wiz8--8acda50afe39,005fb6a0,4,004f77d0,local,,,,
wiz8--demo--wiz8--8acda50afe39,005fb6a0,5,004f7a10,local,,,,
wiz8--demo--wiz8--8acda50afe39,005fb6a0,6,004f9d00,local,,,,
wiz8--demo--wiz8--8acda50afe39,005fb6a0,7,004f80a0,local,,,,
wiz8--demo--wiz8--8acda50afe39,005fb6a0,8,004f8170,local,,,,
wiz8--demo--wiz8--8acda50afe39,005fb6a0,9,004f9cb0,local,,,,
wiz8--demo--wiz8--8acda50afe39,005fb6a0,10,004f9cb0,local,,,,
wiz8--demo--wiz8--8acda50afe39,005fb6a0,11,004f82e0,local,,,,
wiz8--demo--wiz8--8acda50afe39,005fb6a0,12,004f83e0,local,,,,
wiz8--demo--wiz8--8acda50afe39,005fb6a0,13,004f8430,local,,,,
wiz8--demo--wiz8--8acda50afe39,005fb6a0,14,005d2590,local,,,,
wiz8--demo--wiz8--8acda50afe39,005fb6a0,15,004f8680,local,,,,
wiz8--demo--wiz8--8acda50afe39,005fb6a0,16,004f85a0,local,,,,
wiz8--demo--wiz8--8acda50afe39,005fb6a0,17,004f86d0,local,,,,
wiz8--demo--wiz8--8acda50afe39,005fb6a0,18,004f7fb0,local,,,,
wiz8--demo--wiz8--8acda50afe39,005fb6a0,19,004f8020,local,,,,
wiz8--demo--wiz8--8acda50afe39,005fb6f0,0,005d2440,local,,,,
wiz8--demo--wiz8--8acda50afe39,005fb6f0,1,004f8780,local,,,,
wiz8--demo--wiz8--8acda50afe39,005fb6f0,2,005d24c0,local,,,,
wiz8--demo--wiz8--8acda50afe39,005fb6f0,3,004f7840,local,,,,
wiz8--demo--wiz8--8acda50afe39,005fb6f0,4,004f77d0,local,,,,
wiz8--demo--wiz8--8acda50afe39,005fb6f0,5,004f7a10,local,,,,
wiz8--demo--wiz8--8acda50afe39,005fb6f0,6,004f9d00,local,,,,
wiz8--demo--wiz8--8acda50afe39,005fb6f0,7,005d2530,local,,,,
wiz8--demo--wiz8--8acda50afe39,005fb6f0,8,005d2560,local,,,,
wiz8--demo--wiz8--8acda50afe39,005fb6f0,9,004f9cb0,local,,,,
wiz8--demo--wiz8--8acda50afe39,005fb6f0,10,004f9cb0,local,,,,
wiz8--demo--wiz8--8acda50afe39,005fb6f0,11,004f82e0,local,,,,
wiz8--demo--wiz8--8acda50afe39,005fb6f0,12,004f83e0,local,,,,
wiz8--demo--wiz8--8acda50afe39,005fb6f0,13,004f8430,local,,,,
wiz8--demo--wiz8--8acda50afe39,005fb6f0,14,005d2590,local,,,,
wiz8--demo--wiz8--8acda50afe39,005fb6f0,15,004f8680,local,,,,
wiz8--demo--wiz8--8acda50afe39,005fb6f0,16,004f85a0,local,,,,
wiz8--demo--wiz8--8acda50afe39,005fb6f0,17,004f86d0,local,,,,
wiz8--demo--wiz8--8acda50afe39,005fb6f0,18,004f7fb0,local,,,,
wiz8--demo--wiz8--8acda50afe39,005fb6f0,19,004f8020,local,,,,
wiz8--demo--wiz8--8acda50afe39,005fb740,0,005d2a00,local,,,,
wiz8--demo--wiz8--8acda50afe39,005fb740,1,005d2cf0,local,,,,
wiz8--demo--wiz8--8acda50afe39,005fb748,0,004f9cb0,local,,,,
wiz8--demo--wiz8--8acda50afe39,005fb748,1,005d3ce0,local,,,,
wiz8--demo--wiz8--8acda50afe39,005fb750,0,005d39c0,local,,,,
wiz8--demo--wiz8--8acda50afe39,005fb750,1,005d3a70,local,,,,
wiz8--demo--wiz8--8acda50afe39,005fb758,0,005d3a90,local,,,,
wiz8--demo--wiz8--8acda50afe39,005fb758,1,005d3b60,local,,,,
wiz8--demo--wiz8--8acda50afe39,005fb758,2,005d3c00,local,,,,
wiz8--demo--wiz8--8acda50afe39,005fb758,3,005d3cb0,local,,,,
wiz8--demo--wiz8--8acda50afe39,005fb768,0,004f60a0,local,,,,
wiz8--demo--wiz8--8acda50afe39,005fb768,1,005b89b0,local,,,,
wiz8--demo--wiz8--8acda50afe39,005fb768,2,005d3db0,local,,,,
wiz8--demo--wiz8--8acda50afe39,005fb768,3,005d2d60,local,,,,
wiz8--demo--wiz8--8acda50afe39,005fb768,4,005d2f20,local,,,,
wiz8--demo--wiz8--8acda50afe39,005fb768,5,005d33e0,local,,,,
wiz8--demo--wiz8--8acda50afe39,005fb768,6,005d0950,local,,,,
wiz8--demo--wiz8--8acda50afe39,005fb768,7,005d3780,local,,,,
wiz8--demo--wiz8--8acda50afe39,005fb768,8,005d37e0,local,,,,
wiz8--demo--wiz8--8acda50afe39,005fb768,9,005d3870,local,,,,
wiz8--demo--wiz8--8acda50afe39,005fb768,10,005d3710,local,,,,
wiz8--demo--wiz8--8acda50afe39,005fb768,11,005d3d10,local,,,,
wiz8--demo--wiz8--8acda50afe39,005fb798,0,005eaf3a,pure-virtual,,,,
wiz8--demo--wiz8--8acda50afe39,005fb798,1,005eaf3a,pure-virtual,,,,
wiz8--demo--wiz8--8acda50afe39,005fb798,2,005eaf3a,pure-virtual,,,,
wiz8--demo--wiz8--8acda50afe39,005fb798,3,005eaf3a,pure-virtual,,,,
wiz8--demo--wiz8--8acda50afe39,005fb7b8,0,005d4f60,local,,,,
wiz8--demo--wiz8--8acda50afe39,005fb7b8,1,005d5050,local,,,,
wiz8--demo--wiz8--8acda50afe39,005fb7b8,2,005d56d0,local,,,,
wiz8--demo--wiz8--8acda50afe39,005fb7b8,3,005d5930,local,,,,
wiz8--demo--wiz8--8acda50afe39,005fb7b8,4,005d6da0,local,,,,
wiz8--demo--wiz8--8acda50afe39,005fb7b8,5,005d5010,local,,,,
wiz8--demo--wiz8--8acda50afe39,005fb7b8,6,005e5b40,local,,,,
wiz8--demo--wiz8--8acda50afe39,005fb7b8,7,005e5b70,local,,,,
wiz8--demo--wiz8--8acda50afe39,005fb7b8,8,005e5bf0,local,,,,
wiz8--demo--wiz8--8acda50afe39,005fb7b8,9,005d6b30,local,,,,
wiz8--demo--wiz8--8acda50afe39,005fb7b8,10,004f9cb0,local,,,,
wiz8--demo--wiz8--8acda50afe39,005fb7b8,11,005b5cb0,local,,,,
wiz8--demo--wiz8--8acda50afe39,005fb7b8,12,0047f010,local,,,,
wiz8--demo--wiz8--8acda50afe39,005fb7b8,13,004f9cb0,local,,,,
wiz8--demo--wiz8--8acda50afe39,005fb800,0,005d6ea0,local,,,,
wiz8--demo--wiz8--8acda50afe39,005fb800,1,005d72b0,local,,,,
wiz8--demo--wiz8--8acda50afe39,005fb800,2,005d72e0,local,,,,
wiz8--demo--wiz8--8acda50afe39,005fb800,3,005d7310,local,,,,
wiz8--demo--wiz8--8acda50afe39,005fb800,4,005d88d0,local,,,,
wiz8--demo--wiz8--8acda50afe39,005fb800,5,005e5ac0,local,,,,
wiz8--demo--wiz8--8acda50afe39,005fb800,6,005e5b40,local,,,,
wiz8--demo--wiz8--8acda50afe39,005fb800,7,005e5b70,local,,,,
wiz8--demo--wiz8--8acda50afe39,005fb800,8,005e5bf0,local,,,,
wiz8--demo--wiz8--8acda50afe39,005fb800,9,005d8590,local,,,,
wiz8--demo--wiz8--8acda50afe39,005fb800,10,004f9cb0,local,,,,
wiz8--demo--wiz8--8acda50afe39,005fb800,11,005b5cb0,local,,,,
wiz8--demo--wiz8--8acda50afe39,005fb800,12,0047f010,local,,,,
wiz8--demo--wiz8--8acda50afe39,005fb800,13,004f9cb0,local,,,,
wiz8--demo--wiz8--8acda50afe39,005fb884,0,005da720,local,,,,
wiz8--demo--wiz8--8acda50afe39,005fb888,0,005dbc80,local,,,,
wiz8--demo--wiz8--8acda50afe39,005fb88c,0,005dbc50,local,,,,
wiz8--demo--wiz8--8acda50afe39,005fb8a0,0,005dbce0,local,,,,
wiz8--demo--wiz8--8acda50afe39,005fb8a0,1,005dc3f0,local,,,,
wiz8--demo--wiz8--8acda50afe39,005fb8a0,2,005dc630,local,,,,
wiz8--demo--wiz8--8acda50afe39,005fb8a0,3,005dbd50,local,,,,
wiz8--demo--wiz8--8acda50afe39,005fb8a0,4,005b5cc0,local,,,,
wiz8--demo--wiz8--8acda50afe39,005fb8a0,5,005e5ac0,local,,,,
wiz8--demo--wiz8--8acda50afe39,005fb8a0,6,005e5b40,local,,,,
wiz8--demo--wiz8--8acda50afe39,005fb8a0,7,005e5b70,local,,,,
wiz8--demo--wiz8--8acda50afe39,005fb8a0,8,005e5bf0,local,,,,
wiz8--demo--wiz8--8acda50afe39,005fb8a0,9,005dc770,local,,,,
wiz8--demo--wiz8--8acda50afe39,005fb8a0,10,004f9cb0,local,,,,
wiz8--demo--wiz8--8acda50afe39,005fb8a0,11,005b5cb0,local,,,,
wiz8--demo--wiz8--8acda50afe39,005fb8a0,12,0047f010,local,,,,
wiz8--demo--wiz8--8acda50afe39,005fb8a0,13,004f9cb0,local,,,,
wiz8--demo--wiz8--8acda50afe39,005fb8a0,14,005dc710,local,,,,
wiz8--demo--wiz8--8acda50afe39,005fb8f0,0,005df050,local,,,,
wiz8--demo--wiz8--8acda50afe39,005fb8f0,1,005df100,local,,,,
wiz8--demo--wiz8--8acda50afe39,005fb8f0,2,005e4f40,local,,,,
wiz8--demo--wiz8--8acda50afe39,005fb8f0,3,005df1f0,local,,,,
wiz8--demo--wiz8--8acda50afe39,005fb8f0,4,005e00f0,local,,,,
wiz8--demo--wiz8--8acda50afe39,005fb8f0,5,005e5ac0,local,,,,
wiz8--demo--wiz8--8acda50afe39,005fb8f0,6,005e5b40,local,,,,
wiz8--demo--wiz8--8acda50afe39,005fb8f0,7,005e5b70,local,,,,
wiz8--demo--wiz8--8acda50afe39,005fb8f0,8,005e5bf0,local,,,,
wiz8--demo--wiz8--8acda50afe39,005fb8f0,9,005e5e60,local,,,,
wiz8--demo--wiz8--8acda50afe39,005fb8f0,10,004f9cb0,local,,,,
wiz8--demo--wiz8--8acda50afe39,005fb8f0,11,005b5cb0,local,,,,
wiz8--demo--wiz8--8acda50afe39,005fb8f0,12,005e8d30,local,,,,
wiz8--demo--wiz8--8acda50afe39,005fb8f0,13,005dffd0,local,,,,
wiz8--demo--wiz8--8acda50afe39,005fb968,0,005e01c0,local,,,,
wiz8--demo--wiz8--8acda50afe39,005fb968,1,005e02b0,local,,,,
wiz8--demo--wiz8--8acda50afe39,005fb968,2,005e0400,local,,,,
wiz8--demo--wiz8--8acda50afe39,005fb968,3,005e22f0,local,,,,
wiz8--demo--wiz8--8acda50afe39,005fb968,4,005e00f0,local,,,,
wiz8--demo--wiz8--8acda50afe39,005fb968,5,005e5ac0,local,,,,
wiz8--demo--wiz8--8acda50afe39,005fb968,6,005e5b40,local,,,,
wiz8--demo--wiz8--8acda50afe39,005fb968,7,005e5b70,local,,,,
wiz8--demo--wiz8--8acda50afe39,005fb968,8,005e5bf0,local,,,,
wiz8--demo--wiz8--8acda50afe39,005fb968,9,005e5e60,local,,,,
wiz8--demo--wiz8--8acda50afe39,005fb968,10,004f9cb0,local,,,,
wiz8--demo--wiz8--8acda50afe39,005fb968,11,005b5cb0,local,,,,
wiz8--demo--wiz8--8acda50afe39,005fb968,12,005e8d30,local,,,,
wiz8--demo--wiz8--8acda50afe39,005fb968,13,005e2810,local,,,,
wiz8--demo--wiz8--8acda50afe39,005fb9d0,0,005e29d0,local,,,,
wiz8--demo--wiz8--8acda50afe39,005fb9d0,1,005e2b50,local,,,,
wiz8--demo--wiz8--8acda50afe39,005fb9d0,2,005e2c20,local,,,,
wiz8--demo--wiz8--8acda50afe39,005fb9d0,3,005e3080,local,,,,
wiz8--demo--wiz8--8acda50afe39,005fb9d0,4,005e00f0,local,,,,
wiz8--demo--wiz8--8acda50afe39,005fb9d0,5,005e5ac0,local,,,,
wiz8--demo--wiz8--8acda50afe39,005fb9d0,6,005e5b40,local,,,,
wiz8--demo--wiz8--8acda50afe39,005fb9d0,7,005e5b70,local,,,,
wiz8--demo--wiz8--8acda50afe39,005fb9d0,8,005e5bf0,local,,,,
wiz8--demo--wiz8--8acda50afe39,005fb9d0,9,005e3400,local,,,,
wiz8--demo--wiz8--8acda50afe39,005fb9d0,10,005e32a0,local,,,,
wiz8--demo--wiz8--8acda50afe39,005fb9d0,11,005b5cb0,local,,,,
wiz8--demo--wiz8--8acda50afe39,005fb9d0,12,0047f010,local,,,,
wiz8--demo--wiz8--8acda50afe39,005fb9d0,13,004f9cb0,local,,,,
wiz8--demo--wiz8--8acda50afe39,005fba2c,0,005e39a0,local,,,,
wiz8--demo--wiz8--8acda50afe39,005fba2c,1,005e3a10,local,,,,
wiz8--demo--wiz8--8acda50afe39,005fba2c,2,005e3ef0,local,,,,
wiz8--demo--wiz8--8acda50afe39,005fba2c,3,005e3f60,local,,,,
wiz8--demo--wiz8--8acda50afe39,005fba2c,4,005e4300,local,,,,
wiz8--demo--wiz8--8acda50afe39,005fba2c,5,005e5ac0,local,,,,
wiz8--demo--wiz8--8acda50afe39,005fba2c,6,005e5b40,local,,,,
wiz8--demo--wiz8--8acda50afe39,005fba2c,7,005e5b70,local,,,,
wiz8--demo--wiz8--8acda50afe39,005fba2c,8,005e5bf0,local,,,,
wiz8--demo--wiz8--8acda50afe39,005fba2c,9,005e3ff0,local,,,,
wiz8--demo--wiz8--8acda50afe39,005fba2c,10,004f9cb0,local,,,,
wiz8--demo--wiz8--8acda50afe39,005fba2c,11,005b5cb0,local,,,,
wiz8--demo--wiz8--8acda50afe39,005fba2c,12,0047f010,local,,,,
wiz8--demo--wiz8--8acda50afe39,005fba2c,13,004f9cb0,local,,,,
wiz8--demo--wiz8--8acda50afe39,005fba78,0,005e4370,local,,,,
wiz8--demo--wiz8--8acda50afe39,005fba90,0,005e4d90,local,,,,
wiz8--demo--wiz8--8acda50afe39,005fba90,1,005e4e50,local,,,,
wiz8--demo--wiz8--8acda50afe39,005fba90,2,005e4f40,local,,,,
wiz8--demo--wiz8--8acda50afe39,005fba90,3,005e4f60,local,,,,
wiz8--demo--wiz8--8acda50afe39,005fba90,4,005e00f0,local,,,,
wiz8--demo--wiz8--8acda50afe39,005fba90,5,005e5ac0,local,,,,
wiz8--demo--wiz8--8acda50afe39,005fba90,6,005e5b40,local,,,,
wiz8--demo--wiz8--8acda50afe39,005fba90,7,005e5b70,local,,,,
wiz8--demo--wiz8--8acda50afe39,005fba90,8,005e5bf0,local,,,,
wiz8--demo--wiz8--8acda50afe39,005fba90,9,005e5e60,local,,,,
wiz8--demo--wiz8--8acda50afe39,005fba90,10,004f9cb0,local,,,,
wiz8--demo--wiz8--8acda50afe39,005fba90,11,005b5cb0,local,,,,
wiz8--demo--wiz8--8acda50afe39,005fba90,12,005e8d30,local,,,,
wiz8--demo--wiz8--8acda50afe39,005fba90,13,005dffd0,local,,,,
wiz8--demo--wiz8--8acda50afe39,005fbad8,0,005e5990,local,,,,
wiz8--demo--wiz8--8acda50afe39,005fbad8,1,005e5c70,local,,,,
wiz8--demo--wiz8--8acda50afe39,005fbad8,2,005e5db0,local,,,,
wiz8--demo--wiz8--8acda50afe39,005fbad8,3,005e5a10,local,,,,
wiz8--demo--wiz8--8acda50afe39,005fbad8,4,005e00f0,local,,,,
wiz8--demo--wiz8--8acda50afe39,005fbad8,5,005e5ac0,local,,,,
wiz8--demo--wiz8--8acda50afe39,005fbad8,6,005e5b40,local,,,,
wiz8--demo--wiz8--8acda50afe39,005fbad8,7,005e5b70,local,,,,
wiz8--demo--wiz8--8acda50afe39,005fbad8,8,005e5bf0,local,,,,
wiz8--demo--wiz8--8acda50afe39,005fbad8,9,005e5e60,local,,,,
wiz8--demo--wiz8--8acda50afe39,005fbad8,10,004f9cb0,local,,,,
wiz8--demo--wiz8--8acda50afe39,005fbad8,11,005b5cb0,local,,,,
wiz8--demo--wiz8--8acda50afe39,005fbad8,12,0047f010,local,,,,
wiz8--demo--wiz8--8acda50afe39,005fbad8,13,004f9cb0,local,,,,
wiz8--demo--wiz8--8acda50afe39,005fbb58,0,005e6190,local,,,,
wiz8--demo--wiz8--8acda50afe39,005fbb58,1,005e62b0,local,,,,
wiz8--demo--wiz8--8acda50afe39,005fbb58,2,005e6540,local,,,,
wiz8--demo--wiz8--8acda50afe39,005fbb58,3,005e6ce0,local,,,,
wiz8--demo--wiz8--8acda50afe39,005fbb58,4,005e00f0,local,,,,
wiz8--demo--wiz8--8acda50afe39,005fbb58,5,005e5ac0,local,,,,
wiz8--demo--wiz8--8acda50afe39,005fbb58,6,005e5b40,local,,,,
wiz8--demo--wiz8--8acda50afe39,005fbb58,7,005e5b70,local,,,,
wiz8--demo--wiz8--8acda50afe39,005fbb58,8,005e5bf0,local,,,,
wiz8--demo--wiz8--8acda50afe39,005fbb58,9,005e7330,local,,,,
wiz8--demo--wiz8--8acda50afe39,005fbb58,10,005e7120,local,,,,
wiz8--demo--wiz8--8acda50afe39,005fbb58,11,005b5cb0,local,,,,
wiz8--demo--wiz8--8acda50afe39,005fbb58,12,0047f010,local,,,,
wiz8--demo--wiz8--8acda50afe39,005fbb58,13,004f9cb0,local,,,,
wiz8--demo--wiz8--8acda50afe39,005fbba0,0,005e7d10,local,,,,
wiz8--demo--wiz8--8acda50afe39,005fbba0,1,005e7dc0,local,,,,
wiz8--demo--wiz8--8acda50afe39,005fbba0,2,005e7ec0,local,,,,
wiz8--demo--wiz8--8acda50afe39,005fbba0,3,005e7ee0,local,,,,
wiz8--demo--wiz8--8acda50afe39,005fbba0,4,005e00f0,local,,,,
wiz8--demo--wiz8--8acda50afe39,005fbba0,5,005e5ac0,local,,,,
wiz8--demo--wiz8--8acda50afe39,005fbba0,6,005e5b40,local,,,,
wiz8--demo--wiz8--8acda50afe39,005fbba0,7,005e5b70,local,,,,
wiz8--demo--wiz8--8acda50afe39,005fbba0,8,005e5bf0,local,,,,
wiz8--demo--wiz8--8acda50afe39,005fbba0,9,005e5e60,local,,,,
wiz8--demo--wiz8--8acda50afe39,005fbba0,10,004f9cb0,local,,,,
wiz8--demo--wiz8--8acda50afe39,005fbba0,11,005b5cb0,local,,,,
wiz8--demo--wiz8--8acda50afe39,005fbba0,12,005e8d30,local,,,,
wiz8--demo--wiz8--8acda50afe39,005fbba0,13,005e8190,local,,,,
wiz8--demo--wiz8--8acda50afe39,005fbba0,14,005e8130,local,,,,
wiz8--demo--wiz8--8acda50afe39,005fbbdc,0,005e8320,local,,,,
wiz8--demo--wiz8--8acda50afe39,005fbbdc,1,005e7dc0,local,,,,
wiz8--demo--wiz8--8acda50afe39,005fbbdc,2,005e7ec0,local,,,,
wiz8--demo--wiz8--8acda50afe39,005fbbdc,3,005e7ee0,local,,,,
wiz8--demo--wiz8--8acda50afe39,005fbbdc,4,005e00f0,local,,,,
wiz8--demo--wiz8--8acda50afe39,005fbbdc,5,005e5ac0,local,,,,
wiz8--demo--wiz8--8acda50afe39,005fbbdc,6,005e5b40,local,,,,
wiz8--demo--wiz8--8acda50afe39,005fbbdc,7,005e5b70,local,,,,
wiz8--demo--wiz8--8acda50afe39,005fbbdc,8,005e5bf0,local,,,,
wiz8--demo--wiz8--8acda50afe39,005fbbdc,9,005e5e60,local,,,,
wiz8--demo--wiz8--8acda50afe39,005fbbdc,10,004f9cb0,local,,,,
wiz8--demo--wiz8--8acda50afe39,005fbbdc,11,005b5cb0,local,,,,
wiz8--demo--wiz8--8acda50afe39,005fbbdc,12,005e8d30,local,,,,
wiz8--demo--wiz8--8acda50afe39,005fbbdc,13,005e8190,local,,,,
wiz8--demo--wiz8--8acda50afe39,005fbbdc,14,005e83d0,local,,,,
wiz8--demo--wiz8--8acda50afe39,005fbc18,0,005e87c0,local,,,,
wiz8--demo--wiz8--8acda50afe39,005fbc18,1,005e7dc0,local,,,,
wiz8--demo--wiz8--8acda50afe39,005fbc18,2,005e7ec0,local,,,,
wiz8--demo--wiz8--8acda50afe39,005fbc18,3,005e7ee0,local,,,,
wiz8--demo--wiz8--8acda50afe39,005fbc18,4,005e00f0,local,,,,
wiz8--demo--wiz8--8acda50afe39,005fbc18,5,005e5ac0,local,,,,
wiz8--demo--wiz8--8acda50afe39,005fbc18,6,005e5b40,local,,,,
wiz8--demo--wiz8--8acda50afe39,005fbc18,7,005e5b70,local,,,,
wiz8--demo--wiz8--8acda50afe39,005fbc18,8,005e5bf0,local,,,,
wiz8--demo--wiz8--8acda50afe39,005fbc18,9,005e5e60,local,,,,
wiz8--demo--wiz8--8acda50afe39,005fbc18,10,004f9cb0,local,,,,
wiz8--demo--wiz8--8acda50afe39,005fbc18,11,005b5cb0,local,,,,
wiz8--demo--wiz8--8acda50afe39,005fbc18,12,005e8d30,local,,,,
wiz8--demo--wiz8--8acda50afe39,005fbc18,13,005e8190,local,,,,
wiz8--demo--wiz8--8acda50afe39,005fbc18,14,005e8870,local,,,,
wiz8--demo--wiz8--8acda50afe39,005fbc68,0,005e8aa0,local,,,,
wiz8--demo--wiz8--8acda50afe39,005fbc68,1,005e8b50,local,,,,
wiz8--demo--wiz8--8acda50afe39,005fbc68,2,005e8c40,local,,,,
wiz8--demo--wiz8--8acda50afe39,005fbc68,3,005e8c60,local,,,,
wiz8--demo--wiz8--8acda50afe39,005fbc68,4,005e00f0,local,,,,
wiz8--demo--wiz8--8acda50afe39,005fbc68,5,005e5ac0,local,,,,
wiz8--demo--wiz8--8acda50afe39,005fbc68,6,005e5b40,local,,,,
wiz8--demo--wiz8--8acda50afe39,005fbc68,7,005e5b70,local,,,,
wiz8--demo--wiz8--8acda50afe39,005fbc68,8,005e5bf0,local,,,,
wiz8--demo--wiz8--8acda50afe39,005fbc68,9,005e5e60,local,,,,
wiz8--demo--wiz8--8acda50afe39,005fbc68,10,004f9cb0,local,,,,
wiz8--demo--wiz8--8acda50afe39,005fbc68,11,005b5cb0,local,,,,
wiz8--demo--wiz8--8acda50afe39,005fbc68,12,005e8d30,local,,,,
wiz8--demo--wiz8--8acda50afe39,005fbc68,13,005e8d40,local,,,,
wiz8--demo--wiz8--8acda50afe39,005fbc68,14,005e8cc0,local,,,,
wiz8--demo--wiz8--8acda50afe39,005fbc68,15,005e8f50,local,,,,
wiz8--demo--wiz8--8acda50afe39,005fbca8,0,005e8ea0,local,,,,
wiz8--demo--wiz8--8acda50afe39,005fbca8,1,005e8b50,local,,,,
wiz8--demo--wiz8--8acda50afe39,005fbca8,2,005e8c40,local,,,,
wiz8--demo--wiz8--8acda50afe39,005fbca8,3,005e8c60,local,,,,
wiz8--demo--wiz8--8acda50afe39,005fbca8,4,005e00f0,local,,,,
wiz8--demo--wiz8--8acda50afe39,005fbca8,5,005e5ac0,local,,,,
wiz8--demo--wiz8--8acda50afe39,005fbca8,6,005e5b40,local,,,,
wiz8--demo--wiz8--8acda50afe39,005fbca8,7,005e5b70,local,,,,
wiz8--demo--wiz8--8acda50afe39,005fbca8,8,005e5bf0,local,,,,
wiz8--demo--wiz8--8acda50afe39,005fbca8,9,005e5e60,local,,,,
wiz8--demo--wiz8--8acda50afe39,005fbca8,10,004f9cb0,local,,,,
wiz8--demo--wiz8--8acda50afe39,005fbca8,11,005b5cb0,local,,,,
wiz8--demo--wiz8--8acda50afe39,005fbca8,12,005e8d30,local,,,,
wiz8--demo--wiz8--8acda50afe39,005fbca8,13,005e8d40,local,,,,
wiz8--demo--wiz8--8acda50afe39,005fbca8,14,005e8cc0,local,,,,
wiz8--demo--wiz8--8acda50afe39,005fbca8,15,005e8f50,local,,,,
wiz8--demo--wiz8--8acda50afe39,005fbce8,0,005e9090,local,,,,
wiz8--demo--wiz8--8acda50afe39,005fbce8,1,005e8b50,local,,,,
wiz8--demo--wiz8--8acda50afe39,005fbce8,2,005e8c40,local,,,,
wiz8--demo--wiz8--8acda50afe39,005fbce8,3,005e8c60,local,,,,
wiz8--demo--wiz8--8acda50afe39,005fbce8,4,005e00f0,local,,,,
wiz8--demo--wiz8--8acda50afe39,005fbce8,5,005e5ac0,local,,,,
wiz8--demo--wiz8--8acda50afe39,005fbce8,6,005e5b40,local,,,,
wiz8--demo--wiz8--8acda50afe39,005fbce8,7,005e5b70,local,,,,
wiz8--demo--wiz8--8acda50afe39,005fbce8,8,005e5bf0,local,,,,
wiz8--demo--wiz8--8acda50afe39,005fbce8,9,005e5e60,local,,,,
wiz8--demo--wiz8--8acda50afe39,005fbce8,10,004f9cb0,local,,,,
wiz8--demo--wiz8--8acda50afe39,005fbce8,11,005b5cb0,local,,,,
wiz8--demo--wiz8--8acda50afe39,005fbce8,12,005e8d30,local,,,,
wiz8--demo--wiz8--8acda50afe39,005fbce8,13,005e8d40,local,,,,
wiz8--demo--wiz8--8acda50afe39,005fbce8,14,005e8cc0,local,,,,
wiz8--demo--wiz8--8acda50afe39,005fbce8,15,005e9140,local,,,,
wiz8--demo--wiz8--8acda50afe39,005fbd28,0,005e93b0,local,,,,
wiz8--demo--wiz8--8acda50afe39,005fbd28,1,005e8b50,local,,,,
wiz8--demo--wiz8--8acda50afe39,005fbd28,2,005e8c40,local,,,,
wiz8--demo--wiz8--8acda50afe39,005fbd28,3,005e8c60,local,,,,
wiz8--demo--wiz8--8acda50afe39,005fbd28,4,005e00f0,local,,,,
wiz8--demo--wiz8--8acda50afe39,005fbd28,5,005e5ac0,local,,,,
wiz8--demo--wiz8--8acda50afe39,005fbd28,6,005e5b40,local,,,,
wiz8--demo--wiz8--8acda50afe39,005fbd28,7,005e5b70,local,,,,
wiz8--demo--wiz8--8acda50afe39,005fbd28,8,005e5bf0,local,,,,
wiz8--demo--wiz8--8acda50afe39,005fbd28,9,005e5e60,local,,,,
wiz8--demo--wiz8--8acda50afe39,005fbd28,10,004f9cb0,local,,,,
wiz8--demo--wiz8--8acda50afe39,005fbd28,11,005b5cb0,local,,,,
wiz8--demo--wiz8--8acda50afe39,005fbd28,12,005e8d30,local,,,,
wiz8--demo--wiz8--8acda50afe39,005fbd28,13,005e8d40,local,,,,
wiz8--demo--wiz8--8acda50afe39,005fbd28,14,005e8cc0,local,,,,
wiz8--demo--wiz8--8acda50afe39,005fbd28,15,005e8f50,local,,,,
wiz8--demo--wiz8--8acda50afe39,005fbda0,0,005e9590,local,,,,
wiz8--demo--wiz8--8acda50afe39,005fbda0,1,005e9680,local,,,,
wiz8--demo--wiz8--8acda50afe39,005fbda0,2,005e9730,local,,,,
wiz8--demo--wiz8--8acda50afe39,005fbda0,3,005e9950,local,,,,
wiz8--demo--wiz8--8acda50afe39,005fbda0,4,005e9dd0,local,,,,
wiz8--demo--wiz8--8acda50afe39,005fbda0,5,005e5ac0,local,,,,
wiz8--demo--wiz8--8acda50afe39,005fbda0,6,005e5b40,local,,,,
wiz8--demo--wiz8--8acda50afe39,005fbda0,7,005e5b70,local,,,,
wiz8--demo--wiz8--8acda50afe39,005fbda0,8,005e5bf0,local,,,,
wiz8--demo--wiz8--8acda50afe39,005fbda0,9,005e9ac0,local,,,,
wiz8--demo--wiz8--8acda50afe39,005fbda0,10,005e9a00,local,,,,
wiz8--demo--wiz8--8acda50afe39,005fbda0,11,005b5cb0,local,,,,
wiz8--demo--wiz8--8acda50afe39,005fbda0,12,0047f010,local,,,,
wiz8--demo--wiz8--8acda50afe39,005fbda0,13,004f9cb0,local,,,,
wiz8--demo--wiz8--8acda50afe39,005fbe4c,0,005eb0cd,local,,,,
wiz8--demo--wiz8--8acda50afe39,005fbe4c,1,005eb0d7,local,,,,
wiz8--gog-1261--wiz8new--57a3072c2f83,005ebb14,0,0040113e,local,,,,
wiz8--gog-1261--wiz8new--57a3072c2f83,005ebb14,1,00401152,local,,,,
wiz8--gog-1261--wiz8new--57a3072c2f83,005ebcfc,0,004218b0,local,,,,
wiz8--gog-1261--wiz8new--57a3072c2f83,005ebd10,0,00429a50,import-thunk,SR.DLL!?sGetClassName@srColorSurface@@SAPBDXZ,public: static char const * __cdecl srColorSurface::sGetClassName(void),,
wiz8--gog-1261--wiz8new--57a3072c2f83,005ebd10,1,00429a40,local,,,,
wiz8--gog-1261--wiz8new--57a3072c2f83,005ebd10,2,00429a60,local,,,,
wiz8--gog-1261--wiz8new--57a3072c2f83,005ebd10,3,005e20fe,import-thunk,SR.DLL!?dump@srColorSurface@@UAEXAAV?$basic_ostream@DU?$char_traits@D@std@@@std@@@Z,"public: virtual void __thiscall srColorSurface::dump(class std::basic_ostream<char, struct std::char_traits<char>> &)",,
wiz8--gog-1261--wiz8new--57a3072c2f83,005ebd10,4,005e20f8,import-thunk,SR.DLL!?verify@srClass@@UAEXW4e_verify@srRuntimeClass@@@Z,public: virtual void __thiscall srClass::verify(enum srRuntimeClass::e_verify),,
wiz8--gog-1261--wiz8new--57a3072c2f83,005ebd10,5,00423f00,local,,,,
wiz8--gog-1261--wiz8new--57a3072c2f83,005ebd10,6,005e20f2,import-thunk,SR.DLL!?vInstance@srColorSurface@@UAEPAVsrClass@@XZ,public: virtual class srClass * __thiscall srColorSurface::vInstance(void),,
wiz8--gog-1261--wiz8new--57a3072c2f83,005ebd10,7,00429ad0,local,,,,
wiz8--gog-1261--wiz8new--57a3072c2f83,005ebd10,8,005e20ec,import-thunk,SR.DLL!?getPixel@srColorSurfaceIFace@@UAEKJJ@Z,"public: virtual unsigned long __thiscall srColorSurfaceIFace::getPixel(long, long)",,
wiz8--gog-1261--wiz8new--57a3072c2f83,005ebd10,9,005e20e6,import-thunk,SR.DLL!?setPixel@srColorSurfaceIFace@@UAEXJJK@Z,"public: virtual void __thiscall srColorSurfaceIFace::setPixel(long, long, unsigned long)",,
wiz8--gog-1261--wiz8new--57a3072c2f83,005ebd10,10,005e20e0,import-thunk,SR.DLL!?getPixelRaw@srColorSurface@@UAEKJJ@Z,"public: virtual unsigned long __thiscall srColorSurface::getPixelRaw(long, long)",,
wiz8--gog-1261--wiz8new--57a3072c2f83,005ebd10,11,005e20da,import-thunk,SR.DLL!?setPixelRaw@srColorSurface@@UAEXJJK@Z,"public: virtual void __thiscall srColorSurface::setPixelRaw(long, long, unsigned long)",,
wiz8--gog-1261--wiz8new--57a3072c2f83,005ebd10,12,005e20d4,import-thunk,SR.DLL!?getPixels@srColorSurface@@UAEXPAKPBVsrVector2i@@J@Z,"public: virtual void __thiscall srColorSurface::getPixels(unsigned long *, class srVector2i const *, long)",,
wiz8--gog-1261--wiz8new--57a3072c2f83,005ebd10,13,005e20ce,import-thunk,SR.DLL!?setPixels@srColorSurface@@UAEXPBKPBVsrVector2i@@J@Z,"public: virtual void __thiscall srColorSurface::setPixels(unsigned long const *, class srVector2i const *, long)",,
wiz8--gog-1261--wiz8new--57a3072c2f83,005ebd10,14,005e20c8,import-thunk,SR.DLL!?getPixelsRaw@srColorSurface@@UAEXPAXPBVsrVector2i@@J@Z,"public: virtual void __thiscall srColorSurface::getPixelsRaw(void *, class srVector2i const *, long)",,
wiz8--gog-1261--wiz8new--57a3072c2f83,005ebd10,15,005e20c2,import-thunk,SR.DLL!?setPixelsRaw@srColorSurface@@UAEXPBXPBVsrVector2i@@J@Z,"public: virtual void __thiscall srColorSurface::setPixelsRaw(void const *, class srVector2i const *, long)",,
wiz8--gog-1261--wiz8new--57a3072c2f83,005ebd10,16,005e20bc,import-thunk,SR.DLL!?getPixelColumn@srColorSurface@@UAEXPAKJJJ@Z,"public: virtual void __thiscall srColorSurface::getPixelColumn(unsigned long *, long, long, long)",,
wiz8--gog-1261--wiz8new--57a3072c2f83,005ebd10,17,005e20b6,import-thunk,SR.DLL!?setPixelColumn@srColorSurface@@UAEXPBKJJJ@Z,"public: virtual void __thiscall srColorSurface::setPixelColumn(unsigned long const *, long, long, long)",,
wiz8--gog-1261--wiz8new--57a3072c2f83,005ebd10,18,005e20b0,import-thunk,SR.DLL!?getPalette@srColorSurface@@UAEPAVsrPalette@@XZ,public: virtual class srPalette * __thiscall srColorSurface::getPalette(void),,
wiz8--gog-1261--wiz8new--57a3072c2f83,005ebd10,19,005e20aa,import-thunk,SR.DLL!?setPalette@srColorSurface@@UAEXPAVsrPalette@@@Z,public: virtual void __thiscall srColorSurface::setPalette(class srPalette *),,
wiz8--gog-1261--wiz8new--57a3072c2f83,005ebd10,20,005e20a4,import-thunk,SR.DLL!?getDataPtr@srColorSurface@@UAEPAXXZ,public: virtual void * __thiscall srColorSurface::getDataPtr(void),,
wiz8--gog-1261--wiz8new--57a3072c2f83,005ebd10,21,005e209e,import-thunk,SR.DLL!?getDataSize@srColorSurface@@UAEJXZ,public: virtual long __thiscall srColorSurface::getDataSize(void),,
wiz8--gog-1261--wiz8new--57a3072c2f83,005ebd10,22,005e2098,import-thunk,SR.DLL!?resize@srColorSurface@@UAEHJJ@Z,"public: virtual int __thiscall srColorSurface::resize(long, long)",,
wiz8--gog-1261--wiz8new--57a3072c2f83,005ebd10,23,005e2092,import-thunk,SR.DLL!?rescale@srColorSurface@@UAEHJJ@Z,"public: virtual int __thiscall srColorSurface::rescale(long, long)",,
wiz8--gog-1261--wiz8new--57a3072c2f83,005ebd10,24,005e208c,import-thunk,SR.DLL!?changePixelFormat@srColorSurface@@UAEHABUPixelFormat@srPixelConvert@@H@Z,"public: virtual int __thiscall srColorSurface::changePixelFormat(struct srPixelConvert::PixelFormat const &, int)",,
wiz8--gog-1261--wiz8new--57a3072c2f83,005ebd10,25,005e2086,import-thunk,SR.DLL!?fill@srColorSurface@@UAEXK@Z,public: virtual void __thiscall srColorSurface::fill(unsigned long),,
wiz8--gog-1261--wiz8new--57a3072c2f83,005ebd10,26,005e2080,import-thunk,SR.DLL!?setHLine@srColorSurface@@UAEXJJJK@Z,"public: virtual void __thiscall srColorSurface::setHLine(long, long, long, unsigned long)",,
wiz8--gog-1261--wiz8new--57a3072c2f83,005ebd10,27,005e207a,import-thunk,SR.DLL!?setVLine@srColorSurface@@UAEXJJJK@Z,"public: virtual void __thiscall srColorSurface::setVLine(long, long, long, unsigned long)",,
wiz8--gog-1261--wiz8new--57a3072c2f83,005ebd10,28,005e2074,import-thunk,SR.DLL!?setLine@srColorSurfaceIFace@@UAEXJJJJK@Z,"public: virtual void __thiscall srColorSurfaceIFace::setLine(long, long, long, long, unsigned long)",,
wiz8--gog-1261--wiz8new--57a3072c2f83,005ebd10,29,005e206e,import-thunk,SR.DLL!?composite@srColorSurfaceIFace@@UAEXJJAAV1@JJJJN@Z,"public: virtual void __thiscall srColorSurfaceIFace::composite(long, long, class srColorSurfaceIFace &, long, long, long, long, double)",,
wiz8--gog-1261--wiz8new--57a3072c2f83,005ebd10,30,005e2068,import-thunk,SR.DLL!?blit@srColorSurfaceIFace@@UAEXABUBlitInfo@1@AAV1@@Z,"public: virtual void __thiscall srColorSurfaceIFace::blit(struct srColorSurfaceIFace::BlitInfo const &, class srColorSurfaceIFace &)",,
wiz8--gog-1261--wiz8new--57a3072c2f83,005ebd10,31,005e2062,import-thunk,SR.DLL!?blit@srColorSurface@@UAEXJJAAVsrColorSurfaceIFace@@JJJJ@Z,"public: virtual void __thiscall srColorSurface::blit(long, long, class srColorSurfaceIFace &, long, long, long, long)",,
wiz8--gog-1261--wiz8new--57a3072c2f83,005ebd10,32,005e205c,import-thunk,SR.DLL!?copy@srColorSurfaceIFace@@UAEXAAV1@@Z,public: virtual void __thiscall srColorSurfaceIFace::copy(class srColorSurfaceIFace &),,
wiz8--gog-1261--wiz8new--57a3072c2f83,005ebd10,33,005e2056,import-thunk,SR.DLL!?swapPixelRows@srColorSurface@@UAEXJJJJJ@Z,"public: virtual void __thiscall srColorSurface::swapPixelRows(long, long, long, long, long)",,
wiz8--gog-1261--wiz8new--57a3072c2f83,005ebd10,34,005e2050,import-thunk,SR.DLL!?flipRectangle@srColorSurface@@UAEXABURectangle@srColorSurfaceIFace@@@Z,public: virtual void __thiscall srColorSurface::flipRectangle(struct srColorSurfaceIFace::Rectangle const &),,
wiz8--gog-1261--wiz8new--57a3072c2f83,005ebd10,35,005e204a,import-thunk,SR.DLL!?adjust@srColorSurfaceIFace@@UAEXABV?$srVector4T@M@@00@Z,"public: virtual void __thiscall srColorSurfaceIFace::adjust(class srVector4T<float> const &, class srVector4T<float> const &, class srVector4T<float> const &)",,
wiz8--gog-1261--wiz8new--57a3072c2f83,005ebd10,36,005e2044,import-thunk,SR.DLL!?adjustSaturation@srColorSurfaceIFace@@UAEXN@Z,public: virtual void __thiscall srColorSurfaceIFace::adjustSaturation(double),,
wiz8--gog-1261--wiz8new--57a3072c2f83,005ebd10,37,005e203e,import-thunk,SR.DLL!?getChannelStatistics@srColorSurfaceIFace@@UAEXAAVsrStat@@W4e_index@srARGB@@@Z,"public: virtual void __thiscall srColorSurfaceIFace::getChannelStatistics(class srStat &, enum srARGB::e_index)",,
wiz8--gog-1261--wiz8new--57a3072c2f83,005ebd10,38,005e2038,import-thunk,SR.DLL!?remapPixels@srColorSurfaceIFace@@UAEXABVsrARGB@@0@Z,"public: virtual void __thiscall srColorSurfaceIFace::remapPixels(class srARGB const &, class srARGB const &)",,
wiz8--gog-1261--wiz8new--57a3072c2f83,005ebd10,39,005e2032,import-thunk,SR.DLL!?copyColorChannel@srColorSurfaceIFace@@UAEXW4e_index@srARGB@@0@Z,"public: virtual void __thiscall srColorSurfaceIFace::copyColorChannel(enum srARGB::e_index, enum srARGB::e_index)",,
wiz8--gog-1261--wiz8new--57a3072c2f83,005ebd10,40,005e202c,import-thunk,SR.DLL!?flipColorChannels@srColorSurfaceIFace@@UAEXW4e_index@srARGB@@0@Z,"public: virtual void __thiscall srColorSurfaceIFace::flipColorChannels(enum srARGB::e_index, enum srARGB::e_index)",,
wiz8--gog-1261--wiz8new--57a3072c2f83,005ebd10,41,005e2026,import-thunk,SR.DLL!?getPixelRow@srColorSurface@@UAEXPAKJJJ@Z,"public: virtual void __thiscall srColorSurface::getPixelRow(unsigned long *, long, long, long)",,
wiz8--gog-1261--wiz8new--57a3072c2f83,005ebd10,42,005e2020,import-thunk,SR.DLL!?setPixelRow@srColorSurface@@UAEXPBKJJJ@Z,"public: virtual void __thiscall srColorSurface::setPixelRow(unsigned long const *, long, long, long)",,
wiz8--gog-1261--wiz8new--57a3072c2f83,005ebd10,43,005e201a,import-thunk,SR.DLL!?getPixelRowRaw@srColorSurface@@UAEXPAXJJJ@Z,"public: virtual void __thiscall srColorSurface::getPixelRowRaw(void *, long, long, long)",,
wiz8--gog-1261--wiz8new--57a3072c2f83,005ebd10,44,005e2014,import-thunk,SR.DLL!?setPixelRowRaw@srColorSurface@@UAEXPBXJJJ@Z,"public: virtual void __thiscall srColorSurface::setPixelRowRaw(void const *, long, long, long)",,
wiz8--gog-1261--wiz8new--57a3072c2f83,005ebd10,45,005e200e,import-thunk,SR.DLL!?copyNoScaling@srColorSurface@@EAEXAAVsrColorSurfaceIFace@@@Z,private: virtual void __thiscall srColorSurface::copyNoScaling(class srColorSurfaceIFace &),,
wiz8--gog-1261--wiz8new--57a3072c2f83,005ebd10,46,005e2008,import-thunk,SR.DLL!?scaleHorizontal@srColorSurfaceIFace@@MAEXAAV1@@Z,protected: virtual void __thiscall srColorSurfaceIFace::scaleHorizontal(class srColorSurfaceIFace &),,
wiz8--gog-1261--wiz8new--57a3072c2f83,005ebd10,47,005e2002,import-thunk,SR.DLL!?scaleVertical@srColorSurfaceIFace@@MAEXAAV1@@Z,protected: virtual void __thiscall srColorSurfaceIFace::scaleVertical(class srColorSurfaceIFace &),,
wiz8--gog-1261--wiz8new--57a3072c2f83,005ebd10,48,005e1ffc,import-thunk,SR.DLL!?scaleFast@srColorSurface@@EAEXAAVsrColorSurfaceIFace@@@Z,private: virtual void __thiscall srColorSurface::scaleFast(class srColorSurfaceIFace &),,
wiz8--gog-1261--wiz8new--57a3072c2f83,005ebd10,49,005e1ff6,import-thunk,SR.DLL!?scale@srColorSurfaceIFace@@MAEXAAV1@@Z,protected: virtual void __thiscall srColorSurfaceIFace::scale(class srColorSurfaceIFace &),,
wiz8--gog-1261--wiz8new--57a3072c2f83,005ebd10,50,005e1ff0,import-thunk,SR.DLL!?magnify@srColorSurfaceIFace@@MAEXAAV1@@Z,protected: virtual void __thiscall srColorSurfaceIFace::magnify(class srColorSurfaceIFace &),,
wiz8--gog-1261--wiz8new--57a3072c2f83,005ebd10,51,005e1fea,import-thunk,SR.DLL!?minify@srColorSurfaceIFace@@MAEXAAV1@@Z,protected: virtual void __thiscall srColorSurfaceIFace::minify(class srColorSurfaceIFace &),,
wiz8--gog-1261--wiz8new--57a3072c2f83,005ebde0,0,00429cd0,import-thunk,SR.DLL!?sGetClassName@srMaterial@@SAPBDXZ,public: static char const * __cdecl srMaterial::sGetClassName(void),,
wiz8--gog-1261--wiz8new--57a3072c2f83,005ebde0,1,00429cc0,local,,,,
wiz8--gog-1261--wiz8new--57a3072c2f83,005ebde0,2,00429ce0,local,,,,
wiz8--gog-1261--wiz8new--57a3072c2f83,005ebde0,3,005e1fa2,import-thunk,SR.DLL!?dump@srMaterial@@UAEXAAV?$basic_ostream@DU?$char_traits@D@std@@@std@@@Z,"public: virtual void __thiscall srMaterial::dump(class std::basic_ostream<char, struct std::char_traits<char>> &)",,
wiz8--gog-1261--wiz8new--57a3072c2f83,005ebde0,4,005e1f9c,import-thunk,SR.DLL!?verify@srMaterial@@UAEXW4e_verify@srRuntimeClass@@@Z,public: virtual void __thiscall srMaterial::verify(enum srRuntimeClass::e_verify),,
wiz8--gog-1261--wiz8new--57a3072c2f83,005ebde0,5,00423e50,local,,,,
wiz8--gog-1261--wiz8new--57a3072c2f83,005ebde0,6,005e1f96,import-thunk,SR.DLL!?vInstance@srMaterial@@UAEPAVsrClass@@XZ,public: virtual class srClass * __thiscall srMaterial::vInstance(void),,
wiz8--gog-1261--wiz8new--57a3072c2f83,005ebde0,7,00429d50,local,,,,
wiz8--gog-1261--wiz8new--57a3072c2f83,005ebde0,8,005e1f90,import-thunk,SR.DLL!?getMaterialInfo@srMaterial@@UAEXAAUMaterialInfo@srVertexProcessor@@@Z,public: virtual void __thiscall srMaterial::getMaterialInfo(struct srVertexProcessor::MaterialInfo &),,
wiz8--gog-1261--wiz8new--57a3072c2f83,005ebde0,9,005e1f8a,import-thunk,SR.DLL!?preProcess@srMaterial@@UAEXAAVsrVertexPipe@@@Z,public: virtual void __thiscall srMaterial::preProcess(class srVertexPipe &),,
wiz8--gog-1261--wiz8new--57a3072c2f83,005ebde0,10,005e1f84,import-thunk,SR.DLL!?postProcess@srMaterial@@UAEXAAVsrVertexPipe@@@Z,public: virtual void __thiscall srMaterial::postProcess(class srVertexPipe &),,
wiz8--gog-1261--wiz8new--57a3072c2f83,005ebde0,11,005e1f7e,import-thunk,SR.DLL!?updateParms@srMaterial@@MAEXXZ,protected: virtual void __thiscall srMaterial::updateParms(void),,
wiz8--gog-1261--wiz8new--57a3072c2f83,005ebde0,12,005e1f78,import-thunk,SR.DLL!?reset@srMaterial@@MAEXXZ,protected: virtual void __thiscall srMaterial::reset(void),,
wiz8--gog-1261--wiz8new--57a3072c2f83,005ebe14,0,0042a020,local,,,,
wiz8--gog-1261--wiz8new--57a3072c2f83,005ebe14,1,0042a010,local,,,,
wiz8--gog-1261--wiz8new--57a3072c2f83,005ebe14,2,0042a030,local,,,,
wiz8--gog-1261--wiz8new--57a3072c2f83,005ebe14,3,005e1fe4,import-thunk,SR.DLL!?dump@srCamera@@UAEXAAV?$basic_ostream@DU?$char_traits@D@std@@@std@@@Z,"public: virtual void __thiscall srCamera::dump(class std::basic_ostream<char, struct std::char_traits<char>> &)",,
wiz8--gog-1261--wiz8new--57a3072c2f83,005ebe14,4,005e20f8,import-thunk,SR.DLL!?verify@srClass@@UAEXW4e_verify@srRuntimeClass@@@Z,public: virtual void __thiscall srClass::verify(enum srRuntimeClass::e_verify),,
wiz8--gog-1261--wiz8new--57a3072c2f83,005ebe14,5,00423e80,local,,,,
wiz8--gog-1261--wiz8new--57a3072c2f83,005ebe14,6,005e1fde,import-thunk,SR.DLL!?vInstance@srCamera@@UAEPAVsrClass@@XZ,public: virtual class srClass * __thiscall srCamera::vInstance(void),,
wiz8--gog-1261--wiz8new--57a3072c2f83,005ebe14,7,0042a0a0,local,,,,
wiz8--gog-1261--wiz8new--57a3072c2f83,005ebe14,8,005e1fd8,import-thunk,SR.DLL!?traverse@srNode@@UAEXAAVTraverseInfo@1@@Z,public: virtual void __thiscall srNode::traverse(class srNode::TraverseInfo &),,
wiz8--gog-1261--wiz8new--57a3072c2f83,005ebe14,9,005e1fd2,import-thunk,SR.DLL!?process@srCamera@@UAEXABUProcessInfo@srNode@@W4e_processType@3@@Z,"public: virtual void __thiscall srCamera::process(struct srNode::ProcessInfo const &, enum srNode::e_processType)",,
wiz8--gog-1261--wiz8new--57a3072c2f83,005ebe14,10,005e1fcc,import-thunk,SR.DLL!?getLocalBounds@srNode@@UAEXAAUBoundInfo@1@@Z,public: virtual void __thiscall srNode::getLocalBounds(struct srNode::BoundInfo &),,
wiz8--gog-1261--wiz8new--57a3072c2f83,005ebe14,11,005e1fc6,import-thunk,SR.DLL!?updateBounds@srNode@@UAEXXZ,public: virtual void __thiscall srNode::updateBounds(void),,
wiz8--gog-1261--wiz8new--57a3072c2f83,005ebe14,12,005e1fc0,import-thunk,SR.DLL!?processSignal@srNode@@MAEHKPAX@Z,"protected: virtual int __thiscall srNode::processSignal(unsigned long, void *)",,
wiz8--gog-1261--wiz8new--57a3072c2f83,005ebe48,0,0042a0d0,local,,,,
wiz8--gog-1261--wiz8new--57a3072c2f83,005ebe48,1,0042a0c0,local,,,,
wiz8--gog-1261--wiz8new--57a3072c2f83,005ebe48,2,0042a0e0,local,,,,
wiz8--gog-1261--wiz8new--57a3072c2f83,005ebe48,3,005e1fba,import-thunk,SR.DLL!?dump@srScene@@UAEXAAV?$basic_ostream@DU?$char_traits@D@std@@@std@@@Z,"public: virtual void __thiscall srScene::dump(class std::basic_ostream<char, struct std::char_traits<char>> &)",,
wiz8--gog-1261--wiz8new--57a3072c2f83,005ebe48,4,005e20f8,import-thunk,SR.DLL!?verify@srClass@@UAEXW4e_verify@srRuntimeClass@@@Z,public: virtual void __thiscall srClass::verify(enum srRuntimeClass::e_verify),,
wiz8--gog-1261--wiz8new--57a3072c2f83,005ebe48,5,00423eb0,local,,,,
wiz8--gog-1261--wiz8new--57a3072c2f83,005ebe48,6,005e1fb4,import-thunk,SR.DLL!?vInstance@srScene@@UAEPAVsrClass@@XZ,public: virtual class srClass * __thiscall srScene::vInstance(void),,
wiz8--gog-1261--wiz8new--57a3072c2f83,005ebe48,7,0042a150,local,,,,
wiz8--gog-1261--wiz8new--57a3072c2f83,005ebe48,8,005e1fae,import-thunk,SR.DLL!?traverse@srScene@@UAEXAAVTraverseInfo@srNode@@@Z,public: virtual void __thiscall srScene::traverse(class srNode::TraverseInfo &),,
wiz8--gog-1261--wiz8new--57a3072c2f83,005ebe48,9,005e1fa8,import-thunk,SR.DLL!?process@srScene@@UAEXABUProcessInfo@srNode@@W4e_processType@3@@Z,"public: virtual void __thiscall srScene::process(struct srNode::ProcessInfo const &, enum srNode::e_processType)",,
wiz8--gog-1261--wiz8new--57a3072c2f83,005ebe48,10,005e1fcc,import-thunk,SR.DLL!?getLocalBounds@srNode@@UAEXAAUBoundInfo@1@@Z,public: virtual void __thiscall srNode::getLocalBounds(struct srNode::BoundInfo &),,
wiz8--gog-1261--wiz8new--57a3072c2f83,005ebe48,11,005e1fc6,import-thunk,SR.DLL!?updateBounds@srNode@@UAEXXZ,public: virtual void __thiscall srNode::updateBounds(void),,
wiz8--gog-1261--wiz8new--57a3072c2f83,005ebe48,12,005e1fc0,import-thunk,SR.DLL!?processSignal@srNode@@MAEHKPAX@Z,"protected: virtual int __thiscall srNode::processSignal(unsigned long, void *)",,
wiz8--gog-1261--wiz8new--57a3072c2f83,005ebe7c,0,00423ee0,local,,,,
wiz8--gog-1261--wiz8new--57a3072c2f83,005ebe98,0,00429b40,local,,,,
wiz8--gog-1261--wiz8new--57a3072c2f83,005ebe98,1,00429b30,local,,,,
wiz8--gog-1261--wiz8new--57a3072c2f83,005ebe98,2,00429b50,local,,,,
wiz8--gog-1261--wiz8new--57a3072c2f83,005ebe98,3,005e215e,import-thunk,SR.DLL!?dump@srMeshModel@@UAEXAAV?$basic_ostream@DU?$char_traits@D@std@@@std@@@Z,"public: virtual void __thiscall srMeshModel::dump(class std::basic_ostream<char, struct std::char_traits<char>> &)",,
wiz8--gog-1261--wiz8new--57a3072c2f83,005ebe98,4,005e2158,import-thunk,SR.DLL!?verify@srMeshModel@@UAEXW4e_verify@srRuntimeClass@@@Z,public: virtual void __thiscall srMeshModel::verify(enum srRuntimeClass::e_verify),,
wiz8--gog-1261--wiz8new--57a3072c2f83,005ebe98,5,00424a50,local,,,,
wiz8--gog-1261--wiz8new--57a3072c2f83,005ebe98,6,005e2152,import-thunk,SR.DLL!?vInstance@srMeshModel@@UAEPAVsrClass@@XZ,public: virtual class srClass * __thiscall srMeshModel::vInstance(void),,
wiz8--gog-1261--wiz8new--57a3072c2f83,005ebe98,7,00429bc0,local,,,,
wiz8--gog-1261--wiz8new--57a3072c2f83,005ebe98,8,005e214c,import-thunk,SR.DLL!?getBoundingSphere@srMeshModel@@UAEHAAV?$srVector3T@M@@AAM@Z,"public: virtual int __thiscall srMeshModel::getBoundingSphere(class srVector3T<float> &, float &)",,
wiz8--gog-1261--wiz8new--57a3072c2f83,005ebe98,9,005e2146,import-thunk,SR.DLL!?getBoundingBox@srMeshModel@@UAEHAAV?$srVector3T@M@@0@Z,"public: virtual int __thiscall srMeshModel::getBoundingBox(class srVector3T<float> &, class srVector3T<float> &)",,
wiz8--gog-1261--wiz8new--57a3072c2f83,005ebe98,10,005e2140,import-thunk,SR.DLL!?render@srMeshModel@@UAEXAAVsrGERD@@@Z,public: virtual void __thiscall srMeshModel::render(class srGERD &),,
wiz8--gog-1261--wiz8new--57a3072c2f83,005ebe98,11,005e213a,import-thunk,SR.DLL!?updateAllClients@srModel@@UAEXW4e_update@Client@1@@Z,public: virtual void __thiscall srModel::updateAllClients(enum srModel::Client::e_update),,
wiz8--gog-1261--wiz8new--57a3072c2f83,005ebe98,12,005e2134,import-thunk,SR.DLL!?reindexPolygons@srMeshModel@@UAEXPBK@Z,public: virtual void __thiscall srMeshModel::reindexPolygons(unsigned long const *),,
wiz8--gog-1261--wiz8new--57a3072c2f83,005ebe98,13,005e212e,import-thunk,SR.DLL!?reindexVertices@srMeshModel@@UAEXPBK@Z,public: virtual void __thiscall srMeshModel::reindexVertices(unsigned long const *),,
wiz8--gog-1261--wiz8new--57a3072c2f83,005ebe98,14,005e2128,import-thunk,SR.DLL!?getTriMesh@srMeshModel@@UAEABUTriMesh@1@XZ,public: virtual struct srMeshModel::TriMesh const & __thiscall srMeshModel::getTriMesh(void),,
wiz8--gog-1261--wiz8new--57a3072c2f83,005ebe98,15,005e2122,import-thunk,SR.DLL!?getTriMesh@srMeshModel@@UAEXAAUTriMesh@1@@Z,public: virtual void __thiscall srMeshModel::getTriMesh(struct srMeshModel::TriMesh &),,
wiz8--gog-1261--wiz8new--57a3072c2f83,005ebe98,16,005e211c,import-thunk,SR.DLL!?renderTriMesh@srMeshModel@@UAEXAAVsrGERD@@ABUTriMesh@1@@Z,"public: virtual void __thiscall srMeshModel::renderTriMesh(class srGERD &, struct srMeshModel::TriMesh const &)",,
wiz8--gog-1261--wiz8new--57a3072c2f83,005ebe98,17,005e2116,import-thunk,SR.DLL!?updateTriMesh@srMeshModel@@MAEXXZ,protected: virtual void __thiscall srMeshModel::updateTriMesh(void),,
wiz8--gog-1261--wiz8new--57a3072c2f83,005ebe98,18,005e2110,import-thunk,SR.DLL!?calculateBounds@srMeshModel@@MAEXXZ,protected: virtual void __thiscall srMeshModel::calculateBounds(void),,
wiz8--gog-1261--wiz8new--57a3072c2f83,005ebe98,19,005e210a,import-thunk,SR.DLL!?calculatePolygonNormals@srMeshModel@@MAEXXZ,protected: virtual void __thiscall srMeshModel::calculatePolygonNormals(void),,
wiz8--gog-1261--wiz8new--57a3072c2f83,005ebe98,20,005e2104,import-thunk,SR.DLL!?calculateVertexNormals@srMeshModel@@MAEXXZ,protected: virtual void __thiscall srMeshModel::calculateVertexNormals(void),,
wiz8--gog-1261--wiz8new--57a3072c2f83,005ebeec,0,00429bf0,local,,,,
wiz8--gog-1261--wiz8new--57a3072c2f83,005ebeec,1,00429be0,local,,,,
wiz8--gog-1261--wiz8new--57a3072c2f83,005ebeec,2,00429c00,local,,,,
wiz8--gog-1261--wiz8new--57a3072c2f83,005ebeec,3,005e21a0,import-thunk,SR.DLL!?dump@srTextureMap@@UAEXAAV?$basic_ostream@DU?$char_traits@D@std@@@std@@@Z,"public: virtual void __thiscall srTextureMap::dump(class std::basic_ostream<char, struct std::char_traits<char>> &)",,
wiz8--gog-1261--wiz8new--57a3072c2f83,005ebeec,4,005e20f8,import-thunk,SR.DLL!?verify@srClass@@UAEXW4e_verify@srRuntimeClass@@@Z,public: virtual void __thiscall srClass::verify(enum srRuntimeClass::e_verify),,
wiz8--gog-1261--wiz8new--57a3072c2f83,005ebeec,5,00424b70,local,,,,
wiz8--gog-1261--wiz8new--57a3072c2f83,005ebeec,6,005e219a,import-thunk,SR.DLL!?vInstance@srTextureMap@@UAEPAVsrClass@@XZ,public: virtual class srClass * __thiscall srTextureMap::vInstance(void),,
wiz8--gog-1261--wiz8new--57a3072c2f83,005ebeec,7,00429ca0,local,,,,
wiz8--gog-1261--wiz8new--57a3072c2f83,005ebeec,8,005e2194,import-thunk,SR.DLL!?getTextureFrameHandle@srTextureMap@@UAEKXZ,public: virtual unsigned long __thiscall srTextureMap::getTextureFrameHandle(void),,
wiz8--gog-1261--wiz8new--57a3072c2f83,005ebeec,9,005e218e,import-thunk,SR.DLL!?getPriority@srTexture@@UAEMXZ,public: virtual float __thiscall srTexture::getPriority(void),,
wiz8--gog-1261--wiz8new--57a3072c2f83,005ebeec,10,005e2188,import-thunk,SR.DLL!?getDimensions@srTexture@@UAEXAAUDimensions@srTextureIFace@@@Z,public: virtual void __thiscall srTexture::getDimensions(struct srTextureIFace::Dimensions &),,
wiz8--gog-1261--wiz8new--57a3072c2f83,005ebeec,11,005e2182,import-thunk,SR.DLL!?getMipmapData@srTextureMap@@UAEXAAUMultiRequest@srTextureIFace@@@Z,public: virtual void __thiscall srTextureMap::getMipmapData(struct srTextureIFace::MultiRequest &),,
wiz8--gog-1261--wiz8new--57a3072c2f83,005ebeec,12,005e217c,import-thunk,SR.DLL!?getMipmapLevelPartial@srTexture@@UAEXAAUPartialRequest@srTextureIFace@@@Z,public: virtual void __thiscall srTexture::getMipmapLevelPartial(struct srTextureIFace::PartialRequest &),,
wiz8--gog-1261--wiz8new--57a3072c2f83,005ebeec,13,005e2176,import-thunk,SR.DLL!?getTextureParms@srTexture@@UAEXAAUParameters@srTextureIFace@@@Z,public: virtual void __thiscall srTexture::getTextureParms(struct srTextureIFace::Parameters &),,
wiz8--gog-1261--wiz8new--57a3072c2f83,005ebeec,14,005e2170,import-thunk,SR.DLL!?getTextureName@srTextureIFace@@UAEPBDXZ,public: virtual char const * __thiscall srTextureIFace::getTextureName(void),,
wiz8--gog-1261--wiz8new--57a3072c2f83,005ebeec,15,005e216a,import-thunk,SR.DLL!?invalidate@srTextureMap@@UAEXXZ,public: virtual void __thiscall srTextureMap::invalidate(void),,
wiz8--gog-1261--wiz8new--57a3072c2f83,005ebeec,16,005e2164,import-thunk,SR.DLL!?setupDefaultValues@srTextureMap@@MAEXXZ,protected: virtual void __thiscall srTextureMap::setupDefaultValues(void),,
wiz8--gog-1261--wiz8new--57a3072c2f83,005ebf68,0,00429cd0,import-thunk,SR.DLL!?sGetClassName@srMaterial@@SAPBDXZ,public: static char const * __cdecl srMaterial::sGetClassName(void),,
wiz8--gog-1261--wiz8new--57a3072c2f83,005ebf68,1,00429cc0,local,,,,
wiz8--gog-1261--wiz8new--57a3072c2f83,005ebf68,2,00429ce0,local,,,,
wiz8--gog-1261--wiz8new--57a3072c2f83,005ebf68,3,005e21a6,import-thunk,SR.DLL!?dump@srClass@@UAEXAAV?$basic_ostream@DU?$char_traits@D@std@@@std@@@Z,"public: virtual void __thiscall srClass::dump(class std::basic_ostream<char, struct std::char_traits<char>> &)",,
wiz8--gog-1261--wiz8new--57a3072c2f83,005ebf68,4,005e20f8,import-thunk,SR.DLL!?verify@srClass@@UAEXW4e_verify@srRuntimeClass@@@Z,public: virtual void __thiscall srClass::verify(enum srRuntimeClass::e_verify),,
wiz8--gog-1261--wiz8new--57a3072c2f83,005ebf68,5,0042a230,local,,,,
wiz8--gog-1261--wiz8new--57a3072c2f83,005ebf68,6,005e1d9a,pure-virtual,,,,
wiz8--gog-1261--wiz8new--57a3072c2f83,005ebf68,7,00429d50,local,,,,
wiz8--gog-1261--wiz8new--57a3072c2f83,005ebf68,8,005e1d9a,pure-virtual,,,,
wiz8--gog-1261--wiz8new--57a3072c2f83,005ebf68,9,005e1d9a,pure-virtual,,,,
wiz8--gog-1261--wiz8new--57a3072c2f83,005ebf68,10,005e1d9a,pure-virtual,,,,
wiz8--gog-1261--wiz8new--57a3072c2f83,005ebf94,0,00429e90,import-thunk,SR.DLL!?sGetClassName@srMaterialIFace@@SAPBDXZ,public: static char const * __cdecl srMaterialIFace::sGetClassName(void),,
wiz8--gog-1261--wiz8new--57a3072c2f83,005ebf94,1,00429e80,local,,,,
wiz8--gog-1261--wiz8new--57a3072c2f83,005ebf94,2,00429ea0,local,,,,
wiz8--gog-1261--wiz8new--57a3072c2f83,005ebf94,3,005e21a6,import-thunk,SR.DLL!?dump@srClass@@UAEXAAV?$basic_ostream@DU?$char_traits@D@std@@@std@@@Z,"public: virtual void __thiscall srClass::dump(class std::basic_ostream<char, struct std::char_traits<char>> &)",,
wiz8--gog-1261--wiz8new--57a3072c2f83,005ebf94,4,005e20f8,import-thunk,SR.DLL!?verify@srClass@@UAEXW4e_verify@srRuntimeClass@@@Z,public: virtual void __thiscall srClass::verify(enum srRuntimeClass::e_verify),,
wiz8--gog-1261--wiz8new--57a3072c2f83,005ebf94,5,0042a170,local,,,,
wiz8--gog-1261--wiz8new--57a3072c2f83,005ebf94,6,005e1d9a,pure-virtual,,,,
wiz8--gog-1261--wiz8new--57a3072c2f83,005ebf94,7,00429ee0,local,,,,
wiz8--gog-1261--wiz8new--57a3072c2f83,005ebfb4,0,0042a310,local,,,,
wiz8--gog-1261--wiz8new--57a3072c2f83,005ebfb8,0,0042a2e0,local,,,,
wiz8--gog-1261--wiz8new--57a3072c2f83,005ebfd0,0,0042b890,local,,,,
wiz8--gog-1261--wiz8new--57a3072c2f83,005ebfd0,1,004d6190,local,,,,
wiz8--gog-1261--wiz8new--57a3072c2f83,005ebfd0,2,005b1be0,local,,,,
wiz8--gog-1261--wiz8new--57a3072c2f83,005ebfe0,0,0042bb70,local,,,,
wiz8--gog-1261--wiz8new--57a3072c2f83,005ebfe4,0,0042bba0,local,,,,
wiz8--gog-1261--wiz8new--57a3072c2f83,005ebfe8,0,0042bbd0,local,,,,
wiz8--gog-1261--wiz8new--57a3072c2f83,005ebfec,0,0042bb40,local,,,,
wiz8--gog-1261--wiz8new--57a3072c2f83,005ec004,0,00438f40,local,,,,
wiz8--gog-1261--wiz8new--57a3072c2f83,005ec018,0,00438f70,local,,,,
wiz8--gog-1261--wiz8new--57a3072c2f83,005ec078,0,004397d0,local,,,,
wiz8--gog-1261--wiz8new--57a3072c2f83,005ec078,1,005e21e2,import-thunk,SR.DLL!?getAscTime@srTimer@@UAEPADPADW4e_timerReadControl@1@@Z,"public: virtual char * __thiscall srTimer::getAscTime(char *, enum srTimer::e_timerReadControl)",,
wiz8--gog-1261--wiz8new--57a3072c2f83,005ec078,2,005e21dc,import-thunk,SR.DLL!?pause@srTimer@@UAEHXZ,public: virtual int __thiscall srTimer::pause(void),,
wiz8--gog-1261--wiz8new--57a3072c2f83,005ec078,3,005e21d6,import-thunk,SR.DLL!?resume@srTimer@@UAEKXZ,public: virtual unsigned long __thiscall srTimer::resume(void),,
wiz8--gog-1261--wiz8new--57a3072c2f83,005ec078,4,005e21d0,import-thunk,SR.DLL!?reset@srTimer@@UAEHHHH@Z,"public: virtual int __thiscall srTimer::reset(int, int, int)",,
wiz8--gog-1261--wiz8new--57a3072c2f83,005ec078,5,005e21ca,import-thunk,SR.DLL!?getMsTime@srTimer@@UAEKW4e_timerReadControl@1@@Z,public: virtual unsigned long __thiscall srTimer::getMsTime(enum srTimer::e_timerReadControl),,
wiz8--gog-1261--wiz8new--57a3072c2f83,005ec078,6,005e21c4,import-thunk,SR.DLL!?getTime@srTimer@@UAENW4e_timerReadControl@1@@Z,public: virtual double __thiscall srTimer::getTime(enum srTimer::e_timerReadControl),,
wiz8--gog-1261--wiz8new--57a3072c2f83,005ec078,7,005e21be,import-thunk,SR.DLL!?getUTime@srTimer@@UAEKAAVsrQuadWord@@W4e_timerReadControl@1@@Z,"public: virtual unsigned long __thiscall srTimer::getUTime(class srQuadWord &, enum srTimer::e_timerReadControl)",,
wiz8--gog-1261--wiz8new--57a3072c2f83,005ec078,8,005e21b8,import-thunk,SR.DLL!?getUTime@srTimer@@UAEKW4e_timerReadControl@1@@Z,public: virtual unsigned long __thiscall srTimer::getUTime(enum srTimer::e_timerReadControl),,
wiz8--gog-1261--wiz8new--57a3072c2f83,005ec078,9,005e21b2,import-thunk,SR.DLL!?getRawTime@srTimer@@UAEKAAVsrQuadWord@@W4e_timerReadControl@1@@Z,"public: virtual unsigned long __thiscall srTimer::getRawTime(class srQuadWord &, enum srTimer::e_timerReadControl)",,
wiz8--gog-1261--wiz8new--57a3072c2f83,005ec078,10,005e21ac,import-thunk,SR.DLL!?getRawTime@srTimer@@UAEKW4e_timerReadControl@1@@Z,public: virtual unsigned long __thiscall srTimer::getRawTime(enum srTimer::e_timerReadControl),,
wiz8--gog-1261--wiz8new--57a3072c2f83,005ec0a4,0,00439750,local,,,,
wiz8--gog-1261--wiz8new--57a3072c2f83,005ec0ac,0,0043ac40,local,,,,
wiz8--gog-1261--wiz8new--57a3072c2f83,005ec0e0,0,00446130,local,,,,
wiz8--gog-1261--wiz8new--57a3072c2f83,005ec0e4,0,00445ae0,local,,,,
wiz8--gog-1261--wiz8new--57a3072c2f83,005ec0e4,1,00445ad0,local,,,,
wiz8--gog-1261--wiz8new--57a3072c2f83,005ec0e4,2,00445f30,local,,,,
wiz8--gog-1261--wiz8new--57a3072c2f83,005ec0e4,3,005e21a6,import-thunk,SR.DLL!?dump@srClass@@UAEXAAV?$basic_ostream@DU?$char_traits@D@std@@@std@@@Z,"public: virtual void __thiscall srClass::dump(class std::basic_ostream<char, struct std::char_traits<char>> &)",,
wiz8--gog-1261--wiz8new--57a3072c2f83,005ec0e4,4,005e20f8,import-thunk,SR.DLL!?verify@srClass@@UAEXW4e_verify@srRuntimeClass@@@Z,public: virtual void __thiscall srClass::verify(enum srRuntimeClass::e_verify),,
wiz8--gog-1261--wiz8new--57a3072c2f83,005ec0e4,5,0043bc70,local,,,,
wiz8--gog-1261--wiz8new--57a3072c2f83,005ec0e4,6,0043bc10,local,,,,
wiz8--gog-1261--wiz8new--57a3072c2f83,005ec0e4,7,00445af0,local,,,,
wiz8--gog-1261--wiz8new--57a3072c2f83,005ec104,0,00445ae0,local,,,,
wiz8--gog-1261--wiz8new--57a3072c2f83,005ec104,1,00445ad0,local,,,,
wiz8--gog-1261--wiz8new--57a3072c2f83,005ec104,2,00445f30,local,,,,
wiz8--gog-1261--wiz8new--57a3072c2f83,005ec104,3,005e21a6,import-thunk,SR.DLL!?dump@srClass@@UAEXAAV?$basic_ostream@DU?$char_traits@D@std@@@std@@@Z,"public: virtual void __thiscall srClass::dump(class std::basic_ostream<char, struct std::char_traits<char>> &)",,
wiz8--gog-1261--wiz8new--57a3072c2f83,005ec104,4,005e20f8,import-thunk,SR.DLL!?verify@srClass@@UAEXW4e_verify@srRuntimeClass@@@Z,public: virtual void __thiscall srClass::verify(enum srRuntimeClass::e_verify),,
wiz8--gog-1261--wiz8new--57a3072c2f83,005ec104,5,00445e90,local,,,,
wiz8--gog-1261--wiz8new--57a3072c2f83,005ec104,6,005e1d9a,pure-virtual,,,,
wiz8--gog-1261--wiz8new--57a3072c2f83,005ec104,7,00445af0,local,,,,
wiz8--gog-1261--wiz8new--57a3072c2f83,005ec12c,0,00440980,local,,,,
wiz8--gog-1261--wiz8new--57a3072c2f83,005ec12c,1,00444a00,local,,,,
wiz8--gog-1261--wiz8new--57a3072c2f83,005ec134,0,00445ec0,local,,,,
wiz8--gog-1261--wiz8new--57a3072c2f83,005ec138,0,0043c7f0,local,,,,
wiz8--gog-1261--wiz8new--57a3072c2f83,005ec140,0,00440980,local,,,,
wiz8--gog-1261--wiz8new--57a3072c2f83,005ec140,1,00444ec0,local,,,,
wiz8--gog-1261--wiz8new--57a3072c2f83,005ec148,0,00445ec0,local,,,,
wiz8--gog-1261--wiz8new--57a3072c2f83,005ec158,0,00443730,local,,,,
wiz8--gog-1261--wiz8new--57a3072c2f83,005ec15c,0,004461e0,local,,,,
wiz8--gog-1261--wiz8new--57a3072c2f83,005ec160,0,004461b0,local,,,,
wiz8--gog-1261--wiz8new--57a3072c2f83,005ec164,0,00446190,local,,,,
wiz8--gog-1261--wiz8new--57a3072c2f83,005ec168,0,00446160,local,,,,
wiz8--gog-1261--wiz8new--57a3072c2f83,005ec16c,0,00446230,local,,,,
wiz8--gog-1261--wiz8new--57a3072c2f83,005ec170,0,00446200,local,,,,
wiz8--gog-1261--wiz8new--57a3072c2f83,005ec1c8,0,0044acf0,local,,,,
wiz8--gog-1261--wiz8new--57a3072c2f83,005ec1c8,1,0044ef80,local,,,,
wiz8--gog-1261--wiz8new--57a3072c2f83,005ec1d0,0,0044ef60,local,,,,
wiz8--gog-1261--wiz8new--57a3072c2f83,005ec1d4,0,0044ef30,local,,,,
wiz8--gog-1261--wiz8new--57a3072c2f83,005ec1d8,0,0044ee50,local,,,,
wiz8--gog-1261--wiz8new--57a3072c2f83,005ec1d8,1,0044edf0,local,,,,
wiz8--gog-1261--wiz8new--57a3072c2f83,005ec1e0,0,0044bea0,local,,,,
wiz8--gog-1261--wiz8new--57a3072c2f83,005ec208,0,004519e0,import-thunk,SR.DLL!?sGetClassName@srNode@@SAPBDXZ,public: static char const * __cdecl srNode::sGetClassName(void),,
wiz8--gog-1261--wiz8new--57a3072c2f83,005ec208,1,004519d0,local,,,,
wiz8--gog-1261--wiz8new--57a3072c2f83,005ec208,2,00445ef0,local,,,,
wiz8--gog-1261--wiz8new--57a3072c2f83,005ec208,3,005e21f4,import-thunk,SR.DLL!?dump@srNode@@UAEXAAV?$basic_ostream@DU?$char_traits@D@std@@@std@@@Z,"public: virtual void __thiscall srNode::dump(class std::basic_ostream<char, struct std::char_traits<char>> &)",,
wiz8--gog-1261--wiz8new--57a3072c2f83,005ec208,4,005e20f8,import-thunk,SR.DLL!?verify@srClass@@UAEXW4e_verify@srRuntimeClass@@@Z,public: virtual void __thiscall srClass::verify(enum srRuntimeClass::e_verify),,
wiz8--gog-1261--wiz8new--57a3072c2f83,005ec208,5,0044f3d0,local,,,,
wiz8--gog-1261--wiz8new--57a3072c2f83,005ec208,6,005e21ee,import-thunk,SR.DLL!?vInstance@srNode@@UAEPAVsrClass@@XZ,public: virtual class srClass * __thiscall srNode::vInstance(void),,
wiz8--gog-1261--wiz8new--57a3072c2f83,005ec208,7,004519f0,local,,,,
wiz8--gog-1261--wiz8new--57a3072c2f83,005ec208,8,005e1fd8,import-thunk,SR.DLL!?traverse@srNode@@UAEXAAVTraverseInfo@1@@Z,public: virtual void __thiscall srNode::traverse(class srNode::TraverseInfo &),,
wiz8--gog-1261--wiz8new--57a3072c2f83,005ec208,9,005e21e8,import-thunk,SR.DLL!?process@srNode@@UAEXABUProcessInfo@1@W4e_processType@1@@Z,"public: virtual void __thiscall srNode::process(struct srNode::ProcessInfo const &, enum srNode::e_processType)",,
wiz8--gog-1261--wiz8new--57a3072c2f83,005ec208,10,005e1fcc,import-thunk,SR.DLL!?getLocalBounds@srNode@@UAEXAAUBoundInfo@1@@Z,public: virtual void __thiscall srNode::getLocalBounds(struct srNode::BoundInfo &),,
wiz8--gog-1261--wiz8new--57a3072c2f83,005ec208,11,005e1fc6,import-thunk,SR.DLL!?updateBounds@srNode@@UAEXXZ,public: virtual void __thiscall srNode::updateBounds(void),,
wiz8--gog-1261--wiz8new--57a3072c2f83,005ec208,12,005e1fc0,import-thunk,SR.DLL!?processSignal@srNode@@MAEHKPAX@Z,"protected: virtual int __thiscall srNode::processSignal(unsigned long, void *)",,
wiz8--gog-1261--wiz8new--57a3072c2f83,005ec264,0,00451ca0,local,,,,
wiz8--gog-1261--wiz8new--57a3072c2f83,005ec268,0,00451c70,local,,,,
wiz8--gog-1261--wiz8new--57a3072c2f83,005ec26c,0,00451c30,local,,,,
wiz8--gog-1261--wiz8new--57a3072c2f83,005ec270,0,00451c00,local,,,,
wiz8--gog-1261--wiz8new--57a3072c2f83,005ec274,0,00451bc0,local,,,,
wiz8--gog-1261--wiz8new--57a3072c2f83,005ec278,0,00451b90,local,,,,
wiz8--gog-1261--wiz8new--57a3072c2f83,005ec27c,0,00451b00,local,,,,
wiz8--gog-1261--wiz8new--57a3072c2f83,005ec280,0,00451ac0,local,,,,
wiz8--gog-1261--wiz8new--57a3072c2f83,005ec284,0,00451df0,local,,,,
wiz8--gog-1261--wiz8new--57a3072c2f83,005ec288,0,00451dc0,local,,,,
wiz8--gog-1261--wiz8new--57a3072c2f83,005ec28c,0,00451d80,local,,,,
wiz8--gog-1261--wiz8new--57a3072c2f83,005ec290,0,00451d50,local,,,,
wiz8--gog-1261--wiz8new--57a3072c2f83,005ec294,0,00451d10,local,,,,
wiz8--gog-1261--wiz8new--57a3072c2f83,005ec298,0,00451ce0,local,,,,
wiz8--gog-1261--wiz8new--57a3072c2f83,005ec2b8,0,00451b70,local,,,,
wiz8--gog-1261--wiz8new--57a3072c2f83,005ec2bc,0,00451b40,local,,,,
wiz8--gog-1261--wiz8new--57a3072c2f83,005ec2d0,0,00452100,local,,,,
wiz8--gog-1261--wiz8new--57a3072c2f83,005ec2d0,1,004538b0,local,,,,
wiz8--gog-1261--wiz8new--57a3072c2f83,005ec2d0,2,004538c0,local,,,,
wiz8--gog-1261--wiz8new--57a3072c2f83,005ec2d0,3,004a7140,local,,,,
wiz8--gog-1261--wiz8new--57a3072c2f83,005ec2d0,4,00456020,local,,,,
wiz8--gog-1261--wiz8new--57a3072c2f83,005ec324,0,004561f0,local,,,,
wiz8--gog-1261--wiz8new--57a3072c2f83,005ec328,0,004561c0,local,,,,
wiz8--gog-1261--wiz8new--57a3072c2f83,005ec3f0,0,0046cc80,local,,,,
wiz8--gog-1261--wiz8new--57a3072c2f83,005ec3f4,0,0046cc50,local,,,,
wiz8--gog-1261--wiz8new--57a3072c2f83,005ec454,0,004741f0,local,,,,
wiz8--gog-1261--wiz8new--57a3072c2f83,005ec454,1,004741e0,local,,,,
wiz8--gog-1261--wiz8new--57a3072c2f83,005ec454,2,00474820,local,,,,
wiz8--gog-1261--wiz8new--57a3072c2f83,005ec454,3,005e215e,import-thunk,SR.DLL!?dump@srMeshModel@@UAEXAAV?$basic_ostream@DU?$char_traits@D@std@@@std@@@Z,"public: virtual void __thiscall srMeshModel::dump(class std::basic_ostream<char, struct std::char_traits<char>> &)",,
wiz8--gog-1261--wiz8new--57a3072c2f83,005ec454,4,005e2158,import-thunk,SR.DLL!?verify@srMeshModel@@UAEXW4e_verify@srRuntimeClass@@@Z,public: virtual void __thiscall srMeshModel::verify(enum srRuntimeClass::e_verify),,
wiz8--gog-1261--wiz8new--57a3072c2f83,005ec454,5,00470e90,local,,,,
wiz8--gog-1261--wiz8new--57a3072c2f83,005ec454,6,004748c0,local,,,,
wiz8--gog-1261--wiz8new--57a3072c2f83,005ec454,7,00474200,local,,,,
wiz8--gog-1261--wiz8new--57a3072c2f83,005ec454,8,00471dd0,local,,,,
wiz8--gog-1261--wiz8new--57a3072c2f83,005ec454,9,00471d80,local,,,,
wiz8--gog-1261--wiz8new--57a3072c2f83,005ec454,10,005e2140,import-thunk,SR.DLL!?render@srMeshModel@@UAEXAAVsrGERD@@@Z,public: virtual void __thiscall srMeshModel::render(class srGERD &),,
wiz8--gog-1261--wiz8new--57a3072c2f83,005ec454,11,005e213a,import-thunk,SR.DLL!?updateAllClients@srModel@@UAEXW4e_update@Client@1@@Z,public: virtual void __thiscall srModel::updateAllClients(enum srModel::Client::e_update),,
wiz8--gog-1261--wiz8new--57a3072c2f83,005ec454,12,005e2134,import-thunk,SR.DLL!?reindexPolygons@srMeshModel@@UAEXPBK@Z,public: virtual void __thiscall srMeshModel::reindexPolygons(unsigned long const *),,
wiz8--gog-1261--wiz8new--57a3072c2f83,005ec454,13,005e212e,import-thunk,SR.DLL!?reindexVertices@srMeshModel@@UAEXPBK@Z,public: virtual void __thiscall srMeshModel::reindexVertices(unsigned long const *),,
wiz8--gog-1261--wiz8new--57a3072c2f83,005ec454,14,00472270,local,,,,
wiz8--gog-1261--wiz8new--57a3072c2f83,005ec454,15,004727e0,local,,,,
wiz8--gog-1261--wiz8new--57a3072c2f83,005ec454,16,00470360,local,,,,
wiz8--gog-1261--wiz8new--57a3072c2f83,005ec454,17,005e2116,import-thunk,SR.DLL!?updateTriMesh@srMeshModel@@MAEXXZ,protected: virtual void __thiscall srMeshModel::updateTriMesh(void),,
wiz8--gog-1261--wiz8new--57a3072c2f83,005ec454,18,005e2110,import-thunk,SR.DLL!?calculateBounds@srMeshModel@@MAEXXZ,protected: virtual void __thiscall srMeshModel::calculateBounds(void),,
wiz8--gog-1261--wiz8new--57a3072c2f83,005ec454,19,005e210a,import-thunk,SR.DLL!?calculatePolygonNormals@srMeshModel@@MAEXXZ,protected: virtual void __thiscall srMeshModel::calculatePolygonNormals(void),,
wiz8--gog-1261--wiz8new--57a3072c2f83,005ec454,20,005e2104,import-thunk,SR.DLL!?calculateVertexNormals@srMeshModel@@MAEXXZ,protected: virtual void __thiscall srMeshModel::calculateVertexNormals(void),,
wiz8--gog-1261--wiz8new--57a3072c2f83,005ec4a8,0,00474db0,local,,,,
wiz8--gog-1261--wiz8new--57a3072c2f83,005ec4ac,0,00474d90,local,,,,
wiz8--gog-1261--wiz8new--57a3072c2f83,005ec4b0,0,004741f0,local,,,,
wiz8--gog-1261--wiz8new--57a3072c2f83,005ec4b0,1,004741e0,local,,,,
wiz8--gog-1261--wiz8new--57a3072c2f83,005ec4b0,2,00474820,local,,,,
wiz8--gog-1261--wiz8new--57a3072c2f83,005ec4b0,3,005e215e,import-thunk,SR.DLL!?dump@srMeshModel@@UAEXAAV?$basic_ostream@DU?$char_traits@D@std@@@std@@@Z,"public: virtual void __thiscall srMeshModel::dump(class std::basic_ostream<char, struct std::char_traits<char>> &)",,
wiz8--gog-1261--wiz8new--57a3072c2f83,005ec4b0,4,005e2158,import-thunk,SR.DLL!?verify@srMeshModel@@UAEXW4e_verify@srRuntimeClass@@@Z,public: virtual void __thiscall srMeshModel::verify(enum srRuntimeClass::e_verify),,
wiz8--gog-1261--wiz8new--57a3072c2f83,005ec4b0,5,00474760,local,,,,
wiz8--gog-1261--wiz8new--57a3072c2f83,005ec4b0,6,005e2152,import-thunk,SR.DLL!?vInstance@srMeshModel@@UAEPAVsrClass@@XZ,public: virtual class srClass * __thiscall srMeshModel::vInstance(void),,
wiz8--gog-1261--wiz8new--57a3072c2f83,005ec4b0,7,00474200,local,,,,
wiz8--gog-1261--wiz8new--57a3072c2f83,005ec4b0,8,005e214c,import-thunk,SR.DLL!?getBoundingSphere@srMeshModel@@UAEHAAV?$srVector3T@M@@AAM@Z,"public: virtual int __thiscall srMeshModel::getBoundingSphere(class srVector3T<float> &, float &)",,
wiz8--gog-1261--wiz8new--57a3072c2f83,005ec4b0,9,005e2146,import-thunk,SR.DLL!?getBoundingBox@srMeshModel@@UAEHAAV?$srVector3T@M@@0@Z,"public: virtual int __thiscall srMeshModel::getBoundingBox(class srVector3T<float> &, class srVector3T<float> &)",,
wiz8--gog-1261--wiz8new--57a3072c2f83,005ec4b0,10,005e2140,import-thunk,SR.DLL!?render@srMeshModel@@UAEXAAVsrGERD@@@Z,public: virtual void __thiscall srMeshModel::render(class srGERD &),,
wiz8--gog-1261--wiz8new--57a3072c2f83,005ec4b0,11,005e213a,import-thunk,SR.DLL!?updateAllClients@srModel@@UAEXW4e_update@Client@1@@Z,public: virtual void __thiscall srModel::updateAllClients(enum srModel::Client::e_update),,
wiz8--gog-1261--wiz8new--57a3072c2f83,005ec4b0,12,005e2134,import-thunk,SR.DLL!?reindexPolygons@srMeshModel@@UAEXPBK@Z,public: virtual void __thiscall srMeshModel::reindexPolygons(unsigned long const *),,
wiz8--gog-1261--wiz8new--57a3072c2f83,005ec4b0,13,005e212e,import-thunk,SR.DLL!?reindexVertices@srMeshModel@@UAEXPBK@Z,public: virtual void __thiscall srMeshModel::reindexVertices(unsigned long const *),,
wiz8--gog-1261--wiz8new--57a3072c2f83,005ec4b0,14,005e2128,import-thunk,SR.DLL!?getTriMesh@srMeshModel@@UAEABUTriMesh@1@XZ,public: virtual struct srMeshModel::TriMesh const & __thiscall srMeshModel::getTriMesh(void),,
wiz8--gog-1261--wiz8new--57a3072c2f83,005ec4b0,15,005e2122,import-thunk,SR.DLL!?getTriMesh@srMeshModel@@UAEXAAUTriMesh@1@@Z,public: virtual void __thiscall srMeshModel::getTriMesh(struct srMeshModel::TriMesh &),,
wiz8--gog-1261--wiz8new--57a3072c2f83,005ec4b0,16,005e211c,import-thunk,SR.DLL!?renderTriMesh@srMeshModel@@UAEXAAVsrGERD@@ABUTriMesh@1@@Z,"public: virtual void __thiscall srMeshModel::renderTriMesh(class srGERD &, struct srMeshModel::TriMesh const &)",,
wiz8--gog-1261--wiz8new--57a3072c2f83,005ec4b0,17,005e2116,import-thunk,SR.DLL!?updateTriMesh@srMeshModel@@MAEXXZ,protected: virtual void __thiscall srMeshModel::updateTriMesh(void),,
wiz8--gog-1261--wiz8new--57a3072c2f83,005ec4b0,18,005e2110,import-thunk,SR.DLL!?calculateBounds@srMeshModel@@MAEXXZ,protected: virtual void __thiscall srMeshModel::calculateBounds(void),,
wiz8--gog-1261--wiz8new--57a3072c2f83,005ec4b0,19,005e210a,import-thunk,SR.DLL!?calculatePolygonNormals@srMeshModel@@MAEXXZ,protected: virtual void __thiscall srMeshModel::calculatePolygonNormals(void),,
wiz8--gog-1261--wiz8new--57a3072c2f83,005ec4b0,20,005e2104,import-thunk,SR.DLL!?calculateVertexNormals@srMeshModel@@MAEXXZ,protected: virtual void __thiscall srMeshModel::calculateVertexNormals(void),,
wiz8--gog-1261--wiz8new--57a3072c2f83,005ec504,0,00474d60,local,,,,
wiz8--gog-1261--wiz8new--57a3072c2f83,005ec508,0,00474e90,local,,,,
wiz8--gog-1261--wiz8new--57a3072c2f83,005ec50c,0,00474e60,local,,,,
wiz8--gog-1261--wiz8new--57a3072c2f83,005ec514,0,00474e10,local,,,,
wiz8--gog-1261--wiz8new--57a3072c2f83,005ec518,0,00474de0,local,,,,
wiz8--gog-1261--wiz8new--57a3072c2f83,005ec51c,0,00474e30,local,,,,
wiz8--gog-1261--wiz8new--57a3072c2f83,005ec520,0,00475600,local,,,,
wiz8--gog-1261--wiz8new--57a3072c2f83,005ec520,1,004752d0,local,,,,
wiz8--gog-1261--wiz8new--57a3072c2f83,005ec5d8,0,0047d660,import-thunk,SR.DLL!?sGetClassName@srPalette@@SAPBDXZ,public: static char const * __cdecl srPalette::sGetClassName(void),,
wiz8--gog-1261--wiz8new--57a3072c2f83,005ec5d8,1,0047d650,local,,,,
wiz8--gog-1261--wiz8new--57a3072c2f83,005ec5d8,2,0047d670,local,,,,
wiz8--gog-1261--wiz8new--57a3072c2f83,005ec5d8,3,005e2200,import-thunk,SR.DLL!?dump@srPalette@@UAEXAAV?$basic_ostream@DU?$char_traits@D@std@@@std@@@Z,"public: virtual void __thiscall srPalette::dump(class std::basic_ostream<char, struct std::char_traits<char>> &)",,
wiz8--gog-1261--wiz8new--57a3072c2f83,005ec5d8,4,005e20f8,import-thunk,SR.DLL!?verify@srClass@@UAEXW4e_verify@srRuntimeClass@@@Z,public: virtual void __thiscall srClass::verify(enum srRuntimeClass::e_verify),,
wiz8--gog-1261--wiz8new--57a3072c2f83,005ec5d8,5,0047c5c0,local,,,,
wiz8--gog-1261--wiz8new--57a3072c2f83,005ec5d8,6,005e21fa,import-thunk,SR.DLL!?vInstance@srPalette@@UAEPAVsrClass@@XZ,public: virtual class srClass * __thiscall srPalette::vInstance(void),,
wiz8--gog-1261--wiz8new--57a3072c2f83,005ec5d8,7,0047d6b0,local,,,,
wiz8--gog-1261--wiz8new--57a3072c2f83,005ec5f8,0,0047d6e0,local,,,,
wiz8--gog-1261--wiz8new--57a3072c2f83,005ec5f8,1,0047d6d0,local,,,,
wiz8--gog-1261--wiz8new--57a3072c2f83,005ec5f8,2,0047d6f0,local,,,,
wiz8--gog-1261--wiz8new--57a3072c2f83,005ec5f8,3,005aa400,local,,,,
wiz8--gog-1261--wiz8new--57a3072c2f83,005ec5f8,4,005e20f8,import-thunk,SR.DLL!?verify@srClass@@UAEXW4e_verify@srRuntimeClass@@@Z,public: virtual void __thiscall srClass::verify(enum srRuntimeClass::e_verify),,
wiz8--gog-1261--wiz8new--57a3072c2f83,005ec5f8,5,0047c800,local,,,,
wiz8--gog-1261--wiz8new--57a3072c2f83,005ec5f8,6,0047c7a0,local,,,,
wiz8--gog-1261--wiz8new--57a3072c2f83,005ec5f8,7,0047d790,local,,,,
wiz8--gog-1261--wiz8new--57a3072c2f83,005ec5f8,8,0047c5f0,local,,,,
wiz8--gog-1261--wiz8new--57a3072c2f83,005ec5f8,9,005e218e,import-thunk,SR.DLL!?getPriority@srTexture@@UAEMXZ,public: virtual float __thiscall srTexture::getPriority(void),,
wiz8--gog-1261--wiz8new--57a3072c2f83,005ec5f8,10,005e2188,import-thunk,SR.DLL!?getDimensions@srTexture@@UAEXAAUDimensions@srTextureIFace@@@Z,public: virtual void __thiscall srTexture::getDimensions(struct srTextureIFace::Dimensions &),,
wiz8--gog-1261--wiz8new--57a3072c2f83,005ec5f8,11,0047ca50,local,,,,
wiz8--gog-1261--wiz8new--57a3072c2f83,005ec5f8,12,005aa400,local,,,,
wiz8--gog-1261--wiz8new--57a3072c2f83,005ec5f8,13,005e2176,import-thunk,SR.DLL!?getTextureParms@srTexture@@UAEXAAUParameters@srTextureIFace@@@Z,public: virtual void __thiscall srTexture::getTextureParms(struct srTextureIFace::Parameters &),,
wiz8--gog-1261--wiz8new--57a3072c2f83,005ec5f8,14,005e2170,import-thunk,SR.DLL!?getTextureName@srTextureIFace@@UAEPBDXZ,public: virtual char const * __thiscall srTextureIFace::getTextureName(void),,
wiz8--gog-1261--wiz8new--57a3072c2f83,005ec5f8,15,0047c8b0,local,,,,
wiz8--gog-1261--wiz8new--57a3072c2f83,005ec5f8,16,0047c600,local,,,,
wiz8--gog-1261--wiz8new--57a3072c2f83,005ec63c,0,0047d6e0,local,,,,
wiz8--gog-1261--wiz8new--57a3072c2f83,005ec63c,1,0047d6d0,local,,,,
wiz8--gog-1261--wiz8new--57a3072c2f83,005ec63c,2,0047d6f0,local,,,,
wiz8--gog-1261--wiz8new--57a3072c2f83,005ec63c,3,005e2212,import-thunk,SR.DLL!?dump@srTexture@@UAEXAAV?$basic_ostream@DU?$char_traits@D@std@@@std@@@Z,"public: virtual void __thiscall srTexture::dump(class std::basic_ostream<char, struct std::char_traits<char>> &)",,
wiz8--gog-1261--wiz8new--57a3072c2f83,005ec63c,4,005e20f8,import-thunk,SR.DLL!?verify@srClass@@UAEXW4e_verify@srRuntimeClass@@@Z,public: virtual void __thiscall srClass::verify(enum srRuntimeClass::e_verify),,
wiz8--gog-1261--wiz8new--57a3072c2f83,005ec63c,5,0047d970,local,,,,
wiz8--gog-1261--wiz8new--57a3072c2f83,005ec63c,6,005e1d9a,pure-virtual,,,,
wiz8--gog-1261--wiz8new--57a3072c2f83,005ec63c,7,0047d790,local,,,,
wiz8--gog-1261--wiz8new--57a3072c2f83,005ec63c,8,005e220c,import-thunk,SR.DLL!?getTextureFrameHandle@srTexture@@UAEKXZ,public: virtual unsigned long __thiscall srTexture::getTextureFrameHandle(void),,
wiz8--gog-1261--wiz8new--57a3072c2f83,005ec63c,9,005e218e,import-thunk,SR.DLL!?getPriority@srTexture@@UAEMXZ,public: virtual float __thiscall srTexture::getPriority(void),,
wiz8--gog-1261--wiz8new--57a3072c2f83,005ec63c,10,005e2188,import-thunk,SR.DLL!?getDimensions@srTexture@@UAEXAAUDimensions@srTextureIFace@@@Z,public: virtual void __thiscall srTexture::getDimensions(struct srTextureIFace::Dimensions &),,
wiz8--gog-1261--wiz8new--57a3072c2f83,005ec63c,11,005e2206,import-thunk,SR.DLL!?getMipmapData@srTexture@@UAEXAAUMultiRequest@srTextureIFace@@@Z,public: virtual void __thiscall srTexture::getMipmapData(struct srTextureIFace::MultiRequest &),,
wiz8--gog-1261--wiz8new--57a3072c2f83,005ec63c,12,005e217c,import-thunk,SR.DLL!?getMipmapLevelPartial@srTexture@@UAEXAAUPartialRequest@srTextureIFace@@@Z,public: virtual void __thiscall srTexture::getMipmapLevelPartial(struct srTextureIFace::PartialRequest &),,
wiz8--gog-1261--wiz8new--57a3072c2f83,005ec63c,13,005e2176,import-thunk,SR.DLL!?getTextureParms@srTexture@@UAEXAAUParameters@srTextureIFace@@@Z,public: virtual void __thiscall srTexture::getTextureParms(struct srTextureIFace::Parameters &),,
wiz8--gog-1261--wiz8new--57a3072c2f83,005ec63c,14,005e2170,import-thunk,SR.DLL!?getTextureName@srTextureIFace@@UAEPBDXZ,public: virtual char const * __thiscall srTextureIFace::getTextureName(void),,
wiz8--gog-1261--wiz8new--57a3072c2f83,005ec63c,15,005e1d9a,pure-virtual,,,,
wiz8--gog-1261--wiz8new--57a3072c2f83,005ec63c,16,005e1d9a,pure-virtual,,,,
wiz8--gog-1261--wiz8new--57a3072c2f83,005ec680,0,0047cbb0,local,,,,
wiz8--gog-1261--wiz8new--57a3072c2f83,005ec680,1,0047cb30,local,,,,
wiz8--gog-1261--wiz8new--57a3072c2f83,005ec680,2,0047cba0,local,,,,
wiz8--gog-1261--wiz8new--57a3072c2f83,005ec68c,0,0047da10,local,,,,
wiz8--gog-1261--wiz8new--57a3072c2f83,005ec68c,1,005e2218,import-thunk,SR.DLL!?getSize@srBinStream@@UAEKXZ,public: virtual unsigned long __thiscall srBinStream::getSize(void),,
wiz8--gog-1261--wiz8new--57a3072c2f83,005ec68c,2,0047da50,local,,,,
wiz8--gog-1261--wiz8new--57a3072c2f83,005ec68c,3,0047da60,local,,,,
wiz8--gog-1261--wiz8new--57a3072c2f83,005ec68c,4,0047da70,local,,,,
wiz8--gog-1261--wiz8new--57a3072c2f83,005ec6a0,0,005e221e,import-thunk,SR.DLL!?vget@srBinIStream@@MAEGXZ,protected: virtual unsigned short __thiscall srBinIStream::vget(void),,
wiz8--gog-1261--wiz8new--57a3072c2f83,005ec6a0,1,0047d5c0,local,,,,
wiz8--gog-1261--wiz8new--57a3072c2f83,005ec6a8,0,fffffffc,base-displacement,,,,
wiz8--gog-1261--wiz8new--57a3072c2f83,005ec6a8,1,0000000c,base-displacement,,,,
wiz8--gog-1261--wiz8new--57a3072c2f83,005ec6c0,0,0047e7e0,local,,,,
wiz8--gog-1261--wiz8new--57a3072c2f83,005ec6c0,1,0047e7d0,local,,,,
wiz8--gog-1261--wiz8new--57a3072c2f83,005ec6c0,2,0047ebe0,local,,,,
wiz8--gog-1261--wiz8new--57a3072c2f83,005ec6c0,3,005e2212,import-thunk,SR.DLL!?dump@srTexture@@UAEXAAV?$basic_ostream@DU?$char_traits@D@std@@@std@@@Z,"public: virtual void __thiscall srTexture::dump(class std::basic_ostream<char, struct std::char_traits<char>> &)",,
wiz8--gog-1261--wiz8new--57a3072c2f83,005ec6c0,4,005e20f8,import-thunk,SR.DLL!?verify@srClass@@UAEXW4e_verify@srRuntimeClass@@@Z,public: virtual void __thiscall srClass::verify(enum srRuntimeClass::e_verify),,
wiz8--gog-1261--wiz8new--57a3072c2f83,005ec6c0,5,0047e5d0,local,,,,
wiz8--gog-1261--wiz8new--57a3072c2f83,005ec6c0,6,0047de60,local,,,,
wiz8--gog-1261--wiz8new--57a3072c2f83,005ec6c0,7,0047e7f0,local,,,,
wiz8--gog-1261--wiz8new--57a3072c2f83,005ec6c0,8,0047de50,local,,,,
wiz8--gog-1261--wiz8new--57a3072c2f83,005ec6c0,9,005e218e,import-thunk,SR.DLL!?getPriority@srTexture@@UAEMXZ,public: virtual float __thiscall srTexture::getPriority(void),,
wiz8--gog-1261--wiz8new--57a3072c2f83,005ec6c0,10,005e2188,import-thunk,SR.DLL!?getDimensions@srTexture@@UAEXAAUDimensions@srTextureIFace@@@Z,public: virtual void __thiscall srTexture::getDimensions(struct srTextureIFace::Dimensions &),,
wiz8--gog-1261--wiz8new--57a3072c2f83,005ec6c0,11,0047e710,local,,,,
wiz8--gog-1261--wiz8new--57a3072c2f83,005ec6c0,12,0047e740,local,,,,
wiz8--gog-1261--wiz8new--57a3072c2f83,005ec6c0,13,005e2176,import-thunk,SR.DLL!?getTextureParms@srTexture@@UAEXAAUParameters@srTextureIFace@@@Z,public: virtual void __thiscall srTexture::getTextureParms(struct srTextureIFace::Parameters &),,
wiz8--gog-1261--wiz8new--57a3072c2f83,005ec6c0,14,005e2170,import-thunk,SR.DLL!?getTextureName@srTextureIFace@@UAEPBDXZ,public: virtual char const * __thiscall srTextureIFace::getTextureName(void),,
wiz8--gog-1261--wiz8new--57a3072c2f83,005ec6c0,15,0047de40,local,,,,
wiz8--gog-1261--wiz8new--57a3072c2f83,005ec6c0,16,0047e790,local,,,,
wiz8--gog-1261--wiz8new--57a3072c2f83,005ec704,0,0047e7e0,local,,,,
wiz8--gog-1261--wiz8new--57a3072c2f83,005ec704,1,0047e7d0,local,,,,
wiz8--gog-1261--wiz8new--57a3072c2f83,005ec704,2,0047ebe0,local,,,,
wiz8--gog-1261--wiz8new--57a3072c2f83,005ec704,3,005e2212,import-thunk,SR.DLL!?dump@srTexture@@UAEXAAV?$basic_ostream@DU?$char_traits@D@std@@@std@@@Z,"public: virtual void __thiscall srTexture::dump(class std::basic_ostream<char, struct std::char_traits<char>> &)",,
wiz8--gog-1261--wiz8new--57a3072c2f83,005ec704,4,005e20f8,import-thunk,SR.DLL!?verify@srClass@@UAEXW4e_verify@srRuntimeClass@@@Z,public: virtual void __thiscall srClass::verify(enum srRuntimeClass::e_verify),,
wiz8--gog-1261--wiz8new--57a3072c2f83,005ec704,5,0047eb80,local,,,,
wiz8--gog-1261--wiz8new--57a3072c2f83,005ec704,6,005e1d9a,pure-virtual,,,,
wiz8--gog-1261--wiz8new--57a3072c2f83,005ec704,7,0047e7f0,local,,,,
wiz8--gog-1261--wiz8new--57a3072c2f83,005ec704,8,005e220c,import-thunk,SR.DLL!?getTextureFrameHandle@srTexture@@UAEKXZ,public: virtual unsigned long __thiscall srTexture::getTextureFrameHandle(void),,
wiz8--gog-1261--wiz8new--57a3072c2f83,005ec704,9,005e218e,import-thunk,SR.DLL!?getPriority@srTexture@@UAEMXZ,public: virtual float __thiscall srTexture::getPriority(void),,
wiz8--gog-1261--wiz8new--57a3072c2f83,005ec704,10,005e2188,import-thunk,SR.DLL!?getDimensions@srTexture@@UAEXAAUDimensions@srTextureIFace@@@Z,public: virtual void __thiscall srTexture::getDimensions(struct srTextureIFace::Dimensions &),,
wiz8--gog-1261--wiz8new--57a3072c2f83,005ec704,11,005e2206,import-thunk,SR.DLL!?getMipmapData@srTexture@@UAEXAAUMultiRequest@srTextureIFace@@@Z,public: virtual void __thiscall srTexture::getMipmapData(struct srTextureIFace::MultiRequest &),,
wiz8--gog-1261--wiz8new--57a3072c2f83,005ec704,12,005e217c,import-thunk,SR.DLL!?getMipmapLevelPartial@srTexture@@UAEXAAUPartialRequest@srTextureIFace@@@Z,public: virtual void __thiscall srTexture::getMipmapLevelPartial(struct srTextureIFace::PartialRequest &),,
wiz8--gog-1261--wiz8new--57a3072c2f83,005ec704,13,005e2176,import-thunk,SR.DLL!?getTextureParms@srTexture@@UAEXAAUParameters@srTextureIFace@@@Z,public: virtual void __thiscall srTexture::getTextureParms(struct srTextureIFace::Parameters &),,
wiz8--gog-1261--wiz8new--57a3072c2f83,005ec704,14,005e2170,import-thunk,SR.DLL!?getTextureName@srTextureIFace@@UAEPBDXZ,public: virtual char const * __thiscall srTextureIFace::getTextureName(void),,
wiz8--gog-1261--wiz8new--57a3072c2f83,005ec704,15,005e1d9a,pure-virtual,,,,
wiz8--gog-1261--wiz8new--57a3072c2f83,005ec704,16,005e1d9a,pure-virtual,,,,
wiz8--gog-1261--wiz8new--57a3072c2f83,005ec748,0,0047e940,local,,,,
wiz8--gog-1261--wiz8new--57a3072c2f83,005ec748,1,0047e930,local,,,,
wiz8--gog-1261--wiz8new--57a3072c2f83,005ec748,2,0047e950,local,,,,
wiz8--gog-1261--wiz8new--57a3072c2f83,005ec748,3,005e21f4,import-thunk,SR.DLL!?dump@srNode@@UAEXAAV?$basic_ostream@DU?$char_traits@D@std@@@std@@@Z,"public: virtual void __thiscall srNode::dump(class std::basic_ostream<char, struct std::char_traits<char>> &)",,
wiz8--gog-1261--wiz8new--57a3072c2f83,005ec748,4,005e20f8,import-thunk,SR.DLL!?verify@srClass@@UAEXW4e_verify@srRuntimeClass@@@Z,public: virtual void __thiscall srClass::verify(enum srRuntimeClass::e_verify),,
wiz8--gog-1261--wiz8new--57a3072c2f83,005ec748,5,0047dfc0,local,,,,
wiz8--gog-1261--wiz8new--57a3072c2f83,005ec748,6,005e21ee,import-thunk,SR.DLL!?vInstance@srNode@@UAEPAVsrClass@@XZ,public: virtual class srClass * __thiscall srNode::vInstance(void),,
wiz8--gog-1261--wiz8new--57a3072c2f83,005ec748,7,0047e9c0,local,,,,
wiz8--gog-1261--wiz8new--57a3072c2f83,005ec748,8,004d6540,local,,,,
wiz8--gog-1261--wiz8new--57a3072c2f83,005ec748,9,0047e0f0,local,,,,
wiz8--gog-1261--wiz8new--57a3072c2f83,005ec748,10,005e1fcc,import-thunk,SR.DLL!?getLocalBounds@srNode@@UAEXAAUBoundInfo@1@@Z,public: virtual void __thiscall srNode::getLocalBounds(struct srNode::BoundInfo &),,
wiz8--gog-1261--wiz8new--57a3072c2f83,005ec748,11,005e1fc6,import-thunk,SR.DLL!?updateBounds@srNode@@UAEXXZ,public: virtual void __thiscall srNode::updateBounds(void),,
wiz8--gog-1261--wiz8new--57a3072c2f83,005ec748,12,005e1fc0,import-thunk,SR.DLL!?processSignal@srNode@@MAEHKPAX@Z,"protected: virtual int __thiscall srNode::processSignal(unsigned long, void *)",,
wiz8--gog-1261--wiz8new--57a3072c2f83,005ec77c,0,0047e940,local,,,,
wiz8--gog-1261--wiz8new--57a3072c2f83,005ec77c,1,0047e930,local,,,,
wiz8--gog-1261--wiz8new--57a3072c2f83,005ec77c,2,0047e950,local,,,,
wiz8--gog-1261--wiz8new--57a3072c2f83,005ec77c,3,005e21f4,import-thunk,SR.DLL!?dump@srNode@@UAEXAAV?$basic_ostream@DU?$char_traits@D@std@@@std@@@Z,"public: virtual void __thiscall srNode::dump(class std::basic_ostream<char, struct std::char_traits<char>> &)",,
wiz8--gog-1261--wiz8new--57a3072c2f83,005ec77c,4,005e20f8,import-thunk,SR.DLL!?verify@srClass@@UAEXW4e_verify@srRuntimeClass@@@Z,public: virtual void __thiscall srClass::verify(enum srRuntimeClass::e_verify),,
wiz8--gog-1261--wiz8new--57a3072c2f83,005ec77c,5,0047ebb0,local,,,,
wiz8--gog-1261--wiz8new--57a3072c2f83,005ec77c,6,005e21ee,import-thunk,SR.DLL!?vInstance@srNode@@UAEPAVsrClass@@XZ,public: virtual class srClass * __thiscall srNode::vInstance(void),,
wiz8--gog-1261--wiz8new--57a3072c2f83,005ec77c,7,0047e9c0,local,,,,
wiz8--gog-1261--wiz8new--57a3072c2f83,005ec77c,8,005e1fd8,import-thunk,SR.DLL!?traverse@srNode@@UAEXAAVTraverseInfo@1@@Z,public: virtual void __thiscall srNode::traverse(class srNode::TraverseInfo &),,
wiz8--gog-1261--wiz8new--57a3072c2f83,005ec77c,9,005e21e8,import-thunk,SR.DLL!?process@srNode@@UAEXABUProcessInfo@1@W4e_processType@1@@Z,"public: virtual void __thiscall srNode::process(struct srNode::ProcessInfo const &, enum srNode::e_processType)",,
wiz8--gog-1261--wiz8new--57a3072c2f83,005ec77c,10,005e1fcc,import-thunk,SR.DLL!?getLocalBounds@srNode@@UAEXAAUBoundInfo@1@@Z,public: virtual void __thiscall srNode::getLocalBounds(struct srNode::BoundInfo &),,
wiz8--gog-1261--wiz8new--57a3072c2f83,005ec77c,11,005e1fc6,import-thunk,SR.DLL!?updateBounds@srNode@@UAEXXZ,public: virtual void __thiscall srNode::updateBounds(void),,
wiz8--gog-1261--wiz8new--57a3072c2f83,005ec77c,12,005e1fc0,import-thunk,SR.DLL!?processSignal@srNode@@MAEHKPAX@Z,"protected: virtual int __thiscall srNode::processSignal(unsigned long, void *)",,
wiz8--gog-1261--wiz8new--57a3072c2f83,005ec7c0,0,00481fc0,adjustor-thunk,,,312,0047edc0
wiz8--gog-1261--wiz8new--57a3072c2f83,005ec7c0,1,0047f0c0,local,,,,
wiz8--gog-1261--wiz8new--57a3072c2f83,005ec7c0,2,005e2242,import-thunk,SR.DLL!?updateClient@srModelInstance@@UAEXW4e_update@Client@srModel@@@Z,public: virtual void __thiscall srModelInstance::updateClient(enum srModel::Client::e_update),,
wiz8--gog-1261--wiz8new--57a3072c2f83,005ec7c0,3,005e223c,import-thunk,SR.DLL!?getModel@Client@srModel@@UBEPAV2@XZ,public: virtual class srModel * __thiscall srModel::Client::getModel(void) const,,
wiz8--gog-1261--wiz8new--57a3072c2f83,005ec7d0,0,00481870,local,,,,
wiz8--gog-1261--wiz8new--57a3072c2f83,005ec7d0,1,00481860,local,,,,
wiz8--gog-1261--wiz8new--57a3072c2f83,005ec7d0,2,00481880,local,,,,
wiz8--gog-1261--wiz8new--57a3072c2f83,005ec7d0,3,005e224e,import-thunk,SR.DLL!?dump@srModelInstance@@UAEXAAV?$basic_ostream@DU?$char_traits@D@std@@@std@@@Z,"public: virtual void __thiscall srModelInstance::dump(class std::basic_ostream<char, struct std::char_traits<char>> &)",,
wiz8--gog-1261--wiz8new--57a3072c2f83,005ec7d0,4,005e20f8,import-thunk,SR.DLL!?verify@srClass@@UAEXW4e_verify@srRuntimeClass@@@Z,public: virtual void __thiscall srClass::verify(enum srRuntimeClass::e_verify),,
wiz8--gog-1261--wiz8new--57a3072c2f83,005ec7d0,5,0047edc0,local,,,,
wiz8--gog-1261--wiz8new--57a3072c2f83,005ec7d0,6,00481dd0,local,,,,
wiz8--gog-1261--wiz8new--57a3072c2f83,005ec7d0,7,00481920,local,,,,
wiz8--gog-1261--wiz8new--57a3072c2f83,005ec7d0,8,004803f0,local,,,,
wiz8--gog-1261--wiz8new--57a3072c2f83,005ec7d0,9,0047f560,local,,,,
wiz8--gog-1261--wiz8new--57a3072c2f83,005ec7d0,10,005e2248,import-thunk,SR.DLL!?getLocalBounds@srModelInstance@@UAEXAAUBoundInfo@srNode@@@Z,public: virtual void __thiscall srModelInstance::getLocalBounds(struct srNode::BoundInfo &),,
wiz8--gog-1261--wiz8new--57a3072c2f83,005ec7d0,11,005e1fc6,import-thunk,SR.DLL!?updateBounds@srNode@@UAEXXZ,public: virtual void __thiscall srNode::updateBounds(void),,
wiz8--gog-1261--wiz8new--57a3072c2f83,005ec7d0,12,005e1fc0,import-thunk,SR.DLL!?processSignal@srNode@@MAEHKPAX@Z,"protected: virtual int __thiscall srNode::processSignal(unsigned long, void *)",,
wiz8--gog-1261--wiz8new--57a3072c2f83,005ec804,0,00481ff0,adjustor-thunk,,,312,00481c20
wiz8--gog-1261--wiz8new--57a3072c2f83,005ec804,1,005e2224,import-thunk,SR.DLL!?setModel@Client@srModel@@UAEXPAV2@@Z,public: virtual void __thiscall srModel::Client::setModel(class srModel *),,
wiz8--gog-1261--wiz8new--57a3072c2f83,005ec804,2,005e2242,import-thunk,SR.DLL!?updateClient@srModelInstance@@UAEXW4e_update@Client@srModel@@@Z,public: virtual void __thiscall srModelInstance::updateClient(enum srModel::Client::e_update),,
wiz8--gog-1261--wiz8new--57a3072c2f83,005ec804,3,005e223c,import-thunk,SR.DLL!?getModel@Client@srModel@@UBEPAV2@XZ,public: virtual class srModel * __thiscall srModel::Client::getModel(void) const,,
wiz8--gog-1261--wiz8new--57a3072c2f83,005ec814,0,00481870,local,,,,
wiz8--gog-1261--wiz8new--57a3072c2f83,005ec814,1,00481860,local,,,,
wiz8--gog-1261--wiz8new--57a3072c2f83,005ec814,2,00481880,local,,,,
wiz8--gog-1261--wiz8new--57a3072c2f83,005ec814,3,005e224e,import-thunk,SR.DLL!?dump@srModelInstance@@UAEXAAV?$basic_ostream@DU?$char_traits@D@std@@@std@@@Z,"public: virtual void __thiscall srModelInstance::dump(class std::basic_ostream<char, struct std::char_traits<char>> &)",,
wiz8--gog-1261--wiz8new--57a3072c2f83,005ec814,4,005e20f8,import-thunk,SR.DLL!?verify@srClass@@UAEXW4e_verify@srRuntimeClass@@@Z,public: virtual void __thiscall srClass::verify(enum srRuntimeClass::e_verify),,
wiz8--gog-1261--wiz8new--57a3072c2f83,005ec814,5,00481c20,local,,,,
wiz8--gog-1261--wiz8new--57a3072c2f83,005ec814,6,005e2236,import-thunk,SR.DLL!?vInstance@srModelInstance@@UAEPAVsrClass@@XZ,public: virtual class srClass * __thiscall srModelInstance::vInstance(void),,
wiz8--gog-1261--wiz8new--57a3072c2f83,005ec814,7,00481920,local,,,,
wiz8--gog-1261--wiz8new--57a3072c2f83,005ec814,8,005e2230,import-thunk,SR.DLL!?traverse@srModelInstance@@UAEXAAVTraverseInfo@srNode@@@Z,public: virtual void __thiscall srModelInstance::traverse(class srNode::TraverseInfo &),,
wiz8--gog-1261--wiz8new--57a3072c2f83,005ec814,9,005e222a,import-thunk,SR.DLL!?process@srModelInstance@@UAEXABUProcessInfo@srNode@@W4e_processType@3@@Z,"public: virtual void __thiscall srModelInstance::process(struct srNode::ProcessInfo const &, enum srNode::e_processType)",,
wiz8--gog-1261--wiz8new--57a3072c2f83,005ec814,10,005e2248,import-thunk,SR.DLL!?getLocalBounds@srModelInstance@@UAEXAAUBoundInfo@srNode@@@Z,public: virtual void __thiscall srModelInstance::getLocalBounds(struct srNode::BoundInfo &),,
wiz8--gog-1261--wiz8new--57a3072c2f83,005ec814,11,005e1fc6,import-thunk,SR.DLL!?updateBounds@srNode@@UAEXXZ,public: virtual void __thiscall srNode::updateBounds(void),,
wiz8--gog-1261--wiz8new--57a3072c2f83,005ec814,12,005e1fc0,import-thunk,SR.DLL!?processSignal@srNode@@MAEHKPAX@Z,"protected: virtual int __thiscall srNode::processSignal(unsigned long, void *)",,
wiz8--gog-1261--wiz8new--57a3072c2f83,005ec848,0,00481fd0,adjustor-thunk,,,312,0047f260
wiz8--gog-1261--wiz8new--57a3072c2f83,005ec848,1,005e2224,import-thunk,SR.DLL!?setModel@Client@srModel@@UAEXPAV2@@Z,public: virtual void __thiscall srModel::Client::setModel(class srModel *),,
wiz8--gog-1261--wiz8new--57a3072c2f83,005ec848,2,005e2242,import-thunk,SR.DLL!?updateClient@srModelInstance@@UAEXW4e_update@Client@srModel@@@Z,public: virtual void __thiscall srModelInstance::updateClient(enum srModel::Client::e_update),,
wiz8--gog-1261--wiz8new--57a3072c2f83,005ec848,3,005e223c,import-thunk,SR.DLL!?getModel@Client@srModel@@UBEPAV2@XZ,public: virtual class srModel * __thiscall srModel::Client::getModel(void) const,,
wiz8--gog-1261--wiz8new--57a3072c2f83,005ec858,0,00481a50,local,,,,
wiz8--gog-1261--wiz8new--57a3072c2f83,005ec858,1,00481a40,local,,,,
wiz8--gog-1261--wiz8new--57a3072c2f83,005ec858,2,00481a60,local,,,,
wiz8--gog-1261--wiz8new--57a3072c2f83,005ec858,3,005e224e,import-thunk,SR.DLL!?dump@srModelInstance@@UAEXAAV?$basic_ostream@DU?$char_traits@D@std@@@std@@@Z,"public: virtual void __thiscall srModelInstance::dump(class std::basic_ostream<char, struct std::char_traits<char>> &)",,
wiz8--gog-1261--wiz8new--57a3072c2f83,005ec858,4,005e20f8,import-thunk,SR.DLL!?verify@srClass@@UAEXW4e_verify@srRuntimeClass@@@Z,public: virtual void __thiscall srClass::verify(enum srRuntimeClass::e_verify),,
wiz8--gog-1261--wiz8new--57a3072c2f83,005ec858,5,0047f260,local,,,,
wiz8--gog-1261--wiz8new--57a3072c2f83,005ec858,6,00481e30,local,,,,
wiz8--gog-1261--wiz8new--57a3072c2f83,005ec858,7,00481b00,local,,,,
wiz8--gog-1261--wiz8new--57a3072c2f83,005ec858,8,005e2230,import-thunk,SR.DLL!?traverse@srModelInstance@@UAEXAAVTraverseInfo@srNode@@@Z,public: virtual void __thiscall srModelInstance::traverse(class srNode::TraverseInfo &),,
wiz8--gog-1261--wiz8new--57a3072c2f83,005ec858,9,00480920,local,,,,
wiz8--gog-1261--wiz8new--57a3072c2f83,005ec858,10,005e2248,import-thunk,SR.DLL!?getLocalBounds@srModelInstance@@UAEXAAUBoundInfo@srNode@@@Z,public: virtual void __thiscall srModelInstance::getLocalBounds(struct srNode::BoundInfo &),,
wiz8--gog-1261--wiz8new--57a3072c2f83,005ec858,11,005e1fc6,import-thunk,SR.DLL!?updateBounds@srNode@@UAEXXZ,public: virtual void __thiscall srNode::updateBounds(void),,
wiz8--gog-1261--wiz8new--57a3072c2f83,005ec858,12,005e1fc0,import-thunk,SR.DLL!?processSignal@srNode@@MAEHKPAX@Z,"protected: virtual int __thiscall srNode::processSignal(unsigned long, void *)",,
wiz8--gog-1261--wiz8new--57a3072c2f83,005ec88c,0,00481fe0,adjustor-thunk,,,312,00481c50
wiz8--gog-1261--wiz8new--57a3072c2f83,005ec88c,1,005e2224,import-thunk,SR.DLL!?setModel@Client@srModel@@UAEXPAV2@@Z,public: virtual void __thiscall srModel::Client::setModel(class srModel *),,
wiz8--gog-1261--wiz8new--57a3072c2f83,005ec88c,2,005e2242,import-thunk,SR.DLL!?updateClient@srModelInstance@@UAEXW4e_update@Client@srModel@@@Z,public: virtual void __thiscall srModelInstance::updateClient(enum srModel::Client::e_update),,
wiz8--gog-1261--wiz8new--57a3072c2f83,005ec88c,3,005e223c,import-thunk,SR.DLL!?getModel@Client@srModel@@UBEPAV2@XZ,public: virtual class srModel * __thiscall srModel::Client::getModel(void) const,,
wiz8--gog-1261--wiz8new--57a3072c2f83,005ec89c,0,00481a50,local,,,,
wiz8--gog-1261--wiz8new--57a3072c2f83,005ec89c,1,00481a40,local,,,,
wiz8--gog-1261--wiz8new--57a3072c2f83,005ec89c,2,00481a60,local,,,,
wiz8--gog-1261--wiz8new--57a3072c2f83,005ec89c,3,005e224e,import-thunk,SR.DLL!?dump@srModelInstance@@UAEXAAV?$basic_ostream@DU?$char_traits@D@std@@@std@@@Z,"public: virtual void __thiscall srModelInstance::dump(class std::basic_ostream<char, struct std::char_traits<char>> &)",,
wiz8--gog-1261--wiz8new--57a3072c2f83,005ec89c,4,005e20f8,import-thunk,SR.DLL!?verify@srClass@@UAEXW4e_verify@srRuntimeClass@@@Z,public: virtual void __thiscall srClass::verify(enum srRuntimeClass::e_verify),,
wiz8--gog-1261--wiz8new--57a3072c2f83,005ec89c,5,00481c50,local,,,,
wiz8--gog-1261--wiz8new--57a3072c2f83,005ec89c,6,005e2236,import-thunk,SR.DLL!?vInstance@srModelInstance@@UAEPAVsrClass@@XZ,public: virtual class srClass * __thiscall srModelInstance::vInstance(void),,
wiz8--gog-1261--wiz8new--57a3072c2f83,005ec89c,7,00481b00,local,,,,
wiz8--gog-1261--wiz8new--57a3072c2f83,005ec89c,8,005e2230,import-thunk,SR.DLL!?traverse@srModelInstance@@UAEXAAVTraverseInfo@srNode@@@Z,public: virtual void __thiscall srModelInstance::traverse(class srNode::TraverseInfo &),,
wiz8--gog-1261--wiz8new--57a3072c2f83,005ec89c,9,005e222a,import-thunk,SR.DLL!?process@srModelInstance@@UAEXABUProcessInfo@srNode@@W4e_processType@3@@Z,"public: virtual void __thiscall srModelInstance::process(struct srNode::ProcessInfo const &, enum srNode::e_processType)",,
wiz8--gog-1261--wiz8new--57a3072c2f83,005ec89c,10,005e2248,import-thunk,SR.DLL!?getLocalBounds@srModelInstance@@UAEXAAUBoundInfo@srNode@@@Z,public: virtual void __thiscall srModelInstance::getLocalBounds(struct srNode::BoundInfo &),,
wiz8--gog-1261--wiz8new--57a3072c2f83,005ec89c,11,005e1fc6,import-thunk,SR.DLL!?updateBounds@srNode@@UAEXXZ,public: virtual void __thiscall srNode::updateBounds(void),,
wiz8--gog-1261--wiz8new--57a3072c2f83,005ec89c,12,005e1fc0,import-thunk,SR.DLL!?processSignal@srNode@@MAEHKPAX@Z,"protected: virtual int __thiscall srNode::processSignal(unsigned long, void *)",,
wiz8--gog-1261--wiz8new--57a3072c2f83,005ec8f8,0,004b8a50,local,,,,
wiz8--gog-1261--wiz8new--57a3072c2f83,005ec8f8,1,00482040,local,,,,
wiz8--gog-1261--wiz8new--57a3072c2f83,005ec8f8,2,00482050,local,,,,
wiz8--gog-1261--wiz8new--57a3072c2f83,005ec940,0,00484a30,adjustor-thunk,,,312,00484840
wiz8--gog-1261--wiz8new--57a3072c2f83,005ec940,1,005e225a,import-thunk,SR.DLL!?isActive@srFog@@UAEHAAVsrVertexPipe@@@Z,public: virtual int __thiscall srFog::isActive(class srVertexPipe &),,
wiz8--gog-1261--wiz8new--57a3072c2f83,005ec940,2,005e2254,import-thunk,SR.DLL!?process@srFog@@UAEXAAVsrVertexPipe@@@Z,public: virtual void __thiscall srFog::process(class srVertexPipe &),,
wiz8--gog-1261--wiz8new--57a3072c2f83,005ec94c,0,00484710,local,,,,
wiz8--gog-1261--wiz8new--57a3072c2f83,005ec94c,1,00484700,local,,,,
wiz8--gog-1261--wiz8new--57a3072c2f83,005ec94c,2,00484720,local,,,,
wiz8--gog-1261--wiz8new--57a3072c2f83,005ec94c,3,005e2278,import-thunk,SR.DLL!?dump@srFog@@UAEXAAV?$basic_ostream@DU?$char_traits@D@std@@@std@@@Z,"public: virtual void __thiscall srFog::dump(class std::basic_ostream<char, struct std::char_traits<char>> &)",,
wiz8--gog-1261--wiz8new--57a3072c2f83,005ec94c,4,005e2272,import-thunk,SR.DLL!?verify@srFog@@UAEXW4e_verify@srRuntimeClass@@@Z,public: virtual void __thiscall srFog::verify(enum srRuntimeClass::e_verify),,
wiz8--gog-1261--wiz8new--57a3072c2f83,005ec94c,5,00484840,local,,,,
wiz8--gog-1261--wiz8new--57a3072c2f83,005ec94c,6,005e226c,import-thunk,SR.DLL!?vInstance@srFog@@UAEPAVsrClass@@XZ,public: virtual class srClass * __thiscall srFog::vInstance(void),,
wiz8--gog-1261--wiz8new--57a3072c2f83,005ec94c,7,004847c0,local,,,,
wiz8--gog-1261--wiz8new--57a3072c2f83,005ec94c,8,005e2266,import-thunk,SR.DLL!?traverse@srIlluminator@@UAEXAAVTraverseInfo@srNode@@@Z,public: virtual void __thiscall srIlluminator::traverse(class srNode::TraverseInfo &),,
wiz8--gog-1261--wiz8new--57a3072c2f83,005ec94c,9,005e2260,import-thunk,SR.DLL!?process@srIlluminator@@UAEXABUProcessInfo@srNode@@W4e_processType@3@@Z,"public: virtual void __thiscall srIlluminator::process(struct srNode::ProcessInfo const &, enum srNode::e_processType)",,
wiz8--gog-1261--wiz8new--57a3072c2f83,005ec94c,10,005e1fcc,import-thunk,SR.DLL!?getLocalBounds@srNode@@UAEXAAUBoundInfo@1@@Z,public: virtual void __thiscall srNode::getLocalBounds(struct srNode::BoundInfo &),,
wiz8--gog-1261--wiz8new--57a3072c2f83,005ec94c,11,005e1fc6,import-thunk,SR.DLL!?updateBounds@srNode@@UAEXXZ,public: virtual void __thiscall srNode::updateBounds(void),,
wiz8--gog-1261--wiz8new--57a3072c2f83,005ec94c,12,005e1fc0,import-thunk,SR.DLL!?processSignal@srNode@@MAEHKPAX@Z,"protected: virtual int __thiscall srNode::processSignal(unsigned long, void *)",,
wiz8--gog-1261--wiz8new--57a3072c2f83,005ec9b8,0,00485ab0,local,,,,
wiz8--gog-1261--wiz8new--57a3072c2f83,005ec9bc,0,00485a80,local,,,,
wiz8--gog-1261--wiz8new--57a3072c2f83,005ec9c0,0,00485800,local,,,,
wiz8--gog-1261--wiz8new--57a3072c2f83,005ec9c0,1,004857f0,local,,,,
wiz8--gog-1261--wiz8new--57a3072c2f83,005ec9c0,2,00485810,local,,,,
wiz8--gog-1261--wiz8new--57a3072c2f83,005ec9c0,3,005e2212,import-thunk,SR.DLL!?dump@srTexture@@UAEXAAV?$basic_ostream@DU?$char_traits@D@std@@@std@@@Z,"public: virtual void __thiscall srTexture::dump(class std::basic_ostream<char, struct std::char_traits<char>> &)",,
wiz8--gog-1261--wiz8new--57a3072c2f83,005ec9c0,4,005e20f8,import-thunk,SR.DLL!?verify@srClass@@UAEXW4e_verify@srRuntimeClass@@@Z,public: virtual void __thiscall srClass::verify(enum srRuntimeClass::e_verify),,
wiz8--gog-1261--wiz8new--57a3072c2f83,005ec9c0,5,00485040,local,,,,
wiz8--gog-1261--wiz8new--57a3072c2f83,005ec9c0,6,00484e60,local,,,,
wiz8--gog-1261--wiz8new--57a3072c2f83,005ec9c0,7,004858b0,local,,,,
wiz8--gog-1261--wiz8new--57a3072c2f83,005ec9c0,8,004856f0,local,,,,
wiz8--gog-1261--wiz8new--57a3072c2f83,005ec9c0,9,00484d60,local,,,,
wiz8--gog-1261--wiz8new--57a3072c2f83,005ec9c0,10,00484d80,local,,,,
wiz8--gog-1261--wiz8new--57a3072c2f83,005ec9c0,11,00484db0,local,,,,
wiz8--gog-1261--wiz8new--57a3072c2f83,005ec9c0,12,00484de0,local,,,,
wiz8--gog-1261--wiz8new--57a3072c2f83,005ec9c0,13,00484e10,local,,,,
wiz8--gog-1261--wiz8new--57a3072c2f83,005ec9c0,14,00484e40,local,,,,
wiz8--gog-1261--wiz8new--57a3072c2f83,005ec9c0,15,004023a0,local,,,,
wiz8--gog-1261--wiz8new--57a3072c2f83,005ec9c0,16,00485760,local,,,,
wiz8--gog-1261--wiz8new--57a3072c2f83,005eca04,0,00485800,local,,,,
wiz8--gog-1261--wiz8new--57a3072c2f83,005eca04,1,004857f0,local,,,,
wiz8--gog-1261--wiz8new--57a3072c2f83,005eca04,2,00485810,local,,,,
wiz8--gog-1261--wiz8new--57a3072c2f83,005eca04,3,005e2212,import-thunk,SR.DLL!?dump@srTexture@@UAEXAAV?$basic_ostream@DU?$char_traits@D@std@@@std@@@Z,"public: virtual void __thiscall srTexture::dump(class std::basic_ostream<char, struct std::char_traits<char>> &)",,
wiz8--gog-1261--wiz8new--57a3072c2f83,005eca04,4,005e20f8,import-thunk,SR.DLL!?verify@srClass@@UAEXW4e_verify@srRuntimeClass@@@Z,public: virtual void __thiscall srClass::verify(enum srRuntimeClass::e_verify),,
wiz8--gog-1261--wiz8new--57a3072c2f83,005eca04,5,00485a10,local,,,,
wiz8--gog-1261--wiz8new--57a3072c2f83,005eca04,6,005e1d9a,pure-virtual,,,,
wiz8--gog-1261--wiz8new--57a3072c2f83,005eca04,7,004858b0,local,,,,
wiz8--gog-1261--wiz8new--57a3072c2f83,005eca04,8,005e220c,import-thunk,SR.DLL!?getTextureFrameHandle@srTexture@@UAEKXZ,public: virtual unsigned long __thiscall srTexture::getTextureFrameHandle(void),,
wiz8--gog-1261--wiz8new--57a3072c2f83,005eca04,9,005e218e,import-thunk,SR.DLL!?getPriority@srTexture@@UAEMXZ,public: virtual float __thiscall srTexture::getPriority(void),,
wiz8--gog-1261--wiz8new--57a3072c2f83,005eca04,10,005e2188,import-thunk,SR.DLL!?getDimensions@srTexture@@UAEXAAUDimensions@srTextureIFace@@@Z,public: virtual void __thiscall srTexture::getDimensions(struct srTextureIFace::Dimensions &),,
wiz8--gog-1261--wiz8new--57a3072c2f83,005eca04,11,005e2206,import-thunk,SR.DLL!?getMipmapData@srTexture@@UAEXAAUMultiRequest@srTextureIFace@@@Z,public: virtual void __thiscall srTexture::getMipmapData(struct srTextureIFace::MultiRequest &),,
wiz8--gog-1261--wiz8new--57a3072c2f83,005eca04,12,005e217c,import-thunk,SR.DLL!?getMipmapLevelPartial@srTexture@@UAEXAAUPartialRequest@srTextureIFace@@@Z,public: virtual void __thiscall srTexture::getMipmapLevelPartial(struct srTextureIFace::PartialRequest &),,
wiz8--gog-1261--wiz8new--57a3072c2f83,005eca04,13,005e2176,import-thunk,SR.DLL!?getTextureParms@srTexture@@UAEXAAUParameters@srTextureIFace@@@Z,public: virtual void __thiscall srTexture::getTextureParms(struct srTextureIFace::Parameters &),,
wiz8--gog-1261--wiz8new--57a3072c2f83,005eca04,14,005e2170,import-thunk,SR.DLL!?getTextureName@srTextureIFace@@UAEPBDXZ,public: virtual char const * __thiscall srTextureIFace::getTextureName(void),,
wiz8--gog-1261--wiz8new--57a3072c2f83,005eca04,15,005e1d9a,pure-virtual,,,,
wiz8--gog-1261--wiz8new--57a3072c2f83,005eca04,16,005e1d9a,pure-virtual,,,,
wiz8--gog-1261--wiz8new--57a3072c2f83,005eca58,0,0048a160,local,,,,
wiz8--gog-1261--wiz8new--57a3072c2f83,005eca5c,0,0048a140,local,,,,
wiz8--gog-1261--wiz8new--57a3072c2f83,005eca60,0,0048a110,local,,,,
wiz8--gog-1261--wiz8new--57a3072c2f83,005eca78,0,0048cea0,local,,,,
wiz8--gog-1261--wiz8new--57a3072c2f83,005eca98,0,0048cf00,local,,,,
wiz8--gog-1261--wiz8new--57a3072c2f83,005eca9c,0,0048ced0,local,,,,
wiz8--gog-1261--wiz8new--57a3072c2f83,005ecaa0,0,0048cf50,local,,,,
wiz8--gog-1261--wiz8new--57a3072c2f83,005ecaa4,0,0048cf20,local,,,,
wiz8--gog-1261--wiz8new--57a3072c2f83,005ecab8,0,0048f260,local,,,,
wiz8--gog-1261--wiz8new--57a3072c2f83,005ecad0,0,0048f240,local,,,,
wiz8--gog-1261--wiz8new--57a3072c2f83,005ecad4,0,0048f210,local,,,,
wiz8--gog-1261--wiz8new--57a3072c2f83,005ecb38,0,00492950,local,,,,
wiz8--gog-1261--wiz8new--57a3072c2f83,005ecb38,1,00492940,local,,,,
wiz8--gog-1261--wiz8new--57a3072c2f83,005ecb38,2,00492960,local,,,,
wiz8--gog-1261--wiz8new--57a3072c2f83,005ecb38,3,005e1fa2,import-thunk,SR.DLL!?dump@srMaterial@@UAEXAAV?$basic_ostream@DU?$char_traits@D@std@@@std@@@Z,"public: virtual void __thiscall srMaterial::dump(class std::basic_ostream<char, struct std::char_traits<char>> &)",,
wiz8--gog-1261--wiz8new--57a3072c2f83,005ecb38,4,005e1f9c,import-thunk,SR.DLL!?verify@srMaterial@@UAEXW4e_verify@srRuntimeClass@@@Z,public: virtual void __thiscall srMaterial::verify(enum srRuntimeClass::e_verify),,
wiz8--gog-1261--wiz8new--57a3072c2f83,005ecb38,5,004926f0,local,,,,
wiz8--gog-1261--wiz8new--57a3072c2f83,005ecb38,6,00492d00,local,,,,
wiz8--gog-1261--wiz8new--57a3072c2f83,005ecb38,7,00492a00,local,,,,
wiz8--gog-1261--wiz8new--57a3072c2f83,005ecb38,8,004928f0,local,,,,
wiz8--gog-1261--wiz8new--57a3072c2f83,005ecb38,9,005e1f8a,import-thunk,SR.DLL!?preProcess@srMaterial@@UAEXAAVsrVertexPipe@@@Z,public: virtual void __thiscall srMaterial::preProcess(class srVertexPipe &),,
wiz8--gog-1261--wiz8new--57a3072c2f83,005ecb38,10,005e1f84,import-thunk,SR.DLL!?postProcess@srMaterial@@UAEXAAVsrVertexPipe@@@Z,public: virtual void __thiscall srMaterial::postProcess(class srVertexPipe &),,
wiz8--gog-1261--wiz8new--57a3072c2f83,005ecb38,11,005e1f7e,import-thunk,SR.DLL!?updateParms@srMaterial@@MAEXXZ,protected: virtual void __thiscall srMaterial::updateParms(void),,
wiz8--gog-1261--wiz8new--57a3072c2f83,005ecb38,12,005e1f78,import-thunk,SR.DLL!?reset@srMaterial@@MAEXXZ,protected: virtual void __thiscall srMaterial::reset(void),,
wiz8--gog-1261--wiz8new--57a3072c2f83,005ecb6c,0,00492950,local,,,,
wiz8--gog-1261--wiz8new--57a3072c2f83,005ecb6c,1,00492940,local,,,,
wiz8--gog-1261--wiz8new--57a3072c2f83,005ecb6c,2,00492960,local,,,,
wiz8--gog-1261--wiz8new--57a3072c2f83,005ecb6c,3,005e1fa2,import-thunk,SR.DLL!?dump@srMaterial@@UAEXAAV?$basic_ostream@DU?$char_traits@D@std@@@std@@@Z,"public: virtual void __thiscall srMaterial::dump(class std::basic_ostream<char, struct std::char_traits<char>> &)",,
wiz8--gog-1261--wiz8new--57a3072c2f83,005ecb6c,4,005e1f9c,import-thunk,SR.DLL!?verify@srMaterial@@UAEXW4e_verify@srRuntimeClass@@@Z,public: virtual void __thiscall srMaterial::verify(enum srRuntimeClass::e_verify),,
wiz8--gog-1261--wiz8new--57a3072c2f83,005ecb6c,5,00492c40,local,,,,
wiz8--gog-1261--wiz8new--57a3072c2f83,005ecb6c,6,005e1f96,import-thunk,SR.DLL!?vInstance@srMaterial@@UAEPAVsrClass@@XZ,public: virtual class srClass * __thiscall srMaterial::vInstance(void),,
wiz8--gog-1261--wiz8new--57a3072c2f83,005ecb6c,7,00492a00,local,,,,
wiz8--gog-1261--wiz8new--57a3072c2f83,005ecb6c,8,005e1f90,import-thunk,SR.DLL!?getMaterialInfo@srMaterial@@UAEXAAUMaterialInfo@srVertexProcessor@@@Z,public: virtual void __thiscall srMaterial::getMaterialInfo(struct srVertexProcessor::MaterialInfo &),,
wiz8--gog-1261--wiz8new--57a3072c2f83,005ecb6c,9,005e1f8a,import-thunk,SR.DLL!?preProcess@srMaterial@@UAEXAAVsrVertexPipe@@@Z,public: virtual void __thiscall srMaterial::preProcess(class srVertexPipe &),,
wiz8--gog-1261--wiz8new--57a3072c2f83,005ecb6c,10,005e1f84,import-thunk,SR.DLL!?postProcess@srMaterial@@UAEXAAVsrVertexPipe@@@Z,public: virtual void __thiscall srMaterial::postProcess(class srVertexPipe &),,
wiz8--gog-1261--wiz8new--57a3072c2f83,005ecb6c,11,005e1f7e,import-thunk,SR.DLL!?updateParms@srMaterial@@MAEXXZ,protected: virtual void __thiscall srMaterial::updateParms(void),,
wiz8--gog-1261--wiz8new--57a3072c2f83,005ecb6c,12,005e1f78,import-thunk,SR.DLL!?reset@srMaterial@@MAEXXZ,protected: virtual void __thiscall srMaterial::reset(void),,
wiz8--gog-1261--wiz8new--57a3072c2f83,005ecbd0,0,0049b550,local,,,,
wiz8--gog-1261--wiz8new--57a3072c2f83,005ecbd0,1,0049b540,local,,,,
wiz8--gog-1261--wiz8new--57a3072c2f83,005ecbd0,2,0049b560,local,,,,
wiz8--gog-1261--wiz8new--57a3072c2f83,005ecbd0,3,005e21f4,import-thunk,SR.DLL!?dump@srNode@@UAEXAAV?$basic_ostream@DU?$char_traits@D@std@@@std@@@Z,"public: virtual void __thiscall srNode::dump(class std::basic_ostream<char, struct std::char_traits<char>> &)",,
wiz8--gog-1261--wiz8new--57a3072c2f83,005ecbd0,4,005e20f8,import-thunk,SR.DLL!?verify@srClass@@UAEXW4e_verify@srRuntimeClass@@@Z,public: virtual void __thiscall srClass::verify(enum srRuntimeClass::e_verify),,
wiz8--gog-1261--wiz8new--57a3072c2f83,005ecbd0,5,00498150,local,,,,
wiz8--gog-1261--wiz8new--57a3072c2f83,005ecbd0,6,004980e0,local,,,,
wiz8--gog-1261--wiz8new--57a3072c2f83,005ecbd0,7,0049b5d0,local,,,,
wiz8--gog-1261--wiz8new--57a3072c2f83,005ecbd0,8,00498c40,local,,,,
wiz8--gog-1261--wiz8new--57a3072c2f83,005ecbd0,9,00498d60,local,,,,
wiz8--gog-1261--wiz8new--57a3072c2f83,005ecbd0,10,005e1fcc,import-thunk,SR.DLL!?getLocalBounds@srNode@@UAEXAAUBoundInfo@1@@Z,public: virtual void __thiscall srNode::getLocalBounds(struct srNode::BoundInfo &),,
wiz8--gog-1261--wiz8new--57a3072c2f83,005ecbd0,11,005e1fc6,import-thunk,SR.DLL!?updateBounds@srNode@@UAEXXZ,public: virtual void __thiscall srNode::updateBounds(void),,
wiz8--gog-1261--wiz8new--57a3072c2f83,005ecbd0,12,005e1fc0,import-thunk,SR.DLL!?processSignal@srNode@@MAEHKPAX@Z,"protected: virtual int __thiscall srNode::processSignal(unsigned long, void *)",,
wiz8--gog-1261--wiz8new--57a3072c2f83,005ecc04,0,0049b550,local,,,,
wiz8--gog-1261--wiz8new--57a3072c2f83,005ecc04,1,0049b540,local,,,,
wiz8--gog-1261--wiz8new--57a3072c2f83,005ecc04,2,0049b560,local,,,,
wiz8--gog-1261--wiz8new--57a3072c2f83,005ecc04,3,005e21f4,import-thunk,SR.DLL!?dump@srNode@@UAEXAAV?$basic_ostream@DU?$char_traits@D@std@@@std@@@Z,"public: virtual void __thiscall srNode::dump(class std::basic_ostream<char, struct std::char_traits<char>> &)",,
wiz8--gog-1261--wiz8new--57a3072c2f83,005ecc04,4,005e20f8,import-thunk,SR.DLL!?verify@srClass@@UAEXW4e_verify@srRuntimeClass@@@Z,public: virtual void __thiscall srClass::verify(enum srRuntimeClass::e_verify),,
wiz8--gog-1261--wiz8new--57a3072c2f83,005ecc04,5,0049ba50,local,,,,
wiz8--gog-1261--wiz8new--57a3072c2f83,005ecc04,6,005e21ee,import-thunk,SR.DLL!?vInstance@srNode@@UAEPAVsrClass@@XZ,public: virtual class srClass * __thiscall srNode::vInstance(void),,
wiz8--gog-1261--wiz8new--57a3072c2f83,005ecc04,7,0049b5d0,local,,,,
wiz8--gog-1261--wiz8new--57a3072c2f83,005ecc04,8,005e1fd8,import-thunk,SR.DLL!?traverse@srNode@@UAEXAAVTraverseInfo@1@@Z,public: virtual void __thiscall srNode::traverse(class srNode::TraverseInfo &),,
wiz8--gog-1261--wiz8new--57a3072c2f83,005ecc04,9,005e21e8,import-thunk,SR.DLL!?process@srNode@@UAEXABUProcessInfo@1@W4e_processType@1@@Z,"public: virtual void __thiscall srNode::process(struct srNode::ProcessInfo const &, enum srNode::e_processType)",,
wiz8--gog-1261--wiz8new--57a3072c2f83,005ecc04,10,005e1fcc,import-thunk,SR.DLL!?getLocalBounds@srNode@@UAEXAAUBoundInfo@1@@Z,public: virtual void __thiscall srNode::getLocalBounds(struct srNode::BoundInfo &),,
wiz8--gog-1261--wiz8new--57a3072c2f83,005ecc04,11,005e1fc6,import-thunk,SR.DLL!?updateBounds@srNode@@UAEXXZ,public: virtual void __thiscall srNode::updateBounds(void),,
wiz8--gog-1261--wiz8new--57a3072c2f83,005ecc04,12,005e1fc0,import-thunk,SR.DLL!?processSignal@srNode@@MAEHKPAX@Z,"protected: virtual int __thiscall srNode::processSignal(unsigned long, void *)",,
wiz8--gog-1261--wiz8new--57a3072c2f83,005ecc58,0,0049e450,adjustor-thunk,,,312,0049e400
wiz8--gog-1261--wiz8new--57a3072c2f83,005ecc58,1,005e2290,import-thunk,SR.DLL!?isActive@srLight@@UAEHAAVsrVertexPipe@@@Z,public: virtual int __thiscall srLight::isActive(class srVertexPipe &),,
wiz8--gog-1261--wiz8new--57a3072c2f83,005ecc58,2,005e228a,import-thunk,SR.DLL!?process@srLight@@UAEXAAVsrVertexPipe@@@Z,public: virtual void __thiscall srLight::process(class srVertexPipe &),,
wiz8--gog-1261--wiz8new--57a3072c2f83,005ecc64,0,0049dc70,local,,,,
wiz8--gog-1261--wiz8new--57a3072c2f83,005ecc64,1,0049dc60,local,,,,
wiz8--gog-1261--wiz8new--57a3072c2f83,005ecc64,2,0049dc80,local,,,,
wiz8--gog-1261--wiz8new--57a3072c2f83,005ecc64,3,005e2296,import-thunk,SR.DLL!?dump@srLight@@UAEXAAV?$basic_ostream@DU?$char_traits@D@std@@@std@@@Z,"public: virtual void __thiscall srLight::dump(class std::basic_ostream<char, struct std::char_traits<char>> &)",,
wiz8--gog-1261--wiz8new--57a3072c2f83,005ecc64,4,005e20f8,import-thunk,SR.DLL!?verify@srClass@@UAEXW4e_verify@srRuntimeClass@@@Z,public: virtual void __thiscall srClass::verify(enum srRuntimeClass::e_verify),,
wiz8--gog-1261--wiz8new--57a3072c2f83,005ecc64,5,0049e400,local,,,,
wiz8--gog-1261--wiz8new--57a3072c2f83,005ecc64,6,0049e3a0,local,,,,
wiz8--gog-1261--wiz8new--57a3072c2f83,005ecc64,7,0049dd60,local,,,,
wiz8--gog-1261--wiz8new--57a3072c2f83,005ecc64,8,0049c7a0,local,,,,
wiz8--gog-1261--wiz8new--57a3072c2f83,005ecc64,9,0049c8d0,local,,,,
wiz8--gog-1261--wiz8new--57a3072c2f83,005ecc64,10,005e1fcc,import-thunk,SR.DLL!?getLocalBounds@srNode@@UAEXAAUBoundInfo@1@@Z,public: virtual void __thiscall srNode::getLocalBounds(struct srNode::BoundInfo &),,
wiz8--gog-1261--wiz8new--57a3072c2f83,005ecc64,11,005e1fc6,import-thunk,SR.DLL!?updateBounds@srNode@@UAEXXZ,public: virtual void __thiscall srNode::updateBounds(void),,
wiz8--gog-1261--wiz8new--57a3072c2f83,005ecc64,12,005e1fc0,import-thunk,SR.DLL!?processSignal@srNode@@MAEHKPAX@Z,"protected: virtual int __thiscall srNode::processSignal(unsigned long, void *)",,
wiz8--gog-1261--wiz8new--57a3072c2f83,005ecc98,0,0049e430,adjustor-thunk,,,312,0049e260
wiz8--gog-1261--wiz8new--57a3072c2f83,005ecc98,1,005e2290,import-thunk,SR.DLL!?isActive@srLight@@UAEHAAVsrVertexPipe@@@Z,public: virtual int __thiscall srLight::isActive(class srVertexPipe &),,
wiz8--gog-1261--wiz8new--57a3072c2f83,005ecc98,2,005e228a,import-thunk,SR.DLL!?process@srLight@@UAEXAAVsrVertexPipe@@@Z,public: virtual void __thiscall srLight::process(class srVertexPipe &),,
wiz8--gog-1261--wiz8new--57a3072c2f83,005ecca4,0,0049dc70,local,,,,
wiz8--gog-1261--wiz8new--57a3072c2f83,005ecca4,1,0049dc60,local,,,,
wiz8--gog-1261--wiz8new--57a3072c2f83,005ecca4,2,0049dc80,local,,,,
wiz8--gog-1261--wiz8new--57a3072c2f83,005ecca4,3,005e2296,import-thunk,SR.DLL!?dump@srLight@@UAEXAAV?$basic_ostream@DU?$char_traits@D@std@@@std@@@Z,"public: virtual void __thiscall srLight::dump(class std::basic_ostream<char, struct std::char_traits<char>> &)",,
wiz8--gog-1261--wiz8new--57a3072c2f83,005ecca4,4,005e20f8,import-thunk,SR.DLL!?verify@srClass@@UAEXW4e_verify@srRuntimeClass@@@Z,public: virtual void __thiscall srClass::verify(enum srRuntimeClass::e_verify),,
wiz8--gog-1261--wiz8new--57a3072c2f83,005ecca4,5,0049e260,local,,,,
wiz8--gog-1261--wiz8new--57a3072c2f83,005ecca4,6,005e21ee,import-thunk,SR.DLL!?vInstance@srNode@@UAEPAVsrClass@@XZ,public: virtual class srClass * __thiscall srNode::vInstance(void),,
wiz8--gog-1261--wiz8new--57a3072c2f83,005ecca4,7,0049dd60,local,,,,
wiz8--gog-1261--wiz8new--57a3072c2f83,005ecca4,8,005e2284,import-thunk,SR.DLL!?traverse@srLight@@UAEXAAVTraverseInfo@srNode@@@Z,public: virtual void __thiscall srLight::traverse(class srNode::TraverseInfo &),,
wiz8--gog-1261--wiz8new--57a3072c2f83,005ecca4,9,005e227e,import-thunk,SR.DLL!?process@srLight@@UAEXABUProcessInfo@srNode@@W4e_processType@3@@Z,"public: virtual void __thiscall srLight::process(struct srNode::ProcessInfo const &, enum srNode::e_processType)",,
wiz8--gog-1261--wiz8new--57a3072c2f83,005ecca4,10,005e1fcc,import-thunk,SR.DLL!?getLocalBounds@srNode@@UAEXAAUBoundInfo@1@@Z,public: virtual void __thiscall srNode::getLocalBounds(struct srNode::BoundInfo &),,
wiz8--gog-1261--wiz8new--57a3072c2f83,005ecca4,11,005e1fc6,import-thunk,SR.DLL!?updateBounds@srNode@@UAEXXZ,public: virtual void __thiscall srNode::updateBounds(void),,
wiz8--gog-1261--wiz8new--57a3072c2f83,005ecca4,12,005e1fc0,import-thunk,SR.DLL!?processSignal@srNode@@MAEHKPAX@Z,"protected: virtual int __thiscall srNode::processSignal(unsigned long, void *)",,
wiz8--gog-1261--wiz8new--57a3072c2f83,005eccd8,0,0049db20,import-thunk,SR.DLL!?sGetClassName@srIlluminator@@SAPBDXZ,public: static char const * __cdecl srIlluminator::sGetClassName(void),,
wiz8--gog-1261--wiz8new--57a3072c2f83,005eccd8,1,0049db10,local,,,,
wiz8--gog-1261--wiz8new--57a3072c2f83,005eccd8,2,0049db30,local,,,,
wiz8--gog-1261--wiz8new--57a3072c2f83,005eccd8,3,005e21f4,import-thunk,SR.DLL!?dump@srNode@@UAEXAAV?$basic_ostream@DU?$char_traits@D@std@@@std@@@Z,"public: virtual void __thiscall srNode::dump(class std::basic_ostream<char, struct std::char_traits<char>> &)",,
wiz8--gog-1261--wiz8new--57a3072c2f83,005eccd8,4,005e20f8,import-thunk,SR.DLL!?verify@srClass@@UAEXW4e_verify@srRuntimeClass@@@Z,public: virtual void __thiscall srClass::verify(enum srRuntimeClass::e_verify),,
wiz8--gog-1261--wiz8new--57a3072c2f83,005eccd8,5,0049dfb0,local,,,,
wiz8--gog-1261--wiz8new--57a3072c2f83,005eccd8,6,005e21ee,import-thunk,SR.DLL!?vInstance@srNode@@UAEPAVsrClass@@XZ,public: virtual class srClass * __thiscall srNode::vInstance(void),,
wiz8--gog-1261--wiz8new--57a3072c2f83,005eccd8,7,0049dba0,local,,,,
wiz8--gog-1261--wiz8new--57a3072c2f83,005eccd8,8,005e1fd8,import-thunk,SR.DLL!?traverse@srNode@@UAEXAAVTraverseInfo@1@@Z,public: virtual void __thiscall srNode::traverse(class srNode::TraverseInfo &),,
wiz8--gog-1261--wiz8new--57a3072c2f83,005eccd8,9,005e21e8,import-thunk,SR.DLL!?process@srNode@@UAEXABUProcessInfo@1@W4e_processType@1@@Z,"public: virtual void __thiscall srNode::process(struct srNode::ProcessInfo const &, enum srNode::e_processType)",,
wiz8--gog-1261--wiz8new--57a3072c2f83,005eccd8,10,005e1fcc,import-thunk,SR.DLL!?getLocalBounds@srNode@@UAEXAAUBoundInfo@1@@Z,public: virtual void __thiscall srNode::getLocalBounds(struct srNode::BoundInfo &),,
wiz8--gog-1261--wiz8new--57a3072c2f83,005eccd8,11,005e1fc6,import-thunk,SR.DLL!?updateBounds@srNode@@UAEXXZ,public: virtual void __thiscall srNode::updateBounds(void),,
wiz8--gog-1261--wiz8new--57a3072c2f83,005eccd8,12,005e1fc0,import-thunk,SR.DLL!?processSignal@srNode@@MAEHKPAX@Z,"protected: virtual int __thiscall srNode::processSignal(unsigned long, void *)",,
wiz8--gog-1261--wiz8new--57a3072c2f83,005ecd0c,0,0049e440,adjustor-thunk,,,312,0049e0a0
wiz8--gog-1261--wiz8new--57a3072c2f83,005ecd0c,1,004d6190,local,,,,
wiz8--gog-1261--wiz8new--57a3072c2f83,005ecd0c,2,005b1be0,local,,,,
wiz8--gog-1261--wiz8new--57a3072c2f83,005ecd18,0,0049dc30,local,,,,
wiz8--gog-1261--wiz8new--57a3072c2f83,005ecd18,1,0049dc20,local,,,,
wiz8--gog-1261--wiz8new--57a3072c2f83,005ecd18,2,0049e300,local,,,,
wiz8--gog-1261--wiz8new--57a3072c2f83,005ecd18,3,005e21f4,import-thunk,SR.DLL!?dump@srNode@@UAEXAAV?$basic_ostream@DU?$char_traits@D@std@@@std@@@Z,"public: virtual void __thiscall srNode::dump(class std::basic_ostream<char, struct std::char_traits<char>> &)",,
wiz8--gog-1261--wiz8new--57a3072c2f83,005ecd18,4,005e20f8,import-thunk,SR.DLL!?verify@srClass@@UAEXW4e_verify@srRuntimeClass@@@Z,public: virtual void __thiscall srClass::verify(enum srRuntimeClass::e_verify),,
wiz8--gog-1261--wiz8new--57a3072c2f83,005ecd18,5,0049e0a0,local,,,,
wiz8--gog-1261--wiz8new--57a3072c2f83,005ecd18,6,005e21ee,import-thunk,SR.DLL!?vInstance@srNode@@UAEPAVsrClass@@XZ,public: virtual class srClass * __thiscall srNode::vInstance(void),,
wiz8--gog-1261--wiz8new--57a3072c2f83,005ecd18,7,0049dc40,local,,,,
wiz8--gog-1261--wiz8new--57a3072c2f83,005ecd18,8,005e2266,import-thunk,SR.DLL!?traverse@srIlluminator@@UAEXAAVTraverseInfo@srNode@@@Z,public: virtual void __thiscall srIlluminator::traverse(class srNode::TraverseInfo &),,
wiz8--gog-1261--wiz8new--57a3072c2f83,005ecd18,9,005e2260,import-thunk,SR.DLL!?process@srIlluminator@@UAEXABUProcessInfo@srNode@@W4e_processType@3@@Z,"public: virtual void __thiscall srIlluminator::process(struct srNode::ProcessInfo const &, enum srNode::e_processType)",,
wiz8--gog-1261--wiz8new--57a3072c2f83,005ecd18,10,005e1fcc,import-thunk,SR.DLL!?getLocalBounds@srNode@@UAEXAAUBoundInfo@1@@Z,public: virtual void __thiscall srNode::getLocalBounds(struct srNode::BoundInfo &),,
wiz8--gog-1261--wiz8new--57a3072c2f83,005ecd18,11,005e1fc6,import-thunk,SR.DLL!?updateBounds@srNode@@UAEXXZ,public: virtual void __thiscall srNode::updateBounds(void),,
wiz8--gog-1261--wiz8new--57a3072c2f83,005ecd18,12,005e1fc0,import-thunk,SR.DLL!?processSignal@srNode@@MAEHKPAX@Z,"protected: virtual int __thiscall srNode::processSignal(unsigned long, void *)",,
wiz8--gog-1261--wiz8new--57a3072c2f83,005ecd70,0,0049f100,local,,,,
wiz8--gog-1261--wiz8new--57a3072c2f83,005ecd70,1,0044edf0,local,,,,
wiz8--gog-1261--wiz8new--57a3072c2f83,005ecd78,0,0049f420,local,,,,
wiz8--gog-1261--wiz8new--57a3072c2f83,005ecda0,0,004a25c0,local,,,,
wiz8--gog-1261--wiz8new--57a3072c2f83,005ecda0,1,004a2230,local,,,,
wiz8--gog-1261--wiz8new--57a3072c2f83,005ecda0,2,004a2580,local,,,,
wiz8--gog-1261--wiz8new--57a3072c2f83,005ecdac,0,004a20c0,local,,,,
wiz8--gog-1261--wiz8new--57a3072c2f83,005ecdb0,0,004a20f0,local,,,,
wiz8--gog-1261--wiz8new--57a3072c2f83,005ecdb0,1,005e1d9a,pure-virtual,,,,
wiz8--gog-1261--wiz8new--57a3072c2f83,005ecdb0,2,005e1d9a,pure-virtual,,,,
wiz8--gog-1261--wiz8new--57a3072c2f83,005ecdbc,0,004a2200,local,,,,
wiz8--gog-1261--wiz8new--57a3072c2f83,005ecdbc,1,004a2140,local,,,,
wiz8--gog-1261--wiz8new--57a3072c2f83,005ecdbc,2,004a21e0,local,,,,
wiz8--gog-1261--wiz8new--57a3072c2f83,005ecdc8,0,004a2110,local,,,,
wiz8--gog-1261--wiz8new--57a3072c2f83,005ecde0,0,004a2d80,local,,,,
wiz8--gog-1261--wiz8new--57a3072c2f83,005ecde0,1,004a5d40,local,,,,
wiz8--gog-1261--wiz8new--57a3072c2f83,005ecde0,2,004ab290,local,,,,
wiz8--gog-1261--wiz8new--57a3072c2f83,005ecde0,3,004a2710,local,,,,
wiz8--gog-1261--wiz8new--57a3072c2f83,005ecde0,4,004ab310,local,,,,
wiz8--gog-1261--wiz8new--57a3072c2f83,005ecdf4,0,004a5da0,adjustor-thunk,,,24,004a3e30
wiz8--gog-1261--wiz8new--57a3072c2f83,005ecdf4,1,004538b0,local,,,,
wiz8--gog-1261--wiz8new--57a3072c2f83,005ecdf4,2,004538c0,local,,,,
wiz8--gog-1261--wiz8new--57a3072c2f83,005ecdf4,3,004a4720,local,,,,
wiz8--gog-1261--wiz8new--57a3072c2f83,005ecdf4,4,00456020,local,,,,
wiz8--gog-1261--wiz8new--57a3072c2f83,005ece08,0,004a3e30,local,,,,
wiz8--gog-1261--wiz8new--57a3072c2f83,005ece08,1,004a7140,local,,,,
wiz8--gog-1261--wiz8new--57a3072c2f83,005ece08,2,004a6e20,local,,,,
wiz8--gog-1261--wiz8new--57a3072c2f83,005ece08,3,004a6fc0,local,,,,
wiz8--gog-1261--wiz8new--57a3072c2f83,005ece08,4,004a4100,local,,,,
wiz8--gog-1261--wiz8new--57a3072c2f83,005ece08,5,004a4110,local,,,,
wiz8--gog-1261--wiz8new--57a3072c2f83,005ece08,6,004a42b0,local,,,,
wiz8--gog-1261--wiz8new--57a3072c2f83,005ece08,7,004a4590,local,,,,
wiz8--gog-1261--wiz8new--57a3072c2f83,005ece08,8,004a45c0,local,,,,
wiz8--gog-1261--wiz8new--57a3072c2f83,005ece08,9,004a45e0,local,,,,
wiz8--gog-1261--wiz8new--57a3072c2f83,005ece08,10,004a7dd0,local,,,,
wiz8--gog-1261--wiz8new--57a3072c2f83,005ece08,11,004a7e10,local,,,,
wiz8--gog-1261--wiz8new--57a3072c2f83,005ece08,12,004a4300,local,,,,
wiz8--gog-1261--wiz8new--57a3072c2f83,005ece08,13,004a4570,local,,,,
wiz8--gog-1261--wiz8new--57a3072c2f83,005ece08,14,004a4140,local,,,,
wiz8--gog-1261--wiz8new--57a3072c2f83,005ece08,15,004a45f0,local,,,,
wiz8--gog-1261--wiz8new--57a3072c2f83,005ece08,16,004a4050,local,,,,
wiz8--gog-1261--wiz8new--57a3072c2f83,005ece4c,0,004a5cb0,local,,,,
wiz8--gog-1261--wiz8new--57a3072c2f83,005ece60,0,004a5d20,local,,,,
wiz8--gog-1261--wiz8new--57a3072c2f83,005ece64,0,004a5cf0,local,,,,
wiz8--gog-1261--wiz8new--57a3072c2f83,005ece78,0,004a5f00,local,,,,
wiz8--gog-1261--wiz8new--57a3072c2f83,005ece78,1,004a7140,local,,,,
wiz8--gog-1261--wiz8new--57a3072c2f83,005ece78,2,004a6e20,local,,,,
wiz8--gog-1261--wiz8new--57a3072c2f83,005ece78,3,004a6fc0,local,,,,
wiz8--gog-1261--wiz8new--57a3072c2f83,005ece78,4,004a7470,local,,,,
wiz8--gog-1261--wiz8new--57a3072c2f83,005ece78,5,005e1d9a,pure-virtual,,,,
wiz8--gog-1261--wiz8new--57a3072c2f83,005ece78,6,005e1d9a,pure-virtual,,,,
wiz8--gog-1261--wiz8new--57a3072c2f83,005ece78,7,005e1d9a,pure-virtual,,,,
wiz8--gog-1261--wiz8new--57a3072c2f83,005ece78,8,005e1d9a,pure-virtual,,,,
wiz8--gog-1261--wiz8new--57a3072c2f83,005ece78,9,005e1d9a,pure-virtual,,,,
wiz8--gog-1261--wiz8new--57a3072c2f83,005ece78,10,004a7dd0,local,,,,
wiz8--gog-1261--wiz8new--57a3072c2f83,005ece78,11,004a7e10,local,,,,
wiz8--gog-1261--wiz8new--57a3072c2f83,005ece78,12,005e1d9a,pure-virtual,,,,
wiz8--gog-1261--wiz8new--57a3072c2f83,005ece78,13,005e1d9a,pure-virtual,,,,
wiz8--gog-1261--wiz8new--57a3072c2f83,005ece78,14,004a72f0,local,,,,
wiz8--gog-1261--wiz8new--57a3072c2f83,005ece78,15,005e1d9a,pure-virtual,,,,
wiz8--gog-1261--wiz8new--57a3072c2f83,005eceb8,0,004a9100,adjustor-thunk,,,24,004a5f00
wiz8--gog-1261--wiz8new--57a3072c2f83,005eceb8,1,004538b0,local,,,,
wiz8--gog-1261--wiz8new--57a3072c2f83,005eceb8,2,004538c0,local,,,,
wiz8--gog-1261--wiz8new--57a3072c2f83,005eceb8,3,004a7140,local,,,,
wiz8--gog-1261--wiz8new--57a3072c2f83,005eceb8,4,00456020,local,,,,
wiz8--gog-1261--wiz8new--57a3072c2f83,005ececc,0,004a8fe0,local,,,,
wiz8--gog-1261--wiz8new--57a3072c2f83,005eced0,0,004a8fb0,local,,,,
wiz8--gog-1261--wiz8new--57a3072c2f83,005eced4,0,004a8f70,local,,,,
wiz8--gog-1261--wiz8new--57a3072c2f83,005eced8,0,004a8f40,local,,,,
wiz8--gog-1261--wiz8new--57a3072c2f83,005ecedc,0,004a9050,local,,,,
wiz8--gog-1261--wiz8new--57a3072c2f83,005ecee0,0,004a9020,local,,,,
wiz8--gog-1261--wiz8new--57a3072c2f83,005ecee4,0,004a8f20,local,,,,
wiz8--gog-1261--wiz8new--57a3072c2f83,005ecee8,0,004a8ef0,local,,,,
wiz8--gog-1261--wiz8new--57a3072c2f83,005ecf00,0,004aaaf0,local,,,,
wiz8--gog-1261--wiz8new--57a3072c2f83,005ecf04,0,004aaac0,local,,,,
wiz8--gog-1261--wiz8new--57a3072c2f83,005ecf18,0,004aad00,local,,,,
wiz8--gog-1261--wiz8new--57a3072c2f83,005ecf18,1,004ade70,local,,,,
wiz8--gog-1261--wiz8new--57a3072c2f83,005ecf18,2,004ab290,local,,,,
wiz8--gog-1261--wiz8new--57a3072c2f83,005ecf18,3,004ab2c0,local,,,,
wiz8--gog-1261--wiz8new--57a3072c2f83,005ecf18,4,004ab310,local,,,,
wiz8--gog-1261--wiz8new--57a3072c2f83,005ecf2c,0,004ade60,adjustor-thunk,,,24,004abce0
wiz8--gog-1261--wiz8new--57a3072c2f83,005ecf2c,1,004538b0,local,,,,
wiz8--gog-1261--wiz8new--57a3072c2f83,005ecf2c,2,004538c0,local,,,,
wiz8--gog-1261--wiz8new--57a3072c2f83,005ecf2c,3,004a7140,local,,,,
wiz8--gog-1261--wiz8new--57a3072c2f83,005ecf2c,4,00456020,local,,,,
wiz8--gog-1261--wiz8new--57a3072c2f83,005ecf40,0,004abce0,local,,,,
wiz8--gog-1261--wiz8new--57a3072c2f83,005ecf40,1,004a7140,local,,,,
wiz8--gog-1261--wiz8new--57a3072c2f83,005ecf40,2,004a6e20,local,,,,
wiz8--gog-1261--wiz8new--57a3072c2f83,005ecf40,3,004a6fc0,local,,,,
wiz8--gog-1261--wiz8new--57a3072c2f83,005ecf40,4,004abe00,local,,,,
wiz8--gog-1261--wiz8new--57a3072c2f83,005ecf40,5,004ac360,local,,,,
wiz8--gog-1261--wiz8new--57a3072c2f83,005ecf40,6,004ac4e0,local,,,,
wiz8--gog-1261--wiz8new--57a3072c2f83,005ecf40,7,004ac840,local,,,,
wiz8--gog-1261--wiz8new--57a3072c2f83,005ecf40,8,004ac870,local,,,,
wiz8--gog-1261--wiz8new--57a3072c2f83,005ecf40,9,004ac890,local,,,,
wiz8--gog-1261--wiz8new--57a3072c2f83,005ecf40,10,004a7dd0,local,,,,
wiz8--gog-1261--wiz8new--57a3072c2f83,005ecf40,11,004a7e10,local,,,,
wiz8--gog-1261--wiz8new--57a3072c2f83,005ecf40,12,004ac580,local,,,,
wiz8--gog-1261--wiz8new--57a3072c2f83,005ecf40,13,004ac820,local,,,,
wiz8--gog-1261--wiz8new--57a3072c2f83,005ecf40,14,004ac390,local,,,,
wiz8--gog-1261--wiz8new--57a3072c2f83,005ecf40,15,004ac8a0,local,,,,
wiz8--gog-1261--wiz8new--57a3072c2f83,005ecf40,16,004abdc0,local,,,,
wiz8--gog-1261--wiz8new--57a3072c2f83,005ecf40,17,004ac530,local,,,,
wiz8--gog-1261--wiz8new--57a3072c2f83,005ecfb0,0,004af3e0,local,,,,
wiz8--gog-1261--wiz8new--57a3072c2f83,005ecfb0,1,004af3d0,local,,,,
wiz8--gog-1261--wiz8new--57a3072c2f83,005ecfb0,2,004af3f0,local,,,,
wiz8--gog-1261--wiz8new--57a3072c2f83,005ecfb0,3,005e21f4,import-thunk,SR.DLL!?dump@srNode@@UAEXAAV?$basic_ostream@DU?$char_traits@D@std@@@std@@@Z,"public: virtual void __thiscall srNode::dump(class std::basic_ostream<char, struct std::char_traits<char>> &)",,
wiz8--gog-1261--wiz8new--57a3072c2f83,005ecfb0,4,005e20f8,import-thunk,SR.DLL!?verify@srClass@@UAEXW4e_verify@srRuntimeClass@@@Z,public: virtual void __thiscall srClass::verify(enum srRuntimeClass::e_verify),,
wiz8--gog-1261--wiz8new--57a3072c2f83,005ecfb0,5,004aea70,local,,,,
wiz8--gog-1261--wiz8new--57a3072c2f83,005ecfb0,6,004ae8b0,local,,,,
wiz8--gog-1261--wiz8new--57a3072c2f83,005ecfb0,7,004af460,local,,,,
wiz8--gog-1261--wiz8new--57a3072c2f83,005ecfb0,8,005e1fd8,import-thunk,SR.DLL!?traverse@srNode@@UAEXAAVTraverseInfo@1@@Z,public: virtual void __thiscall srNode::traverse(class srNode::TraverseInfo &),,
wiz8--gog-1261--wiz8new--57a3072c2f83,005ecfb0,9,005e21e8,import-thunk,SR.DLL!?process@srNode@@UAEXABUProcessInfo@1@W4e_processType@1@@Z,"public: virtual void __thiscall srNode::process(struct srNode::ProcessInfo const &, enum srNode::e_processType)",,
wiz8--gog-1261--wiz8new--57a3072c2f83,005ecfb0,10,005e1fcc,import-thunk,SR.DLL!?getLocalBounds@srNode@@UAEXAAUBoundInfo@1@@Z,public: virtual void __thiscall srNode::getLocalBounds(struct srNode::BoundInfo &),,
wiz8--gog-1261--wiz8new--57a3072c2f83,005ecfb0,11,005e1fc6,import-thunk,SR.DLL!?updateBounds@srNode@@UAEXXZ,public: virtual void __thiscall srNode::updateBounds(void),,
wiz8--gog-1261--wiz8new--57a3072c2f83,005ecfb0,12,005e1fc0,import-thunk,SR.DLL!?processSignal@srNode@@MAEHKPAX@Z,"protected: virtual int __thiscall srNode::processSignal(unsigned long, void *)",,
wiz8--gog-1261--wiz8new--57a3072c2f83,005ecfe4,0,004af3e0,local,,,,
wiz8--gog-1261--wiz8new--57a3072c2f83,005ecfe4,1,004af3d0,local,,,,
wiz8--gog-1261--wiz8new--57a3072c2f83,005ecfe4,2,004af3f0,local,,,,
wiz8--gog-1261--wiz8new--57a3072c2f83,005ecfe4,3,005e21f4,import-thunk,SR.DLL!?dump@srNode@@UAEXAAV?$basic_ostream@DU?$char_traits@D@std@@@std@@@Z,"public: virtual void __thiscall srNode::dump(class std::basic_ostream<char, struct std::char_traits<char>> &)",,
wiz8--gog-1261--wiz8new--57a3072c2f83,005ecfe4,4,005e20f8,import-thunk,SR.DLL!?verify@srClass@@UAEXW4e_verify@srRuntimeClass@@@Z,public: virtual void __thiscall srClass::verify(enum srRuntimeClass::e_verify),,
wiz8--gog-1261--wiz8new--57a3072c2f83,005ecfe4,5,004af660,local,,,,
wiz8--gog-1261--wiz8new--57a3072c2f83,005ecfe4,6,005e21ee,import-thunk,SR.DLL!?vInstance@srNode@@UAEPAVsrClass@@XZ,public: virtual class srClass * __thiscall srNode::vInstance(void),,
wiz8--gog-1261--wiz8new--57a3072c2f83,005ecfe4,7,004af460,local,,,,
wiz8--gog-1261--wiz8new--57a3072c2f83,005ecfe4,8,005e1fd8,import-thunk,SR.DLL!?traverse@srNode@@UAEXAAVTraverseInfo@1@@Z,public: virtual void __thiscall srNode::traverse(class srNode::TraverseInfo &),,
wiz8--gog-1261--wiz8new--57a3072c2f83,005ecfe4,9,005e21e8,import-thunk,SR.DLL!?process@srNode@@UAEXABUProcessInfo@1@W4e_processType@1@@Z,"public: virtual void __thiscall srNode::process(struct srNode::ProcessInfo const &, enum srNode::e_processType)",,
wiz8--gog-1261--wiz8new--57a3072c2f83,005ecfe4,10,005e1fcc,import-thunk,SR.DLL!?getLocalBounds@srNode@@UAEXAAUBoundInfo@1@@Z,public: virtual void __thiscall srNode::getLocalBounds(struct srNode::BoundInfo &),,
wiz8--gog-1261--wiz8new--57a3072c2f83,005ecfe4,11,005e1fc6,import-thunk,SR.DLL!?updateBounds@srNode@@UAEXXZ,public: virtual void __thiscall srNode::updateBounds(void),,
wiz8--gog-1261--wiz8new--57a3072c2f83,005ecfe4,12,005e1fc0,import-thunk,SR.DLL!?processSignal@srNode@@MAEHKPAX@Z,"protected: virtual int __thiscall srNode::processSignal(unsigned long, void *)",,
wiz8--gog-1261--wiz8new--57a3072c2f83,005ed018,0,004af740,local,,,,
wiz8--gog-1261--wiz8new--57a3072c2f83,005ed01c,0,004af710,local,,,,
wiz8--gog-1261--wiz8new--57a3072c2f83,005ed050,0,004b5760,local,,,,
wiz8--gog-1261--wiz8new--57a3072c2f83,005ed050,1,0044edf0,local,,,,
wiz8--gog-1261--wiz8new--57a3072c2f83,005ed058,0,004b5660,local,,,,
wiz8--gog-1261--wiz8new--57a3072c2f83,005ed058,1,0044edf0,local,,,,
wiz8--gog-1261--wiz8new--57a3072c2f83,005ed058,2,005e1d9a,pure-virtual,,,,
wiz8--gog-1261--wiz8new--57a3072c2f83,005ed058,3,005e1d9a,pure-virtual,,,,
wiz8--gog-1261--wiz8new--57a3072c2f83,005ed058,4,005e1d9a,pure-virtual,,,,
wiz8--gog-1261--wiz8new--57a3072c2f83,005ed090,0,004b6920,local,,,,
wiz8--gog-1261--wiz8new--57a3072c2f83,005ed094,0,004b6dc0,local,,,,
wiz8--gog-1261--wiz8new--57a3072c2f83,005ed098,0,004b6d90,local,,,,
wiz8--gog-1261--wiz8new--57a3072c2f83,005ed0d0,0,004b8a50,local,,,,
wiz8--gog-1261--wiz8new--57a3072c2f83,005ed0d0,1,004d6190,local,,,,
wiz8--gog-1261--wiz8new--57a3072c2f83,005ed0d0,2,004b89b0,local,,,,
wiz8--gog-1261--wiz8new--57a3072c2f83,005ed0f0,0,004ba1c0,local,,,,
wiz8--gog-1261--wiz8new--57a3072c2f83,005ed0f0,1,004ba1b0,local,,,,
wiz8--gog-1261--wiz8new--57a3072c2f83,005ed0f0,2,004ba1d0,local,,,,
wiz8--gog-1261--wiz8new--57a3072c2f83,005ed0f0,3,005e21f4,import-thunk,SR.DLL!?dump@srNode@@UAEXAAV?$basic_ostream@DU?$char_traits@D@std@@@std@@@Z,"public: virtual void __thiscall srNode::dump(class std::basic_ostream<char, struct std::char_traits<char>> &)",,
wiz8--gog-1261--wiz8new--57a3072c2f83,005ed0f0,4,005e20f8,import-thunk,SR.DLL!?verify@srClass@@UAEXW4e_verify@srRuntimeClass@@@Z,public: virtual void __thiscall srClass::verify(enum srRuntimeClass::e_verify),,
wiz8--gog-1261--wiz8new--57a3072c2f83,005ed0f0,5,004b9ce0,local,,,,
wiz8--gog-1261--wiz8new--57a3072c2f83,005ed0f0,6,004ba3d0,local,,,,
wiz8--gog-1261--wiz8new--57a3072c2f83,005ed0f0,7,004ba240,local,,,,
wiz8--gog-1261--wiz8new--57a3072c2f83,005ed0f0,8,004ba0e0,local,,,,
wiz8--gog-1261--wiz8new--57a3072c2f83,005ed0f0,9,004b9dd0,local,,,,
wiz8--gog-1261--wiz8new--57a3072c2f83,005ed0f0,10,005e1fcc,import-thunk,SR.DLL!?getLocalBounds@srNode@@UAEXAAUBoundInfo@1@@Z,public: virtual void __thiscall srNode::getLocalBounds(struct srNode::BoundInfo &),,
wiz8--gog-1261--wiz8new--57a3072c2f83,005ed0f0,11,005e1fc6,import-thunk,SR.DLL!?updateBounds@srNode@@UAEXXZ,public: virtual void __thiscall srNode::updateBounds(void),,
wiz8--gog-1261--wiz8new--57a3072c2f83,005ed0f0,12,005e1fc0,import-thunk,SR.DLL!?processSignal@srNode@@MAEHKPAX@Z,"protected: virtual int __thiscall srNode::processSignal(unsigned long, void *)",,
wiz8--gog-1261--wiz8new--57a3072c2f83,005ed124,0,004ba1c0,local,,,,
wiz8--gog-1261--wiz8new--57a3072c2f83,005ed124,1,004ba1b0,local,,,,
wiz8--gog-1261--wiz8new--57a3072c2f83,005ed124,2,004ba1d0,local,,,,
wiz8--gog-1261--wiz8new--57a3072c2f83,005ed124,3,005e21f4,import-thunk,SR.DLL!?dump@srNode@@UAEXAAV?$basic_ostream@DU?$char_traits@D@std@@@std@@@Z,"public: virtual void __thiscall srNode::dump(class std::basic_ostream<char, struct std::char_traits<char>> &)",,
wiz8--gog-1261--wiz8new--57a3072c2f83,005ed124,4,005e20f8,import-thunk,SR.DLL!?verify@srClass@@UAEXW4e_verify@srRuntimeClass@@@Z,public: virtual void __thiscall srClass::verify(enum srRuntimeClass::e_verify),,
wiz8--gog-1261--wiz8new--57a3072c2f83,005ed124,5,004ba3a0,local,,,,
wiz8--gog-1261--wiz8new--57a3072c2f83,005ed124,6,005e21ee,import-thunk,SR.DLL!?vInstance@srNode@@UAEPAVsrClass@@XZ,public: virtual class srClass * __thiscall srNode::vInstance(void),,
wiz8--gog-1261--wiz8new--57a3072c2f83,005ed124,7,004ba240,local,,,,
wiz8--gog-1261--wiz8new--57a3072c2f83,005ed124,8,005e1fd8,import-thunk,SR.DLL!?traverse@srNode@@UAEXAAVTraverseInfo@1@@Z,public: virtual void __thiscall srNode::traverse(class srNode::TraverseInfo &),,
wiz8--gog-1261--wiz8new--57a3072c2f83,005ed124,9,005e21e8,import-thunk,SR.DLL!?process@srNode@@UAEXABUProcessInfo@1@W4e_processType@1@@Z,"public: virtual void __thiscall srNode::process(struct srNode::ProcessInfo const &, enum srNode::e_processType)",,
wiz8--gog-1261--wiz8new--57a3072c2f83,005ed124,10,005e1fcc,import-thunk,SR.DLL!?getLocalBounds@srNode@@UAEXAAUBoundInfo@1@@Z,public: virtual void __thiscall srNode::getLocalBounds(struct srNode::BoundInfo &),,
wiz8--gog-1261--wiz8new--57a3072c2f83,005ed124,11,005e1fc6,import-thunk,SR.DLL!?updateBounds@srNode@@UAEXXZ,public: virtual void __thiscall srNode::updateBounds(void),,
wiz8--gog-1261--wiz8new--57a3072c2f83,005ed124,12,005e1fc0,import-thunk,SR.DLL!?processSignal@srNode@@MAEHKPAX@Z,"protected: virtual int __thiscall srNode::processSignal(unsigned long, void *)",,
wiz8--gog-1261--wiz8new--57a3072c2f83,005ed180,0,004bdf10,local,,,,
wiz8--gog-1261--wiz8new--57a3072c2f83,005ed180,1,004bdf00,local,,,,
wiz8--gog-1261--wiz8new--57a3072c2f83,005ed180,2,004bdf20,local,,,,
wiz8--gog-1261--wiz8new--57a3072c2f83,005ed180,3,005e22ae,import-thunk,SR.DLL!?dump@srClipPlane@@UAEXAAV?$basic_ostream@DU?$char_traits@D@std@@@std@@@Z,"public: virtual void __thiscall srClipPlane::dump(class std::basic_ostream<char, struct std::char_traits<char>> &)",,
wiz8--gog-1261--wiz8new--57a3072c2f83,005ed180,4,005e20f8,import-thunk,SR.DLL!?verify@srClass@@UAEXW4e_verify@srRuntimeClass@@@Z,public: virtual void __thiscall srClass::verify(enum srRuntimeClass::e_verify),,
wiz8--gog-1261--wiz8new--57a3072c2f83,005ed180,5,004bdfb0,local,,,,
wiz8--gog-1261--wiz8new--57a3072c2f83,005ed180,6,005e22a8,import-thunk,SR.DLL!?vInstance@srClipPlane@@UAEPAVsrClass@@XZ,public: virtual class srClass * __thiscall srClipPlane::vInstance(void),,
wiz8--gog-1261--wiz8new--57a3072c2f83,005ed180,7,004bdf90,local,,,,
wiz8--gog-1261--wiz8new--57a3072c2f83,005ed180,8,005e22a2,import-thunk,SR.DLL!?traverse@srClipPlane@@UAEXAAVTraverseInfo@srNode@@@Z,public: virtual void __thiscall srClipPlane::traverse(class srNode::TraverseInfo &),,
wiz8--gog-1261--wiz8new--57a3072c2f83,005ed180,9,005e229c,import-thunk,SR.DLL!?process@srClipPlane@@UAEXABUProcessInfo@srNode@@W4e_processType@3@@Z,"public: virtual void __thiscall srClipPlane::process(struct srNode::ProcessInfo const &, enum srNode::e_processType)",,
wiz8--gog-1261--wiz8new--57a3072c2f83,005ed180,10,005e1fcc,import-thunk,SR.DLL!?getLocalBounds@srNode@@UAEXAAUBoundInfo@1@@Z,public: virtual void __thiscall srNode::getLocalBounds(struct srNode::BoundInfo &),,
wiz8--gog-1261--wiz8new--57a3072c2f83,005ed180,11,005e1fc6,import-thunk,SR.DLL!?updateBounds@srNode@@UAEXXZ,public: virtual void __thiscall srNode::updateBounds(void),,
wiz8--gog-1261--wiz8new--57a3072c2f83,005ed180,12,005e1fc0,import-thunk,SR.DLL!?processSignal@srNode@@MAEHKPAX@Z,"protected: virtual int __thiscall srNode::processSignal(unsigned long, void *)",,
wiz8--gog-1261--wiz8new--57a3072c2f83,005ed1b4,0,004be000,local,,,,
wiz8--gog-1261--wiz8new--57a3072c2f83,005ed1b8,0,004be030,local,,,,
wiz8--gog-1261--wiz8new--57a3072c2f83,005ed200,0,004beba0,local,,,,
wiz8--gog-1261--wiz8new--57a3072c2f83,005ed200,1,004ca9e0,local,,,,
wiz8--gog-1261--wiz8new--57a3072c2f83,005ed200,2,004bf8c0,local,,,,
wiz8--gog-1261--wiz8new--57a3072c2f83,005ed200,3,004bf970,local,,,,
wiz8--gog-1261--wiz8new--57a3072c2f83,005ed200,4,004bf920,local,,,,
wiz8--gog-1261--wiz8new--57a3072c2f83,005ed200,5,004bf0f0,local,,,,
wiz8--gog-1261--wiz8new--57a3072c2f83,005ed218,0,004cae30,adjustor-thunk,,,24,004bfde0
wiz8--gog-1261--wiz8new--57a3072c2f83,005ed218,1,004538b0,local,,,,
wiz8--gog-1261--wiz8new--57a3072c2f83,005ed218,2,004538c0,local,,,,
wiz8--gog-1261--wiz8new--57a3072c2f83,005ed218,3,004a7140,local,,,,
wiz8--gog-1261--wiz8new--57a3072c2f83,005ed218,4,004ca840,local,,,,
wiz8--gog-1261--wiz8new--57a3072c2f83,005ed22c,0,004bfde0,local,,,,
wiz8--gog-1261--wiz8new--57a3072c2f83,005ed22c,1,004c2bf0,local,,,,
wiz8--gog-1261--wiz8new--57a3072c2f83,005ed22c,2,004a6e20,local,,,,
wiz8--gog-1261--wiz8new--57a3072c2f83,005ed22c,3,004a6fc0,local,,,,
wiz8--gog-1261--wiz8new--57a3072c2f83,005ed22c,4,004c2e60,local,,,,
wiz8--gog-1261--wiz8new--57a3072c2f83,005ed22c,5,004caa40,local,,,,
wiz8--gog-1261--wiz8new--57a3072c2f83,005ed22c,6,004c3740,local,,,,
wiz8--gog-1261--wiz8new--57a3072c2f83,005ed22c,7,004c3dd0,local,,,,
wiz8--gog-1261--wiz8new--57a3072c2f83,005ed22c,8,004caa90,local,,,,
wiz8--gog-1261--wiz8new--57a3072c2f83,005ed22c,9,004cab00,local,,,,
wiz8--gog-1261--wiz8new--57a3072c2f83,005ed22c,10,004c3df0,local,,,,
wiz8--gog-1261--wiz8new--57a3072c2f83,005ed22c,11,004c3ed0,local,,,,
wiz8--gog-1261--wiz8new--57a3072c2f83,005ed22c,12,004c3790,local,,,,
wiz8--gog-1261--wiz8new--57a3072c2f83,005ed22c,13,004cab10,local,,,,
wiz8--gog-1261--wiz8new--57a3072c2f83,005ed22c,14,004c32e0,local,,,,
wiz8--gog-1261--wiz8new--57a3072c2f83,005ed22c,15,004c3f00,local,,,,
wiz8--gog-1261--wiz8new--57a3072c2f83,005ed22c,16,004c2100,local,,,,
wiz8--gog-1261--wiz8new--57a3072c2f83,005ed22c,17,004caac0,local,,,,
wiz8--gog-1261--wiz8new--57a3072c2f83,005ed22c,18,004c72a0,local,,,,
wiz8--gog-1261--wiz8new--57a3072c2f83,005ed22c,19,004c3e60,local,,,,
wiz8--gog-1261--wiz8new--57a3072c2f83,005ed288,0,004c3710,local,,,,
wiz8--gog-1261--wiz8new--57a3072c2f83,005ed288,1,004c3620,local,,,,
wiz8--gog-1261--wiz8new--57a3072c2f83,005ed290,0,004cab40,local,,,,
wiz8--gog-1261--wiz8new--57a3072c2f83,005ed290,1,005e1d9a,pure-virtual,,,,
wiz8--gog-1261--wiz8new--57a3072c2f83,005ed2c8,0,004cae10,local,,,,
wiz8--gog-1261--wiz8new--57a3072c2f83,005ed2cc,0,004cade0,local,,,,
wiz8--gog-1261--wiz8new--57a3072c2f83,005ed328,0,004cf7d0,local,,,,
wiz8--gog-1261--wiz8new--57a3072c2f83,005ed328,1,004cf7c0,local,,,,
wiz8--gog-1261--wiz8new--57a3072c2f83,005ed328,2,004cf7e0,local,,,,
wiz8--gog-1261--wiz8new--57a3072c2f83,005ed328,3,005e21a6,import-thunk,SR.DLL!?dump@srClass@@UAEXAAV?$basic_ostream@DU?$char_traits@D@std@@@std@@@Z,"public: virtual void __thiscall srClass::dump(class std::basic_ostream<char, struct std::char_traits<char>> &)",,
wiz8--gog-1261--wiz8new--57a3072c2f83,005ed328,4,005e20f8,import-thunk,SR.DLL!?verify@srClass@@UAEXW4e_verify@srRuntimeClass@@@Z,public: virtual void __thiscall srClass::verify(enum srRuntimeClass::e_verify),,
wiz8--gog-1261--wiz8new--57a3072c2f83,005ed328,5,004cf230,local,,,,
wiz8--gog-1261--wiz8new--57a3072c2f83,005ed328,6,004cf110,local,,,,
wiz8--gog-1261--wiz8new--57a3072c2f83,005ed328,7,004cf820,local,,,,
wiz8--gog-1261--wiz8new--57a3072c2f83,005ed348,0,004cfac0,local,,,,
wiz8--gog-1261--wiz8new--57a3072c2f83,005ed34c,0,004cfa90,local,,,,
wiz8--gog-1261--wiz8new--57a3072c2f83,005ed350,0,004cfa70,local,,,,
wiz8--gog-1261--wiz8new--57a3072c2f83,005ed354,0,004cfa40,local,,,,
wiz8--gog-1261--wiz8new--57a3072c2f83,005ed358,0,004cf7d0,local,,,,
wiz8--gog-1261--wiz8new--57a3072c2f83,005ed358,1,004cf7c0,local,,,,
wiz8--gog-1261--wiz8new--57a3072c2f83,005ed358,2,004cf7e0,local,,,,
wiz8--gog-1261--wiz8new--57a3072c2f83,005ed358,3,005e21a6,import-thunk,SR.DLL!?dump@srClass@@UAEXAAV?$basic_ostream@DU?$char_traits@D@std@@@std@@@Z,"public: virtual void __thiscall srClass::dump(class std::basic_ostream<char, struct std::char_traits<char>> &)",,
wiz8--gog-1261--wiz8new--57a3072c2f83,005ed358,4,005e20f8,import-thunk,SR.DLL!?verify@srClass@@UAEXW4e_verify@srRuntimeClass@@@Z,public: virtual void __thiscall srClass::verify(enum srRuntimeClass::e_verify),,
wiz8--gog-1261--wiz8new--57a3072c2f83,005ed358,5,004cf9d0,local,,,,
wiz8--gog-1261--wiz8new--57a3072c2f83,005ed358,6,005e1d9a,pure-virtual,,,,
wiz8--gog-1261--wiz8new--57a3072c2f83,005ed358,7,004cf820,local,,,,
wiz8--gog-1261--wiz8new--57a3072c2f83,005ed3b8,0,004b8a50,local,,,,
wiz8--gog-1261--wiz8new--57a3072c2f83,005ed3b8,1,004d6190,local,,,,
wiz8--gog-1261--wiz8new--57a3072c2f83,005ed3b8,2,004d6090,local,,,,
wiz8--gog-1261--wiz8new--57a3072c2f83,005ed3c4,0,004d69b0,local,,,,
wiz8--gog-1261--wiz8new--57a3072c2f83,005ed3c4,1,004d69a0,local,,,,
wiz8--gog-1261--wiz8new--57a3072c2f83,005ed3c4,2,004d69c0,local,,,,
wiz8--gog-1261--wiz8new--57a3072c2f83,005ed3c4,3,005e21f4,import-thunk,SR.DLL!?dump@srNode@@UAEXAAV?$basic_ostream@DU?$char_traits@D@std@@@std@@@Z,"public: virtual void __thiscall srNode::dump(class std::basic_ostream<char, struct std::char_traits<char>> &)",,
wiz8--gog-1261--wiz8new--57a3072c2f83,005ed3c4,4,005e20f8,import-thunk,SR.DLL!?verify@srClass@@UAEXW4e_verify@srRuntimeClass@@@Z,public: virtual void __thiscall srClass::verify(enum srRuntimeClass::e_verify),,
wiz8--gog-1261--wiz8new--57a3072c2f83,005ed3c4,5,004d6340,local,,,,
wiz8--gog-1261--wiz8new--57a3072c2f83,005ed3c4,6,004d6bf0,local,,,,
wiz8--gog-1261--wiz8new--57a3072c2f83,005ed3c4,7,004d6a30,local,,,,
wiz8--gog-1261--wiz8new--57a3072c2f83,005ed3c4,8,004d6540,local,,,,
wiz8--gog-1261--wiz8new--57a3072c2f83,005ed3c4,9,004d6640,local,,,,
wiz8--gog-1261--wiz8new--57a3072c2f83,005ed3c4,10,005e1fcc,import-thunk,SR.DLL!?getLocalBounds@srNode@@UAEXAAUBoundInfo@1@@Z,public: virtual void __thiscall srNode::getLocalBounds(struct srNode::BoundInfo &),,
wiz8--gog-1261--wiz8new--57a3072c2f83,005ed3c4,11,005e1fc6,import-thunk,SR.DLL!?updateBounds@srNode@@UAEXXZ,public: virtual void __thiscall srNode::updateBounds(void),,
wiz8--gog-1261--wiz8new--57a3072c2f83,005ed3c4,12,005e1fc0,import-thunk,SR.DLL!?processSignal@srNode@@MAEHKPAX@Z,"protected: virtual int __thiscall srNode::processSignal(unsigned long, void *)",,
wiz8--gog-1261--wiz8new--57a3072c2f83,005ed3f8,0,004d69b0,local,,,,
wiz8--gog-1261--wiz8new--57a3072c2f83,005ed3f8,1,004d69a0,local,,,,
wiz8--gog-1261--wiz8new--57a3072c2f83,005ed3f8,2,004d69c0,local,,,,
wiz8--gog-1261--wiz8new--57a3072c2f83,005ed3f8,3,005e21f4,import-thunk,SR.DLL!?dump@srNode@@UAEXAAV?$basic_ostream@DU?$char_traits@D@std@@@std@@@Z,"public: virtual void __thiscall srNode::dump(class std::basic_ostream<char, struct std::char_traits<char>> &)",,
wiz8--gog-1261--wiz8new--57a3072c2f83,005ed3f8,4,005e20f8,import-thunk,SR.DLL!?verify@srClass@@UAEXW4e_verify@srRuntimeClass@@@Z,public: virtual void __thiscall srClass::verify(enum srRuntimeClass::e_verify),,
wiz8--gog-1261--wiz8new--57a3072c2f83,005ed3f8,5,004d6b50,local,,,,
wiz8--gog-1261--wiz8new--57a3072c2f83,005ed3f8,6,005e21ee,import-thunk,SR.DLL!?vInstance@srNode@@UAEPAVsrClass@@XZ,public: virtual class srClass * __thiscall srNode::vInstance(void),,
wiz8--gog-1261--wiz8new--57a3072c2f83,005ed3f8,7,004d6a30,local,,,,
wiz8--gog-1261--wiz8new--57a3072c2f83,005ed3f8,8,005e1fd8,import-thunk,SR.DLL!?traverse@srNode@@UAEXAAVTraverseInfo@1@@Z,public: virtual void __thiscall srNode::traverse(class srNode::TraverseInfo &),,
wiz8--gog-1261--wiz8new--57a3072c2f83,005ed3f8,9,005e21e8,import-thunk,SR.DLL!?process@srNode@@UAEXABUProcessInfo@1@W4e_processType@1@@Z,"public: virtual void __thiscall srNode::process(struct srNode::ProcessInfo const &, enum srNode::e_processType)",,
wiz8--gog-1261--wiz8new--57a3072c2f83,005ed3f8,10,005e1fcc,import-thunk,SR.DLL!?getLocalBounds@srNode@@UAEXAAUBoundInfo@1@@Z,public: virtual void __thiscall srNode::getLocalBounds(struct srNode::BoundInfo &),,
wiz8--gog-1261--wiz8new--57a3072c2f83,005ed3f8,11,005e1fc6,import-thunk,SR.DLL!?updateBounds@srNode@@UAEXXZ,public: virtual void __thiscall srNode::updateBounds(void),,
wiz8--gog-1261--wiz8new--57a3072c2f83,005ed3f8,12,005e1fc0,import-thunk,SR.DLL!?processSignal@srNode@@MAEHKPAX@Z,"protected: virtual int __thiscall srNode::processSignal(unsigned long, void *)",,
wiz8--gog-1261--wiz8new--57a3072c2f83,005ed438,0,004d9a20,local,,,,
wiz8--gog-1261--wiz8new--57a3072c2f83,005ed43c,0,004d9a40,local,,,,
wiz8--gog-1261--wiz8new--57a3072c2f83,005ed5a4,0,004f2d50,local,,,,
wiz8--gog-1261--wiz8new--57a3072c2f83,005ed5a4,1,004f2e50,local,,,,
wiz8--gog-1261--wiz8new--57a3072c2f83,005ed5a4,2,004f2f10,local,,,,
wiz8--gog-1261--wiz8new--57a3072c2f83,005ed5b0,0,004f68a0,local,,,,
wiz8--gog-1261--wiz8new--57a3072c2f83,005ed5b4,0,004f6870,local,,,,
wiz8--gog-1261--wiz8new--57a3072c2f83,005ed5b8,0,004f3370,local,,,,
wiz8--gog-1261--wiz8new--57a3072c2f83,005ed5bc,0,004f3d90,local,,,,
wiz8--gog-1261--wiz8new--57a3072c2f83,005ed5bc,1,004f6950,local,,,,
wiz8--gog-1261--wiz8new--57a3072c2f83,005ed5bc,2,005b1be0,local,,,,
wiz8--gog-1261--wiz8new--57a3072c2f83,005ed5bc,3,004f6980,local,,,,
wiz8--gog-1261--wiz8new--57a3072c2f83,005ed5bc,4,004f6960,local,,,,
wiz8--gog-1261--wiz8new--57a3072c2f83,005ed5bc,5,005b1be0,local,,,,
wiz8--gog-1261--wiz8new--57a3072c2f83,005ed5bc,6,005b1be0,local,,,,
wiz8--gog-1261--wiz8new--57a3072c2f83,005ed5bc,7,005b1be0,local,,,,
wiz8--gog-1261--wiz8new--57a3072c2f83,005ed5bc,8,005b1be0,local,,,,
wiz8--gog-1261--wiz8new--57a3072c2f83,005ed5bc,9,005b1be0,local,,,,
wiz8--gog-1261--wiz8new--57a3072c2f83,005ed5bc,10,005b1be0,local,,,,
wiz8--gog-1261--wiz8new--57a3072c2f83,005ed5bc,11,005b1be0,local,,,,
wiz8--gog-1261--wiz8new--57a3072c2f83,005ed5bc,12,005b1be0,local,,,,
wiz8--gog-1261--wiz8new--57a3072c2f83,005ed5bc,13,005b1be0,local,,,,
wiz8--gog-1261--wiz8new--57a3072c2f83,005ed5bc,14,005b1be0,local,,,,
wiz8--gog-1261--wiz8new--57a3072c2f83,005ed5bc,15,005b1be0,local,,,,
wiz8--gog-1261--wiz8new--57a3072c2f83,005ed5bc,16,005b1be0,local,,,,
wiz8--gog-1261--wiz8new--57a3072c2f83,005ed5bc,17,005b1be0,local,,,,
wiz8--gog-1261--wiz8new--57a3072c2f83,005ed604,0,004f6030,local,,,,
wiz8--gog-1261--wiz8new--57a3072c2f83,005ed604,1,004f5410,local,,,,
wiz8--gog-1261--wiz8new--57a3072c2f83,005ed604,2,004f4990,local,,,,
wiz8--gog-1261--wiz8new--57a3072c2f83,005ed604,3,004f44d0,local,,,,
wiz8--gog-1261--wiz8new--57a3072c2f83,005ed604,4,004f4460,local,,,,
wiz8--gog-1261--wiz8new--57a3072c2f83,005ed604,5,004f46a0,local,,,,
wiz8--gog-1261--wiz8new--57a3072c2f83,005ed604,6,004f69a0,local,,,,
wiz8--gog-1261--wiz8new--57a3072c2f83,005ed604,7,004f4d30,local,,,,
wiz8--gog-1261--wiz8new--57a3072c2f83,005ed604,8,004f4e00,local,,,,
wiz8--gog-1261--wiz8new--57a3072c2f83,005ed604,9,005b1be0,local,,,,
wiz8--gog-1261--wiz8new--57a3072c2f83,005ed604,10,005b1be0,local,,,,
wiz8--gog-1261--wiz8new--57a3072c2f83,005ed604,11,004f4f70,local,,,,
wiz8--gog-1261--wiz8new--57a3072c2f83,005ed604,12,004f5070,local,,,,
wiz8--gog-1261--wiz8new--57a3072c2f83,005ed604,13,004f50c0,local,,,,
wiz8--gog-1261--wiz8new--57a3072c2f83,005ed604,14,004f5290,local,,,,
wiz8--gog-1261--wiz8new--57a3072c2f83,005ed604,15,004f5310,local,,,,
wiz8--gog-1261--wiz8new--57a3072c2f83,005ed604,16,004f5230,local,,,,
wiz8--gog-1261--wiz8new--57a3072c2f83,005ed604,17,004f5360,local,,,,
wiz8--gog-1261--wiz8new--57a3072c2f83,005ed604,18,004f4c40,local,,,,
wiz8--gog-1261--wiz8new--57a3072c2f83,005ed604,19,004f4cb0,local,,,,
wiz8--gog-1261--wiz8new--57a3072c2f83,005ed654,0,004f55c0,local,,,,
wiz8--gog-1261--wiz8new--57a3072c2f83,005ed654,1,005b1be0,local,,,,
wiz8--gog-1261--wiz8new--57a3072c2f83,005ed65c,0,004f6910,local,,,,
wiz8--gog-1261--wiz8new--57a3072c2f83,005ed660,0,004f68e0,local,,,,
wiz8--gog-1261--wiz8new--57a3072c2f83,005ed664,0,005e1d9a,pure-virtual,,,,
wiz8--gog-1261--wiz8new--57a3072c2f83,005ed664,1,005b1be0,local,,,,
wiz8--gog-1261--wiz8new--57a3072c2f83,005ed66c,0,004f69b0,local,,,,
wiz8--gog-1261--wiz8new--57a3072c2f83,005ed66c,1,004f6950,local,,,,
wiz8--gog-1261--wiz8new--57a3072c2f83,005ed66c,2,004f5a80,local,,,,
wiz8--gog-1261--wiz8new--57a3072c2f83,005ed66c,3,004f6980,local,,,,
wiz8--gog-1261--wiz8new--57a3072c2f83,005ed66c,4,004f6960,local,,,,
wiz8--gog-1261--wiz8new--57a3072c2f83,005ed66c,5,005b1be0,local,,,,
wiz8--gog-1261--wiz8new--57a3072c2f83,005ed66c,6,005b1be0,local,,,,
wiz8--gog-1261--wiz8new--57a3072c2f83,005ed66c,7,004f58c0,local,,,,
wiz8--gog-1261--wiz8new--57a3072c2f83,005ed66c,8,004f58d0,local,,,,
wiz8--gog-1261--wiz8new--57a3072c2f83,005ed66c,9,004f5940,local,,,,
wiz8--gog-1261--wiz8new--57a3072c2f83,005ed66c,10,005b1be0,local,,,,
wiz8--gog-1261--wiz8new--57a3072c2f83,005ed66c,11,004f5780,local,,,,
wiz8--gog-1261--wiz8new--57a3072c2f83,005ed66c,12,005b1be0,local,,,,
wiz8--gog-1261--wiz8new--57a3072c2f83,005ed66c,13,004f5880,local,,,,
wiz8--gog-1261--wiz8new--57a3072c2f83,005ed66c,14,005b1be0,local,,,,
wiz8--gog-1261--wiz8new--57a3072c2f83,005ed66c,15,005b1be0,local,,,,
wiz8--gog-1261--wiz8new--57a3072c2f83,005ed66c,16,005b1be0,local,,,,
wiz8--gog-1261--wiz8new--57a3072c2f83,005ed66c,17,005b1be0,local,,,,
wiz8--gog-1261--wiz8new--57a3072c2f83,005ed6b4,0,004f69b0,local,,,,
wiz8--gog-1261--wiz8new--57a3072c2f83,005ed6b4,1,004f6950,local,,,,
wiz8--gog-1261--wiz8new--57a3072c2f83,005ed6b4,2,004f5f60,local,,,,
wiz8--gog-1261--wiz8new--57a3072c2f83,005ed6b4,3,004f6980,local,,,,
wiz8--gog-1261--wiz8new--57a3072c2f83,005ed6b4,4,004f6960,local,,,,
wiz8--gog-1261--wiz8new--57a3072c2f83,005ed6b4,5,005b1be0,local,,,,
wiz8--gog-1261--wiz8new--57a3072c2f83,005ed6b4,6,005b1be0,local,,,,
wiz8--gog-1261--wiz8new--57a3072c2f83,005ed6b4,7,004f58c0,local,,,,
wiz8--gog-1261--wiz8new--57a3072c2f83,005ed6b4,8,004f58d0,local,,,,
wiz8--gog-1261--wiz8new--57a3072c2f83,005ed6b4,9,004f5d70,local,,,,
wiz8--gog-1261--wiz8new--57a3072c2f83,005ed6b4,10,004f5ef0,local,,,,
wiz8--gog-1261--wiz8new--57a3072c2f83,005ed6b4,11,004f5c00,local,,,,
wiz8--gog-1261--wiz8new--57a3072c2f83,005ed6b4,12,005b1be0,local,,,,
wiz8--gog-1261--wiz8new--57a3072c2f83,005ed6b4,13,004f5d30,local,,,,
wiz8--gog-1261--wiz8new--57a3072c2f83,005ed6b4,14,005b1be0,local,,,,
wiz8--gog-1261--wiz8new--57a3072c2f83,005ed6b4,15,005b1be0,local,,,,
wiz8--gog-1261--wiz8new--57a3072c2f83,005ed6b4,16,005b1be0,local,,,,
wiz8--gog-1261--wiz8new--57a3072c2f83,005ed6b4,17,005b1be0,local,,,,
wiz8--gog-1261--wiz8new--57a3072c2f83,005ed6fc,0,004f6030,local,,,,
wiz8--gog-1261--wiz8new--57a3072c2f83,005ed6fc,1,004f5410,local,,,,
wiz8--gog-1261--wiz8new--57a3072c2f83,005ed6fc,2,004f4990,local,,,,
wiz8--gog-1261--wiz8new--57a3072c2f83,005ed6fc,3,004f44d0,local,,,,
wiz8--gog-1261--wiz8new--57a3072c2f83,005ed6fc,4,004f4460,local,,,,
wiz8--gog-1261--wiz8new--57a3072c2f83,005ed6fc,5,004f46a0,local,,,,
wiz8--gog-1261--wiz8new--57a3072c2f83,005ed6fc,6,004f69a0,local,,,,
wiz8--gog-1261--wiz8new--57a3072c2f83,005ed6fc,7,004f4d30,local,,,,
wiz8--gog-1261--wiz8new--57a3072c2f83,005ed6fc,8,004f4e00,local,,,,
wiz8--gog-1261--wiz8new--57a3072c2f83,005ed6fc,9,005b1be0,local,,,,
wiz8--gog-1261--wiz8new--57a3072c2f83,005ed6fc,10,004f6180,local,,,,
wiz8--gog-1261--wiz8new--57a3072c2f83,005ed6fc,11,004f6050,local,,,,
wiz8--gog-1261--wiz8new--57a3072c2f83,005ed6fc,12,004f5070,local,,,,
wiz8--gog-1261--wiz8new--57a3072c2f83,005ed6fc,13,004f50c0,local,,,,
wiz8--gog-1261--wiz8new--57a3072c2f83,005ed6fc,14,004f5290,local,,,,
wiz8--gog-1261--wiz8new--57a3072c2f83,005ed6fc,15,004f5310,local,,,,
wiz8--gog-1261--wiz8new--57a3072c2f83,005ed6fc,16,004f60c0,local,,,,
wiz8--gog-1261--wiz8new--57a3072c2f83,005ed6fc,17,004f5360,local,,,,
wiz8--gog-1261--wiz8new--57a3072c2f83,005ed6fc,18,004f4c40,local,,,,
wiz8--gog-1261--wiz8new--57a3072c2f83,005ed6fc,19,004f4cb0,local,,,,
wiz8--gog-1261--wiz8new--57a3072c2f83,005ed74c,0,004f2d50,local,,,,
wiz8--gog-1261--wiz8new--57a3072c2f83,005ed74c,1,004f2e50,local,,,,
wiz8--gog-1261--wiz8new--57a3072c2f83,005ed74c,2,004f2f10,local,,,,
wiz8--gog-1261--wiz8new--57a3072c2f83,005ed758,0,004f6030,local,,,,
wiz8--gog-1261--wiz8new--57a3072c2f83,005ed758,1,004f5410,local,,,,
wiz8--gog-1261--wiz8new--57a3072c2f83,005ed758,2,004f4990,local,,,,
wiz8--gog-1261--wiz8new--57a3072c2f83,005ed758,3,004f44d0,local,,,,
wiz8--gog-1261--wiz8new--57a3072c2f83,005ed758,4,004f4460,local,,,,
wiz8--gog-1261--wiz8new--57a3072c2f83,005ed758,5,004f46a0,local,,,,
wiz8--gog-1261--wiz8new--57a3072c2f83,005ed758,6,004f69a0,local,,,,
wiz8--gog-1261--wiz8new--57a3072c2f83,005ed758,7,004f66b0,local,,,,
wiz8--gog-1261--wiz8new--57a3072c2f83,005ed758,8,004f4e00,local,,,,
wiz8--gog-1261--wiz8new--57a3072c2f83,005ed758,9,005b1be0,local,,,,
wiz8--gog-1261--wiz8new--57a3072c2f83,005ed758,10,005b1be0,local,,,,
wiz8--gog-1261--wiz8new--57a3072c2f83,005ed758,11,005b7cb0,local,,,,
wiz8--gog-1261--wiz8new--57a3072c2f83,005ed758,12,004f6720,local,,,,
wiz8--gog-1261--wiz8new--57a3072c2f83,005ed758,13,005b7cd0,local,,,,
wiz8--gog-1261--wiz8new--57a3072c2f83,005ed758,14,004f6780,local,,,,
wiz8--gog-1261--wiz8new--57a3072c2f83,005ed758,15,004f6810,local,,,,
wiz8--gog-1261--wiz8new--57a3072c2f83,005ed758,16,004f5230,local,,,,
wiz8--gog-1261--wiz8new--57a3072c2f83,005ed758,17,004f5360,local,,,,
wiz8--gog-1261--wiz8new--57a3072c2f83,005ed758,18,004f4c40,local,,,,
wiz8--gog-1261--wiz8new--57a3072c2f83,005ed758,19,004f4cb0,local,,,,
wiz8--gog-1261--wiz8new--57a3072c2f83,005ed7d4,0,00501f60,local,,,,
wiz8--gog-1261--wiz8new--57a3072c2f83,005ed7d8,0,00501f30,local,,,,
wiz8--gog-1261--wiz8new--57a3072c2f83,005ed810,0,0050e510,local,,,,
wiz8--gog-1261--wiz8new--57a3072c2f83,005ed840,0,005178c0,local,,,,
wiz8--gog-1261--wiz8new--57a3072c2f83,005ed844,0,00517890,local,,,,
wiz8--gog-1261--wiz8new--57a3072c2f83,005ed890,0,0052a290,local,,,,
wiz8--gog-1261--wiz8new--57a3072c2f83,005ed894,0,0052a2c0,local,,,,
wiz8--gog-1261--wiz8new--57a3072c2f83,005ee744,0,0052e570,local,,,,
wiz8--gog-1261--wiz8new--57a3072c2f83,005ee748,0,0052e570,local,,,,
wiz8--gog-1261--wiz8new--57a3072c2f83,005ee74c,0,0052e540,local,,,,
wiz8--gog-1261--wiz8new--57a3072c2f83,005ee778,0,005358f0,local,,,,
wiz8--gog-1261--wiz8new--57a3072c2f83,005ee7e8,0,00546dc0,local,,,,
wiz8--gog-1261--wiz8new--57a3072c2f83,005ee8a0,0,00558c10,local,,,,
wiz8--gog-1261--wiz8new--57a3072c2f83,005ee8c8,0,0055cbe0,local,,,,
wiz8--gog-1261--wiz8new--57a3072c2f83,005ee8cc,0,0055cbb0,local,,,,
wiz8--gog-1261--wiz8new--57a3072c2f83,005ee8f0,0,0055d160,local,,,,
wiz8--gog-1261--wiz8new--57a3072c2f83,005ee8f4,0,0055de20,local,,,,
wiz8--gog-1261--wiz8new--57a3072c2f83,005ee8f8,0,0055ddf0,local,,,,
wiz8--gog-1261--wiz8new--57a3072c2f83,005ee920,0,004f2d50,local,,,,
wiz8--gog-1261--wiz8new--57a3072c2f83,005ee920,1,004f2e50,local,,,,
wiz8--gog-1261--wiz8new--57a3072c2f83,005ee920,2,0055df80,local,,,,
wiz8--gog-1261--wiz8new--57a3072c2f83,005ee92c,0,0055e5b0,local,,,,
wiz8--gog-1261--wiz8new--57a3072c2f83,005ee92c,1,004f6950,local,,,,
wiz8--gog-1261--wiz8new--57a3072c2f83,005ee92c,2,005b1be0,local,,,,
wiz8--gog-1261--wiz8new--57a3072c2f83,005ee92c,3,004f6980,local,,,,
wiz8--gog-1261--wiz8new--57a3072c2f83,005ee92c,4,004f6960,local,,,,
wiz8--gog-1261--wiz8new--57a3072c2f83,005ee92c,5,005b1be0,local,,,,
wiz8--gog-1261--wiz8new--57a3072c2f83,005ee92c,6,005b1be0,local,,,,
wiz8--gog-1261--wiz8new--57a3072c2f83,005ee92c,7,0055e5e0,local,,,,
wiz8--gog-1261--wiz8new--57a3072c2f83,005ee92c,8,0055e610,local,,,,
wiz8--gog-1261--wiz8new--57a3072c2f83,005ee92c,9,005b1be0,local,,,,
wiz8--gog-1261--wiz8new--57a3072c2f83,005ee92c,10,005b1be0,local,,,,
wiz8--gog-1261--wiz8new--57a3072c2f83,005ee92c,11,0055e640,local,,,,
wiz8--gog-1261--wiz8new--57a3072c2f83,005ee92c,12,005b1be0,local,,,,
wiz8--gog-1261--wiz8new--57a3072c2f83,005ee92c,13,0055e660,local,,,,
wiz8--gog-1261--wiz8new--57a3072c2f83,005ee92c,14,005b1be0,local,,,,
wiz8--gog-1261--wiz8new--57a3072c2f83,005ee92c,15,005b1be0,local,,,,
wiz8--gog-1261--wiz8new--57a3072c2f83,005ee92c,16,005b1be0,local,,,,
wiz8--gog-1261--wiz8new--57a3072c2f83,005ee92c,17,005b1be0,local,,,,
wiz8--gog-1261--wiz8new--57a3072c2f83,005ee9d0,0,00577ad0,local,,,,
wiz8--gog-1261--wiz8new--57a3072c2f83,005ee9d4,0,00577b20,local,,,,
wiz8--gog-1261--wiz8new--57a3072c2f83,005ee9d8,0,00577b50,local,,,,
wiz8--gog-1261--wiz8new--57a3072c2f83,005ee9dc,0,00577b00,local,,,,
wiz8--gog-1261--wiz8new--57a3072c2f83,005ee9e0,0,00577b90,local,,,,
wiz8--gog-1261--wiz8new--57a3072c2f83,005ee9e4,0,0056bac0,local,,,,
wiz8--gog-1261--wiz8new--57a3072c2f83,005ee9e4,1,004f2e50,local,,,,
wiz8--gog-1261--wiz8new--57a3072c2f83,005ee9e4,2,0056bb20,local,,,,
wiz8--gog-1261--wiz8new--57a3072c2f83,005ee9f0,0,0056bc50,local,,,,
wiz8--gog-1261--wiz8new--57a3072c2f83,005ee9f0,1,004f2e50,local,,,,
wiz8--gog-1261--wiz8new--57a3072c2f83,005ee9f0,2,0056bd30,local,,,,
wiz8--gog-1261--wiz8new--57a3072c2f83,005ee9fc,0,00577aa0,local,,,,
wiz8--gog-1261--wiz8new--57a3072c2f83,005eea00,0,00577bc0,local,,,,
wiz8--gog-1261--wiz8new--57a3072c2f83,005eea28,0,00585420,local,,,,
wiz8--gog-1261--wiz8new--57a3072c2f83,005eea2c,0,005853f0,local,,,,
wiz8--gog-1261--wiz8new--57a3072c2f83,005eea60,0,0055e5b0,local,,,,
wiz8--gog-1261--wiz8new--57a3072c2f83,005eea60,1,004f6950,local,,,,
wiz8--gog-1261--wiz8new--57a3072c2f83,005eea60,2,005854b0,local,,,,
wiz8--gog-1261--wiz8new--57a3072c2f83,005eea60,3,004f6980,local,,,,
wiz8--gog-1261--wiz8new--57a3072c2f83,005eea60,4,004f6960,local,,,,
wiz8--gog-1261--wiz8new--57a3072c2f83,005eea60,5,005b1be0,local,,,,
wiz8--gog-1261--wiz8new--57a3072c2f83,005eea60,6,005b1be0,local,,,,
wiz8--gog-1261--wiz8new--57a3072c2f83,005eea60,7,00585610,local,,,,
wiz8--gog-1261--wiz8new--57a3072c2f83,005eea60,8,00585650,local,,,,
wiz8--gog-1261--wiz8new--57a3072c2f83,005eea60,9,005b1be0,local,,,,
wiz8--gog-1261--wiz8new--57a3072c2f83,005eea60,10,005b1be0,local,,,,
wiz8--gog-1261--wiz8new--57a3072c2f83,005eea60,11,004f58c0,local,,,,
wiz8--gog-1261--wiz8new--57a3072c2f83,005eea60,12,005b1be0,local,,,,
wiz8--gog-1261--wiz8new--57a3072c2f83,005eea60,13,00585690,local,,,,
wiz8--gog-1261--wiz8new--57a3072c2f83,005eea60,14,005b1be0,local,,,,
wiz8--gog-1261--wiz8new--57a3072c2f83,005eea60,15,005b1be0,local,,,,
wiz8--gog-1261--wiz8new--57a3072c2f83,005eea60,16,005b1be0,local,,,,
wiz8--gog-1261--wiz8new--57a3072c2f83,005eea60,17,005b1be0,local,,,,
wiz8--gog-1261--wiz8new--57a3072c2f83,005eeaa8,0,00585950,local,,,,
wiz8--gog-1261--wiz8new--57a3072c2f83,005eeaac,0,004f2d50,local,,,,
wiz8--gog-1261--wiz8new--57a3072c2f83,005eeaac,1,004f2e50,local,,,,
wiz8--gog-1261--wiz8new--57a3072c2f83,005eeaac,2,004f2f10,local,,,,
wiz8--gog-1261--wiz8new--57a3072c2f83,005eeaac,3,005858a0,local,,,,
wiz8--gog-1261--wiz8new--57a3072c2f83,005eeabc,0,005e1d9a,pure-virtual,,,,
wiz8--gog-1261--wiz8new--57a3072c2f83,005eeac0,0,004f2d50,local,,,,
wiz8--gog-1261--wiz8new--57a3072c2f83,005eeac0,1,004f2e50,local,,,,
wiz8--gog-1261--wiz8new--57a3072c2f83,005eeac0,2,00586120,local,,,,
wiz8--gog-1261--wiz8new--57a3072c2f83,005eeac0,3,00585e00,local,,,,
wiz8--gog-1261--wiz8new--57a3072c2f83,005eead0,0,00586c00,local,,,,
wiz8--gog-1261--wiz8new--57a3072c2f83,005eead0,1,005b1be0,local,,,,
wiz8--gog-1261--wiz8new--57a3072c2f83,005eead8,0,00586b10,local,,,,
wiz8--gog-1261--wiz8new--57a3072c2f83,005eead8,1,00586680,local,,,,
wiz8--gog-1261--wiz8new--57a3072c2f83,005eeae0,0,005e1d9a,pure-virtual,,,,
wiz8--gog-1261--wiz8new--57a3072c2f83,005eeaf8,0,00588240,local,,,,
wiz8--gog-1261--wiz8new--57a3072c2f83,005eeafc,0,00587e30,local,,,,
wiz8--gog-1261--wiz8new--57a3072c2f83,005eeafc,1,004f6950,local,,,,
wiz8--gog-1261--wiz8new--57a3072c2f83,005eeafc,2,00587ea0,local,,,,
wiz8--gog-1261--wiz8new--57a3072c2f83,005eeafc,3,004f6980,local,,,,
wiz8--gog-1261--wiz8new--57a3072c2f83,005eeafc,4,004f6960,local,,,,
wiz8--gog-1261--wiz8new--57a3072c2f83,005eeafc,5,005b1be0,local,,,,
wiz8--gog-1261--wiz8new--57a3072c2f83,005eeafc,6,005b1be0,local,,,,
wiz8--gog-1261--wiz8new--57a3072c2f83,005eeafc,7,005b1be0,local,,,,
wiz8--gog-1261--wiz8new--57a3072c2f83,005eeafc,8,00587ff0,local,,,,
wiz8--gog-1261--wiz8new--57a3072c2f83,005eeafc,9,00588010,local,,,,
wiz8--gog-1261--wiz8new--57a3072c2f83,005eeafc,10,00588070,local,,,,
wiz8--gog-1261--wiz8new--57a3072c2f83,005eeafc,11,005b1be0,local,,,,
wiz8--gog-1261--wiz8new--57a3072c2f83,005eeafc,12,005b1be0,local,,,,
wiz8--gog-1261--wiz8new--57a3072c2f83,005eeafc,13,005880b0,local,,,,
wiz8--gog-1261--wiz8new--57a3072c2f83,005eeafc,14,005b1be0,local,,,,
wiz8--gog-1261--wiz8new--57a3072c2f83,005eeafc,15,005b1be0,local,,,,
wiz8--gog-1261--wiz8new--57a3072c2f83,005eeafc,16,005b1be0,local,,,,
wiz8--gog-1261--wiz8new--57a3072c2f83,005eeafc,17,005b1be0,local,,,,
wiz8--gog-1261--wiz8new--57a3072c2f83,005eeafc,18,00588170,local,,,,
wiz8--gog-1261--wiz8new--57a3072c2f83,005eeb48,0,005e1d9a,pure-virtual,,,,
wiz8--gog-1261--wiz8new--57a3072c2f83,005eeb4c,0,00588350,local,,,,
wiz8--gog-1261--wiz8new--57a3072c2f83,005eeb4c,1,004f5410,local,,,,
wiz8--gog-1261--wiz8new--57a3072c2f83,005eeb4c,2,005883c0,local,,,,
wiz8--gog-1261--wiz8new--57a3072c2f83,005eeb4c,3,004f44d0,local,,,,
wiz8--gog-1261--wiz8new--57a3072c2f83,005eeb4c,4,004f4460,local,,,,
wiz8--gog-1261--wiz8new--57a3072c2f83,005eeb4c,5,004f46a0,local,,,,
wiz8--gog-1261--wiz8new--57a3072c2f83,005eeb4c,6,004f69a0,local,,,,
wiz8--gog-1261--wiz8new--57a3072c2f83,005eeb4c,7,005884a0,local,,,,
wiz8--gog-1261--wiz8new--57a3072c2f83,005eeb4c,8,004f4e00,local,,,,
wiz8--gog-1261--wiz8new--57a3072c2f83,005eeb4c,9,005b1be0,local,,,,
wiz8--gog-1261--wiz8new--57a3072c2f83,005eeb4c,10,005b1be0,local,,,,
wiz8--gog-1261--wiz8new--57a3072c2f83,005eeb4c,11,00588440,local,,,,
wiz8--gog-1261--wiz8new--57a3072c2f83,005eeb4c,12,004f5070,local,,,,
wiz8--gog-1261--wiz8new--57a3072c2f83,005eeb4c,13,00588470,local,,,,
wiz8--gog-1261--wiz8new--57a3072c2f83,005eeb4c,14,004f5290,local,,,,
wiz8--gog-1261--wiz8new--57a3072c2f83,005eeb4c,15,004f5310,local,,,,
wiz8--gog-1261--wiz8new--57a3072c2f83,005eeb4c,16,004f5230,local,,,,
wiz8--gog-1261--wiz8new--57a3072c2f83,005eeb4c,17,004f5360,local,,,,
wiz8--gog-1261--wiz8new--57a3072c2f83,005eeb4c,18,004f4c40,local,,,,
wiz8--gog-1261--wiz8new--57a3072c2f83,005eeb4c,19,004f4cb0,local,,,,
wiz8--gog-1261--wiz8new--57a3072c2f83,005eeb9c,0,005889e0,local,,,,
wiz8--gog-1261--wiz8new--57a3072c2f83,005eeba0,0,005889a0,local,,,,
wiz8--gog-1261--wiz8new--57a3072c2f83,005eeba0,1,005b1be0,local,,,,
wiz8--gog-1261--wiz8new--57a3072c2f83,005eeba8,0,004f2d50,local,,,,
wiz8--gog-1261--wiz8new--57a3072c2f83,005eeba8,1,004f2e50,local,,,,
wiz8--gog-1261--wiz8new--57a3072c2f83,005eeba8,2,00588830,local,,,,
wiz8--gog-1261--wiz8new--57a3072c2f83,005eeba8,3,00588770,local,,,,
wiz8--gog-1261--wiz8new--57a3072c2f83,005eebb8,0,005e1d9a,pure-virtual,,,,
wiz8--gog-1261--wiz8new--57a3072c2f83,005eebc0,0,004f2d50,local,,,,
wiz8--gog-1261--wiz8new--57a3072c2f83,005eebc0,1,004f2e50,local,,,,
wiz8--gog-1261--wiz8new--57a3072c2f83,005eebc0,2,005890e0,local,,,,
wiz8--gog-1261--wiz8new--57a3072c2f83,005eebc0,3,00588d90,local,,,,
wiz8--gog-1261--wiz8new--57a3072c2f83,005eebd0,0,005897f0,local,,,,
wiz8--gog-1261--wiz8new--57a3072c2f83,005eebd0,1,005b1be0,local,,,,
wiz8--gog-1261--wiz8new--57a3072c2f83,005eebd8,0,00589550,local,,,,
wiz8--gog-1261--wiz8new--57a3072c2f83,005eebdc,0,005e1d9a,pure-virtual,,,,
wiz8--gog-1261--wiz8new--57a3072c2f83,005eec50,0,005991a0,local,,,,
wiz8--gog-1261--wiz8new--57a3072c2f83,005eec50,1,004f5410,local,,,,
wiz8--gog-1261--wiz8new--57a3072c2f83,005eec50,2,00599210,local,,,,
wiz8--gog-1261--wiz8new--57a3072c2f83,005eec50,3,004f44d0,local,,,,
wiz8--gog-1261--wiz8new--57a3072c2f83,005eec50,4,004f4460,local,,,,
wiz8--gog-1261--wiz8new--57a3072c2f83,005eec50,5,004f46a0,local,,,,
wiz8--gog-1261--wiz8new--57a3072c2f83,005eec50,6,004f69a0,local,,,,
wiz8--gog-1261--wiz8new--57a3072c2f83,005eec50,7,004f4d30,local,,,,
wiz8--gog-1261--wiz8new--57a3072c2f83,005eec50,8,005992e0,local,,,,
wiz8--gog-1261--wiz8new--57a3072c2f83,005eec50,9,005b1be0,local,,,,
wiz8--gog-1261--wiz8new--57a3072c2f83,005eec50,10,005b1be0,local,,,,
wiz8--gog-1261--wiz8new--57a3072c2f83,005eec50,11,00599330,local,,,,
wiz8--gog-1261--wiz8new--57a3072c2f83,005eec50,12,004f5070,local,,,,
wiz8--gog-1261--wiz8new--57a3072c2f83,005eec50,13,00599360,local,,,,
wiz8--gog-1261--wiz8new--57a3072c2f83,005eec50,14,004f5290,local,,,,
wiz8--gog-1261--wiz8new--57a3072c2f83,005eec50,15,004f5310,local,,,,
wiz8--gog-1261--wiz8new--57a3072c2f83,005eec50,16,004f5230,local,,,,
wiz8--gog-1261--wiz8new--57a3072c2f83,005eec50,17,004f5360,local,,,,
wiz8--gog-1261--wiz8new--57a3072c2f83,005eec50,18,004f4c40,local,,,,
wiz8--gog-1261--wiz8new--57a3072c2f83,005eec50,19,004f4cb0,local,,,,
wiz8--gog-1261--wiz8new--57a3072c2f83,005eed08,0,005a34c0,local,,,,
wiz8--gog-1261--wiz8new--57a3072c2f83,005eed34,0,005a7570,local,,,,
wiz8--gog-1261--wiz8new--57a3072c2f83,005eed34,1,005b1be0,local,,,,
wiz8--gog-1261--wiz8new--57a3072c2f83,005eed3c,0,005a74f0,local,,,,
wiz8--gog-1261--wiz8new--57a3072c2f83,005eed3c,1,004f5410,local,,,,
wiz8--gog-1261--wiz8new--57a3072c2f83,005eed3c,2,005a7590,local,,,,
wiz8--gog-1261--wiz8new--57a3072c2f83,005eed3c,3,004f44d0,local,,,,
wiz8--gog-1261--wiz8new--57a3072c2f83,005eed3c,4,004f4460,local,,,,
wiz8--gog-1261--wiz8new--57a3072c2f83,005eed3c,5,004f46a0,local,,,,
wiz8--gog-1261--wiz8new--57a3072c2f83,005eed3c,6,004f69a0,local,,,,
wiz8--gog-1261--wiz8new--57a3072c2f83,005eed3c,7,004f4d30,local,,,,
wiz8--gog-1261--wiz8new--57a3072c2f83,005eed3c,8,004f4e00,local,,,,
wiz8--gog-1261--wiz8new--57a3072c2f83,005eed3c,9,005b1be0,local,,,,
wiz8--gog-1261--wiz8new--57a3072c2f83,005eed3c,10,005b1be0,local,,,,
wiz8--gog-1261--wiz8new--57a3072c2f83,005eed3c,11,004f4f70,local,,,,
wiz8--gog-1261--wiz8new--57a3072c2f83,005eed3c,12,004f5070,local,,,,
wiz8--gog-1261--wiz8new--57a3072c2f83,005eed3c,13,004f50c0,local,,,,
wiz8--gog-1261--wiz8new--57a3072c2f83,005eed3c,14,004f5290,local,,,,
wiz8--gog-1261--wiz8new--57a3072c2f83,005eed3c,15,004f5310,local,,,,
wiz8--gog-1261--wiz8new--57a3072c2f83,005eed3c,16,004f5230,local,,,,
wiz8--gog-1261--wiz8new--57a3072c2f83,005eed3c,17,004f5360,local,,,,
wiz8--gog-1261--wiz8new--57a3072c2f83,005eed3c,18,005a75e0,local,,,,
wiz8--gog-1261--wiz8new--57a3072c2f83,005eed3c,19,004f4cb0,local,,,,
wiz8--gog-1261--wiz8new--57a3072c2f83,005eed8c,0,005a7600,local,,,,
wiz8--gog-1261--wiz8new--57a3072c2f83,005eed8c,1,004f5410,local,,,,
wiz8--gog-1261--wiz8new--57a3072c2f83,005eed8c,2,004f4990,local,,,,
wiz8--gog-1261--wiz8new--57a3072c2f83,005eed8c,3,004f44d0,local,,,,
wiz8--gog-1261--wiz8new--57a3072c2f83,005eed8c,4,004f4460,local,,,,
wiz8--gog-1261--wiz8new--57a3072c2f83,005eed8c,5,004f46a0,local,,,,
wiz8--gog-1261--wiz8new--57a3072c2f83,005eed8c,6,004f69a0,local,,,,
wiz8--gog-1261--wiz8new--57a3072c2f83,005eed8c,7,004f4d30,local,,,,
wiz8--gog-1261--wiz8new--57a3072c2f83,005eed8c,8,004f4e00,local,,,,
wiz8--gog-1261--wiz8new--57a3072c2f83,005eed8c,9,005b1be0,local,,,,
wiz8--gog-1261--wiz8new--57a3072c2f83,005eed8c,10,005b1be0,local,,,,
wiz8--gog-1261--wiz8new--57a3072c2f83,005eed8c,11,004f4f70,local,,,,
wiz8--gog-1261--wiz8new--57a3072c2f83,005eed8c,12,004f5070,local,,,,
wiz8--gog-1261--wiz8new--57a3072c2f83,005eed8c,13,005a7680,local,,,,
wiz8--gog-1261--wiz8new--57a3072c2f83,005eed8c,14,004f5290,local,,,,
wiz8--gog-1261--wiz8new--57a3072c2f83,005eed8c,15,004f5310,local,,,,
wiz8--gog-1261--wiz8new--57a3072c2f83,005eed8c,16,004f5230,local,,,,
wiz8--gog-1261--wiz8new--57a3072c2f83,005eed8c,17,004f5360,local,,,,
wiz8--gog-1261--wiz8new--57a3072c2f83,005eed8c,18,004f4c40,local,,,,
wiz8--gog-1261--wiz8new--57a3072c2f83,005eed8c,19,004f4cb0,local,,,,
wiz8--gog-1261--wiz8new--57a3072c2f83,005eeddc,0,005a76b0,local,,,,
wiz8--gog-1261--wiz8new--57a3072c2f83,005eeddc,1,004f5410,local,,,,
wiz8--gog-1261--wiz8new--57a3072c2f83,005eeddc,2,004f4990,local,,,,
wiz8--gog-1261--wiz8new--57a3072c2f83,005eeddc,3,004f44d0,local,,,,
wiz8--gog-1261--wiz8new--57a3072c2f83,005eeddc,4,004f4460,local,,,,
wiz8--gog-1261--wiz8new--57a3072c2f83,005eeddc,5,004f46a0,local,,,,
wiz8--gog-1261--wiz8new--57a3072c2f83,005eeddc,6,004f69a0,local,,,,
wiz8--gog-1261--wiz8new--57a3072c2f83,005eeddc,7,004f4d30,local,,,,
wiz8--gog-1261--wiz8new--57a3072c2f83,005eeddc,8,004f4e00,local,,,,
wiz8--gog-1261--wiz8new--57a3072c2f83,005eeddc,9,005b1be0,local,,,,
wiz8--gog-1261--wiz8new--57a3072c2f83,005eeddc,10,005b1be0,local,,,,
wiz8--gog-1261--wiz8new--57a3072c2f83,005eeddc,11,004f4f70,local,,,,
wiz8--gog-1261--wiz8new--57a3072c2f83,005eeddc,12,004f5070,local,,,,
wiz8--gog-1261--wiz8new--57a3072c2f83,005eeddc,13,004f50c0,local,,,,
wiz8--gog-1261--wiz8new--57a3072c2f83,005eeddc,14,004f5290,local,,,,
wiz8--gog-1261--wiz8new--57a3072c2f83,005eeddc,15,004f5310,local,,,,
wiz8--gog-1261--wiz8new--57a3072c2f83,005eeddc,16,004f5230,local,,,,
wiz8--gog-1261--wiz8new--57a3072c2f83,005eeddc,17,004f5360,local,,,,
wiz8--gog-1261--wiz8new--57a3072c2f83,005eeddc,18,004f4c40,local,,,,
wiz8--gog-1261--wiz8new--57a3072c2f83,005eeddc,19,004f4cb0,local,,,,
wiz8--gog-1261--wiz8new--57a3072c2f83,005eee2c,0,005a7730,local,,,,
wiz8--gog-1261--wiz8new--57a3072c2f83,005eee2c,1,004f5410,local,,,,
wiz8--gog-1261--wiz8new--57a3072c2f83,005eee2c,2,005a77b0,local,,,,
wiz8--gog-1261--wiz8new--57a3072c2f83,005eee2c,3,004f44d0,local,,,,
wiz8--gog-1261--wiz8new--57a3072c2f83,005eee2c,4,004f4460,local,,,,
wiz8--gog-1261--wiz8new--57a3072c2f83,005eee2c,5,004f46a0,local,,,,
wiz8--gog-1261--wiz8new--57a3072c2f83,005eee2c,6,004f69a0,local,,,,
wiz8--gog-1261--wiz8new--57a3072c2f83,005eee2c,7,004f4d30,local,,,,
wiz8--gog-1261--wiz8new--57a3072c2f83,005eee2c,8,004f4e00,local,,,,
wiz8--gog-1261--wiz8new--57a3072c2f83,005eee2c,9,005b1be0,local,,,,
wiz8--gog-1261--wiz8new--57a3072c2f83,005eee2c,10,005b1be0,local,,,,
wiz8--gog-1261--wiz8new--57a3072c2f83,005eee2c,11,004f4f70,local,,,,
wiz8--gog-1261--wiz8new--57a3072c2f83,005eee2c,12,004f5070,local,,,,
wiz8--gog-1261--wiz8new--57a3072c2f83,005eee2c,13,005a7b10,local,,,,
wiz8--gog-1261--wiz8new--57a3072c2f83,005eee2c,14,004f5290,local,,,,
wiz8--gog-1261--wiz8new--57a3072c2f83,005eee2c,15,005a7bb0,local,,,,
wiz8--gog-1261--wiz8new--57a3072c2f83,005eee2c,16,004f5230,local,,,,
wiz8--gog-1261--wiz8new--57a3072c2f83,005eee2c,17,004f5360,local,,,,
wiz8--gog-1261--wiz8new--57a3072c2f83,005eee2c,18,004f4c40,local,,,,
wiz8--gog-1261--wiz8new--57a3072c2f83,005eee2c,19,004f4cb0,local,,,,
wiz8--gog-1261--wiz8new--57a3072c2f83,005eee80,0,005a7c00,local,,,,
wiz8--gog-1261--wiz8new--57a3072c2f83,005eee80,1,004f5410,local,,,,
wiz8--gog-1261--wiz8new--57a3072c2f83,005eee80,2,005a7c70,local,,,,
wiz8--gog-1261--wiz8new--57a3072c2f83,005eee80,3,004f44d0,local,,,,
wiz8--gog-1261--wiz8new--57a3072c2f83,005eee80,4,004f4460,local,,,,
wiz8--gog-1261--wiz8new--57a3072c2f83,005eee80,5,004f46a0,local,,,,
wiz8--gog-1261--wiz8new--57a3072c2f83,005eee80,6,004f69a0,local,,,,
wiz8--gog-1261--wiz8new--57a3072c2f83,005eee80,7,005a7ce0,local,,,,
wiz8--gog-1261--wiz8new--57a3072c2f83,005eee80,8,005a7d10,local,,,,
wiz8--gog-1261--wiz8new--57a3072c2f83,005eee80,9,005b1be0,local,,,,
wiz8--gog-1261--wiz8new--57a3072c2f83,005eee80,10,005b1be0,local,,,,
wiz8--gog-1261--wiz8new--57a3072c2f83,005eee80,11,004f4f70,local,,,,
wiz8--gog-1261--wiz8new--57a3072c2f83,005eee80,12,004f5070,local,,,,
wiz8--gog-1261--wiz8new--57a3072c2f83,005eee80,13,004f50c0,local,,,,
wiz8--gog-1261--wiz8new--57a3072c2f83,005eee80,14,004f5290,local,,,,
wiz8--gog-1261--wiz8new--57a3072c2f83,005eee80,15,004f5310,local,,,,
wiz8--gog-1261--wiz8new--57a3072c2f83,005eee80,16,004f5230,local,,,,
wiz8--gog-1261--wiz8new--57a3072c2f83,005eee80,17,004f5360,local,,,,
wiz8--gog-1261--wiz8new--57a3072c2f83,005eee80,18,004f4c40,local,,,,
wiz8--gog-1261--wiz8new--57a3072c2f83,005eee80,19,004f4cb0,local,,,,
wiz8--gog-1261--wiz8new--57a3072c2f83,005eeed0,0,005a7d40,local,,,,
wiz8--gog-1261--wiz8new--57a3072c2f83,005eeed0,1,004f5410,local,,,,
wiz8--gog-1261--wiz8new--57a3072c2f83,005eeed0,2,005a7c70,local,,,,
wiz8--gog-1261--wiz8new--57a3072c2f83,005eeed0,3,004f44d0,local,,,,
wiz8--gog-1261--wiz8new--57a3072c2f83,005eeed0,4,004f4460,local,,,,
wiz8--gog-1261--wiz8new--57a3072c2f83,005eeed0,5,004f46a0,local,,,,
wiz8--gog-1261--wiz8new--57a3072c2f83,005eeed0,6,004f69a0,local,,,,
wiz8--gog-1261--wiz8new--57a3072c2f83,005eeed0,7,005a7ce0,local,,,,
wiz8--gog-1261--wiz8new--57a3072c2f83,005eeed0,8,005a7d10,local,,,,
wiz8--gog-1261--wiz8new--57a3072c2f83,005eeed0,9,005b1be0,local,,,,
wiz8--gog-1261--wiz8new--57a3072c2f83,005eeed0,10,005b1be0,local,,,,
wiz8--gog-1261--wiz8new--57a3072c2f83,005eeed0,11,004f4f70,local,,,,
wiz8--gog-1261--wiz8new--57a3072c2f83,005eeed0,12,004f5070,local,,,,
wiz8--gog-1261--wiz8new--57a3072c2f83,005eeed0,13,004f50c0,local,,,,
wiz8--gog-1261--wiz8new--57a3072c2f83,005eeed0,14,004f5290,local,,,,
wiz8--gog-1261--wiz8new--57a3072c2f83,005eeed0,15,004f5310,local,,,,
wiz8--gog-1261--wiz8new--57a3072c2f83,005eeed0,16,004f5230,local,,,,
wiz8--gog-1261--wiz8new--57a3072c2f83,005eeed0,17,004f5360,local,,,,
wiz8--gog-1261--wiz8new--57a3072c2f83,005eeed0,18,004f4c40,local,,,,
wiz8--gog-1261--wiz8new--57a3072c2f83,005eeed0,19,004f4cb0,local,,,,
wiz8--gog-1261--wiz8new--57a3072c2f83,005eef20,0,005a7f30,local,,,,
wiz8--gog-1261--wiz8new--57a3072c2f83,005eef20,1,004f6950,local,,,,
wiz8--gog-1261--wiz8new--57a3072c2f83,005eef20,2,005a7f90,local,,,,
wiz8--gog-1261--wiz8new--57a3072c2f83,005eef20,3,004f6980,local,,,,
wiz8--gog-1261--wiz8new--57a3072c2f83,005eef20,4,004f6960,local,,,,
wiz8--gog-1261--wiz8new--57a3072c2f83,005eef20,5,005b1be0,local,,,,
wiz8--gog-1261--wiz8new--57a3072c2f83,005eef20,6,005b1be0,local,,,,
wiz8--gog-1261--wiz8new--57a3072c2f83,005eef20,7,004f58c0,local,,,,
wiz8--gog-1261--wiz8new--57a3072c2f83,005eef20,8,004f58d0,local,,,,
wiz8--gog-1261--wiz8new--57a3072c2f83,005eef20,9,005a7f60,local,,,,
wiz8--gog-1261--wiz8new--57a3072c2f83,005eef20,10,005b1be0,local,,,,
wiz8--gog-1261--wiz8new--57a3072c2f83,005eef20,11,004f5780,local,,,,
wiz8--gog-1261--wiz8new--57a3072c2f83,005eef20,12,005b1be0,local,,,,
wiz8--gog-1261--wiz8new--57a3072c2f83,005eef20,13,004f5880,local,,,,
wiz8--gog-1261--wiz8new--57a3072c2f83,005eef20,14,005b1be0,local,,,,
wiz8--gog-1261--wiz8new--57a3072c2f83,005eef20,15,005b1be0,local,,,,
wiz8--gog-1261--wiz8new--57a3072c2f83,005eef20,16,005b1be0,local,,,,
wiz8--gog-1261--wiz8new--57a3072c2f83,005eef20,17,005b1be0,local,,,,
wiz8--gog-1261--wiz8new--57a3072c2f83,005eef68,0,005a8050,local,,,,
wiz8--gog-1261--wiz8new--57a3072c2f83,005eef6c,0,005a8170,local,,,,
wiz8--gog-1261--wiz8new--57a3072c2f83,005eef6c,1,005d2d00,local,,,,
wiz8--gog-1261--wiz8new--57a3072c2f83,005eef6c,2,005d2f40,local,,,,
wiz8--gog-1261--wiz8new--57a3072c2f83,005eef6c,3,005d2660,local,,,,
wiz8--gog-1261--wiz8new--57a3072c2f83,005eef6c,4,005ad280,local,,,,
wiz8--gog-1261--wiz8new--57a3072c2f83,005eef6c,5,005dc940,local,,,,
wiz8--gog-1261--wiz8new--57a3072c2f83,005eef6c,6,005dc9c0,local,,,,
wiz8--gog-1261--wiz8new--57a3072c2f83,005eef6c,7,005dc9f0,local,,,,
wiz8--gog-1261--wiz8new--57a3072c2f83,005eef6c,8,005dca70,local,,,,
wiz8--gog-1261--wiz8new--57a3072c2f83,005eef6c,9,005a81a0,local,,,,
wiz8--gog-1261--wiz8new--57a3072c2f83,005eef6c,10,005b1be0,local,,,,
wiz8--gog-1261--wiz8new--57a3072c2f83,005eef6c,11,005ad270,local,,,,
wiz8--gog-1261--wiz8new--57a3072c2f83,005eef6c,12,005b1bf0,local,,,,
wiz8--gog-1261--wiz8new--57a3072c2f83,005eef6c,13,005b1be0,local,,,,
wiz8--gog-1261--wiz8new--57a3072c2f83,005eef6c,14,005d3020,local,,,,
wiz8--gog-1261--wiz8new--57a3072c2f83,005eefa8,0,004f2d50,local,,,,
wiz8--gog-1261--wiz8new--57a3072c2f83,005eefa8,1,004f2e50,local,,,,
wiz8--gog-1261--wiz8new--57a3072c2f83,005eefa8,2,005a8470,local,,,,
wiz8--gog-1261--wiz8new--57a3072c2f83,005eefa8,3,005a8300,local,,,,
wiz8--gog-1261--wiz8new--57a3072c2f83,005eefa8,4,005e1d9a,pure-virtual,,,,
wiz8--gog-1261--wiz8new--57a3072c2f83,005eefa8,5,005a8440,local,,,,
wiz8--gog-1261--wiz8new--57a3072c2f83,005eefa8,6,005a84c0,local,,,,
wiz8--gog-1261--wiz8new--57a3072c2f83,005eefc4,0,005ad0c0,local,,,,
wiz8--gog-1261--wiz8new--57a3072c2f83,005eefc8,0,005ad090,local,,,,
wiz8--gog-1261--wiz8new--57a3072c2f83,005eefcc,0,005ad070,local,,,,
wiz8--gog-1261--wiz8new--57a3072c2f83,005eefd0,0,005ad040,local,,,,
wiz8--gog-1261--wiz8new--57a3072c2f83,005eefd4,0,005a8080,local,,,,
wiz8--gog-1261--wiz8new--57a3072c2f83,005eefd4,1,005b1be0,local,,,,
wiz8--gog-1261--wiz8new--57a3072c2f83,005eefd4,2,005a8b30,local,,,,
wiz8--gog-1261--wiz8new--57a3072c2f83,005eefe0,0,005ad0e0,local,,,,
wiz8--gog-1261--wiz8new--57a3072c2f83,005eefe4,0,005a9050,local,,,,
wiz8--gog-1261--wiz8new--57a3072c2f83,005eefe4,1,005b1be0,local,,,,
wiz8--gog-1261--wiz8new--57a3072c2f83,005eefec,0,004f2d50,local,,,,
wiz8--gog-1261--wiz8new--57a3072c2f83,005eefec,1,004f2e50,local,,,,
wiz8--gog-1261--wiz8new--57a3072c2f83,005eefec,2,005a9020,local,,,,
wiz8--gog-1261--wiz8new--57a3072c2f83,005eefec,3,005a8e40,local,,,,
wiz8--gog-1261--wiz8new--57a3072c2f83,005eeffc,0,005a9ac0,local,,,,
wiz8--gog-1261--wiz8new--57a3072c2f83,005ef000,0,005a9a60,local,,,,
wiz8--gog-1261--wiz8new--57a3072c2f83,005ef000,1,005b1be0,local,,,,
wiz8--gog-1261--wiz8new--57a3072c2f83,005ef008,0,005a98a0,local,,,,
wiz8--gog-1261--wiz8new--57a3072c2f83,005ef00c,0,005ad160,local,,,,
wiz8--gog-1261--wiz8new--57a3072c2f83,005ef010,0,005ad130,local,,,,
wiz8--gog-1261--wiz8new--57a3072c2f83,005ef014,0,005e1d9a,pure-virtual,,,,
wiz8--gog-1261--wiz8new--57a3072c2f83,005ef018,0,005e1d9a,pure-virtual,,,,
wiz8--gog-1261--wiz8new--57a3072c2f83,005ef01c,0,005ad110,local,,,,
wiz8--gog-1261--wiz8new--57a3072c2f83,005ef020,0,005abe60,local,,,,
wiz8--gog-1261--wiz8new--57a3072c2f83,005ef024,0,005abe20,local,,,,
wiz8--gog-1261--wiz8new--57a3072c2f83,005ef028,0,005abd30,local,,,,
wiz8--gog-1261--wiz8new--57a3072c2f83,005ef02c,0,005abd00,local,,,,
wiz8--gog-1261--wiz8new--57a3072c2f83,005ef02c,1,005b1be0,local,,,,
wiz8--gog-1261--wiz8new--57a3072c2f83,005ef034,0,004f2d50,local,,,,
wiz8--gog-1261--wiz8new--57a3072c2f83,005ef034,1,005abce0,local,,,,
wiz8--gog-1261--wiz8new--57a3072c2f83,005ef034,2,005a8470,local,,,,
wiz8--gog-1261--wiz8new--57a3072c2f83,005ef034,3,005ab7f0,local,,,,
wiz8--gog-1261--wiz8new--57a3072c2f83,005ef034,4,005ab930,local,,,,
wiz8--gog-1261--wiz8new--57a3072c2f83,005ef034,5,005abd90,local,,,,
wiz8--gog-1261--wiz8new--57a3072c2f83,005ef034,6,005a84c0,local,,,,
wiz8--gog-1261--wiz8new--57a3072c2f83,005ef050,0,005e1d9a,pure-virtual,,,,
wiz8--gog-1261--wiz8new--57a3072c2f83,005ef054,0,005ab250,local,,,,
wiz8--gog-1261--wiz8new--57a3072c2f83,005ef058,0,005ab1b0,local,,,,
wiz8--gog-1261--wiz8new--57a3072c2f83,005ef058,1,005ab230,local,,,,
wiz8--gog-1261--wiz8new--57a3072c2f83,005ef060,0,005aafc0,local,,,,
wiz8--gog-1261--wiz8new--57a3072c2f83,005ef064,0,005aadd0,local,,,,
wiz8--gog-1261--wiz8new--57a3072c2f83,005ef068,0,005aace0,local,,,,
wiz8--gog-1261--wiz8new--57a3072c2f83,005ef068,1,005b1be0,local,,,,
wiz8--gog-1261--wiz8new--57a3072c2f83,005ef070,0,004f2d50,local,,,,
wiz8--gog-1261--wiz8new--57a3072c2f83,005ef070,1,004f2e50,local,,,,
wiz8--gog-1261--wiz8new--57a3072c2f83,005ef070,2,005a8470,local,,,,
wiz8--gog-1261--wiz8new--57a3072c2f83,005ef070,3,005ace00,local,,,,
wiz8--gog-1261--wiz8new--57a3072c2f83,005ef070,4,005aa7d0,local,,,,
wiz8--gog-1261--wiz8new--57a3072c2f83,005ef070,5,005aaac0,local,,,,
wiz8--gog-1261--wiz8new--57a3072c2f83,005ef070,6,005aab30,local,,,,
wiz8--gog-1261--wiz8new--57a3072c2f83,005ef08c,0,005ad1b0,local,,,,
wiz8--gog-1261--wiz8new--57a3072c2f83,005ef090,0,005e1d9a,pure-virtual,,,,
wiz8--gog-1261--wiz8new--57a3072c2f83,005ef090,1,005e1d9a,pure-virtual,,,,
wiz8--gog-1261--wiz8new--57a3072c2f83,005ef098,0,005e1d9a,pure-virtual,,,,
wiz8--gog-1261--wiz8new--57a3072c2f83,005ef09c,0,004f2d50,local,,,,
wiz8--gog-1261--wiz8new--57a3072c2f83,005ef09c,1,004f2e50,local,,,,
wiz8--gog-1261--wiz8new--57a3072c2f83,005ef09c,2,005a8470,local,,,,
wiz8--gog-1261--wiz8new--57a3072c2f83,005ef09c,3,005ac540,local,,,,
wiz8--gog-1261--wiz8new--57a3072c2f83,005ef09c,4,005a9ea0,local,,,,
wiz8--gog-1261--wiz8new--57a3072c2f83,005ef09c,5,005a8440,local,,,,
wiz8--gog-1261--wiz8new--57a3072c2f83,005ef09c,6,005a84c0,local,,,,
wiz8--gog-1261--wiz8new--57a3072c2f83,005ef0b8,0,004f2d50,local,,,,
wiz8--gog-1261--wiz8new--57a3072c2f83,005ef0b8,1,004f2e50,local,,,,
wiz8--gog-1261--wiz8new--57a3072c2f83,005ef0b8,2,005a8470,local,,,,
wiz8--gog-1261--wiz8new--57a3072c2f83,005ef0b8,3,005acb80,local,,,,
wiz8--gog-1261--wiz8new--57a3072c2f83,005ef0b8,4,005aa410,local,,,,
wiz8--gog-1261--wiz8new--57a3072c2f83,005ef0b8,5,005a8440,local,,,,
wiz8--gog-1261--wiz8new--57a3072c2f83,005ef0b8,6,005a84c0,local,,,,
wiz8--gog-1261--wiz8new--57a3072c2f83,005ef0d4,0,005aa3f0,local,,,,
wiz8--gog-1261--wiz8new--57a3072c2f83,005ef0d4,1,005aa400,local,,,,
wiz8--gog-1261--wiz8new--57a3072c2f83,005ef0dc,0,004f2d50,local,,,,
wiz8--gog-1261--wiz8new--57a3072c2f83,005ef0dc,1,004f2e50,local,,,,
wiz8--gog-1261--wiz8new--57a3072c2f83,005ef0dc,2,005a8470,local,,,,
wiz8--gog-1261--wiz8new--57a3072c2f83,005ef0dc,3,005aca40,local,,,,
wiz8--gog-1261--wiz8new--57a3072c2f83,005ef0dc,4,005aa310,local,,,,
wiz8--gog-1261--wiz8new--57a3072c2f83,005ef0dc,5,005a8440,local,,,,
wiz8--gog-1261--wiz8new--57a3072c2f83,005ef0dc,6,005a84c0,local,,,,
wiz8--gog-1261--wiz8new--57a3072c2f83,005ef0f8,0,005aa730,local,,,,
wiz8--gog-1261--wiz8new--57a3072c2f83,005ef0f8,1,005b1be0,local,,,,
wiz8--gog-1261--wiz8new--57a3072c2f83,005ef100,0,005aa620,local,,,,
wiz8--gog-1261--wiz8new--57a3072c2f83,005ef100,1,005aa6a0,local,,,,
wiz8--gog-1261--wiz8new--57a3072c2f83,005ef108,0,004f2d50,local,,,,
wiz8--gog-1261--wiz8new--57a3072c2f83,005ef108,1,004f2e50,local,,,,
wiz8--gog-1261--wiz8new--57a3072c2f83,005ef108,2,005a8470,local,,,,
wiz8--gog-1261--wiz8new--57a3072c2f83,005ef108,3,005accc0,local,,,,
wiz8--gog-1261--wiz8new--57a3072c2f83,005ef108,4,005aa480,local,,,,
wiz8--gog-1261--wiz8new--57a3072c2f83,005ef108,5,005a8440,local,,,,
wiz8--gog-1261--wiz8new--57a3072c2f83,005ef108,6,005a84c0,local,,,,
wiz8--gog-1261--wiz8new--57a3072c2f83,005ef124,0,005aa2d0,local,,,,
wiz8--gog-1261--wiz8new--57a3072c2f83,005ef124,1,005b1be0,local,,,,
wiz8--gog-1261--wiz8new--57a3072c2f83,005ef12c,0,005b1be0,local,,,,
wiz8--gog-1261--wiz8new--57a3072c2f83,005ef12c,1,005aa2a0,local,,,,
wiz8--gog-1261--wiz8new--57a3072c2f83,005ef134,0,004f2d50,local,,,,
wiz8--gog-1261--wiz8new--57a3072c2f83,005ef134,1,004f2e50,local,,,,
wiz8--gog-1261--wiz8new--57a3072c2f83,005ef134,2,005a8470,local,,,,
wiz8--gog-1261--wiz8new--57a3072c2f83,005ef134,3,005ac900,local,,,,
wiz8--gog-1261--wiz8new--57a3072c2f83,005ef134,4,005aa170,local,,,,
wiz8--gog-1261--wiz8new--57a3072c2f83,005ef134,5,005a8440,local,,,,
wiz8--gog-1261--wiz8new--57a3072c2f83,005ef134,6,005a84c0,local,,,,
wiz8--gog-1261--wiz8new--57a3072c2f83,005ef150,0,005e1d9a,pure-virtual,,,,
wiz8--gog-1261--wiz8new--57a3072c2f83,005ef150,1,005e1d9a,pure-virtual,,,,
wiz8--gog-1261--wiz8new--57a3072c2f83,005ef158,0,004f2d50,local,,,,
wiz8--gog-1261--wiz8new--57a3072c2f83,005ef158,1,004f2e50,local,,,,
wiz8--gog-1261--wiz8new--57a3072c2f83,005ef158,2,005a8470,local,,,,
wiz8--gog-1261--wiz8new--57a3072c2f83,005ef158,3,005ac7c0,local,,,,
wiz8--gog-1261--wiz8new--57a3072c2f83,005ef158,4,005aa0c0,local,,,,
wiz8--gog-1261--wiz8new--57a3072c2f83,005ef158,5,005a8440,local,,,,
wiz8--gog-1261--wiz8new--57a3072c2f83,005ef158,6,005a84c0,local,,,,
wiz8--gog-1261--wiz8new--57a3072c2f83,005ef174,0,004f2d50,local,,,,
wiz8--gog-1261--wiz8new--57a3072c2f83,005ef174,1,004f2e50,local,,,,
wiz8--gog-1261--wiz8new--57a3072c2f83,005ef174,2,005a8470,local,,,,
wiz8--gog-1261--wiz8new--57a3072c2f83,005ef174,3,005ac680,local,,,,
wiz8--gog-1261--wiz8new--57a3072c2f83,005ef174,4,005a9fd0,local,,,,
wiz8--gog-1261--wiz8new--57a3072c2f83,005ef174,5,005a8440,local,,,,
wiz8--gog-1261--wiz8new--57a3072c2f83,005ef174,6,005a84c0,local,,,,
wiz8--gog-1261--wiz8new--57a3072c2f83,005ef190,0,005ad180,local,,,,
wiz8--gog-1261--wiz8new--57a3072c2f83,005ef1d8,0,005afc50,local,,,,
wiz8--gog-1261--wiz8new--57a3072c2f83,005ef1d8,1,005afcb0,local,,,,
wiz8--gog-1261--wiz8new--57a3072c2f83,005ef1d8,2,005af990,local,,,,
wiz8--gog-1261--wiz8new--57a3072c2f83,005ef1e4,0,004f2d50,local,,,,
wiz8--gog-1261--wiz8new--57a3072c2f83,005ef1e4,1,005aff50,local,,,,
wiz8--gog-1261--wiz8new--57a3072c2f83,005ef1e4,2,005aff20,local,,,,
wiz8--gog-1261--wiz8new--57a3072c2f83,005ef1e4,3,005afe20,local,,,,
wiz8--gog-1261--wiz8new--57a3072c2f83,005ef1e4,4,005aff00,local,,,,
wiz8--gog-1261--wiz8new--57a3072c2f83,005ef1e4,5,005e1d9a,pure-virtual,,,,
wiz8--gog-1261--wiz8new--57a3072c2f83,005ef1e4,6,005e1d9a,pure-virtual,,,,
wiz8--gog-1261--wiz8new--57a3072c2f83,005ef1e4,7,005e1d9a,pure-virtual,,,,
wiz8--gog-1261--wiz8new--57a3072c2f83,005ef1e4,8,005e1d9a,pure-virtual,,,,
wiz8--gog-1261--wiz8new--57a3072c2f83,005ef1e4,9,005b1be0,local,,,,
wiz8--gog-1261--wiz8new--57a3072c2f83,005ef1e4,10,005b1bf0,local,,,,
wiz8--gog-1261--wiz8new--57a3072c2f83,005ef1e4,11,005affa0,local,,,,
wiz8--gog-1261--wiz8new--57a3072c2f83,005ef214,0,005b1bc0,local,,,,
wiz8--gog-1261--wiz8new--57a3072c2f83,005ef218,0,005b1b90,local,,,,
wiz8--gog-1261--wiz8new--57a3072c2f83,005ef21c,0,005b0a40,local,,,,
wiz8--gog-1261--wiz8new--57a3072c2f83,005ef21c,1,005b1be0,local,,,,
wiz8--gog-1261--wiz8new--57a3072c2f83,005ef224,0,005b0580,local,,,,
wiz8--gog-1261--wiz8new--57a3072c2f83,005ef224,1,005b0610,local,,,,
wiz8--gog-1261--wiz8new--57a3072c2f83,005ef224,2,005b06a0,local,,,,
wiz8--gog-1261--wiz8new--57a3072c2f83,005ef224,3,005b0730,local,,,,
wiz8--gog-1261--wiz8new--57a3072c2f83,005ef224,4,005b07c0,local,,,,
wiz8--gog-1261--wiz8new--57a3072c2f83,005ef224,5,005b0850,local,,,,
wiz8--gog-1261--wiz8new--57a3072c2f83,005ef224,6,005b08e0,local,,,,
wiz8--gog-1261--wiz8new--57a3072c2f83,005ef224,7,005b09b0,local,,,,
wiz8--gog-1261--wiz8new--57a3072c2f83,005ef224,8,005b0a10,local,,,,
wiz8--gog-1261--wiz8new--57a3072c2f83,005ef224,9,005b0120,local,,,,
wiz8--gog-1261--wiz8new--57a3072c2f83,005ef224,10,005b0130,local,,,,
wiz8--gog-1261--wiz8new--57a3072c2f83,005ef270,0,005b3470,local,,,,
wiz8--gog-1261--wiz8new--57a3072c2f83,005ef270,1,005b1be0,local,,,,
wiz8--gog-1261--wiz8new--57a3072c2f83,005ef278,0,005b33a0,local,,,,
wiz8--gog-1261--wiz8new--57a3072c2f83,005ef278,1,004f2e50,local,,,,
wiz8--gog-1261--wiz8new--57a3072c2f83,005ef278,2,005b34a0,local,,,,
wiz8--gog-1261--wiz8new--57a3072c2f83,005ef298,0,005b7180,local,,,,
wiz8--gog-1261--wiz8new--57a3072c2f83,005ef2b0,0,005b7c20,local,,,,
wiz8--gog-1261--wiz8new--57a3072c2f83,005ef2b0,1,004f5410,local,,,,
wiz8--gog-1261--wiz8new--57a3072c2f83,005ef2b0,2,004f4990,local,,,,
wiz8--gog-1261--wiz8new--57a3072c2f83,005ef2b0,3,004f44d0,local,,,,
wiz8--gog-1261--wiz8new--57a3072c2f83,005ef2b0,4,004f4460,local,,,,
wiz8--gog-1261--wiz8new--57a3072c2f83,005ef2b0,5,004f46a0,local,,,,
wiz8--gog-1261--wiz8new--57a3072c2f83,005ef2b0,6,004f69a0,local,,,,
wiz8--gog-1261--wiz8new--57a3072c2f83,005ef2b0,7,005b7c90,local,,,,
wiz8--gog-1261--wiz8new--57a3072c2f83,005ef2b0,8,004f4e00,local,,,,
wiz8--gog-1261--wiz8new--57a3072c2f83,005ef2b0,9,005b1be0,local,,,,
wiz8--gog-1261--wiz8new--57a3072c2f83,005ef2b0,10,005b1be0,local,,,,
wiz8--gog-1261--wiz8new--57a3072c2f83,005ef2b0,11,005b7cb0,local,,,,
wiz8--gog-1261--wiz8new--57a3072c2f83,005ef2b0,12,004f5070,local,,,,
wiz8--gog-1261--wiz8new--57a3072c2f83,005ef2b0,13,005b7cd0,local,,,,
wiz8--gog-1261--wiz8new--57a3072c2f83,005ef2b0,14,004f5290,local,,,,
wiz8--gog-1261--wiz8new--57a3072c2f83,005ef2b0,15,005b7cf0,local,,,,
wiz8--gog-1261--wiz8new--57a3072c2f83,005ef2b0,16,004f5230,local,,,,
wiz8--gog-1261--wiz8new--57a3072c2f83,005ef2b0,17,004f5360,local,,,,
wiz8--gog-1261--wiz8new--57a3072c2f83,005ef2b0,18,004f4c40,local,,,,
wiz8--gog-1261--wiz8new--57a3072c2f83,005ef2b0,19,004f4cb0,local,,,,
wiz8--gog-1261--wiz8new--57a3072c2f83,005ef310,0,005bc7d0,local,,,,
wiz8--gog-1261--wiz8new--57a3072c2f83,005ef338,0,005bdc20,local,,,,
wiz8--gog-1261--wiz8new--57a3072c2f83,005ef338,1,005b1be0,local,,,,
wiz8--gog-1261--wiz8new--57a3072c2f83,005ef340,0,004f2d50,local,,,,
wiz8--gog-1261--wiz8new--57a3072c2f83,005ef340,1,004f2e50,local,,,,
wiz8--gog-1261--wiz8new--57a3072c2f83,005ef340,2,005bdbf0,local,,,,
wiz8--gog-1261--wiz8new--57a3072c2f83,005ef340,3,005bd7d0,local,,,,
wiz8--gog-1261--wiz8new--57a3072c2f83,005ef360,0,005c3740,local,,,,
wiz8--gog-1261--wiz8new--57a3072c2f83,005ef364,0,005be930,local,,,,
wiz8--gog-1261--wiz8new--57a3072c2f83,005ef364,1,004f5410,local,,,,
wiz8--gog-1261--wiz8new--57a3072c2f83,005ef364,2,005be9b0,local,,,,
wiz8--gog-1261--wiz8new--57a3072c2f83,005ef364,3,004f44d0,local,,,,
wiz8--gog-1261--wiz8new--57a3072c2f83,005ef364,4,004f4460,local,,,,
wiz8--gog-1261--wiz8new--57a3072c2f83,005ef364,5,004f46a0,local,,,,
wiz8--gog-1261--wiz8new--57a3072c2f83,005ef364,6,004f69a0,local,,,,
wiz8--gog-1261--wiz8new--57a3072c2f83,005ef364,7,004f4d30,local,,,,
wiz8--gog-1261--wiz8new--57a3072c2f83,005ef364,8,004f4e00,local,,,,
wiz8--gog-1261--wiz8new--57a3072c2f83,005ef364,9,005b1be0,local,,,,
wiz8--gog-1261--wiz8new--57a3072c2f83,005ef364,10,005beb90,local,,,,
wiz8--gog-1261--wiz8new--57a3072c2f83,005ef364,11,004f4f70,local,,,,
wiz8--gog-1261--wiz8new--57a3072c2f83,005ef364,12,004f5070,local,,,,
wiz8--gog-1261--wiz8new--57a3072c2f83,005ef364,13,004f50c0,local,,,,
wiz8--gog-1261--wiz8new--57a3072c2f83,005ef364,14,005beb10,local,,,,
wiz8--gog-1261--wiz8new--57a3072c2f83,005ef364,15,005beb50,local,,,,
wiz8--gog-1261--wiz8new--57a3072c2f83,005ef364,16,004f5230,local,,,,
wiz8--gog-1261--wiz8new--57a3072c2f83,005ef364,17,004f5360,local,,,,
wiz8--gog-1261--wiz8new--57a3072c2f83,005ef364,18,004f4c40,local,,,,
wiz8--gog-1261--wiz8new--57a3072c2f83,005ef364,19,004f4cb0,local,,,,
wiz8--gog-1261--wiz8new--57a3072c2f83,005ef3b4,0,005bf0c0,local,,,,
wiz8--gog-1261--wiz8new--57a3072c2f83,005ef3b4,1,005bf050,local,,,,
wiz8--gog-1261--wiz8new--57a3072c2f83,005ef3b4,2,005bf0e0,local,,,,
wiz8--gog-1261--wiz8new--57a3072c2f83,005ef3c0,0,005beea0,local,,,,
wiz8--gog-1261--wiz8new--57a3072c2f83,005ef3c4,0,005bee70,local,,,,
wiz8--gog-1261--wiz8new--57a3072c2f83,005ef3c8,0,004f2d50,local,,,,
wiz8--gog-1261--wiz8new--57a3072c2f83,005ef3c8,1,004f2e50,local,,,,
wiz8--gog-1261--wiz8new--57a3072c2f83,005ef3c8,2,004f2f10,local,,,,
wiz8--gog-1261--wiz8new--57a3072c2f83,005ef3c8,3,005bedd0,local,,,,
wiz8--gog-1261--wiz8new--57a3072c2f83,005ef3d8,0,005e1d9a,pure-virtual,,,,
wiz8--gog-1261--wiz8new--57a3072c2f83,005ef3d8,1,005e1d9a,pure-virtual,,,,
wiz8--gog-1261--wiz8new--57a3072c2f83,005ef3d8,2,005e1d9a,pure-virtual,,,,
wiz8--gog-1261--wiz8new--57a3072c2f83,005ef3e4,0,005bf200,local,,,,
wiz8--gog-1261--wiz8new--57a3072c2f83,005ef3e4,1,004f5410,local,,,,
wiz8--gog-1261--wiz8new--57a3072c2f83,005ef3e4,2,005bf280,local,,,,
wiz8--gog-1261--wiz8new--57a3072c2f83,005ef3e4,3,004f44d0,local,,,,
wiz8--gog-1261--wiz8new--57a3072c2f83,005ef3e4,4,004f4460,local,,,,
wiz8--gog-1261--wiz8new--57a3072c2f83,005ef3e4,5,004f46a0,local,,,,
wiz8--gog-1261--wiz8new--57a3072c2f83,005ef3e4,6,004f69a0,local,,,,
wiz8--gog-1261--wiz8new--57a3072c2f83,005ef3e4,7,004f4d30,local,,,,
wiz8--gog-1261--wiz8new--57a3072c2f83,005ef3e4,8,004f4e00,local,,,,
wiz8--gog-1261--wiz8new--57a3072c2f83,005ef3e4,9,005b1be0,local,,,,
wiz8--gog-1261--wiz8new--57a3072c2f83,005ef3e4,10,005b1be0,local,,,,
wiz8--gog-1261--wiz8new--57a3072c2f83,005ef3e4,11,004f4f70,local,,,,
wiz8--gog-1261--wiz8new--57a3072c2f83,005ef3e4,12,004f5070,local,,,,
wiz8--gog-1261--wiz8new--57a3072c2f83,005ef3e4,13,004f50c0,local,,,,
wiz8--gog-1261--wiz8new--57a3072c2f83,005ef3e4,14,005bf410,local,,,,
wiz8--gog-1261--wiz8new--57a3072c2f83,005ef3e4,15,005bf4e0,local,,,,
wiz8--gog-1261--wiz8new--57a3072c2f83,005ef3e4,16,004f5230,local,,,,
wiz8--gog-1261--wiz8new--57a3072c2f83,005ef3e4,17,004f5360,local,,,,
wiz8--gog-1261--wiz8new--57a3072c2f83,005ef3e4,18,004f4c40,local,,,,
wiz8--gog-1261--wiz8new--57a3072c2f83,005ef3e4,19,004f4cb0,local,,,,
wiz8--gog-1261--wiz8new--57a3072c2f83,005ef434,0,005bf6b0,local,,,,
wiz8--gog-1261--wiz8new--57a3072c2f83,005ef438,0,004f2d50,local,,,,
wiz8--gog-1261--wiz8new--57a3072c2f83,005ef438,1,004f2e50,local,,,,
wiz8--gog-1261--wiz8new--57a3072c2f83,005ef438,2,004f2f10,local,,,,
wiz8--gog-1261--wiz8new--57a3072c2f83,005ef438,3,005bf620,local,,,,
wiz8--gog-1261--wiz8new--57a3072c2f83,005ef448,0,005bf840,local,,,,
wiz8--gog-1261--wiz8new--57a3072c2f83,005ef448,1,005b1be0,local,,,,
wiz8--gog-1261--wiz8new--57a3072c2f83,005ef450,0,004f2d50,local,,,,
wiz8--gog-1261--wiz8new--57a3072c2f83,005ef450,1,004f2e50,local,,,,
wiz8--gog-1261--wiz8new--57a3072c2f83,005ef450,2,004f2f10,local,,,,
wiz8--gog-1261--wiz8new--57a3072c2f83,005ef450,3,005bf7c0,local,,,,
wiz8--gog-1261--wiz8new--57a3072c2f83,005ef460,0,005c01b0,local,,,,
wiz8--gog-1261--wiz8new--57a3072c2f83,005ef464,0,005bff20,local,,,,
wiz8--gog-1261--wiz8new--57a3072c2f83,005ef464,1,004f6950,local,,,,
wiz8--gog-1261--wiz8new--57a3072c2f83,005ef464,2,005bff60,local,,,,
wiz8--gog-1261--wiz8new--57a3072c2f83,005ef464,3,004f6980,local,,,,
wiz8--gog-1261--wiz8new--57a3072c2f83,005ef464,4,004f6960,local,,,,
wiz8--gog-1261--wiz8new--57a3072c2f83,005ef464,5,005b1be0,local,,,,
wiz8--gog-1261--wiz8new--57a3072c2f83,005ef464,6,005b1be0,local,,,,
wiz8--gog-1261--wiz8new--57a3072c2f83,005ef464,7,005b1be0,local,,,,
wiz8--gog-1261--wiz8new--57a3072c2f83,005ef464,8,005c00c0,local,,,,
wiz8--gog-1261--wiz8new--57a3072c2f83,005ef464,9,005c00e0,local,,,,
wiz8--gog-1261--wiz8new--57a3072c2f83,005ef464,10,005b1be0,local,,,,
wiz8--gog-1261--wiz8new--57a3072c2f83,005ef464,11,005b1be0,local,,,,
wiz8--gog-1261--wiz8new--57a3072c2f83,005ef464,12,005b1be0,local,,,,
wiz8--gog-1261--wiz8new--57a3072c2f83,005ef464,13,005c0140,local,,,,
wiz8--gog-1261--wiz8new--57a3072c2f83,005ef464,14,005b1be0,local,,,,
wiz8--gog-1261--wiz8new--57a3072c2f83,005ef464,15,005b1be0,local,,,,
wiz8--gog-1261--wiz8new--57a3072c2f83,005ef464,16,005b1be0,local,,,,
wiz8--gog-1261--wiz8new--57a3072c2f83,005ef464,17,005b1be0,local,,,,
wiz8--gog-1261--wiz8new--57a3072c2f83,005ef4ac,0,004f2d50,local,,,,
wiz8--gog-1261--wiz8new--57a3072c2f83,005ef4ac,1,004f2e50,local,,,,
wiz8--gog-1261--wiz8new--57a3072c2f83,005ef4ac,2,005c0560,local,,,,
wiz8--gog-1261--wiz8new--57a3072c2f83,005ef4ac,3,005c0460,local,,,,
wiz8--gog-1261--wiz8new--57a3072c2f83,005ef4bc,0,005c0e20,local,,,,
wiz8--gog-1261--wiz8new--57a3072c2f83,005ef4c0,0,005c1d70,local,,,,
wiz8--gog-1261--wiz8new--57a3072c2f83,005ef4c0,1,005c1ea0,local,,,,
wiz8--gog-1261--wiz8new--57a3072c2f83,005ef4c8,0,005c1d60,local,,,,
wiz8--gog-1261--wiz8new--57a3072c2f83,005ef4cc,0,005c1920,local,,,,
wiz8--gog-1261--wiz8new--57a3072c2f83,005ef4cc,1,005b1be0,local,,,,
wiz8--gog-1261--wiz8new--57a3072c2f83,005ef4d4,0,005e1d9a,pure-virtual,,,,
wiz8--gog-1261--wiz8new--57a3072c2f83,005ef4d4,1,005e1d9a,pure-virtual,,,,
wiz8--gog-1261--wiz8new--57a3072c2f83,005ef4dc,0,005e1d9a,pure-virtual,,,,
wiz8--gog-1261--wiz8new--57a3072c2f83,005ef4e0,0,004f2d50,local,,,,
wiz8--gog-1261--wiz8new--57a3072c2f83,005ef4e0,1,004f2e50,local,,,,
wiz8--gog-1261--wiz8new--57a3072c2f83,005ef4e0,2,005bf8b0,local,,,,
wiz8--gog-1261--wiz8new--57a3072c2f83,005ef4e0,3,005c1560,local,,,,
wiz8--gog-1261--wiz8new--57a3072c2f83,005ef4f0,0,005c3770,local,,,,
wiz8--gog-1261--wiz8new--57a3072c2f83,005ef530,0,005c44e0,local,,,,
wiz8--gog-1261--wiz8new--57a3072c2f83,005ef534,0,005c4800,local,,,,
wiz8--gog-1261--wiz8new--57a3072c2f83,005ef534,1,005b1be0,local,,,,
wiz8--gog-1261--wiz8new--57a3072c2f83,005ef53c,0,004f2d50,local,,,,
wiz8--gog-1261--wiz8new--57a3072c2f83,005ef53c,1,004f2e50,local,,,,
wiz8--gog-1261--wiz8new--57a3072c2f83,005ef53c,2,004f2f10,local,,,,
wiz8--gog-1261--wiz8new--57a3072c2f83,005ef53c,3,005c4780,local,,,,
wiz8--gog-1261--wiz8new--57a3072c2f83,005ef570,0,005c7220,local,,,,
wiz8--gog-1261--wiz8new--57a3072c2f83,005ef570,1,005b1be0,local,,,,
wiz8--gog-1261--wiz8new--57a3072c2f83,005ef578,0,005c73b0,local,,,,
wiz8--gog-1261--wiz8new--57a3072c2f83,005ef57c,0,004f2d50,local,,,,
wiz8--gog-1261--wiz8new--57a3072c2f83,005ef57c,1,005aff50,local,,,,
wiz8--gog-1261--wiz8new--57a3072c2f83,005ef57c,2,005c6b70,local,,,,
wiz8--gog-1261--wiz8new--57a3072c2f83,005ef57c,3,005c74c0,local,,,,
wiz8--gog-1261--wiz8new--57a3072c2f83,005ef57c,4,005c6460,local,,,,
wiz8--gog-1261--wiz8new--57a3072c2f83,005ef57c,5,005c6820,local,,,,
wiz8--gog-1261--wiz8new--57a3072c2f83,005ef57c,6,005c68f0,local,,,,
wiz8--gog-1261--wiz8new--57a3072c2f83,005ef57c,7,005c6910,local,,,,
wiz8--gog-1261--wiz8new--57a3072c2f83,005ef57c,8,005c69a0,local,,,,
wiz8--gog-1261--wiz8new--57a3072c2f83,005ef57c,9,005c6a60,local,,,,
wiz8--gog-1261--wiz8new--57a3072c2f83,005ef57c,10,005c6b20,local,,,,
wiz8--gog-1261--wiz8new--57a3072c2f83,005ef57c,11,005affa0,local,,,,
wiz8--gog-1261--wiz8new--57a3072c2f83,005ef5c0,0,005c7790,local,,,,
wiz8--gog-1261--wiz8new--57a3072c2f83,005ef5c0,1,005c77d0,local,,,,
wiz8--gog-1261--wiz8new--57a3072c2f83,005ef5c8,0,004f2d50,local,,,,
wiz8--gog-1261--wiz8new--57a3072c2f83,005ef5c8,1,005aff50,local,,,,
wiz8--gog-1261--wiz8new--57a3072c2f83,005ef5c8,2,005c77f0,local,,,,
wiz8--gog-1261--wiz8new--57a3072c2f83,005ef5c8,3,005c7d40,local,,,,
wiz8--gog-1261--wiz8new--57a3072c2f83,005ef5c8,4,005c7580,local,,,,
wiz8--gog-1261--wiz8new--57a3072c2f83,005ef5c8,5,005c76a0,local,,,,
wiz8--gog-1261--wiz8new--57a3072c2f83,005ef5c8,6,005ca1f0,local,,,,
wiz8--gog-1261--wiz8new--57a3072c2f83,005ef5c8,7,005c76c0,local,,,,
wiz8--gog-1261--wiz8new--57a3072c2f83,005ef5c8,8,005c7720,local,,,,
wiz8--gog-1261--wiz8new--57a3072c2f83,005ef5c8,9,005b1be0,local,,,,
wiz8--gog-1261--wiz8new--57a3072c2f83,005ef5c8,10,005c7d30,local,,,,
wiz8--gog-1261--wiz8new--57a3072c2f83,005ef5c8,11,005affa0,local,,,,
wiz8--gog-1261--wiz8new--57a3072c2f83,005ef5f8,0,005e1d9a,pure-virtual,,,,
wiz8--gog-1261--wiz8new--57a3072c2f83,005ef5f8,1,005e1d9a,pure-virtual,,,,
wiz8--gog-1261--wiz8new--57a3072c2f83,005ef610,0,005c8330,local,,,,
wiz8--gog-1261--wiz8new--57a3072c2f83,005ef614,0,005c7d80,local,,,,
wiz8--gog-1261--wiz8new--57a3072c2f83,005ef614,1,004f6950,local,,,,
wiz8--gog-1261--wiz8new--57a3072c2f83,005ef614,2,005c7ef0,local,,,,
wiz8--gog-1261--wiz8new--57a3072c2f83,005ef614,3,004f6980,local,,,,
wiz8--gog-1261--wiz8new--57a3072c2f83,005ef614,4,004f6960,local,,,,
wiz8--gog-1261--wiz8new--57a3072c2f83,005ef614,5,005b1be0,local,,,,
wiz8--gog-1261--wiz8new--57a3072c2f83,005ef614,6,005b1be0,local,,,,
wiz8--gog-1261--wiz8new--57a3072c2f83,005ef614,7,004f58c0,local,,,,
wiz8--gog-1261--wiz8new--57a3072c2f83,005ef614,8,005c8100,local,,,,
wiz8--gog-1261--wiz8new--57a3072c2f83,005ef614,9,005c8120,local,,,,
wiz8--gog-1261--wiz8new--57a3072c2f83,005ef614,10,005c82f0,local,,,,
wiz8--gog-1261--wiz8new--57a3072c2f83,005ef614,11,005c8190,local,,,,
wiz8--gog-1261--wiz8new--57a3072c2f83,005ef614,12,005c8190,local,,,,
wiz8--gog-1261--wiz8new--57a3072c2f83,005ef614,13,005c81f0,local,,,,
wiz8--gog-1261--wiz8new--57a3072c2f83,005ef614,14,005c8280,local,,,,
wiz8--gog-1261--wiz8new--57a3072c2f83,005ef614,15,005b1be0,local,,,,
wiz8--gog-1261--wiz8new--57a3072c2f83,005ef614,16,005b1be0,local,,,,
wiz8--gog-1261--wiz8new--57a3072c2f83,005ef614,17,005b1be0,local,,,,
wiz8--gog-1261--wiz8new--57a3072c2f83,005ef65c,0,005c87b0,local,,,,
wiz8--gog-1261--wiz8new--57a3072c2f83,005ef65c,1,005c88a0,local,,,,
wiz8--gog-1261--wiz8new--57a3072c2f83,005ef664,0,004f2d50,local,,,,
wiz8--gog-1261--wiz8new--57a3072c2f83,005ef664,1,005aff50,local,,,,
wiz8--gog-1261--wiz8new--57a3072c2f83,005ef664,2,005c88c0,local,,,,
wiz8--gog-1261--wiz8new--57a3072c2f83,005ef664,3,005c8350,local,,,,
wiz8--gog-1261--wiz8new--57a3072c2f83,005ef664,4,005c83d0,local,,,,
wiz8--gog-1261--wiz8new--57a3072c2f83,005ef664,5,005c8530,local,,,,
wiz8--gog-1261--wiz8new--57a3072c2f83,005ef664,6,005c8570,local,,,,
wiz8--gog-1261--wiz8new--57a3072c2f83,005ef664,7,005c8730,local,,,,
wiz8--gog-1261--wiz8new--57a3072c2f83,005ef664,8,005c8770,local,,,,
wiz8--gog-1261--wiz8new--57a3072c2f83,005ef664,9,005b1be0,local,,,,
wiz8--gog-1261--wiz8new--57a3072c2f83,005ef664,10,005c87a0,local,,,,
wiz8--gog-1261--wiz8new--57a3072c2f83,005ef664,11,005affa0,local,,,,
wiz8--gog-1261--wiz8new--57a3072c2f83,005ef694,0,005e1d9a,pure-virtual,,,,
wiz8--gog-1261--wiz8new--57a3072c2f83,005ef694,1,005e1d9a,pure-virtual,,,,
wiz8--gog-1261--wiz8new--57a3072c2f83,005ef6b0,0,005c8f40,local,,,,
wiz8--gog-1261--wiz8new--57a3072c2f83,005ef6b0,1,004f5410,local,,,,
wiz8--gog-1261--wiz8new--57a3072c2f83,005ef6b0,2,005c9000,local,,,,
wiz8--gog-1261--wiz8new--57a3072c2f83,005ef6b0,3,004f44d0,local,,,,
wiz8--gog-1261--wiz8new--57a3072c2f83,005ef6b0,4,004f4460,local,,,,
wiz8--gog-1261--wiz8new--57a3072c2f83,005ef6b0,5,004f46a0,local,,,,
wiz8--gog-1261--wiz8new--57a3072c2f83,005ef6b0,6,004f69a0,local,,,,
wiz8--gog-1261--wiz8new--57a3072c2f83,005ef6b0,7,004f4d30,local,,,,
wiz8--gog-1261--wiz8new--57a3072c2f83,005ef6b0,8,004f4e00,local,,,,
wiz8--gog-1261--wiz8new--57a3072c2f83,005ef6b0,9,005b1be0,local,,,,
wiz8--gog-1261--wiz8new--57a3072c2f83,005ef6b0,10,005b1be0,local,,,,
wiz8--gog-1261--wiz8new--57a3072c2f83,005ef6b0,11,004f4f70,local,,,,
wiz8--gog-1261--wiz8new--57a3072c2f83,005ef6b0,12,004f5070,local,,,,
wiz8--gog-1261--wiz8new--57a3072c2f83,005ef6b0,13,004f50c0,local,,,,
wiz8--gog-1261--wiz8new--57a3072c2f83,005ef6b0,14,005c92f0,local,,,,
wiz8--gog-1261--wiz8new--57a3072c2f83,005ef6b0,15,004f5310,local,,,,
wiz8--gog-1261--wiz8new--57a3072c2f83,005ef6b0,16,004f5230,local,,,,
wiz8--gog-1261--wiz8new--57a3072c2f83,005ef6b0,17,004f5360,local,,,,
wiz8--gog-1261--wiz8new--57a3072c2f83,005ef6b0,18,004f4c40,local,,,,
wiz8--gog-1261--wiz8new--57a3072c2f83,005ef6b0,19,004f4cb0,local,,,,
wiz8--gog-1261--wiz8new--57a3072c2f83,005ef700,0,005c91a0,local,,,,
wiz8--gog-1261--wiz8new--57a3072c2f83,005ef700,1,004f5410,local,,,,
wiz8--gog-1261--wiz8new--57a3072c2f83,005ef700,2,005c9220,local,,,,
wiz8--gog-1261--wiz8new--57a3072c2f83,005ef700,3,004f44d0,local,,,,
wiz8--gog-1261--wiz8new--57a3072c2f83,005ef700,4,004f4460,local,,,,
wiz8--gog-1261--wiz8new--57a3072c2f83,005ef700,5,004f46a0,local,,,,
wiz8--gog-1261--wiz8new--57a3072c2f83,005ef700,6,004f69a0,local,,,,
wiz8--gog-1261--wiz8new--57a3072c2f83,005ef700,7,005c9290,local,,,,
wiz8--gog-1261--wiz8new--57a3072c2f83,005ef700,8,005c92c0,local,,,,
wiz8--gog-1261--wiz8new--57a3072c2f83,005ef700,9,005b1be0,local,,,,
wiz8--gog-1261--wiz8new--57a3072c2f83,005ef700,10,005b1be0,local,,,,
wiz8--gog-1261--wiz8new--57a3072c2f83,005ef700,11,004f4f70,local,,,,
wiz8--gog-1261--wiz8new--57a3072c2f83,005ef700,12,004f5070,local,,,,
wiz8--gog-1261--wiz8new--57a3072c2f83,005ef700,13,004f50c0,local,,,,
wiz8--gog-1261--wiz8new--57a3072c2f83,005ef700,14,005c92f0,local,,,,
wiz8--gog-1261--wiz8new--57a3072c2f83,005ef700,15,004f5310,local,,,,
wiz8--gog-1261--wiz8new--57a3072c2f83,005ef700,16,004f5230,local,,,,
wiz8--gog-1261--wiz8new--57a3072c2f83,005ef700,17,004f5360,local,,,,
wiz8--gog-1261--wiz8new--57a3072c2f83,005ef700,18,004f4c40,local,,,,
wiz8--gog-1261--wiz8new--57a3072c2f83,005ef700,19,004f4cb0,local,,,,
wiz8--gog-1261--wiz8new--57a3072c2f83,005ef750,0,005c9760,local,,,,
wiz8--gog-1261--wiz8new--57a3072c2f83,005ef750,1,005c9a50,local,,,,
wiz8--gog-1261--wiz8new--57a3072c2f83,005ef758,0,005b1be0,local,,,,
wiz8--gog-1261--wiz8new--57a3072c2f83,005ef758,1,005caa50,local,,,,
wiz8--gog-1261--wiz8new--57a3072c2f83,005ef760,0,005ca730,local,,,,
wiz8--gog-1261--wiz8new--57a3072c2f83,005ef760,1,005ca7e0,local,,,,
wiz8--gog-1261--wiz8new--57a3072c2f83,005ef768,0,005ca800,local,,,,
wiz8--gog-1261--wiz8new--57a3072c2f83,005ef768,1,005ca8d0,local,,,,
wiz8--gog-1261--wiz8new--57a3072c2f83,005ef768,2,005ca970,local,,,,
wiz8--gog-1261--wiz8new--57a3072c2f83,005ef768,3,005caa20,local,,,,
wiz8--gog-1261--wiz8new--57a3072c2f83,005ef778,0,004f2d50,local,,,,
wiz8--gog-1261--wiz8new--57a3072c2f83,005ef778,1,005aff50,local,,,,
wiz8--gog-1261--wiz8new--57a3072c2f83,005ef778,2,005cab20,local,,,,
wiz8--gog-1261--wiz8new--57a3072c2f83,005ef778,3,005c9ac0,local,,,,
wiz8--gog-1261--wiz8new--57a3072c2f83,005ef778,4,005c9c80,local,,,,
wiz8--gog-1261--wiz8new--57a3072c2f83,005ef778,5,005ca140,local,,,,
wiz8--gog-1261--wiz8new--57a3072c2f83,005ef778,6,005ca1f0,local,,,,
wiz8--gog-1261--wiz8new--57a3072c2f83,005ef778,7,005ca4f0,local,,,,
wiz8--gog-1261--wiz8new--57a3072c2f83,005ef778,8,005ca550,local,,,,
wiz8--gog-1261--wiz8new--57a3072c2f83,005ef778,9,005ca5e0,local,,,,
wiz8--gog-1261--wiz8new--57a3072c2f83,005ef778,10,005ca480,local,,,,
wiz8--gog-1261--wiz8new--57a3072c2f83,005ef778,11,005caa80,local,,,,
wiz8--gog-1261--wiz8new--57a3072c2f83,005ef7a8,0,005e1d9a,pure-virtual,,,,
wiz8--gog-1261--wiz8new--57a3072c2f83,005ef7a8,1,005e1d9a,pure-virtual,,,,
wiz8--gog-1261--wiz8new--57a3072c2f83,005ef7a8,2,005e1d9a,pure-virtual,,,,
wiz8--gog-1261--wiz8new--57a3072c2f83,005ef7a8,3,005e1d9a,pure-virtual,,,,
wiz8--gog-1261--wiz8new--57a3072c2f83,005ef7c8,0,005cbcc0,local,,,,
wiz8--gog-1261--wiz8new--57a3072c2f83,005ef7c8,1,005cbdb0,local,,,,
wiz8--gog-1261--wiz8new--57a3072c2f83,005ef7c8,2,005cc430,local,,,,
wiz8--gog-1261--wiz8new--57a3072c2f83,005ef7c8,3,005cc690,local,,,,
wiz8--gog-1261--wiz8new--57a3072c2f83,005ef7c8,4,005cd700,local,,,,
wiz8--gog-1261--wiz8new--57a3072c2f83,005ef7c8,5,005cbd70,local,,,,
wiz8--gog-1261--wiz8new--57a3072c2f83,005ef7c8,6,005dc9c0,local,,,,
wiz8--gog-1261--wiz8new--57a3072c2f83,005ef7c8,7,005dc9f0,local,,,,
wiz8--gog-1261--wiz8new--57a3072c2f83,005ef7c8,8,005dca70,local,,,,
wiz8--gog-1261--wiz8new--57a3072c2f83,005ef7c8,9,005cd470,local,,,,
wiz8--gog-1261--wiz8new--57a3072c2f83,005ef7c8,10,005b1be0,local,,,,
wiz8--gog-1261--wiz8new--57a3072c2f83,005ef7c8,11,005ad270,local,,,,
wiz8--gog-1261--wiz8new--57a3072c2f83,005ef7c8,12,005b1bf0,local,,,,
wiz8--gog-1261--wiz8new--57a3072c2f83,005ef7c8,13,005b1be0,local,,,,
wiz8--gog-1261--wiz8new--57a3072c2f83,005ef810,0,005cd800,local,,,,
wiz8--gog-1261--wiz8new--57a3072c2f83,005ef810,1,005cdc10,local,,,,
wiz8--gog-1261--wiz8new--57a3072c2f83,005ef810,2,005cdc40,local,,,,
wiz8--gog-1261--wiz8new--57a3072c2f83,005ef810,3,005cdc70,local,,,,
wiz8--gog-1261--wiz8new--57a3072c2f83,005ef810,4,005cf240,local,,,,
wiz8--gog-1261--wiz8new--57a3072c2f83,005ef810,5,005dc940,local,,,,
wiz8--gog-1261--wiz8new--57a3072c2f83,005ef810,6,005dc9c0,local,,,,
wiz8--gog-1261--wiz8new--57a3072c2f83,005ef810,7,005dc9f0,local,,,,
wiz8--gog-1261--wiz8new--57a3072c2f83,005ef810,8,005dca70,local,,,,
wiz8--gog-1261--wiz8new--57a3072c2f83,005ef810,9,005cef00,local,,,,
wiz8--gog-1261--wiz8new--57a3072c2f83,005ef810,10,005b1be0,local,,,,
wiz8--gog-1261--wiz8new--57a3072c2f83,005ef810,11,005ad270,local,,,,
wiz8--gog-1261--wiz8new--57a3072c2f83,005ef810,12,005b1bf0,local,,,,
wiz8--gog-1261--wiz8new--57a3072c2f83,005ef810,13,005b1be0,local,,,,
wiz8--gog-1261--wiz8new--57a3072c2f83,005ef894,0,005d1030,local,,,,
wiz8--gog-1261--wiz8new--57a3072c2f83,005ef898,0,005d2590,local,,,,
wiz8--gog-1261--wiz8new--57a3072c2f83,005ef89c,0,005d2560,local,,,,
wiz8--gog-1261--wiz8new--57a3072c2f83,005ef8b0,0,005d25f0,local,,,,
wiz8--gog-1261--wiz8new--57a3072c2f83,005ef8b0,1,005d2d00,local,,,,
wiz8--gog-1261--wiz8new--57a3072c2f83,005ef8b0,2,005d2f40,local,,,,
wiz8--gog-1261--wiz8new--57a3072c2f83,005ef8b0,3,005d2660,local,,,,
wiz8--gog-1261--wiz8new--57a3072c2f83,005ef8b0,4,005ad280,local,,,,
wiz8--gog-1261--wiz8new--57a3072c2f83,005ef8b0,5,005dc940,local,,,,
wiz8--gog-1261--wiz8new--57a3072c2f83,005ef8b0,6,005dc9c0,local,,,,
wiz8--gog-1261--wiz8new--57a3072c2f83,005ef8b0,7,005dc9f0,local,,,,
wiz8--gog-1261--wiz8new--57a3072c2f83,005ef8b0,8,005dca70,local,,,,
wiz8--gog-1261--wiz8new--57a3072c2f83,005ef8b0,9,005d3080,local,,,,
wiz8--gog-1261--wiz8new--57a3072c2f83,005ef8b0,10,005b1be0,local,,,,
wiz8--gog-1261--wiz8new--57a3072c2f83,005ef8b0,11,005ad270,local,,,,
wiz8--gog-1261--wiz8new--57a3072c2f83,005ef8b0,12,005b1bf0,local,,,,
wiz8--gog-1261--wiz8new--57a3072c2f83,005ef8b0,13,005b1be0,local,,,,
wiz8--gog-1261--wiz8new--57a3072c2f83,005ef8b0,14,005d3020,local,,,,
wiz8--gog-1261--wiz8new--57a3072c2f83,005ef910,0,005d5ee0,local,,,,
wiz8--gog-1261--wiz8new--57a3072c2f83,005ef910,1,005d5f90,local,,,,
wiz8--gog-1261--wiz8new--57a3072c2f83,005ef910,2,005dbde0,local,,,,
wiz8--gog-1261--wiz8new--57a3072c2f83,005ef910,3,005d6080,local,,,,
wiz8--gog-1261--wiz8new--57a3072c2f83,005ef910,4,005d6fa0,local,,,,
wiz8--gog-1261--wiz8new--57a3072c2f83,005ef910,5,005dc940,local,,,,
wiz8--gog-1261--wiz8new--57a3072c2f83,005ef910,6,005dc9c0,local,,,,
wiz8--gog-1261--wiz8new--57a3072c2f83,005ef910,7,005dc9f0,local,,,,
wiz8--gog-1261--wiz8new--57a3072c2f83,005ef910,8,005dca70,local,,,,
wiz8--gog-1261--wiz8new--57a3072c2f83,005ef910,9,005dcce0,local,,,,
wiz8--gog-1261--wiz8new--57a3072c2f83,005ef910,10,005b1be0,local,,,,
wiz8--gog-1261--wiz8new--57a3072c2f83,005ef910,11,005ad270,local,,,,
wiz8--gog-1261--wiz8new--57a3072c2f83,005ef910,12,005d6e60,local,,,,
wiz8--gog-1261--wiz8new--57a3072c2f83,005ef910,13,005d6e70,local,,,,
wiz8--gog-1261--wiz8new--57a3072c2f83,005ef988,0,005d7070,local,,,,
wiz8--gog-1261--wiz8new--57a3072c2f83,005ef988,1,005d7160,local,,,,
wiz8--gog-1261--wiz8new--57a3072c2f83,005ef988,2,005d72b0,local,,,,
wiz8--gog-1261--wiz8new--57a3072c2f83,005ef988,3,005d9200,local,,,,
wiz8--gog-1261--wiz8new--57a3072c2f83,005ef988,4,005d6fa0,local,,,,
wiz8--gog-1261--wiz8new--57a3072c2f83,005ef988,5,005dc940,local,,,,
wiz8--gog-1261--wiz8new--57a3072c2f83,005ef988,6,005dc9c0,local,,,,
wiz8--gog-1261--wiz8new--57a3072c2f83,005ef988,7,005dc9f0,local,,,,
wiz8--gog-1261--wiz8new--57a3072c2f83,005ef988,8,005dca70,local,,,,
wiz8--gog-1261--wiz8new--57a3072c2f83,005ef988,9,005dcce0,local,,,,
wiz8--gog-1261--wiz8new--57a3072c2f83,005ef988,10,005b1be0,local,,,,
wiz8--gog-1261--wiz8new--57a3072c2f83,005ef988,11,005ad270,local,,,,
wiz8--gog-1261--wiz8new--57a3072c2f83,005ef988,12,005d6e60,local,,,,
wiz8--gog-1261--wiz8new--57a3072c2f83,005ef988,13,005d9720,local,,,,
wiz8--gog-1261--wiz8new--57a3072c2f83,005ef9f0,0,005d9870,local,,,,
wiz8--gog-1261--wiz8new--57a3072c2f83,005ef9f0,1,005d99f0,local,,,,
wiz8--gog-1261--wiz8new--57a3072c2f83,005ef9f0,2,005d9ac0,local,,,,
wiz8--gog-1261--wiz8new--57a3072c2f83,005ef9f0,3,005d9f20,local,,,,
wiz8--gog-1261--wiz8new--57a3072c2f83,005ef9f0,4,005d6fa0,local,,,,
wiz8--gog-1261--wiz8new--57a3072c2f83,005ef9f0,5,005dc940,local,,,,
wiz8--gog-1261--wiz8new--57a3072c2f83,005ef9f0,6,005dc9c0,local,,,,
wiz8--gog-1261--wiz8new--57a3072c2f83,005ef9f0,7,005dc9f0,local,,,,
wiz8--gog-1261--wiz8new--57a3072c2f83,005ef9f0,8,005dca70,local,,,,
wiz8--gog-1261--wiz8new--57a3072c2f83,005ef9f0,9,005da2a0,local,,,,
wiz8--gog-1261--wiz8new--57a3072c2f83,005ef9f0,10,005da140,local,,,,
wiz8--gog-1261--wiz8new--57a3072c2f83,005ef9f0,11,005ad270,local,,,,
wiz8--gog-1261--wiz8new--57a3072c2f83,005ef9f0,12,005b1bf0,local,,,,
wiz8--gog-1261--wiz8new--57a3072c2f83,005ef9f0,13,005b1be0,local,,,,
wiz8--gog-1261--wiz8new--57a3072c2f83,005efa4c,0,005da840,local,,,,
wiz8--gog-1261--wiz8new--57a3072c2f83,005efa4c,1,005da8b0,local,,,,
wiz8--gog-1261--wiz8new--57a3072c2f83,005efa4c,2,005dad90,local,,,,
wiz8--gog-1261--wiz8new--57a3072c2f83,005efa4c,3,005dae00,local,,,,
wiz8--gog-1261--wiz8new--57a3072c2f83,005efa4c,4,005db1a0,local,,,,
wiz8--gog-1261--wiz8new--57a3072c2f83,005efa4c,5,005dc940,local,,,,
wiz8--gog-1261--wiz8new--57a3072c2f83,005efa4c,6,005dc9c0,local,,,,
wiz8--gog-1261--wiz8new--57a3072c2f83,005efa4c,7,005dc9f0,local,,,,
wiz8--gog-1261--wiz8new--57a3072c2f83,005efa4c,8,005dca70,local,,,,
wiz8--gog-1261--wiz8new--57a3072c2f83,005efa4c,9,005dae90,local,,,,
wiz8--gog-1261--wiz8new--57a3072c2f83,005efa4c,10,005b1be0,local,,,,
wiz8--gog-1261--wiz8new--57a3072c2f83,005efa4c,11,005ad270,local,,,,
wiz8--gog-1261--wiz8new--57a3072c2f83,005efa4c,12,005b1bf0,local,,,,
wiz8--gog-1261--wiz8new--57a3072c2f83,005efa4c,13,005b1be0,local,,,,
wiz8--gog-1261--wiz8new--57a3072c2f83,005efa98,0,005db210,local,,,,
wiz8--gog-1261--wiz8new--57a3072c2f83,005efab0,0,005dbc30,local,,,,
wiz8--gog-1261--wiz8new--57a3072c2f83,005efab0,1,005dbcf0,local,,,,
wiz8--gog-1261--wiz8new--57a3072c2f83,005efab0,2,005dbde0,local,,,,
wiz8--gog-1261--wiz8new--57a3072c2f83,005efab0,3,005dbe00,local,,,,
wiz8--gog-1261--wiz8new--57a3072c2f83,005efab0,4,005d6fa0,local,,,,
wiz8--gog-1261--wiz8new--57a3072c2f83,005efab0,5,005dc940,local,,,,
wiz8--gog-1261--wiz8new--57a3072c2f83,005efab0,6,005dc9c0,local,,,,
wiz8--gog-1261--wiz8new--57a3072c2f83,005efab0,7,005dc9f0,local,,,,
wiz8--gog-1261--wiz8new--57a3072c2f83,005efab0,8,005dca70,local,,,,
wiz8--gog-1261--wiz8new--57a3072c2f83,005efab0,9,005dcce0,local,,,,
wiz8--gog-1261--wiz8new--57a3072c2f83,005efab0,10,005b1be0,local,,,,
wiz8--gog-1261--wiz8new--57a3072c2f83,005efab0,11,005ad270,local,,,,
wiz8--gog-1261--wiz8new--57a3072c2f83,005efab0,12,005d6e60,local,,,,
wiz8--gog-1261--wiz8new--57a3072c2f83,005efab0,13,005d6e70,local,,,,
wiz8--gog-1261--wiz8new--57a3072c2f83,005efaf8,0,005dc810,local,,,,
wiz8--gog-1261--wiz8new--57a3072c2f83,005efaf8,1,005dcaf0,local,,,,
wiz8--gog-1261--wiz8new--57a3072c2f83,005efaf8,2,005dcc30,local,,,,
wiz8--gog-1261--wiz8new--57a3072c2f83,005efaf8,3,005dc890,local,,,,
wiz8--gog-1261--wiz8new--57a3072c2f83,005efaf8,4,005d6fa0,local,,,,
wiz8--gog-1261--wiz8new--57a3072c2f83,005efaf8,5,005dc940,local,,,,
wiz8--gog-1261--wiz8new--57a3072c2f83,005efaf8,6,005dc9c0,local,,,,
wiz8--gog-1261--wiz8new--57a3072c2f83,005efaf8,7,005dc9f0,local,,,,
wiz8--gog-1261--wiz8new--57a3072c2f83,005efaf8,8,005dca70,local,,,,
wiz8--gog-1261--wiz8new--57a3072c2f83,005efaf8,9,005dcce0,local,,,,
wiz8--gog-1261--wiz8new--57a3072c2f83,005efaf8,10,005b1be0,local,,,,
wiz8--gog-1261--wiz8new--57a3072c2f83,005efaf8,11,005ad270,local,,,,
wiz8--gog-1261--wiz8new--57a3072c2f83,005efaf8,12,005b1bf0,local,,,,
wiz8--gog-1261--wiz8new--57a3072c2f83,005efaf8,13,005b1be0,local,,,,
wiz8--gog-1261--wiz8new--57a3072c2f83,005efb78,0,005dd010,local,,,,
wiz8--gog-1261--wiz8new--57a3072c2f83,005efb78,1,005dd130,local,,,,
wiz8--gog-1261--wiz8new--57a3072c2f83,005efb78,2,005dd3c0,local,,,,
wiz8--gog-1261--wiz8new--57a3072c2f83,005efb78,3,005ddb60,local,,,,
wiz8--gog-1261--wiz8new--57a3072c2f83,005efb78,4,005d6fa0,local,,,,
wiz8--gog-1261--wiz8new--57a3072c2f83,005efb78,5,005dc940,local,,,,
wiz8--gog-1261--wiz8new--57a3072c2f83,005efb78,6,005dc9c0,local,,,,
wiz8--gog-1261--wiz8new--57a3072c2f83,005efb78,7,005dc9f0,local,,,,
wiz8--gog-1261--wiz8new--57a3072c2f83,005efb78,8,005dca70,local,,,,
wiz8--gog-1261--wiz8new--57a3072c2f83,005efb78,9,005de1b0,local,,,,
wiz8--gog-1261--wiz8new--57a3072c2f83,005efb78,10,005ddfa0,local,,,,
wiz8--gog-1261--wiz8new--57a3072c2f83,005efb78,11,005ad270,local,,,,
wiz8--gog-1261--wiz8new--57a3072c2f83,005efb78,12,005b1bf0,local,,,,
wiz8--gog-1261--wiz8new--57a3072c2f83,005efb78,13,005b1be0,local,,,,
wiz8--gog-1261--wiz8new--57a3072c2f83,005efbc0,0,005deb90,local,,,,
wiz8--gog-1261--wiz8new--57a3072c2f83,005efbc0,1,005dec40,local,,,,
wiz8--gog-1261--wiz8new--57a3072c2f83,005efbc0,2,005ded40,local,,,,
wiz8--gog-1261--wiz8new--57a3072c2f83,005efbc0,3,005ded60,local,,,,
wiz8--gog-1261--wiz8new--57a3072c2f83,005efbc0,4,005d6fa0,local,,,,
wiz8--gog-1261--wiz8new--57a3072c2f83,005efbc0,5,005dc940,local,,,,
wiz8--gog-1261--wiz8new--57a3072c2f83,005efbc0,6,005dc9c0,local,,,,
wiz8--gog-1261--wiz8new--57a3072c2f83,005efbc0,7,005dc9f0,local,,,,
wiz8--gog-1261--wiz8new--57a3072c2f83,005efbc0,8,005dca70,local,,,,
wiz8--gog-1261--wiz8new--57a3072c2f83,005efbc0,9,005dcce0,local,,,,
wiz8--gog-1261--wiz8new--57a3072c2f83,005efbc0,10,005b1be0,local,,,,
wiz8--gog-1261--wiz8new--57a3072c2f83,005efbc0,11,005ad270,local,,,,
wiz8--gog-1261--wiz8new--57a3072c2f83,005efbc0,12,005d6e60,local,,,,
wiz8--gog-1261--wiz8new--57a3072c2f83,005efbc0,13,005df010,local,,,,
wiz8--gog-1261--wiz8new--57a3072c2f83,005efbc0,14,005defb0,local,,,,
wiz8--gog-1261--wiz8new--57a3072c2f83,005efbfc,0,005df1a0,local,,,,
wiz8--gog-1261--wiz8new--57a3072c2f83,005efbfc,1,005dec40,local,,,,
wiz8--gog-1261--wiz8new--57a3072c2f83,005efbfc,2,005ded40,local,,,,
wiz8--gog-1261--wiz8new--57a3072c2f83,005efbfc,3,005ded60,local,,,,
wiz8--gog-1261--wiz8new--57a3072c2f83,005efbfc,4,005d6fa0,local,,,,
wiz8--gog-1261--wiz8new--57a3072c2f83,005efbfc,5,005dc940,local,,,,
wiz8--gog-1261--wiz8new--57a3072c2f83,005efbfc,6,005dc9c0,local,,,,
wiz8--gog-1261--wiz8new--57a3072c2f83,005efbfc,7,005dc9f0,local,,,,
wiz8--gog-1261--wiz8new--57a3072c2f83,005efbfc,8,005dca70,local,,,,
wiz8--gog-1261--wiz8new--57a3072c2f83,005efbfc,9,005dcce0,local,,,,
wiz8--gog-1261--wiz8new--57a3072c2f83,005efbfc,10,005b1be0,local,,,,
wiz8--gog-1261--wiz8new--57a3072c2f83,005efbfc,11,005ad270,local,,,,
wiz8--gog-1261--wiz8new--57a3072c2f83,005efbfc,12,005d6e60,local,,,,
wiz8--gog-1261--wiz8new--57a3072c2f83,005efbfc,13,005df010,local,,,,
wiz8--gog-1261--wiz8new--57a3072c2f83,005efbfc,14,005df250,local,,,,
wiz8--gog-1261--wiz8new--57a3072c2f83,005efc38,0,005df640,local,,,,
wiz8--gog-1261--wiz8new--57a3072c2f83,005efc38,1,005dec40,local,,,,
wiz8--gog-1261--wiz8new--57a3072c2f83,005efc38,2,005ded40,local,,,,
wiz8--gog-1261--wiz8new--57a3072c2f83,005efc38,3,005ded60,local,,,,
wiz8--gog-1261--wiz8new--57a3072c2f83,005efc38,4,005d6fa0,local,,,,
wiz8--gog-1261--wiz8new--57a3072c2f83,005efc38,5,005dc940,local,,,,
wiz8--gog-1261--wiz8new--57a3072c2f83,005efc38,6,005dc9c0,local,,,,
wiz8--gog-1261--wiz8new--57a3072c2f83,005efc38,7,005dc9f0,local,,,,
wiz8--gog-1261--wiz8new--57a3072c2f83,005efc38,8,005dca70,local,,,,
wiz8--gog-1261--wiz8new--57a3072c2f83,005efc38,9,005dcce0,local,,,,
wiz8--gog-1261--wiz8new--57a3072c2f83,005efc38,10,005b1be0,local,,,,
wiz8--gog-1261--wiz8new--57a3072c2f83,005efc38,11,005ad270,local,,,,
wiz8--gog-1261--wiz8new--57a3072c2f83,005efc38,12,005d6e60,local,,,,
wiz8--gog-1261--wiz8new--57a3072c2f83,005efc38,13,005df010,local,,,,
wiz8--gog-1261--wiz8new--57a3072c2f83,005efc38,14,005df6f0,local,,,,
wiz8--gog-1261--wiz8new--57a3072c2f83,005efc88,0,005df920,local,,,,
wiz8--gog-1261--wiz8new--57a3072c2f83,005efc88,1,005df9d0,local,,,,
wiz8--gog-1261--wiz8new--57a3072c2f83,005efc88,2,005dfac0,local,,,,
wiz8--gog-1261--wiz8new--57a3072c2f83,005efc88,3,005dfae0,local,,,,
wiz8--gog-1261--wiz8new--57a3072c2f83,005efc88,4,005d6fa0,local,,,,
wiz8--gog-1261--wiz8new--57a3072c2f83,005efc88,5,005dc940,local,,,,
wiz8--gog-1261--wiz8new--57a3072c2f83,005efc88,6,005dc9c0,local,,,,
wiz8--gog-1261--wiz8new--57a3072c2f83,005efc88,7,005dc9f0,local,,,,
wiz8--gog-1261--wiz8new--57a3072c2f83,005efc88,8,005dca70,local,,,,
wiz8--gog-1261--wiz8new--57a3072c2f83,005efc88,9,005dcce0,local,,,,
wiz8--gog-1261--wiz8new--57a3072c2f83,005efc88,10,005b1be0,local,,,,
wiz8--gog-1261--wiz8new--57a3072c2f83,005efc88,11,005ad270,local,,,,
wiz8--gog-1261--wiz8new--57a3072c2f83,005efc88,12,005d6e60,local,,,,
wiz8--gog-1261--wiz8new--57a3072c2f83,005efc88,13,005dfbb0,local,,,,
wiz8--gog-1261--wiz8new--57a3072c2f83,005efc88,14,005dfb40,local,,,,
wiz8--gog-1261--wiz8new--57a3072c2f83,005efc88,15,005dfdb0,local,,,,
wiz8--gog-1261--wiz8new--57a3072c2f83,005efcc8,0,005dfd00,local,,,,
wiz8--gog-1261--wiz8new--57a3072c2f83,005efcc8,1,005df9d0,local,,,,
wiz8--gog-1261--wiz8new--57a3072c2f83,005efcc8,2,005dfac0,local,,,,
wiz8--gog-1261--wiz8new--57a3072c2f83,005efcc8,3,005dfae0,local,,,,
wiz8--gog-1261--wiz8new--57a3072c2f83,005efcc8,4,005d6fa0,local,,,,
wiz8--gog-1261--wiz8new--57a3072c2f83,005efcc8,5,005dc940,local,,,,
wiz8--gog-1261--wiz8new--57a3072c2f83,005efcc8,6,005dc9c0,local,,,,
wiz8--gog-1261--wiz8new--57a3072c2f83,005efcc8,7,005dc9f0,local,,,,
wiz8--gog-1261--wiz8new--57a3072c2f83,005efcc8,8,005dca70,local,,,,
wiz8--gog-1261--wiz8new--57a3072c2f83,005efcc8,9,005dcce0,local,,,,
wiz8--gog-1261--wiz8new--57a3072c2f83,005efcc8,10,005b1be0,local,,,,
wiz8--gog-1261--wiz8new--57a3072c2f83,005efcc8,11,005ad270,local,,,,
wiz8--gog-1261--wiz8new--57a3072c2f83,005efcc8,12,005d6e60,local,,,,
wiz8--gog-1261--wiz8new--57a3072c2f83,005efcc8,13,005dfbb0,local,,,,
wiz8--gog-1261--wiz8new--57a3072c2f83,005efcc8,14,005dfb40,local,,,,
wiz8--gog-1261--wiz8new--57a3072c2f83,005efcc8,15,005dfdb0,local,,,,
wiz8--gog-1261--wiz8new--57a3072c2f83,005efd08,0,005dfef0,local,,,,
wiz8--gog-1261--wiz8new--57a3072c2f83,005efd08,1,005df9d0,local,,,,
wiz8--gog-1261--wiz8new--57a3072c2f83,005efd08,2,005dfac0,local,,,,
wiz8--gog-1261--wiz8new--57a3072c2f83,005efd08,3,005dfae0,local,,,,
wiz8--gog-1261--wiz8new--57a3072c2f83,005efd08,4,005d6fa0,local,,,,
wiz8--gog-1261--wiz8new--57a3072c2f83,005efd08,5,005dc940,local,,,,
wiz8--gog-1261--wiz8new--57a3072c2f83,005efd08,6,005dc9c0,local,,,,
wiz8--gog-1261--wiz8new--57a3072c2f83,005efd08,7,005dc9f0,local,,,,
wiz8--gog-1261--wiz8new--57a3072c2f83,005efd08,8,005dca70,local,,,,
wiz8--gog-1261--wiz8new--57a3072c2f83,005efd08,9,005dcce0,local,,,,
wiz8--gog-1261--wiz8new--57a3072c2f83,005efd08,10,005b1be0,local,,,,
wiz8--gog-1261--wiz8new--57a3072c2f83,005efd08,11,005ad270,local,,,,
wiz8--gog-1261--wiz8new--57a3072c2f83,005efd08,12,005d6e60,local,,,,
wiz8--gog-1261--wiz8new--57a3072c2f83,005efd08,13,005dfbb0,local,,,,
wiz8--gog-1261--wiz8new--57a3072c2f83,005efd08,14,005dfb40,local,,,,
wiz8--gog-1261--wiz8new--57a3072c2f83,005efd08,15,005dffa0,local,,,,
wiz8--gog-1261--wiz8new--57a3072c2f83,005efd48,0,005e0210,local,,,,
wiz8--gog-1261--wiz8new--57a3072c2f83,005efd48,1,005df9d0,local,,,,
wiz8--gog-1261--wiz8new--57a3072c2f83,005efd48,2,005dfac0,local,,,,
wiz8--gog-1261--wiz8new--57a3072c2f83,005efd48,3,005dfae0,local,,,,
wiz8--gog-1261--wiz8new--57a3072c2f83,005efd48,4,005d6fa0,local,,,,
wiz8--gog-1261--wiz8new--57a3072c2f83,005efd48,5,005dc940,local,,,,
wiz8--gog-1261--wiz8new--57a3072c2f83,005efd48,6,005dc9c0,local,,,,
wiz8--gog-1261--wiz8new--57a3072c2f83,005efd48,7,005dc9f0,local,,,,
wiz8--gog-1261--wiz8new--57a3072c2f83,005efd48,8,005dca70,local,,,,
wiz8--gog-1261--wiz8new--57a3072c2f83,005efd48,9,005dcce0,local,,,,
wiz8--gog-1261--wiz8new--57a3072c2f83,005efd48,10,005b1be0,local,,,,
wiz8--gog-1261--wiz8new--57a3072c2f83,005efd48,11,005ad270,local,,,,
wiz8--gog-1261--wiz8new--57a3072c2f83,005efd48,12,005d6e60,local,,,,
wiz8--gog-1261--wiz8new--57a3072c2f83,005efd48,13,005dfbb0,local,,,,
wiz8--gog-1261--wiz8new--57a3072c2f83,005efd48,14,005dfb40,local,,,,
wiz8--gog-1261--wiz8new--57a3072c2f83,005efd48,15,005dfdb0,local,,,,
wiz8--gog-1261--wiz8new--57a3072c2f83,005efdc0,0,005e03f0,local,,,,
wiz8--gog-1261--wiz8new--57a3072c2f83,005efdc0,1,005e04e0,local,,,,
wiz8--gog-1261--wiz8new--57a3072c2f83,005efdc0,2,005e0590,local,,,,
wiz8--gog-1261--wiz8new--57a3072c2f83,005efdc0,3,005e07b0,local,,,,
wiz8--gog-1261--wiz8new--57a3072c2f83,005efdc0,4,005e0c30,local,,,,
wiz8--gog-1261--wiz8new--57a3072c2f83,005efdc0,5,005dc940,local,,,,
wiz8--gog-1261--wiz8new--57a3072c2f83,005efdc0,6,005dc9c0,local,,,,
wiz8--gog-1261--wiz8new--57a3072c2f83,005efdc0,7,005dc9f0,local,,,,
wiz8--gog-1261--wiz8new--57a3072c2f83,005efdc0,8,005dca70,local,,,,
wiz8--gog-1261--wiz8new--57a3072c2f83,005efdc0,9,005e0920,local,,,,
wiz8--gog-1261--wiz8new--57a3072c2f83,005efdc0,10,005e0860,local,,,,
wiz8--gog-1261--wiz8new--57a3072c2f83,005efdc0,11,005ad270,local,,,,
wiz8--gog-1261--wiz8new--57a3072c2f83,005efdc0,12,005b1bf0,local,,,,
wiz8--gog-1261--wiz8new--57a3072c2f83,005efdc0,13,005b1be0,local,,,,
wiz8--gog-1261--wiz8new--57a3072c2f83,005efe6c,0,005e1f2d,local,,,,
wiz8--gog-1261--wiz8new--57a3072c2f83,005efe6c,1,005e1f37,local,,,,
wiz8--gog-base--wiz8--18a74ff61c65,005ebb14,0,0040113e,local,,,,
wiz8--gog-base--wiz8--18a74ff61c65,005ebb14,1,00401152,local,,,,
wiz8--gog-base--wiz8--18a74ff61c65,005ebcfc,0,004218b0,local,,,,
wiz8--gog-base--wiz8--18a74ff61c65,005ebd10,0,00429a50,import-thunk,SR.DLL!?sGetClassName@srColorSurface@@SAPBDXZ,public: static char const * __cdecl srColorSurface::sGetClassName(void),,
wiz8--gog-base--wiz8--18a74ff61c65,005ebd10,1,00429a40,local,,,,
wiz8--gog-base--wiz8--18a74ff61c65,005ebd10,2,00429a60,local,,,,
wiz8--gog-base--wiz8--18a74ff61c65,005ebd10,3,005e20fe,import-thunk,SR.DLL!?dump@srColorSurface@@UAEXAAV?$basic_ostream@DU?$char_traits@D@std@@@std@@@Z,"public: virtual void __thiscall srColorSurface::dump(class std::basic_ostream<char, struct std::char_traits<char>> &)",,
wiz8--gog-base--wiz8--18a74ff61c65,005ebd10,4,005e20f8,import-thunk,SR.DLL!?verify@srClass@@UAEXW4e_verify@srRuntimeClass@@@Z,public: virtual void __thiscall srClass::verify(enum srRuntimeClass::e_verify),,
wiz8--gog-base--wiz8--18a74ff61c65,005ebd10,5,00423f00,local,,,,
wiz8--gog-base--wiz8--18a74ff61c65,005ebd10,6,005e20f2,import-thunk,SR.DLL!?vInstance@srColorSurface@@UAEPAVsrClass@@XZ,public: virtual class srClass * __thiscall srColorSurface::vInstance(void),,
wiz8--gog-base--wiz8--18a74ff61c65,005ebd10,7,00429ad0,local,,,,
wiz8--gog-base--wiz8--18a74ff61c65,005ebd10,8,005e20ec,import-thunk,SR.DLL!?getPixel@srColorSurfaceIFace@@UAEKJJ@Z,"public: virtual unsigned long __thiscall srColorSurfaceIFace::getPixel(long, long)",,
wiz8--gog-base--wiz8--18a74ff61c65,005ebd10,9,005e20e6,import-thunk,SR.DLL!?setPixel@srColorSurfaceIFace@@UAEXJJK@Z,"public: virtual void __thiscall srColorSurfaceIFace::setPixel(long, long, unsigned long)",,
wiz8--gog-base--wiz8--18a74ff61c65,005ebd10,10,005e20e0,import-thunk,SR.DLL!?getPixelRaw@srColorSurface@@UAEKJJ@Z,"public: virtual unsigned long __thiscall srColorSurface::getPixelRaw(long, long)",,
wiz8--gog-base--wiz8--18a74ff61c65,005ebd10,11,005e20da,import-thunk,SR.DLL!?setPixelRaw@srColorSurface@@UAEXJJK@Z,"public: virtual void __thiscall srColorSurface::setPixelRaw(long, long, unsigned long)",,
wiz8--gog-base--wiz8--18a74ff61c65,005ebd10,12,005e20d4,import-thunk,SR.DLL!?getPixels@srColorSurface@@UAEXPAKPBVsrVector2i@@J@Z,"public: virtual void __thiscall srColorSurface::getPixels(unsigned long *, class srVector2i const *, long)",,
wiz8--gog-base--wiz8--18a74ff61c65,005ebd10,13,005e20ce,import-thunk,SR.DLL!?setPixels@srColorSurface@@UAEXPBKPBVsrVector2i@@J@Z,"public: virtual void __thiscall srColorSurface::setPixels(unsigned long const *, class srVector2i const *, long)",,
wiz8--gog-base--wiz8--18a74ff61c65,005ebd10,14,005e20c8,import-thunk,SR.DLL!?getPixelsRaw@srColorSurface@@UAEXPAXPBVsrVector2i@@J@Z,"public: virtual void __thiscall srColorSurface::getPixelsRaw(void *, class srVector2i const *, long)",,
wiz8--gog-base--wiz8--18a74ff61c65,005ebd10,15,005e20c2,import-thunk,SR.DLL!?setPixelsRaw@srColorSurface@@UAEXPBXPBVsrVector2i@@J@Z,"public: virtual void __thiscall srColorSurface::setPixelsRaw(void const *, class srVector2i const *, long)",,
wiz8--gog-base--wiz8--18a74ff61c65,005ebd10,16,005e20bc,import-thunk,SR.DLL!?getPixelColumn@srColorSurface@@UAEXPAKJJJ@Z,"public: virtual void __thiscall srColorSurface::getPixelColumn(unsigned long *, long, long, long)",,
wiz8--gog-base--wiz8--18a74ff61c65,005ebd10,17,005e20b6,import-thunk,SR.DLL!?setPixelColumn@srColorSurface@@UAEXPBKJJJ@Z,"public: virtual void __thiscall srColorSurface::setPixelColumn(unsigned long const *, long, long, long)",,
wiz8--gog-base--wiz8--18a74ff61c65,005ebd10,18,005e20b0,import-thunk,SR.DLL!?getPalette@srColorSurface@@UAEPAVsrPalette@@XZ,public: virtual class srPalette * __thiscall srColorSurface::getPalette(void),,
wiz8--gog-base--wiz8--18a74ff61c65,005ebd10,19,005e20aa,import-thunk,SR.DLL!?setPalette@srColorSurface@@UAEXPAVsrPalette@@@Z,public: virtual void __thiscall srColorSurface::setPalette(class srPalette *),,
wiz8--gog-base--wiz8--18a74ff61c65,005ebd10,20,005e20a4,import-thunk,SR.DLL!?getDataPtr@srColorSurface@@UAEPAXXZ,public: virtual void * __thiscall srColorSurface::getDataPtr(void),,
wiz8--gog-base--wiz8--18a74ff61c65,005ebd10,21,005e209e,import-thunk,SR.DLL!?getDataSize@srColorSurface@@UAEJXZ,public: virtual long __thiscall srColorSurface::getDataSize(void),,
wiz8--gog-base--wiz8--18a74ff61c65,005ebd10,22,005e2098,import-thunk,SR.DLL!?resize@srColorSurface@@UAEHJJ@Z,"public: virtual int __thiscall srColorSurface::resize(long, long)",,
wiz8--gog-base--wiz8--18a74ff61c65,005ebd10,23,005e2092,import-thunk,SR.DLL!?rescale@srColorSurface@@UAEHJJ@Z,"public: virtual int __thiscall srColorSurface::rescale(long, long)",,
wiz8--gog-base--wiz8--18a74ff61c65,005ebd10,24,005e208c,import-thunk,SR.DLL!?changePixelFormat@srColorSurface@@UAEHABUPixelFormat@srPixelConvert@@H@Z,"public: virtual int __thiscall srColorSurface::changePixelFormat(struct srPixelConvert::PixelFormat const &, int)",,
wiz8--gog-base--wiz8--18a74ff61c65,005ebd10,25,005e2086,import-thunk,SR.DLL!?fill@srColorSurface@@UAEXK@Z,public: virtual void __thiscall srColorSurface::fill(unsigned long),,
wiz8--gog-base--wiz8--18a74ff61c65,005ebd10,26,005e2080,import-thunk,SR.DLL!?setHLine@srColorSurface@@UAEXJJJK@Z,"public: virtual void __thiscall srColorSurface::setHLine(long, long, long, unsigned long)",,
wiz8--gog-base--wiz8--18a74ff61c65,005ebd10,27,005e207a,import-thunk,SR.DLL!?setVLine@srColorSurface@@UAEXJJJK@Z,"public: virtual void __thiscall srColorSurface::setVLine(long, long, long, unsigned long)",,
wiz8--gog-base--wiz8--18a74ff61c65,005ebd10,28,005e2074,import-thunk,SR.DLL!?setLine@srColorSurfaceIFace@@UAEXJJJJK@Z,"public: virtual void __thiscall srColorSurfaceIFace::setLine(long, long, long, long, unsigned long)",,
wiz8--gog-base--wiz8--18a74ff61c65,005ebd10,29,005e206e,import-thunk,SR.DLL!?composite@srColorSurfaceIFace@@UAEXJJAAV1@JJJJN@Z,"public: virtual void __thiscall srColorSurfaceIFace::composite(long, long, class srColorSurfaceIFace &, long, long, long, long, double)",,
wiz8--gog-base--wiz8--18a74ff61c65,005ebd10,30,005e2068,import-thunk,SR.DLL!?blit@srColorSurfaceIFace@@UAEXABUBlitInfo@1@AAV1@@Z,"public: virtual void __thiscall srColorSurfaceIFace::blit(struct srColorSurfaceIFace::BlitInfo const &, class srColorSurfaceIFace &)",,
wiz8--gog-base--wiz8--18a74ff61c65,005ebd10,31,005e2062,import-thunk,SR.DLL!?blit@srColorSurface@@UAEXJJAAVsrColorSurfaceIFace@@JJJJ@Z,"public: virtual void __thiscall srColorSurface::blit(long, long, class srColorSurfaceIFace &, long, long, long, long)",,
wiz8--gog-base--wiz8--18a74ff61c65,005ebd10,32,005e205c,import-thunk,SR.DLL!?copy@srColorSurfaceIFace@@UAEXAAV1@@Z,public: virtual void __thiscall srColorSurfaceIFace::copy(class srColorSurfaceIFace &),,
wiz8--gog-base--wiz8--18a74ff61c65,005ebd10,33,005e2056,import-thunk,SR.DLL!?swapPixelRows@srColorSurface@@UAEXJJJJJ@Z,"public: virtual void __thiscall srColorSurface::swapPixelRows(long, long, long, long, long)",,
wiz8--gog-base--wiz8--18a74ff61c65,005ebd10,34,005e2050,import-thunk,SR.DLL!?flipRectangle@srColorSurface@@UAEXABURectangle@srColorSurfaceIFace@@@Z,public: virtual void __thiscall srColorSurface::flipRectangle(struct srColorSurfaceIFace::Rectangle const &),,
wiz8--gog-base--wiz8--18a74ff61c65,005ebd10,35,005e204a,import-thunk,SR.DLL!?adjust@srColorSurfaceIFace@@UAEXABV?$srVector4T@M@@00@Z,"public: virtual void __thiscall srColorSurfaceIFace::adjust(class srVector4T<float> const &, class srVector4T<float> const &, class srVector4T<float> const &)",,
wiz8--gog-base--wiz8--18a74ff61c65,005ebd10,36,005e2044,import-thunk,SR.DLL!?adjustSaturation@srColorSurfaceIFace@@UAEXN@Z,public: virtual void __thiscall srColorSurfaceIFace::adjustSaturation(double),,
wiz8--gog-base--wiz8--18a74ff61c65,005ebd10,37,005e203e,import-thunk,SR.DLL!?getChannelStatistics@srColorSurfaceIFace@@UAEXAAVsrStat@@W4e_index@srARGB@@@Z,"public: virtual void __thiscall srColorSurfaceIFace::getChannelStatistics(class srStat &, enum srARGB::e_index)",,
wiz8--gog-base--wiz8--18a74ff61c65,005ebd10,38,005e2038,import-thunk,SR.DLL!?remapPixels@srColorSurfaceIFace@@UAEXABVsrARGB@@0@Z,"public: virtual void __thiscall srColorSurfaceIFace::remapPixels(class srARGB const &, class srARGB const &)",,
wiz8--gog-base--wiz8--18a74ff61c65,005ebd10,39,005e2032,import-thunk,SR.DLL!?copyColorChannel@srColorSurfaceIFace@@UAEXW4e_index@srARGB@@0@Z,"public: virtual void __thiscall srColorSurfaceIFace::copyColorChannel(enum srARGB::e_index, enum srARGB::e_index)",,
wiz8--gog-base--wiz8--18a74ff61c65,005ebd10,40,005e202c,import-thunk,SR.DLL!?flipColorChannels@srColorSurfaceIFace@@UAEXW4e_index@srARGB@@0@Z,"public: virtual void __thiscall srColorSurfaceIFace::flipColorChannels(enum srARGB::e_index, enum srARGB::e_index)",,
wiz8--gog-base--wiz8--18a74ff61c65,005ebd10,41,005e2026,import-thunk,SR.DLL!?getPixelRow@srColorSurface@@UAEXPAKJJJ@Z,"public: virtual void __thiscall srColorSurface::getPixelRow(unsigned long *, long, long, long)",,
wiz8--gog-base--wiz8--18a74ff61c65,005ebd10,42,005e2020,import-thunk,SR.DLL!?setPixelRow@srColorSurface@@UAEXPBKJJJ@Z,"public: virtual void __thiscall srColorSurface::setPixelRow(unsigned long const *, long, long, long)",,
wiz8--gog-base--wiz8--18a74ff61c65,005ebd10,43,005e201a,import-thunk,SR.DLL!?getPixelRowRaw@srColorSurface@@UAEXPAXJJJ@Z,"public: virtual void __thiscall srColorSurface::getPixelRowRaw(void *, long, long, long)",,
wiz8--gog-base--wiz8--18a74ff61c65,005ebd10,44,005e2014,import-thunk,SR.DLL!?setPixelRowRaw@srColorSurface@@UAEXPBXJJJ@Z,"public: virtual void __thiscall srColorSurface::setPixelRowRaw(void const *, long, long, long)",,
wiz8--gog-base--wiz8--18a74ff61c65,005ebd10,45,005e200e,import-thunk,SR.DLL!?copyNoScaling@srColorSurface@@EAEXAAVsrColorSurfaceIFace@@@Z,private: virtual void __thiscall srColorSurface::copyNoScaling(class srColorSurfaceIFace &),,
wiz8--gog-base--wiz8--18a74ff61c65,005ebd10,46,005e2008,import-thunk,SR.DLL!?scaleHorizontal@srColorSurfaceIFace@@MAEXAAV1@@Z,protected: virtual void __thiscall srColorSurfaceIFace::scaleHorizontal(class srColorSurfaceIFace &),,
wiz8--gog-base--wiz8--18a74ff61c65,005ebd10,47,005e2002,import-thunk,SR.DLL!?scaleVertical@srColorSurfaceIFace@@MAEXAAV1@@Z,protected: virtual void __thiscall srColorSurfaceIFace::scaleVertical(class srColorSurfaceIFace &),,
wiz8--gog-base--wiz8--18a74ff61c65,005ebd10,48,005e1ffc,import-thunk,SR.DLL!?scaleFast@srColorSurface@@EAEXAAVsrColorSurfaceIFace@@@Z,private: virtual void __thiscall srColorSurface::scaleFast(class srColorSurfaceIFace &),,
wiz8--gog-base--wiz8--18a74ff61c65,005ebd10,49,005e1ff6,import-thunk,SR.DLL!?scale@srColorSurfaceIFace@@MAEXAAV1@@Z,protected: virtual void __thiscall srColorSurfaceIFace::scale(class srColorSurfaceIFace &),,
wiz8--gog-base--wiz8--18a74ff61c65,005ebd10,50,005e1ff0,import-thunk,SR.DLL!?magnify@srColorSurfaceIFace@@MAEXAAV1@@Z,protected: virtual void __thiscall srColorSurfaceIFace::magnify(class srColorSurfaceIFace &),,
wiz8--gog-base--wiz8--18a74ff61c65,005ebd10,51,005e1fea,import-thunk,SR.DLL!?minify@srColorSurfaceIFace@@MAEXAAV1@@Z,protected: virtual void __thiscall srColorSurfaceIFace::minify(class srColorSurfaceIFace &),,
wiz8--gog-base--wiz8--18a74ff61c65,005ebde0,0,00429cd0,import-thunk,SR.DLL!?sGetClassName@srMaterial@@SAPBDXZ,public: static char const * __cdecl srMaterial::sGetClassName(void),,
wiz8--gog-base--wiz8--18a74ff61c65,005ebde0,1,00429cc0,local,,,,
wiz8--gog-base--wiz8--18a74ff61c65,005ebde0,2,00429ce0,local,,,,
wiz8--gog-base--wiz8--18a74ff61c65,005ebde0,3,005e1fa2,import-thunk,SR.DLL!?dump@srMaterial@@UAEXAAV?$basic_ostream@DU?$char_traits@D@std@@@std@@@Z,"public: virtual void __thiscall srMaterial::dump(class std::basic_ostream<char, struct std::char_traits<char>> &)",,
wiz8--gog-base--wiz8--18a74ff61c65,005ebde0,4,005e1f9c,import-thunk,SR.DLL!?verify@srMaterial@@UAEXW4e_verify@srRuntimeClass@@@Z,public: virtual void __thiscall srMaterial::verify(enum srRuntimeClass::e_verify),,
wiz8--gog-base--wiz8--18a74ff61c65,005ebde0,5,00423e50,local,,,,
wiz8--gog-base--wiz8--18a74ff61c65,005ebde0,6,005e1f96,import-thunk,SR.DLL!?vInstance@srMaterial@@UAEPAVsrClass@@XZ,public: virtual class srClass * __thiscall srMaterial::vInstance(void),,
wiz8--gog-base--wiz8--18a74ff61c65,005ebde0,7,00429d50,local,,,,
wiz8--gog-base--wiz8--18a74ff61c65,005ebde0,8,005e1f90,import-thunk,SR.DLL!?getMaterialInfo@srMaterial@@UAEXAAUMaterialInfo@srVertexProcessor@@@Z,public: virtual void __thiscall srMaterial::getMaterialInfo(struct srVertexProcessor::MaterialInfo &),,
wiz8--gog-base--wiz8--18a74ff61c65,005ebde0,9,005e1f8a,import-thunk,SR.DLL!?preProcess@srMaterial@@UAEXAAVsrVertexPipe@@@Z,public: virtual void __thiscall srMaterial::preProcess(class srVertexPipe &),,
wiz8--gog-base--wiz8--18a74ff61c65,005ebde0,10,005e1f84,import-thunk,SR.DLL!?postProcess@srMaterial@@UAEXAAVsrVertexPipe@@@Z,public: virtual void __thiscall srMaterial::postProcess(class srVertexPipe &),,
wiz8--gog-base--wiz8--18a74ff61c65,005ebde0,11,005e1f7e,import-thunk,SR.DLL!?updateParms@srMaterial@@MAEXXZ,protected: virtual void __thiscall srMaterial::updateParms(void),,
wiz8--gog-base--wiz8--18a74ff61c65,005ebde0,12,005e1f78,import-thunk,SR.DLL!?reset@srMaterial@@MAEXXZ,protected: virtual void __thiscall srMaterial::reset(void),,
wiz8--gog-base--wiz8--18a74ff61c65,005ebe14,0,0042a020,local,,,,
wiz8--gog-base--wiz8--18a74ff61c65,005ebe14,1,0042a010,local,,,,
wiz8--gog-base--wiz8--18a74ff61c65,005ebe14,2,0042a030,local,,,,
wiz8--gog-base--wiz8--18a74ff61c65,005ebe14,3,005e1fe4,import-thunk,SR.DLL!?dump@srCamera@@UAEXAAV?$basic_ostream@DU?$char_traits@D@std@@@std@@@Z,"public: virtual void __thiscall srCamera::dump(class std::basic_ostream<char, struct std::char_traits<char>> &)",,
wiz8--gog-base--wiz8--18a74ff61c65,005ebe14,4,005e20f8,import-thunk,SR.DLL!?verify@srClass@@UAEXW4e_verify@srRuntimeClass@@@Z,public: virtual void __thiscall srClass::verify(enum srRuntimeClass::e_verify),,
wiz8--gog-base--wiz8--18a74ff61c65,005ebe14,5,00423e80,local,,,,
wiz8--gog-base--wiz8--18a74ff61c65,005ebe14,6,005e1fde,import-thunk,SR.DLL!?vInstance@srCamera@@UAEPAVsrClass@@XZ,public: virtual class srClass * __thiscall srCamera::vInstance(void),,
wiz8--gog-base--wiz8--18a74ff61c65,005ebe14,7,0042a0a0,local,,,,
wiz8--gog-base--wiz8--18a74ff61c65,005ebe14,8,005e1fd8,import-thunk,SR.DLL!?traverse@srNode@@UAEXAAVTraverseInfo@1@@Z,public: virtual void __thiscall srNode::traverse(class srNode::TraverseInfo &),,
wiz8--gog-base--wiz8--18a74ff61c65,005ebe14,9,005e1fd2,import-thunk,SR.DLL!?process@srCamera@@UAEXABUProcessInfo@srNode@@W4e_processType@3@@Z,"public: virtual void __thiscall srCamera::process(struct srNode::ProcessInfo const &, enum srNode::e_processType)",,
wiz8--gog-base--wiz8--18a74ff61c65,005ebe14,10,005e1fcc,import-thunk,SR.DLL!?getLocalBounds@srNode@@UAEXAAUBoundInfo@1@@Z,public: virtual void __thiscall srNode::getLocalBounds(struct srNode::BoundInfo &),,
wiz8--gog-base--wiz8--18a74ff61c65,005ebe14,11,005e1fc6,import-thunk,SR.DLL!?updateBounds@srNode@@UAEXXZ,public: virtual void __thiscall srNode::updateBounds(void),,
wiz8--gog-base--wiz8--18a74ff61c65,005ebe14,12,005e1fc0,import-thunk,SR.DLL!?processSignal@srNode@@MAEHKPAX@Z,"protected: virtual int __thiscall srNode::processSignal(unsigned long, void *)",,
wiz8--gog-base--wiz8--18a74ff61c65,005ebe48,0,0042a0d0,local,,,,
wiz8--gog-base--wiz8--18a74ff61c65,005ebe48,1,0042a0c0,local,,,,
wiz8--gog-base--wiz8--18a74ff61c65,005ebe48,2,0042a0e0,local,,,,
wiz8--gog-base--wiz8--18a74ff61c65,005ebe48,3,005e1fba,import-thunk,SR.DLL!?dump@srScene@@UAEXAAV?$basic_ostream@DU?$char_traits@D@std@@@std@@@Z,"public: virtual void __thiscall srScene::dump(class std::basic_ostream<char, struct std::char_traits<char>> &)",,
wiz8--gog-base--wiz8--18a74ff61c65,005ebe48,4,005e20f8,import-thunk,SR.DLL!?verify@srClass@@UAEXW4e_verify@srRuntimeClass@@@Z,public: virtual void __thiscall srClass::verify(enum srRuntimeClass::e_verify),,
wiz8--gog-base--wiz8--18a74ff61c65,005ebe48,5,00423eb0,local,,,,
wiz8--gog-base--wiz8--18a74ff61c65,005ebe48,6,005e1fb4,import-thunk,SR.DLL!?vInstance@srScene@@UAEPAVsrClass@@XZ,public: virtual class srClass * __thiscall srScene::vInstance(void),,
wiz8--gog-base--wiz8--18a74ff61c65,005ebe48,7,0042a150,local,,,,
wiz8--gog-base--wiz8--18a74ff61c65,005ebe48,8,005e1fae,import-thunk,SR.DLL!?traverse@srScene@@UAEXAAVTraverseInfo@srNode@@@Z,public: virtual void __thiscall srScene::traverse(class srNode::TraverseInfo &),,
wiz8--gog-base--wiz8--18a74ff61c65,005ebe48,9,005e1fa8,import-thunk,SR.DLL!?process@srScene@@UAEXABUProcessInfo@srNode@@W4e_processType@3@@Z,"public: virtual void __thiscall srScene::process(struct srNode::ProcessInfo const &, enum srNode::e_processType)",,
wiz8--gog-base--wiz8--18a74ff61c65,005ebe48,10,005e1fcc,import-thunk,SR.DLL!?getLocalBounds@srNode@@UAEXAAUBoundInfo@1@@Z,public: virtual void __thiscall srNode::getLocalBounds(struct srNode::BoundInfo &),,
wiz8--gog-base--wiz8--18a74ff61c65,005ebe48,11,005e1fc6,import-thunk,SR.DLL!?updateBounds@srNode@@UAEXXZ,public: virtual void __thiscall srNode::updateBounds(void),,
wiz8--gog-base--wiz8--18a74ff61c65,005ebe48,12,005e1fc0,import-thunk,SR.DLL!?processSignal@srNode@@MAEHKPAX@Z,"protected: virtual int __thiscall srNode::processSignal(unsigned long, void *)",,
wiz8--gog-base--wiz8--18a74ff61c65,005ebe7c,0,00423ee0,local,,,,
wiz8--gog-base--wiz8--18a74ff61c65,005ebe98,0,00429b40,local,,,,
wiz8--gog-base--wiz8--18a74ff61c65,005ebe98,1,00429b30,local,,,,
wiz8--gog-base--wiz8--18a74ff61c65,005ebe98,2,00429b50,local,,,,
wiz8--gog-base--wiz8--18a74ff61c65,005ebe98,3,005e215e,import-thunk,SR.DLL!?dump@srMeshModel@@UAEXAAV?$basic_ostream@DU?$char_traits@D@std@@@std@@@Z,"public: virtual void __thiscall srMeshModel::dump(class std::basic_ostream<char, struct std::char_traits<char>> &)",,
wiz8--gog-base--wiz8--18a74ff61c65,005ebe98,4,005e2158,import-thunk,SR.DLL!?verify@srMeshModel@@UAEXW4e_verify@srRuntimeClass@@@Z,public: virtual void __thiscall srMeshModel::verify(enum srRuntimeClass::e_verify),,
wiz8--gog-base--wiz8--18a74ff61c65,005ebe98,5,00424a50,local,,,,
wiz8--gog-base--wiz8--18a74ff61c65,005ebe98,6,005e2152,import-thunk,SR.DLL!?vInstance@srMeshModel@@UAEPAVsrClass@@XZ,public: virtual class srClass * __thiscall srMeshModel::vInstance(void),,
wiz8--gog-base--wiz8--18a74ff61c65,005ebe98,7,00429bc0,local,,,,
wiz8--gog-base--wiz8--18a74ff61c65,005ebe98,8,005e214c,import-thunk,SR.DLL!?getBoundingSphere@srMeshModel@@UAEHAAV?$srVector3T@M@@AAM@Z,"public: virtual int __thiscall srMeshModel::getBoundingSphere(class srVector3T<float> &, float &)",,
wiz8--gog-base--wiz8--18a74ff61c65,005ebe98,9,005e2146,import-thunk,SR.DLL!?getBoundingBox@srMeshModel@@UAEHAAV?$srVector3T@M@@0@Z,"public: virtual int __thiscall srMeshModel::getBoundingBox(class srVector3T<float> &, class srVector3T<float> &)",,
wiz8--gog-base--wiz8--18a74ff61c65,005ebe98,10,005e2140,import-thunk,SR.DLL!?render@srMeshModel@@UAEXAAVsrGERD@@@Z,public: virtual void __thiscall srMeshModel::render(class srGERD &),,
wiz8--gog-base--wiz8--18a74ff61c65,005ebe98,11,005e213a,import-thunk,SR.DLL!?updateAllClients@srModel@@UAEXW4e_update@Client@1@@Z,public: virtual void __thiscall srModel::updateAllClients(enum srModel::Client::e_update),,
wiz8--gog-base--wiz8--18a74ff61c65,005ebe98,12,005e2134,import-thunk,SR.DLL!?reindexPolygons@srMeshModel@@UAEXPBK@Z,public: virtual void __thiscall srMeshModel::reindexPolygons(unsigned long const *),,
wiz8--gog-base--wiz8--18a74ff61c65,005ebe98,13,005e212e,import-thunk,SR.DLL!?reindexVertices@srMeshModel@@UAEXPBK@Z,public: virtual void __thiscall srMeshModel::reindexVertices(unsigned long const *),,
wiz8--gog-base--wiz8--18a74ff61c65,005ebe98,14,005e2128,import-thunk,SR.DLL!?getTriMesh@srMeshModel@@UAEABUTriMesh@1@XZ,public: virtual struct srMeshModel::TriMesh const & __thiscall srMeshModel::getTriMesh(void),,
wiz8--gog-base--wiz8--18a74ff61c65,005ebe98,15,005e2122,import-thunk,SR.DLL!?getTriMesh@srMeshModel@@UAEXAAUTriMesh@1@@Z,public: virtual void __thiscall srMeshModel::getTriMesh(struct srMeshModel::TriMesh &),,
wiz8--gog-base--wiz8--18a74ff61c65,005ebe98,16,005e211c,import-thunk,SR.DLL!?renderTriMesh@srMeshModel@@UAEXAAVsrGERD@@ABUTriMesh@1@@Z,"public: virtual void __thiscall srMeshModel::renderTriMesh(class srGERD &, struct srMeshModel::TriMesh const &)",,
wiz8--gog-base--wiz8--18a74ff61c65,005ebe98,17,005e2116,import-thunk,SR.DLL!?updateTriMesh@srMeshModel@@MAEXXZ,protected: virtual void __thiscall srMeshModel::updateTriMesh(void),,
wiz8--gog-base--wiz8--18a74ff61c65,005ebe98,18,005e2110,import-thunk,SR.DLL!?calculateBounds@srMeshModel@@MAEXXZ,protected: virtual void __thiscall srMeshModel::calculateBounds(void),,
wiz8--gog-base--wiz8--18a74ff61c65,005ebe98,19,005e210a,import-thunk,SR.DLL!?calculatePolygonNormals@srMeshModel@@MAEXXZ,protected: virtual void __thiscall srMeshModel::calculatePolygonNormals(void),,
wiz8--gog-base--wiz8--18a74ff61c65,005ebe98,20,005e2104,import-thunk,SR.DLL!?calculateVertexNormals@srMeshModel@@MAEXXZ,protected: virtual void __thiscall srMeshModel::calculateVertexNormals(void),,
wiz8--gog-base--wiz8--18a74ff61c65,005ebeec,0,00429bf0,local,,,,
wiz8--gog-base--wiz8--18a74ff61c65,005ebeec,1,00429be0,local,,,,
wiz8--gog-base--wiz8--18a74ff61c65,005ebeec,2,00429c00,local,,,,
wiz8--gog-base--wiz8--18a74ff61c65,005ebeec,3,005e21a0,import-thunk,SR.DLL!?dump@srTextureMap@@UAEXAAV?$basic_ostream@DU?$char_traits@D@std@@@std@@@Z,"public: virtual void __thiscall srTextureMap::dump(class std::basic_ostream<char, struct std::char_traits<char>> &)",,
wiz8--gog-base--wiz8--18a74ff61c65,005ebeec,4,005e20f8,import-thunk,SR.DLL!?verify@srClass@@UAEXW4e_verify@srRuntimeClass@@@Z,public: virtual void __thiscall srClass::verify(enum srRuntimeClass::e_verify),,
wiz8--gog-base--wiz8--18a74ff61c65,005ebeec,5,00424b70,local,,,,
wiz8--gog-base--wiz8--18a74ff61c65,005ebeec,6,005e219a,import-thunk,SR.DLL!?vInstance@srTextureMap@@UAEPAVsrClass@@XZ,public: virtual class srClass * __thiscall srTextureMap::vInstance(void),,
wiz8--gog-base--wiz8--18a74ff61c65,005ebeec,7,00429ca0,local,,,,
wiz8--gog-base--wiz8--18a74ff61c65,005ebeec,8,005e2194,import-thunk,SR.DLL!?getTextureFrameHandle@srTextureMap@@UAEKXZ,public: virtual unsigned long __thiscall srTextureMap::getTextureFrameHandle(void),,
wiz8--gog-base--wiz8--18a74ff61c65,005ebeec,9,005e218e,import-thunk,SR.DLL!?getPriority@srTexture@@UAEMXZ,public: virtual float __thiscall srTexture::getPriority(void),,
wiz8--gog-base--wiz8--18a74ff61c65,005ebeec,10,005e2188,import-thunk,SR.DLL!?getDimensions@srTexture@@UAEXAAUDimensions@srTextureIFace@@@Z,public: virtual void __thiscall srTexture::getDimensions(struct srTextureIFace::Dimensions &),,
wiz8--gog-base--wiz8--18a74ff61c65,005ebeec,11,005e2182,import-thunk,SR.DLL!?getMipmapData@srTextureMap@@UAEXAAUMultiRequest@srTextureIFace@@@Z,public: virtual void __thiscall srTextureMap::getMipmapData(struct srTextureIFace::MultiRequest &),,
wiz8--gog-base--wiz8--18a74ff61c65,005ebeec,12,005e217c,import-thunk,SR.DLL!?getMipmapLevelPartial@srTexture@@UAEXAAUPartialRequest@srTextureIFace@@@Z,public: virtual void __thiscall srTexture::getMipmapLevelPartial(struct srTextureIFace::PartialRequest &),,
wiz8--gog-base--wiz8--18a74ff61c65,005ebeec,13,005e2176,import-thunk,SR.DLL!?getTextureParms@srTexture@@UAEXAAUParameters@srTextureIFace@@@Z,public: virtual void __thiscall srTexture::getTextureParms(struct srTextureIFace::Parameters &),,
wiz8--gog-base--wiz8--18a74ff61c65,005ebeec,14,005e2170,import-thunk,SR.DLL!?getTextureName@srTextureIFace@@UAEPBDXZ,public: virtual char const * __thiscall srTextureIFace::getTextureName(void),,
wiz8--gog-base--wiz8--18a74ff61c65,005ebeec,15,005e216a,import-thunk,SR.DLL!?invalidate@srTextureMap@@UAEXXZ,public: virtual void __thiscall srTextureMap::invalidate(void),,
wiz8--gog-base--wiz8--18a74ff61c65,005ebeec,16,005e2164,import-thunk,SR.DLL!?setupDefaultValues@srTextureMap@@MAEXXZ,protected: virtual void __thiscall srTextureMap::setupDefaultValues(void),,
wiz8--gog-base--wiz8--18a74ff61c65,005ebf68,0,00429cd0,import-thunk,SR.DLL!?sGetClassName@srMaterial@@SAPBDXZ,public: static char const * __cdecl srMaterial::sGetClassName(void),,
wiz8--gog-base--wiz8--18a74ff61c65,005ebf68,1,00429cc0,local,,,,
wiz8--gog-base--wiz8--18a74ff61c65,005ebf68,2,00429ce0,local,,,,
wiz8--gog-base--wiz8--18a74ff61c65,005ebf68,3,005e21a6,import-thunk,SR.DLL!?dump@srClass@@UAEXAAV?$basic_ostream@DU?$char_traits@D@std@@@std@@@Z,"public: virtual void __thiscall srClass::dump(class std::basic_ostream<char, struct std::char_traits<char>> &)",,
wiz8--gog-base--wiz8--18a74ff61c65,005ebf68,4,005e20f8,import-thunk,SR.DLL!?verify@srClass@@UAEXW4e_verify@srRuntimeClass@@@Z,public: virtual void __thiscall srClass::verify(enum srRuntimeClass::e_verify),,
wiz8--gog-base--wiz8--18a74ff61c65,005ebf68,5,0042a230,local,,,,
wiz8--gog-base--wiz8--18a74ff61c65,005ebf68,6,005e1d9a,pure-virtual,,,,
wiz8--gog-base--wiz8--18a74ff61c65,005ebf68,7,00429d50,local,,,,
wiz8--gog-base--wiz8--18a74ff61c65,005ebf68,8,005e1d9a,pure-virtual,,,,
wiz8--gog-base--wiz8--18a74ff61c65,005ebf68,9,005e1d9a,pure-virtual,,,,
wiz8--gog-base--wiz8--18a74ff61c65,005ebf68,10,005e1d9a,pure-virtual,,,,
wiz8--gog-base--wiz8--18a74ff61c65,005ebf94,0,00429e90,import-thunk,SR.DLL!?sGetClassName@srMaterialIFace@@SAPBDXZ,public: static char const * __cdecl srMaterialIFace::sGetClassName(void),,
wiz8--gog-base--wiz8--18a74ff61c65,005ebf94,1,00429e80,local,,,,
wiz8--gog-base--wiz8--18a74ff61c65,005ebf94,2,00429ea0,local,,,,
wiz8--gog-base--wiz8--18a74ff61c65,005ebf94,3,005e21a6,import-thunk,SR.DLL!?dump@srClass@@UAEXAAV?$basic_ostream@DU?$char_traits@D@std@@@std@@@Z,"public: virtual void __thiscall srClass::dump(class std::basic_ostream<char, struct std::char_traits<char>> &)",,
wiz8--gog-base--wiz8--18a74ff61c65,005ebf94,4,005e20f8,import-thunk,SR.DLL!?verify@srClass@@UAEXW4e_verify@srRuntimeClass@@@Z,public: virtual void __thiscall srClass::verify(enum srRuntimeClass::e_verify),,
wiz8--gog-base--wiz8--18a74ff61c65,005ebf94,5,0042a170,local,,,,
wiz8--gog-base--wiz8--18a74ff61c65,005ebf94,6,005e1d9a,pure-virtual,,,,
wiz8--gog-base--wiz8--18a74ff61c65,005ebf94,7,00429ee0,local,,,,
wiz8--gog-base--wiz8--18a74ff61c65,005ebfb4,0,0042a310,local,,,,
wiz8--gog-base--wiz8--18a74ff61c65,005ebfb8,0,0042a2e0,local,,,,
wiz8--gog-base--wiz8--18a74ff61c65,005ebfd0,0,0042b890,local,,,,
wiz8--gog-base--wiz8--18a74ff61c65,005ebfd0,1,004d6190,local,,,,
wiz8--gog-base--wiz8--18a74ff61c65,005ebfd0,2,005b1be0,local,,,,
wiz8--gog-base--wiz8--18a74ff61c65,005ebfe0,0,0042bb70,local,,,,
wiz8--gog-base--wiz8--18a74ff61c65,005ebfe4,0,0042bba0,local,,,,
wiz8--gog-base--wiz8--18a74ff61c65,005ebfe8,0,0042bbd0,local,,,,
wiz8--gog-base--wiz8--18a74ff61c65,005ebfec,0,0042bb40,local,,,,
wiz8--gog-base--wiz8--18a74ff61c65,005ec004,0,00438f40,local,,,,
wiz8--gog-base--wiz8--18a74ff61c65,005ec018,0,00438f70,local,,,,
wiz8--gog-base--wiz8--18a74ff61c65,005ec078,0,004397d0,local,,,,
wiz8--gog-base--wiz8--18a74ff61c65,005ec078,1,005e21e2,import-thunk,SR.DLL!?getAscTime@srTimer@@UAEPADPADW4e_timerReadControl@1@@Z,"public: virtual char * __thiscall srTimer::getAscTime(char *, enum srTimer::e_timerReadControl)",,
wiz8--gog-base--wiz8--18a74ff61c65,005ec078,2,005e21dc,import-thunk,SR.DLL!?pause@srTimer@@UAEHXZ,public: virtual int __thiscall srTimer::pause(void),,
wiz8--gog-base--wiz8--18a74ff61c65,005ec078,3,005e21d6,import-thunk,SR.DLL!?resume@srTimer@@UAEKXZ,public: virtual unsigned long __thiscall srTimer::resume(void),,
wiz8--gog-base--wiz8--18a74ff61c65,005ec078,4,005e21d0,import-thunk,SR.DLL!?reset@srTimer@@UAEHHHH@Z,"public: virtual int __thiscall srTimer::reset(int, int, int)",,
wiz8--gog-base--wiz8--18a74ff61c65,005ec078,5,005e21ca,import-thunk,SR.DLL!?getMsTime@srTimer@@UAEKW4e_timerReadControl@1@@Z,public: virtual unsigned long __thiscall srTimer::getMsTime(enum srTimer::e_timerReadControl),,
wiz8--gog-base--wiz8--18a74ff61c65,005ec078,6,005e21c4,import-thunk,SR.DLL!?getTime@srTimer@@UAENW4e_timerReadControl@1@@Z,public: virtual double __thiscall srTimer::getTime(enum srTimer::e_timerReadControl),,
wiz8--gog-base--wiz8--18a74ff61c65,005ec078,7,005e21be,import-thunk,SR.DLL!?getUTime@srTimer@@UAEKAAVsrQuadWord@@W4e_timerReadControl@1@@Z,"public: virtual unsigned long __thiscall srTimer::getUTime(class srQuadWord &, enum srTimer::e_timerReadControl)",,
wiz8--gog-base--wiz8--18a74ff61c65,005ec078,8,005e21b8,import-thunk,SR.DLL!?getUTime@srTimer@@UAEKW4e_timerReadControl@1@@Z,public: virtual unsigned long __thiscall srTimer::getUTime(enum srTimer::e_timerReadControl),,
wiz8--gog-base--wiz8--18a74ff61c65,005ec078,9,005e21b2,import-thunk,SR.DLL!?getRawTime@srTimer@@UAEKAAVsrQuadWord@@W4e_timerReadControl@1@@Z,"public: virtual unsigned long __thiscall srTimer::getRawTime(class srQuadWord &, enum srTimer::e_timerReadControl)",,
wiz8--gog-base--wiz8--18a74ff61c65,005ec078,10,005e21ac,import-thunk,SR.DLL!?getRawTime@srTimer@@UAEKW4e_timerReadControl@1@@Z,public: virtual unsigned long __thiscall srTimer::getRawTime(enum srTimer::e_timerReadControl),,
wiz8--gog-base--wiz8--18a74ff61c65,005ec0a4,0,00439750,local,,,,
wiz8--gog-base--wiz8--18a74ff61c65,005ec0ac,0,0043ac40,local,,,,
wiz8--gog-base--wiz8--18a74ff61c65,005ec0e0,0,00446130,local,,,,
wiz8--gog-base--wiz8--18a74ff61c65,005ec0e4,0,00445ae0,local,,,,
wiz8--gog-base--wiz8--18a74ff61c65,005ec0e4,1,00445ad0,local,,,,
wiz8--gog-base--wiz8--18a74ff61c65,005ec0e4,2,00445f30,local,,,,
wiz8--gog-base--wiz8--18a74ff61c65,005ec0e4,3,005e21a6,import-thunk,SR.DLL!?dump@srClass@@UAEXAAV?$basic_ostream@DU?$char_traits@D@std@@@std@@@Z,"public: virtual void __thiscall srClass::dump(class std::basic_ostream<char, struct std::char_traits<char>> &)",,
wiz8--gog-base--wiz8--18a74ff61c65,005ec0e4,4,005e20f8,import-thunk,SR.DLL!?verify@srClass@@UAEXW4e_verify@srRuntimeClass@@@Z,public: virtual void __thiscall srClass::verify(enum srRuntimeClass::e_verify),,
wiz8--gog-base--wiz8--18a74ff61c65,005ec0e4,5,0043bc70,local,,,,
wiz8--gog-base--wiz8--18a74ff61c65,005ec0e4,6,0043bc10,local,,,,
wiz8--gog-base--wiz8--18a74ff61c65,005ec0e4,7,00445af0,local,,,,
wiz8--gog-base--wiz8--18a74ff61c65,005ec104,0,00445ae0,local,,,,
wiz8--gog-base--wiz8--18a74ff61c65,005ec104,1,00445ad0,local,,,,
wiz8--gog-base--wiz8--18a74ff61c65,005ec104,2,00445f30,local,,,,
wiz8--gog-base--wiz8--18a74ff61c65,005ec104,3,005e21a6,import-thunk,SR.DLL!?dump@srClass@@UAEXAAV?$basic_ostream@DU?$char_traits@D@std@@@std@@@Z,"public: virtual void __thiscall srClass::dump(class std::basic_ostream<char, struct std::char_traits<char>> &)",,
wiz8--gog-base--wiz8--18a74ff61c65,005ec104,4,005e20f8,import-thunk,SR.DLL!?verify@srClass@@UAEXW4e_verify@srRuntimeClass@@@Z,public: virtual void __thiscall srClass::verify(enum srRuntimeClass::e_verify),,
wiz8--gog-base--wiz8--18a74ff61c65,005ec104,5,00445e90,local,,,,
wiz8--gog-base--wiz8--18a74ff61c65,005ec104,6,005e1d9a,pure-virtual,,,,
wiz8--gog-base--wiz8--18a74ff61c65,005ec104,7,00445af0,local,,,,
wiz8--gog-base--wiz8--18a74ff61c65,005ec12c,0,00440980,local,,,,
wiz8--gog-base--wiz8--18a74ff61c65,005ec12c,1,00444a00,local,,,,
wiz8--gog-base--wiz8--18a74ff61c65,005ec134,0,00445ec0,local,,,,
wiz8--gog-base--wiz8--18a74ff61c65,005ec138,0,0043c7f0,local,,,,
wiz8--gog-base--wiz8--18a74ff61c65,005ec140,0,00440980,local,,,,
wiz8--gog-base--wiz8--18a74ff61c65,005ec140,1,00444ec0,local,,,,
wiz8--gog-base--wiz8--18a74ff61c65,005ec148,0,00445ec0,local,,,,
wiz8--gog-base--wiz8--18a74ff61c65,005ec158,0,00443730,local,,,,
wiz8--gog-base--wiz8--18a74ff61c65,005ec15c,0,004461e0,local,,,,
wiz8--gog-base--wiz8--18a74ff61c65,005ec160,0,004461b0,local,,,,
wiz8--gog-base--wiz8--18a74ff61c65,005ec164,0,00446190,local,,,,
wiz8--gog-base--wiz8--18a74ff61c65,005ec168,0,00446160,local,,,,
wiz8--gog-base--wiz8--18a74ff61c65,005ec16c,0,00446230,local,,,,
wiz8--gog-base--wiz8--18a74ff61c65,005ec170,0,00446200,local,,,,
wiz8--gog-base--wiz8--18a74ff61c65,005ec1c8,0,0044acf0,local,,,,
wiz8--gog-base--wiz8--18a74ff61c65,005ec1c8,1,0044ef80,local,,,,
wiz8--gog-base--wiz8--18a74ff61c65,005ec1d0,0,0044ef60,local,,,,
wiz8--gog-base--wiz8--18a74ff61c65,005ec1d4,0,0044ef30,local,,,,
wiz8--gog-base--wiz8--18a74ff61c65,005ec1d8,0,0044ee50,local,,,,
wiz8--gog-base--wiz8--18a74ff61c65,005ec1d8,1,0044edf0,local,,,,
wiz8--gog-base--wiz8--18a74ff61c65,005ec1e0,0,0044bea0,local,,,,
wiz8--gog-base--wiz8--18a74ff61c65,005ec208,0,004519e0,import-thunk,SR.DLL!?sGetClassName@srNode@@SAPBDXZ,public: static char const * __cdecl srNode::sGetClassName(void),,
wiz8--gog-base--wiz8--18a74ff61c65,005ec208,1,004519d0,local,,,,
wiz8--gog-base--wiz8--18a74ff61c65,005ec208,2,00445ef0,local,,,,
wiz8--gog-base--wiz8--18a74ff61c65,005ec208,3,005e21f4,import-thunk,SR.DLL!?dump@srNode@@UAEXAAV?$basic_ostream@DU?$char_traits@D@std@@@std@@@Z,"public: virtual void __thiscall srNode::dump(class std::basic_ostream<char, struct std::char_traits<char>> &)",,
wiz8--gog-base--wiz8--18a74ff61c65,005ec208,4,005e20f8,import-thunk,SR.DLL!?verify@srClass@@UAEXW4e_verify@srRuntimeClass@@@Z,public: virtual void __thiscall srClass::verify(enum srRuntimeClass::e_verify),,
wiz8--gog-base--wiz8--18a74ff61c65,005ec208,5,0044f3d0,local,,,,
wiz8--gog-base--wiz8--18a74ff61c65,005ec208,6,005e21ee,import-thunk,SR.DLL!?vInstance@srNode@@UAEPAVsrClass@@XZ,public: virtual class srClass * __thiscall srNode::vInstance(void),,
wiz8--gog-base--wiz8--18a74ff61c65,005ec208,7,004519f0,local,,,,
wiz8--gog-base--wiz8--18a74ff61c65,005ec208,8,005e1fd8,import-thunk,SR.DLL!?traverse@srNode@@UAEXAAVTraverseInfo@1@@Z,public: virtual void __thiscall srNode::traverse(class srNode::TraverseInfo &),,
wiz8--gog-base--wiz8--18a74ff61c65,005ec208,9,005e21e8,import-thunk,SR.DLL!?process@srNode@@UAEXABUProcessInfo@1@W4e_processType@1@@Z,"public: virtual void __thiscall srNode::process(struct srNode::ProcessInfo const &, enum srNode::e_processType)",,
wiz8--gog-base--wiz8--18a74ff61c65,005ec208,10,005e1fcc,import-thunk,SR.DLL!?getLocalBounds@srNode@@UAEXAAUBoundInfo@1@@Z,public: virtual void __thiscall srNode::getLocalBounds(struct srNode::BoundInfo &),,
wiz8--gog-base--wiz8--18a74ff61c65,005ec208,11,005e1fc6,import-thunk,SR.DLL!?updateBounds@srNode@@UAEXXZ,public: virtual void __thiscall srNode::updateBounds(void),,
wiz8--gog-base--wiz8--18a74ff61c65,005ec208,12,005e1fc0,import-thunk,SR.DLL!?processSignal@srNode@@MAEHKPAX@Z,"protected: virtual int __thiscall srNode::processSignal(unsigned long, void *)",,
wiz8--gog-base--wiz8--18a74ff61c65,005ec264,0,00451ca0,local,,,,
wiz8--gog-base--wiz8--18a74ff61c65,005ec268,0,00451c70,local,,,,
wiz8--gog-base--wiz8--18a74ff61c65,005ec26c,0,00451c30,local,,,,
wiz8--gog-base--wiz8--18a74ff61c65,005ec270,0,00451c00,local,,,,
wiz8--gog-base--wiz8--18a74ff61c65,005ec274,0,00451bc0,local,,,,
wiz8--gog-base--wiz8--18a74ff61c65,005ec278,0,00451b90,local,,,,
wiz8--gog-base--wiz8--18a74ff61c65,005ec27c,0,00451b00,local,,,,
wiz8--gog-base--wiz8--18a74ff61c65,005ec280,0,00451ac0,local,,,,
wiz8--gog-base--wiz8--18a74ff61c65,005ec284,0,00451df0,local,,,,
wiz8--gog-base--wiz8--18a74ff61c65,005ec288,0,00451dc0,local,,,,
wiz8--gog-base--wiz8--18a74ff61c65,005ec28c,0,00451d80,local,,,,
wiz8--gog-base--wiz8--18a74ff61c65,005ec290,0,00451d50,local,,,,
wiz8--gog-base--wiz8--18a74ff61c65,005ec294,0,00451d10,local,,,,
wiz8--gog-base--wiz8--18a74ff61c65,005ec298,0,00451ce0,local,,,,
wiz8--gog-base--wiz8--18a74ff61c65,005ec2b8,0,00451b70,local,,,,
wiz8--gog-base--wiz8--18a74ff61c65,005ec2bc,0,00451b40,local,,,,
wiz8--gog-base--wiz8--18a74ff61c65,005ec2d0,0,00452100,local,,,,
wiz8--gog-base--wiz8--18a74ff61c65,005ec2d0,1,004538b0,local,,,,
wiz8--gog-base--wiz8--18a74ff61c65,005ec2d0,2,004538c0,local,,,,
wiz8--gog-base--wiz8--18a74ff61c65,005ec2d0,3,004a7140,local,,,,
wiz8--gog-base--wiz8--18a74ff61c65,005ec2d0,4,00456020,local,,,,
wiz8--gog-base--wiz8--18a74ff61c65,005ec324,0,004561f0,local,,,,
wiz8--gog-base--wiz8--18a74ff61c65,005ec328,0,004561c0,local,,,,
wiz8--gog-base--wiz8--18a74ff61c65,005ec3f0,0,0046cc80,local,,,,
wiz8--gog-base--wiz8--18a74ff61c65,005ec3f4,0,0046cc50,local,,,,
wiz8--gog-base--wiz8--18a74ff61c65,005ec454,0,004741f0,local,,,,
wiz8--gog-base--wiz8--18a74ff61c65,005ec454,1,004741e0,local,,,,
wiz8--gog-base--wiz8--18a74ff61c65,005ec454,2,00474820,local,,,,
wiz8--gog-base--wiz8--18a74ff61c65,005ec454,3,005e215e,import-thunk,SR.DLL!?dump@srMeshModel@@UAEXAAV?$basic_ostream@DU?$char_traits@D@std@@@std@@@Z,"public: virtual void __thiscall srMeshModel::dump(class std::basic_ostream<char, struct std::char_traits<char>> &)",,
wiz8--gog-base--wiz8--18a74ff61c65,005ec454,4,005e2158,import-thunk,SR.DLL!?verify@srMeshModel@@UAEXW4e_verify@srRuntimeClass@@@Z,public: virtual void __thiscall srMeshModel::verify(enum srRuntimeClass::e_verify),,
wiz8--gog-base--wiz8--18a74ff61c65,005ec454,5,00470e90,local,,,,
wiz8--gog-base--wiz8--18a74ff61c65,005ec454,6,004748c0,local,,,,
wiz8--gog-base--wiz8--18a74ff61c65,005ec454,7,00474200,local,,,,
wiz8--gog-base--wiz8--18a74ff61c65,005ec454,8,00471dd0,local,,,,
wiz8--gog-base--wiz8--18a74ff61c65,005ec454,9,00471d80,local,,,,
wiz8--gog-base--wiz8--18a74ff61c65,005ec454,10,005e2140,import-thunk,SR.DLL!?render@srMeshModel@@UAEXAAVsrGERD@@@Z,public: virtual void __thiscall srMeshModel::render(class srGERD &),,
wiz8--gog-base--wiz8--18a74ff61c65,005ec454,11,005e213a,import-thunk,SR.DLL!?updateAllClients@srModel@@UAEXW4e_update@Client@1@@Z,public: virtual void __thiscall srModel::updateAllClients(enum srModel::Client::e_update),,
wiz8--gog-base--wiz8--18a74ff61c65,005ec454,12,005e2134,import-thunk,SR.DLL!?reindexPolygons@srMeshModel@@UAEXPBK@Z,public: virtual void __thiscall srMeshModel::reindexPolygons(unsigned long const *),,
wiz8--gog-base--wiz8--18a74ff61c65,005ec454,13,005e212e,import-thunk,SR.DLL!?reindexVertices@srMeshModel@@UAEXPBK@Z,public: virtual void __thiscall srMeshModel::reindexVertices(unsigned long const *),,
wiz8--gog-base--wiz8--18a74ff61c65,005ec454,14,00472270,local,,,,
wiz8--gog-base--wiz8--18a74ff61c65,005ec454,15,004727e0,local,,,,
wiz8--gog-base--wiz8--18a74ff61c65,005ec454,16,00470360,local,,,,
wiz8--gog-base--wiz8--18a74ff61c65,005ec454,17,005e2116,import-thunk,SR.DLL!?updateTriMesh@srMeshModel@@MAEXXZ,protected: virtual void __thiscall srMeshModel::updateTriMesh(void),,
wiz8--gog-base--wiz8--18a74ff61c65,005ec454,18,005e2110,import-thunk,SR.DLL!?calculateBounds@srMeshModel@@MAEXXZ,protected: virtual void __thiscall srMeshModel::calculateBounds(void),,
wiz8--gog-base--wiz8--18a74ff61c65,005ec454,19,005e210a,import-thunk,SR.DLL!?calculatePolygonNormals@srMeshModel@@MAEXXZ,protected: virtual void __thiscall srMeshModel::calculatePolygonNormals(void),,
wiz8--gog-base--wiz8--18a74ff61c65,005ec454,20,005e2104,import-thunk,SR.DLL!?calculateVertexNormals@srMeshModel@@MAEXXZ,protected: virtual void __thiscall srMeshModel::calculateVertexNormals(void),,
wiz8--gog-base--wiz8--18a74ff61c65,005ec4a8,0,00474db0,local,,,,
wiz8--gog-base--wiz8--18a74ff61c65,005ec4ac,0,00474d90,local,,,,
wiz8--gog-base--wiz8--18a74ff61c65,005ec4b0,0,004741f0,local,,,,
wiz8--gog-base--wiz8--18a74ff61c65,005ec4b0,1,004741e0,local,,,,
wiz8--gog-base--wiz8--18a74ff61c65,005ec4b0,2,00474820,local,,,,
wiz8--gog-base--wiz8--18a74ff61c65,005ec4b0,3,005e215e,import-thunk,SR.DLL!?dump@srMeshModel@@UAEXAAV?$basic_ostream@DU?$char_traits@D@std@@@std@@@Z,"public: virtual void __thiscall srMeshModel::dump(class std::basic_ostream<char, struct std::char_traits<char>> &)",,
wiz8--gog-base--wiz8--18a74ff61c65,005ec4b0,4,005e2158,import-thunk,SR.DLL!?verify@srMeshModel@@UAEXW4e_verify@srRuntimeClass@@@Z,public: virtual void __thiscall srMeshModel::verify(enum srRuntimeClass::e_verify),,
wiz8--gog-base--wiz8--18a74ff61c65,005ec4b0,5,00474760,local,,,,
wiz8--gog-base--wiz8--18a74ff61c65,005ec4b0,6,005e2152,import-thunk,SR.DLL!?vInstance@srMeshModel@@UAEPAVsrClass@@XZ,public: virtual class srClass * __thiscall srMeshModel::vInstance(void),,
wiz8--gog-base--wiz8--18a74ff61c65,005ec4b0,7,00474200,local,,,,
wiz8--gog-base--wiz8--18a74ff61c65,005ec4b0,8,005e214c,import-thunk,SR.DLL!?getBoundingSphere@srMeshModel@@UAEHAAV?$srVector3T@M@@AAM@Z,"public: virtual int __thiscall srMeshModel::getBoundingSphere(class srVector3T<float> &, float &)",,
wiz8--gog-base--wiz8--18a74ff61c65,005ec4b0,9,005e2146,import-thunk,SR.DLL!?getBoundingBox@srMeshModel@@UAEHAAV?$srVector3T@M@@0@Z,"public: virtual int __thiscall srMeshModel::getBoundingBox(class srVector3T<float> &, class srVector3T<float> &)",,
wiz8--gog-base--wiz8--18a74ff61c65,005ec4b0,10,005e2140,import-thunk,SR.DLL!?render@srMeshModel@@UAEXAAVsrGERD@@@Z,public: virtual void __thiscall srMeshModel::render(class srGERD &),,
wiz8--gog-base--wiz8--18a74ff61c65,005ec4b0,11,005e213a,import-thunk,SR.DLL!?updateAllClients@srModel@@UAEXW4e_update@Client@1@@Z,public: virtual void __thiscall srModel::updateAllClients(enum srModel::Client::e_update),,
wiz8--gog-base--wiz8--18a74ff61c65,005ec4b0,12,005e2134,import-thunk,SR.DLL!?reindexPolygons@srMeshModel@@UAEXPBK@Z,public: virtual void __thiscall srMeshModel::reindexPolygons(unsigned long const *),,
wiz8--gog-base--wiz8--18a74ff61c65,005ec4b0,13,005e212e,import-thunk,SR.DLL!?reindexVertices@srMeshModel@@UAEXPBK@Z,public: virtual void __thiscall srMeshModel::reindexVertices(unsigned long const *),,
wiz8--gog-base--wiz8--18a74ff61c65,005ec4b0,14,005e2128,import-thunk,SR.DLL!?getTriMesh@srMeshModel@@UAEABUTriMesh@1@XZ,public: virtual struct srMeshModel::TriMesh const & __thiscall srMeshModel::getTriMesh(void),,
wiz8--gog-base--wiz8--18a74ff61c65,005ec4b0,15,005e2122,import-thunk,SR.DLL!?getTriMesh@srMeshModel@@UAEXAAUTriMesh@1@@Z,public: virtual void __thiscall srMeshModel::getTriMesh(struct srMeshModel::TriMesh &),,
wiz8--gog-base--wiz8--18a74ff61c65,005ec4b0,16,005e211c,import-thunk,SR.DLL!?renderTriMesh@srMeshModel@@UAEXAAVsrGERD@@ABUTriMesh@1@@Z,"public: virtual void __thiscall srMeshModel::renderTriMesh(class srGERD &, struct srMeshModel::TriMesh const &)",,
wiz8--gog-base--wiz8--18a74ff61c65,005ec4b0,17,005e2116,import-thunk,SR.DLL!?updateTriMesh@srMeshModel@@MAEXXZ,protected: virtual void __thiscall srMeshModel::updateTriMesh(void),,
wiz8--gog-base--wiz8--18a74ff61c65,005ec4b0,18,005e2110,import-thunk,SR.DLL!?calculateBounds@srMeshModel@@MAEXXZ,protected: virtual void __thiscall srMeshModel::calculateBounds(void),,
wiz8--gog-base--wiz8--18a74ff61c65,005ec4b0,19,005e210a,import-thunk,SR.DLL!?calculatePolygonNormals@srMeshModel@@MAEXXZ,protected: virtual void __thiscall srMeshModel::calculatePolygonNormals(void),,
wiz8--gog-base--wiz8--18a74ff61c65,005ec4b0,20,005e2104,import-thunk,SR.DLL!?calculateVertexNormals@srMeshModel@@MAEXXZ,protected: virtual void __thiscall srMeshModel::calculateVertexNormals(void),,
wiz8--gog-base--wiz8--18a74ff61c65,005ec504,0,00474d60,local,,,,
wiz8--gog-base--wiz8--18a74ff61c65,005ec508,0,00474e90,local,,,,
wiz8--gog-base--wiz8--18a74ff61c65,005ec50c,0,00474e60,local,,,,
wiz8--gog-base--wiz8--18a74ff61c65,005ec514,0,00474e10,local,,,,
wiz8--gog-base--wiz8--18a74ff61c65,005ec518,0,00474de0,local,,,,
wiz8--gog-base--wiz8--18a74ff61c65,005ec51c,0,00474e30,local,,,,
wiz8--gog-base--wiz8--18a74ff61c65,005ec520,0,00475600,local,,,,
wiz8--gog-base--wiz8--18a74ff61c65,005ec520,1,004752d0,local,,,,
wiz8--gog-base--wiz8--18a74ff61c65,005ec5d8,0,0047d660,import-thunk,SR.DLL!?sGetClassName@srPalette@@SAPBDXZ,public: static char const * __cdecl srPalette::sGetClassName(void),,
wiz8--gog-base--wiz8--18a74ff61c65,005ec5d8,1,0047d650,local,,,,
wiz8--gog-base--wiz8--18a74ff61c65,005ec5d8,2,0047d670,local,,,,
wiz8--gog-base--wiz8--18a74ff61c65,005ec5d8,3,005e2200,import-thunk,SR.DLL!?dump@srPalette@@UAEXAAV?$basic_ostream@DU?$char_traits@D@std@@@std@@@Z,"public: virtual void __thiscall srPalette::dump(class std::basic_ostream<char, struct std::char_traits<char>> &)",,
wiz8--gog-base--wiz8--18a74ff61c65,005ec5d8,4,005e20f8,import-thunk,SR.DLL!?verify@srClass@@UAEXW4e_verify@srRuntimeClass@@@Z,public: virtual void __thiscall srClass::verify(enum srRuntimeClass::e_verify),,
wiz8--gog-base--wiz8--18a74ff61c65,005ec5d8,5,0047c5c0,local,,,,
wiz8--gog-base--wiz8--18a74ff61c65,005ec5d8,6,005e21fa,import-thunk,SR.DLL!?vInstance@srPalette@@UAEPAVsrClass@@XZ,public: virtual class srClass * __thiscall srPalette::vInstance(void),,
wiz8--gog-base--wiz8--18a74ff61c65,005ec5d8,7,0047d6b0,local,,,,
wiz8--gog-base--wiz8--18a74ff61c65,005ec5f8,0,0047d6e0,local,,,,
wiz8--gog-base--wiz8--18a74ff61c65,005ec5f8,1,0047d6d0,local,,,,
wiz8--gog-base--wiz8--18a74ff61c65,005ec5f8,2,0047d6f0,local,,,,
wiz8--gog-base--wiz8--18a74ff61c65,005ec5f8,3,005aa400,local,,,,
wiz8--gog-base--wiz8--18a74ff61c65,005ec5f8,4,005e20f8,import-thunk,SR.DLL!?verify@srClass@@UAEXW4e_verify@srRuntimeClass@@@Z,public: virtual void __thiscall srClass::verify(enum srRuntimeClass::e_verify),,
wiz8--gog-base--wiz8--18a74ff61c65,005ec5f8,5,0047c800,local,,,,
wiz8--gog-base--wiz8--18a74ff61c65,005ec5f8,6,0047c7a0,local,,,,
wiz8--gog-base--wiz8--18a74ff61c65,005ec5f8,7,0047d790,local,,,,
wiz8--gog-base--wiz8--18a74ff61c65,005ec5f8,8,0047c5f0,local,,,,
wiz8--gog-base--wiz8--18a74ff61c65,005ec5f8,9,005e218e,import-thunk,SR.DLL!?getPriority@srTexture@@UAEMXZ,public: virtual float __thiscall srTexture::getPriority(void),,
wiz8--gog-base--wiz8--18a74ff61c65,005ec5f8,10,005e2188,import-thunk,SR.DLL!?getDimensions@srTexture@@UAEXAAUDimensions@srTextureIFace@@@Z,public: virtual void __thiscall srTexture::getDimensions(struct srTextureIFace::Dimensions &),,
wiz8--gog-base--wiz8--18a74ff61c65,005ec5f8,11,0047ca50,local,,,,
wiz8--gog-base--wiz8--18a74ff61c65,005ec5f8,12,005aa400,local,,,,
wiz8--gog-base--wiz8--18a74ff61c65,005ec5f8,13,005e2176,import-thunk,SR.DLL!?getTextureParms@srTexture@@UAEXAAUParameters@srTextureIFace@@@Z,public: virtual void __thiscall srTexture::getTextureParms(struct srTextureIFace::Parameters &),,
wiz8--gog-base--wiz8--18a74ff61c65,005ec5f8,14,005e2170,import-thunk,SR.DLL!?getTextureName@srTextureIFace@@UAEPBDXZ,public: virtual char const * __thiscall srTextureIFace::getTextureName(void),,
wiz8--gog-base--wiz8--18a74ff61c65,005ec5f8,15,0047c8b0,local,,,,
wiz8--gog-base--wiz8--18a74ff61c65,005ec5f8,16,0047c600,local,,,,
wiz8--gog-base--wiz8--18a74ff61c65,005ec63c,0,0047d6e0,local,,,,
wiz8--gog-base--wiz8--18a74ff61c65,005ec63c,1,0047d6d0,local,,,,
wiz8--gog-base--wiz8--18a74ff61c65,005ec63c,2,0047d6f0,local,,,,
wiz8--gog-base--wiz8--18a74ff61c65,005ec63c,3,005e2212,import-thunk,SR.DLL!?dump@srTexture@@UAEXAAV?$basic_ostream@DU?$char_traits@D@std@@@std@@@Z,"public: virtual void __thiscall srTexture::dump(class std::basic_ostream<char, struct std::char_traits<char>> &)",,
wiz8--gog-base--wiz8--18a74ff61c65,005ec63c,4,005e20f8,import-thunk,SR.DLL!?verify@srClass@@UAEXW4e_verify@srRuntimeClass@@@Z,public: virtual void __thiscall srClass::verify(enum srRuntimeClass::e_verify),,
wiz8--gog-base--wiz8--18a74ff61c65,005ec63c,5,0047d970,local,,,,
wiz8--gog-base--wiz8--18a74ff61c65,005ec63c,6,005e1d9a,pure-virtual,,,,
wiz8--gog-base--wiz8--18a74ff61c65,005ec63c,7,0047d790,local,,,,
wiz8--gog-base--wiz8--18a74ff61c65,005ec63c,8,005e220c,import-thunk,SR.DLL!?getTextureFrameHandle@srTexture@@UAEKXZ,public: virtual unsigned long __thiscall srTexture::getTextureFrameHandle(void),,
wiz8--gog-base--wiz8--18a74ff61c65,005ec63c,9,005e218e,import-thunk,SR.DLL!?getPriority@srTexture@@UAEMXZ,public: virtual float __thiscall srTexture::getPriority(void),,
wiz8--gog-base--wiz8--18a74ff61c65,005ec63c,10,005e2188,import-thunk,SR.DLL!?getDimensions@srTexture@@UAEXAAUDimensions@srTextureIFace@@@Z,public: virtual void __thiscall srTexture::getDimensions(struct srTextureIFace::Dimensions &),,
wiz8--gog-base--wiz8--18a74ff61c65,005ec63c,11,005e2206,import-thunk,SR.DLL!?getMipmapData@srTexture@@UAEXAAUMultiRequest@srTextureIFace@@@Z,public: virtual void __thiscall srTexture::getMipmapData(struct srTextureIFace::MultiRequest &),,
wiz8--gog-base--wiz8--18a74ff61c65,005ec63c,12,005e217c,import-thunk,SR.DLL!?getMipmapLevelPartial@srTexture@@UAEXAAUPartialRequest@srTextureIFace@@@Z,public: virtual void __thiscall srTexture::getMipmapLevelPartial(struct srTextureIFace::PartialRequest &),,
wiz8--gog-base--wiz8--18a74ff61c65,005ec63c,13,005e2176,import-thunk,SR.DLL!?getTextureParms@srTexture@@UAEXAAUParameters@srTextureIFace@@@Z,public: virtual void __thiscall srTexture::getTextureParms(struct srTextureIFace::Parameters &),,
wiz8--gog-base--wiz8--18a74ff61c65,005ec63c,14,005e2170,import-thunk,SR.DLL!?getTextureName@srTextureIFace@@UAEPBDXZ,public: virtual char const * __thiscall srTextureIFace::getTextureName(void),,
wiz8--gog-base--wiz8--18a74ff61c65,005ec63c,15,005e1d9a,pure-virtual,,,,
wiz8--gog-base--wiz8--18a74ff61c65,005ec63c,16,005e1d9a,pure-virtual,,,,
wiz8--gog-base--wiz8--18a74ff61c65,005ec680,0,0047cbb0,local,,,,
wiz8--gog-base--wiz8--18a74ff61c65,005ec680,1,0047cb30,local,,,,
wiz8--gog-base--wiz8--18a74ff61c65,005ec680,2,0047cba0,local,,,,
wiz8--gog-base--wiz8--18a74ff61c65,005ec68c,0,0047da10,local,,,,
wiz8--gog-base--wiz8--18a74ff61c65,005ec68c,1,005e2218,import-thunk,SR.DLL!?getSize@srBinStream@@UAEKXZ,public: virtual unsigned long __thiscall srBinStream::getSize(void),,
wiz8--gog-base--wiz8--18a74ff61c65,005ec68c,2,0047da50,local,,,,
wiz8--gog-base--wiz8--18a74ff61c65,005ec68c,3,0047da60,local,,,,
wiz8--gog-base--wiz8--18a74ff61c65,005ec68c,4,0047da70,local,,,,
wiz8--gog-base--wiz8--18a74ff61c65,005ec6a0,0,005e221e,import-thunk,SR.DLL!?vget@srBinIStream@@MAEGXZ,protected: virtual unsigned short __thiscall srBinIStream::vget(void),,
wiz8--gog-base--wiz8--18a74ff61c65,005ec6a0,1,0047d5c0,local,,,,
wiz8--gog-base--wiz8--18a74ff61c65,005ec6a8,0,fffffffc,base-displacement,,,,
wiz8--gog-base--wiz8--18a74ff61c65,005ec6a8,1,0000000c,base-displacement,,,,
wiz8--gog-base--wiz8--18a74ff61c65,005ec6c0,0,0047e7e0,local,,,,
wiz8--gog-base--wiz8--18a74ff61c65,005ec6c0,1,0047e7d0,local,,,,
wiz8--gog-base--wiz8--18a74ff61c65,005ec6c0,2,0047ebe0,local,,,,
wiz8--gog-base--wiz8--18a74ff61c65,005ec6c0,3,005e2212,import-thunk,SR.DLL!?dump@srTexture@@UAEXAAV?$basic_ostream@DU?$char_traits@D@std@@@std@@@Z,"public: virtual void __thiscall srTexture::dump(class std::basic_ostream<char, struct std::char_traits<char>> &)",,
wiz8--gog-base--wiz8--18a74ff61c65,005ec6c0,4,005e20f8,import-thunk,SR.DLL!?verify@srClass@@UAEXW4e_verify@srRuntimeClass@@@Z,public: virtual void __thiscall srClass::verify(enum srRuntimeClass::e_verify),,
wiz8--gog-base--wiz8--18a74ff61c65,005ec6c0,5,0047e5d0,local,,,,
wiz8--gog-base--wiz8--18a74ff61c65,005ec6c0,6,0047de60,local,,,,
wiz8--gog-base--wiz8--18a74ff61c65,005ec6c0,7,0047e7f0,local,,,,
wiz8--gog-base--wiz8--18a74ff61c65,005ec6c0,8,0047de50,local,,,,
wiz8--gog-base--wiz8--18a74ff61c65,005ec6c0,9,005e218e,import-thunk,SR.DLL!?getPriority@srTexture@@UAEMXZ,public: virtual float __thiscall srTexture::getPriority(void),,
wiz8--gog-base--wiz8--18a74ff61c65,005ec6c0,10,005e2188,import-thunk,SR.DLL!?getDimensions@srTexture@@UAEXAAUDimensions@srTextureIFace@@@Z,public: virtual void __thiscall srTexture::getDimensions(struct srTextureIFace::Dimensions &),,
wiz8--gog-base--wiz8--18a74ff61c65,005ec6c0,11,0047e710,local,,,,
wiz8--gog-base--wiz8--18a74ff61c65,005ec6c0,12,0047e740,local,,,,
wiz8--gog-base--wiz8--18a74ff61c65,005ec6c0,13,005e2176,import-thunk,SR.DLL!?getTextureParms@srTexture@@UAEXAAUParameters@srTextureIFace@@@Z,public: virtual void __thiscall srTexture::getTextureParms(struct srTextureIFace::Parameters &),,
wiz8--gog-base--wiz8--18a74ff61c65,005ec6c0,14,005e2170,import-thunk,SR.DLL!?getTextureName@srTextureIFace@@UAEPBDXZ,public: virtual char const * __thiscall srTextureIFace::getTextureName(void),,
wiz8--gog-base--wiz8--18a74ff61c65,005ec6c0,15,0047de40,local,,,,
wiz8--gog-base--wiz8--18a74ff61c65,005ec6c0,16,0047e790,local,,,,
wiz8--gog-base--wiz8--18a74ff61c65,005ec704,0,0047e7e0,local,,,,
wiz8--gog-base--wiz8--18a74ff61c65,005ec704,1,0047e7d0,local,,,,
wiz8--gog-base--wiz8--18a74ff61c65,005ec704,2,0047ebe0,local,,,,
wiz8--gog-base--wiz8--18a74ff61c65,005ec704,3,005e2212,import-thunk,SR.DLL!?dump@srTexture@@UAEXAAV?$basic_ostream@DU?$char_traits@D@std@@@std@@@Z,"public: virtual void __thiscall srTexture::dump(class std::basic_ostream<char, struct std::char_traits<char>> &)",,
wiz8--gog-base--wiz8--18a74ff61c65,005ec704,4,005e20f8,import-thunk,SR.DLL!?verify@srClass@@UAEXW4e_verify@srRuntimeClass@@@Z,public: virtual void __thiscall srClass::verify(enum srRuntimeClass::e_verify),,
wiz8--gog-base--wiz8--18a74ff61c65,005ec704,5,0047eb80,local,,,,
wiz8--gog-base--wiz8--18a74ff61c65,005ec704,6,005e1d9a,pure-virtual,,,,
wiz8--gog-base--wiz8--18a74ff61c65,005ec704,7,0047e7f0,local,,,,
wiz8--gog-base--wiz8--18a74ff61c65,005ec704,8,005e220c,import-thunk,SR.DLL!?getTextureFrameHandle@srTexture@@UAEKXZ,public: virtual unsigned long __thiscall srTexture::getTextureFrameHandle(void),,
wiz8--gog-base--wiz8--18a74ff61c65,005ec704,9,005e218e,import-thunk,SR.DLL!?getPriority@srTexture@@UAEMXZ,public: virtual float __thiscall srTexture::getPriority(void),,
wiz8--gog-base--wiz8--18a74ff61c65,005ec704,10,005e2188,import-thunk,SR.DLL!?getDimensions@srTexture@@UAEXAAUDimensions@srTextureIFace@@@Z,public: virtual void __thiscall srTexture::getDimensions(struct srTextureIFace::Dimensions &),,
wiz8--gog-base--wiz8--18a74ff61c65,005ec704,11,005e2206,import-thunk,SR.DLL!?getMipmapData@srTexture@@UAEXAAUMultiRequest@srTextureIFace@@@Z,public: virtual void __thiscall srTexture::getMipmapData(struct srTextureIFace::MultiRequest &),,
wiz8--gog-base--wiz8--18a74ff61c65,005ec704,12,005e217c,import-thunk,SR.DLL!?getMipmapLevelPartial@srTexture@@UAEXAAUPartialRequest@srTextureIFace@@@Z,public: virtual void __thiscall srTexture::getMipmapLevelPartial(struct srTextureIFace::PartialRequest &),,
wiz8--gog-base--wiz8--18a74ff61c65,005ec704,13,005e2176,import-thunk,SR.DLL!?getTextureParms@srTexture@@UAEXAAUParameters@srTextureIFace@@@Z,public: virtual void __thiscall srTexture::getTextureParms(struct srTextureIFace::Parameters &),,
wiz8--gog-base--wiz8--18a74ff61c65,005ec704,14,005e2170,import-thunk,SR.DLL!?getTextureName@srTextureIFace@@UAEPBDXZ,public: virtual char const * __thiscall srTextureIFace::getTextureName(void),,
wiz8--gog-base--wiz8--18a74ff61c65,005ec704,15,005e1d9a,pure-virtual,,,,
wiz8--gog-base--wiz8--18a74ff61c65,005ec704,16,005e1d9a,pure-virtual,,,,
wiz8--gog-base--wiz8--18a74ff61c65,005ec748,0,0047e940,local,,,,
wiz8--gog-base--wiz8--18a74ff61c65,005ec748,1,0047e930,local,,,,
wiz8--gog-base--wiz8--18a74ff61c65,005ec748,2,0047e950,local,,,,
wiz8--gog-base--wiz8--18a74ff61c65,005ec748,3,005e21f4,import-thunk,SR.DLL!?dump@srNode@@UAEXAAV?$basic_ostream@DU?$char_traits@D@std@@@std@@@Z,"public: virtual void __thiscall srNode::dump(class std::basic_ostream<char, struct std::char_traits<char>> &)",,
wiz8--gog-base--wiz8--18a74ff61c65,005ec748,4,005e20f8,import-thunk,SR.DLL!?verify@srClass@@UAEXW4e_verify@srRuntimeClass@@@Z,public: virtual void __thiscall srClass::verify(enum srRuntimeClass::e_verify),,
wiz8--gog-base--wiz8--18a74ff61c65,005ec748,5,0047dfc0,local,,,,
wiz8--gog-base--wiz8--18a74ff61c65,005ec748,6,005e21ee,import-thunk,SR.DLL!?vInstance@srNode@@UAEPAVsrClass@@XZ,public: virtual class srClass * __thiscall srNode::vInstance(void),,
wiz8--gog-base--wiz8--18a74ff61c65,005ec748,7,0047e9c0,local,,,,
wiz8--gog-base--wiz8--18a74ff61c65,005ec748,8,004d6540,local,,,,
wiz8--gog-base--wiz8--18a74ff61c65,005ec748,9,0047e0f0,local,,,,
wiz8--gog-base--wiz8--18a74ff61c65,005ec748,10,005e1fcc,import-thunk,SR.DLL!?getLocalBounds@srNode@@UAEXAAUBoundInfo@1@@Z,public: virtual void __thiscall srNode::getLocalBounds(struct srNode::BoundInfo &),,
wiz8--gog-base--wiz8--18a74ff61c65,005ec748,11,005e1fc6,import-thunk,SR.DLL!?updateBounds@srNode@@UAEXXZ,public: virtual void __thiscall srNode::updateBounds(void),,
wiz8--gog-base--wiz8--18a74ff61c65,005ec748,12,005e1fc0,import-thunk,SR.DLL!?processSignal@srNode@@MAEHKPAX@Z,"protected: virtual int __thiscall srNode::processSignal(unsigned long, void *)",,
wiz8--gog-base--wiz8--18a74ff61c65,005ec77c,0,0047e940,local,,,,
wiz8--gog-base--wiz8--18a74ff61c65,005ec77c,1,0047e930,local,,,,
wiz8--gog-base--wiz8--18a74ff61c65,005ec77c,2,0047e950,local,,,,
wiz8--gog-base--wiz8--18a74ff61c65,005ec77c,3,005e21f4,import-thunk,SR.DLL!?dump@srNode@@UAEXAAV?$basic_ostream@DU?$char_traits@D@std@@@std@@@Z,"public: virtual void __thiscall srNode::dump(class std::basic_ostream<char, struct std::char_traits<char>> &)",,
wiz8--gog-base--wiz8--18a74ff61c65,005ec77c,4,005e20f8,import-thunk,SR.DLL!?verify@srClass@@UAEXW4e_verify@srRuntimeClass@@@Z,public: virtual void __thiscall srClass::verify(enum srRuntimeClass::e_verify),,
wiz8--gog-base--wiz8--18a74ff61c65,005ec77c,5,0047ebb0,local,,,,
wiz8--gog-base--wiz8--18a74ff61c65,005ec77c,6,005e21ee,import-thunk,SR.DLL!?vInstance@srNode@@UAEPAVsrClass@@XZ,public: virtual class srClass * __thiscall srNode::vInstance(void),,
wiz8--gog-base--wiz8--18a74ff61c65,005ec77c,7,0047e9c0,local,,,,
wiz8--gog-base--wiz8--18a74ff61c65,005ec77c,8,005e1fd8,import-thunk,SR.DLL!?traverse@srNode@@UAEXAAVTraverseInfo@1@@Z,public: virtual void __thiscall srNode::traverse(class srNode::TraverseInfo &),,
wiz8--gog-base--wiz8--18a74ff61c65,005ec77c,9,005e21e8,import-thunk,SR.DLL!?process@srNode@@UAEXABUProcessInfo@1@W4e_processType@1@@Z,"public: virtual void __thiscall srNode::process(struct srNode::ProcessInfo const &, enum srNode::e_processType)",,
wiz8--gog-base--wiz8--18a74ff61c65,005ec77c,10,005e1fcc,import-thunk,SR.DLL!?getLocalBounds@srNode@@UAEXAAUBoundInfo@1@@Z,public: virtual void __thiscall srNode::getLocalBounds(struct srNode::BoundInfo &),,
wiz8--gog-base--wiz8--18a74ff61c65,005ec77c,11,005e1fc6,import-thunk,SR.DLL!?updateBounds@srNode@@UAEXXZ,public: virtual void __thiscall srNode::updateBounds(void),,
wiz8--gog-base--wiz8--18a74ff61c65,005ec77c,12,005e1fc0,import-thunk,SR.DLL!?processSignal@srNode@@MAEHKPAX@Z,"protected: virtual int __thiscall srNode::processSignal(unsigned long, void *)",,
wiz8--gog-base--wiz8--18a74ff61c65,005ec7c0,0,00481fc0,adjustor-thunk,,,312,0047edc0
wiz8--gog-base--wiz8--18a74ff61c65,005ec7c0,1,0047f0c0,local,,,,
wiz8--gog-base--wiz8--18a74ff61c65,005ec7c0,2,005e2242,import-thunk,SR.DLL!?updateClient@srModelInstance@@UAEXW4e_update@Client@srModel@@@Z,public: virtual void __thiscall srModelInstance::updateClient(enum srModel::Client::e_update),,
wiz8--gog-base--wiz8--18a74ff61c65,005ec7c0,3,005e223c,import-thunk,SR.DLL!?getModel@Client@srModel@@UBEPAV2@XZ,public: virtual class srModel * __thiscall srModel::Client::getModel(void) const,,
wiz8--gog-base--wiz8--18a74ff61c65,005ec7d0,0,00481870,local,,,,
wiz8--gog-base--wiz8--18a74ff61c65,005ec7d0,1,00481860,local,,,,
wiz8--gog-base--wiz8--18a74ff61c65,005ec7d0,2,00481880,local,,,,
wiz8--gog-base--wiz8--18a74ff61c65,005ec7d0,3,005e224e,import-thunk,SR.DLL!?dump@srModelInstance@@UAEXAAV?$basic_ostream@DU?$char_traits@D@std@@@std@@@Z,"public: virtual void __thiscall srModelInstance::dump(class std::basic_ostream<char, struct std::char_traits<char>> &)",,
wiz8--gog-base--wiz8--18a74ff61c65,005ec7d0,4,005e20f8,import-thunk,SR.DLL!?verify@srClass@@UAEXW4e_verify@srRuntimeClass@@@Z,public: virtual void __thiscall srClass::verify(enum srRuntimeClass::e_verify),,
wiz8--gog-base--wiz8--18a74ff61c65,005ec7d0,5,0047edc0,local,,,,
wiz8--gog-base--wiz8--18a74ff61c65,005ec7d0,6,00481dd0,local,,,,
wiz8--gog-base--wiz8--18a74ff61c65,005ec7d0,7,00481920,local,,,,
wiz8--gog-base--wiz8--18a74ff61c65,005ec7d0,8,004803f0,local,,,,
wiz8--gog-base--wiz8--18a74ff61c65,005ec7d0,9,0047f560,local,,,,
wiz8--gog-base--wiz8--18a74ff61c65,005ec7d0,10,005e2248,import-thunk,SR.DLL!?getLocalBounds@srModelInstance@@UAEXAAUBoundInfo@srNode@@@Z,public: virtual void __thiscall srModelInstance::getLocalBounds(struct srNode::BoundInfo &),,
wiz8--gog-base--wiz8--18a74ff61c65,005ec7d0,11,005e1fc6,import-thunk,SR.DLL!?updateBounds@srNode@@UAEXXZ,public: virtual void __thiscall srNode::updateBounds(void),,
wiz8--gog-base--wiz8--18a74ff61c65,005ec7d0,12,005e1fc0,import-thunk,SR.DLL!?processSignal@srNode@@MAEHKPAX@Z,"protected: virtual int __thiscall srNode::processSignal(unsigned long, void *)",,
wiz8--gog-base--wiz8--18a74ff61c65,005ec804,0,00481ff0,adjustor-thunk,,,312,00481c20
wiz8--gog-base--wiz8--18a74ff61c65,005ec804,1,005e2224,import-thunk,SR.DLL!?setModel@Client@srModel@@UAEXPAV2@@Z,public: virtual void __thiscall srModel::Client::setModel(class srModel *),,
wiz8--gog-base--wiz8--18a74ff61c65,005ec804,2,005e2242,import-thunk,SR.DLL!?updateClient@srModelInstance@@UAEXW4e_update@Client@srModel@@@Z,public: virtual void __thiscall srModelInstance::updateClient(enum srModel::Client::e_update),,
wiz8--gog-base--wiz8--18a74ff61c65,005ec804,3,005e223c,import-thunk,SR.DLL!?getModel@Client@srModel@@UBEPAV2@XZ,public: virtual class srModel * __thiscall srModel::Client::getModel(void) const,,
wiz8--gog-base--wiz8--18a74ff61c65,005ec814,0,00481870,local,,,,
wiz8--gog-base--wiz8--18a74ff61c65,005ec814,1,00481860,local,,,,
wiz8--gog-base--wiz8--18a74ff61c65,005ec814,2,00481880,local,,,,
wiz8--gog-base--wiz8--18a74ff61c65,005ec814,3,005e224e,import-thunk,SR.DLL!?dump@srModelInstance@@UAEXAAV?$basic_ostream@DU?$char_traits@D@std@@@std@@@Z,"public: virtual void __thiscall srModelInstance::dump(class std::basic_ostream<char, struct std::char_traits<char>> &)",,
wiz8--gog-base--wiz8--18a74ff61c65,005ec814,4,005e20f8,import-thunk,SR.DLL!?verify@srClass@@UAEXW4e_verify@srRuntimeClass@@@Z,public: virtual void __thiscall srClass::verify(enum srRuntimeClass::e_verify),,
wiz8--gog-base--wiz8--18a74ff61c65,005ec814,5,00481c20,local,,,,
wiz8--gog-base--wiz8--18a74ff61c65,005ec814,6,005e2236,import-thunk,SR.DLL!?vInstance@srModelInstance@@UAEPAVsrClass@@XZ,public: virtual class srClass * __thiscall srModelInstance::vInstance(void),,
wiz8--gog-base--wiz8--18a74ff61c65,005ec814,7,00481920,local,,,,
wiz8--gog-base--wiz8--18a74ff61c65,005ec814,8,005e2230,import-thunk,SR.DLL!?traverse@srModelInstance@@UAEXAAVTraverseInfo@srNode@@@Z,public: virtual void __thiscall srModelInstance::traverse(class srNode::TraverseInfo &),,
wiz8--gog-base--wiz8--18a74ff61c65,005ec814,9,005e222a,import-thunk,SR.DLL!?process@srModelInstance@@UAEXABUProcessInfo@srNode@@W4e_processType@3@@Z,"public: virtual void __thiscall srModelInstance::process(struct srNode::ProcessInfo const &, enum srNode::e_processType)",,
wiz8--gog-base--wiz8--18a74ff61c65,005ec814,10,005e2248,import-thunk,SR.DLL!?getLocalBounds@srModelInstance@@UAEXAAUBoundInfo@srNode@@@Z,public: virtual void __thiscall srModelInstance::getLocalBounds(struct srNode::BoundInfo &),,
wiz8--gog-base--wiz8--18a74ff61c65,005ec814,11,005e1fc6,import-thunk,SR.DLL!?updateBounds@srNode@@UAEXXZ,public: virtual void __thiscall srNode::updateBounds(void),,
wiz8--gog-base--wiz8--18a74ff61c65,005ec814,12,005e1fc0,import-thunk,SR.DLL!?processSignal@srNode@@MAEHKPAX@Z,"protected: virtual int __thiscall srNode::processSignal(unsigned long, void *)",,
wiz8--gog-base--wiz8--18a74ff61c65,005ec848,0,00481fd0,adjustor-thunk,,,312,0047f260
wiz8--gog-base--wiz8--18a74ff61c65,005ec848,1,005e2224,import-thunk,SR.DLL!?setModel@Client@srModel@@UAEXPAV2@@Z,public: virtual void __thiscall srModel::Client::setModel(class srModel *),,
wiz8--gog-base--wiz8--18a74ff61c65,005ec848,2,005e2242,import-thunk,SR.DLL!?updateClient@srModelInstance@@UAEXW4e_update@Client@srModel@@@Z,public: virtual void __thiscall srModelInstance::updateClient(enum srModel::Client::e_update),,
wiz8--gog-base--wiz8--18a74ff61c65,005ec848,3,005e223c,import-thunk,SR.DLL!?getModel@Client@srModel@@UBEPAV2@XZ,public: virtual class srModel * __thiscall srModel::Client::getModel(void) const,,
wiz8--gog-base--wiz8--18a74ff61c65,005ec858,0,00481a50,local,,,,
wiz8--gog-base--wiz8--18a74ff61c65,005ec858,1,00481a40,local,,,,
wiz8--gog-base--wiz8--18a74ff61c65,005ec858,2,00481a60,local,,,,
wiz8--gog-base--wiz8--18a74ff61c65,005ec858,3,005e224e,import-thunk,SR.DLL!?dump@srModelInstance@@UAEXAAV?$basic_ostream@DU?$char_traits@D@std@@@std@@@Z,"public: virtual void __thiscall srModelInstance::dump(class std::basic_ostream<char, struct std::char_traits<char>> &)",,
wiz8--gog-base--wiz8--18a74ff61c65,005ec858,4,005e20f8,import-thunk,SR.DLL!?verify@srClass@@UAEXW4e_verify@srRuntimeClass@@@Z,public: virtual void __thiscall srClass::verify(enum srRuntimeClass::e_verify),,
wiz8--gog-base--wiz8--18a74ff61c65,005ec858,5,0047f260,local,,,,
wiz8--gog-base--wiz8--18a74ff61c65,005ec858,6,00481e30,local,,,,
wiz8--gog-base--wiz8--18a74ff61c65,005ec858,7,00481b00,local,,,,
wiz8--gog-base--wiz8--18a74ff61c65,005ec858,8,005e2230,import-thunk,SR.DLL!?traverse@srModelInstance@@UAEXAAVTraverseInfo@srNode@@@Z,public: virtual void __thiscall srModelInstance::traverse(class srNode::TraverseInfo &),,
wiz8--gog-base--wiz8--18a74ff61c65,005ec858,9,00480920,local,,,,
wiz8--gog-base--wiz8--18a74ff61c65,005ec858,10,005e2248,import-thunk,SR.DLL!?getLocalBounds@srModelInstance@@UAEXAAUBoundInfo@srNode@@@Z,public: virtual void __thiscall srModelInstance::getLocalBounds(struct srNode::BoundInfo &),,
wiz8--gog-base--wiz8--18a74ff61c65,005ec858,11,005e1fc6,import-thunk,SR.DLL!?updateBounds@srNode@@UAEXXZ,public: virtual void __thiscall srNode::updateBounds(void),,
wiz8--gog-base--wiz8--18a74ff61c65,005ec858,12,005e1fc0,import-thunk,SR.DLL!?processSignal@srNode@@MAEHKPAX@Z,"protected: virtual int __thiscall srNode::processSignal(unsigned long, void *)",,
wiz8--gog-base--wiz8--18a74ff61c65,005ec88c,0,00481fe0,adjustor-thunk,,,312,00481c50
wiz8--gog-base--wiz8--18a74ff61c65,005ec88c,1,005e2224,import-thunk,SR.DLL!?setModel@Client@srModel@@UAEXPAV2@@Z,public: virtual void __thiscall srModel::Client::setModel(class srModel *),,
wiz8--gog-base--wiz8--18a74ff61c65,005ec88c,2,005e2242,import-thunk,SR.DLL!?updateClient@srModelInstance@@UAEXW4e_update@Client@srModel@@@Z,public: virtual void __thiscall srModelInstance::updateClient(enum srModel::Client::e_update),,
wiz8--gog-base--wiz8--18a74ff61c65,005ec88c,3,005e223c,import-thunk,SR.DLL!?getModel@Client@srModel@@UBEPAV2@XZ,public: virtual class srModel * __thiscall srModel::Client::getModel(void) const,,
wiz8--gog-base--wiz8--18a74ff61c65,005ec89c,0,00481a50,local,,,,
wiz8--gog-base--wiz8--18a74ff61c65,005ec89c,1,00481a40,local,,,,
wiz8--gog-base--wiz8--18a74ff61c65,005ec89c,2,00481a60,local,,,,
wiz8--gog-base--wiz8--18a74ff61c65,005ec89c,3,005e224e,import-thunk,SR.DLL!?dump@srModelInstance@@UAEXAAV?$basic_ostream@DU?$char_traits@D@std@@@std@@@Z,"public: virtual void __thiscall srModelInstance::dump(class std::basic_ostream<char, struct std::char_traits<char>> &)",,
wiz8--gog-base--wiz8--18a74ff61c65,005ec89c,4,005e20f8,import-thunk,SR.DLL!?verify@srClass@@UAEXW4e_verify@srRuntimeClass@@@Z,public: virtual void __thiscall srClass::verify(enum srRuntimeClass::e_verify),,
wiz8--gog-base--wiz8--18a74ff61c65,005ec89c,5,00481c50,local,,,,
wiz8--gog-base--wiz8--18a74ff61c65,005ec89c,6,005e2236,import-thunk,SR.DLL!?vInstance@srModelInstance@@UAEPAVsrClass@@XZ,public: virtual class srClass * __thiscall srModelInstance::vInstance(void),,
wiz8--gog-base--wiz8--18a74ff61c65,005ec89c,7,00481b00,local,,,,
wiz8--gog-base--wiz8--18a74ff61c65,005ec89c,8,005e2230,import-thunk,SR.DLL!?traverse@srModelInstance@@UAEXAAVTraverseInfo@srNode@@@Z,public: virtual void __thiscall srModelInstance::traverse(class srNode::TraverseInfo &),,
wiz8--gog-base--wiz8--18a74ff61c65,005ec89c,9,005e222a,import-thunk,SR.DLL!?process@srModelInstance@@UAEXABUProcessInfo@srNode@@W4e_processType@3@@Z,"public: virtual void __thiscall srModelInstance::process(struct srNode::ProcessInfo const &, enum srNode::e_processType)",,
wiz8--gog-base--wiz8--18a74ff61c65,005ec89c,10,005e2248,import-thunk,SR.DLL!?getLocalBounds@srModelInstance@@UAEXAAUBoundInfo@srNode@@@Z,public: virtual void __thiscall srModelInstance::getLocalBounds(struct srNode::BoundInfo &),,
wiz8--gog-base--wiz8--18a74ff61c65,005ec89c,11,005e1fc6,import-thunk,SR.DLL!?updateBounds@srNode@@UAEXXZ,public: virtual void __thiscall srNode::updateBounds(void),,
wiz8--gog-base--wiz8--18a74ff61c65,005ec89c,12,005e1fc0,import-thunk,SR.DLL!?processSignal@srNode@@MAEHKPAX@Z,"protected: virtual int __thiscall srNode::processSignal(unsigned long, void *)",,
wiz8--gog-base--wiz8--18a74ff61c65,005ec8f8,0,004b8a50,local,,,,
wiz8--gog-base--wiz8--18a74ff61c65,005ec8f8,1,00482040,local,,,,
wiz8--gog-base--wiz8--18a74ff61c65,005ec8f8,2,00482050,local,,,,
wiz8--gog-base--wiz8--18a74ff61c65,005ec940,0,00484a30,adjustor-thunk,,,312,00484840
wiz8--gog-base--wiz8--18a74ff61c65,005ec940,1,005e225a,import-thunk,SR.DLL!?isActive@srFog@@UAEHAAVsrVertexPipe@@@Z,public: virtual int __thiscall srFog::isActive(class srVertexPipe &),,
wiz8--gog-base--wiz8--18a74ff61c65,005ec940,2,005e2254,import-thunk,SR.DLL!?process@srFog@@UAEXAAVsrVertexPipe@@@Z,public: virtual void __thiscall srFog::process(class srVertexPipe &),,
wiz8--gog-base--wiz8--18a74ff61c65,005ec94c,0,00484710,local,,,,
wiz8--gog-base--wiz8--18a74ff61c65,005ec94c,1,00484700,local,,,,
wiz8--gog-base--wiz8--18a74ff61c65,005ec94c,2,00484720,local,,,,
wiz8--gog-base--wiz8--18a74ff61c65,005ec94c,3,005e2278,import-thunk,SR.DLL!?dump@srFog@@UAEXAAV?$basic_ostream@DU?$char_traits@D@std@@@std@@@Z,"public: virtual void __thiscall srFog::dump(class std::basic_ostream<char, struct std::char_traits<char>> &)",,
wiz8--gog-base--wiz8--18a74ff61c65,005ec94c,4,005e2272,import-thunk,SR.DLL!?verify@srFog@@UAEXW4e_verify@srRuntimeClass@@@Z,public: virtual void __thiscall srFog::verify(enum srRuntimeClass::e_verify),,
wiz8--gog-base--wiz8--18a74ff61c65,005ec94c,5,00484840,local,,,,
wiz8--gog-base--wiz8--18a74ff61c65,005ec94c,6,005e226c,import-thunk,SR.DLL!?vInstance@srFog@@UAEPAVsrClass@@XZ,public: virtual class srClass * __thiscall srFog::vInstance(void),,
wiz8--gog-base--wiz8--18a74ff61c65,005ec94c,7,004847c0,local,,,,
wiz8--gog-base--wiz8--18a74ff61c65,005ec94c,8,005e2266,import-thunk,SR.DLL!?traverse@srIlluminator@@UAEXAAVTraverseInfo@srNode@@@Z,public: virtual void __thiscall srIlluminator::traverse(class srNode::TraverseInfo &),,
wiz8--gog-base--wiz8--18a74ff61c65,005ec94c,9,005e2260,import-thunk,SR.DLL!?process@srIlluminator@@UAEXABUProcessInfo@srNode@@W4e_processType@3@@Z,"public: virtual void __thiscall srIlluminator::process(struct srNode::ProcessInfo const &, enum srNode::e_processType)",,
wiz8--gog-base--wiz8--18a74ff61c65,005ec94c,10,005e1fcc,import-thunk,SR.DLL!?getLocalBounds@srNode@@UAEXAAUBoundInfo@1@@Z,public: virtual void __thiscall srNode::getLocalBounds(struct srNode::BoundInfo &),,
wiz8--gog-base--wiz8--18a74ff61c65,005ec94c,11,005e1fc6,import-thunk,SR.DLL!?updateBounds@srNode@@UAEXXZ,public: virtual void __thiscall srNode::updateBounds(void),,
wiz8--gog-base--wiz8--18a74ff61c65,005ec94c,12,005e1fc0,import-thunk,SR.DLL!?processSignal@srNode@@MAEHKPAX@Z,"protected: virtual int __thiscall srNode::processSignal(unsigned long, void *)",,
wiz8--gog-base--wiz8--18a74ff61c65,005ec9b8,0,00485ab0,local,,,,
wiz8--gog-base--wiz8--18a74ff61c65,005ec9bc,0,00485a80,local,,,,
wiz8--gog-base--wiz8--18a74ff61c65,005ec9c0,0,00485800,local,,,,
wiz8--gog-base--wiz8--18a74ff61c65,005ec9c0,1,004857f0,local,,,,
wiz8--gog-base--wiz8--18a74ff61c65,005ec9c0,2,00485810,local,,,,
wiz8--gog-base--wiz8--18a74ff61c65,005ec9c0,3,005e2212,import-thunk,SR.DLL!?dump@srTexture@@UAEXAAV?$basic_ostream@DU?$char_traits@D@std@@@std@@@Z,"public: virtual void __thiscall srTexture::dump(class std::basic_ostream<char, struct std::char_traits<char>> &)",,
wiz8--gog-base--wiz8--18a74ff61c65,005ec9c0,4,005e20f8,import-thunk,SR.DLL!?verify@srClass@@UAEXW4e_verify@srRuntimeClass@@@Z,public: virtual void __thiscall srClass::verify(enum srRuntimeClass::e_verify),,
wiz8--gog-base--wiz8--18a74ff61c65,005ec9c0,5,00485040,local,,,,
wiz8--gog-base--wiz8--18a74ff61c65,005ec9c0,6,00484e60,local,,,,
wiz8--gog-base--wiz8--18a74ff61c65,005ec9c0,7,004858b0,local,,,,
wiz8--gog-base--wiz8--18a74ff61c65,005ec9c0,8,004856f0,local,,,,
wiz8--gog-base--wiz8--18a74ff61c65,005ec9c0,9,00484d60,local,,,,
wiz8--gog-base--wiz8--18a74ff61c65,005ec9c0,10,00484d80,local,,,,
wiz8--gog-base--wiz8--18a74ff61c65,005ec9c0,11,00484db0,local,,,,
wiz8--gog-base--wiz8--18a74ff61c65,005ec9c0,12,00484de0,local,,,,
wiz8--gog-base--wiz8--18a74ff61c65,005ec9c0,13,00484e10,local,,,,
wiz8--gog-base--wiz8--18a74ff61c65,005ec9c0,14,00484e40,local,,,,
wiz8--gog-base--wiz8--18a74ff61c65,005ec9c0,15,004023a0,local,,,,
wiz8--gog-base--wiz8--18a74ff61c65,005ec9c0,16,00485760,local,,,,
wiz8--gog-base--wiz8--18a74ff61c65,005eca04,0,00485800,local,,,,
wiz8--gog-base--wiz8--18a74ff61c65,005eca04,1,004857f0,local,,,,
wiz8--gog-base--wiz8--18a74ff61c65,005eca04,2,00485810,local,,,,
wiz8--gog-base--wiz8--18a74ff61c65,005eca04,3,005e2212,import-thunk,SR.DLL!?dump@srTexture@@UAEXAAV?$basic_ostream@DU?$char_traits@D@std@@@std@@@Z,"public: virtual void __thiscall srTexture::dump(class std::basic_ostream<char, struct std::char_traits<char>> &)",,
wiz8--gog-base--wiz8--18a74ff61c65,005eca04,4,005e20f8,import-thunk,SR.DLL!?verify@srClass@@UAEXW4e_verify@srRuntimeClass@@@Z,public: virtual void __thiscall srClass::verify(enum srRuntimeClass::e_verify),,
wiz8--gog-base--wiz8--18a74ff61c65,005eca04,5,00485a10,local,,,,
wiz8--gog-base--wiz8--18a74ff61c65,005eca04,6,005e1d9a,pure-virtual,,,,
wiz8--gog-base--wiz8--18a74ff61c65,005eca04,7,004858b0,local,,,,
wiz8--gog-base--wiz8--18a74ff61c65,005eca04,8,005e220c,import-thunk,SR.DLL!?getTextureFrameHandle@srTexture@@UAEKXZ,public: virtual unsigned long __thiscall srTexture::getTextureFrameHandle(void),,
wiz8--gog-base--wiz8--18a74ff61c65,005eca04,9,005e218e,import-thunk,SR.DLL!?getPriority@srTexture@@UAEMXZ,public: virtual float __thiscall srTexture::getPriority(void),,
wiz8--gog-base--wiz8--18a74ff61c65,005eca04,10,005e2188,import-thunk,SR.DLL!?getDimensions@srTexture@@UAEXAAUDimensions@srTextureIFace@@@Z,public: virtual void __thiscall srTexture::getDimensions(struct srTextureIFace::Dimensions &),,
wiz8--gog-base--wiz8--18a74ff61c65,005eca04,11,005e2206,import-thunk,SR.DLL!?getMipmapData@srTexture@@UAEXAAUMultiRequest@srTextureIFace@@@Z,public: virtual void __thiscall srTexture::getMipmapData(struct srTextureIFace::MultiRequest &),,
wiz8--gog-base--wiz8--18a74ff61c65,005eca04,12,005e217c,import-thunk,SR.DLL!?getMipmapLevelPartial@srTexture@@UAEXAAUPartialRequest@srTextureIFace@@@Z,public: virtual void __thiscall srTexture::getMipmapLevelPartial(struct srTextureIFace::PartialRequest &),,
wiz8--gog-base--wiz8--18a74ff61c65,005eca04,13,005e2176,import-thunk,SR.DLL!?getTextureParms@srTexture@@UAEXAAUParameters@srTextureIFace@@@Z,public: virtual void __thiscall srTexture::getTextureParms(struct srTextureIFace::Parameters &),,
wiz8--gog-base--wiz8--18a74ff61c65,005eca04,14,005e2170,import-thunk,SR.DLL!?getTextureName@srTextureIFace@@UAEPBDXZ,public: virtual char const * __thiscall srTextureIFace::getTextureName(void),,
wiz8--gog-base--wiz8--18a74ff61c65,005eca04,15,005e1d9a,pure-virtual,,,,
wiz8--gog-base--wiz8--18a74ff61c65,005eca04,16,005e1d9a,pure-virtual,,,,
wiz8--gog-base--wiz8--18a74ff61c65,005eca58,0,0048a160,local,,,,
wiz8--gog-base--wiz8--18a74ff61c65,005eca5c,0,0048a140,local,,,,
wiz8--gog-base--wiz8--18a74ff61c65,005eca60,0,0048a110,local,,,,
wiz8--gog-base--wiz8--18a74ff61c65,005eca78,0,0048cea0,local,,,,
wiz8--gog-base--wiz8--18a74ff61c65,005eca98,0,0048cf00,local,,,,
wiz8--gog-base--wiz8--18a74ff61c65,005eca9c,0,0048ced0,local,,,,
wiz8--gog-base--wiz8--18a74ff61c65,005ecaa0,0,0048cf50,local,,,,
wiz8--gog-base--wiz8--18a74ff61c65,005ecaa4,0,0048cf20,local,,,,
wiz8--gog-base--wiz8--18a74ff61c65,005ecab8,0,0048f260,local,,,,
wiz8--gog-base--wiz8--18a74ff61c65,005ecad0,0,0048f240,local,,,,
wiz8--gog-base--wiz8--18a74ff61c65,005ecad4,0,0048f210,local,,,,
wiz8--gog-base--wiz8--18a74ff61c65,005ecb38,0,00492950,local,,,,
wiz8--gog-base--wiz8--18a74ff61c65,005ecb38,1,00492940,local,,,,
wiz8--gog-base--wiz8--18a74ff61c65,005ecb38,2,00492960,local,,,,
wiz8--gog-base--wiz8--18a74ff61c65,005ecb38,3,005e1fa2,import-thunk,SR.DLL!?dump@srMaterial@@UAEXAAV?$basic_ostream@DU?$char_traits@D@std@@@std@@@Z,"public: virtual void __thiscall srMaterial::dump(class std::basic_ostream<char, struct std::char_traits<char>> &)",,
wiz8--gog-base--wiz8--18a74ff61c65,005ecb38,4,005e1f9c,import-thunk,SR.DLL!?verify@srMaterial@@UAEXW4e_verify@srRuntimeClass@@@Z,public: virtual void __thiscall srMaterial::verify(enum srRuntimeClass::e_verify),,
wiz8--gog-base--wiz8--18a74ff61c65,005ecb38,5,004926f0,local,,,,
wiz8--gog-base--wiz8--18a74ff61c65,005ecb38,6,00492d00,local,,,,
wiz8--gog-base--wiz8--18a74ff61c65,005ecb38,7,00492a00,local,,,,
wiz8--gog-base--wiz8--18a74ff61c65,005ecb38,8,004928f0,local,,,,
wiz8--gog-base--wiz8--18a74ff61c65,005ecb38,9,005e1f8a,import-thunk,SR.DLL!?preProcess@srMaterial@@UAEXAAVsrVertexPipe@@@Z,public: virtual void __thiscall srMaterial::preProcess(class srVertexPipe &),,
wiz8--gog-base--wiz8--18a74ff61c65,005ecb38,10,005e1f84,import-thunk,SR.DLL!?postProcess@srMaterial@@UAEXAAVsrVertexPipe@@@Z,public: virtual void __thiscall srMaterial::postProcess(class srVertexPipe &),,
wiz8--gog-base--wiz8--18a74ff61c65,005ecb38,11,005e1f7e,import-thunk,SR.DLL!?updateParms@srMaterial@@MAEXXZ,protected: virtual void __thiscall srMaterial::updateParms(void),,
wiz8--gog-base--wiz8--18a74ff61c65,005ecb38,12,005e1f78,import-thunk,SR.DLL!?reset@srMaterial@@MAEXXZ,protected: virtual void __thiscall srMaterial::reset(void),,
wiz8--gog-base--wiz8--18a74ff61c65,005ecb6c,0,00492950,local,,,,
wiz8--gog-base--wiz8--18a74ff61c65,005ecb6c,1,00492940,local,,,,
wiz8--gog-base--wiz8--18a74ff61c65,005ecb6c,2,00492960,local,,,,
wiz8--gog-base--wiz8--18a74ff61c65,005ecb6c,3,005e1fa2,import-thunk,SR.DLL!?dump@srMaterial@@UAEXAAV?$basic_ostream@DU?$char_traits@D@std@@@std@@@Z,"public: virtual void __thiscall srMaterial::dump(class std::basic_ostream<char, struct std::char_traits<char>> &)",,
wiz8--gog-base--wiz8--18a74ff61c65,005ecb6c,4,005e1f9c,import-thunk,SR.DLL!?verify@srMaterial@@UAEXW4e_verify@srRuntimeClass@@@Z,public: virtual void __thiscall srMaterial::verify(enum srRuntimeClass::e_verify),,
wiz8--gog-base--wiz8--18a74ff61c65,005ecb6c,5,00492c40,local,,,,
wiz8--gog-base--wiz8--18a74ff61c65,005ecb6c,6,005e1f96,import-thunk,SR.DLL!?vInstance@srMaterial@@UAEPAVsrClass@@XZ,public: virtual class srClass * __thiscall srMaterial::vInstance(void),,
wiz8--gog-base--wiz8--18a74ff61c65,005ecb6c,7,00492a00,local,,,,
wiz8--gog-base--wiz8--18a74ff61c65,005ecb6c,8,005e1f90,import-thunk,SR.DLL!?getMaterialInfo@srMaterial@@UAEXAAUMaterialInfo@srVertexProcessor@@@Z,public: virtual void __thiscall srMaterial::getMaterialInfo(struct srVertexProcessor::MaterialInfo &),,
wiz8--gog-base--wiz8--18a74ff61c65,005ecb6c,9,005e1f8a,import-thunk,SR.DLL!?preProcess@srMaterial@@UAEXAAVsrVertexPipe@@@Z,public: virtual void __thiscall srMaterial::preProcess(class srVertexPipe &),,
wiz8--gog-base--wiz8--18a74ff61c65,005ecb6c,10,005e1f84,import-thunk,SR.DLL!?postProcess@srMaterial@@UAEXAAVsrVertexPipe@@@Z,public: virtual void __thiscall srMaterial::postProcess(class srVertexPipe &),,
wiz8--gog-base--wiz8--18a74ff61c65,005ecb6c,11,005e1f7e,import-thunk,SR.DLL!?updateParms@srMaterial@@MAEXXZ,protected: virtual void __thiscall srMaterial::updateParms(void),,
wiz8--gog-base--wiz8--18a74ff61c65,005ecb6c,12,005e1f78,import-thunk,SR.DLL!?reset@srMaterial@@MAEXXZ,protected: virtual void __thiscall srMaterial::reset(void),,
wiz8--gog-base--wiz8--18a74ff61c65,005ecbd0,0,0049b550,local,,,,
wiz8--gog-base--wiz8--18a74ff61c65,005ecbd0,1,0049b540,local,,,,
wiz8--gog-base--wiz8--18a74ff61c65,005ecbd0,2,0049b560,local,,,,
wiz8--gog-base--wiz8--18a74ff61c65,005ecbd0,3,005e21f4,import-thunk,SR.DLL!?dump@srNode@@UAEXAAV?$basic_ostream@DU?$char_traits@D@std@@@std@@@Z,"public: virtual void __thiscall srNode::dump(class std::basic_ostream<char, struct std::char_traits<char>> &)",,
wiz8--gog-base--wiz8--18a74ff61c65,005ecbd0,4,005e20f8,import-thunk,SR.DLL!?verify@srClass@@UAEXW4e_verify@srRuntimeClass@@@Z,public: virtual void __thiscall srClass::verify(enum srRuntimeClass::e_verify),,
wiz8--gog-base--wiz8--18a74ff61c65,005ecbd0,5,00498150,local,,,,
wiz8--gog-base--wiz8--18a74ff61c65,005ecbd0,6,004980e0,local,,,,
wiz8--gog-base--wiz8--18a74ff61c65,005ecbd0,7,0049b5d0,local,,,,
wiz8--gog-base--wiz8--18a74ff61c65,005ecbd0,8,00498c40,local,,,,
wiz8--gog-base--wiz8--18a74ff61c65,005ecbd0,9,00498d60,local,,,,
wiz8--gog-base--wiz8--18a74ff61c65,005ecbd0,10,005e1fcc,import-thunk,SR.DLL!?getLocalBounds@srNode@@UAEXAAUBoundInfo@1@@Z,public: virtual void __thiscall srNode::getLocalBounds(struct srNode::BoundInfo &),,
wiz8--gog-base--wiz8--18a74ff61c65,005ecbd0,11,005e1fc6,import-thunk,SR.DLL!?updateBounds@srNode@@UAEXXZ,public: virtual void __thiscall srNode::updateBounds(void),,
wiz8--gog-base--wiz8--18a74ff61c65,005ecbd0,12,005e1fc0,import-thunk,SR.DLL!?processSignal@srNode@@MAEHKPAX@Z,"protected: virtual int __thiscall srNode::processSignal(unsigned long, void *)",,
wiz8--gog-base--wiz8--18a74ff61c65,005ecc04,0,0049b550,local,,,,
wiz8--gog-base--wiz8--18a74ff61c65,005ecc04,1,0049b540,local,,,,
wiz8--gog-base--wiz8--18a74ff61c65,005ecc04,2,0049b560,local,,,,
wiz8--gog-base--wiz8--18a74ff61c65,005ecc04,3,005e21f4,import-thunk,SR.DLL!?dump@srNode@@UAEXAAV?$basic_ostream@DU?$char_traits@D@std@@@std@@@Z,"public: virtual void __thiscall srNode::dump(class std::basic_ostream<char, struct std::char_traits<char>> &)",,
wiz8--gog-base--wiz8--18a74ff61c65,005ecc04,4,005e20f8,import-thunk,SR.DLL!?verify@srClass@@UAEXW4e_verify@srRuntimeClass@@@Z,public: virtual void __thiscall srClass::verify(enum srRuntimeClass::e_verify),,
wiz8--gog-base--wiz8--18a74ff61c65,005ecc04,5,0049ba50,local,,,,
wiz8--gog-base--wiz8--18a74ff61c65,005ecc04,6,005e21ee,import-thunk,SR.DLL!?vInstance@srNode@@UAEPAVsrClass@@XZ,public: virtual class srClass * __thiscall srNode::vInstance(void),,
wiz8--gog-base--wiz8--18a74ff61c65,005ecc04,7,0049b5d0,local,,,,
wiz8--gog-base--wiz8--18a74ff61c65,005ecc04,8,005e1fd8,import-thunk,SR.DLL!?traverse@srNode@@UAEXAAVTraverseInfo@1@@Z,public: virtual void __thiscall srNode::traverse(class srNode::TraverseInfo &),,
wiz8--gog-base--wiz8--18a74ff61c65,005ecc04,9,005e21e8,import-thunk,SR.DLL!?process@srNode@@UAEXABUProcessInfo@1@W4e_processType@1@@Z,"public: virtual void __thiscall srNode::process(struct srNode::ProcessInfo const &, enum srNode::e_processType)",,
wiz8--gog-base--wiz8--18a74ff61c65,005ecc04,10,005e1fcc,import-thunk,SR.DLL!?getLocalBounds@srNode@@UAEXAAUBoundInfo@1@@Z,public: virtual void __thiscall srNode::getLocalBounds(struct srNode::BoundInfo &),,
wiz8--gog-base--wiz8--18a74ff61c65,005ecc04,11,005e1fc6,import-thunk,SR.DLL!?updateBounds@srNode@@UAEXXZ,public: virtual void __thiscall srNode::updateBounds(void),,
wiz8--gog-base--wiz8--18a74ff61c65,005ecc04,12,005e1fc0,import-thunk,SR.DLL!?processSignal@srNode@@MAEHKPAX@Z,"protected: virtual int __thiscall srNode::processSignal(unsigned long, void *)",,
wiz8--gog-base--wiz8--18a74ff61c65,005ecc58,0,0049e450,adjustor-thunk,,,312,0049e400
wiz8--gog-base--wiz8--18a74ff61c65,005ecc58,1,005e2290,import-thunk,SR.DLL!?isActive@srLight@@UAEHAAVsrVertexPipe@@@Z,public: virtual int __thiscall srLight::isActive(class srVertexPipe &),,
wiz8--gog-base--wiz8--18a74ff61c65,005ecc58,2,005e228a,import-thunk,SR.DLL!?process@srLight@@UAEXAAVsrVertexPipe@@@Z,public: virtual void __thiscall srLight::process(class srVertexPipe &),,
wiz8--gog-base--wiz8--18a74ff61c65,005ecc64,0,0049dc70,local,,,,
wiz8--gog-base--wiz8--18a74ff61c65,005ecc64,1,0049dc60,local,,,,
wiz8--gog-base--wiz8--18a74ff61c65,005ecc64,2,0049dc80,local,,,,
wiz8--gog-base--wiz8--18a74ff61c65,005ecc64,3,005e2296,import-thunk,SR.DLL!?dump@srLight@@UAEXAAV?$basic_ostream@DU?$char_traits@D@std@@@std@@@Z,"public: virtual void __thiscall srLight::dump(class std::basic_ostream<char, struct std::char_traits<char>> &)",,
wiz8--gog-base--wiz8--18a74ff61c65,005ecc64,4,005e20f8,import-thunk,SR.DLL!?verify@srClass@@UAEXW4e_verify@srRuntimeClass@@@Z,public: virtual void __thiscall srClass::verify(enum srRuntimeClass::e_verify),,
wiz8--gog-base--wiz8--18a74ff61c65,005ecc64,5,0049e400,local,,,,
wiz8--gog-base--wiz8--18a74ff61c65,005ecc64,6,0049e3a0,local,,,,
wiz8--gog-base--wiz8--18a74ff61c65,005ecc64,7,0049dd60,local,,,,
wiz8--gog-base--wiz8--18a74ff61c65,005ecc64,8,0049c7a0,local,,,,
wiz8--gog-base--wiz8--18a74ff61c65,005ecc64,9,0049c8d0,local,,,,
wiz8--gog-base--wiz8--18a74ff61c65,005ecc64,10,005e1fcc,import-thunk,SR.DLL!?getLocalBounds@srNode@@UAEXAAUBoundInfo@1@@Z,public: virtual void __thiscall srNode::getLocalBounds(struct srNode::BoundInfo &),,
wiz8--gog-base--wiz8--18a74ff61c65,005ecc64,11,005e1fc6,import-thunk,SR.DLL!?updateBounds@srNode@@UAEXXZ,public: virtual void __thiscall srNode::updateBounds(void),,
wiz8--gog-base--wiz8--18a74ff61c65,005ecc64,12,005e1fc0,import-thunk,SR.DLL!?processSignal@srNode@@MAEHKPAX@Z,"protected: virtual int __thiscall srNode::processSignal(unsigned long, void *)",,
wiz8--gog-base--wiz8--18a74ff61c65,005ecc98,0,0049e430,adjustor-thunk,,,312,0049e260
wiz8--gog-base--wiz8--18a74ff61c65,005ecc98,1,005e2290,import-thunk,SR.DLL!?isActive@srLight@@UAEHAAVsrVertexPipe@@@Z,public: virtual int __thiscall srLight::isActive(class srVertexPipe &),,
wiz8--gog-base--wiz8--18a74ff61c65,005ecc98,2,005e228a,import-thunk,SR.DLL!?process@srLight@@UAEXAAVsrVertexPipe@@@Z,public: virtual void __thiscall srLight::process(class srVertexPipe &),,
wiz8--gog-base--wiz8--18a74ff61c65,005ecca4,0,0049dc70,local,,,,
wiz8--gog-base--wiz8--18a74ff61c65,005ecca4,1,0049dc60,local,,,,
wiz8--gog-base--wiz8--18a74ff61c65,005ecca4,2,0049dc80,local,,,,
wiz8--gog-base--wiz8--18a74ff61c65,005ecca4,3,005e2296,import-thunk,SR.DLL!?dump@srLight@@UAEXAAV?$basic_ostream@DU?$char_traits@D@std@@@std@@@Z,"public: virtual void __thiscall srLight::dump(class std::basic_ostream<char, struct std::char_traits<char>> &)",,
wiz8--gog-base--wiz8--18a74ff61c65,005ecca4,4,005e20f8,import-thunk,SR.DLL!?verify@srClass@@UAEXW4e_verify@srRuntimeClass@@@Z,public: virtual void __thiscall srClass::verify(enum srRuntimeClass::e_verify),,
wiz8--gog-base--wiz8--18a74ff61c65,005ecca4,5,0049e260,local,,,,
wiz8--gog-base--wiz8--18a74ff61c65,005ecca4,6,005e21ee,import-thunk,SR.DLL!?vInstance@srNode@@UAEPAVsrClass@@XZ,public: virtual class srClass * __thiscall srNode::vInstance(void),,
wiz8--gog-base--wiz8--18a74ff61c65,005ecca4,7,0049dd60,local,,,,
wiz8--gog-base--wiz8--18a74ff61c65,005ecca4,8,005e2284,import-thunk,SR.DLL!?traverse@srLight@@UAEXAAVTraverseInfo@srNode@@@Z,public: virtual void __thiscall srLight::traverse(class srNode::TraverseInfo &),,
wiz8--gog-base--wiz8--18a74ff61c65,005ecca4,9,005e227e,import-thunk,SR.DLL!?process@srLight@@UAEXABUProcessInfo@srNode@@W4e_processType@3@@Z,"public: virtual void __thiscall srLight::process(struct srNode::ProcessInfo const &, enum srNode::e_processType)",,
wiz8--gog-base--wiz8--18a74ff61c65,005ecca4,10,005e1fcc,import-thunk,SR.DLL!?getLocalBounds@srNode@@UAEXAAUBoundInfo@1@@Z,public: virtual void __thiscall srNode::getLocalBounds(struct srNode::BoundInfo &),,
wiz8--gog-base--wiz8--18a74ff61c65,005ecca4,11,005e1fc6,import-thunk,SR.DLL!?updateBounds@srNode@@UAEXXZ,public: virtual void __thiscall srNode::updateBounds(void),,
wiz8--gog-base--wiz8--18a74ff61c65,005ecca4,12,005e1fc0,import-thunk,SR.DLL!?processSignal@srNode@@MAEHKPAX@Z,"protected: virtual int __thiscall srNode::processSignal(unsigned long, void *)",,
wiz8--gog-base--wiz8--18a74ff61c65,005eccd8,0,0049db20,import-thunk,SR.DLL!?sGetClassName@srIlluminator@@SAPBDXZ,public: static char const * __cdecl srIlluminator::sGetClassName(void),,
wiz8--gog-base--wiz8--18a74ff61c65,005eccd8,1,0049db10,local,,,,
wiz8--gog-base--wiz8--18a74ff61c65,005eccd8,2,0049db30,local,,,,
wiz8--gog-base--wiz8--18a74ff61c65,005eccd8,3,005e21f4,import-thunk,SR.DLL!?dump@srNode@@UAEXAAV?$basic_ostream@DU?$char_traits@D@std@@@std@@@Z,"public: virtual void __thiscall srNode::dump(class std::basic_ostream<char, struct std::char_traits<char>> &)",,
wiz8--gog-base--wiz8--18a74ff61c65,005eccd8,4,005e20f8,import-thunk,SR.DLL!?verify@srClass@@UAEXW4e_verify@srRuntimeClass@@@Z,public: virtual void __thiscall srClass::verify(enum srRuntimeClass::e_verify),,
wiz8--gog-base--wiz8--18a74ff61c65,005eccd8,5,0049dfb0,local,,,,
wiz8--gog-base--wiz8--18a74ff61c65,005eccd8,6,005e21ee,import-thunk,SR.DLL!?vInstance@srNode@@UAEPAVsrClass@@XZ,public: virtual class srClass * __thiscall srNode::vInstance(void),,
wiz8--gog-base--wiz8--18a74ff61c65,005eccd8,7,0049dba0,local,,,,
wiz8--gog-base--wiz8--18a74ff61c65,005eccd8,8,005e1fd8,import-thunk,SR.DLL!?traverse@srNode@@UAEXAAVTraverseInfo@1@@Z,public: virtual void __thiscall srNode::traverse(class srNode::TraverseInfo &),,
wiz8--gog-base--wiz8--18a74ff61c65,005eccd8,9,005e21e8,import-thunk,SR.DLL!?process@srNode@@UAEXABUProcessInfo@1@W4e_processType@1@@Z,"public: virtual void __thiscall srNode::process(struct srNode::ProcessInfo const &, enum srNode::e_processType)",,
wiz8--gog-base--wiz8--18a74ff61c65,005eccd8,10,005e1fcc,import-thunk,SR.DLL!?getLocalBounds@srNode@@UAEXAAUBoundInfo@1@@Z,public: virtual void __thiscall srNode::getLocalBounds(struct srNode::BoundInfo &),,
wiz8--gog-base--wiz8--18a74ff61c65,005eccd8,11,005e1fc6,import-thunk,SR.DLL!?updateBounds@srNode@@UAEXXZ,public: virtual void __thiscall srNode::updateBounds(void),,
wiz8--gog-base--wiz8--18a74ff61c65,005eccd8,12,005e1fc0,import-thunk,SR.DLL!?processSignal@srNode@@MAEHKPAX@Z,"protected: virtual int __thiscall srNode::processSignal(unsigned long, void *)",,
wiz8--gog-base--wiz8--18a74ff61c65,005ecd0c,0,0049e440,adjustor-thunk,,,312,0049e0a0
wiz8--gog-base--wiz8--18a74ff61c65,005ecd0c,1,004d6190,local,,,,
wiz8--gog-base--wiz8--18a74ff61c65,005ecd0c,2,005b1be0,local,,,,
wiz8--gog-base--wiz8--18a74ff61c65,005ecd18,0,0049dc30,local,,,,
wiz8--gog-base--wiz8--18a74ff61c65,005ecd18,1,0049dc20,local,,,,
wiz8--gog-base--wiz8--18a74ff61c65,005ecd18,2,0049e300,local,,,,
wiz8--gog-base--wiz8--18a74ff61c65,005ecd18,3,005e21f4,import-thunk,SR.DLL!?dump@srNode@@UAEXAAV?$basic_ostream@DU?$char_traits@D@std@@@std@@@Z,"public: virtual void __thiscall srNode::dump(class std::basic_ostream<char, struct std::char_traits<char>> &)",,
wiz8--gog-base--wiz8--18a74ff61c65,005ecd18,4,005e20f8,import-thunk,SR.DLL!?verify@srClass@@UAEXW4e_verify@srRuntimeClass@@@Z,public: virtual void __thiscall srClass::verify(enum srRuntimeClass::e_verify),,
wiz8--gog-base--wiz8--18a74ff61c65,005ecd18,5,0049e0a0,local,,,,
wiz8--gog-base--wiz8--18a74ff61c65,005ecd18,6,005e21ee,import-thunk,SR.DLL!?vInstance@srNode@@UAEPAVsrClass@@XZ,public: virtual class srClass * __thiscall srNode::vInstance(void),,
wiz8--gog-base--wiz8--18a74ff61c65,005ecd18,7,0049dc40,local,,,,
wiz8--gog-base--wiz8--18a74ff61c65,005ecd18,8,005e2266,import-thunk,SR.DLL!?traverse@srIlluminator@@UAEXAAVTraverseInfo@srNode@@@Z,public: virtual void __thiscall srIlluminator::traverse(class srNode::TraverseInfo &),,
wiz8--gog-base--wiz8--18a74ff61c65,005ecd18,9,005e2260,import-thunk,SR.DLL!?process@srIlluminator@@UAEXABUProcessInfo@srNode@@W4e_processType@3@@Z,"public: virtual void __thiscall srIlluminator::process(struct srNode::ProcessInfo const &, enum srNode::e_processType)",,
wiz8--gog-base--wiz8--18a74ff61c65,005ecd18,10,005e1fcc,import-thunk,SR.DLL!?getLocalBounds@srNode@@UAEXAAUBoundInfo@1@@Z,public: virtual void __thiscall srNode::getLocalBounds(struct srNode::BoundInfo &),,
wiz8--gog-base--wiz8--18a74ff61c65,005ecd18,11,005e1fc6,import-thunk,SR.DLL!?updateBounds@srNode@@UAEXXZ,public: virtual void __thiscall srNode::updateBounds(void),,
wiz8--gog-base--wiz8--18a74ff61c65,005ecd18,12,005e1fc0,import-thunk,SR.DLL!?processSignal@srNode@@MAEHKPAX@Z,"protected: virtual int __thiscall srNode::processSignal(unsigned long, void *)",,
wiz8--gog-base--wiz8--18a74ff61c65,005ecd70,0,0049f100,local,,,,
wiz8--gog-base--wiz8--18a74ff61c65,005ecd70,1,0044edf0,local,,,,
wiz8--gog-base--wiz8--18a74ff61c65,005ecd78,0,0049f420,local,,,,
wiz8--gog-base--wiz8--18a74ff61c65,005ecda0,0,004a25c0,local,,,,
wiz8--gog-base--wiz8--18a74ff61c65,005ecda0,1,004a2230,local,,,,
wiz8--gog-base--wiz8--18a74ff61c65,005ecda0,2,004a2580,local,,,,
wiz8--gog-base--wiz8--18a74ff61c65,005ecdac,0,004a20c0,local,,,,
wiz8--gog-base--wiz8--18a74ff61c65,005ecdb0,0,004a20f0,local,,,,
wiz8--gog-base--wiz8--18a74ff61c65,005ecdb0,1,005e1d9a,pure-virtual,,,,
wiz8--gog-base--wiz8--18a74ff61c65,005ecdb0,2,005e1d9a,pure-virtual,,,,
wiz8--gog-base--wiz8--18a74ff61c65,005ecdbc,0,004a2200,local,,,,
wiz8--gog-base--wiz8--18a74ff61c65,005ecdbc,1,004a2140,local,,,,
wiz8--gog-base--wiz8--18a74ff61c65,005ecdbc,2,004a21e0,local,,,,
wiz8--gog-base--wiz8--18a74ff61c65,005ecdc8,0,004a2110,local,,,,
wiz8--gog-base--wiz8--18a74ff61c65,005ecde0,0,004a2d80,local,,,,
wiz8--gog-base--wiz8--18a74ff61c65,005ecde0,1,004a5d40,local,,,,
wiz8--gog-base--wiz8--18a74ff61c65,005ecde0,2,004ab290,local,,,,
wiz8--gog-base--wiz8--18a74ff61c65,005ecde0,3,004a2710,local,,,,
wiz8--gog-base--wiz8--18a74ff61c65,005ecde0,4,004ab310,local,,,,
wiz8--gog-base--wiz8--18a74ff61c65,005ecdf4,0,004a5da0,adjustor-thunk,,,24,004a3e30
wiz8--gog-base--wiz8--18a74ff61c65,005ecdf4,1,004538b0,local,,,,
wiz8--gog-base--wiz8--18a74ff61c65,005ecdf4,2,004538c0,local,,,,
wiz8--gog-base--wiz8--18a74ff61c65,005ecdf4,3,004a4720,local,,,,
wiz8--gog-base--wiz8--18a74ff61c65,005ecdf4,4,00456020,local,,,,
wiz8--gog-base--wiz8--18a74ff61c65,005ece08,0,004a3e30,local,,,,
wiz8--gog-base--wiz8--18a74ff61c65,005ece08,1,004a7140,local,,,,
wiz8--gog-base--wiz8--18a74ff61c65,005ece08,2,004a6e20,local,,,,
wiz8--gog-base--wiz8--18a74ff61c65,005ece08,3,004a6fc0,local,,,,
wiz8--gog-base--wiz8--18a74ff61c65,005ece08,4,004a4100,local,,,,
wiz8--gog-base--wiz8--18a74ff61c65,005ece08,5,004a4110,local,,,,
wiz8--gog-base--wiz8--18a74ff61c65,005ece08,6,004a42b0,local,,,,
wiz8--gog-base--wiz8--18a74ff61c65,005ece08,7,004a4590,local,,,,
wiz8--gog-base--wiz8--18a74ff61c65,005ece08,8,004a45c0,local,,,,
wiz8--gog-base--wiz8--18a74ff61c65,005ece08,9,004a45e0,local,,,,
wiz8--gog-base--wiz8--18a74ff61c65,005ece08,10,004a7dd0,local,,,,
wiz8--gog-base--wiz8--18a74ff61c65,005ece08,11,004a7e10,local,,,,
wiz8--gog-base--wiz8--18a74ff61c65,005ece08,12,004a4300,local,,,,
wiz8--gog-base--wiz8--18a74ff61c65,005ece08,13,004a4570,local,,,,
wiz8--gog-base--wiz8--18a74ff61c65,005ece08,14,004a4140,local,,,,
wiz8--gog-base--wiz8--18a74ff61c65,005ece08,15,004a45f0,local,,,,
wiz8--gog-base--wiz8--18a74ff61c65,005ece08,16,004a4050,local,,,,
wiz8--gog-base--wiz8--18a74ff61c65,005ece4c,0,004a5cb0,local,,,,
wiz8--gog-base--wiz8--18a74ff61c65,005ece60,0,004a5d20,local,,,,
wiz8--gog-base--wiz8--18a74ff61c65,005ece64,0,004a5cf0,local,,,,
wiz8--gog-base--wiz8--18a74ff61c65,005ece78,0,004a5f00,local,,,,
wiz8--gog-base--wiz8--18a74ff61c65,005ece78,1,004a7140,local,,,,
wiz8--gog-base--wiz8--18a74ff61c65,005ece78,2,004a6e20,local,,,,
wiz8--gog-base--wiz8--18a74ff61c65,005ece78,3,004a6fc0,local,,,,
wiz8--gog-base--wiz8--18a74ff61c65,005ece78,4,004a7470,local,,,,
wiz8--gog-base--wiz8--18a74ff61c65,005ece78,5,005e1d9a,pure-virtual,,,,
wiz8--gog-base--wiz8--18a74ff61c65,005ece78,6,005e1d9a,pure-virtual,,,,
wiz8--gog-base--wiz8--18a74ff61c65,005ece78,7,005e1d9a,pure-virtual,,,,
wiz8--gog-base--wiz8--18a74ff61c65,005ece78,8,005e1d9a,pure-virtual,,,,
wiz8--gog-base--wiz8--18a74ff61c65,005ece78,9,005e1d9a,pure-virtual,,,,
wiz8--gog-base--wiz8--18a74ff61c65,005ece78,10,004a7dd0,local,,,,
wiz8--gog-base--wiz8--18a74ff61c65,005ece78,11,004a7e10,local,,,,
wiz8--gog-base--wiz8--18a74ff61c65,005ece78,12,005e1d9a,pure-virtual,,,,
wiz8--gog-base--wiz8--18a74ff61c65,005ece78,13,005e1d9a,pure-virtual,,,,
wiz8--gog-base--wiz8--18a74ff61c65,005ece78,14,004a72f0,local,,,,
wiz8--gog-base--wiz8--18a74ff61c65,005ece78,15,005e1d9a,pure-virtual,,,,
wiz8--gog-base--wiz8--18a74ff61c65,005eceb8,0,004a9100,adjustor-thunk,,,24,004a5f00
wiz8--gog-base--wiz8--18a74ff61c65,005eceb8,1,004538b0,local,,,,
wiz8--gog-base--wiz8--18a74ff61c65,005eceb8,2,004538c0,local,,,,
wiz8--gog-base--wiz8--18a74ff61c65,005eceb8,3,004a7140,local,,,,
wiz8--gog-base--wiz8--18a74ff61c65,005eceb8,4,00456020,local,,,,
wiz8--gog-base--wiz8--18a74ff61c65,005ececc,0,004a8fe0,local,,,,
wiz8--gog-base--wiz8--18a74ff61c65,005eced0,0,004a8fb0,local,,,,
wiz8--gog-base--wiz8--18a74ff61c65,005eced4,0,004a8f70,local,,,,
wiz8--gog-base--wiz8--18a74ff61c65,005eced8,0,004a8f40,local,,,,
wiz8--gog-base--wiz8--18a74ff61c65,005ecedc,0,004a9050,local,,,,
wiz8--gog-base--wiz8--18a74ff61c65,005ecee0,0,004a9020,local,,,,
wiz8--gog-base--wiz8--18a74ff61c65,005ecee4,0,004a8f20,local,,,,
wiz8--gog-base--wiz8--18a74ff61c65,005ecee8,0,004a8ef0,local,,,,
wiz8--gog-base--wiz8--18a74ff61c65,005ecf00,0,004aaaf0,local,,,,
wiz8--gog-base--wiz8--18a74ff61c65,005ecf04,0,004aaac0,local,,,,
wiz8--gog-base--wiz8--18a74ff61c65,005ecf18,0,004aad00,local,,,,
wiz8--gog-base--wiz8--18a74ff61c65,005ecf18,1,004ade70,local,,,,
wiz8--gog-base--wiz8--18a74ff61c65,005ecf18,2,004ab290,local,,,,
wiz8--gog-base--wiz8--18a74ff61c65,005ecf18,3,004ab2c0,local,,,,
wiz8--gog-base--wiz8--18a74ff61c65,005ecf18,4,004ab310,local,,,,
wiz8--gog-base--wiz8--18a74ff61c65,005ecf2c,0,004ade60,adjustor-thunk,,,24,004abce0
wiz8--gog-base--wiz8--18a74ff61c65,005ecf2c,1,004538b0,local,,,,
wiz8--gog-base--wiz8--18a74ff61c65,005ecf2c,2,004538c0,local,,,,
wiz8--gog-base--wiz8--18a74ff61c65,005ecf2c,3,004a7140,local,,,,
wiz8--gog-base--wiz8--18a74ff61c65,005ecf2c,4,00456020,local,,,,
wiz8--gog-base--wiz8--18a74ff61c65,005ecf40,0,004abce0,local,,,,
wiz8--gog-base--wiz8--18a74ff61c65,005ecf40,1,004a7140,local,,,,
wiz8--gog-base--wiz8--18a74ff61c65,005ecf40,2,004a6e20,local,,,,
wiz8--gog-base--wiz8--18a74ff61c65,005ecf40,3,004a6fc0,local,,,,
wiz8--gog-base--wiz8--18a74ff61c65,005ecf40,4,004abe00,local,,,,
wiz8--gog-base--wiz8--18a74ff61c65,005ecf40,5,004ac360,local,,,,
wiz8--gog-base--wiz8--18a74ff61c65,005ecf40,6,004ac4e0,local,,,,
wiz8--gog-base--wiz8--18a74ff61c65,005ecf40,7,004ac840,local,,,,
wiz8--gog-base--wiz8--18a74ff61c65,005ecf40,8,004ac870,local,,,,
wiz8--gog-base--wiz8--18a74ff61c65,005ecf40,9,004ac890,local,,,,
wiz8--gog-base--wiz8--18a74ff61c65,005ecf40,10,004a7dd0,local,,,,
wiz8--gog-base--wiz8--18a74ff61c65,005ecf40,11,004a7e10,local,,,,
wiz8--gog-base--wiz8--18a74ff61c65,005ecf40,12,004ac580,local,,,,
wiz8--gog-base--wiz8--18a74ff61c65,005ecf40,13,004ac820,local,,,,
wiz8--gog-base--wiz8--18a74ff61c65,005ecf40,14,004ac390,local,,,,
wiz8--gog-base--wiz8--18a74ff61c65,005ecf40,15,004ac8a0,local,,,,
wiz8--gog-base--wiz8--18a74ff61c65,005ecf40,16,004abdc0,local,,,,
wiz8--gog-base--wiz8--18a74ff61c65,005ecf40,17,004ac530,local,,,,
wiz8--gog-base--wiz8--18a74ff61c65,005ecfb0,0,004af3e0,local,,,,
wiz8--gog-base--wiz8--18a74ff61c65,005ecfb0,1,004af3d0,local,,,,
wiz8--gog-base--wiz8--18a74ff61c65,005ecfb0,2,004af3f0,local,,,,
wiz8--gog-base--wiz8--18a74ff61c65,005ecfb0,3,005e21f4,import-thunk,SR.DLL!?dump@srNode@@UAEXAAV?$basic_ostream@DU?$char_traits@D@std@@@std@@@Z,"public: virtual void __thiscall srNode::dump(class std::basic_ostream<char, struct std::char_traits<char>> &)",,
wiz8--gog-base--wiz8--18a74ff61c65,005ecfb0,4,005e20f8,import-thunk,SR.DLL!?verify@srClass@@UAEXW4e_verify@srRuntimeClass@@@Z,public: virtual void __thiscall srClass::verify(enum srRuntimeClass::e_verify),,
wiz8--gog-base--wiz8--18a74ff61c65,005ecfb0,5,004aea70,local,,,,
wiz8--gog-base--wiz8--18a74ff61c65,005ecfb0,6,004ae8b0,local,,,,
wiz8--gog-base--wiz8--18a74ff61c65,005ecfb0,7,004af460,local,,,,
wiz8--gog-base--wiz8--18a74ff61c65,005ecfb0,8,005e1fd8,import-thunk,SR.DLL!?traverse@srNode@@UAEXAAVTraverseInfo@1@@Z,public: virtual void __thiscall srNode::traverse(class srNode::TraverseInfo &),,
wiz8--gog-base--wiz8--18a74ff61c65,005ecfb0,9,005e21e8,import-thunk,SR.DLL!?process@srNode@@UAEXABUProcessInfo@1@W4e_processType@1@@Z,"public: virtual void __thiscall srNode::process(struct srNode::ProcessInfo const &, enum srNode::e_processType)",,
wiz8--gog-base--wiz8--18a74ff61c65,005ecfb0,10,005e1fcc,import-thunk,SR.DLL!?getLocalBounds@srNode@@UAEXAAUBoundInfo@1@@Z,public: virtual void __thiscall srNode::getLocalBounds(struct srNode::BoundInfo &),,
wiz8--gog-base--wiz8--18a74ff61c65,005ecfb0,11,005e1fc6,import-thunk,SR.DLL!?updateBounds@srNode@@UAEXXZ,public: virtual void __thiscall srNode::updateBounds(void),,
wiz8--gog-base--wiz8--18a74ff61c65,005ecfb0,12,005e1fc0,import-thunk,SR.DLL!?processSignal@srNode@@MAEHKPAX@Z,"protected: virtual int __thiscall srNode::processSignal(unsigned long, void *)",,
wiz8--gog-base--wiz8--18a74ff61c65,005ecfe4,0,004af3e0,local,,,,
wiz8--gog-base--wiz8--18a74ff61c65,005ecfe4,1,004af3d0,local,,,,
wiz8--gog-base--wiz8--18a74ff61c65,005ecfe4,2,004af3f0,local,,,,
wiz8--gog-base--wiz8--18a74ff61c65,005ecfe4,3,005e21f4,import-thunk,SR.DLL!?dump@srNode@@UAEXAAV?$basic_ostream@DU?$char_traits@D@std@@@std@@@Z,"public: virtual void __thiscall srNode::dump(class std::basic_ostream<char, struct std::char_traits<char>> &)",,
wiz8--gog-base--wiz8--18a74ff61c65,005ecfe4,4,005e20f8,import-thunk,SR.DLL!?verify@srClass@@UAEXW4e_verify@srRuntimeClass@@@Z,public: virtual void __thiscall srClass::verify(enum srRuntimeClass::e_verify),,
wiz8--gog-base--wiz8--18a74ff61c65,005ecfe4,5,004af660,local,,,,
wiz8--gog-base--wiz8--18a74ff61c65,005ecfe4,6,005e21ee,import-thunk,SR.DLL!?vInstance@srNode@@UAEPAVsrClass@@XZ,public: virtual class srClass * __thiscall srNode::vInstance(void),,
wiz8--gog-base--wiz8--18a74ff61c65,005ecfe4,7,004af460,local,,,,
wiz8--gog-base--wiz8--18a74ff61c65,005ecfe4,8,005e1fd8,import-thunk,SR.DLL!?traverse@srNode@@UAEXAAVTraverseInfo@1@@Z,public: virtual void __thiscall srNode::traverse(class srNode::TraverseInfo &),,
wiz8--gog-base--wiz8--18a74ff61c65,005ecfe4,9,005e21e8,import-thunk,SR.DLL!?process@srNode@@UAEXABUProcessInfo@1@W4e_processType@1@@Z,"public: virtual void __thiscall srNode::process(struct srNode::ProcessInfo const &, enum srNode::e_processType)",,
wiz8--gog-base--wiz8--18a74ff61c65,005ecfe4,10,005e1fcc,import-thunk,SR.DLL!?getLocalBounds@srNode@@UAEXAAUBoundInfo@1@@Z,public: virtual void __thiscall srNode::getLocalBounds(struct srNode::BoundInfo &),,
wiz8--gog-base--wiz8--18a74ff61c65,005ecfe4,11,005e1fc6,import-thunk,SR.DLL!?updateBounds@srNode@@UAEXXZ,public: virtual void __thiscall srNode::updateBounds(void),,
wiz8--gog-base--wiz8--18a74ff61c65,005ecfe4,12,005e1fc0,import-thunk,SR.DLL!?processSignal@srNode@@MAEHKPAX@Z,"protected: virtual int __thiscall srNode::processSignal(unsigned long, void *)",,
wiz8--gog-base--wiz8--18a74ff61c65,005ed018,0,004af740,local,,,,
wiz8--gog-base--wiz8--18a74ff61c65,005ed01c,0,004af710,local,,,,
wiz8--gog-base--wiz8--18a74ff61c65,005ed050,0,004b5760,local,,,,
wiz8--gog-base--wiz8--18a74ff61c65,005ed050,1,0044edf0,local,,,,
wiz8--gog-base--wiz8--18a74ff61c65,005ed058,0,004b5660,local,,,,
wiz8--gog-base--wiz8--18a74ff61c65,005ed058,1,0044edf0,local,,,,
wiz8--gog-base--wiz8--18a74ff61c65,005ed058,2,005e1d9a,pure-virtual,,,,
wiz8--gog-base--wiz8--18a74ff61c65,005ed058,3,005e1d9a,pure-virtual,,,,
wiz8--gog-base--wiz8--18a74ff61c65,005ed058,4,005e1d9a,pure-virtual,,,,
wiz8--gog-base--wiz8--18a74ff61c65,005ed090,0,004b6920,local,,,,
wiz8--gog-base--wiz8--18a74ff61c65,005ed094,0,004b6dc0,local,,,,
wiz8--gog-base--wiz8--18a74ff61c65,005ed098,0,004b6d90,local,,,,
wiz8--gog-base--wiz8--18a74ff61c65,005ed0d0,0,004b8a50,local,,,,
wiz8--gog-base--wiz8--18a74ff61c65,005ed0d0,1,004d6190,local,,,,
wiz8--gog-base--wiz8--18a74ff61c65,005ed0d0,2,004b89b0,local,,,,
wiz8--gog-base--wiz8--18a74ff61c65,005ed0f0,0,004ba1c0,local,,,,
wiz8--gog-base--wiz8--18a74ff61c65,005ed0f0,1,004ba1b0,local,,,,
wiz8--gog-base--wiz8--18a74ff61c65,005ed0f0,2,004ba1d0,local,,,,
wiz8--gog-base--wiz8--18a74ff61c65,005ed0f0,3,005e21f4,import-thunk,SR.DLL!?dump@srNode@@UAEXAAV?$basic_ostream@DU?$char_traits@D@std@@@std@@@Z,"public: virtual void __thiscall srNode::dump(class std::basic_ostream<char, struct std::char_traits<char>> &)",,
wiz8--gog-base--wiz8--18a74ff61c65,005ed0f0,4,005e20f8,import-thunk,SR.DLL!?verify@srClass@@UAEXW4e_verify@srRuntimeClass@@@Z,public: virtual void __thiscall srClass::verify(enum srRuntimeClass::e_verify),,
wiz8--gog-base--wiz8--18a74ff61c65,005ed0f0,5,004b9ce0,local,,,,
wiz8--gog-base--wiz8--18a74ff61c65,005ed0f0,6,004ba3d0,local,,,,
wiz8--gog-base--wiz8--18a74ff61c65,005ed0f0,7,004ba240,local,,,,
wiz8--gog-base--wiz8--18a74ff61c65,005ed0f0,8,004ba0e0,local,,,,
wiz8--gog-base--wiz8--18a74ff61c65,005ed0f0,9,004b9dd0,local,,,,
wiz8--gog-base--wiz8--18a74ff61c65,005ed0f0,10,005e1fcc,import-thunk,SR.DLL!?getLocalBounds@srNode@@UAEXAAUBoundInfo@1@@Z,public: virtual void __thiscall srNode::getLocalBounds(struct srNode::BoundInfo &),,
wiz8--gog-base--wiz8--18a74ff61c65,005ed0f0,11,005e1fc6,import-thunk,SR.DLL!?updateBounds@srNode@@UAEXXZ,public: virtual void __thiscall srNode::updateBounds(void),,
wiz8--gog-base--wiz8--18a74ff61c65,005ed0f0,12,005e1fc0,import-thunk,SR.DLL!?processSignal@srNode@@MAEHKPAX@Z,"protected: virtual int __thiscall srNode::processSignal(unsigned long, void *)",,
wiz8--gog-base--wiz8--18a74ff61c65,005ed124,0,004ba1c0,local,,,,
wiz8--gog-base--wiz8--18a74ff61c65,005ed124,1,004ba1b0,local,,,,
wiz8--gog-base--wiz8--18a74ff61c65,005ed124,2,004ba1d0,local,,,,
wiz8--gog-base--wiz8--18a74ff61c65,005ed124,3,005e21f4,import-thunk,SR.DLL!?dump@srNode@@UAEXAAV?$basic_ostream@DU?$char_traits@D@std@@@std@@@Z,"public: virtual void __thiscall srNode::dump(class std::basic_ostream<char, struct std::char_traits<char>> &)",,
wiz8--gog-base--wiz8--18a74ff61c65,005ed124,4,005e20f8,import-thunk,SR.DLL!?verify@srClass@@UAEXW4e_verify@srRuntimeClass@@@Z,public: virtual void __thiscall srClass::verify(enum srRuntimeClass::e_verify),,
wiz8--gog-base--wiz8--18a74ff61c65,005ed124,5,004ba3a0,local,,,,
wiz8--gog-base--wiz8--18a74ff61c65,005ed124,6,005e21ee,import-thunk,SR.DLL!?vInstance@srNode@@UAEPAVsrClass@@XZ,public: virtual class srClass * __thiscall srNode::vInstance(void),,
wiz8--gog-base--wiz8--18a74ff61c65,005ed124,7,004ba240,local,,,,
wiz8--gog-base--wiz8--18a74ff61c65,005ed124,8,005e1fd8,import-thunk,SR.DLL!?traverse@srNode@@UAEXAAVTraverseInfo@1@@Z,public: virtual void __thiscall srNode::traverse(class srNode::TraverseInfo &),,
wiz8--gog-base--wiz8--18a74ff61c65,005ed124,9,005e21e8,import-thunk,SR.DLL!?process@srNode@@UAEXABUProcessInfo@1@W4e_processType@1@@Z,"public: virtual void __thiscall srNode::process(struct srNode::ProcessInfo const &, enum srNode::e_processType)",,
wiz8--gog-base--wiz8--18a74ff61c65,005ed124,10,005e1fcc,import-thunk,SR.DLL!?getLocalBounds@srNode@@UAEXAAUBoundInfo@1@@Z,public: virtual void __thiscall srNode::getLocalBounds(struct srNode::BoundInfo &),,
wiz8--gog-base--wiz8--18a74ff61c65,005ed124,11,005e1fc6,import-thunk,SR.DLL!?updateBounds@srNode@@UAEXXZ,public: virtual void __thiscall srNode::updateBounds(void),,
wiz8--gog-base--wiz8--18a74ff61c65,005ed124,12,005e1fc0,import-thunk,SR.DLL!?processSignal@srNode@@MAEHKPAX@Z,"protected: virtual int __thiscall srNode::processSignal(unsigned long, void *)",,
wiz8--gog-base--wiz8--18a74ff61c65,005ed180,0,004bdf10,local,,,,
wiz8--gog-base--wiz8--18a74ff61c65,005ed180,1,004bdf00,local,,,,
wiz8--gog-base--wiz8--18a74ff61c65,005ed180,2,004bdf20,local,,,,
wiz8--gog-base--wiz8--18a74ff61c65,005ed180,3,005e22ae,import-thunk,SR.DLL!?dump@srClipPlane@@UAEXAAV?$basic_ostream@DU?$char_traits@D@std@@@std@@@Z,"public: virtual void __thiscall srClipPlane::dump(class std::basic_ostream<char, struct std::char_traits<char>> &)",,
wiz8--gog-base--wiz8--18a74ff61c65,005ed180,4,005e20f8,import-thunk,SR.DLL!?verify@srClass@@UAEXW4e_verify@srRuntimeClass@@@Z,public: virtual void __thiscall srClass::verify(enum srRuntimeClass::e_verify),,
wiz8--gog-base--wiz8--18a74ff61c65,005ed180,5,004bdfb0,local,,,,
wiz8--gog-base--wiz8--18a74ff61c65,005ed180,6,005e22a8,import-thunk,SR.DLL!?vInstance@srClipPlane@@UAEPAVsrClass@@XZ,public: virtual class srClass * __thiscall srClipPlane::vInstance(void),,
wiz8--gog-base--wiz8--18a74ff61c65,005ed180,7,004bdf90,local,,,,
wiz8--gog-base--wiz8--18a74ff61c65,005ed180,8,005e22a2,import-thunk,SR.DLL!?traverse@srClipPlane@@UAEXAAVTraverseInfo@srNode@@@Z,public: virtual void __thiscall srClipPlane::traverse(class srNode::TraverseInfo &),,
wiz8--gog-base--wiz8--18a74ff61c65,005ed180,9,005e229c,import-thunk,SR.DLL!?process@srClipPlane@@UAEXABUProcessInfo@srNode@@W4e_processType@3@@Z,"public: virtual void __thiscall srClipPlane::process(struct srNode::ProcessInfo const &, enum srNode::e_processType)",,
wiz8--gog-base--wiz8--18a74ff61c65,005ed180,10,005e1fcc,import-thunk,SR.DLL!?getLocalBounds@srNode@@UAEXAAUBoundInfo@1@@Z,public: virtual void __thiscall srNode::getLocalBounds(struct srNode::BoundInfo &),,
wiz8--gog-base--wiz8--18a74ff61c65,005ed180,11,005e1fc6,import-thunk,SR.DLL!?updateBounds@srNode@@UAEXXZ,public: virtual void __thiscall srNode::updateBounds(void),,
wiz8--gog-base--wiz8--18a74ff61c65,005ed180,12,005e1fc0,import-thunk,SR.DLL!?processSignal@srNode@@MAEHKPAX@Z,"protected: virtual int __thiscall srNode::processSignal(unsigned long, void *)",,
wiz8--gog-base--wiz8--18a74ff61c65,005ed1b4,0,004be000,local,,,,
wiz8--gog-base--wiz8--18a74ff61c65,005ed1b8,0,004be030,local,,,,
wiz8--gog-base--wiz8--18a74ff61c65,005ed200,0,004beba0,local,,,,
wiz8--gog-base--wiz8--18a74ff61c65,005ed200,1,004ca9e0,local,,,,
wiz8--gog-base--wiz8--18a74ff61c65,005ed200,2,004bf8c0,local,,,,
wiz8--gog-base--wiz8--18a74ff61c65,005ed200,3,004bf970,local,,,,
wiz8--gog-base--wiz8--18a74ff61c65,005ed200,4,004bf920,local,,,,
wiz8--gog-base--wiz8--18a74ff61c65,005ed200,5,004bf0f0,local,,,,
wiz8--gog-base--wiz8--18a74ff61c65,005ed218,0,004cae30,adjustor-thunk,,,24,004bfde0
wiz8--gog-base--wiz8--18a74ff61c65,005ed218,1,004538b0,local,,,,
wiz8--gog-base--wiz8--18a74ff61c65,005ed218,2,004538c0,local,,,,
wiz8--gog-base--wiz8--18a74ff61c65,005ed218,3,004a7140,local,,,,
wiz8--gog-base--wiz8--18a74ff61c65,005ed218,4,004ca840,local,,,,
wiz8--gog-base--wiz8--18a74ff61c65,005ed22c,0,004bfde0,local,,,,
wiz8--gog-base--wiz8--18a74ff61c65,005ed22c,1,004c2bf0,local,,,,
wiz8--gog-base--wiz8--18a74ff61c65,005ed22c,2,004a6e20,local,,,,
wiz8--gog-base--wiz8--18a74ff61c65,005ed22c,3,004a6fc0,local,,,,
wiz8--gog-base--wiz8--18a74ff61c65,005ed22c,4,004c2e60,local,,,,
wiz8--gog-base--wiz8--18a74ff61c65,005ed22c,5,004caa40,local,,,,
wiz8--gog-base--wiz8--18a74ff61c65,005ed22c,6,004c3740,local,,,,
wiz8--gog-base--wiz8--18a74ff61c65,005ed22c,7,004c3dd0,local,,,,
wiz8--gog-base--wiz8--18a74ff61c65,005ed22c,8,004caa90,local,,,,
wiz8--gog-base--wiz8--18a74ff61c65,005ed22c,9,004cab00,local,,,,
wiz8--gog-base--wiz8--18a74ff61c65,005ed22c,10,004c3df0,local,,,,
wiz8--gog-base--wiz8--18a74ff61c65,005ed22c,11,004c3ed0,local,,,,
wiz8--gog-base--wiz8--18a74ff61c65,005ed22c,12,004c3790,local,,,,
wiz8--gog-base--wiz8--18a74ff61c65,005ed22c,13,004cab10,local,,,,
wiz8--gog-base--wiz8--18a74ff61c65,005ed22c,14,004c32e0,local,,,,
wiz8--gog-base--wiz8--18a74ff61c65,005ed22c,15,004c3f00,local,,,,
wiz8--gog-base--wiz8--18a74ff61c65,005ed22c,16,004c2100,local,,,,
wiz8--gog-base--wiz8--18a74ff61c65,005ed22c,17,004caac0,local,,,,
wiz8--gog-base--wiz8--18a74ff61c65,005ed22c,18,004c72a0,local,,,,
wiz8--gog-base--wiz8--18a74ff61c65,005ed22c,19,004c3e60,local,,,,
wiz8--gog-base--wiz8--18a74ff61c65,005ed288,0,004c3710,local,,,,
wiz8--gog-base--wiz8--18a74ff61c65,005ed288,1,004c3620,local,,,,
wiz8--gog-base--wiz8--18a74ff61c65,005ed290,0,004cab40,local,,,,
wiz8--gog-base--wiz8--18a74ff61c65,005ed290,1,005e1d9a,pure-virtual,,,,
wiz8--gog-base--wiz8--18a74ff61c65,005ed2c8,0,004cae10,local,,,,
wiz8--gog-base--wiz8--18a74ff61c65,005ed2cc,0,004cade0,local,,,,
wiz8--gog-base--wiz8--18a74ff61c65,005ed328,0,004cf7d0,local,,,,
wiz8--gog-base--wiz8--18a74ff61c65,005ed328,1,004cf7c0,local,,,,
wiz8--gog-base--wiz8--18a74ff61c65,005ed328,2,004cf7e0,local,,,,
wiz8--gog-base--wiz8--18a74ff61c65,005ed328,3,005e21a6,import-thunk,SR.DLL!?dump@srClass@@UAEXAAV?$basic_ostream@DU?$char_traits@D@std@@@std@@@Z,"public: virtual void __thiscall srClass::dump(class std::basic_ostream<char, struct std::char_traits<char>> &)",,
wiz8--gog-base--wiz8--18a74ff61c65,005ed328,4,005e20f8,import-thunk,SR.DLL!?verify@srClass@@UAEXW4e_verify@srRuntimeClass@@@Z,public: virtual void __thiscall srClass::verify(enum srRuntimeClass::e_verify),,
wiz8--gog-base--wiz8--18a74ff61c65,005ed328,5,004cf230,local,,,,
wiz8--gog-base--wiz8--18a74ff61c65,005ed328,6,004cf110,local,,,,
wiz8--gog-base--wiz8--18a74ff61c65,005ed328,7,004cf820,local,,,,
wiz8--gog-base--wiz8--18a74ff61c65,005ed348,0,004cfac0,local,,,,
wiz8--gog-base--wiz8--18a74ff61c65,005ed34c,0,004cfa90,local,,,,
wiz8--gog-base--wiz8--18a74ff61c65,005ed350,0,004cfa70,local,,,,
wiz8--gog-base--wiz8--18a74ff61c65,005ed354,0,004cfa40,local,,,,
wiz8--gog-base--wiz8--18a74ff61c65,005ed358,0,004cf7d0,local,,,,
wiz8--gog-base--wiz8--18a74ff61c65,005ed358,1,004cf7c0,local,,,,
wiz8--gog-base--wiz8--18a74ff61c65,005ed358,2,004cf7e0,local,,,,
wiz8--gog-base--wiz8--18a74ff61c65,005ed358,3,005e21a6,import-thunk,SR.DLL!?dump@srClass@@UAEXAAV?$basic_ostream@DU?$char_traits@D@std@@@std@@@Z,"public: virtual void __thiscall srClass::dump(class std::basic_ostream<char, struct std::char_traits<char>> &)",,
wiz8--gog-base--wiz8--18a74ff61c65,005ed358,4,005e20f8,import-thunk,SR.DLL!?verify@srClass@@UAEXW4e_verify@srRuntimeClass@@@Z,public: virtual void __thiscall srClass::verify(enum srRuntimeClass::e_verify),,
wiz8--gog-base--wiz8--18a74ff61c65,005ed358,5,004cf9d0,local,,,,
wiz8--gog-base--wiz8--18a74ff61c65,005ed358,6,005e1d9a,pure-virtual,,,,
wiz8--gog-base--wiz8--18a74ff61c65,005ed358,7,004cf820,local,,,,
wiz8--gog-base--wiz8--18a74ff61c65,005ed3b8,0,004b8a50,local,,,,
wiz8--gog-base--wiz8--18a74ff61c65,005ed3b8,1,004d6190,local,,,,
wiz8--gog-base--wiz8--18a74ff61c65,005ed3b8,2,004d6090,local,,,,
wiz8--gog-base--wiz8--18a74ff61c65,005ed3c4,0,004d69b0,local,,,,
wiz8--gog-base--wiz8--18a74ff61c65,005ed3c4,1,004d69a0,local,,,,
wiz8--gog-base--wiz8--18a74ff61c65,005ed3c4,2,004d69c0,local,,,,
wiz8--gog-base--wiz8--18a74ff61c65,005ed3c4,3,005e21f4,import-thunk,SR.DLL!?dump@srNode@@UAEXAAV?$basic_ostream@DU?$char_traits@D@std@@@std@@@Z,"public: virtual void __thiscall srNode::dump(class std::basic_ostream<char, struct std::char_traits<char>> &)",,
wiz8--gog-base--wiz8--18a74ff61c65,005ed3c4,4,005e20f8,import-thunk,SR.DLL!?verify@srClass@@UAEXW4e_verify@srRuntimeClass@@@Z,public: virtual void __thiscall srClass::verify(enum srRuntimeClass::e_verify),,
wiz8--gog-base--wiz8--18a74ff61c65,005ed3c4,5,004d6340,local,,,,
wiz8--gog-base--wiz8--18a74ff61c65,005ed3c4,6,004d6bf0,local,,,,
wiz8--gog-base--wiz8--18a74ff61c65,005ed3c4,7,004d6a30,local,,,,
wiz8--gog-base--wiz8--18a74ff61c65,005ed3c4,8,004d6540,local,,,,
wiz8--gog-base--wiz8--18a74ff61c65,005ed3c4,9,004d6640,local,,,,
wiz8--gog-base--wiz8--18a74ff61c65,005ed3c4,10,005e1fcc,import-thunk,SR.DLL!?getLocalBounds@srNode@@UAEXAAUBoundInfo@1@@Z,public: virtual void __thiscall srNode::getLocalBounds(struct srNode::BoundInfo &),,
wiz8--gog-base--wiz8--18a74ff61c65,005ed3c4,11,005e1fc6,import-thunk,SR.DLL!?updateBounds@srNode@@UAEXXZ,public: virtual void __thiscall srNode::updateBounds(void),,
wiz8--gog-base--wiz8--18a74ff61c65,005ed3c4,12,005e1fc0,import-thunk,SR.DLL!?processSignal@srNode@@MAEHKPAX@Z,"protected: virtual int __thiscall srNode::processSignal(unsigned long, void *)",,
wiz8--gog-base--wiz8--18a74ff61c65,005ed3f8,0,004d69b0,local,,,,
wiz8--gog-base--wiz8--18a74ff61c65,005ed3f8,1,004d69a0,local,,,,
wiz8--gog-base--wiz8--18a74ff61c65,005ed3f8,2,004d69c0,local,,,,
wiz8--gog-base--wiz8--18a74ff61c65,005ed3f8,3,005e21f4,import-thunk,SR.DLL!?dump@srNode@@UAEXAAV?$basic_ostream@DU?$char_traits@D@std@@@std@@@Z,"public: virtual void __thiscall srNode::dump(class std::basic_ostream<char, struct std::char_traits<char>> &)",,
wiz8--gog-base--wiz8--18a74ff61c65,005ed3f8,4,005e20f8,import-thunk,SR.DLL!?verify@srClass@@UAEXW4e_verify@srRuntimeClass@@@Z,public: virtual void __thiscall srClass::verify(enum srRuntimeClass::e_verify),,
wiz8--gog-base--wiz8--18a74ff61c65,005ed3f8,5,004d6b50,local,,,,
wiz8--gog-base--wiz8--18a74ff61c65,005ed3f8,6,005e21ee,import-thunk,SR.DLL!?vInstance@srNode@@UAEPAVsrClass@@XZ,public: virtual class srClass * __thiscall srNode::vInstance(void),,
wiz8--gog-base--wiz8--18a74ff61c65,005ed3f8,7,004d6a30,local,,,,
wiz8--gog-base--wiz8--18a74ff61c65,005ed3f8,8,005e1fd8,import-thunk,SR.DLL!?traverse@srNode@@UAEXAAVTraverseInfo@1@@Z,public: virtual void __thiscall srNode::traverse(class srNode::TraverseInfo &),,
wiz8--gog-base--wiz8--18a74ff61c65,005ed3f8,9,005e21e8,import-thunk,SR.DLL!?process@srNode@@UAEXABUProcessInfo@1@W4e_processType@1@@Z,"public: virtual void __thiscall srNode::process(struct srNode::ProcessInfo const &, enum srNode::e_processType)",,
wiz8--gog-base--wiz8--18a74ff61c65,005ed3f8,10,005e1fcc,import-thunk,SR.DLL!?getLocalBounds@srNode@@UAEXAAUBoundInfo@1@@Z,public: virtual void __thiscall srNode::getLocalBounds(struct srNode::BoundInfo &),,
wiz8--gog-base--wiz8--18a74ff61c65,005ed3f8,11,005e1fc6,import-thunk,SR.DLL!?updateBounds@srNode@@UAEXXZ,public: virtual void __thiscall srNode::updateBounds(void),,
wiz8--gog-base--wiz8--18a74ff61c65,005ed3f8,12,005e1fc0,import-thunk,SR.DLL!?processSignal@srNode@@MAEHKPAX@Z,"protected: virtual int __thiscall srNode::processSignal(unsigned long, void *)",,
wiz8--gog-base--wiz8--18a74ff61c65,005ed438,0,004d9a20,local,,,,
wiz8--gog-base--wiz8--18a74ff61c65,005ed43c,0,004d9a40,local,,,,
wiz8--gog-base--wiz8--18a74ff61c65,005ed5a4,0,004f2d50,local,,,,
wiz8--gog-base--wiz8--18a74ff61c65,005ed5a4,1,004f2e50,local,,,,
wiz8--gog-base--wiz8--18a74ff61c65,005ed5a4,2,004f2f10,local,,,,
wiz8--gog-base--wiz8--18a74ff61c65,005ed5b0,0,004f68a0,local,,,,
wiz8--gog-base--wiz8--18a74ff61c65,005ed5b4,0,004f6870,local,,,,
wiz8--gog-base--wiz8--18a74ff61c65,005ed5b8,0,004f3370,local,,,,
wiz8--gog-base--wiz8--18a74ff61c65,005ed5bc,0,004f3d90,local,,,,
wiz8--gog-base--wiz8--18a74ff61c65,005ed5bc,1,004f6950,local,,,,
wiz8--gog-base--wiz8--18a74ff61c65,005ed5bc,2,005b1be0,local,,,,
wiz8--gog-base--wiz8--18a74ff61c65,005ed5bc,3,004f6980,local,,,,
wiz8--gog-base--wiz8--18a74ff61c65,005ed5bc,4,004f6960,local,,,,
wiz8--gog-base--wiz8--18a74ff61c65,005ed5bc,5,005b1be0,local,,,,
wiz8--gog-base--wiz8--18a74ff61c65,005ed5bc,6,005b1be0,local,,,,
wiz8--gog-base--wiz8--18a74ff61c65,005ed5bc,7,005b1be0,local,,,,
wiz8--gog-base--wiz8--18a74ff61c65,005ed5bc,8,005b1be0,local,,,,
wiz8--gog-base--wiz8--18a74ff61c65,005ed5bc,9,005b1be0,local,,,,
wiz8--gog-base--wiz8--18a74ff61c65,005ed5bc,10,005b1be0,local,,,,
wiz8--gog-base--wiz8--18a74ff61c65,005ed5bc,11,005b1be0,local,,,,
wiz8--gog-base--wiz8--18a74ff61c65,005ed5bc,12,005b1be0,local,,,,
wiz8--gog-base--wiz8--18a74ff61c65,005ed5bc,13,005b1be0,local,,,,
wiz8--gog-base--wiz8--18a74ff61c65,005ed5bc,14,005b1be0,local,,,,
wiz8--gog-base--wiz8--18a74ff61c65,005ed5bc,15,005b1be0,local,,,,
wiz8--gog-base--wiz8--18a74ff61c65,005ed5bc,16,005b1be0,local,,,,
wiz8--gog-base--wiz8--18a74ff61c65,005ed5bc,17,005b1be0,local,,,,
wiz8--gog-base--wiz8--18a74ff61c65,005ed604,0,004f6030,local,,,,
wiz8--gog-base--wiz8--18a74ff61c65,005ed604,1,004f5410,local,,,,
wiz8--gog-base--wiz8--18a74ff61c65,005ed604,2,004f4990,local,,,,
wiz8--gog-base--wiz8--18a74ff61c65,005ed604,3,004f44d0,local,,,,
wiz8--gog-base--wiz8--18a74ff61c65,005ed604,4,004f4460,local,,,,
wiz8--gog-base--wiz8--18a74ff61c65,005ed604,5,004f46a0,local,,,,
wiz8--gog-base--wiz8--18a74ff61c65,005ed604,6,004f69a0,local,,,,
wiz8--gog-base--wiz8--18a74ff61c65,005ed604,7,004f4d30,local,,,,
wiz8--gog-base--wiz8--18a74ff61c65,005ed604,8,004f4e00,local,,,,
wiz8--gog-base--wiz8--18a74ff61c65,005ed604,9,005b1be0,local,,,,
wiz8--gog-base--wiz8--18a74ff61c65,005ed604,10,005b1be0,local,,,,
wiz8--gog-base--wiz8--18a74ff61c65,005ed604,11,004f4f70,local,,,,
wiz8--gog-base--wiz8--18a74ff61c65,005ed604,12,004f5070,local,,,,
wiz8--gog-base--wiz8--18a74ff61c65,005ed604,13,004f50c0,local,,,,
wiz8--gog-base--wiz8--18a74ff61c65,005ed604,14,004f5290,local,,,,
wiz8--gog-base--wiz8--18a74ff61c65,005ed604,15,004f5310,local,,,,
wiz8--gog-base--wiz8--18a74ff61c65,005ed604,16,004f5230,local,,,,
wiz8--gog-base--wiz8--18a74ff61c65,005ed604,17,004f5360,local,,,,
wiz8--gog-base--wiz8--18a74ff61c65,005ed604,18,004f4c40,local,,,,
wiz8--gog-base--wiz8--18a74ff61c65,005ed604,19,004f4cb0,local,,,,
wiz8--gog-base--wiz8--18a74ff61c65,005ed654,0,004f55c0,local,,,,
wiz8--gog-base--wiz8--18a74ff61c65,005ed654,1,005b1be0,local,,,,
wiz8--gog-base--wiz8--18a74ff61c65,005ed65c,0,004f6910,local,,,,
wiz8--gog-base--wiz8--18a74ff61c65,005ed660,0,004f68e0,local,,,,
wiz8--gog-base--wiz8--18a74ff61c65,005ed664,0,005e1d9a,pure-virtual,,,,
wiz8--gog-base--wiz8--18a74ff61c65,005ed664,1,005b1be0,local,,,,
wiz8--gog-base--wiz8--18a74ff61c65,005ed66c,0,004f69b0,local,,,,
wiz8--gog-base--wiz8--18a74ff61c65,005ed66c,1,004f6950,local,,,,
wiz8--gog-base--wiz8--18a74ff61c65,005ed66c,2,004f5a80,local,,,,
wiz8--gog-base--wiz8--18a74ff61c65,005ed66c,3,004f6980,local,,,,
wiz8--gog-base--wiz8--18a74ff61c65,005ed66c,4,004f6960,local,,,,
wiz8--gog-base--wiz8--18a74ff61c65,005ed66c,5,005b1be0,local,,,,
wiz8--gog-base--wiz8--18a74ff61c65,005ed66c,6,005b1be0,local,,,,
wiz8--gog-base--wiz8--18a74ff61c65,005ed66c,7,004f58c0,local,,,,
wiz8--gog-base--wiz8--18a74ff61c65,005ed66c,8,004f58d0,local,,,,
wiz8--gog-base--wiz8--18a74ff61c65,005ed66c,9,004f5940,local,,,,
wiz8--gog-base--wiz8--18a74ff61c65,005ed66c,10,005b1be0,local,,,,
wiz8--gog-base--wiz8--18a74ff61c65,005ed66c,11,004f5780,local,,,,
wiz8--gog-base--wiz8--18a74ff61c65,005ed66c,12,005b1be0,local,,,,
wiz8--gog-base--wiz8--18a74ff61c65,005ed66c,13,004f5880,local,,,,
wiz8--gog-base--wiz8--18a74ff61c65,005ed66c,14,005b1be0,local,,,,
wiz8--gog-base--wiz8--18a74ff61c65,005ed66c,15,005b1be0,local,,,,
wiz8--gog-base--wiz8--18a74ff61c65,005ed66c,16,005b1be0,local,,,,
wiz8--gog-base--wiz8--18a74ff61c65,005ed66c,17,005b1be0,local,,,,
wiz8--gog-base--wiz8--18a74ff61c65,005ed6b4,0,004f69b0,local,,,,
wiz8--gog-base--wiz8--18a74ff61c65,005ed6b4,1,004f6950,local,,,,
wiz8--gog-base--wiz8--18a74ff61c65,005ed6b4,2,004f5f60,local,,,,
wiz8--gog-base--wiz8--18a74ff61c65,005ed6b4,3,004f6980,local,,,,
wiz8--gog-base--wiz8--18a74ff61c65,005ed6b4,4,004f6960,local,,,,
wiz8--gog-base--wiz8--18a74ff61c65,005ed6b4,5,005b1be0,local,,,,
wiz8--gog-base--wiz8--18a74ff61c65,005ed6b4,6,005b1be0,local,,,,
wiz8--gog-base--wiz8--18a74ff61c65,005ed6b4,7,004f58c0,local,,,,
wiz8--gog-base--wiz8--18a74ff61c65,005ed6b4,8,004f58d0,local,,,,
wiz8--gog-base--wiz8--18a74ff61c65,005ed6b4,9,004f5d70,local,,,,
wiz8--gog-base--wiz8--18a74ff61c65,005ed6b4,10,004f5ef0,local,,,,
wiz8--gog-base--wiz8--18a74ff61c65,005ed6b4,11,004f5c00,local,,,,
wiz8--gog-base--wiz8--18a74ff61c65,005ed6b4,12,005b1be0,local,,,,
wiz8--gog-base--wiz8--18a74ff61c65,005ed6b4,13,004f5d30,local,,,,
wiz8--gog-base--wiz8--18a74ff61c65,005ed6b4,14,005b1be0,local,,,,
wiz8--gog-base--wiz8--18a74ff61c65,005ed6b4,15,005b1be0,local,,,,
wiz8--gog-base--wiz8--18a74ff61c65,005ed6b4,16,005b1be0,local,,,,
wiz8--gog-base--wiz8--18a74ff61c65,005ed6b4,17,005b1be0,local,,,,
wiz8--gog-base--wiz8--18a74ff61c65,005ed6fc,0,004f6030,local,,,,
wiz8--gog-base--wiz8--18a74ff61c65,005ed6fc,1,004f5410,local,,,,
wiz8--gog-base--wiz8--18a74ff61c65,005ed6fc,2,004f4990,local,,,,
wiz8--gog-base--wiz8--18a74ff61c65,005ed6fc,3,004f44d0,local,,,,
wiz8--gog-base--wiz8--18a74ff61c65,005ed6fc,4,004f4460,local,,,,
wiz8--gog-base--wiz8--18a74ff61c65,005ed6fc,5,004f46a0,local,,,,
wiz8--gog-base--wiz8--18a74ff61c65,005ed6fc,6,004f69a0,local,,,,
wiz8--gog-base--wiz8--18a74ff61c65,005ed6fc,7,004f4d30,local,,,,
wiz8--gog-base--wiz8--18a74ff61c65,005ed6fc,8,004f4e00,local,,,,
wiz8--gog-base--wiz8--18a74ff61c65,005ed6fc,9,005b1be0,local,,,,
wiz8--gog-base--wiz8--18a74ff61c65,005ed6fc,10,004f6180,local,,,,
wiz8--gog-base--wiz8--18a74ff61c65,005ed6fc,11,004f6050,local,,,,
wiz8--gog-base--wiz8--18a74ff61c65,005ed6fc,12,004f5070,local,,,,
wiz8--gog-base--wiz8--18a74ff61c65,005ed6fc,13,004f50c0,local,,,,
wiz8--gog-base--wiz8--18a74ff61c65,005ed6fc,14,004f5290,local,,,,
wiz8--gog-base--wiz8--18a74ff61c65,005ed6fc,15,004f5310,local,,,,
wiz8--gog-base--wiz8--18a74ff61c65,005ed6fc,16,004f60c0,local,,,,
wiz8--gog-base--wiz8--18a74ff61c65,005ed6fc,17,004f5360,local,,,,
wiz8--gog-base--wiz8--18a74ff61c65,005ed6fc,18,004f4c40,local,,,,
wiz8--gog-base--wiz8--18a74ff61c65,005ed6fc,19,004f4cb0,local,,,,
wiz8--gog-base--wiz8--18a74ff61c65,005ed74c,0,004f2d50,local,,,,
wiz8--gog-base--wiz8--18a74ff61c65,005ed74c,1,004f2e50,local,,,,
wiz8--gog-base--wiz8--18a74ff61c65,005ed74c,2,004f2f10,local,,,,
wiz8--gog-base--wiz8--18a74ff61c65,005ed758,0,004f6030,local,,,,
wiz8--gog-base--wiz8--18a74ff61c65,005ed758,1,004f5410,local,,,,
wiz8--gog-base--wiz8--18a74ff61c65,005ed758,2,004f4990,local,,,,
wiz8--gog-base--wiz8--18a74ff61c65,005ed758,3,004f44d0,local,,,,
wiz8--gog-base--wiz8--18a74ff61c65,005ed758,4,004f4460,local,,,,
wiz8--gog-base--wiz8--18a74ff61c65,005ed758,5,004f46a0,local,,,,
wiz8--gog-base--wiz8--18a74ff61c65,005ed758,6,004f69a0,local,,,,
wiz8--gog-base--wiz8--18a74ff61c65,005ed758,7,004f66b0,local,,,,
wiz8--gog-base--wiz8--18a74ff61c65,005ed758,8,004f4e00,local,,,,
wiz8--gog-base--wiz8--18a74ff61c65,005ed758,9,005b1be0,local,,,,
wiz8--gog-base--wiz8--18a74ff61c65,005ed758,10,005b1be0,local,,,,
wiz8--gog-base--wiz8--18a74ff61c65,005ed758,11,005b7cb0,local,,,,
wiz8--gog-base--wiz8--18a74ff61c65,005ed758,12,004f6720,local,,,,
wiz8--gog-base--wiz8--18a74ff61c65,005ed758,13,005b7cd0,local,,,,
wiz8--gog-base--wiz8--18a74ff61c65,005ed758,14,004f6780,local,,,,
wiz8--gog-base--wiz8--18a74ff61c65,005ed758,15,004f6810,local,,,,
wiz8--gog-base--wiz8--18a74ff61c65,005ed758,16,004f5230,local,,,,
wiz8--gog-base--wiz8--18a74ff61c65,005ed758,17,004f5360,local,,,,
wiz8--gog-base--wiz8--18a74ff61c65,005ed758,18,004f4c40,local,,,,
wiz8--gog-base--wiz8--18a74ff61c65,005ed758,19,004f4cb0,local,,,,
wiz8--gog-base--wiz8--18a74ff61c65,005ed7d4,0,00501f60,local,,,,
wiz8--gog-base--wiz8--18a74ff61c65,005ed7d8,0,00501f30,local,,,,
wiz8--gog-base--wiz8--18a74ff61c65,005ed810,0,0050e510,local,,,,
wiz8--gog-base--wiz8--18a74ff61c65,005ed840,0,005178c0,local,,,,
wiz8--gog-base--wiz8--18a74ff61c65,005ed844,0,00517890,local,,,,
wiz8--gog-base--wiz8--18a74ff61c65,005ed890,0,0052a290,local,,,,
wiz8--gog-base--wiz8--18a74ff61c65,005ed894,0,0052a2c0,local,,,,
wiz8--gog-base--wiz8--18a74ff61c65,005ee744,0,0052e570,local,,,,
wiz8--gog-base--wiz8--18a74ff61c65,005ee748,0,0052e570,local,,,,
wiz8--gog-base--wiz8--18a74ff61c65,005ee74c,0,0052e540,local,,,,
wiz8--gog-base--wiz8--18a74ff61c65,005ee778,0,005358f0,local,,,,
wiz8--gog-base--wiz8--18a74ff61c65,005ee7e8,0,00546dc0,local,,,,
wiz8--gog-base--wiz8--18a74ff61c65,005ee8a0,0,00558c10,local,,,,
wiz8--gog-base--wiz8--18a74ff61c65,005ee8c8,0,0055cbe0,local,,,,
wiz8--gog-base--wiz8--18a74ff61c65,005ee8cc,0,0055cbb0,local,,,,
wiz8--gog-base--wiz8--18a74ff61c65,005ee8f0,0,0055d160,local,,,,
wiz8--gog-base--wiz8--18a74ff61c65,005ee8f4,0,0055de20,local,,,,
wiz8--gog-base--wiz8--18a74ff61c65,005ee8f8,0,0055ddf0,local,,,,
wiz8--gog-base--wiz8--18a74ff61c65,005ee920,0,004f2d50,local,,,,
wiz8--gog-base--wiz8--18a74ff61c65,005ee920,1,004f2e50,local,,,,
wiz8--gog-base--wiz8--18a74ff61c65,005ee920,2,0055df80,local,,,,
wiz8--gog-base--wiz8--18a74ff61c65,005ee92c,0,0055e5b0,local,,,,
wiz8--gog-base--wiz8--18a74ff61c65,005ee92c,1,004f6950,local,,,,
wiz8--gog-base--wiz8--18a74ff61c65,005ee92c,2,005b1be0,local,,,,
wiz8--gog-base--wiz8--18a74ff61c65,005ee92c,3,004f6980,local,,,,
wiz8--gog-base--wiz8--18a74ff61c65,005ee92c,4,004f6960,local,,,,
wiz8--gog-base--wiz8--18a74ff61c65,005ee92c,5,005b1be0,local,,,,
wiz8--gog-base--wiz8--18a74ff61c65,005ee92c,6,005b1be0,local,,,,
wiz8--gog-base--wiz8--18a74ff61c65,005ee92c,7,0055e5e0,local,,,,
wiz8--gog-base--wiz8--18a74ff61c65,005ee92c,8,0055e610,local,,,,
wiz8--gog-base--wiz8--18a74ff61c65,005ee92c,9,005b1be0,local,,,,
wiz8--gog-base--wiz8--18a74ff61c65,005ee92c,10,005b1be0,local,,,,
wiz8--gog-base--wiz8--18a74ff61c65,005ee92c,11,0055e640,local,,,,
wiz8--gog-base--wiz8--18a74ff61c65,005ee92c,12,005b1be0,local,,,,
wiz8--gog-base--wiz8--18a74ff61c65,005ee92c,13,0055e660,local,,,,
wiz8--gog-base--wiz8--18a74ff61c65,005ee92c,14,005b1be0,local,,,,
wiz8--gog-base--wiz8--18a74ff61c65,005ee92c,15,005b1be0,local,,,,
wiz8--gog-base--wiz8--18a74ff61c65,005ee92c,16,005b1be0,local,,,,
wiz8--gog-base--wiz8--18a74ff61c65,005ee92c,17,005b1be0,local,,,,
wiz8--gog-base--wiz8--18a74ff61c65,005ee9d0,0,00577ad0,local,,,,
wiz8--gog-base--wiz8--18a74ff61c65,005ee9d4,0,00577b20,local,,,,
wiz8--gog-base--wiz8--18a74ff61c65,005ee9d8,0,00577b50,local,,,,
wiz8--gog-base--wiz8--18a74ff61c65,005ee9dc,0,00577b00,local,,,,
wiz8--gog-base--wiz8--18a74ff61c65,005ee9e0,0,00577b90,local,,,,
wiz8--gog-base--wiz8--18a74ff61c65,005ee9e4,0,0056bac0,local,,,,
wiz8--gog-base--wiz8--18a74ff61c65,005ee9e4,1,004f2e50,local,,,,
wiz8--gog-base--wiz8--18a74ff61c65,005ee9e4,2,0056bb20,local,,,,
wiz8--gog-base--wiz8--18a74ff61c65,005ee9f0,0,0056bc50,local,,,,
wiz8--gog-base--wiz8--18a74ff61c65,005ee9f0,1,004f2e50,local,,,,
wiz8--gog-base--wiz8--18a74ff61c65,005ee9f0,2,0056bd30,local,,,,
wiz8--gog-base--wiz8--18a74ff61c65,005ee9fc,0,00577aa0,local,,,,
wiz8--gog-base--wiz8--18a74ff61c65,005eea00,0,00577bc0,local,,,,
wiz8--gog-base--wiz8--18a74ff61c65,005eea28,0,00585420,local,,,,
wiz8--gog-base--wiz8--18a74ff61c65,005eea2c,0,005853f0,local,,,,
wiz8--gog-base--wiz8--18a74ff61c65,005eea60,0,0055e5b0,local,,,,
wiz8--gog-base--wiz8--18a74ff61c65,005eea60,1,004f6950,local,,,,
wiz8--gog-base--wiz8--18a74ff61c65,005eea60,2,005854b0,local,,,,
wiz8--gog-base--wiz8--18a74ff61c65,005eea60,3,004f6980,local,,,,
wiz8--gog-base--wiz8--18a74ff61c65,005eea60,4,004f6960,local,,,,
wiz8--gog-base--wiz8--18a74ff61c65,005eea60,5,005b1be0,local,,,,
wiz8--gog-base--wiz8--18a74ff61c65,005eea60,6,005b1be0,local,,,,
wiz8--gog-base--wiz8--18a74ff61c65,005eea60,7,00585610,local,,,,
wiz8--gog-base--wiz8--18a74ff61c65,005eea60,8,00585650,local,,,,
wiz8--gog-base--wiz8--18a74ff61c65,005eea60,9,005b1be0,local,,,,
wiz8--gog-base--wiz8--18a74ff61c65,005eea60,10,005b1be0,local,,,,
wiz8--gog-base--wiz8--18a74ff61c65,005eea60,11,004f58c0,local,,,,
wiz8--gog-base--wiz8--18a74ff61c65,005eea60,12,005b1be0,local,,,,
wiz8--gog-base--wiz8--18a74ff61c65,005eea60,13,00585690,local,,,,
wiz8--gog-base--wiz8--18a74ff61c65,005eea60,14,005b1be0,local,,,,
wiz8--gog-base--wiz8--18a74ff61c65,005eea60,15,005b1be0,local,,,,
wiz8--gog-base--wiz8--18a74ff61c65,005eea60,16,005b1be0,local,,,,
wiz8--gog-base--wiz8--18a74ff61c65,005eea60,17,005b1be0,local,,,,
wiz8--gog-base--wiz8--18a74ff61c65,005eeaa8,0,00585950,local,,,,
wiz8--gog-base--wiz8--18a74ff61c65,005eeaac,0,004f2d50,local,,,,
wiz8--gog-base--wiz8--18a74ff61c65,005eeaac,1,004f2e50,local,,,,
wiz8--gog-base--wiz8--18a74ff61c65,005eeaac,2,004f2f10,local,,,,
wiz8--gog-base--wiz8--18a74ff61c65,005eeaac,3,005858a0,local,,,,
wiz8--gog-base--wiz8--18a74ff61c65,005eeabc,0,005e1d9a,pure-virtual,,,,
wiz8--gog-base--wiz8--18a74ff61c65,005eeac0,0,004f2d50,local,,,,
wiz8--gog-base--wiz8--18a74ff61c65,005eeac0,1,004f2e50,local,,,,
wiz8--gog-base--wiz8--18a74ff61c65,005eeac0,2,00586120,local,,,,
wiz8--gog-base--wiz8--18a74ff61c65,005eeac0,3,00585e00,local,,,,
wiz8--gog-base--wiz8--18a74ff61c65,005eead0,0,00586c00,local,,,,
wiz8--gog-base--wiz8--18a74ff61c65,005eead0,1,005b1be0,local,,,,
wiz8--gog-base--wiz8--18a74ff61c65,005eead8,0,00586b10,local,,,,
wiz8--gog-base--wiz8--18a74ff61c65,005eead8,1,00586680,local,,,,
wiz8--gog-base--wiz8--18a74ff61c65,005eeae0,0,005e1d9a,pure-virtual,,,,
wiz8--gog-base--wiz8--18a74ff61c65,005eeaf8,0,00588240,local,,,,
wiz8--gog-base--wiz8--18a74ff61c65,005eeafc,0,00587e30,local,,,,
wiz8--gog-base--wiz8--18a74ff61c65,005eeafc,1,004f6950,local,,,,
wiz8--gog-base--wiz8--18a74ff61c65,005eeafc,2,00587ea0,local,,,,
wiz8--gog-base--wiz8--18a74ff61c65,005eeafc,3,004f6980,local,,,,
wiz8--gog-base--wiz8--18a74ff61c65,005eeafc,4,004f6960,local,,,,
wiz8--gog-base--wiz8--18a74ff61c65,005eeafc,5,005b1be0,local,,,,
wiz8--gog-base--wiz8--18a74ff61c65,005eeafc,6,005b1be0,local,,,,
wiz8--gog-base--wiz8--18a74ff61c65,005eeafc,7,005b1be0,local,,,,
wiz8--gog-base--wiz8--18a74ff61c65,005eeafc,8,00587ff0,local,,,,
wiz8--gog-base--wiz8--18a74ff61c65,005eeafc,9,00588010,local,,,,
wiz8--gog-base--wiz8--18a74ff61c65,005eeafc,10,00588070,local,,,,
wiz8--gog-base--wiz8--18a74ff61c65,005eeafc,11,005b1be0,local,,,,
wiz8--gog-base--wiz8--18a74ff61c65,005eeafc,12,005b1be0,local,,,,
wiz8--gog-base--wiz8--18a74ff61c65,005eeafc,13,005880b0,local,,,,
wiz8--gog-base--wiz8--18a74ff61c65,005eeafc,14,005b1be0,local,,,,
wiz8--gog-base--wiz8--18a74ff61c65,005eeafc,15,005b1be0,local,,,,
wiz8--gog-base--wiz8--18a74ff61c65,005eeafc,16,005b1be0,local,,,,
wiz8--gog-base--wiz8--18a74ff61c65,005eeafc,17,005b1be0,local,,,,
wiz8--gog-base--wiz8--18a74ff61c65,005eeafc,18,00588170,local,,,,
wiz8--gog-base--wiz8--18a74ff61c65,005eeb48,0,005e1d9a,pure-virtual,,,,
wiz8--gog-base--wiz8--18a74ff61c65,005eeb4c,0,00588350,local,,,,
wiz8--gog-base--wiz8--18a74ff61c65,005eeb4c,1,004f5410,local,,,,
wiz8--gog-base--wiz8--18a74ff61c65,005eeb4c,2,005883c0,local,,,,
wiz8--gog-base--wiz8--18a74ff61c65,005eeb4c,3,004f44d0,local,,,,
wiz8--gog-base--wiz8--18a74ff61c65,005eeb4c,4,004f4460,local,,,,
wiz8--gog-base--wiz8--18a74ff61c65,005eeb4c,5,004f46a0,local,,,,
wiz8--gog-base--wiz8--18a74ff61c65,005eeb4c,6,004f69a0,local,,,,
wiz8--gog-base--wiz8--18a74ff61c65,005eeb4c,7,005884a0,local,,,,
wiz8--gog-base--wiz8--18a74ff61c65,005eeb4c,8,004f4e00,local,,,,
wiz8--gog-base--wiz8--18a74ff61c65,005eeb4c,9,005b1be0,local,,,,
wiz8--gog-base--wiz8--18a74ff61c65,005eeb4c,10,005b1be0,local,,,,
wiz8--gog-base--wiz8--18a74ff61c65,005eeb4c,11,00588440,local,,,,
wiz8--gog-base--wiz8--18a74ff61c65,005eeb4c,12,004f5070,local,,,,
wiz8--gog-base--wiz8--18a74ff61c65,005eeb4c,13,00588470,local,,,,
wiz8--gog-base--wiz8--18a74ff61c65,005eeb4c,14,004f5290,local,,,,
wiz8--gog-base--wiz8--18a74ff61c65,005eeb4c,15,004f5310,local,,,,
wiz8--gog-base--wiz8--18a74ff61c65,005eeb4c,16,004f5230,local,,,,
wiz8--gog-base--wiz8--18a74ff61c65,005eeb4c,17,004f5360,local,,,,
wiz8--gog-base--wiz8--18a74ff61c65,005eeb4c,18,004f4c40,local,,,,
wiz8--gog-base--wiz8--18a74ff61c65,005eeb4c,19,004f4cb0,local,,,,
wiz8--gog-base--wiz8--18a74ff61c65,005eeb9c,0,005889e0,local,,,,
wiz8--gog-base--wiz8--18a74ff61c65,005eeba0,0,005889a0,local,,,,
wiz8--gog-base--wiz8--18a74ff61c65,005eeba0,1,005b1be0,local,,,,
wiz8--gog-base--wiz8--18a74ff61c65,005eeba8,0,004f2d50,local,,,,
wiz8--gog-base--wiz8--18a74ff61c65,005eeba8,1,004f2e50,local,,,,
wiz8--gog-base--wiz8--18a74ff61c65,005eeba8,2,00588830,local,,,,
wiz8--gog-base--wiz8--18a74ff61c65,005eeba8,3,00588770,local,,,,
wiz8--gog-base--wiz8--18a74ff61c65,005eebb8,0,005e1d9a,pure-virtual,,,,
wiz8--gog-base--wiz8--18a74ff61c65,005eebc0,0,004f2d50,local,,,,
wiz8--gog-base--wiz8--18a74ff61c65,005eebc0,1,004f2e50,local,,,,
wiz8--gog-base--wiz8--18a74ff61c65,005eebc0,2,005890e0,local,,,,
wiz8--gog-base--wiz8--18a74ff61c65,005eebc0,3,00588d90,local,,,,
wiz8--gog-base--wiz8--18a74ff61c65,005eebd0,0,005897f0,local,,,,
wiz8--gog-base--wiz8--18a74ff61c65,005eebd0,1,005b1be0,local,,,,
wiz8--gog-base--wiz8--18a74ff61c65,005eebd8,0,00589550,local,,,,
wiz8--gog-base--wiz8--18a74ff61c65,005eebdc,0,005e1d9a,pure-virtual,,,,
wiz8--gog-base--wiz8--18a74ff61c65,005eec50,0,005991a0,local,,,,
wiz8--gog-base--wiz8--18a74ff61c65,005eec50,1,004f5410,local,,,,
wiz8--gog-base--wiz8--18a74ff61c65,005eec50,2,00599210,local,,,,
wiz8--gog-base--wiz8--18a74ff61c65,005eec50,3,004f44d0,local,,,,
wiz8--gog-base--wiz8--18a74ff61c65,005eec50,4,004f4460,local,,,,
wiz8--gog-base--wiz8--18a74ff61c65,005eec50,5,004f46a0,local,,,,
wiz8--gog-base--wiz8--18a74ff61c65,005eec50,6,004f69a0,local,,,,
wiz8--gog-base--wiz8--18a74ff61c65,005eec50,7,004f4d30,local,,,,
wiz8--gog-base--wiz8--18a74ff61c65,005eec50,8,005992e0,local,,,,
wiz8--gog-base--wiz8--18a74ff61c65,005eec50,9,005b1be0,local,,,,
wiz8--gog-base--wiz8--18a74ff61c65,005eec50,10,005b1be0,local,,,,
wiz8--gog-base--wiz8--18a74ff61c65,005eec50,11,00599330,local,,,,
wiz8--gog-base--wiz8--18a74ff61c65,005eec50,12,004f5070,local,,,,
wiz8--gog-base--wiz8--18a74ff61c65,005eec50,13,00599360,local,,,,
wiz8--gog-base--wiz8--18a74ff61c65,005eec50,14,004f5290,local,,,,
wiz8--gog-base--wiz8--18a74ff61c65,005eec50,15,004f5310,local,,,,
wiz8--gog-base--wiz8--18a74ff61c65,005eec50,16,004f5230,local,,,,
wiz8--gog-base--wiz8--18a74ff61c65,005eec50,17,004f5360,local,,,,
wiz8--gog-base--wiz8--18a74ff61c65,005eec50,18,004f4c40,local,,,,
wiz8--gog-base--wiz8--18a74ff61c65,005eec50,19,004f4cb0,local,,,,
wiz8--gog-base--wiz8--18a74ff61c65,005eed08,0,005a34c0,local,,,,
wiz8--gog-base--wiz8--18a74ff61c65,005eed34,0,005a7570,local,,,,
wiz8--gog-base--wiz8--18a74ff61c65,005eed34,1,005b1be0,local,,,,
wiz8--gog-base--wiz8--18a74ff61c65,005eed3c,0,005a74f0,local,,,,
wiz8--gog-base--wiz8--18a74ff61c65,005eed3c,1,004f5410,local,,,,
wiz8--gog-base--wiz8--18a74ff61c65,005eed3c,2,005a7590,local,,,,
wiz8--gog-base--wiz8--18a74ff61c65,005eed3c,3,004f44d0,local,,,,
wiz8--gog-base--wiz8--18a74ff61c65,005eed3c,4,004f4460,local,,,,
wiz8--gog-base--wiz8--18a74ff61c65,005eed3c,5,004f46a0,local,,,,
wiz8--gog-base--wiz8--18a74ff61c65,005eed3c,6,004f69a0,local,,,,
wiz8--gog-base--wiz8--18a74ff61c65,005eed3c,7,004f4d30,local,,,,
wiz8--gog-base--wiz8--18a74ff61c65,005eed3c,8,004f4e00,local,,,,
wiz8--gog-base--wiz8--18a74ff61c65,005eed3c,9,005b1be0,local,,,,
wiz8--gog-base--wiz8--18a74ff61c65,005eed3c,10,005b1be0,local,,,,
wiz8--gog-base--wiz8--18a74ff61c65,005eed3c,11,004f4f70,local,,,,
wiz8--gog-base--wiz8--18a74ff61c65,005eed3c,12,004f5070,local,,,,
wiz8--gog-base--wiz8--18a74ff61c65,005eed3c,13,004f50c0,local,,,,
wiz8--gog-base--wiz8--18a74ff61c65,005eed3c,14,004f5290,local,,,,
wiz8--gog-base--wiz8--18a74ff61c65,005eed3c,15,004f5310,local,,,,
wiz8--gog-base--wiz8--18a74ff61c65,005eed3c,16,004f5230,local,,,,
wiz8--gog-base--wiz8--18a74ff61c65,005eed3c,17,004f5360,local,,,,
wiz8--gog-base--wiz8--18a74ff61c65,005eed3c,18,005a75e0,local,,,,
wiz8--gog-base--wiz8--18a74ff61c65,005eed3c,19,004f4cb0,local,,,,
wiz8--gog-base--wiz8--18a74ff61c65,005eed8c,0,005a7600,local,,,,
wiz8--gog-base--wiz8--18a74ff61c65,005eed8c,1,004f5410,local,,,,
wiz8--gog-base--wiz8--18a74ff61c65,005eed8c,2,004f4990,local,,,,
wiz8--gog-base--wiz8--18a74ff61c65,005eed8c,3,004f44d0,local,,,,
wiz8--gog-base--wiz8--18a74ff61c65,005eed8c,4,004f4460,local,,,,
wiz8--gog-base--wiz8--18a74ff61c65,005eed8c,5,004f46a0,local,,,,
wiz8--gog-base--wiz8--18a74ff61c65,005eed8c,6,004f69a0,local,,,,
wiz8--gog-base--wiz8--18a74ff61c65,005eed8c,7,004f4d30,local,,,,
wiz8--gog-base--wiz8--18a74ff61c65,005eed8c,8,004f4e00,local,,,,
wiz8--gog-base--wiz8--18a74ff61c65,005eed8c,9,005b1be0,local,,,,
wiz8--gog-base--wiz8--18a74ff61c65,005eed8c,10,005b1be0,local,,,,
wiz8--gog-base--wiz8--18a74ff61c65,005eed8c,11,004f4f70,local,,,,
wiz8--gog-base--wiz8--18a74ff61c65,005eed8c,12,004f5070,local,,,,
wiz8--gog-base--wiz8--18a74ff61c65,005eed8c,13,005a7680,local,,,,
wiz8--gog-base--wiz8--18a74ff61c65,005eed8c,14,004f5290,local,,,,
wiz8--gog-base--wiz8--18a74ff61c65,005eed8c,15,004f5310,local,,,,
wiz8--gog-base--wiz8--18a74ff61c65,005eed8c,16,004f5230,local,,,,
wiz8--gog-base--wiz8--18a74ff61c65,005eed8c,17,004f5360,local,,,,
wiz8--gog-base--wiz8--18a74ff61c65,005eed8c,18,004f4c40,local,,,,
wiz8--gog-base--wiz8--18a74ff61c65,005eed8c,19,004f4cb0,local,,,,
wiz8--gog-base--wiz8--18a74ff61c65,005eeddc,0,005a76b0,local,,,,
wiz8--gog-base--wiz8--18a74ff61c65,005eeddc,1,004f5410,local,,,,
wiz8--gog-base--wiz8--18a74ff61c65,005eeddc,2,004f4990,local,,,,
wiz8--gog-base--wiz8--18a74ff61c65,005eeddc,3,004f44d0,local,,,,
wiz8--gog-base--wiz8--18a74ff61c65,005eeddc,4,004f4460,local,,,,
wiz8--gog-base--wiz8--18a74ff61c65,005eeddc,5,004f46a0,local,,,,
wiz8--gog-base--wiz8--18a74ff61c65,005eeddc,6,004f69a0,local,,,,
wiz8--gog-base--wiz8--18a74ff61c65,005eeddc,7,004f4d30,local,,,,
wiz8--gog-base--wiz8--18a74ff61c65,005eeddc,8,004f4e00,local,,,,
wiz8--gog-base--wiz8--18a74ff61c65,005eeddc,9,005b1be0,local,,,,
wiz8--gog-base--wiz8--18a74ff61c65,005eeddc,10,005b1be0,local,,,,
wiz8--gog-base--wiz8--18a74ff61c65,005eeddc,11,004f4f70,local,,,,
wiz8--gog-base--wiz8--18a74ff61c65,005eeddc,12,004f5070,local,,,,
wiz8--gog-base--wiz8--18a74ff61c65,005eeddc,13,004f50c0,local,,,,
wiz8--gog-base--wiz8--18a74ff61c65,005eeddc,14,004f5290,local,,,,
wiz8--gog-base--wiz8--18a74ff61c65,005eeddc,15,004f5310,local,,,,
wiz8--gog-base--wiz8--18a74ff61c65,005eeddc,16,004f5230,local,,,,
wiz8--gog-base--wiz8--18a74ff61c65,005eeddc,17,004f5360,local,,,,
wiz8--gog-base--wiz8--18a74ff61c65,005eeddc,18,004f4c40,local,,,,
wiz8--gog-base--wiz8--18a74ff61c65,005eeddc,19,004f4cb0,local,,,,
wiz8--gog-base--wiz8--18a74ff61c65,005eee2c,0,005a7730,local,,,,
wiz8--gog-base--wiz8--18a74ff61c65,005eee2c,1,004f5410,local,,,,
wiz8--gog-base--wiz8--18a74ff61c65,005eee2c,2,005a77b0,local,,,,
wiz8--gog-base--wiz8--18a74ff61c65,005eee2c,3,004f44d0,local,,,,
wiz8--gog-base--wiz8--18a74ff61c65,005eee2c,4,004f4460,local,,,,
wiz8--gog-base--wiz8--18a74ff61c65,005eee2c,5,004f46a0,local,,,,
wiz8--gog-base--wiz8--18a74ff61c65,005eee2c,6,004f69a0,local,,,,
wiz8--gog-base--wiz8--18a74ff61c65,005eee2c,7,004f4d30,local,,,,
wiz8--gog-base--wiz8--18a74ff61c65,005eee2c,8,004f4e00,local,,,,
wiz8--gog-base--wiz8--18a74ff61c65,005eee2c,9,005b1be0,local,,,,
wiz8--gog-base--wiz8--18a74ff61c65,005eee2c,10,005b1be0,local,,,,
wiz8--gog-base--wiz8--18a74ff61c65,005eee2c,11,004f4f70,local,,,,
wiz8--gog-base--wiz8--18a74ff61c65,005eee2c,12,004f5070,local,,,,
wiz8--gog-base--wiz8--18a74ff61c65,005eee2c,13,005a7b10,local,,,,
wiz8--gog-base--wiz8--18a74ff61c65,005eee2c,14,004f5290,local,,,,
wiz8--gog-base--wiz8--18a74ff61c65,005eee2c,15,005a7bb0,local,,,,
wiz8--gog-base--wiz8--18a74ff61c65,005eee2c,16,004f5230,local,,,,
wiz8--gog-base--wiz8--18a74ff61c65,005eee2c,17,004f5360,local,,,,
wiz8--gog-base--wiz8--18a74ff61c65,005eee2c,18,004f4c40,local,,,,
wiz8--gog-base--wiz8--18a74ff61c65,005eee2c,19,004f4cb0,local,,,,
wiz8--gog-base--wiz8--18a74ff61c65,005eee80,0,005a7c00,local,,,,
wiz8--gog-base--wiz8--18a74ff61c65,005eee80,1,004f5410,local,,,,
wiz8--gog-base--wiz8--18a74ff61c65,005eee80,2,005a7c70,local,,,,
wiz8--gog-base--wiz8--18a74ff61c65,005eee80,3,004f44d0,local,,,,
wiz8--gog-base--wiz8--18a74ff61c65,005eee80,4,004f4460,local,,,,
wiz8--gog-base--wiz8--18a74ff61c65,005eee80,5,004f46a0,local,,,,
wiz8--gog-base--wiz8--18a74ff61c65,005eee80,6,004f69a0,local,,,,
wiz8--gog-base--wiz8--18a74ff61c65,005eee80,7,005a7ce0,local,,,,
wiz8--gog-base--wiz8--18a74ff61c65,005eee80,8,005a7d10,local,,,,
wiz8--gog-base--wiz8--18a74ff61c65,005eee80,9,005b1be0,local,,,,
wiz8--gog-base--wiz8--18a74ff61c65,005eee80,10,005b1be0,local,,,,
wiz8--gog-base--wiz8--18a74ff61c65,005eee80,11,004f4f70,local,,,,
wiz8--gog-base--wiz8--18a74ff61c65,005eee80,12,004f5070,local,,,,
wiz8--gog-base--wiz8--18a74ff61c65,005eee80,13,004f50c0,local,,,,
wiz8--gog-base--wiz8--18a74ff61c65,005eee80,14,004f5290,local,,,,
wiz8--gog-base--wiz8--18a74ff61c65,005eee80,15,004f5310,local,,,,
wiz8--gog-base--wiz8--18a74ff61c65,005eee80,16,004f5230,local,,,,
wiz8--gog-base--wiz8--18a74ff61c65,005eee80,17,004f5360,local,,,,
wiz8--gog-base--wiz8--18a74ff61c65,005eee80,18,004f4c40,local,,,,
wiz8--gog-base--wiz8--18a74ff61c65,005eee80,19,004f4cb0,local,,,,
wiz8--gog-base--wiz8--18a74ff61c65,005eeed0,0,005a7d40,local,,,,
wiz8--gog-base--wiz8--18a74ff61c65,005eeed0,1,004f5410,local,,,,
wiz8--gog-base--wiz8--18a74ff61c65,005eeed0,2,005a7c70,local,,,,
wiz8--gog-base--wiz8--18a74ff61c65,005eeed0,3,004f44d0,local,,,,
wiz8--gog-base--wiz8--18a74ff61c65,005eeed0,4,004f4460,local,,,,
wiz8--gog-base--wiz8--18a74ff61c65,005eeed0,5,004f46a0,local,,,,
wiz8--gog-base--wiz8--18a74ff61c65,005eeed0,6,004f69a0,local,,,,
wiz8--gog-base--wiz8--18a74ff61c65,005eeed0,7,005a7ce0,local,,,,
wiz8--gog-base--wiz8--18a74ff61c65,005eeed0,8,005a7d10,local,,,,
wiz8--gog-base--wiz8--18a74ff61c65,005eeed0,9,005b1be0,local,,,,
wiz8--gog-base--wiz8--18a74ff61c65,005eeed0,10,005b1be0,local,,,,
wiz8--gog-base--wiz8--18a74ff61c65,005eeed0,11,004f4f70,local,,,,
wiz8--gog-base--wiz8--18a74ff61c65,005eeed0,12,004f5070,local,,,,
wiz8--gog-base--wiz8--18a74ff61c65,005eeed0,13,004f50c0,local,,,,
wiz8--gog-base--wiz8--18a74ff61c65,005eeed0,14,004f5290,local,,,,
wiz8--gog-base--wiz8--18a74ff61c65,005eeed0,15,004f5310,local,,,,
wiz8--gog-base--wiz8--18a74ff61c65,005eeed0,16,004f5230,local,,,,
wiz8--gog-base--wiz8--18a74ff61c65,005eeed0,17,004f5360,local,,,,
wiz8--gog-base--wiz8--18a74ff61c65,005eeed0,18,004f4c40,local,,,,
wiz8--gog-base--wiz8--18a74ff61c65,005eeed0,19,004f4cb0,local,,,,
wiz8--gog-base--wiz8--18a74ff61c65,005eef20,0,005a7f30,local,,,,
wiz8--gog-base--wiz8--18a74ff61c65,005eef20,1,004f6950,local,,,,
wiz8--gog-base--wiz8--18a74ff61c65,005eef20,2,005a7f90,local,,,,
wiz8--gog-base--wiz8--18a74ff61c65,005eef20,3,004f6980,local,,,,
wiz8--gog-base--wiz8--18a74ff61c65,005eef20,4,004f6960,local,,,,
wiz8--gog-base--wiz8--18a74ff61c65,005eef20,5,005b1be0,local,,,,
wiz8--gog-base--wiz8--18a74ff61c65,005eef20,6,005b1be0,local,,,,
wiz8--gog-base--wiz8--18a74ff61c65,005eef20,7,004f58c0,local,,,,
wiz8--gog-base--wiz8--18a74ff61c65,005eef20,8,004f58d0,local,,,,
wiz8--gog-base--wiz8--18a74ff61c65,005eef20,9,005a7f60,local,,,,
wiz8--gog-base--wiz8--18a74ff61c65,005eef20,10,005b1be0,local,,,,
wiz8--gog-base--wiz8--18a74ff61c65,005eef20,11,004f5780,local,,,,
wiz8--gog-base--wiz8--18a74ff61c65,005eef20,12,005b1be0,local,,,,
wiz8--gog-base--wiz8--18a74ff61c65,005eef20,13,004f5880,local,,,,
wiz8--gog-base--wiz8--18a74ff61c65,005eef20,14,005b1be0,local,,,,
wiz8--gog-base--wiz8--18a74ff61c65,005eef20,15,005b1be0,local,,,,
wiz8--gog-base--wiz8--18a74ff61c65,005eef20,16,005b1be0,local,,,,
wiz8--gog-base--wiz8--18a74ff61c65,005eef20,17,005b1be0,local,,,,
wiz8--gog-base--wiz8--18a74ff61c65,005eef68,0,005a8050,local,,,,
wiz8--gog-base--wiz8--18a74ff61c65,005eef6c,0,005a8170,local,,,,
wiz8--gog-base--wiz8--18a74ff61c65,005eef6c,1,005d2d00,local,,,,
wiz8--gog-base--wiz8--18a74ff61c65,005eef6c,2,005d2f40,local,,,,
wiz8--gog-base--wiz8--18a74ff61c65,005eef6c,3,005d2660,local,,,,
wiz8--gog-base--wiz8--18a74ff61c65,005eef6c,4,005ad280,local,,,,
wiz8--gog-base--wiz8--18a74ff61c65,005eef6c,5,005dc940,local,,,,
wiz8--gog-base--wiz8--18a74ff61c65,005eef6c,6,005dc9c0,local,,,,
wiz8--gog-base--wiz8--18a74ff61c65,005eef6c,7,005dc9f0,local,,,,
wiz8--gog-base--wiz8--18a74ff61c65,005eef6c,8,005dca70,local,,,,
wiz8--gog-base--wiz8--18a74ff61c65,005eef6c,9,005a81a0,local,,,,
wiz8--gog-base--wiz8--18a74ff61c65,005eef6c,10,005b1be0,local,,,,
wiz8--gog-base--wiz8--18a74ff61c65,005eef6c,11,005ad270,local,,,,
wiz8--gog-base--wiz8--18a74ff61c65,005eef6c,12,005b1bf0,local,,,,
wiz8--gog-base--wiz8--18a74ff61c65,005eef6c,13,005b1be0,local,,,,
wiz8--gog-base--wiz8--18a74ff61c65,005eef6c,14,005d3020,local,,,,
wiz8--gog-base--wiz8--18a74ff61c65,005eefa8,0,004f2d50,local,,,,
wiz8--gog-base--wiz8--18a74ff61c65,005eefa8,1,004f2e50,local,,,,
wiz8--gog-base--wiz8--18a74ff61c65,005eefa8,2,005a8470,local,,,,
wiz8--gog-base--wiz8--18a74ff61c65,005eefa8,3,005a8300,local,,,,
wiz8--gog-base--wiz8--18a74ff61c65,005eefa8,4,005e1d9a,pure-virtual,,,,
wiz8--gog-base--wiz8--18a74ff61c65,005eefa8,5,005a8440,local,,,,
wiz8--gog-base--wiz8--18a74ff61c65,005eefa8,6,005a84c0,local,,,,
wiz8--gog-base--wiz8--18a74ff61c65,005eefc4,0,005ad0c0,local,,,,
wiz8--gog-base--wiz8--18a74ff61c65,005eefc8,0,005ad090,local,,,,
wiz8--gog-base--wiz8--18a74ff61c65,005eefcc,0,005ad070,local,,,,
wiz8--gog-base--wiz8--18a74ff61c65,005eefd0,0,005ad040,local,,,,
wiz8--gog-base--wiz8--18a74ff61c65,005eefd4,0,005a8080,local,,,,
wiz8--gog-base--wiz8--18a74ff61c65,005eefd4,1,005b1be0,local,,,,
wiz8--gog-base--wiz8--18a74ff61c65,005eefd4,2,005a8b30,local,,,,
wiz8--gog-base--wiz8--18a74ff61c65,005eefe0,0,005ad0e0,local,,,,
wiz8--gog-base--wiz8--18a74ff61c65,005eefe4,0,005a9050,local,,,,
wiz8--gog-base--wiz8--18a74ff61c65,005eefe4,1,005b1be0,local,,,,
wiz8--gog-base--wiz8--18a74ff61c65,005eefec,0,004f2d50,local,,,,
wiz8--gog-base--wiz8--18a74ff61c65,005eefec,1,004f2e50,local,,,,
wiz8--gog-base--wiz8--18a74ff61c65,005eefec,2,005a9020,local,,,,
wiz8--gog-base--wiz8--18a74ff61c65,005eefec,3,005a8e40,local,,,,
wiz8--gog-base--wiz8--18a74ff61c65,005eeffc,0,005a9ac0,local,,,,
wiz8--gog-base--wiz8--18a74ff61c65,005ef000,0,005a9a60,local,,,,
wiz8--gog-base--wiz8--18a74ff61c65,005ef000,1,005b1be0,local,,,,
wiz8--gog-base--wiz8--18a74ff61c65,005ef008,0,005a98a0,local,,,,
wiz8--gog-base--wiz8--18a74ff61c65,005ef00c,0,005ad160,local,,,,
wiz8--gog-base--wiz8--18a74ff61c65,005ef010,0,005ad130,local,,,,
wiz8--gog-base--wiz8--18a74ff61c65,005ef014,0,005e1d9a,pure-virtual,,,,
wiz8--gog-base--wiz8--18a74ff61c65,005ef018,0,005e1d9a,pure-virtual,,,,
wiz8--gog-base--wiz8--18a74ff61c65,005ef01c,0,005ad110,local,,,,
wiz8--gog-base--wiz8--18a74ff61c65,005ef020,0,005abe60,local,,,,
wiz8--gog-base--wiz8--18a74ff61c65,005ef024,0,005abe20,local,,,,
wiz8--gog-base--wiz8--18a74ff61c65,005ef028,0,005abd30,local,,,,
wiz8--gog-base--wiz8--18a74ff61c65,005ef02c,0,005abd00,local,,,,
wiz8--gog-base--wiz8--18a74ff61c65,005ef02c,1,005b1be0,local,,,,
wiz8--gog-base--wiz8--18a74ff61c65,005ef034,0,004f2d50,local,,,,
wiz8--gog-base--wiz8--18a74ff61c65,005ef034,1,005abce0,local,,,,
wiz8--gog-base--wiz8--18a74ff61c65,005ef034,2,005a8470,local,,,,
wiz8--gog-base--wiz8--18a74ff61c65,005ef034,3,005ab7f0,local,,,,
wiz8--gog-base--wiz8--18a74ff61c65,005ef034,4,005ab930,local,,,,
wiz8--gog-base--wiz8--18a74ff61c65,005ef034,5,005abd90,local,,,,
wiz8--gog-base--wiz8--18a74ff61c65,005ef034,6,005a84c0,local,,,,
wiz8--gog-base--wiz8--18a74ff61c65,005ef050,0,005e1d9a,pure-virtual,,,,
wiz8--gog-base--wiz8--18a74ff61c65,005ef054,0,005ab250,local,,,,
wiz8--gog-base--wiz8--18a74ff61c65,005ef058,0,005ab1b0,local,,,,
wiz8--gog-base--wiz8--18a74ff61c65,005ef058,1,005ab230,local,,,,
wiz8--gog-base--wiz8--18a74ff61c65,005ef060,0,005aafc0,local,,,,
wiz8--gog-base--wiz8--18a74ff61c65,005ef064,0,005aadd0,local,,,,
wiz8--gog-base--wiz8--18a74ff61c65,005ef068,0,005aace0,local,,,,
wiz8--gog-base--wiz8--18a74ff61c65,005ef068,1,005b1be0,local,,,,
wiz8--gog-base--wiz8--18a74ff61c65,005ef070,0,004f2d50,local,,,,
wiz8--gog-base--wiz8--18a74ff61c65,005ef070,1,004f2e50,local,,,,
wiz8--gog-base--wiz8--18a74ff61c65,005ef070,2,005a8470,local,,,,
wiz8--gog-base--wiz8--18a74ff61c65,005ef070,3,005ace00,local,,,,
wiz8--gog-base--wiz8--18a74ff61c65,005ef070,4,005aa7d0,local,,,,
wiz8--gog-base--wiz8--18a74ff61c65,005ef070,5,005aaac0,local,,,,
wiz8--gog-base--wiz8--18a74ff61c65,005ef070,6,005aab30,local,,,,
wiz8--gog-base--wiz8--18a74ff61c65,005ef08c,0,005ad1b0,local,,,,
wiz8--gog-base--wiz8--18a74ff61c65,005ef090,0,005e1d9a,pure-virtual,,,,
wiz8--gog-base--wiz8--18a74ff61c65,005ef090,1,005e1d9a,pure-virtual,,,,
wiz8--gog-base--wiz8--18a74ff61c65,005ef098,0,005e1d9a,pure-virtual,,,,
wiz8--gog-base--wiz8--18a74ff61c65,005ef09c,0,004f2d50,local,,,,
wiz8--gog-base--wiz8--18a74ff61c65,005ef09c,1,004f2e50,local,,,,
wiz8--gog-base--wiz8--18a74ff61c65,005ef09c,2,005a8470,local,,,,
wiz8--gog-base--wiz8--18a74ff61c65,005ef09c,3,005ac540,local,,,,
wiz8--gog-base--wiz8--18a74ff61c65,005ef09c,4,005a9ea0,local,,,,
wiz8--gog-base--wiz8--18a74ff61c65,005ef09c,5,005a8440,local,,,,
wiz8--gog-base--wiz8--18a74ff61c65,005ef09c,6,005a84c0,local,,,,
wiz8--gog-base--wiz8--18a74ff61c65,005ef0b8,0,004f2d50,local,,,,
wiz8--gog-base--wiz8--18a74ff61c65,005ef0b8,1,004f2e50,local,,,,
wiz8--gog-base--wiz8--18a74ff61c65,005ef0b8,2,005a8470,local,,,,
wiz8--gog-base--wiz8--18a74ff61c65,005ef0b8,3,005acb80,local,,,,
wiz8--gog-base--wiz8--18a74ff61c65,005ef0b8,4,005aa410,local,,,,
wiz8--gog-base--wiz8--18a74ff61c65,005ef0b8,5,005a8440,local,,,,
wiz8--gog-base--wiz8--18a74ff61c65,005ef0b8,6,005a84c0,local,,,,
wiz8--gog-base--wiz8--18a74ff61c65,005ef0d4,0,005aa3f0,local,,,,
wiz8--gog-base--wiz8--18a74ff61c65,005ef0d4,1,005aa400,local,,,,
wiz8--gog-base--wiz8--18a74ff61c65,005ef0dc,0,004f2d50,local,,,,
wiz8--gog-base--wiz8--18a74ff61c65,005ef0dc,1,004f2e50,local,,,,
wiz8--gog-base--wiz8--18a74ff61c65,005ef0dc,2,005a8470,local,,,,
wiz8--gog-base--wiz8--18a74ff61c65,005ef0dc,3,005aca40,local,,,,
wiz8--gog-base--wiz8--18a74ff61c65,005ef0dc,4,005aa310,local,,,,
wiz8--gog-base--wiz8--18a74ff61c65,005ef0dc,5,005a8440,local,,,,
wiz8--gog-base--wiz8--18a74ff61c65,005ef0dc,6,005a84c0,local,,,,
wiz8--gog-base--wiz8--18a74ff61c65,005ef0f8,0,005aa730,local,,,,
wiz8--gog-base--wiz8--18a74ff61c65,005ef0f8,1,005b1be0,local,,,,
wiz8--gog-base--wiz8--18a74ff61c65,005ef100,0,005aa620,local,,,,
wiz8--gog-base--wiz8--18a74ff61c65,005ef100,1,005aa6a0,local,,,,
wiz8--gog-base--wiz8--18a74ff61c65,005ef108,0,004f2d50,local,,,,
wiz8--gog-base--wiz8--18a74ff61c65,005ef108,1,004f2e50,local,,,,
wiz8--gog-base--wiz8--18a74ff61c65,005ef108,2,005a8470,local,,,,
wiz8--gog-base--wiz8--18a74ff61c65,005ef108,3,005accc0,local,,,,
wiz8--gog-base--wiz8--18a74ff61c65,005ef108,4,005aa480,local,,,,
wiz8--gog-base--wiz8--18a74ff61c65,005ef108,5,005a8440,local,,,,
wiz8--gog-base--wiz8--18a74ff61c65,005ef108,6,005a84c0,local,,,,
wiz8--gog-base--wiz8--18a74ff61c65,005ef124,0,005aa2d0,local,,,,
wiz8--gog-base--wiz8--18a74ff61c65,005ef124,1,005b1be0,local,,,,
wiz8--gog-base--wiz8--18a74ff61c65,005ef12c,0,005b1be0,local,,,,
wiz8--gog-base--wiz8--18a74ff61c65,005ef12c,1,005aa2a0,local,,,,
wiz8--gog-base--wiz8--18a74ff61c65,005ef134,0,004f2d50,local,,,,
wiz8--gog-base--wiz8--18a74ff61c65,005ef134,1,004f2e50,local,,,,
wiz8--gog-base--wiz8--18a74ff61c65,005ef134,2,005a8470,local,,,,
wiz8--gog-base--wiz8--18a74ff61c65,005ef134,3,005ac900,local,,,,
wiz8--gog-base--wiz8--18a74ff61c65,005ef134,4,005aa170,local,,,,
wiz8--gog-base--wiz8--18a74ff61c65,005ef134,5,005a8440,local,,,,
wiz8--gog-base--wiz8--18a74ff61c65,005ef134,6,005a84c0,local,,,,
wiz8--gog-base--wiz8--18a74ff61c65,005ef150,0,005e1d9a,pure-virtual,,,,
wiz8--gog-base--wiz8--18a74ff61c65,005ef150,1,005e1d9a,pure-virtual,,,,
wiz8--gog-base--wiz8--18a74ff61c65,005ef158,0,004f2d50,local,,,,
wiz8--gog-base--wiz8--18a74ff61c65,005ef158,1,004f2e50,local,,,,
wiz8--gog-base--wiz8--18a74ff61c65,005ef158,2,005a8470,local,,,,
wiz8--gog-base--wiz8--18a74ff61c65,005ef158,3,005ac7c0,local,,,,
wiz8--gog-base--wiz8--18a74ff61c65,005ef158,4,005aa0c0,local,,,,
wiz8--gog-base--wiz8--18a74ff61c65,005ef158,5,005a8440,local,,,,
wiz8--gog-base--wiz8--18a74ff61c65,005ef158,6,005a84c0,local,,,,
wiz8--gog-base--wiz8--18a74ff61c65,005ef174,0,004f2d50,local,,,,
wiz8--gog-base--wiz8--18a74ff61c65,005ef174,1,004f2e50,local,,,,
wiz8--gog-base--wiz8--18a74ff61c65,005ef174,2,005a8470,local,,,,
wiz8--gog-base--wiz8--18a74ff61c65,005ef174,3,005ac680,local,,,,
wiz8--gog-base--wiz8--18a74ff61c65,005ef174,4,005a9fd0,local,,,,
wiz8--gog-base--wiz8--18a74ff61c65,005ef174,5,005a8440,local,,,,
wiz8--gog-base--wiz8--18a74ff61c65,005ef174,6,005a84c0,local,,,,
wiz8--gog-base--wiz8--18a74ff61c65,005ef190,0,005ad180,local,,,,
wiz8--gog-base--wiz8--18a74ff61c65,005ef1d8,0,005afc50,local,,,,
wiz8--gog-base--wiz8--18a74ff61c65,005ef1d8,1,005afcb0,local,,,,
wiz8--gog-base--wiz8--18a74ff61c65,005ef1d8,2,005af990,local,,,,
wiz8--gog-base--wiz8--18a74ff61c65,005ef1e4,0,004f2d50,local,,,,
wiz8--gog-base--wiz8--18a74ff61c65,005ef1e4,1,005aff50,local,,,,
wiz8--gog-base--wiz8--18a74ff61c65,005ef1e4,2,005aff20,local,,,,
wiz8--gog-base--wiz8--18a74ff61c65,005ef1e4,3,005afe20,local,,,,
wiz8--gog-base--wiz8--18a74ff61c65,005ef1e4,4,005aff00,local,,,,
wiz8--gog-base--wiz8--18a74ff61c65,005ef1e4,5,005e1d9a,pure-virtual,,,,
wiz8--gog-base--wiz8--18a74ff61c65,005ef1e4,6,005e1d9a,pure-virtual,,,,
wiz8--gog-base--wiz8--18a74ff61c65,005ef1e4,7,005e1d9a,pure-virtual,,,,
wiz8--gog-base--wiz8--18a74ff61c65,005ef1e4,8,005e1d9a,pure-virtual,,,,
wiz8--gog-base--wiz8--18a74ff61c65,005ef1e4,9,005b1be0,local,,,,
wiz8--gog-base--wiz8--18a74ff61c65,005ef1e4,10,005b1bf0,local,,,,
wiz8--gog-base--wiz8--18a74ff61c65,005ef1e4,11,005affa0,local,,,,
wiz8--gog-base--wiz8--18a74ff61c65,005ef214,0,005b1bc0,local,,,,
wiz8--gog-base--wiz8--18a74ff61c65,005ef218,0,005b1b90,local,,,,
wiz8--gog-base--wiz8--18a74ff61c65,005ef21c,0,005b0a40,local,,,,
wiz8--gog-base--wiz8--18a74ff61c65,005ef21c,1,005b1be0,local,,,,
wiz8--gog-base--wiz8--18a74ff61c65,005ef224,0,005b0580,local,,,,
wiz8--gog-base--wiz8--18a74ff61c65,005ef224,1,005b0610,local,,,,
wiz8--gog-base--wiz8--18a74ff61c65,005ef224,2,005b06a0,local,,,,
wiz8--gog-base--wiz8--18a74ff61c65,005ef224,3,005b0730,local,,,,
wiz8--gog-base--wiz8--18a74ff61c65,005ef224,4,005b07c0,local,,,,
wiz8--gog-base--wiz8--18a74ff61c65,005ef224,5,005b0850,local,,,,
wiz8--gog-base--wiz8--18a74ff61c65,005ef224,6,005b08e0,local,,,,
wiz8--gog-base--wiz8--18a74ff61c65,005ef224,7,005b09b0,local,,,,
wiz8--gog-base--wiz8--18a74ff61c65,005ef224,8,005b0a10,local,,,,
wiz8--gog-base--wiz8--18a74ff61c65,005ef224,9,005b0120,local,,,,
wiz8--gog-base--wiz8--18a74ff61c65,005ef224,10,005b0130,local,,,,
wiz8--gog-base--wiz8--18a74ff61c65,005ef270,0,005b3470,local,,,,
wiz8--gog-base--wiz8--18a74ff61c65,005ef270,1,005b1be0,local,,,,
wiz8--gog-base--wiz8--18a74ff61c65,005ef278,0,005b33a0,local,,,,
wiz8--gog-base--wiz8--18a74ff61c65,005ef278,1,004f2e50,local,,,,
wiz8--gog-base--wiz8--18a74ff61c65,005ef278,2,005b34a0,local,,,,
wiz8--gog-base--wiz8--18a74ff61c65,005ef298,0,005b7180,local,,,,
wiz8--gog-base--wiz8--18a74ff61c65,005ef2b0,0,005b7c20,local,,,,
wiz8--gog-base--wiz8--18a74ff61c65,005ef2b0,1,004f5410,local,,,,
wiz8--gog-base--wiz8--18a74ff61c65,005ef2b0,2,004f4990,local,,,,
wiz8--gog-base--wiz8--18a74ff61c65,005ef2b0,3,004f44d0,local,,,,
wiz8--gog-base--wiz8--18a74ff61c65,005ef2b0,4,004f4460,local,,,,
wiz8--gog-base--wiz8--18a74ff61c65,005ef2b0,5,004f46a0,local,,,,
wiz8--gog-base--wiz8--18a74ff61c65,005ef2b0,6,004f69a0,local,,,,
wiz8--gog-base--wiz8--18a74ff61c65,005ef2b0,7,005b7c90,local,,,,
wiz8--gog-base--wiz8--18a74ff61c65,005ef2b0,8,004f4e00,local,,,,
wiz8--gog-base--wiz8--18a74ff61c65,005ef2b0,9,005b1be0,local,,,,
wiz8--gog-base--wiz8--18a74ff61c65,005ef2b0,10,005b1be0,local,,,,
wiz8--gog-base--wiz8--18a74ff61c65,005ef2b0,11,005b7cb0,local,,,,
wiz8--gog-base--wiz8--18a74ff61c65,005ef2b0,12,004f5070,local,,,,
wiz8--gog-base--wiz8--18a74ff61c65,005ef2b0,13,005b7cd0,local,,,,
wiz8--gog-base--wiz8--18a74ff61c65,005ef2b0,14,004f5290,local,,,,
wiz8--gog-base--wiz8--18a74ff61c65,005ef2b0,15,005b7cf0,local,,,,
wiz8--gog-base--wiz8--18a74ff61c65,005ef2b0,16,004f5230,local,,,,
wiz8--gog-base--wiz8--18a74ff61c65,005ef2b0,17,004f5360,local,,,,
wiz8--gog-base--wiz8--18a74ff61c65,005ef2b0,18,004f4c40,local,,,,
wiz8--gog-base--wiz8--18a74ff61c65,005ef2b0,19,004f4cb0,local,,,,
wiz8--gog-base--wiz8--18a74ff61c65,005ef310,0,005bc7d0,local,,,,
wiz8--gog-base--wiz8--18a74ff61c65,005ef338,0,005bdc20,local,,,,
wiz8--gog-base--wiz8--18a74ff61c65,005ef338,1,005b1be0,local,,,,
wiz8--gog-base--wiz8--18a74ff61c65,005ef340,0,004f2d50,local,,,,
wiz8--gog-base--wiz8--18a74ff61c65,005ef340,1,004f2e50,local,,,,
wiz8--gog-base--wiz8--18a74ff61c65,005ef340,2,005bdbf0,local,,,,
wiz8--gog-base--wiz8--18a74ff61c65,005ef340,3,005bd7d0,local,,,,
wiz8--gog-base--wiz8--18a74ff61c65,005ef360,0,005c3740,local,,,,
wiz8--gog-base--wiz8--18a74ff61c65,005ef364,0,005be930,local,,,,
wiz8--gog-base--wiz8--18a74ff61c65,005ef364,1,004f5410,local,,,,
wiz8--gog-base--wiz8--18a74ff61c65,005ef364,2,005be9b0,local,,,,
wiz8--gog-base--wiz8--18a74ff61c65,005ef364,3,004f44d0,local,,,,
wiz8--gog-base--wiz8--18a74ff61c65,005ef364,4,004f4460,local,,,,
wiz8--gog-base--wiz8--18a74ff61c65,005ef364,5,004f46a0,local,,,,
wiz8--gog-base--wiz8--18a74ff61c65,005ef364,6,004f69a0,local,,,,
wiz8--gog-base--wiz8--18a74ff61c65,005ef364,7,004f4d30,local,,,,
wiz8--gog-base--wiz8--18a74ff61c65,005ef364,8,004f4e00,local,,,,
wiz8--gog-base--wiz8--18a74ff61c65,005ef364,9,005b1be0,local,,,,
wiz8--gog-base--wiz8--18a74ff61c65,005ef364,10,005beb90,local,,,,
wiz8--gog-base--wiz8--18a74ff61c65,005ef364,11,004f4f70,local,,,,
wiz8--gog-base--wiz8--18a74ff61c65,005ef364,12,004f5070,local,,,,
wiz8--gog-base--wiz8--18a74ff61c65,005ef364,13,004f50c0,local,,,,
wiz8--gog-base--wiz8--18a74ff61c65,005ef364,14,005beb10,local,,,,
wiz8--gog-base--wiz8--18a74ff61c65,005ef364,15,005beb50,local,,,,
wiz8--gog-base--wiz8--18a74ff61c65,005ef364,16,004f5230,local,,,,
wiz8--gog-base--wiz8--18a74ff61c65,005ef364,17,004f5360,local,,,,
wiz8--gog-base--wiz8--18a74ff61c65,005ef364,18,004f4c40,local,,,,
wiz8--gog-base--wiz8--18a74ff61c65,005ef364,19,004f4cb0,local,,,,
wiz8--gog-base--wiz8--18a74ff61c65,005ef3b4,0,005bf0c0,local,,,,
wiz8--gog-base--wiz8--18a74ff61c65,005ef3b4,1,005bf050,local,,,,
wiz8--gog-base--wiz8--18a74ff61c65,005ef3b4,2,005bf0e0,local,,,,
wiz8--gog-base--wiz8--18a74ff61c65,005ef3c0,0,005beea0,local,,,,
wiz8--gog-base--wiz8--18a74ff61c65,005ef3c4,0,005bee70,local,,,,
wiz8--gog-base--wiz8--18a74ff61c65,005ef3c8,0,004f2d50,local,,,,
wiz8--gog-base--wiz8--18a74ff61c65,005ef3c8,1,004f2e50,local,,,,
wiz8--gog-base--wiz8--18a74ff61c65,005ef3c8,2,004f2f10,local,,,,
wiz8--gog-base--wiz8--18a74ff61c65,005ef3c8,3,005bedd0,local,,,,
wiz8--gog-base--wiz8--18a74ff61c65,005ef3d8,0,005e1d9a,pure-virtual,,,,
wiz8--gog-base--wiz8--18a74ff61c65,005ef3d8,1,005e1d9a,pure-virtual,,,,
wiz8--gog-base--wiz8--18a74ff61c65,005ef3d8,2,005e1d9a,pure-virtual,,,,
wiz8--gog-base--wiz8--18a74ff61c65,005ef3e4,0,005bf200,local,,,,
wiz8--gog-base--wiz8--18a74ff61c65,005ef3e4,1,004f5410,local,,,,
wiz8--gog-base--wiz8--18a74ff61c65,005ef3e4,2,005bf280,local,,,,
wiz8--gog-base--wiz8--18a74ff61c65,005ef3e4,3,004f44d0,local,,,,
wiz8--gog-base--wiz8--18a74ff61c65,005ef3e4,4,004f4460,local,,,,
wiz8--gog-base--wiz8--18a74ff61c65,005ef3e4,5,004f46a0,local,,,,
wiz8--gog-base--wiz8--18a74ff61c65,005ef3e4,6,004f69a0,local,,,,
wiz8--gog-base--wiz8--18a74ff61c65,005ef3e4,7,004f4d30,local,,,,
wiz8--gog-base--wiz8--18a74ff61c65,005ef3e4,8,004f4e00,local,,,,
wiz8--gog-base--wiz8--18a74ff61c65,005ef3e4,9,005b1be0,local,,,,
wiz8--gog-base--wiz8--18a74ff61c65,005ef3e4,10,005b1be0,local,,,,
wiz8--gog-base--wiz8--18a74ff61c65,005ef3e4,11,004f4f70,local,,,,
wiz8--gog-base--wiz8--18a74ff61c65,005ef3e4,12,004f5070,local,,,,
wiz8--gog-base--wiz8--18a74ff61c65,005ef3e4,13,004f50c0,local,,,,
wiz8--gog-base--wiz8--18a74ff61c65,005ef3e4,14,005bf410,local,,,,
wiz8--gog-base--wiz8--18a74ff61c65,005ef3e4,15,005bf4e0,local,,,,
wiz8--gog-base--wiz8--18a74ff61c65,005ef3e4,16,004f5230,local,,,,
wiz8--gog-base--wiz8--18a74ff61c65,005ef3e4,17,004f5360,local,,,,
wiz8--gog-base--wiz8--18a74ff61c65,005ef3e4,18,004f4c40,local,,,,
wiz8--gog-base--wiz8--18a74ff61c65,005ef3e4,19,004f4cb0,local,,,,
wiz8--gog-base--wiz8--18a74ff61c65,005ef434,0,005bf6b0,local,,,,
wiz8--gog-base--wiz8--18a74ff61c65,005ef438,0,004f2d50,local,,,,
wiz8--gog-base--wiz8--18a74ff61c65,005ef438,1,004f2e50,local,,,,
wiz8--gog-base--wiz8--18a74ff61c65,005ef438,2,004f2f10,local,,,,
wiz8--gog-base--wiz8--18a74ff61c65,005ef438,3,005bf620,local,,,,
wiz8--gog-base--wiz8--18a74ff61c65,005ef448,0,005bf840,local,,,,
wiz8--gog-base--wiz8--18a74ff61c65,005ef448,1,005b1be0,local,,,,
wiz8--gog-base--wiz8--18a74ff61c65,005ef450,0,004f2d50,local,,,,
wiz8--gog-base--wiz8--18a74ff61c65,005ef450,1,004f2e50,local,,,,
wiz8--gog-base--wiz8--18a74ff61c65,005ef450,2,004f2f10,local,,,,
wiz8--gog-base--wiz8--18a74ff61c65,005ef450,3,005bf7c0,local,,,,
wiz8--gog-base--wiz8--18a74ff61c65,005ef460,0,005c01b0,local,,,,
wiz8--gog-base--wiz8--18a74ff61c65,005ef464,0,005bff20,local,,,,
wiz8--gog-base--wiz8--18a74ff61c65,005ef464,1,004f6950,local,,,,
wiz8--gog-base--wiz8--18a74ff61c65,005ef464,2,005bff60,local,,,,
wiz8--gog-base--wiz8--18a74ff61c65,005ef464,3,004f6980,local,,,,
wiz8--gog-base--wiz8--18a74ff61c65,005ef464,4,004f6960,local,,,,
wiz8--gog-base--wiz8--18a74ff61c65,005ef464,5,005b1be0,local,,,,
wiz8--gog-base--wiz8--18a74ff61c65,005ef464,6,005b1be0,local,,,,
wiz8--gog-base--wiz8--18a74ff61c65,005ef464,7,005b1be0,local,,,,
wiz8--gog-base--wiz8--18a74ff61c65,005ef464,8,005c00c0,local,,,,
wiz8--gog-base--wiz8--18a74ff61c65,005ef464,9,005c00e0,local,,,,
wiz8--gog-base--wiz8--18a74ff61c65,005ef464,10,005b1be0,local,,,,
wiz8--gog-base--wiz8--18a74ff61c65,005ef464,11,005b1be0,local,,,,
wiz8--gog-base--wiz8--18a74ff61c65,005ef464,12,005b1be0,local,,,,
wiz8--gog-base--wiz8--18a74ff61c65,005ef464,13,005c0140,local,,,,
wiz8--gog-base--wiz8--18a74ff61c65,005ef464,14,005b1be0,local,,,,
wiz8--gog-base--wiz8--18a74ff61c65,005ef464,15,005b1be0,local,,,,
wiz8--gog-base--wiz8--18a74ff61c65,005ef464,16,005b1be0,local,,,,
wiz8--gog-base--wiz8--18a74ff61c65,005ef464,17,005b1be0,local,,,,
wiz8--gog-base--wiz8--18a74ff61c65,005ef4ac,0,004f2d50,local,,,,
wiz8--gog-base--wiz8--18a74ff61c65,005ef4ac,1,004f2e50,local,,,,
wiz8--gog-base--wiz8--18a74ff61c65,005ef4ac,2,005c0560,local,,,,
wiz8--gog-base--wiz8--18a74ff61c65,005ef4ac,3,005c0460,local,,,,
wiz8--gog-base--wiz8--18a74ff61c65,005ef4bc,0,005c0e20,local,,,,
wiz8--gog-base--wiz8--18a74ff61c65,005ef4c0,0,005c1d70,local,,,,
wiz8--gog-base--wiz8--18a74ff61c65,005ef4c0,1,005c1ea0,local,,,,
wiz8--gog-base--wiz8--18a74ff61c65,005ef4c8,0,005c1d60,local,,,,
wiz8--gog-base--wiz8--18a74ff61c65,005ef4cc,0,005c1920,local,,,,
wiz8--gog-base--wiz8--18a74ff61c65,005ef4cc,1,005b1be0,local,,,,
wiz8--gog-base--wiz8--18a74ff61c65,005ef4d4,0,005e1d9a,pure-virtual,,,,
wiz8--gog-base--wiz8--18a74ff61c65,005ef4d4,1,005e1d9a,pure-virtual,,,,
wiz8--gog-base--wiz8--18a74ff61c65,005ef4dc,0,005e1d9a,pure-virtual,,,,
wiz8--gog-base--wiz8--18a74ff61c65,005ef4e0,0,004f2d50,local,,,,
wiz8--gog-base--wiz8--18a74ff61c65,005ef4e0,1,004f2e50,local,,,,
wiz8--gog-base--wiz8--18a74ff61c65,005ef4e0,2,005bf8b0,local,,,,
wiz8--gog-base--wiz8--18a74ff61c65,005ef4e0,3,005c1560,local,,,,
wiz8--gog-base--wiz8--18a74ff61c65,005ef4f0,0,005c3770,local,,,,
wiz8--gog-base--wiz8--18a74ff61c65,005ef530,0,005c44e0,local,,,,
wiz8--gog-base--wiz8--18a74ff61c65,005ef534,0,005c4800,local,,,,
wiz8--gog-base--wiz8--18a74ff61c65,005ef534,1,005b1be0,local,,,,
wiz8--gog-base--wiz8--18a74ff61c65,005ef53c,0,004f2d50,local,,,,
wiz8--gog-base--wiz8--18a74ff61c65,005ef53c,1,004f2e50,local,,,,
wiz8--gog-base--wiz8--18a74ff61c65,005ef53c,2,004f2f10,local,,,,
wiz8--gog-base--wiz8--18a74ff61c65,005ef53c,3,005c4780,local,,,,
wiz8--gog-base--wiz8--18a74ff61c65,005ef570,0,005c7220,local,,,,
wiz8--gog-base--wiz8--18a74ff61c65,005ef570,1,005b1be0,local,,,,
wiz8--gog-base--wiz8--18a74ff61c65,005ef578,0,005c73b0,local,,,,
wiz8--gog-base--wiz8--18a74ff61c65,005ef57c,0,004f2d50,local,,,,
wiz8--gog-base--wiz8--18a74ff61c65,005ef57c,1,005aff50,local,,,,
wiz8--gog-base--wiz8--18a74ff61c65,005ef57c,2,005c6b70,local,,,,
wiz8--gog-base--wiz8--18a74ff61c65,005ef57c,3,005c74c0,local,,,,
wiz8--gog-base--wiz8--18a74ff61c65,005ef57c,4,005c6460,local,,,,
wiz8--gog-base--wiz8--18a74ff61c65,005ef57c,5,005c6820,local,,,,
wiz8--gog-base--wiz8--18a74ff61c65,005ef57c,6,005c68f0,local,,,,
wiz8--gog-base--wiz8--18a74ff61c65,005ef57c,7,005c6910,local,,,,
wiz8--gog-base--wiz8--18a74ff61c65,005ef57c,8,005c69a0,local,,,,
wiz8--gog-base--wiz8--18a74ff61c65,005ef57c,9,005c6a60,local,,,,
wiz8--gog-base--wiz8--18a74ff61c65,005ef57c,10,005c6b20,local,,,,
wiz8--gog-base--wiz8--18a74ff61c65,005ef57c,11,005affa0,local,,,,
wiz8--gog-base--wiz8--18a74ff61c65,005ef5c0,0,005c7790,local,,,,
wiz8--gog-base--wiz8--18a74ff61c65,005ef5c0,1,005c77d0,local,,,,
wiz8--gog-base--wiz8--18a74ff61c65,005ef5c8,0,004f2d50,local,,,,
wiz8--gog-base--wiz8--18a74ff61c65,005ef5c8,1,005aff50,local,,,,
wiz8--gog-base--wiz8--18a74ff61c65,005ef5c8,2,005c77f0,local,,,,
wiz8--gog-base--wiz8--18a74ff61c65,005ef5c8,3,005c7d40,local,,,,
wiz8--gog-base--wiz8--18a74ff61c65,005ef5c8,4,005c7580,local,,,,
wiz8--gog-base--wiz8--18a74ff61c65,005ef5c8,5,005c76a0,local,,,,
wiz8--gog-base--wiz8--18a74ff61c65,005ef5c8,6,005ca1f0,local,,,,
wiz8--gog-base--wiz8--18a74ff61c65,005ef5c8,7,005c76c0,local,,,,
wiz8--gog-base--wiz8--18a74ff61c65,005ef5c8,8,005c7720,local,,,,
wiz8--gog-base--wiz8--18a74ff61c65,005ef5c8,9,005b1be0,local,,,,
wiz8--gog-base--wiz8--18a74ff61c65,005ef5c8,10,005c7d30,local,,,,
wiz8--gog-base--wiz8--18a74ff61c65,005ef5c8,11,005affa0,local,,,,
wiz8--gog-base--wiz8--18a74ff61c65,005ef5f8,0,005e1d9a,pure-virtual,,,,
wiz8--gog-base--wiz8--18a74ff61c65,005ef5f8,1,005e1d9a,pure-virtual,,,,
wiz8--gog-base--wiz8--18a74ff61c65,005ef610,0,005c8330,local,,,,
wiz8--gog-base--wiz8--18a74ff61c65,005ef614,0,005c7d80,local,,,,
wiz8--gog-base--wiz8--18a74ff61c65,005ef614,1,004f6950,local,,,,
wiz8--gog-base--wiz8--18a74ff61c65,005ef614,2,005c7ef0,local,,,,
wiz8--gog-base--wiz8--18a74ff61c65,005ef614,3,004f6980,local,,,,
wiz8--gog-base--wiz8--18a74ff61c65,005ef614,4,004f6960,local,,,,
wiz8--gog-base--wiz8--18a74ff61c65,005ef614,5,005b1be0,local,,,,
wiz8--gog-base--wiz8--18a74ff61c65,005ef614,6,005b1be0,local,,,,
wiz8--gog-base--wiz8--18a74ff61c65,005ef614,7,004f58c0,local,,,,
wiz8--gog-base--wiz8--18a74ff61c65,005ef614,8,005c8100,local,,,,
wiz8--gog-base--wiz8--18a74ff61c65,005ef614,9,005c8120,local,,,,
wiz8--gog-base--wiz8--18a74ff61c65,005ef614,10,005c82f0,local,,,,
wiz8--gog-base--wiz8--18a74ff61c65,005ef614,11,005c8190,local,,,,
wiz8--gog-base--wiz8--18a74ff61c65,005ef614,12,005c8190,local,,,,
wiz8--gog-base--wiz8--18a74ff61c65,005ef614,13,005c81f0,local,,,,
wiz8--gog-base--wiz8--18a74ff61c65,005ef614,14,005c8280,local,,,,
wiz8--gog-base--wiz8--18a74ff61c65,005ef614,15,005b1be0,local,,,,
wiz8--gog-base--wiz8--18a74ff61c65,005ef614,16,005b1be0,local,,,,
wiz8--gog-base--wiz8--18a74ff61c65,005ef614,17,005b1be0,local,,,,
wiz8--gog-base--wiz8--18a74ff61c65,005ef65c,0,005c87b0,local,,,,
wiz8--gog-base--wiz8--18a74ff61c65,005ef65c,1,005c88a0,local,,,,
wiz8--gog-base--wiz8--18a74ff61c65,005ef664,0,004f2d50,local,,,,
wiz8--gog-base--wiz8--18a74ff61c65,005ef664,1,005aff50,local,,,,
wiz8--gog-base--wiz8--18a74ff61c65,005ef664,2,005c88c0,local,,,,
wiz8--gog-base--wiz8--18a74ff61c65,005ef664,3,005c8350,local,,,,
wiz8--gog-base--wiz8--18a74ff61c65,005ef664,4,005c83d0,local,,,,
wiz8--gog-base--wiz8--18a74ff61c65,005ef664,5,005c8530,local,,,,
wiz8--gog-base--wiz8--18a74ff61c65,005ef664,6,005c8570,local,,,,
wiz8--gog-base--wiz8--18a74ff61c65,005ef664,7,005c8730,local,,,,
wiz8--gog-base--wiz8--18a74ff61c65,005ef664,8,005c8770,local,,,,
wiz8--gog-base--wiz8--18a74ff61c65,005ef664,9,005b1be0,local,,,,
wiz8--gog-base--wiz8--18a74ff61c65,005ef664,10,005c87a0,local,,,,
wiz8--gog-base--wiz8--18a74ff61c65,005ef664,11,005affa0,local,,,,
wiz8--gog-base--wiz8--18a74ff61c65,005ef694,0,005e1d9a,pure-virtual,,,,
wiz8--gog-base--wiz8--18a74ff61c65,005ef694,1,005e1d9a,pure-virtual,,,,
wiz8--gog-base--wiz8--18a74ff61c65,005ef6b0,0,005c8f40,local,,,,
wiz8--gog-base--wiz8--18a74ff61c65,005ef6b0,1,004f5410,local,,,,
wiz8--gog-base--wiz8--18a74ff61c65,005ef6b0,2,005c9000,local,,,,
wiz8--gog-base--wiz8--18a74ff61c65,005ef6b0,3,004f44d0,local,,,,
wiz8--gog-base--wiz8--18a74ff61c65,005ef6b0,4,004f4460,local,,,,
wiz8--gog-base--wiz8--18a74ff61c65,005ef6b0,5,004f46a0,local,,,,
wiz8--gog-base--wiz8--18a74ff61c65,005ef6b0,6,004f69a0,local,,,,
wiz8--gog-base--wiz8--18a74ff61c65,005ef6b0,7,004f4d30,local,,,,
wiz8--gog-base--wiz8--18a74ff61c65,005ef6b0,8,004f4e00,local,,,,
wiz8--gog-base--wiz8--18a74ff61c65,005ef6b0,9,005b1be0,local,,,,
wiz8--gog-base--wiz8--18a74ff61c65,005ef6b0,10,005b1be0,local,,,,
wiz8--gog-base--wiz8--18a74ff61c65,005ef6b0,11,004f4f70,local,,,,
wiz8--gog-base--wiz8--18a74ff61c65,005ef6b0,12,004f5070,local,,,,
wiz8--gog-base--wiz8--18a74ff61c65,005ef6b0,13,004f50c0,local,,,,
wiz8--gog-base--wiz8--18a74ff61c65,005ef6b0,14,005c92f0,local,,,,
wiz8--gog-base--wiz8--18a74ff61c65,005ef6b0,15,004f5310,local,,,,
wiz8--gog-base--wiz8--18a74ff61c65,005ef6b0,16,004f5230,local,,,,
wiz8--gog-base--wiz8--18a74ff61c65,005ef6b0,17,004f5360,local,,,,
wiz8--gog-base--wiz8--18a74ff61c65,005ef6b0,18,004f4c40,local,,,,
wiz8--gog-base--wiz8--18a74ff61c65,005ef6b0,19,004f4cb0,local,,,,
wiz8--gog-base--wiz8--18a74ff61c65,005ef700,0,005c91a0,local,,,,
wiz8--gog-base--wiz8--18a74ff61c65,005ef700,1,004f5410,local,,,,
wiz8--gog-base--wiz8--18a74ff61c65,005ef700,2,005c9220,local,,,,
wiz8--gog-base--wiz8--18a74ff61c65,005ef700,3,004f44d0,local,,,,
wiz8--gog-base--wiz8--18a74ff61c65,005ef700,4,004f4460,local,,,,
wiz8--gog-base--wiz8--18a74ff61c65,005ef700,5,004f46a0,local,,,,
wiz8--gog-base--wiz8--18a74ff61c65,005ef700,6,004f69a0,local,,,,
wiz8--gog-base--wiz8--18a74ff61c65,005ef700,7,005c9290,local,,,,
wiz8--gog-base--wiz8--18a74ff61c65,005ef700,8,005c92c0,local,,,,
wiz8--gog-base--wiz8--18a74ff61c65,005ef700,9,005b1be0,local,,,,
wiz8--gog-base--wiz8--18a74ff61c65,005ef700,10,005b1be0,local,,,,
wiz8--gog-base--wiz8--18a74ff61c65,005ef700,11,004f4f70,local,,,,
wiz8--gog-base--wiz8--18a74ff61c65,005ef700,12,004f5070,local,,,,
wiz8--gog-base--wiz8--18a74ff61c65,005ef700,13,004f50c0,local,,,,
wiz8--gog-base--wiz8--18a74ff61c65,005ef700,14,005c92f0,local,,,,
wiz8--gog-base--wiz8--18a74ff61c65,005ef700,15,004f5310,local,,,,
wiz8--gog-base--wiz8--18a74ff61c65,005ef700,16,004f5230,local,,,,
wiz8--gog-base--wiz8--18a74ff61c65,005ef700,17,004f5360,local,,,,
wiz8--gog-base--wiz8--18a74ff61c65,005ef700,18,004f4c40,local,,,,
wiz8--gog-base--wiz8--18a74ff61c65,005ef700,19,004f4cb0,local,,,,
wiz8--gog-base--wiz8--18a74ff61c65,005ef750,0,005c9760,local,,,,
wiz8--gog-base--wiz8--18a74ff61c65,005ef750,1,005c9a50,local,,,,
wiz8--gog-base--wiz8--18a74ff61c65,005ef758,0,005b1be0,local,,,,
wiz8--gog-base--wiz8--18a74ff61c65,005ef758,1,005caa50,local,,,,
wiz8--gog-base--wiz8--18a74ff61c65,005ef760,0,005ca730,local,,,,
wiz8--gog-base--wiz8--18a74ff61c65,005ef760,1,005ca7e0,local,,,,
wiz8--gog-base--wiz8--18a74ff61c65,005ef768,0,005ca800,local,,,,
wiz8--gog-base--wiz8--18a74ff61c65,005ef768,1,005ca8d0,local,,,,
wiz8--gog-base--wiz8--18a74ff61c65,005ef768,2,005ca970,local,,,,
wiz8--gog-base--wiz8--18a74ff61c65,005ef768,3,005caa20,local,,,,
wiz8--gog-base--wiz8--18a74ff61c65,005ef778,0,004f2d50,local,,,,
wiz8--gog-base--wiz8--18a74ff61c65,005ef778,1,005aff50,local,,,,
wiz8--gog-base--wiz8--18a74ff61c65,005ef778,2,005cab20,local,,,,
wiz8--gog-base--wiz8--18a74ff61c65,005ef778,3,005c9ac0,local,,,,
wiz8--gog-base--wiz8--18a74ff61c65,005ef778,4,005c9c80,local,,,,
wiz8--gog-base--wiz8--18a74ff61c65,005ef778,5,005ca140,local,,,,
wiz8--gog-base--wiz8--18a74ff61c65,005ef778,6,005ca1f0,local,,,,
wiz8--gog-base--wiz8--18a74ff61c65,005ef778,7,005ca4f0,local,,,,
wiz8--gog-base--wiz8--18a74ff61c65,005ef778,8,005ca550,local,,,,
wiz8--gog-base--wiz8--18a74ff61c65,005ef778,9,005ca5e0,local,,,,
wiz8--gog-base--wiz8--18a74ff61c65,005ef778,10,005ca480,local,,,,
wiz8--gog-base--wiz8--18a74ff61c65,005ef778,11,005caa80,local,,,,
wiz8--gog-base--wiz8--18a74ff61c65,005ef7a8,0,005e1d9a,pure-virtual,,,,
wiz8--gog-base--wiz8--18a74ff61c65,005ef7a8,1,005e1d9a,pure-virtual,,,,
wiz8--gog-base--wiz8--18a74ff61c65,005ef7a8,2,005e1d9a,pure-virtual,,,,
wiz8--gog-base--wiz8--18a74ff61c65,005ef7a8,3,005e1d9a,pure-virtual,,,,
wiz8--gog-base--wiz8--18a74ff61c65,005ef7c8,0,005cbcc0,local,,,,
wiz8--gog-base--wiz8--18a74ff61c65,005ef7c8,1,005cbdb0,local,,,,
wiz8--gog-base--wiz8--18a74ff61c65,005ef7c8,2,005cc430,local,,,,
wiz8--gog-base--wiz8--18a74ff61c65,005ef7c8,3,005cc690,local,,,,
wiz8--gog-base--wiz8--18a74ff61c65,005ef7c8,4,005cd700,local,,,,
wiz8--gog-base--wiz8--18a74ff61c65,005ef7c8,5,005cbd70,local,,,,
wiz8--gog-base--wiz8--18a74ff61c65,005ef7c8,6,005dc9c0,local,,,,
wiz8--gog-base--wiz8--18a74ff61c65,005ef7c8,7,005dc9f0,local,,,,
wiz8--gog-base--wiz8--18a74ff61c65,005ef7c8,8,005dca70,local,,,,
wiz8--gog-base--wiz8--18a74ff61c65,005ef7c8,9,005cd470,local,,,,
wiz8--gog-base--wiz8--18a74ff61c65,005ef7c8,10,005b1be0,local,,,,
wiz8--gog-base--wiz8--18a74ff61c65,005ef7c8,11,005ad270,local,,,,
wiz8--gog-base--wiz8--18a74ff61c65,005ef7c8,12,005b1bf0,local,,,,
wiz8--gog-base--wiz8--18a74ff61c65,005ef7c8,13,005b1be0,local,,,,
wiz8--gog-base--wiz8--18a74ff61c65,005ef810,0,005cd800,local,,,,
wiz8--gog-base--wiz8--18a74ff61c65,005ef810,1,005cdc10,local,,,,
wiz8--gog-base--wiz8--18a74ff61c65,005ef810,2,005cdc40,local,,,,
wiz8--gog-base--wiz8--18a74ff61c65,005ef810,3,005cdc70,local,,,,
wiz8--gog-base--wiz8--18a74ff61c65,005ef810,4,005cf240,local,,,,
wiz8--gog-base--wiz8--18a74ff61c65,005ef810,5,005dc940,local,,,,
wiz8--gog-base--wiz8--18a74ff61c65,005ef810,6,005dc9c0,local,,,,
wiz8--gog-base--wiz8--18a74ff61c65,005ef810,7,005dc9f0,local,,,,
wiz8--gog-base--wiz8--18a74ff61c65,005ef810,8,005dca70,local,,,,
wiz8--gog-base--wiz8--18a74ff61c65,005ef810,9,005cef00,local,,,,
wiz8--gog-base--wiz8--18a74ff61c65,005ef810,10,005b1be0,local,,,,
wiz8--gog-base--wiz8--18a74ff61c65,005ef810,11,005ad270,local,,,,
wiz8--gog-base--wiz8--18a74ff61c65,005ef810,12,005b1bf0,local,,,,
wiz8--gog-base--wiz8--18a74ff61c65,005ef810,13,005b1be0,local,,,,
wiz8--gog-base--wiz8--18a74ff61c65,005ef894,0,005d1030,local,,,,
wiz8--gog-base--wiz8--18a74ff61c65,005ef898,0,005d2590,local,,,,
wiz8--gog-base--wiz8--18a74ff61c65,005ef89c,0,005d2560,local,,,,
wiz8--gog-base--wiz8--18a74ff61c65,005ef8b0,0,005d25f0,local,,,,
wiz8--gog-base--wiz8--18a74ff61c65,005ef8b0,1,005d2d00,local,,,,
wiz8--gog-base--wiz8--18a74ff61c65,005ef8b0,2,005d2f40,local,,,,
wiz8--gog-base--wiz8--18a74ff61c65,005ef8b0,3,005d2660,local,,,,
wiz8--gog-base--wiz8--18a74ff61c65,005ef8b0,4,005ad280,local,,,,
wiz8--gog-base--wiz8--18a74ff61c65,005ef8b0,5,005dc940,local,,,,
wiz8--gog-base--wiz8--18a74ff61c65,005ef8b0,6,005dc9c0,local,,,,
wiz8--gog-base--wiz8--18a74ff61c65,005ef8b0,7,005dc9f0,local,,,,
wiz8--gog-base--wiz8--18a74ff61c65,005ef8b0,8,005dca70,local,,,,
wiz8--gog-base--wiz8--18a74ff61c65,005ef8b0,9,005d3080,local,,,,
wiz8--gog-base--wiz8--18a74ff61c65,005ef8b0,10,005b1be0,local,,,,
wiz8--gog-base--wiz8--18a74ff61c65,005ef8b0,11,005ad270,local,,,,
wiz8--gog-base--wiz8--18a74ff61c65,005ef8b0,12,005b1bf0,local,,,,
wiz8--gog-base--wiz8--18a74ff61c65,005ef8b0,13,005b1be0,local,,,,
wiz8--gog-base--wiz8--18a74ff61c65,005ef8b0,14,005d3020,local,,,,
wiz8--gog-base--wiz8--18a74ff61c65,005ef910,0,005d5ee0,local,,,,
wiz8--gog-base--wiz8--18a74ff61c65,005ef910,1,005d5f90,local,,,,
wiz8--gog-base--wiz8--18a74ff61c65,005ef910,2,005dbde0,local,,,,
wiz8--gog-base--wiz8--18a74ff61c65,005ef910,3,005d6080,local,,,,
wiz8--gog-base--wiz8--18a74ff61c65,005ef910,4,005d6fa0,local,,,,
wiz8--gog-base--wiz8--18a74ff61c65,005ef910,5,005dc940,local,,,,
wiz8--gog-base--wiz8--18a74ff61c65,005ef910,6,005dc9c0,local,,,,
wiz8--gog-base--wiz8--18a74ff61c65,005ef910,7,005dc9f0,local,,,,
wiz8--gog-base--wiz8--18a74ff61c65,005ef910,8,005dca70,local,,,,
wiz8--gog-base--wiz8--18a74ff61c65,005ef910,9,005dcce0,local,,,,
wiz8--gog-base--wiz8--18a74ff61c65,005ef910,10,005b1be0,local,,,,
wiz8--gog-base--wiz8--18a74ff61c65,005ef910,11,005ad270,local,,,,
wiz8--gog-base--wiz8--18a74ff61c65,005ef910,12,005d6e60,local,,,,
wiz8--gog-base--wiz8--18a74ff61c65,005ef910,13,005d6e70,local,,,,
wiz8--gog-base--wiz8--18a74ff61c65,005ef988,0,005d7070,local,,,,
wiz8--gog-base--wiz8--18a74ff61c65,005ef988,1,005d7160,local,,,,
wiz8--gog-base--wiz8--18a74ff61c65,005ef988,2,005d72b0,local,,,,
wiz8--gog-base--wiz8--18a74ff61c65,005ef988,3,005d9200,local,,,,
wiz8--gog-base--wiz8--18a74ff61c65,005ef988,4,005d6fa0,local,,,,
wiz8--gog-base--wiz8--18a74ff61c65,005ef988,5,005dc940,local,,,,
wiz8--gog-base--wiz8--18a74ff61c65,005ef988,6,005dc9c0,local,,,,
wiz8--gog-base--wiz8--18a74ff61c65,005ef988,7,005dc9f0,local,,,,
wiz8--gog-base--wiz8--18a74ff61c65,005ef988,8,005dca70,local,,,,
wiz8--gog-base--wiz8--18a74ff61c65,005ef988,9,005dcce0,local,,,,
wiz8--gog-base--wiz8--18a74ff61c65,005ef988,10,005b1be0,local,,,,
wiz8--gog-base--wiz8--18a74ff61c65,005ef988,11,005ad270,local,,,,
wiz8--gog-base--wiz8--18a74ff61c65,005ef988,12,005d6e60,local,,,,
wiz8--gog-base--wiz8--18a74ff61c65,005ef988,13,005d9720,local,,,,
wiz8--gog-base--wiz8--18a74ff61c65,005ef9f0,0,005d9870,local,,,,
wiz8--gog-base--wiz8--18a74ff61c65,005ef9f0,1,005d99f0,local,,,,
wiz8--gog-base--wiz8--18a74ff61c65,005ef9f0,2,005d9ac0,local,,,,
wiz8--gog-base--wiz8--18a74ff61c65,005ef9f0,3,005d9f20,local,,,,
wiz8--gog-base--wiz8--18a74ff61c65,005ef9f0,4,005d6fa0,local,,,,
wiz8--gog-base--wiz8--18a74ff61c65,005ef9f0,5,005dc940,local,,,,
wiz8--gog-base--wiz8--18a74ff61c65,005ef9f0,6,005dc9c0,local,,,,
wiz8--gog-base--wiz8--18a74ff61c65,005ef9f0,7,005dc9f0,local,,,,
wiz8--gog-base--wiz8--18a74ff61c65,005ef9f0,8,005dca70,local,,,,
wiz8--gog-base--wiz8--18a74ff61c65,005ef9f0,9,005da2a0,local,,,,
wiz8--gog-base--wiz8--18a74ff61c65,005ef9f0,10,005da140,local,,,,
wiz8--gog-base--wiz8--18a74ff61c65,005ef9f0,11,005ad270,local,,,,
wiz8--gog-base--wiz8--18a74ff61c65,005ef9f0,12,005b1bf0,local,,,,
wiz8--gog-base--wiz8--18a74ff61c65,005ef9f0,13,005b1be0,local,,,,
wiz8--gog-base--wiz8--18a74ff61c65,005efa4c,0,005da840,local,,,,
wiz8--gog-base--wiz8--18a74ff61c65,005efa4c,1,005da8b0,local,,,,
wiz8--gog-base--wiz8--18a74ff61c65,005efa4c,2,005dad90,local,,,,
wiz8--gog-base--wiz8--18a74ff61c65,005efa4c,3,005dae00,local,,,,
wiz8--gog-base--wiz8--18a74ff61c65,005efa4c,4,005db1a0,local,,,,
wiz8--gog-base--wiz8--18a74ff61c65,005efa4c,5,005dc940,local,,,,
wiz8--gog-base--wiz8--18a74ff61c65,005efa4c,6,005dc9c0,local,,,,
wiz8--gog-base--wiz8--18a74ff61c65,005efa4c,7,005dc9f0,local,,,,
wiz8--gog-base--wiz8--18a74ff61c65,005efa4c,8,005dca70,local,,,,
wiz8--gog-base--wiz8--18a74ff61c65,005efa4c,9,005dae90,local,,,,
wiz8--gog-base--wiz8--18a74ff61c65,005efa4c,10,005b1be0,local,,,,
wiz8--gog-base--wiz8--18a74ff61c65,005efa4c,11,005ad270,local,,,,
wiz8--gog-base--wiz8--18a74ff61c65,005efa4c,12,005b1bf0,local,,,,
wiz8--gog-base--wiz8--18a74ff61c65,005efa4c,13,005b1be0,local,,,,
wiz8--gog-base--wiz8--18a74ff61c65,005efa98,0,005db210,local,,,,
wiz8--gog-base--wiz8--18a74ff61c65,005efab0,0,005dbc30,local,,,,
wiz8--gog-base--wiz8--18a74ff61c65,005efab0,1,005dbcf0,local,,,,
wiz8--gog-base--wiz8--18a74ff61c65,005efab0,2,005dbde0,local,,,,
wiz8--gog-base--wiz8--18a74ff61c65,005efab0,3,005dbe00,local,,,,
wiz8--gog-base--wiz8--18a74ff61c65,005efab0,4,005d6fa0,local,,,,
wiz8--gog-base--wiz8--18a74ff61c65,005efab0,5,005dc940,local,,,,
wiz8--gog-base--wiz8--18a74ff61c65,005efab0,6,005dc9c0,local,,,,
wiz8--gog-base--wiz8--18a74ff61c65,005efab0,7,005dc9f0,local,,,,
wiz8--gog-base--wiz8--18a74ff61c65,005efab0,8,005dca70,local,,,,
wiz8--gog-base--wiz8--18a74ff61c65,005efab0,9,005dcce0,local,,,,
wiz8--gog-base--wiz8--18a74ff61c65,005efab0,10,005b1be0,local,,,,
wiz8--gog-base--wiz8--18a74ff61c65,005efab0,11,005ad270,local,,,,
wiz8--gog-base--wiz8--18a74ff61c65,005efab0,12,005d6e60,local,,,,
wiz8--gog-base--wiz8--18a74ff61c65,005efab0,13,005d6e70,local,,,,
wiz8--gog-base--wiz8--18a74ff61c65,005efaf8,0,005dc810,local,,,,
wiz8--gog-base--wiz8--18a74ff61c65,005efaf8,1,005dcaf0,local,,,,
wiz8--gog-base--wiz8--18a74ff61c65,005efaf8,2,005dcc30,local,,,,
wiz8--gog-base--wiz8--18a74ff61c65,005efaf8,3,005dc890,local,,,,
wiz8--gog-base--wiz8--18a74ff61c65,005efaf8,4,005d6fa0,local,,,,
wiz8--gog-base--wiz8--18a74ff61c65,005efaf8,5,005dc940,local,,,,
wiz8--gog-base--wiz8--18a74ff61c65,005efaf8,6,005dc9c0,local,,,,
wiz8--gog-base--wiz8--18a74ff61c65,005efaf8,7,005dc9f0,local,,,,
wiz8--gog-base--wiz8--18a74ff61c65,005efaf8,8,005dca70,local,,,,
wiz8--gog-base--wiz8--18a74ff61c65,005efaf8,9,005dcce0,local,,,,
wiz8--gog-base--wiz8--18a74ff61c65,005efaf8,10,005b1be0,local,,,,
wiz8--gog-base--wiz8--18a74ff61c65,005efaf8,11,005ad270,local,,,,
wiz8--gog-base--wiz8--18a74ff61c65,005efaf8,12,005b1bf0,local,,,,
wiz8--gog-base--wiz8--18a74ff61c65,005efaf8,13,005b1be0,local,,,,
wiz8--gog-base--wiz8--18a74ff61c65,005efb78,0,005dd010,local,,,,
wiz8--gog-base--wiz8--18a74ff61c65,005efb78,1,005dd130,local,,,,
wiz8--gog-base--wiz8--18a74ff61c65,005efb78,2,005dd3c0,local,,,,
wiz8--gog-base--wiz8--18a74ff61c65,005efb78,3,005ddb60,local,,,,
wiz8--gog-base--wiz8--18a74ff61c65,005efb78,4,005d6fa0,local,,,,
wiz8--gog-base--wiz8--18a74ff61c65,005efb78,5,005dc940,local,,,,
wiz8--gog-base--wiz8--18a74ff61c65,005efb78,6,005dc9c0,local,,,,
wiz8--gog-base--wiz8--18a74ff61c65,005efb78,7,005dc9f0,local,,,,
wiz8--gog-base--wiz8--18a74ff61c65,005efb78,8,005dca70,local,,,,
wiz8--gog-base--wiz8--18a74ff61c65,005efb78,9,005de1b0,local,,,,
wiz8--gog-base--wiz8--18a74ff61c65,005efb78,10,005ddfa0,local,,,,
wiz8--gog-base--wiz8--18a74ff61c65,005efb78,11,005ad270,local,,,,
wiz8--gog-base--wiz8--18a74ff61c65,005efb78,12,005b1bf0,local,,,,
wiz8--gog-base--wiz8--18a74ff61c65,005efb78,13,005b1be0,local,,,,
wiz8--gog-base--wiz8--18a74ff61c65,005efbc0,0,005deb90,local,,,,
wiz8--gog-base--wiz8--18a74ff61c65,005efbc0,1,005dec40,local,,,,
wiz8--gog-base--wiz8--18a74ff61c65,005efbc0,2,005ded40,local,,,,
wiz8--gog-base--wiz8--18a74ff61c65,005efbc0,3,005ded60,local,,,,
wiz8--gog-base--wiz8--18a74ff61c65,005efbc0,4,005d6fa0,local,,,,
wiz8--gog-base--wiz8--18a74ff61c65,005efbc0,5,005dc940,local,,,,
wiz8--gog-base--wiz8--18a74ff61c65,005efbc0,6,005dc9c0,local,,,,
wiz8--gog-base--wiz8--18a74ff61c65,005efbc0,7,005dc9f0,local,,,,
wiz8--gog-base--wiz8--18a74ff61c65,005efbc0,8,005dca70,local,,,,
wiz8--gog-base--wiz8--18a74ff61c65,005efbc0,9,005dcce0,local,,,,
wiz8--gog-base--wiz8--18a74ff61c65,005efbc0,10,005b1be0,local,,,,
wiz8--gog-base--wiz8--18a74ff61c65,005efbc0,11,005ad270,local,,,,
wiz8--gog-base--wiz8--18a74ff61c65,005efbc0,12,005d6e60,local,,,,
wiz8--gog-base--wiz8--18a74ff61c65,005efbc0,13,005df010,local,,,,
wiz8--gog-base--wiz8--18a74ff61c65,005efbc0,14,005defb0,local,,,,
wiz8--gog-base--wiz8--18a74ff61c65,005efbfc,0,005df1a0,local,,,,
wiz8--gog-base--wiz8--18a74ff61c65,005efbfc,1,005dec40,local,,,,
wiz8--gog-base--wiz8--18a74ff61c65,005efbfc,2,005ded40,local,,,,
wiz8--gog-base--wiz8--18a74ff61c65,005efbfc,3,005ded60,local,,,,
wiz8--gog-base--wiz8--18a74ff61c65,005efbfc,4,005d6fa0,local,,,,
wiz8--gog-base--wiz8--18a74ff61c65,005efbfc,5,005dc940,local,,,,
wiz8--gog-base--wiz8--18a74ff61c65,005efbfc,6,005dc9c0,local,,,,
wiz8--gog-base--wiz8--18a74ff61c65,005efbfc,7,005dc9f0,local,,,,
wiz8--gog-base--wiz8--18a74ff61c65,005efbfc,8,005dca70,local,,,,
wiz8--gog-base--wiz8--18a74ff61c65,005efbfc,9,005dcce0,local,,,,
wiz8--gog-base--wiz8--18a74ff61c65,005efbfc,10,005b1be0,local,,,,
wiz8--gog-base--wiz8--18a74ff61c65,005efbfc,11,005ad270,local,,,,
wiz8--gog-base--wiz8--18a74ff61c65,005efbfc,12,005d6e60,local,,,,
wiz8--gog-base--wiz8--18a74ff61c65,005efbfc,13,005df010,local,,,,
wiz8--gog-base--wiz8--18a74ff61c65,005efbfc,14,005df250,local,,,,
wiz8--gog-base--wiz8--18a74ff61c65,005efc38,0,005df640,local,,,,
wiz8--gog-base--wiz8--18a74ff61c65,005efc38,1,005dec40,local,,,,
wiz8--gog-base--wiz8--18a74ff61c65,005efc38,2,005ded40,local,,,,
wiz8--gog-base--wiz8--18a74ff61c65,005efc38,3,005ded60,local,,,,
wiz8--gog-base--wiz8--18a74ff61c65,005efc38,4,005d6fa0,local,,,,
wiz8--gog-base--wiz8--18a74ff61c65,005efc38,5,005dc940,local,,,,
wiz8--gog-base--wiz8--18a74ff61c65,005efc38,6,005dc9c0,local,,,,
wiz8--gog-base--wiz8--18a74ff61c65,005efc38,7,005dc9f0,local,,,,
wiz8--gog-base--wiz8--18a74ff61c65,005efc38,8,005dca70,local,,,,
wiz8--gog-base--wiz8--18a74ff61c65,005efc38,9,005dcce0,local,,,,
wiz8--gog-base--wiz8--18a74ff61c65,005efc38,10,005b1be0,local,,,,
wiz8--gog-base--wiz8--18a74ff61c65,005efc38,11,005ad270,local,,,,
wiz8--gog-base--wiz8--18a74ff61c65,005efc38,12,005d6e60,local,,,,
wiz8--gog-base--wiz8--18a74ff61c65,005efc38,13,005df010,local,,,,
wiz8--gog-base--wiz8--18a74ff61c65,005efc38,14,005df6f0,local,,,,
wiz8--gog-base--wiz8--18a74ff61c65,005efc88,0,005df920,local,,,,
wiz8--gog-base--wiz8--18a74ff61c65,005efc88,1,005df9d0,local,,,,
wiz8--gog-base--wiz8--18a74ff61c65,005efc88,2,005dfac0,local,,,,
wiz8--gog-base--wiz8--18a74ff61c65,005efc88,3,005dfae0,local,,,,
wiz8--gog-base--wiz8--18a74ff61c65,005efc88,4,005d6fa0,local,,,,
wiz8--gog-base--wiz8--18a74ff61c65,005efc88,5,005dc940,local,,,,
wiz8--gog-base--wiz8--18a74ff61c65,005efc88,6,005dc9c0,local,,,,
wiz8--gog-base--wiz8--18a74ff61c65,005efc88,7,005dc9f0,local,,,,
wiz8--gog-base--wiz8--18a74ff61c65,005efc88,8,005dca70,local,,,,
wiz8--gog-base--wiz8--18a74ff61c65,005efc88,9,005dcce0,local,,,,
wiz8--gog-base--wiz8--18a74ff61c65,005efc88,10,005b1be0,local,,,,
wiz8--gog-base--wiz8--18a74ff61c65,005efc88,11,005ad270,local,,,,
wiz8--gog-base--wiz8--18a74ff61c65,005efc88,12,005d6e60,local,,,,
wiz8--gog-base--wiz8--18a74ff61c65,005efc88,13,005dfbb0,local,,,,
wiz8--gog-base--wiz8--18a74ff61c65,005efc88,14,005dfb40,local,,,,
wiz8--gog-base--wiz8--18a74ff61c65,005efc88,15,005dfdb0,local,,,,
wiz8--gog-base--wiz8--18a74ff61c65,005efcc8,0,005dfd00,local,,,,
wiz8--gog-base--wiz8--18a74ff61c65,005efcc8,1,005df9d0,local,,,,
wiz8--gog-base--wiz8--18a74ff61c65,005efcc8,2,005dfac0,local,,,,
wiz8--gog-base--wiz8--18a74ff61c65,005efcc8,3,005dfae0,local,,,,
wiz8--gog-base--wiz8--18a74ff61c65,005efcc8,4,005d6fa0,local,,,,
wiz8--gog-base--wiz8--18a74ff61c65,005efcc8,5,005dc940,local,,,,
wiz8--gog-base--wiz8--18a74ff61c65,005efcc8,6,005dc9c0,local,,,,
wiz8--gog-base--wiz8--18a74ff61c65,005efcc8,7,005dc9f0,local,,,,
wiz8--gog-base--wiz8--18a74ff61c65,005efcc8,8,005dca70,local,,,,
wiz8--gog-base--wiz8--18a74ff61c65,005efcc8,9,005dcce0,local,,,,
wiz8--gog-base--wiz8--18a74ff61c65,005efcc8,10,005b1be0,local,,,,
wiz8--gog-base--wiz8--18a74ff61c65,005efcc8,11,005ad270,local,,,,
wiz8--gog-base--wiz8--18a74ff61c65,005efcc8,12,005d6e60,local,,,,
wiz8--gog-base--wiz8--18a74ff61c65,005efcc8,13,005dfbb0,local,,,,
wiz8--gog-base--wiz8--18a74ff61c65,005efcc8,14,005dfb40,local,,,,
wiz8--gog-base--wiz8--18a74ff61c65,005efcc8,15,005dfdb0,local,,,,
wiz8--gog-base--wiz8--18a74ff61c65,005efd08,0,005dfef0,local,,,,
wiz8--gog-base--wiz8--18a74ff61c65,005efd08,1,005df9d0,local,,,,
wiz8--gog-base--wiz8--18a74ff61c65,005efd08,2,005dfac0,local,,,,
wiz8--gog-base--wiz8--18a74ff61c65,005efd08,3,005dfae0,local,,,,
wiz8--gog-base--wiz8--18a74ff61c65,005efd08,4,005d6fa0,local,,,,
wiz8--gog-base--wiz8--18a74ff61c65,005efd08,5,005dc940,local,,,,
wiz8--gog-base--wiz8--18a74ff61c65,005efd08,6,005dc9c0,local,,,,
wiz8--gog-base--wiz8--18a74ff61c65,005efd08,7,005dc9f0,local,,,,
wiz8--gog-base--wiz8--18a74ff61c65,005efd08,8,005dca70,local,,,,
wiz8--gog-base--wiz8--18a74ff61c65,005efd08,9,005dcce0,local,,,,
wiz8--gog-base--wiz8--18a74ff61c65,005efd08,10,005b1be0,local,,,,
wiz8--gog-base--wiz8--18a74ff61c65,005efd08,11,005ad270,local,,,,
wiz8--gog-base--wiz8--18a74ff61c65,005efd08,12,005d6e60,local,,,,
wiz8--gog-base--wiz8--18a74ff61c65,005efd08,13,005dfbb0,local,,,,
wiz8--gog-base--wiz8--18a74ff61c65,005efd08,14,005dfb40,local,,,,
wiz8--gog-base--wiz8--18a74ff61c65,005efd08,15,005dffa0,local,,,,
wiz8--gog-base--wiz8--18a74ff61c65,005efd48,0,005e0210,local,,,,
wiz8--gog-base--wiz8--18a74ff61c65,005efd48,1,005df9d0,local,,,,
wiz8--gog-base--wiz8--18a74ff61c65,005efd48,2,005dfac0,local,,,,
wiz8--gog-base--wiz8--18a74ff61c65,005efd48,3,005dfae0,local,,,,
wiz8--gog-base--wiz8--18a74ff61c65,005efd48,4,005d6fa0,local,,,,
wiz8--gog-base--wiz8--18a74ff61c65,005efd48,5,005dc940,local,,,,
wiz8--gog-base--wiz8--18a74ff61c65,005efd48,6,005dc9c0,local,,,,
wiz8--gog-base--wiz8--18a74ff61c65,005efd48,7,005dc9f0,local,,,,
wiz8--gog-base--wiz8--18a74ff61c65,005efd48,8,005dca70,local,,,,
wiz8--gog-base--wiz8--18a74ff61c65,005efd48,9,005dcce0,local,,,,
wiz8--gog-base--wiz8--18a74ff61c65,005efd48,10,005b1be0,local,,,,
wiz8--gog-base--wiz8--18a74ff61c65,005efd48,11,005ad270,local,,,,
wiz8--gog-base--wiz8--18a74ff61c65,005efd48,12,005d6e60,local,,,,
wiz8--gog-base--wiz8--18a74ff61c65,005efd48,13,005dfbb0,local,,,,
wiz8--gog-base--wiz8--18a74ff61c65,005efd48,14,005dfb40,local,,,,
wiz8--gog-base--wiz8--18a74ff61c65,005efd48,15,005dfdb0,local,,,,
wiz8--gog-base--wiz8--18a74ff61c65,005efdc0,0,005e03f0,local,,,,
wiz8--gog-base--wiz8--18a74ff61c65,005efdc0,1,005e04e0,local,,,,
wiz8--gog-base--wiz8--18a74ff61c65,005efdc0,2,005e0590,local,,,,
wiz8--gog-base--wiz8--18a74ff61c65,005efdc0,3,005e07b0,local,,,,
wiz8--gog-base--wiz8--18a74ff61c65,005efdc0,4,005e0c30,local,,,,
wiz8--gog-base--wiz8--18a74ff61c65,005efdc0,5,005dc940,local,,,,
wiz8--gog-base--wiz8--18a74ff61c65,005efdc0,6,005dc9c0,local,,,,
wiz8--gog-base--wiz8--18a74ff61c65,005efdc0,7,005dc9f0,local,,,,
wiz8--gog-base--wiz8--18a74ff61c65,005efdc0,8,005dca70,local,,,,
wiz8--gog-base--wiz8--18a74ff61c65,005efdc0,9,005e0920,local,,,,
wiz8--gog-base--wiz8--18a74ff61c65,005efdc0,10,005e0860,local,,,,
wiz8--gog-base--wiz8--18a74ff61c65,005efdc0,11,005ad270,local,,,,
wiz8--gog-base--wiz8--18a74ff61c65,005efdc0,12,005b1bf0,local,,,,
wiz8--gog-base--wiz8--18a74ff61c65,005efdc0,13,005b1be0,local,,,,
wiz8--gog-base--wiz8--18a74ff61c65,005efe6c,0,005e1f2d,local,,,,
wiz8--gog-base--wiz8--18a74ff61c65,005efe6c,1,005e1f37,local,,,,
