program,site,function_start,object_offset,vtable,allocation_size
wiz8--demo--wiz8--8acda50afe39,0042382f,004237e0,0x0,005f7e9c,0x14
wiz8--demo--wiz8--8acda50afe39,0042387b,004237e0,0x0,005f7e68,
wiz8--demo--wiz8--8acda50afe39,004238f2,004237e0,0x0,005f7e68,
wiz8--demo--wiz8--8acda50afe39,00423968,004237e0,0x0,005f7e68,
wiz8--demo--wiz8--8acda50afe39,004239e0,004237e0,0x0,005f7e68,
wiz8--demo--wiz8--8acda50afe39,00423a56,004237e0,0x0,005f7e68,
wiz8--demo--wiz8--8acda50afe39,00423acc,004237e0,0x0,005f7e68,
wiz8--demo--wiz8--8acda50afe39,00423b44,004237e0,0x0,005f7e68,
wiz8--demo--wiz8--8acda50afe39,00423bba,004237e0,0x0,005f7e68,
wiz8--demo--wiz8--8acda50afe39,00423c30,004237e0,0x0,005f7e34,
wiz8--demo--wiz8--8acda50afe39,00423d2f,004237e0,0x0,005f7e34,
wiz8--demo--wiz8--8acda50afe39,00423e42,004237e0,0x0,005f7e00,
wiz8--demo--wiz8--8acda50afe39,00423fcf,004237e0,0x0,005f7d30,
wiz8--demo--wiz8--8acda50afe39,0042431e,00424290,0x0,005f7d30,0x5c
wiz8--demo--wiz8--8acda50afe39,00424397,00424290,0x0,005f7d30,0x5c
wiz8--demo--wiz8--8acda50afe39,0042440d,00424290,0x0,005f7d30,0x5c
wiz8--demo--wiz8--8acda50afe39,00424658,004244e0,0x0,005f7d30,
wiz8--demo--wiz8--8acda50afe39,00424885,004247c0,0x0,005f7d30,0x5c
wiz8--demo--wiz8--8acda50afe39,00424a59,004249f0,0x0,005f7eb8,
wiz8--demo--wiz8--8acda50afe39,00424b10,004249f0,0x0,005f7e00,
wiz8--demo--wiz8--8acda50afe39,00424cf2,00424cb0,0x0,005f7f0c,0x5c
wiz8--demo--wiz8--8acda50afe39,004250f2,004250a0,0x0,005f7eb8,
wiz8--demo--wiz8--8acda50afe39,00425216,004250a0,0x0,005f7f0c,
wiz8--demo--wiz8--8acda50afe39,004253f9,00425380,0x0,005f7eb8,
wiz8--demo--wiz8--8acda50afe39,00428a15,004289d0,0x0,005f7e68,0x190
wiz8--demo--wiz8--8acda50afe39,0042947d,004292e0,0x0,005f7d30,
wiz8--demo--wiz8--8acda50afe39,004294a5,004292e0,0x0,005f7d30,
wiz8--demo--wiz8--8acda50afe39,00429516,004292e0,0x0,005f7f0c,0x5c
wiz8--demo--wiz8--8acda50afe39,00429754,00429710,0x0,005f7d30,0x5c
wiz8--demo--wiz8--8acda50afe39,0042a1fb,0042a1d0,0x0,005f7fb4,
wiz8--demo--wiz8--8acda50afe39,0042a245,0042a1d0,0x0,005f7f88,
wiz8--demo--wiz8--8acda50afe39,0042a380,0042a360,0x0,005f7f88,
wiz8--demo--wiz8--8acda50afe39,0042a3ff,0042a360,0x0,005f7fb4,
wiz8--demo--wiz8--8acda50afe39,0042a68e,0042a670,0x0,005f7fb4,
wiz8--demo--wiz8--8acda50afe39,0042a76b,0042a760,0x0,005f7fd8,
wiz8--demo--wiz8--8acda50afe39,0042a798,0042a760,0x0,005f7fd4,
wiz8--demo--wiz8--8acda50afe39,0042a7a8,0042a760,0x0,005f7fd4,
wiz8--demo--wiz8--8acda50afe39,0042a7c4,0042a760,0x0,005f7fd8,
wiz8--demo--wiz8--8acda50afe39,0042a7e7,0042a7e0,0x0,005f7fd8,
wiz8--demo--wiz8--8acda50afe39,0042a860,0042a810,0x0,005f7ff0,
wiz8--demo--wiz8--8acda50afe39,0042c078,0042bdd0,0x0,005f7ff0,
wiz8--demo--wiz8--8acda50afe39,0042c2aa,0042c2a0,0x17e,005f800c,
wiz8--demo--wiz8--8acda50afe39,0042c2c0,0042c2a0,0x110,005f8008,
wiz8--demo--wiz8--8acda50afe39,0042c2d6,0042c2a0,0x100,005f8004,
wiz8--demo--wiz8--8acda50afe39,0042c2ec,0042c2a0,0xf0,005f8000,
wiz8--demo--wiz8--8acda50afe39,0042c302,0042c2a0,0xe0,005f8000,
wiz8--demo--wiz8--8acda50afe39,0042c327,0042c320,0x0,005f800c,
wiz8--demo--wiz8--8acda50afe39,0042c357,0042c350,0x0,005f8000,
wiz8--demo--wiz8--8acda50afe39,0042c387,0042c380,0x0,005f8004,
wiz8--demo--wiz8--8acda50afe39,0042c3b7,0042c3b0,0x0,005f8008,
wiz8--demo--wiz8--8acda50afe39,00432634,004325f0,0x34,005f8038,
wiz8--demo--wiz8--8acda50afe39,00432647,004325f0,0x18,005f8000,
wiz8--demo--wiz8--8acda50afe39,00432eb6,004325f0,0x18,005f8000,
wiz8--demo--wiz8--8acda50afe39,00432ec8,004325f0,0x3c,005f8024,
wiz8--demo--wiz8--8acda50afe39,0043a0e4,00439c30,0x0,005f8000,
wiz8--demo--wiz8--8acda50afe39,0043a104,00439c30,0x0,005f8024,
wiz8--demo--wiz8--8acda50afe39,0043a507,0043a500,0x0,005f8024,
wiz8--demo--wiz8--8acda50afe39,0043a6bb,0043a6b0,0x0,005f8024,
wiz8--demo--wiz8--8acda50afe39,0043a86e,0043a700,0x0,005f80c4,
wiz8--demo--wiz8--8acda50afe39,0043a8d4,0043a700,0x0,005f8098,
wiz8--demo--wiz8--8acda50afe39,0043aa56,0043aa50,0x0,005f80c4,
wiz8--demo--wiz8--8acda50afe39,0043ab0e,0043aad0,0x0,005f80c4,
wiz8--demo--wiz8--8acda50afe39,0043ab63,0043aad0,0x0,005f8098,0x868
wiz8--demo--wiz8--8acda50afe39,0043ad06,0043ad00,0x0,005f80c4,
wiz8--demo--wiz8--8acda50afe39,0043b7f3,0043b7e0,0x0,005f7d1c,
wiz8--demo--wiz8--8acda50afe39,0043b81e,0043b7e0,0x0,005f7d1c,
wiz8--demo--wiz8--8acda50afe39,0043bc18,0043bc10,0x0,005f80cc,
wiz8--demo--wiz8--8acda50afe39,0043bf66,0043bf60,0x0,005f80c4,
wiz8--demo--wiz8--8acda50afe39,0043ccd5,0043ccb0,0x0,005f8124,
wiz8--demo--wiz8--8acda50afe39,0043ce28,0043ccb0,0x0,005f8104,
wiz8--demo--wiz8--8acda50afe39,0043ceff,0043cee0,0x0,005f8104,
wiz8--demo--wiz8--8acda50afe39,0043d02e,0043cee0,0x0,005f8124,
wiz8--demo--wiz8--8acda50afe39,0043d53e,0043d0a0,0x0,005f8154,0x98
wiz8--demo--wiz8--8acda50afe39,0043d818,0043d0a0,0x0,005f814c,0x38
wiz8--demo--wiz8--8acda50afe39,0043ec7f,0043eb60,0x0,005f814c,0x38
wiz8--demo--wiz8--8acda50afe39,0043f10d,0043eb60,0x0,005f8164,0xc
wiz8--demo--wiz8--8acda50afe39,0043f2cd,0043eb60,0x0,005f814c,0x38
wiz8--demo--wiz8--8acda50afe39,00440437,0043eb60,0x0,005f815c,
wiz8--demo--wiz8--8acda50afe39,004409a9,0043eb60,0x0,005f814c,0x38
wiz8--demo--wiz8--8acda50afe39,00440cc1,0043eb60,0x0,005f814c,0x38
wiz8--demo--wiz8--8acda50afe39,00440e46,0043eb60,0x0,005f814c,0x38
wiz8--demo--wiz8--8acda50afe39,00441605,0043eb60,0x0,005f814c,0x38
wiz8--demo--wiz8--8acda50afe39,00442a00,004429d0,0x0,005f8154,0x98
wiz8--demo--wiz8--8acda50afe39,004433b9,004429d0,0x0,005f8170,0xc
wiz8--demo--wiz8--8acda50afe39,00444827,004429d0,0x0,005f814c,
wiz8--demo--wiz8--8acda50afe39,004461fc,004461a0,0x0,005f815c,
wiz8--demo--wiz8--8acda50afe39,0044674f,00446730,0x1c,005f8178,
wiz8--demo--wiz8--8acda50afe39,00446778,00446730,0x18,005f8174,
wiz8--demo--wiz8--8acda50afe39,00446870,00446730,0x18,005f8178,
wiz8--demo--wiz8--8acda50afe39,0044687a,00446730,0x18,005f8178,
wiz8--demo--wiz8--8acda50afe39,004471ae,00447190,0x0,005f8124,
wiz8--demo--wiz8--8acda50afe39,00447270,00447250,0x0,005f817c,
wiz8--demo--wiz8--8acda50afe39,00447288,00447250,0x0,005f817c,
wiz8--demo--wiz8--8acda50afe39,004472ab,004472a0,0x0,005f8184,
wiz8--demo--wiz8--8acda50afe39,004472d8,004472a0,0x0,005f8180,
wiz8--demo--wiz8--8acda50afe39,004472e8,004472a0,0x0,005f8180,
wiz8--demo--wiz8--8acda50afe39,00447348,00447340,0x0,005f8170,
wiz8--demo--wiz8--8acda50afe39,00447359,00447340,0x0,005f817c,
wiz8--demo--wiz8--8acda50afe39,00447390,00447370,0x0,005f814c,
wiz8--demo--wiz8--8acda50afe39,00447404,004473a0,0x0,005f8178,
wiz8--demo--wiz8--8acda50afe39,0044742b,00447420,0x0,005f818c,
wiz8--demo--wiz8--8acda50afe39,00447458,00447420,0x0,005f8188,
wiz8--demo--wiz8--8acda50afe39,00447468,00447420,0x0,005f8188,
wiz8--demo--wiz8--8acda50afe39,004474c7,004474c0,0x0,005f8100,
wiz8--demo--wiz8--8acda50afe39,004474f7,004474f0,0x0,005f8184,
wiz8--demo--wiz8--8acda50afe39,00447547,00447540,0x0,005f8178,
wiz8--demo--wiz8--8acda50afe39,00447597,00447590,0x0,005f818c,
wiz8--demo--wiz8--8acda50afe39,0044c125,0044c0a0,0xb0,005f81ec,
wiz8--demo--wiz8--8acda50afe39,0044c161,0044c0a0,0xb0,005f81e8,
wiz8--demo--wiz8--8acda50afe39,0044c183,0044c0a0,0x0,005f81e0,
wiz8--demo--wiz8--8acda50afe39,0044c1de,0044c1c0,0x0,005f81e0,
wiz8--demo--wiz8--8acda50afe39,0044c23f,0044c1c0,0xb0,005f81ec,
wiz8--demo--wiz8--8acda50afe39,0044c255,0044c1c0,0x0,005f81f0,
wiz8--demo--wiz8--8acda50afe39,0044cfdc,0044cfa0,0x0,005f81f8,
wiz8--demo--wiz8--8acda50afe39,0044d057,0044cfa0,0xb0,005f81e8,
wiz8--demo--wiz8--8acda50afe39,0044d06f,0044cfa0,0x0,005f81e0,
wiz8--demo--wiz8--8acda50afe39,0044d27e,0044d260,0x0,005f81f8,
wiz8--demo--wiz8--8acda50afe39,004501f8,00450190,0x0,005f81f0,
wiz8--demo--wiz8--8acda50afe39,00450264,00450190,0x0,005f81ec,
wiz8--demo--wiz8--8acda50afe39,00450280,00450190,0x0,005f81f0,
wiz8--demo--wiz8--8acda50afe39,00450297,00450290,0x0,005f81ec,
wiz8--demo--wiz8--8acda50afe39,0045034b,004502e0,0x0,005f81ec,
wiz8--demo--wiz8--8acda50afe39,004505a1,00450520,0x0,005f7e68,
wiz8--demo--wiz8--8acda50afe39,0045068d,00450520,0x0,005f8220,
wiz8--demo--wiz8--8acda50afe39,00451ed0,00451b00,0x0,005f82b0,
wiz8--demo--wiz8--8acda50afe39,00451eef,00451b00,0x0,005f82ac,
wiz8--demo--wiz8--8acda50afe39,00451efa,00451b00,0x0,005f82ac,
wiz8--demo--wiz8--8acda50afe39,00451f2f,00451b00,0x0,005f82a8,
wiz8--demo--wiz8--8acda50afe39,00451f4e,00451b00,0x0,005f82a4,
wiz8--demo--wiz8--8acda50afe39,00451f59,00451b00,0x0,005f82a4,
wiz8--demo--wiz8--8acda50afe39,00451f8b,00451b00,0x0,005f82a0,
wiz8--demo--wiz8--8acda50afe39,00451faa,00451b00,0x0,005f829c,
wiz8--demo--wiz8--8acda50afe39,00451fb5,00451b00,0x0,005f829c,
wiz8--demo--wiz8--8acda50afe39,00451fe7,00451b00,0x0,005f8004,
wiz8--demo--wiz8--8acda50afe39,00452006,00451b00,0x0,005f8298,
wiz8--demo--wiz8--8acda50afe39,00452011,00451b00,0x0,005f8298,
wiz8--demo--wiz8--8acda50afe39,00452043,00451b00,0x0,005f8008,
wiz8--demo--wiz8--8acda50afe39,00452062,00451b00,0x0,005f8294,
wiz8--demo--wiz8--8acda50afe39,0045206d,00451b00,0x0,005f8294,
wiz8--demo--wiz8--8acda50afe39,0045209f,00451b00,0x0,005f8290,
wiz8--demo--wiz8--8acda50afe39,004520be,00451b00,0x0,005f828c,
wiz8--demo--wiz8--8acda50afe39,004520c9,00451b00,0x0,005f828c,
wiz8--demo--wiz8--8acda50afe39,004520fb,00451b00,0x0,005f8288,
wiz8--demo--wiz8--8acda50afe39,0045211a,00451b00,0x0,005f8284,
wiz8--demo--wiz8--8acda50afe39,00452125,00451b00,0x0,005f8284,
wiz8--demo--wiz8--8acda50afe39,00452157,00451b00,0x0,005f8280,
wiz8--demo--wiz8--8acda50afe39,00452176,00451b00,0x0,005f827c,
wiz8--demo--wiz8--8acda50afe39,00452181,00451b00,0x0,005f827c,
wiz8--demo--wiz8--8acda50afe39,00452ddb,00452dd0,0x0,005f82d4,
wiz8--demo--wiz8--8acda50afe39,00452e08,00452dd0,0x0,005f82d0,
wiz8--demo--wiz8--8acda50afe39,00452e18,00452dd0,0x0,005f82d0,
wiz8--demo--wiz8--8acda50afe39,00452e34,00452dd0,0x0,005f82d4,
wiz8--demo--wiz8--8acda50afe39,00452e74,00452e50,0x0,005f8004,
wiz8--demo--wiz8--8acda50afe39,00452eb4,00452e90,0x0,005f8008,
wiz8--demo--wiz8--8acda50afe39,00452ed7,00452ed0,0x0,005f82d4,
wiz8--demo--wiz8--8acda50afe39,00452f27,00452f20,0x0,005f8290,
wiz8--demo--wiz8--8acda50afe39,00452f97,00452f90,0x0,005f8288,
wiz8--demo--wiz8--8acda50afe39,00453007,00453000,0x0,005f8280,
wiz8--demo--wiz8--8acda50afe39,00453077,00453070,0x0,005f82b0,
wiz8--demo--wiz8--8acda50afe39,004530e7,004530e0,0x0,005f82a8,
wiz8--demo--wiz8--8acda50afe39,00453157,00453150,0x0,005f82a0,
wiz8--demo--wiz8--8acda50afe39,00453287,00453250,0x0,005f82e8,
wiz8--demo--wiz8--8acda50afe39,00453462,00453250,0x0,005f8220,0x138
wiz8--demo--wiz8--8acda50afe39,004534cd,004534b0,0x0,005f82e8,
wiz8--demo--wiz8--8acda50afe39,004536fd,004535b0,0x0,005f82e8,
wiz8--demo--wiz8--8acda50afe39,00453822,004535b0,0x0,005f8220,0x138
wiz8--demo--wiz8--8acda50afe39,0045752b,00457520,0x0,005f8340,
wiz8--demo--wiz8--8acda50afe39,00457558,00457520,0x0,005f833c,
wiz8--demo--wiz8--8acda50afe39,00457568,00457520,0x0,005f833c,
wiz8--demo--wiz8--8acda50afe39,00457584,00457520,0x0,005f8340,
wiz8--demo--wiz8--8acda50afe39,004575a7,004575a0,0x0,005f8340,
wiz8--demo--wiz8--8acda50afe39,0046a729,0046a6b0,0x0,005f840c,
wiz8--demo--wiz8--8acda50afe39,0046a748,0046a6b0,0x0,005f8408,
wiz8--demo--wiz8--8acda50afe39,0046a753,0046a6b0,0x0,005f8408,
wiz8--demo--wiz8--8acda50afe39,0046f937,0046f930,0x0,005f840c,
wiz8--demo--wiz8--8acda50afe39,0046f984,0046f960,0x0,005f840c,
wiz8--demo--wiz8--8acda50afe39,00473abc,00473a90,0x0,005f84c8,
wiz8--demo--wiz8--8acda50afe39,00473b12,00473a90,0x3f0,005f8100,
wiz8--demo--wiz8--8acda50afe39,00473b5f,00473a90,0x0,005f84c4,
wiz8--demo--wiz8--8acda50afe39,00473b78,00473a90,0x0,005f8180,
wiz8--demo--wiz8--8acda50afe39,00473be9,00473a90,0x0,005f846c,
wiz8--demo--wiz8--8acda50afe39,00473e82,00473e60,0x0,005f846c,
wiz8--demo--wiz8--8acda50afe39,00473fc9,00473e60,0x3f0,005f8100,
wiz8--demo--wiz8--8acda50afe39,00474019,00473e60,0x0,005f84c8,
wiz8--demo--wiz8--8acda50afe39,00476459,00476190,0x0,005f8524,0x10
wiz8--demo--wiz8--8acda50afe39,004764fb,00476190,0x0,005f8520,0x10
wiz8--demo--wiz8--8acda50afe39,00477521,00477500,0x0,005f84c8,
wiz8--demo--wiz8--8acda50afe39,00477ab4,004779b0,0x0,005f8100,
wiz8--demo--wiz8--8acda50afe39,00477af4,004779b0,0x0,005f84c0,
wiz8--demo--wiz8--8acda50afe39,00477b1b,00477b10,0x0,005f8530,
wiz8--demo--wiz8--8acda50afe39,00477b48,00477b10,0x0,005f852c,
wiz8--demo--wiz8--8acda50afe39,00477b58,00477b10,0x0,005f852c,
wiz8--demo--wiz8--8acda50afe39,00477b74,00477b10,0x0,005f8530,
wiz8--demo--wiz8--8acda50afe39,00477b95,00477b90,0x0,005f8534,
wiz8--demo--wiz8--8acda50afe39,00477c97,00477c90,0x0,005f851c,
wiz8--demo--wiz8--8acda50afe39,00477ce7,00477ce0,0x0,005f84c0,
wiz8--demo--wiz8--8acda50afe39,00477d17,00477d10,0x0,005f8530,
wiz8--demo--wiz8--8acda50afe39,00477d67,00477d60,0x0,005f8534,
wiz8--demo--wiz8--8acda50afe39,00477d97,00477d90,0x0,005f8524,
wiz8--demo--wiz8--8acda50afe39,00477dc7,00477dc0,0x0,005f8520,
wiz8--demo--wiz8--8acda50afe39,00477e9b,00477e90,0x0,005f851c,
wiz8--demo--wiz8--8acda50afe39,00477eeb,00477ee0,0x0,005f8184,
wiz8--demo--wiz8--8acda50afe39,0047808c,00477fd0,0x0,005f8538,
wiz8--demo--wiz8--8acda50afe39,0047823f,00478220,0x0,005f8538,
wiz8--demo--wiz8--8acda50afe39,004793c8,00479370,0x0,005f7e34,0x188
wiz8--demo--wiz8--8acda50afe39,0047eb96,0047eb70,0x0,005f8634,
wiz8--demo--wiz8--8acda50afe39,0047ebeb,0047eb70,0x0,005f85f0,
wiz8--demo--wiz8--8acda50afe39,0047ede2,0047edc0,0x0,005f85f0,
wiz8--demo--wiz8--8acda50afe39,0047ee5f,0047edc0,0x0,005f8634,
wiz8--demo--wiz8--8acda50afe39,0047f022,0047ef30,0x0,005f8678,
wiz8--demo--wiz8--8acda50afe39,0047f102,0047f0d0,0x4,005f86a0,
wiz8--demo--wiz8--8acda50afe39,0047f138,0047f0d0,0x0,005f8698,
wiz8--demo--wiz8--8acda50afe39,0047f990,0047f7a0,-0x10,005f8698,
wiz8--demo--wiz8--8acda50afe39,0047fd71,0047fd50,0x0,005f8634,
wiz8--demo--wiz8--8acda50afe39,0047ffeb,0047ffc0,0x0,005f8774,
wiz8--demo--wiz8--8acda50afe39,00480053,0047ffc0,0x0,005f8740,
wiz8--demo--wiz8--8acda50afe39,00480123,0047ffc0,0x0,005f86fc,0x6c
wiz8--demo--wiz8--8acda50afe39,00480155,0047ffc0,0x0,005f86b8,
wiz8--demo--wiz8--8acda50afe39,00480370,00480350,0x0,005f8740,
wiz8--demo--wiz8--8acda50afe39,004803b1,00480350,0x0,005f8774,
wiz8--demo--wiz8--8acda50afe39,00480a81,00480a60,0x0,005f86b8,
wiz8--demo--wiz8--8acda50afe39,00480a99,00480a60,0x0,005f86fc,
wiz8--demo--wiz8--8acda50afe39,00480db1,00480d90,0x0,005f86fc,
wiz8--demo--wiz8--8acda50afe39,0048103f,00481020,0x0,005f8774,
wiz8--demo--wiz8--8acda50afe39,004811ad,00481160,0x0,005f86fc,0x6c
wiz8--demo--wiz8--8acda50afe39,00481255,00481160,0x0,005f86b8,
wiz8--demo--wiz8--8acda50afe39,004812e8,004812c0,0x0,005f880c,
wiz8--demo--wiz8--8acda50afe39,004812ee,004812c0,0x138,005f87fc,
wiz8--demo--wiz8--8acda50afe39,00481350,004812c0,0x0,005f87c8,
wiz8--demo--wiz8--8acda50afe39,004815d2,004815b0,0x0,005f87c8,
wiz8--demo--wiz8--8acda50afe39,00481624,004815b0,0x0,005f880c,
wiz8--demo--wiz8--8acda50afe39,0048162a,004815b0,0x138,005f87fc,
wiz8--demo--wiz8--8acda50afe39,00481761,00481730,0x0,005f8894,
wiz8--demo--wiz8--8acda50afe39,0048181f,00481730,0x0,005f8850,
wiz8--demo--wiz8--8acda50afe39,00481825,00481730,0x138,005f8840,
wiz8--demo--wiz8--8acda50afe39,00481a71,00481a50,0x0,005f8850,
wiz8--demo--wiz8--8acda50afe39,00481a77,00481a50,0x138,005f8840,
wiz8--demo--wiz8--8acda50afe39,00481ac5,00481a50,0x0,005f8894,
wiz8--demo--wiz8--8acda50afe39,004821cd,00481f40,0x0,005f7e00,
wiz8--demo--wiz8--8acda50afe39,00483f31,00483f10,0x0,005f880c,
wiz8--demo--wiz8--8acda50afe39,00483f37,00483f10,0x138,005f87fc,
wiz8--demo--wiz8--8acda50afe39,00484111,004840f0,0x0,005f8894,
wiz8--demo--wiz8--8acda50afe39,00484450,004843a0,0x0,005f8894,0x180
wiz8--demo--wiz8--8acda50afe39,00484543,004843a0,0x0,005f8850,
wiz8--demo--wiz8--8acda50afe39,00484549,004843a0,0x138,005f8840,
wiz8--demo--wiz8--8acda50afe39,004845e3,004845e0,0x0,005f88f0,
wiz8--demo--wiz8--8acda50afe39,00485ef4,00485a80,0x0,005f8944,
wiz8--demo--wiz8--8acda50afe39,00485efa,00485a80,0x138,005f8938,
wiz8--demo--wiz8--8acda50afe39,00485f43,00485a80,0x0,005f8944,
wiz8--demo--wiz8--8acda50afe39,00485f49,00485a80,0x138,005f8938,
wiz8--demo--wiz8--8acda50afe39,0048713b,00487130,0x0,005f82b0,
wiz8--demo--wiz8--8acda50afe39,00487168,00487130,0x0,005f82ac,
wiz8--demo--wiz8--8acda50afe39,00487178,00487130,0x0,005f82ac,
wiz8--demo--wiz8--8acda50afe39,0048746e,00487440,0x0,005f89fc,
wiz8--demo--wiz8--8acda50afe39,0048754d,00487440,0x0,005f89b8,
wiz8--demo--wiz8--8acda50afe39,0048756c,00487440,0x0,005f89b4,
wiz8--demo--wiz8--8acda50afe39,0048758b,00487440,0x0,005f89b0,
wiz8--demo--wiz8--8acda50afe39,004875ac,00487440,0x0,005f89b0,
wiz8--demo--wiz8--8acda50afe39,0048764e,00487620,0x0,005f89fc,
wiz8--demo--wiz8--8acda50afe39,00487706,00487620,0x0,005f89b8,
wiz8--demo--wiz8--8acda50afe39,00487725,00487620,0x0,005f89b4,
wiz8--demo--wiz8--8acda50afe39,00487746,00487620,0x0,005f89b0,
wiz8--demo--wiz8--8acda50afe39,00487751,00487620,0x0,005f89b0,
wiz8--demo--wiz8--8acda50afe39,00487861,00487840,0x0,005f89b8,
wiz8--demo--wiz8--8acda50afe39,004878d8,00487840,0x0,005f89fc,
wiz8--demo--wiz8--8acda50afe39,00487ee1,00487ec0,0x0,005f89fc,
wiz8--demo--wiz8--8acda50afe39,00488097,00488090,0x0,005f89b4,
wiz8--demo--wiz8--8acda50afe39,0048824c,00488200,0x0,005f89fc,0x7c
wiz8--demo--wiz8--8acda50afe39,0048832a,00488200,0x0,005f89b8,
wiz8--demo--wiz8--8acda50afe39,00488349,00488200,0x0,005f89b4,
wiz8--demo--wiz8--8acda50afe39,00488368,00488200,0x0,005f89b0,
wiz8--demo--wiz8--8acda50afe39,00488389,00488200,0x0,005f89b0,
wiz8--demo--wiz8--8acda50afe39,0048c4e5,0048c4e0,0x0,005f8000,
wiz8--demo--wiz8--8acda50afe39,0048c88b,0048c880,0x0,005f8a58,
wiz8--demo--wiz8--8acda50afe39,0048c8b8,0048c880,0x0,005f8a54,
wiz8--demo--wiz8--8acda50afe39,0048c8c8,0048c880,0x0,005f8a54,
wiz8--demo--wiz8--8acda50afe39,0048c8e4,0048c880,0x0,005f8a58,
wiz8--demo--wiz8--8acda50afe39,0048c904,0048c880,0x0,005f8a50,
wiz8--demo--wiz8--8acda50afe39,0048ca97,0048c960,0x0,005f8a58,
wiz8--demo--wiz8--8acda50afe39,0048cae7,0048cae0,0x0,005f8a50,
wiz8--demo--wiz8--8acda50afe39,0048d272,0048d080,0x0,005f8a70,0x158
wiz8--demo--wiz8--8acda50afe39,0048d58d,0048d540,0x40,005f8184,
wiz8--demo--wiz8--8acda50afe39,0048d5c6,0048d540,0x0,005f8a70,
wiz8--demo--wiz8--8acda50afe39,0048d742,0048d600,0x48,005f8100,
wiz8--demo--wiz8--8acda50afe39,0048d7da,0048d600,0x38,005f8100,
wiz8--demo--wiz8--8acda50afe39,0048d815,0048d600,0x38,005f8100,
wiz8--demo--wiz8--8acda50afe39,0048da56,0048d600,0x4c,005f8100,
wiz8--demo--wiz8--8acda50afe39,0048daaf,0048d600,0x3c,005f8100,
wiz8--demo--wiz8--8acda50afe39,0048f36c,0048f040,0xc,005f829c,
wiz8--demo--wiz8--8acda50afe39,0048f6f4,0048f650,0x0,005f8a70,
wiz8--demo--wiz8--8acda50afe39,0048f71b,0048f710,0x0,005f8a94,
wiz8--demo--wiz8--8acda50afe39,0048f748,0048f710,0x0,005f8a90,
wiz8--demo--wiz8--8acda50afe39,0048f758,0048f710,0x0,005f8a90,
wiz8--demo--wiz8--8acda50afe39,0048f79b,0048f790,0x0,005f8a9c,
wiz8--demo--wiz8--8acda50afe39,0048f7c8,0048f790,0x0,005f8a98,
wiz8--demo--wiz8--8acda50afe39,0048f7d8,0048f790,0x0,005f8a98,
wiz8--demo--wiz8--8acda50afe39,0048f817,0048f810,0x0,005f8a70,
wiz8--demo--wiz8--8acda50afe39,0048f847,0048f840,0x0,005f8a94,
wiz8--demo--wiz8--8acda50afe39,0048f897,0048f890,0x0,005f8a9c,
wiz8--demo--wiz8--8acda50afe39,0048f948,0048f8e0,0x0,005f82a0,
wiz8--demo--wiz8--8acda50afe39,0048ffa2,0048f9f0,0x0,005f7e00,
wiz8--demo--wiz8--8acda50afe39,0049010b,0048f9f0,0x0,005f7d30,
wiz8--demo--wiz8--8acda50afe39,004901d6,0048f9f0,0x0,005f7f0c,
wiz8--demo--wiz8--8acda50afe39,00491b6b,00491b60,0x0,005f8acc,
wiz8--demo--wiz8--8acda50afe39,00491b98,00491b60,0x0,005f8ac8,
wiz8--demo--wiz8--8acda50afe39,00491ba8,00491b60,0x0,005f8ac8,
wiz8--demo--wiz8--8acda50afe39,00491bc4,00491b60,0x0,005f8acc,
wiz8--demo--wiz8--8acda50afe39,00491be7,00491be0,0x0,005f8acc,
wiz8--demo--wiz8--8acda50afe39,00491c38,00491c10,0x0,005f8ab0,
wiz8--demo--wiz8--8acda50afe39,00492f12,00492bd0,0x0,005f7e00,0x78
wiz8--demo--wiz8--8acda50afe39,00495007,00494fe0,0x0,005f7f88,
wiz8--demo--wiz8--8acda50afe39,0049504e,00494fe0,0x0,005f8b64,
wiz8--demo--wiz8--8acda50afe39,004950fd,00494fe0,0x0,005f8b30,
wiz8--demo--wiz8--8acda50afe39,00495172,00495150,0x0,005f8b30,
wiz8--demo--wiz8--8acda50afe39,00495192,00495150,0x0,005f8b64,
wiz8--demo--wiz8--8acda50afe39,0049523c,00495150,0x0,005f7f88,
wiz8--demo--wiz8--8acda50afe39,004952af,00495150,0x0,005f7fb4,
wiz8--demo--wiz8--8acda50afe39,004953e2,004953c0,0x0,005f8b64,
wiz8--demo--wiz8--8acda50afe39,0049548c,004953c0,0x0,005f7f88,
wiz8--demo--wiz8--8acda50afe39,004954ff,004953c0,0x0,005f7fb4,
wiz8--demo--wiz8--8acda50afe39,00495624,00495600,0x0,005f7fb4,
wiz8--demo--wiz8--8acda50afe39,004956d5,00495690,0x0,005f7f88,0x7c
wiz8--demo--wiz8--8acda50afe39,00495718,00495690,0x0,005f8b64,
wiz8--demo--wiz8--8acda50afe39,004957c1,00495690,0x0,005f8b30,
wiz8--demo--wiz8--8acda50afe39,0049a4ba,0049a490,0x0,005f8bfc,
wiz8--demo--wiz8--8acda50afe39,0049a54e,0049a490,0x0,005f8bc8,
wiz8--demo--wiz8--8acda50afe39,0049aae1,0049aab0,0x0,005f8bfc,
wiz8--demo--wiz8--8acda50afe39,0049ab89,0049aab0,0x0,005f8bc8,
wiz8--demo--wiz8--8acda50afe39,0049b360,0049b340,0x0,005f8bc8,
wiz8--demo--wiz8--8acda50afe39,0049b4bb,0049b340,0x0,005f8bfc,
wiz8--demo--wiz8--8acda50afe39,0049e1df,0049e1c0,0x0,005f8bfc,
wiz8--demo--wiz8--8acda50afe39,0049eb8c,0049eb60,0x0,005f8c9c,
wiz8--demo--wiz8--8acda50afe39,0049ec27,0049eb60,0x0,005f8c5c,
wiz8--demo--wiz8--8acda50afe39,0049ec2d,0049eb60,0x138,005f8c50,
wiz8--demo--wiz8--8acda50afe39,0049ecf2,0049ecd0,0x0,005f8c5c,
wiz8--demo--wiz8--8acda50afe39,0049ecf8,0049ecd0,0x138,005f8c50,
wiz8--demo--wiz8--8acda50afe39,0049ed2d,0049ecd0,0x0,005f8c9c,
wiz8--demo--wiz8--8acda50afe39,0049eddd,0049ecd0,0x0,005f8d10,
wiz8--demo--wiz8--8acda50afe39,0049ee93,0049ecd0,0x0,005f7ff0,
wiz8--demo--wiz8--8acda50afe39,0049ee99,0049ecd0,0x0,005f8cd0,
wiz8--demo--wiz8--8acda50afe39,0049ff28,0049ff00,0x0,005f8d10,
wiz8--demo--wiz8--8acda50afe39,004a0602,004a05e0,0x0,005f8c9c,
wiz8--demo--wiz8--8acda50afe39,004a06b2,004a05e0,0x0,005f8d10,
wiz8--demo--wiz8--8acda50afe39,004a0768,004a05e0,0x0,005f7ff0,
wiz8--demo--wiz8--8acda50afe39,004a076e,004a05e0,0x0,005f8cd0,
wiz8--demo--wiz8--8acda50afe39,004a085f,004a0840,0x0,005f8cd0,
wiz8--demo--wiz8--8acda50afe39,004a0958,004a0930,0x0,005f8d10,
wiz8--demo--wiz8--8acda50afe39,004a0a17,004a0930,0x0,005f7ff0,
wiz8--demo--wiz8--8acda50afe39,004a0a1d,004a0930,0x0,005f8cd0,
wiz8--demo--wiz8--8acda50afe39,004a18fd,004a18e0,0x0,005f8d68,
wiz8--demo--wiz8--8acda50afe39,004a191c,004a18e0,0x0,005f81f0,
wiz8--demo--wiz8--8acda50afe39,004a1b44,004a1b10,0x0,005f8d70,
wiz8--demo--wiz8--8acda50afe39,004a1b74,004a1b10,0x0,005f8d68,
wiz8--demo--wiz8--8acda50afe39,004a1c1d,004a1c00,0x0,005f8d70,
wiz8--demo--wiz8--8acda50afe39,004a1e01,004a1c60,0x0,005f8d70,0x20
wiz8--demo--wiz8--8acda50afe39,004a1e31,004a1c60,0x0,005f8d68,
wiz8--demo--wiz8--8acda50afe39,004a341d,004a2d80,0x0,005f8da8,0x58
wiz8--demo--wiz8--8acda50afe39,004a34c3,004a2d80,0x0,005f8d98,
wiz8--demo--wiz8--8acda50afe39,004a4843,004a4840,0x0,005f8dc0,
wiz8--demo--wiz8--8acda50afe39,004a4888,004a4840,0x0,005f8da8,0x3c
wiz8--demo--wiz8--8acda50afe39,004a49cf,004a4990,0x0,005f8da8,
wiz8--demo--wiz8--8acda50afe39,004a4a13,004a4990,0x0,005f8d98,
wiz8--demo--wiz8--8acda50afe39,004a4c65,004a4c60,0x0,005f8100,
wiz8--demo--wiz8--8acda50afe39,004a4ca5,004a4ca0,0x0,005f8da4,
wiz8--demo--wiz8--8acda50afe39,004a4d5d,004a4d40,0x0,005f8d98,
wiz8--demo--wiz8--8acda50afe39,004a4d66,004a4d40,0x38,005f8dc0,
wiz8--demo--wiz8--8acda50afe39,004a4d96,004a4d40,0x18,005f8100,
wiz8--demo--wiz8--8acda50afe39,004a4da6,004a4d40,0x8,005f8100,
wiz8--demo--wiz8--8acda50afe39,004a4db9,004a4d40,0x0,005f8da8,
wiz8--demo--wiz8--8acda50afe39,004a4dd7,004a4dd0,0x0,005f8da4,
wiz8--demo--wiz8--8acda50afe39,004a4e06,004a4e00,0x0,005f8dc0,
wiz8--demo--wiz8--8acda50afe39,004a55d9,004a5560,0x0,005f8dd8,
wiz8--demo--wiz8--8acda50afe39,004a56a8,004a5560,0x0,005f82b0,0x10
wiz8--demo--wiz8--8acda50afe39,004a56c9,004a5560,0x0,005f82ac,0x10
wiz8--demo--wiz8--8acda50afe39,004a56d4,004a5560,0x0,005f82ac,
wiz8--demo--wiz8--8acda50afe39,004a577d,004a5560,0x0,005f8c9c,
wiz8--demo--wiz8--8acda50afe39,004a57b6,004a5560,0x0,005f8c5c,
wiz8--demo--wiz8--8acda50afe39,004a57bc,004a5560,0x138,005f8c50,
wiz8--demo--wiz8--8acda50afe39,004a5a00,004a59e0,0x0,005f8dd8,
wiz8--demo--wiz8--8acda50afe39,004a5aea,004a5ab0,0x0,005f82b0,
wiz8--demo--wiz8--8acda50afe39,004a5b09,004a5ab0,0x0,005f82ac,
wiz8--demo--wiz8--8acda50afe39,004a5b14,004a5ab0,0x0,005f82ac,
wiz8--demo--wiz8--8acda50afe39,004a644d,004a63c0,0x58,005f800c,
wiz8--demo--wiz8--8acda50afe39,004a6472,004a63c0,0x58,005f8e44,
wiz8--demo--wiz8--8acda50afe39,004a647f,004a63c0,0x0,005f8e00,
wiz8--demo--wiz8--8acda50afe39,004a6485,004a63c0,0x18,005f8dec,
wiz8--demo--wiz8--8acda50afe39,004a6555,004a63c0,0x0,005f8dd8,
wiz8--demo--wiz8--8acda50afe39,004a66ce,004a6600,0x58,005f800c,
wiz8--demo--wiz8--8acda50afe39,004a66f3,004a6600,0x58,005f8e44,
wiz8--demo--wiz8--8acda50afe39,004a6706,004a6600,0x0,005f8e00,
wiz8--demo--wiz8--8acda50afe39,004a670c,004a6600,0x18,005f8dec,
wiz8--demo--wiz8--8acda50afe39,004a678d,004a6770,0x0,005f8e00,
wiz8--demo--wiz8--8acda50afe39,004a6793,004a6770,0x18,005f8dec,
wiz8--demo--wiz8--8acda50afe39,004a67cc,004a6770,0x2d8,005f800c,
wiz8--demo--wiz8--8acda50afe39,004a857b,004a8570,0x0,005f8e5c,
wiz8--demo--wiz8--8acda50afe39,004a85a8,004a8570,0x0,005f8e58,
wiz8--demo--wiz8--8acda50afe39,004a85b8,004a8570,0x0,005f8e58,
wiz8--demo--wiz8--8acda50afe39,004a85d4,004a8570,0x0,005f8e5c,
wiz8--demo--wiz8--8acda50afe39,004a8614,004a85f0,0x0,005f800c,
wiz8--demo--wiz8--8acda50afe39,004a8637,004a8630,0x0,005f8e5c,
wiz8--demo--wiz8--8acda50afe39,004a8724,004a8680,0x58,005f800c,
wiz8--demo--wiz8--8acda50afe39,004a87f8,004a87c0,0x0,005f8eb0,
wiz8--demo--wiz8--8acda50afe39,004a8852,004a87c0,0x0,005f8e70,
wiz8--demo--wiz8--8acda50afe39,004a8941,004a8890,0x0,005f8e70,
wiz8--demo--wiz8--8acda50afe39,004a8947,004a8890,0x0,005f8eb0,
wiz8--demo--wiz8--8acda50afe39,004a899f,004a8890,0x0,005f82ac,0x10
wiz8--demo--wiz8--8acda50afe39,004a8a26,004a8890,0x0,005f8c9c,
wiz8--demo--wiz8--8acda50afe39,004a8a5b,004a8890,0x0,005f8c5c,
wiz8--demo--wiz8--8acda50afe39,004a8a61,004a8890,0x138,005f8c50,
wiz8--demo--wiz8--8acda50afe39,004a8bb8,004a8890,0x0,005f8ed0,0x10
wiz8--demo--wiz8--8acda50afe39,004a8bd7,004a8890,0x0,005f8ecc,0x10
wiz8--demo--wiz8--8acda50afe39,004a8be2,004a8890,0x0,005f8ecc,
wiz8--demo--wiz8--8acda50afe39,004a8d49,004a8890,0x0,005f8ec8,0x10
wiz8--demo--wiz8--8acda50afe39,004a8d68,004a8890,0x0,005f8ec4,0x10
wiz8--demo--wiz8--8acda50afe39,004a8d73,004a8890,0x0,005f8ec4,
wiz8--demo--wiz8--8acda50afe39,004a8fa2,004a8f80,0x0,005f8e70,
wiz8--demo--wiz8--8acda50afe39,004a949d,004a92e0,0x0,005f8ec8,0x10
wiz8--demo--wiz8--8acda50afe39,004a94c0,004a92e0,0x0,005f8ec4,
wiz8--demo--wiz8--8acda50afe39,004a954e,004a92e0,0x0,005f8ec4,
wiz8--demo--wiz8--8acda50afe39,004aaeb3,004aae00,0x0,005f8ed0,0x10
wiz8--demo--wiz8--8acda50afe39,004aaed6,004aae00,0x0,005f8ecc,
wiz8--demo--wiz8--8acda50afe39,004aaee5,004aae00,0x0,005f8ecc,
wiz8--demo--wiz8--8acda50afe39,004ab387,004ab0e0,0x0,005f8ed8,
wiz8--demo--wiz8--8acda50afe39,004ab3aa,004ab0e0,0x0,005f8ed4,
wiz8--demo--wiz8--8acda50afe39,004ab479,004ab0e0,0x0,005f8ed4,
wiz8--demo--wiz8--8acda50afe39,004ab7bb,004ab7b0,0x0,005f8ee0,
wiz8--demo--wiz8--8acda50afe39,004ab7e8,004ab7b0,0x0,005f8edc,
wiz8--demo--wiz8--8acda50afe39,004ab7f8,004ab7b0,0x0,005f8edc,
wiz8--demo--wiz8--8acda50afe39,004ab814,004ab7b0,0x0,005f8ee0,
wiz8--demo--wiz8--8acda50afe39,004ab837,004ab830,0x0,005f8ee0,
wiz8--demo--wiz8--8acda50afe39,004ab887,004ab880,0x0,005f8ed0,
wiz8--demo--wiz8--8acda50afe39,004ab8d4,004ab8b0,0x0,005f8ed0,
wiz8--demo--wiz8--8acda50afe39,004ab8f7,004ab8f0,0x0,005f8ec8,
wiz8--demo--wiz8--8acda50afe39,004ab944,004ab920,0x0,005f8ec8,
wiz8--demo--wiz8--8acda50afe39,004ab967,004ab960,0x0,005f8ed8,
wiz8--demo--wiz8--8acda50afe39,004ab9b4,004ab990,0x0,005f8ed8,
wiz8--demo--wiz8--8acda50afe39,004ab9db,004ab9d0,0x0,005f82b0,
wiz8--demo--wiz8--8acda50afe39,004abc6a,004abb10,0x0,005f8ef8,
wiz8--demo--wiz8--8acda50afe39,004ac0d3,004ac070,0x0,005f8efc,
wiz8--demo--wiz8--8acda50afe39,004ac0f6,004ac070,0x0,005f8ef8,
wiz8--demo--wiz8--8acda50afe39,004ac105,004ac070,0x0,005f8ef8,
wiz8--demo--wiz8--8acda50afe39,004ac2cb,004ac130,0x0,005f8efc,0x10
wiz8--demo--wiz8--8acda50afe39,004ac2ec,004ac130,0x0,005f8ef8,0x10
wiz8--demo--wiz8--8acda50afe39,004ac2f7,004ac130,0x0,005f8ef8,
wiz8--demo--wiz8--8acda50afe39,004ad3e7,004ad3e0,0x0,005f8efc,
wiz8--demo--wiz8--8acda50afe39,004ad434,004ad410,0x0,005f8efc,
wiz8--demo--wiz8--8acda50afe39,004ad45b,004ad450,0x0,005f8efc,
wiz8--demo--wiz8--8acda50afe39,004ad6c9,004ad640,0x0,005f8f10,
wiz8--demo--wiz8--8acda50afe39,004ad7a6,004ad640,0x0,005f82b0,0x10
wiz8--demo--wiz8--8acda50afe39,004ad7c7,004ad640,0x0,005f82ac,0x10
wiz8--demo--wiz8--8acda50afe39,004ad7d2,004ad640,0x0,005f82ac,
wiz8--demo--wiz8--8acda50afe39,004ad87b,004ad640,0x0,005f8c9c,
wiz8--demo--wiz8--8acda50afe39,004ad8b4,004ad640,0x0,005f8c5c,
wiz8--demo--wiz8--8acda50afe39,004ad8ba,004ad640,0x138,005f8c50,
wiz8--demo--wiz8--8acda50afe39,004adb00,004adae0,0x0,005f8f10,
wiz8--demo--wiz8--8acda50afe39,004adc9a,004adc60,0x0,005f82b0,
wiz8--demo--wiz8--8acda50afe39,004adcb9,004adc60,0x0,005f82ac,
wiz8--demo--wiz8--8acda50afe39,004adcc4,004adc60,0x0,005f82ac,
wiz8--demo--wiz8--8acda50afe39,004adf56,004adc60,0x0,005f8f38,
wiz8--demo--wiz8--8acda50afe39,004adf5c,004adc60,0x18,005f8f24,
wiz8--demo--wiz8--8acda50afe39,004ae52f,004adc60,0x0,005f8f38,
wiz8--demo--wiz8--8acda50afe39,004ae535,004adc60,0x18,005f8f24,
wiz8--demo--wiz8--8acda50afe39,004ae59c,004adc60,0x0,005f8f10,
wiz8--demo--wiz8--8acda50afe39,004ae63e,004ae620,0x0,005f8f38,
wiz8--demo--wiz8--8acda50afe39,004ae644,004ae620,0x18,005f8f24,
wiz8--demo--wiz8--8acda50afe39,004b0a26,004b0950,0x0,005f8ed0,0x10
wiz8--demo--wiz8--8acda50afe39,004b0a45,004b0950,0x0,005f8ecc,0x10
wiz8--demo--wiz8--8acda50afe39,004b0a50,004b0950,0x0,005f8ecc,
wiz8--demo--wiz8--8acda50afe39,004b117e,004b1150,0x0,005f8fdc,
wiz8--demo--wiz8--8acda50afe39,004b1404,004b1360,0x0,005f8fdc,
wiz8--demo--wiz8--8acda50afe39,004b1def,004b1dd0,0x0,005f8fdc,
wiz8--demo--wiz8--8acda50afe39,004b1f2b,004b1f20,0x0,005f9014,
wiz8--demo--wiz8--8acda50afe39,004b1f58,004b1f20,0x0,005f9010,
wiz8--demo--wiz8--8acda50afe39,004b1f68,004b1f20,0x0,005f9010,
wiz8--demo--wiz8--8acda50afe39,004b1f84,004b1f20,0x0,005f9014,
wiz8--demo--wiz8--8acda50afe39,004b1fa7,004b1fa0,0x0,005f9014,
wiz8--demo--wiz8--8acda50afe39,004b203e,004b1ff0,0x0,005f8fdc,0x150
wiz8--demo--wiz8--8acda50afe39,004b20b0,004b1ff0,0x0,005f8fa8,
wiz8--demo--wiz8--8acda50afe39,004b7e99,004b7e20,0x0,005f9048,
wiz8--demo--wiz8--8acda50afe39,004b7fb2,004b7ef0,0x0,005f9048,
wiz8--demo--wiz8--8acda50afe39,004b8099,004b8050,0x0,005f9050,
wiz8--demo--wiz8--8acda50afe39,004b812b,004b80d0,0x0,005f9050,
wiz8--demo--wiz8--8acda50afe39,004b8140,004b80d0,0x0,005f81f0,
wiz8--demo--wiz8--8acda50afe39,004b9442,004b9350,0x0,005f9090,0x10
wiz8--demo--wiz8--8acda50afe39,004b9461,004b9350,0x0,005f908c,0x10
wiz8--demo--wiz8--8acda50afe39,004b946c,004b9350,0x0,005f908c,
wiz8--demo--wiz8--8acda50afe39,004b9660,004b9600,0x0,005f9090,0x10
wiz8--demo--wiz8--8acda50afe39,004b9683,004b9600,0x0,005f908c,
wiz8--demo--wiz8--8acda50afe39,004b9692,004b9600,0x0,005f908c,
wiz8--demo--wiz8--8acda50afe39,004b97c7,004b97c0,0x0,005f9090,
wiz8--demo--wiz8--8acda50afe39,004bb14c,004bb110,0x0,005f81f0,
wiz8--demo--wiz8--8acda50afe39,004bb1f7,004bb110,0x0,005f81f0,
wiz8--demo--wiz8--8acda50afe39,004bb3d2,004bb320,0x0,005f90c8,
wiz8--demo--wiz8--8acda50afe39,004bc6ff,004bc6d0,0x0,005f911c,
wiz8--demo--wiz8--8acda50afe39,004bc77e,004bc6d0,0x0,005f90e8,
wiz8--demo--wiz8--8acda50afe39,004bc7ff,004bc7e0,0x0,005f911c,
wiz8--demo--wiz8--8acda50afe39,004bcd6f,004bcd50,0x0,005f911c,
wiz8--demo--wiz8--8acda50afe39,004bcef0,004bcea0,0x0,005f911c,0x140
wiz8--demo--wiz8--8acda50afe39,004bcf64,004bcea0,0x0,005f90e8,
wiz8--demo--wiz8--8acda50afe39,004bf367,004bf340,0x14,005f8038,
wiz8--demo--wiz8--8acda50afe39,004bf3c9,004bf340,0x14,005f8024,
wiz8--demo--wiz8--8acda50afe39,004bf3e0,004bf340,0x18,005f8024,
wiz8--demo--wiz8--8acda50afe39,004bf54f,004bf340,0x18,005f8024,
wiz8--demo--wiz8--8acda50afe39,004bf582,004bf340,0x14,005f8024,
wiz8--demo--wiz8--8acda50afe39,004bfba9,004bfb80,0x24,005f91b0,
wiz8--demo--wiz8--8acda50afe39,004bfcf1,004bfb80,0x0,005f9178,0x150
wiz8--demo--wiz8--8acda50afe39,004c0cf7,004c0cf0,0x0,005f91ac,
wiz8--demo--wiz8--8acda50afe39,004c0d4b,004c0d40,0x0,005f91ac,
wiz8--demo--wiz8--8acda50afe39,004c17d5,004c16f0,0x614,005f8024,
wiz8--demo--wiz8--8acda50afe39,004c180d,004c16f0,0x614,005f8038,
wiz8--demo--wiz8--8acda50afe39,004c1853,004c16f0,0x0,005f91f8,
wiz8--demo--wiz8--8acda50afe39,004c19c5,004c18a0,0x614,005f8024,
wiz8--demo--wiz8--8acda50afe39,004c19f9,004c18a0,0x614,005f8038,
wiz8--demo--wiz8--8acda50afe39,004c1a0e,004c18a0,0x0,005f91f8,
wiz8--demo--wiz8--8acda50afe39,004c1b42,004c1b20,0x0,005f91f8,
wiz8--demo--wiz8--8acda50afe39,004c1c5f,004c1b20,0x0,005f8d10,
wiz8--demo--wiz8--8acda50afe39,004c1ce4,004c1b20,0x138,005f7ff0,
wiz8--demo--wiz8--8acda50afe39,004c1cee,004c1b20,0x0,005f8cd0,
wiz8--demo--wiz8--8acda50afe39,004c1d3c,004c1b20,0x614,005f8024,
wiz8--demo--wiz8--8acda50afe39,004c1f57,004c1dc0,0x0,005f82ac,0x10
wiz8--demo--wiz8--8acda50afe39,004c2006,004c1dc0,0x0,005f8c5c,
wiz8--demo--wiz8--8acda50afe39,004c200c,004c1dc0,0x138,005f8c50,
wiz8--demo--wiz8--8acda50afe39,004c222a,004c21f0,0x0,005f82b0,
wiz8--demo--wiz8--8acda50afe39,004c224b,004c21f0,0x0,005f82ac,
wiz8--demo--wiz8--8acda50afe39,004c225c,004c21f0,0x0,005f82ac,
wiz8--demo--wiz8--8acda50afe39,004c28ee,004c27d0,0x29c,005f8dc0,
wiz8--demo--wiz8--8acda50afe39,004c2978,004c27d0,0x338,005f8000,
wiz8--demo--wiz8--8acda50afe39,004c29b6,004c27d0,0x0,005f9224,
wiz8--demo--wiz8--8acda50afe39,004c29bc,004c27d0,0x18,005f9210,
wiz8--demo--wiz8--8acda50afe39,004c2c4d,004c2ad0,0x29c,005f8dc0,
wiz8--demo--wiz8--8acda50afe39,004c2cdd,004c2ad0,0x338,005f8000,
wiz8--demo--wiz8--8acda50afe39,004c2d11,004c2ad0,0x0,005f9224,
wiz8--demo--wiz8--8acda50afe39,004c2d17,004c2ad0,0x18,005f9210,
wiz8--demo--wiz8--8acda50afe39,004c2e5e,004c2e40,0x0,005f9224,
wiz8--demo--wiz8--8acda50afe39,004c2e64,004c2e40,0x18,005f9210,
wiz8--demo--wiz8--8acda50afe39,004c2f30,004c2e40,0x338,005f8000,
wiz8--demo--wiz8--8acda50afe39,004c2f68,004c2e40,0x29c,005f8dc0,
wiz8--demo--wiz8--8acda50afe39,004c3b8d,004c2e40,0xdc,005f8038,
wiz8--demo--wiz8--8acda50afe39,004c3bfc,004c2e40,0xe0,005f8024,
wiz8--demo--wiz8--8acda50afe39,004c3cbb,004c2e40,0xcc,005f8038,
wiz8--demo--wiz8--8acda50afe39,004c3d2a,004c2e40,0xd0,005f8024,
wiz8--demo--wiz8--8acda50afe39,004c9477,004c9450,0x1c,005f8024,
wiz8--demo--wiz8--8acda50afe39,004c949c,004c9450,0x18,005f8038,
wiz8--demo--wiz8--8acda50afe39,004c95a4,004c9450,0x1c,005f8024,
wiz8--demo--wiz8--8acda50afe39,004c9603,004c95e0,0x14,005f8024,
wiz8--demo--wiz8--8acda50afe39,004c9628,004c95e0,0x10,005f8038,
wiz8--demo--wiz8--8acda50afe39,004c96c3,004c95e0,0x14,005f8024,
wiz8--demo--wiz8--8acda50afe39,004c970d,004c95e0,0x8,005f8024,
wiz8--demo--wiz8--8acda50afe39,004c9734,004c95e0,0x4,005f8038,
wiz8--demo--wiz8--8acda50afe39,004c9783,004c95e0,0x8,005f8024,
wiz8--demo--wiz8--8acda50afe39,004c97cd,004c97b0,0x8,005f8024,
wiz8--demo--wiz8--8acda50afe39,004c97f4,004c97b0,0x4,005f8038,
wiz8--demo--wiz8--8acda50afe39,004c9825,004c97b0,0x8,005f8024,
wiz8--demo--wiz8--8acda50afe39,004c984c,004c97b0,0x8,005f8024,
wiz8--demo--wiz8--8acda50afe39,004c9895,004c9870,0x10,005f8024,
wiz8--demo--wiz8--8acda50afe39,004c98bc,004c9870,0xc,005f8038,
wiz8--demo--wiz8--8acda50afe39,004c993a,004c9870,0x10,005f8024,
wiz8--demo--wiz8--8acda50afe39,004c99f9,004c9870,0x0,005f7d30,0x5c
wiz8--demo--wiz8--8acda50afe39,004c9cd8,004c9870,0x0,005f7e00,
wiz8--demo--wiz8--8acda50afe39,004cd948,004cd7e0,0x0,005f9288,
wiz8--demo--wiz8--8acda50afe39,004cdae3,004cd7e0,0x0,005f8dc0,
wiz8--demo--wiz8--8acda50afe39,004cdb0b,004cdb00,0x0,005f92c4,
wiz8--demo--wiz8--8acda50afe39,004cdb38,004cdb00,0x0,005f92c0,
wiz8--demo--wiz8--8acda50afe39,004cdb48,004cdb00,0x0,005f92c0,
wiz8--demo--wiz8--8acda50afe39,004cdb64,004cdb00,0x0,005f92c4,
wiz8--demo--wiz8--8acda50afe39,004cdb8b,004cdb80,0x0,005f8024,
wiz8--demo--wiz8--8acda50afe39,004cdbb8,004cdb80,0x0,005f8038,
wiz8--demo--wiz8--8acda50afe39,004cdbc8,004cdb80,0x0,005f8038,
wiz8--demo--wiz8--8acda50afe39,004cdbe7,004cdbe0,0x0,005f92c4,
wiz8--demo--wiz8--8acda50afe39,004d125a,004d0e70,0x24,005f8000,
wiz8--demo--wiz8--8acda50afe39,004d1de5,004d1dc0,0x0,005f9350,
wiz8--demo--wiz8--8acda50afe39,004d1e39,004d1dc0,0x18,005f934c,
wiz8--demo--wiz8--8acda50afe39,004d1e5f,004d1dc0,0x18,005f9348,
wiz8--demo--wiz8--8acda50afe39,004d1e6d,004d1dc0,0x28,005f9344,
wiz8--demo--wiz8--8acda50afe39,004d1e92,004d1dc0,0x28,005f9340,
wiz8--demo--wiz8--8acda50afe39,004d1e9a,004d1dc0,0x0,005f9320,
wiz8--demo--wiz8--8acda50afe39,004d1efe,004d1ee0,0x0,005f9320,
wiz8--demo--wiz8--8acda50afe39,004d1f9a,004d1ee0,0x28,005f9344,
wiz8--demo--wiz8--8acda50afe39,004d1faa,004d1ee0,0x18,005f934c,
wiz8--demo--wiz8--8acda50afe39,004d1fb9,004d1ee0,0x0,005f9350,
wiz8--demo--wiz8--8acda50afe39,004d25de,004d24a0,0x0,005f9350,
wiz8--demo--wiz8--8acda50afe39,004d26e4,004d26b0,0x0,005f934c,
wiz8--demo--wiz8--8acda50afe39,004d2704,004d26b0,0x0,005f9344,
wiz8--demo--wiz8--8acda50afe39,004d2727,004d2720,0x0,005f934c,
wiz8--demo--wiz8--8acda50afe39,004d2777,004d2770,0x0,005f9344,
wiz8--demo--wiz8--8acda50afe39,004d2803,004d27c0,0x0,005f9350,0x38
wiz8--demo--wiz8--8acda50afe39,004d2853,004d27c0,0x18,005f934c,
wiz8--demo--wiz8--8acda50afe39,004d2879,004d27c0,0x18,005f9348,
wiz8--demo--wiz8--8acda50afe39,004d2887,004d27c0,0x28,005f9344,
wiz8--demo--wiz8--8acda50afe39,004d28a8,004d27c0,0x28,005f9340,
wiz8--demo--wiz8--8acda50afe39,004d28b0,004d27c0,0x0,005f9320,
wiz8--demo--wiz8--8acda50afe39,004d8e3b,004d8e30,0x0,005f9090,
wiz8--demo--wiz8--8acda50afe39,004d8e68,004d8e30,0x0,005f908c,
wiz8--demo--wiz8--8acda50afe39,004d8e78,004d8e30,0x0,005f908c,
wiz8--demo--wiz8--8acda50afe39,004d8fd6,004d8fb0,0x0,005f93f0,
wiz8--demo--wiz8--8acda50afe39,004d904c,004d8fb0,0x0,005f93bc,
wiz8--demo--wiz8--8acda50afe39,004d90f8,004d8fb0,0x0,005f7e00,
wiz8--demo--wiz8--8acda50afe39,004d918f,004d9170,0x0,005f93f0,
wiz8--demo--wiz8--8acda50afe39,004d925d,004d9230,0x0,005f93f0,
wiz8--demo--wiz8--8acda50afe39,004d92d6,004d9230,0x0,005f93bc,
wiz8--demo--wiz8--8acda50afe39,004d978f,004d9770,0x0,005f93f0,
wiz8--demo--wiz8--8acda50afe39,004d9976,004d98f0,0x0,005f9430,0x10
wiz8--demo--wiz8--8acda50afe39,004dc49d,004dc480,0x10,005f8178,
wiz8--demo--wiz8--8acda50afe39,004dc4c1,004dc480,0x10,005f8174,
wiz8--demo--wiz8--8acda50afe39,004dc5d0,004dc480,0x10,005f8178,
wiz8--demo--wiz8--8acda50afe39,004dc744,004dc720,0x0,005f9434,
wiz8--demo--wiz8--8acda50afe39,004dc767,004dc760,0x0,005f9434,
wiz8--demo--wiz8--8acda50afe39,004dc79b,004dc790,0x0,005f9434,
wiz8--demo--wiz8--8acda50afe39,004e97ba,004e97b0,0x9b7,005f8000,
wiz8--demo--wiz8--8acda50afe39,004e981e,004e97b0,0x9b7,005f8000,
wiz8--demo--wiz8--8acda50afe39,004e9887,004e97b0,0xd8,005f8000,
wiz8--demo--wiz8--8acda50afe39,004e98a5,004e98a0,0xd8,005f8000,
wiz8--demo--wiz8--8acda50afe39,004f0a88,004f0a80,0x0,005f8000,
wiz8--demo--wiz8--8acda50afe39,004f5fc0,004f5f80,0x0,005f959c,
wiz8--demo--wiz8--8acda50afe39,004f6051,004f5ff0,0x0,005f959c,
wiz8--demo--wiz8--8acda50afe39,004f66c8,004f66c0,0x0,005f95b0,
wiz8--demo--wiz8--8acda50afe39,004f66fc,004f66c0,0x0,005f95b0,
wiz8--demo--wiz8--8acda50afe39,004f70e9,004f70e0,0x0,005f95b4,
wiz8--demo--wiz8--8acda50afe39,004f7146,004f70e0,0x0,005f95b4,
wiz8--demo--wiz8--8acda50afe39,004f74e4,004f7280,0x60,005f95b0,
wiz8--demo--wiz8--8acda50afe39,004f7555,004f7280,0x0,005f95fc,
wiz8--demo--wiz8--8acda50afe39,004f760c,004f75c0,0x0,005f95b0,
wiz8--demo--wiz8--8acda50afe39,004f7690,004f75c0,0x0,005f95fc,
wiz8--demo--wiz8--8acda50afe39,004f87c6,004f87c0,0x0,005f965c,
wiz8--demo--wiz8--8acda50afe39,004f87db,004f87c0,0x10,005f9658,
wiz8--demo--wiz8--8acda50afe39,004f8800,004f87c0,0x10,005f9654,
wiz8--demo--wiz8--8acda50afe39,004f880b,004f87c0,0x0,005f964c,
wiz8--demo--wiz8--8acda50afe39,004f8a04,004f8930,0x0,005f9664,
wiz8--demo--wiz8--8acda50afe39,004f8ef5,004f8df0,0x0,005f96ac,
wiz8--demo--wiz8--8acda50afe39,004f95e1,004f9540,0x0,005f9744,
wiz8--demo--wiz8--8acda50afe39,004f963e,004f9540,0x0,005f96f4,0xc0
wiz8--demo--wiz8--8acda50afe39,004f969a,004f9540,0x0,005f96f4,
wiz8--demo--wiz8--8acda50afe39,004f972d,004f9710,0x0,005f9744,
wiz8--demo--wiz8--8acda50afe39,004f9762,004f9710,0x0,005f959c,
wiz8--demo--wiz8--8acda50afe39,004f9972,004f98f0,0x0,005f9750,
wiz8--demo--wiz8--8acda50afe39,004f999b,004f9990,0x60,005f95b0,
wiz8--demo--wiz8--8acda50afe39,004f99ad,004f9990,0x0,005f95b4,
wiz8--demo--wiz8--8acda50afe39,004f9bc7,004f9bc0,0x0,005f95ac,
wiz8--demo--wiz8--8acda50afe39,004f9c37,004f9c30,0x0,005f9658,
wiz8--demo--wiz8--8acda50afe39,004f9c84,004f9c60,0x0,005f9658,
wiz8--demo--wiz8--8acda50afe39,004fbd82,004fbd70,0x38,005f8100,
wiz8--demo--wiz8--8acda50afe39,004fc10d,004fbd70,0x38,005f8100,
wiz8--demo--wiz8--8acda50afe39,004fc148,004fc130,0x3c,005f8174,
wiz8--demo--wiz8--8acda50afe39,004fc640,004fc130,0x40,005f8178,
wiz8--demo--wiz8--8acda50afe39,004fca0b,004fca00,0x0,005f8178,
wiz8--demo--wiz8--8acda50afe39,004fea11,004fe7c0,0x0,005f8298,
wiz8--demo--wiz8--8acda50afe39,0050035f,004fe7c0,0x17e,005f800c,
wiz8--demo--wiz8--8acda50afe39,00500375,004fe7c0,0x110,005f8008,
wiz8--demo--wiz8--8acda50afe39,0050038b,004fe7c0,0x100,005f8004,
wiz8--demo--wiz8--8acda50afe39,005055ab,005055a0,0x0,005f8008,
wiz8--demo--wiz8--8acda50afe39,005055d8,005055a0,0x0,005f8294,
wiz8--demo--wiz8--8acda50afe39,005055e8,005055a0,0x0,005f8294,
wiz8--demo--wiz8--8acda50afe39,0050560b,00505600,0x0,005f97dc,
wiz8--demo--wiz8--8acda50afe39,00505638,00505600,0x0,005f97d8,
wiz8--demo--wiz8--8acda50afe39,00505648,00505600,0x0,005f97d8,
wiz8--demo--wiz8--8acda50afe39,00505664,00505600,0x0,005f97dc,
wiz8--demo--wiz8--8acda50afe39,00505687,00505680,0x0,005f97dc,
wiz8--demo--wiz8--8acda50afe39,005056db,005056d0,0x0,005f8004,
wiz8--demo--wiz8--8acda50afe39,00505725,00505720,0x5a,005f800c,
wiz8--demo--wiz8--8acda50afe39,00505747,00505720,0x5a,005f8e44,
wiz8--demo--wiz8--8acda50afe39,00505755,00505720,0x5a,005f8e44,
wiz8--demo--wiz8--8acda50afe39,0050d25e,0050d220,0x0,005f9810,0x10
wiz8--demo--wiz8--8acda50afe39,0050d414,0050d220,0x0,005f9810,
wiz8--demo--wiz8--8acda50afe39,0050f6f3,0050f6d0,0x28,005f8100,
wiz8--demo--wiz8--8acda50afe39,0050f851,0050f6d0,0x28,005f8100,
wiz8--demo--wiz8--8acda50afe39,0050f8be,0050f6d0,0x28,005f8100,
wiz8--demo--wiz8--8acda50afe39,0050f95e,0050f6d0,0x28,005f8100,
wiz8--demo--wiz8--8acda50afe39,0050f988,0050f6d0,0x28,005f8100,
wiz8--demo--wiz8--8acda50afe39,0050f9b2,0050f6d0,0x28,005f8100,
wiz8--demo--wiz8--8acda50afe39,00511e47,00511e40,0x0,005f9810,
wiz8--demo--wiz8--8acda50afe39,0051622b,00515fa0,0x0,005f7d30,
wiz8--demo--wiz8--8acda50afe39,00518225,00517cb0,0x24,005f8534,
wiz8--demo--wiz8--8acda50afe39,005199db,00519960,0x0,005f7d30,
wiz8--demo--wiz8--8acda50afe39,0051a4b2,0051a400,0x100,005f8004,
wiz8--demo--wiz8--8acda50afe39,0051a4f3,0051a400,0x110,005f8008,
wiz8--demo--wiz8--8acda50afe39,0051a544,0051a400,0x0,005f8e44,
wiz8--demo--wiz8--8acda50afe39,0051aa4b,0051aa40,0x0,005f800c,
wiz8--demo--wiz8--8acda50afe39,0051b8fb,0051b8f0,0x0,005f9844,
wiz8--demo--wiz8--8acda50afe39,0051b928,0051b8f0,0x0,005f9840,
wiz8--demo--wiz8--8acda50afe39,0051b938,0051b8f0,0x0,005f9840,
wiz8--demo--wiz8--8acda50afe39,0051b954,0051b8f0,0x0,005f9844,
wiz8--demo--wiz8--8acda50afe39,0051b977,0051b970,0x0,005f9844,
wiz8--demo--wiz8--8acda50afe39,0051b9c4,0051b9a0,0x4,005f9844,
wiz8--demo--wiz8--8acda50afe39,0051b9eb,0051b9e0,0x4,005f9844,
wiz8--demo--wiz8--8acda50afe39,0051ba0d,0051b9e0,0x4,005f9840,
wiz8--demo--wiz8--8acda50afe39,0051ba1b,0051b9e0,0x4,005f9840,
wiz8--demo--wiz8--8acda50afe39,0052e447,0052e440,0x0,005f9890,
wiz8--demo--wiz8--8acda50afe39,0052e477,0052e470,0x0,005f9894,
wiz8--demo--wiz8--8acda50afe39,00531878,00531830,0x0,005fa748,
wiz8--demo--wiz8--8acda50afe39,005318a5,00531830,0x10,005fa748,
wiz8--demo--wiz8--8acda50afe39,005318d4,00531830,0x20,005fa748,
wiz8--demo--wiz8--8acda50afe39,00531903,00531830,0x30,005fa748,
wiz8--demo--wiz8--8acda50afe39,00531932,00531830,0x40,005fa744,
wiz8--demo--wiz8--8acda50afe39,005328f4,00532780,0x0,005fa74c,
wiz8--demo--wiz8--8acda50afe39,00532917,00532910,0x0,005fa74c,
wiz8--demo--wiz8--8acda50afe39,00536b3f,00536b20,0xc,005fa778,
wiz8--demo--wiz8--8acda50afe39,00536b89,00536b20,0xc,005fa778,
wiz8--demo--wiz8--8acda50afe39,00536bde,00536b20,0xc,005fa778,
wiz8--demo--wiz8--8acda50afe39,00539d04,00539a00,0x0,005fa778,
wiz8--demo--wiz8--8acda50afe39,00539d27,00539d20,0x0,005fa778,
wiz8--demo--wiz8--8acda50afe39,0053c58c,0053c570,0xc,005f8000,
wiz8--demo--wiz8--8acda50afe39,0053c689,0053c570,0x14,005f8000,
wiz8--demo--wiz8--8acda50afe39,0053c6cd,0053c6b0,0x10,005f8000,
wiz8--demo--wiz8--8acda50afe39,0053c7e8,0053c6b0,0x18,005f8000,
wiz8--demo--wiz8--8acda50afe39,0053ed7e,0053ed60,0x1c,005f8000,
wiz8--demo--wiz8--8acda50afe39,0053f02e,0053ed60,0x1c,005f8000,
wiz8--demo--wiz8--8acda50afe39,0053fbf9,0053fa90,0x3c,005f8000,
wiz8--demo--wiz8--8acda50afe39,0054271a,005426d0,0x130,005f800c,
wiz8--demo--wiz8--8acda50afe39,00542746,005426d0,0x130,005f8e44,
wiz8--demo--wiz8--8acda50afe39,00542866,005426d0,0x144,005f800c,
wiz8--demo--wiz8--8acda50afe39,00542e27,005426d0,0x150,005f800c,
wiz8--demo--wiz8--8acda50afe39,00543a26,005426d0,0x150,005f800c,
wiz8--demo--wiz8--8acda50afe39,00543e9b,005426d0,0x130,005f800c,
wiz8--demo--wiz8--8acda50afe39,00543f50,005426d0,0x130,005f800c,
wiz8--demo--wiz8--8acda50afe39,005446e4,005446a0,0x168,005f800c,
wiz8--demo--wiz8--8acda50afe39,00544712,005446a0,0x168,005f8e44,
wiz8--demo--wiz8--8acda50afe39,00544c92,005446a0,0x188,005f800c,
wiz8--demo--wiz8--8acda50afe39,0054573b,005446a0,0x168,005f800c,
wiz8--demo--wiz8--8acda50afe39,005457cf,005446a0,0x168,005f800c,
wiz8--demo--wiz8--8acda50afe39,0054780c,005477b0,0x7c,005f8e44,
wiz8--demo--wiz8--8acda50afe39,0054a7b9,0054a470,0x24,005fa7e8,
wiz8--demo--wiz8--8acda50afe39,0054acf5,0054a470,0x24,005fa7e8,
wiz8--demo--wiz8--8acda50afe39,0054aec7,0054a470,0x24,005fa7e8,
wiz8--demo--wiz8--8acda50afe39,0054b3e4,0054b170,0x0,005fa7e8,
wiz8--demo--wiz8--8acda50afe39,0054b407,0054b400,0x0,005fa7e8,
wiz8--demo--wiz8--8acda50afe39,0054d43c,0054c320,0x28,005f8000,
wiz8--demo--wiz8--8acda50afe39,005577a0,00557780,0x20,005f8000,
wiz8--demo--wiz8--8acda50afe39,005577e9,00557780,0xb8,005f8e44,
wiz8--demo--wiz8--8acda50afe39,00557b9f,00557780,0xbc,005f800c,
wiz8--demo--wiz8--8acda50afe39,00557bb4,00557780,0x24,005f8000,
wiz8--demo--wiz8--8acda50afe39,00557c0f,00557be0,0x60,005f8e44,
wiz8--demo--wiz8--8acda50afe39,00557c33,00557be0,0x64,005f800c,
wiz8--demo--wiz8--8acda50afe39,00557da3,00557be0,0x6c,005f800c,
wiz8--demo--wiz8--8acda50afe39,00557e8e,00557e60,0x60,005f8e44,
wiz8--demo--wiz8--8acda50afe39,00557fd8,00557e60,0x64,005f800c,
wiz8--demo--wiz8--8acda50afe39,0055802e,00558000,0x60,005f8e44,
wiz8--demo--wiz8--8acda50afe39,00558177,00558000,0x64,005f800c,
wiz8--demo--wiz8--8acda50afe39,0055de71,0055de30,0x0,005fa8a8,0x10
wiz8--demo--wiz8--8acda50afe39,0055e227,0055e220,0x0,005fa8a8,
wiz8--demo--wiz8--8acda50afe39,00561598,00561570,0x8,005fa8d4,
wiz8--demo--wiz8--8acda50afe39,005615be,00561570,0x8,005fa8d0,
wiz8--demo--wiz8--8acda50afe39,005615cb,00561570,0x18,005f8100,
wiz8--demo--wiz8--8acda50afe39,005615f3,00561570,0x28,005f8100,
wiz8--demo--wiz8--8acda50afe39,0056161b,00561570,0x38,005f8100,
wiz8--demo--wiz8--8acda50afe39,00561677,00561670,0x38,005f8100,
wiz8--demo--wiz8--8acda50afe39,00561687,00561670,0x28,005f8100,
wiz8--demo--wiz8--8acda50afe39,00561697,00561670,0x18,005f8100,
wiz8--demo--wiz8--8acda50afe39,005616a7,00561670,0x8,005fa8d4,
wiz8--demo--wiz8--8acda50afe39,00562424,005621c0,0x0,005fa8d4,
wiz8--demo--wiz8--8acda50afe39,00562447,00562440,0x0,005fa8d4,
wiz8--demo--wiz8--8acda50afe39,00562864,00562840,0x4,005fa900,
wiz8--demo--wiz8--8acda50afe39,0056288b,00562840,0x4,005fa8fc,
wiz8--demo--wiz8--8acda50afe39,005629b9,00562840,0x0,005fa8f8,
wiz8--demo--wiz8--8acda50afe39,00562a0f,005629f0,0x0,005fa8f8,
wiz8--demo--wiz8--8acda50afe39,00562aa5,005629f0,0x0,005fa900,
wiz8--demo--wiz8--8acda50afe39,005633d4,00563070,0x0,005fa900,
wiz8--demo--wiz8--8acda50afe39,00563487,00563480,0x0,005fa900,
wiz8--demo--wiz8--8acda50afe39,00563814,00563790,0x0,005fa928,
wiz8--demo--wiz8--8acda50afe39,00563ee8,00563c10,0x0,005fa934,
wiz8--demo--wiz8--8acda50afe39,00571291,00571180,0x0,005f7d30,
wiz8--demo--wiz8--8acda50afe39,005713fa,005713f0,0x218,005fa9dc,
wiz8--demo--wiz8--8acda50afe39,00571410,005713f0,0x1dc,005fa9d8,
wiz8--demo--wiz8--8acda50afe39,00571450,00571430,0x1dc,005fa9d8,
wiz8--demo--wiz8--8acda50afe39,00571486,00571430,0x1dc,005fa9e4,
wiz8--demo--wiz8--8acda50afe39,00571496,00571430,0x218,005fa9dc,
wiz8--demo--wiz8--8acda50afe39,005714ce,00571430,0x218,005fa9e0,
wiz8--demo--wiz8--8acda50afe39,00571a10,005716e0,0x0,005faa04,0x10
wiz8--demo--wiz8--8acda50afe39,00571ccb,00571c90,0x0,005faa08,0x10
wiz8--demo--wiz8--8acda50afe39,00571dad,00571c90,0x0,005faa08,0x10
wiz8--demo--wiz8--8acda50afe39,00572cb5,00572c60,0x0,005fa9f8,0x50
wiz8--demo--wiz8--8acda50afe39,00572eb9,00572c60,0x0,005fa9ec,
wiz8--demo--wiz8--8acda50afe39,0057d534,0057ccc6,0x0,005fa9d8,
wiz8--demo--wiz8--8acda50afe39,0057d557,0057d550,0x0,005faa04,
wiz8--demo--wiz8--8acda50afe39,0057d587,0057d580,0x0,005fa9d8,
wiz8--demo--wiz8--8acda50afe39,0057d5d7,0057d5d0,0x0,005fa9dc,
wiz8--demo--wiz8--8acda50afe39,0057d624,0057d600,0x0,005fa9dc,
wiz8--demo--wiz8--8acda50afe39,0057d647,0057d640,0x0,005fa9e8,
wiz8--demo--wiz8--8acda50afe39,0057d677,0057d670,0x0,005faa08,
wiz8--demo--wiz8--8acda50afe39,00584415,005843e0,0x0,005faa34,0x10
wiz8--demo--wiz8--8acda50afe39,00584438,005843e0,0x0,005faa30,
wiz8--demo--wiz8--8acda50afe39,00584447,005843e0,0x0,005faa30,
wiz8--demo--wiz8--8acda50afe39,005848c8,00584470,0x0,005f7d30,0x5c
wiz8--demo--wiz8--8acda50afe39,00584af5,00584470,0x0,005f9178,0x150
wiz8--demo--wiz8--8acda50afe39,00584ce8,00584470,0x1c,005f8184,
wiz8--demo--wiz8--8acda50afe39,00586264,00586240,0x4c,005f8038,
wiz8--demo--wiz8--8acda50afe39,0058628c,00586240,0x4c,005f8024,
wiz8--demo--wiz8--8acda50afe39,00586547,00586240,0x4c,005f8024,
wiz8--demo--wiz8--8acda50afe39,00586849,00586820,0x54,005f8038,
wiz8--demo--wiz8--8acda50afe39,00586d24,00586820,0x58,005f8024,
wiz8--demo--wiz8--8acda50afe39,00586f9e,00586820,0x0,005f7d30,
wiz8--demo--wiz8--8acda50afe39,00587151,00586820,0x0,005f7d30,
wiz8--demo--wiz8--8acda50afe39,00588150,00588100,0x0,005f7fd4,0x10
wiz8--demo--wiz8--8acda50afe39,005892a9,00589220,0x0,005f7d30,0x5c
wiz8--demo--wiz8--8acda50afe39,0058b1cb,0058b1c0,0x0,005f91ac,
wiz8--demo--wiz8--8acda50afe39,0058b1f8,0058b1c0,0x0,005f91b0,
wiz8--demo--wiz8--8acda50afe39,0058b208,0058b1c0,0x0,005f91b0,
wiz8--demo--wiz8--8acda50afe39,0058b277,0058b270,0x0,005faa34,
wiz8--demo--wiz8--8acda50afe39,0058b2c4,0058b2a0,0x0,005faa34,
wiz8--demo--wiz8--8acda50afe39,0058b2eb,0058b2e0,0x0,005f7fd8,
wiz8--demo--wiz8--8acda50afe39,0058b5f1,0058b5b0,0x4c,005faac4,
wiz8--demo--wiz8--8acda50afe39,0058b651,0058b5b0,0x0,005faab4,
wiz8--demo--wiz8--8acda50afe39,0058b657,0058b5b0,0x4c,005faab0,
wiz8--demo--wiz8--8acda50afe39,0058b6d0,0058b5b0,0x0,005faa68,
wiz8--demo--wiz8--8acda50afe39,0058b7ad,0058b790,0x0,005faab4,
wiz8--demo--wiz8--8acda50afe39,0058b7b3,0058b790,0x4c,005faab0,
wiz8--demo--wiz8--8acda50afe39,0058ba30,0058b9d0,0x0,005faac8,
wiz8--demo--wiz8--8acda50afe39,0058bd0d,0058bcf0,0x0,005faac8,
wiz8--demo--wiz8--8acda50afe39,0058c092,0058c070,0x0,005faae8,
wiz8--demo--wiz8--8acda50afe39,0058c09b,0058c070,0x0,005f965c,
wiz8--demo--wiz8--8acda50afe39,0058c0b8,0058c070,0x0,005faae0,
wiz8--demo--wiz8--8acda50afe39,0058c0be,0058c070,0x0,005faad8,
wiz8--demo--wiz8--8acda50afe39,0058c58e,0058c570,0x0,005faae0,
wiz8--demo--wiz8--8acda50afe39,0058c594,0058c570,0x4,005faad8,
wiz8--demo--wiz8--8acda50afe39,0058dc0d,0058dbc0,0x0,005fab50,
wiz8--demo--wiz8--8acda50afe39,0058dca0,0058dbc0,0x0,005fab04,
wiz8--demo--wiz8--8acda50afe39,0058dca6,0058dbc0,0x0,005fab00,
wiz8--demo--wiz8--8acda50afe39,0058e18a,0058e130,0x0,005fab54,
wiz8--demo--wiz8--8acda50afe39,0058e3dd,0058e3a0,0x4c,005f965c,
wiz8--demo--wiz8--8acda50afe39,0058e3e4,0058e3a0,0x50,005fabc0,
wiz8--demo--wiz8--8acda50afe39,0058e456,0058e3a0,0x0,005fabb0,
wiz8--demo--wiz8--8acda50afe39,0058e462,0058e3a0,0x50,005faba4,
wiz8--demo--wiz8--8acda50afe39,0058e67d,0058e660,0x0,005fabb0,
wiz8--demo--wiz8--8acda50afe39,0058e683,0058e660,0x4c,005faba8,
wiz8--demo--wiz8--8acda50afe39,0058e68a,0058e660,0x50,005faba4,
wiz8--demo--wiz8--8acda50afe39,0058e9b9,0058e960,0x0,005fabc8,
wiz8--demo--wiz8--8acda50afe39,0058ec9d,0058ec80,0x0,005fabc8,
wiz8--demo--wiz8--8acda50afe39,0058f052,0058f030,0x0,005fabe4,
wiz8--demo--wiz8--8acda50afe39,0058f058,0058f030,0x4,005f965c,
wiz8--demo--wiz8--8acda50afe39,0058f083,0058f030,0x0,005fabe0,
wiz8--demo--wiz8--8acda50afe39,0058f089,0058f030,0x0,005fabd8,
wiz8--demo--wiz8--8acda50afe39,0058f39e,0058f380,0x0,005fabe0,
wiz8--demo--wiz8--8acda50afe39,0058f3a4,0058f380,0x4,005fabd8,
wiz8--demo--wiz8--8acda50afe39,005a4652,005a4540,0x0,005fac48,
wiz8--demo--wiz8--8acda50afe39,005abea4,005ab830,0x0,005fad00,
wiz8--demo--wiz8--8acda50afe39,005acad6,005aca50,0x0,005fad00,
wiz8--demo--wiz8--8acda50afe39,005aff4c,005afef0,0xb8,005f965c,
wiz8--demo--wiz8--8acda50afe39,005aff5c,005afef0,0x0,005fad34,
wiz8--demo--wiz8--8acda50afe39,005b00ad,005b0090,0x0,005fad34,
wiz8--demo--wiz8--8acda50afe39,005b01bd,005b01a0,0x0,005fad84,
wiz8--demo--wiz8--8acda50afe39,005b026d,005b0250,0x0,005fadd4,
wiz8--demo--wiz8--8acda50afe39,005b02ed,005b02d0,0x0,005fae24,
wiz8--demo--wiz8--8acda50afe39,005b03e9,005b02d0,0x0,005f7d30,0x5c
wiz8--demo--wiz8--8acda50afe39,005b0a30,005b0a10,0x0,005f9664,
wiz8--demo--wiz8--8acda50afe39,005b0b35,005b0b30,0x0,005faf5c,
wiz8--demo--wiz8--8acda50afe39,005b0bca,005b0b80,0x0,005faf60,
wiz8--demo--wiz8--8acda50afe39,005b0c70,005b0c50,0x0,005faf60,
wiz8--demo--wiz8--8acda50afe39,005b0d07,005b0cc0,0x58,005fafc4,
wiz8--demo--wiz8--8acda50afe39,005b0d2c,005b0cc0,0x58,005fafc0,
wiz8--demo--wiz8--8acda50afe39,005b0d6a,005b0cc0,0x0,005faf9c,0x5fafbc
wiz8--demo--wiz8--8acda50afe39,005b0e1f,005b0e00,0x0,005faf9c,
wiz8--demo--wiz8--8acda50afe39,005b0ee1,005b0e00,0x58,005fafc4,
wiz8--demo--wiz8--8acda50afe39,005b10d9,005b0fc0,0x0,005fad84,
wiz8--demo--wiz8--8acda50afe39,005b128b,005b1150,0x0,005fadd4,
wiz8--demo--wiz8--8acda50afe39,005b1428,005b12e0,0x0,005faf14,
wiz8--demo--wiz8--8acda50afe39,005b1545,005b1460,0x0,005fafc8,0x28
wiz8--demo--wiz8--8acda50afe39,005b1630,005b1610,0x0,005fafc8,
wiz8--demo--wiz8--8acda50afe39,005b163a,005b1610,0x10,005f9658,
wiz8--demo--wiz8--8acda50afe39,005b17b3,005b1770,0x0,005f965c,
wiz8--demo--wiz8--8acda50afe39,005b17c3,005b1770,0x0,005fafe0,
wiz8--demo--wiz8--8acda50afe39,005b17c9,005b1770,0x0,005fafd8,
wiz8--demo--wiz8--8acda50afe39,005b195d,005b1940,0x0,005fafe0,
wiz8--demo--wiz8--8acda50afe39,005b1963,005b1940,0x4c,005fafd8,
wiz8--demo--wiz8--8acda50afe39,005b1b8d,005b1b70,0x0,005fb00c,
wiz8--demo--wiz8--8acda50afe39,005b1b93,005b1b70,0x4,005f965c,
wiz8--demo--wiz8--8acda50afe39,005b1b9b,005b1b70,0x8,005fb008,
wiz8--demo--wiz8--8acda50afe39,005b1bab,005b1b70,0x0,005fb004,
wiz8--demo--wiz8--8acda50afe39,005b1bd2,005b1b70,0x0,005fb000,
wiz8--demo--wiz8--8acda50afe39,005b1bfb,005b1b70,0x0,005faffc,
wiz8--demo--wiz8--8acda50afe39,005b1c01,005b1b70,0x4,005faff4,
wiz8--demo--wiz8--8acda50afe39,005b1c08,005b1b70,0x8,005faff0,
wiz8--demo--wiz8--8acda50afe39,005b1d02,005b1ce0,0x0,005faffc,
wiz8--demo--wiz8--8acda50afe39,005b1d08,005b1ce0,0x4,005faff4,
wiz8--demo--wiz8--8acda50afe39,005b1d0f,005b1ce0,0x8,005faff0,
wiz8--demo--wiz8--8acda50afe39,005b1da3,005b1ce0,0x10,005f9658,
wiz8--demo--wiz8--8acda50afe39,005b1e0c,005b1ce0,0x0,005fafd4,
wiz8--demo--wiz8--8acda50afe39,005b1e3a,005b1ce0,0xc,005fb004,
wiz8--demo--wiz8--8acda50afe39,005b1e84,005b1e60,0x10,005f9658,
wiz8--demo--wiz8--8acda50afe39,005b1f68,005b1e60,0x0,005fb010,0x20
wiz8--demo--wiz8--8acda50afe39,005b2316,005b2300,0x0,005faf5c,
wiz8--demo--wiz8--8acda50afe39,005b3339,005b31f0,0x0,005fae24,
wiz8--demo--wiz8--8acda50afe39,005b4277,005b4250,0x9c,005f9658,
wiz8--demo--wiz8--8acda50afe39,005b4289,005b4250,0x0,005faf9c,
wiz8--demo--wiz8--8acda50afe39,005b430a,005b4250,0x10,005f9658,
wiz8--demo--wiz8--8acda50afe39,005b4335,005b4250,0x58,005fafc4,
wiz8--demo--wiz8--8acda50afe39,005b4584,005b4250,0x0,005fae74,
wiz8--demo--wiz8--8acda50afe39,005b45c6,005b4250,0x0,005faec4,
wiz8--demo--wiz8--8acda50afe39,005b46bf,005b4250,0x0,005fae74,
wiz8--demo--wiz8--8acda50afe39,005b4a51,005b48a0,0x0,005fb168,0x78
wiz8--demo--wiz8--8acda50afe39,005b4a93,005b48a0,0x0,005fb14c,0x78
wiz8--demo--wiz8--8acda50afe39,005b4ad8,005b48a0,0x78,005fb144,
wiz8--demo--wiz8--8acda50afe39,005b4adf,005b48a0,0x7c,005f965c,
wiz8--demo--wiz8--8acda50afe39,005b4ae6,005b48a0,0x0,005fb128,0x84
wiz8--demo--wiz8--8acda50afe39,005b4aec,005b48a0,0x78,005fb120,
wiz8--demo--wiz8--8acda50afe39,005b4af3,005b48a0,0x7c,005fb118,
wiz8--demo--wiz8--8acda50afe39,005b4b39,005b48a0,0x78,005fb144,
wiz8--demo--wiz8--8acda50afe39,005b4b40,005b48a0,0x7c,005f965c,
wiz8--demo--wiz8--8acda50afe39,005b4b47,005b48a0,0x0,005fb0fc,0xa0
wiz8--demo--wiz8--8acda50afe39,005b4b4d,005b48a0,0x78,005fb0f4,
wiz8--demo--wiz8--8acda50afe39,005b4b54,005b48a0,0x7c,005fb0ec,
wiz8--demo--wiz8--8acda50afe39,005b4b97,005b48a0,0x78,005fb144,
wiz8--demo--wiz8--8acda50afe39,005b4b9e,005b48a0,0x0,005fb0d0,0x7c
wiz8--demo--wiz8--8acda50afe39,005b4ba4,005b48a0,0x78,005fb0c8,
wiz8--demo--wiz8--8acda50afe39,005b4be7,005b48a0,0x0,005fb0ac,0x78
wiz8--demo--wiz8--8acda50afe39,005b4c2b,005b48a0,0x78,005f965c,
wiz8--demo--wiz8--8acda50afe39,005b4c32,005b48a0,0x7c,005fb00c,
wiz8--demo--wiz8--8acda50afe39,005b4c39,005b48a0,0x80,005fb044,
wiz8--demo--wiz8--8acda50afe39,005b4c43,005b48a0,0x84,005fb008,
wiz8--demo--wiz8--8acda50afe39,005b4c6d,005b48a0,0x0,005fb028,
wiz8--demo--wiz8--8acda50afe39,005b4c73,005b48a0,0x78,005fb020,
wiz8--demo--wiz8--8acda50afe39,005b4c7a,005b48a0,0x7c,005fb01c,
wiz8--demo--wiz8--8acda50afe39,005b4c81,005b48a0,0x80,005fb018,
wiz8--demo--wiz8--8acda50afe39,005b4c8b,005b48a0,0x84,005fb014,
wiz8--demo--wiz8--8acda50afe39,005b4cf1,005b48a0,0x0,005fb090,
wiz8--demo--wiz8--8acda50afe39,005b4d3d,005b48a0,0x78,005f965c,
wiz8--demo--wiz8--8acda50afe39,005b4d44,005b48a0,0x7c,005fb008,
wiz8--demo--wiz8--8acda50afe39,005b4d65,005b48a0,0x88,005fb00c,
wiz8--demo--wiz8--8acda50afe39,005b4d87,005b48a0,0x0,005fb080,
wiz8--demo--wiz8--8acda50afe39,005b4de4,005b48a0,0x0,005fb090,
wiz8--demo--wiz8--8acda50afe39,005b4e3d,005b48a0,0x0,005fb090,
wiz8--demo--wiz8--8acda50afe39,005b4e89,005b48a0,0x78,005f965c,
wiz8--demo--wiz8--8acda50afe39,005b4e90,005b48a0,0x7c,005fb008,
wiz8--demo--wiz8--8acda50afe39,005b4eab,005b48a0,0x88,005fb00c,
wiz8--demo--wiz8--8acda50afe39,005b4ee1,005b48a0,0x0,005fb064,
wiz8--demo--wiz8--8acda50afe39,005b4ee7,005b48a0,0x78,005fb05c,
wiz8--demo--wiz8--8acda50afe39,005b4eee,005b48a0,0x7c,005fb058,
wiz8--demo--wiz8--8acda50afe39,005b4ef5,005b48a0,0x80,005fb054,
wiz8--demo--wiz8--8acda50afe39,005b4eff,005b48a0,0x84,005fb04c,
wiz8--demo--wiz8--8acda50afe39,005b4f09,005b48a0,0x88,005fb048,
wiz8--demo--wiz8--8acda50afe39,005b4fbf,005b4fa0,0x0,005faf9c,
wiz8--demo--wiz8--8acda50afe39,005b5081,005b4fa0,0x58,005fafc4,
wiz8--demo--wiz8--8acda50afe39,005b50ff,005b50e0,0x0,005faf9c,
wiz8--demo--wiz8--8acda50afe39,005b51c1,005b50e0,0x58,005fafc4,
wiz8--demo--wiz8--8acda50afe39,005b523f,005b5220,0x0,005faf9c,
wiz8--demo--wiz8--8acda50afe39,005b5301,005b5220,0x58,005fafc4,
wiz8--demo--wiz8--8acda50afe39,005b537f,005b5360,0x0,005faf9c,
wiz8--demo--wiz8--8acda50afe39,005b5441,005b5360,0x58,005fafc4,
wiz8--demo--wiz8--8acda50afe39,005b54bf,005b54a0,0x0,005faf9c,
wiz8--demo--wiz8--8acda50afe39,005b5581,005b54a0,0x58,005fafc4,
wiz8--demo--wiz8--8acda50afe39,005b55ff,005b55e0,0x0,005faf9c,
wiz8--demo--wiz8--8acda50afe39,005b56c1,005b55e0,0x58,005fafc4,
wiz8--demo--wiz8--8acda50afe39,005b573f,005b5720,0x0,005faf9c,
wiz8--demo--wiz8--8acda50afe39,005b5801,005b5720,0x58,005fafc4,
wiz8--demo--wiz8--8acda50afe39,005b5886,005b5860,0xb0,005f9658,
wiz8--demo--wiz8--8acda50afe39,005b58ae,005b5860,0x0,005faf9c,
wiz8--demo--wiz8--8acda50afe39,005b594f,005b5860,0x0,005fafc4,
wiz8--demo--wiz8--8acda50afe39,005b5984,005b5860,0x0,005fafc4,
wiz8--demo--wiz8--8acda50afe39,005b59c4,005b5860,0x0,005fafd4,
wiz8--demo--wiz8--8acda50afe39,005b59e4,005b5860,0x0,005fb004,
wiz8--demo--wiz8--8acda50afe39,005b5a0b,005b5a00,0x0,005fb184,
wiz8--demo--wiz8--8acda50afe39,005b5a38,005b5a00,0x0,005fb080,
wiz8--demo--wiz8--8acda50afe39,005b5a48,005b5a00,0x0,005fb080,
wiz8--demo--wiz8--8acda50afe39,005b5a87,005b5a80,0x0,005fafc4,
wiz8--demo--wiz8--8acda50afe39,005b5ad7,005b5ad0,0x0,005fafbc,
wiz8--demo--wiz8--8acda50afe39,005b5b27,005b5b20,0x0,005fafd4,
wiz8--demo--wiz8--8acda50afe39,005b5b77,005b5b70,0x0,005fb004,
wiz8--demo--wiz8--8acda50afe39,005b5bc7,005b5bc0,0x0,005fb184,
wiz8--demo--wiz8--8acda50afe39,005b5c1b,005b5c10,0x0,005fafd4,
wiz8--demo--wiz8--8acda50afe39,005b5c6b,005b5c60,0x0,005fb184,
wiz8--demo--wiz8--8acda50afe39,005b8141,005b7a10,0x0,005fb1c8,
wiz8--demo--wiz8--8acda50afe39,005b83f8,005b83f0,0x0,005fb1c8,
wiz8--demo--wiz8--8acda50afe39,005b8833,005b87f0,0x4c,005fb208,
wiz8--demo--wiz8--8acda50afe39,005b885c,005b87f0,0x4c,005fb204,
wiz8--demo--wiz8--8acda50afe39,005b8866,005b87f0,0x0,005fb1d4,
wiz8--demo--wiz8--8acda50afe39,005b88be,005b88a0,0x0,005fb1d4,
wiz8--demo--wiz8--8acda50afe39,005b8925,005b88a0,0x4c,005fb208,
wiz8--demo--wiz8--8acda50afe39,005b8aaa,005b8a20,0x4,005f965c,
wiz8--demo--wiz8--8acda50afe39,005b8adc,005b8a20,0x0,005fb214,
wiz8--demo--wiz8--8acda50afe39,005b8ae3,005b8a20,0x4,005fb20c,
wiz8--demo--wiz8--8acda50afe39,005ba39a,005ba290,0x0,005fb214,
wiz8--demo--wiz8--8acda50afe39,005ba3a0,005ba290,0x4,005fb20c,
wiz8--demo--wiz8--8acda50afe39,005ba774,005ba290,0x0,005fb208,
wiz8--demo--wiz8--8acda50afe39,005ba797,005ba790,0x0,005fb208,
wiz8--demo--wiz8--8acda50afe39,005bbe72,005bbe30,0x0,005f965c,
wiz8--demo--wiz8--8acda50afe39,005bbe83,005bbe30,0x0,005fb268,
wiz8--demo--wiz8--8acda50afe39,005bbe89,005bbe30,0x0,005fb260,
wiz8--demo--wiz8--8acda50afe39,005bfe4e,005bfcc0,0x0,005fb288,
wiz8--demo--wiz8--8acda50afe39,005c29f3,005c2700,0x0,005fb2a0,
wiz8--demo--wiz8--8acda50afe39,005c502e,005c4fd0,0x0,005fb300,0x10
wiz8--demo--wiz8--8acda50afe39,005c5677,005c5670,0x0,005fb300,
wiz8--demo--wiz8--8acda50afe39,005c65f0,005c65b0,0x0,005f965c,
wiz8--demo--wiz8--8acda50afe39,005c65fd,005c65b0,0x0,005fb330,
wiz8--demo--wiz8--8acda50afe39,005c6603,005c65b0,0x0,005fb328,
wiz8--demo--wiz8--8acda50afe39,005c688d,005c6870,0x0,005fb330,
wiz8--demo--wiz8--8acda50afe39,005c6893,005c6870,0x4c,005fb328,
wiz8--demo--wiz8--8acda50afe39,005c6f1e,005c6ec0,0x0,005fa8a8,0x10
wiz8--demo--wiz8--8acda50afe39,005c744e,005c73a0,0x0,005fb350,
wiz8--demo--wiz8--8acda50afe39,005c7b0d,005c7af0,0x0,005fb354,
wiz8--demo--wiz8--8acda50afe39,005c7d87,005c7d60,0x4c,005fb00c,
wiz8--demo--wiz8--8acda50afe39,005c7d90,005c7d60,0x50,005fab50,
wiz8--demo--wiz8--8acda50afe39,005c7d9e,005c7d60,0x54,005fb3c8,
wiz8--demo--wiz8--8acda50afe39,005c7dbf,005c7d60,0x0,005fb3b8,
wiz8--demo--wiz8--8acda50afe39,005c7dc5,005c7d60,0x4c,005fb3b4,
wiz8--demo--wiz8--8acda50afe39,005c7dcc,005c7d60,0x50,005fb3b0,
wiz8--demo--wiz8--8acda50afe39,005c7dd3,005c7d60,0x54,005fb3a4,
wiz8--demo--wiz8--8acda50afe39,005c7e41,005c7d60,0x0,005fb354,
wiz8--demo--wiz8--8acda50afe39,005c7fad,005c7f90,0x0,005fb3b8,
wiz8--demo--wiz8--8acda50afe39,005c7fb3,005c7f90,0x4c,005fb3b4,
wiz8--demo--wiz8--8acda50afe39,005c7fba,005c7f90,0x50,005fb3b0,
wiz8--demo--wiz8--8acda50afe39,005c7fc1,005c7f90,0x54,005fb3a4,
wiz8--demo--wiz8--8acda50afe39,005c8345,005c82c0,0x0,005fb3d4,
wiz8--demo--wiz8--8acda50afe39,005c83dd,005c83c0,0x0,005fb3d4,
wiz8--demo--wiz8--8acda50afe39,005c86f5,005c8420,0x0,005fb00c,
wiz8--demo--wiz8--8acda50afe39,005c870c,005c8420,0x0,005fb428,
wiz8--demo--wiz8--8acda50afe39,005c8712,005c8420,0x0,005fb424,
wiz8--demo--wiz8--8acda50afe39,005c87fd,005c87e0,0x0,005fb428,
wiz8--demo--wiz8--8acda50afe39,005c8803,005c87e0,0x4c,005fb424,
wiz8--demo--wiz8--8acda50afe39,005c881b,005c87e0,0x60,005f9658,
wiz8--demo--wiz8--8acda50afe39,005c8899,005c8870,0x4c,005f965c,
wiz8--demo--wiz8--8acda50afe39,005c88ab,005c8870,0x0,005fb440,
wiz8--demo--wiz8--8acda50afe39,005c88b1,005c8870,0x4c,005fb438,
wiz8--demo--wiz8--8acda50afe39,005c899d,005c8980,0x0,005fb440,
wiz8--demo--wiz8--8acda50afe39,005c89a3,005c8980,0x4c,005fb438,
wiz8--demo--wiz8--8acda50afe39,005c9120,005c9100,0x0,005fb454,
wiz8--demo--wiz8--8acda50afe39,005c9126,005c9100,0x34,005fb450,
wiz8--demo--wiz8--8acda50afe39,005c93fb,005c93b0,0x7c,005fafc4,
wiz8--demo--wiz8--8acda50afe39,005c942c,005c93b0,0x7c,005fafc0,
wiz8--demo--wiz8--8acda50afe39,005c943f,005c93b0,0x0,005fb49c,
wiz8--demo--wiz8--8acda50afe39,005c967e,005c9660,0x0,005fb49c,
wiz8--demo--wiz8--8acda50afe39,005c96fc,005c9660,0x7c,005fafc4,
wiz8--demo--wiz8--8acda50afe39,005c970c,005c9660,0x60,005f9658,
wiz8--demo--wiz8--8acda50afe39,005ca005,005ca000,0x0,005fb4ac,
wiz8--demo--wiz8--8acda50afe39,005ca21e,005ca110,0x0,005fb4d0,
wiz8--demo--wiz8--8acda50afe39,005ca4f1,005ca110,0x34,005fab50,
wiz8--demo--wiz8--8acda50afe39,005ca50b,005ca110,0x0,005fb454,
wiz8--demo--wiz8--8acda50afe39,005ca511,005ca110,0x34,005fb450,
wiz8--demo--wiz8--8acda50afe39,005ca760,005ca740,0x0,005fb4d0,
wiz8--demo--wiz8--8acda50afe39,005ca778,005ca770,0x0,005fb4bc,
wiz8--demo--wiz8--8acda50afe39,005ca77e,005ca770,0x4,005fb4b8,
wiz8--demo--wiz8--8acda50afe39,005cc05d,005cbfc0,0x0,005fb4e0,0x24
wiz8--demo--wiz8--8acda50afe39,005cc132,005cbfc0,0x4,005fb4cc,
wiz8--demo--wiz8--8acda50afe39,005cc139,005cbfc0,0x8,005fb4c4,
wiz8--demo--wiz8--8acda50afe39,005cc14f,005cbfc0,0x4,005fb4b8,
wiz8--demo--wiz8--8acda50afe39,005cc744,005cc300,0x0,005fb350,
wiz8--demo--wiz8--8acda50afe39,005cc9d7,005cc9d0,0x0,005fb350,
wiz8--demo--wiz8--8acda50afe39,005cca2b,005cca20,0x0,005fb350,
wiz8--demo--wiz8--8acda50afe39,005cd6bb,005cd6a0,0x0,005fb520,
wiz8--demo--wiz8--8acda50afe39,005cd736,005cd730,0x0,005fb520,
wiz8--demo--wiz8--8acda50afe39,005cd7a9,005cd780,0x0,005f965c,
wiz8--demo--wiz8--8acda50afe39,005cd7bc,005cd780,0x0,005fb52c,
wiz8--demo--wiz8--8acda50afe39,005cd7c2,005cd780,0x0,005fb524,
wiz8--demo--wiz8--8acda50afe39,005cd9fd,005cd9e0,0x0,005fb52c,
wiz8--demo--wiz8--8acda50afe39,005cda03,005cd9e0,0x4c,005fb524,
wiz8--demo--wiz8--8acda50afe39,005d06c2,005d0680,0x70,005fb00c,
wiz8--demo--wiz8--8acda50afe39,005d06d4,005d0680,0x74,005f965c,
wiz8--demo--wiz8--8acda50afe39,005d070e,005d0680,0x0,005fb56c,
wiz8--demo--wiz8--8acda50afe39,005d0714,005d0680,0x70,005fb568,
wiz8--demo--wiz8--8acda50afe39,005d071b,005d0680,0x74,005fb560,
wiz8--demo--wiz8--8acda50afe39,005d078d,005d0770,0x0,005fb56c,
wiz8--demo--wiz8--8acda50afe39,005d0793,005d0770,0x70,005fb568,
wiz8--demo--wiz8--8acda50afe39,005d079a,005d0770,0x74,005fb560,
wiz8--demo--wiz8--8acda50afe39,005d07bb,005d0770,0xc0,005f9658,
wiz8--demo--wiz8--8acda50afe39,005d07d1,005d0770,0x9c,005f9658,
wiz8--demo--wiz8--8acda50afe39,005d0f9d,005d0f60,0x70,005fb5e8,
wiz8--demo--wiz8--8acda50afe39,005d0fa4,005d0f60,0x0,005fb5b8,0x78
wiz8--demo--wiz8--8acda50afe39,005d0faa,005d0f60,0x70,005fb5b0,
wiz8--demo--wiz8--8acda50afe39,005d1006,005d0fe0,0x70,005fb5b0,
wiz8--demo--wiz8--8acda50afe39,005d105e,005d1040,0x0,005fb604,
wiz8--demo--wiz8--8acda50afe39,005d1064,005d1040,0x34,005fb600,
wiz8--demo--wiz8--8acda50afe39,005d162d,005d1610,0x0,005fb654,
wiz8--demo--wiz8--8acda50afe39,005d1633,005d1610,0x70,005fb64c,
wiz8--demo--wiz8--8acda50afe39,005d1732,005d1670,0x34,005fab50,
wiz8--demo--wiz8--8acda50afe39,005d175d,005d1670,0x0,005fb604,
wiz8--demo--wiz8--8acda50afe39,005d1763,005d1670,0x34,005fb600,
wiz8--demo--wiz8--8acda50afe39,005d20d3,005d2080,0x70,005fb684,
wiz8--demo--wiz8--8acda50afe39,005d20e9,005d2080,0x0,005fb654,
wiz8--demo--wiz8--8acda50afe39,005d20ef,005d2080,0x70,005fb64c,
wiz8--demo--wiz8--8acda50afe39,005d2165,005d2110,0x0,005fb6a0,
wiz8--demo--wiz8--8acda50afe39,005d221d,005d2200,0x0,005fb6a0,
wiz8--demo--wiz8--8acda50afe39,005d236c,005d2300,0x0,005fb6f0,
wiz8--demo--wiz8--8acda50afe39,005d247d,005d2460,0x0,005fb6f0,
wiz8--demo--wiz8--8acda50afe39,005d2d9f,005d2d80,0x0,005fb768,
wiz8--demo--wiz8--8acda50afe39,005d2da5,005d2d80,0x70,005fb758,
wiz8--demo--wiz8--8acda50afe39,005d2dac,005d2d80,0x74,005fb750,
wiz8--demo--wiz8--8acda50afe39,005d2db3,005d2d80,0x78,005fb748,
wiz8--demo--wiz8--8acda50afe39,005d2dce,005d2d80,0x0,005fb740,
wiz8--demo--wiz8--8acda50afe39,005d2e37,005d2d80,0x0,005fb740,
wiz8--demo--wiz8--8acda50afe39,005d2ea0,005d2d80,0x0,005fb740,
wiz8--demo--wiz8--8acda50afe39,005d2f65,005d2f20,0x0,005fb740,0x34
wiz8--demo--wiz8--8acda50afe39,005d2f9f,005d2f20,0x0,005fb740,
wiz8--demo--wiz8--8acda50afe39,005d2fd9,005d2f20,0x0,005fb740,
wiz8--demo--wiz8--8acda50afe39,005d4d71,005d4d30,0x70,005fb798,
wiz8--demo--wiz8--8acda50afe39,005d4d78,005d4d30,0x74,005fb5e8,
wiz8--demo--wiz8--8acda50afe39,005d4d7f,005d4d30,0x78,005f965c,
wiz8--demo--wiz8--8acda50afe39,005d4d96,005d4d30,0x0,005fb768,
wiz8--demo--wiz8--8acda50afe39,005d4d9c,005d4d30,0x70,005fb758,
wiz8--demo--wiz8--8acda50afe39,005d4da3,005d4d30,0x74,005fb750,
wiz8--demo--wiz8--8acda50afe39,005d4daa,005d4d30,0x78,005fb748,
wiz8--demo--wiz8--8acda50afe39,005d4e0d,005d4de0,0x54,005faa04,
wiz8--demo--wiz8--8acda50afe39,005d4e3a,005d4de0,0x64,005f9434,
wiz8--demo--wiz8--8acda50afe39,005d4e5e,005d4de0,0x0,005fb7b8,
wiz8--demo--wiz8--8acda50afe39,005d4f9d,005d4f80,0x0,005fb7b8,
wiz8--demo--wiz8--8acda50afe39,005d4fca,005d4f80,0x64,005f9434,
wiz8--demo--wiz8--8acda50afe39,005d4fda,005d4f80,0x54,005faa04,
wiz8--demo--wiz8--8acda50afe39,005d6d84,005d6970,0x0,005faa04,
wiz8--demo--wiz8--8acda50afe39,005d6ddc,005d6db0,0x54,005f8178,
wiz8--demo--wiz8--8acda50afe39,005d6e02,005d6db0,0x54,005f8174,
wiz8--demo--wiz8--8acda50afe39,005d6e0f,005d6db0,0x64,005f8534,
wiz8--demo--wiz8--8acda50afe39,005d6e32,005d6db0,0x0,005fb800,
wiz8--demo--wiz8--8acda50afe39,005d6edf,005d6ec0,0x0,005fb800,
wiz8--demo--wiz8--8acda50afe39,005d6f2c,005d6ec0,0x64,005f8534,
wiz8--demo--wiz8--8acda50afe39,005d6f3c,005d6ec0,0x54,005f8178,
wiz8--demo--wiz8--8acda50afe39,005da78c,005da740,0x0,005fb884,
wiz8--demo--wiz8--8acda50afe39,005dabe0,005dabc0,0x1c,005fb88c,
wiz8--demo--wiz8--8acda50afe39,005dac07,005dabc0,0x1c,005fb888,
wiz8--demo--wiz8--8acda50afe39,005dac14,005dabc0,0x2c,005fb88c,
wiz8--demo--wiz8--8acda50afe39,005dac3d,005dabc0,0x2c,005fb888,
wiz8--demo--wiz8--8acda50afe39,005dbc57,005dbc50,0x0,005fb88c,
wiz8--demo--wiz8--8acda50afe39,005dbcc0,005dbca0,0x0,005fb8a0,
wiz8--demo--wiz8--8acda50afe39,005dbd1d,005dbd00,0x0,005fb8a0,
wiz8--demo--wiz8--8acda50afe39,005df007,005defa0,0x0,005fb8f0,
wiz8--demo--wiz8--8acda50afe39,005df08e,005df070,0x0,005fb8f0,
wiz8--demo--wiz8--8acda50afe39,005e0157,005e0100,0x0,005fb968,
wiz8--demo--wiz8--8acda50afe39,005e0200,005e01e0,0x0,005fb968,
wiz8--demo--wiz8--8acda50afe39,005e2963,005e2930,0x0,005fb9d0,
wiz8--demo--wiz8--8acda50afe39,005e2a23,005e29f0,0x0,005fb9d0,
wiz8--demo--wiz8--8acda50afe39,005e2aaf,005e2a90,0x0,005fb9d0,
wiz8--demo--wiz8--8acda50afe39,005e384b,005e3810,0x0,005fba2c,
wiz8--demo--wiz8--8acda50afe39,005e39dd,005e39c0,0x0,005fba2c,
wiz8--demo--wiz8--8acda50afe39,005e4317,005e3ff0,0x0,005fba78,
wiz8--demo--wiz8--8acda50afe39,005e4379,005e4370,0x0,005fba78,
wiz8--demo--wiz8--8acda50afe39,005e43c9,005e43c0,0x0,005fba78,
wiz8--demo--wiz8--8acda50afe39,005e4d48,005e4cc0,0x0,005fba90,
wiz8--demo--wiz8--8acda50afe39,005e4dce,005e4db0,0x0,005fba90,
wiz8--demo--wiz8--8acda50afe39,005e592b,005e5040,0x0,005fbad8,
wiz8--demo--wiz8--8acda50afe39,005e5998,005e5990,0x0,005fbad8,
wiz8--demo--wiz8--8acda50afe39,005e59e8,005e59e0,0x0,005fbad8,
wiz8--demo--wiz8--8acda50afe39,005e6086,005e6050,0x0,005fbb58,
wiz8--demo--wiz8--8acda50afe39,005e61cf,005e61b0,0x0,005fbb58,
wiz8--demo--wiz8--8acda50afe39,005e7cd3,005e7c70,0x0,005fbba0,
wiz8--demo--wiz8--8acda50afe39,005e7d4e,005e7d30,0x0,005fbba0,
wiz8--demo--wiz8--8acda50afe39,005e8282,005e8250,0x0,005fbbdc,
wiz8--demo--wiz8--8acda50afe39,005e835e,005e8340,0x0,005fbba0,
wiz8--demo--wiz8--8acda50afe39,005e8722,005e86f0,0x0,005fbc18,
wiz8--demo--wiz8--8acda50afe39,005e87fe,005e87e0,0x0,005fbba0,
wiz8--demo--wiz8--8acda50afe39,005e8a60,005e8a00,0x0,005fbc68,
wiz8--demo--wiz8--8acda50afe39,005e8ade,005e8ac0,0x0,005fbc68,
wiz8--demo--wiz8--8acda50afe39,005e8e42,005e8e10,0x0,005fbca8,
wiz8--demo--wiz8--8acda50afe39,005e8ede,005e8ec0,0x0,005fbc68,
wiz8--demo--wiz8--8acda50afe39,005e9012,005e8f50,0x0,005fbce8,
wiz8--demo--wiz8--8acda50afe39,005e90ce,005e90b0,0x0,005fbc68,
wiz8--demo--wiz8--8acda50afe39,005e9352,005e9320,0x0,005fbd28,
wiz8--demo--wiz8--8acda50afe39,005e93ee,005e93d0,0x0,005fbc68,
wiz8--demo--wiz8--8acda50afe39,005e94eb,005e94c0,0x19b2,005f8000,
wiz8--demo--wiz8--8acda50afe39,005e952d,005e94c0,0x0,005fbda0,
wiz8--demo--wiz8--8acda50afe39,005e964d,005e95b0,0x19b2,005f8000,
wiz8--demo--wiz8--8acda50afe39,005ec97c,005ec960,0x24,005f8000,
wiz8--demo--wiz8--8acda50afe39,005ecbe0,005ec960,0x24,005f8000,
wiz8--gog-1261--wiz8new--57a3072c2f83,00421896,00421850,0x0,005ebcfc,
wiz8--gog-1261--wiz8new--57a3072c2f83,004218d0,004218b0,0x0,005ebcfc,
wiz8--gog-1261--wiz8new--57a3072c2f83,0042354f,00423500,0x0,005ebe7c,0x14
wiz8--gog-1261--wiz8new--57a3072c2f83,0042359b,00423500,0x0,005ebe48,
wiz8--gog-1261--wiz8new--57a3072c2f83,00423612,00423500,0x0,005ebe48,
wiz8--gog-1261--wiz8new--57a3072c2f83,00423688,00423500,0x0,005ebe48,
wiz8--gog-1261--wiz8new--57a3072c2f83,00423700,00423500,0x0,005ebe48,
wiz8--gog-1261--wiz8new--57a3072c2f83,00423776,00423500,0x0,005ebe48,
wiz8--gog-1261--wiz8new--57a3072c2f83,004237ec,00423500,0x0,005ebe48,
wiz8--gog-1261--wiz8new--57a3072c2f83,00423864,00423500,0x0,005ebe48,
wiz8--gog-1261--wiz8new--57a3072c2f83,004238da,00423500,0x0,005ebe48,
wiz8--gog-1261--wiz8new--57a3072c2f83,00423950,00423500,0x0,005ebe14,
wiz8--gog-1261--wiz8new--57a3072c2f83,00423a4f,00423500,0x0,005ebe14,
wiz8--gog-1261--wiz8new--57a3072c2f83,00423b62,00423500,0x0,005ebde0,
wiz8--gog-1261--wiz8new--57a3072c2f83,00423cef,00423500,0x0,005ebd10,
wiz8--gog-1261--wiz8new--57a3072c2f83,004240b7,00424040,0x0,005ebd10,0x5c
wiz8--gog-1261--wiz8new--57a3072c2f83,00424130,00424040,0x0,005ebd10,0x5c
wiz8--gog-1261--wiz8new--57a3072c2f83,004241a6,00424040,0x0,005ebd10,0x5c
wiz8--gog-1261--wiz8new--57a3072c2f83,004243f8,00424280,0x0,005ebd10,
wiz8--gog-1261--wiz8new--57a3072c2f83,00424625,00424560,0x0,005ebd10,0x5c
wiz8--gog-1261--wiz8new--57a3072c2f83,004247f9,00424790,0x0,005ebe98,
wiz8--gog-1261--wiz8new--57a3072c2f83,004248b0,00424790,0x0,005ebde0,
wiz8--gog-1261--wiz8new--57a3072c2f83,00424ad2,00424a90,0x0,005ebeec,0x5c
wiz8--gog-1261--wiz8new--57a3072c2f83,00424f02,00424eb0,0x0,005ebe98,
wiz8--gog-1261--wiz8new--57a3072c2f83,00425026,00424eb0,0x0,005ebeec,
wiz8--gog-1261--wiz8new--57a3072c2f83,00425209,00425190,0x0,005ebe98,
wiz8--gog-1261--wiz8new--57a3072c2f83,00428605,004285c0,0x0,005ebe48,0x190
wiz8--gog-1261--wiz8new--57a3072c2f83,00428ffd,00428e60,0x0,005ebd10,
wiz8--gog-1261--wiz8new--57a3072c2f83,00429025,00428e60,0x0,005ebd10,
wiz8--gog-1261--wiz8new--57a3072c2f83,00429096,00428e60,0x0,005ebeec,0x5c
wiz8--gog-1261--wiz8new--57a3072c2f83,004292d4,00429290,0x0,005ebd10,0x5c
wiz8--gog-1261--wiz8new--57a3072c2f83,00429d9b,00429d70,0x0,005ebf94,
wiz8--gog-1261--wiz8new--57a3072c2f83,00429de5,00429d70,0x0,005ebf68,
wiz8--gog-1261--wiz8new--57a3072c2f83,00429f20,00429f00,0x0,005ebf68,
wiz8--gog-1261--wiz8new--57a3072c2f83,00429f9f,00429f00,0x0,005ebf94,
wiz8--gog-1261--wiz8new--57a3072c2f83,0042a1be,0042a1a0,0x0,005ebf94,
wiz8--gog-1261--wiz8new--57a3072c2f83,0042a26b,0042a260,0x0,005ebfb8,
wiz8--gog-1261--wiz8new--57a3072c2f83,0042a298,0042a260,0x0,005ebfb4,
wiz8--gog-1261--wiz8new--57a3072c2f83,0042a2a8,0042a260,0x0,005ebfb4,
wiz8--gog-1261--wiz8new--57a3072c2f83,0042a2e7,0042a2e0,0x0,005ebfb8,
wiz8--gog-1261--wiz8new--57a3072c2f83,0042a360,0042a310,0x0,005ebfd0,
wiz8--gog-1261--wiz8new--57a3072c2f83,0042b898,0042b830,0x0,005ebfd0,
wiz8--gog-1261--wiz8new--57a3072c2f83,0042baca,0042bac0,0x17e,005ebfec,
wiz8--gog-1261--wiz8new--57a3072c2f83,0042bae0,0042bac0,0x110,005ebfe8,
wiz8--gog-1261--wiz8new--57a3072c2f83,0042baf6,0042bac0,0x100,005ebfe4,
wiz8--gog-1261--wiz8new--57a3072c2f83,0042bb0c,0042bac0,0xf0,005ebfe0,
wiz8--gog-1261--wiz8new--57a3072c2f83,0042bb22,0042bac0,0xe0,005ebfe0,
wiz8--gog-1261--wiz8new--57a3072c2f83,0042bb47,0042bb40,0x0,005ebfec,
wiz8--gog-1261--wiz8new--57a3072c2f83,0042bb77,0042bb70,0x0,005ebfe0,
wiz8--gog-1261--wiz8new--57a3072c2f83,0042bba7,0042bba0,0x0,005ebfe4,
wiz8--gog-1261--wiz8new--57a3072c2f83,0042bbd7,0042bbd0,0x0,005ebfe8,
wiz8--gog-1261--wiz8new--57a3072c2f83,00431e54,00431e10,0x34,005ec018,
wiz8--gog-1261--wiz8new--57a3072c2f83,00431e67,00431e10,0x18,005ebfe0,
wiz8--gog-1261--wiz8new--57a3072c2f83,004326d6,00431e10,0x18,005ebfe0,
wiz8--gog-1261--wiz8new--57a3072c2f83,004326e8,00431e10,0x3c,005ec004,
wiz8--gog-1261--wiz8new--57a3072c2f83,00438c54,00438c00,0x0,005ebfe0,
wiz8--gog-1261--wiz8new--57a3072c2f83,00438c74,00438c00,0x0,005ec004,
wiz8--gog-1261--wiz8new--57a3072c2f83,00438f47,00438f40,0x0,005ec004,
wiz8--gog-1261--wiz8new--57a3072c2f83,004390fb,004390f0,0x0,005ec004,
wiz8--gog-1261--wiz8new--57a3072c2f83,0043956e,004393e0,0x0,005ec0a4,
wiz8--gog-1261--wiz8new--57a3072c2f83,004395d4,004393e0,0x0,005ec078,
wiz8--gog-1261--wiz8new--57a3072c2f83,00439756,00439750,0x0,005ec0a4,
wiz8--gog-1261--wiz8new--57a3072c2f83,0043980e,004397d0,0x0,005ec0a4,
wiz8--gog-1261--wiz8new--57a3072c2f83,00439863,004397d0,0x0,005ec078,0x868
wiz8--gog-1261--wiz8new--57a3072c2f83,00439a06,00439a00,0x0,005ec0a4,
wiz8--gog-1261--wiz8new--57a3072c2f83,0043a4f3,0043a4e0,0x0,005ebcfc,
wiz8--gog-1261--wiz8new--57a3072c2f83,0043a51e,0043a4e0,0x0,005ebcfc,
wiz8--gog-1261--wiz8new--57a3072c2f83,0043a918,0043a910,0x0,005ec0ac,
wiz8--gog-1261--wiz8new--57a3072c2f83,0043ac66,0043ac60,0x0,005ec0a4,
wiz8--gog-1261--wiz8new--57a3072c2f83,0043ba35,0043ba10,0x0,005ec104,
wiz8--gog-1261--wiz8new--57a3072c2f83,0043bb88,0043ba10,0x0,005ec0e4,
wiz8--gog-1261--wiz8new--57a3072c2f83,0043bcbf,0043bca0,0x0,005ec0e4,
wiz8--gog-1261--wiz8new--57a3072c2f83,0043bdee,0043bca0,0x0,005ec104,
wiz8--gog-1261--wiz8new--57a3072c2f83,0043c2fe,0043be60,0x0,005ec134,0x98
wiz8--gog-1261--wiz8new--57a3072c2f83,0043c5d8,0043be60,0x0,005ec12c,0x38
wiz8--gog-1261--wiz8new--57a3072c2f83,0043c7f8,0043be60,0x0,005ec138,
wiz8--gog-1261--wiz8new--57a3072c2f83,0043da5f,0043d940,0x0,005ec12c,0x38
wiz8--gog-1261--wiz8new--57a3072c2f83,0043deed,0043d940,0x0,005ec148,0xc
wiz8--gog-1261--wiz8new--57a3072c2f83,0043e0ad,0043d940,0x0,005ec12c,0x38
wiz8--gog-1261--wiz8new--57a3072c2f83,0043f21a,0043d940,0x0,005ec140,
wiz8--gog-1261--wiz8new--57a3072c2f83,0043f78c,0043d940,0x0,005ec12c,0x38
wiz8--gog-1261--wiz8new--57a3072c2f83,0043faa4,0043d940,0x0,005ec12c,0x38
wiz8--gog-1261--wiz8new--57a3072c2f83,0043fc29,0043d940,0x0,005ec12c,0x38
wiz8--gog-1261--wiz8new--57a3072c2f83,004403e8,0043d940,0x0,005ec12c,0x38
wiz8--gog-1261--wiz8new--57a3072c2f83,004409a0,00440980,0x0,005ec12c,
wiz8--gog-1261--wiz8new--57a3072c2f83,004417f0,004417c0,0x0,005ec134,0x98
wiz8--gog-1261--wiz8new--57a3072c2f83,004421a6,004417c0,0x0,005ec158,0xc
wiz8--gog-1261--wiz8new--57a3072c2f83,00443608,004417c0,0x0,005ec12c,
wiz8--gog-1261--wiz8new--57a3072c2f83,00443758,00443750,0x0,005ec158,
wiz8--gog-1261--wiz8new--57a3072c2f83,00443769,00443750,0x0,005ec138,
wiz8--gog-1261--wiz8new--57a3072c2f83,00444fcc,00444f70,0x0,005ec140,
wiz8--gog-1261--wiz8new--57a3072c2f83,0044551f,00445500,0x1c,005ec160,
wiz8--gog-1261--wiz8new--57a3072c2f83,00445548,00445500,0x18,005ec15c,
wiz8--gog-1261--wiz8new--57a3072c2f83,00445640,00445500,0x18,005ec160,
wiz8--gog-1261--wiz8new--57a3072c2f83,0044564a,00445500,0x18,005ec160,
wiz8--gog-1261--wiz8new--57a3072c2f83,00445e1e,00445e00,0x0,005ec104,
wiz8--gog-1261--wiz8new--57a3072c2f83,00445ee0,00445ec0,0x0,005ec138,
wiz8--gog-1261--wiz8new--57a3072c2f83,00445ffb,00445ff0,0x0,005ec168,
wiz8--gog-1261--wiz8new--57a3072c2f83,00446028,00445ff0,0x0,005ec164,
wiz8--gog-1261--wiz8new--57a3072c2f83,00446038,00445ff0,0x0,005ec164,
wiz8--gog-1261--wiz8new--57a3072c2f83,00446054,00445ff0,0x0,005ec168,
wiz8--gog-1261--wiz8new--57a3072c2f83,00446074,00445ff0,0x0,005ec160,
wiz8--gog-1261--wiz8new--57a3072c2f83,0044609b,00446090,0x0,005ec170,
wiz8--gog-1261--wiz8new--57a3072c2f83,004460c8,00446090,0x0,005ec16c,
wiz8--gog-1261--wiz8new--57a3072c2f83,004460d8,00446090,0x0,005ec16c,
wiz8--gog-1261--wiz8new--57a3072c2f83,004460f4,00446090,0x0,005ec170,
wiz8--gog-1261--wiz8new--57a3072c2f83,00446137,00446130,0x0,005ec0e0,
wiz8--gog-1261--wiz8new--57a3072c2f83,00446167,00446160,0x0,005ec168,
wiz8--gog-1261--wiz8new--57a3072c2f83,004461b7,004461b0,0x0,005ec160,
wiz8--gog-1261--wiz8new--57a3072c2f83,00446207,00446200,0x0,005ec170,
wiz8--gog-1261--wiz8new--57a3072c2f83,004491fc,00448e60,0x0,005ebcfc,
wiz8--gog-1261--wiz8new--57a3072c2f83,0044ad95,0044ad10,0xb0,005ec1d4,
wiz8--gog-1261--wiz8new--57a3072c2f83,0044add1,0044ad10,0xb0,005ec1d0,
wiz8--gog-1261--wiz8new--57a3072c2f83,0044adf3,0044ad10,0x0,005ec1c8,
wiz8--gog-1261--wiz8new--57a3072c2f83,0044ae4e,0044ae30,0x0,005ec1c8,
wiz8--gog-1261--wiz8new--57a3072c2f83,0044aeaf,0044ae30,0xb0,005ec1d4,
wiz8--gog-1261--wiz8new--57a3072c2f83,0044aec5,0044ae30,0x0,005ec1d8,
wiz8--gog-1261--wiz8new--57a3072c2f83,0044bc3c,0044bc00,0x0,005ec1e0,
wiz8--gog-1261--wiz8new--57a3072c2f83,0044bcb7,0044bc00,0xb0,005ec1d0,
wiz8--gog-1261--wiz8new--57a3072c2f83,0044bccf,0044bc00,0x0,005ec1c8,
wiz8--gog-1261--wiz8new--57a3072c2f83,0044bede,0044bec0,0x0,005ec1e0,
wiz8--gog-1261--wiz8new--57a3072c2f83,0044ee58,0044edf0,0x0,005ec1d8,
wiz8--gog-1261--wiz8new--57a3072c2f83,0044ef04,0044eeb0,0x0,005ec1d4,
wiz8--gog-1261--wiz8new--57a3072c2f83,0044ef20,0044eeb0,0x0,005ec1d8,
wiz8--gog-1261--wiz8new--57a3072c2f83,0044ef37,0044ef30,0x0,005ec1d4,
wiz8--gog-1261--wiz8new--57a3072c2f83,0044efeb,0044ef80,0x0,005ec1d4,
wiz8--gog-1261--wiz8new--57a3072c2f83,0044f241,0044f1c0,0x0,005ebe48,
wiz8--gog-1261--wiz8new--57a3072c2f83,0044f32d,0044f1c0,0x0,005ec208,
wiz8--gog-1261--wiz8new--57a3072c2f83,00450b70,004507a0,0x0,005ec298,
wiz8--gog-1261--wiz8new--57a3072c2f83,00450b8f,004507a0,0x0,005ec294,
wiz8--gog-1261--wiz8new--57a3072c2f83,00450b9a,004507a0,0x0,005ec294,
wiz8--gog-1261--wiz8new--57a3072c2f83,00450bcf,004507a0,0x0,005ec290,
wiz8--gog-1261--wiz8new--57a3072c2f83,00450bee,004507a0,0x0,005ec28c,
wiz8--gog-1261--wiz8new--57a3072c2f83,00450bf9,004507a0,0x0,005ec28c,
wiz8--gog-1261--wiz8new--57a3072c2f83,00450c2b,004507a0,0x0,005ec288,
wiz8--gog-1261--wiz8new--57a3072c2f83,00450c4a,004507a0,0x0,005ec284,
wiz8--gog-1261--wiz8new--57a3072c2f83,00450c55,004507a0,0x0,005ec284,
wiz8--gog-1261--wiz8new--57a3072c2f83,00450c87,004507a0,0x0,005ebfe4,
wiz8--gog-1261--wiz8new--57a3072c2f83,00450ca6,004507a0,0x0,005ec280,
wiz8--gog-1261--wiz8new--57a3072c2f83,00450cb1,004507a0,0x0,005ec280,
wiz8--gog-1261--wiz8new--57a3072c2f83,00450ce3,004507a0,0x0,005ebfe8,
wiz8--gog-1261--wiz8new--57a3072c2f83,00450d02,004507a0,0x0,005ec27c,
wiz8--gog-1261--wiz8new--57a3072c2f83,00450d0d,004507a0,0x0,005ec27c,
wiz8--gog-1261--wiz8new--57a3072c2f83,00450d3f,004507a0,0x0,005ec278,
wiz8--gog-1261--wiz8new--57a3072c2f83,00450d5e,004507a0,0x0,005ec274,
wiz8--gog-1261--wiz8new--57a3072c2f83,00450d69,004507a0,0x0,005ec274,
wiz8--gog-1261--wiz8new--57a3072c2f83,00450d9b,004507a0,0x0,005ec270,
wiz8--gog-1261--wiz8new--57a3072c2f83,00450dba,004507a0,0x0,005ec26c,
wiz8--gog-1261--wiz8new--57a3072c2f83,00450dc5,004507a0,0x0,005ec26c,
wiz8--gog-1261--wiz8new--57a3072c2f83,00450df7,004507a0,0x0,005ec268,
wiz8--gog-1261--wiz8new--57a3072c2f83,00450e16,004507a0,0x0,005ec264,
wiz8--gog-1261--wiz8new--57a3072c2f83,00450e21,004507a0,0x0,005ec264,
wiz8--gog-1261--wiz8new--57a3072c2f83,00451a4b,00451a40,0x0,005ec2bc,
wiz8--gog-1261--wiz8new--57a3072c2f83,00451a78,00451a40,0x0,005ec2b8,
wiz8--gog-1261--wiz8new--57a3072c2f83,00451a88,00451a40,0x0,005ec2b8,
wiz8--gog-1261--wiz8new--57a3072c2f83,00451ae4,00451ac0,0x0,005ebfe4,
wiz8--gog-1261--wiz8new--57a3072c2f83,00451b24,00451b00,0x0,005ebfe8,
wiz8--gog-1261--wiz8new--57a3072c2f83,00451b47,00451b40,0x0,005ec2bc,
wiz8--gog-1261--wiz8new--57a3072c2f83,00451b97,00451b90,0x0,005ec278,
wiz8--gog-1261--wiz8new--57a3072c2f83,00451be4,00451bc0,0x0,005ec278,
wiz8--gog-1261--wiz8new--57a3072c2f83,00451c07,00451c00,0x0,005ec270,
wiz8--gog-1261--wiz8new--57a3072c2f83,00451c54,00451c30,0x0,005ec270,
wiz8--gog-1261--wiz8new--57a3072c2f83,00451c77,00451c70,0x0,005ec268,
wiz8--gog-1261--wiz8new--57a3072c2f83,00451cc4,00451ca0,0x0,005ec268,
wiz8--gog-1261--wiz8new--57a3072c2f83,00451ce7,00451ce0,0x0,005ec298,
wiz8--gog-1261--wiz8new--57a3072c2f83,00451d57,00451d50,0x0,005ec290,
wiz8--gog-1261--wiz8new--57a3072c2f83,00451dc7,00451dc0,0x0,005ec288,
wiz8--gog-1261--wiz8new--57a3072c2f83,00451ef7,00451ec0,0x0,005ec2d0,
wiz8--gog-1261--wiz8new--57a3072c2f83,004520d2,00451ec0,0x0,005ec208,0x138
wiz8--gog-1261--wiz8new--57a3072c2f83,0045213d,00452120,0x0,005ec2d0,
wiz8--gog-1261--wiz8new--57a3072c2f83,0045236d,00452220,0x0,005ec2d0,
wiz8--gog-1261--wiz8new--57a3072c2f83,00452492,00452220,0x0,005ec208,0x138
wiz8--gog-1261--wiz8new--57a3072c2f83,0045614b,00456140,0x0,005ec328,
wiz8--gog-1261--wiz8new--57a3072c2f83,00456178,00456140,0x0,005ec324,
wiz8--gog-1261--wiz8new--57a3072c2f83,00456188,00456140,0x0,005ec324,
wiz8--gog-1261--wiz8new--57a3072c2f83,004561a4,00456140,0x0,005ec328,
wiz8--gog-1261--wiz8new--57a3072c2f83,004561c7,004561c0,0x0,005ec328,
wiz8--gog-1261--wiz8new--57a3072c2f83,00467a59,004679e0,0x0,005ec3f4,
wiz8--gog-1261--wiz8new--57a3072c2f83,00467a78,004679e0,0x0,005ec3f0,
wiz8--gog-1261--wiz8new--57a3072c2f83,00467a83,004679e0,0x0,005ec3f0,
wiz8--gog-1261--wiz8new--57a3072c2f83,0046cc57,0046cc50,0x0,005ec3f4,
wiz8--gog-1261--wiz8new--57a3072c2f83,0046cca4,0046cc80,0x0,005ec3f4,
wiz8--gog-1261--wiz8new--57a3072c2f83,00470b2c,00470b00,0x0,005ec4b0,
wiz8--gog-1261--wiz8new--57a3072c2f83,00470b82,00470b00,0x3f0,005ec0e0,
wiz8--gog-1261--wiz8new--57a3072c2f83,00470bcf,00470b00,0x0,005ec4ac,
wiz8--gog-1261--wiz8new--57a3072c2f83,00470be8,00470b00,0x0,005ec164,
wiz8--gog-1261--wiz8new--57a3072c2f83,00470c59,00470b00,0x0,005ec454,
wiz8--gog-1261--wiz8new--57a3072c2f83,00470ef2,00470ed0,0x0,005ec454,
wiz8--gog-1261--wiz8new--57a3072c2f83,0047100d,00470ed0,0x410,005ec168,
wiz8--gog-1261--wiz8new--57a3072c2f83,00471039,00470ed0,0x3f0,005ec0e0,
wiz8--gog-1261--wiz8new--57a3072c2f83,00471089,00470ed0,0x0,005ec4b0,
wiz8--gog-1261--wiz8new--57a3072c2f83,00473529,00473260,0x0,005ec50c,0x10
wiz8--gog-1261--wiz8new--57a3072c2f83,004735cb,00473260,0x0,005ec508,0x10
wiz8--gog-1261--wiz8new--57a3072c2f83,00474b84,00474a80,0x0,005ec0e0,
wiz8--gog-1261--wiz8new--57a3072c2f83,00474beb,00474be0,0x0,005ec518,
wiz8--gog-1261--wiz8new--57a3072c2f83,00474c18,00474be0,0x0,005ec514,
wiz8--gog-1261--wiz8new--57a3072c2f83,00474c28,00474be0,0x0,005ec514,
wiz8--gog-1261--wiz8new--57a3072c2f83,00474c44,00474be0,0x0,005ec518,
wiz8--gog-1261--wiz8new--57a3072c2f83,00474c65,00474c60,0x0,005ec51c,
wiz8--gog-1261--wiz8new--57a3072c2f83,00474d67,00474d60,0x0,005ec504,
wiz8--gog-1261--wiz8new--57a3072c2f83,00474db7,00474db0,0x0,005ec4a8,
wiz8--gog-1261--wiz8new--57a3072c2f83,00474de7,00474de0,0x0,005ec518,
wiz8--gog-1261--wiz8new--57a3072c2f83,00474e37,00474e30,0x0,005ec51c,
wiz8--gog-1261--wiz8new--57a3072c2f83,00474e67,00474e60,0x0,005ec50c,
wiz8--gog-1261--wiz8new--57a3072c2f83,00474e97,00474e90,0x0,005ec508,
wiz8--gog-1261--wiz8new--57a3072c2f83,00474f6b,00474f60,0x0,005ec504,
wiz8--gog-1261--wiz8new--57a3072c2f83,00474fbb,00474fb0,0x0,005ec168,
wiz8--gog-1261--wiz8new--57a3072c2f83,0047515c,004750a0,0x0,005ec520,
wiz8--gog-1261--wiz8new--57a3072c2f83,0047530f,004752f0,0x0,005ec520,
wiz8--gog-1261--wiz8new--57a3072c2f83,00476498,00476440,0x0,005ebe14,0x188
wiz8--gog-1261--wiz8new--57a3072c2f83,0047c2b8,0047c090,0x0,005ec5d8,0x28
wiz8--gog-1261--wiz8new--57a3072c2f83,0047c336,0047c090,0x0,005ebd10,0x5c
wiz8--gog-1261--wiz8new--57a3072c2f83,0047c3c3,0047c090,0x0,005ebd10,
wiz8--gog-1261--wiz8new--57a3072c2f83,0047c40c,0047c090,0x0,005ebd10,
wiz8--gog-1261--wiz8new--57a3072c2f83,0047c45e,0047c090,0x0,005ebd10,
wiz8--gog-1261--wiz8new--57a3072c2f83,0047c4b6,0047c090,0x0,005ebd10,
wiz8--gog-1261--wiz8new--57a3072c2f83,0047c4fb,0047c090,0x0,005ebd10,
wiz8--gog-1261--wiz8new--57a3072c2f83,0047c546,0047c090,0x0,005ebd10,0x5c
wiz8--gog-1261--wiz8new--57a3072c2f83,0047c656,0047c630,0x0,005ec63c,
wiz8--gog-1261--wiz8new--57a3072c2f83,0047c6ab,0047c630,0x0,005ec5f8,
wiz8--gog-1261--wiz8new--57a3072c2f83,0047c902,0047c8e0,0x0,005ec5f8,
wiz8--gog-1261--wiz8new--57a3072c2f83,0047c97f,0047c8e0,0x0,005ec63c,
wiz8--gog-1261--wiz8new--57a3072c2f83,0047cc02,0047cbd0,0x4,005ec6a8,
wiz8--gog-1261--wiz8new--57a3072c2f83,0047cc38,0047cbd0,0x0,005ec6a0,
wiz8--gog-1261--wiz8new--57a3072c2f83,0047d490,0047d2a0,-0x10,005ec6a0,
wiz8--gog-1261--wiz8new--57a3072c2f83,0047d891,0047d870,0x0,005ec63c,
wiz8--gog-1261--wiz8new--57a3072c2f83,0047db0b,0047dae0,0x0,005ec77c,
wiz8--gog-1261--wiz8new--57a3072c2f83,0047db73,0047dae0,0x0,005ec748,
wiz8--gog-1261--wiz8new--57a3072c2f83,0047dc43,0047dae0,0x0,005ec704,0x6c
wiz8--gog-1261--wiz8new--57a3072c2f83,0047dc75,0047dae0,0x0,005ec6c0,
wiz8--gog-1261--wiz8new--57a3072c2f83,0047dead,0047de60,0x0,005ec704,0x6c
wiz8--gog-1261--wiz8new--57a3072c2f83,0047df55,0047de60,0x0,005ec6c0,
wiz8--gog-1261--wiz8new--57a3072c2f83,0047e010,0047dff0,0x0,005ec748,
wiz8--gog-1261--wiz8new--57a3072c2f83,0047e051,0047dff0,0x0,005ec77c,
wiz8--gog-1261--wiz8new--57a3072c2f83,0047e621,0047e600,0x0,005ec6c0,
wiz8--gog-1261--wiz8new--57a3072c2f83,0047e639,0047e600,0x0,005ec704,
wiz8--gog-1261--wiz8new--57a3072c2f83,0047e851,0047e830,0x0,005ec704,
wiz8--gog-1261--wiz8new--57a3072c2f83,0047eadf,0047eac0,0x0,005ec77c,
wiz8--gog-1261--wiz8new--57a3072c2f83,0047eca8,0047ec80,0x0,005ec814,
wiz8--gog-1261--wiz8new--57a3072c2f83,0047ecae,0047ec80,0x138,005ec804,
wiz8--gog-1261--wiz8new--57a3072c2f83,0047ed10,0047ec80,0x0,005ec7d0,
wiz8--gog-1261--wiz8new--57a3072c2f83,0047ed16,0047ec80,0x138,005ec7c0,
wiz8--gog-1261--wiz8new--57a3072c2f83,0047ef92,0047ef70,0x0,005ec7d0,
wiz8--gog-1261--wiz8new--57a3072c2f83,0047ef98,0047ef70,0x138,005ec7c0,
wiz8--gog-1261--wiz8new--57a3072c2f83,0047efe4,0047ef70,0x0,005ec814,
wiz8--gog-1261--wiz8new--57a3072c2f83,0047efea,0047ef70,0x138,005ec804,
wiz8--gog-1261--wiz8new--57a3072c2f83,0047f121,0047f0f0,0x0,005ec89c,
wiz8--gog-1261--wiz8new--57a3072c2f83,0047f1df,0047f0f0,0x0,005ec858,
wiz8--gog-1261--wiz8new--57a3072c2f83,0047f1e5,0047f0f0,0x138,005ec848,
wiz8--gog-1261--wiz8new--57a3072c2f83,0047f431,0047f410,0x0,005ec858,
wiz8--gog-1261--wiz8new--57a3072c2f83,0047f437,0047f410,0x138,005ec848,
wiz8--gog-1261--wiz8new--57a3072c2f83,0047f485,0047f410,0x0,005ec89c,
wiz8--gog-1261--wiz8new--57a3072c2f83,0047fbbd,0047f930,0x0,005ebde0,
wiz8--gog-1261--wiz8new--57a3072c2f83,00481961,00481940,0x0,005ec814,
wiz8--gog-1261--wiz8new--57a3072c2f83,00481967,00481940,0x138,005ec804,
wiz8--gog-1261--wiz8new--57a3072c2f83,00481b41,00481b20,0x0,005ec89c,
wiz8--gog-1261--wiz8new--57a3072c2f83,00481e80,00481dd0,0x0,005ec89c,0x180
wiz8--gog-1261--wiz8new--57a3072c2f83,00481f73,00481dd0,0x0,005ec858,
wiz8--gog-1261--wiz8new--57a3072c2f83,00481f79,00481dd0,0x138,005ec848,
wiz8--gog-1261--wiz8new--57a3072c2f83,00482013,00482010,0x0,005ec8f8,
wiz8--gog-1261--wiz8new--57a3072c2f83,004837d4,00483360,0x0,005ec94c,
wiz8--gog-1261--wiz8new--57a3072c2f83,004837da,00483360,0x138,005ec940,
wiz8--gog-1261--wiz8new--57a3072c2f83,00483823,00483360,0x0,005ec94c,
wiz8--gog-1261--wiz8new--57a3072c2f83,00483829,00483360,0x138,005ec940,
wiz8--gog-1261--wiz8new--57a3072c2f83,0048487b,00484870,0x0,005ec298,
wiz8--gog-1261--wiz8new--57a3072c2f83,004848a8,00484870,0x0,005ec294,
wiz8--gog-1261--wiz8new--57a3072c2f83,004848b8,00484870,0x0,005ec294,
wiz8--gog-1261--wiz8new--57a3072c2f83,00484c0e,00484be0,0x0,005eca04,
wiz8--gog-1261--wiz8new--57a3072c2f83,00484ced,00484be0,0x0,005ec9c0,
wiz8--gog-1261--wiz8new--57a3072c2f83,00484d0c,00484be0,0x0,005ec9bc,
wiz8--gog-1261--wiz8new--57a3072c2f83,00484d2b,00484be0,0x0,005ec9b8,
wiz8--gog-1261--wiz8new--57a3072c2f83,00484d39,00484be0,0x0,005ec9b8,
wiz8--gog-1261--wiz8new--57a3072c2f83,00484eac,00484e60,0x0,005eca04,0x7c
wiz8--gog-1261--wiz8new--57a3072c2f83,00484f8a,00484e60,0x0,005ec9c0,
wiz8--gog-1261--wiz8new--57a3072c2f83,00484fa9,00484e60,0x0,005ec9bc,
wiz8--gog-1261--wiz8new--57a3072c2f83,00484fc8,00484e60,0x0,005ec9b8,
wiz8--gog-1261--wiz8new--57a3072c2f83,00484fe9,00484e60,0x0,005ec9b8,
wiz8--gog-1261--wiz8new--57a3072c2f83,0048509e,00485070,0x0,005eca04,
wiz8--gog-1261--wiz8new--57a3072c2f83,00485156,00485070,0x0,005ec9c0,
wiz8--gog-1261--wiz8new--57a3072c2f83,00485175,00485070,0x0,005ec9bc,
wiz8--gog-1261--wiz8new--57a3072c2f83,00485196,00485070,0x0,005ec9b8,
wiz8--gog-1261--wiz8new--57a3072c2f83,004851a1,00485070,0x0,005ec9b8,
wiz8--gog-1261--wiz8new--57a3072c2f83,004852b1,00485290,0x0,005ec9c0,
wiz8--gog-1261--wiz8new--57a3072c2f83,00485328,00485290,0x0,005eca04,
wiz8--gog-1261--wiz8new--57a3072c2f83,00485931,00485910,0x0,005eca04,
wiz8--gog-1261--wiz8new--57a3072c2f83,00485a87,00485a80,0x0,005ec9bc,
wiz8--gog-1261--wiz8new--57a3072c2f83,00489bb5,00489bb0,0x0,005ebfe0,
wiz8--gog-1261--wiz8new--57a3072c2f83,00489edb,00489ed0,0x0,005eca60,
wiz8--gog-1261--wiz8new--57a3072c2f83,00489f08,00489ed0,0x0,005eca5c,
wiz8--gog-1261--wiz8new--57a3072c2f83,00489f18,00489ed0,0x0,005eca5c,
wiz8--gog-1261--wiz8new--57a3072c2f83,00489f34,00489ed0,0x0,005eca60,
wiz8--gog-1261--wiz8new--57a3072c2f83,00489f54,00489ed0,0x0,005eca58,
wiz8--gog-1261--wiz8new--57a3072c2f83,0048a117,00489fe0,0x0,005eca60,
wiz8--gog-1261--wiz8new--57a3072c2f83,0048a167,0048a160,0x0,005eca58,
wiz8--gog-1261--wiz8new--57a3072c2f83,0048a992,0048a7a0,0x0,005eca78,0x158
wiz8--gog-1261--wiz8new--57a3072c2f83,0048acad,0048ac60,0x40,005ec168,
wiz8--gog-1261--wiz8new--57a3072c2f83,0048ace6,0048ac60,0x0,005eca78,
wiz8--gog-1261--wiz8new--57a3072c2f83,0048ae5f,0048ad20,0x48,005ec0e0,
wiz8--gog-1261--wiz8new--57a3072c2f83,0048aef7,0048ad20,0x38,005ec0e0,
wiz8--gog-1261--wiz8new--57a3072c2f83,0048af32,0048ad20,0x38,005ec0e0,
wiz8--gog-1261--wiz8new--57a3072c2f83,0048b16d,0048ad20,0x4c,005ec0e0,
wiz8--gog-1261--wiz8new--57a3072c2f83,0048b1c6,0048ad20,0x3c,005ec0e0,
wiz8--gog-1261--wiz8new--57a3072c2f83,0048ca7c,0048c750,0xc,005ec284,
wiz8--gog-1261--wiz8new--57a3072c2f83,0048cd84,0048c750,0x0,005eca78,
wiz8--gog-1261--wiz8new--57a3072c2f83,0048cdab,0048cda0,0x0,005eca9c,
wiz8--gog-1261--wiz8new--57a3072c2f83,0048cdd8,0048cda0,0x0,005eca98,
wiz8--gog-1261--wiz8new--57a3072c2f83,0048cde8,0048cda0,0x0,005eca98,
wiz8--gog-1261--wiz8new--57a3072c2f83,0048ce2b,0048ce20,0x0,005ecaa4,
wiz8--gog-1261--wiz8new--57a3072c2f83,0048ce58,0048ce20,0x0,005ecaa0,
wiz8--gog-1261--wiz8new--57a3072c2f83,0048ce68,0048ce20,0x0,005ecaa0,
wiz8--gog-1261--wiz8new--57a3072c2f83,0048cea7,0048cea0,0x0,005eca78,
wiz8--gog-1261--wiz8new--57a3072c2f83,0048ced7,0048ced0,0x0,005eca9c,
wiz8--gog-1261--wiz8new--57a3072c2f83,0048cf27,0048cf20,0x0,005ecaa4,
wiz8--gog-1261--wiz8new--57a3072c2f83,0048cfd8,0048cf70,0x0,005ec288,
wiz8--gog-1261--wiz8new--57a3072c2f83,0048d632,0048d080,0x0,005ebde0,
wiz8--gog-1261--wiz8new--57a3072c2f83,0048d79b,0048d080,0x0,005ebd10,
wiz8--gog-1261--wiz8new--57a3072c2f83,0048d866,0048d080,0x0,005ebeec,
wiz8--gog-1261--wiz8new--57a3072c2f83,0048f19b,0048f190,0x0,005ecad4,
wiz8--gog-1261--wiz8new--57a3072c2f83,0048f1c8,0048f190,0x0,005ecad0,
wiz8--gog-1261--wiz8new--57a3072c2f83,0048f1d8,0048f190,0x0,005ecad0,
wiz8--gog-1261--wiz8new--57a3072c2f83,0048f1f4,0048f190,0x0,005ecad4,
wiz8--gog-1261--wiz8new--57a3072c2f83,0048f217,0048f210,0x0,005ecad4,
wiz8--gog-1261--wiz8new--57a3072c2f83,0048f268,0048f240,0x0,005ecab8,
wiz8--gog-1261--wiz8new--57a3072c2f83,00490552,00490210,0x0,005ebde0,0x78
wiz8--gog-1261--wiz8new--57a3072c2f83,004925d7,004925b0,0x0,005ebf68,
wiz8--gog-1261--wiz8new--57a3072c2f83,0049261e,004925b0,0x0,005ecb6c,
wiz8--gog-1261--wiz8new--57a3072c2f83,004926cd,004925b0,0x0,005ecb38,
wiz8--gog-1261--wiz8new--57a3072c2f83,00492742,00492720,0x0,005ecb38,
wiz8--gog-1261--wiz8new--57a3072c2f83,00492762,00492720,0x0,005ecb6c,
wiz8--gog-1261--wiz8new--57a3072c2f83,0049280c,00492720,0x0,005ebf68,
wiz8--gog-1261--wiz8new--57a3072c2f83,0049287f,00492720,0x0,005ebf94,
wiz8--gog-1261--wiz8new--57a3072c2f83,00492a52,00492a30,0x0,005ecb6c,
wiz8--gog-1261--wiz8new--57a3072c2f83,00492afc,00492a30,0x0,005ebf68,
wiz8--gog-1261--wiz8new--57a3072c2f83,00492b6f,00492a30,0x0,005ebf94,
wiz8--gog-1261--wiz8new--57a3072c2f83,00492c94,00492c70,0x0,005ebf94,
wiz8--gog-1261--wiz8new--57a3072c2f83,00492d45,00492d00,0x0,005ebf68,0x7c
wiz8--gog-1261--wiz8new--57a3072c2f83,00492d88,00492d00,0x0,005ecb6c,
wiz8--gog-1261--wiz8new--57a3072c2f83,00492e31,00492d00,0x0,005ecb38,
wiz8--gog-1261--wiz8new--57a3072c2f83,00497b1a,00497af0,0x0,005ecc04,
wiz8--gog-1261--wiz8new--57a3072c2f83,00497bae,00497af0,0x0,005ecbd0,
wiz8--gog-1261--wiz8new--57a3072c2f83,004981b1,00498180,0x0,005ecc04,
wiz8--gog-1261--wiz8new--57a3072c2f83,00498259,00498180,0x0,005ecbd0,
wiz8--gog-1261--wiz8new--57a3072c2f83,00498a40,00498a20,0x0,005ecbd0,
wiz8--gog-1261--wiz8new--57a3072c2f83,00498b9b,00498a20,0x0,005ecc04,
wiz8--gog-1261--wiz8new--57a3072c2f83,0049b9af,0049b990,0x0,005ecc04,
wiz8--gog-1261--wiz8new--57a3072c2f83,0049c2ec,0049c2c0,0x0,005ecca4,
wiz8--gog-1261--wiz8new--57a3072c2f83,0049c387,0049c2c0,0x0,005ecc64,
wiz8--gog-1261--wiz8new--57a3072c2f83,0049c38d,0049c2c0,0x138,005ecc58,
wiz8--gog-1261--wiz8new--57a3072c2f83,0049c452,0049c430,0x0,005ecc64,
wiz8--gog-1261--wiz8new--57a3072c2f83,0049c458,0049c430,0x138,005ecc58,
wiz8--gog-1261--wiz8new--57a3072c2f83,0049c48d,0049c430,0x0,005ecca4,
wiz8--gog-1261--wiz8new--57a3072c2f83,0049c53d,0049c430,0x0,005ecd18,
wiz8--gog-1261--wiz8new--57a3072c2f83,0049c5f3,0049c430,0x0,005ebfd0,
wiz8--gog-1261--wiz8new--57a3072c2f83,0049c5f9,0049c430,0x0,005eccd8,
wiz8--gog-1261--wiz8new--57a3072c2f83,0049d688,0049d660,0x0,005ecd18,
wiz8--gog-1261--wiz8new--57a3072c2f83,0049dda2,0049dd80,0x0,005ecca4,
wiz8--gog-1261--wiz8new--57a3072c2f83,0049de52,0049dd80,0x0,005ecd18,
wiz8--gog-1261--wiz8new--57a3072c2f83,0049df08,0049dd80,0x0,005ebfd0,
wiz8--gog-1261--wiz8new--57a3072c2f83,0049df0e,0049dd80,0x0,005eccd8,
wiz8--gog-1261--wiz8new--57a3072c2f83,0049dfff,0049dfe0,0x0,005eccd8,
wiz8--gog-1261--wiz8new--57a3072c2f83,0049e0f8,0049e0d0,0x0,005ecd18,
wiz8--gog-1261--wiz8new--57a3072c2f83,0049e1b7,0049e0d0,0x0,005ebfd0,
wiz8--gog-1261--wiz8new--57a3072c2f83,0049e1bd,0049e0d0,0x0,005eccd8,
wiz8--gog-1261--wiz8new--57a3072c2f83,0049f13d,0049f120,0x0,005ecd70,
wiz8--gog-1261--wiz8new--57a3072c2f83,0049f15c,0049f120,0x0,005ec1d8,
wiz8--gog-1261--wiz8new--57a3072c2f83,0049f384,0049f350,0x0,005ecd78,
wiz8--gog-1261--wiz8new--57a3072c2f83,0049f3b4,0049f350,0x0,005ecd70,
wiz8--gog-1261--wiz8new--57a3072c2f83,0049f45d,0049f440,0x0,005ecd78,
wiz8--gog-1261--wiz8new--57a3072c2f83,0049f641,0049f4a0,0x0,005ecd78,0x20
wiz8--gog-1261--wiz8new--57a3072c2f83,0049f671,0049f4a0,0x0,005ecd70,
wiz8--gog-1261--wiz8new--57a3072c2f83,004a0c5d,004a05c0,0x0,005ecdb0,0x58
wiz8--gog-1261--wiz8new--57a3072c2f83,004a0d03,004a05c0,0x0,005ecda0,
wiz8--gog-1261--wiz8new--57a3072c2f83,004a2083,004a2080,0x0,005ecdc8,
wiz8--gog-1261--wiz8new--57a3072c2f83,004a20c7,004a20c0,0x0,005ecdac,
wiz8--gog-1261--wiz8new--57a3072c2f83,004a20f8,004a20c0,0x0,005ecdb0,
wiz8--gog-1261--wiz8new--57a3072c2f83,004a2116,004a2110,0x0,005ecdc8,
wiz8--gog-1261--wiz8new--57a3072c2f83,004a226f,004a2230,0x0,005ecdb0,
wiz8--gog-1261--wiz8new--57a3072c2f83,004a22b3,004a2230,0x0,005ecda0,
wiz8--gog-1261--wiz8new--57a3072c2f83,004a2505,004a2500,0x0,005ec0e0,
wiz8--gog-1261--wiz8new--57a3072c2f83,004a2545,004a2540,0x0,005ecdac,
wiz8--gog-1261--wiz8new--57a3072c2f83,004a25fd,004a25e0,0x0,005ecda0,
wiz8--gog-1261--wiz8new--57a3072c2f83,004a2606,004a25e0,0x38,005ecdc8,
wiz8--gog-1261--wiz8new--57a3072c2f83,004a2636,004a25e0,0x18,005ec0e0,
wiz8--gog-1261--wiz8new--57a3072c2f83,004a2646,004a25e0,0x8,005ec0e0,
wiz8--gog-1261--wiz8new--57a3072c2f83,004a2659,004a25e0,0x0,005ecdb0,
wiz8--gog-1261--wiz8new--57a3072c2f83,004a2e29,004a2db0,0x0,005ecde0,
wiz8--gog-1261--wiz8new--57a3072c2f83,004a2ef8,004a2db0,0x0,005ec298,0x10
wiz8--gog-1261--wiz8new--57a3072c2f83,004a2f19,004a2db0,0x0,005ec294,0x10
wiz8--gog-1261--wiz8new--57a3072c2f83,004a2f24,004a2db0,0x0,005ec294,
wiz8--gog-1261--wiz8new--57a3072c2f83,004a2fcd,004a2db0,0x0,005ecca4,
wiz8--gog-1261--wiz8new--57a3072c2f83,004a3006,004a2db0,0x0,005ecc64,
wiz8--gog-1261--wiz8new--57a3072c2f83,004a300c,004a2db0,0x138,005ecc58,
wiz8--gog-1261--wiz8new--57a3072c2f83,004a3250,004a3230,0x0,005ecde0,
wiz8--gog-1261--wiz8new--57a3072c2f83,004a333a,004a3300,0x0,005ec298,
wiz8--gog-1261--wiz8new--57a3072c2f83,004a3359,004a3300,0x0,005ec294,
wiz8--gog-1261--wiz8new--57a3072c2f83,004a3364,004a3300,0x0,005ec294,
wiz8--gog-1261--wiz8new--57a3072c2f83,004a3c9d,004a3c10,0x58,005ebfec,
wiz8--gog-1261--wiz8new--57a3072c2f83,004a3cc2,004a3c10,0x58,005ece4c,
wiz8--gog-1261--wiz8new--57a3072c2f83,004a3ccf,004a3c10,0x0,005ece08,
wiz8--gog-1261--wiz8new--57a3072c2f83,004a3cd5,004a3c10,0x18,005ecdf4,
wiz8--gog-1261--wiz8new--57a3072c2f83,004a3da5,004a3c10,0x0,005ecde0,
wiz8--gog-1261--wiz8new--57a3072c2f83,004a3f1e,004a3e50,0x58,005ebfec,
wiz8--gog-1261--wiz8new--57a3072c2f83,004a3f43,004a3e50,0x58,005ece4c,
wiz8--gog-1261--wiz8new--57a3072c2f83,004a3f56,004a3e50,0x0,005ece08,
wiz8--gog-1261--wiz8new--57a3072c2f83,004a3f5c,004a3e50,0x18,005ecdf4,
wiz8--gog-1261--wiz8new--57a3072c2f83,004a3fdd,004a3fc0,0x0,005ece08,
wiz8--gog-1261--wiz8new--57a3072c2f83,004a3fe3,004a3fc0,0x18,005ecdf4,
wiz8--gog-1261--wiz8new--57a3072c2f83,004a401c,004a3fc0,0x2d8,005ebfec,
wiz8--gog-1261--wiz8new--57a3072c2f83,004a5c3b,004a5c30,0x0,005ece64,
wiz8--gog-1261--wiz8new--57a3072c2f83,004a5c68,004a5c30,0x0,005ece60,
wiz8--gog-1261--wiz8new--57a3072c2f83,004a5c78,004a5c30,0x0,005ece60,
wiz8--gog-1261--wiz8new--57a3072c2f83,004a5c94,004a5c30,0x0,005ece64,
wiz8--gog-1261--wiz8new--57a3072c2f83,004a5cd4,004a5cb0,0x0,005ebfec,
wiz8--gog-1261--wiz8new--57a3072c2f83,004a5cf7,004a5cf0,0x0,005ece64,
wiz8--gog-1261--wiz8new--57a3072c2f83,004a5db4,004a5d40,0x58,005ebfec,
wiz8--gog-1261--wiz8new--57a3072c2f83,004a5e88,004a5e50,0x0,005eceb8,
wiz8--gog-1261--wiz8new--57a3072c2f83,004a5ee2,004a5e50,0x0,005ece78,
wiz8--gog-1261--wiz8new--57a3072c2f83,004a5fd1,004a5f20,0x0,005ece78,
wiz8--gog-1261--wiz8new--57a3072c2f83,004a5fd7,004a5f20,0x0,005eceb8,
wiz8--gog-1261--wiz8new--57a3072c2f83,004a602f,004a5f20,0x0,005ec294,0x10
wiz8--gog-1261--wiz8new--57a3072c2f83,004a60b6,004a5f20,0x0,005ecca4,
wiz8--gog-1261--wiz8new--57a3072c2f83,004a60eb,004a5f20,0x0,005ecc64,
wiz8--gog-1261--wiz8new--57a3072c2f83,004a60f1,004a5f20,0x138,005ecc58,
wiz8--gog-1261--wiz8new--57a3072c2f83,004a6248,004a5f20,0x0,005eced8,0x10
wiz8--gog-1261--wiz8new--57a3072c2f83,004a6267,004a5f20,0x0,005eced4,0x10
wiz8--gog-1261--wiz8new--57a3072c2f83,004a6272,004a5f20,0x0,005eced4,
wiz8--gog-1261--wiz8new--57a3072c2f83,004a63dd,004a5f20,0x0,005eced0,0x10
wiz8--gog-1261--wiz8new--57a3072c2f83,004a63fc,004a5f20,0x0,005ececc,0x10
wiz8--gog-1261--wiz8new--57a3072c2f83,004a6407,004a5f20,0x0,005ececc,
wiz8--gog-1261--wiz8new--57a3072c2f83,004a6632,004a5f20,0x0,005ece78,
wiz8--gog-1261--wiz8new--57a3072c2f83,004a6aaa,004a6970,0x20,005ec270,
wiz8--gog-1261--wiz8new--57a3072c2f83,004a6aca,004a6970,0x20,005ec26c,
wiz8--gog-1261--wiz8new--57a3072c2f83,004a6b2d,004a6970,0x0,005eced0,0x10
wiz8--gog-1261--wiz8new--57a3072c2f83,004a6b50,004a6970,0x0,005ececc,
wiz8--gog-1261--wiz8new--57a3072c2f83,004a6bde,004a6970,0x0,005ececc,
wiz8--gog-1261--wiz8new--57a3072c2f83,004a6d23,004a6970,0x20,005ec270,
wiz8--gog-1261--wiz8new--57a3072c2f83,004a8573,004a84c0,0x0,005eced8,0x10
wiz8--gog-1261--wiz8new--57a3072c2f83,004a8596,004a84c0,0x0,005eced4,
wiz8--gog-1261--wiz8new--57a3072c2f83,004a85a5,004a84c0,0x0,005eced4,
wiz8--gog-1261--wiz8new--57a3072c2f83,004a8a47,004a87a0,0x0,005ecee0,
wiz8--gog-1261--wiz8new--57a3072c2f83,004a8a6a,004a87a0,0x0,005ecedc,
wiz8--gog-1261--wiz8new--57a3072c2f83,004a8b39,004a87a0,0x0,005ecedc,
wiz8--gog-1261--wiz8new--57a3072c2f83,004a8e7b,004a8e70,0x0,005ecee8,
wiz8--gog-1261--wiz8new--57a3072c2f83,004a8ea8,004a8e70,0x0,005ecee4,
wiz8--gog-1261--wiz8new--57a3072c2f83,004a8eb8,004a8e70,0x0,005ecee4,
wiz8--gog-1261--wiz8new--57a3072c2f83,004a8ed4,004a8e70,0x0,005ecee8,
wiz8--gog-1261--wiz8new--57a3072c2f83,004a8ef7,004a8ef0,0x0,005ecee8,
wiz8--gog-1261--wiz8new--57a3072c2f83,004a8f47,004a8f40,0x0,005eced8,
wiz8--gog-1261--wiz8new--57a3072c2f83,004a8f94,004a8f70,0x0,005eced8,
wiz8--gog-1261--wiz8new--57a3072c2f83,004a8fb7,004a8fb0,0x0,005eced0,
wiz8--gog-1261--wiz8new--57a3072c2f83,004a9004,004a8fe0,0x0,005eced0,
wiz8--gog-1261--wiz8new--57a3072c2f83,004a9027,004a9020,0x0,005ecee0,
wiz8--gog-1261--wiz8new--57a3072c2f83,004a9074,004a9050,0x0,005ecee0,
wiz8--gog-1261--wiz8new--57a3072c2f83,004a909b,004a9090,0x0,005ec298,
wiz8--gog-1261--wiz8new--57a3072c2f83,004a934a,004a91f0,0x0,005ecf00,
wiz8--gog-1261--wiz8new--57a3072c2f83,004a97b3,004a9750,0x0,005ecf04,
wiz8--gog-1261--wiz8new--57a3072c2f83,004a97d6,004a9750,0x0,005ecf00,
wiz8--gog-1261--wiz8new--57a3072c2f83,004a97e5,004a9750,0x0,005ecf00,
wiz8--gog-1261--wiz8new--57a3072c2f83,004a99ab,004a9810,0x0,005ecf04,0x10
wiz8--gog-1261--wiz8new--57a3072c2f83,004a99cc,004a9810,0x0,005ecf00,0x10
wiz8--gog-1261--wiz8new--57a3072c2f83,004a99d7,004a9810,0x0,005ecf00,
wiz8--gog-1261--wiz8new--57a3072c2f83,004aaac7,004aaac0,0x0,005ecf04,
wiz8--gog-1261--wiz8new--57a3072c2f83,004aab14,004aaaf0,0x0,005ecf04,
wiz8--gog-1261--wiz8new--57a3072c2f83,004aab3b,004aab30,0x0,005ecf04,
wiz8--gog-1261--wiz8new--57a3072c2f83,004aada9,004aad20,0x0,005ecf18,
wiz8--gog-1261--wiz8new--57a3072c2f83,004aae86,004aad20,0x0,005ec298,0x10
wiz8--gog-1261--wiz8new--57a3072c2f83,004aaea7,004aad20,0x0,005ec294,0x10
wiz8--gog-1261--wiz8new--57a3072c2f83,004aaeb2,004aad20,0x0,005ec294,
wiz8--gog-1261--wiz8new--57a3072c2f83,004aaf5b,004aad20,0x0,005ecca4,
wiz8--gog-1261--wiz8new--57a3072c2f83,004aaf94,004aad20,0x0,005ecc64,
wiz8--gog-1261--wiz8new--57a3072c2f83,004aaf9a,004aad20,0x138,005ecc58,
wiz8--gog-1261--wiz8new--57a3072c2f83,004ab1e0,004ab1c0,0x0,005ecf18,
wiz8--gog-1261--wiz8new--57a3072c2f83,004ab37a,004ab340,0x0,005ec298,
wiz8--gog-1261--wiz8new--57a3072c2f83,004ab399,004ab340,0x0,005ec294,
wiz8--gog-1261--wiz8new--57a3072c2f83,004ab3a4,004ab340,0x0,005ec294,
wiz8--gog-1261--wiz8new--57a3072c2f83,004ab636,004ab340,0x0,005ecf40,
wiz8--gog-1261--wiz8new--57a3072c2f83,004ab63c,004ab340,0x18,005ecf2c,
wiz8--gog-1261--wiz8new--57a3072c2f83,004abc0f,004abbb0,0x0,005ecf40,
wiz8--gog-1261--wiz8new--57a3072c2f83,004abc15,004abbb0,0x18,005ecf2c,
wiz8--gog-1261--wiz8new--57a3072c2f83,004abc7c,004abbb0,0x0,005ecf18,
wiz8--gog-1261--wiz8new--57a3072c2f83,004abd1e,004abd00,0x0,005ecf40,
wiz8--gog-1261--wiz8new--57a3072c2f83,004abd24,004abd00,0x18,005ecf2c,
wiz8--gog-1261--wiz8new--57a3072c2f83,004adf46,004ade70,0x0,005eced8,0x10
wiz8--gog-1261--wiz8new--57a3072c2f83,004adf65,004ade70,0x0,005eced4,0x10
wiz8--gog-1261--wiz8new--57a3072c2f83,004adf70,004ade70,0x0,005eced4,
wiz8--gog-1261--wiz8new--57a3072c2f83,004ae6fe,004ae6d0,0x0,005ecfe4,
wiz8--gog-1261--wiz8new--57a3072c2f83,004ae8fe,004ae8b0,0x0,005ecfe4,0x150
wiz8--gog-1261--wiz8new--57a3072c2f83,004ae970,004ae8b0,0x0,005ecfb0,
wiz8--gog-1261--wiz8new--57a3072c2f83,004aeb44,004aeaa0,0x0,005ecfe4,
wiz8--gog-1261--wiz8new--57a3072c2f83,004af5bf,004af5a0,0x0,005ecfe4,
wiz8--gog-1261--wiz8new--57a3072c2f83,004af69b,004af690,0x0,005ed01c,
wiz8--gog-1261--wiz8new--57a3072c2f83,004af6c8,004af690,0x0,005ed018,
wiz8--gog-1261--wiz8new--57a3072c2f83,004af6d8,004af690,0x0,005ed018,
wiz8--gog-1261--wiz8new--57a3072c2f83,004af6f4,004af690,0x0,005ed01c,
wiz8--gog-1261--wiz8new--57a3072c2f83,004af717,004af710,0x0,005ed01c,
wiz8--gog-1261--wiz8new--57a3072c2f83,004b5449,004b53d0,0x0,005ed050,
wiz8--gog-1261--wiz8new--57a3072c2f83,004b5562,004b54a0,0x0,005ed050,
wiz8--gog-1261--wiz8new--57a3072c2f83,004b5649,004b5600,0x0,005ed058,
wiz8--gog-1261--wiz8new--57a3072c2f83,004b56db,004b5680,0x0,005ed058,
wiz8--gog-1261--wiz8new--57a3072c2f83,004b56f0,004b5680,0x0,005ec1d8,
wiz8--gog-1261--wiz8new--57a3072c2f83,004b6a12,004b6920,0x0,005ed098,0x10
wiz8--gog-1261--wiz8new--57a3072c2f83,004b6a31,004b6920,0x0,005ed094,0x10
wiz8--gog-1261--wiz8new--57a3072c2f83,004b6a3c,004b6920,0x0,005ed094,
wiz8--gog-1261--wiz8new--57a3072c2f83,004b6c30,004b6bd0,0x0,005ed098,0x10
wiz8--gog-1261--wiz8new--57a3072c2f83,004b6c53,004b6bd0,0x0,005ed094,
wiz8--gog-1261--wiz8new--57a3072c2f83,004b6c62,004b6bd0,0x0,005ed094,
wiz8--gog-1261--wiz8new--57a3072c2f83,004b6d97,004b6d90,0x0,005ed098,
wiz8--gog-1261--wiz8new--57a3072c2f83,004b871c,004b86e0,0x0,005ec1d8,
wiz8--gog-1261--wiz8new--57a3072c2f83,004b87c7,004b86e0,0x0,005ec1d8,
wiz8--gog-1261--wiz8new--57a3072c2f83,004b89a2,004b88f0,0x0,005ed0d0,
wiz8--gog-1261--wiz8new--57a3072c2f83,004b9c2f,004b9c00,0x0,005ed124,
wiz8--gog-1261--wiz8new--57a3072c2f83,004b9cae,004b9c00,0x0,005ed0f0,
wiz8--gog-1261--wiz8new--57a3072c2f83,004b9d2f,004b9d10,0x0,005ed124,
wiz8--gog-1261--wiz8new--57a3072c2f83,004ba29f,004ba280,0x0,005ed124,
wiz8--gog-1261--wiz8new--57a3072c2f83,004ba420,004ba3d0,0x0,005ed124,0x140
wiz8--gog-1261--wiz8new--57a3072c2f83,004ba494,004ba3d0,0x0,005ed0f0,
wiz8--gog-1261--wiz8new--57a3072c2f83,004bc607,004bc5e0,0x14,005ec018,
wiz8--gog-1261--wiz8new--57a3072c2f83,004bc669,004bc5e0,0x14,005ec004,
wiz8--gog-1261--wiz8new--57a3072c2f83,004bc680,004bc5e0,0x18,005ec004,
wiz8--gog-1261--wiz8new--57a3072c2f83,004bc7ef,004bc5e0,0x18,005ec004,
wiz8--gog-1261--wiz8new--57a3072c2f83,004bc822,004bc5e0,0x14,005ec004,
wiz8--gog-1261--wiz8new--57a3072c2f83,004bce49,004bce20,0x24,005ed1b8,
wiz8--gog-1261--wiz8new--57a3072c2f83,004bcf91,004bce20,0x0,005ed180,0x150
wiz8--gog-1261--wiz8new--57a3072c2f83,004be007,004be000,0x0,005ed1b4,
wiz8--gog-1261--wiz8new--57a3072c2f83,004be05b,004be050,0x0,005ed1b4,
wiz8--gog-1261--wiz8new--57a3072c2f83,004beb05,004bea20,0x614,005ec004,
wiz8--gog-1261--wiz8new--57a3072c2f83,004beb3d,004bea20,0x614,005ec018,
wiz8--gog-1261--wiz8new--57a3072c2f83,004beb83,004bea20,0x0,005ed200,
wiz8--gog-1261--wiz8new--57a3072c2f83,004becf5,004bebd0,0x614,005ec004,
wiz8--gog-1261--wiz8new--57a3072c2f83,004bed29,004bebd0,0x614,005ec018,
wiz8--gog-1261--wiz8new--57a3072c2f83,004bed3e,004bebd0,0x0,005ed200,
wiz8--gog-1261--wiz8new--57a3072c2f83,004bee72,004bee50,0x0,005ed200,
wiz8--gog-1261--wiz8new--57a3072c2f83,004bef8f,004bee50,0x0,005ecd18,
wiz8--gog-1261--wiz8new--57a3072c2f83,004bf014,004bee50,0x138,005ebfd0,
wiz8--gog-1261--wiz8new--57a3072c2f83,004bf01e,004bee50,0x0,005eccd8,
wiz8--gog-1261--wiz8new--57a3072c2f83,004bf06c,004bee50,0x614,005ec004,
wiz8--gog-1261--wiz8new--57a3072c2f83,004bf287,004bf0f0,0x0,005ec294,0x10
wiz8--gog-1261--wiz8new--57a3072c2f83,004bf336,004bf0f0,0x0,005ecc64,
wiz8--gog-1261--wiz8new--57a3072c2f83,004bf33c,004bf0f0,0x138,005ecc58,
wiz8--gog-1261--wiz8new--57a3072c2f83,004bf55a,004bf520,0x0,005ec298,
wiz8--gog-1261--wiz8new--57a3072c2f83,004bf57b,004bf520,0x0,005ec294,
wiz8--gog-1261--wiz8new--57a3072c2f83,004bf58c,004bf520,0x0,005ec294,
wiz8--gog-1261--wiz8new--57a3072c2f83,004bfc1e,004bfb00,0x29c,005ecdc8,
wiz8--gog-1261--wiz8new--57a3072c2f83,004bfca8,004bfb00,0x338,005ebfe0,
wiz8--gog-1261--wiz8new--57a3072c2f83,004bfce6,004bfb00,0x0,005ed22c,
wiz8--gog-1261--wiz8new--57a3072c2f83,004bfcec,004bfb00,0x18,005ed218,
wiz8--gog-1261--wiz8new--57a3072c2f83,004bff7d,004bfe00,0x29c,005ecdc8,
wiz8--gog-1261--wiz8new--57a3072c2f83,004c000d,004bfe00,0x338,005ebfe0,
wiz8--gog-1261--wiz8new--57a3072c2f83,004c0041,004bfe00,0x0,005ed22c,
wiz8--gog-1261--wiz8new--57a3072c2f83,004c0047,004bfe00,0x18,005ed218,
wiz8--gog-1261--wiz8new--57a3072c2f83,004c018e,004c0170,0x0,005ed22c,
wiz8--gog-1261--wiz8new--57a3072c2f83,004c0194,004c0170,0x18,005ed218,
wiz8--gog-1261--wiz8new--57a3072c2f83,004c0260,004c0170,0x338,005ebfe0,
wiz8--gog-1261--wiz8new--57a3072c2f83,004c0298,004c0170,0x29c,005ecdc8,
wiz8--gog-1261--wiz8new--57a3072c2f83,004c0eba,004c0170,0xdc,005ec018,
wiz8--gog-1261--wiz8new--57a3072c2f83,004c0f29,004c0170,0xe0,005ec004,
wiz8--gog-1261--wiz8new--57a3072c2f83,004c0fe8,004c0170,0xcc,005ec018,
wiz8--gog-1261--wiz8new--57a3072c2f83,004c1057,004c0170,0xd0,005ec004,
wiz8--gog-1261--wiz8new--57a3072c2f83,004c6727,004c6700,0x1c,005ec004,
wiz8--gog-1261--wiz8new--57a3072c2f83,004c6749,004c6700,0x1c,005ec018,
wiz8--gog-1261--wiz8new--57a3072c2f83,004c6851,004c6700,0x1c,005ec004,
wiz8--gog-1261--wiz8new--57a3072c2f83,004c68a3,004c6700,0x14,005ec004,
wiz8--gog-1261--wiz8new--57a3072c2f83,004c68c5,004c6700,0x14,005ec018,
wiz8--gog-1261--wiz8new--57a3072c2f83,004c6960,004c6700,0x14,005ec004,
wiz8--gog-1261--wiz8new--57a3072c2f83,004c69ad,004c6990,0x8,005ec004,
wiz8--gog-1261--wiz8new--57a3072c2f83,004c69d4,004c6990,0x4,005ec018,
wiz8--gog-1261--wiz8new--57a3072c2f83,004c6a23,004c6990,0x8,005ec004,
wiz8--gog-1261--wiz8new--57a3072c2f83,004c6a6d,004c6a50,0x8,005ec004,
wiz8--gog-1261--wiz8new--57a3072c2f83,004c6a94,004c6a50,0x4,005ec018,
wiz8--gog-1261--wiz8new--57a3072c2f83,004c6ac5,004c6a50,0x8,005ec004,
wiz8--gog-1261--wiz8new--57a3072c2f83,004c6aec,004c6a50,0x8,005ec004,
wiz8--gog-1261--wiz8new--57a3072c2f83,004c6b35,004c6b10,0x10,005ec004,
wiz8--gog-1261--wiz8new--57a3072c2f83,004c6b5c,004c6b10,0xc,005ec018,
wiz8--gog-1261--wiz8new--57a3072c2f83,004c6bda,004c6b10,0x10,005ec004,
wiz8--gog-1261--wiz8new--57a3072c2f83,004c6c99,004c6b10,0x0,005ebd10,0x5c
wiz8--gog-1261--wiz8new--57a3072c2f83,004c6f88,004c6b10,0x0,005ebde0,
wiz8--gog-1261--wiz8new--57a3072c2f83,004cab48,004ca9e0,0x0,005ed290,
wiz8--gog-1261--wiz8new--57a3072c2f83,004cace3,004ca9e0,0x0,005ecdc8,
wiz8--gog-1261--wiz8new--57a3072c2f83,004cad0b,004cad00,0x0,005ed2cc,
wiz8--gog-1261--wiz8new--57a3072c2f83,004cad38,004cad00,0x0,005ed2c8,
wiz8--gog-1261--wiz8new--57a3072c2f83,004cad48,004cad00,0x0,005ed2c8,
wiz8--gog-1261--wiz8new--57a3072c2f83,004cad64,004cad00,0x0,005ed2cc,
wiz8--gog-1261--wiz8new--57a3072c2f83,004cad8b,004cad80,0x0,005ec004,
wiz8--gog-1261--wiz8new--57a3072c2f83,004cadb8,004cad80,0x0,005ec018,
wiz8--gog-1261--wiz8new--57a3072c2f83,004cadc8,004cad80,0x0,005ec018,
wiz8--gog-1261--wiz8new--57a3072c2f83,004cade7,004cade0,0x0,005ed2cc,
wiz8--gog-1261--wiz8new--57a3072c2f83,004ce45d,004ce070,0x24,005ebfe0,
wiz8--gog-1261--wiz8new--57a3072c2f83,004cf045,004cf020,0x0,005ed358,
wiz8--gog-1261--wiz8new--57a3072c2f83,004cf099,004cf020,0x18,005ed354,
wiz8--gog-1261--wiz8new--57a3072c2f83,004cf0bf,004cf020,0x18,005ed350,
wiz8--gog-1261--wiz8new--57a3072c2f83,004cf0cd,004cf020,0x28,005ed34c,
wiz8--gog-1261--wiz8new--57a3072c2f83,004cf0f2,004cf020,0x28,005ed348,
wiz8--gog-1261--wiz8new--57a3072c2f83,004cf0fa,004cf020,0x0,005ed328,
wiz8--gog-1261--wiz8new--57a3072c2f83,004cf153,004cf110,0x0,005ed358,0x38
wiz8--gog-1261--wiz8new--57a3072c2f83,004cf1a3,004cf110,0x18,005ed354,
wiz8--gog-1261--wiz8new--57a3072c2f83,004cf1c9,004cf110,0x18,005ed350,
wiz8--gog-1261--wiz8new--57a3072c2f83,004cf1d7,004cf110,0x28,005ed34c,
wiz8--gog-1261--wiz8new--57a3072c2f83,004cf1f8,004cf110,0x28,005ed348,
wiz8--gog-1261--wiz8new--57a3072c2f83,004cf200,004cf110,0x0,005ed328,
wiz8--gog-1261--wiz8new--57a3072c2f83,004cf27e,004cf260,0x0,005ed328,
wiz8--gog-1261--wiz8new--57a3072c2f83,004cf31a,004cf260,0x28,005ed34c,
wiz8--gog-1261--wiz8new--57a3072c2f83,004cf32a,004cf260,0x18,005ed354,
wiz8--gog-1261--wiz8new--57a3072c2f83,004cf339,004cf260,0x0,005ed358,
wiz8--gog-1261--wiz8new--57a3072c2f83,004cf95e,004cf820,0x0,005ed358,
wiz8--gog-1261--wiz8new--57a3072c2f83,004cfa04,004cf9d0,0x0,005ed354,
wiz8--gog-1261--wiz8new--57a3072c2f83,004cfa24,004cf9d0,0x0,005ed34c,
wiz8--gog-1261--wiz8new--57a3072c2f83,004cfa47,004cfa40,0x0,005ed354,
wiz8--gog-1261--wiz8new--57a3072c2f83,004cfa97,004cfa90,0x0,005ed34c,
wiz8--gog-1261--wiz8new--57a3072c2f83,004d603b,004d6030,0x0,005ed098,
wiz8--gog-1261--wiz8new--57a3072c2f83,004d6068,004d6030,0x0,005ed094,
wiz8--gog-1261--wiz8new--57a3072c2f83,004d6078,004d6030,0x0,005ed094,
wiz8--gog-1261--wiz8new--57a3072c2f83,004d61d6,004d61b0,0x0,005ed3f8,
wiz8--gog-1261--wiz8new--57a3072c2f83,004d624c,004d61b0,0x0,005ed3c4,
wiz8--gog-1261--wiz8new--57a3072c2f83,004d62f8,004d61b0,0x0,005ebde0,
wiz8--gog-1261--wiz8new--57a3072c2f83,004d638f,004d6370,0x0,005ed3f8,
wiz8--gog-1261--wiz8new--57a3072c2f83,004d645d,004d6430,0x0,005ed3f8,
wiz8--gog-1261--wiz8new--57a3072c2f83,004d64d6,004d6430,0x0,005ed3c4,
wiz8--gog-1261--wiz8new--57a3072c2f83,004d6a8f,004d6a70,0x0,005ed3f8,
wiz8--gog-1261--wiz8new--57a3072c2f83,004d6c76,004d6bf0,0x0,005ed438,0x10
wiz8--gog-1261--wiz8new--57a3072c2f83,004d975d,004d9740,0x10,005ec160,
wiz8--gog-1261--wiz8new--57a3072c2f83,004d9781,004d9740,0x10,005ec15c,
wiz8--gog-1261--wiz8new--57a3072c2f83,004d9890,004d9740,0x10,005ec160,
wiz8--gog-1261--wiz8new--57a3072c2f83,004d9a47,004d9a40,0x0,005ed43c,
wiz8--gog-1261--wiz8new--57a3072c2f83,004d9a7b,004d9a70,0x0,005ed43c,
wiz8--gog-1261--wiz8new--57a3072c2f83,004e694a,004e6940,0x9b7,005ebfe0,
wiz8--gog-1261--wiz8new--57a3072c2f83,004e69ae,004e6940,0x9b7,005ebfe0,
wiz8--gog-1261--wiz8new--57a3072c2f83,004e6a17,004e6940,0xd8,005ebfe0,
wiz8--gog-1261--wiz8new--57a3072c2f83,004e6a35,004e6a30,0xd8,005ebfe0,
wiz8--gog-1261--wiz8new--57a3072c2f83,004ed908,004ed900,0x0,005ebfe0,
wiz8--gog-1261--wiz8new--57a3072c2f83,004f2c70,004f2c30,0x0,005ed5a4,
wiz8--gog-1261--wiz8new--57a3072c2f83,004f2d01,004f2ca0,0x0,005ed5a4,
wiz8--gog-1261--wiz8new--57a3072c2f83,004f3378,004f3370,0x0,005ed5b8,
wiz8--gog-1261--wiz8new--57a3072c2f83,004f33ac,004f3370,0x0,005ed5b8,
wiz8--gog-1261--wiz8new--57a3072c2f83,004f3d99,004f3d90,0x0,005ed5bc,
wiz8--gog-1261--wiz8new--57a3072c2f83,004f3df6,004f3d90,0x0,005ed5bc,
wiz8--gog-1261--wiz8new--57a3072c2f83,004f4194,004f3f30,0x60,005ed5b8,
wiz8--gog-1261--wiz8new--57a3072c2f83,004f4205,004f3f30,0x0,005ed604,
wiz8--gog-1261--wiz8new--57a3072c2f83,004f429c,004f4250,0x0,005ed5b8,
wiz8--gog-1261--wiz8new--57a3072c2f83,004f4320,004f4250,0x0,005ed604,
wiz8--gog-1261--wiz8new--57a3072c2f83,004f5456,004f5450,0x0,005ed664,
wiz8--gog-1261--wiz8new--57a3072c2f83,004f546b,004f5450,0x10,005ed660,
wiz8--gog-1261--wiz8new--57a3072c2f83,004f5490,004f5450,0x10,005ed65c,
wiz8--gog-1261--wiz8new--57a3072c2f83,004f549b,004f5450,0x0,005ed654,
wiz8--gog-1261--wiz8new--57a3072c2f83,004f5694,004f55c0,0x0,005ed66c,
wiz8--gog-1261--wiz8new--57a3072c2f83,004f5b85,004f5a80,0x0,005ed6b4,
wiz8--gog-1261--wiz8new--57a3072c2f83,004f6291,004f61f0,0x0,005ed74c,
wiz8--gog-1261--wiz8new--57a3072c2f83,004f62ee,004f61f0,0x0,005ed6fc,0xc0
wiz8--gog-1261--wiz8new--57a3072c2f83,004f634a,004f61f0,0x0,005ed6fc,
wiz8--gog-1261--wiz8new--57a3072c2f83,004f63dd,004f63c0,0x0,005ed74c,
wiz8--gog-1261--wiz8new--57a3072c2f83,004f6412,004f63c0,0x0,005ed5a4,
wiz8--gog-1261--wiz8new--57a3072c2f83,004f6622,004f65a0,0x0,005ed758,
wiz8--gog-1261--wiz8new--57a3072c2f83,004f664b,004f6640,0x60,005ed5b8,
wiz8--gog-1261--wiz8new--57a3072c2f83,004f665d,004f6640,0x0,005ed5bc,
wiz8--gog-1261--wiz8new--57a3072c2f83,004f6877,004f6870,0x0,005ed5b4,
wiz8--gog-1261--wiz8new--57a3072c2f83,004f68e7,004f68e0,0x0,005ed660,
wiz8--gog-1261--wiz8new--57a3072c2f83,004f6934,004f6910,0x0,005ed660,
wiz8--gog-1261--wiz8new--57a3072c2f83,004f8902,004f88f0,0x38,005ec0e0,
wiz8--gog-1261--wiz8new--57a3072c2f83,004f8c8d,004f88f0,0x38,005ec0e0,
wiz8--gog-1261--wiz8new--57a3072c2f83,004f8cc8,004f8cb0,0x3c,005ec15c,
wiz8--gog-1261--wiz8new--57a3072c2f83,004f91bd,004f8cb0,0x40,005ec160,
wiz8--gog-1261--wiz8new--57a3072c2f83,004f958b,004f9580,0x0,005ec160,
wiz8--gog-1261--wiz8new--57a3072c2f83,004fb5b1,004fb360,0x0,005ec280,
wiz8--gog-1261--wiz8new--57a3072c2f83,004fcece,004fb360,0x17e,005ebfec,
wiz8--gog-1261--wiz8new--57a3072c2f83,004fcee4,004fb360,0x110,005ebfe8,
wiz8--gog-1261--wiz8new--57a3072c2f83,004fcefa,004fb360,0x100,005ebfe4,
wiz8--gog-1261--wiz8new--57a3072c2f83,00501e5b,00501e50,0x0,005ebfe8,
wiz8--gog-1261--wiz8new--57a3072c2f83,00501e88,00501e50,0x0,005ec27c,
wiz8--gog-1261--wiz8new--57a3072c2f83,00501e98,00501e50,0x0,005ec27c,
wiz8--gog-1261--wiz8new--57a3072c2f83,00501ebb,00501eb0,0x0,005ed7d8,
wiz8--gog-1261--wiz8new--57a3072c2f83,00501ee8,00501eb0,0x0,005ed7d4,
wiz8--gog-1261--wiz8new--57a3072c2f83,00501ef8,00501eb0,0x0,005ed7d4,
wiz8--gog-1261--wiz8new--57a3072c2f83,00501f14,00501eb0,0x0,005ed7d8,
wiz8--gog-1261--wiz8new--57a3072c2f83,00501f37,00501f30,0x0,005ed7d8,
wiz8--gog-1261--wiz8new--57a3072c2f83,00501f8b,00501f80,0x0,005ebfe4,
wiz8--gog-1261--wiz8new--57a3072c2f83,00501fd5,00501fd0,0x5a,005ebfec,
wiz8--gog-1261--wiz8new--57a3072c2f83,00501ff7,00501fd0,0x5a,005ece4c,
wiz8--gog-1261--wiz8new--57a3072c2f83,00502005,00501fd0,0x5a,005ece4c,
wiz8--gog-1261--wiz8new--57a3072c2f83,005098ce,00509890,0x0,005ed810,0x10
wiz8--gog-1261--wiz8new--57a3072c2f83,00509a84,00509890,0x0,005ed810,
wiz8--gog-1261--wiz8new--57a3072c2f83,0050bcb3,0050bc90,0x28,005ec0e0,
wiz8--gog-1261--wiz8new--57a3072c2f83,0050be8f,0050bc90,0x24,005ec0e0,
wiz8--gog-1261--wiz8new--57a3072c2f83,0050bf29,0050bc90,0x28,005ec0e0,
wiz8--gog-1261--wiz8new--57a3072c2f83,0050bfb8,0050bc90,0x28,005ec0e0,
wiz8--gog-1261--wiz8new--57a3072c2f83,0050bfe2,0050bc90,0x28,005ec0e0,
wiz8--gog-1261--wiz8new--57a3072c2f83,0050c00c,0050bc90,0x28,005ec0e0,
wiz8--gog-1261--wiz8new--57a3072c2f83,0050e517,0050e510,0x0,005ed810,
wiz8--gog-1261--wiz8new--57a3072c2f83,005126c3,00511df0,0x0,005ebd10,
wiz8--gog-1261--wiz8new--57a3072c2f83,00513f85,00513d80,0x24,005ec51c,
wiz8--gog-1261--wiz8new--57a3072c2f83,00513fbc,00513d80,0x24,005ec51c,
wiz8--gog-1261--wiz8new--57a3072c2f83,005142c8,00513d80,0x24,005ec51c,
wiz8--gog-1261--wiz8new--57a3072c2f83,005158bb,00515840,0x0,005ebd10,
wiz8--gog-1261--wiz8new--57a3072c2f83,005163c2,00516310,0x100,005ebfe4,
wiz8--gog-1261--wiz8new--57a3072c2f83,00516403,00516310,0x110,005ebfe8,
wiz8--gog-1261--wiz8new--57a3072c2f83,00516433,00516310,0x110,005ec27c,
wiz8--gog-1261--wiz8new--57a3072c2f83,00516454,00516310,0x0,005ece4c,
wiz8--gog-1261--wiz8new--57a3072c2f83,0051695b,00516950,0x0,005ebfec,
wiz8--gog-1261--wiz8new--57a3072c2f83,0051781b,00517810,0x0,005ed844,
wiz8--gog-1261--wiz8new--57a3072c2f83,00517848,00517810,0x0,005ed840,
wiz8--gog-1261--wiz8new--57a3072c2f83,00517858,00517810,0x0,005ed840,
wiz8--gog-1261--wiz8new--57a3072c2f83,00517874,00517810,0x0,005ed844,
wiz8--gog-1261--wiz8new--57a3072c2f83,00517897,00517890,0x0,005ed844,
wiz8--gog-1261--wiz8new--57a3072c2f83,005178e4,005178c0,0x4,005ed844,
wiz8--gog-1261--wiz8new--57a3072c2f83,0051790b,00517900,0x4,005ed844,
wiz8--gog-1261--wiz8new--57a3072c2f83,0051792d,00517900,0x4,005ed840,
wiz8--gog-1261--wiz8new--57a3072c2f83,0051793b,00517900,0x4,005ed840,
wiz8--gog-1261--wiz8new--57a3072c2f83,0052a297,0052a290,0x0,005ed890,
wiz8--gog-1261--wiz8new--57a3072c2f83,0052a2c7,0052a2c0,0x0,005ed894,
wiz8--gog-1261--wiz8new--57a3072c2f83,0052d4a8,0052d460,0x0,005ee748,
wiz8--gog-1261--wiz8new--57a3072c2f83,0052d4d5,0052d460,0x10,005ee748,
wiz8--gog-1261--wiz8new--57a3072c2f83,0052d504,0052d460,0x20,005ee748,
wiz8--gog-1261--wiz8new--57a3072c2f83,0052d533,0052d460,0x30,005ee748,
wiz8--gog-1261--wiz8new--57a3072c2f83,0052d562,0052d460,0x40,005ee744,
wiz8--gog-1261--wiz8new--57a3072c2f83,0052e524,0052e3b0,0x0,005ee74c,
wiz8--gog-1261--wiz8new--57a3072c2f83,0052e547,0052e540,0x0,005ee74c,
wiz8--gog-1261--wiz8new--57a3072c2f83,0053270f,005326f0,0xc,005ee778,
wiz8--gog-1261--wiz8new--57a3072c2f83,00532759,005326f0,0xc,005ee778,
wiz8--gog-1261--wiz8new--57a3072c2f83,005327ae,005326f0,0xc,005ee778,
wiz8--gog-1261--wiz8new--57a3072c2f83,005358d4,005355d0,0x0,005ee778,
wiz8--gog-1261--wiz8new--57a3072c2f83,005358f7,005358f0,0x0,005ee778,
wiz8--gog-1261--wiz8new--57a3072c2f83,0053815c,00538140,0xc,005ebfe0,
wiz8--gog-1261--wiz8new--57a3072c2f83,00538259,00538140,0x14,005ebfe0,
wiz8--gog-1261--wiz8new--57a3072c2f83,0053829d,00538280,0x10,005ebfe0,
wiz8--gog-1261--wiz8new--57a3072c2f83,005383b8,00538280,0x18,005ebfe0,
wiz8--gog-1261--wiz8new--57a3072c2f83,0053a94e,0053a930,0x1c,005ebfe0,
wiz8--gog-1261--wiz8new--57a3072c2f83,0053abfe,0053a930,0x1c,005ebfe0,
wiz8--gog-1261--wiz8new--57a3072c2f83,0053b7c9,0053b660,0x3c,005ebfe0,
wiz8--gog-1261--wiz8new--57a3072c2f83,0053e29a,0053e250,0x130,005ebfec,
wiz8--gog-1261--wiz8new--57a3072c2f83,0053e2c6,0053e250,0x130,005ece4c,
wiz8--gog-1261--wiz8new--57a3072c2f83,0053e3e6,0053e250,0x144,005ebfec,
wiz8--gog-1261--wiz8new--57a3072c2f83,0053e9a7,0053e250,0x150,005ebfec,
wiz8--gog-1261--wiz8new--57a3072c2f83,0053f5a9,0053e250,0x150,005ebfec,
wiz8--gog-1261--wiz8new--57a3072c2f83,0053fa15,0053e250,0x130,005ebfec,
wiz8--gog-1261--wiz8new--57a3072c2f83,0053fac3,0053e250,0x130,005ebfec,
wiz8--gog-1261--wiz8new--57a3072c2f83,005401b4,0053ffe0,0x168,005ebfec,
wiz8--gog-1261--wiz8new--57a3072c2f83,005401e2,0053ffe0,0x168,005ece4c,
wiz8--gog-1261--wiz8new--57a3072c2f83,0054075c,0053ffe0,0x188,005ebfec,
wiz8--gog-1261--wiz8new--57a3072c2f83,005411f8,0053ffe0,0x168,005ebfec,
wiz8--gog-1261--wiz8new--57a3072c2f83,00541289,0053ffe0,0x168,005ebfec,
wiz8--gog-1261--wiz8new--57a3072c2f83,005432bc,00543260,0x7c,005ece4c,
wiz8--gog-1261--wiz8new--57a3072c2f83,00546199,00545e50,0x24,005ee7e8,
wiz8--gog-1261--wiz8new--57a3072c2f83,005466d5,00545e50,0x24,005ee7e8,
wiz8--gog-1261--wiz8new--57a3072c2f83,005468a4,00545e50,0x24,005ee7e8,
wiz8--gog-1261--wiz8new--57a3072c2f83,00546da4,00546b40,0x0,005ee7e8,
wiz8--gog-1261--wiz8new--57a3072c2f83,00546dc7,00546dc0,0x0,005ee7e8,
wiz8--gog-1261--wiz8new--57a3072c2f83,00548dc9,00547cb0,0x28,005ebfe0,
wiz8--gog-1261--wiz8new--57a3072c2f83,00552f10,00552ef0,0x20,005ebfe0,
wiz8--gog-1261--wiz8new--57a3072c2f83,00552f59,00552ef0,0xb8,005ece4c,
wiz8--gog-1261--wiz8new--57a3072c2f83,0055330f,00552ef0,0xbc,005ebfec,
wiz8--gog-1261--wiz8new--57a3072c2f83,00553324,00552ef0,0x24,005ebfe0,
wiz8--gog-1261--wiz8new--57a3072c2f83,0055337f,00553350,0x60,005ece4c,
wiz8--gog-1261--wiz8new--57a3072c2f83,005533a3,00553350,0x64,005ebfec,
wiz8--gog-1261--wiz8new--57a3072c2f83,00553513,00553350,0x6c,005ebfec,
wiz8--gog-1261--wiz8new--57a3072c2f83,005535fe,005535d0,0x60,005ece4c,
wiz8--gog-1261--wiz8new--57a3072c2f83,00553748,005535d0,0x64,005ebfec,
wiz8--gog-1261--wiz8new--57a3072c2f83,0055379e,00553770,0x60,005ece4c,
wiz8--gog-1261--wiz8new--57a3072c2f83,005538e7,00553770,0x64,005ebfec,
wiz8--gog-1261--wiz8new--57a3072c2f83,00558861,00558820,0x0,005ee8a0,0x10
wiz8--gog-1261--wiz8new--57a3072c2f83,00558c17,00558c10,0x0,005ee8a0,
wiz8--gog-1261--wiz8new--57a3072c2f83,0055bd08,0055bce0,0x8,005ee8cc,
wiz8--gog-1261--wiz8new--57a3072c2f83,0055bd2e,0055bce0,0x8,005ee8c8,
wiz8--gog-1261--wiz8new--57a3072c2f83,0055bd3b,0055bce0,0x18,005ec0e0,
wiz8--gog-1261--wiz8new--57a3072c2f83,0055bd63,0055bce0,0x28,005ec0e0,
wiz8--gog-1261--wiz8new--57a3072c2f83,0055bd8b,0055bce0,0x38,005ec0e0,
wiz8--gog-1261--wiz8new--57a3072c2f83,0055bde7,0055bde0,0x38,005ec0e0,
wiz8--gog-1261--wiz8new--57a3072c2f83,0055bdf7,0055bde0,0x28,005ec0e0,
wiz8--gog-1261--wiz8new--57a3072c2f83,0055be07,0055bde0,0x18,005ec0e0,
wiz8--gog-1261--wiz8new--57a3072c2f83,0055be17,0055bde0,0x8,005ee8cc,
wiz8--gog-1261--wiz8new--57a3072c2f83,0055cb94,0055c930,0x0,005ee8cc,
wiz8--gog-1261--wiz8new--57a3072c2f83,0055cbb7,0055cbb0,0x0,005ee8cc,
wiz8--gog-1261--wiz8new--57a3072c2f83,0055cff4,0055cfd0,0x4,005ee8f8,
wiz8--gog-1261--wiz8new--57a3072c2f83,0055d01b,0055cfd0,0x4,005ee8f4,
wiz8--gog-1261--wiz8new--57a3072c2f83,0055d149,0055cfd0,0x0,005ee8f0,
wiz8--gog-1261--wiz8new--57a3072c2f83,0055d19f,0055d180,0x0,005ee8f0,
wiz8--gog-1261--wiz8new--57a3072c2f83,0055d235,0055d180,0x0,005ee8f8,
wiz8--gog-1261--wiz8new--57a3072c2f83,0055db64,0055d800,0x0,005ee8f8,
wiz8--gog-1261--wiz8new--57a3072c2f83,0055ddf7,0055ddf0,0x0,005ee8f8,
wiz8--gog-1261--wiz8new--57a3072c2f83,0055dec4,0055de40,0x0,005ee920,
wiz8--gog-1261--wiz8new--57a3072c2f83,0055e598,0055e2c0,0x0,005ee92c,
wiz8--gog-1261--wiz8new--57a3072c2f83,0056b801,0056b6f0,0x0,005ebd10,
wiz8--gog-1261--wiz8new--57a3072c2f83,0056b96a,0056b960,0x218,005ee9d4,
wiz8--gog-1261--wiz8new--57a3072c2f83,0056b980,0056b960,0x1dc,005ee9d0,
wiz8--gog-1261--wiz8new--57a3072c2f83,0056b9c0,0056b9a0,0x1dc,005ee9d0,
wiz8--gog-1261--wiz8new--57a3072c2f83,0056b9f6,0056b9a0,0x1dc,005ee9dc,
wiz8--gog-1261--wiz8new--57a3072c2f83,0056ba06,0056b9a0,0x218,005ee9d4,
wiz8--gog-1261--wiz8new--57a3072c2f83,0056ba3e,0056b9a0,0x218,005ee9d8,
wiz8--gog-1261--wiz8new--57a3072c2f83,0056bf80,0056bc50,0x0,005ee9fc,0x10
wiz8--gog-1261--wiz8new--57a3072c2f83,0056c23b,0056c200,0x0,005eea00,0x10
wiz8--gog-1261--wiz8new--57a3072c2f83,0056c31d,0056c200,0x0,005eea00,0x10
wiz8--gog-1261--wiz8new--57a3072c2f83,0056d225,0056d1d0,0x0,005ee9f0,0x50
wiz8--gog-1261--wiz8new--57a3072c2f83,0056d429,0056d1d0,0x0,005ee9e4,
wiz8--gog-1261--wiz8new--57a3072c2f83,00577a84,00576850,0x0,005ee9d0,
wiz8--gog-1261--wiz8new--57a3072c2f83,00577aa7,00577aa0,0x0,005ee9fc,
wiz8--gog-1261--wiz8new--57a3072c2f83,00577ad7,00577ad0,0x0,005ee9d0,
wiz8--gog-1261--wiz8new--57a3072c2f83,00577b27,00577b20,0x0,005ee9d4,
wiz8--gog-1261--wiz8new--57a3072c2f83,00577b74,00577b50,0x0,005ee9d4,
wiz8--gog-1261--wiz8new--57a3072c2f83,00577b97,00577b90,0x0,005ee9e0,
wiz8--gog-1261--wiz8new--57a3072c2f83,00577bc7,00577bc0,0x0,005eea00,
wiz8--gog-1261--wiz8new--57a3072c2f83,0057e605,0057e5d0,0x0,005eea2c,0x10
wiz8--gog-1261--wiz8new--57a3072c2f83,0057e628,0057e5d0,0x0,005eea28,
wiz8--gog-1261--wiz8new--57a3072c2f83,0057e637,0057e5d0,0x0,005eea28,
wiz8--gog-1261--wiz8new--57a3072c2f83,0057eab8,0057e660,0x0,005ebd10,0x5c
wiz8--gog-1261--wiz8new--57a3072c2f83,0057eb9a,0057e660,0x14,005ec164,
wiz8--gog-1261--wiz8new--57a3072c2f83,0057ecbd,0057e660,0x0,005ed180,0x150
wiz8--gog-1261--wiz8new--57a3072c2f83,0057eeb0,0057e660,0x18,005ec168,
wiz8--gog-1261--wiz8new--57a3072c2f83,005803a4,00580380,0x4c,005ec018,
wiz8--gog-1261--wiz8new--57a3072c2f83,005803cc,00580380,0x4c,005ec004,
wiz8--gog-1261--wiz8new--57a3072c2f83,00580687,00580380,0x4c,005ec004,
wiz8--gog-1261--wiz8new--57a3072c2f83,00580a19,005809f0,0x54,005ec018,
wiz8--gog-1261--wiz8new--57a3072c2f83,00580ef4,005809f0,0x58,005ec004,
wiz8--gog-1261--wiz8new--57a3072c2f83,00581146,005809f0,0x0,005ebd10,
wiz8--gog-1261--wiz8new--57a3072c2f83,005812f1,005809f0,0x0,005ebd10,
wiz8--gog-1261--wiz8new--57a3072c2f83,00582310,005822c0,0x0,005ebfb4,0x10
wiz8--gog-1261--wiz8new--57a3072c2f83,00583469,005833e0,0x0,005ebd10,0x5c
wiz8--gog-1261--wiz8new--57a3072c2f83,0058534b,00585340,0x0,005ed1b4,
wiz8--gog-1261--wiz8new--57a3072c2f83,00585378,00585340,0x0,005ed1b8,
wiz8--gog-1261--wiz8new--57a3072c2f83,00585388,00585340,0x0,005ed1b8,
wiz8--gog-1261--wiz8new--57a3072c2f83,005853f7,005853f0,0x0,005eea2c,
wiz8--gog-1261--wiz8new--57a3072c2f83,00585444,00585420,0x0,005eea2c,
wiz8--gog-1261--wiz8new--57a3072c2f83,0058546b,00585460,0x0,005ebfb8,
wiz8--gog-1261--wiz8new--57a3072c2f83,00585721,005856e0,0x4c,005eeabc,
wiz8--gog-1261--wiz8new--57a3072c2f83,00585781,005856e0,0x0,005eeaac,
wiz8--gog-1261--wiz8new--57a3072c2f83,00585787,005856e0,0x4c,005eeaa8,
wiz8--gog-1261--wiz8new--57a3072c2f83,00585800,005856e0,0x0,005eea60,
wiz8--gog-1261--wiz8new--57a3072c2f83,005858dd,005858c0,0x0,005eeaac,
wiz8--gog-1261--wiz8new--57a3072c2f83,005858e3,005858c0,0x4c,005eeaa8,
wiz8--gog-1261--wiz8new--57a3072c2f83,00585b60,00585b00,0x0,005eeac0,
wiz8--gog-1261--wiz8new--57a3072c2f83,00585e3d,00585e20,0x0,005eeac0,
wiz8--gog-1261--wiz8new--57a3072c2f83,005861c2,005861a0,0x0,005eeae0,
wiz8--gog-1261--wiz8new--57a3072c2f83,005861cb,005861a0,0x0,005ed664,
wiz8--gog-1261--wiz8new--57a3072c2f83,005861e8,005861a0,0x0,005eead8,
wiz8--gog-1261--wiz8new--57a3072c2f83,005861ee,005861a0,0x0,005eead0,
wiz8--gog-1261--wiz8new--57a3072c2f83,005866be,005866a0,0x0,005eead8,
wiz8--gog-1261--wiz8new--57a3072c2f83,005866c4,005866a0,0x4,005eead0,
wiz8--gog-1261--wiz8new--57a3072c2f83,00587d3d,00587cf0,0x0,005eeb48,
wiz8--gog-1261--wiz8new--57a3072c2f83,00587dd0,00587cf0,0x0,005eeafc,
wiz8--gog-1261--wiz8new--57a3072c2f83,00587dd6,00587cf0,0x0,005eeaf8,
wiz8--gog-1261--wiz8new--57a3072c2f83,005882ba,00588260,0x0,005eeb4c,
wiz8--gog-1261--wiz8new--57a3072c2f83,0058850d,005884d0,0x4c,005ed664,
wiz8--gog-1261--wiz8new--57a3072c2f83,00588514,005884d0,0x50,005eebb8,
wiz8--gog-1261--wiz8new--57a3072c2f83,00588586,005884d0,0x0,005eeba8,
wiz8--gog-1261--wiz8new--57a3072c2f83,00588592,005884d0,0x50,005eeb9c,
wiz8--gog-1261--wiz8new--57a3072c2f83,005887ad,00588790,0x0,005eeba8,
wiz8--gog-1261--wiz8new--57a3072c2f83,005887b3,00588790,0x4c,005eeba0,
wiz8--gog-1261--wiz8new--57a3072c2f83,005887ba,00588790,0x50,005eeb9c,
wiz8--gog-1261--wiz8new--57a3072c2f83,00588ae9,00588a90,0x0,005eebc0,
wiz8--gog-1261--wiz8new--57a3072c2f83,00588dcd,00588db0,0x0,005eebc0,
wiz8--gog-1261--wiz8new--57a3072c2f83,00589182,00589160,0x0,005eebdc,
wiz8--gog-1261--wiz8new--57a3072c2f83,00589188,00589160,0x4,005ed664,
wiz8--gog-1261--wiz8new--57a3072c2f83,005891b3,00589160,0x0,005eebd8,
wiz8--gog-1261--wiz8new--57a3072c2f83,005891b9,00589160,0x0,005eebd0,
wiz8--gog-1261--wiz8new--57a3072c2f83,005894ce,005894b0,0x0,005eebd8,
wiz8--gog-1261--wiz8new--57a3072c2f83,005894d4,005894b0,0x4,005eebd0,
wiz8--gog-1261--wiz8new--57a3072c2f83,0059bec2,0059bdb0,0x0,005eec50,
wiz8--gog-1261--wiz8new--57a3072c2f83,005a36a4,005a3060,0x0,005eed08,
wiz8--gog-1261--wiz8new--57a3072c2f83,005a3f66,005a3ee0,0x0,005eed08,
wiz8--gog-1261--wiz8new--57a3072c2f83,005a73cc,005a7370,0xb8,005ed664,
wiz8--gog-1261--wiz8new--57a3072c2f83,005a73dc,005a7370,0x0,005eed3c,
wiz8--gog-1261--wiz8new--57a3072c2f83,005a752d,005a7510,0x0,005eed3c,
wiz8--gog-1261--wiz8new--57a3072c2f83,005a763d,005a7620,0x0,005eed8c,
wiz8--gog-1261--wiz8new--57a3072c2f83,005a76ed,005a76d0,0x0,005eeddc,
wiz8--gog-1261--wiz8new--57a3072c2f83,005a776d,005a7750,0x0,005eee2c,
wiz8--gog-1261--wiz8new--57a3072c2f83,005a786b,005a7750,0x0,005ebd10,0x5c
wiz8--gog-1261--wiz8new--57a3072c2f83,005a7f50,005a7f30,0x0,005ed66c,
wiz8--gog-1261--wiz8new--57a3072c2f83,005a8055,005a8050,0x0,005eef68,
wiz8--gog-1261--wiz8new--57a3072c2f83,005a80ea,005a80a0,0x0,005eef6c,
wiz8--gog-1261--wiz8new--57a3072c2f83,005a8190,005a8170,0x0,005eef6c,
wiz8--gog-1261--wiz8new--57a3072c2f83,005a8227,005a81e0,0x58,005eefd0,
wiz8--gog-1261--wiz8new--57a3072c2f83,005a824c,005a81e0,0x58,005eefcc,
wiz8--gog-1261--wiz8new--57a3072c2f83,005a828a,005a81e0,0x0,005eefa8,0x5eefc8
wiz8--gog-1261--wiz8new--57a3072c2f83,005a833f,005a8320,0x0,005eefa8,
wiz8--gog-1261--wiz8new--57a3072c2f83,005a8401,005a8320,0x58,005eefd0,
wiz8--gog-1261--wiz8new--57a3072c2f83,005a85f9,005a84e0,0x0,005eed8c,
wiz8--gog-1261--wiz8new--57a3072c2f83,005a87ab,005a8670,0x0,005eeddc,
wiz8--gog-1261--wiz8new--57a3072c2f83,005a8948,005a8800,0x0,005eef20,
wiz8--gog-1261--wiz8new--57a3072c2f83,005a8a65,005a8980,0x0,005eefd4,0x28
wiz8--gog-1261--wiz8new--57a3072c2f83,005a8b50,005a8b30,0x0,005eefd4,
wiz8--gog-1261--wiz8new--57a3072c2f83,005a8b5a,005a8b30,0x10,005ed660,
wiz8--gog-1261--wiz8new--57a3072c2f83,005a8cd3,005a8c90,0x0,005ed664,
wiz8--gog-1261--wiz8new--57a3072c2f83,005a8ce3,005a8c90,0x0,005eefec,
wiz8--gog-1261--wiz8new--57a3072c2f83,005a8ce9,005a8c90,0x0,005eefe4,
wiz8--gog-1261--wiz8new--57a3072c2f83,005a8e7d,005a8e60,0x0,005eefec,
wiz8--gog-1261--wiz8new--57a3072c2f83,005a8e83,005a8e60,0x4c,005eefe4,
wiz8--gog-1261--wiz8new--57a3072c2f83,005a90ad,005a9090,0x0,005ef018,
wiz8--gog-1261--wiz8new--57a3072c2f83,005a90b3,005a9090,0x4,005ed664,
wiz8--gog-1261--wiz8new--57a3072c2f83,005a90bb,005a9090,0x8,005ef014,
wiz8--gog-1261--wiz8new--57a3072c2f83,005a90cb,005a9090,0x0,005ef010,
wiz8--gog-1261--wiz8new--57a3072c2f83,005a90f2,005a9090,0x0,005ef00c,
wiz8--gog-1261--wiz8new--57a3072c2f83,005a911b,005a9090,0x0,005ef008,
wiz8--gog-1261--wiz8new--57a3072c2f83,005a9121,005a9090,0x4,005ef000,
wiz8--gog-1261--wiz8new--57a3072c2f83,005a9128,005a9090,0x8,005eeffc,
wiz8--gog-1261--wiz8new--57a3072c2f83,005a9222,005a9200,0x0,005ef008,
wiz8--gog-1261--wiz8new--57a3072c2f83,005a9228,005a9200,0x4,005ef000,
wiz8--gog-1261--wiz8new--57a3072c2f83,005a922f,005a9200,0x8,005eeffc,
wiz8--gog-1261--wiz8new--57a3072c2f83,005a92c3,005a9200,0x10,005ed660,
wiz8--gog-1261--wiz8new--57a3072c2f83,005a932c,005a9200,0x0,005eefe0,
wiz8--gog-1261--wiz8new--57a3072c2f83,005a935a,005a9200,0xc,005ef010,
wiz8--gog-1261--wiz8new--57a3072c2f83,005a93a4,005a9380,0x10,005ed660,
wiz8--gog-1261--wiz8new--57a3072c2f83,005a9488,005a9380,0x0,005ef01c,0x20
wiz8--gog-1261--wiz8new--57a3072c2f83,005a9836,005a9820,0x0,005eef68,
wiz8--gog-1261--wiz8new--57a3072c2f83,005aa879,005aa730,0x0,005eee2c,
wiz8--gog-1261--wiz8new--57a3072c2f83,005ab837,005ab810,0x9c,005ed660,
wiz8--gog-1261--wiz8new--57a3072c2f83,005ab849,005ab810,0x0,005eefa8,
wiz8--gog-1261--wiz8new--57a3072c2f83,005ab8ca,005ab810,0x10,005ed660,
wiz8--gog-1261--wiz8new--57a3072c2f83,005ab8e2,005ab810,0x0,005eefc8,
wiz8--gog-1261--wiz8new--57a3072c2f83,005ab8f5,005ab810,0x58,005eefd0,
wiz8--gog-1261--wiz8new--57a3072c2f83,005abb44,005ab810,0x0,005eee80,
wiz8--gog-1261--wiz8new--57a3072c2f83,005abb86,005ab810,0x0,005eeed0,
wiz8--gog-1261--wiz8new--57a3072c2f83,005abc7f,005ab810,0x0,005eee80,
wiz8--gog-1261--wiz8new--57a3072c2f83,005ac011,005abe60,0x0,005ef174,0x78
wiz8--gog-1261--wiz8new--57a3072c2f83,005ac053,005abe60,0x0,005ef158,0x78
wiz8--gog-1261--wiz8new--57a3072c2f83,005ac098,005abe60,0x78,005ef150,
wiz8--gog-1261--wiz8new--57a3072c2f83,005ac09f,005abe60,0x7c,005ed664,
wiz8--gog-1261--wiz8new--57a3072c2f83,005ac0a6,005abe60,0x0,005ef134,0x84
wiz8--gog-1261--wiz8new--57a3072c2f83,005ac0ac,005abe60,0x78,005ef12c,
wiz8--gog-1261--wiz8new--57a3072c2f83,005ac0b3,005abe60,0x7c,005ef124,
wiz8--gog-1261--wiz8new--57a3072c2f83,005ac0f9,005abe60,0x78,005ef150,
wiz8--gog-1261--wiz8new--57a3072c2f83,005ac100,005abe60,0x7c,005ed664,
wiz8--gog-1261--wiz8new--57a3072c2f83,005ac107,005abe60,0x0,005ef108,0xa0
wiz8--gog-1261--wiz8new--57a3072c2f83,005ac10d,005abe60,0x78,005ef100,
wiz8--gog-1261--wiz8new--57a3072c2f83,005ac114,005abe60,0x7c,005ef0f8,
wiz8--gog-1261--wiz8new--57a3072c2f83,005ac157,005abe60,0x78,005ef150,
wiz8--gog-1261--wiz8new--57a3072c2f83,005ac15e,005abe60,0x0,005ef0dc,0x7c
wiz8--gog-1261--wiz8new--57a3072c2f83,005ac164,005abe60,0x78,005ef0d4,
wiz8--gog-1261--wiz8new--57a3072c2f83,005ac1a7,005abe60,0x0,005ef0b8,0x78
wiz8--gog-1261--wiz8new--57a3072c2f83,005ac1eb,005abe60,0x78,005ed664,
wiz8--gog-1261--wiz8new--57a3072c2f83,005ac1f2,005abe60,0x7c,005ef018,
wiz8--gog-1261--wiz8new--57a3072c2f83,005ac1f9,005abe60,0x80,005ef050,
wiz8--gog-1261--wiz8new--57a3072c2f83,005ac203,005abe60,0x84,005ef014,
wiz8--gog-1261--wiz8new--57a3072c2f83,005ac22d,005abe60,0x0,005ef034,
wiz8--gog-1261--wiz8new--57a3072c2f83,005ac233,005abe60,0x78,005ef02c,
wiz8--gog-1261--wiz8new--57a3072c2f83,005ac23a,005abe60,0x7c,005ef028,
wiz8--gog-1261--wiz8new--57a3072c2f83,005ac241,005abe60,0x80,005ef024,
wiz8--gog-1261--wiz8new--57a3072c2f83,005ac24b,005abe60,0x84,005ef020,
wiz8--gog-1261--wiz8new--57a3072c2f83,005ac2b1,005abe60,0x0,005ef09c,
wiz8--gog-1261--wiz8new--57a3072c2f83,005ac2fd,005abe60,0x78,005ed664,
wiz8--gog-1261--wiz8new--57a3072c2f83,005ac304,005abe60,0x7c,005ef014,
wiz8--gog-1261--wiz8new--57a3072c2f83,005ac325,005abe60,0x88,005ef018,
wiz8--gog-1261--wiz8new--57a3072c2f83,005ac347,005abe60,0x0,005ef08c,
wiz8--gog-1261--wiz8new--57a3072c2f83,005ac3a4,005abe60,0x0,005ef09c,
wiz8--gog-1261--wiz8new--57a3072c2f83,005ac3fd,005abe60,0x0,005ef09c,
wiz8--gog-1261--wiz8new--57a3072c2f83,005ac449,005abe60,0x78,005ed664,
wiz8--gog-1261--wiz8new--57a3072c2f83,005ac450,005abe60,0x7c,005ef014,
wiz8--gog-1261--wiz8new--57a3072c2f83,005ac46b,005abe60,0x88,005ef018,
wiz8--gog-1261--wiz8new--57a3072c2f83,005ac4a1,005abe60,0x0,005ef070,
wiz8--gog-1261--wiz8new--57a3072c2f83,005ac4a7,005abe60,0x78,005ef068,
wiz8--gog-1261--wiz8new--57a3072c2f83,005ac4ae,005abe60,0x7c,005ef064,
wiz8--gog-1261--wiz8new--57a3072c2f83,005ac4b5,005abe60,0x80,005ef060,
wiz8--gog-1261--wiz8new--57a3072c2f83,005ac4bf,005abe60,0x84,005ef058,
wiz8--gog-1261--wiz8new--57a3072c2f83,005ac4c9,005abe60,0x88,005ef054,
wiz8--gog-1261--wiz8new--57a3072c2f83,005ac57f,005ac560,0x0,005eefa8,
wiz8--gog-1261--wiz8new--57a3072c2f83,005ac641,005ac560,0x58,005eefd0,
wiz8--gog-1261--wiz8new--57a3072c2f83,005ac6bf,005ac6a0,0x0,005eefa8,
wiz8--gog-1261--wiz8new--57a3072c2f83,005ac781,005ac6a0,0x58,005eefd0,
wiz8--gog-1261--wiz8new--57a3072c2f83,005ac7ff,005ac7e0,0x0,005eefa8,
wiz8--gog-1261--wiz8new--57a3072c2f83,005ac8c1,005ac7e0,0x58,005eefd0,
wiz8--gog-1261--wiz8new--57a3072c2f83,005ac93f,005ac920,0x0,005eefa8,
wiz8--gog-1261--wiz8new--57a3072c2f83,005aca01,005ac920,0x58,005eefd0,
wiz8--gog-1261--wiz8new--57a3072c2f83,005aca7f,005aca60,0x0,005eefa8,
wiz8--gog-1261--wiz8new--57a3072c2f83,005acb41,005aca60,0x58,005eefd0,
wiz8--gog-1261--wiz8new--57a3072c2f83,005acbbf,005acba0,0x0,005eefa8,
wiz8--gog-1261--wiz8new--57a3072c2f83,005acc81,005acba0,0x58,005eefd0,
wiz8--gog-1261--wiz8new--57a3072c2f83,005accff,005acce0,0x0,005eefa8,
wiz8--gog-1261--wiz8new--57a3072c2f83,005acdc1,005acce0,0x58,005eefd0,
wiz8--gog-1261--wiz8new--57a3072c2f83,005ace46,005ace20,0xb0,005ed660,
wiz8--gog-1261--wiz8new--57a3072c2f83,005ace6e,005ace20,0x0,005eefa8,
wiz8--gog-1261--wiz8new--57a3072c2f83,005acf0f,005ace20,0x0,005eefd0,
wiz8--gog-1261--wiz8new--57a3072c2f83,005acf44,005ace20,0x0,005eefd0,
wiz8--gog-1261--wiz8new--57a3072c2f83,005acf64,005ace20,0x0,005eefc8,
wiz8--gog-1261--wiz8new--57a3072c2f83,005acf84,005ace20,0x0,005eefe0,
wiz8--gog-1261--wiz8new--57a3072c2f83,005acfa4,005ace20,0x0,005ef010,
wiz8--gog-1261--wiz8new--57a3072c2f83,005acfcb,005acfc0,0x0,005ef190,
wiz8--gog-1261--wiz8new--57a3072c2f83,005acff8,005acfc0,0x0,005ef08c,
wiz8--gog-1261--wiz8new--57a3072c2f83,005ad008,005acfc0,0x0,005ef08c,
wiz8--gog-1261--wiz8new--57a3072c2f83,005ad047,005ad040,0x0,005eefd0,
wiz8--gog-1261--wiz8new--57a3072c2f83,005ad097,005ad090,0x0,005eefc8,
wiz8--gog-1261--wiz8new--57a3072c2f83,005ad0e7,005ad0e0,0x0,005eefe0,
wiz8--gog-1261--wiz8new--57a3072c2f83,005ad137,005ad130,0x0,005ef010,
wiz8--gog-1261--wiz8new--57a3072c2f83,005ad187,005ad180,0x0,005ef190,
wiz8--gog-1261--wiz8new--57a3072c2f83,005ad1db,005ad1d0,0x0,005eefe0,
wiz8--gog-1261--wiz8new--57a3072c2f83,005ad22b,005ad220,0x0,005ef190,
wiz8--gog-1261--wiz8new--57a3072c2f83,005af6e1,005aefc0,0x0,005ef1d8,
wiz8--gog-1261--wiz8new--57a3072c2f83,005af998,005af990,0x0,005ef1d8,
wiz8--gog-1261--wiz8new--57a3072c2f83,005afdd3,005afd90,0x4c,005ef218,
wiz8--gog-1261--wiz8new--57a3072c2f83,005afdfc,005afd90,0x4c,005ef214,
wiz8--gog-1261--wiz8new--57a3072c2f83,005afe06,005afd90,0x0,005ef1e4,
wiz8--gog-1261--wiz8new--57a3072c2f83,005afe5e,005afe40,0x0,005ef1e4,
wiz8--gog-1261--wiz8new--57a3072c2f83,005afec5,005afe40,0x4c,005ef218,
wiz8--gog-1261--wiz8new--57a3072c2f83,005b004a,005affc0,0x4,005ed664,
wiz8--gog-1261--wiz8new--57a3072c2f83,005b007c,005affc0,0x0,005ef224,
wiz8--gog-1261--wiz8new--57a3072c2f83,005b0083,005affc0,0x4,005ef21c,
wiz8--gog-1261--wiz8new--57a3072c2f83,005b185a,005b1750,0x0,005ef224,
wiz8--gog-1261--wiz8new--57a3072c2f83,005b1860,005b1750,0x4,005ef21c,
wiz8--gog-1261--wiz8new--57a3072c2f83,005b1b74,005b1750,0x0,005ef218,
wiz8--gog-1261--wiz8new--57a3072c2f83,005b1b97,005b1b90,0x0,005ef218,
wiz8--gog-1261--wiz8new--57a3072c2f83,005b3192,005b3150,0x0,005ed664,
wiz8--gog-1261--wiz8new--57a3072c2f83,005b31a3,005b3150,0x0,005ef278,
wiz8--gog-1261--wiz8new--57a3072c2f83,005b31a9,005b3150,0x0,005ef270,
wiz8--gog-1261--wiz8new--57a3072c2f83,005b70be,005b6f30,0x0,005ef298,
wiz8--gog-1261--wiz8new--57a3072c2f83,005b9b5b,005b98c0,0x0,005ef2b0,
wiz8--gog-1261--wiz8new--57a3072c2f83,005bc18e,005bc130,0x0,005ef310,0x10
wiz8--gog-1261--wiz8new--57a3072c2f83,005bc7d7,005bc7d0,0x0,005ef310,
wiz8--gog-1261--wiz8new--57a3072c2f83,005bd570,005bd530,0x0,005ed664,
wiz8--gog-1261--wiz8new--57a3072c2f83,005bd57d,005bd530,0x0,005ef340,
wiz8--gog-1261--wiz8new--57a3072c2f83,005bd583,005bd530,0x0,005ef338,
wiz8--gog-1261--wiz8new--57a3072c2f83,005bd80d,005bd7f0,0x0,005ef340,
wiz8--gog-1261--wiz8new--57a3072c2f83,005bd813,005bd7f0,0x4c,005ef338,
wiz8--gog-1261--wiz8new--57a3072c2f83,005bde9e,005bde40,0x0,005ee8a0,0x10
wiz8--gog-1261--wiz8new--57a3072c2f83,005be30e,005be270,0x10,005ec168,
wiz8--gog-1261--wiz8new--57a3072c2f83,005be31e,005be270,0x0,005ef360,
wiz8--gog-1261--wiz8new--57a3072c2f83,005be96d,005be950,0x0,005ef364,
wiz8--gog-1261--wiz8new--57a3072c2f83,005bebe7,005bebc0,0x4c,005ef018,
wiz8--gog-1261--wiz8new--57a3072c2f83,005bebf0,005bebc0,0x50,005eeb48,
wiz8--gog-1261--wiz8new--57a3072c2f83,005bebfe,005bebc0,0x54,005ef3d8,
wiz8--gog-1261--wiz8new--57a3072c2f83,005bec1f,005bebc0,0x0,005ef3c8,
wiz8--gog-1261--wiz8new--57a3072c2f83,005bec25,005bebc0,0x4c,005ef3c4,
wiz8--gog-1261--wiz8new--57a3072c2f83,005bec2c,005bebc0,0x50,005ef3c0,
wiz8--gog-1261--wiz8new--57a3072c2f83,005bec33,005bebc0,0x54,005ef3b4,
wiz8--gog-1261--wiz8new--57a3072c2f83,005beca1,005bebc0,0x0,005ef364,
wiz8--gog-1261--wiz8new--57a3072c2f83,005bee0d,005bedf0,0x0,005ef3c8,
wiz8--gog-1261--wiz8new--57a3072c2f83,005bee13,005bedf0,0x4c,005ef3c4,
wiz8--gog-1261--wiz8new--57a3072c2f83,005bee1a,005bedf0,0x50,005ef3c0,
wiz8--gog-1261--wiz8new--57a3072c2f83,005bee21,005bedf0,0x54,005ef3b4,
wiz8--gog-1261--wiz8new--57a3072c2f83,005bf1a5,005bf120,0x0,005ef3e4,
wiz8--gog-1261--wiz8new--57a3072c2f83,005bf23d,005bf220,0x0,005ef3e4,
wiz8--gog-1261--wiz8new--57a3072c2f83,005bf555,005bf280,0x0,005ef018,
wiz8--gog-1261--wiz8new--57a3072c2f83,005bf56c,005bf280,0x0,005ef438,
wiz8--gog-1261--wiz8new--57a3072c2f83,005bf572,005bf280,0x0,005ef434,
wiz8--gog-1261--wiz8new--57a3072c2f83,005bf65d,005bf640,0x0,005ef438,
wiz8--gog-1261--wiz8new--57a3072c2f83,005bf663,005bf640,0x4c,005ef434,
wiz8--gog-1261--wiz8new--57a3072c2f83,005bf67b,005bf640,0x60,005ed660,
wiz8--gog-1261--wiz8new--57a3072c2f83,005bf6f9,005bf6d0,0x4c,005ed664,
wiz8--gog-1261--wiz8new--57a3072c2f83,005bf70b,005bf6d0,0x0,005ef450,
wiz8--gog-1261--wiz8new--57a3072c2f83,005bf711,005bf6d0,0x4c,005ef448,
wiz8--gog-1261--wiz8new--57a3072c2f83,005bf7fd,005bf7e0,0x0,005ef450,
wiz8--gog-1261--wiz8new--57a3072c2f83,005bf803,005bf7e0,0x4c,005ef448,
wiz8--gog-1261--wiz8new--57a3072c2f83,005bff40,005bff20,0x0,005ef464,
wiz8--gog-1261--wiz8new--57a3072c2f83,005bff46,005bff20,0x34,005ef460,
wiz8--gog-1261--wiz8new--57a3072c2f83,005c021b,005c01d0,0x7c,005eefd0,
wiz8--gog-1261--wiz8new--57a3072c2f83,005c024c,005c01d0,0x7c,005eefcc,
wiz8--gog-1261--wiz8new--57a3072c2f83,005c025f,005c01d0,0x0,005ef4ac,
wiz8--gog-1261--wiz8new--57a3072c2f83,005c049e,005c0480,0x0,005ef4ac,
wiz8--gog-1261--wiz8new--57a3072c2f83,005c051c,005c0480,0x7c,005eefd0,
wiz8--gog-1261--wiz8new--57a3072c2f83,005c052c,005c0480,0x60,005ed660,
wiz8--gog-1261--wiz8new--57a3072c2f83,005c0e25,005c0e20,0x0,005ef4bc,
wiz8--gog-1261--wiz8new--57a3072c2f83,005c103e,005c0f30,0x0,005ef4e0,
wiz8--gog-1261--wiz8new--57a3072c2f83,005c1311,005c0f30,0x34,005eeb48,
wiz8--gog-1261--wiz8new--57a3072c2f83,005c132b,005c0f30,0x0,005ef464,
wiz8--gog-1261--wiz8new--57a3072c2f83,005c1331,005c0f30,0x34,005ef460,
wiz8--gog-1261--wiz8new--57a3072c2f83,005c1580,005c1560,0x0,005ef4e0,
wiz8--gog-1261--wiz8new--57a3072c2f83,005c1598,005c1590,0x0,005ef4cc,
wiz8--gog-1261--wiz8new--57a3072c2f83,005c159e,005c1590,0x4,005ef4c8,
wiz8--gog-1261--wiz8new--57a3072c2f83,005c15a5,005c1590,0x8,005ef4c0,
wiz8--gog-1261--wiz8new--57a3072c2f83,005c2e7d,005c2de0,0x0,005ef4f0,0x24
wiz8--gog-1261--wiz8new--57a3072c2f83,005c2e8a,005c2de0,0x10,005ec168,
wiz8--gog-1261--wiz8new--57a3072c2f83,005c2f52,005c2de0,0x4,005ef4dc,
wiz8--gog-1261--wiz8new--57a3072c2f83,005c2f59,005c2de0,0x8,005ef4d4,
wiz8--gog-1261--wiz8new--57a3072c2f83,005c2f69,005c2de0,0x0,005ef4cc,0x70
wiz8--gog-1261--wiz8new--57a3072c2f83,005c2f6f,005c2de0,0x4,005ef4c8,
wiz8--gog-1261--wiz8new--57a3072c2f83,005c2f76,005c2de0,0x8,005ef4c0,
wiz8--gog-1261--wiz8new--57a3072c2f83,005c34b4,005c2de0,0x0,005ef360,
wiz8--gog-1261--wiz8new--57a3072c2f83,005c3747,005c3740,0x0,005ef360,
wiz8--gog-1261--wiz8new--57a3072c2f83,005c37bb,005c37b0,0x0,005ef360,
wiz8--gog-1261--wiz8new--57a3072c2f83,005c444b,005c4430,0x0,005ef530,
wiz8--gog-1261--wiz8new--57a3072c2f83,005c44c6,005c44c0,0x0,005ef530,
wiz8--gog-1261--wiz8new--57a3072c2f83,005c4569,005c4540,0x0,005ed664,
wiz8--gog-1261--wiz8new--57a3072c2f83,005c457c,005c4540,0x0,005ef53c,
wiz8--gog-1261--wiz8new--57a3072c2f83,005c4582,005c4540,0x0,005ef534,
wiz8--gog-1261--wiz8new--57a3072c2f83,005c47bd,005c47a0,0x0,005ef53c,
wiz8--gog-1261--wiz8new--57a3072c2f83,005c47c3,005c47a0,0x4c,005ef534,
wiz8--gog-1261--wiz8new--57a3072c2f83,005c7432,005c73f0,0x70,005ef018,
wiz8--gog-1261--wiz8new--57a3072c2f83,005c7444,005c73f0,0x74,005ed664,
wiz8--gog-1261--wiz8new--57a3072c2f83,005c747e,005c73f0,0x0,005ef57c,
wiz8--gog-1261--wiz8new--57a3072c2f83,005c7484,005c73f0,0x70,005ef578,
wiz8--gog-1261--wiz8new--57a3072c2f83,005c748b,005c73f0,0x74,005ef570,
wiz8--gog-1261--wiz8new--57a3072c2f83,005c74fd,005c74e0,0x0,005ef57c,
wiz8--gog-1261--wiz8new--57a3072c2f83,005c7503,005c74e0,0x70,005ef578,
wiz8--gog-1261--wiz8new--57a3072c2f83,005c750a,005c74e0,0x74,005ef570,
wiz8--gog-1261--wiz8new--57a3072c2f83,005c752b,005c74e0,0xc0,005ed660,
wiz8--gog-1261--wiz8new--57a3072c2f83,005c7541,005c74e0,0x9c,005ed660,
wiz8--gog-1261--wiz8new--57a3072c2f83,005c7cfd,005c7cc0,0x70,005ef5f8,
wiz8--gog-1261--wiz8new--57a3072c2f83,005c7d04,005c7cc0,0x0,005ef5c8,0x78
wiz8--gog-1261--wiz8new--57a3072c2f83,005c7d0a,005c7cc0,0x70,005ef5c0,
wiz8--gog-1261--wiz8new--57a3072c2f83,005c7d60,005c7d40,0x0,005ef5c8,
wiz8--gog-1261--wiz8new--57a3072c2f83,005c7d66,005c7d40,0x70,005ef5c0,
wiz8--gog-1261--wiz8new--57a3072c2f83,005c7dbe,005c7da0,0x0,005ef614,
wiz8--gog-1261--wiz8new--57a3072c2f83,005c7dc4,005c7da0,0x34,005ef610,
wiz8--gog-1261--wiz8new--57a3072c2f83,005c838d,005c8370,0x0,005ef664,
wiz8--gog-1261--wiz8new--57a3072c2f83,005c8393,005c8370,0x70,005ef65c,
wiz8--gog-1261--wiz8new--57a3072c2f83,005c8492,005c83d0,0x34,005eeb48,
wiz8--gog-1261--wiz8new--57a3072c2f83,005c84bd,005c83d0,0x0,005ef614,
wiz8--gog-1261--wiz8new--57a3072c2f83,005c84c3,005c83d0,0x34,005ef610,
wiz8--gog-1261--wiz8new--57a3072c2f83,005c8e33,005c8de0,0x70,005ef694,
wiz8--gog-1261--wiz8new--57a3072c2f83,005c8e49,005c8de0,0x0,005ef664,
wiz8--gog-1261--wiz8new--57a3072c2f83,005c8e4f,005c8de0,0x70,005ef65c,
wiz8--gog-1261--wiz8new--57a3072c2f83,005c8ec5,005c8e70,0x0,005ef6b0,
wiz8--gog-1261--wiz8new--57a3072c2f83,005c8f7d,005c8f60,0x0,005ef6b0,
wiz8--gog-1261--wiz8new--57a3072c2f83,005c90cc,005c9060,0x0,005ef700,
wiz8--gog-1261--wiz8new--57a3072c2f83,005c91dd,005c91c0,0x0,005ef700,
wiz8--gog-1261--wiz8new--57a3072c2f83,005c9aff,005c9ae0,0x0,005ef778,
wiz8--gog-1261--wiz8new--57a3072c2f83,005c9b05,005c9ae0,0x70,005ef768,
wiz8--gog-1261--wiz8new--57a3072c2f83,005c9b0c,005c9ae0,0x74,005ef760,
wiz8--gog-1261--wiz8new--57a3072c2f83,005c9b13,005c9ae0,0x78,005ef758,
wiz8--gog-1261--wiz8new--57a3072c2f83,005c9b2e,005c9ae0,0x0,005ef750,
wiz8--gog-1261--wiz8new--57a3072c2f83,005c9b97,005c9ae0,0x0,005ef750,
wiz8--gog-1261--wiz8new--57a3072c2f83,005c9c00,005c9ae0,0x0,005ef750,
wiz8--gog-1261--wiz8new--57a3072c2f83,005c9cc5,005c9c80,0x0,005ef750,0x34
wiz8--gog-1261--wiz8new--57a3072c2f83,005c9cff,005c9c80,0x0,005ef750,
wiz8--gog-1261--wiz8new--57a3072c2f83,005c9d39,005c9c80,0x0,005ef750,
wiz8--gog-1261--wiz8new--57a3072c2f83,005cbad1,005cba90,0x70,005ef7a8,
wiz8--gog-1261--wiz8new--57a3072c2f83,005cbad8,005cba90,0x74,005ef5f8,
wiz8--gog-1261--wiz8new--57a3072c2f83,005cbadf,005cba90,0x78,005ed664,
wiz8--gog-1261--wiz8new--57a3072c2f83,005cbaf6,005cba90,0x0,005ef778,
wiz8--gog-1261--wiz8new--57a3072c2f83,005cbafc,005cba90,0x70,005ef768,
wiz8--gog-1261--wiz8new--57a3072c2f83,005cbb03,005cba90,0x74,005ef760,
wiz8--gog-1261--wiz8new--57a3072c2f83,005cbb0a,005cba90,0x78,005ef758,
wiz8--gog-1261--wiz8new--57a3072c2f83,005cbb6d,005cbb40,0x54,005ee9fc,
wiz8--gog-1261--wiz8new--57a3072c2f83,005cbb9a,005cbb40,0x64,005ed43c,
wiz8--gog-1261--wiz8new--57a3072c2f83,005cbbbe,005cbb40,0x0,005ef7c8,
wiz8--gog-1261--wiz8new--57a3072c2f83,005cbcfd,005cbce0,0x0,005ef7c8,
wiz8--gog-1261--wiz8new--57a3072c2f83,005cbd2a,005cbce0,0x64,005ed43c,
wiz8--gog-1261--wiz8new--57a3072c2f83,005cbd3a,005cbce0,0x54,005ee9fc,
wiz8--gog-1261--wiz8new--57a3072c2f83,005cd6c4,005cd2b0,0x0,005ee9fc,
wiz8--gog-1261--wiz8new--57a3072c2f83,005cd6e4,005cd2b0,0x0,005ed43c,
wiz8--gog-1261--wiz8new--57a3072c2f83,005cd73c,005cd710,0x54,005ec160,
wiz8--gog-1261--wiz8new--57a3072c2f83,005cd762,005cd710,0x54,005ec15c,
wiz8--gog-1261--wiz8new--57a3072c2f83,005cd76f,005cd710,0x64,005ec51c,
wiz8--gog-1261--wiz8new--57a3072c2f83,005cd792,005cd710,0x0,005ef810,
wiz8--gog-1261--wiz8new--57a3072c2f83,005cd83f,005cd820,0x0,005ef810,
wiz8--gog-1261--wiz8new--57a3072c2f83,005cd88c,005cd820,0x64,005ec51c,
wiz8--gog-1261--wiz8new--57a3072c2f83,005cd89c,005cd820,0x54,005ec160,
wiz8--gog-1261--wiz8new--57a3072c2f83,005d109c,005d1050,0x0,005ef894,
wiz8--gog-1261--wiz8new--57a3072c2f83,005d14f0,005d14d0,0x1c,005ef89c,
wiz8--gog-1261--wiz8new--57a3072c2f83,005d1517,005d14d0,0x1c,005ef898,
wiz8--gog-1261--wiz8new--57a3072c2f83,005d1524,005d14d0,0x2c,005ef89c,
wiz8--gog-1261--wiz8new--57a3072c2f83,005d154d,005d14d0,0x2c,005ef898,
wiz8--gog-1261--wiz8new--57a3072c2f83,005d2567,005d2560,0x0,005ef89c,
wiz8--gog-1261--wiz8new--57a3072c2f83,005d25d0,005d25b0,0x0,005ef8b0,
wiz8--gog-1261--wiz8new--57a3072c2f83,005d262d,005d2610,0x0,005ef8b0,
wiz8--gog-1261--wiz8new--57a3072c2f83,005d5e97,005d5e30,0x0,005ef910,
wiz8--gog-1261--wiz8new--57a3072c2f83,005d5f1e,005d5f00,0x0,005ef910,
wiz8--gog-1261--wiz8new--57a3072c2f83,005d7007,005d6fb0,0x0,005ef988,
wiz8--gog-1261--wiz8new--57a3072c2f83,005d70b0,005d7090,0x0,005ef988,
wiz8--gog-1261--wiz8new--57a3072c2f83,005d9803,005d97d0,0x0,005ef9f0,
wiz8--gog-1261--wiz8new--57a3072c2f83,005d98c3,005d9890,0x0,005ef9f0,
wiz8--gog-1261--wiz8new--57a3072c2f83,005d994f,005d9930,0x0,005ef9f0,
wiz8--gog-1261--wiz8new--57a3072c2f83,005da6eb,005da6b0,0x0,005efa4c,
wiz8--gog-1261--wiz8new--57a3072c2f83,005da87d,005da860,0x0,005efa4c,
wiz8--gog-1261--wiz8new--57a3072c2f83,005db219,005db210,0x0,005efa98,
wiz8--gog-1261--wiz8new--57a3072c2f83,005db269,005db260,0x0,005efa98,
wiz8--gog-1261--wiz8new--57a3072c2f83,005dbbe8,005dbb60,0x0,005efab0,
wiz8--gog-1261--wiz8new--57a3072c2f83,005dbc6e,005dbc50,0x0,005efab0,
wiz8--gog-1261--wiz8new--57a3072c2f83,005dc7ab,005dbee0,0x0,005efaf8,
wiz8--gog-1261--wiz8new--57a3072c2f83,005dc818,005dc810,0x0,005efaf8,
wiz8--gog-1261--wiz8new--57a3072c2f83,005dc868,005dc860,0x0,005efaf8,
wiz8--gog-1261--wiz8new--57a3072c2f83,005dcf06,005dced0,0x0,005efb78,
wiz8--gog-1261--wiz8new--57a3072c2f83,005dd04f,005dd030,0x0,005efb78,
wiz8--gog-1261--wiz8new--57a3072c2f83,005deb53,005deaf0,0x0,005efbc0,
wiz8--gog-1261--wiz8new--57a3072c2f83,005debce,005debb0,0x0,005efbc0,
wiz8--gog-1261--wiz8new--57a3072c2f83,005df102,005df0d0,0x0,005efbfc,
wiz8--gog-1261--wiz8new--57a3072c2f83,005df1de,005df1c0,0x0,005efbc0,
wiz8--gog-1261--wiz8new--57a3072c2f83,005df5a2,005df570,0x0,005efc38,
wiz8--gog-1261--wiz8new--57a3072c2f83,005df67e,005df660,0x0,005efbc0,
wiz8--gog-1261--wiz8new--57a3072c2f83,005df8e0,005df880,0x0,005efc88,
wiz8--gog-1261--wiz8new--57a3072c2f83,005df95e,005df940,0x0,005efc88,
wiz8--gog-1261--wiz8new--57a3072c2f83,005dfca2,005dfc70,0x0,005efcc8,
wiz8--gog-1261--wiz8new--57a3072c2f83,005dfd3e,005dfd20,0x0,005efc88,
wiz8--gog-1261--wiz8new--57a3072c2f83,005dfe72,005dfdb0,0x0,005efd08,
wiz8--gog-1261--wiz8new--57a3072c2f83,005dff2e,005dff10,0x0,005efc88,
wiz8--gog-1261--wiz8new--57a3072c2f83,005e01b2,005e0180,0x0,005efd48,
wiz8--gog-1261--wiz8new--57a3072c2f83,005e024e,005e0230,0x0,005efc88,
wiz8--gog-1261--wiz8new--57a3072c2f83,005e034b,005e0320,0x19b2,005ebfe0,
wiz8--gog-1261--wiz8new--57a3072c2f83,005e038d,005e0320,0x0,005efdc0,
wiz8--gog-1261--wiz8new--57a3072c2f83,005e042d,005e0410,0x0,005efdc0,
wiz8--gog-1261--wiz8new--57a3072c2f83,005e04ad,005e0410,0x19b2,005ebfe0,
wiz8--gog-1261--wiz8new--57a3072c2f83,005e381c,005e3800,0x24,005ebfe0,
wiz8--gog-1261--wiz8new--57a3072c2f83,005e3a80,005e3800,0x24,005ebfe0,
wiz8--gog-base--wiz8--18a74ff61c65,00421896,00421850,0x0,005ebcfc,
wiz8--gog-base--wiz8--18a74ff61c65,004218d0,004218b0,0x0,005ebcfc,
wiz8--gog-base--wiz8--18a74ff61c65,0042354f,00423500,0x0,005ebe7c,0x14
wiz8--gog-base--wiz8--18a74ff61c65,0042359b,00423500,0x0,005ebe48,
wiz8--gog-base--wiz8--18a74ff61c65,00423612,00423500,0x0,005ebe48,
wiz8--gog-base--wiz8--18a74ff61c65,00423688,00423500,0x0,005ebe48,
wiz8--gog-base--wiz8--18a74ff61c65,00423700,00423500,0x0,005ebe48,
wiz8--gog-base--wiz8--18a74ff61c65,00423776,00423500,0x0,005ebe48,
wiz8--gog-base--wiz8--18a74ff61c65,004237ec,00423500,0x0,005ebe48,
wiz8--gog-base--wiz8--18a74ff61c65,00423864,00423500,0x0,005ebe48,
wiz8--gog-base--wiz8--18a74ff61c65,004238da,00423500,0x0,005ebe48,
wiz8--gog-base--wiz8--18a74ff61c65,00423950,00423500,0x0,005ebe14,
wiz8--gog-base--wiz8--18a74ff61c65,00423a4f,00423500,0x0,005ebe14,
wiz8--gog-base--wiz8--18a74ff61c65,00423b62,00423500,0x0,005ebde0,
wiz8--gog-base--wiz8--18a74ff61c65,00423cef,00423500,0x0,005ebd10,
wiz8--gog-base--wiz8--18a74ff61c65,004240b7,00424040,0x0,005ebd10,0x5c
wiz8--gog-base--wiz8--18a74ff61c65,00424130,00424040,0x0,005ebd10,0x5c
wiz8--gog-base--wiz8--18a74ff61c65,004241a6,00424040,0x0,005ebd10,0x5c
wiz8--gog-base--wiz8--18a74ff61c65,004243f8,00424280,0x0,005ebd10,
wiz8--gog-base--wiz8--18a74ff61c65,00424625,00424560,0x0,005ebd10,0x5c
wiz8--gog-base--wiz8--18a74ff61c65,004247f9,00424790,0x0,005ebe98,
wiz8--gog-base--wiz8--18a74ff61c65,004248b0,00424790,0x0,005ebde0,
wiz8--gog-base--wiz8--18a74ff61c65,00424ad2,00424a90,0x0,005ebeec,0x5c
wiz8--gog-base--wiz8--18a74ff61c65,00424f02,00424eb0,0x0,005ebe98,
wiz8--gog-base--wiz8--18a74ff61c65,00425026,00424eb0,0x0,005ebeec,
wiz8--gog-base--wiz8--18a74ff61c65,00425209,00425190,0x0,005ebe98,
wiz8--gog-base--wiz8--18a74ff61c65,00428605,004285c0,0x0,005ebe48,0x190
wiz8--gog-base--wiz8--18a74ff61c65,00428ffd,00428e60,0x0,005ebd10,
wiz8--gog-base--wiz8--18a74ff61c65,00429025,00428e60,0x0,005ebd10,
wiz8--gog-base--wiz8--18a74ff61c65,00429096,00428e60,0x0,005ebeec,0x5c
wiz8--gog-base--wiz8--18a74ff61c65,004292d4,00429290,0x0,005ebd10,0x5c
wiz8--gog-base--wiz8--18a74ff61c65,00429d9b,00429d70,0x0,005ebf94,
wiz8--gog-base--wiz8--18a74ff61c65,00429de5,00429d70,0x0,005ebf68,
wiz8--gog-base--wiz8--18a74ff61c65,00429f20,00429f00,0x0,005ebf68,
wiz8--gog-base--wiz8--18a74ff61c65,00429f9f,00429f00,0x0,005ebf94,
wiz8--gog-base--wiz8--18a74ff61c65,0042a1be,0042a1a0,0x0,005ebf94,
wiz8--gog-base--wiz8--18a74ff61c65,0042a26b,0042a260,0x0,005ebfb8,
wiz8--gog-base--wiz8--18a74ff61c65,0042a298,0042a260,0x0,005ebfb4,
wiz8--gog-base--wiz8--18a74ff61c65,0042a2a8,0042a260,0x0,005ebfb4,
wiz8--gog-base--wiz8--18a74ff61c65,0042a2e7,0042a2e0,0x0,005ebfb8,
wiz8--gog-base--wiz8--18a74ff61c65,0042a360,0042a310,0x0,005ebfd0,
wiz8--gog-base--wiz8--18a74ff61c65,0042b898,0042b830,0x0,005ebfd0,
wiz8--gog-base--wiz8--18a74ff61c65,0042baca,0042bac0,0x17e,005ebfec,
wiz8--gog-base--wiz8--18a74ff61c65,0042bae0,0042bac0,0x110,005ebfe8,
wiz8--gog-base--wiz8--18a74ff61c65,0042baf6,0042bac0,0x100,005ebfe4,
wiz8--gog-base--wiz8--18a74ff61c65,0042bb0c,0042bac0,0xf0,005ebfe0,
wiz8--gog-base--wiz8--18a74ff61c65,0042bb22,0042bac0,0xe0,005ebfe0,
wiz8--gog-base--wiz8--18a74ff61c65,0042bb47,0042bb40,0x0,005ebfec,
wiz8--gog-base--wiz8--18a74ff61c65,0042bb77,0042bb70,0x0,005ebfe0,
wiz8--gog-base--wiz8--18a74ff61c65,0042bba7,0042bba0,0x0,005ebfe4,
wiz8--gog-base--wiz8--18a74ff61c65,0042bbd7,0042bbd0,0x0,005ebfe8,
wiz8--gog-base--wiz8--18a74ff61c65,00431e54,00431e10,0x34,005ec018,
wiz8--gog-base--wiz8--18a74ff61c65,00431e67,00431e10,0x18,005ebfe0,
wiz8--gog-base--wiz8--18a74ff61c65,004326d6,00431e10,0x18,005ebfe0,
wiz8--gog-base--wiz8--18a74ff61c65,004326e8,00431e10,0x3c,005ec004,
wiz8--gog-base--wiz8--18a74ff61c65,00438c54,00438c00,0x0,005ebfe0,
wiz8--gog-base--wiz8--18a74ff61c65,00438c74,00438c00,0x0,005ec004,
wiz8--gog-base--wiz8--18a74ff61c65,00438f47,00438f40,0x0,005ec004,
wiz8--gog-base--wiz8--18a74ff61c65,004390fb,004390f0,0x0,005ec004,
wiz8--gog-base--wiz8--18a74ff61c65,0043956e,004393e0,0x0,005ec0a4,
wiz8--gog-base--wiz8--18a74ff61c65,004395d4,004393e0,0x0,005ec078,
wiz8--gog-base--wiz8--18a74ff61c65,00439756,00439750,0x0,005ec0a4,
wiz8--gog-base--wiz8--18a74ff61c65,0043980e,004397d0,0x0,005ec0a4,
wiz8--gog-base--wiz8--18a74ff61c65,00439863,004397d0,0x0,005ec078,0x868
wiz8--gog-base--wiz8--18a74ff61c65,00439a06,00439a00,0x0,005ec0a4,
wiz8--gog-base--wiz8--18a74ff61c65,0043a4f3,0043a4e0,0x0,005ebcfc,
wiz8--gog-base--wiz8--18a74ff61c65,0043a51e,0043a4e0,0x0,005ebcfc,
wiz8--gog-base--wiz8--18a74ff61c65,0043a918,0043a910,0x0,005ec0ac,
wiz8--gog-base--wiz8--18a74ff61c65,0043ac66,0043ac60,0x0,005ec0a4,
wiz8--gog-base--wiz8--18a74ff61c65,0043ba35,0043ba10,0x0,005ec104,
wiz8--gog-base--wiz8--18a74ff61c65,0043bb88,0043ba10,0x0,005ec0e4,
wiz8--gog-base--wiz8--18a74ff61c65,0043bcbf,0043bca0,0x0,005ec0e4,
wiz8--gog-base--wiz8--18a74ff61c65,0043bdee,0043bca0,0x0,005ec104,
wiz8--gog-base--wiz8--18a74ff61c65,0043c2fe,0043be60,0x0,005ec134,0x98
wiz8--gog-base--wiz8--18a74ff61c65,0043c5d8,0043be60,0x0,005ec12c,0x38
wiz8--gog-base--wiz8--18a74ff61c65,0043c7f8,0043be60,0x0,005ec138,
wiz8--gog-base--wiz8--18a74ff61c65,0043da5f,0043d940,0x0,005ec12c,0x38
wiz8--gog-base--wiz8--18a74ff61c65,0043deed,0043d940,0x0,005ec148,0xc
wiz8--gog-base--wiz8--18a74ff61c65,0043e0ad,0043d940,0x0,005ec12c,0x38
wiz8--gog-base--wiz8--18a74ff61c65,0043f21a,0043d940,0x0,005ec140,
wiz8--gog-base--wiz8--18a74ff61c65,0043f78c,0043d940,0x0,005ec12c,0x38
wiz8--gog-base--wiz8--18a74ff61c65,0043faa4,0043d940,0x0,005ec12c,0x38
wiz8--gog-base--wiz8--18a74ff61c65,0043fc29,0043d940,0x0,005ec12c,0x38
wiz8--gog-base--wiz8--18a74ff61c65,004403e8,0043d940,0x0,005ec12c,0x38
wiz8--gog-base--wiz8--18a74ff61c65,004409a0,00440980,0x0,005ec12c,
wiz8--gog-base--wiz8--18a74ff61c65,004417f0,004417c0,0x0,005ec134,0x98
wiz8--gog-base--wiz8--18a74ff61c65,004421a6,004417c0,0x0,005ec158,0xc
wiz8--gog-base--wiz8--18a74ff61c65,00443608,004417c0,0x0,005ec12c,
wiz8--gog-base--wiz8--18a74ff61c65,00443758,00443750,0x0,005ec158,
wiz8--gog-base--wiz8--18a74ff61c65,00443769,00443750,0x0,005ec138,
wiz8--gog-base--wiz8--18a74ff61c65,00444fcc,00444f70,0x0,005ec140,
wiz8--gog-base--wiz8--18a74ff61c65,0044551f,00445500,0x1c,005ec160,
wiz8--gog-base--wiz8--18a74ff61c65,00445548,00445500,0x18,005ec15c,
wiz8--gog-base--wiz8--18a74ff61c65,00445640,00445500,0x18,005ec160,
wiz8--gog-base--wiz8--18a74ff61c65,0044564a,00445500,0x18,005ec160,
wiz8--gog-base--wiz8--18a74ff61c65,00445e1e,00445e00,0x0,005ec104,
wiz8--gog-base--wiz8--18a74ff61c65,00445ee0,00445ec0,0x0,005ec138,
wiz8--gog-base--wiz8--18a74ff61c65,00445ffb,00445ff0,0x0,005ec168,
wiz8--gog-base--wiz8--18a74ff61c65,00446028,00445ff0,0x0,005ec164,
wiz8--gog-base--wiz8--18a74ff61c65,00446038,00445ff0,0x0,005ec164,
wiz8--gog-base--wiz8--18a74ff61c65,00446054,00445ff0,0x0,005ec168,
wiz8--gog-base--wiz8--18a74ff61c65,00446074,00445ff0,0x0,005ec160,
wiz8--gog-base--wiz8--18a74ff61c65,0044609b,00446090,0x0,005ec170,
wiz8--gog-base--wiz8--18a74ff61c65,004460c8,00446090,0x0,005ec16c,
wiz8--gog-base--wiz8--18a74ff61c65,004460d8,00446090,0x0,005ec16c,
wiz8--gog-base--wiz8--18a74ff61c65,004460f4,00446090,0x0,005ec170,
wiz8--gog-base--wiz8--18a74ff61c65,00446137,00446130,0x0,005ec0e0,
wiz8--gog-base--wiz8--18a74ff61c65,00446167,00446160,0x0,005ec168,
wiz8--gog-base--wiz8--18a74ff61c65,004461b7,004461b0,0x0,005ec160,
wiz8--gog-base--wiz8--18a74ff61c65,00446207,00446200,0x0,005ec170,
wiz8--gog-base--wiz8--18a74ff61c65,004491fc,00448e60,0x0,005ebcfc,
wiz8--gog-base--wiz8--18a74ff61c65,0044ad95,0044ad10,0xb0,005ec1d4,
wiz8--gog-base--wiz8--18a74ff61c65,0044add1,0044ad10,0xb0,005ec1d0,
wiz8--gog-base--wiz8--18a74ff61c65,0044adf3,0044ad10,0x0,005ec1c8,
wiz8--gog-base--wiz8--18a74ff61c65,0044ae4e,0044ae30,0x0,005ec1c8,
wiz8--gog-base--wiz8--18a74ff61c65,0044aeaf,0044ae30,0xb0,005ec1d4,
wiz8--gog-base--wiz8--18a74ff61c65,0044aec5,0044ae30,0x0,005ec1d8,
wiz8--gog-base--wiz8--18a74ff61c65,0044bc3c,0044bc00,0x0,005ec1e0,
wiz8--gog-base--wiz8--18a74ff61c65,0044bcb7,0044bc00,0xb0,005ec1d0,
wiz8--gog-base--wiz8--18a74ff61c65,0044bccf,0044bc00,0x0,005ec1c8,
wiz8--gog-base--wiz8--18a74ff61c65,0044bede,0044bec0,0x0,005ec1e0,
wiz8--gog-base--wiz8--18a74ff61c65,0044ee58,0044edf0,0x0,005ec1d8,
wiz8--gog-base--wiz8--18a74ff61c65,0044ef04,0044eeb0,0x0,005ec1d4,
wiz8--gog-base--wiz8--18a74ff61c65,0044ef20,0044eeb0,0x0,005ec1d8,
wiz8--gog-base--wiz8--18a74ff61c65,0044ef37,0044ef30,0x0,005ec1d4,
wiz8--gog-base--wiz8--18a74ff61c65,0044efeb,0044ef80,0x0,005ec1d4,
wiz8--gog-base--wiz8--18a74ff61c65,0044f241,0044f1c0,0x0,005ebe48,
wiz8--gog-base--wiz8--18a74ff61c65,0044f32d,0044f1c0,0x0,005ec208,
wiz8--gog-base--wiz8--18a74ff61c65,00450b70,004507a0,0x0,005ec298,
wiz8--gog-base--wiz8--18a74ff61c65,00450b8f,004507a0,0x0,005ec294,
wiz8--gog-base--wiz8--18a74ff61c65,00450b9a,004507a0,0x0,005ec294,
wiz8--gog-base--wiz8--18a74ff61c65,00450bcf,004507a0,0x0,005ec290,
wiz8--gog-base--wiz8--18a74ff61c65,00450bee,004507a0,0x0,005ec28c,
wiz8--gog-base--wiz8--18a74ff61c65,00450bf9,004507a0,0x0,005ec28c,
wiz8--gog-base--wiz8--18a74ff61c65,00450c2b,004507a0,0x0,005ec288,
wiz8--gog-base--wiz8--18a74ff61c65,00450c4a,004507a0,0x0,005ec284,
wiz8--gog-base--wiz8--18a74ff61c65,00450c55,004507a0,0x0,005ec284,
wiz8--gog-base--wiz8--18a74ff61c65,00450c87,004507a0,0x0,005ebfe4,
wiz8--gog-base--wiz8--18a74ff61c65,00450ca6,004507a0,0x0,005ec280,
wiz8--gog-base--wiz8--18a74ff61c65,00450cb1,004507a0,0x0,005ec280,
wiz8--gog-base--wiz8--18a74ff61c65,00450ce3,004507a0,0x0,005ebfe8,
wiz8--gog-base--wiz8--18a74ff61c65,00450d02,004507a0,0x0,005ec27c,
wiz8--gog-base--wiz8--18a74ff61c65,00450d0d,004507a0,0x0,005ec27c,
wiz8--gog-base--wiz8--18a74ff61c65,00450d3f,004507a0,0x0,005ec278,
wiz8--gog-base--wiz8--18a74ff61c65,00450d5e,004507a0,0x0,005ec274,
wiz8--gog-base--wiz8--18a74ff61c65,00450d69,004507a0,0x0,005ec274,
wiz8--gog-base--wiz8--18a74ff61c65,00450d9b,004507a0,0x0,005ec270,
wiz8--gog-base--wiz8--18a74ff61c65,00450dba,004507a0,0x0,005ec26c,
wiz8--gog-base--wiz8--18a74ff61c65,00450dc5,004507a0,0x0,005ec26c,
wiz8--gog-base--wiz8--18a74ff61c65,00450df7,004507a0,0x0,005ec268,
wiz8--gog-base--wiz8--18a74ff61c65,00450e16,004507a0,0x0,005ec264,
wiz8--gog-base--wiz8--18a74ff61c65,00450e21,004507a0,0x0,005ec264,
wiz8--gog-base--wiz8--18a74ff61c65,00451a4b,00451a40,0x0,005ec2bc,
wiz8--gog-base--wiz8--18a74ff61c65,00451a78,00451a40,0x0,005ec2b8,
wiz8--gog-base--wiz8--18a74ff61c65,00451a88,00451a40,0x0,005ec2b8,
wiz8--gog-base--wiz8--18a74ff61c65,00451ae4,00451ac0,0x0,005ebfe4,
wiz8--gog-base--wiz8--18a74ff61c65,00451b24,00451b00,0x0,005ebfe8,
wiz8--gog-base--wiz8--18a74ff61c65,00451b47,00451b40,0x0,005ec2bc,
wiz8--gog-base--wiz8--18a74ff61c65,00451b97,00451b90,0x0,005ec278,
wiz8--gog-base--wiz8--18a74ff61c65,00451be4,00451bc0,0x0,005ec278,
wiz8--gog-base--wiz8--18a74ff61c65,00451c07,00451c00,0x0,005ec270,
wiz8--gog-base--wiz8--18a74ff61c65,00451c54,00451c30,0x0,005ec270,
wiz8--gog-base--wiz8--18a74ff61c65,00451c77,00451c70,0x0,005ec268,
wiz8--gog-base--wiz8--18a74ff61c65,00451cc4,00451ca0,0x0,005ec268,
wiz8--gog-base--wiz8--18a74ff61c65,00451ce7,00451ce0,0x0,005ec298,
wiz8--gog-base--wiz8--18a74ff61c65,00451d57,00451d50,0x0,005ec290,
wiz8--gog-base--wiz8--18a74ff61c65,00451dc7,00451dc0,0x0,005ec288,
wiz8--gog-base--wiz8--18a74ff61c65,00451ef7,00451ec0,0x0,005ec2d0,
wiz8--gog-base--wiz8--18a74ff61c65,004520d2,00451ec0,0x0,005ec208,0x138
wiz8--gog-base--wiz8--18a74ff61c65,0045213d,00452120,0x0,005ec2d0,
wiz8--gog-base--wiz8--18a74ff61c65,0045236d,00452220,0x0,005ec2d0,
wiz8--gog-base--wiz8--18a74ff61c65,00452492,00452220,0x0,005ec208,0x138
wiz8--gog-base--wiz8--18a74ff61c65,0045614b,00456140,0x0,005ec328,
wiz8--gog-base--wiz8--18a74ff61c65,00456178,00456140,0x0,005ec324,
wiz8--gog-base--wiz8--18a74ff61c65,00456188,00456140,0x0,005ec324,
wiz8--gog-base--wiz8--18a74ff61c65,004561a4,00456140,0x0,005ec328,
wiz8--gog-base--wiz8--18a74ff61c65,004561c7,004561c0,0x0,005ec328,
wiz8--gog-base--wiz8--18a74ff61c65,00467a59,004679e0,0x0,005ec3f4,
wiz8--gog-base--wiz8--18a74ff61c65,00467a78,004679e0,0x0,005ec3f0,
wiz8--gog-base--wiz8--18a74ff61c65,00467a83,004679e0,0x0,005ec3f0,
wiz8--gog-base--wiz8--18a74ff61c65,0046cc57,0046cc50,0x0,005ec3f4,
wiz8--gog-base--wiz8--18a74ff61c65,0046cca4,0046cc80,0x0,005ec3f4,
wiz8--gog-base--wiz8--18a74ff61c65,00470b2c,00470b00,0x0,005ec4b0,
wiz8--gog-base--wiz8--18a74ff61c65,00470b82,00470b00,0x3f0,005ec0e0,
wiz8--gog-base--wiz8--18a74ff61c65,00470bcf,00470b00,0x0,005ec4ac,
wiz8--gog-base--wiz8--18a74ff61c65,00470be8,00470b00,0x0,005ec164,
wiz8--gog-base--wiz8--18a74ff61c65,00470c59,00470b00,0x0,005ec454,
wiz8--gog-base--wiz8--18a74ff61c65,00470ef2,00470ed0,0x0,005ec454,
wiz8--gog-base--wiz8--18a74ff61c65,0047100d,00470ed0,0x410,005ec168,
wiz8--gog-base--wiz8--18a74ff61c65,00471039,00470ed0,0x3f0,005ec0e0,
wiz8--gog-base--wiz8--18a74ff61c65,00471089,00470ed0,0x0,005ec4b0,
wiz8--gog-base--wiz8--18a74ff61c65,00473529,00473260,0x0,005ec50c,0x10
wiz8--gog-base--wiz8--18a74ff61c65,004735cb,00473260,0x0,005ec508,0x10
wiz8--gog-base--wiz8--18a74ff61c65,00474b84,00474a80,0x0,005ec0e0,
wiz8--gog-base--wiz8--18a74ff61c65,00474beb,00474be0,0x0,005ec518,
wiz8--gog-base--wiz8--18a74ff61c65,00474c18,00474be0,0x0,005ec514,
wiz8--gog-base--wiz8--18a74ff61c65,00474c28,00474be0,0x0,005ec514,
wiz8--gog-base--wiz8--18a74ff61c65,00474c44,00474be0,0x0,005ec518,
wiz8--gog-base--wiz8--18a74ff61c65,00474c65,00474c60,0x0,005ec51c,
wiz8--gog-base--wiz8--18a74ff61c65,00474d67,00474d60,0x0,005ec504,
wiz8--gog-base--wiz8--18a74ff61c65,00474db7,00474db0,0x0,005ec4a8,
wiz8--gog-base--wiz8--18a74ff61c65,00474de7,00474de0,0x0,005ec518,
wiz8--gog-base--wiz8--18a74ff61c65,00474e37,00474e30,0x0,005ec51c,
wiz8--gog-base--wiz8--18a74ff61c65,00474e67,00474e60,0x0,005ec50c,
wiz8--gog-base--wiz8--18a74ff61c65,00474e97,00474e90,0x0,005ec508,
wiz8--gog-base--wiz8--18a74ff61c65,00474f6b,00474f60,0x0,005ec504,
wiz8--gog-base--wiz8--18a74ff61c65,00474fbb,00474fb0,0x0,005ec168,
wiz8--gog-base--wiz8--18a74ff61c65,0047515c,004750a0,0x0,005ec520,
wiz8--gog-base--wiz8--18a74ff61c65,0047530f,004752f0,0x0,005ec520,
wiz8--gog-base--wiz8--18a74ff61c65,00476498,00476440,0x0,005ebe14,0x188
wiz8--gog-base--wiz8--18a74ff61c65,0047c2b8,0047c090,0x0,005ec5d8,0x28
wiz8--gog-base--wiz8--18a74ff61c65,0047c336,0047c090,0x0,005ebd10,0x5c
wiz8--gog-base--wiz8--18a74ff61c65,0047c3c3,0047c090,0x0,005ebd10,
wiz8--gog-base--wiz8--18a74ff61c65,0047c40c,0047c090,0x0,005ebd10,
wiz8--gog-base--wiz8--18a74ff61c65,0047c45e,0047c090,0x0,005ebd10,
wiz8--gog-base--wiz8--18a74ff61c65,0047c4b6,0047c090,0x0,005ebd10,
wiz8--gog-base--wiz8--18a74ff61c65,0047c4fb,0047c090,0x0,005ebd10,
wiz8--gog-base--wiz8--18a74ff61c65,0047c546,0047c090,0x0,005ebd10,0x5c
wiz8--gog-base--wiz8--18a74ff61c65,0047c656,0047c630,0x0,005ec63c,
wiz8--gog-base--wiz8--18a74ff61c65,0047c6ab,0047c630,0x0,005ec5f8,
wiz8--gog-base--wiz8--18a74ff61c65,0047c902,0047c8e0,0x0,005ec5f8,
wiz8--gog-base--wiz8--18a74ff61c65,0047c97f,0047c8e0,0x0,005ec63c,
wiz8--gog-base--wiz8--18a74ff61c65,0047cc02,0047cbd0,0x4,005ec6a8,
wiz8--gog-base--wiz8--18a74ff61c65,0047cc38,0047cbd0,0x0,005ec6a0,
wiz8--gog-base--wiz8--18a74ff61c65,0047d490,0047d2a0,-0x10,005ec6a0,
wiz8--gog-base--wiz8--18a74ff61c65,0047d891,0047d870,0x0,005ec63c,
wiz8--gog-base--wiz8--18a74ff61c65,0047db0b,0047dae0,0x0,005ec77c,
wiz8--gog-base--wiz8--18a74ff61c65,0047db73,0047dae0,0x0,005ec748,
wiz8--gog-base--wiz8--18a74ff61c65,0047dc43,0047dae0,0x0,005ec704,0x6c
wiz8--gog-base--wiz8--18a74ff61c65,0047dc75,0047dae0,0x0,005ec6c0,
wiz8--gog-base--wiz8--18a74ff61c65,0047dead,0047de60,0x0,005ec704,0x6c
wiz8--gog-base--wiz8--18a74ff61c65,0047df55,0047de60,0x0,005ec6c0,
wiz8--gog-base--wiz8--18a74ff61c65,0047e010,0047dff0,0x0,005ec748,
wiz8--gog-base--wiz8--18a74ff61c65,0047e051,0047dff0,0x0,005ec77c,
wiz8--gog-base--wiz8--18a74ff61c65,0047e621,0047e600,0x0,005ec6c0,
wiz8--gog-base--wiz8--18a74ff61c65,0047e639,0047e600,0x0,005ec704,
wiz8--gog-base--wiz8--18a74ff61c65,0047e851,0047e830,0x0,005ec704,
wiz8--gog-base--wiz8--18a74ff61c65,0047eadf,0047eac0,0x0,005ec77c,
wiz8--gog-base--wiz8--18a74ff61c65,0047eca8,0047ec80,0x0,005ec814,
wiz8--gog-base--wiz8--18a74ff61c65,0047ecae,0047ec80,0x138,005ec804,
wiz8--gog-base--wiz8--18a74ff61c65,0047ed10,0047ec80,0x0,005ec7d0,
wiz8--gog-base--wiz8--18a74ff61c65,0047ed16,0047ec80,0x138,005ec7c0,
wiz8--gog-base--wiz8--18a74ff61c65,0047ef92,0047ef70,0x0,005ec7d0,
wiz8--gog-base--wiz8--18a74ff61c65,0047ef98,0047ef70,0x138,005ec7c0,
wiz8--gog-base--wiz8--18a74ff61c65,0047efe4,0047ef70,0x0,005ec814,
wiz8--gog-base--wiz8--18a74ff61c65,0047efea,0047ef70,0x138,005ec804,
wiz8--gog-base--wiz8--18a74ff61c65,0047f121,0047f0f0,0x0,005ec89c,
wiz8--gog-base--wiz8--18a74ff61c65,0047f1df,0047f0f0,0x0,005ec858,
wiz8--gog-base--wiz8--18a74ff61c65,0047f1e5,0047f0f0,0x138,005ec848,
wiz8--gog-base--wiz8--18a74ff61c65,0047f431,0047f410,0x0,005ec858,
wiz8--gog-base--wiz8--18a74ff61c65,0047f437,0047f410,0x138,005ec848,
wiz8--gog-base--wiz8--18a74ff61c65,0047f485,0047f410,0x0,005ec89c,
wiz8--gog-base--wiz8--18a74ff61c65,0047fbbd,0047f930,0x0,005ebde0,
wiz8--gog-base--wiz8--18a74ff61c65,00481961,00481940,0x0,005ec814,
wiz8--gog-base--wiz8--18a74ff61c65,00481967,00481940,0x138,005ec804,
wiz8--gog-base--wiz8--18a74ff61c65,00481b41,00481b20,0x0,005ec89c,
wiz8--gog-base--wiz8--18a74ff61c65,00481e80,00481dd0,0x0,005ec89c,0x180
wiz8--gog-base--wiz8--18a74ff61c65,00481f73,00481dd0,0x0,005ec858,
wiz8--gog-base--wiz8--18a74ff61c65,00481f79,00481dd0,0x138,005ec848,
wiz8--gog-base--wiz8--18a74ff61c65,00482013,00482010,0x0,005ec8f8,
wiz8--gog-base--wiz8--18a74ff61c65,004837d4,00483360,0x0,005ec94c,
wiz8--gog-base--wiz8--18a74ff61c65,004837da,00483360,0x138,005ec940,
wiz8--gog-base--wiz8--18a74ff61c65,00483823,00483360,0x0,005ec94c,
wiz8--gog-base--wiz8--18a74ff61c65,00483829,00483360,0x138,005ec940,
wiz8--gog-base--wiz8--18a74ff61c65,0048487b,00484870,0x0,005ec298,
wiz8--gog-base--wiz8--18a74ff61c65,004848a8,00484870,0x0,005ec294,
wiz8--gog-base--wiz8--18a74ff61c65,004848b8,00484870,0x0,005ec294,
wiz8--gog-base--wiz8--18a74ff61c65,00484c0e,00484be0,0x0,005eca04,
wiz8--gog-base--wiz8--18a74ff61c65,00484ced,00484be0,0x0,005ec9c0,
wiz8--gog-base--wiz8--18a74ff61c65,00484d0c,00484be0,0x0,005ec9bc,
wiz8--gog-base--wiz8--18a74ff61c65,00484d2b,00484be0,0x0,005ec9b8,
wiz8--gog-base--wiz8--18a74ff61c65,00484d39,00484be0,0x0,005ec9b8,
wiz8--gog-base--wiz8--18a74ff61c65,00484eac,00484e60,0x0,005eca04,0x7c
wiz8--gog-base--wiz8--18a74ff61c65,00484f8a,00484e60,0x0,005ec9c0,
wiz8--gog-base--wiz8--18a74ff61c65,00484fa9,00484e60,0x0,005ec9bc,
wiz8--gog-base--wiz8--18a74ff61c65,00484fc8,00484e60,0x0,005ec9b8,
wiz8--gog-base--wiz8--18a74ff61c65,00484fe9,00484e60,0x0,005ec9b8,
wiz8--gog-base--wiz8--18a74ff61c65,0048509e,00485070,0x0,005eca04,
wiz8--gog-base--wiz8--18a74ff61c65,00485156,00485070,0x0,005ec9c0,
wiz8--gog-base--wiz8--18a74ff61c65,00485175,00485070,0x0,005ec9bc,
wiz8--gog-base--wiz8--18a74ff61c65,00485196,00485070,0x0,005ec9b8,
wiz8--gog-base--wiz8--18a74ff61c65,004851a1,00485070,0x0,005ec9b8,
wiz8--gog-base--wiz8--18a74ff61c65,004852b1,00485290,0x0,005ec9c0,
wiz8--gog-base--wiz8--18a74ff61c65,00485328,00485290,0x0,005eca04,
wiz8--gog-base--wiz8--18a74ff61c65,00485931,00485910,0x0,005eca04,
wiz8--gog-base--wiz8--18a74ff61c65,00485a87,00485a80,0x0,005ec9bc,
wiz8--gog-base--wiz8--18a74ff61c65,00489bb5,00489bb0,0x0,005ebfe0,
wiz8--gog-base--wiz8--18a74ff61c65,00489edb,00489ed0,0x0,005eca60,
wiz8--gog-base--wiz8--18a74ff61c65,00489f08,00489ed0,0x0,005eca5c,
wiz8--gog-base--wiz8--18a74ff61c65,00489f18,00489ed0,0x0,005eca5c,
wiz8--gog-base--wiz8--18a74ff61c65,00489f34,00489ed0,0x0,005eca60,
wiz8--gog-base--wiz8--18a74ff61c65,00489f54,00489ed0,0x0,005eca58,
wiz8--gog-base--wiz8--18a74ff61c65,0048a117,00489fe0,0x0,005eca60,
wiz8--gog-base--wiz8--18a74ff61c65,0048a167,0048a160,0x0,005eca58,
wiz8--gog-base--wiz8--18a74ff61c65,0048a992,0048a7a0,0x0,005eca78,0x158
wiz8--gog-base--wiz8--18a74ff61c65,0048acad,0048ac60,0x40,005ec168,
wiz8--gog-base--wiz8--18a74ff61c65,0048ace6,0048ac60,0x0,005eca78,
wiz8--gog-base--wiz8--18a74ff61c65,0048ae5f,0048ad20,0x48,005ec0e0,
wiz8--gog-base--wiz8--18a74ff61c65,0048aef7,0048ad20,0x38,005ec0e0,
wiz8--gog-base--wiz8--18a74ff61c65,0048af32,0048ad20,0x38,005ec0e0,
wiz8--gog-base--wiz8--18a74ff61c65,0048b16d,0048ad20,0x4c,005ec0e0,
wiz8--gog-base--wiz8--18a74ff61c65,0048b1c6,0048ad20,0x3c,005ec0e0,
wiz8--gog-base--wiz8--18a74ff61c65,0048ca7c,0048c750,0xc,005ec284,
wiz8--gog-base--wiz8--18a74ff61c65,0048cd84,0048c750,0x0,005eca78,
wiz8--gog-base--wiz8--18a74ff61c65,0048cdab,0048cda0,0x0,005eca9c,
wiz8--gog-base--wiz8--18a74ff61c65,0048cdd8,0048cda0,0x0,005eca98,
wiz8--gog-base--wiz8--18a74ff61c65,0048cde8,0048cda0,0x0,005eca98,
wiz8--gog-base--wiz8--18a74ff61c65,0048ce2b,0048ce20,0x0,005ecaa4,
wiz8--gog-base--wiz8--18a74ff61c65,0048ce58,0048ce20,0x0,005ecaa0,
wiz8--gog-base--wiz8--18a74ff61c65,0048ce68,0048ce20,0x0,005ecaa0,
wiz8--gog-base--wiz8--18a74ff61c65,0048cea7,0048cea0,0x0,005eca78,
wiz8--gog-base--wiz8--18a74ff61c65,0048ced7,0048ced0,0x0,005eca9c,
wiz8--gog-base--wiz8--18a74ff61c65,0048cf27,0048cf20,0x0,005ecaa4,
wiz8--gog-base--wiz8--18a74ff61c65,0048cfd8,0048cf70,0x0,005ec288,
wiz8--gog-base--wiz8--18a74ff61c65,0048d632,0048d080,0x0,005ebde0,
wiz8--gog-base--wiz8--18a74ff61c65,0048d79b,0048d080,0x0,005ebd10,
wiz8--gog-base--wiz8--18a74ff61c65,0048d866,0048d080,0x0,005ebeec,
wiz8--gog-base--wiz8--18a74ff61c65,0048f19b,0048f190,0x0,005ecad4,
wiz8--gog-base--wiz8--18a74ff61c65,0048f1c8,0048f190,0x0,005ecad0,
wiz8--gog-base--wiz8--18a74ff61c65,0048f1d8,0048f190,0x0,005ecad0,
wiz8--gog-base--wiz8--18a74ff61c65,0048f1f4,0048f190,0x0,005ecad4,
wiz8--gog-base--wiz8--18a74ff61c65,0048f217,0048f210,0x0,005ecad4,
wiz8--gog-base--wiz8--18a74ff61c65,0048f268,0048f240,0x0,005ecab8,
wiz8--gog-base--wiz8--18a74ff61c65,00490552,00490210,0x0,005ebde0,0x78
wiz8--gog-base--wiz8--18a74ff61c65,004925d7,004925b0,0x0,005ebf68,
wiz8--gog-base--wiz8--18a74ff61c65,0049261e,004925b0,0x0,005ecb6c,
wiz8--gog-base--wiz8--18a74ff61c65,004926cd,004925b0,0x0,005ecb38,
wiz8--gog-base--wiz8--18a74ff61c65,00492742,00492720,0x0,005ecb38,
wiz8--gog-base--wiz8--18a74ff61c65,00492762,00492720,0x0,005ecb6c,
wiz8--gog-base--wiz8--18a74ff61c65,0049280c,00492720,0x0,005ebf68,
wiz8--gog-base--wiz8--18a74ff61c65,0049287f,00492720,0x0,005ebf94,
wiz8--gog-base--wiz8--18a74ff61c65,00492a52,00492a30,0x0,005ecb6c,
wiz8--gog-base--wiz8--18a74ff61c65,00492afc,00492a30,0x0,005ebf68,
wiz8--gog-base--wiz8--18a74ff61c65,00492b6f,00492a30,0x0,005ebf94,
wiz8--gog-base--wiz8--18a74ff61c65,00492c94,00492c70,0x0,005ebf94,
wiz8--gog-base--wiz8--18a74ff61c65,00492d45,00492d00,0x0,005ebf68,0x7c
wiz8--gog-base--wiz8--18a74ff61c65,00492d88,00492d00,0x0,005ecb6c,
wiz8--gog-base--wiz8--18a74ff61c65,00492e31,00492d00,0x0,005ecb38,
wiz8--gog-base--wiz8--18a74ff61c65,00497b1a,00497af0,0x0,005ecc04,
wiz8--gog-base--wiz8--18a74ff61c65,00497bae,00497af0,0x0,005ecbd0,
wiz8--gog-base--wiz8--18a74ff61c65,004981b1,00498180,0x0,005ecc04,
wiz8--gog-base--wiz8--18a74ff61c65,00498259,00498180,0x0,005ecbd0,
wiz8--gog-base--wiz8--18a74ff61c65,00498a40,00498a20,0x0,005ecbd0,
wiz8--gog-base--wiz8--18a74ff61c65,00498b9b,00498a20,0x0,005ecc04,
wiz8--gog-base--wiz8--18a74ff61c65,0049b9af,0049b990,0x0,005ecc04,
wiz8--gog-base--wiz8--18a74ff61c65,0049c2ec,0049c2c0,0x0,005ecca4,
wiz8--gog-base--wiz8--18a74ff61c65,0049c387,0049c2c0,0x0,005ecc64,
wiz8--gog-base--wiz8--18a74ff61c65,0049c38d,0049c2c0,0x138,005ecc58,
wiz8--gog-base--wiz8--18a74ff61c65,0049c452,0049c430,0x0,005ecc64,
wiz8--gog-base--wiz8--18a74ff61c65,0049c458,0049c430,0x138,005ecc58,
wiz8--gog-base--wiz8--18a74ff61c65,0049c48d,0049c430,0x0,005ecca4,
wiz8--gog-base--wiz8--18a74ff61c65,0049c53d,0049c430,0x0,005ecd18,
wiz8--gog-base--wiz8--18a74ff61c65,0049c5f3,0049c430,0x0,005ebfd0,
wiz8--gog-base--wiz8--18a74ff61c65,0049c5f9,0049c430,0x0,005eccd8,
wiz8--gog-base--wiz8--18a74ff61c65,0049d688,0049d660,0x0,005ecd18,
wiz8--gog-base--wiz8--18a74ff61c65,0049dda2,0049dd80,0x0,005ecca4,
wiz8--gog-base--wiz8--18a74ff61c65,0049de52,0049dd80,0x0,005ecd18,
wiz8--gog-base--wiz8--18a74ff61c65,0049df08,0049dd80,0x0,005ebfd0,
wiz8--gog-base--wiz8--18a74ff61c65,0049df0e,0049dd80,0x0,005eccd8,
wiz8--gog-base--wiz8--18a74ff61c65,0049dfff,0049dfe0,0x0,005eccd8,
wiz8--gog-base--wiz8--18a74ff61c65,0049e0f8,0049e0d0,0x0,005ecd18,
wiz8--gog-base--wiz8--18a74ff61c65,0049e1b7,0049e0d0,0x0,005ebfd0,
wiz8--gog-base--wiz8--18a74ff61c65,0049e1bd,0049e0d0,0x0,005eccd8,
wiz8--gog-base--wiz8--18a74ff61c65,0049f13d,0049f120,0x0,005ecd70,
wiz8--gog-base--wiz8--18a74ff61c65,0049f15c,0049f120,0x0,005ec1d8,
wiz8--gog-base--wiz8--18a74ff61c65,0049f384,0049f350,0x0,005ecd78,
wiz8--gog-base--wiz8--18a74ff61c65,0049f3b4,0049f350,0x0,005ecd70,
wiz8--gog-base--wiz8--18a74ff61c65,0049f45d,0049f440,0x0,005ecd78,
wiz8--gog-base--wiz8--18a74ff61c65,0049f641,0049f4a0,0x0,005ecd78,0x20
wiz8--gog-base--wiz8--18a74ff61c65,0049f671,0049f4a0,0x0,005ecd70,
wiz8--gog-base--wiz8--18a74ff61c65,004a0c5d,004a05c0,0x0,005ecdb0,0x58
wiz8--gog-base--wiz8--18a74ff61c65,004a0d03,004a05c0,0x0,005ecda0,
wiz8--gog-base--wiz8--18a74ff61c65,004a2083,004a2080,0x0,005ecdc8,
wiz8--gog-base--wiz8--18a74ff61c65,004a20c7,004a20c0,0x0,005ecdac,
wiz8--gog-base--wiz8--18a74ff61c65,004a20f8,004a20c0,0x0,005ecdb0,
wiz8--gog-base--wiz8--18a74ff61c65,004a2116,004a2110,0x0,005ecdc8,
wiz8--gog-base--wiz8--18a74ff61c65,004a226f,004a2230,0x0,005ecdb0,
wiz8--gog-base--wiz8--18a74ff61c65,004a22b3,004a2230,0x0,005ecda0,
wiz8--gog-base--wiz8--18a74ff61c65,004a2505,004a2500,0x0,005ec0e0,
wiz8--gog-base--wiz8--18a74ff61c65,004a2545,004a2540,0x0,005ecdac,
wiz8--gog-base--wiz8--18a74ff61c65,004a25fd,004a25e0,0x0,005ecda0,
wiz8--gog-base--wiz8--18a74ff61c65,004a2606,004a25e0,0x38,005ecdc8,
wiz8--gog-base--wiz8--18a74ff61c65,004a2636,004a25e0,0x18,005ec0e0,
wiz8--gog-base--wiz8--18a74ff61c65,004a2646,004a25e0,0x8,005ec0e0,
wiz8--gog-base--wiz8--18a74ff61c65,004a2659,004a25e0,0x0,005ecdb0,
wiz8--gog-base--wiz8--18a74ff61c65,004a2e29,004a2db0,0x0,005ecde0,
wiz8--gog-base--wiz8--18a74ff61c65,004a2ef8,004a2db0,0x0,005ec298,0x10
wiz8--gog-base--wiz8--18a74ff61c65,004a2f19,004a2db0,0x0,005ec294,0x10
wiz8--gog-base--wiz8--18a74ff61c65,004a2f24,004a2db0,0x0,005ec294,
wiz8--gog-base--wiz8--18a74ff61c65,004a2fcd,004a2db0,0x0,005ecca4,
wiz8--gog-base--wiz8--18a74ff61c65,004a3006,004a2db0,0x0,005ecc64,
wiz8--gog-base--wiz8--18a74ff61c65,004a300c,004a2db0,0x138,005ecc58,
wiz8--gog-base--wiz8--18a74ff61c65,004a3250,004a3230,0x0,005ecde0,
wiz8--gog-base--wiz8--18a74ff61c65,004a333a,004a3300,0x0,005ec298,
wiz8--gog-base--wiz8--18a74ff61c65,004a3359,004a3300,0x0,005ec294,
wiz8--gog-base--wiz8--18a74ff61c65,004a3364,004a3300,0x0,005ec294,
wiz8--gog-base--wiz8--18a74ff61c65,004a3c9d,004a3c10,0x58,005ebfec,
wiz8--gog-base--wiz8--18a74ff61c65,004a3cc2,004a3c10,0x58,005ece4c,
wiz8--gog-base--wiz8--18a74ff61c65,004a3ccf,004a3c10,0x0,005ece08,
wiz8--gog-base--wiz8--18a74ff61c65,004a3cd5,004a3c10,0x18,005ecdf4,
wiz8--gog-base--wiz8--18a74ff61c65,004a3da5,004a3c10,0x0,005ecde0,
wiz8--gog-base--wiz8--18a74ff61c65,004a3f1e,004a3e50,0x58,005ebfec,
wiz8--gog-base--wiz8--18a74ff61c65,004a3f43,004a3e50,0x58,005ece4c,
wiz8--gog-base--wiz8--18a74ff61c65,004a3f56,004a3e50,0x0,005ece08,
wiz8--gog-base--wiz8--18a74ff61c65,004a3f5c,004a3e50,0x18,005ecdf4,
wiz8--gog-base--wiz8--18a74ff61c65,004a3fdd,004a3fc0,0x0,005ece08,
wiz8--gog-base--wiz8--18a74ff61c65,004a3fe3,004a3fc0,0x18,005ecdf4,
wiz8--gog-base--wiz8--18a74ff61c65,004a401c,004a3fc0,0x2d8,005ebfec,
wiz8--gog-base--wiz8--18a74ff61c65,004a5c3b,004a5c30,0x0,005ece64,
wiz8--gog-base--wiz8--18a74ff61c65,004a5c68,004a5c30,0x0,005ece60,
wiz8--gog-base--wiz8--18a74ff61c65,004a5c78,004a5c30,0x0,005ece60,
wiz8--gog-base--wiz8--18a74ff61c65,004a5c94,004a5c30,0x0,005ece64,
wiz8--gog-base--wiz8--18a74ff61c65,004a5cd4,004a5cb0,0x0,005ebfec,
wiz8--gog-base--wiz8--18a74ff61c65,004a5cf7,004a5cf0,0x0,005ece64,
wiz8--gog-base--wiz8--18a74ff61c65,004a5db4,004a5d40,0x58,005ebfec,
wiz8--gog-base--wiz8--18a74ff61c65,004a5e88,004a5e50,0x0,005eceb8,
wiz8--gog-base--wiz8--18a74ff61c65,004a5ee2,004a5e50,0x0,005ece78,
wiz8--gog-base--wiz8--18a74ff61c65,004a5fd1,004a5f20,0x0,005ece78,
wiz8--gog-base--wiz8--18a74ff61c65,004a5fd7,004a5f20,0x0,005eceb8,
wiz8--gog-base--wiz8--18a74ff61c65,004a602f,004a5f20,0x0,005ec294,0x10
wiz8--gog-base--wiz8--18a74ff61c65,004a60b6,004a5f20,0x0,005ecca4,
wiz8--gog-base--wiz8--18a74ff61c65,004a60eb,004a5f20,0x0,005ecc64,
wiz8--gog-base--wiz8--18a74ff61c65,004a60f1,004a5f20,0x138,005ecc58,
wiz8--gog-base--wiz8--18a74ff61c65,004a6248,004a5f20,0x0,005eced8,0x10
wiz8--gog-base--wiz8--18a74ff61c65,004a6267,004a5f20,0x0,005eced4,0x10
wiz8--gog-base--wiz8--18a74ff61c65,004a6272,004a5f20,0x0,005eced4,
wiz8--gog-base--wiz8--18a74ff61c65,004a63dd,004a5f20,0x0,005eced0,0x10
wiz8--gog-base--wiz8--18a74ff61c65,004a63fc,004a5f20,0x0,005ececc,0x10
wiz8--gog-base--wiz8--18a74ff61c65,004a6407,004a5f20,0x0,005ececc,
wiz8--gog-base--wiz8--18a74ff61c65,004a6632,004a5f20,0x0,005ece78,
wiz8--gog-base--wiz8--18a74ff61c65,004a6aaa,004a6970,0x20,005ec270,
wiz8--gog-base--wiz8--18a74ff61c65,004a6aca,004a6970,0x20,005ec26c,
wiz8--gog-base--wiz8--18a74ff61c65,004a6b2d,004a6970,0x0,005eced0,0x10
wiz8--gog-base--wiz8--18a74ff61c65,004a6b50,004a6970,0x0,005ececc,
wiz8--gog-base--wiz8--18a74ff61c65,004a6bde,004a6970,0x0,005ececc,
wiz8--gog-base--wiz8--18a74ff61c65,004a6d23,004a6970,0x20,005ec270,
wiz8--gog-base--wiz8--18a74ff61c65,004a8573,004a84c0,0x0,005eced8,0x10
wiz8--gog-base--wiz8--18a74ff61c65,004a8596,004a84c0,0x0,005eced4,
wiz8--gog-base--wiz8--18a74ff61c65,004a85a5,004a84c0,0x0,005eced4,
wiz8--gog-base--wiz8--18a74ff61c65,004a8a47,004a87a0,0x0,005ecee0,
wiz8--gog-base--wiz8--18a74ff61c65,004a8a6a,004a87a0,0x0,005ecedc,
wiz8--gog-base--wiz8--18a74ff61c65,004a8b39,004a87a0,0x0,005ecedc,
wiz8--gog-base--wiz8--18a74ff61c65,004a8e7b,004a8e70,0x0,005ecee8,
wiz8--gog-base--wiz8--18a74ff61c65,004a8ea8,004a8e70,0x0,005ecee4,
wiz8--gog-base--wiz8--18a74ff61c65,004a8eb8,004a8e70,0x0,005ecee4,
wiz8--gog-base--wiz8--18a74ff61c65,004a8ed4,004a8e70,0x0,005ecee8,
wiz8--gog-base--wiz8--18a74ff61c65,004a8ef7,004a8ef0,0x0,005ecee8,
wiz8--gog-base--wiz8--18a74ff61c65,004a8f47,004a8f40,0x0,005eced8,
wiz8--gog-base--wiz8--18a74ff61c65,004a8f94,004a8f70,0x0,005eced8,
wiz8--gog-base--wiz8--18a74ff61c65,004a8fb7,004a8fb0,0x0,005eced0,
wiz8--gog-base--wiz8--18a74ff61c65,004a9004,004a8fe0,0x0,005eced0,
wiz8--gog-base--wiz8--18a74ff61c65,004a9027,004a9020,0x0,005ecee0,
wiz8--gog-base--wiz8--18a74ff61c65,004a9074,004a9050,0x0,005ecee0,
wiz8--gog-base--wiz8--18a74ff61c65,004a909b,004a9090,0x0,005ec298,
wiz8--gog-base--wiz8--18a74ff61c65,004a934a,004a91f0,0x0,005ecf00,
wiz8--gog-base--wiz8--18a74ff61c65,004a97b3,004a9750,0x0,005ecf04,
wiz8--gog-base--wiz8--18a74ff61c65,004a97d6,004a9750,0x0,005ecf00,
wiz8--gog-base--wiz8--18a74ff61c65,004a97e5,004a9750,0x0,005ecf00,
wiz8--gog-base--wiz8--18a74ff61c65,004a99ab,004a9810,0x0,005ecf04,0x10
wiz8--gog-base--wiz8--18a74ff61c65,004a99cc,004a9810,0x0,005ecf00,0x10
wiz8--gog-base--wiz8--18a74ff61c65,004a99d7,004a9810,0x0,005ecf00,
wiz8--gog-base--wiz8--18a74ff61c65,004aaac7,004aaac0,0x0,005ecf04,
wiz8--gog-base--wiz8--18a74ff61c65,004aab14,004aaaf0,0x0,005ecf04,
wiz8--gog-base--wiz8--18a74ff61c65,004aab3b,004aab30,0x0,005ecf04,
wiz8--gog-base--wiz8--18a74ff61c65,004aada9,004aad20,0x0,005ecf18,
wiz8--gog-base--wiz8--18a74ff61c65,004aae86,004aad20,0x0,005ec298,0x10
wiz8--gog-base--wiz8--18a74ff61c65,004aaea7,004aad20,0x0,005ec294,0x10
wiz8--gog-base--wiz8--18a74ff61c65,004aaeb2,004aad20,0x0,005ec294,
wiz8--gog-base--wiz8--18a74ff61c65,004aaf5b,004aad20,0x0,005ecca4,
wiz8--gog-base--wiz8--18a74ff61c65,004aaf94,004aad20,0x0,005ecc64,
wiz8--gog-base--wiz8--18a74ff61c65,004aaf9a,004aad20,0x138,005ecc58,
wiz8--gog-base--wiz8--18a74ff61c65,004ab1e0,004ab1c0,0x0,005ecf18,
wiz8--gog-base--wiz8--18a74ff61c65,004ab37a,004ab340,0x0,005ec298,
wiz8--gog-base--wiz8--18a74ff61c65,004ab399,004ab340,0x0,005ec294,
wiz8--gog-base--wiz8--18a74ff61c65,004ab3a4,004ab340,0x0,005ec294,
wiz8--gog-base--wiz8--18a74ff61c65,004ab636,004ab340,0x0,005ecf40,
wiz8--gog-base--wiz8--18a74ff61c65,004ab63c,004ab340,0x18,005ecf2c,
wiz8--gog-base--wiz8--18a74ff61c65,004abc0f,004abbb0,0x0,005ecf40,
wiz8--gog-base--wiz8--18a74ff61c65,004abc15,004abbb0,0x18,005ecf2c,
wiz8--gog-base--wiz8--18a74ff61c65,004abc7c,004abbb0,0x0,005ecf18,
wiz8--gog-base--wiz8--18a74ff61c65,004abd1e,004abd00,0x0,005ecf40,
wiz8--gog-base--wiz8--18a74ff61c65,004abd24,004abd00,0x18,005ecf2c,
wiz8--gog-base--wiz8--18a74ff61c65,004adf46,004ade70,0x0,005eced8,0x10
wiz8--gog-base--wiz8--18a74ff61c65,004adf65,004ade70,0x0,005eced4,0x10
wiz8--gog-base--wiz8--18a74ff61c65,004adf70,004ade70,0x0,005eced4,
wiz8--gog-base--wiz8--18a74ff61c65,004ae6fe,004ae6d0,0x0,005ecfe4,
wiz8--gog-base--wiz8--18a74ff61c65,004ae8fe,004ae8b0,0x0,005ecfe4,0x150
wiz8--gog-base--wiz8--18a74ff61c65,004ae970,004ae8b0,0x0,005ecfb0,
wiz8--gog-base--wiz8--18a74ff61c65,004aeb44,004aeaa0,0x0,005ecfe4,
wiz8--gog-base--wiz8--18a74ff61c65,004af5bf,004af5a0,0x0,005ecfe4,
wiz8--gog-base--wiz8--18a74ff61c65,004af69b,004af690,0x0,005ed01c,
wiz8--gog-base--wiz8--18a74ff61c65,004af6c8,004af690,0x0,005ed018,
wiz8--gog-base--wiz8--18a74ff61c65,004af6d8,004af690,0x0,005ed018,
wiz8--gog-base--wiz8--18a74ff61c65,004af6f4,004af690,0x0,005ed01c,
wiz8--gog-base--wiz8--18a74ff61c65,004af717,004af710,0x0,005ed01c,
wiz8--gog-base--wiz8--18a74ff61c65,004b5449,004b53d0,0x0,005ed050,
wiz8--gog-base--wiz8--18a74ff61c65,004b5562,004b54a0,0x0,005ed050,
wiz8--gog-base--wiz8--18a74ff61c65,004b5649,004b5600,0x0,005ed058,
wiz8--gog-base--wiz8--18a74ff61c65,004b56db,004b5680,0x0,005ed058,
wiz8--gog-base--wiz8--18a74ff61c65,004b56f0,004b5680,0x0,005ec1d8,
wiz8--gog-base--wiz8--18a74ff61c65,004b6a12,004b6920,0x0,005ed098,0x10
wiz8--gog-base--wiz8--18a74ff61c65,004b6a31,004b6920,0x0,005ed094,0x10
wiz8--gog-base--wiz8--18a74ff61c65,004b6a3c,004b6920,0x0,005ed094,
wiz8--gog-base--wiz8--18a74ff61c65,004b6c30,004b6bd0,0x0,005ed098,0x10
wiz8--gog-base--wiz8--18a74ff61c65,004b6c53,004b6bd0,0x0,005ed094,
wiz8--gog-base--wiz8--18a74ff61c65,004b6c62,004b6bd0,0x0,005ed094,
wiz8--gog-base--wiz8--18a74ff61c65,004b6d97,004b6d90,0x0,005ed098,
wiz8--gog-base--wiz8--18a74ff61c65,004b871c,004b86e0,0x0,005ec1d8,
wiz8--gog-base--wiz8--18a74ff61c65,004b87c7,004b86e0,0x0,005ec1d8,
wiz8--gog-base--wiz8--18a74ff61c65,004b89a2,004b88f0,0x0,005ed0d0,
wiz8--gog-base--wiz8--18a74ff61c65,004b9c2f,004b9c00,0x0,005ed124,
wiz8--gog-base--wiz8--18a74ff61c65,004b9cae,004b9c00,0x0,005ed0f0,
wiz8--gog-base--wiz8--18a74ff61c65,004b9d2f,004b9d10,0x0,005ed124,
wiz8--gog-base--wiz8--18a74ff61c65,004ba29f,004ba280,0x0,005ed124,
wiz8--gog-base--wiz8--18a74ff61c65,004ba420,004ba3d0,0x0,005ed124,0x140
wiz8--gog-base--wiz8--18a74ff61c65,004ba494,004ba3d0,0x0,005ed0f0,
wiz8--gog-base--wiz8--18a74ff61c65,004bc607,004bc5e0,0x14,005ec018,
wiz8--gog-base--wiz8--18a74ff61c65,004bc669,004bc5e0,0x14,005ec004,
wiz8--gog-base--wiz8--18a74ff61c65,004bc680,004bc5e0,0x18,005ec004,
wiz8--gog-base--wiz8--18a74ff61c65,004bc7ef,004bc5e0,0x18,005ec004,
wiz8--gog-base--wiz8--18a74ff61c65,004bc822,004bc5e0,0x14,005ec004,
wiz8--gog-base--wiz8--18a74ff61c65,004bce49,004bce20,0x24,005ed1b8,
wiz8--gog-base--wiz8--18a74ff61c65,004bcf91,004bce20,0x0,005ed180,0x150
wiz8--gog-base--wiz8--18a74ff61c65,004be007,004be000,0x0,005ed1b4,
wiz8--gog-base--wiz8--18a74ff61c65,004be05b,004be050,0x0,005ed1b4,
wiz8--gog-base--wiz8--18a74ff61c65,004beb05,004bea20,0x614,005ec004,
wiz8--gog-base--wiz8--18a74ff61c65,004beb3d,004bea20,0x614,005ec018,
wiz8--gog-base--wiz8--18a74ff61c65,004beb83,004bea20,0x0,005ed200,
wiz8--gog-base--wiz8--18a74ff61c65,004becf5,004bebd0,0x614,005ec004,
wiz8--gog-base--wiz8--18a74ff61c65,004bed29,004bebd0,0x614,005ec018,
wiz8--gog-base--wiz8--18a74ff61c65,004bed3e,004bebd0,0x0,005ed200,
wiz8--gog-base--wiz8--18a74ff61c65,004bee72,004bee50,0x0,005ed200,
wiz8--gog-base--wiz8--18a74ff61c65,004bef8f,004bee50,0x0,005ecd18,
wiz8--gog-base--wiz8--18a74ff61c65,004bf014,004bee50,0x138,005ebfd0,
wiz8--gog-base--wiz8--18a74ff61c65,004bf01e,004bee50,0x0,005eccd8,
wiz8--gog-base--wiz8--18a74ff61c65,004bf06c,004bee50,0x614,005ec004,
wiz8--gog-base--wiz8--18a74ff61c65,004bf287,004bf0f0,0x0,005ec294,0x10
wiz8--gog-base--wiz8--18a74ff61c65,004bf336,004bf0f0,0x0,005ecc64,
wiz8--gog-base--wiz8--18a74ff61c65,004bf33c,004bf0f0,0x138,005ecc58,
wiz8--gog-base--wiz8--18a74ff61c65,004bf55a,004bf520,0x0,005ec298,
wiz8--gog-base--wiz8--18a74ff61c65,004bf57b,004bf520,0x0,005ec294,
wiz8--gog-base--wiz8--18a74ff61c65,004bf58c,004bf520,0x0,005ec294,
wiz8--gog-base--wiz8--18a74ff61c65,004bfc1e,004bfb00,0x29c,005ecdc8,
wiz8--gog-base--wiz8--18a74ff61c65,004bfca8,004bfb00,0x338,005ebfe0,
wiz8--gog-base--wiz8--18a74ff61c65,004bfce6,004bfb00,0x0,005ed22c,
wiz8--gog-base--wiz8--18a74ff61c65,004bfcec,004bfb00,0x18,005ed218,
wiz8--gog-base--wiz8--18a74ff61c65,004bff7d,004bfe00,0x29c,005ecdc8,
wiz8--gog-base--wiz8--18a74ff61c65,004c000d,004bfe00,0x338,005ebfe0,
wiz8--gog-base--wiz8--18a74ff61c65,004c0041,004bfe00,0x0,005ed22c,
wiz8--gog-base--wiz8--18a74ff61c65,004c0047,004bfe00,0x18,005ed218,
wiz8--gog-base--wiz8--18a74ff61c65,004c018e,004c0170,0x0,005ed22c,
wiz8--gog-base--wiz8--18a74ff61c65,004c0194,004c0170,0x18,005ed218,
wiz8--gog-base--wiz8--18a74ff61c65,004c0260,004c0170,0x338,005ebfe0,
wiz8--gog-base--wiz8--18a74ff61c65,004c0298,004c0170,0x29c,005ecdc8,
wiz8--gog-base--wiz8--18a74ff61c65,004c0eba,004c0170,0xdc,005ec018,
wiz8--gog-base--wiz8--18a74ff61c65,004c0f29,004c0170,0xe0,005ec004,
wiz8--gog-base--wiz8--18a74ff61c65,004c0fe8,004c0170,0xcc,005ec018,
wiz8--gog-base--wiz8--18a74ff61c65,004c1057,004c0170,0xd0,005ec004,
wiz8--gog-base--wiz8--18a74ff61c65,004c6727,004c6700,0x1c,005ec004,
wiz8--gog-base--wiz8--18a74ff61c65,004c6749,004c6700,0x1c,005ec018,
wiz8--gog-base--wiz8--18a74ff61c65,004c6851,004c6700,0x1c,005ec004,
wiz8--gog-base--wiz8--18a74ff61c65,004c68a3,004c6700,0x14,005ec004,
wiz8--gog-base--wiz8--18a74ff61c65,004c68c5,004c6700,0x14,005ec018,
wiz8--gog-base--wiz8--18a74ff61c65,004c6960,004c6700,0x14,005ec004,
wiz8--gog-base--wiz8--18a74ff61c65,004c69ad,004c6990,0x8,005ec004,
wiz8--gog-base--wiz8--18a74ff61c65,004c69d4,004c6990,0x4,005ec018,
wiz8--gog-base--wiz8--18a74ff61c65,004c6a23,004c6990,0x8,005ec004,
wiz8--gog-base--wiz8--18a74ff61c65,004c6a6d,004c6a50,0x8,005ec004,
wiz8--gog-base--wiz8--18a74ff61c65,004c6a94,004c6a50,0x4,005ec018,
wiz8--gog-base--wiz8--18a74ff61c65,004c6ac5,004c6a50,0x8,005ec004,
wiz8--gog-base--wiz8--18a74ff61c65,004c6aec,004c6a50,0x8,005ec004,
wiz8--gog-base--wiz8--18a74ff61c65,004c6b35,004c6b10,0x10,005ec004,
wiz8--gog-base--wiz8--18a74ff61c65,004c6b5c,004c6b10,0xc,005ec018,
wiz8--gog-base--wiz8--18a74ff61c65,004c6bda,004c6b10,0x10,005ec004,
wiz8--gog-base--wiz8--18a74ff61c65,004c6c99,004c6b10,0x0,005ebd10,0x5c
wiz8--gog-base--wiz8--18a74ff61c65,004c6f88,004c6b10,0x0,005ebde0,
wiz8--gog-base--wiz8--18a74ff61c65,004cab48,004ca9e0,0x0,005ed290,
wiz8--gog-base--wiz8--18a74ff61c65,004cace3,004ca9e0,0x0,005ecdc8,
wiz8--gog-base--wiz8--18a74ff61c65,004cad0b,004cad00,0x0,005ed2cc,
wiz8--gog-base--wiz8--18a74ff61c65,004cad38,004cad00,0x0,005ed2c8,
wiz8--gog-base--wiz8--18a74ff61c65,004cad48,004cad00,0x0,005ed2c8,
wiz8--gog-base--wiz8--18a74ff61c65,004cad64,004cad00,0x0,005ed2cc,
wiz8--gog-base--wiz8--18a74ff61c65,004cad8b,004cad80,0x0,005ec004,
wiz8--gog-base--wiz8--18a74ff61c65,004cadb8,004cad80,0x0,005ec018,
wiz8--gog-base--wiz8--18a74ff61c65,004cadc8,004cad80,0x0,005ec018,
wiz8--gog-base--wiz8--18a74ff61c65,004cade7,004cade0,0x0,005ed2cc,
wiz8--gog-base--wiz8--18a74ff61c65,004ce45d,004ce070,0x24,005ebfe0,
wiz8--gog-base--wiz8--18a74ff61c65,004cf045,004cf020,0x0,005ed358,
wiz8--gog-base--wiz8--18a74ff61c65,004cf099,004cf020,0x18,005ed354,
wiz8--gog-base--wiz8--18a74ff61c65,004cf0bf,004cf020,0x18,005ed350,
wiz8--gog-base--wiz8--18a74ff61c65,004cf0cd,004cf020,0x28,005ed34c,
wiz8--gog-base--wiz8--18a74ff61c65,004cf0f2,004cf020,0x28,005ed348,
wiz8--gog-base--wiz8--18a74ff61c65,004cf0fa,004cf020,0x0,005ed328,
wiz8--gog-base--wiz8--18a74ff61c65,004cf153,004cf110,0x0,005ed358,0x38
wiz8--gog-base--wiz8--18a74ff61c65,004cf1a3,004cf110,0x18,005ed354,
wiz8--gog-base--wiz8--18a74ff61c65,004cf1c9,004cf110,0x18,005ed350,
wiz8--gog-base--wiz8--18a74ff61c65,004cf1d7,004cf110,0x28,005ed34c,
wiz8--gog-base--wiz8--18a74ff61c65,004cf1f8,004cf110,0x28,005ed348,
wiz8--gog-base--wiz8--18a74ff61c65,004cf200,004cf110,0x0,005ed328,
wiz8--gog-base--wiz8--18a74ff61c65,004cf27e,004cf260,0x0,005ed328,
wiz8--gog-base--wiz8--18a74ff61c65,004cf31a,004cf260,0x28,005ed34c,
wiz8--gog-base--wiz8--18a74ff61c65,004cf32a,004cf260,0x18,005ed354,
wiz8--gog-base--wiz8--18a74ff61c65,004cf339,004cf260,0x0,005ed358,
wiz8--gog-base--wiz8--18a74ff61c65,004cf95e,004cf820,0x0,005ed358,
wiz8--gog-base--wiz8--18a74ff61c65,004cfa04,004cf9d0,0x0,005ed354,
wiz8--gog-base--wiz8--18a74ff61c65,004cfa24,004cf9d0,0x0,005ed34c,
wiz8--gog-base--wiz8--18a74ff61c65,004cfa47,004cfa40,0x0,005ed354,
wiz8--gog-base--wiz8--18a74ff61c65,004cfa97,004cfa90,0x0,005ed34c,
wiz8--gog-base--wiz8--18a74ff61c65,004d603b,004d6030,0x0,005ed098,
wiz8--gog-base--wiz8--18a74ff61c65,004d6068,004d6030,0x0,005ed094,
wiz8--gog-base--wiz8--18a74ff61c65,004d6078,004d6030,0x0,005ed094,
wiz8--gog-base--wiz8--18a74ff61c65,004d61d6,004d61b0,0x0,005ed3f8,
wiz8--gog-base--wiz8--18a74ff61c65,004d624c,004d61b0,0x0,005ed3c4,
wiz8--gog-base--wiz8--18a74ff61c65,004d62f8,004d61b0,0x0,005ebde0,
wiz8--gog-base--wiz8--18a74ff61c65,004d638f,004d6370,0x0,005ed3f8,
wiz8--gog-base--wiz8--18a74ff61c65,004d645d,004d6430,0x0,005ed3f8,
wiz8--gog-base--wiz8--18a74ff61c65,004d64d6,004d6430,0x0,005ed3c4,
wiz8--gog-base--wiz8--18a74ff61c65,004d6a8f,004d6a70,0x0,005ed3f8,
wiz8--gog-base--wiz8--18a74ff61c65,004d6c76,004d6bf0,0x0,005ed438,0x10
wiz8--gog-base--wiz8--18a74ff61c65,004d975d,004d9740,0x10,005ec160,
wiz8--gog-base--wiz8--18a74ff61c65,004d9781,004d9740,0x10,005ec15c,
wiz8--gog-base--wiz8--18a74ff61c65,004d9890,004d9740,0x10,005ec160,
wiz8--gog-base--wiz8--18a74ff61c65,004d9a47,004d9a40,0x0,005ed43c,
wiz8--gog-base--wiz8--18a74ff61c65,004d9a7b,004d9a70,0x0,005ed43c,
wiz8--gog-base--wiz8--18a74ff61c65,004e694a,004e6940,0x9b7,005ebfe0,
wiz8--gog-base--wiz8--18a74ff61c65,004e69ae,004e6940,0x9b7,005ebfe0,
wiz8--gog-base--wiz8--18a74ff61c65,004e6a17,004e6940,0xd8,005ebfe0,
wiz8--gog-base--wiz8--18a74ff61c65,004e6a35,004e6a30,0xd8,005ebfe0,
wiz8--gog-base--wiz8--18a74ff61c65,004ed908,004ed900,0x0,005ebfe0,
wiz8--gog-base--wiz8--18a74ff61c65,004f2c70,004f2c30,0x0,005ed5a4,
wiz8--gog-base--wiz8--18a74ff61c65,004f2d01,004f2ca0,0x0,005ed5a4,
wiz8--gog-base--wiz8--18a74ff61c65,004f3378,004f3370,0x0,005ed5b8,
wiz8--gog-base--wiz8--18a74ff61c65,004f33ac,004f3370,0x0,005ed5b8,
wiz8--gog-base--wiz8--18a74ff61c65,004f3d99,004f3d90,0x0,005ed5bc,
wiz8--gog-base--wiz8--18a74ff61c65,004f3df6,004f3d90,0x0,005ed5bc,
wiz8--gog-base--wiz8--18a74ff61c65,004f4194,004f3f30,0x60,005ed5b8,
wiz8--gog-base--wiz8--18a74ff61c65,004f4205,004f3f30,0x0,005ed604,
wiz8--gog-base--wiz8--18a74ff61c65,004f429c,004f4250,0x0,005ed5b8,
wiz8--gog-base--wiz8--18a74ff61c65,004f4320,004f4250,0x0,005ed604,
wiz8--gog-base--wiz8--18a74ff61c65,004f5456,004f5450,0x0,005ed664,
wiz8--gog-base--wiz8--18a74ff61c65,004f546b,004f5450,0x10,005ed660,
wiz8--gog-base--wiz8--18a74ff61c65,004f5490,004f5450,0x10,005ed65c,
wiz8--gog-base--wiz8--18a74ff61c65,004f549b,004f5450,0x0,005ed654,
wiz8--gog-base--wiz8--18a74ff61c65,004f5694,004f55c0,0x0,005ed66c,
wiz8--gog-base--wiz8--18a74ff61c65,004f5b85,004f5a80,0x0,005ed6b4,
wiz8--gog-base--wiz8--18a74ff61c65,004f6291,004f61f0,0x0,005ed74c,
wiz8--gog-base--wiz8--18a74ff61c65,004f62ee,004f61f0,0x0,005ed6fc,0xc0
wiz8--gog-base--wiz8--18a74ff61c65,004f634a,004f61f0,0x0,005ed6fc,
wiz8--gog-base--wiz8--18a74ff61c65,004f63dd,004f63c0,0x0,005ed74c,
wiz8--gog-base--wiz8--18a74ff61c65,004f6412,004f63c0,0x0,005ed5a4,
wiz8--gog-base--wiz8--18a74ff61c65,004f6622,004f65a0,0x0,005ed758,
wiz8--gog-base--wiz8--18a74ff61c65,004f664b,004f6640,0x60,005ed5b8,
wiz8--gog-base--wiz8--18a74ff61c65,004f665d,004f6640,0x0,005ed5bc,
wiz8--gog-base--wiz8--18a74ff61c65,004f6877,004f6870,0x0,005ed5b4,
wiz8--gog-base--wiz8--18a74ff61c65,004f68e7,004f68e0,0x0,005ed660,
wiz8--gog-base--wiz8--18a74ff61c65,004f6934,004f6910,0x0,005ed660,
wiz8--gog-base--wiz8--18a74ff61c65,004f8902,004f88f0,0x38,005ec0e0,
wiz8--gog-base--wiz8--18a74ff61c65,004f8c8d,004f88f0,0x38,005ec0e0,
wiz8--gog-base--wiz8--18a74ff61c65,004f8cc8,004f8cb0,0x3c,005ec15c,
wiz8--gog-base--wiz8--18a74ff61c65,004f91bd,004f8cb0,0x40,005ec160,
wiz8--gog-base--wiz8--18a74ff61c65,004f958b,004f9580,0x0,005ec160,
wiz8--gog-base--wiz8--18a74ff61c65,004fb5b1,004fb360,0x0,005ec280,
wiz8--gog-base--wiz8--18a74ff61c65,004fcece,004fb360,0x17e,005ebfec,
wiz8--gog-base--wiz8--18a74ff61c65,004fcee4,004fb360,0x110,005ebfe8,
wiz8--gog-base--wiz8--18a74ff61c65,004fcefa,004fb360,0x100,005ebfe4,
wiz8--gog-base--wiz8--18a74ff61c65,00501e5b,00501e50,0x0,005ebfe8,
wiz8--gog-base--wiz8--18a74ff61c65,00501e88,00501e50,0x0,005ec27c,
wiz8--gog-base--wiz8--18a74ff61c65,00501e98,00501e50,0x0,005ec27c,
wiz8--gog-base--wiz8--18a74ff61c65,00501ebb,00501eb0,0x0,005ed7d8,
wiz8--gog-base--wiz8--18a74ff61c65,00501ee8,00501eb0,0x0,005ed7d4,
wiz8--gog-base--wiz8--18a74ff61c65,00501ef8,00501eb0,0x0,005ed7d4,
wiz8--gog-base--wiz8--18a74ff61c65,00501f14,00501eb0,0x0,005ed7d8,
wiz8--gog-base--wiz8--18a74ff61c65,00501f37,00501f30,0x0,005ed7d8,
wiz8--gog-base--wiz8--18a74ff61c65,00501f8b,00501f80,0x0,005ebfe4,
wiz8--gog-base--wiz8--18a74ff61c65,00501fd5,00501fd0,0x5a,005ebfec,
wiz8--gog-base--wiz8--18a74ff61c65,00501ff7,00501fd0,0x5a,005ece4c,
wiz8--gog-base--wiz8--18a74ff61c65,00502005,00501fd0,0x5a,005ece4c,
wiz8--gog-base--wiz8--18a74ff61c65,005098ce,00509890,0x0,005ed810,0x10
wiz8--gog-base--wiz8--18a74ff61c65,00509a84,00509890,0x0,005ed810,
wiz8--gog-base--wiz8--18a74ff61c65,0050bcb3,0050bc90,0x28,005ec0e0,
wiz8--gog-base--wiz8--18a74ff61c65,0050be8f,0050bc90,0x24,005ec0e0,
wiz8--gog-base--wiz8--18a74ff61c65,0050bf29,0050bc90,0x28,005ec0e0,
wiz8--gog-base--wiz8--18a74ff61c65,0050bfb8,0050bc90,0x28,005ec0e0,
wiz8--gog-base--wiz8--18a74ff61c65,0050bfe2,0050bc90,0x28,005ec0e0,
wiz8--gog-base--wiz8--18a74ff61c65,0050c00c,0050bc90,0x28,005ec0e0,
wiz8--gog-base--wiz8--18a74ff61c65,0050e517,0050e510,0x0,005ed810,
wiz8--gog-base--wiz8--18a74ff61c65,005126c3,00511df0,0x0,005ebd10,
wiz8--gog-base--wiz8--18a74ff61c65,00513f85,00513d80,0x24,005ec51c,
wiz8--gog-base--wiz8--18a74ff61c65,00513fbc,00513d80,0x24,005ec51c,
wiz8--gog-base--wiz8--18a74ff61c65,005142c8,00513d80,0x24,005ec51c,
wiz8--gog-base--wiz8--18a74ff61c65,005158bb,00515840,0x0,005ebd10,
wiz8--gog-base--wiz8--18a74ff61c65,005163c2,00516310,0x100,005ebfe4,
wiz8--gog-base--wiz8--18a74ff61c65,00516403,00516310,0x110,005ebfe8,
wiz8--gog-base--wiz8--18a74ff61c65,00516433,00516310,0x110,005ec27c,
wiz8--gog-base--wiz8--18a74ff61c65,00516454,00516310,0x0,005ece4c,
wiz8--gog-base--wiz8--18a74ff61c65,0051695b,00516950,0x0,005ebfec,
wiz8--gog-base--wiz8--18a74ff61c65,0051781b,00517810,0x0,005ed844,
wiz8--gog-base--wiz8--18a74ff61c65,00517848,00517810,0x0,005ed840,
wiz8--gog-base--wiz8--18a74ff61c65,00517858,00517810,0x0,005ed840,
wiz8--gog-base--wiz8--18a74ff61c65,00517874,00517810,0x0,005ed844,
wiz8--gog-base--wiz8--18a74ff61c65,00517897,00517890,0x0,005ed844,
wiz8--gog-base--wiz8--18a74ff61c65,005178e4,005178c0,0x4,005ed844,
wiz8--gog-base--wiz8--18a74ff61c65,0051790b,00517900,0x4,005ed844,
wiz8--gog-base--wiz8--18a74ff61c65,0051792d,00517900,0x4,005ed840,
wiz8--gog-base--wiz8--18a74ff61c65,0051793b,00517900,0x4,005ed840,
wiz8--gog-base--wiz8--18a74ff61c65,0052a297,0052a290,0x0,005ed890,
wiz8--gog-base--wiz8--18a74ff61c65,0052a2c7,0052a2c0,0x0,005ed894,
wiz8--gog-base--wiz8--18a74ff61c65,0052d4a8,0052d460,0x0,005ee748,
wiz8--gog-base--wiz8--18a74ff61c65,0052d4d5,0052d460,0x10,005ee748,
wiz8--gog-base--wiz8--18a74ff61c65,0052d504,0052d460,0x20,005ee748,
wiz8--gog-base--wiz8--18a74ff61c65,0052d533,0052d460,0x30,005ee748,
wiz8--gog-base--wiz8--18a74ff61c65,0052d562,0052d460,0x40,005ee744,
wiz8--gog-base--wiz8--18a74ff61c65,0052e524,0052e3b0,0x0,005ee74c,
wiz8--gog-base--wiz8--18a74ff61c65,0052e547,0052e540,0x0,005ee74c,
wiz8--gog-base--wiz8--18a74ff61c65,0053270f,005326f0,0xc,005ee778,
wiz8--gog-base--wiz8--18a74ff61c65,00532759,005326f0,0xc,005ee778,
wiz8--gog-base--wiz8--18a74ff61c65,005327ae,005326f0,0xc,005ee778,
wiz8--gog-base--wiz8--18a74ff61c65,005358d4,005355d0,0x0,005ee778,
wiz8--gog-base--wiz8--18a74ff61c65,005358f7,005358f0,0x0,005ee778,
wiz8--gog-base--wiz8--18a74ff61c65,0053815c,00538140,0xc,005ebfe0,
wiz8--gog-base--wiz8--18a74ff61c65,00538259,00538140,0x14,005ebfe0,
wiz8--gog-base--wiz8--18a74ff61c65,0053829d,00538280,0x10,005ebfe0,
wiz8--gog-base--wiz8--18a74ff61c65,005383b8,00538280,0x18,005ebfe0,
wiz8--gog-base--wiz8--18a74ff61c65,0053a94e,0053a930,0x1c,005ebfe0,
wiz8--gog-base--wiz8--18a74ff61c65,0053abfe,0053a930,0x1c,005ebfe0,
wiz8--gog-base--wiz8--18a74ff61c65,0053b7c9,0053b660,0x3c,005ebfe0,
wiz8--gog-base--wiz8--18a74ff61c65,0053e29a,0053e250,0x130,005ebfec,
wiz8--gog-base--wiz8--18a74ff61c65,0053e2c6,0053e250,0x130,005ece4c,
wiz8--gog-base--wiz8--18a74ff61c65,0053e3e6,0053e250,0x144,005ebfec,
wiz8--gog-base--wiz8--18a74ff61c65,0053e9a7,0053e250,0x150,005ebfec,
wiz8--gog-base--wiz8--18a74ff61c65,0053f5a9,0053e250,0x150,005ebfec,
wiz8--gog-base--wiz8--18a74ff61c65,0053fa15,0053e250,0x130,005ebfec,
wiz8--gog-base--wiz8--18a74ff61c65,0053fac3,0053e250,0x130,005ebfec,
wiz8--gog-base--wiz8--18a74ff61c65,005401b4,0053ffe0,0x168,005ebfec,
wiz8--gog-base--wiz8--18a74ff61c65,005401e2,0053ffe0,0x168,005ece4c,
wiz8--gog-base--wiz8--18a74ff61c65,0054075c,0053ffe0,0x188,005ebfec,
wiz8--gog-base--wiz8--18a74ff61c65,005411f8,0053ffe0,0x168,005ebfec,
wiz8--gog-base--wiz8--18a74ff61c65,00541289,0053ffe0,0x168,005ebfec,
wiz8--gog-base--wiz8--18a74ff61c65,005432bc,00543260,0x7c,005ece4c,
wiz8--gog-base--wiz8--18a74ff61c65,00546199,00545e50,0x24,005ee7e8,
wiz8--gog-base--wiz8--18a74ff61c65,005466d5,00545e50,0x24,005ee7e8,
wiz8--gog-base--wiz8--18a74ff61c65,005468a4,00545e50,0x24,005ee7e8,
wiz8--gog-base--wiz8--18a74ff61c65,00546da4,00546b40,0x0,005ee7e8,
wiz8--gog-base--wiz8--18a74ff61c65,00546dc7,00546dc0,0x0,005ee7e8,
wiz8--gog-base--wiz8--18a74ff61c65,00548dc9,00547cb0,0x28,005ebfe0,
wiz8--gog-base--wiz8--18a74ff61c65,00552f10,00552ef0,0x20,005ebfe0,
wiz8--gog-base--wiz8--18a74ff61c65,00552f59,00552ef0,0xb8,005ece4c,
wiz8--gog-base--wiz8--18a74ff61c65,0055330f,00552ef0,0xbc,005ebfec,
wiz8--gog-base--wiz8--18a74ff61c65,00553324,00552ef0,0x24,005ebfe0,
wiz8--gog-base--wiz8--18a74ff61c65,0055337f,00553350,0x60,005ece4c,
wiz8--gog-base--wiz8--18a74ff61c65,005533a3,00553350,0x64,005ebfec,
wiz8--gog-base--wiz8--18a74ff61c65,00553513,00553350,0x6c,005ebfec,
wiz8--gog-base--wiz8--18a74ff61c65,005535fe,005535d0,0x60,005ece4c,
wiz8--gog-base--wiz8--18a74ff61c65,00553748,005535d0,0x64,005ebfec,
wiz8--gog-base--wiz8--18a74ff61c65,0055379e,00553770,0x60,005ece4c,
wiz8--gog-base--wiz8--18a74ff61c65,005538e7,00553770,0x64,005ebfec,
wiz8--gog-base--wiz8--18a74ff61c65,00558861,00558820,0x0,005ee8a0,0x10
wiz8--gog-base--wiz8--18a74ff61c65,00558c17,00558c10,0x0,005ee8a0,
wiz8--gog-base--wiz8--18a74ff61c65,0055bd08,0055bce0,0x8,005ee8cc,
wiz8--gog-base--wiz8--18a74ff61c65,0055bd2e,0055bce0,0x8,005ee8c8,
wiz8--gog-base--wiz8--18a74ff61c65,0055bd3b,0055bce0,0x18,005ec0e0,
wiz8--gog-base--wiz8--18a74ff61c65,0055bd63,0055bce0,0x28,005ec0e0,
wiz8--gog-base--wiz8--18a74ff61c65,0055bd8b,0055bce0,0x38,005ec0e0,
wiz8--gog-base--wiz8--18a74ff61c65,0055bde7,0055bde0,0x38,005ec0e0,
wiz8--gog-base--wiz8--18a74ff61c65,0055bdf7,0055bde0,0x28,005ec0e0,
wiz8--gog-base--wiz8--18a74ff61c65,0055be07,0055bde0,0x18,005ec0e0,
wiz8--gog-base--wiz8--18a74ff61c65,0055be17,0055bde0,0x8,005ee8cc,
wiz8--gog-base--wiz8--18a74ff61c65,0055cb94,0055c930,0x0,005ee8cc,
wiz8--gog-base--wiz8--18a74ff61c65,0055cbb7,0055cbb0,0x0,005ee8cc,
wiz8--gog-base--wiz8--18a74ff61c65,0055cff4,0055cfd0,0x4,005ee8f8,
wiz8--gog-base--wiz8--18a74ff61c65,0055d01b,0055cfd0,0x4,005ee8f4,
wiz8--gog-base--wiz8--18a74ff61c65,0055d149,0055cfd0,0x0,005ee8f0,
wiz8--gog-base--wiz8--18a74ff61c65,0055d19f,0055d180,0x0,005ee8f0,
wiz8--gog-base--wiz8--18a74ff61c65,0055d235,0055d180,0x0,005ee8f8,
wiz8--gog-base--wiz8--18a74ff61c65,0055db64,0055d800,0x0,005ee8f8,
wiz8--gog-base--wiz8--18a74ff61c65,0055ddf7,0055ddf0,0x0,005ee8f8,
wiz8--gog-base--wiz8--18a74ff61c65,0055dec4,0055de40,0x0,005ee920,
wiz8--gog-base--wiz8--18a74ff61c65,0055e598,0055e2c0,0x0,005ee92c,
wiz8--gog-base--wiz8--18a74ff61c65,0056b801,0056b6f0,0x0,005ebd10,
wiz8--gog-base--wiz8--18a74ff61c65,0056b96a,0056b960,0x218,005ee9d4,
wiz8--gog-base--wiz8--18a74ff61c65,0056b980,0056b960,0x1dc,005ee9d0,
wiz8--gog-base--wiz8--18a74ff61c65,0056b9c0,0056b9a0,0x1dc,005ee9d0,
wiz8--gog-base--wiz8--18a74ff61c65,0056b9f6,0056b9a0,0x1dc,005ee9dc,
wiz8--gog-base--wiz8--18a74ff61c65,0056ba06,0056b9a0,0x218,005ee9d4,
wiz8--gog-base--wiz8--18a74ff61c65,0056ba3e,0056b9a0,0x218,005ee9d8,
wiz8--gog-base--wiz8--18a74ff61c65,0056bf80,0056bc50,0x0,005ee9fc,0x10
wiz8--gog-base--wiz8--18a74ff61c65,0056c23b,0056c200,0x0,005eea00,0x10
wiz8--gog-base--wiz8--18a74ff61c65,0056c31d,0056c200,0x0,005eea00,0x10
wiz8--gog-base--wiz8--18a74ff61c65,0056d225,0056d1d0,0x0,005ee9f0,0x50
wiz8--gog-base--wiz8--18a74ff61c65,0056d429,0056d1d0,0x0,005ee9e4,
wiz8--gog-base--wiz8--18a74ff61c65,00577a84,00576850,0x0,005ee9d0,
wiz8--gog-base--wiz8--18a74ff61c65,00577aa7,00577aa0,0x0,005ee9fc,
wiz8--gog-base--wiz8--18a74ff61c65,00577ad7,00577ad0,0x0,005ee9d0,
wiz8--gog-base--wiz8--18a74ff61c65,00577b27,00577b20,0x0,005ee9d4,
wiz8--gog-base--wiz8--18a74ff61c65,00577b74,00577b50,0x0,005ee9d4,
wiz8--gog-base--wiz8--18a74ff61c65,00577b97,00577b90,0x0,005ee9e0,
wiz8--gog-base--wiz8--18a74ff61c65,00577bc7,00577bc0,0x0,005eea00,
wiz8--gog-base--wiz8--18a74ff61c65,0057e605,0057e5d0,0x0,005eea2c,0x10
wiz8--gog-base--wiz8--18a74ff61c65,0057e628,0057e5d0,0x0,005eea28,
wiz8--gog-base--wiz8--18a74ff61c65,0057e637,0057e5d0,0x0,005eea28,
wiz8--gog-base--wiz8--18a74ff61c65,0057eab8,0057e660,0x0,005ebd10,0x5c
wiz8--gog-base--wiz8--18a74ff61c65,0057eb9a,0057e660,0x14,005ec164,
wiz8--gog-base--wiz8--18a74ff61c65,0057ecbd,0057e660,0x0,005ed180,0x150
wiz8--gog-base--wiz8--18a74ff61c65,0057eeb0,0057e660,0x18,005ec168,
wiz8--gog-base--wiz8--18a74ff61c65,005803a4,00580380,0x4c,005ec018,
wiz8--gog-base--wiz8--18a74ff61c65,005803cc,00580380,0x4c,005ec004,
wiz8--gog-base--wiz8--18a74ff61c65,00580687,00580380,0x4c,005ec004,
wiz8--gog-base--wiz8--18a74ff61c65,00580a19,005809f0,0x54,005ec018,
wiz8--gog-base--wiz8--18a74ff61c65,00580ef4,005809f0,0x58,005ec004,
wiz8--gog-base--wiz8--18a74ff61c65,00581146,005809f0,0x0,005ebd10,
wiz8--gog-base--wiz8--18a74ff61c65,005812f1,005809f0,0x0,005ebd10,
wiz8--gog-base--wiz8--18a74ff61c65,00582310,005822c0,0x0,005ebfb4,0x10
wiz8--gog-base--wiz8--18a74ff61c65,00583469,005833e0,0x0,005ebd10,0x5c
wiz8--gog-base--wiz8--18a74ff61c65,0058534b,00585340,0x0,005ed1b4,
wiz8--gog-base--wiz8--18a74ff61c65,00585378,00585340,0x0,005ed1b8,
wiz8--gog-base--wiz8--18a74ff61c65,00585388,00585340,0x0,005ed1b8,
wiz8--gog-base--wiz8--18a74ff61c65,005853f7,005853f0,0x0,005eea2c,
wiz8--gog-base--wiz8--18a74ff61c65,00585444,00585420,0x0,005eea2c,
wiz8--gog-base--wiz8--18a74ff61c65,0058546b,00585460,0x0,005ebfb8,
wiz8--gog-base--wiz8--18a74ff61c65,00585721,005856e0,0x4c,005eeabc,
wiz8--gog-base--wiz8--18a74ff61c65,00585781,005856e0,0x0,005eeaac,
wiz8--gog-base--wiz8--18a74ff61c65,00585787,005856e0,0x4c,005eeaa8,
wiz8--gog-base--wiz8--18a74ff61c65,00585800,005856e0,0x0,005eea60,
wiz8--gog-base--wiz8--18a74ff61c65,005858dd,005858c0,0x0,005eeaac,
wiz8--gog-base--wiz8--18a74ff61c65,005858e3,005858c0,0x4c,005eeaa8,
wiz8--gog-base--wiz8--18a74ff61c65,00585b60,00585b00,0x0,005eeac0,
wiz8--gog-base--wiz8--18a74ff61c65,00585e3d,00585e20,0x0,005eeac0,
wiz8--gog-base--wiz8--18a74ff61c65,005861c2,005861a0,0x0,005eeae0,
wiz8--gog-base--wiz8--18a74ff61c65,005861cb,005861a0,0x0,005ed664,
wiz8--gog-base--wiz8--18a74ff61c65,005861e8,005861a0,0x0,005eead8,
wiz8--gog-base--wiz8--18a74ff61c65,005861ee,005861a0,0x0,005eead0,
wiz8--gog-base--wiz8--18a74ff61c65,005866be,005866a0,0x0,005eead8,
wiz8--gog-base--wiz8--18a74ff61c65,005866c4,005866a0,0x4,005eead0,
wiz8--gog-base--wiz8--18a74ff61c65,00587d3d,00587cf0,0x0,005eeb48,
wiz8--gog-base--wiz8--18a74ff61c65,00587dd0,00587cf0,0x0,005eeafc,
wiz8--gog-base--wiz8--18a74ff61c65,00587dd6,00587cf0,0x0,005eeaf8,
wiz8--gog-base--wiz8--18a74ff61c65,005882ba,00588260,0x0,005eeb4c,
wiz8--gog-base--wiz8--18a74ff61c65,0058850d,005884d0,0x4c,005ed664,
wiz8--gog-base--wiz8--18a74ff61c65,00588514,005884d0,0x50,005eebb8,
wiz8--gog-base--wiz8--18a74ff61c65,00588586,005884d0,0x0,005eeba8,
wiz8--gog-base--wiz8--18a74ff61c65,00588592,005884d0,0x50,005eeb9c,
wiz8--gog-base--wiz8--18a74ff61c65,005887ad,00588790,0x0,005eeba8,
wiz8--gog-base--wiz8--18a74ff61c65,005887b3,00588790,0x4c,005eeba0,
wiz8--gog-base--wiz8--18a74ff61c65,005887ba,00588790,0x50,005eeb9c,
wiz8--gog-base--wiz8--18a74ff61c65,00588ae9,00588a90,0x0,005eebc0,
wiz8--gog-base--wiz8--18a74ff61c65,00588dcd,00588db0,0x0,005eebc0,
wiz8--gog-base--wiz8--18a74ff61c65,00589182,00589160,0x0,005eebdc,
wiz8--gog-base--wiz8--18a74ff61c65,00589188,00589160,0x4,005ed664,
wiz8--gog-base--wiz8--18a74ff61c65,005891b3,00589160,0x0,005eebd8,
wiz8--gog-base--wiz8--18a74ff61c65,005891b9,00589160,0x0,005eebd0,
wiz8--gog-base--wiz8--18a74ff61c65,005894ce,005894b0,0x0,005eebd8,
wiz8--gog-base--wiz8--18a74ff61c65,005894d4,005894b0,0x4,005eebd0,
wiz8--gog-base--wiz8--18a74ff61c65,0059bec2,0059bdb0,0x0,005eec50,
wiz8--gog-base--wiz8--18a74ff61c65,005a36a4,005a3060,0x0,005eed08,
wiz8--gog-base--wiz8--18a74ff61c65,005a3f66,005a3ee0,0x0,005eed08,
wiz8--gog-base--wiz8--18a74ff61c65,005a73cc,005a7370,0xb8,005ed664,
wiz8--gog-base--wiz8--18a74ff61c65,005a73dc,005a7370,0x0,005eed3c,
wiz8--gog-base--wiz8--18a74ff61c65,005a752d,005a7510,0x0,005eed3c,
wiz8--gog-base--wiz8--18a74ff61c65,005a763d,005a7620,0x0,005eed8c,
wiz8--gog-base--wiz8--18a74ff61c65,005a76ed,005a76d0,0x0,005eeddc,
wiz8--gog-base--wiz8--18a74ff61c65,005a776d,005a7750,0x0,005eee2c,
wiz8--gog-base--wiz8--18a74ff61c65,005a786b,005a7750,0x0,005ebd10,0x5c
wiz8--gog-base--wiz8--18a74ff61c65,005a7f50,005a7f30,0x0,005ed66c,
wiz8--gog-base--wiz8--18a74ff61c65,005a8055,005a8050,0x0,005eef68,
wiz8--gog-base--wiz8--18a74ff61c65,005a80ea,005a80a0,0x0,005eef6c,
wiz8--gog-base--wiz8--18a74ff61c65,005a8190,005a8170,0x0,005eef6c,
wiz8--gog-base--wiz8--18a74ff61c65,005a8227,005a81e0,0x58,005eefd0,
wiz8--gog-base--wiz8--18a74ff61c65,005a824c,005a81e0,0x58,005eefcc,
wiz8--gog-base--wiz8--18a74ff61c65,005a828a,005a81e0,0x0,005eefa8,0x5eefc8
wiz8--gog-base--wiz8--18a74ff61c65,005a833f,005a8320,0x0,005eefa8,
wiz8--gog-base--wiz8--18a74ff61c65,005a8401,005a8320,0x58,005eefd0,
wiz8--gog-base--wiz8--18a74ff61c65,005a85f9,005a84e0,0x0,005eed8c,
wiz8--gog-base--wiz8--18a74ff61c65,005a87ab,005a8670,0x0,005eeddc,
wiz8--gog-base--wiz8--18a74ff61c65,005a8948,005a8800,0x0,005eef20,
wiz8--gog-base--wiz8--18a74ff61c65,005a8a65,005a8980,0x0,005eefd4,0x28
wiz8--gog-base--wiz8--18a74ff61c65,005a8b50,005a8b30,0x0,005eefd4,
wiz8--gog-base--wiz8--18a74ff61c65,005a8b5a,005a8b30,0x10,005ed660,
wiz8--gog-base--wiz8--18a74ff61c65,005a8cd3,005a8c90,0x0,005ed664,
wiz8--gog-base--wiz8--18a74ff61c65,005a8ce3,005a8c90,0x0,005eefec,
wiz8--gog-base--wiz8--18a74ff61c65,005a8ce9,005a8c90,0x0,005eefe4,
wiz8--gog-base--wiz8--18a74ff61c65,005a8e7d,005a8e60,0x0,005eefec,
wiz8--gog-base--wiz8--18a74ff61c65,005a8e83,005a8e60,0x4c,005eefe4,
wiz8--gog-base--wiz8--18a74ff61c65,005a90ad,005a9090,0x0,005ef018,
wiz8--gog-base--wiz8--18a74ff61c65,005a90b3,005a9090,0x4,005ed664,
wiz8--gog-base--wiz8--18a74ff61c65,005a90bb,005a9090,0x8,005ef014,
wiz8--gog-base--wiz8--18a74ff61c65,005a90cb,005a9090,0x0,005ef010,
wiz8--gog-base--wiz8--18a74ff61c65,005a90f2,005a9090,0x0,005ef00c,
wiz8--gog-base--wiz8--18a74ff61c65,005a911b,005a9090,0x0,005ef008,
wiz8--gog-base--wiz8--18a74ff61c65,005a9121,005a9090,0x4,005ef000,
wiz8--gog-base--wiz8--18a74ff61c65,005a9128,005a9090,0x8,005eeffc,
wiz8--gog-base--wiz8--18a74ff61c65,005a9222,005a9200,0x0,005ef008,
wiz8--gog-base--wiz8--18a74ff61c65,005a9228,005a9200,0x4,005ef000,
wiz8--gog-base--wiz8--18a74ff61c65,005a922f,005a9200,0x8,005eeffc,
wiz8--gog-base--wiz8--18a74ff61c65,005a92c3,005a9200,0x10,005ed660,
wiz8--gog-base--wiz8--18a74ff61c65,005a932c,005a9200,0x0,005eefe0,
wiz8--gog-base--wiz8--18a74ff61c65,005a935a,005a9200,0xc,005ef010,
wiz8--gog-base--wiz8--18a74ff61c65,005a93a4,005a9380,0x10,005ed660,
wiz8--gog-base--wiz8--18a74ff61c65,005a9488,005a9380,0x0,005ef01c,0x20
wiz8--gog-base--wiz8--18a74ff61c65,005a9836,005a9820,0x0,005eef68,
wiz8--gog-base--wiz8--18a74ff61c65,005aa879,005aa730,0x0,005eee2c,
wiz8--gog-base--wiz8--18a74ff61c65,005ab837,005ab810,0x9c,005ed660,
wiz8--gog-base--wiz8--18a74ff61c65,005ab849,005ab810,0x0,005eefa8,
wiz8--gog-base--wiz8--18a74ff61c65,005ab8ca,005ab810,0x10,005ed660,
wiz8--gog-base--wiz8--18a74ff61c65,005ab8e2,005ab810,0x0,005eefc8,
wiz8--gog-base--wiz8--18a74ff61c65,005ab8f5,005ab810,0x58,005eefd0,
wiz8--gog-base--wiz8--18a74ff61c65,005abb44,005ab810,0x0,005eee80,
wiz8--gog-base--wiz8--18a74ff61c65,005abb86,005ab810,0x0,005eeed0,
wiz8--gog-base--wiz8--18a74ff61c65,005abc7f,005ab810,0x0,005eee80,
wiz8--gog-base--wiz8--18a74ff61c65,005ac011,005abe60,0x0,005ef174,0x78
wiz8--gog-base--wiz8--18a74ff61c65,005ac053,005abe60,0x0,005ef158,0x78
wiz8--gog-base--wiz8--18a74ff61c65,005ac098,005abe60,0x78,005ef150,
wiz8--gog-base--wiz8--18a74ff61c65,005ac09f,005abe60,0x7c,005ed664,
wiz8--gog-base--wiz8--18a74ff61c65,005ac0a6,005abe60,0x0,005ef134,0x84
wiz8--gog-base--wiz8--18a74ff61c65,005ac0ac,005abe60,0x78,005ef12c,
wiz8--gog-base--wiz8--18a74ff61c65,005ac0b3,005abe60,0x7c,005ef124,
wiz8--gog-base--wiz8--18a74ff61c65,005ac0f9,005abe60,0x78,005ef150,
wiz8--gog-base--wiz8--18a74ff61c65,005ac100,005abe60,0x7c,005ed664,
wiz8--gog-base--wiz8--18a74ff61c65,005ac107,005abe60,0x0,005ef108,0xa0
wiz8--gog-base--wiz8--18a74ff61c65,005ac10d,005abe60,0x78,005ef100,
wiz8--gog-base--wiz8--18a74ff61c65,005ac114,005abe60,0x7c,005ef0f8,
wiz8--gog-base--wiz8--18a74ff61c65,005ac157,005abe60,0x78,005ef150,
wiz8--gog-base--wiz8--18a74ff61c65,005ac15e,005abe60,0x0,005ef0dc,0x7c
wiz8--gog-base--wiz8--18a74ff61c65,005ac164,005abe60,0x78,005ef0d4,
wiz8--gog-base--wiz8--18a74ff61c65,005ac1a7,005abe60,0x0,005ef0b8,0x78
wiz8--gog-base--wiz8--18a74ff61c65,005ac1eb,005abe60,0x78,005ed664,
wiz8--gog-base--wiz8--18a74ff61c65,005ac1f2,005abe60,0x7c,005ef018,
wiz8--gog-base--wiz8--18a74ff61c65,005ac1f9,005abe60,0x80,005ef050,
wiz8--gog-base--wiz8--18a74ff61c65,005ac203,005abe60,0x84,005ef014,
wiz8--gog-base--wiz8--18a74ff61c65,005ac22d,005abe60,0x0,005ef034,
wiz8--gog-base--wiz8--18a74ff61c65,005ac233,005abe60,0x78,005ef02c,
wiz8--gog-base--wiz8--18a74ff61c65,005ac23a,005abe60,0x7c,005ef028,
wiz8--gog-base--wiz8--18a74ff61c65,005ac241,005abe60,0x80,005ef024,
wiz8--gog-base--wiz8--18a74ff61c65,005ac24b,005abe60,0x84,005ef020,
wiz8--gog-base--wiz8--18a74ff61c65,005ac2b1,005abe60,0x0,005ef09c,
wiz8--gog-base--wiz8--18a74ff61c65,005ac2fd,005abe60,0x78,005ed664,
wiz8--gog-base--wiz8--18a74ff61c65,005ac304,005abe60,0x7c,005ef014,
wiz8--gog-base--wiz8--18a74ff61c65,005ac325,005abe60,0x88,005ef018,
wiz8--gog-base--wiz8--18a74ff61c65,005ac347,005abe60,0x0,005ef08c,
wiz8--gog-base--wiz8--18a74ff61c65,005ac3a4,005abe60,0x0,005ef09c,
wiz8--gog-base--wiz8--18a74ff61c65,005ac3fd,005abe60,0x0,005ef09c,
wiz8--gog-base--wiz8--18a74ff61c65,005ac449,005abe60,0x78,005ed664,
wiz8--gog-base--wiz8--18a74ff61c65,005ac450,005abe60,0x7c,005ef014,
wiz8--gog-base--wiz8--18a74ff61c65,005ac46b,005abe60,0x88,005ef018,
wiz8--gog-base--wiz8--18a74ff61c65,005ac4a1,005abe60,0x0,005ef070,
wiz8--gog-base--wiz8--18a74ff61c65,005ac4a7,005abe60,0x78,005ef068,
wiz8--gog-base--wiz8--18a74ff61c65,005ac4ae,005abe60,0x7c,005ef064,
wiz8--gog-base--wiz8--18a74ff61c65,005ac4b5,005abe60,0x80,005ef060,
wiz8--gog-base--wiz8--18a74ff61c65,005ac4bf,005abe60,0x84,005ef058,
wiz8--gog-base--wiz8--18a74ff61c65,005ac4c9,005abe60,0x88,005ef054,
wiz8--gog-base--wiz8--18a74ff61c65,005ac57f,005ac560,0x0,005eefa8,
wiz8--gog-base--wiz8--18a74ff61c65,005ac641,005ac560,0x58,005eefd0,
wiz8--gog-base--wiz8--18a74ff61c65,005ac6bf,005ac6a0,0x0,005eefa8,
wiz8--gog-base--wiz8--18a74ff61c65,005ac781,005ac6a0,0x58,005eefd0,
wiz8--gog-base--wiz8--18a74ff61c65,005ac7ff,005ac7e0,0x0,005eefa8,
wiz8--gog-base--wiz8--18a74ff61c65,005ac8c1,005ac7e0,0x58,005eefd0,
wiz8--gog-base--wiz8--18a74ff61c65,005ac93f,005ac920,0x0,005eefa8,
wiz8--gog-base--wiz8--18a74ff61c65,005aca01,005ac920,0x58,005eefd0,
wiz8--gog-base--wiz8--18a74ff61c65,005aca7f,005aca60,0x0,005eefa8,
wiz8--gog-base--wiz8--18a74ff61c65,005acb41,005aca60,0x58,005eefd0,
wiz8--gog-base--wiz8--18a74ff61c65,005acbbf,005acba0,0x0,005eefa8,
wiz8--gog-base--wiz8--18a74ff61c65,005acc81,005acba0,0x58,005eefd0,
wiz8--gog-base--wiz8--18a74ff61c65,005accff,005acce0,0x0,005eefa8,
wiz8--gog-base--wiz8--18a74ff61c65,005acdc1,005acce0,0x58,005eefd0,
wiz8--gog-base--wiz8--18a74ff61c65,005ace46,005ace20,0xb0,005ed660,
wiz8--gog-base--wiz8--18a74ff61c65,005ace6e,005ace20,0x0,005eefa8,
wiz8--gog-base--wiz8--18a74ff61c65,005acf0f,005ace20,0x0,005eefd0,
wiz8--gog-base--wiz8--18a74ff61c65,005acf44,005ace20,0x0,005eefd0,
wiz8--gog-base--wiz8--18a74ff61c65,005acf64,005ace20,0x0,005eefc8,
wiz8--gog-base--wiz8--18a74ff61c65,005acf84,005ace20,0x0,005eefe0,
wiz8--gog-base--wiz8--18a74ff61c65,005acfa4,005ace20,0x0,005ef010,
wiz8--gog-base--wiz8--18a74ff61c65,005acfcb,005acfc0,0x0,005ef190,
wiz8--gog-base--wiz8--18a74ff61c65,005acff8,005acfc0,0x0,005ef08c,
wiz8--gog-base--wiz8--18a74ff61c65,005ad008,005acfc0,0x0,005ef08c,
wiz8--gog-base--wiz8--18a74ff61c65,005ad047,005ad040,0x0,005eefd0,
wiz8--gog-base--wiz8--18a74ff61c65,005ad097,005ad090,0x0,005eefc8,
wiz8--gog-base--wiz8--18a74ff61c65,005ad0e7,005ad0e0,0x0,005eefe0,
wiz8--gog-base--wiz8--18a74ff61c65,005ad137,005ad130,0x0,005ef010,
wiz8--gog-base--wiz8--18a74ff61c65,005ad187,005ad180,0x0,005ef190,
wiz8--gog-base--wiz8--18a74ff61c65,005ad1db,005ad1d0,0x0,005eefe0,
wiz8--gog-base--wiz8--18a74ff61c65,005ad22b,005ad220,0x0,005ef190,
wiz8--gog-base--wiz8--18a74ff61c65,005af6e1,005aefc0,0x0,005ef1d8,
wiz8--gog-base--wiz8--18a74ff61c65,005af998,005af990,0x0,005ef1d8,
wiz8--gog-base--wiz8--18a74ff61c65,005afdd3,005afd90,0x4c,005ef218,
wiz8--gog-base--wiz8--18a74ff61c65,005afdfc,005afd90,0x4c,005ef214,
wiz8--gog-base--wiz8--18a74ff61c65,005afe06,005afd90,0x0,005ef1e4,
wiz8--gog-base--wiz8--18a74ff61c65,005afe5e,005afe40,0x0,005ef1e4,
wiz8--gog-base--wiz8--18a74ff61c65,005afec5,005afe40,0x4c,005ef218,
wiz8--gog-base--wiz8--18a74ff61c65,005b004a,005affc0,0x4,005ed664,
wiz8--gog-base--wiz8--18a74ff61c65,005b007c,005affc0,0x0,005ef224,
wiz8--gog-base--wiz8--18a74ff61c65,005b0083,005affc0,0x4,005ef21c,
wiz8--gog-base--wiz8--18a74ff61c65,005b185a,005b1750,0x0,005ef224,
wiz8--gog-base--wiz8--18a74ff61c65,005b1860,005b1750,0x4,005ef21c,
wiz8--gog-base--wiz8--18a74ff61c65,005b1b74,005b1750,0x0,005ef218,
wiz8--gog-base--wiz8--18a74ff61c65,005b1b97,005b1b90,0x0,005ef218,
wiz8--gog-base--wiz8--18a74ff61c65,005b3192,005b3150,0x0,005ed664,
wiz8--gog-base--wiz8--18a74ff61c65,005b31a3,005b3150,0x0,005ef278,
wiz8--gog-base--wiz8--18a74ff61c65,005b31a9,005b3150,0x0,005ef270,
wiz8--gog-base--wiz8--18a74ff61c65,005b70be,005b6f30,0x0,005ef298,
wiz8--gog-base--wiz8--18a74ff61c65,005b9b5b,005b98c0,0x0,005ef2b0,
wiz8--gog-base--wiz8--18a74ff61c65,005bc18e,005bc130,0x0,005ef310,0x10
wiz8--gog-base--wiz8--18a74ff61c65,005bc7d7,005bc7d0,0x0,005ef310,
wiz8--gog-base--wiz8--18a74ff61c65,005bd570,005bd530,0x0,005ed664,
wiz8--gog-base--wiz8--18a74ff61c65,005bd57d,005bd530,0x0,005ef340,
wiz8--gog-base--wiz8--18a74ff61c65,005bd583,005bd530,0x0,005ef338,
wiz8--gog-base--wiz8--18a74ff61c65,005bd80d,005bd7f0,0x0,005ef340,
wiz8--gog-base--wiz8--18a74ff61c65,005bd813,005bd7f0,0x4c,005ef338,
wiz8--gog-base--wiz8--18a74ff61c65,005bde9e,005bde40,0x0,005ee8a0,0x10
wiz8--gog-base--wiz8--18a74ff61c65,005be30e,005be270,0x10,005ec168,
wiz8--gog-base--wiz8--18a74ff61c65,005be31e,005be270,0x0,005ef360,
wiz8--gog-base--wiz8--18a74ff61c65,005be96d,005be950,0x0,005ef364,
wiz8--gog-base--wiz8--18a74ff61c65,005bebe7,005bebc0,0x4c,005ef018,
wiz8--gog-base--wiz8--18a74ff61c65,005bebf0,005bebc0,0x50,005eeb48,
wiz8--gog-base--wiz8--18a74ff61c65,005bebfe,005bebc0,0x54,005ef3d8,
wiz8--gog-base--wiz8--18a74ff61c65,005bec1f,005bebc0,0x0,005ef3c8,
wiz8--gog-base--wiz8--18a74ff61c65,005bec25,005bebc0,0x4c,005ef3c4,
wiz8--gog-base--wiz8--18a74ff61c65,005bec2c,005bebc0,0x50,005ef3c0,
wiz8--gog-base--wiz8--18a74ff61c65,005bec33,005bebc0,0x54,005ef3b4,
wiz8--gog-base--wiz8--18a74ff61c65,005beca1,005bebc0,0x0,005ef364,
wiz8--gog-base--wiz8--18a74ff61c65,005bee0d,005bedf0,0x0,005ef3c8,
wiz8--gog-base--wiz8--18a74ff61c65,005bee13,005bedf0,0x4c,005ef3c4,
wiz8--gog-base--wiz8--18a74ff61c65,005bee1a,005bedf0,0x50,005ef3c0,
wiz8--gog-base--wiz8--18a74ff61c65,005bee21,005bedf0,0x54,005ef3b4,
wiz8--gog-base--wiz8--18a74ff61c65,005bf1a5,005bf120,0x0,005ef3e4,
wiz8--gog-base--wiz8--18a74ff61c65,005bf23d,005bf220,0x0,005ef3e4,
wiz8--gog-base--wiz8--18a74ff61c65,005bf555,005bf280,0x0,005ef018,
wiz8--gog-base--wiz8--18a74ff61c65,005bf56c,005bf280,0x0,005ef438,
wiz8--gog-base--wiz8--18a74ff61c65,005bf572,005bf280,0x0,005ef434,
wiz8--gog-base--wiz8--18a74ff61c65,005bf65d,005bf640,0x0,005ef438,
wiz8--gog-base--wiz8--18a74ff61c65,005bf663,005bf640,0x4c,005ef434,
wiz8--gog-base--wiz8--18a74ff61c65,005bf67b,005bf640,0x60,005ed660,
wiz8--gog-base--wiz8--18a74ff61c65,005bf6f9,005bf6d0,0x4c,005ed664,
wiz8--gog-base--wiz8--18a74ff61c65,005bf70b,005bf6d0,0x0,005ef450,
wiz8--gog-base--wiz8--18a74ff61c65,005bf711,005bf6d0,0x4c,005ef448,
wiz8--gog-base--wiz8--18a74ff61c65,005bf7fd,005bf7e0,0x0,005ef450,
wiz8--gog-base--wiz8--18a74ff61c65,005bf803,005bf7e0,0x4c,005ef448,
wiz8--gog-base--wiz8--18a74ff61c65,005bff40,005bff20,0x0,005ef464,
wiz8--gog-base--wiz8--18a74ff61c65,005bff46,005bff20,0x34,005ef460,
wiz8--gog-base--wiz8--18a74ff61c65,005c021b,005c01d0,0x7c,005eefd0,
wiz8--gog-base--wiz8--18a74ff61c65,005c024c,005c01d0,0x7c,005eefcc,
wiz8--gog-base--wiz8--18a74ff61c65,005c025f,005c01d0,0x0,005ef4ac,
wiz8--gog-base--wiz8--18a74ff61c65,005c049e,005c0480,0x0,005ef4ac,
wiz8--gog-base--wiz8--18a74ff61c65,005c051c,005c0480,0x7c,005eefd0,
wiz8--gog-base--wiz8--18a74ff61c65,005c052c,005c0480,0x60,005ed660,
wiz8--gog-base--wiz8--18a74ff61c65,005c0e25,005c0e20,0x0,005ef4bc,
wiz8--gog-base--wiz8--18a74ff61c65,005c103e,005c0f30,0x0,005ef4e0,
wiz8--gog-base--wiz8--18a74ff61c65,005c1311,005c0f30,0x34,005eeb48,
wiz8--gog-base--wiz8--18a74ff61c65,005c132b,005c0f30,0x0,005ef464,
wiz8--gog-base--wiz8--18a74ff61c65,005c1331,005c0f30,0x34,005ef460,
wiz8--gog-base--wiz8--18a74ff61c65,005c1580,005c1560,0x0,005ef4e0,
wiz8--gog-base--wiz8--18a74ff61c65,005c1598,005c1590,0x0,005ef4cc,
wiz8--gog-base--wiz8--18a74ff61c65,005c159e,005c1590,0x4,005ef4c8,
wiz8--gog-base--wiz8--18a74ff61c65,005c15a5,005c1590,0x8,005ef4c0,
wiz8--gog-base--wiz8--18a74ff61c65,005c2e7d,005c2de0,0x0,005ef4f0,0x24
wiz8--gog-base--wiz8--18a74ff61c65,005c2e8a,005c2de0,0x10,005ec168,
wiz8--gog-base--wiz8--18a74ff61c65,005c2f52,005c2de0,0x4,005ef4dc,
wiz8--gog-base--wiz8--18a74ff61c65,005c2f59,005c2de0,0x8,005ef4d4,
wiz8--gog-base--wiz8--18a74ff61c65,005c2f69,005c2de0,0x0,005ef4cc,0x70
wiz8--gog-base--wiz8--18a74ff61c65,005c2f6f,005c2de0,0x4,005ef4c8,
wiz8--gog-base--wiz8--18a74ff61c65,005c2f76,005c2de0,0x8,005ef4c0,
wiz8--gog-base--wiz8--18a74ff61c65,005c34b4,005c2de0,0x0,005ef360,
wiz8--gog-base--wiz8--18a74ff61c65,005c3747,005c3740,0x0,005ef360,
wiz8--gog-base--wiz8--18a74ff61c65,005c37bb,005c37b0,0x0,005ef360,
wiz8--gog-base--wiz8--18a74ff61c65,005c444b,005c4430,0x0,005ef530,
wiz8--gog-base--wiz8--18a74ff61c65,005c44c6,005c44c0,0x0,005ef530,
wiz8--gog-base--wiz8--18a74ff61c65,005c4569,005c4540,0x0,005ed664,
wiz8--gog-base--wiz8--18a74ff61c65,005c457c,005c4540,0x0,005ef53c,
wiz8--gog-base--wiz8--18a74ff61c65,005c4582,005c4540,0x0,005ef534,
wiz8--gog-base--wiz8--18a74ff61c65,005c47bd,005c47a0,0x0,005ef53c,
wiz8--gog-base--wiz8--18a74ff61c65,005c47c3,005c47a0,0x4c,005ef534,
wiz8--gog-base--wiz8--18a74ff61c65,005c7432,005c73f0,0x70,005ef018,
wiz8--gog-base--wiz8--18a74ff61c65,005c7444,005c73f0,0x74,005ed664,
wiz8--gog-base--wiz8--18a74ff61c65,005c747e,005c73f0,0x0,005ef57c,
wiz8--gog-base--wiz8--18a74ff61c65,005c7484,005c73f0,0x70,005ef578,
wiz8--gog-base--wiz8--18a74ff61c65,005c748b,005c73f0,0x74,005ef570,
wiz8--gog-base--wiz8--18a74ff61c65,005c74fd,005c74e0,0x0,005ef57c,
wiz8--gog-base--wiz8--18a74ff61c65,005c7503,005c74e0,0x70,005ef578,
wiz8--gog-base--wiz8--18a74ff61c65,005c750a,005c74e0,0x74,005ef570,
wiz8--gog-base--wiz8--18a74ff61c65,005c752b,005c74e0,0xc0,005ed660,
wiz8--gog-base--wiz8--18a74ff61c65,005c7541,005c74e0,0x9c,005ed660,
wiz8--gog-base--wiz8--18a74ff61c65,005c7cfd,005c7cc0,0x70,005ef5f8,
wiz8--gog-base--wiz8--18a74ff61c65,005c7d04,005c7cc0,0x0,005ef5c8,0x78
wiz8--gog-base--wiz8--18a74ff61c65,005c7d0a,005c7cc0,0x70,005ef5c0,
wiz8--gog-base--wiz8--18a74ff61c65,005c7d60,005c7d40,0x0,005ef5c8,
wiz8--gog-base--wiz8--18a74ff61c65,005c7d66,005c7d40,0x70,005ef5c0,
wiz8--gog-base--wiz8--18a74ff61c65,005c7dbe,005c7da0,0x0,005ef614,
wiz8--gog-base--wiz8--18a74ff61c65,005c7dc4,005c7da0,0x34,005ef610,
wiz8--gog-base--wiz8--18a74ff61c65,005c838d,005c8370,0x0,005ef664,
wiz8--gog-base--wiz8--18a74ff61c65,005c8393,005c8370,0x70,005ef65c,
wiz8--gog-base--wiz8--18a74ff61c65,005c8492,005c83d0,0x34,005eeb48,
wiz8--gog-base--wiz8--18a74ff61c65,005c84bd,005c83d0,0x0,005ef614,
wiz8--gog-base--wiz8--18a74ff61c65,005c84c3,005c83d0,0x34,005ef610,
wiz8--gog-base--wiz8--18a74ff61c65,005c8e33,005c8de0,0x70,005ef694,
wiz8--gog-base--wiz8--18a74ff61c65,005c8e49,005c8de0,0x0,005ef664,
wiz8--gog-base--wiz8--18a74ff61c65,005c8e4f,005c8de0,0x70,005ef65c,
wiz8--gog-base--wiz8--18a74ff61c65,005c8ec5,005c8e70,0x0,005ef6b0,
wiz8--gog-base--wiz8--18a74ff61c65,005c8f7d,005c8f60,0x0,005ef6b0,
wiz8--gog-base--wiz8--18a74ff61c65,005c90cc,005c9060,0x0,005ef700,
wiz8--gog-base--wiz8--18a74ff61c65,005c91dd,005c91c0,0x0,005ef700,
wiz8--gog-base--wiz8--18a74ff61c65,005c9aff,005c9ae0,0x0,005ef778,
wiz8--gog-base--wiz8--18a74ff61c65,005c9b05,005c9ae0,0x70,005ef768,
wiz8--gog-base--wiz8--18a74ff61c65,005c9b0c,005c9ae0,0x74,005ef760,
wiz8--gog-base--wiz8--18a74ff61c65,005c9b13,005c9ae0,0x78,005ef758,
wiz8--gog-base--wiz8--18a74ff61c65,005c9b2e,005c9ae0,0x0,005ef750,
wiz8--gog-base--wiz8--18a74ff61c65,005c9b97,005c9ae0,0x0,005ef750,
wiz8--gog-base--wiz8--18a74ff61c65,005c9c00,005c9ae0,0x0,005ef750,
wiz8--gog-base--wiz8--18a74ff61c65,005c9cc5,005c9c80,0x0,005ef750,0x34
wiz8--gog-base--wiz8--18a74ff61c65,005c9cff,005c9c80,0x0,005ef750,
wiz8--gog-base--wiz8--18a74ff61c65,005c9d39,005c9c80,0x0,005ef750,
wiz8--gog-base--wiz8--18a74ff61c65,005cbad1,005cba90,0x70,005ef7a8,
wiz8--gog-base--wiz8--18a74ff61c65,005cbad8,005cba90,0x74,005ef5f8,
wiz8--gog-base--wiz8--18a74ff61c65,005cbadf,005cba90,0x78,005ed664,
wiz8--gog-base--wiz8--18a74ff61c65,005cbaf6,005cba90,0x0,005ef778,
wiz8--gog-base--wiz8--18a74ff61c65,005cbafc,005cba90,0x70,005ef768,
wiz8--gog-base--wiz8--18a74ff61c65,005cbb03,005cba90,0x74,005ef760,
wiz8--gog-base--wiz8--18a74ff61c65,005cbb0a,005cba90,0x78,005ef758,
wiz8--gog-base--wiz8--18a74ff61c65,005cbb6d,005cbb40,0x54,005ee9fc,
wiz8--gog-base--wiz8--18a74ff61c65,005cbb9a,005cbb40,0x64,005ed43c,
wiz8--gog-base--wiz8--18a74ff61c65,005cbbbe,005cbb40,0x0,005ef7c8,
wiz8--gog-base--wiz8--18a74ff61c65,005cbcfd,005cbce0,0x0,005ef7c8,
wiz8--gog-base--wiz8--18a74ff61c65,005cbd2a,005cbce0,0x64,005ed43c,
wiz8--gog-base--wiz8--18a74ff61c65,005cbd3a,005cbce0,0x54,005ee9fc,
wiz8--gog-base--wiz8--18a74ff61c65,005cd6c4,005cd2b0,0x0,005ee9fc,
wiz8--gog-base--wiz8--18a74ff61c65,005cd6e4,005cd2b0,0x0,005ed43c,
wiz8--gog-base--wiz8--18a74ff61c65,005cd73c,005cd710,0x54,005ec160,
wiz8--gog-base--wiz8--18a74ff61c65,005cd762,005cd710,0x54,005ec15c,
wiz8--gog-base--wiz8--18a74ff61c65,005cd76f,005cd710,0x64,005ec51c,
wiz8--gog-base--wiz8--18a74ff61c65,005cd792,005cd710,0x0,005ef810,
wiz8--gog-base--wiz8--18a74ff61c65,005cd83f,005cd820,0x0,005ef810,
wiz8--gog-base--wiz8--18a74ff61c65,005cd88c,005cd820,0x64,005ec51c,
wiz8--gog-base--wiz8--18a74ff61c65,005cd89c,005cd820,0x54,005ec160,
wiz8--gog-base--wiz8--18a74ff61c65,005d109c,005d1050,0x0,005ef894,
wiz8--gog-base--wiz8--18a74ff61c65,005d14f0,005d14d0,0x1c,005ef89c,
wiz8--gog-base--wiz8--18a74ff61c65,005d1517,005d14d0,0x1c,005ef898,
wiz8--gog-base--wiz8--18a74ff61c65,005d1524,005d14d0,0x2c,005ef89c,
wiz8--gog-base--wiz8--18a74ff61c65,005d154d,005d14d0,0x2c,005ef898,
wiz8--gog-base--wiz8--18a74ff61c65,005d2567,005d2560,0x0,005ef89c,
wiz8--gog-base--wiz8--18a74ff61c65,005d25d0,005d25b0,0x0,005ef8b0,
wiz8--gog-base--wiz8--18a74ff61c65,005d262d,005d2610,0x0,005ef8b0,
wiz8--gog-base--wiz8--18a74ff61c65,005d5e97,005d5e30,0x0,005ef910,
wiz8--gog-base--wiz8--18a74ff61c65,005d5f1e,005d5f00,0x0,005ef910,
wiz8--gog-base--wiz8--18a74ff61c65,005d7007,005d6fb0,0x0,005ef988,
wiz8--gog-base--wiz8--18a74ff61c65,005d70b0,005d7090,0x0,005ef988,
wiz8--gog-base--wiz8--18a74ff61c65,005d9803,005d97d0,0x0,005ef9f0,
wiz8--gog-base--wiz8--18a74ff61c65,005d98c3,005d9890,0x0,005ef9f0,
wiz8--gog-base--wiz8--18a74ff61c65,005d994f,005d9930,0x0,005ef9f0,
wiz8--gog-base--wiz8--18a74ff61c65,005da6eb,005da6b0,0x0,005efa4c,
wiz8--gog-base--wiz8--18a74ff61c65,005da87d,005da860,0x0,005efa4c,
wiz8--gog-base--wiz8--18a74ff61c65,005db219,005db210,0x0,005efa98,
wiz8--gog-base--wiz8--18a74ff61c65,005db269,005db260,0x0,005efa98,
wiz8--gog-base--wiz8--18a74ff61c65,005dbbe8,005dbb60,0x0,005efab0,
wiz8--gog-base--wiz8--18a74ff61c65,005dbc6e,005dbc50,0x0,005efab0,
wiz8--gog-base--wiz8--18a74ff61c65,005dc7ab,005dbee0,0x0,005efaf8,
wiz8--gog-base--wiz8--18a74ff61c65,005dc818,005dc810,0x0,005efaf8,
wiz8--gog-base--wiz8--18a74ff61c65,005dc868,005dc860,0x0,005efaf8,
wiz8--gog-base--wiz8--18a74ff61c65,005dcf06,005dced0,0x0,005efb78,
wiz8--gog-base--wiz8--18a74ff61c65,005dd04f,005dd030,0x0,005efb78,
wiz8--gog-base--wiz8--18a74ff61c65,005deb53,005deaf0,0x0,005efbc0,
wiz8--gog-base--wiz8--18a74ff61c65,005debce,005debb0,0x0,005efbc0,
wiz8--gog-base--wiz8--18a74ff61c65,005df102,005df0d0,0x0,005efbfc,
wiz8--gog-base--wiz8--18a74ff61c65,005df1de,005df1c0,0x0,005efbc0,
wiz8--gog-base--wiz8--18a74ff61c65,005df5a2,005df570,0x0,005efc38,
wiz8--gog-base--wiz8--18a74ff61c65,005df67e,005df660,0x0,005efbc0,
wiz8--gog-base--wiz8--18a74ff61c65,005df8e0,005df880,0x0,005efc88,
wiz8--gog-base--wiz8--18a74ff61c65,005df95e,005df940,0x0,005efc88,
wiz8--gog-base--wiz8--18a74ff61c65,005dfca2,005dfc70,0x0,005efcc8,
wiz8--gog-base--wiz8--18a74ff61c65,005dfd3e,005dfd20,0x0,005efc88,
wiz8--gog-base--wiz8--18a74ff61c65,005dfe72,005dfdb0,0x0,005efd08,
wiz8--gog-base--wiz8--18a74ff61c65,005dff2e,005dff10,0x0,005efc88,
wiz8--gog-base--wiz8--18a74ff61c65,005e01b2,005e0180,0x0,005efd48,
wiz8--gog-base--wiz8--18a74ff61c65,005e024e,005e0230,0x0,005efc88,
wiz8--gog-base--wiz8--18a74ff61c65,005e034b,005e0320,0x19b2,005ebfe0,
wiz8--gog-base--wiz8--18a74ff61c65,005e038d,005e0320,0x0,005efdc0,
wiz8--gog-base--wiz8--18a74ff61c65,005e042d,005e0410,0x0,005efdc0,
wiz8--gog-base--wiz8--18a74ff61c65,005e04ad,005e0410,0x19b2,005ebfe0,
wiz8--gog-base--wiz8--18a74ff61c65,005e381c,005e3800,0x24,005ebfe0,
wiz8--gog-base--wiz8--18a74ff61c65,005e3a80,005e3800,0x24,005ebfe0,
