call_site,call_kind,containing_function,source_path,line,expression,message
0041b266,direct,0041ab40,C:\Projects\Wizardry 8\Engine Code\GameData.cpp,595,lCollisions < 100,
0041c6aa,register-indirect,0041c680,C:\Projects\Wizardry 8\Engine Code\GameData.cpp,1248,iID && iID < m_iNumInterfaces,
0041c6dc,register-indirect,0041c680,C:\Projects\Wizardry 8\Engine Code\GameData.cpp,1250,(m_pInterfaces[iID].iStates + iStates) <= m_iNumStates,
0041c9bd,direct,0041c930,C:\Projects\Wizardry 8\Engine Code\GameData.cpp,1389,pstMeshModel,
0041f2c8,direct,0041f260,C:\Projects\Wizardry 8\Engine Code\GameData.cpp,2739,gpGDCamera,
004240e2,direct,00424040,C:\Projects\Wizardry 8\Engine Code\Video2.cpp,1595,psrMouseSurface,
0042415b,direct,00424040,C:\Projects\Wizardry 8\Engine Code\Video2.cpp,1589,psrMouseSurface,
004241d1,direct,00424040,C:\Projects\Wizardry 8\Engine Code\Video2.cpp,1601,psrMouseSurface,
0042a397,direct,0042a370,C:\Projects\Wizardry 8\Engine Code\Levels.cpp,237,ulLevel < TEST_LEVEL_COUNT,
0042a726,direct,0042a6f0,C:\Projects\Wizardry 8\Engine Code\Levels.cpp,385,iLevel < TEST_LEVEL_COUNT,
0042b199,direct,0042b020,C:\Projects\Wizardry 8\Engine Code\Levels.cpp,899,pMat,
0042bce7,direct,0042bc10,C:\Projects\Wizardry 8\Engine Code\Octree.cpp,163,hOctFile,ReadOctFile: Couldn't open octree file.
0042bd5e,direct,0042bc10,C:\Projects\Wizardry 8\Engine Code\Octree.cpp,172,fSuccess && (uiTerminator==0xffffffff),ReadOctFile: Header of Oct file longer than expected.
0042c4c2,direct,0042bc10,C:\Projects\Wizardry 8\Engine Code\Octree.cpp,351,fSuccess && (uiTerminator==0xffffffff),ReadOctFile: PreRegions longer than expected.
0042c5c7,direct,0042bc10,C:\Projects\Wizardry 8\Engine Code\Octree.cpp,377,(i2 < 10000),
0042c68a,direct,0042bc10,C:\Projects\Wizardry 8\Engine Code\Octree.cpp,394,m_pAlphaBits,ReadOctFile: Failure allocating Alpha Bits.
0042c6bb,direct,0042bc10,C:\Projects\Wizardry 8\Engine Code\Octree.cpp,395,m_pAlphaBits->Load(hOctFile),ReadOctFile: Failure reading Alpha Bits.
0042c70c,direct,0042bc10,C:\Projects\Wizardry 8\Engine Code\Octree.cpp,401,m_pusMeshParticleLookup,ReadOctFile: Couldn't allocate Mesh Particle Lookup Table.
0042c7ab,direct,0042bc10,C:\Projects\Wizardry 8\Engine Code\Octree.cpp,408,m_pusMeshParticles,ReadOctFile: Couldn't allocate Mesh Particle Link Table.
0042c850,direct,0042bc10,C:\Projects\Wizardry 8\Engine Code\Octree.cpp,417,m_pusMeshPropLookup,ReadOctFile: Couldn't allocate Mesh Prop Lookup Table.
0042c8f5,register-indirect,0042bc10,C:\Projects\Wizardry 8\Engine Code\Octree.cpp,424,m_pusMeshProps,ReadOctFile: Couldn't allocate Mesh Prop Link Table.
0042c99e,register-indirect,0042bc10,C:\Projects\Wizardry 8\Engine Code\Octree.cpp,434,fSuccess && (uiTerminator==0xffffffff),"ReadOctFile: Mesh, Prop, and Particle data longer than expected."
0042caa4,register-indirect,0042bc10,C:\Projects\Wizardry 8\Engine Code\Octree.cpp,453,m_pPropSunBits,ReadOctFile: Couldn't allocate Prop Sun Bits.
0042cacd,register-indirect,0042bc10,C:\Projects\Wizardry 8\Engine Code\Octree.cpp,454,m_pPropSunBits->Load(hOctFile),ReadOctFile: Failure reading Prop Sun Bits.
0042cc7f,direct,0042bc10,C:\Projects\Wizardry 8\Engine Code\Octree.cpp,482,fSuccess && (uiTerminator==0xffffffff),ReadOctFile: GameData portion of Oct file longer than expected.
0042ddc7,direct,0042d2a0,C:\Projects\Wizardry 8\Engine Code\Octree.cpp,874,m_pfRegsVisited,InitOctree: Couldn't allocate m_pfRegsVisited.
0042de20,direct,0042d2a0,C:\Projects\Wizardry 8\Engine Code\Octree.cpp,882,m_aulGDObjs,InitOctree: Couldn't allocate m_aulGDObjs.
0042e471,direct,0042e440,C:\Projects\Wizardry 8\Engine Code\Octree.cpp,1157,m_usNumPropsLoaded<(UINT16)m_ulNumProps,Too many props loaded for Octree
0042e4f1,direct,0042e4c0,C:\Projects\Wizardry 8\Engine Code\Octree.cpp,1181,m_usNumParticlesLoaded<(UINT16)m_ulNumParticles,Too many particles loaded for Octree
00430adb,direct,00430a70,C:\Projects\Wizardry 8\Engine Code\Octree.cpp,2567,usProp<=m_usMeshParticlesLen,Particle lookup index out of range
00430b87,direct,00430a70,C:\Projects\Wizardry 8\Engine Code\Octree.cpp,2587,usProp<=m_usMeshPropsLen,Prop lookup index out of range
0043ad54,direct,0043acc0,C:\Projects\Wizardry 8\Engine Code\BitArray.cpp,59,puiIndex,BitArray: Couldn't allocate bit index.
0043ae51,direct,0043ada0,C:\Projects\Wizardry 8\Engine Code\BitArray.cpp,89,puiIndex,BitArray: Couldn't allocate bit index.
0043b789,direct,0043b700,C:\Projects\Wizardry 8\Engine Code\BitArray.cpp,741,pulNewArray,BitArray Expansion: Couldn't allocate bit index.
0043be91,direct,0043be60,C:\Projects\Wizardry 8\Engine Code\Trigger.cpp,387,hFile,
0043c1e6,direct,0043c1b0,C:\Projects\Wizardry 8\Engine Code\Trigger.cpp,496,hFile,
0043c331,direct,0043c1b0,C:\Projects\Wizardry 8\Engine Code\Trigger.cpp,523,pDoor,
0043d403,direct,0043d340,C:\Projects\Wizardry 8\Engine Code\Trigger.cpp,4317,iVar != BAD_INDEX,
0043d4d9,direct,0043d340,C:\Projects\Wizardry 8\Engine Code\Trigger.cpp,4317,iVar != BAD_INDEX,
0043da8a,direct,0043d940,C:\Projects\Wizardry 8\Engine Code\Trigger.cpp,1530,m_pEvent,
0043dafb,direct,0043d940,C:\Projects\Wizardry 8\Engine Code\Trigger.cpp,1539,glsTimedEvents.Find(m_pEvent) == -1,
0043dbf7,register-indirect,0043d940,C:\Projects\Wizardry 8\Engine Code\Trigger.cpp,4317,iVar != BAD_INDEX,
0043dc40,register-indirect,0043d940,C:\Projects\Wizardry 8\Engine Code\Trigger.cpp,4317,iVar != BAD_INDEX,
0043dc88,register-indirect,0043d940,C:\Projects\Wizardry 8\Engine Code\Trigger.cpp,4317,iVar != BAD_INDEX,
0043dcc8,register-indirect,0043d940,C:\Projects\Wizardry 8\Engine Code\Trigger.cpp,4317,iVar != BAD_INDEX,
0043dd10,register-indirect,0043d940,C:\Projects\Wizardry 8\Engine Code\Trigger.cpp,4317,iVar != BAD_INDEX,
0043dd58,register-indirect,0043d940,C:\Projects\Wizardry 8\Engine Code\Trigger.cpp,4317,iVar != BAD_INDEX,
0043dd94,register-indirect,0043d940,C:\Projects\Wizardry 8\Engine Code\Trigger.cpp,4317,iVar != BAD_INDEX,
0043e49e,direct,0043d940,C:\Projects\Wizardry 8\Engine Code\Trigger.cpp,1426,m_pProp && m_bRepType == TRIGGER_REP_PROP,
0043ebb9,direct,0043d940,..\Engine Code\Include\Trigger.hpp,1005,m_bRepType == TRIGGER_REP_PROP,
0043ec4b,direct,0043d940,..\Engine Code\Include\Trigger.hpp,1005,m_bRepType == TRIGGER_REP_PROP,
0043ece9,direct,0043d940,..\Engine Code\Include\Trigger.hpp,1005,m_bRepType == TRIGGER_REP_PROP,
0043f249,direct,0043d940,C:\Projects\Wizardry 8\Engine Code\Trigger.cpp,1988,m_pEvent,
0043f34e,direct,0043d940,C:\Projects\Wizardry 8\Engine Code\Trigger.cpp,4830,m_pCountdown,
0043f3e0,direct,0043d940,C:\Projects\Wizardry 8\Engine Code\Trigger.cpp,4830,m_pCountdown,
0043f4db,direct,0043d940,C:\Projects\Wizardry 8\Engine Code\Trigger.cpp,2020,m_lData3!=-1,Non-invisible triggers with shake camera must be timed
0043f7b7,direct,0043d940,C:\Projects\Wizardry 8\Engine Code\Trigger.cpp,2124,m_pEvent,
0043fa64,register-indirect,0043d940,C:\Projects\Wizardry 8\Engine Code\Trigger.cpp,2175,0,Continous firing missile must be invisible trigger.
0043fad3,register-indirect,0043d940,C:\Projects\Wizardry 8\Engine Code\Trigger.cpp,2179,m_pEvent,
0043fc58,direct,0043d940,C:\Projects\Wizardry 8\Engine Code\Trigger.cpp,2212,m_pEvent,
0043fce3,direct,0043d940,C:\Projects\Wizardry 8\Engine Code\Trigger.cpp,2222,glsTimedEvents.Find(m_pEvent) == -1,
0043fe5b,direct,0043d940,C:\Projects\Wizardry 8\Engine Code\Trigger.cpp,4297,iVar != BAD_INDEX,
0043ff34,direct,0043d940,C:\Projects\Wizardry 8\Engine Code\Trigger.cpp,4297,iVar != BAD_INDEX,
00440417,direct,0043d940,C:\Projects\Wizardry 8\Engine Code\Trigger.cpp,2368,m_pEvent,
00440543,direct,0043d940,C:\Projects\Wizardry 8\Engine Code\Trigger.cpp,4830,m_pCountdown,
00440ba6,register-indirect,004409b0,C:\Projects\Wizardry 8\Engine Code\Trigger.cpp,4317,iVar != BAD_INDEX,
00440bd9,register-indirect,004409b0,C:\Projects\Wizardry 8\Engine Code\Trigger.cpp,4297,iVar != BAD_INDEX,
00440c09,direct,004409b0,C:\Projects\Wizardry 8\Engine Code\Trigger.cpp,4297,iVar != BAD_INDEX,
00440c37,direct,004409b0,C:\Projects\Wizardry 8\Engine Code\Trigger.cpp,4297,iVar != BAD_INDEX,
00441215,direct,00441110,C:\Projects\Wizardry 8\Engine Code\Trigger.cpp,2822,m_pActionData,Trigger.cpp: Dark Area doesn't have action data
00441a62,register-indirect,00441a20,C:\Projects\Wizardry 8\Engine Code\Trigger.cpp,3235,hFile,
00441af5,register-indirect,00441a20,C:\Projects\Wizardry 8\Engine Code\Trigger.cpp,3250,pTrigger,Out of memory - Trigger::CreateAndLoadLevelTrigger
00442b7c,direct,00441a20,C:\Projects\Wizardry 8\Engine Code\Trigger.cpp,3656,pTrigger->m_pacRecipients,Out of memory - Trigger.cpp
00442e1d,direct,00441a20,C:\Projects\Wizardry 8\Engine Code\Trigger.cpp,3695,pTrigger->m_pacRequiredStates,Out of memory - Trigger.cpp
00442e96,direct,00441a20,C:\Projects\Wizardry 8\Engine Code\Trigger.cpp,3701,pTrigger->m_pacStateToMod,Out of memory - Trigger.cpp
00442f3f,direct,00441a20,C:\Projects\Wizardry 8\Engine Code\Trigger.cpp,4244,pacName,
00442fe0,direct,00441a20,C:\Projects\Wizardry 8\Engine Code\Trigger.cpp,4252,pacVariableName,
00443573,register-indirect,00441a20,C:\Projects\Wizardry 8\Engine Code\Trigger.cpp,3860,((pTrigger->m_lData1 >= 0) && (pTrigger->m_lData1 < Missile::GetNumTypes())),
004435a4,register-indirect,00441a20,C:\Projects\Wizardry 8\Engine Code\Trigger.cpp,3861,(pTrigger->m_lData2!=(-1)),
00443637,register-indirect,00441a20,C:\Projects\Wizardry 8\Engine Code\Trigger.cpp,3870,pTrigger->m_pEvent,
00443ddc,direct,00443dc0,C:\Projects\Wizardry 8\Engine Code\Trigger.cpp,4244,pacName,
00443e79,direct,00443dc0,C:\Projects\Wizardry 8\Engine Code\Trigger.cpp,4252,pacVariableName,
004440a9,direct,00444030,C:\Projects\Wizardry 8\Engine Code\Trigger.cpp,4297,iVar != BAD_INDEX,
00444149,direct,004440d0,C:\Projects\Wizardry 8\Engine Code\Trigger.cpp,4317,iVar != BAD_INDEX,
004443d4,direct,00444310,C:\Projects\Wizardry 8\Engine Code\Trigger.cpp,4419,pacName,
00444ff8,register-indirect,00444f70,C:\Projects\Wizardry 8\Engine Code\Trigger.cpp,4978,pEvent,Out of memory creating shake camera event.
00445055,register-indirect,00444f70,C:\Projects\Wizardry 8\Engine Code\Trigger.cpp,4830,m_pCountdown,
0044515e,direct,00445140,C:\Projects\Wizardry 8\Engine Code\Trigger.cpp,5013,pWorld,
00445243,direct,00445200,..\Engine Code\Include\Trigger.hpp,1005,m_bRepType == TRIGGER_REP_PROP,
00445291,direct,00445200,C:\Projects\Wizardry 8\Engine Code\Trigger.cpp,4244,pacName,
00445337,direct,00445200,C:\Projects\Wizardry 8\Engine Code\Trigger.cpp,4252,pacVariableName,
004462c6,direct,00446250,C:\Projects\Wizardry 8\Engine Code\OctBuildTree.cpp,140,m_apLinkLists[m_usCurrent],GetNewLink: Couldn't allocate m_apLinkLists.
0044760d,direct,00447570,C:\Projects\Wizardry 8\Engine Code\GDFileIO.cpp,167,pGameData,
004476eb,register-indirect,00447660,C:\Projects\Wizardry 8\Engine Code\GDFileIO.cpp,229,fSuccess,Error reading counts from WGD file.
0044781b,direct,00447660,C:\Projects\Wizardry 8\Engine Code\GDFileIO.cpp,262,m_pSurfaces,ReadWGDList: Could not allocate surfaces.
0044787a,direct,00447660,C:\Projects\Wizardry 8\Engine Code\GDFileIO.cpp,268,pCondFaces,ReadWGDList: Could not allocate pCondFaces.
004478af,direct,00447660,C:\Projects\Wizardry 8\Engine Code\GDFileIO.cpp,270,m_ppNames,ReadWGDList: Could not allocate name list.
0044793d,direct,00447660,C:\Projects\Wizardry 8\Engine Code\GDFileIO.cpp,278,m_pSurfaces,ReadWGDList: Could not allocate surfaces.
0044799a,direct,00447660,C:\Projects\Wizardry 8\Engine Code\GDFileIO.cpp,288,fSuccess,Error reading vertex from WGD file.
00447b06,direct,00447660,C:\Projects\Wizardry 8\Engine Code\GDFileIO.cpp,322,(tfFace.iVersion == 2 ),Wrong version of WGD data--Get new plugin.
00447b69,direct,00447660,C:\Projects\Wizardry 8\Engine Code\GDFileIO.cpp,326,fSuccess,Error reading face from WGD file.
00447db3,direct,00447660,C:\Projects\Wizardry 8\Engine Code\GDFileIO.cpp,391,m_ppNames[i2],ReadWGDList: Couldn't allocate name string.
00447ff3,direct,00447fb0,C:\Projects\Wizardry 8\Engine Code\GDFileIO.cpp,479,m_pInterfaces,CompileGDInterfaces: Couldn't allocate GD Interfaces.
004481f7,direct,00447fb0,C:\Projects\Wizardry 8\Engine Code\GDFileIO.cpp,526,m_pStates,CompileGDInterfaces: Couldn't allocate GDState array.
0044824c,direct,00447fb0,C:\Projects\Wizardry 8\Engine Code\GDFileIO.cpp,529,m_piCondPolys,CompileGDInterfaces: Couldn't allocate Conditional poly array.
00448362,register-indirect,00448310,C:\Projects\Wizardry 8\Engine Code\GDFileIO.cpp,598,m_ppTriggers,AddTriggerPlane: Couldn't allocate trigger array.
00448386,register-indirect,00448310,C:\Projects\Wizardry 8\Engine Code\GDFileIO.cpp,601,(iTriggerCount < m_iNumTriggers),AddTriggerPlane: Too many triggers for trigger array.
004483e7,register-indirect,00448310,C:\Projects\Wizardry 8\Engine Code\GDFileIO.cpp,611,m_pTrigSurfaces,AddTriggerPlane: Couldn't allocate trigger surfaces.
00448418,register-indirect,00448310,C:\Projects\Wizardry 8\Engine Code\GDFileIO.cpp,613,m_pTrigVertices,AddTriggerPlane: Couldn't allocate trigger vertices.
00448444,register-indirect,00448310,C:\Projects\Wizardry 8\Engine Code\GDFileIO.cpp,615,m_ppTriggers,AddTriggerPlane: Couldn't allocate trigger array.
0044846c,register-indirect,00448310,C:\Projects\Wizardry 8\Engine Code\GDFileIO.cpp,620,(m_iNumTrigSurfaces < MAX_TRIG_SURFACES),
00448634,register-indirect,004485f0,C:\Projects\Wizardry 8\Engine Code\GDFileIO.cpp,707,m_pTrigSurfaces,AddTriggerPlane: Couldn't allocate trigger surfaces.
00448665,register-indirect,004485f0,C:\Projects\Wizardry 8\Engine Code\GDFileIO.cpp,709,m_pTrigVertices,AddTriggerPlane: Couldn't allocate trigger vertices.
0044868f,register-indirect,004485f0,C:\Projects\Wizardry 8\Engine Code\GDFileIO.cpp,711,m_ppTriggers,AddTriggerPlane: Couldn't allocate trigger array.
004486b6,register-indirect,004485f0,C:\Projects\Wizardry 8\Engine Code\GDFileIO.cpp,716,(m_iNumTrigSurfaces < MAX_TRIG_SURFACES),
004488a4,direct,00448840,C:\Projects\Wizardry 8\Engine Code\GDFileIO.cpp,795,pNewVertices,IntegrateTriggers: Couldn't allocate new vertex array.
00448956,direct,00448840,C:\Projects\Wizardry 8\Engine Code\GDFileIO.cpp,812,pNewSurfaces,IntegrateTriggers: Couldn't allocate new surface array.
00448aaf,direct,00448a60,C:\Projects\Wizardry 8\Engine Code\GDFileIO.cpp,849,pNewVertices,IntegrateTriggers: Couldn't allocate new vertex array.
00448b66,direct,00448a60,C:\Projects\Wizardry 8\Engine Code\GDFileIO.cpp,865,pNewSurfaces,IntegrateTriggers: Couldn't allocate new surface array.
00448ca7,register-indirect,00448c60,C:\Projects\Wizardry 8\Engine Code\GDFileIO.cpp,944,m_pTrigSurfaces,AddTriggerPlane: Couldn't allocate trigger surfaces.
00448cd8,register-indirect,00448c60,C:\Projects\Wizardry 8\Engine Code\GDFileIO.cpp,946,m_pTrigVertices,AddTriggerPlane: Couldn't allocate trigger vertices.
00448d02,register-indirect,00448c60,C:\Projects\Wizardry 8\Engine Code\GDFileIO.cpp,948,m_ppTriggers,AddTriggerPlane: Couldn't allocate trigger array.
00448d29,register-indirect,00448c60,C:\Projects\Wizardry 8\Engine Code\GDFileIO.cpp,953,(m_iNumTrigSurfaces < MAX_TRIG_SURFACES),
00448eaa,direct,00448e60,C:\Projects\Wizardry 8\Engine Code\GDFileIO.cpp,1004,ppTempEnvirons,
0044914f,direct,0044902e,C:\Projects\Wizardry 8\Engine Code\GDFileIO.cpp,1089,m_ppEnvirons,
0044929d,register-indirect,00449240,C:\Projects\Wizardry 8\Engine Code\GDFileIO.cpp,1125,fSuccess,ReadProcessedGameData: Couldn't read GameData info.
004492d0,register-indirect,00449240,C:\Projects\Wizardry 8\Engine Code\GDFileIO.cpp,1132,(FileGD.iVersion == GAMEDATA_VERSION),
004493e4,register-indirect,00449240,C:\Projects\Wizardry 8\Engine Code\GDFileIO.cpp,1155,m_pVertices,ReadProcessedGameData: Couldn't allocate vertices.
00449421,register-indirect,00449240,C:\Projects\Wizardry 8\Engine Code\GDFileIO.cpp,1159,fSuccess,
0044945b,register-indirect,00449240,C:\Projects\Wizardry 8\Engine Code\GDFileIO.cpp,1164,m_pSurfaces,ReadProcessedGameData: Couldn't allocate pSurfaces.
0044949b,register-indirect,00449240,C:\Projects\Wizardry 8\Engine Code\GDFileIO.cpp,1168,fSuccess,ReadProcessedGameData: Couldn't read Surface info.
004496e8,direct,00449240,C:\Projects\Wizardry 8\Engine Code\GDFileIO.cpp,1214,m_ppEnvirons[i],ReadProcessedGameData: Couldn't allocate environment.
0044972a,direct,00449240,C:\Projects\Wizardry 8\Engine Code\GDFileIO.cpp,1218,fSuccess,ReadProcessedGameData: Couldn't read GD_Environ.
0044af32,direct,0044aee0,C:\Projects\Wizardry 8\Engine Code\Prop.cpp,174,pInfo && pInfo->hFile && pProp,
0044b013,direct,0044aee0,C:\Projects\Wizardry 8\Engine Code\Prop.cpp,213,pAniMesh,
0044b043,direct,0044aee0,C:\Projects\Wizardry 8\Engine Code\Prop.cpp,216,fSuccess,
0044b282,direct,0044aee0,C:\Projects\Wizardry 8\Engine Code\Prop.cpp,287,(usTemp < (UINT16)ubNumFrames),
0044b616,direct,0044aee0,C:\Projects\Wizardry 8\Engine Code\Prop.cpp,386,psrMesh,
0044b69d,direct,0044aee0,C:\Projects\Wizardry 8\Engine Code\Prop.cpp,402,psrMesh,
0044bb81,direct,0044bb20,C:\Projects\Wizardry 8\Engine Code\Prop.cpp,707,lSegment!=(-1),
0044be59,register-indirect,0044bc00,C:\Projects\Wizardry 8\Engine Code\Prop.cpp,782,m_pRep,Prop::Prop() out of memory allocating m_pRep
0044be77,register-indirect,0044bc00,C:\Projects\Wizardry 8\Engine Code\Prop.cpp,783,m_pTimer,Prop::Prop() out of memory allocating m_pTimer
0044bf87,register-indirect,0044bf50,C:\Projects\Wizardry 8\Engine Code\Prop.cpp,836,pInfo,
0044bfd2,register-indirect,0044bf50,C:\Projects\Wizardry 8\Engine Code\Prop.cpp,840,pProp,
0044c220,direct,0044c200,C:\Projects\Wizardry 8\Engine Code\Prop.cpp,987,pWorld,
0044c298,direct,0044c200,C:\Projects\Wizardry 8\Engine Code\Prop.cpp,1002,psrMesh,
0044c6e0,direct,0044c670,C:\Projects\Wizardry 8\Engine Code\Prop.cpp,1391,psrMesh,
0044c7d9,direct,0044c670,C:\Projects\Wizardry 8\Engine Code\Prop.cpp,1409,psrMesh,
0044c866,direct,0044c830,C:\Projects\Wizardry 8\Engine Code\Prop.cpp,1441,pWorld,
0044c901,direct,0044c830,C:\Projects\Wizardry 8\Engine Code\Prop.cpp,1460,psrMesh,
0044d1bd,direct,0044c830,C:\Projects\Wizardry 8\Engine Code\Prop.cpp,1572,psrMesh,
0044d37f,direct,0044d360,C:\Projects\Wizardry 8\Engine Code\Prop.cpp,1643,pWorld,
0044d3f5,direct,0044d360,C:\Projects\Wizardry 8\Engine Code\Prop.cpp,1656,psrMesh,
0044d47b,direct,0044d360,C:\Projects\Wizardry 8\Engine Code\Prop.cpp,1670,psrMesh,
0044df47,direct,0044dea0,C:\Projects\Wizardry 8\Engine Code\Prop.cpp,2361,pstInstance,
0044e033,direct,0044e010,C:\Projects\Wizardry 8\Engine Code\Prop.cpp,2409,pWorld && pWorld->plsProps,
0044e20b,direct,0044e1f0,C:\Projects\Wizardry 8\Engine Code\Prop.cpp,2698,m_pRep,
0044f1fe,direct,0044f1c0,C:\Projects\Wizardry 8\Engine Code\3dapi.cpp,160,pWorld,
0044f4fa,direct,0044f4e0,C:\Projects\Wizardry 8\Engine Code\3dapi.cpp,262,pWorld,
0044f62e,direct,0044f5f0,C:\Projects\Wizardry 8\Engine Code\3dapi.cpp,351,pWorld,
0044f9cb,direct,0044f5f0,C:\Projects\Wizardry 8\Engine Code\3dapi.cpp,446,pWorld->psrMeshes,LoadWorld: Couldn't allocate psrMeshes.
0044fa5c,direct,0044f5f0,C:\Projects\Wizardry 8\Engine Code\3dapi.cpp,472,hFile,Could not open level file.
0044fa9f,direct,0044f5f0,C:\Projects\Wizardry 8\Engine Code\3dapi.cpp,477,fSuccess,"Problem loading level, please check files and versions."
0044fb0d,direct,0044faf0,C:\Projects\Wizardry 8\Engine Code\3dapi.cpp,511,pWorld,
0045022a,direct,00450210,C:\Projects\Wizardry 8\Engine Code\3dapi.cpp,801,pWorld,
004503e1,register-indirect,004503c0,C:\Projects\Wizardry 8\Engine Code\3dapi.cpp,975,pWorld,
004503fe,register-indirect,004503c0,C:\Projects\Wizardry 8\Engine Code\3dapi.cpp,976,pWorld->psrCamera,
0045043e,direct,00450420,C:\Projects\Wizardry 8\Engine Code\3dapi.cpp,1058,pWorld,
004504d9,register-indirect,004504b0,C:\Projects\Wizardry 8\Engine Code\3dapi.cpp,1087,pWorld,
004504fe,register-indirect,004504b0,C:\Projects\Wizardry 8\Engine Code\3dapi.cpp,1092,CamPos,
004505c5,register-indirect,004504b0,C:\Projects\Wizardry 8\Engine Code\3dapi.cpp,1102,CamPos,
0045062c,direct,00450610,C:\Projects\Wizardry 8\Engine Code\3dapi.cpp,1131,pWorld,
004506e6,direct,004506c0,C:\Projects\Wizardry 8\Engine Code\3dapi.cpp,1160,CamPos,
00450791,direct,00450780,,,,
00450e53,register-indirect,00450b10,C:\Projects\Wizardry 8\Engine Code\3dapi.cpp,1406,pWorld->plsMonsters,Out of memory creating plsMonsters.
00450e71,register-indirect,00450b10,C:\Projects\Wizardry 8\Engine Code\3dapi.cpp,1407,pWorld->plsItems,Out of memory creating plsItems.
00450e8f,register-indirect,00450b10,C:\Projects\Wizardry 8\Engine Code\3dapi.cpp,1408,pWorld->plsProps,Out of memory creating plsProps.
00450ead,register-indirect,00450b10,C:\Projects\Wizardry 8\Engine Code\3dapi.cpp,1409,pWorld->plsCameras,Out of memory creating plsCameras.
00450ecb,register-indirect,00450b10,C:\Projects\Wizardry 8\Engine Code\3dapi.cpp,1410,pWorld->plsAmbientSounds,Out of memory creating plsAmbientSounds.
00450eec,register-indirect,00450b10,C:\Projects\Wizardry 8\Engine Code\3dapi.cpp,1411,pWorld->plsLightsToUpdate,Out of memory creating plsLightsToUpdate.
00450f0d,register-indirect,00450b10,C:\Projects\Wizardry 8\Engine Code\3dapi.cpp,1412,pWorld->plsCollidableProps,Out of memory creating plsCollidableProps.
00450f2e,register-indirect,00450b10,C:\Projects\Wizardry 8\Engine Code\3dapi.cpp,1413,pWorld->plsMonsterGenerators,Out of memory creating plsMonsterGenerators.
00450f4f,register-indirect,00450b10,C:\Projects\Wizardry 8\Engine Code\3dapi.cpp,1414,pWorld->plsLightsToUpdate,Out of memory creating plsLightsToUpdate.
00450f70,register-indirect,00450b10,C:\Projects\Wizardry 8\Engine Code\3dapi.cpp,1415,pWorld->plsCollidableProps,Out of memory creating plsCollidableProps.
00450f91,register-indirect,00450b10,C:\Projects\Wizardry 8\Engine Code\3dapi.cpp,1416,pWorld->plsMissiles,Out of memory creating plsMissiles.
00450fb2,register-indirect,00450b10,C:\Projects\Wizardry 8\Engine Code\3dapi.cpp,1417,pWorld->plsTriggers,Out of memory creating plsTriggers.
00450fd3,register-indirect,00450b10,C:\Projects\Wizardry 8\Engine Code\3dapi.cpp,1418,pWorld->plsParticles,Out of memory creating plsParticles.
00450ff4,register-indirect,00450b10,C:\Projects\Wizardry 8\Engine Code\3dapi.cpp,1419,pWorld->plsNamedPositions,Out of memory creating plsNamedPositions.
0045117c,direct,00451160,C:\Projects\Wizardry 8\Engine Code\3dapi.cpp,1014,pWorld,
004511ed,direct,004511d0,C:\Projects\Wizardry 8\Engine Code\3dapi.cpp,1043,pWorld,
004536c7,direct,00453690,C:\Projects\Wizardry 8\Engine Code\Navigator.cpp,1735,pNavAI,
00457831,direct,004577f0,..\Engine Code\Include\stHeap.hpp,242,heapsize > 0,Delete called on empty stHeap
00458b90,register-indirect,00458ad0,C:\Projects\Wizardry 8\Engine Code\OctPath.cpp,2226,fSuccess,
00458bee,register-indirect,00458ad0,C:\Projects\Wizardry 8\Engine Code\OctPath.cpp,2231,fSuccess,
00458c26,register-indirect,00458ad0,C:\Projects\Wizardry 8\Engine Code\OctPath.cpp,2233,fSuccess,
00458c5d,register-indirect,00458ad0,C:\Projects\Wizardry 8\Engine Code\OctPath.cpp,2235,fSuccess,
00458c95,register-indirect,00458ad0,C:\Projects\Wizardry 8\Engine Code\OctPath.cpp,2237,fSuccess,
00458ccd,register-indirect,00458ad0,C:\Projects\Wizardry 8\Engine Code\OctPath.cpp,2239,fSuccess,
00459130,register-indirect,00458ce0,C:\Projects\Wizardry 8\Engine Code\OctPath.cpp,2298,fSuccess,
004591a3,register-indirect,00458ce0,C:\Projects\Wizardry 8\Engine Code\OctPath.cpp,2307,m_pCondPaths,
004591db,register-indirect,00458ce0,C:\Projects\Wizardry 8\Engine Code\OctPath.cpp,2309,m_pCondPaths,
00459212,register-indirect,00458ce0,C:\Projects\Wizardry 8\Engine Code\OctPath.cpp,2311,m_pCondPaths,
0045924a,register-indirect,00458ce0,C:\Projects\Wizardry 8\Engine Code\OctPath.cpp,2313,m_pCondPaths,
00459282,register-indirect,00458ce0,C:\Projects\Wizardry 8\Engine Code\OctPath.cpp,2315,m_pCondPaths,
004592cc,register-indirect,00458ce0,C:\Projects\Wizardry 8\Engine Code\OctPath.cpp,2318,fSuccess,
00459308,register-indirect,00458ce0,C:\Projects\Wizardry 8\Engine Code\OctPath.cpp,2320,fSuccess,
00459475,direct,00459400,C:\Projects\Wizardry 8\Engine Code\OctPath.cpp,2408,m_pFileWayPoints,
0045992f,direct,00459650,..\Engine Code\Include\stHeap.hpp,121,hlist,
0045b23e,direct,0045b120,C:\Projects\Wizardry 8\Engine Code\OctPath.cpp,3596,ulCount<200,Too many nodes in list
0045cafc,direct,0045c9a0,..\Engine Code\Include\stHeap.hpp,225,heapsize < maxheapsize,stHeap overflow
0045cf2d,direct,0045c9a0,C:\Projects\Wizardry 8\Engine Code\OctPath.cpp,4368,(ulBestNode <= m_ulSearchNodesUsed),
0045d5ac,direct,0045d530,C:\Projects\Wizardry 8\Engine Code\OctPath.cpp,4585,pstMeshModel,
0045d831,direct,0045d530,C:\Projects\Wizardry 8\Engine Code\OctPath.cpp,4646,m_pPathModelInstance,
0045de22,direct,0045ddb0,C:\Projects\Wizardry 8\Engine Code\OctPath.cpp,4844,pNewWayPoints,
0045ed95,direct,0045ec30,C:\Projects\Wizardry 8\Engine Code\OctPath.cpp,5414,pNewWayPtLinks,
004601f1,register-indirect,004601b0,C:\Projects\Wizardry 8\Engine Code\OctPath.cpp,6734,pusWayPts[i] < (UINT16)m_ulNumWayPoints,Pathing::CheckConditionalWayPtStatus: WayPt Index out of range.
0046028e,direct,00460250,C:\Projects\Wizardry 8\Engine Code\OctPath.cpp,6764,pusLinks[i] < (UINT16)m_ulNumWayPtLinks,Pathing::CheckConditionalLinkStatus: Link Index out of range.
004609f5,direct,00460950,C:\Projects\Wizardry 8\Engine Code\OctPath.cpp,7074,i < m_ulNumWayPoints,
00460bee,direct,00460b80,C:\Projects\Wizardry 8\Engine Code\OctPath.cpp,7131,usStartNode < m_ulNumWayPoints,Starting index out of range
00460c1d,direct,00460b80,C:\Projects\Wizardry 8\Engine Code\OctPath.cpp,7132,usEndNode < m_ulNumWayPoints,Last index out of range
00460ca1,direct,00460b80,C:\Projects\Wizardry 8\Engine Code\OctPath.cpp,7146,usWayPt < m_ulNumWayPoints,Waypoint index out of range (1)
00460cdf,direct,00460b80,C:\Projects\Wizardry 8\Engine Code\OctPath.cpp,7148,usLink < m_ulNumWayPtLinks,Link index out of range (1)
00460d0f,direct,00460b80,C:\Projects\Wizardry 8\Engine Code\OctPath.cpp,7152,usLink < m_ulNumWayPtLinks,Link index out of range (2)
00460dfa,direct,00460b80,C:\Projects\Wizardry 8\Engine Code\OctPath.cpp,7157,usNextNode < m_ulNumWayPoints,Waypoint index out of range (2)
00460f0e,direct,00460b80,..\Engine Code\Include\stHeap.hpp,225,heapsize < maxheapsize,stHeap overflow
00461050,direct,00460b80,..\Engine Code\Include\stHeap.hpp,225,heapsize < maxheapsize,stHeap overflow
00461111,direct,00460b80,C:\Projects\Wizardry 8\Engine Code\OctPath.cpp,7202,usLink < m_ulNumWayPtLinks,Link index out of range (3)
0046116f,direct,00460b80,..\Engine Code\Include\stHeap.hpp,242,heapsize > 0,Delete called on empty stHeap
00461257,direct,00460b80,C:\Projects\Wizardry 8\Engine Code\OctPath.cpp,7210,usWayPt < m_ulNumWayPoints,Waypoint index out of range (3)
00461464,direct,004612a0,C:\Projects\Wizardry 8\Engine Code\OctPath.cpp,7319,i < m_ulNumWayPoints,
00461bb8,direct,00461960,C:\Projects\Wizardry 8\Engine Code\OctPath.cpp,7559,i < m_ulNumWayPoints,
00461d80,direct,00461d10,C:\Projects\Wizardry 8\Engine Code\OctPath.cpp,7631,usLink < m_ulNumWayPtLinks,Link index out of range
00461e92,direct,00461d10,C:\Projects\Wizardry 8\Engine Code\OctPath.cpp,7641,usNextNode < m_ulNumWayPoints,Waypoint index out of range
00461fbf,direct,00461d10,C:\Projects\Wizardry 8\Engine Code\OctPath.cpp,7680,ulLinkNum < 20,Too many links for waypoint in RecursePatrolLinks
00462198,direct,00461d10,C:\Projects\Wizardry 8\Engine Code\OctPath.cpp,7695,usNextNode < m_ulNumWayPoints,Waypoint index out of range (2)
00463918,direct,00463460,..\Engine Code\Include\stHeap.hpp,225,heapsize < maxheapsize,stHeap overflow
00463d61,direct,00463460,..\Engine Code\Include\stHeap.hpp,225,heapsize < maxheapsize,stHeap overflow
00463eb3,direct,00463460,..\Engine Code\Include\stHeap.hpp,225,heapsize < maxheapsize,stHeap overflow
00463f35,direct,00463460,..\Engine Code\Include\stHeap.hpp,242,heapsize > 0,Delete called on empty stHeap
00463fa1,direct,00463460,C:\Projects\Wizardry 8\Engine Code\OctPath.cpp,8877,(ulBestNode <= m_ulSearchNodesUsed),
00465a6e,direct,00465a00,C:\Projects\Wizardry 8\Engine Code\OctPath.cpp,10065,pNewSearchNodes,
004675d2,direct,004675b0,..\Engine Code\Include\stHeap.hpp,225,heapsize < maxheapsize,stHeap overflow
004689d2,direct,004683f0,C:\Projects\Wizardry 8\Engine Code\OctPreTree.cpp,548,m_pAlphaBits->Save(hOctFile),ReadOctFile: Failure writing Alpha Bits.
0046b9a5,direct,0046b700,C:\Projects\Wizardry 8\Engine Code\OctPreTree.cpp,1963,(m_lNumSupports < 30 && m_lNumBlocks < 30),PathNodeObstructed: Too many props affecting one pathnode.
0046bac6,direct,0046b9d0,C:\Projects\Wizardry 8\Engine Code\OctPreTree.cpp,2016,pCondNode,InsertConditionalNodes: Could not allocate CondPathNode stucture.
0046bb75,direct,0046b9d0,C:\Projects\Wizardry 8\Engine Code\OctPreTree.cpp,2024,FALSE,Could not find prop and frame for conditional node.
0046bc79,direct,0046b9d0,C:\Projects\Wizardry 8\Engine Code\OctPreTree.cpp,2044,pCondNode,InsertConditionalNodes: Could not allocate CondPathNode stucture.
0046be84,direct,0046b9d0,C:\Projects\Wizardry 8\Engine Code\OctPreTree.cpp,2052,FALSE,Could not find prop and frame for conditional node.
0046c212,direct,0046c0f0,C:\Projects\Wizardry 8\Engine Code\OctPreTree.cpp,2190,pPreProps[i].pStopMeshes,CreatePathProps: Couldn't allocate GDPreProp objects.
0046c4e8,direct,0046c0f0,C:\Projects\Wizardry 8\Engine Code\OctPreTree.cpp,2221,pPreProps[i].pStopMeshes,CreatePathProps: Couldn't allocate GDPreProp objects.
0046c553,direct,0046c0f0,C:\Projects\Wizardry 8\Engine Code\OctPreTree.cpp,2228,(pLVL->pProps[i].usFrame_Pos[j*2] < (UINT16)(pLVL->pProps[i].bNumFrames)),
0046dca9,direct,0046dc90,C:\Projects\Wizardry 8\Engine Code\3d.cpp,241,psrScene,
0046dd96,register-indirect,0046dd70,C:\Projects\Wizardry 8\Engine Code\3d.cpp,269,pWorld,
0046ddb1,register-indirect,0046dd70,C:\Projects\Wizardry 8\Engine Code\3d.cpp,270,pWorld->plsMonsters,
0046de63,register-indirect,0046de40,C:\Projects\Wizardry 8\Engine Code\3d.cpp,309,pWorld,
0046de80,register-indirect,0046de40,C:\Projects\Wizardry 8\Engine Code\3d.cpp,310,pWorld->plsItems,
0046def3,direct,0046ded0,C:\Projects\Wizardry 8\Engine Code\3d.cpp,344,pWorld && pWorld->plsProps,
0046e068,register-indirect,0046e030,C:\Projects\Wizardry 8\Engine Code\3d.cpp,570,name,
0046e0e4,register-indirect,0046e030,C:\Projects\Wizardry 8\Engine Code\3d.cpp,579,pLight,
0046e15e,direct,0046e140,C:\Projects\Wizardry 8\Engine Code\3d.cpp,603,name,
0046e17f,direct,0046e140,C:\Projects\Wizardry 8\Engine Code\3d.cpp,604,pWorld,
0046e1ab,direct,0046e140,C:\Projects\Wizardry 8\Engine Code\3d.cpp,608,pLight,
0046e272,register-indirect,0046e250,C:\Projects\Wizardry 8\Engine Code\3d.cpp,632,pWorld,
0046e28f,register-indirect,0046e250,C:\Projects\Wizardry 8\Engine Code\3d.cpp,633,pLight,
0046e369,direct,0046e350,C:\Projects\Wizardry 8\Engine Code\3d.cpp,651,pWorld,
0046e3b9,direct,0046e3a0,C:\Projects\Wizardry 8\Engine Code\3d.cpp,663,pWorld,
0046e3ec,direct,0046e3d0,C:\Projects\Wizardry 8\Engine Code\3d.cpp,670,pWorld,
0046e4e0,direct,0046e4a0,C:\Projects\Wizardry 8\Engine Code\3d.cpp,632,pWorld,
0046e4fd,direct,0046e4a0,C:\Projects\Wizardry 8\Engine Code\3d.cpp,633,pLight,
0046ea07,direct,0046e8a0,C:\Projects\Wizardry 8\Engine Code\3d.cpp,1107,psrDIG,
0046f5f7,register-indirect,0046f5c0,C:\Projects\Wizardry 8\Engine Code\3d.cpp,1471,pstMeshModel,
0046f648,register-indirect,0046f5c0,C:\Projects\Wizardry 8\Engine Code\3d.cpp,1474,pstHeadInstance,
0046f6b7,register-indirect,0046f680,C:\Projects\Wizardry 8\Engine Code\3d.cpp,1486,pstModelInstance,
0046f708,register-indirect,0046f680,C:\Projects\Wizardry 8\Engine Code\3d.cpp,1489,pstHeadInstance,
004714e1,register-indirect,00471340,C:\Projects\Wizardry 8\Engine Code\stMeshModel.cpp,462,m_psCompVertexLoc[uiCount],
00471543,register-indirect,00471340,C:\Projects\Wizardry 8\Engine Code\stMeshModel.cpp,467,m_pbCompVertexNormal[uiCount],
004715a3,register-indirect,00471340,C:\Projects\Wizardry 8\Engine Code\stMeshModel.cpp,472,m_pbCompPolyNormal[uiCount],
004717cd,direct,00471720,C:\Projects\Wizardry 8\Engine Code\stMeshModel.cpp,579,m_pVertexLoc[uiFrame],
00471873,direct,00471720,C:\Projects\Wizardry 8\Engine Code\stMeshModel.cpp,590,m_pVertexNormal[uiFrame],
0047191e,direct,00471720,C:\Projects\Wizardry 8\Engine Code\stMeshModel.cpp,601,m_pPolyNormal[uiFrame],
00471b64,direct,00471ad0,C:\Projects\Wizardry 8\Engine Code\stMeshModel.cpp,724,m_pLerpBuffer,
00472ace,direct,004729f0,C:\Projects\Wizardry 8\Engine Code\stMeshModel.cpp,1226,l,
00472cab,direct,004729f0,C:\Projects\Wizardry 8\Engine Code\stMeshModel.cpp,1243,vnorm,
0047356f,direct,00473260,C:\Projects\Wizardry 8\Engine Code\stMeshModel.cpp,1485,m_plsSkinBlankingAPT,
00473611,direct,00473260,C:\Projects\Wizardry 8\Engine Code\stMeshModel.cpp,1494,m_plsSkinBlankingAPTNum,
00473696,direct,00473260,C:\Projects\Wizardry 8\Engine Code\stMeshModel.cpp,1503,m_plsSkinBlankingChecked,
00473b1d,direct,00473b00,C:\Projects\Wizardry 8\Engine Code\stMeshModel.cpp,1768,uiFrames,
00473c52,direct,00473bf0,C:\Projects\Wizardry 8\Engine Code\stMeshModel.cpp,1810,pstModel,
0047a6cd,direct,0047a670,C:\Projects\Wizardry 8\Engine Code\AmbientSound.cpp,757,pSound,
0047a719,direct,0047a700,C:\Projects\Wizardry 8\Engine Code\AmbientSound.cpp,765,pAmbient,
0047a7d0,direct,0047a790,C:\Projects\Wizardry 8\Engine Code\AmbientSound.cpp,862,pSound->pacSoundName,AmbientSound.cpp: Error allocating sound name
0047b528,direct,0047b500,C:\Projects\Wizardry 8\Engine Code\Quality.cpp,159,gpQuality,
00480ce5,direct,00480920,C:\Projects\Wizardry 8\Engine Code\stModelInstance.cpp,926,m_pGlowMaterial,
0048264a,register-indirect,00482410,C:\Projects\Wizardry 8\Engine Code\Environment.cpp,634,pWorld,
0048265c,register-indirect,00482410,C:\Projects\Wizardry 8\Engine Code\Environment.cpp,648,pWorld,
00482910,register-indirect,00482770,C:\Projects\Wizardry 8\Engine Code\Environment.cpp,634,pWorld,
00482922,register-indirect,00482770,C:\Projects\Wizardry 8\Engine Code\Environment.cpp,648,pWorld,
00483612,register-indirect,00483560,C:\Projects\Wizardry 8\Engine Code\Environment.cpp,634,pWorld,
00483624,register-indirect,00483560,C:\Projects\Wizardry 8\Engine Code\Environment.cpp,648,pWorld,
00483a02,register-indirect,004839e0,C:\Projects\Wizardry 8\Engine Code\Environment.cpp,616,pWorld,
00483a1f,register-indirect,004839e0,C:\Projects\Wizardry 8\Engine Code\Environment.cpp,617,pLightValue,
00483a80,register-indirect,00483a60,C:\Projects\Wizardry 8\Engine Code\Environment.cpp,634,pWorld,
00483a92,register-indirect,00483a60,C:\Projects\Wizardry 8\Engine Code\Environment.cpp,648,pWorld,
00483ac9,direct,00483ab0,C:\Projects\Wizardry 8\Engine Code\Environment.cpp,648,pWorld,
00483afc,direct,00483ae0,C:\Projects\Wizardry 8\Engine Code\Environment.cpp,664,pWorld,
00483bc3,direct,00483ba0,C:\Projects\Wizardry 8\Engine Code\Environment.cpp,688,pWorld,
00484043,register-indirect,00483fd0,C:\Projects\Wizardry 8\Engine Code\Environment.cpp,664,pWorld,
00484101,register-indirect,00483fd0,C:\Projects\Wizardry 8\Engine Code\Environment.cpp,664,pWorld,
004843a6,register-indirect,00484300,C:\Projects\Wizardry 8\Engine Code\Environment.cpp,664,pWorld,
00484496,register-indirect,00484300,C:\Projects\Wizardry 8\Engine Code\Environment.cpp,664,pWorld,
00485cea,register-indirect,00485c10,C:\Projects\Wizardry 8\Engine Code\ReadMesh.cpp,215,pInfo,
00485d0a,register-indirect,00485c10,C:\Projects\Wizardry 8\Engine Code\ReadMesh.cpp,217,hFile,
00485fab,direct,00485c10,C:\Projects\Wizardry 8\Engine Code\ReadMesh.cpp,270,ppCompVertices,
00485ff0,direct,00485c10,C:\Projects\Wizardry 8\Engine Code\ReadMesh.cpp,276,ppCompVertices[i],
0048602c,direct,00485c10,C:\Projects\Wizardry 8\Engine Code\ReadMesh.cpp,280,fSuccess,
00486056,direct,00485c10,C:\Projects\Wizardry 8\Engine Code\ReadMesh.cpp,305,FALSE,"Uncompressed mesh, please re-export level with newer plugin"
00486092,direct,00485c10,C:\Projects\Wizardry 8\Engine Code\ReadMesh.cpp,313,pstVertices,
004860cd,direct,00485c10,C:\Projects\Wizardry 8\Engine Code\ReadMesh.cpp,315,fSuccess,
00486149,register-indirect,00485c10,C:\Projects\Wizardry 8\Engine Code\ReadMesh.cpp,328,pstFaces,
00486188,register-indirect,00485c10,C:\Projects\Wizardry 8\Engine Code\ReadMesh.cpp,334,pCompPoly,
004861c0,register-indirect,00485c10,C:\Projects\Wizardry 8\Engine Code\ReadMesh.cpp,338,fSuccess,
0048625c,direct,00485c10,C:\Projects\Wizardry 8\Engine Code\ReadMesh.cpp,358,fSuccess,
004862ae,direct,00485c10,C:\Projects\Wizardry 8\Engine Code\ReadMesh.cpp,363,ppsrMats,
004862cb,direct,00485c10,C:\Projects\Wizardry 8\Engine Code\ReadMesh.cpp,364,uiMatCount,
00487e35,register-indirect,00487e10,C:\Projects\Wizardry 8\Engine Code\ReadMesh.cpp,598,pInfo,
00487e4f,register-indirect,00487e10,C:\Projects\Wizardry 8\Engine Code\ReadMesh.cpp,599,pInfo->strBitmapDir,
00487e69,register-indirect,00487e10,C:\Projects\Wizardry 8\Engine Code\ReadMesh.cpp,600,pInfo->pWorld,
00487e83,register-indirect,00487e10,C:\Projects\Wizardry 8\Engine Code\ReadMesh.cpp,601,pInfo->hFile,
00488291,register-indirect,00488240,C:\Projects\Wizardry 8\Engine Code\ReadMesh.cpp,798,pInfo,
004882b9,register-indirect,00488240,C:\Projects\Wizardry 8\Engine Code\ReadMesh.cpp,799,uiNumMeshes,
004882dc,register-indirect,00488240,C:\Projects\Wizardry 8\Engine Code\ReadMesh.cpp,803,hFile,
0048833c,register-indirect,00488240,C:\Projects\Wizardry 8\Engine Code\ReadMesh.cpp,809,uiMatCount,
00488370,register-indirect,00488240,C:\Projects\Wizardry 8\Engine Code\ReadMesh.cpp,812,(uiTerminator == 0xffffffff),NewReadMesh: Material list length is incorrect.
0048838f,register-indirect,00488240,C:\Projects\Wizardry 8\Engine Code\ReadMesh.cpp,814,(uiNumMeshes == uiMeshNum),NewReadMesh: Mismatch in mesh count between .oct and .pvl files.
0048852c,register-indirect,00488240,C:\Projects\Wizardry 8\Engine Code\ReadMesh.cpp,859,(uiTerminator == 0xffffffff),NewReadMesh: Incorrect offset in file at end of mesh.
00488abc,direct,00488650,C:\Projects\Wizardry 8\Engine Code\ReadMesh.cpp,1115,iPolyType >=0,
0048910a,direct,00488650,C:\Projects\Wizardry 8\Engine Code\ReadMesh.cpp,1255,pstMeshModel[iCount],
0048aa20,direct,0048a7a0,C:\Projects\Wizardry 8\Engine Code\MonGen.cpp,211,pTable,Out of memory allocating monster generation table.
0048aac6,direct,0048a7a0,C:\Projects\Wizardry 8\Engine Code\MonGen.cpp,221,pScript,
0048ae3a,direct,0048ad20,C:\Projects\Wizardry 8\Engine Code\MonGen.cpp,326,pMonsterDB,
0048af69,direct,0048ad20,C:\Projects\Wizardry 8\Engine Code\MonGen.cpp,379,ulNumMonsters,
0048b08c,direct,0048ad20,C:\Projects\Wizardry 8\Engine Code\MonGen.cpp,403,pMonsterDB,
0048b48a,direct,0048b420,C:\Projects\Wizardry 8\Engine Code\MonGen.cpp,535,m_pTimer,MonGen::Reset() out of memory allocating m_pTimer
0048b7eb,direct,0048b770,C:\Projects\Wizardry 8\Engine Code\MonGen.cpp,777,fSuccess,Couldn't load mongen.itm
0048b8a7,register-indirect,0048b850,C:\Projects\Wizardry 8\Engine Code\MonGen.cpp,777,fSuccess,Couldn't load mongen.itm
0048b93d,register-indirect,0048b850,C:\Projects\Wizardry 8\Engine Code\MonGen.cpp,777,fSuccess,Couldn't load mongen.itm
0048c2a3,direct,0048c110,C:\Projects\Wizardry 8\Engine Code\MonGen.cpp,1162,pMonGen,MonGen::LoadAll() out of memory
0048d7bd,direct,0048d080,C:\Projects\Wizardry 8\Engine Code\stCube.cpp,172,psrSurface,
0048dc15,register-indirect,0048dbf0,C:\Projects\Wizardry 8\Engine Code\stCube.cpp,257,vPos,
0048dc32,register-indirect,0048dbf0,C:\Projects\Wizardry 8\Engine Code\stCube.cpp,258,pCube,
0048dc5f,register-indirect,0048dbf0,C:\Projects\Wizardry 8\Engine Code\stCube.cpp,267,pCube,
0048dce1,register-indirect,0048dcb0,C:\Projects\Wizardry 8\Engine Code\stCube.cpp,292,pstModelInstance,
0048dd0b,register-indirect,0048dcb0,C:\Projects\Wizardry 8\Engine Code\stCube.cpp,295,pstMeshModel,
0048dd36,register-indirect,0048dcb0,C:\Projects\Wizardry 8\Engine Code\stCube.cpp,298,psrTexture,
0048dd6f,register-indirect,0048dcb0,C:\Projects\Wizardry 8\Engine Code\stCube.cpp,304,pBuffer,
0048e625,direct,0048e470,C:\Projects\Wizardry 8\Engine Code\stCube.cpp,968,pCube->pUserdata,
0048ea4a,direct,0048e7b0,C:\Projects\Wizardry 8\Engine Code\stCube.cpp,267,pCube,
0048ef73,direct,,C:\Projects\Wizardry 8\Engine Code\stCube.cpp,968,pCube->pUserdata,
00490c93,register-indirect,00490c60,C:\Projects\Wizardry 8\Engine Code\Cursor3d.cpp,392,gp3DCursor,
00490cb2,register-indirect,00490c60,C:\Projects\Wizardry 8\Engine Code\Cursor3d.cpp,393,gp3DCursor->fEnabled,
00497c21,direct,00497af0,C:\Projects\Wizardry 8\Engine Code\stParticle.cpp,65,cnt < 10000,
00498355,direct,00498180,C:\Projects\Wizardry 8\Engine Code\stParticle.cpp,218,pLoc,
004983e1,direct,00498180,C:\Projects\Wizardry 8\Engine Code\stParticle.cpp,228,vUV,
0049842a,direct,00498180,C:\Projects\Wizardry 8\Engine Code\stParticle.cpp,229,vLoc,
00498473,direct,00498180,C:\Projects\Wizardry 8\Engine Code\stParticle.cpp,231,pVertex,
0049ad72,direct,0049ad10,C:\Projects\Wizardry 8\Engine Code\stParticle.cpp,1210,m_pflFlutterAngle,
0049e67f,direct,0049e5d0,C:\Projects\Wizardry 8\Engine Code\OctSubMesh.cpp,261,fSuccess,
0049e6b1,direct,0049e5d0,C:\Projects\Wizardry 8\Engine Code\OctSubMesh.cpp,265,fSuccess,
0049e702,register-indirect,0049e5d0,C:\Projects\Wizardry 8\Engine Code\OctSubMesh.cpp,271,fSuccess,
0049e757,register-indirect,0049e5d0,C:\Projects\Wizardry 8\Engine Code\OctSubMesh.cpp,278,fSuccess,
0049e79d,register-indirect,0049e5d0,C:\Projects\Wizardry 8\Engine Code\OctSubMesh.cpp,287,fSuccess,
0049e7de,register-indirect,0049e5d0,C:\Projects\Wizardry 8\Engine Code\OctSubMesh.cpp,293,fSuccess,
0049e824,register-indirect,0049e5d0,C:\Projects\Wizardry 8\Engine Code\OctSubMesh.cpp,298,fSuccess,
0049e863,register-indirect,0049e5d0,C:\Projects\Wizardry 8\Engine Code\OctSubMesh.cpp,304,fSuccess,
0049e8a4,register-indirect,0049e5d0,C:\Projects\Wizardry 8\Engine Code\OctSubMesh.cpp,310,fSuccess,
0049e8e7,direct,0049e5d0,C:\Projects\Wizardry 8\Engine Code\OctSubMesh.cpp,316,fSuccess,
0049e93b,direct,0049e5d0,C:\Projects\Wizardry 8\Engine Code\OctSubMesh.cpp,323,fSuccess,
0049ecb0,direct,0049e9a0,C:\Projects\Wizardry 8\Engine Code\OctSubMesh.cpp,429,m_plVertMats[iCount] >= 0,
0049ee0c,direct,0049e9a0,C:\Projects\Wizardry 8\Engine Code\OctSubMesh.cpp,466,m_plVertMats[iCount] >= 0,
0049f1a7,direct,0049f170,C:\Projects\Wizardry 8\Engine Code\Item.cpp,126,pInfo && pInfo->hFile && pItem,
0049f207,direct,0049f170,C:\Projects\Wizardry 8\Engine Code\Item.cpp,140,fSuccess && psrMesh,
0049f4ca,direct,0049f4a0,C:\Projects\Wizardry 8\Engine Code\Item.cpp,282,pacName && ppItem,
0049f60b,register-indirect,0049f5d0,C:\Projects\Wizardry 8\Engine Code\Item.cpp,349,pInfo,
0049f6e7,register-indirect,0049f5d0,C:\Projects\Wizardry 8\Engine Code\Item.cpp,353,pItem,
0049f759,direct,0049f730,C:\Projects\Wizardry 8\Engine Code\Item.cpp,458,m_pRep,
0049f928,register-indirect,0049f900,C:\Projects\Wizardry 8\Engine Code\Item.cpp,529,pWorld,
0049f959,register-indirect,0049f900,C:\Projects\Wizardry 8\Engine Code\Item.cpp,537,psrMesh,
0049fa53,register-indirect,0049fa30,C:\Projects\Wizardry 8\Engine Code\Item.cpp,586,pWorld,
0049fa72,register-indirect,0049fa30,C:\Projects\Wizardry 8\Engine Code\Item.cpp,591,psrMesh,
0049fac2,direct,0049faa0,C:\Projects\Wizardry 8\Engine Code\Item.cpp,614,m_pRep->m_psrMesh,
004a01c0,direct,004a01a0,C:\Projects\Wizardry 8\Engine Code\AnimObj.cpp,36,pao,
004a0345,direct,004a0320,C:\Projects\Wizardry 8\Engine Code\AnimObj.cpp,36,pao,
004a04c7,direct,004a0320,C:\Projects\Wizardry 8\Engine Code\AnimObj.cpp,657,pao,
004a0617,register-indirect,004a05c0,C:\Projects\Wizardry 8\Engine Code\AnimObj.cpp,239,pInfo && pInfo->hFile && pao,
004a0790,register-indirect,004a05c0,C:\Projects\Wizardry 8\Engine Code\AnimObj.cpp,279,fSuccess,
004a08c9,direct,004a05c0,C:\Projects\Wizardry 8\Engine Code\AnimObj.cpp,300,pao->pfKnownBBoxFrames && pao->pvecBoundMin && pao->pvecBoundMax,
004a106f,direct,004a05c0,C:\Projects\Wizardry 8\Engine Code\AnimObj.cpp,434,0,AnimObjReadFromFile: Where is the light list?
004a10f7,direct,004a05c0,C:\Projects\Wizardry 8\Engine Code\AnimObj.cpp,453,fSuccess,
004a1269,direct,004a05c0,C:\Projects\Wizardry 8\Engine Code\AnimObj.cpp,512,fSuccess,
004a12bc,direct,004a05c0,C:\Projects\Wizardry 8\Engine Code\AnimObj.cpp,520,fSuccess,
004a1310,direct,004a05c0,C:\Projects\Wizardry 8\Engine Code\AnimObj.cpp,527,fSuccess,
004a1355,direct,004a05c0,C:\Projects\Wizardry 8\Engine Code\AnimObj.cpp,535,fSuccess,
004a13ea,direct,004a05c0,C:\Projects\Wizardry 8\Engine Code\AnimObj.cpp,657,pao,
004a1434,direct,004a05c0,C:\Projects\Wizardry 8\Engine Code\AnimObj.cpp,657,pao,
004a1477,direct,004a05c0,C:\Projects\Wizardry 8\Engine Code\AnimObj.cpp,657,pao,
004a14ea,direct,004a14d0,C:\Projects\Wizardry 8\Engine Code\AnimObj.cpp,579,pao,
004a157a,direct,004a1560,C:\Projects\Wizardry 8\Engine Code\AnimObj.cpp,620,pao,
004a15e9,direct,004a15d0,C:\Projects\Wizardry 8\Engine Code\AnimObj.cpp,657,pao,
004a1639,direct,004a1620,C:\Projects\Wizardry 8\Engine Code\AnimObj.cpp,679,pao,
004a1679,direct,004a1660,C:\Projects\Wizardry 8\Engine Code\AnimObj.cpp,701,pao,
004a16d9,direct,004a16c0,C:\Projects\Wizardry 8\Engine Code\AnimObj.cpp,723,pao,
004a173d,register-indirect,004a1710,C:\Projects\Wizardry 8\Engine Code\AnimObj.cpp,767,pao,
004a18ee,direct,004a1710,C:\Projects\Wizardry 8\Engine Code\AnimObj.cpp,798,pao->pfKnownBBoxFrames && pao->pvecBoundMin && pao->pvecBoundMax,
004a194a,direct,004a1710,C:\Projects\Wizardry 8\Engine Code\AnimObj.cpp,679,pao,
004a19cb,direct,004a1710,C:\Projects\Wizardry 8\Engine Code\AnimObj.cpp,620,pao,
004a1a20,direct,004a1710,C:\Projects\Wizardry 8\Engine Code\AnimObj.cpp,723,pao,
004a1b6b,direct,004a1710,C:\Projects\Wizardry 8\Engine Code\AnimObj.cpp,620,pao,
004a1bc4,direct,004a1710,C:\Projects\Wizardry 8\Engine Code\AnimObj.cpp,723,pao,
004a1dd9,direct,004a1dc0,C:\Projects\Wizardry 8\Engine Code\AnimObj.cpp,945,pao,
004a2172,direct,,..\Engine Code\Include\stLight.hpp,86,pNew,
004a22dc,direct,004a2230,..\Engine Code\Include\stLight.hpp,147,pNew,
004a2731,direct,004a2710,C:\Projects\Wizardry 8\Engine Code\Missile.cpp,126,pao,
004a27de,direct,004a27c0,C:\Projects\Wizardry 8\Engine Code\Missile.cpp,200,pWorld,
004a2cd8,direct,004a28d0,C:\Projects\Wizardry 8\Engine Code\Missile.cpp,288,pMissile->GrObject::GetAI(),
004a2f4f,direct,004a2db0,C:\Projects\Wizardry 8\Engine Code\Missile.cpp,388,plsNewLights,Out of memory creating monster light list
004a303c,direct,004a2db0,C:\Projects\Wizardry 8\Engine Code\Missile.cpp,396,pstNewLight,Out of memory creating monster light
004a339d,direct,004a3300,C:\Projects\Wizardry 8\Engine Code\Missile.cpp,479,pInfo && pInfo->hFile && pMissile,
004a35dd,register-indirect,004a3550,C:\Projects\Wizardry 8\Engine Code\Missile.cpp,1003,pMissile,
004a35fb,register-indirect,004a3550,C:\Projects\Wizardry 8\Engine Code\Missile.cpp,1009,pAI->ubAIType == AI_TYPE_MISSILE,
004a3620,register-indirect,004a3550,C:\Projects\Wizardry 8\Engine Code\Missile.cpp,645,*ppMissile,
004a3813,direct,004a3550,C:\Projects\Wizardry 8\Engine Code\Missile.cpp,815,pacName,
004a3946,direct,004a3550,C:\Projects\Wizardry 8\Engine Code\Missile.cpp,815,pacName,
004a3a13,direct,004a3550,C:\Projects\Wizardry 8\Engine Code\Missile.cpp,815,pacName,
004a3de8,direct,004a3c10,C:\Projects\Wizardry 8\Engine Code\Missile.cpp,910,m_pRep,
004a424a,register-indirect,004a4210,C:\Projects\Wizardry 8\Engine Code\Missile.cpp,1195,pMissile,
004a42ce,direct,004a42b0,C:\Projects\Wizardry 8\Engine Code\Missile.cpp,1215,bCycle<MISSILE_NUM_CYCLES,
004a4330,direct,004a4300,C:\Projects\Wizardry 8\Engine Code\Missile.cpp,1238,bCycle >= MISSILE_CYCLE_FIRST && bCycle <= MISSILE_CYCLE_LAST,
004a461c,direct,004a45f0,C:\Projects\Wizardry 8\Engine Code\Missile.cpp,1374,pao,
004a4a00,direct,004a49e0,C:\Projects\Wizardry 8\Engine Code\Missile.cpp,1733,m_Source.iType == SOURCE_TYPE_CHAR,
004a53c2,direct,004a53a0,C:\Projects\Wizardry 8\Engine Code\Missile.cpp,2157,pAIMissile,
004a56a6,direct,004a5600,C:\Projects\Wizardry 8\Engine Code\Missile.cpp,2262,s_pMissileTable,
004a6121,direct,004a5f20,C:\Projects\Wizardry 8\Engine Code\GrCycle.cpp,203,pstLight,Out of memory creating monster light
004a629b,direct,004a5f20,C:\Projects\Wizardry 8\Engine Code\GrCycle.cpp,227,m_plsShakeEvents,
004a6318,direct,004a5f20,C:\Projects\Wizardry 8\Engine Code\GrCycle.cpp,233,pEvent,
004a6430,direct,004a5f20,C:\Projects\Wizardry 8\Engine Code\GrCycle.cpp,246,m_plsParticles,
004a64f9,direct,004a5f20,C:\Projects\Wizardry 8\Engine Code\GrCycle.cpp,102,m_pstParticles,
004a652e,direct,004a5f20,C:\Projects\Wizardry 8\Engine Code\GrCycle.cpp,251,pPartSys,
004a6811,direct,004a67e0,C:\Projects\Wizardry 8\Engine Code\GrCycle.cpp,374,pacName && ppCycle,
004a694f,direct,004a67e0,C:\Projects\Wizardry 8\Engine Code\GrCycle.cpp,408,fSuccess,
004a69b3,register-indirect,004a6970,C:\Projects\Wizardry 8\Engine Code\GrCycle.cpp,442,pInfo,
004a6a1c,register-indirect,004a6970,C:\Projects\Wizardry 8\Engine Code\GrCycle.cpp,466,pCycle,
004a6a83,register-indirect,004a6970,C:\Projects\Wizardry 8\Engine Code\GrCycle.cpp,486,fSuccess,
004a6c3e,direct,004a6970,C:\Projects\Wizardry 8\Engine Code\GrCycle.cpp,513,pPartSys,
004a7077,direct,004a6fc0,C:\Projects\Wizardry 8\Engine Code\GrCycle.cpp,1598,(bBehaviour >= BEHAVIOUR_FIRST) && (bBehaviour <= BEHAVIOUR_LAST),
004a743f,direct,004a7420,C:\Projects\Wizardry 8\Engine Code\GrCycle.cpp,942,pRep,
004a74a6,register-indirect,004a7470,C:\Projects\Wizardry 8\Engine Code\GrCycle.cpp,977,pWorld,
004a7526,direct,004a7470,C:\Projects\Wizardry 8\Engine Code\GrCycle.cpp,996,psrMesh,
004a7731,direct,004a7470,C:\Projects\Wizardry 8\Engine Code\GrCycle.cpp,1039,psrMesh,
004a7aeb,direct,004a7a70,C:\Projects\Wizardry 8\Engine Code\GrCycle.cpp,1142,psrMesh,
004a7b57,direct,004a7a70,C:\Projects\Wizardry 8\Engine Code\GrCycle.cpp,1156,pWorld,
004a7e29,direct,004a7e10,C:\Projects\Wizardry 8\Engine Code\GrCycle.cpp,1345,0,
004a82d8,register-indirect,004a8250,C:\Projects\Wizardry 8\Engine Code\GrCycle.cpp,1521,bLOD >= 0 && bLOD < NUM_LODS,
004a82f2,register-indirect,004a8250,C:\Projects\Wizardry 8\Engine Code\GrCycle.cpp,1522,bFrame >= 0,
004a8310,register-indirect,004a8250,C:\Projects\Wizardry 8\Engine Code\GrCycle.cpp,1523,bCycle >= 0,
004a8388,register-indirect,004a8360,C:\Projects\Wizardry 8\Engine Code\GrCycle.cpp,1521,bLOD >= 0 && bLOD < NUM_LODS,
004a83a6,register-indirect,004a8360,C:\Projects\Wizardry 8\Engine Code\GrCycle.cpp,1522,bFrame >= 0,
004a83c4,register-indirect,004a8360,C:\Projects\Wizardry 8\Engine Code\GrCycle.cpp,1523,bCycle >= 0,
004a8488,direct,004a8460,C:\Projects\Wizardry 8\Engine Code\GrCycle.cpp,1598,(bBehaviour >= BEHAVIOUR_FIRST) && (bBehaviour <= BEHAVIOUR_LAST),
004a84e8,direct,004a84c0,C:\Projects\Wizardry 8\Engine Code\GrCycle.cpp,1656,!m_fDeleteLights || (m_fDeleteLights && !m_plsLights),
004a869d,register-indirect,004a8650,C:\Projects\Wizardry 8\Engine Code\GrCycle.cpp,1732,plsCyclesOfAName->Length(),
004a8743,direct,004a8700,C:\Projects\Wizardry 8\Engine Code\GrCycle.cpp,1766,plsCyclesOfAName->Length(),
004a8815,direct,004a87a0,C:\Projects\Wizardry 8\Engine Code\GrCycle.cpp,1801,plsCyclesOfThisName->Length(),
004a8875,direct,004a8830,C:\Projects\Wizardry 8\Engine Code\GrCycle.cpp,1830,plsCyclesOfAName->Length(),
004a8aa7,direct,004a89a0,C:\Projects\Wizardry 8\Engine Code\GrCycle.cpp,1891,plsCyclesOfThisName->Length(),
004a922e,direct,004a91f0,C:\Projects\Wizardry 8\Engine Code\PathAI.CPP,1429,pPathAI&&pRep,
004a93fb,register-indirect,004a92a0,C:\Projects\Wizardry 8\Engine Code\PathAI.CPP,260,pPathAI->pRotations,
004a9442,register-indirect,004a92a0,C:\Projects\Wizardry 8\Engine Code\PathAI.CPP,266,pPathAI->pvecScales,
004a98ff,direct,004a98c0,C:\Projects\Wizardry 8\Engine Code\PathAI.CPP,495,pPathAI,
004a9c63,direct,004a9c30,C:\Projects\Wizardry 8\Engine Code\PathAI.CPP,662,pPathAI,
004a9c81,direct,004a9c30,C:\Projects\Wizardry 8\Engine Code\PathAI.CPP,663,pPathAI->plsPoints,
004a9de4,direct,004a9c30,C:\Projects\Wizardry 8\Engine Code\PathAI.CPP,1134,pPathAI,
004a9f39,direct,004a9f20,C:\Projects\Wizardry 8\Engine Code\PathAI.CPP,1083,pPathAI,
004a9f7c,direct,004a9f60,C:\Projects\Wizardry 8\Engine Code\PathAI.CPP,1134,pPathAI,
004aa210,direct,004aa1f0,C:\Projects\Wizardry 8\Engine Code\PathAI.CPP,1312,pPathAI,
004aa396,register-indirect,004aa370,C:\Projects\Wizardry 8\Engine Code\PathAI.CPP,1511,pPathAI,
004aa3bc,register-indirect,004aa370,C:\Projects\Wizardry 8\Engine Code\PathAI.CPP,1512,pPathAI->flPosition>=0.0f,
004aa9e9,direct,004aa9d0,C:\Projects\Wizardry 8\Engine Code\PathAI.CPP,1756,pPathAI,
004aaa29,direct,004aaa10,C:\Projects\Wizardry 8\Engine Code\PathAI.CPP,1774,pPathAI,
004aab9e,direct,004aab80,C:\Projects\Wizardry 8\Engine Code\Spells.cpp,304,pWorld,
004aaedd,direct,004aad20,C:\Projects\Wizardry 8\Engine Code\Spells.cpp,408,plsNewLights,Out of memory creating monster light list
004aafca,direct,004aad20,C:\Projects\Wizardry 8\Engine Code\Spells.cpp,416,pstNewLight,Out of memory creating monster light
004ab2e4,direct,004ab2c0,C:\Projects\Wizardry 8\Engine Code\Spells.cpp,512,pao,
004ab3e9,direct,004ab340,C:\Projects\Wizardry 8\Engine Code\Spells.cpp,602,pInfo && pInfo->hFile && pSpell,
004ab68e,register-indirect,004ab580,C:\Projects\Wizardry 8\Engine Code\Spells.cpp,1030,pSpell,
004ab6b0,register-indirect,004ab580,C:\Projects\Wizardry 8\Engine Code\Spells.cpp,760,*ppSpell,
004ab792,direct,004ab580,C:\Projects\Wizardry 8\Engine Code\Spells.cpp,1330,pacName,
004ab903,direct,004ab580,C:\Projects\Wizardry 8\Engine Code\Spells.cpp,1330,pacName,
004ab9d0,direct,004ab580,C:\Projects\Wizardry 8\Engine Code\Spells.cpp,1330,pacName,
004abb5d,direct,004ab580,C:\Projects\Wizardry 8\Engine Code\Spells.cpp,869,*ppSpell,
004abcbe,direct,004abbb0,C:\Projects\Wizardry 8\Engine Code\Spells.cpp,960,m_pRep,
004ac404,direct,004ac3d0,C:\Projects\Wizardry 8\Engine Code\Spells.cpp,1308,pSpell,
004ac4fe,direct,004ac4e0,C:\Projects\Wizardry 8\Engine Code\Spells.cpp,1370,bCycle<SPELL_NUM_CYCLES,
004ac5a4,direct,004ac580,C:\Projects\Wizardry 8\Engine Code\Spells.cpp,1473,bCycle >= SPELL_CYCLE_FIRST && bCycle <= SPELL_CYCLE_LAST,
004ac8cc,direct,004ac8a0,C:\Projects\Wizardry 8\Engine Code\Spells.cpp,1619,pao,
004accb9,direct,004acc10,C:\Projects\Wizardry 8\Engine Code\Spells.cpp,1908,s_pSpellTable,
004acdac,register-indirect,004acd80,C:\Projects\Wizardry 8\Engine Code\Spells.cpp,2089,pMonster,
004acdcb,register-indirect,004acd80,C:\Projects\Wizardry 8\Engine Code\Spells.cpp,2091,pMonRep,
004acdeb,register-indirect,004acd80,C:\Projects\Wizardry 8\Engine Code\Spells.cpp,2092,pMonRep->GetSpellIcons(),
004ace17,register-indirect,004acd80,C:\Projects\Wizardry 8\Engine Code\Spells.cpp,2095,iIcon != SPELL_ICON_NONE,
004ace87,register-indirect,004acd80,C:\Projects\Wizardry 8\Engine Code\Spells.cpp,2075,pSpellMI,
004acfaa,direct,004acf90,C:\Projects\Wizardry 8\Engine Code\Spells.cpp,2130,pMonster,
004acfcd,direct,004acf90,C:\Projects\Wizardry 8\Engine Code\Spells.cpp,2132,pMonRep,
004ad017,direct,004acf90,C:\Projects\Wizardry 8\Engine Code\Spells.cpp,2075,pSpellMI,
004ad0b5,direct,004ad080,C:\Projects\Wizardry 8\Engine Code\Spells.cpp,2169,pMLS && strlen(pMLS),
004ad45d,direct,004ad430,C:\Projects\Wizardry 8\Engine Code\Spells.cpp,2228,pMLS && strlen(pMLS),
004ad663,register-indirect,004ad630,C:\Projects\Wizardry 8\Engine Code\Spells.cpp,2281,pMLS && strlen(pMLS),
004ad680,register-indirect,004ad630,C:\Projects\Wizardry 8\Engine Code\Spells.cpp,2282,pMonster,
004ad8cd,direct,004ad8a0,C:\Projects\Wizardry 8\Engine Code\Spells.cpp,2367,pMLS && strlen(pMLS),
004adb4d,direct,004adb20,C:\Projects\Wizardry 8\Engine Code\Spells.cpp,2449,pMLS && strlen(pMLS),
004b1b27,register-indirect,004b19f0,C:\Projects\Wizardry 8\Engine Code\OctBuildPreTree.cpp,1777,m_pulRegPaths,
004b1b7d,register-indirect,004b19f0,C:\Projects\Wizardry 8\Engine Code\OctBuildPreTree.cpp,1779,m_psrvRegCenters,
004b546a,direct,004b53d0,C:\Projects\Wizardry 8\Engine Code\AnimRep.cpp,78,gpsrTimer,
004b5587,direct,004b54a0,C:\Projects\Wizardry 8\Engine Code\AnimRep.cpp,100,gpsrTimer,
004b55e0,direct,004b55c0,C:\Projects\Wizardry 8\Engine Code\AnimRep.cpp,106,bFrameMethod >= DIR_FIRST && bFrameMethod <= DIR_LAST,
004b580b,register-indirect,004b57e0,C:\Projects\Wizardry 8\Engine Code\AniMesh.cpp,114,pAniMesh,
004b5847,register-indirect,004b57e0,C:\Projects\Wizardry 8\Engine Code\AniMesh.cpp,122,pAniMesh->strBitmapDir,
004b5861,register-indirect,004b57e0,C:\Projects\Wizardry 8\Engine Code\AniMesh.cpp,123,pAniMesh->strFilename,
004b589a,direct,004b5880,C:\Projects\Wizardry 8\Engine Code\AniMesh.cpp,145,pAniMesh,
004b58ec,direct,004b58d0,C:\Projects\Wizardry 8\Engine Code\AniMesh.cpp,176,pOther,
004b5918,direct,004b58d0,C:\Projects\Wizardry 8\Engine Code\AniMesh.cpp,180,pAniMesh,
004b59b6,direct,004b58d0,C:\Projects\Wizardry 8\Engine Code\AniMesh.cpp,198,pAniMesh->strBitmapDir,
004b59d7,direct,004b58d0,C:\Projects\Wizardry 8\Engine Code\AniMesh.cpp,199,pAniMesh->strFilename,
004b5a4e,direct,004b58d0,C:\Projects\Wizardry 8\Engine Code\AniMesh.cpp,212,pAniMesh->ppsrMeshes,
004b5ab1,direct,004b58d0,C:\Projects\Wizardry 8\Engine Code\AniMesh.cpp,222,pAniMesh->ppsrMeshes,
004b5b53,direct,004b5b30,C:\Projects\Wizardry 8\Engine Code\AniMesh.cpp,261,pInfo&&pAniMesh,
004b5d58,direct,004b5d00,C:\Projects\Wizardry 8\Engine Code\AniMesh.cpp,409,0,
004b5dc4,direct,004b5d00,C:\Projects\Wizardry 8\Engine Code\AniMesh.cpp,429,fSuccess,
004b5e9e,register-indirect,004b5d00,C:\Projects\Wizardry 8\Engine Code\AniMesh.cpp,453,fSuccess,
004b5ef6,register-indirect,004b5d00,C:\Projects\Wizardry 8\Engine Code\AniMesh.cpp,464,pAniMesh->ppsrMeshes,
004b5f37,register-indirect,004b5d00,C:\Projects\Wizardry 8\Engine Code\AniMesh.cpp,475,pAniMesh->ppsrMeshes,
004b6066,direct,004b5d00,C:\Projects\Wizardry 8\Engine Code\AniMesh.cpp,497,fSuccess,
004b60e4,register-indirect,004b5d00,C:\Projects\Wizardry 8\Engine Code\AniMesh.cpp,702,pAniMesh,
004b6114,register-indirect,004b5d00,C:\Projects\Wizardry 8\Engine Code\AniMesh.cpp,710,0,
004b618f,direct,004b5d00,C:\Projects\Wizardry 8\Engine Code\AniMesh.cpp,702,pAniMesh,
004b61c1,direct,004b5d00,C:\Projects\Wizardry 8\Engine Code\AniMesh.cpp,710,0,
004b62de,register-indirect,004b6290,C:\Projects\Wizardry 8\Engine Code\AniMesh.cpp,575,fi.hFile,
004b6409,direct,004b63f0,C:\Projects\Wizardry 8\Engine Code\AniMesh.cpp,650,pAniMesh,
004b6463,direct,004b63f0,C:\Projects\Wizardry 8\Engine Code\AniMesh.cpp,710,0,
004b6509,direct,004b64f0,C:\Projects\Wizardry 8\Engine Code\AniMesh.cpp,702,pAniMesh,
004b653d,direct,004b64f0,C:\Projects\Wizardry 8\Engine Code\AniMesh.cpp,710,0,
004b659a,direct,004b6550,C:\Projects\Wizardry 8\Engine Code\AniMesh.cpp,750,0,
004b6622,direct,004b6550,C:\Projects\Wizardry 8\Engine Code\AniMesh.cpp,742,0,
004b6659,direct,004b6640,C:\Projects\Wizardry 8\Engine Code\AniMesh.cpp,791,pAniMesh,
004b668d,direct,004b6640,C:\Projects\Wizardry 8\Engine Code\AniMesh.cpp,799,0,
004b670a,register-indirect,004b66e0,C:\Projects\Wizardry 8\Engine Code\AniMesh.cpp,840,pAniMesh&&pflRadius,
004b673e,register-indirect,004b66e0,C:\Projects\Wizardry 8\Engine Code\AniMesh.cpp,848,0,
004b67d8,direct,004b6770,C:\Projects\Wizardry 8\Engine Code\AniMesh.cpp,976,pAniMesh,
004b684f,direct,004b6770,C:\Projects\Wizardry 8\Engine Code\AniMesh.cpp,925,0,mimp.cpp -> Tell a programmer : running out of monster memory.
004b6879,direct,004b6860,C:\Projects\Wizardry 8\Engine Code\AniMesh.cpp,951,pAniMesh,
004b6a62,direct,004b69a0,C:\Projects\Wizardry 8\Engine Code\GrObject.cpp,66,m_plsSoundEvents,
004b6c8b,direct,004b6bd0,C:\Projects\Wizardry 8\Engine Code\GrObject.cpp,139,m_plsSoundEvents,
004b6fb7,register-indirect,004b6f30,C:\Projects\Wizardry 8\Engine Code\GDProp.cpp,160,m_pGDSurfaces,
004b7031,register-indirect,004b6f30,C:\Projects\Wizardry 8\Engine Code\GDProp.cpp,174,m_pVertices,
004b77a9,direct,004b7730,C:\Projects\Wizardry 8\Engine Code\GDProp.cpp,578,pusNewList,CheckConditionalWayPt: Couldn't allocate new waypt list.
004b7a48,direct,004b7830,C:\Projects\Wizardry 8\Engine Code\GDProp.cpp,653,pusNewList,CheckConditionalWayPt: Couldn't allocate new waypt list.
004b7c8c,register-indirect,004b7c00,C:\Projects\Wizardry 8\Engine Code\GDProp.cpp,853,FALSE,Transform prop made collideable!!!
004b7d37,register-indirect,004b7c00,C:\Projects\Wizardry 8\Engine Code\GDProp.cpp,868,m_pGDSurfaces,
004b9083,direct,004b8a70,C:\Projects\Wizardry 8\Engine Code\materials.cpp,228,*ppstMaterial,
004b934b,direct,004b9280,C:\Projects\Wizardry 8\Engine Code\materials.cpp,304,*ppstMaterial,
004b9745,direct,004b95d0,C:\Projects\Wizardry 8\Engine Code\materials.cpp,401,psrTexture,
004b98ae,direct,004b95d0,C:\Projects\Wizardry 8\Engine Code\materials.cpp,423,psrTexture,
004bad6b,register-indirect,004bad40,C:\Projects\Wizardry 8\Engine Code\UpdateMesh.cpp,543,pWorld,
004bad85,register-indirect,004bad40,C:\Projects\Wizardry 8\Engine Code\UpdateMesh.cpp,544,pWorld->Tree.pQuads,
004baf79,direct,004baf60,C:\Projects\Wizardry 8\Engine Code\UpdateMesh.cpp,674,pWorld,
004bb13f,direct,004baff0,C:\Projects\Wizardry 8\Engine Code\ReadLevel.cpp,250,psrMesh,
004bb645,direct,004baff0,C:\Projects\Wizardry 8\Engine Code\ReadLevel.cpp,348,fSuccess,
004bbb0f,direct,004bbad0,C:\Projects\Wizardry 8\Engine Code\ReadLevel.cpp,486,fSuccess,Couldn't read number of lights
004bbcb7,direct,004bbad0,C:\Projects\Wizardry 8\Engine Code\ReadLevel.cpp,532,fSuccess,
004bbef5,direct,004bbad0,C:\Projects\Wizardry 8\Engine Code\ReadLevel.cpp,593,pstLight,
004bce7b,register-indirect,004bce20,C:\Projects\Wizardry 8\Engine Code\ReadLevel.cpp,1435,pInfo,
004bce9d,register-indirect,004bce20,C:\Projects\Wizardry 8\Engine Code\ReadLevel.cpp,1436,pInfo->hFile,
004bcebb,register-indirect,004bce20,C:\Projects\Wizardry 8\Engine Code\ReadLevel.cpp,1437,pWorld,
004bceec,register-indirect,004bce20,C:\Projects\Wizardry 8\Engine Code\ReadLevel.cpp,1442,fSuccess,Error reading num clipping planes
004bcfbb,direct,004bce20,C:\Projects\Wizardry 8\Engine Code\ReadLevel.cpp,1454,psrClipPlane,out of memory creating clip plane
004bd22c,direct,004bd0d0,C:\Projects\Wizardry 8\Engine Code\ReadLevel.cpp,1534,0,Unknown particle structure version
004bd291,direct,004bd0d0,C:\Projects\Wizardry 8\Engine Code\ReadLevel.cpp,1539,pParticle,Error creating particle in ReadParticles()
004bdd21,direct,004bdc90,C:\Projects\Wizardry 8\Engine Code\ReadLevel.cpp,1747,pNamedPos,out of memory creating NamedPos
004bdd57,direct,004bdc90,C:\Projects\Wizardry 8\Engine Code\ReadLevel.cpp,1750,bVersion == 1,Unknown Named Position version
004be2c2,direct,004be200,C:\Projects\Wizardry 8\Engine Code\quad.cpp,58,pq,
004bf2b5,direct,004bf0f0,C:\Projects\Wizardry 8\Engine Code\Monster.cpp,485,plsNewLights,Out of memory creating monster light list
004bf36f,direct,004bf0f0,C:\Projects\Wizardry 8\Engine Code\Monster.cpp,493,pstNewLight,Out of memory creating monster light
004bf5d2,direct,004bf520,C:\Projects\Wizardry 8\Engine Code\Monster.cpp,557,pInfo && pInfo->hFile && pMonster,
004bf625,direct,004bf520,C:\Projects\Wizardry 8\Engine Code\Monster.cpp,3125,bCycle>=CYCLE_FIRST && bCycle<=CYCLE_LAST,
004bf9b6,direct,004bf970,C:\Projects\Wizardry 8\Engine Code\Monster.cpp,734,pao,
004bfad1,direct,004bfab0,C:\Projects\Wizardry 8\Engine Code\Monster.cpp,960,bCycle < CYCLE_NUM_UNIQUE,GetNumSubsPerCycle() -> Invalid cycle num.
004c006f,direct,004bfe00,C:\Projects\Wizardry 8\Engine Code\Monster.cpp,1099,rhs.m_pRep,
004c0386,direct,004c0300,C:\Projects\Wizardry 8\Engine Code\Monster.cpp,1235,*ppMonster,
004c0516,direct,004c0300,C:\Projects\Wizardry 8\Engine Code\Monster.cpp,1295,hFile,
004c0a3a,direct,004c0300,C:\Projects\Wizardry 8\Engine Code\Monster.cpp,1422,pSndEvent,mls pitch: Must specify a sound before specifying parameters
004c0aa0,direct,004c0300,C:\Projects\Wizardry 8\Engine Code\Monster.cpp,1429,pSndEvent,mls volume: Must specify a sound before specifying parameters
004c0b7c,direct,004c0300,C:\Projects\Wizardry 8\Engine Code\Monster.cpp,1445,pSndEvent,mls frequency: Must specify a sound before specifying parameters
004c145e,direct,004c0300,C:\Projects\Wizardry 8\Engine Code\Monster.cpp,1590,FALSE,
004c1da2,direct,004c1d20,C:\Projects\Wizardry 8\Engine Code\Monster.cpp,757,flStart <= flEnd,
004c202f,direct,004c2010,C:\Projects\Wizardry 8\Engine Code\Monster.cpp,1937,pacName,
004c2123,direct,004c2100,C:\Projects\Wizardry 8\Engine Code\Monster.cpp,2041,m_pRep,
004c2c7d,direct,004c2bf0,C:\Projects\Wizardry 8\Engine Code\Monster.cpp,2431,FALSE,
004c3644,register-indirect,,C:\Projects\Wizardry 8\Engine Code\Monster.cpp,258,m_pMonster,
004c3661,register-indirect,,C:\Projects\Wizardry 8\Engine Code\Monster.cpp,259,m_pParticles,
004c36a4,register-indirect,,..\Engine Code\Include\AnimRep.hpp,135,bBehaviour >= BEHAVIOUR_FIRST && bBehaviour <= BEHAVIOUR_LAST,
004c3761,direct,004c3740,C:\Projects\Wizardry 8\Engine Code\Monster.cpp,2812,bCycle < CYCLE_NUM_UNIQUE,IsCycleSupported() -> Invalid cycle num.
004c37b7,direct,004c3790,C:\Projects\Wizardry 8\Engine Code\Monster.cpp,2836,bCycle >= CYCLE_FIRST && bCycle <= CYCLE_LAST,
004c38a0,direct,004c3790,C:\Projects\Wizardry 8\Engine Code\Monster.cpp,2854,FALSE,
004c3927,direct,004c3790,C:\Projects\Wizardry 8\Engine Code\Monster.cpp,2883,0,
004c3a57,direct,004c3790,C:\Projects\Wizardry 8\Engine Code\Monster.cpp,2897,pao,
004c3f43,direct,004c3f00,C:\Projects\Wizardry 8\Engine Code\Monster.cpp,3150,pao,
004c4cbf,direct,004c4ca0,C:\Projects\Wizardry 8\Engine Code\Monster.cpp,3812,pMonsterB,
004c4d61,direct,004c4d40,C:\Projects\Wizardry 8\Engine Code\Monster.cpp,3838,pPlayer,
004c5889,direct,004c5870,C:\Projects\Wizardry 8\Engine Code\Monster.cpp,4703,pMonster,
004c5e6f,direct,004c5e40,..\Engine Code\Include\AnimRep.hpp,135,bBehaviour >= BEHAVIOUR_FIRST && bBehaviour <= BEHAVIOUR_LAST,
004c6398,direct,004c6350,C:\Projects\Wizardry 8\Engine Code\Monster.cpp,960,bCycle < CYCLE_NUM_UNIQUE,GetNumSubsPerCycle() -> Invalid cycle num.
004c770e,direct,004c75c0,C:\Projects\Wizardry 8\Engine Code\Monster.cpp,6242,uiAttack < MAX_MONSTER_ATTACKS,
004c7829,direct,004c77f0,C:\Projects\Wizardry 8\Engine Code\Monster.cpp,6321,!(IsCycleSupported(CYCLE_ATTACK_SHOOT) && IsCycleSupported(CYCLE_ATTACK_THROW)),
004c9e48,direct,004c9dc0,C:\Projects\Wizardry 8\Engine Code\Monster.cpp,7503,pEvalVar,
004c9e75,direct,004c9dc0,C:\Projects\Wizardry 8\Engine Code\Monster.cpp,7504,strlen(pEvalVar) < 512,
004c9f85,direct,004c9dc0,C:\Projects\Wizardry 8\Engine Code\Monster.cpp,7526,lsParmList.Length(),
004ca07f,direct,004c9dc0,C:\Projects\Wizardry 8\Engine Code\Monster.cpp,7542,lsParmList.Length(),
004ce667,direct,004ce510,C:\Projects\Wizardry 8\Engine Code\OctPrePath.cpp,1037,ppCondPaths,LinkCollideableProps: Couldn't allocate GDPropCondPaths objects.
004ce7b4,direct,004ce510,C:\Projects\Wizardry 8\Engine Code\OctPrePath.cpp,1065,ulOriginalCount <= (UINT32)lNumProps,LinkCollideableProps: Invalid count for collideable props.
004ce861,direct,004ce510,C:\Projects\Wizardry 8\Engine Code\OctPrePath.cpp,1077,m_ulNumCondFrames < 10000,LinkCollideableProps: Too many conditional frames.
004ce8aa,direct,004ce510,C:\Projects\Wizardry 8\Engine Code\OctPrePath.cpp,1082,m_ulNumCondNodes < 10000,LinkCollideableProps: Too many conditional nodes.
004cea31,direct,004ce510,C:\Projects\Wizardry 8\Engine Code\OctPrePath.cpp,1116,m_pCondPaths,LinkCollideableProps: Couldn't allocate m_pCondPaths array.
004cead8,direct,004ce510,C:\Projects\Wizardry 8\Engine Code\OctPrePath.cpp,1127,m_pulCondLookup,
004ceb2e,direct,004ce510,C:\Projects\Wizardry 8\Engine Code\OctPrePath.cpp,1130,m_pusCondNodeFrames,
004ceb87,direct,004ce510,C:\Projects\Wizardry 8\Engine Code\OctPrePath.cpp,1134,m_pulCondNodeKeys,
004cebe1,direct,004ce510,C:\Projects\Wizardry 8\Engine Code\OctPrePath.cpp,1137,m_pulCondNodeValues,
004cf467,direct,004cf3b0,C:\Projects\Wizardry 8\Engine Code\stScript.cpp,69,pNewLine,
004cfdec,direct,004cfdc0,C:\Projects\Wizardry 8\Engine Code\LevelFile.cpp,43,pLevel,
004cfe6a,direct,004cfdc0,C:\Projects\Wizardry 8\Engine Code\LevelFile.cpp,56,pLevel->pMeshes,
004cfedc,direct,004cfdc0,C:\Projects\Wizardry 8\Engine Code\LevelFile.cpp,65,pLevel->pTextures,
004cffcf,direct,004cfdc0,C:\Projects\Wizardry 8\Engine Code\LevelFile.cpp,77,pLevel->pLights,
004d006e,direct,004cfdc0,C:\Projects\Wizardry 8\Engine Code\LevelFile.cpp,93,pLevel->pMonsters,
004d010f,direct,004cfdc0,C:\Projects\Wizardry 8\Engine Code\LevelFile.cpp,105,pLevel->pMonsters[i1].MonPath,
004d01cc,direct,004cfdc0,C:\Projects\Wizardry 8\Engine Code\LevelFile.cpp,121,pLevel->pItems,
004d0266,direct,004cfdc0,C:\Projects\Wizardry 8\Engine Code\LevelFile.cpp,137,pLevel->pProps,
004d02a9,direct,004cfdc0,C:\Projects\Wizardry 8\Engine Code\LevelFile.cpp,145,pLevel->pBitmaps,
004d02fd,direct,004cfdc0,C:\Projects\Wizardry 8\Engine Code\LevelFile.cpp,167,pLevel->pCameras,
004d0499,direct,004cfdc0,C:\Projects\Wizardry 8\Engine Code\LevelFile.cpp,188,pLevel->pTriggers,
004d057b,direct,004cfdc0,C:\Projects\Wizardry 8\Engine Code\LevelFile.cpp,203,pLevel->pClippingPlanes,
004d0612,direct,004cfdc0,C:\Projects\Wizardry 8\Engine Code\LevelFile.cpp,214,pLevel->pParticleSystems,
004d06bf,direct,004cfdc0,C:\Projects\Wizardry 8\Engine Code\LevelFile.cpp,227,pLevel->pNamedPositions,
004d07f4,register-indirect,004d07c0,C:\Projects\Wizardry 8\Engine Code\LevelFile.cpp,268,pLevel,
004d0814,register-indirect,004d07c0,C:\Projects\Wizardry 8\Engine Code\LevelFile.cpp,269,hFile,
004d0831,register-indirect,004d07c0,C:\Projects\Wizardry 8\Engine Code\LevelFile.cpp,270,pLevel->pMeshes,
004d0c3e,direct,004d07c0,C:\Projects\Wizardry 8\Engine Code\LevelFile.cpp,393,pLevel->pCameras,
004d0dd7,direct,004d07c0,C:\Projects\Wizardry 8\Engine Code\LevelFile.cpp,416,pLevel->pTriggers,
004d13b2,direct,004d1110,C:\Projects\Wizardry 8\Engine Code\LevelFile.cpp,666,pMesh->pstVertices,
004d1428,direct,004d1110,C:\Projects\Wizardry 8\Engine Code\LevelFile.cpp,679,pMesh->pstCompFaces,
004d1497,direct,004d1110,C:\Projects\Wizardry 8\Engine Code\LevelFile.cpp,690,pMesh->pstFaces,
004d1733,direct,004d1510,C:\Projects\Wizardry 8\Engine Code\LevelFile.cpp,789,pMesh->pstVertices,
004d1794,direct,004d1510,C:\Projects\Wizardry 8\Engine Code\LevelFile.cpp,799,pMesh->pstCompFaces,
004d17e2,direct,004d1510,C:\Projects\Wizardry 8\Engine Code\LevelFile.cpp,806,pMesh->pstFaces,
004d1947,direct,004d1820,C:\Projects\Wizardry 8\Engine Code\LevelFile.cpp,863,fSuccess,Couldn't read light.
004d1a75,direct,004d1960,C:\Projects\Wizardry 8\Engine Code\LevelFile.cpp,910,fSuccess,Couldn't Write light.
004d1b3e,direct,004d1a90,C:\Projects\Wizardry 8\Engine Code\LevelFile.cpp,946,fSuccess,Couldn't read anim light.
004d1bf7,direct,004d1b50,C:\Projects\Wizardry 8\Engine Code\LevelFile.cpp,980,fSuccess,Couldn't write anim light.
004d1c82,direct,004d1c10,C:\Projects\Wizardry 8\Engine Code\LevelFile.cpp,1016,pSwitch,
004d1d92,direct,004d1c10,C:\Projects\Wizardry 8\Engine Code\LevelFile.cpp,1032,fSuccess,
004d1ecf,direct,004d1c10,C:\Projects\Wizardry 8\Engine Code\LevelFile.cpp,1071,pInvis,
004d1fdc,direct,004d1c10,C:\Projects\Wizardry 8\Engine Code\LevelFile.cpp,1089,pInvis->pPlane,
004d21f1,direct,004d1c10,C:\Projects\Wizardry 8\Engine Code\LevelFile.cpp,1132,pSound,
004d2469,register-indirect,004d23f0,C:\Projects\Wizardry 8\Engine Code\LevelFile.cpp,1214,pSwitch,
004d2569,register-indirect,004d23f0,C:\Projects\Wizardry 8\Engine Code\LevelFile.cpp,1229,fSuccess,
004d2617,direct,004d23f0,C:\Projects\Wizardry 8\Engine Code\LevelFile.cpp,1258,pInvis,
004d2855,direct,004d23f0,C:\Projects\Wizardry 8\Engine Code\LevelFile.cpp,1310,pSound,
004d3812,direct,004d3770,C:\Projects\Wizardry 8\Engine Code\LevelFile.cpp,1842,pPathAI->pScaledPaths,
004d3889,direct,004d3770,C:\Projects\Wizardry 8\Engine Code\LevelFile.cpp,1853,pPathAI->pPaths,
004d3974,direct,004d38e0,C:\Projects\Wizardry 8\Engine Code\LevelFile.cpp,1889,pPathAI->pScaledPaths,
004d39c6,direct,004d38e0,C:\Projects\Wizardry 8\Engine Code\LevelFile.cpp,1899,pPathAI->pPaths,
004d3b4c,direct,004d3a10,C:\Projects\Wizardry 8\Engine Code\LevelFile.cpp,1957,fSuccess,
004d3b7f,direct,004d3a10,C:\Projects\Wizardry 8\Engine Code\LevelFile.cpp,1962,pAnimObj->abHowMany,
004d3bf9,direct,004d3a10,C:\Projects\Wizardry 8\Engine Code\LevelFile.cpp,1971,pAnimObj->pBoundBox,
004d3da6,direct,004d3a10,C:\Projects\Wizardry 8\Engine Code\LevelFile.cpp,2017,pAnimObj->pMorphs,
004d3e6a,direct,004d3a10,C:\Projects\Wizardry 8\Engine Code\LevelFile.cpp,2027,pAnimObj->pMorphs[i].LODMesh.pFrames,
004d3f77,direct,004d3a10,C:\Projects\Wizardry 8\Engine Code\LevelFile.cpp,2041,pAnimObj->pMorphs[i].LODMesh.pFrames[i2].pTextures,
004d40fe,direct,004d3a10,C:\Projects\Wizardry 8\Engine Code\LevelFile.cpp,2062,pAnimObj->pTransforms,
004d41cd,direct,004d3a10,C:\Projects\Wizardry 8\Engine Code\LevelFile.cpp,2072,pAnimObj->pTransforms[i].LODMesh.pFrames,
004d42e9,direct,004d3a10,C:\Projects\Wizardry 8\Engine Code\LevelFile.cpp,2094,pAnimObj->pTransforms[i].LODMesh.pFrames[i2].pTextures,
004d459c,direct,004d4480,C:\Projects\Wizardry 8\Engine Code\LevelFile.cpp,2151,fSuccess,
004d45c3,direct,004d4480,C:\Projects\Wizardry 8\Engine Code\LevelFile.cpp,2155,pAnimObj->abHowMany,
004d4623,direct,004d4480,C:\Projects\Wizardry 8\Engine Code\LevelFile.cpp,2164,pAnimObj->pBoundBox,
004d476b,direct,004d4480,C:\Projects\Wizardry 8\Engine Code\LevelFile.cpp,2206,pAnimObj->pMorphs,
004d47e3,direct,004d4480,C:\Projects\Wizardry 8\Engine Code\LevelFile.cpp,2213,pAnimObj->pMorphs[i].LODMesh.pFrames,
004d4892,direct,004d4480,C:\Projects\Wizardry 8\Engine Code\LevelFile.cpp,2223,pAnimObj->pMorphs[i].LODMesh.pFrames[i2].pTextures,
004d4a26,direct,004d4480,C:\Projects\Wizardry 8\Engine Code\LevelFile.cpp,2247,pAnimObj->pTransforms,
004d4aa4,direct,004d4480,C:\Projects\Wizardry 8\Engine Code\LevelFile.cpp,2254,pAnimObj->pTransforms[i].LODMesh.pFrames,
004d4b53,direct,004d4480,C:\Projects\Wizardry 8\Engine Code\LevelFile.cpp,2264,pAnimObj->pTransforms[i].LODMesh.pFrames[i2].pTextures,
004d4cf2,direct,004d4cb0,C:\Projects\Wizardry 8\Engine Code\LevelFile.cpp,2309,pProps,
004d4dc8,direct,004d4cb0,C:\Projects\Wizardry 8\Engine Code\LevelFile.cpp,2328,fSuccess,
004d4e31,direct,004d4cb0,C:\Projects\Wizardry 8\Engine Code\LevelFile.cpp,2335,pProps[i1].usFrame_Pos,
004d4e78,direct,004d4cb0,C:\Projects\Wizardry 8\Engine Code\LevelFile.cpp,2340,fSuccess,
004d4eaa,direct,004d4cb0,C:\Projects\Wizardry 8\Engine Code\LevelFile.cpp,2353,fSuccess,
004d4ede,direct,004d4cb0,C:\Projects\Wizardry 8\Engine Code\LevelFile.cpp,2357,pProps[i1].pTrigger,
004d4f1a,direct,004d4cb0,C:\Projects\Wizardry 8\Engine Code\LevelFile.cpp,2360,fSuccess,
004d4f52,direct,004d4cb0,C:\Projects\Wizardry 8\Engine Code\LevelFile.cpp,2366,fSuccess,
004d4fe9,direct,004d4fc0,C:\Projects\Wizardry 8\Engine Code\LevelFile.cpp,2402,pProps,
004d5097,direct,004d4fc0,C:\Projects\Wizardry 8\Engine Code\LevelFile.cpp,2416,fSuccess,
004d50de,direct,004d4fc0,C:\Projects\Wizardry 8\Engine Code\LevelFile.cpp,2422,pProps[i1].usFrame_Pos,
004d5145,direct,004d4fc0,C:\Projects\Wizardry 8\Engine Code\LevelFile.cpp,2439,fSuccess,
004d5179,direct,004d4fc0,C:\Projects\Wizardry 8\Engine Code\LevelFile.cpp,2443,fSuccess,
004d51cb,direct,004d4fc0,C:\Projects\Wizardry 8\Engine Code\LevelFile.cpp,2451,fSuccess,
004d531b,direct,004d5240,C:\Projects\Wizardry 8\Engine Code\LevelFile.cpp,2563,fSuccess,Couldn't read particle system.
004d5421,direct,004d5370,C:\Projects\Wizardry 8\Engine Code\LevelFile.cpp,2602,fSuccess,Couldn't Write particle system.
004d5804,direct,004d57a0,C:\Projects\Wizardry 8\Engine Code\SoundEvent.cpp,112,pSndEvent,SoundEvent: Out of memory
004d5860,direct,004d57a0,C:\Projects\Wizardry 8\Engine Code\SoundEvent.cpp,121,pSndEvent->m_pacWaveName,SoundEvent: Out of memory
004d5e75,direct,004d5a10,C:\Projects\Wizardry 8\Engine Code\SoundEvent.cpp,289,vPos,
004d6d4c,register-indirect,004d6c50,C:\Projects\Wizardry 8\Level Specific Code\MasterFunctionList.cpp,116,pTrigger,Missing trigger 'ChaosMolori'! It's not in the LVL file!
004d6d7f,register-indirect,004d6c50,C:\Projects\Wizardry 8\Level Specific Code\MasterFunctionList.cpp,120,pTrigger,Missing trigger 'Maddmook'! It's not in the LVL file!
004d6db2,register-indirect,004d6c50,C:\Projects\Wizardry 8\Level Specific Code\MasterFunctionList.cpp,124,pTrigger,Missing trigger 'CMbox'! It's not in the LVL file!
004d6de8,register-indirect,004d6c50,C:\Projects\Wizardry 8\Level Specific Code\MasterFunctionList.cpp,128,pTrigger,Missing trigger 'AstralDominae'! It's not in the LVL file!
004d6e1e,register-indirect,004d6c50,C:\Projects\Wizardry 8\Level Specific Code\MasterFunctionList.cpp,132,pTrigger,Missing trigger 'BallSlot'! It's not in the LVL file!
004d6e54,register-indirect,004d6c50,C:\Projects\Wizardry 8\Level Specific Code\MasterFunctionList.cpp,136,pTrigger,Missing trigger 'Flightrecordertrigger'! It's not in the LVL file!
004d6e8a,register-indirect,004d6c50,C:\Projects\Wizardry 8\Level Specific Code\MasterFunctionList.cpp,140,pTrigger,Missing trigger 'ULLspawn'! It's not in the LVL file!
004d6ec0,register-indirect,004d6c50,C:\Projects\Wizardry 8\Level Specific Code\MasterFunctionList.cpp,144,pTrigger,Missing trigger 'Mookholo'! It's not in the LVL file!
004d6ef6,register-indirect,004d6c50,C:\Projects\Wizardry 8\Level Specific Code\MasterFunctionList.cpp,156,pTrigger,Missing trigger 'MookFrontDoor'! It's not in the LVL file!
004d71c7,direct,004d6c50,C:\Projects\Wizardry 8\Level Specific Code\MasterFunctionList.cpp,231,pTrigger,Missing trigger 'Liche'! It's not in the LVL file!
004d7210,register-indirect,004d6c50,C:\Projects\Wizardry 8\Level Specific Code\MasterFunctionList.cpp,242,pTrigger,Missing trigger 'Triangle'! It's not in the LVL file!
004d7247,register-indirect,004d6c50,C:\Projects\Wizardry 8\Level Specific Code\MasterFunctionList.cpp,246,pTrigger,Missing trigger 'Circle'! It's not in the LVL file!
004d7279,register-indirect,004d6c50,C:\Projects\Wizardry 8\Level Specific Code\MasterFunctionList.cpp,250,pTrigger,Missing trigger 'Square'! It's not in the LVL file!
004d72ab,register-indirect,004d6c50,C:\Projects\Wizardry 8\Level Specific Code\MasterFunctionList.cpp,254,pTrigger,Missing trigger 'Star'! It's not in the LVL file!
004d72dd,register-indirect,004d6c50,C:\Projects\Wizardry 8\Level Specific Code\MasterFunctionList.cpp,258,pTrigger,Missing trigger 'ButtonBlocker'! It's not in the LVL file!
004d731d,register-indirect,004d6c50,C:\Projects\Wizardry 8\Level Specific Code\MasterFunctionList.cpp,278,pTrigger,Missing trigger 'RampUp'! It's not in the LVL file!
004d7353,register-indirect,004d6c50,C:\Projects\Wizardry 8\Level Specific Code\MasterFunctionList.cpp,282,pTrigger,Missing trigger 'ChaosATrigger'! It's not in the LVL file!
004d7389,register-indirect,004d6c50,C:\Projects\Wizardry 8\Level Specific Code\MasterFunctionList.cpp,286,pTrigger,Missing trigger 'ChaosBTrigger'! It's not in the LVL file!
004d73bf,register-indirect,004d6c50,C:\Projects\Wizardry 8\Level Specific Code\MasterFunctionList.cpp,290,pTrigger,Missing trigger 'LifeATrigger'! It's not in the LVL file!
004d73f5,register-indirect,004d6c50,C:\Projects\Wizardry 8\Level Specific Code\MasterFunctionList.cpp,294,pTrigger,Missing trigger 'LifeBTrigger'! It's not in the LVL file!
004d742b,register-indirect,004d6c50,C:\Projects\Wizardry 8\Level Specific Code\MasterFunctionList.cpp,298,pTrigger,Missing trigger 'KnowATrigger'! It's not in the LVL file!
004d7461,register-indirect,004d6c50,C:\Projects\Wizardry 8\Level Specific Code\MasterFunctionList.cpp,302,pTrigger,Missing trigger 'KnowBTrigger'! It's not in the LVL file!
004d7497,register-indirect,004d6c50,C:\Projects\Wizardry 8\Level Specific Code\MasterFunctionList.cpp,306,pTrigger,Missing trigger 'RampUp'! It's not in the LVL file!
004d74cd,register-indirect,004d6c50,C:\Projects\Wizardry 8\Level Specific Code\MasterFunctionList.cpp,310,pTrigger,Missing trigger 'Path1Camera'! It's not in the LVL file!
004d7558,register-indirect,004d6c50,C:\Projects\Wizardry 8\Level Specific Code\MasterFunctionList.cpp,324,pTrigger,Missing trigger 'MR109'! It's not in the LVL file!
004d75d8,register-indirect,004d6c50,C:\Projects\Wizardry 8\Level Specific Code\MasterFunctionList.cpp,340,pTrigger,Missing trigger 'F-Handlock'! It's not in the LVL file!
004d760e,register-indirect,004d6c50,C:\Projects\Wizardry 8\Level Specific Code\MasterFunctionList.cpp,344,pTrigger,Missing trigger 'ButtonGigas'! It's not in the LVL file!
004d7645,register-indirect,004d6c50,C:\Projects\Wizardry 8\Level Specific Code\MasterFunctionList.cpp,348,pTrigger,Missing trigger 'ButtonTrang'! It's not in the LVL file!
004d767b,register-indirect,004d6c50,C:\Projects\Wizardry 8\Level Specific Code\MasterFunctionList.cpp,352,pTrigger,Missing trigger 'ButtonRift'! It's not in the LVL file!
004d76b1,register-indirect,004d6c50,C:\Projects\Wizardry 8\Level Specific Code\MasterFunctionList.cpp,356,pTrigger,Missing trigger 'ButtonMaten'! It's not in the LVL file!
004d76e7,register-indirect,004d6c50,C:\Projects\Wizardry 8\Level Specific Code\MasterFunctionList.cpp,360,pTrigger,Missing trigger 'WireTrigger'! It's not in the LVL file!
004d771d,register-indirect,004d6c50,C:\Projects\Wizardry 8\Level Specific Code\MasterFunctionList.cpp,364,pTrigger,Missing trigger 'ButtonGigas'! It's not in the LVL file!
004d78d8,register-indirect,004d6c50,C:\Projects\Wizardry 8\Level Specific Code\MasterFunctionList.cpp,402,pTrigger,Missing trigger 'Arrowtraptrigger'! It's not in the LVL file!
004d790e,register-indirect,004d6c50,C:\Projects\Wizardry 8\Level Specific Code\MasterFunctionList.cpp,406,pTrigger,Missing trigger 'Spikeballtrigger'! It's not in the LVL file!
004d7944,register-indirect,004d6c50,C:\Projects\Wizardry 8\Level Specific Code\MasterFunctionList.cpp,410,pTrigger,Missing trigger 'DoorBolt'! It's not in the LVL file!
004d797a,register-indirect,004d6c50,C:\Projects\Wizardry 8\Level Specific Code\MasterFunctionList.cpp,414,pTrigger,Missing trigger 'DummyLever'! It's not in the LVL file!
004d79b0,register-indirect,004d6c50,C:\Projects\Wizardry 8\Level Specific Code\MasterFunctionList.cpp,418,pTrigger,Missing trigger 'Dummy'! It's not in the LVL file!
004d79e6,register-indirect,004d6c50,C:\Projects\Wizardry 8\Level Specific Code\MasterFunctionList.cpp,422,pTrigger,Missing trigger 'PerfumeBox'! It's not in the LVL file!
004d7a1c,register-indirect,004d6c50,C:\Projects\Wizardry 8\Level Specific Code\MasterFunctionList.cpp,426,pTrigger,Missing trigger 'StoneIdol'! It's not in the LVL file!
004d7a52,register-indirect,004d6c50,C:\Projects\Wizardry 8\Level Specific Code\MasterFunctionList.cpp,430,pTrigger,Missing trigger 'BlueFlowers'! It's not in the LVL file!
004d7a88,register-indirect,004d6c50,C:\Projects\Wizardry 8\Level Specific Code\MasterFunctionList.cpp,434,pTrigger,Missing trigger 'SquisherControls'! It's not in the LVL file!
004d7b03,register-indirect,004d6c50,C:\Projects\Wizardry 8\Level Specific Code\MasterFunctionList.cpp,448,pTrigger,Missing trigger 'roach_trigger'! It's not in the LVL file!
004d7b39,register-indirect,004d6c50,C:\Projects\Wizardry 8\Level Specific Code\MasterFunctionList.cpp,452,pTrigger,Missing trigger 'spider_trigger'! It's not in the LVL file!
004d7b6f,register-indirect,004d6c50,C:\Projects\Wizardry 8\Level Specific Code\MasterFunctionList.cpp,456,pTrigger,Missing trigger 'Bartrigger'! It's not in the LVL file!
004d7ba5,register-indirect,004d6c50,C:\Projects\Wizardry 8\Level Specific Code\MasterFunctionList.cpp,460,pTrigger,Missing trigger 'Coffinlide'! It's not in the LVL file!
004d7bdb,register-indirect,004d6c50,C:\Projects\Wizardry 8\Level Specific Code\MasterFunctionList.cpp,464,pTrigger,Missing trigger 'Coffinlidg'! It's not in the LVL file!
004d7c1c,register-indirect,004d6c50,C:\Projects\Wizardry 8\Level Specific Code\MasterFunctionList.cpp,1518,pTrigger,
004d7c5c,register-indirect,004d6c50,C:\Projects\Wizardry 8\Level Specific Code\MasterFunctionList.cpp,472,pTrigger,Missing trigger 'bell_button'! It's not in the LVL file!
004d7c92,register-indirect,004d6c50,C:\Projects\Wizardry 8\Level Specific Code\MasterFunctionList.cpp,476,pTrigger,Missing trigger 'micro_door2'! It's not in the LVL file!
004d7cd2,register-indirect,004d6c50,C:\Projects\Wizardry 8\Level Specific Code\MasterFunctionList.cpp,482,pTrigger,Missing trigger '_VOC_EWAXXCANNON1'! It's not in the LVL file!
004d7d08,register-indirect,004d6c50,C:\Projects\Wizardry 8\Level Specific Code\MasterFunctionList.cpp,490,pTrigger,Missing trigger 'EwaxxLanding'! It's not in the LVL file!
004d7d3e,register-indirect,004d6c50,C:\Projects\Wizardry 8\Level Specific Code\MasterFunctionList.cpp,494,pTrigger,Missing trigger 'catchCord'! It's not in the LVL file!
004d7d74,register-indirect,004d6c50,C:\Projects\Wizardry 8\Level Specific Code\MasterFunctionList.cpp,498,pTrigger,Missing trigger 'painActivatorTrigger'! It's not in the LVL file!
004d7daa,register-indirect,004d6c50,C:\Projects\Wizardry 8\Level Specific Code\MasterFunctionList.cpp,502,pTrigger,Missing trigger '_VOC_EWAXXTOPDOOR2'! It's not in the LVL file!
004d7def,register-indirect,004d6c50,C:\Projects\Wizardry 8\Level Specific Code\MasterFunctionList.cpp,511,pTrigger,Missing trigger '_VOC_EWAXXLIFT1'! It's not in the LVL file!
004d7e25,register-indirect,004d6c50,C:\Projects\Wizardry 8\Level Specific Code\MasterFunctionList.cpp,515,pTrigger,Missing trigger 'crank'! It's not in the LVL file!
004d7e5b,register-indirect,004d6c50,C:\Projects\Wizardry 8\Level Specific Code\MasterFunctionList.cpp,519,pTrigger,Missing trigger 'Security Button'! It's not in the LVL file!
004d7e91,register-indirect,004d6c50,C:\Projects\Wizardry 8\Level Specific Code\MasterFunctionList.cpp,523,pTrigger,Missing trigger 'VOC_EWAXXSENTRYtrig'! It's not in the LVL file!
004d7ec7,register-indirect,004d6c50,C:\Projects\Wizardry 8\Level Specific Code\MasterFunctionList.cpp,527,pTrigger,Missing trigger 'ewaxxdoortrigger03'! It's not in the LVL file!
004d7f08,register-indirect,004d6c50,C:\Projects\Wizardry 8\Level Specific Code\MasterFunctionList.cpp,1518,pTrigger,
004d7f4d,register-indirect,004d6c50,C:\Projects\Wizardry 8\Level Specific Code\MasterFunctionList.cpp,537,pTrigger,Missing trigger '_VOC_EWAXXLIFT1'! It's not in the LVL file!
004d7f83,register-indirect,004d6c50,C:\Projects\Wizardry 8\Level Specific Code\MasterFunctionList.cpp,541,pTrigger,Missing trigger '_VOC_EWAXXLIFT2'! It's not in the LVL file!
004d7fb9,register-indirect,004d6c50,C:\Projects\Wizardry 8\Level Specific Code\MasterFunctionList.cpp,545,pTrigger,Missing trigger '_VOC_EWAXXLIFT2'! It's not in the LVL file!
004d7fef,register-indirect,004d6c50,C:\Projects\Wizardry 8\Level Specific Code\MasterFunctionList.cpp,549,pTrigger,Missing trigger 'mudWallTrigger'! It's not in the LVL file!
004d8034,register-indirect,004d6c50,C:\Projects\Wizardry 8\Level Specific Code\MasterFunctionList.cpp,558,pTrigger,Missing trigger '_VOC_EWAXXTRAIN'! It's not in the LVL file!
004d806a,register-indirect,004d6c50,C:\Projects\Wizardry 8\Level Specific Code\MasterFunctionList.cpp,562,pTrigger,Missing trigger 'redwire'! It's not in the LVL file!
004d80a0,register-indirect,004d6c50,C:\Projects\Wizardry 8\Level Specific Code\MasterFunctionList.cpp,566,pTrigger,Missing trigger 'bluewire'! It's not in the LVL file!
004d80d6,register-indirect,004d6c50,C:\Projects\Wizardry 8\Level Specific Code\MasterFunctionList.cpp,570,pTrigger,Missing trigger 'yellowwire'! It's not in the LVL file!
004d810c,register-indirect,004d6c50,C:\Projects\Wizardry 8\Level Specific Code\MasterFunctionList.cpp,574,pTrigger,Missing trigger '_VOC_EWAXXLIFT3'! It's not in the LVL file!
004d8142,register-indirect,004d6c50,C:\Projects\Wizardry 8\Level Specific Code\MasterFunctionList.cpp,578,pTrigger,Missing trigger '_VOC_EWAXXTOPDOOR1'! It's not in the LVL file!
004d8178,register-indirect,004d6c50,C:\Projects\Wizardry 8\Level Specific Code\MasterFunctionList.cpp,582,pTrigger,Missing trigger '_VOC_EWAXXTOPDOOR1'! It's not in the LVL file!
004d81ae,register-indirect,004d6c50,C:\Projects\Wizardry 8\Level Specific Code\MasterFunctionList.cpp,586,pTrigger,Missing trigger '_VOC_EWAXXTOPDOOR1'! It's not in the LVL file!
004d81e4,register-indirect,004d6c50,C:\Projects\Wizardry 8\Level Specific Code\MasterFunctionList.cpp,590,pTrigger,Missing trigger 'triggerPlaneLaserAlarm'! It's not in the LVL file!
004d82c3,register-indirect,004d6c50,C:\Projects\Wizardry 8\Level Specific Code\MasterFunctionList.cpp,634,pTrigger,Missing trigger 'Fireantspawn'! It's not in the LVL file!
004d82f9,register-indirect,004d6c50,C:\Projects\Wizardry 8\Level Specific Code\MasterFunctionList.cpp,638,pTrigger,Missing trigger 'Sexspawn'! It's not in the LVL file!
004d832f,register-indirect,004d6c50,C:\Projects\Wizardry 8\Level Specific Code\MasterFunctionList.cpp,642,pTrigger,Missing trigger 'Hotstuff'! It's not in the LVL file!
004d8365,register-indirect,004d6c50,C:\Projects\Wizardry 8\Level Specific Code\MasterFunctionList.cpp,646,pTrigger,Missing trigger 'Gate'! It's not in the LVL file!
004d83a6,register-indirect,004d6c50,C:\Projects\Wizardry 8\Level Specific Code\MasterFunctionList.cpp,1518,pTrigger,
004d83e7,register-indirect,004d6c50,C:\Projects\Wizardry 8\Level Specific Code\MasterFunctionList.cpp,1518,pTrigger,
004d8427,register-indirect,004d6c50,C:\Projects\Wizardry 8\Level Specific Code\MasterFunctionList.cpp,656,pTrigger,Missing trigger 'AirBox'! It's not in the LVL file!
004d845d,register-indirect,004d6c50,C:\Projects\Wizardry 8\Level Specific Code\MasterFunctionList.cpp,660,pTrigger,Missing trigger 'DoorDone'! It's not in the LVL file!
004d849d,register-indirect,004d6c50,C:\Projects\Wizardry 8\Level Specific Code\MasterFunctionList.cpp,668,pTrigger,Missing trigger 'AltarBox'! It's not in the LVL file!
004d84d3,register-indirect,004d6c50,C:\Projects\Wizardry 8\Level Specific Code\MasterFunctionList.cpp,672,pTrigger,Missing trigger 'platformtrigger'! It's not in the LVL file!
004d8509,register-indirect,004d6c50,C:\Projects\Wizardry 8\Level Specific Code\MasterFunctionList.cpp,676,pTrigger,Missing trigger 'platformtrigger01'! It's not in the LVL file!
004d853f,register-indirect,004d6c50,C:\Projects\Wizardry 8\Level Specific Code\MasterFunctionList.cpp,680,pTrigger,Missing trigger 'platformtrigger02'! It's not in the LVL file!
004d859c,register-indirect,004d6c50,C:\Projects\Wizardry 8\Level Specific Code\MasterFunctionList.cpp,689,pTrigger,Missing trigger 'HigardiChest01'! It's not in the LVL file!
004d85d2,register-indirect,004d6c50,C:\Projects\Wizardry 8\Level Specific Code\MasterFunctionList.cpp,693,pTrigger,Missing trigger 'HigardiChest02'! It's not in the LVL file!
004d8608,register-indirect,004d6c50,C:\Projects\Wizardry 8\Level Specific Code\MasterFunctionList.cpp,697,pTrigger,Missing trigger 'HigardiChest03'! It's not in the LVL file!
004d863e,register-indirect,004d6c50,C:\Projects\Wizardry 8\Level Specific Code\MasterFunctionList.cpp,701,pTrigger,Missing trigger 'HigardiChest04'! It's not in the LVL file!
004d8674,register-indirect,004d6c50,C:\Projects\Wizardry 8\Level Specific Code\MasterFunctionList.cpp,705,pTrigger,Missing trigger 'HigardiChest05'! It's not in the LVL file!
004d86b5,register-indirect,004d6c50,C:\Projects\Wizardry 8\Level Specific Code\MasterFunctionList.cpp,1518,pTrigger,
004d86f5,register-indirect,004d6c50,C:\Projects\Wizardry 8\Level Specific Code\MasterFunctionList.cpp,714,pTrigger,Missing trigger 'gas_trig_plane01'! It's not in the LVL file!
004d872c,register-indirect,004d6c50,C:\Projects\Wizardry 8\Level Specific Code\MasterFunctionList.cpp,718,pTrigger,Missing trigger 'gas_trig_plane02'! It's not in the LVL file!
004d875e,register-indirect,004d6c50,C:\Projects\Wizardry 8\Level Specific Code\MasterFunctionList.cpp,722,pTrigger,Missing trigger 'gas_trig_plane03'! It's not in the LVL file!
004d8790,register-indirect,004d6c50,C:\Projects\Wizardry 8\Level Specific Code\MasterFunctionList.cpp,726,pTrigger,Missing trigger 'gas_trig_plane04'! It's not in the LVL file!
004d87c2,register-indirect,004d6c50,C:\Projects\Wizardry 8\Level Specific Code\MasterFunctionList.cpp,730,pTrigger,Missing trigger 'gas_trig_plane05'! It's not in the LVL file!
004d87f4,register-indirect,004d6c50,C:\Projects\Wizardry 8\Level Specific Code\MasterFunctionList.cpp,734,pTrigger,Missing trigger 'gas_trig_plane06'! It's not in the LVL file!
004d8826,register-indirect,004d6c50,C:\Projects\Wizardry 8\Level Specific Code\MasterFunctionList.cpp,738,pTrigger,Missing trigger 'gas_trig_plane07'! It's not in the LVL file!
004d8858,register-indirect,004d6c50,C:\Projects\Wizardry 8\Level Specific Code\MasterFunctionList.cpp,742,pTrigger,Missing trigger 'oil_pool'! It's not in the LVL file!
004d888e,register-indirect,004d6c50,C:\Projects\Wizardry 8\Level Specific Code\MasterFunctionList.cpp,746,pTrigger,Missing trigger 'onelid'! It's not in the LVL file!
004d88cf,register-indirect,004d6c50,C:\Projects\Wizardry 8\Level Specific Code\MasterFunctionList.cpp,1518,pTrigger,
004d8a78,direct,004d6c50,C:\Projects\Wizardry 8\Level Specific Code\MasterFunctionList.cpp,762,pTrigger,Missing trigger 'Fount_randomFX'! It's not in the LVL file!
004d8ae8,register-indirect,004d6c50,C:\Projects\Wizardry 8\Level Specific Code\MasterFunctionList.cpp,776,pTrigger,Missing trigger 'prisondoor06'! It's not in the LVL file!
004d8b1e,register-indirect,004d6c50,C:\Projects\Wizardry 8\Level Specific Code\MasterFunctionList.cpp,780,pTrigger,Missing trigger 'prisondoor04'! It's not in the LVL file!
004d8b54,register-indirect,004d6c50,C:\Projects\Wizardry 8\Level Specific Code\MasterFunctionList.cpp,784,pTrigger,Missing trigger 'prisondoor03'! It's not in the LVL file!
004d8b94,register-indirect,004d6c50,C:\Projects\Wizardry 8\Level Specific Code\MasterFunctionList.cpp,794,pTrigger,Missing trigger 'GoodaVine_A'! It's not in the LVL file!
004d8bca,register-indirect,004d6c50,C:\Projects\Wizardry 8\Level Specific Code\MasterFunctionList.cpp,798,pTrigger,Missing trigger 'GoodaVine_B'! It's not in the LVL file!
004d8c00,register-indirect,004d6c50,C:\Projects\Wizardry 8\Level Specific Code\MasterFunctionList.cpp,802,pTrigger,Missing trigger 'Meat maker'! It's not in the LVL file!
004d8c36,register-indirect,004d6c50,C:\Projects\Wizardry 8\Level Specific Code\MasterFunctionList.cpp,806,pTrigger,Missing trigger 'Meat_Box! It's not in the LVL file!
004d8c6c,register-indirect,004d6c50,C:\Projects\Wizardry 8\Level Specific Code\MasterFunctionList.cpp,810,pTrigger,Missing trigger 'Give Zulu'! It's not in the LVL file!
004d8cad,register-indirect,004d6c50,C:\Projects\Wizardry 8\Level Specific Code\MasterFunctionList.cpp,1518,pTrigger,
004d8cef,register-indirect,004d6c50,C:\Projects\Wizardry 8\Level Specific Code\MasterFunctionList.cpp,1518,pTrigger,
004d8d2c,register-indirect,004d6c50,C:\Projects\Wizardry 8\Level Specific Code\MasterFunctionList.cpp,1518,pTrigger,
004d8d69,register-indirect,004d6c50,C:\Projects\Wizardry 8\Level Specific Code\MasterFunctionList.cpp,1518,pTrigger,
004d8da9,direct,004d6c50,C:\Projects\Wizardry 8\Level Specific Code\MasterFunctionList.cpp,826,pTrigger,Missing trigger 'CC_TRIGGERPLANE1HEDRA'! It's not in the LVL file!
004d97c1,register-indirect,004d9740,C:\Projects\Wizardry 8\Level Specific Code\MasterFunctionList.cpp,1444,pChest,
004d97e3,register-indirect,004d9740,C:\Projects\Wizardry 8\Level Specific Code\MasterFunctionList.cpp,1446,pTrigger,
004d9807,register-indirect,004d9740,C:\Projects\Wizardry 8\Level Specific Code\MasterFunctionList.cpp,1448,pContainer,
004d9b0a,direct,,C:\Projects\Wizardry 8\Level Specific Code\Cosmic Circle.cpp,25,pNPC,Cannot find VOC_SAVANT_CC1
004d9bba,register-indirect,004d9b40,C:\Projects\Wizardry 8\Level Specific Code\Cosmic Circle.cpp,65,uiMonsterID,Invalid Monster ID for CC end
004d9c33,register-indirect,004d9b40,C:\Projects\Wizardry 8\Level Specific Code\Cosmic Circle.cpp,83,uiMonsterID,Invalid Monster ID for CC end
004da6d2,register-indirect,004da670,C:\Projects\Wizardry 8\Level Specific Code\Trynnie1.cpp,18,"WorldGetNamedPosition(""VOC_SHAMAN_DYING"", vPos)",
004da71a,register-indirect,004da670,C:\Projects\Wizardry 8\Level Specific Code\Trynnie1.cpp,24,"CreateGroup(205, 1, vPos2, TRUE, FALSE, TRUE)",
004da8fb,register-indirect,004da850,C:\Projects\Wizardry 8\Level Specific Code\Trynnie1.cpp,104,iOldTable!=(-1),Can't find monster table 'Trynnies'
004da916,register-indirect,004da850,C:\Projects\Wizardry 8\Level Specific Code\Trynnie1.cpp,105,iNewTable!=(-1),Can't find monster table 'Dead Trynnies'
004db574,register-indirect,004db530,..\Engine Code\Include\Trigger.hpp,1005,m_bRepType == TRIGGER_REP_PROP,
004db5b9,register-indirect,004db530,..\Engine Code\Include\Trigger.hpp,1005,m_bRepType == TRIGGER_REP_PROP,
004db5fe,register-indirect,004db530,..\Engine Code\Include\Trigger.hpp,1005,m_bRepType == TRIGGER_REP_PROP,
004dbaef,direct,004dbab0,..\Engine Code\Include\Trigger.hpp,1005,m_bRepType == TRIGGER_REP_PROP,
004dbcbf,register-indirect,,..\Engine Code\Include\Trigger.hpp,1005,m_bRepType == TRIGGER_REP_PROP,
004dbd0b,register-indirect,,..\Engine Code\Include\Trigger.hpp,1005,m_bRepType == TRIGGER_REP_PROP,
004dbd89,register-indirect,,..\Engine Code\Include\Trigger.hpp,1005,m_bRepType == TRIGGER_REP_PROP,
004dbdd5,register-indirect,,..\Engine Code\Include\Trigger.hpp,1005,m_bRepType == TRIGGER_REP_PROP,
004dbf9b,register-indirect,,C:\Projects\Wizardry 8\Level Specific Code\MtGigasOuter.cpp,84,pFlagTrigger,Missing trigger 'flag'! It's not in the LVL file!
004dbfba,register-indirect,,..\Engine Code\Include\Trigger.hpp,1005,m_bRepType == TRIGGER_REP_PROP,
004dc159,register-indirect,004dc080,C:\Projects\Wizardry 8\Level Specific Code\MtGigasOuter.cpp,149,pFlagTrigger,Missing trigger 'flag'! It's not in the LVL file!
004dc178,register-indirect,004dc080,..\Engine Code\Include\Trigger.hpp,1005,m_bRepType == TRIGGER_REP_PROP,
004dc80f,register-indirect,,C:\Projects\Wizardry 8\Level Specific Code\Monastery2.cpp,33,pPropTrigger,
004dc843,register-indirect,,C:\Projects\Wizardry 8\Level Specific Code\Monastery2.cpp,36,pPropTrigger,
004de032,register-indirect,004ddf40,..\Engine Code\Include\Trigger.hpp,1005,m_bRepType == TRIGGER_REP_PROP,
004de06f,register-indirect,004ddf40,..\Engine Code\Include\Trigger.hpp,1005,m_bRepType == TRIGGER_REP_PROP,
004de300,register-indirect,004ddf40,..\Engine Code\Include\Trigger.hpp,1005,m_bRepType == TRIGGER_REP_PROP,
004de342,register-indirect,004ddf40,..\Engine Code\Include\Trigger.hpp,1005,m_bRepType == TRIGGER_REP_PROP,
004df5ed,register-indirect,004df5c0,C:\Projects\Wizardry 8\Level Specific Code\MartensBluff1.cpp,761,pTelTrigger,Missing trigger 'MR109'! It's not in the LVL file!
004df743,register-indirect,,C:\Projects\Wizardry 8\Level Specific Code\MartensBluff1.cpp,809,pTelTrigger,Missing trigger 'MR109'! It's not in the LVL file!
004e074c,direct,004e06d0,..\Engine Code\Include\Trigger.hpp,1005,m_bRepType == TRIGGER_REP_PROP,
004e089f,direct,004e0880,..\Engine Code\Include\Trigger.hpp,1005,m_bRepType == TRIGGER_REP_PROP,
004e1065,direct,,C:\Projects\Wizardry 8\Level Specific Code\Arnika.cpp,494,pMookHolo,Missing trigger 'Mookholo'! It's not in the LVL file!
004e11a7,direct,,..\Engine Code\Include\Trigger.hpp,1005,m_bRepType == TRIGGER_REP_PROP,
004e13e3,register-indirect,004e13b0,C:\Projects\Wizardry 8\Level Specific Code\Arnika.cpp,752,gEl01.pElevator,Missing trigger 'Elevator-1'! It's not in the LVL file!
004e1412,register-indirect,004e13b0,C:\Projects\Wizardry 8\Level Specific Code\Arnika.cpp,754,gEl01.pLift,Missing trigger 'El1-Lift'! It's not in the LVL file!
004e1441,register-indirect,004e13b0,C:\Projects\Wizardry 8\Level Specific Code\Arnika.cpp,756,gEl01.pTopDoor,Missing trigger 'El1-TopGate'! It's not in the LVL file!
004e1470,register-indirect,004e13b0,C:\Projects\Wizardry 8\Level Specific Code\Arnika.cpp,758,gEl01.pBottomDoor,Missing trigger 'El1-BottomGate'! It's not in the LVL file!
004e149f,register-indirect,004e13b0,C:\Projects\Wizardry 8\Level Specific Code\Arnika.cpp,760,gEl01.pTopDoorCollide,Missing trigger 'El1-TopGateC'! It's not in the LVL file!
004e14ce,register-indirect,004e13b0,C:\Projects\Wizardry 8\Level Specific Code\Arnika.cpp,762,gEl01.pBottomDoorCollide,Missing trigger 'El1-BottomGateC'! It's not in the LVL file!
004e14fd,register-indirect,004e13b0,C:\Projects\Wizardry 8\Level Specific Code\Arnika.cpp,764,gEl01.pButton,Missing trigger 'RedButton'! It's not in the LVL file!
004e1809,direct,004e17c0,..\Engine Code\Include\Trigger.hpp,1005,m_bRepType == TRIGGER_REP_PROP,
004e1a43,register-indirect,004e1a10,C:\Projects\Wizardry 8\Level Specific Code\Arnika.cpp,1026,gEl02.pElevator,Missing trigger 'Elevator-02'! It's not in the LVL file!
004e1a72,register-indirect,004e1a10,C:\Projects\Wizardry 8\Level Specific Code\Arnika.cpp,1028,gEl02.pLift,Missing trigger 'El-02Lift'! It's not in the LVL file!
004e1aa1,register-indirect,004e1a10,C:\Projects\Wizardry 8\Level Specific Code\Arnika.cpp,1030,gEl02.pTopDoor,Missing trigger 'El-02TopDoor'! It's not in the LVL file!
004e1ad0,register-indirect,004e1a10,C:\Projects\Wizardry 8\Level Specific Code\Arnika.cpp,1032,gEl02.pBottomDoor,Missing trigger 'El-02BottomDoor'! It's not in the LVL file!
004e1aff,register-indirect,004e1a10,C:\Projects\Wizardry 8\Level Specific Code\Arnika.cpp,1034,gEl02.pTopDoorCollide,Missing trigger 'El-02TopDoorCollide'! It's not in the LVL file!
004e1b2e,register-indirect,004e1a10,C:\Projects\Wizardry 8\Level Specific Code\Arnika.cpp,1036,gEl02.pBottomDoorCollide,Missing trigger 'El-02BottomDoorCollide'! It's not in the LVL file!
004e1b5d,register-indirect,004e1a10,C:\Projects\Wizardry 8\Level Specific Code\Arnika.cpp,1038,gEl02.pButton,Missing trigger 'GreenButton'! It's not in the LVL file!
004e1e59,direct,004e1e10,..\Engine Code\Include\Trigger.hpp,1005,m_bRepType == TRIGGER_REP_PROP,
004e2056,direct,004e2010,..\Engine Code\Include\Trigger.hpp,1005,m_bRepType == TRIGGER_REP_PROP,
004e20ae,direct,004e2010,..\Engine Code\Include\Trigger.hpp,1005,m_bRepType == TRIGGER_REP_PROP,
004e20f9,direct,004e2010,..\Engine Code\Include\Trigger.hpp,1005,m_bRepType == TRIGGER_REP_PROP,
004e213a,direct,004e2010,..\Engine Code\Include\Trigger.hpp,1005,m_bRepType == TRIGGER_REP_PROP,
004e2192,direct,004e2010,..\Engine Code\Include\Trigger.hpp,1005,m_bRepType == TRIGGER_REP_PROP,
004e21da,direct,004e2010,..\Engine Code\Include\Trigger.hpp,1005,m_bRepType == TRIGGER_REP_PROP,
004e23fd,direct,,C:\Projects\Wizardry 8\Level Specific Code\Arnika.cpp,1469,pTrigger,Missing trigger 'CMBox'! It's not in the LVL file!
004e24b6,direct,,C:\Projects\Wizardry 8\Level Specific Code\Arnika.cpp,1520,pTrigger,Missing trigger 'AstralDominae'! It's not in the LVL file!
004e2540,direct,004e24e0,C:\Projects\Wizardry 8\Level Specific Code\Arnika.cpp,1543,pTrigger,Missing trigger 'ChaosMolori'! It's not in the LVL file!
004e35d7,register-indirect,004e34b0,C:\Projects\Wizardry 8\Local Code\Gameloop.cpp,630,gCurrentScreen.iScreenId == NO_SCREEN,
004e3840,register-indirect,004e3820,C:\Projects\Wizardry 8\Local Code\MonsterManager.cpp,92,gXStatus.plsMonsterGroupList != NULL,
004e385a,register-indirect,004e3820,C:\Projects\Wizardry 8\Local Code\MonsterManager.cpp,93,gXStatus.plsMonsterList != NULL,
004e3be7,direct,004e3af0,C:\Projects\Wizardry 8\Local Code\MonsterManager.cpp,642,pMonsterInfo,
004e3c93,register-indirect,004e3c70,C:\Projects\Wizardry 8\Local Code\MonsterManager.cpp,372,pMonsterInfo != NULL,
004e3cbf,register-indirect,004e3c70,C:\Projects\Wizardry 8\Local Code\MonsterManager.cpp,1513,pMonsterInfo != NULL,
004e3d50,register-indirect,004e3c70,C:\Projects\Wizardry 8\Local Code\MonsterManager.cpp,400,"MonsterIsCycleSupported(pMonsterInfo->p3D, CYCLE_BIRTH)",Unborn monsters must have CYCLE_BIRTH!
004e3d8f,register-indirect,004e3c70,C:\Projects\Wizardry 8\Local Code\MonsterManager.cpp,406,"MonsterQuery(pMonsterInfo->p3D, QUERY_NUM_FRAMES) != -1",
004e3dfd,register-indirect,004e3c70,C:\Projects\Wizardry 8\Local Code\MonsterManager.cpp,420,"MonsterQuery(pMonsterInfo->p3D, QUERY_NUM_FRAMES) != -1",
004e3ee0,direct,004e3c70,C:\Projects\Wizardry 8\Local Code\MonsterManager.cpp,1513,pMonsterInfo != NULL,
004e3f05,direct,004e3c70,C:\Projects\Wizardry 8\Local Code\MonsterManager.cpp,1523,uiMonsterSpecies < MAX_MONSTERS_IN_DATABASE,
004e4009,register-indirect,004e3c70,C:\Projects\Wizardry 8\Local Code\MonsterManager.cpp,478,pMonsterInfo->plsVisMonToMon != NULL,
004e4074,register-indirect,004e4050,C:\Projects\Wizardry 8\Local Code\MonsterManager.cpp,501,pMonsterInfo != NULL,
004e4099,register-indirect,004e4050,C:\Projects\Wizardry 8\Local Code\MonsterManager.cpp,502,!pMonsterInfo->fActive,
004e40c0,register-indirect,004e4050,C:\Projects\Wizardry 8\Local Code\MonsterManager.cpp,1513,pMonsterInfo != NULL,
004e40e2,register-indirect,004e4050,C:\Projects\Wizardry 8\Local Code\MonsterManager.cpp,1523,uiMonsterSpecies < MAX_MONSTERS_IN_DATABASE,
004e4185,direct,004e4050,C:\Projects\Wizardry 8\Local Code\MonsterManager.cpp,527,fSuccess,ActivateMonster: ERROR - MonsterReadAllCycles failed
004e41cf,direct,004e4050,C:\Projects\Wizardry 8\Local Code\MonsterManager.cpp,522,fSuccess,ActivateMonster: ERROR - MonsterReadAllCycles failed
004e42a6,register-indirect,004e4280,C:\Projects\Wizardry 8\Local Code\MonsterManager.cpp,576,pMonsterInfo != NULL,
004e42c9,register-indirect,004e4280,C:\Projects\Wizardry 8\Local Code\MonsterManager.cpp,585,pMonsterInfo->p3D != NULL,
004e43b1,register-indirect,004e4390,C:\Projects\Wizardry 8\Local Code\MonsterManager.cpp,665,pMonsterInfo != NULL,
004e43ce,register-indirect,004e4390,C:\Projects\Wizardry 8\Local Code\MonsterManager.cpp,666,!pMonsterInfo->fInCombat,
004e43e7,register-indirect,004e4390,C:\Projects\Wizardry 8\Local Code\MonsterManager.cpp,759,pMonsterInfo != NULL,
004e447b,register-indirect,004e4390,C:\Projects\Wizardry 8\Local Code\MonsterManager.cpp,672,pMonsterInfo->pCombat != NULL,
004e4524,register-indirect,004e4500,C:\Projects\Wizardry 8\Local Code\MonsterManager.cpp,710,gXStatus.fCombatMode,
004e4541,register-indirect,004e4500,C:\Projects\Wizardry 8\Local Code\MonsterManager.cpp,711,pMonsterInfo != NULL,
004e455b,register-indirect,004e4500,C:\Projects\Wizardry 8\Local Code\MonsterManager.cpp,712,pMonsterInfo->fInCombat,
004e4619,direct,004e4600,C:\Projects\Wizardry 8\Local Code\MonsterManager.cpp,759,pMonsterInfo != NULL,
004e4710,direct,004e46f0,C:\Projects\Wizardry 8\Local Code\MonsterManager.cpp,1513,pMonsterInfo != NULL,
004e4735,direct,004e46f0,C:\Projects\Wizardry 8\Local Code\MonsterManager.cpp,1523,uiMonsterSpecies < MAX_MONSTERS_IN_DATABASE,
004e4815,direct,004e46f0,C:\Projects\Wizardry 8\Local Code\MonsterManager.cpp,852,(iKilledByPC == BAD_INDEX) || VALID_CHAR(iKilledByPC),
004e48f5,direct,004e46f0,C:\Projects\Wizardry 8\Local Code\MonsterManager.cpp,897,pKillerMonsterInfo != NULL,
004e4e6a,direct,004e4db0,C:\Projects\Wizardry 8\Local Code\MonsterManager.cpp,1175,FALSE,
004e4ea0,direct,004e4db0,C:\Projects\Wizardry 8\Local Code\MonsterManager.cpp,1188,FALSE,
004e4f62,direct,004e4ee0,C:\Projects\Wizardry 8\Local Code\MonsterManager.cpp,642,pMonsterInfo,
004e517a,register-indirect,004e5150,C:\Projects\Wizardry 8\Local Code\MonsterManager.cpp,1513,pMonsterInfo != NULL,
004e519b,register-indirect,004e5150,C:\Projects\Wizardry 8\Local Code\MonsterManager.cpp,1523,uiMonsterSpecies < MAX_MONSTERS_IN_DATABASE,
004e52f4,register-indirect,004e52c0,C:\Projects\Wizardry 8\Local Code\MonsterManager.cpp,1513,pMonsterInfo != NULL,
004e5315,register-indirect,004e52c0,C:\Projects\Wizardry 8\Local Code\MonsterManager.cpp,1523,uiMonsterSpecies < MAX_MONSTERS_IN_DATABASE,
004e5608,direct,004e5550,C:\Projects\Wizardry 8\Local Code\MonsterManager.cpp,1473,FALSE,
004e5666,register-indirect,004e5620,C:\Projects\Wizardry 8\Local Code\MonsterManager.cpp,1489,(uiMonsterListIndex-10000) < (UINT32) PLLength(gXStatus.plsUnbornMonsterList),
004e56ce,register-indirect,004e5620,C:\Projects\Wizardry 8\Local Code\MonsterManager.cpp,1498,uiMonsterListIndex < (UINT32) PLLength(gXStatus.plsMonsterList),
004e570a,register-indirect,004e5620,C:\Projects\Wizardry 8\Local Code\MonsterManager.cpp,1502,pMonsterInfo != NULL,
004e5741,register-indirect,004e5720,C:\Projects\Wizardry 8\Local Code\MonsterManager.cpp,1513,pMonsterInfo != NULL,
004e5762,register-indirect,004e5720,C:\Projects\Wizardry 8\Local Code\MonsterManager.cpp,1523,uiMonsterSpecies < MAX_MONSTERS_IN_DATABASE,
004e57df,direct,004e57c0,C:\Projects\Wizardry 8\Local Code\MonsterManager.cpp,1523,uiMonsterSpecies < MAX_MONSTERS_IN_DATABASE,
004e589d,direct,004e5840,C:\Projects\Wizardry 8\Local Code\MonsterManager.cpp,1574,FALSE,
004e58f1,direct,004e58b0,C:\Projects\Wizardry 8\Local Code\MonsterManager.cpp,1523,uiMonsterSpecies < MAX_MONSTERS_IN_DATABASE,
004e59b2,register-indirect,004e5990,C:\Projects\Wizardry 8\Local Code\MonsterManager.cpp,1513,pMonsterInfo != NULL,
004e59d3,register-indirect,004e5990,C:\Projects\Wizardry 8\Local Code\MonsterManager.cpp,1523,uiMonsterSpecies < MAX_MONSTERS_IN_DATABASE,
004e5a2f,register-indirect,004e5990,C:\Projects\Wizardry 8\Local Code\MonsterManager.cpp,1642,pMonsterDB,
004e5b0c,direct,004e5af0,C:\Projects\Wizardry 8\Local Code\MonsterManager.cpp,1721,pMonsterInfo,
004e5b6f,direct,004e5b50,C:\Projects\Wizardry 8\Local Code\MonsterManager.cpp,1523,uiMonsterSpecies < MAX_MONSTERS_IN_DATABASE,
004e5d1e,direct,004e5d00,C:\Projects\Wizardry 8\Local Code\MonsterManager.cpp,1513,pMonsterInfo != NULL,
004e5d43,direct,004e5d00,C:\Projects\Wizardry 8\Local Code\MonsterManager.cpp,1523,uiMonsterSpecies < MAX_MONSTERS_IN_DATABASE,
004e5dae,direct,004e5d00,C:\Projects\Wizardry 8\Local Code\MonsterManager.cpp,1933,uiMonsterAttribute < MONSTER_ATTR_COUNT,
004e5df7,direct,004e5d00,C:\Projects\Wizardry 8\Local Code\MonsterManager.cpp,1944,FALSE,ConvertMonsterAttribute: ERROR - Invalid monster attribute
004e5f7e,register-indirect,004e5f00,C:\Projects\Wizardry 8\Local Code\MonsterManager.cpp,642,pMonsterInfo,
004e603a,direct,004e6020,C:\Projects\Wizardry 8\Local Code\MonsterManager.cpp,2139,pMonsterInfo,
004e6149,direct,004e6130,C:\Projects\Wizardry 8\Local Code\MonsterManager.cpp,2232,pMonsterInfo,
004e63b3,direct,004e6370,C:\Projects\Wizardry 8\Local Code\MonsterManager.cpp,1513,pMonsterInfo != NULL,
004e63d8,direct,004e6370,C:\Projects\Wizardry 8\Local Code\MonsterManager.cpp,1523,uiMonsterSpecies < MAX_MONSTERS_IN_DATABASE,
004e64da,direct,004e6370,C:\Projects\Wizardry 8\Local Code\MonsterManager.cpp,1513,pMonsterInfo != NULL,
004e64ff,direct,004e6370,C:\Projects\Wizardry 8\Local Code\MonsterManager.cpp,1523,uiMonsterSpecies < MAX_MONSTERS_IN_DATABASE,
004e6635,register-indirect,004e65d0,C:\Projects\Wizardry 8\Local Code\MonsterManager.cpp,1513,pMonsterInfo != NULL,
004e6656,register-indirect,004e65d0,C:\Projects\Wizardry 8\Local Code\MonsterManager.cpp,1523,uiMonsterSpecies < MAX_MONSTERS_IN_DATABASE,
004e7862,direct,004e77b0,C:\Projects\Wizardry 8\Local Code\Combat.cpp,736,gXStatus.fItemSelectMode,
004e7902,direct,004e77b0,C:\Projects\Wizardry 8\Local Code\Combat.cpp,784,FALSE,
004e808e,direct,004e8000,C:\Projects\Wizardry 8\Local Code\Combat.cpp,1156,iAction < CHAR_ACTION_COUNT,
004e8855,direct,004e8370,C:\Projects\Wizardry 8\Local Code\Combat.cpp,1510,FALSE,
004e897d,direct,004e8370,C:\Projects\Wizardry 8\Local Code\Combat.cpp,1546,FALSE,
004e8e3f,direct,004e8da0,C:\Projects\Wizardry 8\Local Code\Combat.cpp,1837,gStatus.iSelectedCharacter != BAD_INDEX,
004e90f0,register-indirect,004e8ea0,C:\Projects\Wizardry 8\Local Code\Combat.cpp,2017,gpCombat->iActionChar == BAD_INDEX,
004e9113,register-indirect,004e8ea0,C:\Projects\Wizardry 8\Local Code\Combat.cpp,2018,gpCombat->pActionMonsterInfo == NULL,
004e91b1,direct,004e8ea0,C:\Projects\Wizardry 8\Local Code\Combat.cpp,2053,FALSE,
004e94b7,direct,004e9490,C:\Projects\Wizardry 8\Local Code\Combat.cpp,2127,gpCombat->eCombatActionStatus == COMBAT_ACTION_NONE,
004eae62,direct,004eae20,C:\Projects\Wizardry 8\Local Code\Combat.cpp,3588,gXStatus.fCombatMode,
004eb77f,direct,004eb5a0,C:\Projects\Wizardry 8\Local Code\Combat.cpp,4082,pMonsterInfo->fSpellReleased,
004ec21e,direct,004ec1e0,C:\Projects\Wizardry 8\Local Code\Combat.cpp,4499,pSource->iChar != BAD_INDEX,
004ec2e4,register-indirect,004ec1e0,C:\Projects\Wizardry 8\Local Code\Combat.cpp,4520,pSource->iType == SOURCE_TYPE_MONSTER,
004ec300,register-indirect,004ec1e0,C:\Projects\Wizardry 8\Local Code\Combat.cpp,4521,pSource->iMonsterID != BAD_INDEX,
004ec639,direct,004ec610,C:\Projects\Wizardry 8\Local Code\Combat.cpp,4676,gXStatus.fCombatMode,
004ecd3a,direct,004ecc80,C:\Projects\Wizardry 8\Local Code\Combat.cpp,5132,pTarget->iGroupID != -1,
004ecd91,direct,004ecc80,C:\Projects\Wizardry 8\Local Code\Combat.cpp,5118,pTarget->iMonsterID != -1,
004ecf75,direct,004ecf50,C:\Projects\Wizardry 8\Local Code\Combat.cpp,5458,gXStatus.fCombatMode,
004ed3b2,direct,004ed390,C:\Projects\Wizardry 8\Local Code\Combat.cpp,5766,(iCharAction == CHAR_ACTION_DEFEND) || (iCharAction == CHAR_ACTION_PROTECT),
004ee0ff,direct,004ee000,C:\Projects\Wizardry 8\Local Code\GameplayCode.cpp,380,FALSE,CalcInitiative: ERROR - Invalid load category
004ee15d,direct,004ee130,C:\Projects\Wizardry 8\Local Code\GameplayCode.cpp,398,pPC != NULL,
004ee182,direct,004ee130,C:\Projects\Wizardry 8\Local Code\GameplayCode.cpp,399,(pPC->iProfession >= 0) && (pPC->iProfession < PROF_COUNT),
004ee1d9,direct,004ee130,C:\Projects\Wizardry 8\Local Code\GameplayCode.cpp,444,FALSE,CalcPhysCombatExperience: ERROR - Invalid profession
004ee4bb,direct,004ee220,C:\Projects\Wizardry 8\Local Code\GameplayCode.cpp,715,FALSE,CalcAttacks: ERROR - Invalid load category
004eecd0,register-indirect,004ee9d0,C:\Projects\Wizardry 8\Local Code\GameplayCode.cpp,1441,FALSE,CalcArmorClasses: ERROR - Invalid AC location
004ef0b1,register-indirect,004ef090,C:\Projects\Wizardry 8\Local Code\GameplayCode.cpp,1829,pPC != NULL,
004ef0d1,register-indirect,004ef090,C:\Projects\Wizardry 8\Local Code\GameplayCode.cpp,1830,pPC->uiExpLevel > 0,
004ef0f3,register-indirect,004ef090,C:\Projects\Wizardry 8\Local Code\GameplayCode.cpp,1831,(pPC->iProfession >= 0) && (pPC->iProfession < PROF_COUNT),
004ef663,direct,004ef610,C:\Projects\Wizardry 8\Local Code\GameplayCode.cpp,2197,!fSaveCharData || fCHAR_NPC(uiSlot),
004ef916,direct,004ef7e0,C:\Projects\Wizardry 8\Local Code\GameplayCode.cpp,2338,uiValue <= gStatus.uiPartyGold,
004ef96c,direct,004ef950,C:\Projects\Wizardry 8\Local Code\GameplayCode.cpp,2359,pPC->iRace < PC_RACE_COUNT,
004eff5e,register-indirect,004efe70,C:\Projects\Wizardry 8\Local Code\Combat Party Movement.cpp,410,( *puiPhase > 0 ) && ( *puiPhase <= PHASES_PER_ROUND ),
004eff89,register-indirect,004efe70,C:\Projects\Wizardry 8\Local Code\Combat Party Movement.cpp,186,( gpCombat->uiPartyActionPhase > 0 ) && ( gpCombat->uiPartyActionPhase <= PHASES_PER_ROUND ),
004f00ed,register-indirect,004f00c0,C:\Projects\Wizardry 8\Local Code\Combat Party Movement.cpp,274,gpCombat->uiCurrentPartyActionStatus == ACTION_STATUS_IN_PROGRESS,
004f010c,register-indirect,004f00c0,C:\Projects\Wizardry 8\Local Code\Combat Party Movement.cpp,275,gXStatus.fPartyMovementMode,
004f0135,register-indirect,004f00c0,C:\Projects\Wizardry 8\Local Code\Combat Party Movement.cpp,276,gXStatus.flPartyMoveDistLimit > 0,
004f0189,register-indirect,004f00c0,C:\Projects\Wizardry 8\Local Code\Combat Party Movement.cpp,288,uiTotalMovementPhases > 0,
004f0225,direct,004f01d0,C:\Projects\Wizardry 8\Local Code\Combat Party Movement.cpp,359,gXStatus.flPartyMoveDistLimit > 0.0f,
004f034b,direct,004f01d0,C:\Projects\Wizardry 8\Local Code\Combat Party Movement.cpp,359,gXStatus.flPartyMoveDistLimit > 0.0f,
004f04e9,direct,004f0480,C:\Projects\Wizardry 8\Local Code\Combat Party Movement.cpp,410,( *puiPhase > 0 ) && ( *puiPhase <= PHASES_PER_ROUND ),
004f053a,direct,004f0520,C:\Projects\Wizardry 8\Local Code\Combat Party Movement.cpp,435,gXStatus.fCombatMode,
004f057a,direct,004f0560,C:\Projects\Wizardry 8\Local Code\Combat Party Movement.cpp,470,gXStatus.fCombatMode,
004f06de,register-indirect,004f06b0,C:\Projects\Wizardry 8\Local Code\Combat Party Movement.cpp,547,gpMGSV->iPartyMovementPercent >= 0,
004f0702,register-indirect,004f06b0,C:\Projects\Wizardry 8\Local Code\Combat Party Movement.cpp,548,gpMGSV->iPartyMovementPercent <= 100,
004f081a,direct,004f0800,C:\Projects\Wizardry 8\Local Code\Combat Party Movement.cpp,613,gXStatus.fCombatMode,
004f0881,register-indirect,,C:\Projects\Wizardry 8\Local Code\Combat Party Movement.cpp,643,gXStatus.fCombatMode,
004f09aa,direct,004f0990,C:\Projects\Wizardry 8\Local Code\Combat Party Movement.cpp,674,gXStatus.fCombatMode,
004f0b0c,direct,004f0af0,C:\Projects\Wizardry 8\Local Code\Combat Party Movement.cpp,759,uiPartyAction != PARTY_ACTION_NONE,
004f0c5a,direct,004f0af0,C:\Projects\Wizardry 8\Local Code\Combat Party Movement.cpp,410,( *puiPhase > 0 ) && ( *puiPhase <= PHASES_PER_ROUND ),
004f0cef,direct,004f0c80,C:\Projects\Wizardry 8\Local Code\Combat Party Movement.cpp,410,( *puiPhase > 0 ) && ( *puiPhase <= PHASES_PER_ROUND ),
004f0d73,direct,004f0c80,C:\Projects\Wizardry 8\Local Code\Combat Party Movement.cpp,410,( *puiPhase > 0 ) && ( *puiPhase <= PHASES_PER_ROUND ),
004f0e2a,direct,004f0c80,C:\Projects\Wizardry 8\Local Code\Combat Party Movement.cpp,410,( *puiPhase > 0 ) && ( *puiPhase <= PHASES_PER_ROUND ),
004f2062,direct,004f2040,C:\Projects\Wizardry 8\Local Code\RegionManager.cpp,470,uiRegionIndex < guiRegionCount,
004f21ff,direct,004f21e0,C:\Projects\Wizardry 8\Local Code\RegionManager.cpp,555,uiRegionSetIndex < guiRegsetCount,
004f223f,direct,004f2220,C:\Projects\Wizardry 8\Local Code\RegionManager.cpp,564,uiRegionSetIndex < guiRegsetCount,
004f2287,register-indirect,004f2260,C:\Projects\Wizardry 8\Local Code\RegionManager.cpp,575,uiRegionSetIndex < guiRegsetCount,
004f22ca,register-indirect,004f2260,C:\Projects\Wizardry 8\Local Code\RegionManager.cpp,601,uiRegionIndex < guiRegionCount,
004f2317,register-indirect,004f22f0,C:\Projects\Wizardry 8\Local Code\RegionManager.cpp,589,uiRegionSetIndex < guiRegsetCount,
004f235a,register-indirect,004f22f0,C:\Projects\Wizardry 8\Local Code\RegionManager.cpp,610,uiRegionIndex < guiRegionCount,
004f239f,direct,004f2380,C:\Projects\Wizardry 8\Local Code\RegionManager.cpp,601,uiRegionIndex < guiRegionCount,
004f23ef,direct,004f23d0,C:\Projects\Wizardry 8\Local Code\RegionManager.cpp,610,uiRegionIndex < guiRegionCount,
004f243f,direct,004f2420,C:\Projects\Wizardry 8\Local Code\RegionManager.cpp,637,uiRegionIndex < guiRegionCount,
004f24af,direct,004f2490,C:\Projects\Wizardry 8\Local Code\RegionManager.cpp,676,uiRegionIndex < guiRegionCount,
004f256f,direct,004f2550,C:\Projects\Wizardry 8\Local Code\RegionManager.cpp,710,uiRegionIndex < guiRegionCount,
004f28a6,direct,004f2880,C:\Projects\Wizardry 8\Local Code\RegionManager.cpp,1159,guiRegsetCount <= REGSET_LIMIT,
004f28ff,direct,004f28e0,C:\Projects\Wizardry 8\Local Code\RegionManager.cpp,1184,uiRegionSet < guiRegsetCount,
004f2947,register-indirect,004f2920,C:\Projects\Wizardry 8\Local Code\RegionManager.cpp,1207,uiRegionSet < guiRegsetCount,
004f2994,register-indirect,004f2920,C:\Projects\Wizardry 8\Local Code\RegionManager.cpp,1223,guiRegionCount <= REGION_LIMIT,
004f29df,direct,004f29c0,C:\Projects\Wizardry 8\Local Code\RegionManager.cpp,1247,uiRegionIndex <= guiRegionCount,
004f2a4f,direct,004f2a30,C:\Projects\Wizardry 8\Local Code\RegionManager.cpp,1286,uiRegionIndex <= guiRegionCount,
004f2bcf,direct,004f2bb0,C:\Projects\Wizardry 8\Local Code\RegionManager.cpp,1368,uiRegionIndex <= guiRegionCount,
004f2c0f,direct,004f2bf0,C:\Projects\Wizardry 8\Local Code\RegionManager.cpp,1375,uiRegionIndex <= guiRegionCount,
004f310b,direct,004f30f0,C:\Projects\Wizardry 8\Local Code\Controls.cpp,399,m_uiRegionSetId != REGSET_NULL,
004f3175,direct,,C:\Projects\Wizardry 8\Local Code\Controls.cpp,426,pControl,
004f486e,direct,004f4850,C:\Projects\Wizardry 8\Local Code\Controls.cpp,1849,m_pPanel != NULL,
004f5560,direct,004f5540,C:\Projects\Wizardry 8\Local Code\Controls.cpp,2679,iSelected < m_lsButtons.Length(),
004f55fd,direct,004f55c0,C:\Projects\Wizardry 8\Local Code\Controls.cpp,2718,iIndex != -1,
004f6a73,register-indirect,004f6a50,C:\Projects\Wizardry 8\Local Code\ItemManager.cpp,294,gXStatus.plsItemList != NULL,
004f6ab8,register-indirect,004f6a50,C:\Projects\Wizardry 8\Local Code\ItemManager.cpp,961,uiItemListIndex < (UINT32) PLLength(gXStatus.plsItemList),
004f6af5,register-indirect,004f6a50,C:\Projects\Wizardry 8\Local Code\ItemManager.cpp,965,pItemInfo != NULL,
004f6ca7,direct,004f6c50,C:\Projects\Wizardry 8\Local Code\ItemManager.cpp,398,pItemInfo,
004f6d14,direct,004f6cf0,C:\Projects\Wizardry 8\Local Code\ItemManager.cpp,468,pItemInfo != NULL,
004f6d35,direct,004f6cf0,C:\Projects\Wizardry 8\Local Code\ItemManager.cpp,469,!pItemInfo->fActive,
004f6ea1,register-indirect,004f6cf0,C:\Projects\Wizardry 8\Local Code\ItemManager.cpp,493,FileExists(zItemFullPath),
004f6eea,register-indirect,004f6cf0,C:\Projects\Wizardry 8\Local Code\ItemManager.cpp,498,fSuccess,
004f6f03,register-indirect,004f6cf0,C:\Projects\Wizardry 8\Local Code\ItemManager.cpp,998,pItemInfo,
004f70f4,register-indirect,004f70d0,C:\Projects\Wizardry 8\Local Code\ItemManager.cpp,554,pItemInfo != NULL,
004f7111,register-indirect,004f70d0,C:\Projects\Wizardry 8\Local Code\ItemManager.cpp,555,pItemInfo->fActive,
004f712e,register-indirect,004f70d0,C:\Projects\Wizardry 8\Local Code\ItemManager.cpp,556,pItemInfo->p3D != NULL,
004f7226,register-indirect,004f71e0,C:\Projects\Wizardry 8\Local Code\ItemManager.cpp,961,uiItemListIndex < (UINT32) PLLength(gXStatus.plsItemList),
004f7262,register-indirect,004f71e0,C:\Projects\Wizardry 8\Local Code\ItemManager.cpp,965,pItemInfo != NULL,
004f729a,register-indirect,004f71e0,C:\Projects\Wizardry 8\Local Code\ItemManager.cpp,992,FALSE,
004f72c5,register-indirect,004f71e0,C:\Projects\Wizardry 8\Local Code\ItemManager.cpp,961,uiItemListIndex < (UINT32) PLLength(gXStatus.plsItemList),
004f7301,register-indirect,004f71e0,C:\Projects\Wizardry 8\Local Code\ItemManager.cpp,965,pItemInfo != NULL,
004f731d,register-indirect,004f71e0,C:\Projects\Wizardry 8\Local Code\ItemManager.cpp,627,pItem,
004f73c2,register-indirect,,C:\Projects\Wizardry 8\Local Code\ItemManager.cpp,961,uiItemListIndex < (UINT32) PLLength(gXStatus.plsItemList),
004f73fe,register-indirect,,C:\Projects\Wizardry 8\Local Code\ItemManager.cpp,965,pItemInfo != NULL,
004f74dd,register-indirect,004f7480,C:\Projects\Wizardry 8\Local Code\ItemManager.cpp,961,uiItemListIndex < (UINT32) PLLength(gXStatus.plsItemList),
004f7519,register-indirect,004f7480,C:\Projects\Wizardry 8\Local Code\ItemManager.cpp,965,pItemInfo != NULL,
004f75cf,register-indirect,004f7480,C:\Projects\Wizardry 8\Local Code\ItemManager.cpp,998,pItemInfo,
004f78f5,direct,004f7610,C:\Projects\Wizardry 8\Local Code\ItemManager.cpp,825,pItemInfo != NULL,
004f7976,register-indirect,,C:\Projects\Wizardry 8\Local Code\ItemManager.cpp,992,FALSE,
004f79a1,register-indirect,,C:\Projects\Wizardry 8\Local Code\ItemManager.cpp,961,uiItemListIndex < (UINT32) PLLength(gXStatus.plsItemList),
004f79e1,register-indirect,,C:\Projects\Wizardry 8\Local Code\ItemManager.cpp,965,pItemInfo != NULL,
004f79f3,register-indirect,,C:\Projects\Wizardry 8\Local Code\ItemManager.cpp,857,pItemInfo != NULL,
004f7a7c,register-indirect,,C:\Projects\Wizardry 8\Local Code\ItemManager.cpp,961,uiItemListIndex < (UINT32) PLLength(gXStatus.plsItemList),
004f7ab8,register-indirect,,C:\Projects\Wizardry 8\Local Code\ItemManager.cpp,965,pItemInfo != NULL,
004f7c85,register-indirect,,C:\Projects\Wizardry 8\Local Code\ItemManager.cpp,1115,pItemInfo,Bad ITEM_STRUCT in ItemInfoGetNumInGroup
004f7cc3,register-indirect,,C:\Projects\Wizardry 8\Local Code\ItemManager.cpp,1178,pItemInfo,Bad ITEM_STRUCT in ItemInfoGroupGetNext
004f7d3f,register-indirect,,C:\Projects\Wizardry 8\Local Code\ItemManager.cpp,961,uiItemListIndex < (UINT32) PLLength(gXStatus.plsItemList),
004f7d7c,register-indirect,,C:\Projects\Wizardry 8\Local Code\ItemManager.cpp,965,pItemInfo != NULL,
004f7db4,register-indirect,,C:\Projects\Wizardry 8\Local Code\ItemManager.cpp,992,FALSE,
004f7ddf,register-indirect,,C:\Projects\Wizardry 8\Local Code\ItemManager.cpp,961,uiItemListIndex < (UINT32) PLLength(gXStatus.plsItemList),
004f7e1b,register-indirect,,C:\Projects\Wizardry 8\Local Code\ItemManager.cpp,965,pItemInfo != NULL,
004f7e5a,register-indirect,,C:\Projects\Wizardry 8\Local Code\ItemManager.cpp,1115,pItemInfo,Bad ITEM_STRUCT in ItemInfoGetNumInGroup
004f8010,register-indirect,004f7fe0,C:\Projects\Wizardry 8\Local Code\ItemManager.cpp,961,uiItemListIndex < (UINT32) PLLength(gXStatus.plsItemList),
004f804d,register-indirect,004f7fe0,C:\Projects\Wizardry 8\Local Code\ItemManager.cpp,965,pItemInfo != NULL,
004f80a6,register-indirect,004f8060,C:\Projects\Wizardry 8\Local Code\ItemManager.cpp,961,uiItemListIndex < (UINT32) PLLength(gXStatus.plsItemList),
004f80e2,register-indirect,004f8060,C:\Projects\Wizardry 8\Local Code\ItemManager.cpp,965,pItemInfo != NULL,
004f811a,register-indirect,004f8060,C:\Projects\Wizardry 8\Local Code\ItemManager.cpp,992,FALSE,
004f8149,direct,004f8130,C:\Projects\Wizardry 8\Local Code\ItemManager.cpp,998,pItemInfo,
004f8189,direct,004f8170,C:\Projects\Wizardry 8\Local Code\ItemManager.cpp,1004,pItemInfo,
004f81d9,direct,004f81c0,C:\Projects\Wizardry 8\Local Code\ItemManager.cpp,1019,pItemInfo,
004f831d,direct,004f8300,C:\Projects\Wizardry 8\Local Code\ItemManager.cpp,1115,pItemInfo,Bad ITEM_STRUCT in ItemInfoGetNumInGroup
004f835d,direct,004f8340,C:\Projects\Wizardry 8\Local Code\ItemManager.cpp,1130,pItemInfo,Bad ITEM_STRUCT in ItemInfoAddToGroup
004f83bd,direct,004f83a0,C:\Projects\Wizardry 8\Local Code\ItemManager.cpp,1142,pItemInfo,Bad ITEM_STRUCT in ItemInfoRemoveFromGroup
004f842d,direct,004f8410,C:\Projects\Wizardry 8\Local Code\ItemManager.cpp,1178,pItemInfo,Bad ITEM_STRUCT in ItemInfoGroupGetNext
004f8460,direct,004f8440,C:\Projects\Wizardry 8\Local Code\ItemManager.cpp,1185,pItemInfo,Bad ITEM_STRUCT in ItemInfoMakeGroupList
004f89e5,direct,004f88f0,C:\Projects\Wizardry 8\Local Code\ItemManager.cpp,398,pItemInfo,
004f8c08,direct,004f88f0,C:\Projects\Wizardry 8\Local Code\ItemManager.cpp,398,pItemInfo,
004f8d4e,direct,004f8cb0,C:\Projects\Wizardry 8\Local Code\ItemManager.cpp,1459,pNPC,
004f8dc4,direct,004f8cb0,C:\Projects\Wizardry 8\Local Code\ItemManager.cpp,398,pItemInfo,
004f8f01,direct,004f8cb0,C:\Projects\Wizardry 8\Local Code\ItemManager.cpp,398,pItemInfo,
004f9008,direct,004f8cb0,C:\Projects\Wizardry 8\Local Code\ItemManager.cpp,398,pItemInfo,
004f9116,direct,004f8cb0,C:\Projects\Wizardry 8\Local Code\ItemManager.cpp,398,pItemInfo,
004f915c,direct,004f8cb0,C:\Projects\Wizardry 8\Local Code\ItemManager.cpp,1130,pItemInfo,Bad ITEM_STRUCT in ItemInfoAddToGroup
004f9505,register-indirect,004f94c0,C:\Projects\Wizardry 8\Local Code\ItemManager.cpp,961,uiItemListIndex < (UINT32) PLLength(gXStatus.plsItemList),
004f9541,register-indirect,004f94c0,C:\Projects\Wizardry 8\Local Code\ItemManager.cpp,965,pItemInfo != NULL,
004f97c3,register-indirect,004f97a0,C:\Projects\Wizardry 8\Local Code\Magic.cpp,164,pTarget != NULL,
004fa9ae,direct,004fa4d0,C:\Projects\Wizardry 8\Local Code\Magic.cpp,5352,FALSE,
004fabc0,direct,004fa4d0,C:\Projects\Wizardry 8\Local Code\Magic.cpp,981,uiUsagePoints >= 2,
004fb0f7,direct,004fb0a0,C:\Projects\Wizardry 8\Local Code\Magic.cpp,1132,FALSE,
004fb302,direct,004fb220,C:\Projects\Wizardry 8\Local Code\Magic.cpp,1389,FALSE,
004fbc1f,direct,004fb4c0,C:\Projects\Wizardry 8\Local Code\Magic.cpp,1714,pSource->iType == SOURCE_TYPE_3D_POINT,
004fcd9c,direct,004fb4c0,C:\Projects\Wizardry 8\Local Code\Magic.cpp,2242,pSource->iType == SOURCE_TYPE_CHAR,
004fcdc9,direct,004fb4c0,C:\Projects\Wizardry 8\Local Code\Magic.cpp,2246,pSource->iType == SOURCE_TYPE_CHAR,
004fce6c,direct,004fb4c0,C:\Projects\Wizardry 8\Local Code\Magic.cpp,5380,pOrigSource->iMonsterID != -1,
004fd1e7,direct,004fd030,C:\Projects\Wizardry 8\Local Code\Magic.cpp,2385,fVertextAvail,
004fe763,direct,004fe740,C:\Projects\Wizardry 8\Local Code\Magic.cpp,3063,!pSource->fBackfire,
004fe90f,direct,004fe740,C:\Projects\Wizardry 8\Local Code\Magic.cpp,3117,FALSE,
004fea0f,direct,004fe740,C:\Projects\Wizardry 8\Local Code\Magic.cpp,3154,FALSE,
004fea7d,register-indirect,004fea50,C:\Projects\Wizardry 8\Local Code\Magic.cpp,3192,(pSource->iType > SOURCE_TYPE_NONE) && (pSource->iType < SOURCE_TYPE_COUNT),
004feaaa,register-indirect,004fea50,C:\Projects\Wizardry 8\Local Code\Magic.cpp,3193,(pTarget->iType > TARGET_TYPE_NONE) && (pTarget->iType < TARGET_TYPE_COUNT),
004feac7,register-indirect,004fea50,C:\Projects\Wizardry 8\Local Code\Magic.cpp,3196,!pSource->fBackfire,
004fed84,direct,004fea50,C:\Projects\Wizardry 8\Local Code\Magic.cpp,3332,FALSE,
004feff7,direct,004fef90,C:\Projects\Wizardry 8\Local Code\Magic.cpp,3456,pSource->iType == SOURCE_TYPE_MONSTER,
004ff3d8,direct,004ff3b0,C:\Projects\Wizardry 8\Local Code\Magic.cpp,3603,iProfession != -1,
004ff621,direct,004ff4b0,C:\Projects\Wizardry 8\Local Code\Magic.cpp,3603,iProfession != -1,
004ff6ed,direct,004ff4b0,C:\Projects\Wizardry 8\Local Code\Magic.cpp,5352,FALSE,
004ffa57,direct,004ff7f0,C:\Projects\Wizardry 8\Local Code\Magic.cpp,3603,iProfession != -1,
004ffb20,direct,004ff7f0,C:\Projects\Wizardry 8\Local Code\Magic.cpp,5352,FALSE,
004ffbba,direct,004ff7f0,C:\Projects\Wizardry 8\Local Code\Magic.cpp,3881,(iHighestSkill != SKILL_NONE),
004ffbf6,register-indirect,004ffbd0,C:\Projects\Wizardry 8\Local Code\Magic.cpp,3603,iProfession != -1,
004ffc68,register-indirect,004ffbd0,C:\Projects\Wizardry 8\Local Code\Magic.cpp,3603,iProfession != -1,
004fff85,direct,004ffe70,C:\Projects\Wizardry 8\Local Code\Magic.cpp,4060,wTempMsg,
00500095,direct,00500060,C:\Projects\Wizardry 8\Local Code\Magic.cpp,4127,gpItemDB[pPCItem->iItemNo].ubSpellNumber != SPELL_NONE,
00500207,register-indirect,005001e0,C:\Projects\Wizardry 8\Local Code\Magic.cpp,4179,uiSpell < SPELL_COUNT,
0050023d,register-indirect,005001e0,C:\Projects\Wizardry 8\Local Code\Magic.cpp,4182,uiSpellUsableWhen < SPELL_USAGE_COUNT,
0050044e,direct,00500330,C:\Projects\Wizardry 8\Local Code\Magic.cpp,4287,( uiPowerLevel >= 1 ) && ( uiPowerLevel <= 7 ),
00500c67,direct,00500930,C:\Projects\Wizardry 8\Local Code\Magic.cpp,5380,pOrigSource->iMonsterID != -1,
00501182,direct,005010f0,C:\Projects\Wizardry 8\Local Code\Magic.cpp,4851,FALSE,
0050121b,direct,005011c0,C:\Projects\Wizardry 8\Local Code\Magic.cpp,4889,FALSE,
005018b7,direct,00501880,C:\Projects\Wizardry 8\Local Code\Magic.cpp,5320,CanCharReBreathe(uiChar),
0050193e,direct,00501910,C:\Projects\Wizardry 8\Local Code\Magic.cpp,5352,FALSE,
005021f1,direct,00502010,C:\Projects\Wizardry 8\Local Code\GameplayTime.cpp,109,uiTurnsElapsed > 0,
00503207,direct,00503100,C:\Projects\Wizardry 8\Local Code\GameplayTime.cpp,819,FALSE,GameTurnsPassedChar: ERROR - Invalid condition
00504a1c,direct,005049c0,C:\Projects\Wizardry 8\Local Code\Sight.cpp,94,flViewingDistance > 0,
00504d2b,direct,005049c0,C:\Projects\Wizardry 8\Local Code\Sight.cpp,155,fFoundMissileVertex,
00504d6b,direct,005049c0,C:\Projects\Wizardry 8\Local Code\Sight.cpp,163,fFoundSpellVertex,
00505065,direct,005049c0,C:\Projects\Wizardry 8\Local Code\Sight.cpp,233,pNPC != NULL,
0050540a,direct,005049c0,C:\Projects\Wizardry 8\Local Code\Sight.cpp,347,pNPC != NULL,
0050566e,direct,005049c0,C:\Projects\Wizardry 8\Local Code\Sight.cpp,501,fFoundMissileVertex,
005056ad,direct,005049c0,C:\Projects\Wizardry 8\Local Code\Sight.cpp,509,fFoundSpellVertex,
00505a73,direct,00505a40,C:\Projects\Wizardry 8\Local Code\Sight.cpp,780,flViewingDistance > 0,
00505c50,register-indirect,00505ba0,C:\Projects\Wizardry 8\Local Code\Sight.cpp,968,pVisibility != NULL,
00505cd8,register-indirect,00505c80,C:\Projects\Wizardry 8\Local Code\Sight.cpp,990,pVisibility != NULL,
00505d46,register-indirect,00505d20,C:\Projects\Wizardry 8\Local Code\Sight.cpp,1020,pSourceMonsterInfo->fActive,
00505d67,register-indirect,00505d20,C:\Projects\Wizardry 8\Local Code\Sight.cpp,1021,pTargetMonsterInfo->fActive,
00505da5,register-indirect,00505d20,C:\Projects\Wizardry 8\Local Code\Sight.cpp,1030,FALSE,
00505fb5,register-indirect,00505f30,C:\Projects\Wizardry 8\Local Code\Sight.cpp,1020,pSourceMonsterInfo->fActive,
00505fd2,register-indirect,00505f30,C:\Projects\Wizardry 8\Local Code\Sight.cpp,1021,pTargetMonsterInfo->fActive,
00506010,register-indirect,00505f30,C:\Projects\Wizardry 8\Local Code\Sight.cpp,1030,FALSE,
005067d3,direct,00506670,C:\Projects\Wizardry 8\Local Code\NPC Scripting Facts.cpp,1556,pNPC,
00506d41,direct,00506670,C:\Projects\Wizardry 8\Local Code\NPC Scripting Facts.cpp,1590,pNPC,
00506d7e,direct,00506670,C:\Projects\Wizardry 8\Local Code\NPC Scripting Facts.cpp,1600,pTrigger,
00509e15,direct,00509cd0,C:\Projects\Wizardry 8\Local Code\NPC Manager.cpp,404,pNode,
0050a109,direct,00509fc0,C:\Projects\Wizardry 8\Local Code\NPC Manager.cpp,535,uiSize <= sizeof(*pNode->pPCData),
0050ba9a,direct,0050ba80,C:\Projects\Wizardry 8\Local Code\NPC Manager.cpp,1975,pNPC,
0050bf62,direct,0050bc90,C:\Projects\Wizardry 8\Local Code\NPC Manager.cpp,1956,pNPC,
0050d503,direct,,C:\Projects\Wizardry 8\Local Code\NPC Manager.cpp,3052,pNPC,Cannot find VOC_BELA_CC
0050e4e0,register-indirect,0050e4b0,C:\Projects\Wizardry 8\Local Code\NPC Manager.cpp,1956,pNPC,
0050f775,register-indirect,0050f720,C:\Projects\Wizardry 8\Local Code\MonsterGroup.cpp,957,pMonsterGroup != NULL,
0050f7a8,register-indirect,0050f720,C:\Projects\Wizardry 8\Local Code\MonsterGroup.cpp,1297,pMonsterGroup,
0050f82e,register-indirect,0050f720,C:\Projects\Wizardry 8\Local Code\MonsterGroup.cpp,2249,pMonsterGroup,
0050f8a3,register-indirect,0050f720,C:\Projects\Wizardry 8\Local Code\MonsterGroup.cpp,2091,pMonsterGroup,
0050faf2,register-indirect,0050fad0,C:\Projects\Wizardry 8\Local Code\MonsterGroup.cpp,491,gXStatus.fCombatMode,
0050fb13,register-indirect,0050fad0,C:\Projects\Wizardry 8\Local Code\MonsterGroup.cpp,492,pMonsterGroup->fInCombat,
00510168,direct,005100b0,C:\Projects\Wizardry 8\Local Code\MonsterGroup.cpp,946,FALSE,
00510199,direct,00510180,C:\Projects\Wizardry 8\Local Code\MonsterGroup.cpp,957,pMonsterGroup != NULL,
00510263,direct,005101b0,C:\Projects\Wizardry 8\Local Code\MonsterGroup.cpp,988,pMonsterGroup != NULL,
005102a0,register-indirect,00510280,C:\Projects\Wizardry 8\Local Code\MonsterGroup.cpp,1003,pMonsterGroup != NULL,
005102b2,register-indirect,00510280,C:\Projects\Wizardry 8\Local Code\MonsterGroup.cpp,957,pMonsterGroup != NULL,
0051040f,register-indirect,005103e0,C:\Projects\Wizardry 8\Local Code\MonsterGroup.cpp,1080,pMonsterGroup,
00510434,register-indirect,005103e0,C:\Projects\Wizardry 8\Local Code\MonsterGroup.cpp,1081,ILLength(pMonsterGroup->plsMonsterIDList),
005105ba,register-indirect,00510590,C:\Projects\Wizardry 8\Local Code\MonsterGroup.cpp,1144,pMonsterGroup,
00510629,register-indirect,00510590,C:\Projects\Wizardry 8\Local Code\MonsterGroup.cpp,1154,pLeader,
00511275,register-indirect,00511250,C:\Projects\Wizardry 8\Local Code\MonsterGroup.cpp,957,pMonsterGroup != NULL,
005112df,register-indirect,00511250,C:\Projects\Wizardry 8\Local Code\MonsterGroup.cpp,1885,FALSE,
005113c2,register-indirect,005113a0,C:\Projects\Wizardry 8\Local Code\MonsterGroup.cpp,957,pMonsterGroup != NULL,
005113e9,register-indirect,005113a0,C:\Projects\Wizardry 8\Local Code\MonsterGroup.cpp,2091,pMonsterGroup,
005116ad,register-indirect,00511670,C:\Projects\Wizardry 8\Local Code\MonsterGroup.cpp,1003,pMonsterGroup != NULL,
005116bf,register-indirect,00511670,C:\Projects\Wizardry 8\Local Code\MonsterGroup.cpp,957,pMonsterGroup != NULL,
0051186a,direct,00511850,C:\Projects\Wizardry 8\Local Code\MonsterGroup.cpp,2091,pMonsterGroup,
005119a9,direct,00511990,C:\Projects\Wizardry 8\Local Code\MonsterGroup.cpp,2170,pMonsterGroup,
00512eb1,direct,00512e80,C:\Projects\Wizardry 8\Local Code\LoadSaveGame.cpp,870,"LevelFilesExist(ulLevel, &LevelName)",
00513a1d,direct,005139c0,C:\Projects\Wizardry 8\Local Code\LoadSaveGame.cpp,870,"LevelFilesExist(ulLevel, &LevelName)",
00513c7f,direct,00513c20,C:\Projects\Wizardry 8\Local Code\LoadSaveGame.cpp,1517,uiSize <= sizeof(*pMonsterGroup),
00513e5a,direct,00513d80,C:\Projects\Wizardry 8\Local Code\LoadSaveGame.cpp,1630,uiSize <= sizeof(*pMonsterInfo),
005157d6,register-indirect,005156c0,C:\Projects\Wizardry 8\Local Code\LoadSaveGame.cpp,2978,uiSize <= sizeof(*pPC),
00515d19,register-indirect,00515cf0,C:\Projects\Wizardry 8\Local Code\LoadSaveGame.cpp,3270,pStatus->Char != NULL,
00515d3e,register-indirect,00515cf0,C:\Projects\Wizardry 8\Local Code\LoadSaveGame.cpp,3271,pStatus->XChar != NULL,
00515d8d,register-indirect,00515cf0,C:\Projects\Wizardry 8\Local Code\LoadSaveGame.cpp,3277,uiSize <= sizeof(*pStatus),
00515e2b,direct,00515cf0,C:\Projects\Wizardry 8\Local Code\LoadSaveGame.cpp,3300,uiSize <= sizeof(*&pStatus->Char[uiChar]),
00515ec8,direct,00515cf0,C:\Projects\Wizardry 8\Local Code\LoadSaveGame.cpp,3314,uiSize <= sizeof(*&pStatus->XChar[uiChar]),
0051659d,direct,00516580,C:\Projects\Wizardry 8\Local Code\LoadSaveGame.cpp,3507,pLure,
00516e5b,direct,00516e20,C:\Projects\Wizardry 8\Local Code\search.cpp,293,pSearchable,
00516f3b,direct,00516f00,C:\Projects\Wizardry 8\Local Code\search.cpp,337,pSearchable,
0051712c,direct,00517080,..\Engine Code\Include\Trigger.hpp,1005,m_bRepType == TRIGGER_REP_PROP,
00517c87,direct,00517c60,C:\Projects\Wizardry 8\Local Code\UtilityFunctions.cpp,315,_finite(flAngle),
00517d1b,register-indirect,00517ce0,C:\Projects\Wizardry 8\Local Code\UtilityFunctions.cpp,315,_finite(flAngle),
00517da5,register-indirect,00517ce0,C:\Projects\Wizardry 8\Local Code\UtilityFunctions.cpp,315,_finite(flAngle),
00517ee7,register-indirect,00517ec0,C:\Projects\Wizardry 8\Local Code\UtilityFunctions.cpp,456,pPC->fInParty,PCPtrToPCSlot: ERROR - called for non-party character
00517f1f,register-indirect,00517ec0,C:\Projects\Wizardry 8\Local Code\UtilityFunctions.cpp,465,FALSE,
00518349,direct,00518310,C:\Projects\Wizardry 8\Local Code\UtilityFunctions.cpp,901,FALSE,
00518391,register-indirect,00518360,C:\Projects\Wizardry 8\Local Code\Strings.cpp,74,hFile,Failed to open localization string table.
005183bf,register-indirect,00518360,C:\Projects\Wizardry 8\Local Code\Strings.cpp,79,giStringListLen,
005183f5,register-indirect,00518360,C:\Projects\Wizardry 8\Local Code\Strings.cpp,82,gppStringList,
0051845a,register-indirect,00518360,C:\Projects\Wizardry 8\Local Code\Strings.cpp,89,gppStringList[iCount],
005192d3,register-indirect,00519180,C:\Projects\Wizardry 8\Local Code\Combat Range.cpp,238,uiSpell != SPELL_NONE,
00519305,register-indirect,00519180,C:\Projects\Wizardry 8\Local Code\Combat Range.cpp,257,FALSE,
00519486,direct,00519180,C:\Projects\Wizardry 8\Local Code\Combat Range.cpp,416,pMonsterGroup != NULL,
005196ff,direct,005194e0,C:\Projects\Wizardry 8\Local Code\Combat Range.cpp,1123,FALSE,CalcRangeDistance: ERROR - Invalid range category
00519969,direct,00519920,C:\Projects\Wizardry 8\Local Code\Combat Range.cpp,416,pMonsterGroup != NULL,
00519add,direct,00519ac0,C:\Projects\Wizardry 8\Local Code\Combat Range.cpp,498,uiHand == HAND_ANY,
00519d4e,register-indirect,00519c00,C:\Projects\Wizardry 8\Local Code\Combat Range.cpp,949,uiAttack < MAX_MONSTER_ATTACKS,
00519d7c,register-indirect,00519c00,C:\Projects\Wizardry 8\Local Code\Combat Range.cpp,950,pMonsterDB->Attack[uiAttack].fHasAttack,
0051a043,register-indirect,00519f80,C:\Projects\Wizardry 8\Local Code\Combat Range.cpp,949,uiAttack < MAX_MONSTER_ATTACKS,
0051a071,register-indirect,00519f80,C:\Projects\Wizardry 8\Local Code\Combat Range.cpp,950,pMonsterDB->Attack[uiAttack].fHasAttack,
0051a3a4,register-indirect,0051a2f0,C:\Projects\Wizardry 8\Local Code\Combat Range.cpp,949,uiAttack < MAX_MONSTER_ATTACKS,
0051a3d2,register-indirect,0051a2f0,C:\Projects\Wizardry 8\Local Code\Combat Range.cpp,950,pMonsterDB->Attack[uiAttack].fHasAttack,
0051a498,register-indirect,0051a2f0,C:\Projects\Wizardry 8\Local Code\Combat Range.cpp,1123,FALSE,CalcRangeDistance: ERROR - Invalid range category
0051a5f6,register-indirect,0051a510,C:\Projects\Wizardry 8\Local Code\Combat Range.cpp,949,uiAttack < MAX_MONSTER_ATTACKS,
0051a621,register-indirect,0051a510,C:\Projects\Wizardry 8\Local Code\Combat Range.cpp,950,pMonsterDB->Attack[uiAttack].fHasAttack,
0051a6a8,register-indirect,0051a510,C:\Projects\Wizardry 8\Local Code\Combat Range.cpp,1123,FALSE,CalcRangeDistance: ERROR - Invalid range category
0051a76c,register-indirect,0051a730,C:\Projects\Wizardry 8\Local Code\Combat Range.cpp,949,uiAttack < MAX_MONSTER_ATTACKS,
0051a79a,register-indirect,0051a730,C:\Projects\Wizardry 8\Local Code\Combat Range.cpp,950,pMonsterDB->Attack[uiAttack].fHasAttack,
0051a9eb,direct,0051a9a0,C:\Projects\Wizardry 8\Local Code\Combat Range.cpp,1123,FALSE,CalcRangeDistance: ERROR - Invalid range category
0051aa82,register-indirect,0051aa30,C:\Projects\Wizardry 8\Local Code\Combat Range.cpp,1123,FALSE,CalcRangeDistance: ERROR - Invalid range category
0051ab9b,direct,,C:\Projects\Wizardry 8\Local Code\Combat Range.cpp,1123,FALSE,CalcRangeDistance: ERROR - Invalid range category
0051af62,direct,0051aec0,C:\Projects\Wizardry 8\Local Code\Combat Range.cpp,1432,ubMonsterQuadrant != QUADRANT_CENTER,
0051b3db,direct,0051b320,C:\Projects\Wizardry 8\Local Code\Combat Range.cpp,1606,FALSE,
0051ba1a,direct,,C:\Projects\Wizardry 8\Local Code\PC Item.cpp,376,gStatus.fItemInCursor,
0051baa8,direct,,C:\Projects\Wizardry 8\Local Code\PC Item.cpp,404,gStatus.fGameStarted,
0051badc,direct,,C:\Projects\Wizardry 8\Local Code\PC Item.cpp,405,fCHAR_OCCUPIED(uiChar),
0051bc2d,register-indirect,0051bc00,C:\Projects\Wizardry 8\Local Code\PC Item.cpp,404,gStatus.fGameStarted,
0051bc60,register-indirect,0051bc00,C:\Projects\Wizardry 8\Local Code\PC Item.cpp,405,fCHAR_OCCUPIED(uiChar),
0051c057,direct,0051c020,C:\Projects\Wizardry 8\Local Code\PC Item.cpp,564,uiItemNo < gXStatus.uiItemsInDatabase,
0051c1d6,direct,0051c020,C:\Projects\Wizardry 8\Local Code\PC Item.cpp,578,uiMAX_DICE(pMulti) < 256,
0051c22e,direct,0051c020,C:\Projects\Wizardry 8\Local Code\PC Item.cpp,599,FALSE,InitNewItem: ERROR - Invalid multi code
0051c922,register-indirect,0051c8f0,C:\Projects\Wizardry 8\Local Code\PC Item.cpp,1021,uiRangedItem < gXStatus.uiItemsInDatabase,
0051c94e,register-indirect,0051c8f0,C:\Projects\Wizardry 8\Local Code\PC Item.cpp,1022,uiOtherItem < gXStatus.uiItemsInDatabase,
0051ce03,register-indirect,,C:\Projects\Wizardry 8\Local Code\PC Item.cpp,1248,iChar != -1,
0051ce22,register-indirect,,C:\Projects\Wizardry 8\Local Code\PC Item.cpp,1249,uiSlot < SLOT_COUNT,
0051d715,direct,0051d610,C:\Projects\Wizardry 8\Local Code\PC Item.cpp,1844,uiSpell != SPELL_NONE,
0051d77a,direct,0051d610,C:\Projects\Wizardry 8\Local Code\PC Item.cpp,1832,uiSpell != SPELL_NONE,
0051d822,register-indirect,0051d800,C:\Projects\Wizardry 8\Local Code\PC Item.cpp,1897,pPC,
0051d83f,register-indirect,0051d800,C:\Projects\Wizardry 8\Local Code\PC Item.cpp,1898,pPCItem,
0051d85a,register-indirect,0051d800,C:\Projects\Wizardry 8\Local Code\PC Item.cpp,1899,pPCItem->iItemNo >= -1,
0051d87a,register-indirect,0051d800,C:\Projects\Wizardry 8\Local Code\PC Item.cpp,1900,pPCItem->iItemNo < (INT32) gXStatus.uiItemsInDatabase,
0051e1ba,register-indirect,0051dde0,C:\Projects\Wizardry 8\Local Code\PC Item.cpp,2205,pNPC,
0051e1d6,register-indirect,0051dde0,C:\Projects\Wizardry 8\Local Code\PC Item.cpp,2206,pNPC->ubNPCDBaseID == NPC_RFS81A,
0051e482,register-indirect,0051dde0,C:\Projects\Wizardry 8\Local Code\PC Item.cpp,2310,pItemDB->ubUseType < USE_TYPE_COUNT,
0051e717,direct,0051dde0,C:\Projects\Wizardry 8\Local Code\PC Item.cpp,2356,FALSE,
0051ebee,direct,0051eb90,C:\Projects\Wizardry 8\Local Code\PC Item.cpp,2642,pPCItem->iItemNo != -1,
0051f32f,register-indirect,0051f2f0,C:\Projects\Wizardry 8\Local Code\PC Item.cpp,2922,pMergePCItem->iItemNo != -1,
0051f357,register-indirect,0051f2f0,C:\Projects\Wizardry 8\Local Code\PC Item.cpp,2923,pIntoPCItem->iItemNo != -1,
0051f99c,direct,0051f900,C:\Projects\Wizardry 8\Local Code\PC Item.cpp,3371,FALSE,
0051fd4b,direct,0051fd20,C:\Projects\Wizardry 8\Local Code\PC Item.cpp,3516,(pPCItem1->iItemNo != -1) || (pPCItem2->iItemNo != -1),
0051fe67,register-indirect,0051fe30,C:\Projects\Wizardry 8\Local Code\PC Item.cpp,3558,pToPCItem != pFromPCItem,
0051fe87,register-indirect,0051fe30,C:\Projects\Wizardry 8\Local Code\PC Item.cpp,3560,pToPCItem->iItemNo == -1,
0051fea1,register-indirect,0051fe30,C:\Projects\Wizardry 8\Local Code\PC Item.cpp,3561,pFromPCItem->iItemNo != -1,
005201d3,register-indirect,005201b0,C:\Projects\Wizardry 8\Local Code\PC Item.cpp,3676,pPC != NULL,
005201f2,register-indirect,005201b0,C:\Projects\Wizardry 8\Local Code\PC Item.cpp,3677,uiSlot < SLOT_COUNT,
005205ca,direct,005205b0,C:\Projects\Wizardry 8\Local Code\PC Item.cpp,3795,gStatus.fGameStarted,
00520624,register-indirect,00520600,C:\Projects\Wizardry 8\Local Code\PC Item.cpp,3812,pPCItem1->iItemNo != BAD_INDEX,
00520643,register-indirect,00520600,C:\Projects\Wizardry 8\Local Code\PC Item.cpp,3813,pPCItem2->iItemNo != BAD_INDEX,
0052080e,register-indirect,005207e0,C:\Projects\Wizardry 8\Local Code\PC Item.cpp,4003,pPCItem->iItemNo != -1,
0052082e,register-indirect,005207e0,C:\Projects\Wizardry 8\Local Code\PC Item.cpp,4004,pPCItem->iItemNo < (INT32) gXStatus.uiItemsInDatabase,
005208a8,register-indirect,00520880,C:\Projects\Wizardry 8\Local Code\PC Item.cpp,4003,pPCItem->iItemNo != -1,
005208c8,register-indirect,00520880,C:\Projects\Wizardry 8\Local Code\PC Item.cpp,4004,pPCItem->iItemNo < (INT32) gXStatus.uiItemsInDatabase,
00520913,register-indirect,005208f0,C:\Projects\Wizardry 8\Local Code\PC Item.cpp,4014,pPCItem,
0052097b,register-indirect,005208f0,C:\Projects\Wizardry 8\Local Code\PC Item.cpp,2875,pPCItem,
00520a8c,direct,00520a70,C:\Projects\Wizardry 8\Local Code\PC Item.cpp,4113,pPCItem,
00520b9b,direct,00520b40,C:\Projects\Wizardry 8\Local Code\PC Item.cpp,2875,pPCItem,
005221a4,register-indirect,00522180,C:\Projects\Wizardry 8\Local Code\PC Item.cpp,5373,bSlotType >= 0,
005221bf,register-indirect,00522180,C:\Projects\Wizardry 8\Local Code\PC Item.cpp,5374,bSlotType < SLOT_TYPE_COUNT,
005221df,register-indirect,00522180,C:\Projects\Wizardry 8\Local Code\PC Item.cpp,5376,sSlotIndex >= 0,
00522212,register-indirect,00522180,C:\Projects\Wizardry 8\Local Code\PC Item.cpp,5389,sSlotIndex < MAX_PARTY_ITEM_SLOTS,
005222e9,direct,005222d0,C:\Projects\Wizardry 8\Local Code\PC Item.cpp,5403,pPCItem != NULL,
0052302c,direct,00522fe0,C:\Projects\Wizardry 8\Local Code\Conditions & Enchantments.cpp,42,fCHAR_OCCUPIED(uiChar),
00523054,direct,00522fe0,C:\Projects\Wizardry 8\Local Code\Conditions & Enchantments.cpp,45,(uiPoisonStrength == 0) || (uiCondition == COND_POISONED),
005233a4,register-indirect,00523330,C:\Projects\Wizardry 8\Local Code\Conditions & Enchantments.cpp,244,fCHAR_OCCUPIED(uiChar),
005233d2,register-indirect,00523330,C:\Projects\Wizardry 8\Local Code\Conditions & Enchantments.cpp,245,gStatus.Char[uiChar].uiCondition[uiCondition] > 0,
005236d5,register-indirect,005236a0,C:\Projects\Wizardry 8\Local Code\Conditions & Enchantments.cpp,344,fCHAR_OCCUPIED(uiSlot),
00523718,register-indirect,005236a0,C:\Projects\Wizardry 8\Local Code\Conditions & Enchantments.cpp,345,gStatus.Char[uiSlot].uiCondition[uiCondition] > 0,
0052381f,direct,005237e0,C:\Projects\Wizardry 8\Local Code\Conditions & Enchantments.cpp,387,fCHAR_OCCUPIED(uiChar),
00523c26,direct,00523c00,C:\Projects\Wizardry 8\Local Code\Conditions & Enchantments.cpp,544,(uiPoisonStrength == 0) || (uiCondition == COND_POISONED),
00523f8c,direct,00523f40,C:\Projects\Wizardry 8\Local Code\Conditions & Enchantments.cpp,728,pMonsterInfo->uiCondition[uiCondition] > 0,
0052415d,direct,00524110,C:\Projects\Wizardry 8\Local Code\Conditions & Enchantments.cpp,795,pMonsterInfo->uiCondition[uiCondition] > 0,
005247a4,register-indirect,00524780,C:\Projects\Wizardry 8\Local Code\Conditions & Enchantments.cpp,1095,uiChar < MAX_CHARS,
005247c3,register-indirect,00524780,C:\Projects\Wizardry 8\Local Code\Conditions & Enchantments.cpp,1096,uiDependence < DEPEND_COND_COUNT,
005247e2,register-indirect,00524780,C:\Projects\Wizardry 8\Local Code\Conditions & Enchantments.cpp,1097,iMonsterID != -1,
00527264,direct,00526e90,C:\Projects\Wizardry 8\Local Code\NPC Scripting.cpp,1974,pDoor,
0052a8db,direct,0052a890,C:\Projects\Wizardry 8\Local Code\Health Stamina Mana.cpp,403,fCHAR_OCCUPIED(uiChar),
0052ac38,direct,0052abf0,C:\Projects\Wizardry 8\Local Code\Health Stamina Mana.cpp,561,fCHAR_OCCUPIED(uiChar),
0052ae16,direct,0052add0,C:\Projects\Wizardry 8\Local Code\Health Stamina Mana.cpp,661,fCHAR_OCCUPIED(uiChar),
0052afeb,direct,0052af50,C:\Projects\Wizardry 8\Local Code\Health Stamina Mana.cpp,813,FALSE,FatigueCharacter: ERROR - Invalid load category
0052b4c6,direct,0052b480,C:\Projects\Wizardry 8\Local Code\Health Stamina Mana.cpp,1067,pPC->iSPLeft[uiRealm] >= (INT32) uiSPs,
0052b652,direct,0052b590,C:\Projects\Wizardry 8\Local Code\Health Stamina Mana.cpp,1067,pPC->iSPLeft[uiRealm] >= (INT32) uiSPs,
0052b77e,direct,0052b6d0,C:\Projects\Wizardry 8\Local Code\Health Stamina Mana.cpp,1067,pPC->iSPLeft[uiRealm] >= (INT32) uiSPs,
0052b825,direct,0052b7e0,C:\Projects\Wizardry 8\Local Code\Health Stamina Mana.cpp,1186,fCHAR_OCCUPIED(uiChar),
0052c2d4,direct,0052c240,C:\Projects\Wizardry 8\Local Code\Health Stamina Mana.cpp,1774,FALSE,
00530287,register-indirect,00530150,C:\Projects\Wizardry 8\Local Code\MonsterAI.cpp,1840,pMonsterGroup,
005305ba,direct,00530560,C:\Projects\Wizardry 8\Local Code\MonsterAI.cpp,1145,pMonsterInfo,
0053071a,direct,00530560,C:\Projects\Wizardry 8\Local Code\MonsterAI.cpp,389,FALSE,DoMonsterRTAI: ERROR - Invalid disposition
00530875,direct,00530560,C:\Projects\Wizardry 8\Local Code\MonsterAI.cpp,457,ubAIDecision != RT_AI_MODE_CHARGE_PARTY,
00530f4b,direct,00530f10,C:\Projects\Wizardry 8\Local Code\MonsterAI.cpp,1145,pMonsterInfo,
0053102c,direct,00530f10,C:\Projects\Wizardry 8\Local Code\MonsterAI.cpp,810,pMonsterInfo->ubDisposition != DISP_HOSTILE,
0053177c,direct,00531540,C:\Projects\Wizardry 8\Local Code\MonsterAI.cpp,1052,fSuccess,
00531950,register-indirect,00531920,C:\Projects\Wizardry 8\Local Code\MonsterAI.cpp,1178,pMonsterGroup,
00531973,register-indirect,00531920,C:\Projects\Wizardry 8\Local Code\MonsterAI.cpp,3199,pMonsterGroup,
00531c36,direct,00531c00,C:\Projects\Wizardry 8\Local Code\MonsterAI.cpp,1272,pMonsterInfo->fInCombat,
00531d6d,direct,00531ce0,C:\Projects\Wizardry 8\Local Code\MonsterAI.cpp,1385,pMonsterInfo->pCombat->plsCombatActionList != NULL,
00531ffc,direct,00531ce0,C:\Projects\Wizardry 8\Local Code\MonsterAI.cpp,1510,pTarget->iChar != BAD_INDEX,
00532041,direct,00531ce0,C:\Projects\Wizardry 8\Local Code\MonsterAI.cpp,1519,pTarget->iMonsterID != BAD_INDEX,
005324d3,direct,005324b0,C:\Projects\Wizardry 8\Local Code\MonsterAI.cpp,1840,pMonsterGroup,
005332dc,direct,00533260,C:\Projects\Wizardry 8\Local Code\MonsterAI.cpp,2563,uiCastableSpellCnt > 0,
0053439b,direct,00534300,C:\Projects\Wizardry 8\Local Code\MonsterAI.cpp,3078,pMonsterGroup,
00534486,direct,00534300,C:\Projects\Wizardry 8\Local Code\MonsterAI.cpp,1840,pMonsterGroup,
00534585,direct,00534300,C:\Projects\Wizardry 8\Local Code\MonsterAI.cpp,3078,pMonsterGroup,
005347bc,direct,005347a0,C:\Projects\Wizardry 8\Local Code\MonsterAI.cpp,3199,pMonsterGroup,
00534df7,direct,00534dd0,C:\Projects\Wizardry 8\Local Code\MonsterAI.cpp,3524,pTargetMonsterGroup,
0053565d,direct,005355d0,C:\Projects\Wizardry 8\Local Code\MonsterAI.cpp,3199,pMonsterGroup,
00535715,direct,005355d0,C:\Projects\Wizardry 8\Local Code\MonsterAI.cpp,1840,pMonsterGroup,
00535af1,register-indirect,00535ad0,C:\Projects\Wizardry 8\Local Code\Factions.cpp,175,bFaction >= 0,
00535b0c,register-indirect,00535ad0,C:\Projects\Wizardry 8\Local Code\Factions.cpp,176,bFaction < FACTION_COUNT,
00535b64,register-indirect,00535b40,C:\Projects\Wizardry 8\Local Code\Factions.cpp,175,bFaction >= 0,
00535b7f,register-indirect,00535b40,C:\Projects\Wizardry 8\Local Code\Factions.cpp,176,bFaction < FACTION_COUNT,
00535c7a,register-indirect,00535c50,C:\Projects\Wizardry 8\Local Code\Factions.cpp,175,bFaction >= 0,
00535c95,register-indirect,00535c50,C:\Projects\Wizardry 8\Local Code\Factions.cpp,176,bFaction < FACTION_COUNT,
00535db9,register-indirect,00535d50,C:\Projects\Wizardry 8\Local Code\Factions.cpp,175,bFaction >= 0,
00535dd4,register-indirect,00535d50,C:\Projects\Wizardry 8\Local Code\Factions.cpp,176,bFaction < FACTION_COUNT,
00535edd,register-indirect,00535ea0,C:\Projects\Wizardry 8\Local Code\Factions.cpp,175,bFaction >= 0,
00535efc,register-indirect,00535ea0,C:\Projects\Wizardry 8\Local Code\Factions.cpp,176,bFaction < FACTION_COUNT,
00535f60,register-indirect,00535ea0,C:\Projects\Wizardry 8\Local Code\Factions.cpp,175,bFaction >= 0,
00535f7f,register-indirect,00535ea0,C:\Projects\Wizardry 8\Local Code\Factions.cpp,176,bFaction < FACTION_COUNT,
005361c6,direct,00536190,C:\Projects\Wizardry 8\Local Code\Targeting.cpp,108,pTarget->iChar != BAD_INDEX,
00536230,direct,00536190,C:\Projects\Wizardry 8\Local Code\Targeting.cpp,117,pTarget->iChar != BAD_INDEX,
005362ab,register-indirect,00536190,C:\Projects\Wizardry 8\Local Code\Targeting.cpp,126,pTarget->iMonsterID != BAD_INDEX,
0053633c,register-indirect,00536190,C:\Projects\Wizardry 8\Local Code\Targeting.cpp,153,pTarget->iGroupID != BAD_INDEX,
005363b7,direct,00536190,C:\Projects\Wizardry 8\Local Code\Targeting.cpp,180,pTarget->pPCItem != NULL,
005366b2,register-indirect,00536570,C:\Projects\Wizardry 8\Local Code\Targeting.cpp,3163,FALSE,
005366f3,register-indirect,00536570,C:\Projects\Wizardry 8\Local Code\Targeting.cpp,252,pTarget,
00536be1,direct,00536ad0,C:\Projects\Wizardry 8\Local Code\Targeting.cpp,3163,FALSE,
00536e6b,direct,00536d60,C:\Projects\Wizardry 8\Local Code\Targeting.cpp,3273,pSource != NULL,
00537037,direct,00536f60,C:\Projects\Wizardry 8\Local Code\Targeting.cpp,3163,FALSE,
00537433,direct,00537380,C:\Projects\Wizardry 8\Local Code\Targeting.cpp,3163,FALSE,
005377ad,register-indirect,00537780,C:\Projects\Wizardry 8\Local Code\Targeting.cpp,3299,pSource->iChar != BAD_INDEX,
005377f1,register-indirect,00537780,C:\Projects\Wizardry 8\Local Code\Targeting.cpp,3320,pSource->iMonsterID != BAD_INDEX,
0053780c,register-indirect,00537780,C:\Projects\Wizardry 8\Local Code\Targeting.cpp,835,pSource->iMonsterID != -1,
005378ae,register-indirect,00537780,C:\Projects\Wizardry 8\Local Code\Targeting.cpp,3299,pSource->iChar != BAD_INDEX,
005378d8,register-indirect,00537780,C:\Projects\Wizardry 8\Local Code\Targeting.cpp,3320,pSource->iMonsterID != BAD_INDEX,
00537936,direct,00537780,C:\Projects\Wizardry 8\Local Code\Targeting.cpp,843,FALSE,
00537cd3,direct,00537b00,C:\Projects\Wizardry 8\Local Code\Targeting.cpp,3273,pSource != NULL,
00537e59,direct,00537d20,C:\Projects\Wizardry 8\Local Code\Targeting.cpp,3273,pSource != NULL,
00538014,direct,00537ed0,C:\Projects\Wizardry 8\Local Code\Targeting.cpp,3273,pSource != NULL,
0053842f,direct,005383e0,C:\Projects\Wizardry 8\Local Code\Targeting.cpp,1177,pSortBuffer != NULL,
005388eb,direct,005387f0,C:\Projects\Wizardry 8\Local Code\Targeting.cpp,3163,FALSE,
00538c97,direct,00538c00,C:\Projects\Wizardry 8\Local Code\Targeting.cpp,1888,pMonster,
00538ead,direct,00538e00,C:\Projects\Wizardry 8\Local Code\Targeting.cpp,3273,pSource != NULL,
0053903b,direct,00538e00,C:\Projects\Wizardry 8\Local Code\Targeting.cpp,3285,pSource != NULL,
00539301,direct,005392e0,C:\Projects\Wizardry 8\Local Code\Targeting.cpp,1765,uiGroupID != BAD_INDEX,
00539672,direct,00539630,C:\Projects\Wizardry 8\Local Code\Targeting.cpp,1888,pMonster,
0053988c,direct,00539870,C:\Projects\Wizardry 8\Local Code\Targeting.cpp,2040,pMonsterInfo,
0053996e,direct,005398d0,C:\Projects\Wizardry 8\Local Code\Targeting.cpp,2040,pMonsterInfo,
00539a57,direct,00539a30,C:\Projects\Wizardry 8\Local Code\Targeting.cpp,3299,pSource->iChar != BAD_INDEX,
00539aa0,register-indirect,00539a30,C:\Projects\Wizardry 8\Local Code\Targeting.cpp,3320,pSource->iMonsterID != BAD_INDEX,
00539abc,register-indirect,00539a30,C:\Projects\Wizardry 8\Local Code\Targeting.cpp,2124,pSource->iMonsterID != -1,
00539b20,direct,00539a30,C:\Projects\Wizardry 8\Local Code\Targeting.cpp,2132,pSource->iType == SOURCE_TYPE_3D_POINT,
0053a5aa,direct,0053a440,C:\Projects\Wizardry 8\Local Code\Targeting.cpp,3273,pSource != NULL,
0053a9fe,direct,0053a930,C:\Projects\Wizardry 8\Local Code\Targeting.cpp,3273,pSource != NULL,
0053ab62,direct,0053a930,C:\Projects\Wizardry 8\Local Code\Targeting.cpp,1888,pMonster,
0053ace1,direct,0053ac30,C:\Projects\Wizardry 8\Local Code\Targeting.cpp,1888,pMonster,
0053adac,direct,0053ac30,C:\Projects\Wizardry 8\Local Code\Targeting.cpp,1888,pMonster,
0053b53e,direct,0053b480,C:\Projects\Wizardry 8\Local Code\Targeting.cpp,3273,pSource != NULL,
0053b741,direct,0053b660,C:\Projects\Wizardry 8\Local Code\Targeting.cpp,3273,pSource != NULL,
0053b8e5,direct,0053b7f0,C:\Projects\Wizardry 8\Local Code\Targeting.cpp,3119,FALSE,
0053b9ed,direct,0053b920,C:\Projects\Wizardry 8\Local Code\Targeting.cpp,3163,FALSE,
0053bb6a,direct,0053ba20,C:\Projects\Wizardry 8\Local Code\Targeting.cpp,3163,FALSE,
0053bbb6,direct,0053ba20,C:\Projects\Wizardry 8\Local Code\Targeting.cpp,3207,FALSE,
0053bdc7,direct,0053bc90,C:\Projects\Wizardry 8\Local Code\Targeting.cpp,3163,FALSE,
0053be1a,direct,0053be00,C:\Projects\Wizardry 8\Local Code\Targeting.cpp,3273,pSource != NULL,
0053be6a,direct,0053be50,C:\Projects\Wizardry 8\Local Code\Targeting.cpp,3285,pSource != NULL,
0053bec2,direct,0053bea0,C:\Projects\Wizardry 8\Local Code\Targeting.cpp,3299,pSource->iChar != BAD_INDEX,
0053beff,direct,0053bea0,C:\Projects\Wizardry 8\Local Code\Targeting.cpp,3307,pSource->fBackfire || pSource->fReflection,
0053bf32,direct,0053bf10,C:\Projects\Wizardry 8\Local Code\Targeting.cpp,3320,pSource->iMonsterID != BAD_INDEX,
0053bf6f,direct,0053bf10,C:\Projects\Wizardry 8\Local Code\Targeting.cpp,3328,pSource->fBackfire || pSource->fReflection,
0053c342,direct,0053c320,C:\Projects\Wizardry 8\Local Code\Targeting.cpp,3299,pSource->iChar != BAD_INDEX,
0053c37a,direct,0053c320,C:\Projects\Wizardry 8\Local Code\Targeting.cpp,3307,pSource->fBackfire || pSource->fReflection,
0053c3a1,direct,0053c320,C:\Projects\Wizardry 8\Local Code\Targeting.cpp,3320,pSource->iMonsterID != BAD_INDEX,
0053c3d6,direct,0053c320,C:\Projects\Wizardry 8\Local Code\Targeting.cpp,3328,pSource->fBackfire || pSource->fReflection,
0053c412,direct,0053c3f0,C:\Projects\Wizardry 8\Local Code\Targeting.cpp,3299,pSource->iChar != BAD_INDEX,
0053c448,direct,0053c3f0,C:\Projects\Wizardry 8\Local Code\Targeting.cpp,3307,pSource->fBackfire || pSource->fReflection,
0053c4c9,register-indirect,0053c490,C:\Projects\Wizardry 8\Local Code\Targeting.cpp,3299,pSource->iChar != BAD_INDEX,
0053c51a,register-indirect,0053c490,C:\Projects\Wizardry 8\Local Code\Targeting.cpp,3320,pSource->iMonsterID != BAD_INDEX,
0053c619,direct,0053c490,C:\Projects\Wizardry 8\Local Code\Targeting.cpp,3577,FALSE,
0053c885,direct,0053c720,C:\Projects\Wizardry 8\Local Code\Targeting.cpp,3756,pMonsterInfo->uiHPMax > 0,
0053cc1c,direct,0053c990,C:\Projects\Wizardry 8\Local Code\Targeting.cpp,3163,FALSE,
0053cc76,direct,0053c990,C:\Projects\Wizardry 8\Local Code\Targeting.cpp,3207,FALSE,
0053d153,direct,0053d010,C:\Projects\Wizardry 8\Local Code\Targeting.cpp,3273,pSource != NULL,
0053d2b8,direct,0053d2a0,C:\Projects\Wizardry 8\Local Code\Combat Attack.cpp,102,uiHand < HAND_COUNT,
0053d346,register-indirect,0053d310,C:\Projects\Wizardry 8\Local Code\Combat Attack.cpp,102,uiHand < HAND_COUNT,
0053d3d9,direct,0053d390,C:\Projects\Wizardry 8\Local Code\Combat Attack.cpp,102,uiHand < HAND_COUNT,
0053d4cb,direct,0053d4b0,C:\Projects\Wizardry 8\Local Code\Combat Attack.cpp,235,uiAttack < MAX_MONSTER_ATTACKS,
0053d6cb,direct,0053d680,C:\Projects\Wizardry 8\Local Code\Combat Attack.cpp,102,uiHand < HAND_COUNT,
0053d78d,direct,0053d680,C:\Projects\Wizardry 8\Local Code\Combat Attack.cpp,102,uiHand < HAND_COUNT,
0053d809,direct,0053d7f0,C:\Projects\Wizardry 8\Local Code\Combat Attack.cpp,102,uiHand < HAND_COUNT,
0053d88d,direct,0053d870,C:\Projects\Wizardry 8\Local Code\Combat Attack.cpp,436,uiChar < MAX_CHARS,
0053d8fb,direct,0053d870,C:\Projects\Wizardry 8\Local Code\Combat Attack.cpp,102,uiHand < HAND_COUNT,
0053df17,direct,0053d870,C:\Projects\Wizardry 8\Local Code\Combat Attack.cpp,640,CHAR_CURRENT_TARGET(uiChar).iType == TARGET_TYPE_CHAR,
0053df3d,direct,0053d870,C:\Projects\Wizardry 8\Local Code\Combat Attack.cpp,641,CHAR_CURRENT_TARGET(uiChar).iChar != BAD_INDEX,
0053e00a,direct,0053d870,C:\Projects\Wizardry 8\Local Code\Combat Attack.cpp,671,pPC->Hand[uiHand].uiHolds != HOLDS_NOTHING,
0053e554,direct,0053e250,C:\Projects\Wizardry 8\Local Code\Combat Attack.cpp,857,plsFumbleTargetList != NULL,
0053e5dc,direct,0053e250,C:\Projects\Wizardry 8\Local Code\Combat Attack.cpp,4560,uiNumTargets > 0,
0053e6f0,direct,0053e250,C:\Projects\Wizardry 8\Local Code\Combat Attack.cpp,4734,uiChoices > 0,
0053e71f,direct,0053e250,C:\Projects\Wizardry 8\Local Code\Combat Attack.cpp,4738,pListElement != NULL,
0053f865,direct,0053e250,C:\Projects\Wizardry 8\Local Code\Combat Attack.cpp,1553,pCmbt->uiSwingsRemaining > 0,
0053f8bf,direct,0053e250,C:\Projects\Wizardry 8\Local Code\Combat Attack.cpp,102,uiHand < HAND_COUNT,
0053fec3,register-indirect,0053fea0,C:\Projects\Wizardry 8\Local Code\Combat Attack.cpp,1780,pMonsterInfo != NULL,
0053fee0,register-indirect,0053fea0,C:\Projects\Wizardry 8\Local Code\Combat Attack.cpp,1781,pMonsterDB != NULL,
0053fefc,register-indirect,0053fea0,C:\Projects\Wizardry 8\Local Code\Combat Attack.cpp,1784,pCmbt != NULL,
00540118,direct,0053ffe0,C:\Projects\Wizardry 8\Local Code\Combat Attack.cpp,1864,FALSE,
0054038e,direct,00540170,C:\Projects\Wizardry 8\Local Code\Combat Attack.cpp,2012,plsFumbleTargetList != NULL,
0054041a,direct,00540170,C:\Projects\Wizardry 8\Local Code\Combat Attack.cpp,4560,uiNumTargets > 0,
005404d6,direct,00540170,C:\Projects\Wizardry 8\Local Code\Combat Attack.cpp,4734,uiChoices > 0,
00540505,direct,00540170,C:\Projects\Wizardry 8\Local Code\Combat Attack.cpp,4738,pListElement != NULL,
005405de,direct,00540170,C:\Projects\Wizardry 8\Local Code\Combat Attack.cpp,2059,pMonsterInfo->fMissileReleased,
0054103c,direct,00540170,C:\Projects\Wizardry 8\Local Code\Combat Attack.cpp,2384,pCmbt->uiSwingsRemaining > 0,
00541998,direct,00541630,C:\Projects\Wizardry 8\Local Code\Combat Attack.cpp,2769,pMonsterInfo->Target.iType == TARGET_TYPE_MONSTER,
00541b01,direct,00541630,C:\Projects\Wizardry 8\Local Code\Combat Attack.cpp,2813,pAttack->ubWeaponNameIndex != MON_WEAPON_NAME_UNARMED,
00542111,direct,005420b0,C:\Projects\Wizardry 8\Local Code\Combat Attack.cpp,3056,gpCombat->TargetHit.iMonsterID != BAD_INDEX,
0054219c,direct,005420b0,C:\Projects\Wizardry 8\Local Code\Combat Attack.cpp,3071,gpCombat->TargetHit.iChar != BAD_INDEX,
005423ca,direct,005420b0,C:\Projects\Wizardry 8\Local Code\Combat Attack.cpp,3164,pPC->Hand[uiHand].uiHolds != HOLDS_NOTHING,
00542468,direct,005420b0,C:\Projects\Wizardry 8\Local Code\Combat Attack.cpp,3152,pPC->Hand[uiHand].uiHolds == HOLDS_NOTHING,
00542518,direct,005420b0,C:\Projects\Wizardry 8\Local Code\Combat Attack.cpp,3157,pPC->Hand[uiHand].uiHolds == HOLDS_NOTHING,
005429a1,direct,00542960,C:\Projects\Wizardry 8\Local Code\Combat Attack.cpp,3387,gpCombat->TargetHit.iChar != BAD_INDEX,
00542a54,direct,00542960,C:\Projects\Wizardry 8\Local Code\Combat Attack.cpp,3400,gpCombat->TargetHit.iMonsterID != BAD_INDEX,
00542d0a,register-indirect,00542ca0,C:\Projects\Wizardry 8\Local Code\Combat Attack.cpp,3505,pPC->EquippedItem[uiWeaponSlot].iItemNo != -1,
00542d4d,register-indirect,00542ca0,C:\Projects\Wizardry 8\Local Code\Combat Attack.cpp,3510,fsAttackModes > 0,
00542d68,register-indirect,00542ca0,C:\Projects\Wizardry 8\Local Code\Combat Attack.cpp,3557,fsAttackModes != 0,
00542dcd,direct,00542db0,C:\Projects\Wizardry 8\Local Code\Combat Attack.cpp,3557,fsAttackModes != 0,
00542e8a,direct,00542e10,C:\Projects\Wizardry 8\Local Code\Combat Attack.cpp,3663,FALSE,AttackModeMod: ERROR - Invalid attack mode
00542f91,direct,00542ee0,C:\Projects\Wizardry 8\Local Code\Combat Attack.cpp,3784,FALSE,
00543097,direct,00542fc0,C:\Projects\Wizardry 8\Local Code\Combat Attack.cpp,3834,FALSE,
0054324e,direct,00543110,C:\Projects\Wizardry 8\Local Code\Combat Attack.cpp,4006,FALSE,BlockedForSpecialReason: Unknown target type
0054331b,register-indirect,00543270,C:\Projects\Wizardry 8\Local Code\Combat Attack.cpp,4117,pTarget->iChar != BAD_INDEX,
00543349,register-indirect,00543270,C:\Projects\Wizardry 8\Local Code\Combat Attack.cpp,4118,fCHAR_OCCUPIED(pTarget->iChar),
0054339b,register-indirect,00543270,C:\Projects\Wizardry 8\Local Code\Combat Attack.cpp,4124,pTarget->iType == TARGET_TYPE_MONSTER,
005433b7,register-indirect,00543270,C:\Projects\Wizardry 8\Local Code\Combat Attack.cpp,4125,pTarget->iMonsterID != BAD_INDEX,
00543e31,register-indirect,00543dc0,C:\Projects\Wizardry 8\Local Code\Combat Attack.cpp,4706,pTarget,
00543eae,register-indirect,00543dc0,C:\Projects\Wizardry 8\Local Code\Combat Attack.cpp,4706,pTarget,
00543ee7,register-indirect,00543dc0,C:\Projects\Wizardry 8\Local Code\Combat Attack.cpp,4723,iListIndex != BAD_INDEX,
00543fb0,register-indirect,00543dc0,C:\Projects\Wizardry 8\Local Code\Combat Attack.cpp,4706,pTarget,
005440a6,register-indirect,00544010,C:\Projects\Wizardry 8\Local Code\Combat Attack.cpp,4706,pTarget,
005440df,register-indirect,00544010,C:\Projects\Wizardry 8\Local Code\Combat Attack.cpp,4723,iListIndex != BAD_INDEX,
00544173,register-indirect,00544010,C:\Projects\Wizardry 8\Local Code\Combat Attack.cpp,4706,pTarget,
005441ef,register-indirect,00544010,C:\Projects\Wizardry 8\Local Code\Combat Attack.cpp,4706,pTarget,
0054437b,direct,00544250,C:\Projects\Wizardry 8\Local Code\Combat Attack.cpp,4775,SourceIsMonster(pSource),
0054476c,direct,00544630,C:\Projects\Wizardry 8\Local Code\Combat Attack.cpp,4952,FALSE,FireMissileSourceToTarget: Unknown target type
005448ad,direct,00544630,C:\Projects\Wizardry 8\Local Code\Combat Attack.cpp,4998,pSource->iMonsterID != -1,
00544ab7,direct,00544630,C:\Projects\Wizardry 8\Local Code\Combat Attack.cpp,5097,pMissileFired,
00544b40,direct,00544630,C:\Projects\Wizardry 8\Local Code\Combat Attack.cpp,5050,FALSE,
005458f4,register-indirect,005458a0,C:\Projects\Wizardry 8\Local Code\Combat Attack.cpp,102,uiHand < HAND_COUNT,
00545a70,direct,00545a00,C:\Projects\Wizardry 8\Local Code\Combat Attack.cpp,5788,FALSE,
0054623d,direct,00545e50,C:\Projects\Wizardry 8\Local Code\Combat Attack.cpp,6170,FALSE,
0054639a,direct,00545e50,C:\Projects\Wizardry 8\Local Code\Combat Attack.cpp,6191,FALSE,
005464d3,direct,00545e50,C:\Projects\Wizardry 8\Local Code\Combat Attack.cpp,6205,FALSE,
005466ff,direct,00545e50,C:\Projects\Wizardry 8\Local Code\Combat Attack.cpp,6268,uiSuccessfulCnt > 0,
00546a5d,direct,005468d0,C:\Projects\Wizardry 8\Local Code\Combat Attack.cpp,6546,FALSE,
00546b63,register-indirect,00546b40,C:\Projects\Wizardry 8\Local Code\Combat Attack.cpp,6637,pTarget != NULL,
00546f61,direct,00546f10,C:\Projects\Wizardry 8\Local Code\Combat Hostility.cpp,105,FALSE,MonsterVsCharDisposition: ERROR - Invalid attack mode
0054734f,direct,00547310,C:\Projects\Wizardry 8\Local Code\Combat Hostility.cpp,450,iType < SPELL_COUNT,
005473e7,direct,00547310,C:\Projects\Wizardry 8\Local Code\Combat Hostility.cpp,450,iType < SPELL_COUNT,
00547475,direct,00547440,C:\Projects\Wizardry 8\Local Code\Combat Hostility.cpp,450,iType < SPELL_COUNT,
005474d1,direct,005474b0,C:\Projects\Wizardry 8\Local Code\Combat Hostility.cpp,450,iType < SPELL_COUNT,
00548fa7,direct,00548f90,C:\Projects\Wizardry 8\Local Code\VideoObjectManager.cpp,45,VideoObjectsInitialized(),
0054900a,direct,00548f90,C:\Projects\Wizardry 8\Local Code\VideoObjectManager.cpp,221,VideoObjectsInitialized(),
00549080,direct,00548f90,C:\Projects\Wizardry 8\Local Code\VideoObjectManager.cpp,62,fReturnCode,
005490b6,register-indirect,00549090,C:\Projects\Wizardry 8\Local Code\VideoObjectManager.cpp,76,VideoObjectsInitialized(),
005490d5,register-indirect,00549090,C:\Projects\Wizardry 8\Local Code\VideoObjectManager.cpp,212,VideoObjectsInitialized(),
00549129,register-indirect,00549090,C:\Projects\Wizardry 8\Local Code\VideoObjectManager.cpp,221,VideoObjectsInitialized(),
005491e8,register-indirect,00549090,C:\Projects\Wizardry 8\Local Code\VideoObjectManager.cpp,221,VideoObjectsInitialized(),
00549228,register-indirect,00549090,C:\Projects\Wizardry 8\Local Code\VideoObjectManager.cpp,104,fReturnCode,
00549272,register-indirect,00549250,C:\Projects\Wizardry 8\Local Code\VideoObjectManager.cpp,156,VideoObjectsInitialized(),
005492b4,register-indirect,00549250,C:\Projects\Wizardry 8\Local Code\VideoObjectManager.cpp,133,fReturnCode,
00549302,register-indirect,005492e0,C:\Projects\Wizardry 8\Local Code\VideoObjectManager.cpp,175,VideoObjectsInitialized(),
005493aa,direct,00549390,C:\Projects\Wizardry 8\Local Code\VideoObjectManager.cpp,230,VideoObjectsInitialized(),
005493fa,direct,005493e0,C:\Projects\Wizardry 8\Local Code\VideoObjectManager.cpp,242,VideoObjectsInitialized(),
00549444,register-indirect,00549420,C:\Projects\Wizardry 8\Local Code\VideoObjectManager.cpp,253,VideoObjectsInitialized(),
00549475,register-indirect,00549420,C:\Projects\Wizardry 8\Local Code\VideoObjectManager.cpp,221,VideoObjectsInitialized(),
005494bf,register-indirect,00549420,C:\Projects\Wizardry 8\Local Code\VideoObjectManager.cpp,242,VideoObjectsInitialized(),
00549557,direct,005494f0,C:\Projects\Wizardry 8\Local Code\VideoObjectManager.cpp,221,VideoObjectsInitialized(),
005496ba,direct,00549660,C:\Projects\Wizardry 8\Local Code\VideoObjectManager.cpp,221,VideoObjectsInitialized(),
0054975a,direct,00549700,C:\Projects\Wizardry 8\Local Code\VideoObjectManager.cpp,221,VideoObjectsInitialized(),
0054980f,direct,005497c0,C:\Projects\Wizardry 8\Local Code\VideoObjectManager.cpp,413,VideoObjectsInitialized(),
005498c4,register-indirect,005498a0,C:\Projects\Wizardry 8\Local Code\VideoObjectManager.cpp,441,VideoObjectsInitialized(),
0054990b,register-indirect,005498a0,C:\Projects\Wizardry 8\Local Code\VideoObjectManager.cpp,221,VideoObjectsInitialized(),
00549995,direct,00549950,C:\Projects\Wizardry 8\Local Code\VideoObjectManager.cpp,221,VideoObjectsInitialized(),
00549a64,direct,005499d0,C:\Projects\Wizardry 8\Local Code\Combat Sound.cpp,104,FileExists(zSoundFileName),
00549cae,register-indirect,00549b00,C:\Projects\Wizardry 8\Local Code\Combat Sound.cpp,227,(iRow == WPNSND_NUM_WEAPONS),Error reading the Attack Sounds portion of HitSounds.txt!
00549da4,register-indirect,00549b00,C:\Projects\Wizardry 8\Local Code\Combat Sound.cpp,254,(iRow >= 0) && (iRow < WPNSND_NUM_IMPACTS),"Error in HITSOUNDS.TXT file, bad row counter value"
00549dc6,register-indirect,00549b00,C:\Projects\Wizardry 8\Local Code\Combat Sound.cpp,255,(iColumn >= 0) && (iColumn < MATSND_NUM_SOUNDS),"Error in HITSOUNDS.TXT file, bad column counter value"
0054a00c,direct,00549f50,C:\Projects\Wizardry 8\Local Code\Combat Sound.cpp,168,FALSE,PCItemInACSlot: ERROR - Invalid AC location
0054a076,direct,00549f50,C:\Projects\Wizardry 8\Local Code\Combat Sound.cpp,415,FALSE,MakePCHitSound : Unknown target type
0054a175,direct,0054a0e0,C:\Projects\Wizardry 8\Local Code\Combat Sound.cpp,168,FALSE,PCItemInACSlot: ERROR - Invalid AC location
0054a1e0,direct,0054a0e0,C:\Projects\Wizardry 8\Local Code\Combat Sound.cpp,465,FALSE,MakePCHitSound : Unknown target type
0054a2fb,direct,0054a270,C:\Projects\Wizardry 8\Local Code\Combat Sound.cpp,168,FALSE,PCItemInACSlot: ERROR - Invalid AC location
0054a366,direct,0054a270,C:\Projects\Wizardry 8\Local Code\Combat Sound.cpp,504,FALSE,MakePCHitSound : Unknown target type
0054a8c3,direct,0054a8a0,C:\Projects\Wizardry 8\Local Code\GameplayDatabase.cpp,320,uiMonsterIndex < gXStatus.uiMonstersInDatabase,
0054a9ca,register-indirect,0054a9a0,C:\Projects\Wizardry 8\Local Code\GameplayDatabase.cpp,378,uiEndIndex < gXStatus.uiMonstersInDatabase,
0054a9e8,register-indirect,0054a9a0,C:\Projects\Wizardry 8\Local Code\GameplayDatabase.cpp,379,uiStartIndex <= uiEndIndex,
0054b95c,direct,0054b810,C:\Projects\Wizardry 8\Local Code\Configuration.cpp,217,FALSE,
0054bb51,direct,0054ba00,C:\Projects\Wizardry 8\Local Code\Magic Effects.cpp,3339,FALSE,
0054c067,direct,0054ba00,C:\Projects\Wizardry 8\Local Code\Magic Effects.cpp,450,SourceIsCharacter(&(pQueue->Source)),
0054c11c,register-indirect,0054ba00,C:\Projects\Wizardry 8\Local Code\Magic Effects.cpp,2186,iChar != -1,
0054c1db,direct,0054ba00,C:\Projects\Wizardry 8\Local Code\Magic Effects.cpp,2671,SourceIsCharacter(&(pQueue->Source)),
0054ca86,register-indirect,0054c930,C:\Projects\Wizardry 8\Local Code\Magic Effects.cpp,700,pMonsterInfo,
0054cc8b,direct,0054cbf0,C:\Projects\Wizardry 8\Local Code\Magic Effects.cpp,793,fFound,
0054cd4b,direct,0054cbf0,C:\Projects\Wizardry 8\Local Code\Magic Effects.cpp,782,pMonsterInfo,
0054ce04,direct,0054cdd0,C:\Projects\Wizardry 8\Local Code\Magic Effects.cpp,809,gXStatus.fCombatMode,
0054ceb7,direct,0054cdd0,C:\Projects\Wizardry 8\Local Code\Magic Effects.cpp,863,fFound,
0054cfa8,direct,0054cdd0,C:\Projects\Wizardry 8\Local Code\Magic Effects.cpp,835,pMonsterInfo,
0054d122,direct,0054d100,C:\Projects\Wizardry 8\Local Code\Magic Effects.cpp,900,gXStatus.fCombatMode,
0054d28e,direct,0054d100,C:\Projects\Wizardry 8\Local Code\Magic Effects.cpp,936,pMonsterInfo,
0054d3ac,direct,0054d380,C:\Projects\Wizardry 8\Local Code\Magic Effects.cpp,965,gXStatus.fCombatMode,
0054d446,direct,0054d380,C:\Projects\Wizardry 8\Local Code\Magic Effects.cpp,1009,fFound,
0054d4fc,direct,0054d380,C:\Projects\Wizardry 8\Local Code\Magic Effects.cpp,985,pMonsterInfo,
0054d68f,direct,0054d5c0,C:\Projects\Wizardry 8\Local Code\Magic Effects.cpp,1036,iChar != -1,
0054d8cb,direct,0054d5c0,C:\Projects\Wizardry 8\Local Code\Magic Effects.cpp,1086,pMonsterInfo,
0054dcbb,direct,0054dbe0,C:\Projects\Wizardry 8\Local Code\Magic Effects.cpp,1215,iChar != -1,
0054de37,direct,0054dbe0,C:\Projects\Wizardry 8\Local Code\Magic Effects.cpp,1241,pMonsterInfo,
0054df86,direct,0054df00,C:\Projects\Wizardry 8\Local Code\Magic Effects.cpp,1281,iChar != -1,
0054e1f4,direct,0054df00,C:\Projects\Wizardry 8\Local Code\Magic Effects.cpp,1369,pMonsterInfo,
0054e497,direct,0054e3f0,C:\Projects\Wizardry 8\Local Code\Magic Effects.cpp,1458,iChar != -1,
0054e588,direct,0054e3f0,C:\Projects\Wizardry 8\Local Code\Magic Effects.cpp,1481,pMonsterInfo,
0054e688,direct,0054e610,C:\Projects\Wizardry 8\Local Code\Magic Effects.cpp,1518,(pQueue->Target.iType == TARGET_TYPE_CHAR),
0054e9d9,direct,0054e950,C:\Projects\Wizardry 8\Local Code\Magic Effects.cpp,1684,iChar != -1,
0054eb3c,direct,0054e950,C:\Projects\Wizardry 8\Local Code\Magic Effects.cpp,1709,pMonsterInfo,
0054ed0d,direct,0054ec80,C:\Projects\Wizardry 8\Local Code\Magic Effects.cpp,1768,iChar != -1,
0054ee9f,direct,0054ec80,C:\Projects\Wizardry 8\Local Code\Magic Effects.cpp,1797,pMonsterInfo,
0054f131,direct,0054ec80,C:\Projects\Wizardry 8\Local Code\Magic Effects.cpp,1849,pMonsterInfo,
0054f206,direct,0054f190,C:\Projects\Wizardry 8\Local Code\Magic Effects.cpp,1886,iChar != -1,
0054f33b,direct,0054f190,C:\Projects\Wizardry 8\Local Code\Magic Effects.cpp,1918,pMonsterInfo,
0054f588,direct,0054f520,C:\Projects\Wizardry 8\Local Code\Magic Effects.cpp,2017,iChar != -1,
0054f6d1,direct,0054f520,C:\Projects\Wizardry 8\Local Code\Magic Effects.cpp,2049,pMonsterInfo,
0054f903,register-indirect,0054f8c0,C:\Projects\Wizardry 8\Local Code\Magic Effects.cpp,2147,iChar != -1,
0054f9c7,register-indirect,0054f8c0,C:\Projects\Wizardry 8\Local Code\Magic Effects.cpp,2162,pMonsterInfo,
0054fb1d,direct,0054fa30,C:\Projects\Wizardry 8\Local Code\Magic Effects.cpp,2250,iChar != -1,
0054fd6b,direct,0054fa30,C:\Projects\Wizardry 8\Local Code\Magic Effects.cpp,2312,pMonsterInfo,
0055031c,direct,005500c0,C:\Projects\Wizardry 8\Local Code\Magic Effects.cpp,2572,pGroup,
005503f5,direct,005500c0,C:\Projects\Wizardry 8\Local Code\Magic Effects.cpp,4060,pMonsterInfo,
0055046a,direct,005500c0,C:\Projects\Wizardry 8\Local Code\Magic Effects.cpp,4060,pMonsterInfo,
00550729,direct,005500c0,C:\Projects\Wizardry 8\Local Code\Magic Effects.cpp,3339,FALSE,
005507fc,direct,005507d0,C:\Projects\Wizardry 8\Local Code\Magic Effects.cpp,2685,SourceIsCharacter(&(pQueue->Source)),
0055092e,register-indirect,005508e0,C:\Projects\Wizardry 8\Local Code\Magic Effects.cpp,2729,SourceIsCharacter(&(pQueue->Source)),
00550955,register-indirect,005508e0,C:\Projects\Wizardry 8\Local Code\Magic Effects.cpp,2730,pQueue->Target.iType == TARGET_TYPE_MONSTER,
00550a30,register-indirect,00550a00,C:\Projects\Wizardry 8\Local Code\Magic Effects.cpp,2766,pQueue->Target.iType == TARGET_TYPE_MONSTER,
00550a4f,register-indirect,00550a00,C:\Projects\Wizardry 8\Local Code\Magic Effects.cpp,2767,pQueue->Target.iMonsterID != -1,
00550c7b,direct,00550c10,C:\Projects\Wizardry 8\Local Code\Magic Effects.cpp,2847,iChar != -1,
00550e03,direct,00550c10,C:\Projects\Wizardry 8\Local Code\Magic Effects.cpp,2874,pMonsterInfo,
00551130,direct,005510b0,C:\Projects\Wizardry 8\Local Code\Magic Effects.cpp,2998,iChar != -1,
00551956,direct,00551900,C:\Projects\Wizardry 8\Local Code\Magic Effects.cpp,3339,FALSE,
00552147,register-indirect,005520d0,C:\Projects\Wizardry 8\Local Code\Magic Effects.cpp,3791,pTarget->iType == TARGET_TYPE_CHAR,
00552163,register-indirect,005520d0,C:\Projects\Wizardry 8\Local Code\Magic Effects.cpp,3792,pTarget->iChar != BAD_INDEX,
005527fc,direct,005526f0,C:\Projects\Wizardry 8\Local Code\Magic Effects.cpp,4463,0,
00553092,direct,00552ef0,C:\Projects\Wizardry 8\Local Code\Magic Effects.cpp,4519,pMonsterInfo,
005539cd,direct,00553910,C:\Projects\Wizardry 8\Local Code\Magic Effects.cpp,4746,0,
005547fd,direct,005545f0,C:\Projects\Wizardry 8\Local Code\Formation & Facing.cpp,190,bQuadrantSlot != -1,
005548d6,direct,005545f0,C:\Projects\Wizardry 8\Local Code\Formation & Facing.cpp,225,bQuadrantSlot != -1,
00554a3a,direct,00554a20,C:\Projects\Wizardry 8\Local Code\Formation & Facing.cpp,258,gXStatus.fCombatMode,
00554a7a,direct,00554a60,C:\Projects\Wizardry 8\Local Code\Formation & Facing.cpp,266,gXStatus.fCombatMode,
00554b5a,direct,00554ae0,C:\Projects\Wizardry 8\Local Code\Formation & Facing.cpp,370,iChar == -1,
00554ba8,direct,00554ae0,C:\Projects\Wizardry 8\Local Code\Formation & Facing.cpp,345,iChar != -1,
00554c18,direct,00554bd0,C:\Projects\Wizardry 8\Local Code\Formation & Facing.cpp,398,pFormation->bOccupantChar[bOldQuadrant][bOldSlot] != -1,
00554c3a,direct,00554bd0,C:\Projects\Wizardry 8\Local Code\Formation & Facing.cpp,399,pFormation->ubQuadrantOccupants[bOldQuadrant] > 0,
00554c86,direct,00554bd0,C:\Projects\Wizardry 8\Local Code\Formation & Facing.cpp,413,pFormation->bOccupantChar[bNewQuadrant][bNewSlot] == -1,
00554ca7,direct,00554bd0,C:\Projects\Wizardry 8\Local Code\Formation & Facing.cpp,414,pFormation->ubQuadrantOccupants[bNewQuadrant] < MAX_CHARS_PER_QUADRANT,
00554f1a,direct,00554e70,C:\Projects\Wizardry 8\Local Code\Formation & Facing.cpp,370,iChar == -1,
00554f72,direct,00554e70,C:\Projects\Wizardry 8\Local Code\Formation & Facing.cpp,345,iChar != -1,
00554fff,direct,00554e70,C:\Projects\Wizardry 8\Local Code\Formation & Facing.cpp,370,iChar == -1,
00555055,direct,00554e70,C:\Projects\Wizardry 8\Local Code\Formation & Facing.cpp,345,iChar != -1,
005550c2,direct,,C:\Projects\Wizardry 8\Local Code\Formation & Facing.cpp,370,iChar == -1,
0055510d,direct,,C:\Projects\Wizardry 8\Local Code\Formation & Facing.cpp,345,iChar != -1,
00555197,direct,,C:\Projects\Wizardry 8\Local Code\Formation & Facing.cpp,662,uiChar1 != uiChar2,
00555251,direct,,C:\Projects\Wizardry 8\Local Code\Formation & Facing.cpp,370,iChar == -1,
0055529c,direct,,C:\Projects\Wizardry 8\Local Code\Formation & Facing.cpp,345,iChar != -1,
00555594,direct,00555560,C:\Projects\Wizardry 8\Local Code\Formation & Facing.cpp,826,pTarget->iChar != BAD_INDEX,
005555ef,register-indirect,00555560,C:\Projects\Wizardry 8\Local Code\Formation & Facing.cpp,831,pTarget->iMonsterID != BAD_INDEX,
005556a6,register-indirect,00555560,C:\Projects\Wizardry 8\Local Code\Formation & Facing.cpp,1110,FALSE,
0055577e,direct,00555560,C:\Projects\Wizardry 8\Local Code\Formation & Facing.cpp,1110,FALSE,
00555901,direct,00555820,C:\Projects\Wizardry 8\Local Code\Formation & Facing.cpp,1110,FALSE,
00555a39,direct,00555960,C:\Projects\Wizardry 8\Local Code\Formation & Facing.cpp,1110,FALSE,
00555d41,direct,00555c60,C:\Projects\Wizardry 8\Local Code\Formation & Facing.cpp,1110,FALSE,
00555eae,register-indirect,00555e70,C:\Projects\Wizardry 8\Local Code\Formation & Facing.cpp,1037,bSourceQuadrant != -1,
00556264,direct,005560a0,C:\Projects\Wizardry 8\Local Code\GroupAttacks.cpp,220,iTargetChar != BAD_INDEX,
00556615,direct,005560a0,C:\Projects\Wizardry 8\Local Code\GroupAttacks.cpp,361,iTargetMonsterID != BAD_INDEX,
00556b99,direct,00556b10,C:\Projects\Wizardry 8\Local Code\GroupAttacks.cpp,600,pGroup,
00557a10,direct,005579e0,C:\Projects\Wizardry 8\Local Code\CharGeneration.cpp,896,iModifier < 0,
00557bef,direct,00557bc0,C:\Projects\Wizardry 8\Local Code\CharGeneration.cpp,1096,iModifier < 0,
005587e9,direct,005587c0,C:\Projects\Wizardry 8\Local Code\ButtonSound.cpp,93,giSchemeStackTop < SCHEME_STACK_SIZE,
00559357,register-indirect,005592d0,C:\Projects\Wizardry 8\Local Code\Party Import.cpp,1122,FALSE,ConvertAttribute: ERROR - Invalid attribute
005593b4,register-indirect,005592d0,C:\Projects\Wizardry 8\Local Code\Party Import.cpp,1122,FALSE,ConvertAttribute: ERROR - Invalid attribute
00559ccf,register-indirect,00559bc0,C:\Projects\Wizardry 8\Local Code\Party Import.cpp,1203,FALSE,ConvertSkill: ERROR - Invalid skill
0055bee5,register-indirect,0055be80,C:\Projects\Wizardry 8\Local Code\chunk.cpp,496,pHead,
0055c059,direct,0055c000,C:\Projects\Wizardry 8\Local Code\chunk.cpp,496,pHead,
0055c0d9,direct,0055c080,C:\Projects\Wizardry 8\Local Code\chunk.cpp,496,pHead,
0055c175,direct,0055c100,C:\Projects\Wizardry 8\Local Code\chunk.cpp,669,m_fWriting,
0055c216,register-indirect,0055c1e0,C:\Projects\Wizardry 8\Local Code\chunk.cpp,516,pHead,
0055c3b2,direct,0055c390,C:\Projects\Wizardry 8\Local Code\chunk.cpp,310,pHead,
0055c44a,register-indirect,0055c3f0,C:\Projects\Wizardry 8\Local Code\chunk.cpp,389,pHead,
0055c4a6,register-indirect,0055c3f0,C:\Projects\Wizardry 8\Local Code\chunk.cpp,669,m_fWriting,
0055c4e9,register-indirect,0055c3f0,C:\Projects\Wizardry 8\Local Code\chunk.cpp,669,m_fWriting,
0055c60d,direct,0055c5a0,C:\Projects\Wizardry 8\Local Code\chunk.cpp,669,m_fWriting,
0055c67f,direct,0055c660,C:\Projects\Wizardry 8\Local Code\chunk.cpp,496,pHead,
0055c6af,direct,0055c690,C:\Projects\Wizardry 8\Local Code\chunk.cpp,516,pHead,
0055c715,register-indirect,0055c6d0,C:\Projects\Wizardry 8\Local Code\chunk.cpp,553,pHead,
0055c73d,register-indirect,0055c6d0,C:\Projects\Wizardry 8\Local Code\chunk.cpp,557,chunkID!=0,
0055c76c,register-indirect,0055c6d0,C:\Projects\Wizardry 8\Local Code\chunk.cpp,669,m_fWriting,
0055c79c,register-indirect,0055c6d0,C:\Projects\Wizardry 8\Local Code\chunk.cpp,669,m_fWriting,
0055c7cc,register-indirect,0055c6d0,C:\Projects\Wizardry 8\Local Code\chunk.cpp,669,m_fWriting,
0055c7ff,register-indirect,0055c6d0,C:\Projects\Wizardry 8\Local Code\chunk.cpp,669,m_fWriting,
0055c847,register-indirect,0055c6d0,C:\Projects\Wizardry 8\Local Code\chunk.cpp,640,!m_fWriting,
0055c87a,register-indirect,0055c6d0,C:\Projects\Wizardry 8\Local Code\chunk.cpp,640,!m_fWriting,
0055c8ad,register-indirect,0055c6d0,C:\Projects\Wizardry 8\Local Code\chunk.cpp,640,!m_fWriting,
0055c9b2,direct,0055c930,C:\Projects\Wizardry 8\Local Code\chunk.cpp,669,m_fWriting,
0055ca3c,direct,0055ca20,C:\Projects\Wizardry 8\Local Code\chunk.cpp,640,!m_fWriting,
0055ca9c,direct,0055ca80,C:\Projects\Wizardry 8\Local Code\chunk.cpp,669,m_fWriting,
0055cb7f,direct,0055cb60,C:\Projects\Wizardry 8\Local Code\chunk.cpp,771,pHead,
0055d84a,direct,0055d800,C:\Projects\Wizardry 8\Local Code\InputMapper.cpp,478,hFile,
0055f09c,direct,0055f080,C:\Projects\Wizardry 8\Local Screens\Screens.cpp,397,gXStatus.iCurrentCursor != -1,
00560637,direct,,C:\Projects\Wizardry 8\Local Screens\MainGameScreen.cpp,4167,iNextChar != BAD_INDEX,
00567ad8,direct,,C:\Projects\Wizardry 8\Local Screens\MainGameScreen.cpp,5851,gStatus.iSelectedCharacter != -1,
0056b164,direct,0056af80,C:\Projects\Wizardry 8\Local Screens\MainGameScreen.cpp,8317,FALSE,Error with handling main game action keyboard equivalent
0056b1c4,direct,0056af80,C:\Projects\Wizardry 8\Local Screens\MainGameScreen.cpp,8362,iActionState != -1,Error with handling main game action keyboard equivalent
0056b44f,direct,0056b270,C:\Projects\Wizardry 8\Local Screens\MainGameScreen.cpp,8529,FALSE,Error executing main game screen action
00579a22,direct,00579900,C:\Projects\Wizardry 8\Local Screens\mipe.cpp,1765,pMonsterInfo && pMonsterInfo->p3D,
00579ad5,register-indirect,00579900,C:\Projects\Wizardry 8\Local Screens\mipe.cpp,1797,pMonsterInfo,
00579af1,register-indirect,00579900,C:\Projects\Wizardry 8\Local Screens\mipe.cpp,1799,pMonster,
0057aac3,direct,0057aa00,C:\Projects\Wizardry 8\Local Screens\mipe.cpp,2596,pMongen,mipe.cpp: Out of memory creating monster generator
0057d843,direct,0057d740,C:\Projects\Wizardry 8\Local Screens\mipe.cpp,3749,pTempMonsterDB,
0057d891,direct,0057d740,C:\Projects\Wizardry 8\Local Screens\mipe.cpp,3755,pMonRec,
0057de84,direct,,C:\Projects\Wizardry 8\Local Screens\mipe.cpp,4330,pMonsterInfo,
0057df58,direct,,C:\Projects\Wizardry 8\Local Screens\mipe.cpp,4366,pMonsterInfo,
00581808,direct,005817d0,C:\Projects\Wizardry 8\Local Screens\AutomapScreen.cpp,2229,gpAMSV,
00583bfb,direct,00583bc0,C:\Projects\Wizardry 8\Local Screens\AutomapScreen.cpp,3333,gpstAutomapButtons,
0058ac6b,direct,0058ac00,C:\Projects\Wizardry 8\Local Screens\MGSTextBox.cpp,348,uiFontPaletteIndex <= FONT_PALETTE_COUNT,
0058b396,direct,0058b300,C:\Projects\Wizardry 8\Local Screens\MGSTextBox.cpp,547,pTextLine->wString != NULL,
0058b431,direct,0058b410,C:\Projects\Wizardry 8\Local Screens\MGSTextBox.cpp,583,ubStopChar >= ubStartChar,
0058b4b6,direct,0058b410,C:\Projects\Wizardry 8\Local Screens\MGSTextBox.cpp,609,gStatus.uiTextBoxLinesUsed[iTextBuffer] > 0,
0058b4f9,direct,0058b410,C:\Projects\Wizardry 8\Local Screens\MGSTextBox.cpp,611,pTextLine->wString != NULL,
0058b54c,direct,0058b410,C:\Projects\Wizardry 8\Local Screens\MGSTextBox.cpp,631,gStatus.uiTextBoxLinesUsed[iTextBuffer] >= 2,
0058b624,direct,0058b5f0,C:\Projects\Wizardry 8\Local Screens\MGSTextBox.cpp,677,gStatus.uiTextBoxLinesShown[iTextBuffer] < MAX_TEXT_BOX_LINES,
0058c685,direct,0058c3a0,C:\Projects\Wizardry 8\Local Screens\MGSTextBox.cpp,1085,pTextLine->wString != NULL,
0058d2dd,direct,0058d2c0,C:\Projects\Wizardry 8\Local Screens\MGSTextBox.cpp,1412,pTextLine->wString != NULL,
0058d4e7,direct,0058d2c0,C:\Projects\Wizardry 8\Local Screens\MGSTextBox.cpp,1498,pTextLine->ubStopChar >= pTextLine->ubStartChar,
0058d5f5,direct,0058d2c0,C:\Projects\Wizardry 8\Local Screens\MGSTextBox.cpp,1519,wcslen(pTextLine->wString) >= pTextLine->ubStopChar,
005906c7,direct,005905f0,C:\Projects\Wizardry 8\Local Screens\MGSTextBox.cpp,3986,gStatus.uiTextBoxLinesUsed[iTextBuffer] > 0,
00590709,direct,005905f0,C:\Projects\Wizardry 8\Local Screens\MGSTextBox.cpp,3988,pTextLine->wString != NULL,
00590839,direct,005905f0,C:\Projects\Wizardry 8\Local Screens\MGSTextBox.cpp,4009,gStatus.uiTextBoxLinesShown[iTextBuffer] > 0,
005908be,direct,005905f0,C:\Projects\Wizardry 8\Local Screens\MGSTextBox.cpp,4029,pTextLine->wString != NULL,
00590c5e,direct,00590bd0,C:\Projects\Wizardry 8\Local Screens\MGSTextBox.cpp,4254,gStatus.uiTextBoxLinesUsed[iTextBuffer] > 0,
00590ca2,direct,00590bd0,C:\Projects\Wizardry 8\Local Screens\MGSTextBox.cpp,4262,uiLastLineIndex >= uiGroupLine,
00590cec,direct,00590bd0,C:\Projects\Wizardry 8\Local Screens\MGSTextBox.cpp,4269,pTextLine->wString != NULL,
00591343,register-indirect,,C:\Projects\Wizardry 8\Local Screens\PleaseWaitScreen.cpp,279,fVerify,
00591391,register-indirect,,C:\Projects\Wizardry 8\Local Screens\PleaseWaitScreen.cpp,293,fVerify,
005913c1,register-indirect,,C:\Projects\Wizardry 8\Local Screens\PleaseWaitScreen.cpp,296,fVerify,
0059149c,register-indirect,,C:\Projects\Wizardry 8\Local Screens\PleaseWaitScreen.cpp,320,fVerify,
005914d1,register-indirect,,C:\Projects\Wizardry 8\Local Screens\PleaseWaitScreen.cpp,332,GetWorld(),
005963fa,direct,005963e0,C:\Projects\Wizardry 8\Local Screens\MGSButtons.cpp,1615,gpSubMenuPanel,
0059b9c5,direct,0059b940,C:\Projects\Wizardry 8\Local Screens\MGSPortraits.cpp,2272,gpLevelButtonsPanel,
0059ba70,direct,0059b940,C:\Projects\Wizardry 8\Local Screens\MGSPortraits.cpp,2295,gpLevelButtons[uiSlot],
0059bcd6,direct,,C:\Projects\Wizardry 8\Local Screens\MGSPortraits.cpp,2440,fCHAR_OCCUPIED(giLevelUpChar),
0059be35,direct,0059bdb0,C:\Projects\Wizardry 8\Local Screens\MGSPortraits.cpp,2523,gpConditionButtonsPanel,
0059beee,direct,0059bdb0,C:\Projects\Wizardry 8\Local Screens\MGSPortraits.cpp,2540,gpConditionButtons[uiSlot],
0059bfda,direct,0059bfc0,C:\Projects\Wizardry 8\Local Screens\MGSPortraits.cpp,2572,gConfig.uiCurrentLayout != LAYOUT_NORMAL,
0059cd20,register-indirect,0059cc40,C:\Projects\Wizardry 8\Local Screens\MGSUseItemSelect.cpp,496,!gXStatus.fCombatMode,
0059cd89,register-indirect,0059cc40,C:\Projects\Wizardry 8\Local Screens\MGSUseItemSelect.cpp,510,giReuseItemLineNumber != -1,
0059ce2b,register-indirect,0059cc40,C:\Projects\Wizardry 8\Local Screens\MGSUseItemSelect.cpp,534,!gXStatus.fCombatMode,
0059ce89,register-indirect,0059cc40,C:\Projects\Wizardry 8\Local Screens\MGSUseItemSelect.cpp,545,giReuseItemLineNumber != -1,
0059dde1,register-indirect,0059ddc0,C:\Projects\Wizardry 8\Local Screens\MGSUseItemSelect.cpp,1565,iTextLine >= 0,
0059ddff,register-indirect,0059ddc0,C:\Projects\Wizardry 8\Local Screens\MGSUseItemSelect.cpp,1566,iTextLine < (INT32) guiNumItemsInList,
0059e12b,direct,0059e0f0,C:\Projects\Wizardry 8\Local Screens\MGSUseItemSelect.cpp,1729,giUseItemChar != BAD_INDEX,
0059f910,register-indirect,0059f710,C:\Projects\Wizardry 8\Local Screens\MGSSpellCasting.cpp,824,gpSCSV->uiSpellToCast != SPELL_NONE,
0059f9f0,direct,0059f9d0,C:\Projects\Wizardry 8\Local Screens\MGSSpellCasting.cpp,771,gpSCSV->uiSpellToCast != SPELL_NONE,
0059ffce,register-indirect,0059ffa0,C:\Projects\Wizardry 8\Local Screens\MGSSpellCasting.cpp,991,uiSpellIndex <= gpSCSV->uiSpellsInList,
005a0014,register-indirect,0059ffa0,C:\Projects\Wizardry 8\Local Screens\MGSSpellCasting.cpp,1009,bAltColor != -1,
005a009e,register-indirect,005a0040,C:\Projects\Wizardry 8\Local Screens\MGSSpellCasting.cpp,1030,iSpellIndex >= 0,
005a00c2,register-indirect,005a0040,C:\Projects\Wizardry 8\Local Screens\MGSSpellCasting.cpp,1031,iSpellIndex <= (INT32) gpSCSV->uiSpellsInList,
005a11ef,direct,005a1150,C:\Projects\Wizardry 8\Local Screens\MGSSpellCasting.cpp,2100,iSpellPowerClass != BAD_INDEX,
005a19d6,register-indirect,005a19b0,C:\Projects\Wizardry 8\Local Screens\MGSPartyMovement.cpp,246,gXStatus.fCombatMode,
005a1a0e,register-indirect,005a19b0,C:\Projects\Wizardry 8\Local Screens\MGSPartyMovement.cpp,251,((gpCombat->uiCurrentPartyAction != PARTY_ACTION_NONE) && (gpCombat->uiCurrentPartyActionStatus != ACTION_STATUS_FINISHED)) || (gpCombat->uiNextPartyAction != PARTY_ACTION_NONE),
005a1f98,direct,005a1eb0,C:\Projects\Wizardry 8\Local Screens\MGSPartyMovement.cpp,681,FALSE,HandlePartyMovement: ERROR - Invalid load category
005a38e4,direct,,C:\Projects\Wizardry 8\Local Screens\ReviewCharacterScreen.cpp,367,fFoundEquipChar,
005a4ca8,register-indirect,,C:\Projects\Wizardry 8\Local Screens\ReviewCharacterScreen.cpp,1253,pPCItem != NULL,
005a4cc7,register-indirect,,C:\Projects\Wizardry 8\Local Screens\ReviewCharacterScreen.cpp,1254,uiSlotType < SLOT_TYPE_COUNT,
005a8f14,direct,005a8ed0,C:\Projects\Wizardry 8\Local Screens\OptionsScreen.cpp,1481,m_pMenuSet,
005ae675,direct,,C:\Projects\Wizardry 8\Local Screens\IntroScreen.cpp,98,gpVideo,
005aee2a,direct,,C:\Projects\Wizardry 8\Local Screens\MGSSpellIcons.cpp,348,pText,
005af39a,direct,,C:\Projects\Wizardry 8\Local Screens\MGSSpellIcons.cpp,737,pText,
005af4b0,direct,,C:\Projects\Wizardry 8\Local Screens\MGSSpellIcons.cpp,781,pText,
005b4885,register-indirect,005b4790,C:\Projects\Wizardry 8\Local Screens\RCSCommon.cpp,883,gpReviewPC->uiHPMax,
005b48c3,register-indirect,005b4790,C:\Projects\Wizardry 8\Local Screens\RCSCommon.cpp,887,gpReviewPC->uiStaminaMax,
005b648c,register-indirect,005b6400,C:\Projects\Wizardry 8\Local Screens\RCSCommon.cpp,2126,gpLevelUpPanel,
005b64ff,register-indirect,005b6400,C:\Projects\Wizardry 8\Local Screens\RCSCommon.cpp,2130,gpLevelUpButton,
005b665c,direct,,C:\Projects\Wizardry 8\Local Screens\RCSCommon.cpp,2184,fCHAR_OCCUPIED(giReviewCharSlot),
005b67cc,register-indirect,005b6740,C:\Projects\Wizardry 8\Local Screens\RCSCommon.cpp,2255,gpDismissPanel,
005b683f,register-indirect,005b6740,C:\Projects\Wizardry 8\Local Screens\RCSCommon.cpp,2259,gpDismissButton,
005b697b,direct,,C:\Projects\Wizardry 8\Local Screens\RCSCommon.cpp,2314,fCHAR_OCCUPIED(giReviewCharSlot),
005b6d4f,direct,005b6d20,C:\Projects\Wizardry 8\Local Screens\RCSCommon.cpp,2476,gStatus.XChar[uiSlot].fOccupied,
005b9ff9,direct,005b9fd0,C:\Projects\Wizardry 8\Local Screens\RCSItemsPage.cpp,1348,FALSE,Info toggle error
005ba764,register-indirect,005ba740,C:\Projects\Wizardry 8\Local Screens\RCSItemsPage.cpp,1640,giCasterCharSlot >= 0,
005ba784,register-indirect,005ba740,C:\Projects\Wizardry 8\Local Screens\RCSItemsPage.cpp,1641,giCasterCharSlot < MAX_CHARS,
005ba7b4,register-indirect,005ba740,C:\Projects\Wizardry 8\Local Screens\RCSItemsPage.cpp,1642,fCHAR_OCCUPIED(giCasterCharSlot),
005ba905,register-indirect,,C:\Projects\Wizardry 8\Local Screens\RCSItemsPage.cpp,1682,uiTargetChar < MAX_CHARS,
005ba931,register-indirect,,C:\Projects\Wizardry 8\Local Screens\RCSItemsPage.cpp,1683,fCHAR_OCCUPIED(uiTargetChar),
005ba950,register-indirect,,C:\Projects\Wizardry 8\Local Screens\RCSItemsPage.cpp,1684,giCasterCharSlot >= 0,
005ba970,register-indirect,,C:\Projects\Wizardry 8\Local Screens\RCSItemsPage.cpp,1685,giCasterCharSlot < MAX_CHARS,
005ba9a1,register-indirect,,C:\Projects\Wizardry 8\Local Screens\RCSItemsPage.cpp,1686,fCHAR_OCCUPIED(giCasterCharSlot),
005bad91,direct,,C:\Projects\Wizardry 8\Local Screens\RCSItemsPage.cpp,1891,pItem,
005bbdb5,direct,,C:\Projects\Wizardry 8\Local Screens\RCSItemsPage.cpp,2682,ubSpell != SPELL_NONE,
005bc98d,direct,,C:\Projects\Wizardry 8\Local Screens\MainMenuScreen.cpp,135,gXStatus.uiMonstersInDatabase <= MAX_MONSTERS_IN_DATABASE,
005c435c,direct,005c4340,C:\Projects\Wizardry 8\Local Screens\mipeEdit.cpp,522,bVarSet < NUM_VAR_SETS,
005c87d4,direct,005c87b0,C:\Projects\Wizardry 8\Local Screens\CGSSpellsPage.cpp,594,m_SpellData[uiSelected].fSelectable,
005c9374,direct,005c9310,C:\Projects\Wizardry 8\Local Screens\CGSStatsPage.cpp,470,usItemsInList,
005ccea5,direct,,C:\Projects\Wizardry 8\Dialog Code\stListBox.cpp,757,pDialog,
005ccf57,direct,,C:\Projects\Wizardry 8\Dialog Code\stListBox.cpp,773,pDialog,
005cd007,direct,,C:\Projects\Wizardry 8\Dialog Code\stListBox.cpp,810,pDialog,
005cd0b7,direct,,C:\Projects\Wizardry 8\Dialog Code\stListBox.cpp,844,pDialog,
005cd157,direct,,C:\Projects\Wizardry 8\Dialog Code\stListBox.cpp,879,pDialog,
005cd216,direct,,C:\Projects\Wizardry 8\Dialog Code\stListBox.cpp,920,pDialog,
005cf536,direct,005cf520,C:\Projects\Wizardry 8\Dialog Code\DialogInterface.cpp,102,pDialog,
005cf566,direct,005cf550,C:\Projects\Wizardry 8\Dialog Code\DialogInterface.cpp,116,pDialog,
005cf599,direct,005cf580,C:\Projects\Wizardry 8\Dialog Code\DialogInterface.cpp,152,pCDialog,
005d281e,direct,005d2800,C:\Projects\Wizardry 8\Dialog Code\stMessageDialog.cpp,131,pMessage,
005d2ac2,direct,005d2a50,C:\Projects\Wizardry 8\Dialog Code\stMessageDialog.cpp,213,pRemainingText,
005d32e7,direct,,C:\Projects\Wizardry 8\Dialog Code\stMessageDialog.cpp,615,pDialog,
005d3397,direct,,C:\Projects\Wizardry 8\Dialog Code\stMessageDialog.cpp,652,pDialog,
005d854c,direct,005d7310,C:\Projects\Wizardry 8\Dialog Code\AssayDialog.cpp,912,uiSpell != SPELL_NONE,
005d8e13,register-indirect,005d8850,C:\Projects\Wizardry 8\Dialog Code\AssayDialog.cpp,1681,usIndex < NUM_RPC_RACES,
005d9557,direct,005d9460,C:\Projects\Wizardry 8\Dialog Code\AssayDialog.cpp,1681,usIndex < NUM_RPC_RACES,
005db649,direct,005db620,C:\Projects\Wizardry 8\Dialog Code\stButton.cpp,407,pButton,
005dc324,direct,005dbee0,C:\Projects\Wizardry 8\Dialog Code\SpellInfoDialog.cpp,197,uiUnits == uiUnitsLvl,
005df11b,direct,005df0d0,C:\Projects\Wizardry 8\Dialog Code\ProfRaceInfoDialog.cpp,291,uiIndex < PROF_COUNT,
005df5bb,direct,005df570,C:\Projects\Wizardry 8\Dialog Code\ProfRaceInfoDialog.cpp,409,uiIndex < RACE_COUNT,
005dfcbb,direct,005dfc70,C:\Projects\Wizardry 8\Dialog Code\StatInfoDialogs.cpp,204,uiIndex < ATTR_COUNT,
005dfe8b,direct,005dfe40,C:\Projects\Wizardry 8\Dialog Code\StatInfoDialogs.cpp,227,uiIndex < SKILL_COUNT,
005e01cb,direct,005e0180,C:\Projects\Wizardry 8\Dialog Code\StatInfoDialogs.cpp,278,uiIndex < ATTR_COUNT,
005e22ea,register-indirect,005e22c0,C:\Projects\Wizardry 8\3D Code\PList.cpp,55,ppl,
005e230d,register-indirect,005e22c0,C:\Projects\Wizardry 8\3D Code\PList.cpp,86,ppl,
005e2327,register-indirect,005e22c0,C:\Projects\Wizardry 8\3D Code\PList.cpp,88,ppl->iNumUsed==0,
005e238e,register-indirect,005e2370,C:\Projects\Wizardry 8\3D Code\PList.cpp,86,ppl,
005e23a8,register-indirect,005e2370,C:\Projects\Wizardry 8\3D Code\PList.cpp,88,ppl->iNumUsed==0,
005e23fd,register-indirect,005e23e0,C:\Projects\Wizardry 8\3D Code\PList.cpp,119,ppl,
005e240f,register-indirect,005e23e0,C:\Projects\Wizardry 8\3D Code\PList.cpp,142,ppl,
005e2459,direct,005e2440,C:\Projects\Wizardry 8\3D Code\PList.cpp,142,ppl,
005e24ae,register-indirect,005e2480,C:\Projects\Wizardry 8\3D Code\PList.cpp,470,ppl,
005e24dd,register-indirect,005e2480,C:\Projects\Wizardry 8\3D Code\PList.cpp,473,pTemp,
005e2553,register-indirect,005e2530,C:\Projects\Wizardry 8\3D Code\PList.cpp,193,ppl,
005e2582,register-indirect,005e2530,C:\Projects\Wizardry 8\3D Code\PList.cpp,470,ppl,
005e25b1,register-indirect,005e2530,C:\Projects\Wizardry 8\3D Code\PList.cpp,473,pTemp,
005e26c9,direct,005e26b0,C:\Projects\Wizardry 8\3D Code\PList.cpp,346,ppl,
005e2703,register-indirect,005e26e0,C:\Projects\Wizardry 8\3D Code\PList.cpp,367,ppl,
005e27e3,register-indirect,005e27c0,C:\Projects\Wizardry 8\3D Code\PList.cpp,394,ppl,
005e2802,register-indirect,005e27c0,C:\Projects\Wizardry 8\3D Code\PList.cpp,395,iPosition < ppl->iNumUsed,
005e285d,register-indirect,005e27c0,C:\Projects\Wizardry 8\3D Code\PList.cpp,504,ppl,
005e28b2,register-indirect,005e2890,C:\Projects\Wizardry 8\3D Code\PList.cpp,540,ppl,
005e28cf,register-indirect,005e2890,C:\Projects\Wizardry 8\3D Code\PList.cpp,541,pEntry,
005e292a,register-indirect,005e2900,C:\Projects\Wizardry 8\3D Code\IList.cpp,69,pls,
005e294d,register-indirect,005e2900,C:\Projects\Wizardry 8\3D Code\IList.cpp,100,pls,
005e29b6,direct,005e29a0,C:\Projects\Wizardry 8\3D Code\IList.cpp,100,pls,
005e2a20,register-indirect,005e2a00,C:\Projects\Wizardry 8\3D Code\IList.cpp,131,pls,
005e2a32,register-indirect,005e2a00,C:\Projects\Wizardry 8\3D Code\IList.cpp,154,pls,
005e2a79,direct,005e2a60,C:\Projects\Wizardry 8\3D Code\IList.cpp,154,pls,
005e2ace,register-indirect,005e2aa0,C:\Projects\Wizardry 8\3D Code\IList.cpp,475,pls,
005e2afd,register-indirect,005e2aa0,C:\Projects\Wizardry 8\3D Code\IList.cpp,478,pTemp,
005e2b69,direct,005e2b50,C:\Projects\Wizardry 8\3D Code\IList.cpp,327,pls,
005e2ba3,register-indirect,005e2b80,C:\Projects\Wizardry 8\3D Code\IList.cpp,348,pls,
005e2c99,direct,005e2c80,C:\Projects\Wizardry 8\3D Code\IList.cpp,426,pls,
005e2cd9,direct,005e2cc0,C:\Projects\Wizardry 8\3D Code\IList.cpp,542,pls,
005e3861,direct,005e3800,C:\Projects\Wizardry 8\Local Code\Traps.cpp,148,iNumTargets > 0,
005e3b8c,direct,005e3ab0,..\Engine Code\Include\Trigger.hpp,1005,m_bRepType == TRIGGER_REP_PROP,
