program,module,table,class_name,enclosing_scope,subobject,table_rva,slot,target_rva,target_name,target_signature,resolution
wiz8--demo--sr--bb5f67e6a719,sr.dll,??_7Client@srModel@@6B@,Client,srModel,,0x76cd8,0,0x3c870,,,internal
wiz8--demo--sr--bb5f67e6a719,sr.dll,??_7Client@srModel@@6B@,Client,srModel,,0x76cd8,1,0x3c3b0,?setModel@Client@srModel@@UAEXPAV2@@Z,public: virtual void __thiscall srModel::Client::setModel(class srModel *),exported
wiz8--demo--sr--bb5f67e6a719,sr.dll,??_7Client@srModel@@6B@,Client,srModel,,0x76cd8,2,0x3c430,?updateClient@Client@srModel@@UAEXW4e_update@12@@Z,public: virtual void __thiscall srModel::Client::updateClient(enum srModel::Client::e_update),exported
wiz8--demo--sr--bb5f67e6a719,sr.dll,??_7Client@srModel@@6B@,Client,srModel,,0x76cd8,3,0x3c6c0,?getModel@Client@srModel@@UBEPAV2@XZ,public: virtual class srModel * __thiscall srModel::Client::getModel(void) const,exported
wiz8--demo--sr--bb5f67e6a719,sr.dll,??_7srBSplineFilter@@6B@,srBSplineFilter,,,0x75398,0,0x37e0,,,internal
wiz8--demo--sr--bb5f67e6a719,sr.dll,??_7srBSplineFilter@@6B@,srBSplineFilter,,,0x75398,1,0x3770,?getName@srBSplineFilter@@UBEPBDXZ,public: virtual char const * __thiscall srBSplineFilter::getName(void) const,exported
wiz8--demo--sr--bb5f67e6a719,sr.dll,??_7srBSplineFilter@@6B@,srBSplineFilter,,,0x75398,2,0x34b0,?getWeight@srBSplineFilter@@UBENN@Z,public: virtual double __thiscall srBSplineFilter::getWeight(double) const,exported
wiz8--demo--sr--bb5f67e6a719,sr.dll,??_7srBSplineFilter@@6B@,srBSplineFilter,,,0x75398,3,0x3560,?getSupport@srBSplineFilter@@UBENXZ,public: virtual double __thiscall srBSplineFilter::getSupport(void) const,exported
wiz8--demo--sr--bb5f67e6a719,sr.dll,??_7srBellFilter@@6B@,srBellFilter,,,0x75378,0,0x3640,,,internal
wiz8--demo--sr--bb5f67e6a719,sr.dll,??_7srBellFilter@@6B@,srBellFilter,,,0x75378,1,0x35d0,?getName@srBellFilter@@UBEPBDXZ,public: virtual char const * __thiscall srBellFilter::getName(void) const,exported
wiz8--demo--sr--bb5f67e6a719,sr.dll,??_7srBellFilter@@6B@,srBellFilter,,,0x75378,2,0x3410,?getWeight@srBellFilter@@UBENN@Z,public: virtual double __thiscall srBellFilter::getWeight(double) const,exported
wiz8--demo--sr--bb5f67e6a719,sr.dll,??_7srBellFilter@@6B@,srBellFilter,,,0x75378,3,0x3490,?getSupport@srBellFilter@@UBENXZ,public: virtual double __thiscall srBellFilter::getSupport(void) const,exported
wiz8--demo--sr--bb5f67e6a719,sr.dll,??_7srBinFStream@@6B0@@,srBinFStream,,srBinFStream,0x76a54,0,0x2f3b0,?pseek@srBinFStream@@MAEAAVsrBinStream@@K@Z,protected: virtual class srBinStream & __thiscall srBinFStream::pseek(unsigned long),exported
wiz8--demo--sr--bb5f67e6a719,sr.dll,??_7srBinFStream@@6B0@@,srBinFStream,,srBinFStream,0x76a54,1,0x2f340,?pseek@srBinFStream@@MAEAAVsrBinStream@@KW4e_seekDir@2@@Z,"protected: virtual class srBinStream & __thiscall srBinFStream::pseek(unsigned long, enum srBinStream::e_seekDir)",exported
wiz8--demo--sr--bb5f67e6a719,sr.dll,??_7srBinFStream@@6B0@@,srBinFStream,,srBinFStream,0x76a54,2,0x2f400,?ptell@srBinFStream@@MAEKXZ,protected: virtual unsigned long __thiscall srBinFStream::ptell(void),exported
wiz8--demo--sr--bb5f67e6a719,sr.dll,??_7srBinFStream@@6BsrBinStream@@@,srBinFStream,,srBinStream,0x76a40,0,0x2f640,,,internal
wiz8--demo--sr--bb5f67e6a719,sr.dll,??_7srBinFStream@@6BsrBinStream@@@,srBinFStream,,srBinStream,0x76a40,1,0x32340,?getSize@srBinStream@@UAEKXZ,public: virtual unsigned long __thiscall srBinStream::getSize(void),exported
wiz8--demo--sr--bb5f67e6a719,sr.dll,??_7srBinFStream@@6BsrBinStream@@@,srBinFStream,,srBinStream,0x76a40,2,0x6ff14,,,internal
wiz8--demo--sr--bb5f67e6a719,sr.dll,??_7srBinFStream@@6BsrBinStream@@@,srBinFStream,,srBinStream,0x76a40,3,0x6ff14,,,internal
wiz8--demo--sr--bb5f67e6a719,sr.dll,??_7srBinFStream@@6BsrBinStream@@@,srBinFStream,,srBinStream,0x76a40,4,0x6ff14,,,internal
wiz8--demo--sr--bb5f67e6a719,sr.dll,??_7srBinIAsyncStream@@6BsrBinIStream@@@,srBinIAsyncStream,,srBinIStream,0x769f4,0,0x314e0,?vget@srBinIStream@@MAEGXZ,protected: virtual unsigned short __thiscall srBinIStream::vget(void),exported
wiz8--demo--sr--bb5f67e6a719,sr.dll,??_7srBinIAsyncStream@@6BsrBinIStream@@@,srBinIAsyncStream,,srBinIStream,0x769f4,1,0x2eae0,?vread@srBinIAsyncStream@@UAEKPAXK@Z,"public: virtual unsigned long __thiscall srBinIAsyncStream::vread(void *, unsigned long)",exported
wiz8--demo--sr--bb5f67e6a719,sr.dll,??_7srBinIAsyncStream@@6BsrBinStream@@@,srBinIAsyncStream,,srBinStream,0x769e0,0,0x2ef70,,,internal
wiz8--demo--sr--bb5f67e6a719,sr.dll,??_7srBinIAsyncStream@@6BsrBinStream@@@,srBinIAsyncStream,,srBinStream,0x769e0,1,0x32340,?getSize@srBinStream@@UAEKXZ,public: virtual unsigned long __thiscall srBinStream::getSize(void),exported
wiz8--demo--sr--bb5f67e6a719,sr.dll,??_7srBinIAsyncStream@@6BsrBinStream@@@,srBinIAsyncStream,,srBinStream,0x769e0,2,0x2ef80,,,internal
wiz8--demo--sr--bb5f67e6a719,sr.dll,??_7srBinIAsyncStream@@6BsrBinStream@@@,srBinIAsyncStream,,srBinStream,0x769e0,3,0x2ef90,,,internal
wiz8--demo--sr--bb5f67e6a719,sr.dll,??_7srBinIAsyncStream@@6BsrBinStream@@@,srBinIAsyncStream,,srBinStream,0x769e0,4,0x2efa0,,,internal
wiz8--demo--sr--bb5f67e6a719,sr.dll,??_7srBinIFStream@@6BsrBinFStream@@@,srBinIFStream,,srBinFStream,0x76a8c,0,0x2f3b0,?pseek@srBinFStream@@MAEAAVsrBinStream@@K@Z,protected: virtual class srBinStream & __thiscall srBinFStream::pseek(unsigned long),exported
wiz8--demo--sr--bb5f67e6a719,sr.dll,??_7srBinIFStream@@6BsrBinFStream@@@,srBinIFStream,,srBinFStream,0x76a8c,1,0x2f340,?pseek@srBinFStream@@MAEAAVsrBinStream@@KW4e_seekDir@2@@Z,"protected: virtual class srBinStream & __thiscall srBinFStream::pseek(unsigned long, enum srBinStream::e_seekDir)",exported
wiz8--demo--sr--bb5f67e6a719,sr.dll,??_7srBinIFStream@@6BsrBinFStream@@@,srBinIFStream,,srBinFStream,0x76a8c,2,0x2f400,?ptell@srBinFStream@@MAEKXZ,protected: virtual unsigned long __thiscall srBinFStream::ptell(void),exported
wiz8--demo--sr--bb5f67e6a719,sr.dll,??_7srBinIFStream@@6BsrBinIStream@@@,srBinIFStream,,srBinIStream,0x76a84,0,0x2f850,?vget@srBinIFStream@@EAEGXZ,private: virtual unsigned short __thiscall srBinIFStream::vget(void),exported
wiz8--demo--sr--bb5f67e6a719,sr.dll,??_7srBinIFStream@@6BsrBinIStream@@@,srBinIFStream,,srBinIStream,0x76a84,1,0x2f870,?vread@srBinIFStream@@EAEKPAXK@Z,"private: virtual unsigned long __thiscall srBinIFStream::vread(void *, unsigned long)",exported
wiz8--demo--sr--bb5f67e6a719,sr.dll,??_7srBinIFStream@@6BsrBinStream@@@,srBinIFStream,,srBinStream,0x76a70,0,0x2fc00,,,internal
wiz8--demo--sr--bb5f67e6a719,sr.dll,??_7srBinIFStream@@6BsrBinStream@@@,srBinIFStream,,srBinStream,0x76a70,1,0x32340,?getSize@srBinStream@@UAEKXZ,public: virtual unsigned long __thiscall srBinStream::getSize(void),exported
wiz8--demo--sr--bb5f67e6a719,sr.dll,??_7srBinIFStream@@6BsrBinStream@@@,srBinIFStream,,srBinStream,0x76a70,2,0x2fc10,,,internal
wiz8--demo--sr--bb5f67e6a719,sr.dll,??_7srBinIFStream@@6BsrBinStream@@@,srBinIFStream,,srBinStream,0x76a70,3,0x2fc20,,,internal
wiz8--demo--sr--bb5f67e6a719,sr.dll,??_7srBinIFStream@@6BsrBinStream@@@,srBinIFStream,,srBinStream,0x76a70,4,0x2fc30,,,internal
wiz8--demo--sr--bb5f67e6a719,sr.dll,??_7srBinIMStream@@6BsrBinIStream@@@,srBinIMStream,,srBinIStream,0x76b94,0,0x314e0,?vget@srBinIStream@@MAEGXZ,protected: virtual unsigned short __thiscall srBinIStream::vget(void),exported
wiz8--demo--sr--bb5f67e6a719,sr.dll,??_7srBinIMStream@@6BsrBinIStream@@@,srBinIMStream,,srBinIStream,0x76b94,1,0x30b50,?vread@srBinIMStream@@EAEKPAXK@Z,"private: virtual unsigned long __thiscall srBinIMStream::vread(void *, unsigned long)",exported
wiz8--demo--sr--bb5f67e6a719,sr.dll,??_7srBinIMStream@@6BsrBinStream@@@,srBinIMStream,,srBinStream,0x76b80,0,0x30db0,,,internal
wiz8--demo--sr--bb5f67e6a719,sr.dll,??_7srBinIMStream@@6BsrBinStream@@@,srBinIMStream,,srBinStream,0x76b80,1,0x30dc0,,,internal
wiz8--demo--sr--bb5f67e6a719,sr.dll,??_7srBinIMStream@@6BsrBinStream@@@,srBinIMStream,,srBinStream,0x76b80,2,0x30dd0,,,internal
wiz8--demo--sr--bb5f67e6a719,sr.dll,??_7srBinIMStream@@6BsrBinStream@@@,srBinIMStream,,srBinStream,0x76b80,3,0x30de0,,,internal
wiz8--demo--sr--bb5f67e6a719,sr.dll,??_7srBinIMStream@@6BsrBinStream@@@,srBinIMStream,,srBinStream,0x76b80,4,0x30df0,,,internal
wiz8--demo--sr--bb5f67e6a719,sr.dll,??_7srBinIOFStream@@6BsrBinFStream@@@,srBinIOFStream,,srBinFStream,0x76adc,0,0x2f3b0,?pseek@srBinFStream@@MAEAAVsrBinStream@@K@Z,protected: virtual class srBinStream & __thiscall srBinFStream::pseek(unsigned long),exported
wiz8--demo--sr--bb5f67e6a719,sr.dll,??_7srBinIOFStream@@6BsrBinFStream@@@,srBinIOFStream,,srBinFStream,0x76adc,1,0x2f340,?pseek@srBinFStream@@MAEAAVsrBinStream@@KW4e_seekDir@2@@Z,"protected: virtual class srBinStream & __thiscall srBinFStream::pseek(unsigned long, enum srBinStream::e_seekDir)",exported
wiz8--demo--sr--bb5f67e6a719,sr.dll,??_7srBinIOFStream@@6BsrBinFStream@@@,srBinIOFStream,,srBinFStream,0x76adc,2,0x2f400,?ptell@srBinFStream@@MAEKXZ,protected: virtual unsigned long __thiscall srBinFStream::ptell(void),exported
wiz8--demo--sr--bb5f67e6a719,sr.dll,??_7srBinIOFStream@@6BsrBinIStream@@@,srBinIOFStream,,srBinIStream,0x76ad4,0,0x2fe80,?vget@srBinIOFStream@@EAEGXZ,private: virtual unsigned short __thiscall srBinIOFStream::vget(void),exported
wiz8--demo--sr--bb5f67e6a719,sr.dll,??_7srBinIOFStream@@6BsrBinIStream@@@,srBinIOFStream,,srBinIStream,0x76ad4,1,0x2fea0,?vread@srBinIOFStream@@EAEKPAXK@Z,"private: virtual unsigned long __thiscall srBinIOFStream::vread(void *, unsigned long)",exported
wiz8--demo--sr--bb5f67e6a719,sr.dll,??_7srBinIOFStream@@6BsrBinOStream@@@,srBinIOFStream,,srBinOStream,0x76acc,0,0x2fe50,?vput@srBinIOFStream@@EAEGD@Z,private: virtual unsigned short __thiscall srBinIOFStream::vput(char),exported
wiz8--demo--sr--bb5f67e6a719,sr.dll,??_7srBinIOFStream@@6BsrBinOStream@@@,srBinIOFStream,,srBinOStream,0x76acc,1,0x2fe30,?vwrite@srBinIOFStream@@EAEKPBXK@Z,"private: virtual unsigned long __thiscall srBinIOFStream::vwrite(void const *, unsigned long)",exported
wiz8--demo--sr--bb5f67e6a719,sr.dll,??_7srBinIOFStream@@6BsrBinStream@@@,srBinIOFStream,,srBinStream,0x76ab8,0,0x302f0,,,internal
wiz8--demo--sr--bb5f67e6a719,sr.dll,??_7srBinIOFStream@@6BsrBinStream@@@,srBinIOFStream,,srBinStream,0x76ab8,1,0x32340,?getSize@srBinStream@@UAEKXZ,public: virtual unsigned long __thiscall srBinStream::getSize(void),exported
wiz8--demo--sr--bb5f67e6a719,sr.dll,??_7srBinIOFStream@@6BsrBinStream@@@,srBinIOFStream,,srBinStream,0x76ab8,2,0x30300,,,internal
wiz8--demo--sr--bb5f67e6a719,sr.dll,??_7srBinIOFStream@@6BsrBinStream@@@,srBinIOFStream,,srBinStream,0x76ab8,3,0x30310,,,internal
wiz8--demo--sr--bb5f67e6a719,sr.dll,??_7srBinIOFStream@@6BsrBinStream@@@,srBinIOFStream,,srBinStream,0x76ab8,4,0x30320,,,internal
wiz8--demo--sr--bb5f67e6a719,sr.dll,??_7srBinIStream@@6B0@@,srBinIStream,,srBinIStream,0x76a10,0,0x314e0,?vget@srBinIStream@@MAEGXZ,protected: virtual unsigned short __thiscall srBinIStream::vget(void),exported
wiz8--demo--sr--bb5f67e6a719,sr.dll,??_7srBinIStream@@6B0@@,srBinIStream,,srBinIStream,0x76a10,1,0x6ff14,,,internal
wiz8--demo--sr--bb5f67e6a719,sr.dll,??_7srBinIStream@@6BsrBinStream@@@,srBinIStream,,srBinStream,0x769fc,0,0x31d40,,,internal
wiz8--demo--sr--bb5f67e6a719,sr.dll,??_7srBinIStream@@6BsrBinStream@@@,srBinIStream,,srBinStream,0x769fc,1,0x32340,?getSize@srBinStream@@UAEKXZ,public: virtual unsigned long __thiscall srBinStream::getSize(void),exported
wiz8--demo--sr--bb5f67e6a719,sr.dll,??_7srBinIStream@@6BsrBinStream@@@,srBinIStream,,srBinStream,0x769fc,2,0x6ff14,,,internal
wiz8--demo--sr--bb5f67e6a719,sr.dll,??_7srBinIStream@@6BsrBinStream@@@,srBinIStream,,srBinStream,0x769fc,3,0x6ff14,,,internal
wiz8--demo--sr--bb5f67e6a719,sr.dll,??_7srBinIStream@@6BsrBinStream@@@,srBinIStream,,srBinStream,0x769fc,4,0x6ff14,,,internal
wiz8--demo--sr--bb5f67e6a719,sr.dll,??_7srBinOFStream@@6BsrBinFStream@@@,srBinOFStream,,srBinFStream,0x76b30,0,0x2f3b0,?pseek@srBinFStream@@MAEAAVsrBinStream@@K@Z,protected: virtual class srBinStream & __thiscall srBinFStream::pseek(unsigned long),exported
wiz8--demo--sr--bb5f67e6a719,sr.dll,??_7srBinOFStream@@6BsrBinFStream@@@,srBinOFStream,,srBinFStream,0x76b30,1,0x2f340,?pseek@srBinFStream@@MAEAAVsrBinStream@@KW4e_seekDir@2@@Z,"protected: virtual class srBinStream & __thiscall srBinFStream::pseek(unsigned long, enum srBinStream::e_seekDir)",exported
wiz8--demo--sr--bb5f67e6a719,sr.dll,??_7srBinOFStream@@6BsrBinFStream@@@,srBinOFStream,,srBinFStream,0x76b30,2,0x2f400,?ptell@srBinFStream@@MAEKXZ,protected: virtual unsigned long __thiscall srBinFStream::ptell(void),exported
wiz8--demo--sr--bb5f67e6a719,sr.dll,??_7srBinOFStream@@6BsrBinOStream@@@,srBinOFStream,,srBinOStream,0x76b3c,0,0x309a0,,,internal
wiz8--demo--sr--bb5f67e6a719,sr.dll,??_7srBinOFStream@@6BsrBinOStream@@@,srBinOFStream,,srBinOStream,0x76b3c,1,0x309b0,,,internal
wiz8--demo--sr--bb5f67e6a719,sr.dll,??_7srBinOFStream@@6BsrBinStream@@@,srBinOFStream,,srBinStream,0x76b44,0,0x30960,,,internal
wiz8--demo--sr--bb5f67e6a719,sr.dll,??_7srBinOFStream@@6BsrBinStream@@@,srBinOFStream,,srBinStream,0x76b44,1,0x32340,?getSize@srBinStream@@UAEKXZ,public: virtual unsigned long __thiscall srBinStream::getSize(void),exported
wiz8--demo--sr--bb5f67e6a719,sr.dll,??_7srBinOFStream@@6BsrBinStream@@@,srBinOFStream,,srBinStream,0x76b44,2,0x30970,,,internal
wiz8--demo--sr--bb5f67e6a719,sr.dll,??_7srBinOFStream@@6BsrBinStream@@@,srBinOFStream,,srBinStream,0x76b44,3,0x30980,,,internal
wiz8--demo--sr--bb5f67e6a719,sr.dll,??_7srBinOFStream@@6BsrBinStream@@@,srBinOFStream,,srBinStream,0x76b44,4,0x30990,,,internal
wiz8--demo--sr--bb5f67e6a719,sr.dll,??_7srBinOMStream@@6BsrBinOStream@@@,srBinOMStream,,srBinOStream,0x76bc4,0,0x31da0,?vput@srBinOStream@@MAEGD@Z,protected: virtual unsigned short __thiscall srBinOStream::vput(char),exported
wiz8--demo--sr--bb5f67e6a719,sr.dll,??_7srBinOMStream@@6BsrBinOStream@@@,srBinOMStream,,srBinOStream,0x76bc4,1,0x30fd0,?vwrite@srBinOMStream@@EAEKPBXK@Z,"private: virtual unsigned long __thiscall srBinOMStream::vwrite(void const *, unsigned long)",exported
wiz8--demo--sr--bb5f67e6a719,sr.dll,??_7srBinOMStream@@6BsrBinStream@@@,srBinOMStream,,srBinStream,0x76bb0,0,0x31440,,,internal
wiz8--demo--sr--bb5f67e6a719,sr.dll,??_7srBinOMStream@@6BsrBinStream@@@,srBinOMStream,,srBinStream,0x76bb0,1,0x31450,,,internal
wiz8--demo--sr--bb5f67e6a719,sr.dll,??_7srBinOMStream@@6BsrBinStream@@@,srBinOMStream,,srBinStream,0x76bb0,2,0x31460,,,internal
wiz8--demo--sr--bb5f67e6a719,sr.dll,??_7srBinOMStream@@6BsrBinStream@@@,srBinOMStream,,srBinStream,0x76bb0,3,0x31470,,,internal
wiz8--demo--sr--bb5f67e6a719,sr.dll,??_7srBinOMStream@@6BsrBinStream@@@,srBinOMStream,,srBinStream,0x76bb0,4,0x31480,,,internal
wiz8--demo--sr--bb5f67e6a719,sr.dll,??_7srBinOStream@@6B0@@,srBinOStream,,srBinOStream,0x76afc,0,0x31da0,?vput@srBinOStream@@MAEGD@Z,protected: virtual unsigned short __thiscall srBinOStream::vput(char),exported
wiz8--demo--sr--bb5f67e6a719,sr.dll,??_7srBinOStream@@6B0@@,srBinOStream,,srBinOStream,0x76afc,1,0x6ff14,,,internal
wiz8--demo--sr--bb5f67e6a719,sr.dll,??_7srBinOStream@@6BsrBinStream@@@,srBinOStream,,srBinStream,0x76ae8,0,0x32120,,,internal
wiz8--demo--sr--bb5f67e6a719,sr.dll,??_7srBinOStream@@6BsrBinStream@@@,srBinOStream,,srBinStream,0x76ae8,1,0x32340,?getSize@srBinStream@@UAEKXZ,public: virtual unsigned long __thiscall srBinStream::getSize(void),exported
wiz8--demo--sr--bb5f67e6a719,sr.dll,??_7srBinOStream@@6BsrBinStream@@@,srBinOStream,,srBinStream,0x76ae8,2,0x6ff14,,,internal
wiz8--demo--sr--bb5f67e6a719,sr.dll,??_7srBinOStream@@6BsrBinStream@@@,srBinOStream,,srBinStream,0x76ae8,3,0x6ff14,,,internal
wiz8--demo--sr--bb5f67e6a719,sr.dll,??_7srBinOStream@@6BsrBinStream@@@,srBinOStream,,srBinStream,0x76ae8,4,0x6ff14,,,internal
wiz8--demo--sr--bb5f67e6a719,sr.dll,??_7srBinStream@@6B@,srBinStream,,,0x76970,0,0x322e0,,,internal
wiz8--demo--sr--bb5f67e6a719,sr.dll,??_7srBinStream@@6B@,srBinStream,,,0x76970,1,0x32340,?getSize@srBinStream@@UAEKXZ,public: virtual unsigned long __thiscall srBinStream::getSize(void),exported
wiz8--demo--sr--bb5f67e6a719,sr.dll,??_7srBinStream@@6B@,srBinStream,,,0x76970,2,0x6ff14,,,internal
wiz8--demo--sr--bb5f67e6a719,sr.dll,??_7srBinStream@@6B@,srBinStream,,,0x76970,3,0x6ff14,,,internal
wiz8--demo--sr--bb5f67e6a719,sr.dll,??_7srBinStream@@6B@,srBinStream,,,0x76970,4,0x6ff14,,,internal
wiz8--demo--sr--bb5f67e6a719,sr.dll,??_7srBounder@@6B@,srBounder,,,0x76f30,0,0x4af20,,,internal
wiz8--demo--sr--bb5f67e6a719,sr.dll,??_7srBounder@@6B@,srBounder,,,0x76f30,1,0x4af10,,,internal
wiz8--demo--sr--bb5f67e6a719,sr.dll,??_7srBounder@@6B@,srBounder,,,0x76f30,2,0x4af30,,,internal
wiz8--demo--sr--bb5f67e6a719,sr.dll,??_7srBounder@@6B@,srBounder,,,0x76f30,3,0x4aa30,?dump@srBounder@@UAEXAAV?$basic_ostream@DU?$char_traits@D@std@@@std@@@Z,"public: virtual void __thiscall srBounder::dump(class std::basic_ostream<char, struct std::char_traits<char>> &)",exported
wiz8--demo--sr--bb5f67e6a719,sr.dll,??_7srBounder@@6B@,srBounder,,,0x76f30,4,0xe050,?verify@srClass@@UAEXW4e_verify@srRuntimeClass@@@Z,public: virtual void __thiscall srClass::verify(enum srRuntimeClass::e_verify),exported
wiz8--demo--sr--bb5f67e6a719,sr.dll,??_7srBounder@@6B@,srBounder,,,0x76f30,5,0x4b3d0,,,internal
wiz8--demo--sr--bb5f67e6a719,sr.dll,??_7srBounder@@6B@,srBounder,,,0x76f30,6,0x4b080,?vInstance@srBounder@@UAEPAVsrClass@@XZ,public: virtual class srClass * __thiscall srBounder::vInstance(void),exported
wiz8--demo--sr--bb5f67e6a719,sr.dll,??_7srBounder@@6B@,srBounder,,,0x76f30,7,0x4af90,,,internal
wiz8--demo--sr--bb5f67e6a719,sr.dll,??_7srBounder@@6B@,srBounder,,,0x76f30,8,0x4a6f0,?traverse@srBounder@@UAEXAAVTraverseInfo@srNode@@@Z,public: virtual void __thiscall srBounder::traverse(class srNode::TraverseInfo &),exported
wiz8--demo--sr--bb5f67e6a719,sr.dll,??_7srBounder@@6B@,srBounder,,,0x76f30,9,0x4a6e0,?process@srBounder@@UAEXABUProcessInfo@srNode@@W4e_processType@3@@Z,"public: virtual void __thiscall srBounder::process(struct srNode::ProcessInfo const &, enum srNode::e_processType)",exported
wiz8--demo--sr--bb5f67e6a719,sr.dll,??_7srBounder@@6B@,srBounder,,,0x76f30,10,0x50510,?getLocalBounds@srNode@@UAEXAAUBoundInfo@1@@Z,public: virtual void __thiscall srNode::getLocalBounds(struct srNode::BoundInfo &),exported
wiz8--demo--sr--bb5f67e6a719,sr.dll,??_7srBounder@@6B@,srBounder,,,0x76f30,11,0x4a800,?updateBounds@srBounder@@UAEXXZ,public: virtual void __thiscall srBounder::updateBounds(void),exported
wiz8--demo--sr--bb5f67e6a719,sr.dll,??_7srBounder@@6B@,srBounder,,,0x76f30,12,0x50690,?processSignal@srNode@@MAEHKPAX@Z,"protected: virtual int __thiscall srNode::processSignal(unsigned long, void *)",exported
wiz8--demo--sr--bb5f67e6a719,sr.dll,??_7srBoxFilter@@6B@,srBoxFilter,,,0x75350,0,0x3570,,,internal
wiz8--demo--sr--bb5f67e6a719,sr.dll,??_7srBoxFilter@@6B@,srBoxFilter,,,0x75350,1,0x3470,?getName@srBoxFilter@@UBEPBDXZ,public: virtual char const * __thiscall srBoxFilter::getName(void) const,exported
wiz8--demo--sr--bb5f67e6a719,sr.dll,??_7srBoxFilter@@6B@,srBoxFilter,,,0x75350,2,0x32c0,?getWeight@srBoxFilter@@UBENN@Z,public: virtual double __thiscall srBoxFilter::getWeight(double) const,exported
wiz8--demo--sr--bb5f67e6a719,sr.dll,??_7srBoxFilter@@6B@,srBoxFilter,,,0x75350,3,0x3320,?getSupport@srBoxFilter@@UBENXZ,public: virtual double __thiscall srBoxFilter::getSupport(void) const,exported
wiz8--demo--sr--bb5f67e6a719,sr.dll,??_7srCamera@@6B@,srCamera,,,0x76e40,0,0x49390,,,internal
wiz8--demo--sr--bb5f67e6a719,sr.dll,??_7srCamera@@6B@,srCamera,,,0x76e40,1,0x49380,,,internal
wiz8--demo--sr--bb5f67e6a719,sr.dll,??_7srCamera@@6B@,srCamera,,,0x76e40,2,0x493a0,,,internal
wiz8--demo--sr--bb5f67e6a719,sr.dll,??_7srCamera@@6B@,srCamera,,,0x76e40,3,0x48b70,?dump@srCamera@@UAEXAAV?$basic_ostream@DU?$char_traits@D@std@@@std@@@Z,"public: virtual void __thiscall srCamera::dump(class std::basic_ostream<char, struct std::char_traits<char>> &)",exported
wiz8--demo--sr--bb5f67e6a719,sr.dll,??_7srCamera@@6B@,srCamera,,,0x76e40,4,0xe050,?verify@srClass@@UAEXW4e_verify@srRuntimeClass@@@Z,public: virtual void __thiscall srClass::verify(enum srRuntimeClass::e_verify),exported
wiz8--demo--sr--bb5f67e6a719,sr.dll,??_7srCamera@@6B@,srCamera,,,0x76e40,5,0x48310,,,internal
wiz8--demo--sr--bb5f67e6a719,sr.dll,??_7srCamera@@6B@,srCamera,,,0x76e40,6,0x48030,?vInstance@srCamera@@UAEPAVsrClass@@XZ,public: virtual class srClass * __thiscall srCamera::vInstance(void),exported
wiz8--demo--sr--bb5f67e6a719,sr.dll,??_7srCamera@@6B@,srCamera,,,0x76e40,7,0x49400,,,internal
wiz8--demo--sr--bb5f67e6a719,sr.dll,??_7srCamera@@6B@,srCamera,,,0x76e40,8,0x504b0,?traverse@srNode@@UAEXAAVTraverseInfo@1@@Z,public: virtual void __thiscall srNode::traverse(class srNode::TraverseInfo &),exported
wiz8--demo--sr--bb5f67e6a719,sr.dll,??_7srCamera@@6B@,srCamera,,,0x76e40,9,0x47df0,?process@srCamera@@UAEXABUProcessInfo@srNode@@W4e_processType@3@@Z,"public: virtual void __thiscall srCamera::process(struct srNode::ProcessInfo const &, enum srNode::e_processType)",exported
wiz8--demo--sr--bb5f67e6a719,sr.dll,??_7srCamera@@6B@,srCamera,,,0x76e40,10,0x50510,?getLocalBounds@srNode@@UAEXAAUBoundInfo@1@@Z,public: virtual void __thiscall srNode::getLocalBounds(struct srNode::BoundInfo &),exported
wiz8--demo--sr--bb5f67e6a719,sr.dll,??_7srCamera@@6B@,srCamera,,,0x76e40,11,0x50500,?updateBounds@srNode@@UAEXXZ,public: virtual void __thiscall srNode::updateBounds(void),exported
wiz8--demo--sr--bb5f67e6a719,sr.dll,??_7srCamera@@6B@,srCamera,,,0x76e40,12,0x50690,?processSignal@srNode@@MAEHKPAX@Z,"protected: virtual int __thiscall srNode::processSignal(unsigned long, void *)",exported
wiz8--demo--sr--bb5f67e6a719,sr.dll,??_7srClipPlane@@6B@,srClipPlane,,,0x76ec0,0,0x49f50,,,internal
wiz8--demo--sr--bb5f67e6a719,sr.dll,??_7srClipPlane@@6B@,srClipPlane,,,0x76ec0,1,0x49f40,,,internal
wiz8--demo--sr--bb5f67e6a719,sr.dll,??_7srClipPlane@@6B@,srClipPlane,,,0x76ec0,2,0x49f60,,,internal
wiz8--demo--sr--bb5f67e6a719,sr.dll,??_7srClipPlane@@6B@,srClipPlane,,,0x76ec0,3,0x49e40,?dump@srClipPlane@@UAEXAAV?$basic_ostream@DU?$char_traits@D@std@@@std@@@Z,"public: virtual void __thiscall srClipPlane::dump(class std::basic_ostream<char, struct std::char_traits<char>> &)",exported
wiz8--demo--sr--bb5f67e6a719,sr.dll,??_7srClipPlane@@6B@,srClipPlane,,,0x76ec0,4,0xe050,?verify@srClass@@UAEXW4e_verify@srRuntimeClass@@@Z,public: virtual void __thiscall srClass::verify(enum srRuntimeClass::e_verify),exported
wiz8--demo--sr--bb5f67e6a719,sr.dll,??_7srClipPlane@@6B@,srClipPlane,,,0x76ec0,5,0x4a3b0,,,internal
wiz8--demo--sr--bb5f67e6a719,sr.dll,??_7srClipPlane@@6B@,srClipPlane,,,0x76ec0,6,0x4a160,?vInstance@srClipPlane@@UAEPAVsrClass@@XZ,public: virtual class srClass * __thiscall srClipPlane::vInstance(void),exported
wiz8--demo--sr--bb5f67e6a719,sr.dll,??_7srClipPlane@@6B@,srClipPlane,,,0x76ec0,7,0x49fc0,,,internal
wiz8--demo--sr--bb5f67e6a719,sr.dll,??_7srClipPlane@@6B@,srClipPlane,,,0x76ec0,8,0x49d40,?traverse@srClipPlane@@UAEXAAVTraverseInfo@srNode@@@Z,public: virtual void __thiscall srClipPlane::traverse(class srNode::TraverseInfo &),exported
wiz8--demo--sr--bb5f67e6a719,sr.dll,??_7srClipPlane@@6B@,srClipPlane,,,0x76ec0,9,0x49ce0,?process@srClipPlane@@UAEXABUProcessInfo@srNode@@W4e_processType@3@@Z,"public: virtual void __thiscall srClipPlane::process(struct srNode::ProcessInfo const &, enum srNode::e_processType)",exported
wiz8--demo--sr--bb5f67e6a719,sr.dll,??_7srClipPlane@@6B@,srClipPlane,,,0x76ec0,10,0x50510,?getLocalBounds@srNode@@UAEXAAUBoundInfo@1@@Z,public: virtual void __thiscall srNode::getLocalBounds(struct srNode::BoundInfo &),exported
wiz8--demo--sr--bb5f67e6a719,sr.dll,??_7srClipPlane@@6B@,srClipPlane,,,0x76ec0,11,0x50500,?updateBounds@srNode@@UAEXXZ,public: virtual void __thiscall srNode::updateBounds(void),exported
wiz8--demo--sr--bb5f67e6a719,sr.dll,??_7srClipPlane@@6B@,srClipPlane,,,0x76ec0,12,0x50690,?processSignal@srNode@@MAEHKPAX@Z,"protected: virtual int __thiscall srNode::processSignal(unsigned long, void *)",exported
wiz8--demo--sr--bb5f67e6a719,sr.dll,??_7srColorSurface@@6B@,srColorSurface,,,0x772d0,0,0x5dfc0,,,internal
wiz8--demo--sr--bb5f67e6a719,sr.dll,??_7srColorSurface@@6B@,srColorSurface,,,0x772d0,1,0x5dfb0,,,internal
wiz8--demo--sr--bb5f67e6a719,sr.dll,??_7srColorSurface@@6B@,srColorSurface,,,0x772d0,2,0x5dfd0,,,internal
wiz8--demo--sr--bb5f67e6a719,sr.dll,??_7srColorSurface@@6B@,srColorSurface,,,0x772d0,3,0x5dbe0,?dump@srColorSurface@@UAEXAAV?$basic_ostream@DU?$char_traits@D@std@@@std@@@Z,"public: virtual void __thiscall srColorSurface::dump(class std::basic_ostream<char, struct std::char_traits<char>> &)",exported
wiz8--demo--sr--bb5f67e6a719,sr.dll,??_7srColorSurface@@6B@,srColorSurface,,,0x772d0,4,0xe050,?verify@srClass@@UAEXW4e_verify@srRuntimeClass@@@Z,public: virtual void __thiscall srClass::verify(enum srRuntimeClass::e_verify),exported
wiz8--demo--sr--bb5f67e6a719,sr.dll,??_7srColorSurface@@6B@,srColorSurface,,,0x772d0,5,0x5df50,,,internal
wiz8--demo--sr--bb5f67e6a719,sr.dll,??_7srColorSurface@@6B@,srColorSurface,,,0x772d0,6,0x5ddb0,?vInstance@srColorSurface@@UAEPAVsrClass@@XZ,public: virtual class srClass * __thiscall srColorSurface::vInstance(void),exported
wiz8--demo--sr--bb5f67e6a719,sr.dll,??_7srColorSurface@@6B@,srColorSurface,,,0x772d0,7,0x5e030,,,internal
wiz8--demo--sr--bb5f67e6a719,sr.dll,??_7srColorSurface@@6B@,srColorSurface,,,0x772d0,8,0x5b2e0,?getPixel@srColorSurfaceIFace@@UAEKJJ@Z,"public: virtual unsigned long __thiscall srColorSurfaceIFace::getPixel(long, long)",exported
wiz8--demo--sr--bb5f67e6a719,sr.dll,??_7srColorSurface@@6B@,srColorSurface,,,0x772d0,9,0x5b470,?setPixel@srColorSurfaceIFace@@UAEXJJK@Z,"public: virtual void __thiscall srColorSurfaceIFace::setPixel(long, long, unsigned long)",exported
wiz8--demo--sr--bb5f67e6a719,sr.dll,??_7srColorSurface@@6B@,srColorSurface,,,0x772d0,10,0x5c460,?getPixelRaw@srColorSurface@@UAEKJJ@Z,"public: virtual unsigned long __thiscall srColorSurface::getPixelRaw(long, long)",exported
wiz8--demo--sr--bb5f67e6a719,sr.dll,??_7srColorSurface@@6B@,srColorSurface,,,0x772d0,11,0x5c030,?setPixelRaw@srColorSurface@@UAEXJJK@Z,"public: virtual void __thiscall srColorSurface::setPixelRaw(long, long, unsigned long)",exported
wiz8--demo--sr--bb5f67e6a719,sr.dll,??_7srColorSurface@@6B@,srColorSurface,,,0x772d0,12,0x5d7a0,?getPixels@srColorSurface@@UAEXPAKPBVsrVector2i@@J@Z,"public: virtual void __thiscall srColorSurface::getPixels(unsigned long *, class srVector2i const *, long)",exported
wiz8--demo--sr--bb5f67e6a719,sr.dll,??_7srColorSurface@@6B@,srColorSurface,,,0x772d0,13,0x5d5f0,?setPixels@srColorSurface@@UAEXPBKPBVsrVector2i@@J@Z,"public: virtual void __thiscall srColorSurface::setPixels(unsigned long const *, class srVector2i const *, long)",exported
wiz8--demo--sr--bb5f67e6a719,sr.dll,??_7srColorSurface@@6B@,srColorSurface,,,0x772d0,14,0x5d830,?getPixelsRaw@srColorSurface@@UAEXPAXPBVsrVector2i@@J@Z,"public: virtual void __thiscall srColorSurface::getPixelsRaw(void *, class srVector2i const *, long)",exported
wiz8--demo--sr--bb5f67e6a719,sr.dll,??_7srColorSurface@@6B@,srColorSurface,,,0x772d0,15,0x5d680,?setPixelsRaw@srColorSurface@@UAEXPBXPBVsrVector2i@@J@Z,"public: virtual void __thiscall srColorSurface::setPixelsRaw(void const *, class srVector2i const *, long)",exported
wiz8--demo--sr--bb5f67e6a719,sr.dll,??_7srColorSurface@@6B@,srColorSurface,,,0x772d0,16,0x5d970,?getPixelColumn@srColorSurface@@UAEXPAKJJJ@Z,"public: virtual void __thiscall srColorSurface::getPixelColumn(unsigned long *, long, long, long)",exported
wiz8--demo--sr--bb5f67e6a719,sr.dll,??_7srColorSurface@@6B@,srColorSurface,,,0x772d0,17,0x5dad0,?setPixelColumn@srColorSurface@@UAEXPBKJJJ@Z,"public: virtual void __thiscall srColorSurface::setPixelColumn(unsigned long const *, long, long, long)",exported
wiz8--demo--sr--bb5f67e6a719,sr.dll,??_7srColorSurface@@6B@,srColorSurface,,,0x772d0,18,0x5b570,?getPalette@srColorSurface@@UAEPAVsrPalette@@XZ,public: virtual class srPalette * __thiscall srColorSurface::getPalette(void),exported
wiz8--demo--sr--bb5f67e6a719,sr.dll,??_7srColorSurface@@6B@,srColorSurface,,,0x772d0,19,0x5b580,?setPalette@srColorSurface@@UAEXPAVsrPalette@@@Z,public: virtual void __thiscall srColorSurface::setPalette(class srPalette *),exported
wiz8--demo--sr--bb5f67e6a719,sr.dll,??_7srColorSurface@@6B@,srColorSurface,,,0x772d0,20,0x5b550,?getDataPtr@srColorSurface@@UAEPAXXZ,public: virtual void * __thiscall srColorSurface::getDataPtr(void),exported
wiz8--demo--sr--bb5f67e6a719,sr.dll,??_7srColorSurface@@6B@,srColorSurface,,,0x772d0,21,0x5b560,?getDataSize@srColorSurface@@UAEJXZ,public: virtual long __thiscall srColorSurface::getDataSize(void),exported
wiz8--demo--sr--bb5f67e6a719,sr.dll,??_7srColorSurface@@6B@,srColorSurface,,,0x772d0,22,0x5bec0,?resize@srColorSurface@@UAEHJJ@Z,"public: virtual int __thiscall srColorSurface::resize(long, long)",exported
wiz8--demo--sr--bb5f67e6a719,sr.dll,??_7srColorSurface@@6B@,srColorSurface,,,0x772d0,23,0x5bd10,?rescale@srColorSurface@@UAEHJJ@Z,"public: virtual int __thiscall srColorSurface::rescale(long, long)",exported
wiz8--demo--sr--bb5f67e6a719,sr.dll,??_7srColorSurface@@6B@,srColorSurface,,,0x772d0,24,0x5bde0,?changePixelFormat@srColorSurface@@UAEHABUPixelFormat@srPixelConvert@@H@Z,"public: virtual int __thiscall srColorSurface::changePixelFormat(struct srPixelConvert::PixelFormat const &, int)",exported
wiz8--demo--sr--bb5f67e6a719,sr.dll,??_7srColorSurface@@6B@,srColorSurface,,,0x772d0,25,0x5c900,?fill@srColorSurface@@UAEXK@Z,public: virtual void __thiscall srColorSurface::fill(unsigned long),exported
wiz8--demo--sr--bb5f67e6a719,sr.dll,??_7srColorSurface@@6B@,srColorSurface,,,0x772d0,26,0x5c560,?setHLine@srColorSurface@@UAEXJJJK@Z,"public: virtual void __thiscall srColorSurface::setHLine(long, long, long, unsigned long)",exported
wiz8--demo--sr--bb5f67e6a719,sr.dll,??_7srColorSurface@@6B@,srColorSurface,,,0x772d0,27,0x5c740,?setVLine@srColorSurface@@UAEXJJJK@Z,"public: virtual void __thiscall srColorSurface::setVLine(long, long, long, unsigned long)",exported
wiz8--demo--sr--bb5f67e6a719,sr.dll,??_7srColorSurface@@6B@,srColorSurface,,,0x772d0,28,0x57810,?setLine@srColorSurfaceIFace@@UAEXJJJJK@Z,"public: virtual void __thiscall srColorSurfaceIFace::setLine(long, long, long, long, unsigned long)",exported
wiz8--demo--sr--bb5f67e6a719,sr.dll,??_7srColorSurface@@6B@,srColorSurface,,,0x772d0,29,0x589d0,?composite@srColorSurfaceIFace@@UAEXJJAAV1@JJJJN@Z,"public: virtual void __thiscall srColorSurfaceIFace::composite(long, long, class srColorSurfaceIFace &, long, long, long, long, double)",exported
wiz8--demo--sr--bb5f67e6a719,sr.dll,??_7srColorSurface@@6B@,srColorSurface,,,0x772d0,30,0x58450,?blit@srColorSurfaceIFace@@UAEXABUBlitInfo@1@AAV1@@Z,"public: virtual void __thiscall srColorSurfaceIFace::blit(struct srColorSurfaceIFace::BlitInfo const &, class srColorSurfaceIFace &)",exported
wiz8--demo--sr--bb5f67e6a719,sr.dll,??_7srColorSurface@@6B@,srColorSurface,,,0x772d0,31,0x5d220,?blit@srColorSurface@@UAEXJJAAVsrColorSurfaceIFace@@JJJJ@Z,"public: virtual void __thiscall srColorSurface::blit(long, long, class srColorSurfaceIFace &, long, long, long, long)",exported
wiz8--demo--sr--bb5f67e6a719,sr.dll,??_7srColorSurface@@6B@,srColorSurface,,,0x772d0,32,0x59900,?copy@srColorSurfaceIFace@@UAEXAAV1@@Z,public: virtual void __thiscall srColorSurfaceIFace::copy(class srColorSurfaceIFace &),exported
wiz8--demo--sr--bb5f67e6a719,sr.dll,??_7srColorSurface@@6B@,srColorSurface,,,0x772d0,33,0x5c0a0,?swapPixelRows@srColorSurface@@UAEXJJJJJ@Z,"public: virtual void __thiscall srColorSurface::swapPixelRows(long, long, long, long, long)",exported
wiz8--demo--sr--bb5f67e6a719,sr.dll,??_7srColorSurface@@6B@,srColorSurface,,,0x772d0,34,0x5c2e0,?flipRectangle@srColorSurface@@UAEXABURectangle@srColorSurfaceIFace@@@Z,public: virtual void __thiscall srColorSurface::flipRectangle(struct srColorSurfaceIFace::Rectangle const &),exported
wiz8--demo--sr--bb5f67e6a719,sr.dll,??_7srColorSurface@@6B@,srColorSurface,,,0x772d0,35,0x57d10,?adjust@srColorSurfaceIFace@@UAEXABV?$srVector4T@M@@00@Z,"public: virtual void __thiscall srColorSurfaceIFace::adjust(class srVector4T<float> const &, class srVector4T<float> const &, class srVector4T<float> const &)",exported
wiz8--demo--sr--bb5f67e6a719,sr.dll,??_7srColorSurface@@6B@,srColorSurface,,,0x772d0,36,0x57eb0,?adjustSaturation@srColorSurfaceIFace@@UAEXN@Z,public: virtual void __thiscall srColorSurfaceIFace::adjustSaturation(double),exported
wiz8--demo--sr--bb5f67e6a719,sr.dll,??_7srColorSurface@@6B@,srColorSurface,,,0x772d0,37,0x59240,?getChannelStatistics@srColorSurfaceIFace@@UAEXAAVsrStat@@W4e_index@srARGB@@@Z,"public: virtual void __thiscall srColorSurfaceIFace::getChannelStatistics(class srStat &, enum srARGB::e_index)",exported
wiz8--demo--sr--bb5f67e6a719,sr.dll,??_7srColorSurface@@6B@,srColorSurface,,,0x772d0,38,0x5b040,?remapPixels@srColorSurfaceIFace@@UAEXABVsrARGB@@0@Z,"public: virtual void __thiscall srColorSurfaceIFace::remapPixels(class srARGB const &, class srARGB const &)",exported
wiz8--demo--sr--bb5f67e6a719,sr.dll,??_7srColorSurface@@6B@,srColorSurface,,,0x772d0,39,0x59520,?copyColorChannel@srColorSurfaceIFace@@UAEXW4e_index@srARGB@@0@Z,"public: virtual void __thiscall srColorSurfaceIFace::copyColorChannel(enum srARGB::e_index, enum srARGB::e_index)",exported
wiz8--demo--sr--bb5f67e6a719,sr.dll,??_7srColorSurface@@6B@,srColorSurface,,,0x772d0,40,0x59420,?flipColorChannels@srColorSurfaceIFace@@UAEXW4e_index@srARGB@@0@Z,"public: virtual void __thiscall srColorSurfaceIFace::flipColorChannels(enum srARGB::e_index, enum srARGB::e_index)",exported
wiz8--demo--sr--bb5f67e6a719,sr.dll,??_7srColorSurface@@6B@,srColorSurface,,,0x772d0,41,0x5d940,?getPixelRow@srColorSurface@@UAEXPAKJJJ@Z,"public: virtual void __thiscall srColorSurface::getPixelRow(unsigned long *, long, long, long)",exported
wiz8--demo--sr--bb5f67e6a719,sr.dll,??_7srColorSurface@@6B@,srColorSurface,,,0x772d0,42,0x5daa0,?setPixelRow@srColorSurface@@UAEXPBKJJJ@Z,"public: virtual void __thiscall srColorSurface::setPixelRow(unsigned long const *, long, long, long)",exported
wiz8--demo--sr--bb5f67e6a719,sr.dll,??_7srColorSurface@@6B@,srColorSurface,,,0x772d0,43,0x5bf70,?getPixelRowRaw@srColorSurface@@UAEXPAXJJJ@Z,"public: virtual void __thiscall srColorSurface::getPixelRowRaw(void *, long, long, long)",exported
wiz8--demo--sr--bb5f67e6a719,sr.dll,??_7srColorSurface@@6B@,srColorSurface,,,0x772d0,44,0x5bfd0,?setPixelRowRaw@srColorSurface@@UAEXPBXJJJ@Z,"public: virtual void __thiscall srColorSurface::setPixelRowRaw(void const *, long, long, long)",exported
wiz8--demo--sr--bb5f67e6a719,sr.dll,??_7srColorSurface@@6B@,srColorSurface,,,0x772d0,45,0x5d010,?copyNoScaling@srColorSurface@@EAEXAAVsrColorSurfaceIFace@@@Z,private: virtual void __thiscall srColorSurface::copyNoScaling(class srColorSurfaceIFace &),exported
wiz8--demo--sr--bb5f67e6a719,sr.dll,??_7srColorSurface@@6B@,srColorSurface,,,0x772d0,46,0x59ac0,?scaleHorizontal@srColorSurfaceIFace@@MAEXAAV1@@Z,protected: virtual void __thiscall srColorSurfaceIFace::scaleHorizontal(class srColorSurfaceIFace &),exported
wiz8--demo--sr--bb5f67e6a719,sr.dll,??_7srColorSurface@@6B@,srColorSurface,,,0x772d0,47,0x5a250,?scaleVertical@srColorSurfaceIFace@@MAEXAAV1@@Z,protected: virtual void __thiscall srColorSurfaceIFace::scaleVertical(class srColorSurfaceIFace &),exported
wiz8--demo--sr--bb5f67e6a719,sr.dll,??_7srColorSurface@@6B@,srColorSurface,,,0x772d0,48,0x5cc90,?scaleFast@srColorSurface@@EAEXAAVsrColorSurfaceIFace@@@Z,private: virtual void __thiscall srColorSurface::scaleFast(class srColorSurfaceIFace &),exported
wiz8--demo--sr--bb5f67e6a719,sr.dll,??_7srColorSurface@@6B@,srColorSurface,,,0x772d0,49,0x5a7a0,?scale@srColorSurfaceIFace@@MAEXAAV1@@Z,protected: virtual void __thiscall srColorSurfaceIFace::scale(class srColorSurfaceIFace &),exported
wiz8--demo--sr--bb5f67e6a719,sr.dll,??_7srColorSurface@@6B@,srColorSurface,,,0x772d0,50,0x5abb0,?magnify@srColorSurfaceIFace@@MAEXAAV1@@Z,protected: virtual void __thiscall srColorSurfaceIFace::magnify(class srColorSurfaceIFace &),exported
wiz8--demo--sr--bb5f67e6a719,sr.dll,??_7srColorSurface@@6B@,srColorSurface,,,0x772d0,51,0x5a930,?minify@srColorSurfaceIFace@@MAEXAAV1@@Z,protected: virtual void __thiscall srColorSurfaceIFace::minify(class srColorSurfaceIFace &),exported
wiz8--demo--sr--bb5f67e6a719,sr.dll,??_7srDebugDD@@6B@,srDebugDD,,,0x765f0,0,0x178c0,,,internal
wiz8--demo--sr--bb5f67e6a719,sr.dll,??_7srDebugDD@@6B@,srDebugDD,,,0x765f0,1,0x16dd0,?getInfo@srDebugDD@@UAEXAAUInfo@srDD@@@Z,public: virtual void __thiscall srDebugDD::getInfo(struct srDD::Info &),exported
wiz8--demo--sr--bb5f67e6a719,sr.dll,??_7srDebugDD@@6B@,srDebugDD,,,0x765f0,2,0x16e00,?getWindowList@srDebugDD@@UAEXAAUWindowInfoList@srDD@@@Z,public: virtual void __thiscall srDebugDD::getWindowList(struct srDD::WindowInfoList &),exported
wiz8--demo--sr--bb5f67e6a719,sr.dll,??_7srDebugDD@@6B@,srDebugDD,,,0x765f0,3,0x16e30,?getTextureFormats@srDebugDD@@UAEXAAUPixelFormatList@srDD@@@Z,public: virtual void __thiscall srDebugDD::getTextureFormats(struct srDD::PixelFormatList &),exported
wiz8--demo--sr--bb5f67e6a719,sr.dll,??_7srDebugDD@@6B@,srDebugDD,,,0x765f0,4,0x16e60,?getStatistics@srDebugDD@@UAEXAAUStatistics@srDD@@@Z,public: virtual void __thiscall srDebugDD::getStatistics(struct srDD::Statistics &),exported
wiz8--demo--sr--bb5f67e6a719,sr.dll,??_7srDebugDD@@6B@,srDebugDD,,,0x765f0,5,0x16e90,?resetStatistics@srDebugDD@@UAEXXZ,public: virtual void __thiscall srDebugDD::resetStatistics(void),exported
wiz8--demo--sr--bb5f67e6a719,sr.dll,??_7srDebugDD@@6B@,srDebugDD,,,0x765f0,6,0x172d0,?extCommand@srDebugDD@@UAEXKPAXK@Z,"public: virtual void __thiscall srDebugDD::extCommand(unsigned long, void *, unsigned long)",exported
wiz8--demo--sr--bb5f67e6a719,sr.dll,??_7srDebugDD@@6B@,srDebugDD,,,0x765f0,7,0x17220,?isBusy@srDebugDD@@UAEHXZ,public: virtual int __thiscall srDebugDD::isBusy(void),exported
wiz8--demo--sr--bb5f67e6a719,sr.dll,??_7srDebugDD@@6B@,srDebugDD,,,0x765f0,8,0x171e0,?openWindow@srDebugDD@@UAE?AW4e_error@srDD@@ABUOpenInfo@3@AAUOpenResult@3@@Z,"public: virtual enum srDD::e_error __thiscall srDebugDD::openWindow(struct srDD::OpenInfo const &, struct srDD::OpenResult &)",exported
wiz8--demo--sr--bb5f67e6a719,sr.dll,??_7srDebugDD@@6B@,srDebugDD,,,0x765f0,9,0x16ec0,?closeWindow@srDebugDD@@UAEXXZ,public: virtual void __thiscall srDebugDD::closeWindow(void),exported
wiz8--demo--sr--bb5f67e6a719,sr.dll,??_7srDebugDD@@6B@,srDebugDD,,,0x765f0,10,0x16ef0,?beginFrame@srDebugDD@@UAEXXZ,public: virtual void __thiscall srDebugDD::beginFrame(void),exported
wiz8--demo--sr--bb5f67e6a719,sr.dll,??_7srDebugDD@@6B@,srDebugDD,,,0x765f0,11,0x16f20,?endFrame@srDebugDD@@UAEXXZ,public: virtual void __thiscall srDebugDD::endFrame(void),exported
wiz8--demo--sr--bb5f67e6a719,sr.dll,??_7srDebugDD@@6B@,srDebugDD,,,0x765f0,12,0x16f50,?flushFrame@srDebugDD@@UAEXXZ,public: virtual void __thiscall srDebugDD::flushFrame(void),exported
wiz8--demo--sr--bb5f67e6a719,sr.dll,??_7srDebugDD@@6B@,srDebugDD,,,0x765f0,13,0x16f80,?flipFrame@srDebugDD@@UAEXPBUScissor@srDD@@0K@Z,"public: virtual void __thiscall srDebugDD::flipFrame(struct srDD::Scissor const *, struct srDD::Scissor const *, unsigned long)",exported
wiz8--demo--sr--bb5f67e6a719,sr.dll,??_7srDebugDD@@6B@,srDebugDD,,,0x765f0,14,0x16fc0,?clearBuffers@srDebugDD@@UAEXABV?$srFlags@W4e_buffer@srDD@@@@@Z,public: virtual void __thiscall srDebugDD::clearBuffers(class srFlags<enum srDD::e_buffer> const &),exported
wiz8--demo--sr--bb5f67e6a719,sr.dll,??_7srDebugDD@@6B@,srDebugDD,,,0x765f0,15,0x17250,?bufferOp@srDebugDD@@UAE?AW4e_error@srDD@@ABUBufferCommand@3@@Z,public: virtual enum srDD::e_error __thiscall srDebugDD::bufferOp(struct srDD::BufferCommand const &),exported
wiz8--demo--sr--bb5f67e6a719,sr.dll,??_7srDebugDD@@6B@,srDebugDD,,,0x765f0,16,0x16ff0,?update@srDebugDD@@UAEXABUUpdate@srDD@@@Z,public: virtual void __thiscall srDebugDD::update(struct srDD::Update const &),exported
wiz8--demo--sr--bb5f67e6a719,sr.dll,??_7srDebugDD@@6B@,srDebugDD,,,0x765f0,17,0x17020,?setScissor@srDebugDD@@UAEXABUScissor@srDD@@@Z,public: virtual void __thiscall srDebugDD::setScissor(struct srDD::Scissor const &),exported
wiz8--demo--sr--bb5f67e6a719,sr.dll,??_7srDebugDD@@6B@,srDebugDD,,,0x765f0,18,0x17050,?setViewPort@srDebugDD@@UAEXABUViewPort@srDD@@@Z,public: virtual void __thiscall srDebugDD::setViewPort(struct srDD::ViewPort const &),exported
wiz8--demo--sr--bb5f67e6a719,sr.dll,??_7srDebugDD@@6B@,srDebugDD,,,0x765f0,19,0x17080,?setClearValues@srDebugDD@@UAEXABUClearValues@srDD@@@Z,public: virtual void __thiscall srDebugDD::setClearValues(struct srDD::ClearValues const &),exported
wiz8--demo--sr--bb5f67e6a719,sr.dll,??_7srDebugDD@@6B@,srDebugDD,,,0x765f0,20,0x170b0,?setFogColor@srDebugDD@@UAEXABV?$srVector4T@M@@@Z,public: virtual void __thiscall srDebugDD::setFogColor(class srVector4T<float> const &),exported
wiz8--demo--sr--bb5f67e6a719,sr.dll,??_7srDebugDD@@6B@,srDebugDD,,,0x765f0,21,0x170e0,?setShader@srDebugDD@@UAEXABVsrShader@@@Z,public: virtual void __thiscall srDebugDD::setShader(class srShader const &),exported
wiz8--demo--sr--bb5f67e6a719,sr.dll,??_7srDebugDD@@6B@,srDebugDD,,,0x765f0,22,0x17350,?setTextureParameters@srDebugDD@@UAEXKABUTexParms@srDD@@@Z,"public: virtual void __thiscall srDebugDD::setTextureParameters(unsigned long, struct srDD::TexParms const &)",exported
wiz8--demo--sr--bb5f67e6a719,sr.dll,??_7srDebugDD@@6B@,srDebugDD,,,0x765f0,23,0x17310,?bindTexture@srDebugDD@@UAEXKAAUTexture@srDD@@@Z,"public: virtual void __thiscall srDebugDD::bindTexture(unsigned long, struct srDD::Texture &)",exported
wiz8--demo--sr--bb5f67e6a719,sr.dll,??_7srDebugDD@@6B@,srDebugDD,,,0x765f0,24,0x17110,?deleteTexture@srDebugDD@@UAEXAAUTexture@srDD@@@Z,public: virtual void __thiscall srDebugDD::deleteTexture(struct srDD::Texture &),exported
wiz8--demo--sr--bb5f67e6a719,sr.dll,??_7srDebugDD@@6B@,srDebugDD,,,0x765f0,25,0x17390,?texImage@srDebugDD@@UAEXAAUTexture@srDD@@K@Z,"public: virtual void __thiscall srDebugDD::texImage(struct srDD::Texture &, unsigned long)",exported
wiz8--demo--sr--bb5f67e6a719,sr.dll,??_7srDebugDD@@6B@,srDebugDD,,,0x765f0,26,0x173d0,?texSubImage@srDebugDD@@UAEXAAUTexture@srDD@@KKKKK@Z,"public: virtual void __thiscall srDebugDD::texSubImage(struct srDD::Texture &, unsigned long, unsigned long, unsigned long, unsigned long, unsigned long)",exported
wiz8--demo--sr--bb5f67e6a719,sr.dll,??_7srDebugDD@@6B@,srDebugDD,,,0x765f0,27,0x17420,?setGlobalPalette@srDebugDD@@UAEXPAKK@Z,"public: virtual void __thiscall srDebugDD::setGlobalPalette(unsigned long *, unsigned long)",exported
wiz8--demo--sr--bb5f67e6a719,sr.dll,??_7srDebugDD@@6B@,srDebugDD,,,0x765f0,28,0x17460,?bindPalette@srDebugDD@@UAEXAAUPalette@srDD@@@Z,public: virtual void __thiscall srDebugDD::bindPalette(struct srDD::Palette &),exported
wiz8--demo--sr--bb5f67e6a719,sr.dll,??_7srDebugDD@@6B@,srDebugDD,,,0x765f0,29,0x17140,?deletePalette@srDebugDD@@UAEXAAUPalette@srDD@@@Z,public: virtual void __thiscall srDebugDD::deletePalette(struct srDD::Palette &),exported
wiz8--demo--sr--bb5f67e6a719,sr.dll,??_7srDebugDD@@6B@,srDebugDD,,,0x765f0,30,0x17290,?createContext@srDebugDD@@UAE?AW4e_error@srDD@@K@Z,public: virtual enum srDD::e_error __thiscall srDebugDD::createContext(unsigned long),exported
wiz8--demo--sr--bb5f67e6a719,sr.dll,??_7srDebugDD@@6B@,srDebugDD,,,0x765f0,31,0x17170,?deleteContext@srDebugDD@@UAEXXZ,public: virtual void __thiscall srDebugDD::deleteContext(void),exported
wiz8--demo--sr--bb5f67e6a719,sr.dll,??_7srDebugDD@@6B@,srDebugDD,,,0x765f0,32,0x171a0,?getDriverInfo@srDebugDD@@UAEXAAUDriverInfo@srDD@@@Z,public: virtual void __thiscall srDebugDD::getDriverInfo(struct srDD::DriverInfo &),exported
wiz8--demo--sr--bb5f67e6a719,sr.dll,??_7srDebugDD@@6B@,srDebugDD,,,0x765f0,33,0x17490,?fence@srDebugDD@@UAEXXZ,public: virtual void __thiscall srDebugDD::fence(void),exported
wiz8--demo--sr--bb5f67e6a719,sr.dll,??_7srDebugDD@@6B@,srDebugDD,,,0x765f0,34,0x174c0,?getBufferPixelFormat@srDebugDD@@UAEXAAUPixelFormat@srDD@@@Z,public: virtual void __thiscall srDebugDD::getBufferPixelFormat(struct srDD::PixelFormat &),exported
wiz8--demo--sr--bb5f67e6a719,sr.dll,??_7srDebugDD@@6B@,srDebugDD,,,0x765f0,35,0x17500,?preBindTexture@srDebugDD@@UAEXKAAUTexture@srDD@@@Z,"public: virtual void __thiscall srDebugDD::preBindTexture(unsigned long, struct srDD::Texture &)",exported
wiz8--demo--sr--bb5f67e6a719,sr.dll,??_7srDebugDD@@6B@,srDebugDD,,,0x765f0,36,0x17540,?setPolygonMode@srDebugDD@@UAEXW4e_polygonMode@srDD@@@Z,public: virtual void __thiscall srDebugDD::setPolygonMode(enum srDD::e_polygonMode),exported
wiz8--demo--sr--bb5f67e6a719,sr.dll,??_7srDebugDD@@6B@,srDebugDD,,,0x765f0,37,0x17580,?setCullMode@srDebugDD@@UAEXW4e_cullMode@srDD@@@Z,public: virtual void __thiscall srDebugDD::setCullMode(enum srDD::e_cullMode),exported
wiz8--demo--sr--bb5f67e6a719,sr.dll,??_7srDebugDD@@6B@,srDebugDD,,,0x765f0,38,0x175c0,?setProjectionMatrix@srDebugDD@@UAEXABV?$srMatrix4T@M@@W4e_type@2@@Z,"public: virtual void __thiscall srDebugDD::setProjectionMatrix(class srMatrix4T<float> const &, enum srMatrix4T<float>::e_type)",exported
wiz8--demo--sr--bb5f67e6a719,sr.dll,??_7srDebugDD@@6B@,srDebugDD,,,0x765f0,39,0x17600,?setVertexArrayInfo@srDebugDD@@UAEXPBUVertexArrayInfo@srRendererDefs@@@Z,public: virtual void __thiscall srDebugDD::setVertexArrayInfo(struct srRendererDefs::VertexArrayInfo const *),exported
wiz8--demo--sr--bb5f67e6a719,sr.dll,??_7srDebugDD@@6B@,srDebugDD,,,0x765f0,40,0x17640,?drawElements@srDebugDD@@UAEXW4e_primitive@srRendererDefs@@KW4e_indexType@3@PBX@Z,"public: virtual void __thiscall srDebugDD::drawElements(enum srRendererDefs::e_primitive, unsigned long, enum srRendererDefs::e_indexType, void const *)",exported
wiz8--demo--sr--bb5f67e6a719,sr.dll,??_7srDebugDD@@6B@,srDebugDD,,,0x765f0,41,0x17690,?drawArrays@srDebugDD@@UAEXW4e_primitive@srRendererDefs@@JK@Z,"public: virtual void __thiscall srDebugDD::drawArrays(enum srRendererDefs::e_primitive, long, unsigned long)",exported
wiz8--demo--sr--bb5f67e6a719,sr.dll,??_7srDebugDD@@6B@,srDebugDD,,,0x765f0,42,0x17700,?setPolygonOffset@srDebugDD@@UAEXJ@Z,public: virtual void __thiscall srDebugDD::setPolygonOffset(long),exported
wiz8--demo--sr--bb5f67e6a719,sr.dll,??_7srDummyStreamBuf@@6B@,srDummyStreamBuf,,,0x76c00,0,0x330f0,,,internal
wiz8--demo--sr--bb5f67e6a719,sr.dll,??_7srDummyStreamBuf@@6B@,srDummyStreamBuf,,,0x76c00,1,0x32fa0,?overflow@srDummyStreamBuf@@EAEHH@Z,private: virtual int __thiscall srDummyStreamBuf::overflow(int),exported
wiz8--demo--sr--bb5f67e6a719,sr.dll,??_7srDummyStreamBuf@@6B@,srDummyStreamBuf,,,0x76c00,2,0x7046c,,,internal
wiz8--demo--sr--bb5f67e6a719,sr.dll,??_7srDummyStreamBuf@@6B@,srDummyStreamBuf,,,0x76c00,3,0x70466,,,internal
wiz8--demo--sr--bb5f67e6a719,sr.dll,??_7srDummyStreamBuf@@6B@,srDummyStreamBuf,,,0x76c00,4,0x32fb0,?underflow@srDummyStreamBuf@@EAEHXZ,private: virtual int __thiscall srDummyStreamBuf::underflow(void),exported
wiz8--demo--sr--bb5f67e6a719,sr.dll,??_7srDummyStreamBuf@@6B@,srDummyStreamBuf,,,0x76c00,5,0x70460,,,internal
wiz8--demo--sr--bb5f67e6a719,sr.dll,??_7srDummyStreamBuf@@6B@,srDummyStreamBuf,,,0x76c00,6,0x7045a,,,internal
wiz8--demo--sr--bb5f67e6a719,sr.dll,??_7srDummyStreamBuf@@6B@,srDummyStreamBuf,,,0x76c00,7,0x70454,,,internal
wiz8--demo--sr--bb5f67e6a719,sr.dll,??_7srDummyStreamBuf@@6B@,srDummyStreamBuf,,,0x76c00,8,0x7044e,,,internal
wiz8--demo--sr--bb5f67e6a719,sr.dll,??_7srDummyStreamBuf@@6B@,srDummyStreamBuf,,,0x76c00,9,0x70448,,,internal
wiz8--demo--sr--bb5f67e6a719,sr.dll,??_7srDummyStreamBuf@@6B@,srDummyStreamBuf,,,0x76c00,10,0x70442,,,internal
wiz8--demo--sr--bb5f67e6a719,sr.dll,??_7srDummyStreamBuf@@6B@,srDummyStreamBuf,,,0x76c00,11,0x7043c,,,internal
wiz8--demo--sr--bb5f67e6a719,sr.dll,??_7srDummyStreamBuf@@6B@,srDummyStreamBuf,,,0x76c00,12,0x70436,,,internal
wiz8--demo--sr--bb5f67e6a719,sr.dll,??_7srEnvironmentMapper@@6B@,srEnvironmentMapper,,,0x76c68,0,0x354d0,,,internal
wiz8--demo--sr--bb5f67e6a719,sr.dll,??_7srEnvironmentMapper@@6B@,srEnvironmentMapper,,,0x76c68,1,0x352e0,?isActive@srEnvironmentMapper@@UAEHAAVsrVertexPipe@@@Z,public: virtual int __thiscall srEnvironmentMapper::isActive(class srVertexPipe &),exported
wiz8--demo--sr--bb5f67e6a719,sr.dll,??_7srEnvironmentMapper@@6B@,srEnvironmentMapper,,,0x76c68,2,0x352f0,?process@srEnvironmentMapper@@UAEXAAVsrVertexPipe@@@Z,public: virtual void __thiscall srEnvironmentMapper::process(class srVertexPipe &),exported
wiz8--demo--sr--bb5f67e6a719,sr.dll,??_7srFStreamOpener@@6B@,srFStreamOpener,,,0x75520,0,0x32460,,,internal
wiz8--demo--sr--bb5f67e6a719,sr.dll,??_7srFStreamOpener@@6B@,srFStreamOpener,,,0x75520,1,0x32390,?open@srFStreamOpener@@UAEPAVsrBinIStream@@PBD@Z,public: virtual class srBinIStream * __thiscall srFStreamOpener::open(char const *),exported
wiz8--demo--sr--bb5f67e6a719,sr.dll,??_7srFStreamOpener@@6B@,srFStreamOpener,,,0x75520,2,0x32380,?getDescription@srFStreamOpener@@UBEPBDXZ,public: virtual char const * __thiscall srFStreamOpener::getDescription(void) const,exported
wiz8--demo--sr--bb5f67e6a719,sr.dll,??_7srFileManager@@6B@,srFileManager,,,0x755c8,0,0x16410,,,internal
wiz8--demo--sr--bb5f67e6a719,sr.dll,??_7srFileManager@@6B@,srFileManager,,,0x755c8,1,0x2e520,?allocate@srFileManager@@UAEPAXPBD@Z,public: virtual void * __thiscall srFileManager::allocate(char const *),exported
wiz8--demo--sr--bb5f67e6a719,sr.dll,??_7srFileManager@@6B@,srFileManager,,,0x755c8,2,0x2e630,?free@srFileManager@@UAEXPAX@Z,public: virtual void __thiscall srFileManager::free(void *),exported
wiz8--demo--sr--bb5f67e6a719,sr.dll,??_7srFileManager@@6B@,srFileManager,,,0x755c8,3,0x2e490,?load@srFileManager@@UAEXPBDPAXK@Z,"public: virtual void __thiscall srFileManager::load(char const *, void *, unsigned long)",exported
wiz8--demo--sr--bb5f67e6a719,sr.dll,??_7srFileManager@@6B@,srFileManager,,,0x755c8,4,0x2e650,?save@srFileManager@@UAEXPBDPAXK@Z,"public: virtual void __thiscall srFileManager::save(char const *, void *, unsigned long)",exported
wiz8--demo--sr--bb5f67e6a719,sr.dll,??_7srFileManager@@6B@,srFileManager,,,0x755c8,5,0x2e3e0,?getSize@srFileManager@@UAEJPBD@Z,public: virtual long __thiscall srFileManager::getSize(char const *),exported
wiz8--demo--sr--bb5f67e6a719,sr.dll,??_7srFilter@@6B@,srFilter,,,0x75310,0,0x33a0,,,internal
wiz8--demo--sr--bb5f67e6a719,sr.dll,??_7srFilter@@6B@,srFilter,,,0x75310,1,0x6ff14,,,internal
wiz8--demo--sr--bb5f67e6a719,sr.dll,??_7srFilter@@6B@,srFilter,,,0x75310,2,0x6ff14,,,internal
wiz8--demo--sr--bb5f67e6a719,sr.dll,??_7srFilter@@6B@,srFilter,,,0x75310,3,0x6ff14,,,internal
wiz8--demo--sr--bb5f67e6a719,sr.dll,??_7srFog@@6B?$srClassSupport@VsrIlluminator@@VsrNode@@$0A@$0BCAA@@@@,srFog,,"srClassSupport<class srIlluminator, class srNode, 0, 4608>",0x76fb4,0,0x4be00,,,internal
wiz8--demo--sr--bb5f67e6a719,sr.dll,??_7srFog@@6B?$srClassSupport@VsrIlluminator@@VsrNode@@$0A@$0BCAA@@@@,srFog,,"srClassSupport<class srIlluminator, class srNode, 0, 4608>",0x76fb4,1,0x4bdf0,,,internal
wiz8--demo--sr--bb5f67e6a719,sr.dll,??_7srFog@@6B?$srClassSupport@VsrIlluminator@@VsrNode@@$0A@$0BCAA@@@@,srFog,,"srClassSupport<class srIlluminator, class srNode, 0, 4608>",0x76fb4,2,0x4be10,,,internal
wiz8--demo--sr--bb5f67e6a719,sr.dll,??_7srFog@@6B?$srClassSupport@VsrIlluminator@@VsrNode@@$0A@$0BCAA@@@@,srFog,,"srClassSupport<class srIlluminator, class srNode, 0, 4608>",0x76fb4,3,0x4bd00,?dump@srFog@@UAEXAAV?$basic_ostream@DU?$char_traits@D@std@@@std@@@Z,"public: virtual void __thiscall srFog::dump(class std::basic_ostream<char, struct std::char_traits<char>> &)",exported
wiz8--demo--sr--bb5f67e6a719,sr.dll,??_7srFog@@6B?$srClassSupport@VsrIlluminator@@VsrNode@@$0A@$0BCAA@@@@,srFog,,"srClassSupport<class srIlluminator, class srNode, 0, 4608>",0x76fb4,4,0x4b7a0,?verify@srFog@@UAEXW4e_verify@srRuntimeClass@@@Z,public: virtual void __thiscall srFog::verify(enum srRuntimeClass::e_verify),exported
wiz8--demo--sr--bb5f67e6a719,sr.dll,??_7srFog@@6B?$srClassSupport@VsrIlluminator@@VsrNode@@$0A@$0BCAA@@@@,srFog,,"srClassSupport<class srIlluminator, class srNode, 0, 4608>",0x76fb4,5,0x4c500,,,internal
wiz8--demo--sr--bb5f67e6a719,sr.dll,??_7srFog@@6B?$srClassSupport@VsrIlluminator@@VsrNode@@$0A@$0BCAA@@@@,srFog,,"srClassSupport<class srIlluminator, class srNode, 0, 4608>",0x76fb4,6,0x4c1b0,?vInstance@srFog@@UAEPAVsrClass@@XZ,public: virtual class srClass * __thiscall srFog::vInstance(void),exported
wiz8--demo--sr--bb5f67e6a719,sr.dll,??_7srFog@@6B?$srClassSupport@VsrIlluminator@@VsrNode@@$0A@$0BCAA@@@@,srFog,,"srClassSupport<class srIlluminator, class srNode, 0, 4608>",0x76fb4,7,0x4bea0,,,internal
wiz8--demo--sr--bb5f67e6a719,sr.dll,??_7srFog@@6B?$srClassSupport@VsrIlluminator@@VsrNode@@$0A@$0BCAA@@@@,srFog,,"srClassSupport<class srIlluminator, class srNode, 0, 4608>",0x76fb4,8,0x4c9e0,?traverse@srIlluminator@@UAEXAAVTraverseInfo@srNode@@@Z,public: virtual void __thiscall srIlluminator::traverse(class srNode::TraverseInfo &),exported
wiz8--demo--sr--bb5f67e6a719,sr.dll,??_7srFog@@6B?$srClassSupport@VsrIlluminator@@VsrNode@@$0A@$0BCAA@@@@,srFog,,"srClassSupport<class srIlluminator, class srNode, 0, 4608>",0x76fb4,9,0x4c900,?process@srIlluminator@@UAEXABUProcessInfo@srNode@@W4e_processType@3@@Z,"public: virtual void __thiscall srIlluminator::process(struct srNode::ProcessInfo const &, enum srNode::e_processType)",exported
wiz8--demo--sr--bb5f67e6a719,sr.dll,??_7srFog@@6B?$srClassSupport@VsrIlluminator@@VsrNode@@$0A@$0BCAA@@@@,srFog,,"srClassSupport<class srIlluminator, class srNode, 0, 4608>",0x76fb4,10,0x50510,?getLocalBounds@srNode@@UAEXAAUBoundInfo@1@@Z,public: virtual void __thiscall srNode::getLocalBounds(struct srNode::BoundInfo &),exported
wiz8--demo--sr--bb5f67e6a719,sr.dll,??_7srFog@@6B?$srClassSupport@VsrIlluminator@@VsrNode@@$0A@$0BCAA@@@@,srFog,,"srClassSupport<class srIlluminator, class srNode, 0, 4608>",0x76fb4,11,0x50500,?updateBounds@srNode@@UAEXXZ,public: virtual void __thiscall srNode::updateBounds(void),exported
wiz8--demo--sr--bb5f67e6a719,sr.dll,??_7srFog@@6B?$srClassSupport@VsrIlluminator@@VsrNode@@$0A@$0BCAA@@@@,srFog,,"srClassSupport<class srIlluminator, class srNode, 0, 4608>",0x76fb4,12,0x50690,?processSignal@srNode@@MAEHKPAX@Z,"protected: virtual int __thiscall srNode::processSignal(unsigned long, void *)",exported
wiz8--demo--sr--bb5f67e6a719,sr.dll,??_7srFog@@6BsrVertexProcessor@@@,srFog,,srVertexProcessor,0x76fa8,0,0x4c7c0,,,internal
wiz8--demo--sr--bb5f67e6a719,sr.dll,??_7srFog@@6BsrVertexProcessor@@@,srFog,,srVertexProcessor,0x76fa8,1,0x4b6f0,?isActive@srFog@@UAEHAAVsrVertexPipe@@@Z,public: virtual int __thiscall srFog::isActive(class srVertexPipe &),exported
wiz8--demo--sr--bb5f67e6a719,sr.dll,??_7srFog@@6BsrVertexProcessor@@@,srFog,,srVertexProcessor,0x76fa8,2,0x4b870,?process@srFog@@UAEXAAVsrVertexPipe@@@Z,public: virtual void __thiscall srFog::process(class srVertexPipe &),exported
wiz8--demo--sr--bb5f67e6a719,sr.dll,??_7srGERD@@6B@,srGERD,,,0x766b0,0,0x1cd40,?getClassName@srGERD@@UBEPBDXZ,public: virtual char const * __thiscall srGERD::getClassName(void) const,exported
wiz8--demo--sr--bb5f67e6a719,sr.dll,??_7srGERD@@6B@,srGERD,,,0x766b0,1,0x1cd50,?getClassID@srGERD@@UBEKXZ,public: virtual unsigned long __thiscall srGERD::getClassID(void) const,exported
wiz8--demo--sr--bb5f67e6a719,sr.dll,??_7srGERD@@6B@,srGERD,,,0x766b0,2,0x1cd30,?getClassNode@srGERD@@UBEPAVClassNode@srRegistry@@XZ,public: virtual class srRegistry::ClassNode * __thiscall srGERD::getClassNode(void) const,exported
wiz8--demo--sr--bb5f67e6a719,sr.dll,??_7srGERD@@6B@,srGERD,,,0x766b0,3,0x1cd60,?dump@srGERD@@UAEXAAV?$basic_ostream@DU?$char_traits@D@std@@@std@@@Z,"public: virtual void __thiscall srGERD::dump(class std::basic_ostream<char, struct std::char_traits<char>> &)",exported
wiz8--demo--sr--bb5f67e6a719,sr.dll,??_7srGERD@@6B@,srGERD,,,0x766b0,4,0x117a0,?verify@srRuntimeClass@@UAEXW4e_verify@1@@Z,public: virtual void __thiscall srRuntimeClass::verify(enum srRuntimeClass::e_verify),exported
wiz8--demo--sr--bb5f67e6a719,sr.dll,??_7srGERD@@6B@,srGERD,,,0x766b0,5,0x1b510,,,internal
wiz8--demo--sr--bb5f67e6a719,sr.dll,??_7srHierarchyIOManager@@6B@,srHierarchyIOManager,,,0x75530,0,0x165e0,,,internal
wiz8--demo--sr--bb5f67e6a719,sr.dll,??_7srIOManager@@6B@,srIOManager,,,0x76960,0,0x2d030,,,internal
wiz8--demo--sr--bb5f67e6a719,sr.dll,??_7srIlluminator@@6B?$srClassSupport@VsrIlluminator@@VsrNode@@$0A@$0BCAA@@@@,srIlluminator,,"srClassSupport<class srIlluminator, class srNode, 0, 4608>",0x77074,0,0x4c050,,,internal
wiz8--demo--sr--bb5f67e6a719,sr.dll,??_7srIlluminator@@6B?$srClassSupport@VsrIlluminator@@VsrNode@@$0A@$0BCAA@@@@,srIlluminator,,"srClassSupport<class srIlluminator, class srNode, 0, 4608>",0x77074,1,0x4c040,,,internal
wiz8--demo--sr--bb5f67e6a719,sr.dll,??_7srIlluminator@@6B?$srClassSupport@VsrIlluminator@@VsrNode@@$0A@$0BCAA@@@@,srIlluminator,,"srClassSupport<class srIlluminator, class srNode, 0, 4608>",0x77074,2,0x4c060,,,internal
wiz8--demo--sr--bb5f67e6a719,sr.dll,??_7srIlluminator@@6B?$srClassSupport@VsrIlluminator@@VsrNode@@$0A@$0BCAA@@@@,srIlluminator,,"srClassSupport<class srIlluminator, class srNode, 0, 4608>",0x77074,3,0x513c0,?dump@srNode@@UAEXAAV?$basic_ostream@DU?$char_traits@D@std@@@std@@@Z,"public: virtual void __thiscall srNode::dump(class std::basic_ostream<char, struct std::char_traits<char>> &)",exported
wiz8--demo--sr--bb5f67e6a719,sr.dll,??_7srIlluminator@@6B?$srClassSupport@VsrIlluminator@@VsrNode@@$0A@$0BCAA@@@@,srIlluminator,,"srClassSupport<class srIlluminator, class srNode, 0, 4608>",0x77074,4,0xe050,?verify@srClass@@UAEXW4e_verify@srRuntimeClass@@@Z,public: virtual void __thiscall srClass::verify(enum srRuntimeClass::e_verify),exported
wiz8--demo--sr--bb5f67e6a719,sr.dll,??_7srIlluminator@@6B?$srClassSupport@VsrIlluminator@@VsrNode@@$0A@$0BCAA@@@@,srIlluminator,,"srClassSupport<class srIlluminator, class srNode, 0, 4608>",0x77074,5,0x4cc50,,,internal
wiz8--demo--sr--bb5f67e6a719,sr.dll,??_7srIlluminator@@6B?$srClassSupport@VsrIlluminator@@VsrNode@@$0A@$0BCAA@@@@,srIlluminator,,"srClassSupport<class srIlluminator, class srNode, 0, 4608>",0x77074,6,0x51cd0,?vInstance@srNode@@UAEPAVsrClass@@XZ,public: virtual class srClass * __thiscall srNode::vInstance(void),exported
wiz8--demo--sr--bb5f67e6a719,sr.dll,??_7srIlluminator@@6B?$srClassSupport@VsrIlluminator@@VsrNode@@$0A@$0BCAA@@@@,srIlluminator,,"srClassSupport<class srIlluminator, class srNode, 0, 4608>",0x77074,7,0x4c0c0,,,internal
wiz8--demo--sr--bb5f67e6a719,sr.dll,??_7srIlluminator@@6B?$srClassSupport@VsrIlluminator@@VsrNode@@$0A@$0BCAA@@@@,srIlluminator,,"srClassSupport<class srIlluminator, class srNode, 0, 4608>",0x77074,8,0x4c9e0,?traverse@srIlluminator@@UAEXAAVTraverseInfo@srNode@@@Z,public: virtual void __thiscall srIlluminator::traverse(class srNode::TraverseInfo &),exported
wiz8--demo--sr--bb5f67e6a719,sr.dll,??_7srIlluminator@@6B?$srClassSupport@VsrIlluminator@@VsrNode@@$0A@$0BCAA@@@@,srIlluminator,,"srClassSupport<class srIlluminator, class srNode, 0, 4608>",0x77074,9,0x4c900,?process@srIlluminator@@UAEXABUProcessInfo@srNode@@W4e_processType@3@@Z,"public: virtual void __thiscall srIlluminator::process(struct srNode::ProcessInfo const &, enum srNode::e_processType)",exported
wiz8--demo--sr--bb5f67e6a719,sr.dll,??_7srIlluminator@@6B?$srClassSupport@VsrIlluminator@@VsrNode@@$0A@$0BCAA@@@@,srIlluminator,,"srClassSupport<class srIlluminator, class srNode, 0, 4608>",0x77074,10,0x50510,?getLocalBounds@srNode@@UAEXAAUBoundInfo@1@@Z,public: virtual void __thiscall srNode::getLocalBounds(struct srNode::BoundInfo &),exported
wiz8--demo--sr--bb5f67e6a719,sr.dll,??_7srIlluminator@@6B?$srClassSupport@VsrIlluminator@@VsrNode@@$0A@$0BCAA@@@@,srIlluminator,,"srClassSupport<class srIlluminator, class srNode, 0, 4608>",0x77074,11,0x50500,?updateBounds@srNode@@UAEXXZ,public: virtual void __thiscall srNode::updateBounds(void),exported
wiz8--demo--sr--bb5f67e6a719,sr.dll,??_7srIlluminator@@6B?$srClassSupport@VsrIlluminator@@VsrNode@@$0A@$0BCAA@@@@,srIlluminator,,"srClassSupport<class srIlluminator, class srNode, 0, 4608>",0x77074,12,0x50690,?processSignal@srNode@@MAEHKPAX@Z,"protected: virtual int __thiscall srNode::processSignal(unsigned long, void *)",exported
wiz8--demo--sr--bb5f67e6a719,sr.dll,??_7srIlluminator@@6BsrVertexProcessor@@@,srIlluminator,,srVertexProcessor,0x77068,0,0x4ccb0,,,internal
wiz8--demo--sr--bb5f67e6a719,sr.dll,??_7srIlluminator@@6BsrVertexProcessor@@@,srIlluminator,,srVertexProcessor,0x77068,1,0x35470,,,internal
wiz8--demo--sr--bb5f67e6a719,sr.dll,??_7srIlluminator@@6BsrVertexProcessor@@@,srIlluminator,,srVertexProcessor,0x77068,2,0x35480,,,internal
wiz8--demo--sr--bb5f67e6a719,sr.dll,??_7srLight@@6B?$srClassSupport@VsrIlluminator@@VsrNode@@$0A@$0BCAA@@@@,srLight,,"srClassSupport<class srIlluminator, class srNode, 0, 4608>",0x770c4,0,0x4ef90,,,internal
wiz8--demo--sr--bb5f67e6a719,sr.dll,??_7srLight@@6B?$srClassSupport@VsrIlluminator@@VsrNode@@$0A@$0BCAA@@@@,srLight,,"srClassSupport<class srIlluminator, class srNode, 0, 4608>",0x770c4,1,0x4ef80,,,internal
wiz8--demo--sr--bb5f67e6a719,sr.dll,??_7srLight@@6B?$srClassSupport@VsrIlluminator@@VsrNode@@$0A@$0BCAA@@@@,srLight,,"srClassSupport<class srIlluminator, class srNode, 0, 4608>",0x770c4,2,0x4efa0,,,internal
wiz8--demo--sr--bb5f67e6a719,sr.dll,??_7srLight@@6B?$srClassSupport@VsrIlluminator@@VsrNode@@$0A@$0BCAA@@@@,srLight,,"srClassSupport<class srIlluminator, class srNode, 0, 4608>",0x770c4,3,0x4e0c0,?dump@srLight@@UAEXAAV?$basic_ostream@DU?$char_traits@D@std@@@std@@@Z,"public: virtual void __thiscall srLight::dump(class std::basic_ostream<char, struct std::char_traits<char>> &)",exported
wiz8--demo--sr--bb5f67e6a719,sr.dll,??_7srLight@@6B?$srClassSupport@VsrIlluminator@@VsrNode@@$0A@$0BCAA@@@@,srLight,,"srClassSupport<class srIlluminator, class srNode, 0, 4608>",0x770c4,4,0xe050,?verify@srClass@@UAEXW4e_verify@srRuntimeClass@@@Z,public: virtual void __thiscall srClass::verify(enum srRuntimeClass::e_verify),exported
wiz8--demo--sr--bb5f67e6a719,sr.dll,??_7srLight@@6B?$srClassSupport@VsrIlluminator@@VsrNode@@$0A@$0BCAA@@@@,srLight,,"srClassSupport<class srIlluminator, class srNode, 0, 4608>",0x770c4,5,0x4ef20,,,internal
wiz8--demo--sr--bb5f67e6a719,sr.dll,??_7srLight@@6B?$srClassSupport@VsrIlluminator@@VsrNode@@$0A@$0BCAA@@@@,srLight,,"srClassSupport<class srIlluminator, class srNode, 0, 4608>",0x770c4,6,0x51cd0,?vInstance@srNode@@UAEPAVsrClass@@XZ,public: virtual class srClass * __thiscall srNode::vInstance(void),exported
wiz8--demo--sr--bb5f67e6a719,sr.dll,??_7srLight@@6B?$srClassSupport@VsrIlluminator@@VsrNode@@$0A@$0BCAA@@@@,srLight,,"srClassSupport<class srIlluminator, class srNode, 0, 4608>",0x770c4,7,0x4f030,,,internal
wiz8--demo--sr--bb5f67e6a719,sr.dll,??_7srLight@@6B?$srClassSupport@VsrIlluminator@@VsrNode@@$0A@$0BCAA@@@@,srLight,,"srClassSupport<class srIlluminator, class srNode, 0, 4608>",0x770c4,8,0x4dc80,?traverse@srLight@@UAEXAAVTraverseInfo@srNode@@@Z,public: virtual void __thiscall srLight::traverse(class srNode::TraverseInfo &),exported
wiz8--demo--sr--bb5f67e6a719,sr.dll,??_7srLight@@6B?$srClassSupport@VsrIlluminator@@VsrNode@@$0A@$0BCAA@@@@,srLight,,"srClassSupport<class srIlluminator, class srNode, 0, 4608>",0x770c4,9,0x4d650,?process@srLight@@UAEXABUProcessInfo@srNode@@W4e_processType@3@@Z,"public: virtual void __thiscall srLight::process(struct srNode::ProcessInfo const &, enum srNode::e_processType)",exported
wiz8--demo--sr--bb5f67e6a719,sr.dll,??_7srLight@@6B?$srClassSupport@VsrIlluminator@@VsrNode@@$0A@$0BCAA@@@@,srLight,,"srClassSupport<class srIlluminator, class srNode, 0, 4608>",0x770c4,10,0x50510,?getLocalBounds@srNode@@UAEXAAUBoundInfo@1@@Z,public: virtual void __thiscall srNode::getLocalBounds(struct srNode::BoundInfo &),exported
wiz8--demo--sr--bb5f67e6a719,sr.dll,??_7srLight@@6B?$srClassSupport@VsrIlluminator@@VsrNode@@$0A@$0BCAA@@@@,srLight,,"srClassSupport<class srIlluminator, class srNode, 0, 4608>",0x770c4,11,0x50500,?updateBounds@srNode@@UAEXXZ,public: virtual void __thiscall srNode::updateBounds(void),exported
wiz8--demo--sr--bb5f67e6a719,sr.dll,??_7srLight@@6B?$srClassSupport@VsrIlluminator@@VsrNode@@$0A@$0BCAA@@@@,srLight,,"srClassSupport<class srIlluminator, class srNode, 0, 4608>",0x770c4,12,0x50690,?processSignal@srNode@@MAEHKPAX@Z,"protected: virtual int __thiscall srNode::processSignal(unsigned long, void *)",exported
wiz8--demo--sr--bb5f67e6a719,sr.dll,??_7srLight@@6BsrVertexProcessor@@@,srLight,,srVertexProcessor,0x770b8,0,0x4f310,,,internal
wiz8--demo--sr--bb5f67e6a719,sr.dll,??_7srLight@@6BsrVertexProcessor@@@,srLight,,srVertexProcessor,0x770b8,1,0x4ccc0,?isActive@srLight@@UAEHAAVsrVertexPipe@@@Z,public: virtual int __thiscall srLight::isActive(class srVertexPipe &),exported
wiz8--demo--sr--bb5f67e6a719,sr.dll,??_7srLight@@6BsrVertexProcessor@@@,srLight,,srVertexProcessor,0x770b8,2,0x4ce00,?process@srLight@@UAEXAAVsrVertexPipe@@@Z,public: virtual void __thiscall srLight::process(class srVertexPipe &),exported
wiz8--demo--sr--bb5f67e6a719,sr.dll,??_7srMaterial@@6B@,srMaterial,,,0x75538,0,0x16030,,,internal
wiz8--demo--sr--bb5f67e6a719,sr.dll,??_7srMaterial@@6B@,srMaterial,,,0x75538,1,0x16020,,,internal
wiz8--demo--sr--bb5f67e6a719,sr.dll,??_7srMaterial@@6B@,srMaterial,,,0x75538,2,0x16040,,,internal
wiz8--demo--sr--bb5f67e6a719,sr.dll,??_7srMaterial@@6B@,srMaterial,,,0x75538,3,0x33fc0,?dump@srMaterial@@UAEXAAV?$basic_ostream@DU?$char_traits@D@std@@@std@@@Z,"public: virtual void __thiscall srMaterial::dump(class std::basic_ostream<char, struct std::char_traits<char>> &)",exported
wiz8--demo--sr--bb5f67e6a719,sr.dll,??_7srMaterial@@6B@,srMaterial,,,0x75538,4,0x335d0,?verify@srMaterial@@UAEXW4e_verify@srRuntimeClass@@@Z,public: virtual void __thiscall srMaterial::verify(enum srRuntimeClass::e_verify),exported
wiz8--demo--sr--bb5f67e6a719,sr.dll,??_7srMaterial@@6B@,srMaterial,,,0x75538,5,0x345e0,,,internal
wiz8--demo--sr--bb5f67e6a719,sr.dll,??_7srMaterial@@6B@,srMaterial,,,0x75538,6,0x343c0,?vInstance@srMaterial@@UAEPAVsrClass@@XZ,public: virtual class srClass * __thiscall srMaterial::vInstance(void),exported
wiz8--demo--sr--bb5f67e6a719,sr.dll,??_7srMaterial@@6B@,srMaterial,,,0x75538,7,0x160a0,,,internal
wiz8--demo--sr--bb5f67e6a719,sr.dll,??_7srMaterial@@6B@,srMaterial,,,0x75538,8,0x33b50,?getMaterialInfo@srMaterial@@UAEXAAUMaterialInfo@srVertexProcessor@@@Z,public: virtual void __thiscall srMaterial::getMaterialInfo(struct srVertexProcessor::MaterialInfo &),exported
wiz8--demo--sr--bb5f67e6a719,sr.dll,??_7srMaterial@@6B@,srMaterial,,,0x75538,9,0x33c00,?preProcess@srMaterial@@UAEXAAVsrVertexPipe@@@Z,public: virtual void __thiscall srMaterial::preProcess(class srVertexPipe &),exported
wiz8--demo--sr--bb5f67e6a719,sr.dll,??_7srMaterial@@6B@,srMaterial,,,0x75538,10,0x33c90,?postProcess@srMaterial@@UAEXAAVsrVertexPipe@@@Z,public: virtual void __thiscall srMaterial::postProcess(class srVertexPipe &),exported
wiz8--demo--sr--bb5f67e6a719,sr.dll,??_7srMaterial@@6B@,srMaterial,,,0x75538,11,0x339b0,?updateParms@srMaterial@@MAEXXZ,protected: virtual void __thiscall srMaterial::updateParms(void),exported
wiz8--demo--sr--bb5f67e6a719,sr.dll,??_7srMaterial@@6B@,srMaterial,,,0x75538,12,0x33f60,?reset@srMaterial@@MAEXXZ,protected: virtual void __thiscall srMaterial::reset(void),exported
wiz8--demo--sr--bb5f67e6a719,sr.dll,??_7srMeshModel@@6B@,srMeshModel,,,0x76d48,0,0x429a0,,,internal
wiz8--demo--sr--bb5f67e6a719,sr.dll,??_7srMeshModel@@6B@,srMeshModel,,,0x76d48,1,0x42990,,,internal
wiz8--demo--sr--bb5f67e6a719,sr.dll,??_7srMeshModel@@6B@,srMeshModel,,,0x76d48,2,0x429b0,,,internal
wiz8--demo--sr--bb5f67e6a719,sr.dll,??_7srMeshModel@@6B@,srMeshModel,,,0x76d48,3,0x3ee00,?dump@srMeshModel@@UAEXAAV?$basic_ostream@DU?$char_traits@D@std@@@std@@@Z,"public: virtual void __thiscall srMeshModel::dump(class std::basic_ostream<char, struct std::char_traits<char>> &)",exported
wiz8--demo--sr--bb5f67e6a719,sr.dll,??_7srMeshModel@@6B@,srMeshModel,,,0x76d48,4,0x40c40,?verify@srMeshModel@@UAEXW4e_verify@srRuntimeClass@@@Z,public: virtual void __thiscall srMeshModel::verify(enum srRuntimeClass::e_verify),exported
wiz8--demo--sr--bb5f67e6a719,sr.dll,??_7srMeshModel@@6B@,srMeshModel,,,0x76d48,5,0x425d0,,,internal
wiz8--demo--sr--bb5f67e6a719,sr.dll,??_7srMeshModel@@6B@,srMeshModel,,,0x76d48,6,0x41b00,?vInstance@srMeshModel@@UAEPAVsrClass@@XZ,public: virtual class srClass * __thiscall srMeshModel::vInstance(void),exported
wiz8--demo--sr--bb5f67e6a719,sr.dll,??_7srMeshModel@@6B@,srMeshModel,,,0x76d48,7,0x42a10,,,internal
wiz8--demo--sr--bb5f67e6a719,sr.dll,??_7srMeshModel@@6B@,srMeshModel,,,0x76d48,8,0x3fe90,?getBoundingSphere@srMeshModel@@UAEHAAV?$srVector3T@M@@AAM@Z,"public: virtual int __thiscall srMeshModel::getBoundingSphere(class srVector3T<float> &, float &)",exported
wiz8--demo--sr--bb5f67e6a719,sr.dll,??_7srMeshModel@@6B@,srMeshModel,,,0x76d48,9,0x3fe40,?getBoundingBox@srMeshModel@@UAEHAAV?$srVector3T@M@@0@Z,"public: virtual int __thiscall srMeshModel::getBoundingBox(class srVector3T<float> &, class srVector3T<float> &)",exported
wiz8--demo--sr--bb5f67e6a719,sr.dll,??_7srMeshModel@@6B@,srMeshModel,,,0x76d48,10,0x3cea0,?render@srMeshModel@@UAEXAAVsrGERD@@@Z,public: virtual void __thiscall srMeshModel::render(class srGERD &),exported
wiz8--demo--sr--bb5f67e6a719,sr.dll,??_7srMeshModel@@6B@,srMeshModel,,,0x76d48,11,0x3c440,?updateAllClients@srModel@@UAEXW4e_update@Client@1@@Z,public: virtual void __thiscall srModel::updateAllClients(enum srModel::Client::e_update),exported
wiz8--demo--sr--bb5f67e6a719,sr.dll,??_7srMeshModel@@6B@,srMeshModel,,,0x76d48,12,0x418c0,?reindexPolygons@srMeshModel@@UAEXPBK@Z,public: virtual void __thiscall srMeshModel::reindexPolygons(unsigned long const *),exported
wiz8--demo--sr--bb5f67e6a719,sr.dll,??_7srMeshModel@@6B@,srMeshModel,,,0x76d48,13,0x42230,?reindexVertices@srMeshModel@@UAEXPBK@Z,public: virtual void __thiscall srMeshModel::reindexVertices(unsigned long const *),exported
wiz8--demo--sr--bb5f67e6a719,sr.dll,??_7srMeshModel@@6B@,srMeshModel,,,0x76d48,14,0x3dc70,?getTriMesh@srMeshModel@@UAEABUTriMesh@1@XZ,public: virtual struct srMeshModel::TriMesh const & __thiscall srMeshModel::getTriMesh(void),exported
wiz8--demo--sr--bb5f67e6a719,sr.dll,??_7srMeshModel@@6B@,srMeshModel,,,0x76d48,15,0x3dac0,?getTriMesh@srMeshModel@@UAEXAAUTriMesh@1@@Z,public: virtual void __thiscall srMeshModel::getTriMesh(struct srMeshModel::TriMesh &),exported
wiz8--demo--sr--bb5f67e6a719,sr.dll,??_7srMeshModel@@6B@,srMeshModel,,,0x76d48,16,0x3ca80,?renderTriMesh@srMeshModel@@UAEXAAVsrGERD@@ABUTriMesh@1@@Z,"public: virtual void __thiscall srMeshModel::renderTriMesh(class srGERD &, struct srMeshModel::TriMesh const &)",exported
wiz8--demo--sr--bb5f67e6a719,sr.dll,??_7srMeshModel@@6B@,srMeshModel,,,0x76d48,17,0x3dc90,?updateTriMesh@srMeshModel@@MAEXXZ,protected: virtual void __thiscall srMeshModel::updateTriMesh(void),exported
wiz8--demo--sr--bb5f67e6a719,sr.dll,??_7srMeshModel@@6B@,srMeshModel,,,0x76d48,18,0x3e120,?calculateBounds@srMeshModel@@MAEXXZ,protected: virtual void __thiscall srMeshModel::calculateBounds(void),exported
wiz8--demo--sr--bb5f67e6a719,sr.dll,??_7srMeshModel@@6B@,srMeshModel,,,0x76d48,19,0x3e280,?calculatePolygonNormals@srMeshModel@@MAEXXZ,protected: virtual void __thiscall srMeshModel::calculatePolygonNormals(void),exported
wiz8--demo--sr--bb5f67e6a719,sr.dll,??_7srMeshModel@@6B@,srMeshModel,,,0x76d48,20,0x3e390,?calculateVertexNormals@srMeshModel@@MAEXXZ,protected: virtual void __thiscall srMeshModel::calculateVertexNormals(void),exported
wiz8--demo--sr--bb5f67e6a719,sr.dll,??_7srModel@@6B@,srModel,,,0x76d08,0,0x3c640,,,internal
wiz8--demo--sr--bb5f67e6a719,sr.dll,??_7srModel@@6B@,srModel,,,0x76d08,1,0x3c630,,,internal
wiz8--demo--sr--bb5f67e6a719,sr.dll,??_7srModel@@6B@,srModel,,,0x76d08,2,0x3c650,,,internal
wiz8--demo--sr--bb5f67e6a719,sr.dll,??_7srModel@@6B@,srModel,,,0x76d08,3,0x3c5b0,?dump@srModel@@UAEXAAV?$basic_ostream@DU?$char_traits@D@std@@@std@@@Z,"public: virtual void __thiscall srModel::dump(class std::basic_ostream<char, struct std::char_traits<char>> &)",exported
wiz8--demo--sr--bb5f67e6a719,sr.dll,??_7srModel@@6B@,srModel,,,0x76d08,4,0xe050,?verify@srClass@@UAEXW4e_verify@srRuntimeClass@@@Z,public: virtual void __thiscall srClass::verify(enum srRuntimeClass::e_verify),exported
wiz8--demo--sr--bb5f67e6a719,sr.dll,??_7srModel@@6B@,srModel,,,0x76d08,5,0x3c8f0,,,internal
wiz8--demo--sr--bb5f67e6a719,sr.dll,??_7srModel@@6B@,srModel,,,0x76d08,6,0x6ff14,,,internal
wiz8--demo--sr--bb5f67e6a719,sr.dll,??_7srModel@@6B@,srModel,,,0x76d08,7,0x3c690,,,internal
wiz8--demo--sr--bb5f67e6a719,sr.dll,??_7srModel@@6B@,srModel,,,0x76d08,8,0x6ff14,,,internal
wiz8--demo--sr--bb5f67e6a719,sr.dll,??_7srModel@@6B@,srModel,,,0x76d08,9,0x6ff14,,,internal
wiz8--demo--sr--bb5f67e6a719,sr.dll,??_7srModel@@6B@,srModel,,,0x76d08,10,0x6ff14,,,internal
wiz8--demo--sr--bb5f67e6a719,sr.dll,??_7srModel@@6B@,srModel,,,0x76d08,11,0x3c440,?updateAllClients@srModel@@UAEXW4e_update@Client@1@@Z,public: virtual void __thiscall srModel::updateAllClients(enum srModel::Client::e_update),exported
wiz8--demo--sr--bb5f67e6a719,sr.dll,??_7srModelIOManager@@6B@,srModelIOManager,,,0x75534,0,0x16af0,,,internal
wiz8--demo--sr--bb5f67e6a719,sr.dll,??_7srModelInstance@@6B?$srClassSupport@VsrModelInstance@@VsrNode@@$0A@$0BBAA@@@@,srModelInstance,,"srClassSupport<class srModelInstance, class srNode, 0, 4352>",0x77160,0,0x4fd10,,,internal
wiz8--demo--sr--bb5f67e6a719,sr.dll,??_7srModelInstance@@6B?$srClassSupport@VsrModelInstance@@VsrNode@@$0A@$0BBAA@@@@,srModelInstance,,"srClassSupport<class srModelInstance, class srNode, 0, 4352>",0x77160,1,0x4fd00,,,internal
wiz8--demo--sr--bb5f67e6a719,sr.dll,??_7srModelInstance@@6B?$srClassSupport@VsrModelInstance@@VsrNode@@$0A@$0BBAA@@@@,srModelInstance,,"srClassSupport<class srModelInstance, class srNode, 0, 4352>",0x77160,2,0x4fd20,,,internal
wiz8--demo--sr--bb5f67e6a719,sr.dll,??_7srModelInstance@@6B?$srClassSupport@VsrModelInstance@@VsrNode@@$0A@$0BBAA@@@@,srModelInstance,,"srClassSupport<class srModelInstance, class srNode, 0, 4352>",0x77160,3,0x4fb20,?dump@srModelInstance@@UAEXAAV?$basic_ostream@DU?$char_traits@D@std@@@std@@@Z,"public: virtual void __thiscall srModelInstance::dump(class std::basic_ostream<char, struct std::char_traits<char>> &)",exported
wiz8--demo--sr--bb5f67e6a719,sr.dll,??_7srModelInstance@@6B?$srClassSupport@VsrModelInstance@@VsrNode@@$0A@$0BBAA@@@@,srModelInstance,,"srClassSupport<class srModelInstance, class srNode, 0, 4352>",0x77160,4,0xe050,?verify@srClass@@UAEXW4e_verify@srRuntimeClass@@@Z,public: virtual void __thiscall srClass::verify(enum srRuntimeClass::e_verify),exported
wiz8--demo--sr--bb5f67e6a719,sr.dll,??_7srModelInstance@@6B?$srClassSupport@VsrModelInstance@@VsrNode@@$0A@$0BBAA@@@@,srModelInstance,,"srClassSupport<class srModelInstance, class srNode, 0, 4352>",0x77160,5,0x501a0,,,internal
wiz8--demo--sr--bb5f67e6a719,sr.dll,??_7srModelInstance@@6B?$srClassSupport@VsrModelInstance@@VsrNode@@$0A@$0BBAA@@@@,srModelInstance,,"srClassSupport<class srModelInstance, class srNode, 0, 4352>",0x77160,6,0x4ff80,?vInstance@srModelInstance@@UAEPAVsrClass@@XZ,public: virtual class srClass * __thiscall srModelInstance::vInstance(void),exported
wiz8--demo--sr--bb5f67e6a719,sr.dll,??_7srModelInstance@@6B?$srClassSupport@VsrModelInstance@@VsrNode@@$0A@$0BBAA@@@@,srModelInstance,,"srClassSupport<class srModelInstance, class srNode, 0, 4352>",0x77160,7,0x4fd80,,,internal
wiz8--demo--sr--bb5f67e6a719,sr.dll,??_7srModelInstance@@6B?$srClassSupport@VsrModelInstance@@VsrNode@@$0A@$0BBAA@@@@,srModelInstance,,"srClassSupport<class srModelInstance, class srNode, 0, 4352>",0x77160,8,0x4f3a0,?traverse@srModelInstance@@UAEXAAVTraverseInfo@srNode@@@Z,public: virtual void __thiscall srModelInstance::traverse(class srNode::TraverseInfo &),exported
wiz8--demo--sr--bb5f67e6a719,sr.dll,??_7srModelInstance@@6B?$srClassSupport@VsrModelInstance@@VsrNode@@$0A@$0BBAA@@@@,srModelInstance,,"srClassSupport<class srModelInstance, class srNode, 0, 4352>",0x77160,9,0x4f4b0,?process@srModelInstance@@UAEXABUProcessInfo@srNode@@W4e_processType@3@@Z,"public: virtual void __thiscall srModelInstance::process(struct srNode::ProcessInfo const &, enum srNode::e_processType)",exported
wiz8--demo--sr--bb5f67e6a719,sr.dll,??_7srModelInstance@@6B?$srClassSupport@VsrModelInstance@@VsrNode@@$0A@$0BBAA@@@@,srModelInstance,,"srClassSupport<class srModelInstance, class srNode, 0, 4352>",0x77160,10,0x4f350,?getLocalBounds@srModelInstance@@UAEXAAUBoundInfo@srNode@@@Z,public: virtual void __thiscall srModelInstance::getLocalBounds(struct srNode::BoundInfo &),exported
wiz8--demo--sr--bb5f67e6a719,sr.dll,??_7srModelInstance@@6B?$srClassSupport@VsrModelInstance@@VsrNode@@$0A@$0BBAA@@@@,srModelInstance,,"srClassSupport<class srModelInstance, class srNode, 0, 4352>",0x77160,11,0x50500,?updateBounds@srNode@@UAEXXZ,public: virtual void __thiscall srNode::updateBounds(void),exported
wiz8--demo--sr--bb5f67e6a719,sr.dll,??_7srModelInstance@@6B?$srClassSupport@VsrModelInstance@@VsrNode@@$0A@$0BBAA@@@@,srModelInstance,,"srClassSupport<class srModelInstance, class srNode, 0, 4352>",0x77160,12,0x50690,?processSignal@srNode@@MAEHKPAX@Z,"protected: virtual int __thiscall srNode::processSignal(unsigned long, void *)",exported
wiz8--demo--sr--bb5f67e6a719,sr.dll,??_7srModelInstance@@6BClient@srModel@@@,srModelInstance,,srModel::Client,0x77150,0,0x502a0,,,internal
wiz8--demo--sr--bb5f67e6a719,sr.dll,??_7srModelInstance@@6BClient@srModel@@@,srModelInstance,,srModel::Client,0x77150,1,0x3c3b0,?setModel@Client@srModel@@UAEXPAV2@@Z,public: virtual void __thiscall srModel::Client::setModel(class srModel *),exported
wiz8--demo--sr--bb5f67e6a719,sr.dll,??_7srModelInstance@@6BClient@srModel@@@,srModelInstance,,srModel::Client,0x77150,2,0x4f320,?updateClient@srModelInstance@@UAEXW4e_update@Client@srModel@@@Z,public: virtual void __thiscall srModelInstance::updateClient(enum srModel::Client::e_update),exported
wiz8--demo--sr--bb5f67e6a719,sr.dll,??_7srModelInstance@@6BClient@srModel@@@,srModelInstance,,srModel::Client,0x77150,3,0x3c6c0,?getModel@Client@srModel@@UBEPAV2@XZ,public: virtual class srModel * __thiscall srModel::Client::getModel(void) const,exported
wiz8--demo--sr--bb5f67e6a719,sr.dll,??_7srModeler@@6B@,srModeler,,,0x76c88,0,0x380c0,,,internal
wiz8--demo--sr--bb5f67e6a719,sr.dll,??_7srMutex@@6B@,srMutex,,,0x76de4,0,0x45930,,,internal
wiz8--demo--sr--bb5f67e6a719,sr.dll,??_7srNode@@6B@,srNode,,,0x771d0,0,0x554c0,,,internal
wiz8--demo--sr--bb5f67e6a719,sr.dll,??_7srNode@@6B@,srNode,,,0x771d0,1,0x554b0,,,internal
wiz8--demo--sr--bb5f67e6a719,sr.dll,??_7srNode@@6B@,srNode,,,0x771d0,2,0x554d0,,,internal
wiz8--demo--sr--bb5f67e6a719,sr.dll,??_7srNode@@6B@,srNode,,,0x771d0,3,0x513c0,?dump@srNode@@UAEXAAV?$basic_ostream@DU?$char_traits@D@std@@@std@@@Z,"public: virtual void __thiscall srNode::dump(class std::basic_ostream<char, struct std::char_traits<char>> &)",exported
wiz8--demo--sr--bb5f67e6a719,sr.dll,??_7srNode@@6B@,srNode,,,0x771d0,4,0xe050,?verify@srClass@@UAEXW4e_verify@srRuntimeClass@@@Z,public: virtual void __thiscall srClass::verify(enum srRuntimeClass::e_verify),exported
wiz8--demo--sr--bb5f67e6a719,sr.dll,??_7srNode@@6B@,srNode,,,0x771d0,5,0x51bf0,,,internal
wiz8--demo--sr--bb5f67e6a719,sr.dll,??_7srNode@@6B@,srNode,,,0x771d0,6,0x51cd0,?vInstance@srNode@@UAEPAVsrClass@@XZ,public: virtual class srClass * __thiscall srNode::vInstance(void),exported
wiz8--demo--sr--bb5f67e6a719,sr.dll,??_7srNode@@6B@,srNode,,,0x771d0,7,0x55510,,,internal
wiz8--demo--sr--bb5f67e6a719,sr.dll,??_7srNode@@6B@,srNode,,,0x771d0,8,0x504b0,?traverse@srNode@@UAEXAAVTraverseInfo@1@@Z,public: virtual void __thiscall srNode::traverse(class srNode::TraverseInfo &),exported
wiz8--demo--sr--bb5f67e6a719,sr.dll,??_7srNode@@6B@,srNode,,,0x771d0,9,0x504f0,?process@srNode@@UAEXABUProcessInfo@1@W4e_processType@1@@Z,"public: virtual void __thiscall srNode::process(struct srNode::ProcessInfo const &, enum srNode::e_processType)",exported
wiz8--demo--sr--bb5f67e6a719,sr.dll,??_7srNode@@6B@,srNode,,,0x771d0,10,0x50510,?getLocalBounds@srNode@@UAEXAAUBoundInfo@1@@Z,public: virtual void __thiscall srNode::getLocalBounds(struct srNode::BoundInfo &),exported
wiz8--demo--sr--bb5f67e6a719,sr.dll,??_7srNode@@6B@,srNode,,,0x771d0,11,0x50500,?updateBounds@srNode@@UAEXXZ,public: virtual void __thiscall srNode::updateBounds(void),exported
wiz8--demo--sr--bb5f67e6a719,sr.dll,??_7srNode@@6B@,srNode,,,0x771d0,12,0x50690,?processSignal@srNode@@MAEHKPAX@Z,"protected: virtual int __thiscall srNode::processSignal(unsigned long, void *)",exported
wiz8--demo--sr--bb5f67e6a719,sr.dll,??_7srPalette@@6B@,srPalette,,,0x753cc,0,0x49e0,,,internal
wiz8--demo--sr--bb5f67e6a719,sr.dll,??_7srPalette@@6B@,srPalette,,,0x753cc,1,0x49d0,,,internal
wiz8--demo--sr--bb5f67e6a719,sr.dll,??_7srPalette@@6B@,srPalette,,,0x753cc,2,0x49f0,,,internal
wiz8--demo--sr--bb5f67e6a719,sr.dll,??_7srPalette@@6B@,srPalette,,,0x753cc,3,0x47a0,?dump@srPalette@@UAEXAAV?$basic_ostream@DU?$char_traits@D@std@@@std@@@Z,"public: virtual void __thiscall srPalette::dump(class std::basic_ostream<char, struct std::char_traits<char>> &)",exported
wiz8--demo--sr--bb5f67e6a719,sr.dll,??_7srPalette@@6B@,srPalette,,,0x753cc,4,0xe050,?verify@srClass@@UAEXW4e_verify@srRuntimeClass@@@Z,public: virtual void __thiscall srClass::verify(enum srRuntimeClass::e_verify),exported
wiz8--demo--sr--bb5f67e6a719,sr.dll,??_7srPalette@@6B@,srPalette,,,0x753cc,5,0x4ff0,,,internal
wiz8--demo--sr--bb5f67e6a719,sr.dll,??_7srPalette@@6B@,srPalette,,,0x753cc,6,0x4970,?vInstance@srPalette@@UAEPAVsrClass@@XZ,public: virtual class srClass * __thiscall srPalette::vInstance(void),exported
wiz8--demo--sr--bb5f67e6a719,sr.dll,??_7srPalette@@6B@,srPalette,,,0x753cc,7,0x4a30,,,internal
wiz8--demo--sr--bb5f67e6a719,sr.dll,??_7srRuntimeClass@@6B@,srRuntimeClass,,,0x754e4,0,0x11cc0,?getClassName@srRuntimeClass@@UBEPBDXZ,public: virtual char const * __thiscall srRuntimeClass::getClassName(void) const,exported
wiz8--demo--sr--bb5f67e6a719,sr.dll,??_7srRuntimeClass@@6B@,srRuntimeClass,,,0x754e4,1,0x11cd0,?getClassID@srRuntimeClass@@UBEKXZ,public: virtual unsigned long __thiscall srRuntimeClass::getClassID(void) const,exported
wiz8--demo--sr--bb5f67e6a719,sr.dll,??_7srRuntimeClass@@6B@,srRuntimeClass,,,0x754e4,2,0x11ce0,?getClassNode@srRuntimeClass@@UBEPAVClassNode@srRegistry@@XZ,public: virtual class srRegistry::ClassNode * __thiscall srRuntimeClass::getClassNode(void) const,exported
wiz8--demo--sr--bb5f67e6a719,sr.dll,??_7srRuntimeClass@@6B@,srRuntimeClass,,,0x754e4,3,0x11ab0,?dump@srRuntimeClass@@UAEXAAV?$basic_ostream@DU?$char_traits@D@std@@@std@@@Z,"public: virtual void __thiscall srRuntimeClass::dump(class std::basic_ostream<char, struct std::char_traits<char>> &)",exported
wiz8--demo--sr--bb5f67e6a719,sr.dll,??_7srRuntimeClass@@6B@,srRuntimeClass,,,0x754e4,4,0x117a0,?verify@srRuntimeClass@@UAEXW4e_verify@1@@Z,public: virtual void __thiscall srRuntimeClass::verify(enum srRuntimeClass::e_verify),exported
wiz8--demo--sr--bb5f67e6a719,sr.dll,??_7srRuntimeClass@@6B@,srRuntimeClass,,,0x754e4,5,0x11bf0,,,internal
wiz8--demo--sr--bb5f67e6a719,sr.dll,??_7srScene@@6B@,srScene,,,0x77230,0,0x56a00,,,internal
wiz8--demo--sr--bb5f67e6a719,sr.dll,??_7srScene@@6B@,srScene,,,0x77230,1,0x569f0,,,internal
wiz8--demo--sr--bb5f67e6a719,sr.dll,??_7srScene@@6B@,srScene,,,0x77230,2,0x56a10,,,internal
wiz8--demo--sr--bb5f67e6a719,sr.dll,??_7srScene@@6B@,srScene,,,0x77230,3,0x56750,?dump@srScene@@UAEXAAV?$basic_ostream@DU?$char_traits@D@std@@@std@@@Z,"public: virtual void __thiscall srScene::dump(class std::basic_ostream<char, struct std::char_traits<char>> &)",exported
wiz8--demo--sr--bb5f67e6a719,sr.dll,??_7srScene@@6B@,srScene,,,0x77230,4,0xe050,?verify@srClass@@UAEXW4e_verify@srRuntimeClass@@@Z,public: virtual void __thiscall srClass::verify(enum srRuntimeClass::e_verify),exported
wiz8--demo--sr--bb5f67e6a719,sr.dll,??_7srScene@@6B@,srScene,,,0x77230,5,0x570b0,,,internal
wiz8--demo--sr--bb5f67e6a719,sr.dll,??_7srScene@@6B@,srScene,,,0x77230,6,0x56bb0,?vInstance@srScene@@UAEPAVsrClass@@XZ,public: virtual class srClass * __thiscall srScene::vInstance(void),exported
wiz8--demo--sr--bb5f67e6a719,sr.dll,??_7srScene@@6B@,srScene,,,0x77230,7,0x56a70,,,internal
wiz8--demo--sr--bb5f67e6a719,sr.dll,??_7srScene@@6B@,srScene,,,0x77230,8,0x561f0,?traverse@srScene@@UAEXAAVTraverseInfo@srNode@@@Z,public: virtual void __thiscall srScene::traverse(class srNode::TraverseInfo &),exported
wiz8--demo--sr--bb5f67e6a719,sr.dll,??_7srScene@@6B@,srScene,,,0x77230,9,0x562e0,?process@srScene@@UAEXABUProcessInfo@srNode@@W4e_processType@3@@Z,"public: virtual void __thiscall srScene::process(struct srNode::ProcessInfo const &, enum srNode::e_processType)",exported
wiz8--demo--sr--bb5f67e6a719,sr.dll,??_7srScene@@6B@,srScene,,,0x77230,10,0x50510,?getLocalBounds@srNode@@UAEXAAUBoundInfo@1@@Z,public: virtual void __thiscall srNode::getLocalBounds(struct srNode::BoundInfo &),exported
wiz8--demo--sr--bb5f67e6a719,sr.dll,??_7srScene@@6B@,srScene,,,0x77230,11,0x50500,?updateBounds@srNode@@UAEXXZ,public: virtual void __thiscall srNode::updateBounds(void),exported
wiz8--demo--sr--bb5f67e6a719,sr.dll,??_7srScene@@6B@,srScene,,,0x77230,12,0x50690,?processSignal@srNode@@MAEHKPAX@Z,"protected: virtual int __thiscall srNode::processSignal(unsigned long, void *)",exported
wiz8--demo--sr--bb5f67e6a719,sr.dll,??_7srSurfaceIOManager@@6B@,srSurfaceIOManager,,,0x75418,0,0x5240,,,internal
wiz8--demo--sr--bb5f67e6a719,sr.dll,??_7srTextureFile@@6B@,srTextureFile,,,0x774e8,0,0x5fd50,,,internal
wiz8--demo--sr--bb5f67e6a719,sr.dll,??_7srTextureFile@@6B@,srTextureFile,,,0x774e8,1,0x5fd40,,,internal
wiz8--demo--sr--bb5f67e6a719,sr.dll,??_7srTextureFile@@6B@,srTextureFile,,,0x774e8,2,0x5fd60,,,internal
wiz8--demo--sr--bb5f67e6a719,sr.dll,??_7srTextureFile@@6B@,srTextureFile,,,0x774e8,3,0x5fbd0,?dump@srTextureFile@@UAEXAAV?$basic_ostream@DU?$char_traits@D@std@@@std@@@Z,"public: virtual void __thiscall srTextureFile::dump(class std::basic_ostream<char, struct std::char_traits<char>> &)",exported
wiz8--demo--sr--bb5f67e6a719,sr.dll,??_7srTextureFile@@6B@,srTextureFile,,,0x774e8,4,0xe050,?verify@srClass@@UAEXW4e_verify@srRuntimeClass@@@Z,public: virtual void __thiscall srClass::verify(enum srRuntimeClass::e_verify),exported
wiz8--demo--sr--bb5f67e6a719,sr.dll,??_7srTextureFile@@6B@,srTextureFile,,,0x774e8,5,0x600c0,,,internal
wiz8--demo--sr--bb5f67e6a719,sr.dll,??_7srTextureFile@@6B@,srTextureFile,,,0x774e8,6,0x5ff20,?vInstance@srTextureFile@@UAEPAVsrClass@@XZ,public: virtual class srClass * __thiscall srTextureFile::vInstance(void),exported
wiz8--demo--sr--bb5f67e6a719,sr.dll,??_7srTextureFile@@6B@,srTextureFile,,,0x774e8,7,0x5fdf0,,,internal
wiz8--demo--sr--bb5f67e6a719,sr.dll,??_7srTextureFile@@6B@,srTextureFile,,,0x774e8,8,0x5f8a0,?getTextureFrameHandle@srTextureFile@@UAEKXZ,public: virtual unsigned long __thiscall srTextureFile::getTextureFrameHandle(void),exported
wiz8--demo--sr--bb5f67e6a719,sr.dll,??_7srTextureFile@@6B@,srTextureFile,,,0x774e8,9,0x5eb20,?getPriority@srTexture@@UAEMXZ,public: virtual float __thiscall srTexture::getPriority(void),exported
wiz8--demo--sr--bb5f67e6a719,sr.dll,??_7srTextureFile@@6B@,srTextureFile,,,0x774e8,10,0x5ee00,?getDimensions@srTexture@@UAEXAAUDimensions@srTextureIFace@@@Z,public: virtual void __thiscall srTexture::getDimensions(struct srTextureIFace::Dimensions &),exported
wiz8--demo--sr--bb5f67e6a719,sr.dll,??_7srTextureFile@@6B@,srTextureFile,,,0x774e8,11,0x5fcb0,?getMipmapData@srTextureFile@@UAEXAAUMultiRequest@srTextureIFace@@@Z,public: virtual void __thiscall srTextureFile::getMipmapData(struct srTextureIFace::MultiRequest &),exported
wiz8--demo--sr--bb5f67e6a719,sr.dll,??_7srTextureFile@@6B@,srTextureFile,,,0x774e8,12,0x5fd30,?getMipmapLevelPartial@srTextureFile@@UAEXAAUPartialRequest@srTextureIFace@@@Z,public: virtual void __thiscall srTextureFile::getMipmapLevelPartial(struct srTextureIFace::PartialRequest &),exported
wiz8--demo--sr--bb5f67e6a719,sr.dll,??_7srTextureFile@@6B@,srTextureFile,,,0x774e8,13,0x5eeb0,?getTextureParms@srTexture@@UAEXAAUParameters@srTextureIFace@@@Z,public: virtual void __thiscall srTexture::getTextureParms(struct srTextureIFace::Parameters &),exported
wiz8--demo--sr--bb5f67e6a719,sr.dll,??_7srTextureFile@@6B@,srTextureFile,,,0x774e8,14,0x5f140,?getTextureName@srTextureIFace@@UAEPBDXZ,public: virtual char const * __thiscall srTextureIFace::getTextureName(void),exported
wiz8--demo--sr--bb5f67e6a719,sr.dll,??_7srTextureFile@@6B@,srTextureFile,,,0x774e8,15,0x5fa80,?invalidate@srTextureFile@@UAEXXZ,public: virtual void __thiscall srTextureFile::invalidate(void),exported
wiz8--demo--sr--bb5f67e6a719,sr.dll,??_7srTextureFile@@6B@,srTextureFile,,,0x774e8,16,0x5f8b0,?setupDefaultValues@srTextureFile@@MAEXXZ,protected: virtual void __thiscall srTextureFile::setupDefaultValues(void),exported
wiz8--demo--sr--bb5f67e6a719,sr.dll,??_7srTextureMap@@6B@,srTextureMap,,,0x77578,0,0x605b0,,,internal
wiz8--demo--sr--bb5f67e6a719,sr.dll,??_7srTextureMap@@6B@,srTextureMap,,,0x77578,1,0x605a0,,,internal
wiz8--demo--sr--bb5f67e6a719,sr.dll,??_7srTextureMap@@6B@,srTextureMap,,,0x77578,2,0x605c0,,,internal
wiz8--demo--sr--bb5f67e6a719,sr.dll,??_7srTextureMap@@6B@,srTextureMap,,,0x77578,3,0x60520,?dump@srTextureMap@@UAEXAAV?$basic_ostream@DU?$char_traits@D@std@@@std@@@Z,"public: virtual void __thiscall srTextureMap::dump(class std::basic_ostream<char, struct std::char_traits<char>> &)",exported
wiz8--demo--sr--bb5f67e6a719,sr.dll,??_7srTextureMap@@6B@,srTextureMap,,,0x77578,4,0xe050,?verify@srClass@@UAEXW4e_verify@srRuntimeClass@@@Z,public: virtual void __thiscall srClass::verify(enum srRuntimeClass::e_verify),exported
wiz8--demo--sr--bb5f67e6a719,sr.dll,??_7srTextureMap@@6B@,srTextureMap,,,0x77578,5,0x608f0,,,internal
wiz8--demo--sr--bb5f67e6a719,sr.dll,??_7srTextureMap@@6B@,srTextureMap,,,0x77578,6,0x60780,?vInstance@srTextureMap@@UAEPAVsrClass@@XZ,public: virtual class srClass * __thiscall srTextureMap::vInstance(void),exported
wiz8--demo--sr--bb5f67e6a719,sr.dll,??_7srTextureMap@@6B@,srTextureMap,,,0x77578,7,0x60650,,,internal
wiz8--demo--sr--bb5f67e6a719,sr.dll,??_7srTextureMap@@6B@,srTextureMap,,,0x77578,8,0x604b0,?getTextureFrameHandle@srTextureMap@@UAEKXZ,public: virtual unsigned long __thiscall srTextureMap::getTextureFrameHandle(void),exported
wiz8--demo--sr--bb5f67e6a719,sr.dll,??_7srTextureMap@@6B@,srTextureMap,,,0x77578,9,0x5eb20,?getPriority@srTexture@@UAEMXZ,public: virtual float __thiscall srTexture::getPriority(void),exported
wiz8--demo--sr--bb5f67e6a719,sr.dll,??_7srTextureMap@@6B@,srTextureMap,,,0x77578,10,0x5ee00,?getDimensions@srTexture@@UAEXAAUDimensions@srTextureIFace@@@Z,public: virtual void __thiscall srTexture::getDimensions(struct srTextureIFace::Dimensions &),exported
wiz8--demo--sr--bb5f67e6a719,sr.dll,??_7srTextureMap@@6B@,srTextureMap,,,0x77578,11,0x601c0,?getMipmapData@srTextureMap@@UAEXAAUMultiRequest@srTextureIFace@@@Z,public: virtual void __thiscall srTextureMap::getMipmapData(struct srTextureIFace::MultiRequest &),exported
wiz8--demo--sr--bb5f67e6a719,sr.dll,??_7srTextureMap@@6B@,srTextureMap,,,0x77578,12,0x5eea0,?getMipmapLevelPartial@srTexture@@UAEXAAUPartialRequest@srTextureIFace@@@Z,public: virtual void __thiscall srTexture::getMipmapLevelPartial(struct srTextureIFace::PartialRequest &),exported
wiz8--demo--sr--bb5f67e6a719,sr.dll,??_7srTextureMap@@6B@,srTextureMap,,,0x77578,13,0x5eeb0,?getTextureParms@srTexture@@UAEXAAUParameters@srTextureIFace@@@Z,public: virtual void __thiscall srTexture::getTextureParms(struct srTextureIFace::Parameters &),exported
wiz8--demo--sr--bb5f67e6a719,sr.dll,??_7srTextureMap@@6B@,srTextureMap,,,0x77578,14,0x5f140,?getTextureName@srTextureIFace@@UAEPBDXZ,public: virtual char const * __thiscall srTextureIFace::getTextureName(void),exported
wiz8--demo--sr--bb5f67e6a719,sr.dll,??_7srTextureMap@@6B@,srTextureMap,,,0x77578,15,0x604a0,?invalidate@srTextureMap@@UAEXXZ,public: virtual void __thiscall srTextureMap::invalidate(void),exported
wiz8--demo--sr--bb5f67e6a719,sr.dll,??_7srTextureMap@@6B@,srTextureMap,,,0x77578,16,0x604c0,?setupDefaultValues@srTextureMap@@MAEXXZ,protected: virtual void __thiscall srTextureMap::setupDefaultValues(void),exported
wiz8--demo--sr--bb5f67e6a719,sr.dll,??_7srTimer@@6B@,srTimer,,,0x77620,0,0x60b30,,,internal
wiz8--demo--sr--bb5f67e6a719,sr.dll,??_7srTimer@@6B@,srTimer,,,0x77620,1,0x62fc0,?getAscTime@srTimer@@UAEPADPADW4e_timerReadControl@1@@Z,"public: virtual char * __thiscall srTimer::getAscTime(char *, enum srTimer::e_timerReadControl)",exported
wiz8--demo--sr--bb5f67e6a719,sr.dll,??_7srTimer@@6B@,srTimer,,,0x77620,2,0x62d20,?pause@srTimer@@UAEHXZ,public: virtual int __thiscall srTimer::pause(void),exported
wiz8--demo--sr--bb5f67e6a719,sr.dll,??_7srTimer@@6B@,srTimer,,,0x77620,3,0x62d50,?resume@srTimer@@UAEKXZ,public: virtual unsigned long __thiscall srTimer::resume(void),exported
wiz8--demo--sr--bb5f67e6a719,sr.dll,??_7srTimer@@6B@,srTimer,,,0x77620,4,0x610f0,?reset@srTimer@@UAEHHHH@Z,"public: virtual int __thiscall srTimer::reset(int, int, int)",exported
wiz8--demo--sr--bb5f67e6a719,sr.dll,??_7srTimer@@6B@,srTimer,,,0x77620,5,0x62df0,?getMsTime@srTimer@@UAEKW4e_timerReadControl@1@@Z,public: virtual unsigned long __thiscall srTimer::getMsTime(enum srTimer::e_timerReadControl),exported
wiz8--demo--sr--bb5f67e6a719,sr.dll,??_7srTimer@@6B@,srTimer,,,0x77620,6,0x62e50,?getTime@srTimer@@UAENW4e_timerReadControl@1@@Z,public: virtual double __thiscall srTimer::getTime(enum srTimer::e_timerReadControl),exported
wiz8--demo--sr--bb5f67e6a719,sr.dll,??_7srTimer@@6B@,srTimer,,,0x77620,7,0x62f40,?getUTime@srTimer@@UAEKAAVsrQuadWord@@W4e_timerReadControl@1@@Z,"public: virtual unsigned long __thiscall srTimer::getUTime(class srQuadWord &, enum srTimer::e_timerReadControl)",exported
wiz8--demo--sr--bb5f67e6a719,sr.dll,??_7srTimer@@6B@,srTimer,,,0x77620,8,0x62ec0,?getUTime@srTimer@@UAEKW4e_timerReadControl@1@@Z,public: virtual unsigned long __thiscall srTimer::getUTime(enum srTimer::e_timerReadControl),exported
wiz8--demo--sr--bb5f67e6a719,sr.dll,??_7srTimer@@6B@,srTimer,,,0x77620,9,0x62430,?getRawTime@srTimer@@UAEKAAVsrQuadWord@@W4e_timerReadControl@1@@Z,"public: virtual unsigned long __thiscall srTimer::getRawTime(class srQuadWord &, enum srTimer::e_timerReadControl)",exported
wiz8--demo--sr--bb5f67e6a719,sr.dll,??_7srTimer@@6B@,srTimer,,,0x77620,10,0x623e0,?getRawTime@srTimer@@UAEKW4e_timerReadControl@1@@Z,public: virtual unsigned long __thiscall srTimer::getRawTime(enum srTimer::e_timerReadControl),exported
wiz8--demo--sr--bb5f67e6a719,sr.dll,??_7srTriangleFilter@@6B@,srTriangleFilter,,,0x75388,0,0x3710,,,internal
wiz8--demo--sr--bb5f67e6a719,sr.dll,??_7srTriangleFilter@@6B@,srTriangleFilter,,,0x75388,1,0x36a0,?getName@srTriangleFilter@@UBEPBDXZ,public: virtual char const * __thiscall srTriangleFilter::getName(void) const,exported
wiz8--demo--sr--bb5f67e6a719,sr.dll,??_7srTriangleFilter@@6B@,srTriangleFilter,,,0x75388,2,0x3340,?getWeight@srTriangleFilter@@UBENN@Z,public: virtual double __thiscall srTriangleFilter::getWeight(double) const,exported
wiz8--demo--sr--bb5f67e6a719,sr.dll,??_7srTriangleFilter@@6B@,srTriangleFilter,,,0x75388,3,0x3400,?getSupport@srTriangleFilter@@UBENXZ,public: virtual double __thiscall srTriangleFilter::getSupport(void) const,exported
wiz8--demo--sr--bb5f67e6a719,sr.dll,??_7srVariableTimer@@6B@,srVariableTimer,,,0x77668,0,0x633f0,,,internal
wiz8--demo--sr--bb5f67e6a719,sr.dll,??_7srVariableTimer@@6B@,srVariableTimer,,,0x77668,1,0x640e0,?getAscTime@srVariableTimer@@UAEPADPADW4e_timerReadControl@srTimer@@@Z,"public: virtual char * __thiscall srVariableTimer::getAscTime(char *, enum srTimer::e_timerReadControl)",exported
wiz8--demo--sr--bb5f67e6a719,sr.dll,??_7srVariableTimer@@6B@,srVariableTimer,,,0x77668,2,0x63dc0,?pause@srVariableTimer@@UAEHXZ,public: virtual int __thiscall srVariableTimer::pause(void),exported
wiz8--demo--sr--bb5f67e6a719,sr.dll,??_7srVariableTimer@@6B@,srVariableTimer,,,0x77668,3,0x63de0,?resume@srVariableTimer@@UAEKXZ,public: virtual unsigned long __thiscall srVariableTimer::resume(void),exported
wiz8--demo--sr--bb5f67e6a719,sr.dll,??_7srVariableTimer@@6B@,srVariableTimer,,,0x77668,4,0x63870,?reset@srVariableTimer@@UAEHHHH@Z,"public: virtual int __thiscall srVariableTimer::reset(int, int, int)",exported
wiz8--demo--sr--bb5f67e6a719,sr.dll,??_7srVariableTimer@@6B@,srVariableTimer,,,0x77668,5,0x64010,?getMsTime@srVariableTimer@@UAEKW4e_timerReadControl@srTimer@@@Z,public: virtual unsigned long __thiscall srVariableTimer::getMsTime(enum srTimer::e_timerReadControl),exported
wiz8--demo--sr--bb5f67e6a719,sr.dll,??_7srVariableTimer@@6B@,srVariableTimer,,,0x77668,6,0x63ee0,?getTime@srVariableTimer@@UAENW4e_timerReadControl@srTimer@@@Z,public: virtual double __thiscall srVariableTimer::getTime(enum srTimer::e_timerReadControl),exported
wiz8--demo--sr--bb5f67e6a719,sr.dll,??_7srVariableTimer@@6B@,srVariableTimer,,,0x77668,7,0x64070,?getUTime@srVariableTimer@@UAEKAAVsrQuadWord@@W4e_timerReadControl@srTimer@@@Z,"public: virtual unsigned long __thiscall srVariableTimer::getUTime(class srQuadWord &, enum srTimer::e_timerReadControl)",exported
wiz8--demo--sr--bb5f67e6a719,sr.dll,??_7srVariableTimer@@6B@,srVariableTimer,,,0x77668,8,0x63e00,?getUTime@srVariableTimer@@UAEKW4e_timerReadControl@srTimer@@@Z,public: virtual unsigned long __thiscall srVariableTimer::getUTime(enum srTimer::e_timerReadControl),exported
wiz8--demo--sr--bb5f67e6a719,sr.dll,??_7srVariableTimer@@6B@,srVariableTimer,,,0x77668,9,0x64190,?getRawTime@srVariableTimer@@UAEKAAVsrQuadWord@@W4e_timerReadControl@srTimer@@@Z,"public: virtual unsigned long __thiscall srVariableTimer::getRawTime(class srQuadWord &, enum srTimer::e_timerReadControl)",exported
wiz8--demo--sr--bb5f67e6a719,sr.dll,??_7srVariableTimer@@6B@,srVariableTimer,,,0x77668,10,0x64150,?getRawTime@srVariableTimer@@UAEKW4e_timerReadControl@srTimer@@@Z,public: virtual unsigned long __thiscall srVariableTimer::getRawTime(enum srTimer::e_timerReadControl),exported
wiz8--demo--sr--bb5f67e6a719,sr.dll,??_7srWindowOut@@6B@,srWindowOut,,,0x76e20,0,0x47bf0,,,internal
wiz8--gog-128--sr--fe47f633a51f,sr.dll,??_7Client@srModel@@6B@,Client,srModel,,0x76cd8,0,0x3c870,,,internal
wiz8--gog-128--sr--fe47f633a51f,sr.dll,??_7Client@srModel@@6B@,Client,srModel,,0x76cd8,1,0x3c3b0,?setModel@Client@srModel@@UAEXPAV2@@Z,public: virtual void __thiscall srModel::Client::setModel(class srModel *),exported
wiz8--gog-128--sr--fe47f633a51f,sr.dll,??_7Client@srModel@@6B@,Client,srModel,,0x76cd8,2,0x3c430,?updateClient@Client@srModel@@UAEXW4e_update@12@@Z,public: virtual void __thiscall srModel::Client::updateClient(enum srModel::Client::e_update),exported
wiz8--gog-128--sr--fe47f633a51f,sr.dll,??_7Client@srModel@@6B@,Client,srModel,,0x76cd8,3,0x3c6c0,?getModel@Client@srModel@@UBEPAV2@XZ,public: virtual class srModel * __thiscall srModel::Client::getModel(void) const,exported
wiz8--gog-128--sr--fe47f633a51f,sr.dll,??_7srBSplineFilter@@6B@,srBSplineFilter,,,0x75398,0,0x37e0,,,internal
wiz8--gog-128--sr--fe47f633a51f,sr.dll,??_7srBSplineFilter@@6B@,srBSplineFilter,,,0x75398,1,0x3770,?getName@srBSplineFilter@@UBEPBDXZ,public: virtual char const * __thiscall srBSplineFilter::getName(void) const,exported
wiz8--gog-128--sr--fe47f633a51f,sr.dll,??_7srBSplineFilter@@6B@,srBSplineFilter,,,0x75398,2,0x34b0,?getWeight@srBSplineFilter@@UBENN@Z,public: virtual double __thiscall srBSplineFilter::getWeight(double) const,exported
wiz8--gog-128--sr--fe47f633a51f,sr.dll,??_7srBSplineFilter@@6B@,srBSplineFilter,,,0x75398,3,0x3560,?getSupport@srBSplineFilter@@UBENXZ,public: virtual double __thiscall srBSplineFilter::getSupport(void) const,exported
wiz8--gog-128--sr--fe47f633a51f,sr.dll,??_7srBellFilter@@6B@,srBellFilter,,,0x75378,0,0x3640,,,internal
wiz8--gog-128--sr--fe47f633a51f,sr.dll,??_7srBellFilter@@6B@,srBellFilter,,,0x75378,1,0x35d0,?getName@srBellFilter@@UBEPBDXZ,public: virtual char const * __thiscall srBellFilter::getName(void) const,exported
wiz8--gog-128--sr--fe47f633a51f,sr.dll,??_7srBellFilter@@6B@,srBellFilter,,,0x75378,2,0x3410,?getWeight@srBellFilter@@UBENN@Z,public: virtual double __thiscall srBellFilter::getWeight(double) const,exported
wiz8--gog-128--sr--fe47f633a51f,sr.dll,??_7srBellFilter@@6B@,srBellFilter,,,0x75378,3,0x3490,?getSupport@srBellFilter@@UBENXZ,public: virtual double __thiscall srBellFilter::getSupport(void) const,exported
wiz8--gog-128--sr--fe47f633a51f,sr.dll,??_7srBinFStream@@6B0@@,srBinFStream,,srBinFStream,0x76a54,0,0x2f3b0,?pseek@srBinFStream@@MAEAAVsrBinStream@@K@Z,protected: virtual class srBinStream & __thiscall srBinFStream::pseek(unsigned long),exported
wiz8--gog-128--sr--fe47f633a51f,sr.dll,??_7srBinFStream@@6B0@@,srBinFStream,,srBinFStream,0x76a54,1,0x2f340,?pseek@srBinFStream@@MAEAAVsrBinStream@@KW4e_seekDir@2@@Z,"protected: virtual class srBinStream & __thiscall srBinFStream::pseek(unsigned long, enum srBinStream::e_seekDir)",exported
wiz8--gog-128--sr--fe47f633a51f,sr.dll,??_7srBinFStream@@6B0@@,srBinFStream,,srBinFStream,0x76a54,2,0x2f400,?ptell@srBinFStream@@MAEKXZ,protected: virtual unsigned long __thiscall srBinFStream::ptell(void),exported
wiz8--gog-128--sr--fe47f633a51f,sr.dll,??_7srBinFStream@@6BsrBinStream@@@,srBinFStream,,srBinStream,0x76a40,0,0x2f640,,,internal
wiz8--gog-128--sr--fe47f633a51f,sr.dll,??_7srBinFStream@@6BsrBinStream@@@,srBinFStream,,srBinStream,0x76a40,1,0x32340,?getSize@srBinStream@@UAEKXZ,public: virtual unsigned long __thiscall srBinStream::getSize(void),exported
wiz8--gog-128--sr--fe47f633a51f,sr.dll,??_7srBinFStream@@6BsrBinStream@@@,srBinFStream,,srBinStream,0x76a40,2,0x6ff14,,,internal
wiz8--gog-128--sr--fe47f633a51f,sr.dll,??_7srBinFStream@@6BsrBinStream@@@,srBinFStream,,srBinStream,0x76a40,3,0x6ff14,,,internal
wiz8--gog-128--sr--fe47f633a51f,sr.dll,??_7srBinFStream@@6BsrBinStream@@@,srBinFStream,,srBinStream,0x76a40,4,0x6ff14,,,internal
wiz8--gog-128--sr--fe47f633a51f,sr.dll,??_7srBinIAsyncStream@@6BsrBinIStream@@@,srBinIAsyncStream,,srBinIStream,0x769f4,0,0x314e0,?vget@srBinIStream@@MAEGXZ,protected: virtual unsigned short __thiscall srBinIStream::vget(void),exported
wiz8--gog-128--sr--fe47f633a51f,sr.dll,??_7srBinIAsyncStream@@6BsrBinIStream@@@,srBinIAsyncStream,,srBinIStream,0x769f4,1,0x2eae0,?vread@srBinIAsyncStream@@UAEKPAXK@Z,"public: virtual unsigned long __thiscall srBinIAsyncStream::vread(void *, unsigned long)",exported
wiz8--gog-128--sr--fe47f633a51f,sr.dll,??_7srBinIAsyncStream@@6BsrBinStream@@@,srBinIAsyncStream,,srBinStream,0x769e0,0,0x2ef70,,,internal
wiz8--gog-128--sr--fe47f633a51f,sr.dll,??_7srBinIAsyncStream@@6BsrBinStream@@@,srBinIAsyncStream,,srBinStream,0x769e0,1,0x32340,?getSize@srBinStream@@UAEKXZ,public: virtual unsigned long __thiscall srBinStream::getSize(void),exported
wiz8--gog-128--sr--fe47f633a51f,sr.dll,??_7srBinIAsyncStream@@6BsrBinStream@@@,srBinIAsyncStream,,srBinStream,0x769e0,2,0x2ef80,,,internal
wiz8--gog-128--sr--fe47f633a51f,sr.dll,??_7srBinIAsyncStream@@6BsrBinStream@@@,srBinIAsyncStream,,srBinStream,0x769e0,3,0x2ef90,,,internal
wiz8--gog-128--sr--fe47f633a51f,sr.dll,??_7srBinIAsyncStream@@6BsrBinStream@@@,srBinIAsyncStream,,srBinStream,0x769e0,4,0x2efa0,,,internal
wiz8--gog-128--sr--fe47f633a51f,sr.dll,??_7srBinIFStream@@6BsrBinFStream@@@,srBinIFStream,,srBinFStream,0x76a8c,0,0x2f3b0,?pseek@srBinFStream@@MAEAAVsrBinStream@@K@Z,protected: virtual class srBinStream & __thiscall srBinFStream::pseek(unsigned long),exported
wiz8--gog-128--sr--fe47f633a51f,sr.dll,??_7srBinIFStream@@6BsrBinFStream@@@,srBinIFStream,,srBinFStream,0x76a8c,1,0x2f340,?pseek@srBinFStream@@MAEAAVsrBinStream@@KW4e_seekDir@2@@Z,"protected: virtual class srBinStream & __thiscall srBinFStream::pseek(unsigned long, enum srBinStream::e_seekDir)",exported
wiz8--gog-128--sr--fe47f633a51f,sr.dll,??_7srBinIFStream@@6BsrBinFStream@@@,srBinIFStream,,srBinFStream,0x76a8c,2,0x2f400,?ptell@srBinFStream@@MAEKXZ,protected: virtual unsigned long __thiscall srBinFStream::ptell(void),exported
wiz8--gog-128--sr--fe47f633a51f,sr.dll,??_7srBinIFStream@@6BsrBinIStream@@@,srBinIFStream,,srBinIStream,0x76a84,0,0x2f850,?vget@srBinIFStream@@EAEGXZ,private: virtual unsigned short __thiscall srBinIFStream::vget(void),exported
wiz8--gog-128--sr--fe47f633a51f,sr.dll,??_7srBinIFStream@@6BsrBinIStream@@@,srBinIFStream,,srBinIStream,0x76a84,1,0x2f870,?vread@srBinIFStream@@EAEKPAXK@Z,"private: virtual unsigned long __thiscall srBinIFStream::vread(void *, unsigned long)",exported
wiz8--gog-128--sr--fe47f633a51f,sr.dll,??_7srBinIFStream@@6BsrBinStream@@@,srBinIFStream,,srBinStream,0x76a70,0,0x2fc00,,,internal
wiz8--gog-128--sr--fe47f633a51f,sr.dll,??_7srBinIFStream@@6BsrBinStream@@@,srBinIFStream,,srBinStream,0x76a70,1,0x32340,?getSize@srBinStream@@UAEKXZ,public: virtual unsigned long __thiscall srBinStream::getSize(void),exported
wiz8--gog-128--sr--fe47f633a51f,sr.dll,??_7srBinIFStream@@6BsrBinStream@@@,srBinIFStream,,srBinStream,0x76a70,2,0x2fc10,,,internal
wiz8--gog-128--sr--fe47f633a51f,sr.dll,??_7srBinIFStream@@6BsrBinStream@@@,srBinIFStream,,srBinStream,0x76a70,3,0x2fc20,,,internal
wiz8--gog-128--sr--fe47f633a51f,sr.dll,??_7srBinIFStream@@6BsrBinStream@@@,srBinIFStream,,srBinStream,0x76a70,4,0x2fc30,,,internal
wiz8--gog-128--sr--fe47f633a51f,sr.dll,??_7srBinIMStream@@6BsrBinIStream@@@,srBinIMStream,,srBinIStream,0x76b94,0,0x314e0,?vget@srBinIStream@@MAEGXZ,protected: virtual unsigned short __thiscall srBinIStream::vget(void),exported
wiz8--gog-128--sr--fe47f633a51f,sr.dll,??_7srBinIMStream@@6BsrBinIStream@@@,srBinIMStream,,srBinIStream,0x76b94,1,0x30b50,?vread@srBinIMStream@@EAEKPAXK@Z,"private: virtual unsigned long __thiscall srBinIMStream::vread(void *, unsigned long)",exported
wiz8--gog-128--sr--fe47f633a51f,sr.dll,??_7srBinIMStream@@6BsrBinStream@@@,srBinIMStream,,srBinStream,0x76b80,0,0x30db0,,,internal
wiz8--gog-128--sr--fe47f633a51f,sr.dll,??_7srBinIMStream@@6BsrBinStream@@@,srBinIMStream,,srBinStream,0x76b80,1,0x30dc0,,,internal
wiz8--gog-128--sr--fe47f633a51f,sr.dll,??_7srBinIMStream@@6BsrBinStream@@@,srBinIMStream,,srBinStream,0x76b80,2,0x30dd0,,,internal
wiz8--gog-128--sr--fe47f633a51f,sr.dll,??_7srBinIMStream@@6BsrBinStream@@@,srBinIMStream,,srBinStream,0x76b80,3,0x30de0,,,internal
wiz8--gog-128--sr--fe47f633a51f,sr.dll,??_7srBinIMStream@@6BsrBinStream@@@,srBinIMStream,,srBinStream,0x76b80,4,0x30df0,,,internal
wiz8--gog-128--sr--fe47f633a51f,sr.dll,??_7srBinIOFStream@@6BsrBinFStream@@@,srBinIOFStream,,srBinFStream,0x76adc,0,0x2f3b0,?pseek@srBinFStream@@MAEAAVsrBinStream@@K@Z,protected: virtual class srBinStream & __thiscall srBinFStream::pseek(unsigned long),exported
wiz8--gog-128--sr--fe47f633a51f,sr.dll,??_7srBinIOFStream@@6BsrBinFStream@@@,srBinIOFStream,,srBinFStream,0x76adc,1,0x2f340,?pseek@srBinFStream@@MAEAAVsrBinStream@@KW4e_seekDir@2@@Z,"protected: virtual class srBinStream & __thiscall srBinFStream::pseek(unsigned long, enum srBinStream::e_seekDir)",exported
wiz8--gog-128--sr--fe47f633a51f,sr.dll,??_7srBinIOFStream@@6BsrBinFStream@@@,srBinIOFStream,,srBinFStream,0x76adc,2,0x2f400,?ptell@srBinFStream@@MAEKXZ,protected: virtual unsigned long __thiscall srBinFStream::ptell(void),exported
wiz8--gog-128--sr--fe47f633a51f,sr.dll,??_7srBinIOFStream@@6BsrBinIStream@@@,srBinIOFStream,,srBinIStream,0x76ad4,0,0x2fe80,?vget@srBinIOFStream@@EAEGXZ,private: virtual unsigned short __thiscall srBinIOFStream::vget(void),exported
wiz8--gog-128--sr--fe47f633a51f,sr.dll,??_7srBinIOFStream@@6BsrBinIStream@@@,srBinIOFStream,,srBinIStream,0x76ad4,1,0x2fea0,?vread@srBinIOFStream@@EAEKPAXK@Z,"private: virtual unsigned long __thiscall srBinIOFStream::vread(void *, unsigned long)",exported
wiz8--gog-128--sr--fe47f633a51f,sr.dll,??_7srBinIOFStream@@6BsrBinOStream@@@,srBinIOFStream,,srBinOStream,0x76acc,0,0x2fe50,?vput@srBinIOFStream@@EAEGD@Z,private: virtual unsigned short __thiscall srBinIOFStream::vput(char),exported
wiz8--gog-128--sr--fe47f633a51f,sr.dll,??_7srBinIOFStream@@6BsrBinOStream@@@,srBinIOFStream,,srBinOStream,0x76acc,1,0x2fe30,?vwrite@srBinIOFStream@@EAEKPBXK@Z,"private: virtual unsigned long __thiscall srBinIOFStream::vwrite(void const *, unsigned long)",exported
wiz8--gog-128--sr--fe47f633a51f,sr.dll,??_7srBinIOFStream@@6BsrBinStream@@@,srBinIOFStream,,srBinStream,0x76ab8,0,0x302f0,,,internal
wiz8--gog-128--sr--fe47f633a51f,sr.dll,??_7srBinIOFStream@@6BsrBinStream@@@,srBinIOFStream,,srBinStream,0x76ab8,1,0x32340,?getSize@srBinStream@@UAEKXZ,public: virtual unsigned long __thiscall srBinStream::getSize(void),exported
wiz8--gog-128--sr--fe47f633a51f,sr.dll,??_7srBinIOFStream@@6BsrBinStream@@@,srBinIOFStream,,srBinStream,0x76ab8,2,0x30300,,,internal
wiz8--gog-128--sr--fe47f633a51f,sr.dll,??_7srBinIOFStream@@6BsrBinStream@@@,srBinIOFStream,,srBinStream,0x76ab8,3,0x30310,,,internal
wiz8--gog-128--sr--fe47f633a51f,sr.dll,??_7srBinIOFStream@@6BsrBinStream@@@,srBinIOFStream,,srBinStream,0x76ab8,4,0x30320,,,internal
wiz8--gog-128--sr--fe47f633a51f,sr.dll,??_7srBinIStream@@6B0@@,srBinIStream,,srBinIStream,0x76a10,0,0x314e0,?vget@srBinIStream@@MAEGXZ,protected: virtual unsigned short __thiscall srBinIStream::vget(void),exported
wiz8--gog-128--sr--fe47f633a51f,sr.dll,??_7srBinIStream@@6B0@@,srBinIStream,,srBinIStream,0x76a10,1,0x6ff14,,,internal
wiz8--gog-128--sr--fe47f633a51f,sr.dll,??_7srBinIStream@@6BsrBinStream@@@,srBinIStream,,srBinStream,0x769fc,0,0x31d40,,,internal
wiz8--gog-128--sr--fe47f633a51f,sr.dll,??_7srBinIStream@@6BsrBinStream@@@,srBinIStream,,srBinStream,0x769fc,1,0x32340,?getSize@srBinStream@@UAEKXZ,public: virtual unsigned long __thiscall srBinStream::getSize(void),exported
wiz8--gog-128--sr--fe47f633a51f,sr.dll,??_7srBinIStream@@6BsrBinStream@@@,srBinIStream,,srBinStream,0x769fc,2,0x6ff14,,,internal
wiz8--gog-128--sr--fe47f633a51f,sr.dll,??_7srBinIStream@@6BsrBinStream@@@,srBinIStream,,srBinStream,0x769fc,3,0x6ff14,,,internal
wiz8--gog-128--sr--fe47f633a51f,sr.dll,??_7srBinIStream@@6BsrBinStream@@@,srBinIStream,,srBinStream,0x769fc,4,0x6ff14,,,internal
wiz8--gog-128--sr--fe47f633a51f,sr.dll,??_7srBinOFStream@@6BsrBinFStream@@@,srBinOFStream,,srBinFStream,0x76b30,0,0x2f3b0,?pseek@srBinFStream@@MAEAAVsrBinStream@@K@Z,protected: virtual class srBinStream & __thiscall srBinFStream::pseek(unsigned long),exported
wiz8--gog-128--sr--fe47f633a51f,sr.dll,??_7srBinOFStream@@6BsrBinFStream@@@,srBinOFStream,,srBinFStream,0x76b30,1,0x2f340,?pseek@srBinFStream@@MAEAAVsrBinStream@@KW4e_seekDir@2@@Z,"protected: virtual class srBinStream & __thiscall srBinFStream::pseek(unsigned long, enum srBinStream::e_seekDir)",exported
wiz8--gog-128--sr--fe47f633a51f,sr.dll,??_7srBinOFStream@@6BsrBinFStream@@@,srBinOFStream,,srBinFStream,0x76b30,2,0x2f400,?ptell@srBinFStream@@MAEKXZ,protected: virtual unsigned long __thiscall srBinFStream::ptell(void),exported
wiz8--gog-128--sr--fe47f633a51f,sr.dll,??_7srBinOFStream@@6BsrBinOStream@@@,srBinOFStream,,srBinOStream,0x76b3c,0,0x309a0,,,internal
wiz8--gog-128--sr--fe47f633a51f,sr.dll,??_7srBinOFStream@@6BsrBinOStream@@@,srBinOFStream,,srBinOStream,0x76b3c,1,0x309b0,,,internal
wiz8--gog-128--sr--fe47f633a51f,sr.dll,??_7srBinOFStream@@6BsrBinStream@@@,srBinOFStream,,srBinStream,0x76b44,0,0x30960,,,internal
wiz8--gog-128--sr--fe47f633a51f,sr.dll,??_7srBinOFStream@@6BsrBinStream@@@,srBinOFStream,,srBinStream,0x76b44,1,0x32340,?getSize@srBinStream@@UAEKXZ,public: virtual unsigned long __thiscall srBinStream::getSize(void),exported
wiz8--gog-128--sr--fe47f633a51f,sr.dll,??_7srBinOFStream@@6BsrBinStream@@@,srBinOFStream,,srBinStream,0x76b44,2,0x30970,,,internal
wiz8--gog-128--sr--fe47f633a51f,sr.dll,??_7srBinOFStream@@6BsrBinStream@@@,srBinOFStream,,srBinStream,0x76b44,3,0x30980,,,internal
wiz8--gog-128--sr--fe47f633a51f,sr.dll,??_7srBinOFStream@@6BsrBinStream@@@,srBinOFStream,,srBinStream,0x76b44,4,0x30990,,,internal
wiz8--gog-128--sr--fe47f633a51f,sr.dll,??_7srBinOMStream@@6BsrBinOStream@@@,srBinOMStream,,srBinOStream,0x76bc4,0,0x31da0,?vput@srBinOStream@@MAEGD@Z,protected: virtual unsigned short __thiscall srBinOStream::vput(char),exported
wiz8--gog-128--sr--fe47f633a51f,sr.dll,??_7srBinOMStream@@6BsrBinOStream@@@,srBinOMStream,,srBinOStream,0x76bc4,1,0x30fd0,?vwrite@srBinOMStream@@EAEKPBXK@Z,"private: virtual unsigned long __thiscall srBinOMStream::vwrite(void const *, unsigned long)",exported
wiz8--gog-128--sr--fe47f633a51f,sr.dll,??_7srBinOMStream@@6BsrBinStream@@@,srBinOMStream,,srBinStream,0x76bb0,0,0x31440,,,internal
wiz8--gog-128--sr--fe47f633a51f,sr.dll,??_7srBinOMStream@@6BsrBinStream@@@,srBinOMStream,,srBinStream,0x76bb0,1,0x31450,,,internal
wiz8--gog-128--sr--fe47f633a51f,sr.dll,??_7srBinOMStream@@6BsrBinStream@@@,srBinOMStream,,srBinStream,0x76bb0,2,0x31460,,,internal
wiz8--gog-128--sr--fe47f633a51f,sr.dll,??_7srBinOMStream@@6BsrBinStream@@@,srBinOMStream,,srBinStream,0x76bb0,3,0x31470,,,internal
wiz8--gog-128--sr--fe47f633a51f,sr.dll,??_7srBinOMStream@@6BsrBinStream@@@,srBinOMStream,,srBinStream,0x76bb0,4,0x31480,,,internal
wiz8--gog-128--sr--fe47f633a51f,sr.dll,??_7srBinOStream@@6B0@@,srBinOStream,,srBinOStream,0x76afc,0,0x31da0,?vput@srBinOStream@@MAEGD@Z,protected: virtual unsigned short __thiscall srBinOStream::vput(char),exported
wiz8--gog-128--sr--fe47f633a51f,sr.dll,??_7srBinOStream@@6B0@@,srBinOStream,,srBinOStream,0x76afc,1,0x6ff14,,,internal
wiz8--gog-128--sr--fe47f633a51f,sr.dll,??_7srBinOStream@@6BsrBinStream@@@,srBinOStream,,srBinStream,0x76ae8,0,0x32120,,,internal
wiz8--gog-128--sr--fe47f633a51f,sr.dll,??_7srBinOStream@@6BsrBinStream@@@,srBinOStream,,srBinStream,0x76ae8,1,0x32340,?getSize@srBinStream@@UAEKXZ,public: virtual unsigned long __thiscall srBinStream::getSize(void),exported
wiz8--gog-128--sr--fe47f633a51f,sr.dll,??_7srBinOStream@@6BsrBinStream@@@,srBinOStream,,srBinStream,0x76ae8,2,0x6ff14,,,internal
wiz8--gog-128--sr--fe47f633a51f,sr.dll,??_7srBinOStream@@6BsrBinStream@@@,srBinOStream,,srBinStream,0x76ae8,3,0x6ff14,,,internal
wiz8--gog-128--sr--fe47f633a51f,sr.dll,??_7srBinOStream@@6BsrBinStream@@@,srBinOStream,,srBinStream,0x76ae8,4,0x6ff14,,,internal
wiz8--gog-128--sr--fe47f633a51f,sr.dll,??_7srBinStream@@6B@,srBinStream,,,0x76970,0,0x322e0,,,internal
wiz8--gog-128--sr--fe47f633a51f,sr.dll,??_7srBinStream@@6B@,srBinStream,,,0x76970,1,0x32340,?getSize@srBinStream@@UAEKXZ,public: virtual unsigned long __thiscall srBinStream::getSize(void),exported
wiz8--gog-128--sr--fe47f633a51f,sr.dll,??_7srBinStream@@6B@,srBinStream,,,0x76970,2,0x6ff14,,,internal
wiz8--gog-128--sr--fe47f633a51f,sr.dll,??_7srBinStream@@6B@,srBinStream,,,0x76970,3,0x6ff14,,,internal
wiz8--gog-128--sr--fe47f633a51f,sr.dll,??_7srBinStream@@6B@,srBinStream,,,0x76970,4,0x6ff14,,,internal
wiz8--gog-128--sr--fe47f633a51f,sr.dll,??_7srBounder@@6B@,srBounder,,,0x76f30,0,0x4af20,,,internal
wiz8--gog-128--sr--fe47f633a51f,sr.dll,??_7srBounder@@6B@,srBounder,,,0x76f30,1,0x4af10,,,internal
wiz8--gog-128--sr--fe47f633a51f,sr.dll,??_7srBounder@@6B@,srBounder,,,0x76f30,2,0x4af30,,,internal
wiz8--gog-128--sr--fe47f633a51f,sr.dll,??_7srBounder@@6B@,srBounder,,,0x76f30,3,0x4aa30,?dump@srBounder@@UAEXAAV?$basic_ostream@DU?$char_traits@D@std@@@std@@@Z,"public: virtual void __thiscall srBounder::dump(class std::basic_ostream<char, struct std::char_traits<char>> &)",exported
wiz8--gog-128--sr--fe47f633a51f,sr.dll,??_7srBounder@@6B@,srBounder,,,0x76f30,4,0xe050,?verify@srClass@@UAEXW4e_verify@srRuntimeClass@@@Z,public: virtual void __thiscall srClass::verify(enum srRuntimeClass::e_verify),exported
wiz8--gog-128--sr--fe47f633a51f,sr.dll,??_7srBounder@@6B@,srBounder,,,0x76f30,5,0x4b3d0,,,internal
wiz8--gog-128--sr--fe47f633a51f,sr.dll,??_7srBounder@@6B@,srBounder,,,0x76f30,6,0x4b080,?vInstance@srBounder@@UAEPAVsrClass@@XZ,public: virtual class srClass * __thiscall srBounder::vInstance(void),exported
wiz8--gog-128--sr--fe47f633a51f,sr.dll,??_7srBounder@@6B@,srBounder,,,0x76f30,7,0x4af90,,,internal
wiz8--gog-128--sr--fe47f633a51f,sr.dll,??_7srBounder@@6B@,srBounder,,,0x76f30,8,0x4a6f0,?traverse@srBounder@@UAEXAAVTraverseInfo@srNode@@@Z,public: virtual void __thiscall srBounder::traverse(class srNode::TraverseInfo &),exported
wiz8--gog-128--sr--fe47f633a51f,sr.dll,??_7srBounder@@6B@,srBounder,,,0x76f30,9,0x4a6e0,?process@srBounder@@UAEXABUProcessInfo@srNode@@W4e_processType@3@@Z,"public: virtual void __thiscall srBounder::process(struct srNode::ProcessInfo const &, enum srNode::e_processType)",exported
wiz8--gog-128--sr--fe47f633a51f,sr.dll,??_7srBounder@@6B@,srBounder,,,0x76f30,10,0x50510,?getLocalBounds@srNode@@UAEXAAUBoundInfo@1@@Z,public: virtual void __thiscall srNode::getLocalBounds(struct srNode::BoundInfo &),exported
wiz8--gog-128--sr--fe47f633a51f,sr.dll,??_7srBounder@@6B@,srBounder,,,0x76f30,11,0x4a800,?updateBounds@srBounder@@UAEXXZ,public: virtual void __thiscall srBounder::updateBounds(void),exported
wiz8--gog-128--sr--fe47f633a51f,sr.dll,??_7srBounder@@6B@,srBounder,,,0x76f30,12,0x50690,?processSignal@srNode@@MAEHKPAX@Z,"protected: virtual int __thiscall srNode::processSignal(unsigned long, void *)",exported
wiz8--gog-128--sr--fe47f633a51f,sr.dll,??_7srBoxFilter@@6B@,srBoxFilter,,,0x75350,0,0x3570,,,internal
wiz8--gog-128--sr--fe47f633a51f,sr.dll,??_7srBoxFilter@@6B@,srBoxFilter,,,0x75350,1,0x3470,?getName@srBoxFilter@@UBEPBDXZ,public: virtual char const * __thiscall srBoxFilter::getName(void) const,exported
wiz8--gog-128--sr--fe47f633a51f,sr.dll,??_7srBoxFilter@@6B@,srBoxFilter,,,0x75350,2,0x32c0,?getWeight@srBoxFilter@@UBENN@Z,public: virtual double __thiscall srBoxFilter::getWeight(double) const,exported
wiz8--gog-128--sr--fe47f633a51f,sr.dll,??_7srBoxFilter@@6B@,srBoxFilter,,,0x75350,3,0x3320,?getSupport@srBoxFilter@@UBENXZ,public: virtual double __thiscall srBoxFilter::getSupport(void) const,exported
wiz8--gog-128--sr--fe47f633a51f,sr.dll,??_7srCamera@@6B@,srCamera,,,0x76e40,0,0x49390,,,internal
wiz8--gog-128--sr--fe47f633a51f,sr.dll,??_7srCamera@@6B@,srCamera,,,0x76e40,1,0x49380,,,internal
wiz8--gog-128--sr--fe47f633a51f,sr.dll,??_7srCamera@@6B@,srCamera,,,0x76e40,2,0x493a0,,,internal
wiz8--gog-128--sr--fe47f633a51f,sr.dll,??_7srCamera@@6B@,srCamera,,,0x76e40,3,0x48b70,?dump@srCamera@@UAEXAAV?$basic_ostream@DU?$char_traits@D@std@@@std@@@Z,"public: virtual void __thiscall srCamera::dump(class std::basic_ostream<char, struct std::char_traits<char>> &)",exported
wiz8--gog-128--sr--fe47f633a51f,sr.dll,??_7srCamera@@6B@,srCamera,,,0x76e40,4,0xe050,?verify@srClass@@UAEXW4e_verify@srRuntimeClass@@@Z,public: virtual void __thiscall srClass::verify(enum srRuntimeClass::e_verify),exported
wiz8--gog-128--sr--fe47f633a51f,sr.dll,??_7srCamera@@6B@,srCamera,,,0x76e40,5,0x48310,,,internal
wiz8--gog-128--sr--fe47f633a51f,sr.dll,??_7srCamera@@6B@,srCamera,,,0x76e40,6,0x48030,?vInstance@srCamera@@UAEPAVsrClass@@XZ,public: virtual class srClass * __thiscall srCamera::vInstance(void),exported
wiz8--gog-128--sr--fe47f633a51f,sr.dll,??_7srCamera@@6B@,srCamera,,,0x76e40,7,0x49400,,,internal
wiz8--gog-128--sr--fe47f633a51f,sr.dll,??_7srCamera@@6B@,srCamera,,,0x76e40,8,0x504b0,?traverse@srNode@@UAEXAAVTraverseInfo@1@@Z,public: virtual void __thiscall srNode::traverse(class srNode::TraverseInfo &),exported
wiz8--gog-128--sr--fe47f633a51f,sr.dll,??_7srCamera@@6B@,srCamera,,,0x76e40,9,0x47df0,?process@srCamera@@UAEXABUProcessInfo@srNode@@W4e_processType@3@@Z,"public: virtual void __thiscall srCamera::process(struct srNode::ProcessInfo const &, enum srNode::e_processType)",exported
wiz8--gog-128--sr--fe47f633a51f,sr.dll,??_7srCamera@@6B@,srCamera,,,0x76e40,10,0x50510,?getLocalBounds@srNode@@UAEXAAUBoundInfo@1@@Z,public: virtual void __thiscall srNode::getLocalBounds(struct srNode::BoundInfo &),exported
wiz8--gog-128--sr--fe47f633a51f,sr.dll,??_7srCamera@@6B@,srCamera,,,0x76e40,11,0x50500,?updateBounds@srNode@@UAEXXZ,public: virtual void __thiscall srNode::updateBounds(void),exported
wiz8--gog-128--sr--fe47f633a51f,sr.dll,??_7srCamera@@6B@,srCamera,,,0x76e40,12,0x50690,?processSignal@srNode@@MAEHKPAX@Z,"protected: virtual int __thiscall srNode::processSignal(unsigned long, void *)",exported
wiz8--gog-128--sr--fe47f633a51f,sr.dll,??_7srClipPlane@@6B@,srClipPlane,,,0x76ec0,0,0x49f50,,,internal
wiz8--gog-128--sr--fe47f633a51f,sr.dll,??_7srClipPlane@@6B@,srClipPlane,,,0x76ec0,1,0x49f40,,,internal
wiz8--gog-128--sr--fe47f633a51f,sr.dll,??_7srClipPlane@@6B@,srClipPlane,,,0x76ec0,2,0x49f60,,,internal
wiz8--gog-128--sr--fe47f633a51f,sr.dll,??_7srClipPlane@@6B@,srClipPlane,,,0x76ec0,3,0x49e40,?dump@srClipPlane@@UAEXAAV?$basic_ostream@DU?$char_traits@D@std@@@std@@@Z,"public: virtual void __thiscall srClipPlane::dump(class std::basic_ostream<char, struct std::char_traits<char>> &)",exported
wiz8--gog-128--sr--fe47f633a51f,sr.dll,??_7srClipPlane@@6B@,srClipPlane,,,0x76ec0,4,0xe050,?verify@srClass@@UAEXW4e_verify@srRuntimeClass@@@Z,public: virtual void __thiscall srClass::verify(enum srRuntimeClass::e_verify),exported
wiz8--gog-128--sr--fe47f633a51f,sr.dll,??_7srClipPlane@@6B@,srClipPlane,,,0x76ec0,5,0x4a3b0,,,internal
wiz8--gog-128--sr--fe47f633a51f,sr.dll,??_7srClipPlane@@6B@,srClipPlane,,,0x76ec0,6,0x4a160,?vInstance@srClipPlane@@UAEPAVsrClass@@XZ,public: virtual class srClass * __thiscall srClipPlane::vInstance(void),exported
wiz8--gog-128--sr--fe47f633a51f,sr.dll,??_7srClipPlane@@6B@,srClipPlane,,,0x76ec0,7,0x49fc0,,,internal
wiz8--gog-128--sr--fe47f633a51f,sr.dll,??_7srClipPlane@@6B@,srClipPlane,,,0x76ec0,8,0x49d40,?traverse@srClipPlane@@UAEXAAVTraverseInfo@srNode@@@Z,public: virtual void __thiscall srClipPlane::traverse(class srNode::TraverseInfo &),exported
wiz8--gog-128--sr--fe47f633a51f,sr.dll,??_7srClipPlane@@6B@,srClipPlane,,,0x76ec0,9,0x49ce0,?process@srClipPlane@@UAEXABUProcessInfo@srNode@@W4e_processType@3@@Z,"public: virtual void __thiscall srClipPlane::process(struct srNode::ProcessInfo const &, enum srNode::e_processType)",exported
wiz8--gog-128--sr--fe47f633a51f,sr.dll,??_7srClipPlane@@6B@,srClipPlane,,,0x76ec0,10,0x50510,?getLocalBounds@srNode@@UAEXAAUBoundInfo@1@@Z,public: virtual void __thiscall srNode::getLocalBounds(struct srNode::BoundInfo &),exported
wiz8--gog-128--sr--fe47f633a51f,sr.dll,??_7srClipPlane@@6B@,srClipPlane,,,0x76ec0,11,0x50500,?updateBounds@srNode@@UAEXXZ,public: virtual void __thiscall srNode::updateBounds(void),exported
wiz8--gog-128--sr--fe47f633a51f,sr.dll,??_7srClipPlane@@6B@,srClipPlane,,,0x76ec0,12,0x50690,?processSignal@srNode@@MAEHKPAX@Z,"protected: virtual int __thiscall srNode::processSignal(unsigned long, void *)",exported
wiz8--gog-128--sr--fe47f633a51f,sr.dll,??_7srColorSurface@@6B@,srColorSurface,,,0x772d0,0,0x5dfc0,,,internal
wiz8--gog-128--sr--fe47f633a51f,sr.dll,??_7srColorSurface@@6B@,srColorSurface,,,0x772d0,1,0x5dfb0,,,internal
wiz8--gog-128--sr--fe47f633a51f,sr.dll,??_7srColorSurface@@6B@,srColorSurface,,,0x772d0,2,0x5dfd0,,,internal
wiz8--gog-128--sr--fe47f633a51f,sr.dll,??_7srColorSurface@@6B@,srColorSurface,,,0x772d0,3,0x5dbe0,?dump@srColorSurface@@UAEXAAV?$basic_ostream@DU?$char_traits@D@std@@@std@@@Z,"public: virtual void __thiscall srColorSurface::dump(class std::basic_ostream<char, struct std::char_traits<char>> &)",exported
wiz8--gog-128--sr--fe47f633a51f,sr.dll,??_7srColorSurface@@6B@,srColorSurface,,,0x772d0,4,0xe050,?verify@srClass@@UAEXW4e_verify@srRuntimeClass@@@Z,public: virtual void __thiscall srClass::verify(enum srRuntimeClass::e_verify),exported
wiz8--gog-128--sr--fe47f633a51f,sr.dll,??_7srColorSurface@@6B@,srColorSurface,,,0x772d0,5,0x5df50,,,internal
wiz8--gog-128--sr--fe47f633a51f,sr.dll,??_7srColorSurface@@6B@,srColorSurface,,,0x772d0,6,0x5ddb0,?vInstance@srColorSurface@@UAEPAVsrClass@@XZ,public: virtual class srClass * __thiscall srColorSurface::vInstance(void),exported
wiz8--gog-128--sr--fe47f633a51f,sr.dll,??_7srColorSurface@@6B@,srColorSurface,,,0x772d0,7,0x5e030,,,internal
wiz8--gog-128--sr--fe47f633a51f,sr.dll,??_7srColorSurface@@6B@,srColorSurface,,,0x772d0,8,0x5b2e0,?getPixel@srColorSurfaceIFace@@UAEKJJ@Z,"public: virtual unsigned long __thiscall srColorSurfaceIFace::getPixel(long, long)",exported
wiz8--gog-128--sr--fe47f633a51f,sr.dll,??_7srColorSurface@@6B@,srColorSurface,,,0x772d0,9,0x5b470,?setPixel@srColorSurfaceIFace@@UAEXJJK@Z,"public: virtual void __thiscall srColorSurfaceIFace::setPixel(long, long, unsigned long)",exported
wiz8--gog-128--sr--fe47f633a51f,sr.dll,??_7srColorSurface@@6B@,srColorSurface,,,0x772d0,10,0x5c460,?getPixelRaw@srColorSurface@@UAEKJJ@Z,"public: virtual unsigned long __thiscall srColorSurface::getPixelRaw(long, long)",exported
wiz8--gog-128--sr--fe47f633a51f,sr.dll,??_7srColorSurface@@6B@,srColorSurface,,,0x772d0,11,0x5c030,?setPixelRaw@srColorSurface@@UAEXJJK@Z,"public: virtual void __thiscall srColorSurface::setPixelRaw(long, long, unsigned long)",exported
wiz8--gog-128--sr--fe47f633a51f,sr.dll,??_7srColorSurface@@6B@,srColorSurface,,,0x772d0,12,0x5d7a0,?getPixels@srColorSurface@@UAEXPAKPBVsrVector2i@@J@Z,"public: virtual void __thiscall srColorSurface::getPixels(unsigned long *, class srVector2i const *, long)",exported
wiz8--gog-128--sr--fe47f633a51f,sr.dll,??_7srColorSurface@@6B@,srColorSurface,,,0x772d0,13,0x5d5f0,?setPixels@srColorSurface@@UAEXPBKPBVsrVector2i@@J@Z,"public: virtual void __thiscall srColorSurface::setPixels(unsigned long const *, class srVector2i const *, long)",exported
wiz8--gog-128--sr--fe47f633a51f,sr.dll,??_7srColorSurface@@6B@,srColorSurface,,,0x772d0,14,0x5d830,?getPixelsRaw@srColorSurface@@UAEXPAXPBVsrVector2i@@J@Z,"public: virtual void __thiscall srColorSurface::getPixelsRaw(void *, class srVector2i const *, long)",exported
wiz8--gog-128--sr--fe47f633a51f,sr.dll,??_7srColorSurface@@6B@,srColorSurface,,,0x772d0,15,0x5d680,?setPixelsRaw@srColorSurface@@UAEXPBXPBVsrVector2i@@J@Z,"public: virtual void __thiscall srColorSurface::setPixelsRaw(void const *, class srVector2i const *, long)",exported
wiz8--gog-128--sr--fe47f633a51f,sr.dll,??_7srColorSurface@@6B@,srColorSurface,,,0x772d0,16,0x5d970,?getPixelColumn@srColorSurface@@UAEXPAKJJJ@Z,"public: virtual void __thiscall srColorSurface::getPixelColumn(unsigned long *, long, long, long)",exported
wiz8--gog-128--sr--fe47f633a51f,sr.dll,??_7srColorSurface@@6B@,srColorSurface,,,0x772d0,17,0x5dad0,?setPixelColumn@srColorSurface@@UAEXPBKJJJ@Z,"public: virtual void __thiscall srColorSurface::setPixelColumn(unsigned long const *, long, long, long)",exported
wiz8--gog-128--sr--fe47f633a51f,sr.dll,??_7srColorSurface@@6B@,srColorSurface,,,0x772d0,18,0x5b570,?getPalette@srColorSurface@@UAEPAVsrPalette@@XZ,public: virtual class srPalette * __thiscall srColorSurface::getPalette(void),exported
wiz8--gog-128--sr--fe47f633a51f,sr.dll,??_7srColorSurface@@6B@,srColorSurface,,,0x772d0,19,0x5b580,?setPalette@srColorSurface@@UAEXPAVsrPalette@@@Z,public: virtual void __thiscall srColorSurface::setPalette(class srPalette *),exported
wiz8--gog-128--sr--fe47f633a51f,sr.dll,??_7srColorSurface@@6B@,srColorSurface,,,0x772d0,20,0x5b550,?getDataPtr@srColorSurface@@UAEPAXXZ,public: virtual void * __thiscall srColorSurface::getDataPtr(void),exported
wiz8--gog-128--sr--fe47f633a51f,sr.dll,??_7srColorSurface@@6B@,srColorSurface,,,0x772d0,21,0x5b560,?getDataSize@srColorSurface@@UAEJXZ,public: virtual long __thiscall srColorSurface::getDataSize(void),exported
wiz8--gog-128--sr--fe47f633a51f,sr.dll,??_7srColorSurface@@6B@,srColorSurface,,,0x772d0,22,0x5bec0,?resize@srColorSurface@@UAEHJJ@Z,"public: virtual int __thiscall srColorSurface::resize(long, long)",exported
wiz8--gog-128--sr--fe47f633a51f,sr.dll,??_7srColorSurface@@6B@,srColorSurface,,,0x772d0,23,0x5bd10,?rescale@srColorSurface@@UAEHJJ@Z,"public: virtual int __thiscall srColorSurface::rescale(long, long)",exported
wiz8--gog-128--sr--fe47f633a51f,sr.dll,??_7srColorSurface@@6B@,srColorSurface,,,0x772d0,24,0x5bde0,?changePixelFormat@srColorSurface@@UAEHABUPixelFormat@srPixelConvert@@H@Z,"public: virtual int __thiscall srColorSurface::changePixelFormat(struct srPixelConvert::PixelFormat const &, int)",exported
wiz8--gog-128--sr--fe47f633a51f,sr.dll,??_7srColorSurface@@6B@,srColorSurface,,,0x772d0,25,0x5c900,?fill@srColorSurface@@UAEXK@Z,public: virtual void __thiscall srColorSurface::fill(unsigned long),exported
wiz8--gog-128--sr--fe47f633a51f,sr.dll,??_7srColorSurface@@6B@,srColorSurface,,,0x772d0,26,0x5c560,?setHLine@srColorSurface@@UAEXJJJK@Z,"public: virtual void __thiscall srColorSurface::setHLine(long, long, long, unsigned long)",exported
wiz8--gog-128--sr--fe47f633a51f,sr.dll,??_7srColorSurface@@6B@,srColorSurface,,,0x772d0,27,0x5c740,?setVLine@srColorSurface@@UAEXJJJK@Z,"public: virtual void __thiscall srColorSurface::setVLine(long, long, long, unsigned long)",exported
wiz8--gog-128--sr--fe47f633a51f,sr.dll,??_7srColorSurface@@6B@,srColorSurface,,,0x772d0,28,0x57810,?setLine@srColorSurfaceIFace@@UAEXJJJJK@Z,"public: virtual void __thiscall srColorSurfaceIFace::setLine(long, long, long, long, unsigned long)",exported
wiz8--gog-128--sr--fe47f633a51f,sr.dll,??_7srColorSurface@@6B@,srColorSurface,,,0x772d0,29,0x589d0,?composite@srColorSurfaceIFace@@UAEXJJAAV1@JJJJN@Z,"public: virtual void __thiscall srColorSurfaceIFace::composite(long, long, class srColorSurfaceIFace &, long, long, long, long, double)",exported
wiz8--gog-128--sr--fe47f633a51f,sr.dll,??_7srColorSurface@@6B@,srColorSurface,,,0x772d0,30,0x58450,?blit@srColorSurfaceIFace@@UAEXABUBlitInfo@1@AAV1@@Z,"public: virtual void __thiscall srColorSurfaceIFace::blit(struct srColorSurfaceIFace::BlitInfo const &, class srColorSurfaceIFace &)",exported
wiz8--gog-128--sr--fe47f633a51f,sr.dll,??_7srColorSurface@@6B@,srColorSurface,,,0x772d0,31,0x5d220,?blit@srColorSurface@@UAEXJJAAVsrColorSurfaceIFace@@JJJJ@Z,"public: virtual void __thiscall srColorSurface::blit(long, long, class srColorSurfaceIFace &, long, long, long, long)",exported
wiz8--gog-128--sr--fe47f633a51f,sr.dll,??_7srColorSurface@@6B@,srColorSurface,,,0x772d0,32,0x59900,?copy@srColorSurfaceIFace@@UAEXAAV1@@Z,public: virtual void __thiscall srColorSurfaceIFace::copy(class srColorSurfaceIFace &),exported
wiz8--gog-128--sr--fe47f633a51f,sr.dll,??_7srColorSurface@@6B@,srColorSurface,,,0x772d0,33,0x5c0a0,?swapPixelRows@srColorSurface@@UAEXJJJJJ@Z,"public: virtual void __thiscall srColorSurface::swapPixelRows(long, long, long, long, long)",exported
wiz8--gog-128--sr--fe47f633a51f,sr.dll,??_7srColorSurface@@6B@,srColorSurface,,,0x772d0,34,0x5c2e0,?flipRectangle@srColorSurface@@UAEXABURectangle@srColorSurfaceIFace@@@Z,public: virtual void __thiscall srColorSurface::flipRectangle(struct srColorSurfaceIFace::Rectangle const &),exported
wiz8--gog-128--sr--fe47f633a51f,sr.dll,??_7srColorSurface@@6B@,srColorSurface,,,0x772d0,35,0x57d10,?adjust@srColorSurfaceIFace@@UAEXABV?$srVector4T@M@@00@Z,"public: virtual void __thiscall srColorSurfaceIFace::adjust(class srVector4T<float> const &, class srVector4T<float> const &, class srVector4T<float> const &)",exported
wiz8--gog-128--sr--fe47f633a51f,sr.dll,??_7srColorSurface@@6B@,srColorSurface,,,0x772d0,36,0x57eb0,?adjustSaturation@srColorSurfaceIFace@@UAEXN@Z,public: virtual void __thiscall srColorSurfaceIFace::adjustSaturation(double),exported
wiz8--gog-128--sr--fe47f633a51f,sr.dll,??_7srColorSurface@@6B@,srColorSurface,,,0x772d0,37,0x59240,?getChannelStatistics@srColorSurfaceIFace@@UAEXAAVsrStat@@W4e_index@srARGB@@@Z,"public: virtual void __thiscall srColorSurfaceIFace::getChannelStatistics(class srStat &, enum srARGB::e_index)",exported
wiz8--gog-128--sr--fe47f633a51f,sr.dll,??_7srColorSurface@@6B@,srColorSurface,,,0x772d0,38,0x5b040,?remapPixels@srColorSurfaceIFace@@UAEXABVsrARGB@@0@Z,"public: virtual void __thiscall srColorSurfaceIFace::remapPixels(class srARGB const &, class srARGB const &)",exported
wiz8--gog-128--sr--fe47f633a51f,sr.dll,??_7srColorSurface@@6B@,srColorSurface,,,0x772d0,39,0x59520,?copyColorChannel@srColorSurfaceIFace@@UAEXW4e_index@srARGB@@0@Z,"public: virtual void __thiscall srColorSurfaceIFace::copyColorChannel(enum srARGB::e_index, enum srARGB::e_index)",exported
wiz8--gog-128--sr--fe47f633a51f,sr.dll,??_7srColorSurface@@6B@,srColorSurface,,,0x772d0,40,0x59420,?flipColorChannels@srColorSurfaceIFace@@UAEXW4e_index@srARGB@@0@Z,"public: virtual void __thiscall srColorSurfaceIFace::flipColorChannels(enum srARGB::e_index, enum srARGB::e_index)",exported
wiz8--gog-128--sr--fe47f633a51f,sr.dll,??_7srColorSurface@@6B@,srColorSurface,,,0x772d0,41,0x5d940,?getPixelRow@srColorSurface@@UAEXPAKJJJ@Z,"public: virtual void __thiscall srColorSurface::getPixelRow(unsigned long *, long, long, long)",exported
wiz8--gog-128--sr--fe47f633a51f,sr.dll,??_7srColorSurface@@6B@,srColorSurface,,,0x772d0,42,0x5daa0,?setPixelRow@srColorSurface@@UAEXPBKJJJ@Z,"public: virtual void __thiscall srColorSurface::setPixelRow(unsigned long const *, long, long, long)",exported
wiz8--gog-128--sr--fe47f633a51f,sr.dll,??_7srColorSurface@@6B@,srColorSurface,,,0x772d0,43,0x5bf70,?getPixelRowRaw@srColorSurface@@UAEXPAXJJJ@Z,"public: virtual void __thiscall srColorSurface::getPixelRowRaw(void *, long, long, long)",exported
wiz8--gog-128--sr--fe47f633a51f,sr.dll,??_7srColorSurface@@6B@,srColorSurface,,,0x772d0,44,0x5bfd0,?setPixelRowRaw@srColorSurface@@UAEXPBXJJJ@Z,"public: virtual void __thiscall srColorSurface::setPixelRowRaw(void const *, long, long, long)",exported
wiz8--gog-128--sr--fe47f633a51f,sr.dll,??_7srColorSurface@@6B@,srColorSurface,,,0x772d0,45,0x5d010,?copyNoScaling@srColorSurface@@EAEXAAVsrColorSurfaceIFace@@@Z,private: virtual void __thiscall srColorSurface::copyNoScaling(class srColorSurfaceIFace &),exported
wiz8--gog-128--sr--fe47f633a51f,sr.dll,??_7srColorSurface@@6B@,srColorSurface,,,0x772d0,46,0x59ac0,?scaleHorizontal@srColorSurfaceIFace@@MAEXAAV1@@Z,protected: virtual void __thiscall srColorSurfaceIFace::scaleHorizontal(class srColorSurfaceIFace &),exported
wiz8--gog-128--sr--fe47f633a51f,sr.dll,??_7srColorSurface@@6B@,srColorSurface,,,0x772d0,47,0x5a250,?scaleVertical@srColorSurfaceIFace@@MAEXAAV1@@Z,protected: virtual void __thiscall srColorSurfaceIFace::scaleVertical(class srColorSurfaceIFace &),exported
wiz8--gog-128--sr--fe47f633a51f,sr.dll,??_7srColorSurface@@6B@,srColorSurface,,,0x772d0,48,0x5cc90,?scaleFast@srColorSurface@@EAEXAAVsrColorSurfaceIFace@@@Z,private: virtual void __thiscall srColorSurface::scaleFast(class srColorSurfaceIFace &),exported
wiz8--gog-128--sr--fe47f633a51f,sr.dll,??_7srColorSurface@@6B@,srColorSurface,,,0x772d0,49,0x5a7a0,?scale@srColorSurfaceIFace@@MAEXAAV1@@Z,protected: virtual void __thiscall srColorSurfaceIFace::scale(class srColorSurfaceIFace &),exported
wiz8--gog-128--sr--fe47f633a51f,sr.dll,??_7srColorSurface@@6B@,srColorSurface,,,0x772d0,50,0x5abb0,?magnify@srColorSurfaceIFace@@MAEXAAV1@@Z,protected: virtual void __thiscall srColorSurfaceIFace::magnify(class srColorSurfaceIFace &),exported
wiz8--gog-128--sr--fe47f633a51f,sr.dll,??_7srColorSurface@@6B@,srColorSurface,,,0x772d0,51,0x5a930,?minify@srColorSurfaceIFace@@MAEXAAV1@@Z,protected: virtual void __thiscall srColorSurfaceIFace::minify(class srColorSurfaceIFace &),exported
wiz8--gog-128--sr--fe47f633a51f,sr.dll,??_7srDebugDD@@6B@,srDebugDD,,,0x765f0,0,0x178c0,,,internal
wiz8--gog-128--sr--fe47f633a51f,sr.dll,??_7srDebugDD@@6B@,srDebugDD,,,0x765f0,1,0x16dd0,?getInfo@srDebugDD@@UAEXAAUInfo@srDD@@@Z,public: virtual void __thiscall srDebugDD::getInfo(struct srDD::Info &),exported
wiz8--gog-128--sr--fe47f633a51f,sr.dll,??_7srDebugDD@@6B@,srDebugDD,,,0x765f0,2,0x16e00,?getWindowList@srDebugDD@@UAEXAAUWindowInfoList@srDD@@@Z,public: virtual void __thiscall srDebugDD::getWindowList(struct srDD::WindowInfoList &),exported
wiz8--gog-128--sr--fe47f633a51f,sr.dll,??_7srDebugDD@@6B@,srDebugDD,,,0x765f0,3,0x16e30,?getTextureFormats@srDebugDD@@UAEXAAUPixelFormatList@srDD@@@Z,public: virtual void __thiscall srDebugDD::getTextureFormats(struct srDD::PixelFormatList &),exported
wiz8--gog-128--sr--fe47f633a51f,sr.dll,??_7srDebugDD@@6B@,srDebugDD,,,0x765f0,4,0x16e60,?getStatistics@srDebugDD@@UAEXAAUStatistics@srDD@@@Z,public: virtual void __thiscall srDebugDD::getStatistics(struct srDD::Statistics &),exported
wiz8--gog-128--sr--fe47f633a51f,sr.dll,??_7srDebugDD@@6B@,srDebugDD,,,0x765f0,5,0x16e90,?resetStatistics@srDebugDD@@UAEXXZ,public: virtual void __thiscall srDebugDD::resetStatistics(void),exported
wiz8--gog-128--sr--fe47f633a51f,sr.dll,??_7srDebugDD@@6B@,srDebugDD,,,0x765f0,6,0x172d0,?extCommand@srDebugDD@@UAEXKPAXK@Z,"public: virtual void __thiscall srDebugDD::extCommand(unsigned long, void *, unsigned long)",exported
wiz8--gog-128--sr--fe47f633a51f,sr.dll,??_7srDebugDD@@6B@,srDebugDD,,,0x765f0,7,0x17220,?isBusy@srDebugDD@@UAEHXZ,public: virtual int __thiscall srDebugDD::isBusy(void),exported
wiz8--gog-128--sr--fe47f633a51f,sr.dll,??_7srDebugDD@@6B@,srDebugDD,,,0x765f0,8,0x171e0,?openWindow@srDebugDD@@UAE?AW4e_error@srDD@@ABUOpenInfo@3@AAUOpenResult@3@@Z,"public: virtual enum srDD::e_error __thiscall srDebugDD::openWindow(struct srDD::OpenInfo const &, struct srDD::OpenResult &)",exported
wiz8--gog-128--sr--fe47f633a51f,sr.dll,??_7srDebugDD@@6B@,srDebugDD,,,0x765f0,9,0x16ec0,?closeWindow@srDebugDD@@UAEXXZ,public: virtual void __thiscall srDebugDD::closeWindow(void),exported
wiz8--gog-128--sr--fe47f633a51f,sr.dll,??_7srDebugDD@@6B@,srDebugDD,,,0x765f0,10,0x16ef0,?beginFrame@srDebugDD@@UAEXXZ,public: virtual void __thiscall srDebugDD::beginFrame(void),exported
wiz8--gog-128--sr--fe47f633a51f,sr.dll,??_7srDebugDD@@6B@,srDebugDD,,,0x765f0,11,0x16f20,?endFrame@srDebugDD@@UAEXXZ,public: virtual void __thiscall srDebugDD::endFrame(void),exported
wiz8--gog-128--sr--fe47f633a51f,sr.dll,??_7srDebugDD@@6B@,srDebugDD,,,0x765f0,12,0x16f50,?flushFrame@srDebugDD@@UAEXXZ,public: virtual void __thiscall srDebugDD::flushFrame(void),exported
wiz8--gog-128--sr--fe47f633a51f,sr.dll,??_7srDebugDD@@6B@,srDebugDD,,,0x765f0,13,0x16f80,?flipFrame@srDebugDD@@UAEXPBUScissor@srDD@@0K@Z,"public: virtual void __thiscall srDebugDD::flipFrame(struct srDD::Scissor const *, struct srDD::Scissor const *, unsigned long)",exported
wiz8--gog-128--sr--fe47f633a51f,sr.dll,??_7srDebugDD@@6B@,srDebugDD,,,0x765f0,14,0x16fc0,?clearBuffers@srDebugDD@@UAEXABV?$srFlags@W4e_buffer@srDD@@@@@Z,public: virtual void __thiscall srDebugDD::clearBuffers(class srFlags<enum srDD::e_buffer> const &),exported
wiz8--gog-128--sr--fe47f633a51f,sr.dll,??_7srDebugDD@@6B@,srDebugDD,,,0x765f0,15,0x17250,?bufferOp@srDebugDD@@UAE?AW4e_error@srDD@@ABUBufferCommand@3@@Z,public: virtual enum srDD::e_error __thiscall srDebugDD::bufferOp(struct srDD::BufferCommand const &),exported
wiz8--gog-128--sr--fe47f633a51f,sr.dll,??_7srDebugDD@@6B@,srDebugDD,,,0x765f0,16,0x16ff0,?update@srDebugDD@@UAEXABUUpdate@srDD@@@Z,public: virtual void __thiscall srDebugDD::update(struct srDD::Update const &),exported
wiz8--gog-128--sr--fe47f633a51f,sr.dll,??_7srDebugDD@@6B@,srDebugDD,,,0x765f0,17,0x17020,?setScissor@srDebugDD@@UAEXABUScissor@srDD@@@Z,public: virtual void __thiscall srDebugDD::setScissor(struct srDD::Scissor const &),exported
wiz8--gog-128--sr--fe47f633a51f,sr.dll,??_7srDebugDD@@6B@,srDebugDD,,,0x765f0,18,0x17050,?setViewPort@srDebugDD@@UAEXABUViewPort@srDD@@@Z,public: virtual void __thiscall srDebugDD::setViewPort(struct srDD::ViewPort const &),exported
wiz8--gog-128--sr--fe47f633a51f,sr.dll,??_7srDebugDD@@6B@,srDebugDD,,,0x765f0,19,0x17080,?setClearValues@srDebugDD@@UAEXABUClearValues@srDD@@@Z,public: virtual void __thiscall srDebugDD::setClearValues(struct srDD::ClearValues const &),exported
wiz8--gog-128--sr--fe47f633a51f,sr.dll,??_7srDebugDD@@6B@,srDebugDD,,,0x765f0,20,0x170b0,?setFogColor@srDebugDD@@UAEXABV?$srVector4T@M@@@Z,public: virtual void __thiscall srDebugDD::setFogColor(class srVector4T<float> const &),exported
wiz8--gog-128--sr--fe47f633a51f,sr.dll,??_7srDebugDD@@6B@,srDebugDD,,,0x765f0,21,0x170e0,?setShader@srDebugDD@@UAEXABVsrShader@@@Z,public: virtual void __thiscall srDebugDD::setShader(class srShader const &),exported
wiz8--gog-128--sr--fe47f633a51f,sr.dll,??_7srDebugDD@@6B@,srDebugDD,,,0x765f0,22,0x17350,?setTextureParameters@srDebugDD@@UAEXKABUTexParms@srDD@@@Z,"public: virtual void __thiscall srDebugDD::setTextureParameters(unsigned long, struct srDD::TexParms const &)",exported
wiz8--gog-128--sr--fe47f633a51f,sr.dll,??_7srDebugDD@@6B@,srDebugDD,,,0x765f0,23,0x17310,?bindTexture@srDebugDD@@UAEXKAAUTexture@srDD@@@Z,"public: virtual void __thiscall srDebugDD::bindTexture(unsigned long, struct srDD::Texture &)",exported
wiz8--gog-128--sr--fe47f633a51f,sr.dll,??_7srDebugDD@@6B@,srDebugDD,,,0x765f0,24,0x17110,?deleteTexture@srDebugDD@@UAEXAAUTexture@srDD@@@Z,public: virtual void __thiscall srDebugDD::deleteTexture(struct srDD::Texture &),exported
wiz8--gog-128--sr--fe47f633a51f,sr.dll,??_7srDebugDD@@6B@,srDebugDD,,,0x765f0,25,0x17390,?texImage@srDebugDD@@UAEXAAUTexture@srDD@@K@Z,"public: virtual void __thiscall srDebugDD::texImage(struct srDD::Texture &, unsigned long)",exported
wiz8--gog-128--sr--fe47f633a51f,sr.dll,??_7srDebugDD@@6B@,srDebugDD,,,0x765f0,26,0x173d0,?texSubImage@srDebugDD@@UAEXAAUTexture@srDD@@KKKKK@Z,"public: virtual void __thiscall srDebugDD::texSubImage(struct srDD::Texture &, unsigned long, unsigned long, unsigned long, unsigned long, unsigned long)",exported
wiz8--gog-128--sr--fe47f633a51f,sr.dll,??_7srDebugDD@@6B@,srDebugDD,,,0x765f0,27,0x17420,?setGlobalPalette@srDebugDD@@UAEXPAKK@Z,"public: virtual void __thiscall srDebugDD::setGlobalPalette(unsigned long *, unsigned long)",exported
wiz8--gog-128--sr--fe47f633a51f,sr.dll,??_7srDebugDD@@6B@,srDebugDD,,,0x765f0,28,0x17460,?bindPalette@srDebugDD@@UAEXAAUPalette@srDD@@@Z,public: virtual void __thiscall srDebugDD::bindPalette(struct srDD::Palette &),exported
wiz8--gog-128--sr--fe47f633a51f,sr.dll,??_7srDebugDD@@6B@,srDebugDD,,,0x765f0,29,0x17140,?deletePalette@srDebugDD@@UAEXAAUPalette@srDD@@@Z,public: virtual void __thiscall srDebugDD::deletePalette(struct srDD::Palette &),exported
wiz8--gog-128--sr--fe47f633a51f,sr.dll,??_7srDebugDD@@6B@,srDebugDD,,,0x765f0,30,0x17290,?createContext@srDebugDD@@UAE?AW4e_error@srDD@@K@Z,public: virtual enum srDD::e_error __thiscall srDebugDD::createContext(unsigned long),exported
wiz8--gog-128--sr--fe47f633a51f,sr.dll,??_7srDebugDD@@6B@,srDebugDD,,,0x765f0,31,0x17170,?deleteContext@srDebugDD@@UAEXXZ,public: virtual void __thiscall srDebugDD::deleteContext(void),exported
wiz8--gog-128--sr--fe47f633a51f,sr.dll,??_7srDebugDD@@6B@,srDebugDD,,,0x765f0,32,0x171a0,?getDriverInfo@srDebugDD@@UAEXAAUDriverInfo@srDD@@@Z,public: virtual void __thiscall srDebugDD::getDriverInfo(struct srDD::DriverInfo &),exported
wiz8--gog-128--sr--fe47f633a51f,sr.dll,??_7srDebugDD@@6B@,srDebugDD,,,0x765f0,33,0x17490,?fence@srDebugDD@@UAEXXZ,public: virtual void __thiscall srDebugDD::fence(void),exported
wiz8--gog-128--sr--fe47f633a51f,sr.dll,??_7srDebugDD@@6B@,srDebugDD,,,0x765f0,34,0x174c0,?getBufferPixelFormat@srDebugDD@@UAEXAAUPixelFormat@srDD@@@Z,public: virtual void __thiscall srDebugDD::getBufferPixelFormat(struct srDD::PixelFormat &),exported
wiz8--gog-128--sr--fe47f633a51f,sr.dll,??_7srDebugDD@@6B@,srDebugDD,,,0x765f0,35,0x17500,?preBindTexture@srDebugDD@@UAEXKAAUTexture@srDD@@@Z,"public: virtual void __thiscall srDebugDD::preBindTexture(unsigned long, struct srDD::Texture &)",exported
wiz8--gog-128--sr--fe47f633a51f,sr.dll,??_7srDebugDD@@6B@,srDebugDD,,,0x765f0,36,0x17540,?setPolygonMode@srDebugDD@@UAEXW4e_polygonMode@srDD@@@Z,public: virtual void __thiscall srDebugDD::setPolygonMode(enum srDD::e_polygonMode),exported
wiz8--gog-128--sr--fe47f633a51f,sr.dll,??_7srDebugDD@@6B@,srDebugDD,,,0x765f0,37,0x17580,?setCullMode@srDebugDD@@UAEXW4e_cullMode@srDD@@@Z,public: virtual void __thiscall srDebugDD::setCullMode(enum srDD::e_cullMode),exported
wiz8--gog-128--sr--fe47f633a51f,sr.dll,??_7srDebugDD@@6B@,srDebugDD,,,0x765f0,38,0x175c0,?setProjectionMatrix@srDebugDD@@UAEXABV?$srMatrix4T@M@@W4e_type@2@@Z,"public: virtual void __thiscall srDebugDD::setProjectionMatrix(class srMatrix4T<float> const &, enum srMatrix4T<float>::e_type)",exported
wiz8--gog-128--sr--fe47f633a51f,sr.dll,??_7srDebugDD@@6B@,srDebugDD,,,0x765f0,39,0x17600,?setVertexArrayInfo@srDebugDD@@UAEXPBUVertexArrayInfo@srRendererDefs@@@Z,public: virtual void __thiscall srDebugDD::setVertexArrayInfo(struct srRendererDefs::VertexArrayInfo const *),exported
wiz8--gog-128--sr--fe47f633a51f,sr.dll,??_7srDebugDD@@6B@,srDebugDD,,,0x765f0,40,0x17640,?drawElements@srDebugDD@@UAEXW4e_primitive@srRendererDefs@@KW4e_indexType@3@PBX@Z,"public: virtual void __thiscall srDebugDD::drawElements(enum srRendererDefs::e_primitive, unsigned long, enum srRendererDefs::e_indexType, void const *)",exported
wiz8--gog-128--sr--fe47f633a51f,sr.dll,??_7srDebugDD@@6B@,srDebugDD,,,0x765f0,41,0x17690,?drawArrays@srDebugDD@@UAEXW4e_primitive@srRendererDefs@@JK@Z,"public: virtual void __thiscall srDebugDD::drawArrays(enum srRendererDefs::e_primitive, long, unsigned long)",exported
wiz8--gog-128--sr--fe47f633a51f,sr.dll,??_7srDebugDD@@6B@,srDebugDD,,,0x765f0,42,0x17700,?setPolygonOffset@srDebugDD@@UAEXJ@Z,public: virtual void __thiscall srDebugDD::setPolygonOffset(long),exported
wiz8--gog-128--sr--fe47f633a51f,sr.dll,??_7srDummyStreamBuf@@6B@,srDummyStreamBuf,,,0x76c00,0,0x330f0,,,internal
wiz8--gog-128--sr--fe47f633a51f,sr.dll,??_7srDummyStreamBuf@@6B@,srDummyStreamBuf,,,0x76c00,1,0x32fa0,?overflow@srDummyStreamBuf@@EAEHH@Z,private: virtual int __thiscall srDummyStreamBuf::overflow(int),exported
wiz8--gog-128--sr--fe47f633a51f,sr.dll,??_7srDummyStreamBuf@@6B@,srDummyStreamBuf,,,0x76c00,2,0x7046c,,,internal
wiz8--gog-128--sr--fe47f633a51f,sr.dll,??_7srDummyStreamBuf@@6B@,srDummyStreamBuf,,,0x76c00,3,0x70466,,,internal
wiz8--gog-128--sr--fe47f633a51f,sr.dll,??_7srDummyStreamBuf@@6B@,srDummyStreamBuf,,,0x76c00,4,0x32fb0,?underflow@srDummyStreamBuf@@EAEHXZ,private: virtual int __thiscall srDummyStreamBuf::underflow(void),exported
wiz8--gog-128--sr--fe47f633a51f,sr.dll,??_7srDummyStreamBuf@@6B@,srDummyStreamBuf,,,0x76c00,5,0x70460,,,internal
wiz8--gog-128--sr--fe47f633a51f,sr.dll,??_7srDummyStreamBuf@@6B@,srDummyStreamBuf,,,0x76c00,6,0x7045a,,,internal
wiz8--gog-128--sr--fe47f633a51f,sr.dll,??_7srDummyStreamBuf@@6B@,srDummyStreamBuf,,,0x76c00,7,0x70454,,,internal
wiz8--gog-128--sr--fe47f633a51f,sr.dll,??_7srDummyStreamBuf@@6B@,srDummyStreamBuf,,,0x76c00,8,0x7044e,,,internal
wiz8--gog-128--sr--fe47f633a51f,sr.dll,??_7srDummyStreamBuf@@6B@,srDummyStreamBuf,,,0x76c00,9,0x70448,,,internal
wiz8--gog-128--sr--fe47f633a51f,sr.dll,??_7srDummyStreamBuf@@6B@,srDummyStreamBuf,,,0x76c00,10,0x70442,,,internal
wiz8--gog-128--sr--fe47f633a51f,sr.dll,??_7srDummyStreamBuf@@6B@,srDummyStreamBuf,,,0x76c00,11,0x7043c,,,internal
wiz8--gog-128--sr--fe47f633a51f,sr.dll,??_7srDummyStreamBuf@@6B@,srDummyStreamBuf,,,0x76c00,12,0x70436,,,internal
wiz8--gog-128--sr--fe47f633a51f,sr.dll,??_7srEnvironmentMapper@@6B@,srEnvironmentMapper,,,0x76c68,0,0x354d0,,,internal
wiz8--gog-128--sr--fe47f633a51f,sr.dll,??_7srEnvironmentMapper@@6B@,srEnvironmentMapper,,,0x76c68,1,0x352e0,?isActive@srEnvironmentMapper@@UAEHAAVsrVertexPipe@@@Z,public: virtual int __thiscall srEnvironmentMapper::isActive(class srVertexPipe &),exported
wiz8--gog-128--sr--fe47f633a51f,sr.dll,??_7srEnvironmentMapper@@6B@,srEnvironmentMapper,,,0x76c68,2,0x352f0,?process@srEnvironmentMapper@@UAEXAAVsrVertexPipe@@@Z,public: virtual void __thiscall srEnvironmentMapper::process(class srVertexPipe &),exported
wiz8--gog-128--sr--fe47f633a51f,sr.dll,??_7srFStreamOpener@@6B@,srFStreamOpener,,,0x75520,0,0x32460,,,internal
wiz8--gog-128--sr--fe47f633a51f,sr.dll,??_7srFStreamOpener@@6B@,srFStreamOpener,,,0x75520,1,0x32390,?open@srFStreamOpener@@UAEPAVsrBinIStream@@PBD@Z,public: virtual class srBinIStream * __thiscall srFStreamOpener::open(char const *),exported
wiz8--gog-128--sr--fe47f633a51f,sr.dll,??_7srFStreamOpener@@6B@,srFStreamOpener,,,0x75520,2,0x32380,?getDescription@srFStreamOpener@@UBEPBDXZ,public: virtual char const * __thiscall srFStreamOpener::getDescription(void) const,exported
wiz8--gog-128--sr--fe47f633a51f,sr.dll,??_7srFileManager@@6B@,srFileManager,,,0x755c8,0,0x16410,,,internal
wiz8--gog-128--sr--fe47f633a51f,sr.dll,??_7srFileManager@@6B@,srFileManager,,,0x755c8,1,0x2e520,?allocate@srFileManager@@UAEPAXPBD@Z,public: virtual void * __thiscall srFileManager::allocate(char const *),exported
wiz8--gog-128--sr--fe47f633a51f,sr.dll,??_7srFileManager@@6B@,srFileManager,,,0x755c8,2,0x2e630,?free@srFileManager@@UAEXPAX@Z,public: virtual void __thiscall srFileManager::free(void *),exported
wiz8--gog-128--sr--fe47f633a51f,sr.dll,??_7srFileManager@@6B@,srFileManager,,,0x755c8,3,0x2e490,?load@srFileManager@@UAEXPBDPAXK@Z,"public: virtual void __thiscall srFileManager::load(char const *, void *, unsigned long)",exported
wiz8--gog-128--sr--fe47f633a51f,sr.dll,??_7srFileManager@@6B@,srFileManager,,,0x755c8,4,0x2e650,?save@srFileManager@@UAEXPBDPAXK@Z,"public: virtual void __thiscall srFileManager::save(char const *, void *, unsigned long)",exported
wiz8--gog-128--sr--fe47f633a51f,sr.dll,??_7srFileManager@@6B@,srFileManager,,,0x755c8,5,0x2e3e0,?getSize@srFileManager@@UAEJPBD@Z,public: virtual long __thiscall srFileManager::getSize(char const *),exported
wiz8--gog-128--sr--fe47f633a51f,sr.dll,??_7srFilter@@6B@,srFilter,,,0x75310,0,0x33a0,,,internal
wiz8--gog-128--sr--fe47f633a51f,sr.dll,??_7srFilter@@6B@,srFilter,,,0x75310,1,0x6ff14,,,internal
wiz8--gog-128--sr--fe47f633a51f,sr.dll,??_7srFilter@@6B@,srFilter,,,0x75310,2,0x6ff14,,,internal
wiz8--gog-128--sr--fe47f633a51f,sr.dll,??_7srFilter@@6B@,srFilter,,,0x75310,3,0x6ff14,,,internal
wiz8--gog-128--sr--fe47f633a51f,sr.dll,??_7srFog@@6B?$srClassSupport@VsrIlluminator@@VsrNode@@$0A@$0BCAA@@@@,srFog,,"srClassSupport<class srIlluminator, class srNode, 0, 4608>",0x76fb4,0,0x4be00,,,internal
wiz8--gog-128--sr--fe47f633a51f,sr.dll,??_7srFog@@6B?$srClassSupport@VsrIlluminator@@VsrNode@@$0A@$0BCAA@@@@,srFog,,"srClassSupport<class srIlluminator, class srNode, 0, 4608>",0x76fb4,1,0x4bdf0,,,internal
wiz8--gog-128--sr--fe47f633a51f,sr.dll,??_7srFog@@6B?$srClassSupport@VsrIlluminator@@VsrNode@@$0A@$0BCAA@@@@,srFog,,"srClassSupport<class srIlluminator, class srNode, 0, 4608>",0x76fb4,2,0x4be10,,,internal
wiz8--gog-128--sr--fe47f633a51f,sr.dll,??_7srFog@@6B?$srClassSupport@VsrIlluminator@@VsrNode@@$0A@$0BCAA@@@@,srFog,,"srClassSupport<class srIlluminator, class srNode, 0, 4608>",0x76fb4,3,0x4bd00,?dump@srFog@@UAEXAAV?$basic_ostream@DU?$char_traits@D@std@@@std@@@Z,"public: virtual void __thiscall srFog::dump(class std::basic_ostream<char, struct std::char_traits<char>> &)",exported
wiz8--gog-128--sr--fe47f633a51f,sr.dll,??_7srFog@@6B?$srClassSupport@VsrIlluminator@@VsrNode@@$0A@$0BCAA@@@@,srFog,,"srClassSupport<class srIlluminator, class srNode, 0, 4608>",0x76fb4,4,0x4b7a0,?verify@srFog@@UAEXW4e_verify@srRuntimeClass@@@Z,public: virtual void __thiscall srFog::verify(enum srRuntimeClass::e_verify),exported
wiz8--gog-128--sr--fe47f633a51f,sr.dll,??_7srFog@@6B?$srClassSupport@VsrIlluminator@@VsrNode@@$0A@$0BCAA@@@@,srFog,,"srClassSupport<class srIlluminator, class srNode, 0, 4608>",0x76fb4,5,0x4c500,,,internal
wiz8--gog-128--sr--fe47f633a51f,sr.dll,??_7srFog@@6B?$srClassSupport@VsrIlluminator@@VsrNode@@$0A@$0BCAA@@@@,srFog,,"srClassSupport<class srIlluminator, class srNode, 0, 4608>",0x76fb4,6,0x4c1b0,?vInstance@srFog@@UAEPAVsrClass@@XZ,public: virtual class srClass * __thiscall srFog::vInstance(void),exported
wiz8--gog-128--sr--fe47f633a51f,sr.dll,??_7srFog@@6B?$srClassSupport@VsrIlluminator@@VsrNode@@$0A@$0BCAA@@@@,srFog,,"srClassSupport<class srIlluminator, class srNode, 0, 4608>",0x76fb4,7,0x4bea0,,,internal
wiz8--gog-128--sr--fe47f633a51f,sr.dll,??_7srFog@@6B?$srClassSupport@VsrIlluminator@@VsrNode@@$0A@$0BCAA@@@@,srFog,,"srClassSupport<class srIlluminator, class srNode, 0, 4608>",0x76fb4,8,0x4c9e0,?traverse@srIlluminator@@UAEXAAVTraverseInfo@srNode@@@Z,public: virtual void __thiscall srIlluminator::traverse(class srNode::TraverseInfo &),exported
wiz8--gog-128--sr--fe47f633a51f,sr.dll,??_7srFog@@6B?$srClassSupport@VsrIlluminator@@VsrNode@@$0A@$0BCAA@@@@,srFog,,"srClassSupport<class srIlluminator, class srNode, 0, 4608>",0x76fb4,9,0x4c900,?process@srIlluminator@@UAEXABUProcessInfo@srNode@@W4e_processType@3@@Z,"public: virtual void __thiscall srIlluminator::process(struct srNode::ProcessInfo const &, enum srNode::e_processType)",exported
wiz8--gog-128--sr--fe47f633a51f,sr.dll,??_7srFog@@6B?$srClassSupport@VsrIlluminator@@VsrNode@@$0A@$0BCAA@@@@,srFog,,"srClassSupport<class srIlluminator, class srNode, 0, 4608>",0x76fb4,10,0x50510,?getLocalBounds@srNode@@UAEXAAUBoundInfo@1@@Z,public: virtual void __thiscall srNode::getLocalBounds(struct srNode::BoundInfo &),exported
wiz8--gog-128--sr--fe47f633a51f,sr.dll,??_7srFog@@6B?$srClassSupport@VsrIlluminator@@VsrNode@@$0A@$0BCAA@@@@,srFog,,"srClassSupport<class srIlluminator, class srNode, 0, 4608>",0x76fb4,11,0x50500,?updateBounds@srNode@@UAEXXZ,public: virtual void __thiscall srNode::updateBounds(void),exported
wiz8--gog-128--sr--fe47f633a51f,sr.dll,??_7srFog@@6B?$srClassSupport@VsrIlluminator@@VsrNode@@$0A@$0BCAA@@@@,srFog,,"srClassSupport<class srIlluminator, class srNode, 0, 4608>",0x76fb4,12,0x50690,?processSignal@srNode@@MAEHKPAX@Z,"protected: virtual int __thiscall srNode::processSignal(unsigned long, void *)",exported
wiz8--gog-128--sr--fe47f633a51f,sr.dll,??_7srFog@@6BsrVertexProcessor@@@,srFog,,srVertexProcessor,0x76fa8,0,0x4c7c0,,,internal
wiz8--gog-128--sr--fe47f633a51f,sr.dll,??_7srFog@@6BsrVertexProcessor@@@,srFog,,srVertexProcessor,0x76fa8,1,0x4b6f0,?isActive@srFog@@UAEHAAVsrVertexPipe@@@Z,public: virtual int __thiscall srFog::isActive(class srVertexPipe &),exported
wiz8--gog-128--sr--fe47f633a51f,sr.dll,??_7srFog@@6BsrVertexProcessor@@@,srFog,,srVertexProcessor,0x76fa8,2,0x4b870,?process@srFog@@UAEXAAVsrVertexPipe@@@Z,public: virtual void __thiscall srFog::process(class srVertexPipe &),exported
wiz8--gog-128--sr--fe47f633a51f,sr.dll,??_7srGERD@@6B@,srGERD,,,0x766b0,0,0x1cd40,?getClassName@srGERD@@UBEPBDXZ,public: virtual char const * __thiscall srGERD::getClassName(void) const,exported
wiz8--gog-128--sr--fe47f633a51f,sr.dll,??_7srGERD@@6B@,srGERD,,,0x766b0,1,0x1cd50,?getClassID@srGERD@@UBEKXZ,public: virtual unsigned long __thiscall srGERD::getClassID(void) const,exported
wiz8--gog-128--sr--fe47f633a51f,sr.dll,??_7srGERD@@6B@,srGERD,,,0x766b0,2,0x1cd30,?getClassNode@srGERD@@UBEPAVClassNode@srRegistry@@XZ,public: virtual class srRegistry::ClassNode * __thiscall srGERD::getClassNode(void) const,exported
wiz8--gog-128--sr--fe47f633a51f,sr.dll,??_7srGERD@@6B@,srGERD,,,0x766b0,3,0x1cd60,?dump@srGERD@@UAEXAAV?$basic_ostream@DU?$char_traits@D@std@@@std@@@Z,"public: virtual void __thiscall srGERD::dump(class std::basic_ostream<char, struct std::char_traits<char>> &)",exported
wiz8--gog-128--sr--fe47f633a51f,sr.dll,??_7srGERD@@6B@,srGERD,,,0x766b0,4,0x117a0,?verify@srRuntimeClass@@UAEXW4e_verify@1@@Z,public: virtual void __thiscall srRuntimeClass::verify(enum srRuntimeClass::e_verify),exported
wiz8--gog-128--sr--fe47f633a51f,sr.dll,??_7srGERD@@6B@,srGERD,,,0x766b0,5,0x1b510,,,internal
wiz8--gog-128--sr--fe47f633a51f,sr.dll,??_7srHierarchyIOManager@@6B@,srHierarchyIOManager,,,0x75530,0,0x165e0,,,internal
wiz8--gog-128--sr--fe47f633a51f,sr.dll,??_7srIOManager@@6B@,srIOManager,,,0x76960,0,0x2d030,,,internal
wiz8--gog-128--sr--fe47f633a51f,sr.dll,??_7srIlluminator@@6B?$srClassSupport@VsrIlluminator@@VsrNode@@$0A@$0BCAA@@@@,srIlluminator,,"srClassSupport<class srIlluminator, class srNode, 0, 4608>",0x77074,0,0x4c050,,,internal
wiz8--gog-128--sr--fe47f633a51f,sr.dll,??_7srIlluminator@@6B?$srClassSupport@VsrIlluminator@@VsrNode@@$0A@$0BCAA@@@@,srIlluminator,,"srClassSupport<class srIlluminator, class srNode, 0, 4608>",0x77074,1,0x4c040,,,internal
wiz8--gog-128--sr--fe47f633a51f,sr.dll,??_7srIlluminator@@6B?$srClassSupport@VsrIlluminator@@VsrNode@@$0A@$0BCAA@@@@,srIlluminator,,"srClassSupport<class srIlluminator, class srNode, 0, 4608>",0x77074,2,0x4c060,,,internal
wiz8--gog-128--sr--fe47f633a51f,sr.dll,??_7srIlluminator@@6B?$srClassSupport@VsrIlluminator@@VsrNode@@$0A@$0BCAA@@@@,srIlluminator,,"srClassSupport<class srIlluminator, class srNode, 0, 4608>",0x77074,3,0x513c0,?dump@srNode@@UAEXAAV?$basic_ostream@DU?$char_traits@D@std@@@std@@@Z,"public: virtual void __thiscall srNode::dump(class std::basic_ostream<char, struct std::char_traits<char>> &)",exported
wiz8--gog-128--sr--fe47f633a51f,sr.dll,??_7srIlluminator@@6B?$srClassSupport@VsrIlluminator@@VsrNode@@$0A@$0BCAA@@@@,srIlluminator,,"srClassSupport<class srIlluminator, class srNode, 0, 4608>",0x77074,4,0xe050,?verify@srClass@@UAEXW4e_verify@srRuntimeClass@@@Z,public: virtual void __thiscall srClass::verify(enum srRuntimeClass::e_verify),exported
wiz8--gog-128--sr--fe47f633a51f,sr.dll,??_7srIlluminator@@6B?$srClassSupport@VsrIlluminator@@VsrNode@@$0A@$0BCAA@@@@,srIlluminator,,"srClassSupport<class srIlluminator, class srNode, 0, 4608>",0x77074,5,0x4cc50,,,internal
wiz8--gog-128--sr--fe47f633a51f,sr.dll,??_7srIlluminator@@6B?$srClassSupport@VsrIlluminator@@VsrNode@@$0A@$0BCAA@@@@,srIlluminator,,"srClassSupport<class srIlluminator, class srNode, 0, 4608>",0x77074,6,0x51cd0,?vInstance@srNode@@UAEPAVsrClass@@XZ,public: virtual class srClass * __thiscall srNode::vInstance(void),exported
wiz8--gog-128--sr--fe47f633a51f,sr.dll,??_7srIlluminator@@6B?$srClassSupport@VsrIlluminator@@VsrNode@@$0A@$0BCAA@@@@,srIlluminator,,"srClassSupport<class srIlluminator, class srNode, 0, 4608>",0x77074,7,0x4c0c0,,,internal
wiz8--gog-128--sr--fe47f633a51f,sr.dll,??_7srIlluminator@@6B?$srClassSupport@VsrIlluminator@@VsrNode@@$0A@$0BCAA@@@@,srIlluminator,,"srClassSupport<class srIlluminator, class srNode, 0, 4608>",0x77074,8,0x4c9e0,?traverse@srIlluminator@@UAEXAAVTraverseInfo@srNode@@@Z,public: virtual void __thiscall srIlluminator::traverse(class srNode::TraverseInfo &),exported
wiz8--gog-128--sr--fe47f633a51f,sr.dll,??_7srIlluminator@@6B?$srClassSupport@VsrIlluminator@@VsrNode@@$0A@$0BCAA@@@@,srIlluminator,,"srClassSupport<class srIlluminator, class srNode, 0, 4608>",0x77074,9,0x4c900,?process@srIlluminator@@UAEXABUProcessInfo@srNode@@W4e_processType@3@@Z,"public: virtual void __thiscall srIlluminator::process(struct srNode::ProcessInfo const &, enum srNode::e_processType)",exported
wiz8--gog-128--sr--fe47f633a51f,sr.dll,??_7srIlluminator@@6B?$srClassSupport@VsrIlluminator@@VsrNode@@$0A@$0BCAA@@@@,srIlluminator,,"srClassSupport<class srIlluminator, class srNode, 0, 4608>",0x77074,10,0x50510,?getLocalBounds@srNode@@UAEXAAUBoundInfo@1@@Z,public: virtual void __thiscall srNode::getLocalBounds(struct srNode::BoundInfo &),exported
wiz8--gog-128--sr--fe47f633a51f,sr.dll,??_7srIlluminator@@6B?$srClassSupport@VsrIlluminator@@VsrNode@@$0A@$0BCAA@@@@,srIlluminator,,"srClassSupport<class srIlluminator, class srNode, 0, 4608>",0x77074,11,0x50500,?updateBounds@srNode@@UAEXXZ,public: virtual void __thiscall srNode::updateBounds(void),exported
wiz8--gog-128--sr--fe47f633a51f,sr.dll,??_7srIlluminator@@6B?$srClassSupport@VsrIlluminator@@VsrNode@@$0A@$0BCAA@@@@,srIlluminator,,"srClassSupport<class srIlluminator, class srNode, 0, 4608>",0x77074,12,0x50690,?processSignal@srNode@@MAEHKPAX@Z,"protected: virtual int __thiscall srNode::processSignal(unsigned long, void *)",exported
wiz8--gog-128--sr--fe47f633a51f,sr.dll,??_7srIlluminator@@6BsrVertexProcessor@@@,srIlluminator,,srVertexProcessor,0x77068,0,0x4ccb0,,,internal
wiz8--gog-128--sr--fe47f633a51f,sr.dll,??_7srIlluminator@@6BsrVertexProcessor@@@,srIlluminator,,srVertexProcessor,0x77068,1,0x35470,,,internal
wiz8--gog-128--sr--fe47f633a51f,sr.dll,??_7srIlluminator@@6BsrVertexProcessor@@@,srIlluminator,,srVertexProcessor,0x77068,2,0x35480,,,internal
wiz8--gog-128--sr--fe47f633a51f,sr.dll,??_7srLight@@6B?$srClassSupport@VsrIlluminator@@VsrNode@@$0A@$0BCAA@@@@,srLight,,"srClassSupport<class srIlluminator, class srNode, 0, 4608>",0x770c4,0,0x4ef90,,,internal
wiz8--gog-128--sr--fe47f633a51f,sr.dll,??_7srLight@@6B?$srClassSupport@VsrIlluminator@@VsrNode@@$0A@$0BCAA@@@@,srLight,,"srClassSupport<class srIlluminator, class srNode, 0, 4608>",0x770c4,1,0x4ef80,,,internal
wiz8--gog-128--sr--fe47f633a51f,sr.dll,??_7srLight@@6B?$srClassSupport@VsrIlluminator@@VsrNode@@$0A@$0BCAA@@@@,srLight,,"srClassSupport<class srIlluminator, class srNode, 0, 4608>",0x770c4,2,0x4efa0,,,internal
wiz8--gog-128--sr--fe47f633a51f,sr.dll,??_7srLight@@6B?$srClassSupport@VsrIlluminator@@VsrNode@@$0A@$0BCAA@@@@,srLight,,"srClassSupport<class srIlluminator, class srNode, 0, 4608>",0x770c4,3,0x4e0c0,?dump@srLight@@UAEXAAV?$basic_ostream@DU?$char_traits@D@std@@@std@@@Z,"public: virtual void __thiscall srLight::dump(class std::basic_ostream<char, struct std::char_traits<char>> &)",exported
wiz8--gog-128--sr--fe47f633a51f,sr.dll,??_7srLight@@6B?$srClassSupport@VsrIlluminator@@VsrNode@@$0A@$0BCAA@@@@,srLight,,"srClassSupport<class srIlluminator, class srNode, 0, 4608>",0x770c4,4,0xe050,?verify@srClass@@UAEXW4e_verify@srRuntimeClass@@@Z,public: virtual void __thiscall srClass::verify(enum srRuntimeClass::e_verify),exported
wiz8--gog-128--sr--fe47f633a51f,sr.dll,??_7srLight@@6B?$srClassSupport@VsrIlluminator@@VsrNode@@$0A@$0BCAA@@@@,srLight,,"srClassSupport<class srIlluminator, class srNode, 0, 4608>",0x770c4,5,0x4ef20,,,internal
wiz8--gog-128--sr--fe47f633a51f,sr.dll,??_7srLight@@6B?$srClassSupport@VsrIlluminator@@VsrNode@@$0A@$0BCAA@@@@,srLight,,"srClassSupport<class srIlluminator, class srNode, 0, 4608>",0x770c4,6,0x51cd0,?vInstance@srNode@@UAEPAVsrClass@@XZ,public: virtual class srClass * __thiscall srNode::vInstance(void),exported
wiz8--gog-128--sr--fe47f633a51f,sr.dll,??_7srLight@@6B?$srClassSupport@VsrIlluminator@@VsrNode@@$0A@$0BCAA@@@@,srLight,,"srClassSupport<class srIlluminator, class srNode, 0, 4608>",0x770c4,7,0x4f030,,,internal
wiz8--gog-128--sr--fe47f633a51f,sr.dll,??_7srLight@@6B?$srClassSupport@VsrIlluminator@@VsrNode@@$0A@$0BCAA@@@@,srLight,,"srClassSupport<class srIlluminator, class srNode, 0, 4608>",0x770c4,8,0x4dc80,?traverse@srLight@@UAEXAAVTraverseInfo@srNode@@@Z,public: virtual void __thiscall srLight::traverse(class srNode::TraverseInfo &),exported
wiz8--gog-128--sr--fe47f633a51f,sr.dll,??_7srLight@@6B?$srClassSupport@VsrIlluminator@@VsrNode@@$0A@$0BCAA@@@@,srLight,,"srClassSupport<class srIlluminator, class srNode, 0, 4608>",0x770c4,9,0x4d650,?process@srLight@@UAEXABUProcessInfo@srNode@@W4e_processType@3@@Z,"public: virtual void __thiscall srLight::process(struct srNode::ProcessInfo const &, enum srNode::e_processType)",exported
wiz8--gog-128--sr--fe47f633a51f,sr.dll,??_7srLight@@6B?$srClassSupport@VsrIlluminator@@VsrNode@@$0A@$0BCAA@@@@,srLight,,"srClassSupport<class srIlluminator, class srNode, 0, 4608>",0x770c4,10,0x50510,?getLocalBounds@srNode@@UAEXAAUBoundInfo@1@@Z,public: virtual void __thiscall srNode::getLocalBounds(struct srNode::BoundInfo &),exported
wiz8--gog-128--sr--fe47f633a51f,sr.dll,??_7srLight@@6B?$srClassSupport@VsrIlluminator@@VsrNode@@$0A@$0BCAA@@@@,srLight,,"srClassSupport<class srIlluminator, class srNode, 0, 4608>",0x770c4,11,0x50500,?updateBounds@srNode@@UAEXXZ,public: virtual void __thiscall srNode::updateBounds(void),exported
wiz8--gog-128--sr--fe47f633a51f,sr.dll,??_7srLight@@6B?$srClassSupport@VsrIlluminator@@VsrNode@@$0A@$0BCAA@@@@,srLight,,"srClassSupport<class srIlluminator, class srNode, 0, 4608>",0x770c4,12,0x50690,?processSignal@srNode@@MAEHKPAX@Z,"protected: virtual int __thiscall srNode::processSignal(unsigned long, void *)",exported
wiz8--gog-128--sr--fe47f633a51f,sr.dll,??_7srLight@@6BsrVertexProcessor@@@,srLight,,srVertexProcessor,0x770b8,0,0x4f310,,,internal
wiz8--gog-128--sr--fe47f633a51f,sr.dll,??_7srLight@@6BsrVertexProcessor@@@,srLight,,srVertexProcessor,0x770b8,1,0x4ccc0,?isActive@srLight@@UAEHAAVsrVertexPipe@@@Z,public: virtual int __thiscall srLight::isActive(class srVertexPipe &),exported
wiz8--gog-128--sr--fe47f633a51f,sr.dll,??_7srLight@@6BsrVertexProcessor@@@,srLight,,srVertexProcessor,0x770b8,2,0x4ce00,?process@srLight@@UAEXAAVsrVertexPipe@@@Z,public: virtual void __thiscall srLight::process(class srVertexPipe &),exported
wiz8--gog-128--sr--fe47f633a51f,sr.dll,??_7srMaterial@@6B@,srMaterial,,,0x75538,0,0x16030,,,internal
wiz8--gog-128--sr--fe47f633a51f,sr.dll,??_7srMaterial@@6B@,srMaterial,,,0x75538,1,0x16020,,,internal
wiz8--gog-128--sr--fe47f633a51f,sr.dll,??_7srMaterial@@6B@,srMaterial,,,0x75538,2,0x16040,,,internal
wiz8--gog-128--sr--fe47f633a51f,sr.dll,??_7srMaterial@@6B@,srMaterial,,,0x75538,3,0x33fc0,?dump@srMaterial@@UAEXAAV?$basic_ostream@DU?$char_traits@D@std@@@std@@@Z,"public: virtual void __thiscall srMaterial::dump(class std::basic_ostream<char, struct std::char_traits<char>> &)",exported
wiz8--gog-128--sr--fe47f633a51f,sr.dll,??_7srMaterial@@6B@,srMaterial,,,0x75538,4,0x335d0,?verify@srMaterial@@UAEXW4e_verify@srRuntimeClass@@@Z,public: virtual void __thiscall srMaterial::verify(enum srRuntimeClass::e_verify),exported
wiz8--gog-128--sr--fe47f633a51f,sr.dll,??_7srMaterial@@6B@,srMaterial,,,0x75538,5,0x345e0,,,internal
wiz8--gog-128--sr--fe47f633a51f,sr.dll,??_7srMaterial@@6B@,srMaterial,,,0x75538,6,0x343c0,?vInstance@srMaterial@@UAEPAVsrClass@@XZ,public: virtual class srClass * __thiscall srMaterial::vInstance(void),exported
wiz8--gog-128--sr--fe47f633a51f,sr.dll,??_7srMaterial@@6B@,srMaterial,,,0x75538,7,0x160a0,,,internal
wiz8--gog-128--sr--fe47f633a51f,sr.dll,??_7srMaterial@@6B@,srMaterial,,,0x75538,8,0x33b50,?getMaterialInfo@srMaterial@@UAEXAAUMaterialInfo@srVertexProcessor@@@Z,public: virtual void __thiscall srMaterial::getMaterialInfo(struct srVertexProcessor::MaterialInfo &),exported
wiz8--gog-128--sr--fe47f633a51f,sr.dll,??_7srMaterial@@6B@,srMaterial,,,0x75538,9,0x33c00,?preProcess@srMaterial@@UAEXAAVsrVertexPipe@@@Z,public: virtual void __thiscall srMaterial::preProcess(class srVertexPipe &),exported
wiz8--gog-128--sr--fe47f633a51f,sr.dll,??_7srMaterial@@6B@,srMaterial,,,0x75538,10,0x33c90,?postProcess@srMaterial@@UAEXAAVsrVertexPipe@@@Z,public: virtual void __thiscall srMaterial::postProcess(class srVertexPipe &),exported
wiz8--gog-128--sr--fe47f633a51f,sr.dll,??_7srMaterial@@6B@,srMaterial,,,0x75538,11,0x339b0,?updateParms@srMaterial@@MAEXXZ,protected: virtual void __thiscall srMaterial::updateParms(void),exported
wiz8--gog-128--sr--fe47f633a51f,sr.dll,??_7srMaterial@@6B@,srMaterial,,,0x75538,12,0x33f60,?reset@srMaterial@@MAEXXZ,protected: virtual void __thiscall srMaterial::reset(void),exported
wiz8--gog-128--sr--fe47f633a51f,sr.dll,??_7srMeshModel@@6B@,srMeshModel,,,0x76d48,0,0x429a0,,,internal
wiz8--gog-128--sr--fe47f633a51f,sr.dll,??_7srMeshModel@@6B@,srMeshModel,,,0x76d48,1,0x42990,,,internal
wiz8--gog-128--sr--fe47f633a51f,sr.dll,??_7srMeshModel@@6B@,srMeshModel,,,0x76d48,2,0x429b0,,,internal
wiz8--gog-128--sr--fe47f633a51f,sr.dll,??_7srMeshModel@@6B@,srMeshModel,,,0x76d48,3,0x3ee00,?dump@srMeshModel@@UAEXAAV?$basic_ostream@DU?$char_traits@D@std@@@std@@@Z,"public: virtual void __thiscall srMeshModel::dump(class std::basic_ostream<char, struct std::char_traits<char>> &)",exported
wiz8--gog-128--sr--fe47f633a51f,sr.dll,??_7srMeshModel@@6B@,srMeshModel,,,0x76d48,4,0x40c40,?verify@srMeshModel@@UAEXW4e_verify@srRuntimeClass@@@Z,public: virtual void __thiscall srMeshModel::verify(enum srRuntimeClass::e_verify),exported
wiz8--gog-128--sr--fe47f633a51f,sr.dll,??_7srMeshModel@@6B@,srMeshModel,,,0x76d48,5,0x425d0,,,internal
wiz8--gog-128--sr--fe47f633a51f,sr.dll,??_7srMeshModel@@6B@,srMeshModel,,,0x76d48,6,0x41b00,?vInstance@srMeshModel@@UAEPAVsrClass@@XZ,public: virtual class srClass * __thiscall srMeshModel::vInstance(void),exported
wiz8--gog-128--sr--fe47f633a51f,sr.dll,??_7srMeshModel@@6B@,srMeshModel,,,0x76d48,7,0x42a10,,,internal
wiz8--gog-128--sr--fe47f633a51f,sr.dll,??_7srMeshModel@@6B@,srMeshModel,,,0x76d48,8,0x3fe90,?getBoundingSphere@srMeshModel@@UAEHAAV?$srVector3T@M@@AAM@Z,"public: virtual int __thiscall srMeshModel::getBoundingSphere(class srVector3T<float> &, float &)",exported
wiz8--gog-128--sr--fe47f633a51f,sr.dll,??_7srMeshModel@@6B@,srMeshModel,,,0x76d48,9,0x3fe40,?getBoundingBox@srMeshModel@@UAEHAAV?$srVector3T@M@@0@Z,"public: virtual int __thiscall srMeshModel::getBoundingBox(class srVector3T<float> &, class srVector3T<float> &)",exported
wiz8--gog-128--sr--fe47f633a51f,sr.dll,??_7srMeshModel@@6B@,srMeshModel,,,0x76d48,10,0x3cea0,?render@srMeshModel@@UAEXAAVsrGERD@@@Z,public: virtual void __thiscall srMeshModel::render(class srGERD &),exported
wiz8--gog-128--sr--fe47f633a51f,sr.dll,??_7srMeshModel@@6B@,srMeshModel,,,0x76d48,11,0x3c440,?updateAllClients@srModel@@UAEXW4e_update@Client@1@@Z,public: virtual void __thiscall srModel::updateAllClients(enum srModel::Client::e_update),exported
wiz8--gog-128--sr--fe47f633a51f,sr.dll,??_7srMeshModel@@6B@,srMeshModel,,,0x76d48,12,0x418c0,?reindexPolygons@srMeshModel@@UAEXPBK@Z,public: virtual void __thiscall srMeshModel::reindexPolygons(unsigned long const *),exported
wiz8--gog-128--sr--fe47f633a51f,sr.dll,??_7srMeshModel@@6B@,srMeshModel,,,0x76d48,13,0x42230,?reindexVertices@srMeshModel@@UAEXPBK@Z,public: virtual void __thiscall srMeshModel::reindexVertices(unsigned long const *),exported
wiz8--gog-128--sr--fe47f633a51f,sr.dll,??_7srMeshModel@@6B@,srMeshModel,,,0x76d48,14,0x3dc70,?getTriMesh@srMeshModel@@UAEABUTriMesh@1@XZ,public: virtual struct srMeshModel::TriMesh const & __thiscall srMeshModel::getTriMesh(void),exported
wiz8--gog-128--sr--fe47f633a51f,sr.dll,??_7srMeshModel@@6B@,srMeshModel,,,0x76d48,15,0x3dac0,?getTriMesh@srMeshModel@@UAEXAAUTriMesh@1@@Z,public: virtual void __thiscall srMeshModel::getTriMesh(struct srMeshModel::TriMesh &),exported
wiz8--gog-128--sr--fe47f633a51f,sr.dll,??_7srMeshModel@@6B@,srMeshModel,,,0x76d48,16,0x3ca80,?renderTriMesh@srMeshModel@@UAEXAAVsrGERD@@ABUTriMesh@1@@Z,"public: virtual void __thiscall srMeshModel::renderTriMesh(class srGERD &, struct srMeshModel::TriMesh const &)",exported
wiz8--gog-128--sr--fe47f633a51f,sr.dll,??_7srMeshModel@@6B@,srMeshModel,,,0x76d48,17,0x3dc90,?updateTriMesh@srMeshModel@@MAEXXZ,protected: virtual void __thiscall srMeshModel::updateTriMesh(void),exported
wiz8--gog-128--sr--fe47f633a51f,sr.dll,??_7srMeshModel@@6B@,srMeshModel,,,0x76d48,18,0x3e120,?calculateBounds@srMeshModel@@MAEXXZ,protected: virtual void __thiscall srMeshModel::calculateBounds(void),exported
wiz8--gog-128--sr--fe47f633a51f,sr.dll,??_7srMeshModel@@6B@,srMeshModel,,,0x76d48,19,0x3e280,?calculatePolygonNormals@srMeshModel@@MAEXXZ,protected: virtual void __thiscall srMeshModel::calculatePolygonNormals(void),exported
wiz8--gog-128--sr--fe47f633a51f,sr.dll,??_7srMeshModel@@6B@,srMeshModel,,,0x76d48,20,0x3e390,?calculateVertexNormals@srMeshModel@@MAEXXZ,protected: virtual void __thiscall srMeshModel::calculateVertexNormals(void),exported
wiz8--gog-128--sr--fe47f633a51f,sr.dll,??_7srModel@@6B@,srModel,,,0x76d08,0,0x3c640,,,internal
wiz8--gog-128--sr--fe47f633a51f,sr.dll,??_7srModel@@6B@,srModel,,,0x76d08,1,0x3c630,,,internal
wiz8--gog-128--sr--fe47f633a51f,sr.dll,??_7srModel@@6B@,srModel,,,0x76d08,2,0x3c650,,,internal
wiz8--gog-128--sr--fe47f633a51f,sr.dll,??_7srModel@@6B@,srModel,,,0x76d08,3,0x3c5b0,?dump@srModel@@UAEXAAV?$basic_ostream@DU?$char_traits@D@std@@@std@@@Z,"public: virtual void __thiscall srModel::dump(class std::basic_ostream<char, struct std::char_traits<char>> &)",exported
wiz8--gog-128--sr--fe47f633a51f,sr.dll,??_7srModel@@6B@,srModel,,,0x76d08,4,0xe050,?verify@srClass@@UAEXW4e_verify@srRuntimeClass@@@Z,public: virtual void __thiscall srClass::verify(enum srRuntimeClass::e_verify),exported
wiz8--gog-128--sr--fe47f633a51f,sr.dll,??_7srModel@@6B@,srModel,,,0x76d08,5,0x3c8f0,,,internal
wiz8--gog-128--sr--fe47f633a51f,sr.dll,??_7srModel@@6B@,srModel,,,0x76d08,6,0x6ff14,,,internal
wiz8--gog-128--sr--fe47f633a51f,sr.dll,??_7srModel@@6B@,srModel,,,0x76d08,7,0x3c690,,,internal
wiz8--gog-128--sr--fe47f633a51f,sr.dll,??_7srModel@@6B@,srModel,,,0x76d08,8,0x6ff14,,,internal
wiz8--gog-128--sr--fe47f633a51f,sr.dll,??_7srModel@@6B@,srModel,,,0x76d08,9,0x6ff14,,,internal
wiz8--gog-128--sr--fe47f633a51f,sr.dll,??_7srModel@@6B@,srModel,,,0x76d08,10,0x6ff14,,,internal
wiz8--gog-128--sr--fe47f633a51f,sr.dll,??_7srModel@@6B@,srModel,,,0x76d08,11,0x3c440,?updateAllClients@srModel@@UAEXW4e_update@Client@1@@Z,public: virtual void __thiscall srModel::updateAllClients(enum srModel::Client::e_update),exported
wiz8--gog-128--sr--fe47f633a51f,sr.dll,??_7srModelIOManager@@6B@,srModelIOManager,,,0x75534,0,0x16af0,,,internal
wiz8--gog-128--sr--fe47f633a51f,sr.dll,??_7srModelInstance@@6B?$srClassSupport@VsrModelInstance@@VsrNode@@$0A@$0BBAA@@@@,srModelInstance,,"srClassSupport<class srModelInstance, class srNode, 0, 4352>",0x77160,0,0x4fd10,,,internal
wiz8--gog-128--sr--fe47f633a51f,sr.dll,??_7srModelInstance@@6B?$srClassSupport@VsrModelInstance@@VsrNode@@$0A@$0BBAA@@@@,srModelInstance,,"srClassSupport<class srModelInstance, class srNode, 0, 4352>",0x77160,1,0x4fd00,,,internal
wiz8--gog-128--sr--fe47f633a51f,sr.dll,??_7srModelInstance@@6B?$srClassSupport@VsrModelInstance@@VsrNode@@$0A@$0BBAA@@@@,srModelInstance,,"srClassSupport<class srModelInstance, class srNode, 0, 4352>",0x77160,2,0x4fd20,,,internal
wiz8--gog-128--sr--fe47f633a51f,sr.dll,??_7srModelInstance@@6B?$srClassSupport@VsrModelInstance@@VsrNode@@$0A@$0BBAA@@@@,srModelInstance,,"srClassSupport<class srModelInstance, class srNode, 0, 4352>",0x77160,3,0x4fb20,?dump@srModelInstance@@UAEXAAV?$basic_ostream@DU?$char_traits@D@std@@@std@@@Z,"public: virtual void __thiscall srModelInstance::dump(class std::basic_ostream<char, struct std::char_traits<char>> &)",exported
wiz8--gog-128--sr--fe47f633a51f,sr.dll,??_7srModelInstance@@6B?$srClassSupport@VsrModelInstance@@VsrNode@@$0A@$0BBAA@@@@,srModelInstance,,"srClassSupport<class srModelInstance, class srNode, 0, 4352>",0x77160,4,0xe050,?verify@srClass@@UAEXW4e_verify@srRuntimeClass@@@Z,public: virtual void __thiscall srClass::verify(enum srRuntimeClass::e_verify),exported
wiz8--gog-128--sr--fe47f633a51f,sr.dll,??_7srModelInstance@@6B?$srClassSupport@VsrModelInstance@@VsrNode@@$0A@$0BBAA@@@@,srModelInstance,,"srClassSupport<class srModelInstance, class srNode, 0, 4352>",0x77160,5,0x501a0,,,internal
wiz8--gog-128--sr--fe47f633a51f,sr.dll,??_7srModelInstance@@6B?$srClassSupport@VsrModelInstance@@VsrNode@@$0A@$0BBAA@@@@,srModelInstance,,"srClassSupport<class srModelInstance, class srNode, 0, 4352>",0x77160,6,0x4ff80,?vInstance@srModelInstance@@UAEPAVsrClass@@XZ,public: virtual class srClass * __thiscall srModelInstance::vInstance(void),exported
wiz8--gog-128--sr--fe47f633a51f,sr.dll,??_7srModelInstance@@6B?$srClassSupport@VsrModelInstance@@VsrNode@@$0A@$0BBAA@@@@,srModelInstance,,"srClassSupport<class srModelInstance, class srNode, 0, 4352>",0x77160,7,0x4fd80,,,internal
wiz8--gog-128--sr--fe47f633a51f,sr.dll,??_7srModelInstance@@6B?$srClassSupport@VsrModelInstance@@VsrNode@@$0A@$0BBAA@@@@,srModelInstance,,"srClassSupport<class srModelInstance, class srNode, 0, 4352>",0x77160,8,0x4f3a0,?traverse@srModelInstance@@UAEXAAVTraverseInfo@srNode@@@Z,public: virtual void __thiscall srModelInstance::traverse(class srNode::TraverseInfo &),exported
wiz8--gog-128--sr--fe47f633a51f,sr.dll,??_7srModelInstance@@6B?$srClassSupport@VsrModelInstance@@VsrNode@@$0A@$0BBAA@@@@,srModelInstance,,"srClassSupport<class srModelInstance, class srNode, 0, 4352>",0x77160,9,0x4f4b0,?process@srModelInstance@@UAEXABUProcessInfo@srNode@@W4e_processType@3@@Z,"public: virtual void __thiscall srModelInstance::process(struct srNode::ProcessInfo const &, enum srNode::e_processType)",exported
wiz8--gog-128--sr--fe47f633a51f,sr.dll,??_7srModelInstance@@6B?$srClassSupport@VsrModelInstance@@VsrNode@@$0A@$0BBAA@@@@,srModelInstance,,"srClassSupport<class srModelInstance, class srNode, 0, 4352>",0x77160,10,0x4f350,?getLocalBounds@srModelInstance@@UAEXAAUBoundInfo@srNode@@@Z,public: virtual void __thiscall srModelInstance::getLocalBounds(struct srNode::BoundInfo &),exported
wiz8--gog-128--sr--fe47f633a51f,sr.dll,??_7srModelInstance@@6B?$srClassSupport@VsrModelInstance@@VsrNode@@$0A@$0BBAA@@@@,srModelInstance,,"srClassSupport<class srModelInstance, class srNode, 0, 4352>",0x77160,11,0x50500,?updateBounds@srNode@@UAEXXZ,public: virtual void __thiscall srNode::updateBounds(void),exported
wiz8--gog-128--sr--fe47f633a51f,sr.dll,??_7srModelInstance@@6B?$srClassSupport@VsrModelInstance@@VsrNode@@$0A@$0BBAA@@@@,srModelInstance,,"srClassSupport<class srModelInstance, class srNode, 0, 4352>",0x77160,12,0x50690,?processSignal@srNode@@MAEHKPAX@Z,"protected: virtual int __thiscall srNode::processSignal(unsigned long, void *)",exported
wiz8--gog-128--sr--fe47f633a51f,sr.dll,??_7srModelInstance@@6BClient@srModel@@@,srModelInstance,,srModel::Client,0x77150,0,0x502a0,,,internal
wiz8--gog-128--sr--fe47f633a51f,sr.dll,??_7srModelInstance@@6BClient@srModel@@@,srModelInstance,,srModel::Client,0x77150,1,0x3c3b0,?setModel@Client@srModel@@UAEXPAV2@@Z,public: virtual void __thiscall srModel::Client::setModel(class srModel *),exported
wiz8--gog-128--sr--fe47f633a51f,sr.dll,??_7srModelInstance@@6BClient@srModel@@@,srModelInstance,,srModel::Client,0x77150,2,0x4f320,?updateClient@srModelInstance@@UAEXW4e_update@Client@srModel@@@Z,public: virtual void __thiscall srModelInstance::updateClient(enum srModel::Client::e_update),exported
wiz8--gog-128--sr--fe47f633a51f,sr.dll,??_7srModelInstance@@6BClient@srModel@@@,srModelInstance,,srModel::Client,0x77150,3,0x3c6c0,?getModel@Client@srModel@@UBEPAV2@XZ,public: virtual class srModel * __thiscall srModel::Client::getModel(void) const,exported
wiz8--gog-128--sr--fe47f633a51f,sr.dll,??_7srModeler@@6B@,srModeler,,,0x76c88,0,0x380c0,,,internal
wiz8--gog-128--sr--fe47f633a51f,sr.dll,??_7srMutex@@6B@,srMutex,,,0x76de4,0,0x45930,,,internal
wiz8--gog-128--sr--fe47f633a51f,sr.dll,??_7srNode@@6B@,srNode,,,0x771d0,0,0x554c0,,,internal
wiz8--gog-128--sr--fe47f633a51f,sr.dll,??_7srNode@@6B@,srNode,,,0x771d0,1,0x554b0,,,internal
wiz8--gog-128--sr--fe47f633a51f,sr.dll,??_7srNode@@6B@,srNode,,,0x771d0,2,0x554d0,,,internal
wiz8--gog-128--sr--fe47f633a51f,sr.dll,??_7srNode@@6B@,srNode,,,0x771d0,3,0x513c0,?dump@srNode@@UAEXAAV?$basic_ostream@DU?$char_traits@D@std@@@std@@@Z,"public: virtual void __thiscall srNode::dump(class std::basic_ostream<char, struct std::char_traits<char>> &)",exported
wiz8--gog-128--sr--fe47f633a51f,sr.dll,??_7srNode@@6B@,srNode,,,0x771d0,4,0xe050,?verify@srClass@@UAEXW4e_verify@srRuntimeClass@@@Z,public: virtual void __thiscall srClass::verify(enum srRuntimeClass::e_verify),exported
wiz8--gog-128--sr--fe47f633a51f,sr.dll,??_7srNode@@6B@,srNode,,,0x771d0,5,0x51bf0,,,internal
wiz8--gog-128--sr--fe47f633a51f,sr.dll,??_7srNode@@6B@,srNode,,,0x771d0,6,0x51cd0,?vInstance@srNode@@UAEPAVsrClass@@XZ,public: virtual class srClass * __thiscall srNode::vInstance(void),exported
wiz8--gog-128--sr--fe47f633a51f,sr.dll,??_7srNode@@6B@,srNode,,,0x771d0,7,0x55510,,,internal
wiz8--gog-128--sr--fe47f633a51f,sr.dll,??_7srNode@@6B@,srNode,,,0x771d0,8,0x504b0,?traverse@srNode@@UAEXAAVTraverseInfo@1@@Z,public: virtual void __thiscall srNode::traverse(class srNode::TraverseInfo &),exported
wiz8--gog-128--sr--fe47f633a51f,sr.dll,??_7srNode@@6B@,srNode,,,0x771d0,9,0x504f0,?process@srNode@@UAEXABUProcessInfo@1@W4e_processType@1@@Z,"public: virtual void __thiscall srNode::process(struct srNode::ProcessInfo const &, enum srNode::e_processType)",exported
wiz8--gog-128--sr--fe47f633a51f,sr.dll,??_7srNode@@6B@,srNode,,,0x771d0,10,0x50510,?getLocalBounds@srNode@@UAEXAAUBoundInfo@1@@Z,public: virtual void __thiscall srNode::getLocalBounds(struct srNode::BoundInfo &),exported
wiz8--gog-128--sr--fe47f633a51f,sr.dll,??_7srNode@@6B@,srNode,,,0x771d0,11,0x50500,?updateBounds@srNode@@UAEXXZ,public: virtual void __thiscall srNode::updateBounds(void),exported
wiz8--gog-128--sr--fe47f633a51f,sr.dll,??_7srNode@@6B@,srNode,,,0x771d0,12,0x50690,?processSignal@srNode@@MAEHKPAX@Z,"protected: virtual int __thiscall srNode::processSignal(unsigned long, void *)",exported
wiz8--gog-128--sr--fe47f633a51f,sr.dll,??_7srPalette@@6B@,srPalette,,,0x753cc,0,0x49e0,,,internal
wiz8--gog-128--sr--fe47f633a51f,sr.dll,??_7srPalette@@6B@,srPalette,,,0x753cc,1,0x49d0,,,internal
wiz8--gog-128--sr--fe47f633a51f,sr.dll,??_7srPalette@@6B@,srPalette,,,0x753cc,2,0x49f0,,,internal
wiz8--gog-128--sr--fe47f633a51f,sr.dll,??_7srPalette@@6B@,srPalette,,,0x753cc,3,0x47a0,?dump@srPalette@@UAEXAAV?$basic_ostream@DU?$char_traits@D@std@@@std@@@Z,"public: virtual void __thiscall srPalette::dump(class std::basic_ostream<char, struct std::char_traits<char>> &)",exported
wiz8--gog-128--sr--fe47f633a51f,sr.dll,??_7srPalette@@6B@,srPalette,,,0x753cc,4,0xe050,?verify@srClass@@UAEXW4e_verify@srRuntimeClass@@@Z,public: virtual void __thiscall srClass::verify(enum srRuntimeClass::e_verify),exported
wiz8--gog-128--sr--fe47f633a51f,sr.dll,??_7srPalette@@6B@,srPalette,,,0x753cc,5,0x4ff0,,,internal
wiz8--gog-128--sr--fe47f633a51f,sr.dll,??_7srPalette@@6B@,srPalette,,,0x753cc,6,0x4970,?vInstance@srPalette@@UAEPAVsrClass@@XZ,public: virtual class srClass * __thiscall srPalette::vInstance(void),exported
wiz8--gog-128--sr--fe47f633a51f,sr.dll,??_7srPalette@@6B@,srPalette,,,0x753cc,7,0x4a30,,,internal
wiz8--gog-128--sr--fe47f633a51f,sr.dll,??_7srRuntimeClass@@6B@,srRuntimeClass,,,0x754e4,0,0x11cc0,?getClassName@srRuntimeClass@@UBEPBDXZ,public: virtual char const * __thiscall srRuntimeClass::getClassName(void) const,exported
wiz8--gog-128--sr--fe47f633a51f,sr.dll,??_7srRuntimeClass@@6B@,srRuntimeClass,,,0x754e4,1,0x11cd0,?getClassID@srRuntimeClass@@UBEKXZ,public: virtual unsigned long __thiscall srRuntimeClass::getClassID(void) const,exported
wiz8--gog-128--sr--fe47f633a51f,sr.dll,??_7srRuntimeClass@@6B@,srRuntimeClass,,,0x754e4,2,0x11ce0,?getClassNode@srRuntimeClass@@UBEPAVClassNode@srRegistry@@XZ,public: virtual class srRegistry::ClassNode * __thiscall srRuntimeClass::getClassNode(void) const,exported
wiz8--gog-128--sr--fe47f633a51f,sr.dll,??_7srRuntimeClass@@6B@,srRuntimeClass,,,0x754e4,3,0x11ab0,?dump@srRuntimeClass@@UAEXAAV?$basic_ostream@DU?$char_traits@D@std@@@std@@@Z,"public: virtual void __thiscall srRuntimeClass::dump(class std::basic_ostream<char, struct std::char_traits<char>> &)",exported
wiz8--gog-128--sr--fe47f633a51f,sr.dll,??_7srRuntimeClass@@6B@,srRuntimeClass,,,0x754e4,4,0x117a0,?verify@srRuntimeClass@@UAEXW4e_verify@1@@Z,public: virtual void __thiscall srRuntimeClass::verify(enum srRuntimeClass::e_verify),exported
wiz8--gog-128--sr--fe47f633a51f,sr.dll,??_7srRuntimeClass@@6B@,srRuntimeClass,,,0x754e4,5,0x11bf0,,,internal
wiz8--gog-128--sr--fe47f633a51f,sr.dll,??_7srScene@@6B@,srScene,,,0x77230,0,0x56a00,,,internal
wiz8--gog-128--sr--fe47f633a51f,sr.dll,??_7srScene@@6B@,srScene,,,0x77230,1,0x569f0,,,internal
wiz8--gog-128--sr--fe47f633a51f,sr.dll,??_7srScene@@6B@,srScene,,,0x77230,2,0x56a10,,,internal
wiz8--gog-128--sr--fe47f633a51f,sr.dll,??_7srScene@@6B@,srScene,,,0x77230,3,0x56750,?dump@srScene@@UAEXAAV?$basic_ostream@DU?$char_traits@D@std@@@std@@@Z,"public: virtual void __thiscall srScene::dump(class std::basic_ostream<char, struct std::char_traits<char>> &)",exported
wiz8--gog-128--sr--fe47f633a51f,sr.dll,??_7srScene@@6B@,srScene,,,0x77230,4,0xe050,?verify@srClass@@UAEXW4e_verify@srRuntimeClass@@@Z,public: virtual void __thiscall srClass::verify(enum srRuntimeClass::e_verify),exported
wiz8--gog-128--sr--fe47f633a51f,sr.dll,??_7srScene@@6B@,srScene,,,0x77230,5,0x570b0,,,internal
wiz8--gog-128--sr--fe47f633a51f,sr.dll,??_7srScene@@6B@,srScene,,,0x77230,6,0x56bb0,?vInstance@srScene@@UAEPAVsrClass@@XZ,public: virtual class srClass * __thiscall srScene::vInstance(void),exported
wiz8--gog-128--sr--fe47f633a51f,sr.dll,??_7srScene@@6B@,srScene,,,0x77230,7,0x56a70,,,internal
wiz8--gog-128--sr--fe47f633a51f,sr.dll,??_7srScene@@6B@,srScene,,,0x77230,8,0x561f0,?traverse@srScene@@UAEXAAVTraverseInfo@srNode@@@Z,public: virtual void __thiscall srScene::traverse(class srNode::TraverseInfo &),exported
wiz8--gog-128--sr--fe47f633a51f,sr.dll,??_7srScene@@6B@,srScene,,,0x77230,9,0x562e0,?process@srScene@@UAEXABUProcessInfo@srNode@@W4e_processType@3@@Z,"public: virtual void __thiscall srScene::process(struct srNode::ProcessInfo const &, enum srNode::e_processType)",exported
wiz8--gog-128--sr--fe47f633a51f,sr.dll,??_7srScene@@6B@,srScene,,,0x77230,10,0x50510,?getLocalBounds@srNode@@UAEXAAUBoundInfo@1@@Z,public: virtual void __thiscall srNode::getLocalBounds(struct srNode::BoundInfo &),exported
wiz8--gog-128--sr--fe47f633a51f,sr.dll,??_7srScene@@6B@,srScene,,,0x77230,11,0x50500,?updateBounds@srNode@@UAEXXZ,public: virtual void __thiscall srNode::updateBounds(void),exported
wiz8--gog-128--sr--fe47f633a51f,sr.dll,??_7srScene@@6B@,srScene,,,0x77230,12,0x50690,?processSignal@srNode@@MAEHKPAX@Z,"protected: virtual int __thiscall srNode::processSignal(unsigned long, void *)",exported
wiz8--gog-128--sr--fe47f633a51f,sr.dll,??_7srSurfaceIOManager@@6B@,srSurfaceIOManager,,,0x75418,0,0x5240,,,internal
wiz8--gog-128--sr--fe47f633a51f,sr.dll,??_7srTextureFile@@6B@,srTextureFile,,,0x774e8,0,0x5fd50,,,internal
wiz8--gog-128--sr--fe47f633a51f,sr.dll,??_7srTextureFile@@6B@,srTextureFile,,,0x774e8,1,0x5fd40,,,internal
wiz8--gog-128--sr--fe47f633a51f,sr.dll,??_7srTextureFile@@6B@,srTextureFile,,,0x774e8,2,0x5fd60,,,internal
wiz8--gog-128--sr--fe47f633a51f,sr.dll,??_7srTextureFile@@6B@,srTextureFile,,,0x774e8,3,0x5fbd0,?dump@srTextureFile@@UAEXAAV?$basic_ostream@DU?$char_traits@D@std@@@std@@@Z,"public: virtual void __thiscall srTextureFile::dump(class std::basic_ostream<char, struct std::char_traits<char>> &)",exported
wiz8--gog-128--sr--fe47f633a51f,sr.dll,??_7srTextureFile@@6B@,srTextureFile,,,0x774e8,4,0xe050,?verify@srClass@@UAEXW4e_verify@srRuntimeClass@@@Z,public: virtual void __thiscall srClass::verify(enum srRuntimeClass::e_verify),exported
wiz8--gog-128--sr--fe47f633a51f,sr.dll,??_7srTextureFile@@6B@,srTextureFile,,,0x774e8,5,0x600c0,,,internal
wiz8--gog-128--sr--fe47f633a51f,sr.dll,??_7srTextureFile@@6B@,srTextureFile,,,0x774e8,6,0x5ff20,?vInstance@srTextureFile@@UAEPAVsrClass@@XZ,public: virtual class srClass * __thiscall srTextureFile::vInstance(void),exported
wiz8--gog-128--sr--fe47f633a51f,sr.dll,??_7srTextureFile@@6B@,srTextureFile,,,0x774e8,7,0x5fdf0,,,internal
wiz8--gog-128--sr--fe47f633a51f,sr.dll,??_7srTextureFile@@6B@,srTextureFile,,,0x774e8,8,0x5f8a0,?getTextureFrameHandle@srTextureFile@@UAEKXZ,public: virtual unsigned long __thiscall srTextureFile::getTextureFrameHandle(void),exported
wiz8--gog-128--sr--fe47f633a51f,sr.dll,??_7srTextureFile@@6B@,srTextureFile,,,0x774e8,9,0x5eb20,?getPriority@srTexture@@UAEMXZ,public: virtual float __thiscall srTexture::getPriority(void),exported
wiz8--gog-128--sr--fe47f633a51f,sr.dll,??_7srTextureFile@@6B@,srTextureFile,,,0x774e8,10,0x5ee00,?getDimensions@srTexture@@UAEXAAUDimensions@srTextureIFace@@@Z,public: virtual void __thiscall srTexture::getDimensions(struct srTextureIFace::Dimensions &),exported
wiz8--gog-128--sr--fe47f633a51f,sr.dll,??_7srTextureFile@@6B@,srTextureFile,,,0x774e8,11,0x5fcb0,?getMipmapData@srTextureFile@@UAEXAAUMultiRequest@srTextureIFace@@@Z,public: virtual void __thiscall srTextureFile::getMipmapData(struct srTextureIFace::MultiRequest &),exported
wiz8--gog-128--sr--fe47f633a51f,sr.dll,??_7srTextureFile@@6B@,srTextureFile,,,0x774e8,12,0x5fd30,?getMipmapLevelPartial@srTextureFile@@UAEXAAUPartialRequest@srTextureIFace@@@Z,public: virtual void __thiscall srTextureFile::getMipmapLevelPartial(struct srTextureIFace::PartialRequest &),exported
wiz8--gog-128--sr--fe47f633a51f,sr.dll,??_7srTextureFile@@6B@,srTextureFile,,,0x774e8,13,0x5eeb0,?getTextureParms@srTexture@@UAEXAAUParameters@srTextureIFace@@@Z,public: virtual void __thiscall srTexture::getTextureParms(struct srTextureIFace::Parameters &),exported
wiz8--gog-128--sr--fe47f633a51f,sr.dll,??_7srTextureFile@@6B@,srTextureFile,,,0x774e8,14,0x5f140,?getTextureName@srTextureIFace@@UAEPBDXZ,public: virtual char const * __thiscall srTextureIFace::getTextureName(void),exported
wiz8--gog-128--sr--fe47f633a51f,sr.dll,??_7srTextureFile@@6B@,srTextureFile,,,0x774e8,15,0x5fa80,?invalidate@srTextureFile@@UAEXXZ,public: virtual void __thiscall srTextureFile::invalidate(void),exported
wiz8--gog-128--sr--fe47f633a51f,sr.dll,??_7srTextureFile@@6B@,srTextureFile,,,0x774e8,16,0x5f8b0,?setupDefaultValues@srTextureFile@@MAEXXZ,protected: virtual void __thiscall srTextureFile::setupDefaultValues(void),exported
wiz8--gog-128--sr--fe47f633a51f,sr.dll,??_7srTextureMap@@6B@,srTextureMap,,,0x77578,0,0x605b0,,,internal
wiz8--gog-128--sr--fe47f633a51f,sr.dll,??_7srTextureMap@@6B@,srTextureMap,,,0x77578,1,0x605a0,,,internal
wiz8--gog-128--sr--fe47f633a51f,sr.dll,??_7srTextureMap@@6B@,srTextureMap,,,0x77578,2,0x605c0,,,internal
wiz8--gog-128--sr--fe47f633a51f,sr.dll,??_7srTextureMap@@6B@,srTextureMap,,,0x77578,3,0x60520,?dump@srTextureMap@@UAEXAAV?$basic_ostream@DU?$char_traits@D@std@@@std@@@Z,"public: virtual void __thiscall srTextureMap::dump(class std::basic_ostream<char, struct std::char_traits<char>> &)",exported
wiz8--gog-128--sr--fe47f633a51f,sr.dll,??_7srTextureMap@@6B@,srTextureMap,,,0x77578,4,0xe050,?verify@srClass@@UAEXW4e_verify@srRuntimeClass@@@Z,public: virtual void __thiscall srClass::verify(enum srRuntimeClass::e_verify),exported
wiz8--gog-128--sr--fe47f633a51f,sr.dll,??_7srTextureMap@@6B@,srTextureMap,,,0x77578,5,0x608f0,,,internal
wiz8--gog-128--sr--fe47f633a51f,sr.dll,??_7srTextureMap@@6B@,srTextureMap,,,0x77578,6,0x60780,?vInstance@srTextureMap@@UAEPAVsrClass@@XZ,public: virtual class srClass * __thiscall srTextureMap::vInstance(void),exported
wiz8--gog-128--sr--fe47f633a51f,sr.dll,??_7srTextureMap@@6B@,srTextureMap,,,0x77578,7,0x60650,,,internal
wiz8--gog-128--sr--fe47f633a51f,sr.dll,??_7srTextureMap@@6B@,srTextureMap,,,0x77578,8,0x604b0,?getTextureFrameHandle@srTextureMap@@UAEKXZ,public: virtual unsigned long __thiscall srTextureMap::getTextureFrameHandle(void),exported
wiz8--gog-128--sr--fe47f633a51f,sr.dll,??_7srTextureMap@@6B@,srTextureMap,,,0x77578,9,0x5eb20,?getPriority@srTexture@@UAEMXZ,public: virtual float __thiscall srTexture::getPriority(void),exported
wiz8--gog-128--sr--fe47f633a51f,sr.dll,??_7srTextureMap@@6B@,srTextureMap,,,0x77578,10,0x5ee00,?getDimensions@srTexture@@UAEXAAUDimensions@srTextureIFace@@@Z,public: virtual void __thiscall srTexture::getDimensions(struct srTextureIFace::Dimensions &),exported
wiz8--gog-128--sr--fe47f633a51f,sr.dll,??_7srTextureMap@@6B@,srTextureMap,,,0x77578,11,0x601c0,?getMipmapData@srTextureMap@@UAEXAAUMultiRequest@srTextureIFace@@@Z,public: virtual void __thiscall srTextureMap::getMipmapData(struct srTextureIFace::MultiRequest &),exported
wiz8--gog-128--sr--fe47f633a51f,sr.dll,??_7srTextureMap@@6B@,srTextureMap,,,0x77578,12,0x5eea0,?getMipmapLevelPartial@srTexture@@UAEXAAUPartialRequest@srTextureIFace@@@Z,public: virtual void __thiscall srTexture::getMipmapLevelPartial(struct srTextureIFace::PartialRequest &),exported
wiz8--gog-128--sr--fe47f633a51f,sr.dll,??_7srTextureMap@@6B@,srTextureMap,,,0x77578,13,0x5eeb0,?getTextureParms@srTexture@@UAEXAAUParameters@srTextureIFace@@@Z,public: virtual void __thiscall srTexture::getTextureParms(struct srTextureIFace::Parameters &),exported
wiz8--gog-128--sr--fe47f633a51f,sr.dll,??_7srTextureMap@@6B@,srTextureMap,,,0x77578,14,0x5f140,?getTextureName@srTextureIFace@@UAEPBDXZ,public: virtual char const * __thiscall srTextureIFace::getTextureName(void),exported
wiz8--gog-128--sr--fe47f633a51f,sr.dll,??_7srTextureMap@@6B@,srTextureMap,,,0x77578,15,0x604a0,?invalidate@srTextureMap@@UAEXXZ,public: virtual void __thiscall srTextureMap::invalidate(void),exported
wiz8--gog-128--sr--fe47f633a51f,sr.dll,??_7srTextureMap@@6B@,srTextureMap,,,0x77578,16,0x604c0,?setupDefaultValues@srTextureMap@@MAEXXZ,protected: virtual void __thiscall srTextureMap::setupDefaultValues(void),exported
wiz8--gog-128--sr--fe47f633a51f,sr.dll,??_7srTimer@@6B@,srTimer,,,0x77620,0,0x60b30,,,internal
wiz8--gog-128--sr--fe47f633a51f,sr.dll,??_7srTimer@@6B@,srTimer,,,0x77620,1,0x62fc0,?getAscTime@srTimer@@UAEPADPADW4e_timerReadControl@1@@Z,"public: virtual char * __thiscall srTimer::getAscTime(char *, enum srTimer::e_timerReadControl)",exported
wiz8--gog-128--sr--fe47f633a51f,sr.dll,??_7srTimer@@6B@,srTimer,,,0x77620,2,0x62d20,?pause@srTimer@@UAEHXZ,public: virtual int __thiscall srTimer::pause(void),exported
wiz8--gog-128--sr--fe47f633a51f,sr.dll,??_7srTimer@@6B@,srTimer,,,0x77620,3,0x62d50,?resume@srTimer@@UAEKXZ,public: virtual unsigned long __thiscall srTimer::resume(void),exported
wiz8--gog-128--sr--fe47f633a51f,sr.dll,??_7srTimer@@6B@,srTimer,,,0x77620,4,0x610f0,?reset@srTimer@@UAEHHHH@Z,"public: virtual int __thiscall srTimer::reset(int, int, int)",exported
wiz8--gog-128--sr--fe47f633a51f,sr.dll,??_7srTimer@@6B@,srTimer,,,0x77620,5,0x62df0,?getMsTime@srTimer@@UAEKW4e_timerReadControl@1@@Z,public: virtual unsigned long __thiscall srTimer::getMsTime(enum srTimer::e_timerReadControl),exported
wiz8--gog-128--sr--fe47f633a51f,sr.dll,??_7srTimer@@6B@,srTimer,,,0x77620,6,0x62e50,?getTime@srTimer@@UAENW4e_timerReadControl@1@@Z,public: virtual double __thiscall srTimer::getTime(enum srTimer::e_timerReadControl),exported
wiz8--gog-128--sr--fe47f633a51f,sr.dll,??_7srTimer@@6B@,srTimer,,,0x77620,7,0x62f40,?getUTime@srTimer@@UAEKAAVsrQuadWord@@W4e_timerReadControl@1@@Z,"public: virtual unsigned long __thiscall srTimer::getUTime(class srQuadWord &, enum srTimer::e_timerReadControl)",exported
wiz8--gog-128--sr--fe47f633a51f,sr.dll,??_7srTimer@@6B@,srTimer,,,0x77620,8,0x62ec0,?getUTime@srTimer@@UAEKW4e_timerReadControl@1@@Z,public: virtual unsigned long __thiscall srTimer::getUTime(enum srTimer::e_timerReadControl),exported
wiz8--gog-128--sr--fe47f633a51f,sr.dll,??_7srTimer@@6B@,srTimer,,,0x77620,9,0x62430,?getRawTime@srTimer@@UAEKAAVsrQuadWord@@W4e_timerReadControl@1@@Z,"public: virtual unsigned long __thiscall srTimer::getRawTime(class srQuadWord &, enum srTimer::e_timerReadControl)",exported
wiz8--gog-128--sr--fe47f633a51f,sr.dll,??_7srTimer@@6B@,srTimer,,,0x77620,10,0x623e0,?getRawTime@srTimer@@UAEKW4e_timerReadControl@1@@Z,public: virtual unsigned long __thiscall srTimer::getRawTime(enum srTimer::e_timerReadControl),exported
wiz8--gog-128--sr--fe47f633a51f,sr.dll,??_7srTriangleFilter@@6B@,srTriangleFilter,,,0x75388,0,0x3710,,,internal
wiz8--gog-128--sr--fe47f633a51f,sr.dll,??_7srTriangleFilter@@6B@,srTriangleFilter,,,0x75388,1,0x36a0,?getName@srTriangleFilter@@UBEPBDXZ,public: virtual char const * __thiscall srTriangleFilter::getName(void) const,exported
wiz8--gog-128--sr--fe47f633a51f,sr.dll,??_7srTriangleFilter@@6B@,srTriangleFilter,,,0x75388,2,0x3340,?getWeight@srTriangleFilter@@UBENN@Z,public: virtual double __thiscall srTriangleFilter::getWeight(double) const,exported
wiz8--gog-128--sr--fe47f633a51f,sr.dll,??_7srTriangleFilter@@6B@,srTriangleFilter,,,0x75388,3,0x3400,?getSupport@srTriangleFilter@@UBENXZ,public: virtual double __thiscall srTriangleFilter::getSupport(void) const,exported
wiz8--gog-128--sr--fe47f633a51f,sr.dll,??_7srVariableTimer@@6B@,srVariableTimer,,,0x77668,0,0x633f0,,,internal
wiz8--gog-128--sr--fe47f633a51f,sr.dll,??_7srVariableTimer@@6B@,srVariableTimer,,,0x77668,1,0x640e0,?getAscTime@srVariableTimer@@UAEPADPADW4e_timerReadControl@srTimer@@@Z,"public: virtual char * __thiscall srVariableTimer::getAscTime(char *, enum srTimer::e_timerReadControl)",exported
wiz8--gog-128--sr--fe47f633a51f,sr.dll,??_7srVariableTimer@@6B@,srVariableTimer,,,0x77668,2,0x63dc0,?pause@srVariableTimer@@UAEHXZ,public: virtual int __thiscall srVariableTimer::pause(void),exported
wiz8--gog-128--sr--fe47f633a51f,sr.dll,??_7srVariableTimer@@6B@,srVariableTimer,,,0x77668,3,0x63de0,?resume@srVariableTimer@@UAEKXZ,public: virtual unsigned long __thiscall srVariableTimer::resume(void),exported
wiz8--gog-128--sr--fe47f633a51f,sr.dll,??_7srVariableTimer@@6B@,srVariableTimer,,,0x77668,4,0x63870,?reset@srVariableTimer@@UAEHHHH@Z,"public: virtual int __thiscall srVariableTimer::reset(int, int, int)",exported
wiz8--gog-128--sr--fe47f633a51f,sr.dll,??_7srVariableTimer@@6B@,srVariableTimer,,,0x77668,5,0x64010,?getMsTime@srVariableTimer@@UAEKW4e_timerReadControl@srTimer@@@Z,public: virtual unsigned long __thiscall srVariableTimer::getMsTime(enum srTimer::e_timerReadControl),exported
wiz8--gog-128--sr--fe47f633a51f,sr.dll,??_7srVariableTimer@@6B@,srVariableTimer,,,0x77668,6,0x63ee0,?getTime@srVariableTimer@@UAENW4e_timerReadControl@srTimer@@@Z,public: virtual double __thiscall srVariableTimer::getTime(enum srTimer::e_timerReadControl),exported
wiz8--gog-128--sr--fe47f633a51f,sr.dll,??_7srVariableTimer@@6B@,srVariableTimer,,,0x77668,7,0x64070,?getUTime@srVariableTimer@@UAEKAAVsrQuadWord@@W4e_timerReadControl@srTimer@@@Z,"public: virtual unsigned long __thiscall srVariableTimer::getUTime(class srQuadWord &, enum srTimer::e_timerReadControl)",exported
wiz8--gog-128--sr--fe47f633a51f,sr.dll,??_7srVariableTimer@@6B@,srVariableTimer,,,0x77668,8,0x63e00,?getUTime@srVariableTimer@@UAEKW4e_timerReadControl@srTimer@@@Z,public: virtual unsigned long __thiscall srVariableTimer::getUTime(enum srTimer::e_timerReadControl),exported
wiz8--gog-128--sr--fe47f633a51f,sr.dll,??_7srVariableTimer@@6B@,srVariableTimer,,,0x77668,9,0x64190,?getRawTime@srVariableTimer@@UAEKAAVsrQuadWord@@W4e_timerReadControl@srTimer@@@Z,"public: virtual unsigned long __thiscall srVariableTimer::getRawTime(class srQuadWord &, enum srTimer::e_timerReadControl)",exported
wiz8--gog-128--sr--fe47f633a51f,sr.dll,??_7srVariableTimer@@6B@,srVariableTimer,,,0x77668,10,0x64150,?getRawTime@srVariableTimer@@UAEKW4e_timerReadControl@srTimer@@@Z,public: virtual unsigned long __thiscall srVariableTimer::getRawTime(enum srTimer::e_timerReadControl),exported
wiz8--gog-128--sr--fe47f633a51f,sr.dll,??_7srWindowOut@@6B@,srWindowOut,,,0x76e20,0,0x47bf0,,,internal
wiz8--gog-base--sr--cec1caf85861,sr.dll,??_7Client@srModel@@6B@,Client,srModel,,0x76cd8,0,0x3c870,,,internal
wiz8--gog-base--sr--cec1caf85861,sr.dll,??_7Client@srModel@@6B@,Client,srModel,,0x76cd8,1,0x3c3b0,?setModel@Client@srModel@@UAEXPAV2@@Z,public: virtual void __thiscall srModel::Client::setModel(class srModel *),exported
wiz8--gog-base--sr--cec1caf85861,sr.dll,??_7Client@srModel@@6B@,Client,srModel,,0x76cd8,2,0x3c430,?updateClient@Client@srModel@@UAEXW4e_update@12@@Z,public: virtual void __thiscall srModel::Client::updateClient(enum srModel::Client::e_update),exported
wiz8--gog-base--sr--cec1caf85861,sr.dll,??_7Client@srModel@@6B@,Client,srModel,,0x76cd8,3,0x3c6c0,?getModel@Client@srModel@@UBEPAV2@XZ,public: virtual class srModel * __thiscall srModel::Client::getModel(void) const,exported
wiz8--gog-base--sr--cec1caf85861,sr.dll,??_7srBSplineFilter@@6B@,srBSplineFilter,,,0x75398,0,0x37e0,,,internal
wiz8--gog-base--sr--cec1caf85861,sr.dll,??_7srBSplineFilter@@6B@,srBSplineFilter,,,0x75398,1,0x3770,?getName@srBSplineFilter@@UBEPBDXZ,public: virtual char const * __thiscall srBSplineFilter::getName(void) const,exported
wiz8--gog-base--sr--cec1caf85861,sr.dll,??_7srBSplineFilter@@6B@,srBSplineFilter,,,0x75398,2,0x34b0,?getWeight@srBSplineFilter@@UBENN@Z,public: virtual double __thiscall srBSplineFilter::getWeight(double) const,exported
wiz8--gog-base--sr--cec1caf85861,sr.dll,??_7srBSplineFilter@@6B@,srBSplineFilter,,,0x75398,3,0x3560,?getSupport@srBSplineFilter@@UBENXZ,public: virtual double __thiscall srBSplineFilter::getSupport(void) const,exported
wiz8--gog-base--sr--cec1caf85861,sr.dll,??_7srBellFilter@@6B@,srBellFilter,,,0x75378,0,0x3640,,,internal
wiz8--gog-base--sr--cec1caf85861,sr.dll,??_7srBellFilter@@6B@,srBellFilter,,,0x75378,1,0x35d0,?getName@srBellFilter@@UBEPBDXZ,public: virtual char const * __thiscall srBellFilter::getName(void) const,exported
wiz8--gog-base--sr--cec1caf85861,sr.dll,??_7srBellFilter@@6B@,srBellFilter,,,0x75378,2,0x3410,?getWeight@srBellFilter@@UBENN@Z,public: virtual double __thiscall srBellFilter::getWeight(double) const,exported
wiz8--gog-base--sr--cec1caf85861,sr.dll,??_7srBellFilter@@6B@,srBellFilter,,,0x75378,3,0x3490,?getSupport@srBellFilter@@UBENXZ,public: virtual double __thiscall srBellFilter::getSupport(void) const,exported
wiz8--gog-base--sr--cec1caf85861,sr.dll,??_7srBinFStream@@6B0@@,srBinFStream,,srBinFStream,0x76a54,0,0x2f3b0,?pseek@srBinFStream@@MAEAAVsrBinStream@@K@Z,protected: virtual class srBinStream & __thiscall srBinFStream::pseek(unsigned long),exported
wiz8--gog-base--sr--cec1caf85861,sr.dll,??_7srBinFStream@@6B0@@,srBinFStream,,srBinFStream,0x76a54,1,0x2f340,?pseek@srBinFStream@@MAEAAVsrBinStream@@KW4e_seekDir@2@@Z,"protected: virtual class srBinStream & __thiscall srBinFStream::pseek(unsigned long, enum srBinStream::e_seekDir)",exported
wiz8--gog-base--sr--cec1caf85861,sr.dll,??_7srBinFStream@@6B0@@,srBinFStream,,srBinFStream,0x76a54,2,0x2f400,?ptell@srBinFStream@@MAEKXZ,protected: virtual unsigned long __thiscall srBinFStream::ptell(void),exported
wiz8--gog-base--sr--cec1caf85861,sr.dll,??_7srBinFStream@@6BsrBinStream@@@,srBinFStream,,srBinStream,0x76a40,0,0x2f640,,,internal
wiz8--gog-base--sr--cec1caf85861,sr.dll,??_7srBinFStream@@6BsrBinStream@@@,srBinFStream,,srBinStream,0x76a40,1,0x32340,?getSize@srBinStream@@UAEKXZ,public: virtual unsigned long __thiscall srBinStream::getSize(void),exported
wiz8--gog-base--sr--cec1caf85861,sr.dll,??_7srBinFStream@@6BsrBinStream@@@,srBinFStream,,srBinStream,0x76a40,2,0x6ff14,,,internal
wiz8--gog-base--sr--cec1caf85861,sr.dll,??_7srBinFStream@@6BsrBinStream@@@,srBinFStream,,srBinStream,0x76a40,3,0x6ff14,,,internal
wiz8--gog-base--sr--cec1caf85861,sr.dll,??_7srBinFStream@@6BsrBinStream@@@,srBinFStream,,srBinStream,0x76a40,4,0x6ff14,,,internal
wiz8--gog-base--sr--cec1caf85861,sr.dll,??_7srBinIAsyncStream@@6BsrBinIStream@@@,srBinIAsyncStream,,srBinIStream,0x769f4,0,0x314e0,?vget@srBinIStream@@MAEGXZ,protected: virtual unsigned short __thiscall srBinIStream::vget(void),exported
wiz8--gog-base--sr--cec1caf85861,sr.dll,??_7srBinIAsyncStream@@6BsrBinIStream@@@,srBinIAsyncStream,,srBinIStream,0x769f4,1,0x2eae0,?vread@srBinIAsyncStream@@UAEKPAXK@Z,"public: virtual unsigned long __thiscall srBinIAsyncStream::vread(void *, unsigned long)",exported
wiz8--gog-base--sr--cec1caf85861,sr.dll,??_7srBinIAsyncStream@@6BsrBinStream@@@,srBinIAsyncStream,,srBinStream,0x769e0,0,0x2ef70,,,internal
wiz8--gog-base--sr--cec1caf85861,sr.dll,??_7srBinIAsyncStream@@6BsrBinStream@@@,srBinIAsyncStream,,srBinStream,0x769e0,1,0x32340,?getSize@srBinStream@@UAEKXZ,public: virtual unsigned long __thiscall srBinStream::getSize(void),exported
wiz8--gog-base--sr--cec1caf85861,sr.dll,??_7srBinIAsyncStream@@6BsrBinStream@@@,srBinIAsyncStream,,srBinStream,0x769e0,2,0x2ef80,,,internal
wiz8--gog-base--sr--cec1caf85861,sr.dll,??_7srBinIAsyncStream@@6BsrBinStream@@@,srBinIAsyncStream,,srBinStream,0x769e0,3,0x2ef90,,,internal
wiz8--gog-base--sr--cec1caf85861,sr.dll,??_7srBinIAsyncStream@@6BsrBinStream@@@,srBinIAsyncStream,,srBinStream,0x769e0,4,0x2efa0,,,internal
wiz8--gog-base--sr--cec1caf85861,sr.dll,??_7srBinIFStream@@6BsrBinFStream@@@,srBinIFStream,,srBinFStream,0x76a8c,0,0x2f3b0,?pseek@srBinFStream@@MAEAAVsrBinStream@@K@Z,protected: virtual class srBinStream & __thiscall srBinFStream::pseek(unsigned long),exported
wiz8--gog-base--sr--cec1caf85861,sr.dll,??_7srBinIFStream@@6BsrBinFStream@@@,srBinIFStream,,srBinFStream,0x76a8c,1,0x2f340,?pseek@srBinFStream@@MAEAAVsrBinStream@@KW4e_seekDir@2@@Z,"protected: virtual class srBinStream & __thiscall srBinFStream::pseek(unsigned long, enum srBinStream::e_seekDir)",exported
wiz8--gog-base--sr--cec1caf85861,sr.dll,??_7srBinIFStream@@6BsrBinFStream@@@,srBinIFStream,,srBinFStream,0x76a8c,2,0x2f400,?ptell@srBinFStream@@MAEKXZ,protected: virtual unsigned long __thiscall srBinFStream::ptell(void),exported
wiz8--gog-base--sr--cec1caf85861,sr.dll,??_7srBinIFStream@@6BsrBinIStream@@@,srBinIFStream,,srBinIStream,0x76a84,0,0x2f850,?vget@srBinIFStream@@EAEGXZ,private: virtual unsigned short __thiscall srBinIFStream::vget(void),exported
wiz8--gog-base--sr--cec1caf85861,sr.dll,??_7srBinIFStream@@6BsrBinIStream@@@,srBinIFStream,,srBinIStream,0x76a84,1,0x2f870,?vread@srBinIFStream@@EAEKPAXK@Z,"private: virtual unsigned long __thiscall srBinIFStream::vread(void *, unsigned long)",exported
wiz8--gog-base--sr--cec1caf85861,sr.dll,??_7srBinIFStream@@6BsrBinStream@@@,srBinIFStream,,srBinStream,0x76a70,0,0x2fc00,,,internal
wiz8--gog-base--sr--cec1caf85861,sr.dll,??_7srBinIFStream@@6BsrBinStream@@@,srBinIFStream,,srBinStream,0x76a70,1,0x32340,?getSize@srBinStream@@UAEKXZ,public: virtual unsigned long __thiscall srBinStream::getSize(void),exported
wiz8--gog-base--sr--cec1caf85861,sr.dll,??_7srBinIFStream@@6BsrBinStream@@@,srBinIFStream,,srBinStream,0x76a70,2,0x2fc10,,,internal
wiz8--gog-base--sr--cec1caf85861,sr.dll,??_7srBinIFStream@@6BsrBinStream@@@,srBinIFStream,,srBinStream,0x76a70,3,0x2fc20,,,internal
wiz8--gog-base--sr--cec1caf85861,sr.dll,??_7srBinIFStream@@6BsrBinStream@@@,srBinIFStream,,srBinStream,0x76a70,4,0x2fc30,,,internal
wiz8--gog-base--sr--cec1caf85861,sr.dll,??_7srBinIMStream@@6BsrBinIStream@@@,srBinIMStream,,srBinIStream,0x76b94,0,0x314e0,?vget@srBinIStream@@MAEGXZ,protected: virtual unsigned short __thiscall srBinIStream::vget(void),exported
wiz8--gog-base--sr--cec1caf85861,sr.dll,??_7srBinIMStream@@6BsrBinIStream@@@,srBinIMStream,,srBinIStream,0x76b94,1,0x30b50,?vread@srBinIMStream@@EAEKPAXK@Z,"private: virtual unsigned long __thiscall srBinIMStream::vread(void *, unsigned long)",exported
wiz8--gog-base--sr--cec1caf85861,sr.dll,??_7srBinIMStream@@6BsrBinStream@@@,srBinIMStream,,srBinStream,0x76b80,0,0x30db0,,,internal
wiz8--gog-base--sr--cec1caf85861,sr.dll,??_7srBinIMStream@@6BsrBinStream@@@,srBinIMStream,,srBinStream,0x76b80,1,0x30dc0,,,internal
wiz8--gog-base--sr--cec1caf85861,sr.dll,??_7srBinIMStream@@6BsrBinStream@@@,srBinIMStream,,srBinStream,0x76b80,2,0x30dd0,,,internal
wiz8--gog-base--sr--cec1caf85861,sr.dll,??_7srBinIMStream@@6BsrBinStream@@@,srBinIMStream,,srBinStream,0x76b80,3,0x30de0,,,internal
wiz8--gog-base--sr--cec1caf85861,sr.dll,??_7srBinIMStream@@6BsrBinStream@@@,srBinIMStream,,srBinStream,0x76b80,4,0x30df0,,,internal
wiz8--gog-base--sr--cec1caf85861,sr.dll,??_7srBinIOFStream@@6BsrBinFStream@@@,srBinIOFStream,,srBinFStream,0x76adc,0,0x2f3b0,?pseek@srBinFStream@@MAEAAVsrBinStream@@K@Z,protected: virtual class srBinStream & __thiscall srBinFStream::pseek(unsigned long),exported
wiz8--gog-base--sr--cec1caf85861,sr.dll,??_7srBinIOFStream@@6BsrBinFStream@@@,srBinIOFStream,,srBinFStream,0x76adc,1,0x2f340,?pseek@srBinFStream@@MAEAAVsrBinStream@@KW4e_seekDir@2@@Z,"protected: virtual class srBinStream & __thiscall srBinFStream::pseek(unsigned long, enum srBinStream::e_seekDir)",exported
wiz8--gog-base--sr--cec1caf85861,sr.dll,??_7srBinIOFStream@@6BsrBinFStream@@@,srBinIOFStream,,srBinFStream,0x76adc,2,0x2f400,?ptell@srBinFStream@@MAEKXZ,protected: virtual unsigned long __thiscall srBinFStream::ptell(void),exported
wiz8--gog-base--sr--cec1caf85861,sr.dll,??_7srBinIOFStream@@6BsrBinIStream@@@,srBinIOFStream,,srBinIStream,0x76ad4,0,0x2fe80,?vget@srBinIOFStream@@EAEGXZ,private: virtual unsigned short __thiscall srBinIOFStream::vget(void),exported
wiz8--gog-base--sr--cec1caf85861,sr.dll,??_7srBinIOFStream@@6BsrBinIStream@@@,srBinIOFStream,,srBinIStream,0x76ad4,1,0x2fea0,?vread@srBinIOFStream@@EAEKPAXK@Z,"private: virtual unsigned long __thiscall srBinIOFStream::vread(void *, unsigned long)",exported
wiz8--gog-base--sr--cec1caf85861,sr.dll,??_7srBinIOFStream@@6BsrBinOStream@@@,srBinIOFStream,,srBinOStream,0x76acc,0,0x2fe50,?vput@srBinIOFStream@@EAEGD@Z,private: virtual unsigned short __thiscall srBinIOFStream::vput(char),exported
wiz8--gog-base--sr--cec1caf85861,sr.dll,??_7srBinIOFStream@@6BsrBinOStream@@@,srBinIOFStream,,srBinOStream,0x76acc,1,0x2fe30,?vwrite@srBinIOFStream@@EAEKPBXK@Z,"private: virtual unsigned long __thiscall srBinIOFStream::vwrite(void const *, unsigned long)",exported
wiz8--gog-base--sr--cec1caf85861,sr.dll,??_7srBinIOFStream@@6BsrBinStream@@@,srBinIOFStream,,srBinStream,0x76ab8,0,0x302f0,,,internal
wiz8--gog-base--sr--cec1caf85861,sr.dll,??_7srBinIOFStream@@6BsrBinStream@@@,srBinIOFStream,,srBinStream,0x76ab8,1,0x32340,?getSize@srBinStream@@UAEKXZ,public: virtual unsigned long __thiscall srBinStream::getSize(void),exported
wiz8--gog-base--sr--cec1caf85861,sr.dll,??_7srBinIOFStream@@6BsrBinStream@@@,srBinIOFStream,,srBinStream,0x76ab8,2,0x30300,,,internal
wiz8--gog-base--sr--cec1caf85861,sr.dll,??_7srBinIOFStream@@6BsrBinStream@@@,srBinIOFStream,,srBinStream,0x76ab8,3,0x30310,,,internal
wiz8--gog-base--sr--cec1caf85861,sr.dll,??_7srBinIOFStream@@6BsrBinStream@@@,srBinIOFStream,,srBinStream,0x76ab8,4,0x30320,,,internal
wiz8--gog-base--sr--cec1caf85861,sr.dll,??_7srBinIStream@@6B0@@,srBinIStream,,srBinIStream,0x76a10,0,0x314e0,?vget@srBinIStream@@MAEGXZ,protected: virtual unsigned short __thiscall srBinIStream::vget(void),exported
wiz8--gog-base--sr--cec1caf85861,sr.dll,??_7srBinIStream@@6B0@@,srBinIStream,,srBinIStream,0x76a10,1,0x6ff14,,,internal
wiz8--gog-base--sr--cec1caf85861,sr.dll,??_7srBinIStream@@6BsrBinStream@@@,srBinIStream,,srBinStream,0x769fc,0,0x31d40,,,internal
wiz8--gog-base--sr--cec1caf85861,sr.dll,??_7srBinIStream@@6BsrBinStream@@@,srBinIStream,,srBinStream,0x769fc,1,0x32340,?getSize@srBinStream@@UAEKXZ,public: virtual unsigned long __thiscall srBinStream::getSize(void),exported
wiz8--gog-base--sr--cec1caf85861,sr.dll,??_7srBinIStream@@6BsrBinStream@@@,srBinIStream,,srBinStream,0x769fc,2,0x6ff14,,,internal
wiz8--gog-base--sr--cec1caf85861,sr.dll,??_7srBinIStream@@6BsrBinStream@@@,srBinIStream,,srBinStream,0x769fc,3,0x6ff14,,,internal
wiz8--gog-base--sr--cec1caf85861,sr.dll,??_7srBinIStream@@6BsrBinStream@@@,srBinIStream,,srBinStream,0x769fc,4,0x6ff14,,,internal
wiz8--gog-base--sr--cec1caf85861,sr.dll,??_7srBinOFStream@@6BsrBinFStream@@@,srBinOFStream,,srBinFStream,0x76b30,0,0x2f3b0,?pseek@srBinFStream@@MAEAAVsrBinStream@@K@Z,protected: virtual class srBinStream & __thiscall srBinFStream::pseek(unsigned long),exported
wiz8--gog-base--sr--cec1caf85861,sr.dll,??_7srBinOFStream@@6BsrBinFStream@@@,srBinOFStream,,srBinFStream,0x76b30,1,0x2f340,?pseek@srBinFStream@@MAEAAVsrBinStream@@KW4e_seekDir@2@@Z,"protected: virtual class srBinStream & __thiscall srBinFStream::pseek(unsigned long, enum srBinStream::e_seekDir)",exported
wiz8--gog-base--sr--cec1caf85861,sr.dll,??_7srBinOFStream@@6BsrBinFStream@@@,srBinOFStream,,srBinFStream,0x76b30,2,0x2f400,?ptell@srBinFStream@@MAEKXZ,protected: virtual unsigned long __thiscall srBinFStream::ptell(void),exported
wiz8--gog-base--sr--cec1caf85861,sr.dll,??_7srBinOFStream@@6BsrBinOStream@@@,srBinOFStream,,srBinOStream,0x76b3c,0,0x309a0,,,internal
wiz8--gog-base--sr--cec1caf85861,sr.dll,??_7srBinOFStream@@6BsrBinOStream@@@,srBinOFStream,,srBinOStream,0x76b3c,1,0x309b0,,,internal
wiz8--gog-base--sr--cec1caf85861,sr.dll,??_7srBinOFStream@@6BsrBinStream@@@,srBinOFStream,,srBinStream,0x76b44,0,0x30960,,,internal
wiz8--gog-base--sr--cec1caf85861,sr.dll,??_7srBinOFStream@@6BsrBinStream@@@,srBinOFStream,,srBinStream,0x76b44,1,0x32340,?getSize@srBinStream@@UAEKXZ,public: virtual unsigned long __thiscall srBinStream::getSize(void),exported
wiz8--gog-base--sr--cec1caf85861,sr.dll,??_7srBinOFStream@@6BsrBinStream@@@,srBinOFStream,,srBinStream,0x76b44,2,0x30970,,,internal
wiz8--gog-base--sr--cec1caf85861,sr.dll,??_7srBinOFStream@@6BsrBinStream@@@,srBinOFStream,,srBinStream,0x76b44,3,0x30980,,,internal
wiz8--gog-base--sr--cec1caf85861,sr.dll,??_7srBinOFStream@@6BsrBinStream@@@,srBinOFStream,,srBinStream,0x76b44,4,0x30990,,,internal
wiz8--gog-base--sr--cec1caf85861,sr.dll,??_7srBinOMStream@@6BsrBinOStream@@@,srBinOMStream,,srBinOStream,0x76bc4,0,0x31da0,?vput@srBinOStream@@MAEGD@Z,protected: virtual unsigned short __thiscall srBinOStream::vput(char),exported
wiz8--gog-base--sr--cec1caf85861,sr.dll,??_7srBinOMStream@@6BsrBinOStream@@@,srBinOMStream,,srBinOStream,0x76bc4,1,0x30fd0,?vwrite@srBinOMStream@@EAEKPBXK@Z,"private: virtual unsigned long __thiscall srBinOMStream::vwrite(void const *, unsigned long)",exported
wiz8--gog-base--sr--cec1caf85861,sr.dll,??_7srBinOMStream@@6BsrBinStream@@@,srBinOMStream,,srBinStream,0x76bb0,0,0x31440,,,internal
wiz8--gog-base--sr--cec1caf85861,sr.dll,??_7srBinOMStream@@6BsrBinStream@@@,srBinOMStream,,srBinStream,0x76bb0,1,0x31450,,,internal
wiz8--gog-base--sr--cec1caf85861,sr.dll,??_7srBinOMStream@@6BsrBinStream@@@,srBinOMStream,,srBinStream,0x76bb0,2,0x31460,,,internal
wiz8--gog-base--sr--cec1caf85861,sr.dll,??_7srBinOMStream@@6BsrBinStream@@@,srBinOMStream,,srBinStream,0x76bb0,3,0x31470,,,internal
wiz8--gog-base--sr--cec1caf85861,sr.dll,??_7srBinOMStream@@6BsrBinStream@@@,srBinOMStream,,srBinStream,0x76bb0,4,0x31480,,,internal
wiz8--gog-base--sr--cec1caf85861,sr.dll,??_7srBinOStream@@6B0@@,srBinOStream,,srBinOStream,0x76afc,0,0x31da0,?vput@srBinOStream@@MAEGD@Z,protected: virtual unsigned short __thiscall srBinOStream::vput(char),exported
wiz8--gog-base--sr--cec1caf85861,sr.dll,??_7srBinOStream@@6B0@@,srBinOStream,,srBinOStream,0x76afc,1,0x6ff14,,,internal
wiz8--gog-base--sr--cec1caf85861,sr.dll,??_7srBinOStream@@6BsrBinStream@@@,srBinOStream,,srBinStream,0x76ae8,0,0x32120,,,internal
wiz8--gog-base--sr--cec1caf85861,sr.dll,??_7srBinOStream@@6BsrBinStream@@@,srBinOStream,,srBinStream,0x76ae8,1,0x32340,?getSize@srBinStream@@UAEKXZ,public: virtual unsigned long __thiscall srBinStream::getSize(void),exported
wiz8--gog-base--sr--cec1caf85861,sr.dll,??_7srBinOStream@@6BsrBinStream@@@,srBinOStream,,srBinStream,0x76ae8,2,0x6ff14,,,internal
wiz8--gog-base--sr--cec1caf85861,sr.dll,??_7srBinOStream@@6BsrBinStream@@@,srBinOStream,,srBinStream,0x76ae8,3,0x6ff14,,,internal
wiz8--gog-base--sr--cec1caf85861,sr.dll,??_7srBinOStream@@6BsrBinStream@@@,srBinOStream,,srBinStream,0x76ae8,4,0x6ff14,,,internal
wiz8--gog-base--sr--cec1caf85861,sr.dll,??_7srBinStream@@6B@,srBinStream,,,0x76970,0,0x322e0,,,internal
wiz8--gog-base--sr--cec1caf85861,sr.dll,??_7srBinStream@@6B@,srBinStream,,,0x76970,1,0x32340,?getSize@srBinStream@@UAEKXZ,public: virtual unsigned long __thiscall srBinStream::getSize(void),exported
wiz8--gog-base--sr--cec1caf85861,sr.dll,??_7srBinStream@@6B@,srBinStream,,,0x76970,2,0x6ff14,,,internal
wiz8--gog-base--sr--cec1caf85861,sr.dll,??_7srBinStream@@6B@,srBinStream,,,0x76970,3,0x6ff14,,,internal
wiz8--gog-base--sr--cec1caf85861,sr.dll,??_7srBinStream@@6B@,srBinStream,,,0x76970,4,0x6ff14,,,internal
wiz8--gog-base--sr--cec1caf85861,sr.dll,??_7srBounder@@6B@,srBounder,,,0x76f30,0,0x4af20,,,internal
wiz8--gog-base--sr--cec1caf85861,sr.dll,??_7srBounder@@6B@,srBounder,,,0x76f30,1,0x4af10,,,internal
wiz8--gog-base--sr--cec1caf85861,sr.dll,??_7srBounder@@6B@,srBounder,,,0x76f30,2,0x4af30,,,internal
wiz8--gog-base--sr--cec1caf85861,sr.dll,??_7srBounder@@6B@,srBounder,,,0x76f30,3,0x4aa30,?dump@srBounder@@UAEXAAV?$basic_ostream@DU?$char_traits@D@std@@@std@@@Z,"public: virtual void __thiscall srBounder::dump(class std::basic_ostream<char, struct std::char_traits<char>> &)",exported
wiz8--gog-base--sr--cec1caf85861,sr.dll,??_7srBounder@@6B@,srBounder,,,0x76f30,4,0xe050,?verify@srClass@@UAEXW4e_verify@srRuntimeClass@@@Z,public: virtual void __thiscall srClass::verify(enum srRuntimeClass::e_verify),exported
wiz8--gog-base--sr--cec1caf85861,sr.dll,??_7srBounder@@6B@,srBounder,,,0x76f30,5,0x4b3d0,,,internal
wiz8--gog-base--sr--cec1caf85861,sr.dll,??_7srBounder@@6B@,srBounder,,,0x76f30,6,0x4b080,?vInstance@srBounder@@UAEPAVsrClass@@XZ,public: virtual class srClass * __thiscall srBounder::vInstance(void),exported
wiz8--gog-base--sr--cec1caf85861,sr.dll,??_7srBounder@@6B@,srBounder,,,0x76f30,7,0x4af90,,,internal
wiz8--gog-base--sr--cec1caf85861,sr.dll,??_7srBounder@@6B@,srBounder,,,0x76f30,8,0x4a6f0,?traverse@srBounder@@UAEXAAVTraverseInfo@srNode@@@Z,public: virtual void __thiscall srBounder::traverse(class srNode::TraverseInfo &),exported
wiz8--gog-base--sr--cec1caf85861,sr.dll,??_7srBounder@@6B@,srBounder,,,0x76f30,9,0x4a6e0,?process@srBounder@@UAEXABUProcessInfo@srNode@@W4e_processType@3@@Z,"public: virtual void __thiscall srBounder::process(struct srNode::ProcessInfo const &, enum srNode::e_processType)",exported
wiz8--gog-base--sr--cec1caf85861,sr.dll,??_7srBounder@@6B@,srBounder,,,0x76f30,10,0x50510,?getLocalBounds@srNode@@UAEXAAUBoundInfo@1@@Z,public: virtual void __thiscall srNode::getLocalBounds(struct srNode::BoundInfo &),exported
wiz8--gog-base--sr--cec1caf85861,sr.dll,??_7srBounder@@6B@,srBounder,,,0x76f30,11,0x4a800,?updateBounds@srBounder@@UAEXXZ,public: virtual void __thiscall srBounder::updateBounds(void),exported
wiz8--gog-base--sr--cec1caf85861,sr.dll,??_7srBounder@@6B@,srBounder,,,0x76f30,12,0x50690,?processSignal@srNode@@MAEHKPAX@Z,"protected: virtual int __thiscall srNode::processSignal(unsigned long, void *)",exported
wiz8--gog-base--sr--cec1caf85861,sr.dll,??_7srBoxFilter@@6B@,srBoxFilter,,,0x75350,0,0x3570,,,internal
wiz8--gog-base--sr--cec1caf85861,sr.dll,??_7srBoxFilter@@6B@,srBoxFilter,,,0x75350,1,0x3470,?getName@srBoxFilter@@UBEPBDXZ,public: virtual char const * __thiscall srBoxFilter::getName(void) const,exported
wiz8--gog-base--sr--cec1caf85861,sr.dll,??_7srBoxFilter@@6B@,srBoxFilter,,,0x75350,2,0x32c0,?getWeight@srBoxFilter@@UBENN@Z,public: virtual double __thiscall srBoxFilter::getWeight(double) const,exported
wiz8--gog-base--sr--cec1caf85861,sr.dll,??_7srBoxFilter@@6B@,srBoxFilter,,,0x75350,3,0x3320,?getSupport@srBoxFilter@@UBENXZ,public: virtual double __thiscall srBoxFilter::getSupport(void) const,exported
wiz8--gog-base--sr--cec1caf85861,sr.dll,??_7srCamera@@6B@,srCamera,,,0x76e40,0,0x49390,,,internal
wiz8--gog-base--sr--cec1caf85861,sr.dll,??_7srCamera@@6B@,srCamera,,,0x76e40,1,0x49380,,,internal
wiz8--gog-base--sr--cec1caf85861,sr.dll,??_7srCamera@@6B@,srCamera,,,0x76e40,2,0x493a0,,,internal
wiz8--gog-base--sr--cec1caf85861,sr.dll,??_7srCamera@@6B@,srCamera,,,0x76e40,3,0x48b70,?dump@srCamera@@UAEXAAV?$basic_ostream@DU?$char_traits@D@std@@@std@@@Z,"public: virtual void __thiscall srCamera::dump(class std::basic_ostream<char, struct std::char_traits<char>> &)",exported
wiz8--gog-base--sr--cec1caf85861,sr.dll,??_7srCamera@@6B@,srCamera,,,0x76e40,4,0xe050,?verify@srClass@@UAEXW4e_verify@srRuntimeClass@@@Z,public: virtual void __thiscall srClass::verify(enum srRuntimeClass::e_verify),exported
wiz8--gog-base--sr--cec1caf85861,sr.dll,??_7srCamera@@6B@,srCamera,,,0x76e40,5,0x48310,,,internal
wiz8--gog-base--sr--cec1caf85861,sr.dll,??_7srCamera@@6B@,srCamera,,,0x76e40,6,0x48030,?vInstance@srCamera@@UAEPAVsrClass@@XZ,public: virtual class srClass * __thiscall srCamera::vInstance(void),exported
wiz8--gog-base--sr--cec1caf85861,sr.dll,??_7srCamera@@6B@,srCamera,,,0x76e40,7,0x49400,,,internal
wiz8--gog-base--sr--cec1caf85861,sr.dll,??_7srCamera@@6B@,srCamera,,,0x76e40,8,0x504b0,?traverse@srNode@@UAEXAAVTraverseInfo@1@@Z,public: virtual void __thiscall srNode::traverse(class srNode::TraverseInfo &),exported
wiz8--gog-base--sr--cec1caf85861,sr.dll,??_7srCamera@@6B@,srCamera,,,0x76e40,9,0x47df0,?process@srCamera@@UAEXABUProcessInfo@srNode@@W4e_processType@3@@Z,"public: virtual void __thiscall srCamera::process(struct srNode::ProcessInfo const &, enum srNode::e_processType)",exported
wiz8--gog-base--sr--cec1caf85861,sr.dll,??_7srCamera@@6B@,srCamera,,,0x76e40,10,0x50510,?getLocalBounds@srNode@@UAEXAAUBoundInfo@1@@Z,public: virtual void __thiscall srNode::getLocalBounds(struct srNode::BoundInfo &),exported
wiz8--gog-base--sr--cec1caf85861,sr.dll,??_7srCamera@@6B@,srCamera,,,0x76e40,11,0x50500,?updateBounds@srNode@@UAEXXZ,public: virtual void __thiscall srNode::updateBounds(void),exported
wiz8--gog-base--sr--cec1caf85861,sr.dll,??_7srCamera@@6B@,srCamera,,,0x76e40,12,0x50690,?processSignal@srNode@@MAEHKPAX@Z,"protected: virtual int __thiscall srNode::processSignal(unsigned long, void *)",exported
wiz8--gog-base--sr--cec1caf85861,sr.dll,??_7srClipPlane@@6B@,srClipPlane,,,0x76ec0,0,0x49f50,,,internal
wiz8--gog-base--sr--cec1caf85861,sr.dll,??_7srClipPlane@@6B@,srClipPlane,,,0x76ec0,1,0x49f40,,,internal
wiz8--gog-base--sr--cec1caf85861,sr.dll,??_7srClipPlane@@6B@,srClipPlane,,,0x76ec0,2,0x49f60,,,internal
wiz8--gog-base--sr--cec1caf85861,sr.dll,??_7srClipPlane@@6B@,srClipPlane,,,0x76ec0,3,0x49e40,?dump@srClipPlane@@UAEXAAV?$basic_ostream@DU?$char_traits@D@std@@@std@@@Z,"public: virtual void __thiscall srClipPlane::dump(class std::basic_ostream<char, struct std::char_traits<char>> &)",exported
wiz8--gog-base--sr--cec1caf85861,sr.dll,??_7srClipPlane@@6B@,srClipPlane,,,0x76ec0,4,0xe050,?verify@srClass@@UAEXW4e_verify@srRuntimeClass@@@Z,public: virtual void __thiscall srClass::verify(enum srRuntimeClass::e_verify),exported
wiz8--gog-base--sr--cec1caf85861,sr.dll,??_7srClipPlane@@6B@,srClipPlane,,,0x76ec0,5,0x4a3b0,,,internal
wiz8--gog-base--sr--cec1caf85861,sr.dll,??_7srClipPlane@@6B@,srClipPlane,,,0x76ec0,6,0x4a160,?vInstance@srClipPlane@@UAEPAVsrClass@@XZ,public: virtual class srClass * __thiscall srClipPlane::vInstance(void),exported
wiz8--gog-base--sr--cec1caf85861,sr.dll,??_7srClipPlane@@6B@,srClipPlane,,,0x76ec0,7,0x49fc0,,,internal
wiz8--gog-base--sr--cec1caf85861,sr.dll,??_7srClipPlane@@6B@,srClipPlane,,,0x76ec0,8,0x49d40,?traverse@srClipPlane@@UAEXAAVTraverseInfo@srNode@@@Z,public: virtual void __thiscall srClipPlane::traverse(class srNode::TraverseInfo &),exported
wiz8--gog-base--sr--cec1caf85861,sr.dll,??_7srClipPlane@@6B@,srClipPlane,,,0x76ec0,9,0x49ce0,?process@srClipPlane@@UAEXABUProcessInfo@srNode@@W4e_processType@3@@Z,"public: virtual void __thiscall srClipPlane::process(struct srNode::ProcessInfo const &, enum srNode::e_processType)",exported
wiz8--gog-base--sr--cec1caf85861,sr.dll,??_7srClipPlane@@6B@,srClipPlane,,,0x76ec0,10,0x50510,?getLocalBounds@srNode@@UAEXAAUBoundInfo@1@@Z,public: virtual void __thiscall srNode::getLocalBounds(struct srNode::BoundInfo &),exported
wiz8--gog-base--sr--cec1caf85861,sr.dll,??_7srClipPlane@@6B@,srClipPlane,,,0x76ec0,11,0x50500,?updateBounds@srNode@@UAEXXZ,public: virtual void __thiscall srNode::updateBounds(void),exported
wiz8--gog-base--sr--cec1caf85861,sr.dll,??_7srClipPlane@@6B@,srClipPlane,,,0x76ec0,12,0x50690,?processSignal@srNode@@MAEHKPAX@Z,"protected: virtual int __thiscall srNode::processSignal(unsigned long, void *)",exported
wiz8--gog-base--sr--cec1caf85861,sr.dll,??_7srColorSurface@@6B@,srColorSurface,,,0x772d0,0,0x5dfc0,,,internal
wiz8--gog-base--sr--cec1caf85861,sr.dll,??_7srColorSurface@@6B@,srColorSurface,,,0x772d0,1,0x5dfb0,,,internal
wiz8--gog-base--sr--cec1caf85861,sr.dll,??_7srColorSurface@@6B@,srColorSurface,,,0x772d0,2,0x5dfd0,,,internal
wiz8--gog-base--sr--cec1caf85861,sr.dll,??_7srColorSurface@@6B@,srColorSurface,,,0x772d0,3,0x5dbe0,?dump@srColorSurface@@UAEXAAV?$basic_ostream@DU?$char_traits@D@std@@@std@@@Z,"public: virtual void __thiscall srColorSurface::dump(class std::basic_ostream<char, struct std::char_traits<char>> &)",exported
wiz8--gog-base--sr--cec1caf85861,sr.dll,??_7srColorSurface@@6B@,srColorSurface,,,0x772d0,4,0xe050,?verify@srClass@@UAEXW4e_verify@srRuntimeClass@@@Z,public: virtual void __thiscall srClass::verify(enum srRuntimeClass::e_verify),exported
wiz8--gog-base--sr--cec1caf85861,sr.dll,??_7srColorSurface@@6B@,srColorSurface,,,0x772d0,5,0x5df50,,,internal
wiz8--gog-base--sr--cec1caf85861,sr.dll,??_7srColorSurface@@6B@,srColorSurface,,,0x772d0,6,0x5ddb0,?vInstance@srColorSurface@@UAEPAVsrClass@@XZ,public: virtual class srClass * __thiscall srColorSurface::vInstance(void),exported
wiz8--gog-base--sr--cec1caf85861,sr.dll,??_7srColorSurface@@6B@,srColorSurface,,,0x772d0,7,0x5e030,,,internal
wiz8--gog-base--sr--cec1caf85861,sr.dll,??_7srColorSurface@@6B@,srColorSurface,,,0x772d0,8,0x5b2e0,?getPixel@srColorSurfaceIFace@@UAEKJJ@Z,"public: virtual unsigned long __thiscall srColorSurfaceIFace::getPixel(long, long)",exported
wiz8--gog-base--sr--cec1caf85861,sr.dll,??_7srColorSurface@@6B@,srColorSurface,,,0x772d0,9,0x5b470,?setPixel@srColorSurfaceIFace@@UAEXJJK@Z,"public: virtual void __thiscall srColorSurfaceIFace::setPixel(long, long, unsigned long)",exported
wiz8--gog-base--sr--cec1caf85861,sr.dll,??_7srColorSurface@@6B@,srColorSurface,,,0x772d0,10,0x5c460,?getPixelRaw@srColorSurface@@UAEKJJ@Z,"public: virtual unsigned long __thiscall srColorSurface::getPixelRaw(long, long)",exported
wiz8--gog-base--sr--cec1caf85861,sr.dll,??_7srColorSurface@@6B@,srColorSurface,,,0x772d0,11,0x5c030,?setPixelRaw@srColorSurface@@UAEXJJK@Z,"public: virtual void __thiscall srColorSurface::setPixelRaw(long, long, unsigned long)",exported
wiz8--gog-base--sr--cec1caf85861,sr.dll,??_7srColorSurface@@6B@,srColorSurface,,,0x772d0,12,0x5d7a0,?getPixels@srColorSurface@@UAEXPAKPBVsrVector2i@@J@Z,"public: virtual void __thiscall srColorSurface::getPixels(unsigned long *, class srVector2i const *, long)",exported
wiz8--gog-base--sr--cec1caf85861,sr.dll,??_7srColorSurface@@6B@,srColorSurface,,,0x772d0,13,0x5d5f0,?setPixels@srColorSurface@@UAEXPBKPBVsrVector2i@@J@Z,"public: virtual void __thiscall srColorSurface::setPixels(unsigned long const *, class srVector2i const *, long)",exported
wiz8--gog-base--sr--cec1caf85861,sr.dll,??_7srColorSurface@@6B@,srColorSurface,,,0x772d0,14,0x5d830,?getPixelsRaw@srColorSurface@@UAEXPAXPBVsrVector2i@@J@Z,"public: virtual void __thiscall srColorSurface::getPixelsRaw(void *, class srVector2i const *, long)",exported
wiz8--gog-base--sr--cec1caf85861,sr.dll,??_7srColorSurface@@6B@,srColorSurface,,,0x772d0,15,0x5d680,?setPixelsRaw@srColorSurface@@UAEXPBXPBVsrVector2i@@J@Z,"public: virtual void __thiscall srColorSurface::setPixelsRaw(void const *, class srVector2i const *, long)",exported
wiz8--gog-base--sr--cec1caf85861,sr.dll,??_7srColorSurface@@6B@,srColorSurface,,,0x772d0,16,0x5d970,?getPixelColumn@srColorSurface@@UAEXPAKJJJ@Z,"public: virtual void __thiscall srColorSurface::getPixelColumn(unsigned long *, long, long, long)",exported
wiz8--gog-base--sr--cec1caf85861,sr.dll,??_7srColorSurface@@6B@,srColorSurface,,,0x772d0,17,0x5dad0,?setPixelColumn@srColorSurface@@UAEXPBKJJJ@Z,"public: virtual void __thiscall srColorSurface::setPixelColumn(unsigned long const *, long, long, long)",exported
wiz8--gog-base--sr--cec1caf85861,sr.dll,??_7srColorSurface@@6B@,srColorSurface,,,0x772d0,18,0x5b570,?getPalette@srColorSurface@@UAEPAVsrPalette@@XZ,public: virtual class srPalette * __thiscall srColorSurface::getPalette(void),exported
wiz8--gog-base--sr--cec1caf85861,sr.dll,??_7srColorSurface@@6B@,srColorSurface,,,0x772d0,19,0x5b580,?setPalette@srColorSurface@@UAEXPAVsrPalette@@@Z,public: virtual void __thiscall srColorSurface::setPalette(class srPalette *),exported
wiz8--gog-base--sr--cec1caf85861,sr.dll,??_7srColorSurface@@6B@,srColorSurface,,,0x772d0,20,0x5b550,?getDataPtr@srColorSurface@@UAEPAXXZ,public: virtual void * __thiscall srColorSurface::getDataPtr(void),exported
wiz8--gog-base--sr--cec1caf85861,sr.dll,??_7srColorSurface@@6B@,srColorSurface,,,0x772d0,21,0x5b560,?getDataSize@srColorSurface@@UAEJXZ,public: virtual long __thiscall srColorSurface::getDataSize(void),exported
wiz8--gog-base--sr--cec1caf85861,sr.dll,??_7srColorSurface@@6B@,srColorSurface,,,0x772d0,22,0x5bec0,?resize@srColorSurface@@UAEHJJ@Z,"public: virtual int __thiscall srColorSurface::resize(long, long)",exported
wiz8--gog-base--sr--cec1caf85861,sr.dll,??_7srColorSurface@@6B@,srColorSurface,,,0x772d0,23,0x5bd10,?rescale@srColorSurface@@UAEHJJ@Z,"public: virtual int __thiscall srColorSurface::rescale(long, long)",exported
wiz8--gog-base--sr--cec1caf85861,sr.dll,??_7srColorSurface@@6B@,srColorSurface,,,0x772d0,24,0x5bde0,?changePixelFormat@srColorSurface@@UAEHABUPixelFormat@srPixelConvert@@H@Z,"public: virtual int __thiscall srColorSurface::changePixelFormat(struct srPixelConvert::PixelFormat const &, int)",exported
wiz8--gog-base--sr--cec1caf85861,sr.dll,??_7srColorSurface@@6B@,srColorSurface,,,0x772d0,25,0x5c900,?fill@srColorSurface@@UAEXK@Z,public: virtual void __thiscall srColorSurface::fill(unsigned long),exported
wiz8--gog-base--sr--cec1caf85861,sr.dll,??_7srColorSurface@@6B@,srColorSurface,,,0x772d0,26,0x5c560,?setHLine@srColorSurface@@UAEXJJJK@Z,"public: virtual void __thiscall srColorSurface::setHLine(long, long, long, unsigned long)",exported
wiz8--gog-base--sr--cec1caf85861,sr.dll,??_7srColorSurface@@6B@,srColorSurface,,,0x772d0,27,0x5c740,?setVLine@srColorSurface@@UAEXJJJK@Z,"public: virtual void __thiscall srColorSurface::setVLine(long, long, long, unsigned long)",exported
wiz8--gog-base--sr--cec1caf85861,sr.dll,??_7srColorSurface@@6B@,srColorSurface,,,0x772d0,28,0x57810,?setLine@srColorSurfaceIFace@@UAEXJJJJK@Z,"public: virtual void __thiscall srColorSurfaceIFace::setLine(long, long, long, long, unsigned long)",exported
wiz8--gog-base--sr--cec1caf85861,sr.dll,??_7srColorSurface@@6B@,srColorSurface,,,0x772d0,29,0x589d0,?composite@srColorSurfaceIFace@@UAEXJJAAV1@JJJJN@Z,"public: virtual void __thiscall srColorSurfaceIFace::composite(long, long, class srColorSurfaceIFace &, long, long, long, long, double)",exported
wiz8--gog-base--sr--cec1caf85861,sr.dll,??_7srColorSurface@@6B@,srColorSurface,,,0x772d0,30,0x58450,?blit@srColorSurfaceIFace@@UAEXABUBlitInfo@1@AAV1@@Z,"public: virtual void __thiscall srColorSurfaceIFace::blit(struct srColorSurfaceIFace::BlitInfo const &, class srColorSurfaceIFace &)",exported
wiz8--gog-base--sr--cec1caf85861,sr.dll,??_7srColorSurface@@6B@,srColorSurface,,,0x772d0,31,0x5d220,?blit@srColorSurface@@UAEXJJAAVsrColorSurfaceIFace@@JJJJ@Z,"public: virtual void __thiscall srColorSurface::blit(long, long, class srColorSurfaceIFace &, long, long, long, long)",exported
wiz8--gog-base--sr--cec1caf85861,sr.dll,??_7srColorSurface@@6B@,srColorSurface,,,0x772d0,32,0x59900,?copy@srColorSurfaceIFace@@UAEXAAV1@@Z,public: virtual void __thiscall srColorSurfaceIFace::copy(class srColorSurfaceIFace &),exported
wiz8--gog-base--sr--cec1caf85861,sr.dll,??_7srColorSurface@@6B@,srColorSurface,,,0x772d0,33,0x5c0a0,?swapPixelRows@srColorSurface@@UAEXJJJJJ@Z,"public: virtual void __thiscall srColorSurface::swapPixelRows(long, long, long, long, long)",exported
wiz8--gog-base--sr--cec1caf85861,sr.dll,??_7srColorSurface@@6B@,srColorSurface,,,0x772d0,34,0x5c2e0,?flipRectangle@srColorSurface@@UAEXABURectangle@srColorSurfaceIFace@@@Z,public: virtual void __thiscall srColorSurface::flipRectangle(struct srColorSurfaceIFace::Rectangle const &),exported
wiz8--gog-base--sr--cec1caf85861,sr.dll,??_7srColorSurface@@6B@,srColorSurface,,,0x772d0,35,0x57d10,?adjust@srColorSurfaceIFace@@UAEXABV?$srVector4T@M@@00@Z,"public: virtual void __thiscall srColorSurfaceIFace::adjust(class srVector4T<float> const &, class srVector4T<float> const &, class srVector4T<float> const &)",exported
wiz8--gog-base--sr--cec1caf85861,sr.dll,??_7srColorSurface@@6B@,srColorSurface,,,0x772d0,36,0x57eb0,?adjustSaturation@srColorSurfaceIFace@@UAEXN@Z,public: virtual void __thiscall srColorSurfaceIFace::adjustSaturation(double),exported
wiz8--gog-base--sr--cec1caf85861,sr.dll,??_7srColorSurface@@6B@,srColorSurface,,,0x772d0,37,0x59240,?getChannelStatistics@srColorSurfaceIFace@@UAEXAAVsrStat@@W4e_index@srARGB@@@Z,"public: virtual void __thiscall srColorSurfaceIFace::getChannelStatistics(class srStat &, enum srARGB::e_index)",exported
wiz8--gog-base--sr--cec1caf85861,sr.dll,??_7srColorSurface@@6B@,srColorSurface,,,0x772d0,38,0x5b040,?remapPixels@srColorSurfaceIFace@@UAEXABVsrARGB@@0@Z,"public: virtual void __thiscall srColorSurfaceIFace::remapPixels(class srARGB const &, class srARGB const &)",exported
wiz8--gog-base--sr--cec1caf85861,sr.dll,??_7srColorSurface@@6B@,srColorSurface,,,0x772d0,39,0x59520,?copyColorChannel@srColorSurfaceIFace@@UAEXW4e_index@srARGB@@0@Z,"public: virtual void __thiscall srColorSurfaceIFace::copyColorChannel(enum srARGB::e_index, enum srARGB::e_index)",exported
wiz8--gog-base--sr--cec1caf85861,sr.dll,??_7srColorSurface@@6B@,srColorSurface,,,0x772d0,40,0x59420,?flipColorChannels@srColorSurfaceIFace@@UAEXW4e_index@srARGB@@0@Z,"public: virtual void __thiscall srColorSurfaceIFace::flipColorChannels(enum srARGB::e_index, enum srARGB::e_index)",exported
wiz8--gog-base--sr--cec1caf85861,sr.dll,??_7srColorSurface@@6B@,srColorSurface,,,0x772d0,41,0x5d940,?getPixelRow@srColorSurface@@UAEXPAKJJJ@Z,"public: virtual void __thiscall srColorSurface::getPixelRow(unsigned long *, long, long, long)",exported
wiz8--gog-base--sr--cec1caf85861,sr.dll,??_7srColorSurface@@6B@,srColorSurface,,,0x772d0,42,0x5daa0,?setPixelRow@srColorSurface@@UAEXPBKJJJ@Z,"public: virtual void __thiscall srColorSurface::setPixelRow(unsigned long const *, long, long, long)",exported
wiz8--gog-base--sr--cec1caf85861,sr.dll,??_7srColorSurface@@6B@,srColorSurface,,,0x772d0,43,0x5bf70,?getPixelRowRaw@srColorSurface@@UAEXPAXJJJ@Z,"public: virtual void __thiscall srColorSurface::getPixelRowRaw(void *, long, long, long)",exported
wiz8--gog-base--sr--cec1caf85861,sr.dll,??_7srColorSurface@@6B@,srColorSurface,,,0x772d0,44,0x5bfd0,?setPixelRowRaw@srColorSurface@@UAEXPBXJJJ@Z,"public: virtual void __thiscall srColorSurface::setPixelRowRaw(void const *, long, long, long)",exported
wiz8--gog-base--sr--cec1caf85861,sr.dll,??_7srColorSurface@@6B@,srColorSurface,,,0x772d0,45,0x5d010,?copyNoScaling@srColorSurface@@EAEXAAVsrColorSurfaceIFace@@@Z,private: virtual void __thiscall srColorSurface::copyNoScaling(class srColorSurfaceIFace &),exported
wiz8--gog-base--sr--cec1caf85861,sr.dll,??_7srColorSurface@@6B@,srColorSurface,,,0x772d0,46,0x59ac0,?scaleHorizontal@srColorSurfaceIFace@@MAEXAAV1@@Z,protected: virtual void __thiscall srColorSurfaceIFace::scaleHorizontal(class srColorSurfaceIFace &),exported
wiz8--gog-base--sr--cec1caf85861,sr.dll,??_7srColorSurface@@6B@,srColorSurface,,,0x772d0,47,0x5a250,?scaleVertical@srColorSurfaceIFace@@MAEXAAV1@@Z,protected: virtual void __thiscall srColorSurfaceIFace::scaleVertical(class srColorSurfaceIFace &),exported
wiz8--gog-base--sr--cec1caf85861,sr.dll,??_7srColorSurface@@6B@,srColorSurface,,,0x772d0,48,0x5cc90,?scaleFast@srColorSurface@@EAEXAAVsrColorSurfaceIFace@@@Z,private: virtual void __thiscall srColorSurface::scaleFast(class srColorSurfaceIFace &),exported
wiz8--gog-base--sr--cec1caf85861,sr.dll,??_7srColorSurface@@6B@,srColorSurface,,,0x772d0,49,0x5a7a0,?scale@srColorSurfaceIFace@@MAEXAAV1@@Z,protected: virtual void __thiscall srColorSurfaceIFace::scale(class srColorSurfaceIFace &),exported
wiz8--gog-base--sr--cec1caf85861,sr.dll,??_7srColorSurface@@6B@,srColorSurface,,,0x772d0,50,0x5abb0,?magnify@srColorSurfaceIFace@@MAEXAAV1@@Z,protected: virtual void __thiscall srColorSurfaceIFace::magnify(class srColorSurfaceIFace &),exported
wiz8--gog-base--sr--cec1caf85861,sr.dll,??_7srColorSurface@@6B@,srColorSurface,,,0x772d0,51,0x5a930,?minify@srColorSurfaceIFace@@MAEXAAV1@@Z,protected: virtual void __thiscall srColorSurfaceIFace::minify(class srColorSurfaceIFace &),exported
wiz8--gog-base--sr--cec1caf85861,sr.dll,??_7srDebugDD@@6B@,srDebugDD,,,0x765f0,0,0x178c0,,,internal
wiz8--gog-base--sr--cec1caf85861,sr.dll,??_7srDebugDD@@6B@,srDebugDD,,,0x765f0,1,0x16dd0,?getInfo@srDebugDD@@UAEXAAUInfo@srDD@@@Z,public: virtual void __thiscall srDebugDD::getInfo(struct srDD::Info &),exported
wiz8--gog-base--sr--cec1caf85861,sr.dll,??_7srDebugDD@@6B@,srDebugDD,,,0x765f0,2,0x16e00,?getWindowList@srDebugDD@@UAEXAAUWindowInfoList@srDD@@@Z,public: virtual void __thiscall srDebugDD::getWindowList(struct srDD::WindowInfoList &),exported
wiz8--gog-base--sr--cec1caf85861,sr.dll,??_7srDebugDD@@6B@,srDebugDD,,,0x765f0,3,0x16e30,?getTextureFormats@srDebugDD@@UAEXAAUPixelFormatList@srDD@@@Z,public: virtual void __thiscall srDebugDD::getTextureFormats(struct srDD::PixelFormatList &),exported
wiz8--gog-base--sr--cec1caf85861,sr.dll,??_7srDebugDD@@6B@,srDebugDD,,,0x765f0,4,0x16e60,?getStatistics@srDebugDD@@UAEXAAUStatistics@srDD@@@Z,public: virtual void __thiscall srDebugDD::getStatistics(struct srDD::Statistics &),exported
wiz8--gog-base--sr--cec1caf85861,sr.dll,??_7srDebugDD@@6B@,srDebugDD,,,0x765f0,5,0x16e90,?resetStatistics@srDebugDD@@UAEXXZ,public: virtual void __thiscall srDebugDD::resetStatistics(void),exported
wiz8--gog-base--sr--cec1caf85861,sr.dll,??_7srDebugDD@@6B@,srDebugDD,,,0x765f0,6,0x172d0,?extCommand@srDebugDD@@UAEXKPAXK@Z,"public: virtual void __thiscall srDebugDD::extCommand(unsigned long, void *, unsigned long)",exported
wiz8--gog-base--sr--cec1caf85861,sr.dll,??_7srDebugDD@@6B@,srDebugDD,,,0x765f0,7,0x17220,?isBusy@srDebugDD@@UAEHXZ,public: virtual int __thiscall srDebugDD::isBusy(void),exported
wiz8--gog-base--sr--cec1caf85861,sr.dll,??_7srDebugDD@@6B@,srDebugDD,,,0x765f0,8,0x171e0,?openWindow@srDebugDD@@UAE?AW4e_error@srDD@@ABUOpenInfo@3@AAUOpenResult@3@@Z,"public: virtual enum srDD::e_error __thiscall srDebugDD::openWindow(struct srDD::OpenInfo const &, struct srDD::OpenResult &)",exported
wiz8--gog-base--sr--cec1caf85861,sr.dll,??_7srDebugDD@@6B@,srDebugDD,,,0x765f0,9,0x16ec0,?closeWindow@srDebugDD@@UAEXXZ,public: virtual void __thiscall srDebugDD::closeWindow(void),exported
wiz8--gog-base--sr--cec1caf85861,sr.dll,??_7srDebugDD@@6B@,srDebugDD,,,0x765f0,10,0x16ef0,?beginFrame@srDebugDD@@UAEXXZ,public: virtual void __thiscall srDebugDD::beginFrame(void),exported
wiz8--gog-base--sr--cec1caf85861,sr.dll,??_7srDebugDD@@6B@,srDebugDD,,,0x765f0,11,0x16f20,?endFrame@srDebugDD@@UAEXXZ,public: virtual void __thiscall srDebugDD::endFrame(void),exported
wiz8--gog-base--sr--cec1caf85861,sr.dll,??_7srDebugDD@@6B@,srDebugDD,,,0x765f0,12,0x16f50,?flushFrame@srDebugDD@@UAEXXZ,public: virtual void __thiscall srDebugDD::flushFrame(void),exported
wiz8--gog-base--sr--cec1caf85861,sr.dll,??_7srDebugDD@@6B@,srDebugDD,,,0x765f0,13,0x16f80,?flipFrame@srDebugDD@@UAEXPBUScissor@srDD@@0K@Z,"public: virtual void __thiscall srDebugDD::flipFrame(struct srDD::Scissor const *, struct srDD::Scissor const *, unsigned long)",exported
wiz8--gog-base--sr--cec1caf85861,sr.dll,??_7srDebugDD@@6B@,srDebugDD,,,0x765f0,14,0x16fc0,?clearBuffers@srDebugDD@@UAEXABV?$srFlags@W4e_buffer@srDD@@@@@Z,public: virtual void __thiscall srDebugDD::clearBuffers(class srFlags<enum srDD::e_buffer> const &),exported
wiz8--gog-base--sr--cec1caf85861,sr.dll,??_7srDebugDD@@6B@,srDebugDD,,,0x765f0,15,0x17250,?bufferOp@srDebugDD@@UAE?AW4e_error@srDD@@ABUBufferCommand@3@@Z,public: virtual enum srDD::e_error __thiscall srDebugDD::bufferOp(struct srDD::BufferCommand const &),exported
wiz8--gog-base--sr--cec1caf85861,sr.dll,??_7srDebugDD@@6B@,srDebugDD,,,0x765f0,16,0x16ff0,?update@srDebugDD@@UAEXABUUpdate@srDD@@@Z,public: virtual void __thiscall srDebugDD::update(struct srDD::Update const &),exported
wiz8--gog-base--sr--cec1caf85861,sr.dll,??_7srDebugDD@@6B@,srDebugDD,,,0x765f0,17,0x17020,?setScissor@srDebugDD@@UAEXABUScissor@srDD@@@Z,public: virtual void __thiscall srDebugDD::setScissor(struct srDD::Scissor const &),exported
wiz8--gog-base--sr--cec1caf85861,sr.dll,??_7srDebugDD@@6B@,srDebugDD,,,0x765f0,18,0x17050,?setViewPort@srDebugDD@@UAEXABUViewPort@srDD@@@Z,public: virtual void __thiscall srDebugDD::setViewPort(struct srDD::ViewPort const &),exported
wiz8--gog-base--sr--cec1caf85861,sr.dll,??_7srDebugDD@@6B@,srDebugDD,,,0x765f0,19,0x17080,?setClearValues@srDebugDD@@UAEXABUClearValues@srDD@@@Z,public: virtual void __thiscall srDebugDD::setClearValues(struct srDD::ClearValues const &),exported
wiz8--gog-base--sr--cec1caf85861,sr.dll,??_7srDebugDD@@6B@,srDebugDD,,,0x765f0,20,0x170b0,?setFogColor@srDebugDD@@UAEXABV?$srVector4T@M@@@Z,public: virtual void __thiscall srDebugDD::setFogColor(class srVector4T<float> const &),exported
wiz8--gog-base--sr--cec1caf85861,sr.dll,??_7srDebugDD@@6B@,srDebugDD,,,0x765f0,21,0x170e0,?setShader@srDebugDD@@UAEXABVsrShader@@@Z,public: virtual void __thiscall srDebugDD::setShader(class srShader const &),exported
wiz8--gog-base--sr--cec1caf85861,sr.dll,??_7srDebugDD@@6B@,srDebugDD,,,0x765f0,22,0x17350,?setTextureParameters@srDebugDD@@UAEXKABUTexParms@srDD@@@Z,"public: virtual void __thiscall srDebugDD::setTextureParameters(unsigned long, struct srDD::TexParms const &)",exported
wiz8--gog-base--sr--cec1caf85861,sr.dll,??_7srDebugDD@@6B@,srDebugDD,,,0x765f0,23,0x17310,?bindTexture@srDebugDD@@UAEXKAAUTexture@srDD@@@Z,"public: virtual void __thiscall srDebugDD::bindTexture(unsigned long, struct srDD::Texture &)",exported
wiz8--gog-base--sr--cec1caf85861,sr.dll,??_7srDebugDD@@6B@,srDebugDD,,,0x765f0,24,0x17110,?deleteTexture@srDebugDD@@UAEXAAUTexture@srDD@@@Z,public: virtual void __thiscall srDebugDD::deleteTexture(struct srDD::Texture &),exported
wiz8--gog-base--sr--cec1caf85861,sr.dll,??_7srDebugDD@@6B@,srDebugDD,,,0x765f0,25,0x17390,?texImage@srDebugDD@@UAEXAAUTexture@srDD@@K@Z,"public: virtual void __thiscall srDebugDD::texImage(struct srDD::Texture &, unsigned long)",exported
wiz8--gog-base--sr--cec1caf85861,sr.dll,??_7srDebugDD@@6B@,srDebugDD,,,0x765f0,26,0x173d0,?texSubImage@srDebugDD@@UAEXAAUTexture@srDD@@KKKKK@Z,"public: virtual void __thiscall srDebugDD::texSubImage(struct srDD::Texture &, unsigned long, unsigned long, unsigned long, unsigned long, unsigned long)",exported
wiz8--gog-base--sr--cec1caf85861,sr.dll,??_7srDebugDD@@6B@,srDebugDD,,,0x765f0,27,0x17420,?setGlobalPalette@srDebugDD@@UAEXPAKK@Z,"public: virtual void __thiscall srDebugDD::setGlobalPalette(unsigned long *, unsigned long)",exported
wiz8--gog-base--sr--cec1caf85861,sr.dll,??_7srDebugDD@@6B@,srDebugDD,,,0x765f0,28,0x17460,?bindPalette@srDebugDD@@UAEXAAUPalette@srDD@@@Z,public: virtual void __thiscall srDebugDD::bindPalette(struct srDD::Palette &),exported
wiz8--gog-base--sr--cec1caf85861,sr.dll,??_7srDebugDD@@6B@,srDebugDD,,,0x765f0,29,0x17140,?deletePalette@srDebugDD@@UAEXAAUPalette@srDD@@@Z,public: virtual void __thiscall srDebugDD::deletePalette(struct srDD::Palette &),exported
wiz8--gog-base--sr--cec1caf85861,sr.dll,??_7srDebugDD@@6B@,srDebugDD,,,0x765f0,30,0x17290,?createContext@srDebugDD@@UAE?AW4e_error@srDD@@K@Z,public: virtual enum srDD::e_error __thiscall srDebugDD::createContext(unsigned long),exported
wiz8--gog-base--sr--cec1caf85861,sr.dll,??_7srDebugDD@@6B@,srDebugDD,,,0x765f0,31,0x17170,?deleteContext@srDebugDD@@UAEXXZ,public: virtual void __thiscall srDebugDD::deleteContext(void),exported
wiz8--gog-base--sr--cec1caf85861,sr.dll,??_7srDebugDD@@6B@,srDebugDD,,,0x765f0,32,0x171a0,?getDriverInfo@srDebugDD@@UAEXAAUDriverInfo@srDD@@@Z,public: virtual void __thiscall srDebugDD::getDriverInfo(struct srDD::DriverInfo &),exported
wiz8--gog-base--sr--cec1caf85861,sr.dll,??_7srDebugDD@@6B@,srDebugDD,,,0x765f0,33,0x17490,?fence@srDebugDD@@UAEXXZ,public: virtual void __thiscall srDebugDD::fence(void),exported
wiz8--gog-base--sr--cec1caf85861,sr.dll,??_7srDebugDD@@6B@,srDebugDD,,,0x765f0,34,0x174c0,?getBufferPixelFormat@srDebugDD@@UAEXAAUPixelFormat@srDD@@@Z,public: virtual void __thiscall srDebugDD::getBufferPixelFormat(struct srDD::PixelFormat &),exported
wiz8--gog-base--sr--cec1caf85861,sr.dll,??_7srDebugDD@@6B@,srDebugDD,,,0x765f0,35,0x17500,?preBindTexture@srDebugDD@@UAEXKAAUTexture@srDD@@@Z,"public: virtual void __thiscall srDebugDD::preBindTexture(unsigned long, struct srDD::Texture &)",exported
wiz8--gog-base--sr--cec1caf85861,sr.dll,??_7srDebugDD@@6B@,srDebugDD,,,0x765f0,36,0x17540,?setPolygonMode@srDebugDD@@UAEXW4e_polygonMode@srDD@@@Z,public: virtual void __thiscall srDebugDD::setPolygonMode(enum srDD::e_polygonMode),exported
wiz8--gog-base--sr--cec1caf85861,sr.dll,??_7srDebugDD@@6B@,srDebugDD,,,0x765f0,37,0x17580,?setCullMode@srDebugDD@@UAEXW4e_cullMode@srDD@@@Z,public: virtual void __thiscall srDebugDD::setCullMode(enum srDD::e_cullMode),exported
wiz8--gog-base--sr--cec1caf85861,sr.dll,??_7srDebugDD@@6B@,srDebugDD,,,0x765f0,38,0x175c0,?setProjectionMatrix@srDebugDD@@UAEXABV?$srMatrix4T@M@@W4e_type@2@@Z,"public: virtual void __thiscall srDebugDD::setProjectionMatrix(class srMatrix4T<float> const &, enum srMatrix4T<float>::e_type)",exported
wiz8--gog-base--sr--cec1caf85861,sr.dll,??_7srDebugDD@@6B@,srDebugDD,,,0x765f0,39,0x17600,?setVertexArrayInfo@srDebugDD@@UAEXPBUVertexArrayInfo@srRendererDefs@@@Z,public: virtual void __thiscall srDebugDD::setVertexArrayInfo(struct srRendererDefs::VertexArrayInfo const *),exported
wiz8--gog-base--sr--cec1caf85861,sr.dll,??_7srDebugDD@@6B@,srDebugDD,,,0x765f0,40,0x17640,?drawElements@srDebugDD@@UAEXW4e_primitive@srRendererDefs@@KW4e_indexType@3@PBX@Z,"public: virtual void __thiscall srDebugDD::drawElements(enum srRendererDefs::e_primitive, unsigned long, enum srRendererDefs::e_indexType, void const *)",exported
wiz8--gog-base--sr--cec1caf85861,sr.dll,??_7srDebugDD@@6B@,srDebugDD,,,0x765f0,41,0x17690,?drawArrays@srDebugDD@@UAEXW4e_primitive@srRendererDefs@@JK@Z,"public: virtual void __thiscall srDebugDD::drawArrays(enum srRendererDefs::e_primitive, long, unsigned long)",exported
wiz8--gog-base--sr--cec1caf85861,sr.dll,??_7srDebugDD@@6B@,srDebugDD,,,0x765f0,42,0x17700,?setPolygonOffset@srDebugDD@@UAEXJ@Z,public: virtual void __thiscall srDebugDD::setPolygonOffset(long),exported
wiz8--gog-base--sr--cec1caf85861,sr.dll,??_7srDummyStreamBuf@@6B@,srDummyStreamBuf,,,0x76c00,0,0x330f0,,,internal
wiz8--gog-base--sr--cec1caf85861,sr.dll,??_7srDummyStreamBuf@@6B@,srDummyStreamBuf,,,0x76c00,1,0x32fa0,?overflow@srDummyStreamBuf@@EAEHH@Z,private: virtual int __thiscall srDummyStreamBuf::overflow(int),exported
wiz8--gog-base--sr--cec1caf85861,sr.dll,??_7srDummyStreamBuf@@6B@,srDummyStreamBuf,,,0x76c00,2,0x7046c,,,internal
wiz8--gog-base--sr--cec1caf85861,sr.dll,??_7srDummyStreamBuf@@6B@,srDummyStreamBuf,,,0x76c00,3,0x70466,,,internal
wiz8--gog-base--sr--cec1caf85861,sr.dll,??_7srDummyStreamBuf@@6B@,srDummyStreamBuf,,,0x76c00,4,0x32fb0,?underflow@srDummyStreamBuf@@EAEHXZ,private: virtual int __thiscall srDummyStreamBuf::underflow(void),exported
wiz8--gog-base--sr--cec1caf85861,sr.dll,??_7srDummyStreamBuf@@6B@,srDummyStreamBuf,,,0x76c00,5,0x70460,,,internal
wiz8--gog-base--sr--cec1caf85861,sr.dll,??_7srDummyStreamBuf@@6B@,srDummyStreamBuf,,,0x76c00,6,0x7045a,,,internal
wiz8--gog-base--sr--cec1caf85861,sr.dll,??_7srDummyStreamBuf@@6B@,srDummyStreamBuf,,,0x76c00,7,0x70454,,,internal
wiz8--gog-base--sr--cec1caf85861,sr.dll,??_7srDummyStreamBuf@@6B@,srDummyStreamBuf,,,0x76c00,8,0x7044e,,,internal
wiz8--gog-base--sr--cec1caf85861,sr.dll,??_7srDummyStreamBuf@@6B@,srDummyStreamBuf,,,0x76c00,9,0x70448,,,internal
wiz8--gog-base--sr--cec1caf85861,sr.dll,??_7srDummyStreamBuf@@6B@,srDummyStreamBuf,,,0x76c00,10,0x70442,,,internal
wiz8--gog-base--sr--cec1caf85861,sr.dll,??_7srDummyStreamBuf@@6B@,srDummyStreamBuf,,,0x76c00,11,0x7043c,,,internal
wiz8--gog-base--sr--cec1caf85861,sr.dll,??_7srDummyStreamBuf@@6B@,srDummyStreamBuf,,,0x76c00,12,0x70436,,,internal
wiz8--gog-base--sr--cec1caf85861,sr.dll,??_7srEnvironmentMapper@@6B@,srEnvironmentMapper,,,0x76c68,0,0x354d0,,,internal
wiz8--gog-base--sr--cec1caf85861,sr.dll,??_7srEnvironmentMapper@@6B@,srEnvironmentMapper,,,0x76c68,1,0x352e0,?isActive@srEnvironmentMapper@@UAEHAAVsrVertexPipe@@@Z,public: virtual int __thiscall srEnvironmentMapper::isActive(class srVertexPipe &),exported
wiz8--gog-base--sr--cec1caf85861,sr.dll,??_7srEnvironmentMapper@@6B@,srEnvironmentMapper,,,0x76c68,2,0x352f0,?process@srEnvironmentMapper@@UAEXAAVsrVertexPipe@@@Z,public: virtual void __thiscall srEnvironmentMapper::process(class srVertexPipe &),exported
wiz8--gog-base--sr--cec1caf85861,sr.dll,??_7srFStreamOpener@@6B@,srFStreamOpener,,,0x75520,0,0x32460,,,internal
wiz8--gog-base--sr--cec1caf85861,sr.dll,??_7srFStreamOpener@@6B@,srFStreamOpener,,,0x75520,1,0x32390,?open@srFStreamOpener@@UAEPAVsrBinIStream@@PBD@Z,public: virtual class srBinIStream * __thiscall srFStreamOpener::open(char const *),exported
wiz8--gog-base--sr--cec1caf85861,sr.dll,??_7srFStreamOpener@@6B@,srFStreamOpener,,,0x75520,2,0x32380,?getDescription@srFStreamOpener@@UBEPBDXZ,public: virtual char const * __thiscall srFStreamOpener::getDescription(void) const,exported
wiz8--gog-base--sr--cec1caf85861,sr.dll,??_7srFileManager@@6B@,srFileManager,,,0x755c8,0,0x16410,,,internal
wiz8--gog-base--sr--cec1caf85861,sr.dll,??_7srFileManager@@6B@,srFileManager,,,0x755c8,1,0x2e520,?allocate@srFileManager@@UAEPAXPBD@Z,public: virtual void * __thiscall srFileManager::allocate(char const *),exported
wiz8--gog-base--sr--cec1caf85861,sr.dll,??_7srFileManager@@6B@,srFileManager,,,0x755c8,2,0x2e630,?free@srFileManager@@UAEXPAX@Z,public: virtual void __thiscall srFileManager::free(void *),exported
wiz8--gog-base--sr--cec1caf85861,sr.dll,??_7srFileManager@@6B@,srFileManager,,,0x755c8,3,0x2e490,?load@srFileManager@@UAEXPBDPAXK@Z,"public: virtual void __thiscall srFileManager::load(char const *, void *, unsigned long)",exported
wiz8--gog-base--sr--cec1caf85861,sr.dll,??_7srFileManager@@6B@,srFileManager,,,0x755c8,4,0x2e650,?save@srFileManager@@UAEXPBDPAXK@Z,"public: virtual void __thiscall srFileManager::save(char const *, void *, unsigned long)",exported
wiz8--gog-base--sr--cec1caf85861,sr.dll,??_7srFileManager@@6B@,srFileManager,,,0x755c8,5,0x2e3e0,?getSize@srFileManager@@UAEJPBD@Z,public: virtual long __thiscall srFileManager::getSize(char const *),exported
wiz8--gog-base--sr--cec1caf85861,sr.dll,??_7srFilter@@6B@,srFilter,,,0x75310,0,0x33a0,,,internal
wiz8--gog-base--sr--cec1caf85861,sr.dll,??_7srFilter@@6B@,srFilter,,,0x75310,1,0x6ff14,,,internal
wiz8--gog-base--sr--cec1caf85861,sr.dll,??_7srFilter@@6B@,srFilter,,,0x75310,2,0x6ff14,,,internal
wiz8--gog-base--sr--cec1caf85861,sr.dll,??_7srFilter@@6B@,srFilter,,,0x75310,3,0x6ff14,,,internal
wiz8--gog-base--sr--cec1caf85861,sr.dll,??_7srFog@@6B?$srClassSupport@VsrIlluminator@@VsrNode@@$0A@$0BCAA@@@@,srFog,,"srClassSupport<class srIlluminator, class srNode, 0, 4608>",0x76fb4,0,0x4be00,,,internal
wiz8--gog-base--sr--cec1caf85861,sr.dll,??_7srFog@@6B?$srClassSupport@VsrIlluminator@@VsrNode@@$0A@$0BCAA@@@@,srFog,,"srClassSupport<class srIlluminator, class srNode, 0, 4608>",0x76fb4,1,0x4bdf0,,,internal
wiz8--gog-base--sr--cec1caf85861,sr.dll,??_7srFog@@6B?$srClassSupport@VsrIlluminator@@VsrNode@@$0A@$0BCAA@@@@,srFog,,"srClassSupport<class srIlluminator, class srNode, 0, 4608>",0x76fb4,2,0x4be10,,,internal
wiz8--gog-base--sr--cec1caf85861,sr.dll,??_7srFog@@6B?$srClassSupport@VsrIlluminator@@VsrNode@@$0A@$0BCAA@@@@,srFog,,"srClassSupport<class srIlluminator, class srNode, 0, 4608>",0x76fb4,3,0x4bd00,?dump@srFog@@UAEXAAV?$basic_ostream@DU?$char_traits@D@std@@@std@@@Z,"public: virtual void __thiscall srFog::dump(class std::basic_ostream<char, struct std::char_traits<char>> &)",exported
wiz8--gog-base--sr--cec1caf85861,sr.dll,??_7srFog@@6B?$srClassSupport@VsrIlluminator@@VsrNode@@$0A@$0BCAA@@@@,srFog,,"srClassSupport<class srIlluminator, class srNode, 0, 4608>",0x76fb4,4,0x4b7a0,?verify@srFog@@UAEXW4e_verify@srRuntimeClass@@@Z,public: virtual void __thiscall srFog::verify(enum srRuntimeClass::e_verify),exported
wiz8--gog-base--sr--cec1caf85861,sr.dll,??_7srFog@@6B?$srClassSupport@VsrIlluminator@@VsrNode@@$0A@$0BCAA@@@@,srFog,,"srClassSupport<class srIlluminator, class srNode, 0, 4608>",0x76fb4,5,0x4c500,,,internal
wiz8--gog-base--sr--cec1caf85861,sr.dll,??_7srFog@@6B?$srClassSupport@VsrIlluminator@@VsrNode@@$0A@$0BCAA@@@@,srFog,,"srClassSupport<class srIlluminator, class srNode, 0, 4608>",0x76fb4,6,0x4c1b0,?vInstance@srFog@@UAEPAVsrClass@@XZ,public: virtual class srClass * __thiscall srFog::vInstance(void),exported
wiz8--gog-base--sr--cec1caf85861,sr.dll,??_7srFog@@6B?$srClassSupport@VsrIlluminator@@VsrNode@@$0A@$0BCAA@@@@,srFog,,"srClassSupport<class srIlluminator, class srNode, 0, 4608>",0x76fb4,7,0x4bea0,,,internal
wiz8--gog-base--sr--cec1caf85861,sr.dll,??_7srFog@@6B?$srClassSupport@VsrIlluminator@@VsrNode@@$0A@$0BCAA@@@@,srFog,,"srClassSupport<class srIlluminator, class srNode, 0, 4608>",0x76fb4,8,0x4c9e0,?traverse@srIlluminator@@UAEXAAVTraverseInfo@srNode@@@Z,public: virtual void __thiscall srIlluminator::traverse(class srNode::TraverseInfo &),exported
wiz8--gog-base--sr--cec1caf85861,sr.dll,??_7srFog@@6B?$srClassSupport@VsrIlluminator@@VsrNode@@$0A@$0BCAA@@@@,srFog,,"srClassSupport<class srIlluminator, class srNode, 0, 4608>",0x76fb4,9,0x4c900,?process@srIlluminator@@UAEXABUProcessInfo@srNode@@W4e_processType@3@@Z,"public: virtual void __thiscall srIlluminator::process(struct srNode::ProcessInfo const &, enum srNode::e_processType)",exported
wiz8--gog-base--sr--cec1caf85861,sr.dll,??_7srFog@@6B?$srClassSupport@VsrIlluminator@@VsrNode@@$0A@$0BCAA@@@@,srFog,,"srClassSupport<class srIlluminator, class srNode, 0, 4608>",0x76fb4,10,0x50510,?getLocalBounds@srNode@@UAEXAAUBoundInfo@1@@Z,public: virtual void __thiscall srNode::getLocalBounds(struct srNode::BoundInfo &),exported
wiz8--gog-base--sr--cec1caf85861,sr.dll,??_7srFog@@6B?$srClassSupport@VsrIlluminator@@VsrNode@@$0A@$0BCAA@@@@,srFog,,"srClassSupport<class srIlluminator, class srNode, 0, 4608>",0x76fb4,11,0x50500,?updateBounds@srNode@@UAEXXZ,public: virtual void __thiscall srNode::updateBounds(void),exported
wiz8--gog-base--sr--cec1caf85861,sr.dll,??_7srFog@@6B?$srClassSupport@VsrIlluminator@@VsrNode@@$0A@$0BCAA@@@@,srFog,,"srClassSupport<class srIlluminator, class srNode, 0, 4608>",0x76fb4,12,0x50690,?processSignal@srNode@@MAEHKPAX@Z,"protected: virtual int __thiscall srNode::processSignal(unsigned long, void *)",exported
wiz8--gog-base--sr--cec1caf85861,sr.dll,??_7srFog@@6BsrVertexProcessor@@@,srFog,,srVertexProcessor,0x76fa8,0,0x4c7c0,,,internal
wiz8--gog-base--sr--cec1caf85861,sr.dll,??_7srFog@@6BsrVertexProcessor@@@,srFog,,srVertexProcessor,0x76fa8,1,0x4b6f0,?isActive@srFog@@UAEHAAVsrVertexPipe@@@Z,public: virtual int __thiscall srFog::isActive(class srVertexPipe &),exported
wiz8--gog-base--sr--cec1caf85861,sr.dll,??_7srFog@@6BsrVertexProcessor@@@,srFog,,srVertexProcessor,0x76fa8,2,0x4b870,?process@srFog@@UAEXAAVsrVertexPipe@@@Z,public: virtual void __thiscall srFog::process(class srVertexPipe &),exported
wiz8--gog-base--sr--cec1caf85861,sr.dll,??_7srGERD@@6B@,srGERD,,,0x766b0,0,0x1cd40,?getClassName@srGERD@@UBEPBDXZ,public: virtual char const * __thiscall srGERD::getClassName(void) const,exported
wiz8--gog-base--sr--cec1caf85861,sr.dll,??_7srGERD@@6B@,srGERD,,,0x766b0,1,0x1cd50,?getClassID@srGERD@@UBEKXZ,public: virtual unsigned long __thiscall srGERD::getClassID(void) const,exported
wiz8--gog-base--sr--cec1caf85861,sr.dll,??_7srGERD@@6B@,srGERD,,,0x766b0,2,0x1cd30,?getClassNode@srGERD@@UBEPAVClassNode@srRegistry@@XZ,public: virtual class srRegistry::ClassNode * __thiscall srGERD::getClassNode(void) const,exported
wiz8--gog-base--sr--cec1caf85861,sr.dll,??_7srGERD@@6B@,srGERD,,,0x766b0,3,0x1cd60,?dump@srGERD@@UAEXAAV?$basic_ostream@DU?$char_traits@D@std@@@std@@@Z,"public: virtual void __thiscall srGERD::dump(class std::basic_ostream<char, struct std::char_traits<char>> &)",exported
wiz8--gog-base--sr--cec1caf85861,sr.dll,??_7srGERD@@6B@,srGERD,,,0x766b0,4,0x117a0,?verify@srRuntimeClass@@UAEXW4e_verify@1@@Z,public: virtual void __thiscall srRuntimeClass::verify(enum srRuntimeClass::e_verify),exported
wiz8--gog-base--sr--cec1caf85861,sr.dll,??_7srGERD@@6B@,srGERD,,,0x766b0,5,0x1b510,,,internal
wiz8--gog-base--sr--cec1caf85861,sr.dll,??_7srHierarchyIOManager@@6B@,srHierarchyIOManager,,,0x75530,0,0x165e0,,,internal
wiz8--gog-base--sr--cec1caf85861,sr.dll,??_7srIOManager@@6B@,srIOManager,,,0x76960,0,0x2d030,,,internal
wiz8--gog-base--sr--cec1caf85861,sr.dll,??_7srIlluminator@@6B?$srClassSupport@VsrIlluminator@@VsrNode@@$0A@$0BCAA@@@@,srIlluminator,,"srClassSupport<class srIlluminator, class srNode, 0, 4608>",0x77074,0,0x4c050,,,internal
wiz8--gog-base--sr--cec1caf85861,sr.dll,??_7srIlluminator@@6B?$srClassSupport@VsrIlluminator@@VsrNode@@$0A@$0BCAA@@@@,srIlluminator,,"srClassSupport<class srIlluminator, class srNode, 0, 4608>",0x77074,1,0x4c040,,,internal
wiz8--gog-base--sr--cec1caf85861,sr.dll,??_7srIlluminator@@6B?$srClassSupport@VsrIlluminator@@VsrNode@@$0A@$0BCAA@@@@,srIlluminator,,"srClassSupport<class srIlluminator, class srNode, 0, 4608>",0x77074,2,0x4c060,,,internal
wiz8--gog-base--sr--cec1caf85861,sr.dll,??_7srIlluminator@@6B?$srClassSupport@VsrIlluminator@@VsrNode@@$0A@$0BCAA@@@@,srIlluminator,,"srClassSupport<class srIlluminator, class srNode, 0, 4608>",0x77074,3,0x513c0,?dump@srNode@@UAEXAAV?$basic_ostream@DU?$char_traits@D@std@@@std@@@Z,"public: virtual void __thiscall srNode::dump(class std::basic_ostream<char, struct std::char_traits<char>> &)",exported
wiz8--gog-base--sr--cec1caf85861,sr.dll,??_7srIlluminator@@6B?$srClassSupport@VsrIlluminator@@VsrNode@@$0A@$0BCAA@@@@,srIlluminator,,"srClassSupport<class srIlluminator, class srNode, 0, 4608>",0x77074,4,0xe050,?verify@srClass@@UAEXW4e_verify@srRuntimeClass@@@Z,public: virtual void __thiscall srClass::verify(enum srRuntimeClass::e_verify),exported
wiz8--gog-base--sr--cec1caf85861,sr.dll,??_7srIlluminator@@6B?$srClassSupport@VsrIlluminator@@VsrNode@@$0A@$0BCAA@@@@,srIlluminator,,"srClassSupport<class srIlluminator, class srNode, 0, 4608>",0x77074,5,0x4cc50,,,internal
wiz8--gog-base--sr--cec1caf85861,sr.dll,??_7srIlluminator@@6B?$srClassSupport@VsrIlluminator@@VsrNode@@$0A@$0BCAA@@@@,srIlluminator,,"srClassSupport<class srIlluminator, class srNode, 0, 4608>",0x77074,6,0x51cd0,?vInstance@srNode@@UAEPAVsrClass@@XZ,public: virtual class srClass * __thiscall srNode::vInstance(void),exported
wiz8--gog-base--sr--cec1caf85861,sr.dll,??_7srIlluminator@@6B?$srClassSupport@VsrIlluminator@@VsrNode@@$0A@$0BCAA@@@@,srIlluminator,,"srClassSupport<class srIlluminator, class srNode, 0, 4608>",0x77074,7,0x4c0c0,,,internal
wiz8--gog-base--sr--cec1caf85861,sr.dll,??_7srIlluminator@@6B?$srClassSupport@VsrIlluminator@@VsrNode@@$0A@$0BCAA@@@@,srIlluminator,,"srClassSupport<class srIlluminator, class srNode, 0, 4608>",0x77074,8,0x4c9e0,?traverse@srIlluminator@@UAEXAAVTraverseInfo@srNode@@@Z,public: virtual void __thiscall srIlluminator::traverse(class srNode::TraverseInfo &),exported
wiz8--gog-base--sr--cec1caf85861,sr.dll,??_7srIlluminator@@6B?$srClassSupport@VsrIlluminator@@VsrNode@@$0A@$0BCAA@@@@,srIlluminator,,"srClassSupport<class srIlluminator, class srNode, 0, 4608>",0x77074,9,0x4c900,?process@srIlluminator@@UAEXABUProcessInfo@srNode@@W4e_processType@3@@Z,"public: virtual void __thiscall srIlluminator::process(struct srNode::ProcessInfo const &, enum srNode::e_processType)",exported
wiz8--gog-base--sr--cec1caf85861,sr.dll,??_7srIlluminator@@6B?$srClassSupport@VsrIlluminator@@VsrNode@@$0A@$0BCAA@@@@,srIlluminator,,"srClassSupport<class srIlluminator, class srNode, 0, 4608>",0x77074,10,0x50510,?getLocalBounds@srNode@@UAEXAAUBoundInfo@1@@Z,public: virtual void __thiscall srNode::getLocalBounds(struct srNode::BoundInfo &),exported
wiz8--gog-base--sr--cec1caf85861,sr.dll,??_7srIlluminator@@6B?$srClassSupport@VsrIlluminator@@VsrNode@@$0A@$0BCAA@@@@,srIlluminator,,"srClassSupport<class srIlluminator, class srNode, 0, 4608>",0x77074,11,0x50500,?updateBounds@srNode@@UAEXXZ,public: virtual void __thiscall srNode::updateBounds(void),exported
wiz8--gog-base--sr--cec1caf85861,sr.dll,??_7srIlluminator@@6B?$srClassSupport@VsrIlluminator@@VsrNode@@$0A@$0BCAA@@@@,srIlluminator,,"srClassSupport<class srIlluminator, class srNode, 0, 4608>",0x77074,12,0x50690,?processSignal@srNode@@MAEHKPAX@Z,"protected: virtual int __thiscall srNode::processSignal(unsigned long, void *)",exported
wiz8--gog-base--sr--cec1caf85861,sr.dll,??_7srIlluminator@@6BsrVertexProcessor@@@,srIlluminator,,srVertexProcessor,0x77068,0,0x4ccb0,,,internal
wiz8--gog-base--sr--cec1caf85861,sr.dll,??_7srIlluminator@@6BsrVertexProcessor@@@,srIlluminator,,srVertexProcessor,0x77068,1,0x35470,,,internal
wiz8--gog-base--sr--cec1caf85861,sr.dll,??_7srIlluminator@@6BsrVertexProcessor@@@,srIlluminator,,srVertexProcessor,0x77068,2,0x35480,,,internal
wiz8--gog-base--sr--cec1caf85861,sr.dll,??_7srLight@@6B?$srClassSupport@VsrIlluminator@@VsrNode@@$0A@$0BCAA@@@@,srLight,,"srClassSupport<class srIlluminator, class srNode, 0, 4608>",0x770c4,0,0x4ef90,,,internal
wiz8--gog-base--sr--cec1caf85861,sr.dll,??_7srLight@@6B?$srClassSupport@VsrIlluminator@@VsrNode@@$0A@$0BCAA@@@@,srLight,,"srClassSupport<class srIlluminator, class srNode, 0, 4608>",0x770c4,1,0x4ef80,,,internal
wiz8--gog-base--sr--cec1caf85861,sr.dll,??_7srLight@@6B?$srClassSupport@VsrIlluminator@@VsrNode@@$0A@$0BCAA@@@@,srLight,,"srClassSupport<class srIlluminator, class srNode, 0, 4608>",0x770c4,2,0x4efa0,,,internal
wiz8--gog-base--sr--cec1caf85861,sr.dll,??_7srLight@@6B?$srClassSupport@VsrIlluminator@@VsrNode@@$0A@$0BCAA@@@@,srLight,,"srClassSupport<class srIlluminator, class srNode, 0, 4608>",0x770c4,3,0x4e0c0,?dump@srLight@@UAEXAAV?$basic_ostream@DU?$char_traits@D@std@@@std@@@Z,"public: virtual void __thiscall srLight::dump(class std::basic_ostream<char, struct std::char_traits<char>> &)",exported
wiz8--gog-base--sr--cec1caf85861,sr.dll,??_7srLight@@6B?$srClassSupport@VsrIlluminator@@VsrNode@@$0A@$0BCAA@@@@,srLight,,"srClassSupport<class srIlluminator, class srNode, 0, 4608>",0x770c4,4,0xe050,?verify@srClass@@UAEXW4e_verify@srRuntimeClass@@@Z,public: virtual void __thiscall srClass::verify(enum srRuntimeClass::e_verify),exported
wiz8--gog-base--sr--cec1caf85861,sr.dll,??_7srLight@@6B?$srClassSupport@VsrIlluminator@@VsrNode@@$0A@$0BCAA@@@@,srLight,,"srClassSupport<class srIlluminator, class srNode, 0, 4608>",0x770c4,5,0x4ef20,,,internal
wiz8--gog-base--sr--cec1caf85861,sr.dll,??_7srLight@@6B?$srClassSupport@VsrIlluminator@@VsrNode@@$0A@$0BCAA@@@@,srLight,,"srClassSupport<class srIlluminator, class srNode, 0, 4608>",0x770c4,6,0x51cd0,?vInstance@srNode@@UAEPAVsrClass@@XZ,public: virtual class srClass * __thiscall srNode::vInstance(void),exported
wiz8--gog-base--sr--cec1caf85861,sr.dll,??_7srLight@@6B?$srClassSupport@VsrIlluminator@@VsrNode@@$0A@$0BCAA@@@@,srLight,,"srClassSupport<class srIlluminator, class srNode, 0, 4608>",0x770c4,7,0x4f030,,,internal
wiz8--gog-base--sr--cec1caf85861,sr.dll,??_7srLight@@6B?$srClassSupport@VsrIlluminator@@VsrNode@@$0A@$0BCAA@@@@,srLight,,"srClassSupport<class srIlluminator, class srNode, 0, 4608>",0x770c4,8,0x4dc80,?traverse@srLight@@UAEXAAVTraverseInfo@srNode@@@Z,public: virtual void __thiscall srLight::traverse(class srNode::TraverseInfo &),exported
wiz8--gog-base--sr--cec1caf85861,sr.dll,??_7srLight@@6B?$srClassSupport@VsrIlluminator@@VsrNode@@$0A@$0BCAA@@@@,srLight,,"srClassSupport<class srIlluminator, class srNode, 0, 4608>",0x770c4,9,0x4d650,?process@srLight@@UAEXABUProcessInfo@srNode@@W4e_processType@3@@Z,"public: virtual void __thiscall srLight::process(struct srNode::ProcessInfo const &, enum srNode::e_processType)",exported
wiz8--gog-base--sr--cec1caf85861,sr.dll,??_7srLight@@6B?$srClassSupport@VsrIlluminator@@VsrNode@@$0A@$0BCAA@@@@,srLight,,"srClassSupport<class srIlluminator, class srNode, 0, 4608>",0x770c4,10,0x50510,?getLocalBounds@srNode@@UAEXAAUBoundInfo@1@@Z,public: virtual void __thiscall srNode::getLocalBounds(struct srNode::BoundInfo &),exported
wiz8--gog-base--sr--cec1caf85861,sr.dll,??_7srLight@@6B?$srClassSupport@VsrIlluminator@@VsrNode@@$0A@$0BCAA@@@@,srLight,,"srClassSupport<class srIlluminator, class srNode, 0, 4608>",0x770c4,11,0x50500,?updateBounds@srNode@@UAEXXZ,public: virtual void __thiscall srNode::updateBounds(void),exported
wiz8--gog-base--sr--cec1caf85861,sr.dll,??_7srLight@@6B?$srClassSupport@VsrIlluminator@@VsrNode@@$0A@$0BCAA@@@@,srLight,,"srClassSupport<class srIlluminator, class srNode, 0, 4608>",0x770c4,12,0x50690,?processSignal@srNode@@MAEHKPAX@Z,"protected: virtual int __thiscall srNode::processSignal(unsigned long, void *)",exported
wiz8--gog-base--sr--cec1caf85861,sr.dll,??_7srLight@@6BsrVertexProcessor@@@,srLight,,srVertexProcessor,0x770b8,0,0x4f310,,,internal
wiz8--gog-base--sr--cec1caf85861,sr.dll,??_7srLight@@6BsrVertexProcessor@@@,srLight,,srVertexProcessor,0x770b8,1,0x4ccc0,?isActive@srLight@@UAEHAAVsrVertexPipe@@@Z,public: virtual int __thiscall srLight::isActive(class srVertexPipe &),exported
wiz8--gog-base--sr--cec1caf85861,sr.dll,??_7srLight@@6BsrVertexProcessor@@@,srLight,,srVertexProcessor,0x770b8,2,0x4ce00,?process@srLight@@UAEXAAVsrVertexPipe@@@Z,public: virtual void __thiscall srLight::process(class srVertexPipe &),exported
wiz8--gog-base--sr--cec1caf85861,sr.dll,??_7srMaterial@@6B@,srMaterial,,,0x75538,0,0x16030,,,internal
wiz8--gog-base--sr--cec1caf85861,sr.dll,??_7srMaterial@@6B@,srMaterial,,,0x75538,1,0x16020,,,internal
wiz8--gog-base--sr--cec1caf85861,sr.dll,??_7srMaterial@@6B@,srMaterial,,,0x75538,2,0x16040,,,internal
wiz8--gog-base--sr--cec1caf85861,sr.dll,??_7srMaterial@@6B@,srMaterial,,,0x75538,3,0x33fc0,?dump@srMaterial@@UAEXAAV?$basic_ostream@DU?$char_traits@D@std@@@std@@@Z,"public: virtual void __thiscall srMaterial::dump(class std::basic_ostream<char, struct std::char_traits<char>> &)",exported
wiz8--gog-base--sr--cec1caf85861,sr.dll,??_7srMaterial@@6B@,srMaterial,,,0x75538,4,0x335d0,?verify@srMaterial@@UAEXW4e_verify@srRuntimeClass@@@Z,public: virtual void __thiscall srMaterial::verify(enum srRuntimeClass::e_verify),exported
wiz8--gog-base--sr--cec1caf85861,sr.dll,??_7srMaterial@@6B@,srMaterial,,,0x75538,5,0x345e0,,,internal
wiz8--gog-base--sr--cec1caf85861,sr.dll,??_7srMaterial@@6B@,srMaterial,,,0x75538,6,0x343c0,?vInstance@srMaterial@@UAEPAVsrClass@@XZ,public: virtual class srClass * __thiscall srMaterial::vInstance(void),exported
wiz8--gog-base--sr--cec1caf85861,sr.dll,??_7srMaterial@@6B@,srMaterial,,,0x75538,7,0x160a0,,,internal
wiz8--gog-base--sr--cec1caf85861,sr.dll,??_7srMaterial@@6B@,srMaterial,,,0x75538,8,0x33b50,?getMaterialInfo@srMaterial@@UAEXAAUMaterialInfo@srVertexProcessor@@@Z,public: virtual void __thiscall srMaterial::getMaterialInfo(struct srVertexProcessor::MaterialInfo &),exported
wiz8--gog-base--sr--cec1caf85861,sr.dll,??_7srMaterial@@6B@,srMaterial,,,0x75538,9,0x33c00,?preProcess@srMaterial@@UAEXAAVsrVertexPipe@@@Z,public: virtual void __thiscall srMaterial::preProcess(class srVertexPipe &),exported
wiz8--gog-base--sr--cec1caf85861,sr.dll,??_7srMaterial@@6B@,srMaterial,,,0x75538,10,0x33c90,?postProcess@srMaterial@@UAEXAAVsrVertexPipe@@@Z,public: virtual void __thiscall srMaterial::postProcess(class srVertexPipe &),exported
wiz8--gog-base--sr--cec1caf85861,sr.dll,??_7srMaterial@@6B@,srMaterial,,,0x75538,11,0x339b0,?updateParms@srMaterial@@MAEXXZ,protected: virtual void __thiscall srMaterial::updateParms(void),exported
wiz8--gog-base--sr--cec1caf85861,sr.dll,??_7srMaterial@@6B@,srMaterial,,,0x75538,12,0x33f60,?reset@srMaterial@@MAEXXZ,protected: virtual void __thiscall srMaterial::reset(void),exported
wiz8--gog-base--sr--cec1caf85861,sr.dll,??_7srMeshModel@@6B@,srMeshModel,,,0x76d48,0,0x429a0,,,internal
wiz8--gog-base--sr--cec1caf85861,sr.dll,??_7srMeshModel@@6B@,srMeshModel,,,0x76d48,1,0x42990,,,internal
wiz8--gog-base--sr--cec1caf85861,sr.dll,??_7srMeshModel@@6B@,srMeshModel,,,0x76d48,2,0x429b0,,,internal
wiz8--gog-base--sr--cec1caf85861,sr.dll,??_7srMeshModel@@6B@,srMeshModel,,,0x76d48,3,0x3ee00,?dump@srMeshModel@@UAEXAAV?$basic_ostream@DU?$char_traits@D@std@@@std@@@Z,"public: virtual void __thiscall srMeshModel::dump(class std::basic_ostream<char, struct std::char_traits<char>> &)",exported
wiz8--gog-base--sr--cec1caf85861,sr.dll,??_7srMeshModel@@6B@,srMeshModel,,,0x76d48,4,0x40c40,?verify@srMeshModel@@UAEXW4e_verify@srRuntimeClass@@@Z,public: virtual void __thiscall srMeshModel::verify(enum srRuntimeClass::e_verify),exported
wiz8--gog-base--sr--cec1caf85861,sr.dll,??_7srMeshModel@@6B@,srMeshModel,,,0x76d48,5,0x425d0,,,internal
wiz8--gog-base--sr--cec1caf85861,sr.dll,??_7srMeshModel@@6B@,srMeshModel,,,0x76d48,6,0x41b00,?vInstance@srMeshModel@@UAEPAVsrClass@@XZ,public: virtual class srClass * __thiscall srMeshModel::vInstance(void),exported
wiz8--gog-base--sr--cec1caf85861,sr.dll,??_7srMeshModel@@6B@,srMeshModel,,,0x76d48,7,0x42a10,,,internal
wiz8--gog-base--sr--cec1caf85861,sr.dll,??_7srMeshModel@@6B@,srMeshModel,,,0x76d48,8,0x3fe90,?getBoundingSphere@srMeshModel@@UAEHAAV?$srVector3T@M@@AAM@Z,"public: virtual int __thiscall srMeshModel::getBoundingSphere(class srVector3T<float> &, float &)",exported
wiz8--gog-base--sr--cec1caf85861,sr.dll,??_7srMeshModel@@6B@,srMeshModel,,,0x76d48,9,0x3fe40,?getBoundingBox@srMeshModel@@UAEHAAV?$srVector3T@M@@0@Z,"public: virtual int __thiscall srMeshModel::getBoundingBox(class srVector3T<float> &, class srVector3T<float> &)",exported
wiz8--gog-base--sr--cec1caf85861,sr.dll,??_7srMeshModel@@6B@,srMeshModel,,,0x76d48,10,0x3cea0,?render@srMeshModel@@UAEXAAVsrGERD@@@Z,public: virtual void __thiscall srMeshModel::render(class srGERD &),exported
wiz8--gog-base--sr--cec1caf85861,sr.dll,??_7srMeshModel@@6B@,srMeshModel,,,0x76d48,11,0x3c440,?updateAllClients@srModel@@UAEXW4e_update@Client@1@@Z,public: virtual void __thiscall srModel::updateAllClients(enum srModel::Client::e_update),exported
wiz8--gog-base--sr--cec1caf85861,sr.dll,??_7srMeshModel@@6B@,srMeshModel,,,0x76d48,12,0x418c0,?reindexPolygons@srMeshModel@@UAEXPBK@Z,public: virtual void __thiscall srMeshModel::reindexPolygons(unsigned long const *),exported
wiz8--gog-base--sr--cec1caf85861,sr.dll,??_7srMeshModel@@6B@,srMeshModel,,,0x76d48,13,0x42230,?reindexVertices@srMeshModel@@UAEXPBK@Z,public: virtual void __thiscall srMeshModel::reindexVertices(unsigned long const *),exported
wiz8--gog-base--sr--cec1caf85861,sr.dll,??_7srMeshModel@@6B@,srMeshModel,,,0x76d48,14,0x3dc70,?getTriMesh@srMeshModel@@UAEABUTriMesh@1@XZ,public: virtual struct srMeshModel::TriMesh const & __thiscall srMeshModel::getTriMesh(void),exported
wiz8--gog-base--sr--cec1caf85861,sr.dll,??_7srMeshModel@@6B@,srMeshModel,,,0x76d48,15,0x3dac0,?getTriMesh@srMeshModel@@UAEXAAUTriMesh@1@@Z,public: virtual void __thiscall srMeshModel::getTriMesh(struct srMeshModel::TriMesh &),exported
wiz8--gog-base--sr--cec1caf85861,sr.dll,??_7srMeshModel@@6B@,srMeshModel,,,0x76d48,16,0x3ca80,?renderTriMesh@srMeshModel@@UAEXAAVsrGERD@@ABUTriMesh@1@@Z,"public: virtual void __thiscall srMeshModel::renderTriMesh(class srGERD &, struct srMeshModel::TriMesh const &)",exported
wiz8--gog-base--sr--cec1caf85861,sr.dll,??_7srMeshModel@@6B@,srMeshModel,,,0x76d48,17,0x3dc90,?updateTriMesh@srMeshModel@@MAEXXZ,protected: virtual void __thiscall srMeshModel::updateTriMesh(void),exported
wiz8--gog-base--sr--cec1caf85861,sr.dll,??_7srMeshModel@@6B@,srMeshModel,,,0x76d48,18,0x3e120,?calculateBounds@srMeshModel@@MAEXXZ,protected: virtual void __thiscall srMeshModel::calculateBounds(void),exported
wiz8--gog-base--sr--cec1caf85861,sr.dll,??_7srMeshModel@@6B@,srMeshModel,,,0x76d48,19,0x3e280,?calculatePolygonNormals@srMeshModel@@MAEXXZ,protected: virtual void __thiscall srMeshModel::calculatePolygonNormals(void),exported
wiz8--gog-base--sr--cec1caf85861,sr.dll,??_7srMeshModel@@6B@,srMeshModel,,,0x76d48,20,0x3e390,?calculateVertexNormals@srMeshModel@@MAEXXZ,protected: virtual void __thiscall srMeshModel::calculateVertexNormals(void),exported
wiz8--gog-base--sr--cec1caf85861,sr.dll,??_7srModel@@6B@,srModel,,,0x76d08,0,0x3c640,,,internal
wiz8--gog-base--sr--cec1caf85861,sr.dll,??_7srModel@@6B@,srModel,,,0x76d08,1,0x3c630,,,internal
wiz8--gog-base--sr--cec1caf85861,sr.dll,??_7srModel@@6B@,srModel,,,0x76d08,2,0x3c650,,,internal
wiz8--gog-base--sr--cec1caf85861,sr.dll,??_7srModel@@6B@,srModel,,,0x76d08,3,0x3c5b0,?dump@srModel@@UAEXAAV?$basic_ostream@DU?$char_traits@D@std@@@std@@@Z,"public: virtual void __thiscall srModel::dump(class std::basic_ostream<char, struct std::char_traits<char>> &)",exported
wiz8--gog-base--sr--cec1caf85861,sr.dll,??_7srModel@@6B@,srModel,,,0x76d08,4,0xe050,?verify@srClass@@UAEXW4e_verify@srRuntimeClass@@@Z,public: virtual void __thiscall srClass::verify(enum srRuntimeClass::e_verify),exported
wiz8--gog-base--sr--cec1caf85861,sr.dll,??_7srModel@@6B@,srModel,,,0x76d08,5,0x3c8f0,,,internal
wiz8--gog-base--sr--cec1caf85861,sr.dll,??_7srModel@@6B@,srModel,,,0x76d08,6,0x6ff14,,,internal
wiz8--gog-base--sr--cec1caf85861,sr.dll,??_7srModel@@6B@,srModel,,,0x76d08,7,0x3c690,,,internal
wiz8--gog-base--sr--cec1caf85861,sr.dll,??_7srModel@@6B@,srModel,,,0x76d08,8,0x6ff14,,,internal
wiz8--gog-base--sr--cec1caf85861,sr.dll,??_7srModel@@6B@,srModel,,,0x76d08,9,0x6ff14,,,internal
wiz8--gog-base--sr--cec1caf85861,sr.dll,??_7srModel@@6B@,srModel,,,0x76d08,10,0x6ff14,,,internal
wiz8--gog-base--sr--cec1caf85861,sr.dll,??_7srModel@@6B@,srModel,,,0x76d08,11,0x3c440,?updateAllClients@srModel@@UAEXW4e_update@Client@1@@Z,public: virtual void __thiscall srModel::updateAllClients(enum srModel::Client::e_update),exported
wiz8--gog-base--sr--cec1caf85861,sr.dll,??_7srModelIOManager@@6B@,srModelIOManager,,,0x75534,0,0x16af0,,,internal
wiz8--gog-base--sr--cec1caf85861,sr.dll,??_7srModelInstance@@6B?$srClassSupport@VsrModelInstance@@VsrNode@@$0A@$0BBAA@@@@,srModelInstance,,"srClassSupport<class srModelInstance, class srNode, 0, 4352>",0x77160,0,0x4fd10,,,internal
wiz8--gog-base--sr--cec1caf85861,sr.dll,??_7srModelInstance@@6B?$srClassSupport@VsrModelInstance@@VsrNode@@$0A@$0BBAA@@@@,srModelInstance,,"srClassSupport<class srModelInstance, class srNode, 0, 4352>",0x77160,1,0x4fd00,,,internal
wiz8--gog-base--sr--cec1caf85861,sr.dll,??_7srModelInstance@@6B?$srClassSupport@VsrModelInstance@@VsrNode@@$0A@$0BBAA@@@@,srModelInstance,,"srClassSupport<class srModelInstance, class srNode, 0, 4352>",0x77160,2,0x4fd20,,,internal
wiz8--gog-base--sr--cec1caf85861,sr.dll,??_7srModelInstance@@6B?$srClassSupport@VsrModelInstance@@VsrNode@@$0A@$0BBAA@@@@,srModelInstance,,"srClassSupport<class srModelInstance, class srNode, 0, 4352>",0x77160,3,0x4fb20,?dump@srModelInstance@@UAEXAAV?$basic_ostream@DU?$char_traits@D@std@@@std@@@Z,"public: virtual void __thiscall srModelInstance::dump(class std::basic_ostream<char, struct std::char_traits<char>> &)",exported
wiz8--gog-base--sr--cec1caf85861,sr.dll,??_7srModelInstance@@6B?$srClassSupport@VsrModelInstance@@VsrNode@@$0A@$0BBAA@@@@,srModelInstance,,"srClassSupport<class srModelInstance, class srNode, 0, 4352>",0x77160,4,0xe050,?verify@srClass@@UAEXW4e_verify@srRuntimeClass@@@Z,public: virtual void __thiscall srClass::verify(enum srRuntimeClass::e_verify),exported
wiz8--gog-base--sr--cec1caf85861,sr.dll,??_7srModelInstance@@6B?$srClassSupport@VsrModelInstance@@VsrNode@@$0A@$0BBAA@@@@,srModelInstance,,"srClassSupport<class srModelInstance, class srNode, 0, 4352>",0x77160,5,0x501a0,,,internal
wiz8--gog-base--sr--cec1caf85861,sr.dll,??_7srModelInstance@@6B?$srClassSupport@VsrModelInstance@@VsrNode@@$0A@$0BBAA@@@@,srModelInstance,,"srClassSupport<class srModelInstance, class srNode, 0, 4352>",0x77160,6,0x4ff80,?vInstance@srModelInstance@@UAEPAVsrClass@@XZ,public: virtual class srClass * __thiscall srModelInstance::vInstance(void),exported
wiz8--gog-base--sr--cec1caf85861,sr.dll,??_7srModelInstance@@6B?$srClassSupport@VsrModelInstance@@VsrNode@@$0A@$0BBAA@@@@,srModelInstance,,"srClassSupport<class srModelInstance, class srNode, 0, 4352>",0x77160,7,0x4fd80,,,internal
wiz8--gog-base--sr--cec1caf85861,sr.dll,??_7srModelInstance@@6B?$srClassSupport@VsrModelInstance@@VsrNode@@$0A@$0BBAA@@@@,srModelInstance,,"srClassSupport<class srModelInstance, class srNode, 0, 4352>",0x77160,8,0x4f3a0,?traverse@srModelInstance@@UAEXAAVTraverseInfo@srNode@@@Z,public: virtual void __thiscall srModelInstance::traverse(class srNode::TraverseInfo &),exported
wiz8--gog-base--sr--cec1caf85861,sr.dll,??_7srModelInstance@@6B?$srClassSupport@VsrModelInstance@@VsrNode@@$0A@$0BBAA@@@@,srModelInstance,,"srClassSupport<class srModelInstance, class srNode, 0, 4352>",0x77160,9,0x4f4b0,?process@srModelInstance@@UAEXABUProcessInfo@srNode@@W4e_processType@3@@Z,"public: virtual void __thiscall srModelInstance::process(struct srNode::ProcessInfo const &, enum srNode::e_processType)",exported
wiz8--gog-base--sr--cec1caf85861,sr.dll,??_7srModelInstance@@6B?$srClassSupport@VsrModelInstance@@VsrNode@@$0A@$0BBAA@@@@,srModelInstance,,"srClassSupport<class srModelInstance, class srNode, 0, 4352>",0x77160,10,0x4f350,?getLocalBounds@srModelInstance@@UAEXAAUBoundInfo@srNode@@@Z,public: virtual void __thiscall srModelInstance::getLocalBounds(struct srNode::BoundInfo &),exported
wiz8--gog-base--sr--cec1caf85861,sr.dll,??_7srModelInstance@@6B?$srClassSupport@VsrModelInstance@@VsrNode@@$0A@$0BBAA@@@@,srModelInstance,,"srClassSupport<class srModelInstance, class srNode, 0, 4352>",0x77160,11,0x50500,?updateBounds@srNode@@UAEXXZ,public: virtual void __thiscall srNode::updateBounds(void),exported
wiz8--gog-base--sr--cec1caf85861,sr.dll,??_7srModelInstance@@6B?$srClassSupport@VsrModelInstance@@VsrNode@@$0A@$0BBAA@@@@,srModelInstance,,"srClassSupport<class srModelInstance, class srNode, 0, 4352>",0x77160,12,0x50690,?processSignal@srNode@@MAEHKPAX@Z,"protected: virtual int __thiscall srNode::processSignal(unsigned long, void *)",exported
wiz8--gog-base--sr--cec1caf85861,sr.dll,??_7srModelInstance@@6BClient@srModel@@@,srModelInstance,,srModel::Client,0x77150,0,0x502a0,,,internal
wiz8--gog-base--sr--cec1caf85861,sr.dll,??_7srModelInstance@@6BClient@srModel@@@,srModelInstance,,srModel::Client,0x77150,1,0x3c3b0,?setModel@Client@srModel@@UAEXPAV2@@Z,public: virtual void __thiscall srModel::Client::setModel(class srModel *),exported
wiz8--gog-base--sr--cec1caf85861,sr.dll,??_7srModelInstance@@6BClient@srModel@@@,srModelInstance,,srModel::Client,0x77150,2,0x4f320,?updateClient@srModelInstance@@UAEXW4e_update@Client@srModel@@@Z,public: virtual void __thiscall srModelInstance::updateClient(enum srModel::Client::e_update),exported
wiz8--gog-base--sr--cec1caf85861,sr.dll,??_7srModelInstance@@6BClient@srModel@@@,srModelInstance,,srModel::Client,0x77150,3,0x3c6c0,?getModel@Client@srModel@@UBEPAV2@XZ,public: virtual class srModel * __thiscall srModel::Client::getModel(void) const,exported
wiz8--gog-base--sr--cec1caf85861,sr.dll,??_7srModeler@@6B@,srModeler,,,0x76c88,0,0x380c0,,,internal
wiz8--gog-base--sr--cec1caf85861,sr.dll,??_7srMutex@@6B@,srMutex,,,0x76de4,0,0x45930,,,internal
wiz8--gog-base--sr--cec1caf85861,sr.dll,??_7srNode@@6B@,srNode,,,0x771d0,0,0x554c0,,,internal
wiz8--gog-base--sr--cec1caf85861,sr.dll,??_7srNode@@6B@,srNode,,,0x771d0,1,0x554b0,,,internal
wiz8--gog-base--sr--cec1caf85861,sr.dll,??_7srNode@@6B@,srNode,,,0x771d0,2,0x554d0,,,internal
wiz8--gog-base--sr--cec1caf85861,sr.dll,??_7srNode@@6B@,srNode,,,0x771d0,3,0x513c0,?dump@srNode@@UAEXAAV?$basic_ostream@DU?$char_traits@D@std@@@std@@@Z,"public: virtual void __thiscall srNode::dump(class std::basic_ostream<char, struct std::char_traits<char>> &)",exported
wiz8--gog-base--sr--cec1caf85861,sr.dll,??_7srNode@@6B@,srNode,,,0x771d0,4,0xe050,?verify@srClass@@UAEXW4e_verify@srRuntimeClass@@@Z,public: virtual void __thiscall srClass::verify(enum srRuntimeClass::e_verify),exported
wiz8--gog-base--sr--cec1caf85861,sr.dll,??_7srNode@@6B@,srNode,,,0x771d0,5,0x51bf0,,,internal
wiz8--gog-base--sr--cec1caf85861,sr.dll,??_7srNode@@6B@,srNode,,,0x771d0,6,0x51cd0,?vInstance@srNode@@UAEPAVsrClass@@XZ,public: virtual class srClass * __thiscall srNode::vInstance(void),exported
wiz8--gog-base--sr--cec1caf85861,sr.dll,??_7srNode@@6B@,srNode,,,0x771d0,7,0x55510,,,internal
wiz8--gog-base--sr--cec1caf85861,sr.dll,??_7srNode@@6B@,srNode,,,0x771d0,8,0x504b0,?traverse@srNode@@UAEXAAVTraverseInfo@1@@Z,public: virtual void __thiscall srNode::traverse(class srNode::TraverseInfo &),exported
wiz8--gog-base--sr--cec1caf85861,sr.dll,??_7srNode@@6B@,srNode,,,0x771d0,9,0x504f0,?process@srNode@@UAEXABUProcessInfo@1@W4e_processType@1@@Z,"public: virtual void __thiscall srNode::process(struct srNode::ProcessInfo const &, enum srNode::e_processType)",exported
wiz8--gog-base--sr--cec1caf85861,sr.dll,??_7srNode@@6B@,srNode,,,0x771d0,10,0x50510,?getLocalBounds@srNode@@UAEXAAUBoundInfo@1@@Z,public: virtual void __thiscall srNode::getLocalBounds(struct srNode::BoundInfo &),exported
wiz8--gog-base--sr--cec1caf85861,sr.dll,??_7srNode@@6B@,srNode,,,0x771d0,11,0x50500,?updateBounds@srNode@@UAEXXZ,public: virtual void __thiscall srNode::updateBounds(void),exported
wiz8--gog-base--sr--cec1caf85861,sr.dll,??_7srNode@@6B@,srNode,,,0x771d0,12,0x50690,?processSignal@srNode@@MAEHKPAX@Z,"protected: virtual int __thiscall srNode::processSignal(unsigned long, void *)",exported
wiz8--gog-base--sr--cec1caf85861,sr.dll,??_7srPalette@@6B@,srPalette,,,0x753cc,0,0x49e0,,,internal
wiz8--gog-base--sr--cec1caf85861,sr.dll,??_7srPalette@@6B@,srPalette,,,0x753cc,1,0x49d0,,,internal
wiz8--gog-base--sr--cec1caf85861,sr.dll,??_7srPalette@@6B@,srPalette,,,0x753cc,2,0x49f0,,,internal
wiz8--gog-base--sr--cec1caf85861,sr.dll,??_7srPalette@@6B@,srPalette,,,0x753cc,3,0x47a0,?dump@srPalette@@UAEXAAV?$basic_ostream@DU?$char_traits@D@std@@@std@@@Z,"public: virtual void __thiscall srPalette::dump(class std::basic_ostream<char, struct std::char_traits<char>> &)",exported
wiz8--gog-base--sr--cec1caf85861,sr.dll,??_7srPalette@@6B@,srPalette,,,0x753cc,4,0xe050,?verify@srClass@@UAEXW4e_verify@srRuntimeClass@@@Z,public: virtual void __thiscall srClass::verify(enum srRuntimeClass::e_verify),exported
wiz8--gog-base--sr--cec1caf85861,sr.dll,??_7srPalette@@6B@,srPalette,,,0x753cc,5,0x4ff0,,,internal
wiz8--gog-base--sr--cec1caf85861,sr.dll,??_7srPalette@@6B@,srPalette,,,0x753cc,6,0x4970,?vInstance@srPalette@@UAEPAVsrClass@@XZ,public: virtual class srClass * __thiscall srPalette::vInstance(void),exported
wiz8--gog-base--sr--cec1caf85861,sr.dll,??_7srPalette@@6B@,srPalette,,,0x753cc,7,0x4a30,,,internal
wiz8--gog-base--sr--cec1caf85861,sr.dll,??_7srRuntimeClass@@6B@,srRuntimeClass,,,0x754e4,0,0x11cc0,?getClassName@srRuntimeClass@@UBEPBDXZ,public: virtual char const * __thiscall srRuntimeClass::getClassName(void) const,exported
wiz8--gog-base--sr--cec1caf85861,sr.dll,??_7srRuntimeClass@@6B@,srRuntimeClass,,,0x754e4,1,0x11cd0,?getClassID@srRuntimeClass@@UBEKXZ,public: virtual unsigned long __thiscall srRuntimeClass::getClassID(void) const,exported
wiz8--gog-base--sr--cec1caf85861,sr.dll,??_7srRuntimeClass@@6B@,srRuntimeClass,,,0x754e4,2,0x11ce0,?getClassNode@srRuntimeClass@@UBEPAVClassNode@srRegistry@@XZ,public: virtual class srRegistry::ClassNode * __thiscall srRuntimeClass::getClassNode(void) const,exported
wiz8--gog-base--sr--cec1caf85861,sr.dll,??_7srRuntimeClass@@6B@,srRuntimeClass,,,0x754e4,3,0x11ab0,?dump@srRuntimeClass@@UAEXAAV?$basic_ostream@DU?$char_traits@D@std@@@std@@@Z,"public: virtual void __thiscall srRuntimeClass::dump(class std::basic_ostream<char, struct std::char_traits<char>> &)",exported
wiz8--gog-base--sr--cec1caf85861,sr.dll,??_7srRuntimeClass@@6B@,srRuntimeClass,,,0x754e4,4,0x117a0,?verify@srRuntimeClass@@UAEXW4e_verify@1@@Z,public: virtual void __thiscall srRuntimeClass::verify(enum srRuntimeClass::e_verify),exported
wiz8--gog-base--sr--cec1caf85861,sr.dll,??_7srRuntimeClass@@6B@,srRuntimeClass,,,0x754e4,5,0x11bf0,,,internal
wiz8--gog-base--sr--cec1caf85861,sr.dll,??_7srScene@@6B@,srScene,,,0x77230,0,0x56a00,,,internal
wiz8--gog-base--sr--cec1caf85861,sr.dll,??_7srScene@@6B@,srScene,,,0x77230,1,0x569f0,,,internal
wiz8--gog-base--sr--cec1caf85861,sr.dll,??_7srScene@@6B@,srScene,,,0x77230,2,0x56a10,,,internal
wiz8--gog-base--sr--cec1caf85861,sr.dll,??_7srScene@@6B@,srScene,,,0x77230,3,0x56750,?dump@srScene@@UAEXAAV?$basic_ostream@DU?$char_traits@D@std@@@std@@@Z,"public: virtual void __thiscall srScene::dump(class std::basic_ostream<char, struct std::char_traits<char>> &)",exported
wiz8--gog-base--sr--cec1caf85861,sr.dll,??_7srScene@@6B@,srScene,,,0x77230,4,0xe050,?verify@srClass@@UAEXW4e_verify@srRuntimeClass@@@Z,public: virtual void __thiscall srClass::verify(enum srRuntimeClass::e_verify),exported
wiz8--gog-base--sr--cec1caf85861,sr.dll,??_7srScene@@6B@,srScene,,,0x77230,5,0x570b0,,,internal
wiz8--gog-base--sr--cec1caf85861,sr.dll,??_7srScene@@6B@,srScene,,,0x77230,6,0x56bb0,?vInstance@srScene@@UAEPAVsrClass@@XZ,public: virtual class srClass * __thiscall srScene::vInstance(void),exported
wiz8--gog-base--sr--cec1caf85861,sr.dll,??_7srScene@@6B@,srScene,,,0x77230,7,0x56a70,,,internal
wiz8--gog-base--sr--cec1caf85861,sr.dll,??_7srScene@@6B@,srScene,,,0x77230,8,0x561f0,?traverse@srScene@@UAEXAAVTraverseInfo@srNode@@@Z,public: virtual void __thiscall srScene::traverse(class srNode::TraverseInfo &),exported
wiz8--gog-base--sr--cec1caf85861,sr.dll,??_7srScene@@6B@,srScene,,,0x77230,9,0x562e0,?process@srScene@@UAEXABUProcessInfo@srNode@@W4e_processType@3@@Z,"public: virtual void __thiscall srScene::process(struct srNode::ProcessInfo const &, enum srNode::e_processType)",exported
wiz8--gog-base--sr--cec1caf85861,sr.dll,??_7srScene@@6B@,srScene,,,0x77230,10,0x50510,?getLocalBounds@srNode@@UAEXAAUBoundInfo@1@@Z,public: virtual void __thiscall srNode::getLocalBounds(struct srNode::BoundInfo &),exported
wiz8--gog-base--sr--cec1caf85861,sr.dll,??_7srScene@@6B@,srScene,,,0x77230,11,0x50500,?updateBounds@srNode@@UAEXXZ,public: virtual void __thiscall srNode::updateBounds(void),exported
wiz8--gog-base--sr--cec1caf85861,sr.dll,??_7srScene@@6B@,srScene,,,0x77230,12,0x50690,?processSignal@srNode@@MAEHKPAX@Z,"protected: virtual int __thiscall srNode::processSignal(unsigned long, void *)",exported
wiz8--gog-base--sr--cec1caf85861,sr.dll,??_7srSurfaceIOManager@@6B@,srSurfaceIOManager,,,0x75418,0,0x5240,,,internal
wiz8--gog-base--sr--cec1caf85861,sr.dll,??_7srTextureFile@@6B@,srTextureFile,,,0x774e8,0,0x5fd50,,,internal
wiz8--gog-base--sr--cec1caf85861,sr.dll,??_7srTextureFile@@6B@,srTextureFile,,,0x774e8,1,0x5fd40,,,internal
wiz8--gog-base--sr--cec1caf85861,sr.dll,??_7srTextureFile@@6B@,srTextureFile,,,0x774e8,2,0x5fd60,,,internal
wiz8--gog-base--sr--cec1caf85861,sr.dll,??_7srTextureFile@@6B@,srTextureFile,,,0x774e8,3,0x5fbd0,?dump@srTextureFile@@UAEXAAV?$basic_ostream@DU?$char_traits@D@std@@@std@@@Z,"public: virtual void __thiscall srTextureFile::dump(class std::basic_ostream<char, struct std::char_traits<char>> &)",exported
wiz8--gog-base--sr--cec1caf85861,sr.dll,??_7srTextureFile@@6B@,srTextureFile,,,0x774e8,4,0xe050,?verify@srClass@@UAEXW4e_verify@srRuntimeClass@@@Z,public: virtual void __thiscall srClass::verify(enum srRuntimeClass::e_verify),exported
wiz8--gog-base--sr--cec1caf85861,sr.dll,??_7srTextureFile@@6B@,srTextureFile,,,0x774e8,5,0x600c0,,,internal
wiz8--gog-base--sr--cec1caf85861,sr.dll,??_7srTextureFile@@6B@,srTextureFile,,,0x774e8,6,0x5ff20,?vInstance@srTextureFile@@UAEPAVsrClass@@XZ,public: virtual class srClass * __thiscall srTextureFile::vInstance(void),exported
wiz8--gog-base--sr--cec1caf85861,sr.dll,??_7srTextureFile@@6B@,srTextureFile,,,0x774e8,7,0x5fdf0,,,internal
wiz8--gog-base--sr--cec1caf85861,sr.dll,??_7srTextureFile@@6B@,srTextureFile,,,0x774e8,8,0x5f8a0,?getTextureFrameHandle@srTextureFile@@UAEKXZ,public: virtual unsigned long __thiscall srTextureFile::getTextureFrameHandle(void),exported
wiz8--gog-base--sr--cec1caf85861,sr.dll,??_7srTextureFile@@6B@,srTextureFile,,,0x774e8,9,0x5eb20,?getPriority@srTexture@@UAEMXZ,public: virtual float __thiscall srTexture::getPriority(void),exported
wiz8--gog-base--sr--cec1caf85861,sr.dll,??_7srTextureFile@@6B@,srTextureFile,,,0x774e8,10,0x5ee00,?getDimensions@srTexture@@UAEXAAUDimensions@srTextureIFace@@@Z,public: virtual void __thiscall srTexture::getDimensions(struct srTextureIFace::Dimensions &),exported
wiz8--gog-base--sr--cec1caf85861,sr.dll,??_7srTextureFile@@6B@,srTextureFile,,,0x774e8,11,0x5fcb0,?getMipmapData@srTextureFile@@UAEXAAUMultiRequest@srTextureIFace@@@Z,public: virtual void __thiscall srTextureFile::getMipmapData(struct srTextureIFace::MultiRequest &),exported
wiz8--gog-base--sr--cec1caf85861,sr.dll,??_7srTextureFile@@6B@,srTextureFile,,,0x774e8,12,0x5fd30,?getMipmapLevelPartial@srTextureFile@@UAEXAAUPartialRequest@srTextureIFace@@@Z,public: virtual void __thiscall srTextureFile::getMipmapLevelPartial(struct srTextureIFace::PartialRequest &),exported
wiz8--gog-base--sr--cec1caf85861,sr.dll,??_7srTextureFile@@6B@,srTextureFile,,,0x774e8,13,0x5eeb0,?getTextureParms@srTexture@@UAEXAAUParameters@srTextureIFace@@@Z,public: virtual void __thiscall srTexture::getTextureParms(struct srTextureIFace::Parameters &),exported
wiz8--gog-base--sr--cec1caf85861,sr.dll,??_7srTextureFile@@6B@,srTextureFile,,,0x774e8,14,0x5f140,?getTextureName@srTextureIFace@@UAEPBDXZ,public: virtual char const * __thiscall srTextureIFace::getTextureName(void),exported
wiz8--gog-base--sr--cec1caf85861,sr.dll,??_7srTextureFile@@6B@,srTextureFile,,,0x774e8,15,0x5fa80,?invalidate@srTextureFile@@UAEXXZ,public: virtual void __thiscall srTextureFile::invalidate(void),exported
wiz8--gog-base--sr--cec1caf85861,sr.dll,??_7srTextureFile@@6B@,srTextureFile,,,0x774e8,16,0x5f8b0,?setupDefaultValues@srTextureFile@@MAEXXZ,protected: virtual void __thiscall srTextureFile::setupDefaultValues(void),exported
wiz8--gog-base--sr--cec1caf85861,sr.dll,??_7srTextureMap@@6B@,srTextureMap,,,0x77578,0,0x605b0,,,internal
wiz8--gog-base--sr--cec1caf85861,sr.dll,??_7srTextureMap@@6B@,srTextureMap,,,0x77578,1,0x605a0,,,internal
wiz8--gog-base--sr--cec1caf85861,sr.dll,??_7srTextureMap@@6B@,srTextureMap,,,0x77578,2,0x605c0,,,internal
wiz8--gog-base--sr--cec1caf85861,sr.dll,??_7srTextureMap@@6B@,srTextureMap,,,0x77578,3,0x60520,?dump@srTextureMap@@UAEXAAV?$basic_ostream@DU?$char_traits@D@std@@@std@@@Z,"public: virtual void __thiscall srTextureMap::dump(class std::basic_ostream<char, struct std::char_traits<char>> &)",exported
wiz8--gog-base--sr--cec1caf85861,sr.dll,??_7srTextureMap@@6B@,srTextureMap,,,0x77578,4,0xe050,?verify@srClass@@UAEXW4e_verify@srRuntimeClass@@@Z,public: virtual void __thiscall srClass::verify(enum srRuntimeClass::e_verify),exported
wiz8--gog-base--sr--cec1caf85861,sr.dll,??_7srTextureMap@@6B@,srTextureMap,,,0x77578,5,0x608f0,,,internal
wiz8--gog-base--sr--cec1caf85861,sr.dll,??_7srTextureMap@@6B@,srTextureMap,,,0x77578,6,0x60780,?vInstance@srTextureMap@@UAEPAVsrClass@@XZ,public: virtual class srClass * __thiscall srTextureMap::vInstance(void),exported
wiz8--gog-base--sr--cec1caf85861,sr.dll,??_7srTextureMap@@6B@,srTextureMap,,,0x77578,7,0x60650,,,internal
wiz8--gog-base--sr--cec1caf85861,sr.dll,??_7srTextureMap@@6B@,srTextureMap,,,0x77578,8,0x604b0,?getTextureFrameHandle@srTextureMap@@UAEKXZ,public: virtual unsigned long __thiscall srTextureMap::getTextureFrameHandle(void),exported
wiz8--gog-base--sr--cec1caf85861,sr.dll,??_7srTextureMap@@6B@,srTextureMap,,,0x77578,9,0x5eb20,?getPriority@srTexture@@UAEMXZ,public: virtual float __thiscall srTexture::getPriority(void),exported
wiz8--gog-base--sr--cec1caf85861,sr.dll,??_7srTextureMap@@6B@,srTextureMap,,,0x77578,10,0x5ee00,?getDimensions@srTexture@@UAEXAAUDimensions@srTextureIFace@@@Z,public: virtual void __thiscall srTexture::getDimensions(struct srTextureIFace::Dimensions &),exported
wiz8--gog-base--sr--cec1caf85861,sr.dll,??_7srTextureMap@@6B@,srTextureMap,,,0x77578,11,0x601c0,?getMipmapData@srTextureMap@@UAEXAAUMultiRequest@srTextureIFace@@@Z,public: virtual void __thiscall srTextureMap::getMipmapData(struct srTextureIFace::MultiRequest &),exported
wiz8--gog-base--sr--cec1caf85861,sr.dll,??_7srTextureMap@@6B@,srTextureMap,,,0x77578,12,0x5eea0,?getMipmapLevelPartial@srTexture@@UAEXAAUPartialRequest@srTextureIFace@@@Z,public: virtual void __thiscall srTexture::getMipmapLevelPartial(struct srTextureIFace::PartialRequest &),exported
wiz8--gog-base--sr--cec1caf85861,sr.dll,??_7srTextureMap@@6B@,srTextureMap,,,0x77578,13,0x5eeb0,?getTextureParms@srTexture@@UAEXAAUParameters@srTextureIFace@@@Z,public: virtual void __thiscall srTexture::getTextureParms(struct srTextureIFace::Parameters &),exported
wiz8--gog-base--sr--cec1caf85861,sr.dll,??_7srTextureMap@@6B@,srTextureMap,,,0x77578,14,0x5f140,?getTextureName@srTextureIFace@@UAEPBDXZ,public: virtual char const * __thiscall srTextureIFace::getTextureName(void),exported
wiz8--gog-base--sr--cec1caf85861,sr.dll,??_7srTextureMap@@6B@,srTextureMap,,,0x77578,15,0x604a0,?invalidate@srTextureMap@@UAEXXZ,public: virtual void __thiscall srTextureMap::invalidate(void),exported
wiz8--gog-base--sr--cec1caf85861,sr.dll,??_7srTextureMap@@6B@,srTextureMap,,,0x77578,16,0x604c0,?setupDefaultValues@srTextureMap@@MAEXXZ,protected: virtual void __thiscall srTextureMap::setupDefaultValues(void),exported
wiz8--gog-base--sr--cec1caf85861,sr.dll,??_7srTimer@@6B@,srTimer,,,0x77620,0,0x60b30,,,internal
wiz8--gog-base--sr--cec1caf85861,sr.dll,??_7srTimer@@6B@,srTimer,,,0x77620,1,0x62fc0,?getAscTime@srTimer@@UAEPADPADW4e_timerReadControl@1@@Z,"public: virtual char * __thiscall srTimer::getAscTime(char *, enum srTimer::e_timerReadControl)",exported
wiz8--gog-base--sr--cec1caf85861,sr.dll,??_7srTimer@@6B@,srTimer,,,0x77620,2,0x62d20,?pause@srTimer@@UAEHXZ,public: virtual int __thiscall srTimer::pause(void),exported
wiz8--gog-base--sr--cec1caf85861,sr.dll,??_7srTimer@@6B@,srTimer,,,0x77620,3,0x62d50,?resume@srTimer@@UAEKXZ,public: virtual unsigned long __thiscall srTimer::resume(void),exported
wiz8--gog-base--sr--cec1caf85861,sr.dll,??_7srTimer@@6B@,srTimer,,,0x77620,4,0x610f0,?reset@srTimer@@UAEHHHH@Z,"public: virtual int __thiscall srTimer::reset(int, int, int)",exported
wiz8--gog-base--sr--cec1caf85861,sr.dll,??_7srTimer@@6B@,srTimer,,,0x77620,5,0x62df0,?getMsTime@srTimer@@UAEKW4e_timerReadControl@1@@Z,public: virtual unsigned long __thiscall srTimer::getMsTime(enum srTimer::e_timerReadControl),exported
wiz8--gog-base--sr--cec1caf85861,sr.dll,??_7srTimer@@6B@,srTimer,,,0x77620,6,0x62e50,?getTime@srTimer@@UAENW4e_timerReadControl@1@@Z,public: virtual double __thiscall srTimer::getTime(enum srTimer::e_timerReadControl),exported
wiz8--gog-base--sr--cec1caf85861,sr.dll,??_7srTimer@@6B@,srTimer,,,0x77620,7,0x62f40,?getUTime@srTimer@@UAEKAAVsrQuadWord@@W4e_timerReadControl@1@@Z,"public: virtual unsigned long __thiscall srTimer::getUTime(class srQuadWord &, enum srTimer::e_timerReadControl)",exported
wiz8--gog-base--sr--cec1caf85861,sr.dll,??_7srTimer@@6B@,srTimer,,,0x77620,8,0x62ec0,?getUTime@srTimer@@UAEKW4e_timerReadControl@1@@Z,public: virtual unsigned long __thiscall srTimer::getUTime(enum srTimer::e_timerReadControl),exported
wiz8--gog-base--sr--cec1caf85861,sr.dll,??_7srTimer@@6B@,srTimer,,,0x77620,9,0x62430,?getRawTime@srTimer@@UAEKAAVsrQuadWord@@W4e_timerReadControl@1@@Z,"public: virtual unsigned long __thiscall srTimer::getRawTime(class srQuadWord &, enum srTimer::e_timerReadControl)",exported
wiz8--gog-base--sr--cec1caf85861,sr.dll,??_7srTimer@@6B@,srTimer,,,0x77620,10,0x623e0,?getRawTime@srTimer@@UAEKW4e_timerReadControl@1@@Z,public: virtual unsigned long __thiscall srTimer::getRawTime(enum srTimer::e_timerReadControl),exported
wiz8--gog-base--sr--cec1caf85861,sr.dll,??_7srTriangleFilter@@6B@,srTriangleFilter,,,0x75388,0,0x3710,,,internal
wiz8--gog-base--sr--cec1caf85861,sr.dll,??_7srTriangleFilter@@6B@,srTriangleFilter,,,0x75388,1,0x36a0,?getName@srTriangleFilter@@UBEPBDXZ,public: virtual char const * __thiscall srTriangleFilter::getName(void) const,exported
wiz8--gog-base--sr--cec1caf85861,sr.dll,??_7srTriangleFilter@@6B@,srTriangleFilter,,,0x75388,2,0x3340,?getWeight@srTriangleFilter@@UBENN@Z,public: virtual double __thiscall srTriangleFilter::getWeight(double) const,exported
wiz8--gog-base--sr--cec1caf85861,sr.dll,??_7srTriangleFilter@@6B@,srTriangleFilter,,,0x75388,3,0x3400,?getSupport@srTriangleFilter@@UBENXZ,public: virtual double __thiscall srTriangleFilter::getSupport(void) const,exported
wiz8--gog-base--sr--cec1caf85861,sr.dll,??_7srVariableTimer@@6B@,srVariableTimer,,,0x77668,0,0x633f0,,,internal
wiz8--gog-base--sr--cec1caf85861,sr.dll,??_7srVariableTimer@@6B@,srVariableTimer,,,0x77668,1,0x640e0,?getAscTime@srVariableTimer@@UAEPADPADW4e_timerReadControl@srTimer@@@Z,"public: virtual char * __thiscall srVariableTimer::getAscTime(char *, enum srTimer::e_timerReadControl)",exported
wiz8--gog-base--sr--cec1caf85861,sr.dll,??_7srVariableTimer@@6B@,srVariableTimer,,,0x77668,2,0x63dc0,?pause@srVariableTimer@@UAEHXZ,public: virtual int __thiscall srVariableTimer::pause(void),exported
wiz8--gog-base--sr--cec1caf85861,sr.dll,??_7srVariableTimer@@6B@,srVariableTimer,,,0x77668,3,0x63de0,?resume@srVariableTimer@@UAEKXZ,public: virtual unsigned long __thiscall srVariableTimer::resume(void),exported
wiz8--gog-base--sr--cec1caf85861,sr.dll,??_7srVariableTimer@@6B@,srVariableTimer,,,0x77668,4,0x63870,?reset@srVariableTimer@@UAEHHHH@Z,"public: virtual int __thiscall srVariableTimer::reset(int, int, int)",exported
wiz8--gog-base--sr--cec1caf85861,sr.dll,??_7srVariableTimer@@6B@,srVariableTimer,,,0x77668,5,0x64010,?getMsTime@srVariableTimer@@UAEKW4e_timerReadControl@srTimer@@@Z,public: virtual unsigned long __thiscall srVariableTimer::getMsTime(enum srTimer::e_timerReadControl),exported
wiz8--gog-base--sr--cec1caf85861,sr.dll,??_7srVariableTimer@@6B@,srVariableTimer,,,0x77668,6,0x63ee0,?getTime@srVariableTimer@@UAENW4e_timerReadControl@srTimer@@@Z,public: virtual double __thiscall srVariableTimer::getTime(enum srTimer::e_timerReadControl),exported
wiz8--gog-base--sr--cec1caf85861,sr.dll,??_7srVariableTimer@@6B@,srVariableTimer,,,0x77668,7,0x64070,?getUTime@srVariableTimer@@UAEKAAVsrQuadWord@@W4e_timerReadControl@srTimer@@@Z,"public: virtual unsigned long __thiscall srVariableTimer::getUTime(class srQuadWord &, enum srTimer::e_timerReadControl)",exported
wiz8--gog-base--sr--cec1caf85861,sr.dll,??_7srVariableTimer@@6B@,srVariableTimer,,,0x77668,8,0x63e00,?getUTime@srVariableTimer@@UAEKW4e_timerReadControl@srTimer@@@Z,public: virtual unsigned long __thiscall srVariableTimer::getUTime(enum srTimer::e_timerReadControl),exported
wiz8--gog-base--sr--cec1caf85861,sr.dll,??_7srVariableTimer@@6B@,srVariableTimer,,,0x77668,9,0x64190,?getRawTime@srVariableTimer@@UAEKAAVsrQuadWord@@W4e_timerReadControl@srTimer@@@Z,"public: virtual unsigned long __thiscall srVariableTimer::getRawTime(class srQuadWord &, enum srTimer::e_timerReadControl)",exported
wiz8--gog-base--sr--cec1caf85861,sr.dll,??_7srVariableTimer@@6B@,srVariableTimer,,,0x77668,10,0x64150,?getRawTime@srVariableTimer@@UAEKW4e_timerReadControl@srTimer@@@Z,public: virtual unsigned long __thiscall srVariableTimer::getRawTime(enum srTimer::e_timerReadControl),exported
wiz8--gog-base--sr--cec1caf85861,sr.dll,??_7srWindowOut@@6B@,srWindowOut,,,0x76e20,0,0x47bf0,,,internal
wiz8--gog-base--srhximporter--db83029ad30f,Dll/srHXImporter.dll,??_7srMAXModelInstance@@6B?$srClassSupport@VsrModelInstance@@VsrNode@@$0A@$0BBAA@@@@,srMAXModelInstance,,"srClassSupport<class srModelInstance, class srNode, 0, 4352>",0xb53c,0,0x7bc0,?sGetClassName@srMAXModelInstance@@SAPBDXZ,public: static char const * __cdecl srMAXModelInstance::sGetClassName(void),exported
wiz8--gog-base--srhximporter--db83029ad30f,Dll/srHXImporter.dll,??_7srMAXModelInstance@@6B?$srClassSupport@VsrModelInstance@@VsrNode@@$0A@$0BBAA@@@@,srMAXModelInstance,,"srClassSupport<class srModelInstance, class srNode, 0, 4352>",0xb53c,1,0x7bb0,,,internal
wiz8--gog-base--srhximporter--db83029ad30f,Dll/srHXImporter.dll,??_7srMAXModelInstance@@6B?$srClassSupport@VsrModelInstance@@VsrNode@@$0A@$0BBAA@@@@,srMAXModelInstance,,"srClassSupport<class srModelInstance, class srNode, 0, 4352>",0xb53c,2,0x7bd0,,,internal
wiz8--gog-base--srhximporter--db83029ad30f,Dll/srHXImporter.dll,??_7srMAXModelInstance@@6B?$srClassSupport@VsrModelInstance@@VsrNode@@$0A@$0BBAA@@@@,srMAXModelInstance,,"srClassSupport<class srModelInstance, class srNode, 0, 4352>",0xb53c,3,0x8900,?dump@srMAXModelInstance@@UAEXAAV?$basic_ostream@DU?$char_traits@D@std@@@std@@@Z,"public: virtual void __thiscall srMAXModelInstance::dump(class std::basic_ostream<char, struct std::char_traits<char>> &)",exported
wiz8--gog-base--srhximporter--db83029ad30f,Dll/srHXImporter.dll,??_7srMAXModelInstance@@6B?$srClassSupport@VsrModelInstance@@VsrNode@@$0A@$0BBAA@@@@,srMAXModelInstance,,"srClassSupport<class srModelInstance, class srNode, 0, 4352>",0xb53c,4,0x9b3c,,,internal
wiz8--gog-base--srhximporter--db83029ad30f,Dll/srHXImporter.dll,??_7srMAXModelInstance@@6B?$srClassSupport@VsrModelInstance@@VsrNode@@$0A@$0BBAA@@@@,srMAXModelInstance,,"srClassSupport<class srModelInstance, class srNode, 0, 4352>",0xb53c,5,0x7f80,,,internal
wiz8--gog-base--srhximporter--db83029ad30f,Dll/srHXImporter.dll,??_7srMAXModelInstance@@6B?$srClassSupport@VsrModelInstance@@VsrNode@@$0A@$0BBAA@@@@,srMAXModelInstance,,"srClassSupport<class srModelInstance, class srNode, 0, 4352>",0xb53c,6,0x79c0,?vInstance@srMAXModelInstance@@UAEPAVsrClass@@XZ,public: virtual class srClass * __thiscall srMAXModelInstance::vInstance(void),exported
wiz8--gog-base--srhximporter--db83029ad30f,Dll/srHXImporter.dll,??_7srMAXModelInstance@@6B?$srClassSupport@VsrModelInstance@@VsrNode@@$0A@$0BBAA@@@@,srMAXModelInstance,,"srClassSupport<class srModelInstance, class srNode, 0, 4352>",0xb53c,7,0x7c70,,,internal
wiz8--gog-base--srhximporter--db83029ad30f,Dll/srHXImporter.dll,??_7srMAXModelInstance@@6B?$srClassSupport@VsrModelInstance@@VsrNode@@$0A@$0BBAA@@@@,srMAXModelInstance,,"srClassSupport<class srModelInstance, class srNode, 0, 4352>",0xb53c,8,0x9bc6,,,internal
wiz8--gog-base--srhximporter--db83029ad30f,Dll/srHXImporter.dll,??_7srMAXModelInstance@@6B?$srClassSupport@VsrModelInstance@@VsrNode@@$0A@$0BBAA@@@@,srMAXModelInstance,,"srClassSupport<class srModelInstance, class srNode, 0, 4352>",0xb53c,9,0x8500,?process@srMAXModelInstance@@UAEXABUProcessInfo@srNode@@W4e_processType@3@@Z,"public: virtual void __thiscall srMAXModelInstance::process(struct srNode::ProcessInfo const &, enum srNode::e_processType)",exported
wiz8--gog-base--srhximporter--db83029ad30f,Dll/srHXImporter.dll,??_7srMAXModelInstance@@6B?$srClassSupport@VsrModelInstance@@VsrNode@@$0A@$0BBAA@@@@,srMAXModelInstance,,"srClassSupport<class srModelInstance, class srNode, 0, 4352>",0xb53c,10,0x9bba,,,internal
wiz8--gog-base--srhximporter--db83029ad30f,Dll/srHXImporter.dll,??_7srMAXModelInstance@@6B?$srClassSupport@VsrModelInstance@@VsrNode@@$0A@$0BBAA@@@@,srMAXModelInstance,,"srClassSupport<class srModelInstance, class srNode, 0, 4352>",0xb53c,11,0x9b4e,,,internal
wiz8--gog-base--srhximporter--db83029ad30f,Dll/srHXImporter.dll,??_7srMAXModelInstance@@6B?$srClassSupport@VsrModelInstance@@VsrNode@@$0A@$0BBAA@@@@,srMAXModelInstance,,"srClassSupport<class srModelInstance, class srNode, 0, 4352>",0xb53c,12,0x9b48,,,internal
wiz8--gog-base--srhximporter--db83029ad30f,Dll/srHXImporter.dll,??_7srMAXModelInstance@@6BClient@srModel@@@,srMAXModelInstance,,srModel::Client,0xb52c,0,0x81d0,,,internal
wiz8--gog-base--srhximporter--db83029ad30f,Dll/srHXImporter.dll,??_7srMAXModelInstance@@6BClient@srModel@@@,srMAXModelInstance,,srModel::Client,0xb52c,1,0x9bb4,,,internal
wiz8--gog-base--srhximporter--db83029ad30f,Dll/srHXImporter.dll,??_7srMAXModelInstance@@6BClient@srModel@@@,srMAXModelInstance,,srModel::Client,0xb52c,2,0x9bae,,,internal
wiz8--gog-base--srhximporter--db83029ad30f,Dll/srHXImporter.dll,??_7srMAXModelInstance@@6BClient@srModel@@@,srMAXModelInstance,,srModel::Client,0xb52c,3,0x9ba8,,,internal
wiz8--gog-base--srhximporter--db83029ad30f,Dll/srHXImporter.dll,??_7srMAXMorphModel@@6B@,srMAXMorphModel,,,0xb2a0,0,0x1930,?sGetClassName@srMAXMorphModel@@SAPBDXZ,public: static char const * __cdecl srMAXMorphModel::sGetClassName(void),exported
wiz8--gog-base--srhximporter--db83029ad30f,Dll/srHXImporter.dll,??_7srMAXMorphModel@@6B@,srMAXMorphModel,,,0xb2a0,1,0x1c50,,,internal
wiz8--gog-base--srhximporter--db83029ad30f,Dll/srHXImporter.dll,??_7srMAXMorphModel@@6B@,srMAXMorphModel,,,0xb2a0,2,0x1c60,,,internal
wiz8--gog-base--srhximporter--db83029ad30f,Dll/srHXImporter.dll,??_7srMAXMorphModel@@6B@,srMAXMorphModel,,,0xb2a0,3,0x8bf0,?dump@srMAXMorphModel@@UAEXAAV?$basic_ostream@DU?$char_traits@D@std@@@std@@@Z,"public: virtual void __thiscall srMAXMorphModel::dump(class std::basic_ostream<char, struct std::char_traits<char>> &)",exported
wiz8--gog-base--srhximporter--db83029ad30f,Dll/srHXImporter.dll,??_7srMAXMorphModel@@6B@,srMAXMorphModel,,,0xb2a0,4,0x9aca,,,internal
wiz8--gog-base--srhximporter--db83029ad30f,Dll/srHXImporter.dll,??_7srMAXMorphModel@@6B@,srMAXMorphModel,,,0xb2a0,5,0x1e40,,,internal
wiz8--gog-base--srhximporter--db83029ad30f,Dll/srHXImporter.dll,??_7srMAXMorphModel@@6B@,srMAXMorphModel,,,0xb2a0,6,0x18b0,?vInstance@srMAXMorphModel@@UAEPAVsrClass@@XZ,public: virtual class srClass * __thiscall srMAXMorphModel::vInstance(void),exported
wiz8--gog-base--srhximporter--db83029ad30f,Dll/srHXImporter.dll,??_7srMAXMorphModel@@6B@,srMAXMorphModel,,,0xb2a0,7,0x1d00,,,internal
wiz8--gog-base--srhximporter--db83029ad30f,Dll/srHXImporter.dll,??_7srMAXMorphModel@@6B@,srMAXMorphModel,,,0xb2a0,8,0x9ac4,,,internal
wiz8--gog-base--srhximporter--db83029ad30f,Dll/srHXImporter.dll,??_7srMAXMorphModel@@6B@,srMAXMorphModel,,,0xb2a0,9,0x9abe,,,internal
wiz8--gog-base--srhximporter--db83029ad30f,Dll/srHXImporter.dll,??_7srMAXMorphModel@@6B@,srMAXMorphModel,,,0xb2a0,10,0x9610,?render@srMAXMorphModel@@UAEXAAVsrGERD@@@Z,public: virtual void __thiscall srMAXMorphModel::render(class srGERD &),exported
wiz8--gog-base--srhximporter--db83029ad30f,Dll/srHXImporter.dll,??_7srMAXMorphModel@@6B@,srMAXMorphModel,,,0xb2a0,11,0x9ab8,,,internal
wiz8--gog-base--srhximporter--db83029ad30f,Dll/srHXImporter.dll,??_7srMAXMorphModel@@6B@,srMAXMorphModel,,,0xb2a0,12,0x9ab2,,,internal
wiz8--gog-base--srhximporter--db83029ad30f,Dll/srHXImporter.dll,??_7srMAXMorphModel@@6B@,srMAXMorphModel,,,0xb2a0,13,0x98a0,?reindexVertices@srMAXMorphModel@@UAEXPBK@Z,public: virtual void __thiscall srMAXMorphModel::reindexVertices(unsigned long const *),exported
wiz8--gog-base--srhximporter--db83029ad30f,Dll/srHXImporter.dll,??_7srMAXMorphModel@@6B@,srMAXMorphModel,,,0xb2a0,14,0x9aac,,,internal
wiz8--gog-base--srhximporter--db83029ad30f,Dll/srHXImporter.dll,??_7srMAXMorphModel@@6B@,srMAXMorphModel,,,0xb2a0,15,0x9aa6,,,internal
wiz8--gog-base--srhximporter--db83029ad30f,Dll/srHXImporter.dll,??_7srMAXMorphModel@@6B@,srMAXMorphModel,,,0xb2a0,16,0x9aa0,,,internal
wiz8--gog-base--srhximporter--db83029ad30f,Dll/srHXImporter.dll,??_7srMAXMorphModel@@6B@,srMAXMorphModel,,,0xb2a0,17,0x9a9a,,,internal
wiz8--gog-base--srhximporter--db83029ad30f,Dll/srHXImporter.dll,??_7srMAXMorphModel@@6B@,srMAXMorphModel,,,0xb2a0,18,0x9250,?calculateBounds@srMAXMorphModel@@UAEXXZ,public: virtual void __thiscall srMAXMorphModel::calculateBounds(void),exported
wiz8--gog-base--srhximporter--db83029ad30f,Dll/srHXImporter.dll,??_7srMAXMorphModel@@6B@,srMAXMorphModel,,,0xb2a0,19,0x9a94,,,internal
wiz8--gog-base--srhximporter--db83029ad30f,Dll/srHXImporter.dll,??_7srMAXMorphModel@@6B@,srMAXMorphModel,,,0xb2a0,20,0x9a8e,,,internal
