program,call_site,call_kind,function_start,source_path,line,expression,message
wiz8--demo--wiz8--8acda50afe39,0041b5a1,direct,0041ae10,E:\Wizardry 8\Engine Code\GameData.cpp,591,lCollisions < 100,
wiz8--demo--wiz8--8acda50afe39,0041c9ea,register-indirect,0041c9c0,E:\Wizardry 8\Engine Code\GameData.cpp,1244,iID && iID < m_iNumInterfaces,
wiz8--demo--wiz8--8acda50afe39,0041ca1c,register-indirect,0041c9c0,E:\Wizardry 8\Engine Code\GameData.cpp,1246,(m_pInterfaces[iID].iStates + iStates) <= m_iNumStates,
wiz8--demo--wiz8--8acda50afe39,0041ccfd,direct,0041cc70,E:\Wizardry 8\Engine Code\GameData.cpp,1385,pstMeshModel,
wiz8--demo--wiz8--8acda50afe39,0041f618,direct,0041f5b0,E:\Wizardry 8\Engine Code\GameData.cpp,2735,gpGDCamera,
wiz8--demo--wiz8--8acda50afe39,00424349,direct,00424290,E:\Wizardry 8\Engine Code\Video2.cpp,1591,psrMouseSurface,
wiz8--demo--wiz8--8acda50afe39,004243c2,direct,00424290,E:\Wizardry 8\Engine Code\Video2.cpp,1585,psrMouseSurface,
wiz8--demo--wiz8--8acda50afe39,00424438,direct,00424290,E:\Wizardry 8\Engine Code\Video2.cpp,1597,psrMouseSurface,
wiz8--demo--wiz8--8acda50afe39,0042a897,direct,0042a870,E:\Wizardry 8\Engine Code\Levels.cpp,233,ulLevel < TEST_LEVEL_COUNT,
wiz8--demo--wiz8--8acda50afe39,0042ac36,direct,0042ac00,E:\Wizardry 8\Engine Code\Levels.cpp,381,iLevel < TEST_LEVEL_COUNT,
wiz8--demo--wiz8--8acda50afe39,0042b7aa,direct,0042b510,E:\Wizardry 8\Engine Code\Levels.cpp,895,pMat,
wiz8--demo--wiz8--8acda50afe39,0042c4c7,direct,0042c3f0,E:\Wizardry 8\Engine Code\Octree.cpp,159,hOctFile,ReadOctFile: Couldn't open octree file.
wiz8--demo--wiz8--8acda50afe39,0042c53e,direct,0042c3f0,E:\Wizardry 8\Engine Code\Octree.cpp,168,fSuccess && (uiTerminator==0xffffffff),ReadOctFile: Header of Oct file longer than expected.
wiz8--demo--wiz8--8acda50afe39,0042cca2,direct,0042c3f0,E:\Wizardry 8\Engine Code\Octree.cpp,347,fSuccess && (uiTerminator==0xffffffff),ReadOctFile: PreRegions longer than expected.
wiz8--demo--wiz8--8acda50afe39,0042cda7,direct,0042c3f0,E:\Wizardry 8\Engine Code\Octree.cpp,373,(i2 < 10000),
wiz8--demo--wiz8--8acda50afe39,0042ce6a,direct,0042c3f0,E:\Wizardry 8\Engine Code\Octree.cpp,390,m_pAlphaBits,ReadOctFile: Failure allocating Alpha Bits.
wiz8--demo--wiz8--8acda50afe39,0042ce9b,direct,0042c3f0,E:\Wizardry 8\Engine Code\Octree.cpp,391,m_pAlphaBits->Load(hOctFile),ReadOctFile: Failure reading Alpha Bits.
wiz8--demo--wiz8--8acda50afe39,0042ceec,direct,0042c3f0,E:\Wizardry 8\Engine Code\Octree.cpp,397,m_pusMeshParticleLookup,ReadOctFile: Couldn't allocate Mesh Particle Lookup Table.
wiz8--demo--wiz8--8acda50afe39,0042cf8b,direct,0042c3f0,E:\Wizardry 8\Engine Code\Octree.cpp,404,m_pusMeshParticles,ReadOctFile: Couldn't allocate Mesh Particle Link Table.
wiz8--demo--wiz8--8acda50afe39,0042d030,direct,0042c3f0,E:\Wizardry 8\Engine Code\Octree.cpp,413,m_pusMeshPropLookup,ReadOctFile: Couldn't allocate Mesh Prop Lookup Table.
wiz8--demo--wiz8--8acda50afe39,0042d0d5,register-indirect,0042c3f0,E:\Wizardry 8\Engine Code\Octree.cpp,420,m_pusMeshProps,ReadOctFile: Couldn't allocate Mesh Prop Link Table.
wiz8--demo--wiz8--8acda50afe39,0042d17e,register-indirect,0042c3f0,E:\Wizardry 8\Engine Code\Octree.cpp,430,fSuccess && (uiTerminator==0xffffffff),"ReadOctFile: Mesh, Prop, and Particle data longer than expected."
wiz8--demo--wiz8--8acda50afe39,0042d284,register-indirect,0042c3f0,E:\Wizardry 8\Engine Code\Octree.cpp,449,m_pPropSunBits,ReadOctFile: Couldn't allocate Prop Sun Bits.
wiz8--demo--wiz8--8acda50afe39,0042d2ad,register-indirect,0042c3f0,E:\Wizardry 8\Engine Code\Octree.cpp,450,m_pPropSunBits->Load(hOctFile),ReadOctFile: Failure reading Prop Sun Bits.
wiz8--demo--wiz8--8acda50afe39,0042d45f,direct,0042c3f0,E:\Wizardry 8\Engine Code\Octree.cpp,478,fSuccess && (uiTerminator==0xffffffff),ReadOctFile: GameData portion of Oct file longer than expected.
wiz8--demo--wiz8--8acda50afe39,0042e5a7,direct,0042da80,E:\Wizardry 8\Engine Code\Octree.cpp,870,m_pfRegsVisited,InitOctree: Couldn't allocate m_pfRegsVisited.
wiz8--demo--wiz8--8acda50afe39,0042e600,direct,0042da80,E:\Wizardry 8\Engine Code\Octree.cpp,878,m_aulGDObjs,InitOctree: Couldn't allocate m_aulGDObjs.
wiz8--demo--wiz8--8acda50afe39,0042ec51,direct,0042ec20,E:\Wizardry 8\Engine Code\Octree.cpp,1153,m_usNumPropsLoaded<(UINT16)m_ulNumProps,Too many props loaded for Octree
wiz8--demo--wiz8--8acda50afe39,0042ecd1,direct,0042eca0,E:\Wizardry 8\Engine Code\Octree.cpp,1177,m_usNumParticlesLoaded<(UINT16)m_ulNumParticles,Too many particles loaded for Octree
wiz8--demo--wiz8--8acda50afe39,004312bb,direct,00431250,E:\Wizardry 8\Engine Code\Octree.cpp,2563,usProp<=m_usMeshParticlesLen,Particle lookup index out of range
wiz8--demo--wiz8--8acda50afe39,00431367,direct,00431250,E:\Wizardry 8\Engine Code\Octree.cpp,2583,usProp<=m_usMeshPropsLen,Prop lookup index out of range
wiz8--demo--wiz8--8acda50afe39,0043c054,direct,0043bfc0,E:\Wizardry 8\Engine Code\BitArray.cpp,55,puiIndex,BitArray: Couldn't allocate bit index.
wiz8--demo--wiz8--8acda50afe39,0043c151,direct,0043c0a0,E:\Wizardry 8\Engine Code\BitArray.cpp,85,puiIndex,BitArray: Couldn't allocate bit index.
wiz8--demo--wiz8--8acda50afe39,0043ca89,direct,0043ca00,E:\Wizardry 8\Engine Code\BitArray.cpp,737,pulNewArray,BitArray Expansion: Couldn't allocate bit index.
wiz8--demo--wiz8--8acda50afe39,0043d0d1,direct,0043d0a0,E:\Wizardry 8\Engine Code\Trigger.cpp,383,hFile,
wiz8--demo--wiz8--8acda50afe39,0043d426,direct,0043d0a0,E:\Wizardry 8\Engine Code\Trigger.cpp,492,hFile,
wiz8--demo--wiz8--8acda50afe39,0043d571,direct,0043d0a0,E:\Wizardry 8\Engine Code\Trigger.cpp,519,pDoor,
wiz8--demo--wiz8--8acda50afe39,0043e623,direct,0043e560,E:\Wizardry 8\Engine Code\Trigger.cpp,4315,iVar != BAD_INDEX,
wiz8--demo--wiz8--8acda50afe39,0043e6f9,direct,0043e560,E:\Wizardry 8\Engine Code\Trigger.cpp,4315,iVar != BAD_INDEX,
wiz8--demo--wiz8--8acda50afe39,0043ecaa,direct,0043eb60,E:\Wizardry 8\Engine Code\Trigger.cpp,1526,m_pEvent,
wiz8--demo--wiz8--8acda50afe39,0043ed1b,direct,0043eb60,E:\Wizardry 8\Engine Code\Trigger.cpp,1535,glsTimedEvents.Find(m_pEvent) == -1,
wiz8--demo--wiz8--8acda50afe39,0043ee17,register-indirect,0043eb60,E:\Wizardry 8\Engine Code\Trigger.cpp,4315,iVar != BAD_INDEX,
wiz8--demo--wiz8--8acda50afe39,0043ee60,register-indirect,0043eb60,E:\Wizardry 8\Engine Code\Trigger.cpp,4315,iVar != BAD_INDEX,
wiz8--demo--wiz8--8acda50afe39,0043eea8,register-indirect,0043eb60,E:\Wizardry 8\Engine Code\Trigger.cpp,4315,iVar != BAD_INDEX,
wiz8--demo--wiz8--8acda50afe39,0043eee8,register-indirect,0043eb60,E:\Wizardry 8\Engine Code\Trigger.cpp,4315,iVar != BAD_INDEX,
wiz8--demo--wiz8--8acda50afe39,0043ef30,register-indirect,0043eb60,E:\Wizardry 8\Engine Code\Trigger.cpp,4315,iVar != BAD_INDEX,
wiz8--demo--wiz8--8acda50afe39,0043ef78,register-indirect,0043eb60,E:\Wizardry 8\Engine Code\Trigger.cpp,4315,iVar != BAD_INDEX,
wiz8--demo--wiz8--8acda50afe39,0043efb4,register-indirect,0043eb60,E:\Wizardry 8\Engine Code\Trigger.cpp,4315,iVar != BAD_INDEX,
wiz8--demo--wiz8--8acda50afe39,0043f6be,direct,0043eb60,E:\Wizardry 8\Engine Code\Trigger.cpp,1422,m_pProp && m_bRepType == TRIGGER_REP_PROP,
wiz8--demo--wiz8--8acda50afe39,0043fdd9,direct,0043eb60,..\Engine Code\Include\Trigger.hpp,1005,m_bRepType == TRIGGER_REP_PROP,
wiz8--demo--wiz8--8acda50afe39,0043fe68,direct,0043eb60,..\Engine Code\Include\Trigger.hpp,1005,m_bRepType == TRIGGER_REP_PROP,
wiz8--demo--wiz8--8acda50afe39,0043ff06,direct,0043eb60,..\Engine Code\Include\Trigger.hpp,1005,m_bRepType == TRIGGER_REP_PROP,
wiz8--demo--wiz8--8acda50afe39,00440466,direct,0043eb60,E:\Wizardry 8\Engine Code\Trigger.cpp,1984,m_pEvent,
wiz8--demo--wiz8--8acda50afe39,0044056b,direct,0043eb60,E:\Wizardry 8\Engine Code\Trigger.cpp,4828,m_pCountdown,
wiz8--demo--wiz8--8acda50afe39,004405fd,direct,0043eb60,E:\Wizardry 8\Engine Code\Trigger.cpp,4828,m_pCountdown,
wiz8--demo--wiz8--8acda50afe39,004406f8,direct,0043eb60,E:\Wizardry 8\Engine Code\Trigger.cpp,2016,m_lData3!=-1,Non-invisible triggers with shake camera must be timed
wiz8--demo--wiz8--8acda50afe39,004409d4,direct,0043eb60,E:\Wizardry 8\Engine Code\Trigger.cpp,2120,m_pEvent,
wiz8--demo--wiz8--8acda50afe39,00440c81,register-indirect,0043eb60,E:\Wizardry 8\Engine Code\Trigger.cpp,2171,0,Continous firing missile must be invisible trigger.
wiz8--demo--wiz8--8acda50afe39,00440cf0,register-indirect,0043eb60,E:\Wizardry 8\Engine Code\Trigger.cpp,2175,m_pEvent,
wiz8--demo--wiz8--8acda50afe39,00440e75,direct,0043eb60,E:\Wizardry 8\Engine Code\Trigger.cpp,2208,m_pEvent,
wiz8--demo--wiz8--8acda50afe39,00440f00,direct,0043eb60,E:\Wizardry 8\Engine Code\Trigger.cpp,2218,glsTimedEvents.Find(m_pEvent) == -1,
wiz8--demo--wiz8--8acda50afe39,00441078,direct,0043eb60,E:\Wizardry 8\Engine Code\Trigger.cpp,4295,iVar != BAD_INDEX,
wiz8--demo--wiz8--8acda50afe39,00441151,direct,0043eb60,E:\Wizardry 8\Engine Code\Trigger.cpp,4295,iVar != BAD_INDEX,
wiz8--demo--wiz8--8acda50afe39,00441634,direct,0043eb60,E:\Wizardry 8\Engine Code\Trigger.cpp,2364,m_pEvent,
wiz8--demo--wiz8--8acda50afe39,00441760,direct,0043eb60,E:\Wizardry 8\Engine Code\Trigger.cpp,4828,m_pCountdown,
wiz8--demo--wiz8--8acda50afe39,00441d96,register-indirect,,E:\Wizardry 8\Engine Code\Trigger.cpp,4315,iVar != BAD_INDEX,
wiz8--demo--wiz8--8acda50afe39,00441dc9,register-indirect,,E:\Wizardry 8\Engine Code\Trigger.cpp,4295,iVar != BAD_INDEX,
wiz8--demo--wiz8--8acda50afe39,00441df9,direct,,E:\Wizardry 8\Engine Code\Trigger.cpp,4295,iVar != BAD_INDEX,
wiz8--demo--wiz8--8acda50afe39,00441e27,direct,,E:\Wizardry 8\Engine Code\Trigger.cpp,4295,iVar != BAD_INDEX,
wiz8--demo--wiz8--8acda50afe39,00442425,direct,00442320,E:\Wizardry 8\Engine Code\Trigger.cpp,2818,m_pActionData,Trigger.cpp: Dark Area doesn't have action data
wiz8--demo--wiz8--8acda50afe39,00442c72,register-indirect,004429d0,E:\Wizardry 8\Engine Code\Trigger.cpp,3231,hFile,
wiz8--demo--wiz8--8acda50afe39,00442d05,register-indirect,004429d0,E:\Wizardry 8\Engine Code\Trigger.cpp,3246,pTrigger,Out of memory - Trigger::CreateAndLoadLevelTrigger
wiz8--demo--wiz8--8acda50afe39,00443d92,direct,004429d0,E:\Wizardry 8\Engine Code\Trigger.cpp,3652,pTrigger->m_pacRecipients,Out of memory - Trigger.cpp
wiz8--demo--wiz8--8acda50afe39,00444033,direct,004429d0,E:\Wizardry 8\Engine Code\Trigger.cpp,3691,pTrigger->m_pacRequiredStates,Out of memory - Trigger.cpp
wiz8--demo--wiz8--8acda50afe39,004440ac,direct,004429d0,E:\Wizardry 8\Engine Code\Trigger.cpp,3697,pTrigger->m_pacStateToMod,Out of memory - Trigger.cpp
wiz8--demo--wiz8--8acda50afe39,00444155,direct,004429d0,E:\Wizardry 8\Engine Code\Trigger.cpp,4242,pacName,
wiz8--demo--wiz8--8acda50afe39,004441f6,direct,004429d0,E:\Wizardry 8\Engine Code\Trigger.cpp,4250,pacVariableName,
wiz8--demo--wiz8--8acda50afe39,0044478f,register-indirect,004429d0,E:\Wizardry 8\Engine Code\Trigger.cpp,3856,((pTrigger->m_lData1 >= 0) && (pTrigger->m_lData1 < Missile::GetNumTypes())),
wiz8--demo--wiz8--8acda50afe39,004447c3,register-indirect,004429d0,E:\Wizardry 8\Engine Code\Trigger.cpp,3857,(pTrigger->m_lData2!=(-1)),
wiz8--demo--wiz8--8acda50afe39,00444856,register-indirect,004429d0,E:\Wizardry 8\Engine Code\Trigger.cpp,3866,pTrigger->m_pEvent,
wiz8--demo--wiz8--8acda50afe39,00444fdc,direct,00444fc0,E:\Wizardry 8\Engine Code\Trigger.cpp,4242,pacName,
wiz8--demo--wiz8--8acda50afe39,00445079,direct,00444fc0,E:\Wizardry 8\Engine Code\Trigger.cpp,4250,pacVariableName,
wiz8--demo--wiz8--8acda50afe39,004452d9,direct,00445260,E:\Wizardry 8\Engine Code\Trigger.cpp,4295,iVar != BAD_INDEX,
wiz8--demo--wiz8--8acda50afe39,00445379,direct,00445300,E:\Wizardry 8\Engine Code\Trigger.cpp,4315,iVar != BAD_INDEX,
wiz8--demo--wiz8--8acda50afe39,00445604,direct,00445540,E:\Wizardry 8\Engine Code\Trigger.cpp,4417,pacName,
wiz8--demo--wiz8--8acda50afe39,00446228,register-indirect,004461a0,E:\Wizardry 8\Engine Code\Trigger.cpp,4976,pEvent,Out of memory creating shake camera event.
wiz8--demo--wiz8--8acda50afe39,00446285,register-indirect,004461a0,E:\Wizardry 8\Engine Code\Trigger.cpp,4828,m_pCountdown,
wiz8--demo--wiz8--8acda50afe39,0044638e,direct,00446370,E:\Wizardry 8\Engine Code\Trigger.cpp,5011,pWorld,
wiz8--demo--wiz8--8acda50afe39,00446473,direct,00446430,..\Engine Code\Include\Trigger.hpp,1005,m_bRepType == TRIGGER_REP_PROP,
wiz8--demo--wiz8--8acda50afe39,004464c1,direct,00446430,E:\Wizardry 8\Engine Code\Trigger.cpp,4242,pacName,
wiz8--demo--wiz8--8acda50afe39,00446567,direct,00446430,E:\Wizardry 8\Engine Code\Trigger.cpp,4250,pacVariableName,
wiz8--demo--wiz8--8acda50afe39,00447656,direct,004475e0,E:\Wizardry 8\Engine Code\OctBuildTree.cpp,136,m_apLinkLists[m_usCurrent],GetNewLink: Couldn't allocate m_apLinkLists.
wiz8--demo--wiz8--8acda50afe39,0044899d,direct,004486a0,E:\Wizardry 8\Engine Code\GDFileIO.cpp,163,pGameData,
wiz8--demo--wiz8--8acda50afe39,00448a7b,register-indirect,004489f0,E:\Wizardry 8\Engine Code\GDFileIO.cpp,225,fSuccess,Error reading counts from WGD file.
wiz8--demo--wiz8--8acda50afe39,00448bab,direct,004489f0,E:\Wizardry 8\Engine Code\GDFileIO.cpp,258,m_pSurfaces,ReadWGDList: Could not allocate surfaces.
wiz8--demo--wiz8--8acda50afe39,00448c0a,direct,004489f0,E:\Wizardry 8\Engine Code\GDFileIO.cpp,264,pCondFaces,ReadWGDList: Could not allocate pCondFaces.
wiz8--demo--wiz8--8acda50afe39,00448c3f,direct,004489f0,E:\Wizardry 8\Engine Code\GDFileIO.cpp,266,m_ppNames,ReadWGDList: Could not allocate name list.
wiz8--demo--wiz8--8acda50afe39,00448ccd,direct,004489f0,E:\Wizardry 8\Engine Code\GDFileIO.cpp,274,m_pSurfaces,ReadWGDList: Could not allocate surfaces.
wiz8--demo--wiz8--8acda50afe39,00448d2a,direct,004489f0,E:\Wizardry 8\Engine Code\GDFileIO.cpp,284,fSuccess,Error reading vertex from WGD file.
wiz8--demo--wiz8--8acda50afe39,00448e96,direct,004489f0,E:\Wizardry 8\Engine Code\GDFileIO.cpp,318,(tfFace.iVersion == 2 ),Wrong version of WGD data--Get new plugin.
wiz8--demo--wiz8--8acda50afe39,00448ef9,direct,004489f0,E:\Wizardry 8\Engine Code\GDFileIO.cpp,322,fSuccess,Error reading face from WGD file.
wiz8--demo--wiz8--8acda50afe39,00449143,direct,004489f0,E:\Wizardry 8\Engine Code\GDFileIO.cpp,387,m_ppNames[i2],ReadWGDList: Couldn't allocate name string.
wiz8--demo--wiz8--8acda50afe39,00449383,direct,004489f0,E:\Wizardry 8\Engine Code\GDFileIO.cpp,475,m_pInterfaces,CompileGDInterfaces: Couldn't allocate GD Interfaces.
wiz8--demo--wiz8--8acda50afe39,00449587,direct,004489f0,E:\Wizardry 8\Engine Code\GDFileIO.cpp,522,m_pStates,CompileGDInterfaces: Couldn't allocate GDState array.
wiz8--demo--wiz8--8acda50afe39,004495dc,direct,004489f0,E:\Wizardry 8\Engine Code\GDFileIO.cpp,525,m_piCondPolys,CompileGDInterfaces: Couldn't allocate Conditional poly array.
wiz8--demo--wiz8--8acda50afe39,004496f2,register-indirect,004489f0,E:\Wizardry 8\Engine Code\GDFileIO.cpp,594,m_ppTriggers,AddTriggerPlane: Couldn't allocate trigger array.
wiz8--demo--wiz8--8acda50afe39,00449716,register-indirect,004489f0,E:\Wizardry 8\Engine Code\GDFileIO.cpp,597,(iTriggerCount < m_iNumTriggers),AddTriggerPlane: Too many triggers for trigger array.
wiz8--demo--wiz8--8acda50afe39,00449777,register-indirect,004489f0,E:\Wizardry 8\Engine Code\GDFileIO.cpp,607,m_pTrigSurfaces,AddTriggerPlane: Couldn't allocate trigger surfaces.
wiz8--demo--wiz8--8acda50afe39,004497a8,register-indirect,004489f0,E:\Wizardry 8\Engine Code\GDFileIO.cpp,609,m_pTrigVertices,AddTriggerPlane: Couldn't allocate trigger vertices.
wiz8--demo--wiz8--8acda50afe39,004497d4,register-indirect,004489f0,E:\Wizardry 8\Engine Code\GDFileIO.cpp,611,m_ppTriggers,AddTriggerPlane: Couldn't allocate trigger array.
wiz8--demo--wiz8--8acda50afe39,004497fc,register-indirect,004489f0,E:\Wizardry 8\Engine Code\GDFileIO.cpp,616,(m_iNumTrigSurfaces < MAX_TRIG_SURFACES),
wiz8--demo--wiz8--8acda50afe39,004499c4,register-indirect,00449980,E:\Wizardry 8\Engine Code\GDFileIO.cpp,703,m_pTrigSurfaces,AddTriggerPlane: Couldn't allocate trigger surfaces.
wiz8--demo--wiz8--8acda50afe39,004499f5,register-indirect,00449980,E:\Wizardry 8\Engine Code\GDFileIO.cpp,705,m_pTrigVertices,AddTriggerPlane: Couldn't allocate trigger vertices.
wiz8--demo--wiz8--8acda50afe39,00449a1f,register-indirect,00449980,E:\Wizardry 8\Engine Code\GDFileIO.cpp,707,m_ppTriggers,AddTriggerPlane: Couldn't allocate trigger array.
wiz8--demo--wiz8--8acda50afe39,00449a46,register-indirect,00449980,E:\Wizardry 8\Engine Code\GDFileIO.cpp,712,(m_iNumTrigSurfaces < MAX_TRIG_SURFACES),
wiz8--demo--wiz8--8acda50afe39,00449c34,direct,00449bd0,E:\Wizardry 8\Engine Code\GDFileIO.cpp,791,pNewVertices,IntegrateTriggers: Couldn't allocate new vertex array.
wiz8--demo--wiz8--8acda50afe39,00449ce6,direct,00449bd0,E:\Wizardry 8\Engine Code\GDFileIO.cpp,808,pNewSurfaces,IntegrateTriggers: Couldn't allocate new surface array.
wiz8--demo--wiz8--8acda50afe39,00449e3f,direct,00449bd0,E:\Wizardry 8\Engine Code\GDFileIO.cpp,845,pNewVertices,IntegrateTriggers: Couldn't allocate new vertex array.
wiz8--demo--wiz8--8acda50afe39,00449ef6,direct,00449bd0,E:\Wizardry 8\Engine Code\GDFileIO.cpp,861,pNewSurfaces,IntegrateTriggers: Couldn't allocate new surface array.
wiz8--demo--wiz8--8acda50afe39,0044a037,register-indirect,00449ff0,E:\Wizardry 8\Engine Code\GDFileIO.cpp,940,m_pTrigSurfaces,AddTriggerPlane: Couldn't allocate trigger surfaces.
wiz8--demo--wiz8--8acda50afe39,0044a068,register-indirect,00449ff0,E:\Wizardry 8\Engine Code\GDFileIO.cpp,942,m_pTrigVertices,AddTriggerPlane: Couldn't allocate trigger vertices.
wiz8--demo--wiz8--8acda50afe39,0044a092,register-indirect,00449ff0,E:\Wizardry 8\Engine Code\GDFileIO.cpp,944,m_ppTriggers,AddTriggerPlane: Couldn't allocate trigger array.
wiz8--demo--wiz8--8acda50afe39,0044a0b9,register-indirect,00449ff0,E:\Wizardry 8\Engine Code\GDFileIO.cpp,949,(m_iNumTrigSurfaces < MAX_TRIG_SURFACES),
wiz8--demo--wiz8--8acda50afe39,0044a23a,direct,0044a1f0,E:\Wizardry 8\Engine Code\GDFileIO.cpp,1000,ppTempEnvirons,
wiz8--demo--wiz8--8acda50afe39,0044a4df,direct,0044a1f0,E:\Wizardry 8\Engine Code\GDFileIO.cpp,1085,m_ppEnvirons,
wiz8--demo--wiz8--8acda50afe39,0044a62d,register-indirect,0044a1f0,E:\Wizardry 8\Engine Code\GDFileIO.cpp,1121,fSuccess,ReadProcessedGameData: Couldn't read GameData info.
wiz8--demo--wiz8--8acda50afe39,0044a663,register-indirect,0044a1f0,E:\Wizardry 8\Engine Code\GDFileIO.cpp,1128,(FileGD.iVersion == GAMEDATA_VERSION),
wiz8--demo--wiz8--8acda50afe39,0044a777,register-indirect,0044a1f0,E:\Wizardry 8\Engine Code\GDFileIO.cpp,1151,m_pVertices,ReadProcessedGameData: Couldn't allocate vertices.
wiz8--demo--wiz8--8acda50afe39,0044a7b4,register-indirect,0044a1f0,E:\Wizardry 8\Engine Code\GDFileIO.cpp,1155,fSuccess,
wiz8--demo--wiz8--8acda50afe39,0044a7ee,register-indirect,0044a1f0,E:\Wizardry 8\Engine Code\GDFileIO.cpp,1160,m_pSurfaces,ReadProcessedGameData: Couldn't allocate pSurfaces.
wiz8--demo--wiz8--8acda50afe39,0044a82e,register-indirect,0044a1f0,E:\Wizardry 8\Engine Code\GDFileIO.cpp,1164,fSuccess,ReadProcessedGameData: Couldn't read Surface info.
wiz8--demo--wiz8--8acda50afe39,0044aa7b,direct,0044a1f0,E:\Wizardry 8\Engine Code\GDFileIO.cpp,1210,m_ppEnvirons[i],ReadProcessedGameData: Couldn't allocate environment.
wiz8--demo--wiz8--8acda50afe39,0044aabd,direct,0044a1f0,E:\Wizardry 8\Engine Code\GDFileIO.cpp,1214,fSuccess,ReadProcessedGameData: Couldn't read GD_Environ.
wiz8--demo--wiz8--8acda50afe39,0044c2c2,direct,0044c270,E:\Wizardry 8\Engine Code\Prop.cpp,170,pInfo && pInfo->hFile && pProp,
wiz8--demo--wiz8--8acda50afe39,0044c3a3,direct,0044c270,E:\Wizardry 8\Engine Code\Prop.cpp,209,pAniMesh,
wiz8--demo--wiz8--8acda50afe39,0044c3d3,direct,0044c270,E:\Wizardry 8\Engine Code\Prop.cpp,212,fSuccess,
wiz8--demo--wiz8--8acda50afe39,0044c615,direct,0044c270,E:\Wizardry 8\Engine Code\Prop.cpp,283,(usTemp < (UINT16)ubNumFrames),
wiz8--demo--wiz8--8acda50afe39,0044c9a9,direct,0044c270,E:\Wizardry 8\Engine Code\Prop.cpp,382,psrMesh,
wiz8--demo--wiz8--8acda50afe39,0044ca30,direct,0044c270,E:\Wizardry 8\Engine Code\Prop.cpp,398,psrMesh,
wiz8--demo--wiz8--8acda50afe39,0044cf21,direct,0044cec0,E:\Wizardry 8\Engine Code\Prop.cpp,703,lSegment!=(-1),
wiz8--demo--wiz8--8acda50afe39,0044d1f9,register-indirect,0044cfa0,E:\Wizardry 8\Engine Code\Prop.cpp,778,m_pRep,Prop::Prop() out of memory allocating m_pRep
wiz8--demo--wiz8--8acda50afe39,0044d217,register-indirect,0044cfa0,E:\Wizardry 8\Engine Code\Prop.cpp,779,m_pTimer,Prop::Prop() out of memory allocating m_pTimer
wiz8--demo--wiz8--8acda50afe39,0044d327,register-indirect,0044d260,E:\Wizardry 8\Engine Code\Prop.cpp,832,pInfo,
wiz8--demo--wiz8--8acda50afe39,0044d372,register-indirect,0044d260,E:\Wizardry 8\Engine Code\Prop.cpp,836,pProp,
wiz8--demo--wiz8--8acda50afe39,0044d5c0,direct,0044d260,E:\Wizardry 8\Engine Code\Prop.cpp,983,pWorld,
wiz8--demo--wiz8--8acda50afe39,0044d638,direct,0044d260,E:\Wizardry 8\Engine Code\Prop.cpp,998,psrMesh,
wiz8--demo--wiz8--8acda50afe39,0044da80,direct,0044da10,E:\Wizardry 8\Engine Code\Prop.cpp,1387,psrMesh,
wiz8--demo--wiz8--8acda50afe39,0044db79,direct,0044da10,E:\Wizardry 8\Engine Code\Prop.cpp,1405,psrMesh,
wiz8--demo--wiz8--8acda50afe39,0044dc06,direct,0044dbd0,E:\Wizardry 8\Engine Code\Prop.cpp,1437,pWorld,
wiz8--demo--wiz8--8acda50afe39,0044dca1,direct,0044dbd0,E:\Wizardry 8\Engine Code\Prop.cpp,1456,psrMesh,
wiz8--demo--wiz8--8acda50afe39,0044e556,direct,0044dbd0,E:\Wizardry 8\Engine Code\Prop.cpp,1568,psrMesh,
wiz8--demo--wiz8--8acda50afe39,0044e70f,direct,0044dbd0,E:\Wizardry 8\Engine Code\Prop.cpp,1639,pWorld,
wiz8--demo--wiz8--8acda50afe39,0044e785,direct,0044dbd0,E:\Wizardry 8\Engine Code\Prop.cpp,1652,psrMesh,
wiz8--demo--wiz8--8acda50afe39,0044e80b,direct,0044dbd0,E:\Wizardry 8\Engine Code\Prop.cpp,1666,psrMesh,
wiz8--demo--wiz8--8acda50afe39,0044f2d7,direct,0044f230,E:\Wizardry 8\Engine Code\Prop.cpp,2357,pstInstance,
wiz8--demo--wiz8--8acda50afe39,0044f3c3,direct,0044f3a0,E:\Wizardry 8\Engine Code\Prop.cpp,2405,pWorld && pWorld->plsProps,
wiz8--demo--wiz8--8acda50afe39,0044f59b,direct,0044f580,E:\Wizardry 8\Engine Code\Prop.cpp,2694,m_pRep,
wiz8--demo--wiz8--8acda50afe39,0045055e,direct,00450520,E:\Wizardry 8\Engine Code\3dapi.cpp,156,pWorld,
wiz8--demo--wiz8--8acda50afe39,0045085a,direct,00450840,E:\Wizardry 8\Engine Code\3dapi.cpp,258,pWorld,
wiz8--demo--wiz8--8acda50afe39,0045098e,direct,00450950,E:\Wizardry 8\Engine Code\3dapi.cpp,347,pWorld,
wiz8--demo--wiz8--8acda50afe39,00450d34,direct,00450950,E:\Wizardry 8\Engine Code\3dapi.cpp,442,pWorld->psrMeshes,LoadWorld: Couldn't allocate psrMeshes.
wiz8--demo--wiz8--8acda50afe39,00450dc5,direct,00450950,E:\Wizardry 8\Engine Code\3dapi.cpp,468,hFile,Could not open level file.
wiz8--demo--wiz8--8acda50afe39,00450e08,direct,00450950,E:\Wizardry 8\Engine Code\3dapi.cpp,473,fSuccess,"Problem loading level, please check files and versions."
wiz8--demo--wiz8--8acda50afe39,00450e7d,direct,00450e60,E:\Wizardry 8\Engine Code\3dapi.cpp,507,pWorld,
wiz8--demo--wiz8--8acda50afe39,0045159a,direct,00450f90,E:\Wizardry 8\Engine Code\3dapi.cpp,797,pWorld,
wiz8--demo--wiz8--8acda50afe39,00451741,register-indirect,00451720,E:\Wizardry 8\Engine Code\3dapi.cpp,971,pWorld,
wiz8--demo--wiz8--8acda50afe39,0045175e,register-indirect,00451720,E:\Wizardry 8\Engine Code\3dapi.cpp,972,pWorld->psrCamera,
wiz8--demo--wiz8--8acda50afe39,0045179e,direct,00451780,E:\Wizardry 8\Engine Code\3dapi.cpp,1054,pWorld,
wiz8--demo--wiz8--8acda50afe39,00451839,register-indirect,00451810,E:\Wizardry 8\Engine Code\3dapi.cpp,1083,pWorld,
wiz8--demo--wiz8--8acda50afe39,0045185e,register-indirect,00451810,E:\Wizardry 8\Engine Code\3dapi.cpp,1088,CamPos,
wiz8--demo--wiz8--8acda50afe39,00451925,register-indirect,00451810,E:\Wizardry 8\Engine Code\3dapi.cpp,1098,CamPos,
wiz8--demo--wiz8--8acda50afe39,0045198c,direct,00451970,E:\Wizardry 8\Engine Code\3dapi.cpp,1127,pWorld,
wiz8--demo--wiz8--8acda50afe39,00451a46,direct,00451a20,E:\Wizardry 8\Engine Code\3dapi.cpp,1156,CamPos,
wiz8--demo--wiz8--8acda50afe39,00451af1,direct,00451a20,,,,
wiz8--demo--wiz8--8acda50afe39,004521b3,register-indirect,00451b00,E:\Wizardry 8\Engine Code\3dapi.cpp,1402,pWorld->plsMonsters,Out of memory creating plsMonsters.
wiz8--demo--wiz8--8acda50afe39,004521d1,register-indirect,00451b00,E:\Wizardry 8\Engine Code\3dapi.cpp,1403,pWorld->plsItems,Out of memory creating plsItems.
wiz8--demo--wiz8--8acda50afe39,004521ef,register-indirect,00451b00,E:\Wizardry 8\Engine Code\3dapi.cpp,1404,pWorld->plsProps,Out of memory creating plsProps.
wiz8--demo--wiz8--8acda50afe39,0045220d,register-indirect,00451b00,E:\Wizardry 8\Engine Code\3dapi.cpp,1405,pWorld->plsCameras,Out of memory creating plsCameras.
wiz8--demo--wiz8--8acda50afe39,0045222b,register-indirect,00451b00,E:\Wizardry 8\Engine Code\3dapi.cpp,1406,pWorld->plsAmbientSounds,Out of memory creating plsAmbientSounds.
wiz8--demo--wiz8--8acda50afe39,0045224c,register-indirect,00451b00,E:\Wizardry 8\Engine Code\3dapi.cpp,1407,pWorld->plsLightsToUpdate,Out of memory creating plsLightsToUpdate.
wiz8--demo--wiz8--8acda50afe39,0045226d,register-indirect,00451b00,E:\Wizardry 8\Engine Code\3dapi.cpp,1408,pWorld->plsCollidableProps,Out of memory creating plsCollidableProps.
wiz8--demo--wiz8--8acda50afe39,0045228e,register-indirect,00451b00,E:\Wizardry 8\Engine Code\3dapi.cpp,1409,pWorld->plsMonsterGenerators,Out of memory creating plsMonsterGenerators.
wiz8--demo--wiz8--8acda50afe39,004522af,register-indirect,00451b00,E:\Wizardry 8\Engine Code\3dapi.cpp,1410,pWorld->plsLightsToUpdate,Out of memory creating plsLightsToUpdate.
wiz8--demo--wiz8--8acda50afe39,004522d0,register-indirect,00451b00,E:\Wizardry 8\Engine Code\3dapi.cpp,1411,pWorld->plsCollidableProps,Out of memory creating plsCollidableProps.
wiz8--demo--wiz8--8acda50afe39,004522f1,register-indirect,00451b00,E:\Wizardry 8\Engine Code\3dapi.cpp,1412,pWorld->plsMissiles,Out of memory creating plsMissiles.
wiz8--demo--wiz8--8acda50afe39,00452312,register-indirect,00451b00,E:\Wizardry 8\Engine Code\3dapi.cpp,1413,pWorld->plsTriggers,Out of memory creating plsTriggers.
wiz8--demo--wiz8--8acda50afe39,00452333,register-indirect,00451b00,E:\Wizardry 8\Engine Code\3dapi.cpp,1414,pWorld->plsParticles,Out of memory creating plsParticles.
wiz8--demo--wiz8--8acda50afe39,00452354,register-indirect,00451b00,E:\Wizardry 8\Engine Code\3dapi.cpp,1415,pWorld->plsNamedPositions,Out of memory creating plsNamedPositions.
wiz8--demo--wiz8--8acda50afe39,0045250c,direct,004524f0,E:\Wizardry 8\Engine Code\3dapi.cpp,1010,pWorld,
wiz8--demo--wiz8--8acda50afe39,0045257d,direct,00452560,E:\Wizardry 8\Engine Code\3dapi.cpp,1039,pWorld,
wiz8--demo--wiz8--8acda50afe39,00454a57,direct,00454a20,E:\Wizardry 8\Engine Code\Navigator.cpp,1731,pNavAI,
wiz8--demo--wiz8--8acda50afe39,00458c11,direct,00458bd0,..\Engine Code\Include\stHeap.hpp,242,heapsize > 0,Delete called on empty stHeap
wiz8--demo--wiz8--8acda50afe39,00459f70,register-indirect,00459eb0,E:\Wizardry 8\Engine Code\OctPath.cpp,2222,fSuccess,
wiz8--demo--wiz8--8acda50afe39,00459fce,register-indirect,00459eb0,E:\Wizardry 8\Engine Code\OctPath.cpp,2227,fSuccess,
wiz8--demo--wiz8--8acda50afe39,0045a006,register-indirect,00459eb0,E:\Wizardry 8\Engine Code\OctPath.cpp,2229,fSuccess,
wiz8--demo--wiz8--8acda50afe39,0045a03d,register-indirect,00459eb0,E:\Wizardry 8\Engine Code\OctPath.cpp,2231,fSuccess,
wiz8--demo--wiz8--8acda50afe39,0045a075,register-indirect,00459eb0,E:\Wizardry 8\Engine Code\OctPath.cpp,2233,fSuccess,
wiz8--demo--wiz8--8acda50afe39,0045a0ad,register-indirect,00459eb0,E:\Wizardry 8\Engine Code\OctPath.cpp,2235,fSuccess,
wiz8--demo--wiz8--8acda50afe39,0045a510,register-indirect,0045a0c0,E:\Wizardry 8\Engine Code\OctPath.cpp,2294,fSuccess,
wiz8--demo--wiz8--8acda50afe39,0045a583,register-indirect,0045a0c0,E:\Wizardry 8\Engine Code\OctPath.cpp,2303,m_pCondPaths,
wiz8--demo--wiz8--8acda50afe39,0045a5bb,register-indirect,0045a0c0,E:\Wizardry 8\Engine Code\OctPath.cpp,2305,m_pCondPaths,
wiz8--demo--wiz8--8acda50afe39,0045a5f2,register-indirect,0045a0c0,E:\Wizardry 8\Engine Code\OctPath.cpp,2307,m_pCondPaths,
wiz8--demo--wiz8--8acda50afe39,0045a62a,register-indirect,0045a0c0,E:\Wizardry 8\Engine Code\OctPath.cpp,2309,m_pCondPaths,
wiz8--demo--wiz8--8acda50afe39,0045a662,register-indirect,0045a0c0,E:\Wizardry 8\Engine Code\OctPath.cpp,2311,m_pCondPaths,
wiz8--demo--wiz8--8acda50afe39,0045a6ac,register-indirect,0045a0c0,E:\Wizardry 8\Engine Code\OctPath.cpp,2314,fSuccess,
wiz8--demo--wiz8--8acda50afe39,0045a6e8,register-indirect,0045a0c0,E:\Wizardry 8\Engine Code\OctPath.cpp,2316,fSuccess,
wiz8--demo--wiz8--8acda50afe39,0045a829,direct,0045a7e0,E:\Wizardry 8\Engine Code\OctPath.cpp,2394,m_pFileWayPoints,
wiz8--demo--wiz8--8acda50afe39,0045acdf,direct,0045aa00,..\Engine Code\Include\stHeap.hpp,121,hlist,
wiz8--demo--wiz8--8acda50afe39,0045c5ee,direct,0045c4d0,E:\Wizardry 8\Engine Code\OctPath.cpp,3582,ulCount<200,Too many nodes in list
wiz8--demo--wiz8--8acda50afe39,0045df9c,direct,0045d080,..\Engine Code\Include\stHeap.hpp,225,heapsize < maxheapsize,stHeap overflow
wiz8--demo--wiz8--8acda50afe39,0045e3d0,direct,0045d080,E:\Wizardry 8\Engine Code\OctPath.cpp,4354,(ulBestNode <= m_ulSearchNodesUsed),
wiz8--demo--wiz8--8acda50afe39,0045e9ec,direct,0045e970,E:\Wizardry 8\Engine Code\OctPath.cpp,4571,pstMeshModel,
wiz8--demo--wiz8--8acda50afe39,0045ec71,direct,0045e970,E:\Wizardry 8\Engine Code\OctPath.cpp,4632,m_pPathModelInstance,
wiz8--demo--wiz8--8acda50afe39,0045f402,direct,0045f1f0,E:\Wizardry 8\Engine Code\OctPath.cpp,4830,pNewWayPoints,
wiz8--demo--wiz8--8acda50afe39,00460945,direct,004607e0,E:\Wizardry 8\Engine Code\OctPath.cpp,5400,pNewWayPtLinks,
wiz8--demo--wiz8--8acda50afe39,00462c91,register-indirect,00462b50,E:\Wizardry 8\Engine Code\OctPath.cpp,6720,pusWayPts[i] < (UINT16)m_ulNumWayPoints,Pathing::CheckConditionalWayPtStatus: WayPt Index out of range.
wiz8--demo--wiz8--8acda50afe39,00462d2e,direct,00462b50,E:\Wizardry 8\Engine Code\OctPath.cpp,6750,pusLinks[i] < (UINT16)m_ulNumWayPtLinks,Pathing::CheckConditionalLinkStatus: Link Index out of range.
wiz8--demo--wiz8--8acda50afe39,00463495,direct,004633f0,E:\Wizardry 8\Engine Code\OctPath.cpp,7060,i < m_ulNumWayPoints,
wiz8--demo--wiz8--8acda50afe39,004636ae,direct,00463640,E:\Wizardry 8\Engine Code\OctPath.cpp,7117,usStartNode < m_ulNumWayPoints,Starting index out of range
wiz8--demo--wiz8--8acda50afe39,004636dd,direct,00463640,E:\Wizardry 8\Engine Code\OctPath.cpp,7118,usEndNode < m_ulNumWayPoints,Last index out of range
wiz8--demo--wiz8--8acda50afe39,00463761,direct,00463640,E:\Wizardry 8\Engine Code\OctPath.cpp,7132,usWayPt < m_ulNumWayPoints,Waypoint index out of range (1)
wiz8--demo--wiz8--8acda50afe39,0046379f,direct,00463640,E:\Wizardry 8\Engine Code\OctPath.cpp,7134,usLink < m_ulNumWayPtLinks,Link index out of range (1)
wiz8--demo--wiz8--8acda50afe39,004637cf,direct,00463640,E:\Wizardry 8\Engine Code\OctPath.cpp,7138,usLink < m_ulNumWayPtLinks,Link index out of range (2)
wiz8--demo--wiz8--8acda50afe39,004638ba,direct,00463640,E:\Wizardry 8\Engine Code\OctPath.cpp,7143,usNextNode < m_ulNumWayPoints,Waypoint index out of range (2)
wiz8--demo--wiz8--8acda50afe39,004639ce,direct,00463640,..\Engine Code\Include\stHeap.hpp,225,heapsize < maxheapsize,stHeap overflow
wiz8--demo--wiz8--8acda50afe39,00463b10,direct,00463640,..\Engine Code\Include\stHeap.hpp,225,heapsize < maxheapsize,stHeap overflow
wiz8--demo--wiz8--8acda50afe39,00463bd1,direct,00463640,E:\Wizardry 8\Engine Code\OctPath.cpp,7188,usLink < m_ulNumWayPtLinks,Link index out of range (3)
wiz8--demo--wiz8--8acda50afe39,00463c2f,direct,00463640,..\Engine Code\Include\stHeap.hpp,242,heapsize > 0,Delete called on empty stHeap
wiz8--demo--wiz8--8acda50afe39,00463d17,direct,00463640,E:\Wizardry 8\Engine Code\OctPath.cpp,7196,usWayPt < m_ulNumWayPoints,Waypoint index out of range (3)
wiz8--demo--wiz8--8acda50afe39,00463f2a,direct,00463640,E:\Wizardry 8\Engine Code\OctPath.cpp,7305,i < m_ulNumWayPoints,
wiz8--demo--wiz8--8acda50afe39,004647b5,direct,004640b0,E:\Wizardry 8\Engine Code\OctPath.cpp,7545,i < m_ulNumWayPoints,
wiz8--demo--wiz8--8acda50afe39,00464980,direct,00464910,E:\Wizardry 8\Engine Code\OctPath.cpp,7617,usLink < m_ulNumWayPtLinks,Link index out of range
wiz8--demo--wiz8--8acda50afe39,00464a92,direct,00464910,E:\Wizardry 8\Engine Code\OctPath.cpp,7627,usNextNode < m_ulNumWayPoints,Waypoint index out of range
wiz8--demo--wiz8--8acda50afe39,00464bbf,direct,00464910,E:\Wizardry 8\Engine Code\OctPath.cpp,7666,ulLinkNum < 20,Too many links for waypoint in RecursePatrolLinks
wiz8--demo--wiz8--8acda50afe39,00464d98,direct,00464910,E:\Wizardry 8\Engine Code\OctPath.cpp,7681,usNextNode < m_ulNumWayPoints,Waypoint index out of range (2)
wiz8--demo--wiz8--8acda50afe39,00466508,direct,00465e80,..\Engine Code\Include\stHeap.hpp,225,heapsize < maxheapsize,stHeap overflow
wiz8--demo--wiz8--8acda50afe39,00466953,direct,00465e80,..\Engine Code\Include\stHeap.hpp,225,heapsize < maxheapsize,stHeap overflow
wiz8--demo--wiz8--8acda50afe39,00466aa5,direct,00465e80,..\Engine Code\Include\stHeap.hpp,225,heapsize < maxheapsize,stHeap overflow
wiz8--demo--wiz8--8acda50afe39,00466b27,direct,00465e80,..\Engine Code\Include\stHeap.hpp,242,heapsize > 0,Delete called on empty stHeap
wiz8--demo--wiz8--8acda50afe39,00466b96,direct,00465e80,E:\Wizardry 8\Engine Code\OctPath.cpp,8858,(ulBestNode <= m_ulSearchNodesUsed),
wiz8--demo--wiz8--8acda50afe39,0046862e,direct,00468530,E:\Wizardry 8\Engine Code\OctPath.cpp,10036,pNewSearchNodes,
wiz8--demo--wiz8--8acda50afe39,0046a172,direct,0046a150,..\Engine Code\Include\stHeap.hpp,225,heapsize < maxheapsize,stHeap overflow
wiz8--demo--wiz8--8acda50afe39,0046b6a2,direct,0046b0c0,E:\Wizardry 8\Engine Code\OctPreTree.cpp,544,m_pAlphaBits->Save(hOctFile),ReadOctFile: Failure writing Alpha Bits.
wiz8--demo--wiz8--8acda50afe39,0046e675,direct,0046dd30,E:\Wizardry 8\Engine Code\OctPreTree.cpp,1959,(m_lNumSupports < 30 && m_lNumBlocks < 30),PathNodeObstructed: Too many props affecting one pathnode.
wiz8--demo--wiz8--8acda50afe39,0046e796,direct,0046e6a0,E:\Wizardry 8\Engine Code\OctPreTree.cpp,2012,pCondNode,InsertConditionalNodes: Could not allocate CondPathNode stucture.
wiz8--demo--wiz8--8acda50afe39,0046e845,direct,0046e6a0,E:\Wizardry 8\Engine Code\OctPreTree.cpp,2020,FALSE,Could not find prop and frame for conditional node.
wiz8--demo--wiz8--8acda50afe39,0046e949,direct,0046e6a0,E:\Wizardry 8\Engine Code\OctPreTree.cpp,2040,pCondNode,InsertConditionalNodes: Could not allocate CondPathNode stucture.
wiz8--demo--wiz8--8acda50afe39,0046eb54,direct,0046e6a0,E:\Wizardry 8\Engine Code\OctPreTree.cpp,2048,FALSE,Could not find prop and frame for conditional node.
wiz8--demo--wiz8--8acda50afe39,0046eee2,direct,0046edc0,E:\Wizardry 8\Engine Code\OctPreTree.cpp,2186,pPreProps[i].pStopMeshes,CreatePathProps: Couldn't allocate GDPreProp objects.
wiz8--demo--wiz8--8acda50afe39,0046f1b8,direct,0046edc0,E:\Wizardry 8\Engine Code\OctPreTree.cpp,2217,pPreProps[i].pStopMeshes,CreatePathProps: Couldn't allocate GDPreProp objects.
wiz8--demo--wiz8--8acda50afe39,0046f226,direct,0046edc0,E:\Wizardry 8\Engine Code\OctPreTree.cpp,2224,(pLVL->pProps[i].usFrame_Pos[j*2] < (UINT16)(pLVL->pProps[i].bNumFrames)),
wiz8--demo--wiz8--8acda50afe39,00470989,direct,00470970,E:\Wizardry 8\Engine Code\3d.cpp,236,psrScene,
wiz8--demo--wiz8--8acda50afe39,00470a76,register-indirect,00470a50,E:\Wizardry 8\Engine Code\3d.cpp,264,pWorld,
wiz8--demo--wiz8--8acda50afe39,00470a91,register-indirect,00470a50,E:\Wizardry 8\Engine Code\3d.cpp,265,pWorld->plsMonsters,
wiz8--demo--wiz8--8acda50afe39,00470b43,register-indirect,00470b20,E:\Wizardry 8\Engine Code\3d.cpp,304,pWorld,
wiz8--demo--wiz8--8acda50afe39,00470b60,register-indirect,00470b20,E:\Wizardry 8\Engine Code\3d.cpp,305,pWorld->plsItems,
wiz8--demo--wiz8--8acda50afe39,00470bd3,direct,00470bb0,E:\Wizardry 8\Engine Code\3d.cpp,339,pWorld && pWorld->plsProps,
wiz8--demo--wiz8--8acda50afe39,00470d48,register-indirect,00470c70,E:\Wizardry 8\Engine Code\3d.cpp,565,name,
wiz8--demo--wiz8--8acda50afe39,00470dc4,register-indirect,00470c70,E:\Wizardry 8\Engine Code\3d.cpp,574,pLight,
wiz8--demo--wiz8--8acda50afe39,00470e3e,direct,00470e20,E:\Wizardry 8\Engine Code\3d.cpp,598,name,
wiz8--demo--wiz8--8acda50afe39,00470e5f,direct,00470e20,E:\Wizardry 8\Engine Code\3d.cpp,599,pWorld,
wiz8--demo--wiz8--8acda50afe39,00470e8b,direct,00470e20,E:\Wizardry 8\Engine Code\3d.cpp,603,pLight,
wiz8--demo--wiz8--8acda50afe39,00470f52,register-indirect,00470f30,E:\Wizardry 8\Engine Code\3d.cpp,627,pWorld,
wiz8--demo--wiz8--8acda50afe39,00470f6f,register-indirect,00470f30,E:\Wizardry 8\Engine Code\3d.cpp,628,pLight,
wiz8--demo--wiz8--8acda50afe39,00471049,direct,00471030,E:\Wizardry 8\Engine Code\3d.cpp,646,pWorld,
wiz8--demo--wiz8--8acda50afe39,00471099,direct,00471080,E:\Wizardry 8\Engine Code\3d.cpp,658,pWorld,
wiz8--demo--wiz8--8acda50afe39,004710cc,direct,004710b0,E:\Wizardry 8\Engine Code\3d.cpp,665,pWorld,
wiz8--demo--wiz8--8acda50afe39,004711d0,direct,00471190,E:\Wizardry 8\Engine Code\3d.cpp,627,pWorld,
wiz8--demo--wiz8--8acda50afe39,004711ed,direct,00471190,E:\Wizardry 8\Engine Code\3d.cpp,628,pLight,
wiz8--demo--wiz8--8acda50afe39,00471717,direct,004715b0,E:\Wizardry 8\Engine Code\3d.cpp,1102,psrDIG,
wiz8--demo--wiz8--8acda50afe39,00472307,register-indirect,00472120,E:\Wizardry 8\Engine Code\3d.cpp,1466,pstMeshModel,
wiz8--demo--wiz8--8acda50afe39,00472358,register-indirect,00472120,E:\Wizardry 8\Engine Code\3d.cpp,1469,pstHeadInstance,
wiz8--demo--wiz8--8acda50afe39,004723c7,register-indirect,00472120,E:\Wizardry 8\Engine Code\3d.cpp,1481,pstModelInstance,
wiz8--demo--wiz8--8acda50afe39,00472418,register-indirect,00472120,E:\Wizardry 8\Engine Code\3d.cpp,1484,pstHeadInstance,
wiz8--demo--wiz8--8acda50afe39,004725a7,direct,00472470,E:\Wizardry 8\Engine Code\3d.cpp,1497,pstMeshModel,
wiz8--demo--wiz8--8acda50afe39,00474471,register-indirect,004742d0,E:\Wizardry 8\Engine Code\stMeshModel.cpp,458,m_psCompVertexLoc[uiCount],
wiz8--demo--wiz8--8acda50afe39,004744d3,register-indirect,004742d0,E:\Wizardry 8\Engine Code\stMeshModel.cpp,463,m_pbCompVertexNormal[uiCount],
wiz8--demo--wiz8--8acda50afe39,00474533,register-indirect,004742d0,E:\Wizardry 8\Engine Code\stMeshModel.cpp,468,m_pbCompPolyNormal[uiCount],
wiz8--demo--wiz8--8acda50afe39,0047475d,direct,004742d0,E:\Wizardry 8\Engine Code\stMeshModel.cpp,575,m_pVertexLoc[uiFrame],
wiz8--demo--wiz8--8acda50afe39,00474803,direct,004742d0,E:\Wizardry 8\Engine Code\stMeshModel.cpp,586,m_pVertexNormal[uiFrame],
wiz8--demo--wiz8--8acda50afe39,004748ae,direct,004742d0,E:\Wizardry 8\Engine Code\stMeshModel.cpp,597,m_pPolyNormal[uiFrame],
wiz8--demo--wiz8--8acda50afe39,00474af4,direct,00474a60,E:\Wizardry 8\Engine Code\stMeshModel.cpp,720,m_pLerpBuffer,
wiz8--demo--wiz8--8acda50afe39,00475a5b,direct,00475980,E:\Wizardry 8\Engine Code\stMeshModel.cpp,1222,l,
wiz8--demo--wiz8--8acda50afe39,00475bf6,direct,00475980,E:\Wizardry 8\Engine Code\stMeshModel.cpp,1239,vnorm,
wiz8--demo--wiz8--8acda50afe39,0047649f,direct,00476190,E:\Wizardry 8\Engine Code\stMeshModel.cpp,1481,m_plsSkinBlankingAPT,
wiz8--demo--wiz8--8acda50afe39,00476541,direct,00476190,E:\Wizardry 8\Engine Code\stMeshModel.cpp,1490,m_plsSkinBlankingAPTNum,
wiz8--demo--wiz8--8acda50afe39,004765c6,direct,00476190,E:\Wizardry 8\Engine Code\stMeshModel.cpp,1499,m_plsSkinBlankingChecked,
wiz8--demo--wiz8--8acda50afe39,00476a4d,direct,00476a30,E:\Wizardry 8\Engine Code\stMeshModel.cpp,1764,uiFrames,
wiz8--demo--wiz8--8acda50afe39,00476b82,direct,00476b20,E:\Wizardry 8\Engine Code\stMeshModel.cpp,1806,pstModel,
wiz8--demo--wiz8--8acda50afe39,0047d59d,direct,0047d540,E:\Wizardry 8\Engine Code\AmbientSound.cpp,753,pSound,
wiz8--demo--wiz8--8acda50afe39,0047d5e9,direct,0047d5d0,E:\Wizardry 8\Engine Code\AmbientSound.cpp,761,pAmbient,
wiz8--demo--wiz8--8acda50afe39,0047d6a0,direct,0047d660,E:\Wizardry 8\Engine Code\AmbientSound.cpp,858,pSound->pacSoundName,AmbientSound.cpp: Error allocating sound name
wiz8--demo--wiz8--8acda50afe39,0047e3f8,direct,0047e3d0,E:\Wizardry 8\Engine Code\Quality.cpp,155,gpQuality,
wiz8--demo--wiz8--8acda50afe39,004832d7,direct,00482f30,E:\Wizardry 8\Engine Code\stModelInstance.cpp,922,m_pGlowMaterial,
wiz8--demo--wiz8--8acda50afe39,00484c1d,register-indirect,00484850,E:\Wizardry 8\Engine Code\Environment.cpp,630,pWorld,
wiz8--demo--wiz8--8acda50afe39,00484c32,register-indirect,00484850,E:\Wizardry 8\Engine Code\Environment.cpp,644,pWorld,
wiz8--demo--wiz8--8acda50afe39,00484f40,register-indirect,00484850,E:\Wizardry 8\Engine Code\Environment.cpp,630,pWorld,
wiz8--demo--wiz8--8acda50afe39,00484f55,register-indirect,00484850,E:\Wizardry 8\Engine Code\Environment.cpp,644,pWorld,
wiz8--demo--wiz8--8acda50afe39,00485d32,register-indirect,00485a80,E:\Wizardry 8\Engine Code\Environment.cpp,630,pWorld,
wiz8--demo--wiz8--8acda50afe39,00485d47,register-indirect,00485a80,E:\Wizardry 8\Engine Code\Environment.cpp,644,pWorld,
wiz8--demo--wiz8--8acda50afe39,00486122,register-indirect,00486100,E:\Wizardry 8\Engine Code\Environment.cpp,612,pWorld,
wiz8--demo--wiz8--8acda50afe39,0048613f,register-indirect,00486100,E:\Wizardry 8\Engine Code\Environment.cpp,613,pLightValue,
wiz8--demo--wiz8--8acda50afe39,004861a0,register-indirect,00486180,E:\Wizardry 8\Engine Code\Environment.cpp,630,pWorld,
wiz8--demo--wiz8--8acda50afe39,004861b5,register-indirect,00486180,E:\Wizardry 8\Engine Code\Environment.cpp,644,pWorld,
wiz8--demo--wiz8--8acda50afe39,004861f9,direct,004861e0,E:\Wizardry 8\Engine Code\Environment.cpp,644,pWorld,
wiz8--demo--wiz8--8acda50afe39,0048622c,direct,00486210,E:\Wizardry 8\Engine Code\Environment.cpp,660,pWorld,
wiz8--demo--wiz8--8acda50afe39,004862f3,direct,004862d0,E:\Wizardry 8\Engine Code\Environment.cpp,684,pWorld,
wiz8--demo--wiz8--8acda50afe39,00486893,register-indirect,00486580,E:\Wizardry 8\Engine Code\Environment.cpp,660,pWorld,
wiz8--demo--wiz8--8acda50afe39,00486951,register-indirect,00486580,E:\Wizardry 8\Engine Code\Environment.cpp,660,pWorld,
wiz8--demo--wiz8--8acda50afe39,00486bf6,register-indirect,00486b50,E:\Wizardry 8\Engine Code\Environment.cpp,660,pWorld,
wiz8--demo--wiz8--8acda50afe39,00486ce6,register-indirect,00486b50,E:\Wizardry 8\Engine Code\Environment.cpp,660,pWorld,
wiz8--demo--wiz8--8acda50afe39,004885da,register-indirect,00488500,E:\Wizardry 8\Engine Code\ReadMesh.cpp,213,pInfo,
wiz8--demo--wiz8--8acda50afe39,004885fa,register-indirect,00488500,E:\Wizardry 8\Engine Code\ReadMesh.cpp,215,hFile,
wiz8--demo--wiz8--8acda50afe39,0048889b,direct,00488500,E:\Wizardry 8\Engine Code\ReadMesh.cpp,268,ppCompVertices,
wiz8--demo--wiz8--8acda50afe39,004888e0,direct,00488500,E:\Wizardry 8\Engine Code\ReadMesh.cpp,274,ppCompVertices[i],
wiz8--demo--wiz8--8acda50afe39,0048891c,direct,00488500,E:\Wizardry 8\Engine Code\ReadMesh.cpp,278,fSuccess,
wiz8--demo--wiz8--8acda50afe39,00488946,direct,00488500,E:\Wizardry 8\Engine Code\ReadMesh.cpp,303,FALSE,"Uncompressed mesh, please re-export level with newer plugin"
wiz8--demo--wiz8--8acda50afe39,00488982,direct,00488500,E:\Wizardry 8\Engine Code\ReadMesh.cpp,311,pstVertices,
wiz8--demo--wiz8--8acda50afe39,004889bd,direct,00488500,E:\Wizardry 8\Engine Code\ReadMesh.cpp,313,fSuccess,
wiz8--demo--wiz8--8acda50afe39,00488a39,register-indirect,00488500,E:\Wizardry 8\Engine Code\ReadMesh.cpp,326,pstFaces,
wiz8--demo--wiz8--8acda50afe39,00488a78,register-indirect,00488500,E:\Wizardry 8\Engine Code\ReadMesh.cpp,331,pCompPoly,
wiz8--demo--wiz8--8acda50afe39,00488ab0,register-indirect,00488500,E:\Wizardry 8\Engine Code\ReadMesh.cpp,335,fSuccess,
wiz8--demo--wiz8--8acda50afe39,00488b4c,direct,00488500,E:\Wizardry 8\Engine Code\ReadMesh.cpp,355,fSuccess,
wiz8--demo--wiz8--8acda50afe39,00488b9e,direct,00488500,E:\Wizardry 8\Engine Code\ReadMesh.cpp,360,ppsrMats,
wiz8--demo--wiz8--8acda50afe39,00488bbb,direct,00488500,E:\Wizardry 8\Engine Code\ReadMesh.cpp,361,uiMatCount,
wiz8--demo--wiz8--8acda50afe39,0048a745,register-indirect,0048a4c0,E:\Wizardry 8\Engine Code\ReadMesh.cpp,595,pInfo,
wiz8--demo--wiz8--8acda50afe39,0048a75f,register-indirect,0048a4c0,E:\Wizardry 8\Engine Code\ReadMesh.cpp,596,pInfo->strBitmapDir,
wiz8--demo--wiz8--8acda50afe39,0048a779,register-indirect,0048a4c0,E:\Wizardry 8\Engine Code\ReadMesh.cpp,597,pInfo->pWorld,
wiz8--demo--wiz8--8acda50afe39,0048a793,register-indirect,0048a4c0,E:\Wizardry 8\Engine Code\ReadMesh.cpp,598,pInfo->hFile,
wiz8--demo--wiz8--8acda50afe39,0048abc1,register-indirect,0048ab70,E:\Wizardry 8\Engine Code\ReadMesh.cpp,795,pInfo,
wiz8--demo--wiz8--8acda50afe39,0048abe9,register-indirect,0048ab70,E:\Wizardry 8\Engine Code\ReadMesh.cpp,796,uiNumMeshes,
wiz8--demo--wiz8--8acda50afe39,0048ac0c,register-indirect,0048ab70,E:\Wizardry 8\Engine Code\ReadMesh.cpp,800,hFile,
wiz8--demo--wiz8--8acda50afe39,0048ac6c,register-indirect,0048ab70,E:\Wizardry 8\Engine Code\ReadMesh.cpp,806,uiMatCount,
wiz8--demo--wiz8--8acda50afe39,0048aca0,register-indirect,0048ab70,E:\Wizardry 8\Engine Code\ReadMesh.cpp,809,(uiTerminator == 0xffffffff),NewReadMesh: Material list length is incorrect.
wiz8--demo--wiz8--8acda50afe39,0048acbf,register-indirect,0048ab70,E:\Wizardry 8\Engine Code\ReadMesh.cpp,811,(uiNumMeshes == uiMeshNum),NewReadMesh: Mismatch in mesh count between .oct and .pvl files.
wiz8--demo--wiz8--8acda50afe39,0048ae6e,register-indirect,0048ab70,E:\Wizardry 8\Engine Code\ReadMesh.cpp,856,(uiTerminator == 0xffffffff),NewReadMesh: Incorrect offset in file at end of mesh.
wiz8--demo--wiz8--8acda50afe39,0048b3dc,direct,0048ab70,E:\Wizardry 8\Engine Code\ReadMesh.cpp,1109,iPolyType >=0,
wiz8--demo--wiz8--8acda50afe39,0048ba2a,direct,0048ab70,E:\Wizardry 8\Engine Code\ReadMesh.cpp,1249,pstMeshModel[iCount],
wiz8--demo--wiz8--8acda50afe39,0048d300,direct,0048d080,E:\Wizardry 8\Engine Code\MonGen.cpp,207,pTable,Out of memory allocating monster generation table.
wiz8--demo--wiz8--8acda50afe39,0048d3a6,direct,0048d080,E:\Wizardry 8\Engine Code\MonGen.cpp,217,pScript,
wiz8--demo--wiz8--8acda50afe39,0048d71d,direct,0048d600,E:\Wizardry 8\Engine Code\MonGen.cpp,322,pMonsterDB,
wiz8--demo--wiz8--8acda50afe39,0048d84f,direct,0048d600,E:\Wizardry 8\Engine Code\MonGen.cpp,375,ulNumMonsters,
wiz8--demo--wiz8--8acda50afe39,0048d975,direct,0048d600,E:\Wizardry 8\Engine Code\MonGen.cpp,399,pMonsterDB,
wiz8--demo--wiz8--8acda50afe39,0048dd7a,direct,0048d600,E:\Wizardry 8\Engine Code\MonGen.cpp,531,m_pTimer,MonGen::Reset() out of memory allocating m_pTimer
wiz8--demo--wiz8--8acda50afe39,0048e0db,direct,0048e060,E:\Wizardry 8\Engine Code\MonGen.cpp,773,fSuccess,Couldn't load mongen.itm
wiz8--demo--wiz8--8acda50afe39,0048e197,register-indirect,0048e140,E:\Wizardry 8\Engine Code\MonGen.cpp,773,fSuccess,Couldn't load mongen.itm
wiz8--demo--wiz8--8acda50afe39,0048e22d,register-indirect,0048e140,E:\Wizardry 8\Engine Code\MonGen.cpp,773,fSuccess,Couldn't load mongen.itm
wiz8--demo--wiz8--8acda50afe39,0048eb93,direct,0048ea00,E:\Wizardry 8\Engine Code\MonGen.cpp,1158,pMonGen,MonGen::LoadAll() out of memory
wiz8--demo--wiz8--8acda50afe39,0049012d,direct,0048f9f0,E:\Wizardry 8\Engine Code\stCube.cpp,168,psrSurface,
wiz8--demo--wiz8--8acda50afe39,004905d5,register-indirect,004905b0,E:\Wizardry 8\Engine Code\stCube.cpp,253,vPos,
wiz8--demo--wiz8--8acda50afe39,004905f2,register-indirect,004905b0,E:\Wizardry 8\Engine Code\stCube.cpp,254,pCube,
wiz8--demo--wiz8--8acda50afe39,0049061f,register-indirect,004905b0,E:\Wizardry 8\Engine Code\stCube.cpp,263,pCube,
wiz8--demo--wiz8--8acda50afe39,004906a1,register-indirect,00490670,E:\Wizardry 8\Engine Code\stCube.cpp,288,pstModelInstance,
wiz8--demo--wiz8--8acda50afe39,004906cb,register-indirect,00490670,E:\Wizardry 8\Engine Code\stCube.cpp,291,pstMeshModel,
wiz8--demo--wiz8--8acda50afe39,004906f6,register-indirect,00490670,E:\Wizardry 8\Engine Code\stCube.cpp,294,psrTexture,
wiz8--demo--wiz8--8acda50afe39,0049072f,register-indirect,00490670,E:\Wizardry 8\Engine Code\stCube.cpp,300,pBuffer,
wiz8--demo--wiz8--8acda50afe39,00491015,direct,00490e60,E:\Wizardry 8\Engine Code\stCube.cpp,964,pCube->pUserdata,
wiz8--demo--wiz8--8acda50afe39,0049141f,direct,004911a0,E:\Wizardry 8\Engine Code\stCube.cpp,263,pCube,
wiz8--demo--wiz8--8acda50afe39,00491943,direct,00491910,E:\Wizardry 8\Engine Code\stCube.cpp,964,pCube->pUserdata,
wiz8--demo--wiz8--8acda50afe39,00493653,register-indirect,00493620,E:\Wizardry 8\Engine Code\Cursor3d.cpp,388,gp3DCursor,
wiz8--demo--wiz8--8acda50afe39,00493672,register-indirect,00493620,E:\Wizardry 8\Engine Code\Cursor3d.cpp,389,gp3DCursor->fEnabled,
wiz8--demo--wiz8--8acda50afe39,0049a5c1,direct,0049a490,E:\Wizardry 8\Engine Code\stParticle.cpp,61,cnt < 10000,
wiz8--demo--wiz8--8acda50afe39,0049ac7d,direct,0049aab0,E:\Wizardry 8\Engine Code\stParticle.cpp,214,pLoc,
wiz8--demo--wiz8--8acda50afe39,0049ad09,direct,0049aab0,E:\Wizardry 8\Engine Code\stParticle.cpp,224,vUV,
wiz8--demo--wiz8--8acda50afe39,0049ad52,direct,0049aab0,E:\Wizardry 8\Engine Code\stParticle.cpp,225,vLoc,
wiz8--demo--wiz8--8acda50afe39,0049ad9b,direct,0049aab0,E:\Wizardry 8\Engine Code\stParticle.cpp,227,pVertex,
wiz8--demo--wiz8--8acda50afe39,0049d5a2,direct,0049d500,E:\Wizardry 8\Engine Code\stParticle.cpp,1206,m_pflFlutterAngle,
wiz8--demo--wiz8--8acda50afe39,004a0e3f,direct,004a0cc0,E:\Wizardry 8\Engine Code\OctSubMesh.cpp,257,fSuccess,
wiz8--demo--wiz8--8acda50afe39,004a0e71,direct,004a0cc0,E:\Wizardry 8\Engine Code\OctSubMesh.cpp,261,fSuccess,
wiz8--demo--wiz8--8acda50afe39,004a0ec2,register-indirect,004a0cc0,E:\Wizardry 8\Engine Code\OctSubMesh.cpp,267,fSuccess,
wiz8--demo--wiz8--8acda50afe39,004a0f17,register-indirect,004a0cc0,E:\Wizardry 8\Engine Code\OctSubMesh.cpp,274,fSuccess,
wiz8--demo--wiz8--8acda50afe39,004a0f5d,register-indirect,004a0cc0,E:\Wizardry 8\Engine Code\OctSubMesh.cpp,283,fSuccess,
wiz8--demo--wiz8--8acda50afe39,004a0f9e,register-indirect,004a0cc0,E:\Wizardry 8\Engine Code\OctSubMesh.cpp,289,fSuccess,
wiz8--demo--wiz8--8acda50afe39,004a0fe4,register-indirect,004a0cc0,E:\Wizardry 8\Engine Code\OctSubMesh.cpp,294,fSuccess,
wiz8--demo--wiz8--8acda50afe39,004a1023,register-indirect,004a0cc0,E:\Wizardry 8\Engine Code\OctSubMesh.cpp,300,fSuccess,
wiz8--demo--wiz8--8acda50afe39,004a1064,register-indirect,004a0cc0,E:\Wizardry 8\Engine Code\OctSubMesh.cpp,306,fSuccess,
wiz8--demo--wiz8--8acda50afe39,004a10a7,direct,004a0cc0,E:\Wizardry 8\Engine Code\OctSubMesh.cpp,312,fSuccess,
wiz8--demo--wiz8--8acda50afe39,004a10fb,direct,004a0cc0,E:\Wizardry 8\Engine Code\OctSubMesh.cpp,319,fSuccess,
wiz8--demo--wiz8--8acda50afe39,004a1470,direct,004a0cc0,E:\Wizardry 8\Engine Code\OctSubMesh.cpp,425,m_plVertMats[iCount] >= 0,
wiz8--demo--wiz8--8acda50afe39,004a15cc,direct,004a0cc0,E:\Wizardry 8\Engine Code\OctSubMesh.cpp,462,m_plVertMats[iCount] >= 0,
wiz8--demo--wiz8--8acda50afe39,004a1967,direct,004a18e0,E:\Wizardry 8\Engine Code\Item.cpp,122,pInfo && pInfo->hFile && pItem,
wiz8--demo--wiz8--8acda50afe39,004a19c7,direct,004a18e0,E:\Wizardry 8\Engine Code\Item.cpp,136,fSuccess && psrMesh,
wiz8--demo--wiz8--8acda50afe39,004a1c8a,direct,004a1c60,E:\Wizardry 8\Engine Code\Item.cpp,278,pacName && ppItem,
wiz8--demo--wiz8--8acda50afe39,004a1dcb,register-indirect,004a1c60,E:\Wizardry 8\Engine Code\Item.cpp,345,pInfo,
wiz8--demo--wiz8--8acda50afe39,004a1ea7,register-indirect,004a1c60,E:\Wizardry 8\Engine Code\Item.cpp,349,pItem,
wiz8--demo--wiz8--8acda50afe39,004a1f19,direct,004a1c60,E:\Wizardry 8\Engine Code\Item.cpp,454,m_pRep,
wiz8--demo--wiz8--8acda50afe39,004a20e8,register-indirect,004a20c0,E:\Wizardry 8\Engine Code\Item.cpp,525,pWorld,
wiz8--demo--wiz8--8acda50afe39,004a2119,register-indirect,004a20c0,E:\Wizardry 8\Engine Code\Item.cpp,533,psrMesh,
wiz8--demo--wiz8--8acda50afe39,004a2213,register-indirect,004a20c0,E:\Wizardry 8\Engine Code\Item.cpp,582,pWorld,
wiz8--demo--wiz8--8acda50afe39,004a2232,register-indirect,004a20c0,E:\Wizardry 8\Engine Code\Item.cpp,587,psrMesh,
wiz8--demo--wiz8--8acda50afe39,004a2282,direct,004a2260,E:\Wizardry 8\Engine Code\Item.cpp,610,m_pRep->m_psrMesh,
wiz8--demo--wiz8--8acda50afe39,004a2980,direct,004a2960,E:\Wizardry 8\Engine Code\AnimObj.cpp,32,pao,
wiz8--demo--wiz8--8acda50afe39,004a2b05,direct,004a2ae0,E:\Wizardry 8\Engine Code\AnimObj.cpp,32,pao,
wiz8--demo--wiz8--8acda50afe39,004a2c87,direct,004a2ae0,E:\Wizardry 8\Engine Code\AnimObj.cpp,653,pao,
wiz8--demo--wiz8--8acda50afe39,004a2dd7,register-indirect,004a2d80,E:\Wizardry 8\Engine Code\AnimObj.cpp,235,pInfo && pInfo->hFile && pao,
wiz8--demo--wiz8--8acda50afe39,004a2f50,register-indirect,004a2d80,E:\Wizardry 8\Engine Code\AnimObj.cpp,275,fSuccess,
wiz8--demo--wiz8--8acda50afe39,004a3089,direct,004a2d80,E:\Wizardry 8\Engine Code\AnimObj.cpp,296,pao->pfKnownBBoxFrames && pao->pvecBoundMin && pao->pvecBoundMax,
wiz8--demo--wiz8--8acda50afe39,004a382f,direct,004a2d80,E:\Wizardry 8\Engine Code\AnimObj.cpp,430,0,AnimObjReadFromFile: Where is the light list?
wiz8--demo--wiz8--8acda50afe39,004a38b7,direct,004a2d80,E:\Wizardry 8\Engine Code\AnimObj.cpp,449,fSuccess,
wiz8--demo--wiz8--8acda50afe39,004a3a29,direct,004a2d80,E:\Wizardry 8\Engine Code\AnimObj.cpp,508,fSuccess,
wiz8--demo--wiz8--8acda50afe39,004a3a7c,direct,004a2d80,E:\Wizardry 8\Engine Code\AnimObj.cpp,516,fSuccess,
wiz8--demo--wiz8--8acda50afe39,004a3ad0,direct,004a2d80,E:\Wizardry 8\Engine Code\AnimObj.cpp,523,fSuccess,
wiz8--demo--wiz8--8acda50afe39,004a3b15,direct,004a2d80,E:\Wizardry 8\Engine Code\AnimObj.cpp,531,fSuccess,
wiz8--demo--wiz8--8acda50afe39,004a3baa,direct,004a2d80,E:\Wizardry 8\Engine Code\AnimObj.cpp,653,pao,
wiz8--demo--wiz8--8acda50afe39,004a3bf4,direct,004a2d80,E:\Wizardry 8\Engine Code\AnimObj.cpp,653,pao,
wiz8--demo--wiz8--8acda50afe39,004a3c37,direct,004a2d80,E:\Wizardry 8\Engine Code\AnimObj.cpp,653,pao,
wiz8--demo--wiz8--8acda50afe39,004a3caa,direct,004a3c90,E:\Wizardry 8\Engine Code\AnimObj.cpp,575,pao,
wiz8--demo--wiz8--8acda50afe39,004a3d3a,direct,004a3d20,E:\Wizardry 8\Engine Code\AnimObj.cpp,616,pao,
wiz8--demo--wiz8--8acda50afe39,004a3da9,direct,004a3d90,E:\Wizardry 8\Engine Code\AnimObj.cpp,653,pao,
wiz8--demo--wiz8--8acda50afe39,004a3df9,direct,004a3de0,E:\Wizardry 8\Engine Code\AnimObj.cpp,675,pao,
wiz8--demo--wiz8--8acda50afe39,004a3e39,direct,004a3e20,E:\Wizardry 8\Engine Code\AnimObj.cpp,697,pao,
wiz8--demo--wiz8--8acda50afe39,004a3e99,direct,004a3e80,E:\Wizardry 8\Engine Code\AnimObj.cpp,719,pao,
wiz8--demo--wiz8--8acda50afe39,004a3efd,register-indirect,004a3ed0,E:\Wizardry 8\Engine Code\AnimObj.cpp,763,pao,
wiz8--demo--wiz8--8acda50afe39,004a40ae,direct,004a3ed0,E:\Wizardry 8\Engine Code\AnimObj.cpp,794,pao->pfKnownBBoxFrames && pao->pvecBoundMin && pao->pvecBoundMax,
wiz8--demo--wiz8--8acda50afe39,004a410a,direct,004a3ed0,E:\Wizardry 8\Engine Code\AnimObj.cpp,675,pao,
wiz8--demo--wiz8--8acda50afe39,004a418b,direct,004a3ed0,E:\Wizardry 8\Engine Code\AnimObj.cpp,616,pao,
wiz8--demo--wiz8--8acda50afe39,004a41e0,direct,004a3ed0,E:\Wizardry 8\Engine Code\AnimObj.cpp,719,pao,
wiz8--demo--wiz8--8acda50afe39,004a432b,direct,004a3ed0,E:\Wizardry 8\Engine Code\AnimObj.cpp,616,pao,
wiz8--demo--wiz8--8acda50afe39,004a4384,direct,004a3ed0,E:\Wizardry 8\Engine Code\AnimObj.cpp,719,pao,
wiz8--demo--wiz8--8acda50afe39,004a4599,direct,004a4580,E:\Wizardry 8\Engine Code\AnimObj.cpp,941,pao,
wiz8--demo--wiz8--8acda50afe39,004a48d2,direct,004a48a0,..\Engine Code\Include\stLight.hpp,86,pNew,
wiz8--demo--wiz8--8acda50afe39,004a4a3c,direct,004a4990,..\Engine Code\Include\stLight.hpp,147,pNew,
wiz8--demo--wiz8--8acda50afe39,004a4ef1,direct,004a4e30,E:\Wizardry 8\Engine Code\Missile.cpp,122,pao,
wiz8--demo--wiz8--8acda50afe39,004a4f9e,direct,004a4f80,E:\Wizardry 8\Engine Code\Missile.cpp,196,pWorld,
wiz8--demo--wiz8--8acda50afe39,004a5488,direct,004a5090,E:\Wizardry 8\Engine Code\Missile.cpp,284,pMissile->GrObject::GetAI(),
wiz8--demo--wiz8--8acda50afe39,004a56ff,direct,004a5560,E:\Wizardry 8\Engine Code\Missile.cpp,384,plsNewLights,Out of memory creating monster light list
wiz8--demo--wiz8--8acda50afe39,004a57ec,direct,004a5560,E:\Wizardry 8\Engine Code\Missile.cpp,392,pstNewLight,Out of memory creating monster light
wiz8--demo--wiz8--8acda50afe39,004a5b4d,direct,004a5ab0,E:\Wizardry 8\Engine Code\Missile.cpp,475,pInfo && pInfo->hFile && pMissile,
wiz8--demo--wiz8--8acda50afe39,004a5d8d,register-indirect,004a5ab0,E:\Wizardry 8\Engine Code\Missile.cpp,999,pMissile,
wiz8--demo--wiz8--8acda50afe39,004a5dab,register-indirect,004a5ab0,E:\Wizardry 8\Engine Code\Missile.cpp,1005,pAI->ubAIType == AI_TYPE_MISSILE,
wiz8--demo--wiz8--8acda50afe39,004a5dd0,register-indirect,004a5ab0,E:\Wizardry 8\Engine Code\Missile.cpp,641,*ppMissile,
wiz8--demo--wiz8--8acda50afe39,004a5fc3,direct,004a5ab0,E:\Wizardry 8\Engine Code\Missile.cpp,811,pacName,
wiz8--demo--wiz8--8acda50afe39,004a60f6,direct,004a5ab0,E:\Wizardry 8\Engine Code\Missile.cpp,811,pacName,
wiz8--demo--wiz8--8acda50afe39,004a61c3,direct,004a5ab0,E:\Wizardry 8\Engine Code\Missile.cpp,811,pacName,
wiz8--demo--wiz8--8acda50afe39,004a6598,direct,004a63c0,E:\Wizardry 8\Engine Code\Missile.cpp,906,m_pRep,
wiz8--demo--wiz8--8acda50afe39,004a69fa,register-indirect,004a6930,E:\Wizardry 8\Engine Code\Missile.cpp,1191,pMissile,
wiz8--demo--wiz8--8acda50afe39,004a6a7e,direct,004a6930,E:\Wizardry 8\Engine Code\Missile.cpp,1211,bCycle<MISSILE_NUM_CYCLES,
wiz8--demo--wiz8--8acda50afe39,004a6ae0,direct,004a6ab0,E:\Wizardry 8\Engine Code\Missile.cpp,1234,bCycle >= MISSILE_CYCLE_FIRST && bCycle <= MISSILE_CYCLE_LAST,
wiz8--demo--wiz8--8acda50afe39,004a6dcc,direct,004a6da0,E:\Wizardry 8\Engine Code\Missile.cpp,1370,pao,
wiz8--demo--wiz8--8acda50afe39,004a7210,direct,004a71f0,E:\Wizardry 8\Engine Code\Missile.cpp,1729,m_Source.iType == SOURCE_TYPE_CHAR,
wiz8--demo--wiz8--8acda50afe39,004a7c22,direct,004a7c00,E:\Wizardry 8\Engine Code\Missile.cpp,2153,pAIMissile,
wiz8--demo--wiz8--8acda50afe39,004a7f06,direct,004a7cb0,E:\Wizardry 8\Engine Code\Missile.cpp,2258,s_pMissileTable,
wiz8--demo--wiz8--8acda50afe39,004a8a91,direct,004a8890,E:\Wizardry 8\Engine Code\GrCycle.cpp,199,pstLight,Out of memory creating monster light
wiz8--demo--wiz8--8acda50afe39,004a8c0b,direct,004a8890,E:\Wizardry 8\Engine Code\GrCycle.cpp,223,m_plsShakeEvents,
wiz8--demo--wiz8--8acda50afe39,004a8c84,direct,004a8890,E:\Wizardry 8\Engine Code\GrCycle.cpp,229,pEvent,
wiz8--demo--wiz8--8acda50afe39,004a8d9c,direct,004a8890,E:\Wizardry 8\Engine Code\GrCycle.cpp,242,m_plsParticles,
wiz8--demo--wiz8--8acda50afe39,004a8e65,direct,004a8890,E:\Wizardry 8\Engine Code\GrCycle.cpp,98,m_pstParticles,
wiz8--demo--wiz8--8acda50afe39,004a8e9a,direct,004a8890,E:\Wizardry 8\Engine Code\GrCycle.cpp,247,pPartSys,
wiz8--demo--wiz8--8acda50afe39,004a9181,direct,004a9150,E:\Wizardry 8\Engine Code\GrCycle.cpp,370,pacName && ppCycle,
wiz8--demo--wiz8--8acda50afe39,004a92c2,direct,004a9150,E:\Wizardry 8\Engine Code\GrCycle.cpp,404,fSuccess,
wiz8--demo--wiz8--8acda50afe39,004a9323,register-indirect,004a92e0,E:\Wizardry 8\Engine Code\GrCycle.cpp,438,pInfo,
wiz8--demo--wiz8--8acda50afe39,004a938c,register-indirect,004a92e0,E:\Wizardry 8\Engine Code\GrCycle.cpp,462,pCycle,
wiz8--demo--wiz8--8acda50afe39,004a93f3,register-indirect,004a92e0,E:\Wizardry 8\Engine Code\GrCycle.cpp,482,fSuccess,
wiz8--demo--wiz8--8acda50afe39,004a95ae,direct,004a92e0,E:\Wizardry 8\Engine Code\GrCycle.cpp,509,pPartSys,
wiz8--demo--wiz8--8acda50afe39,004a99c7,direct,004a9790,E:\Wizardry 8\Engine Code\GrCycle.cpp,1594,(bBehaviour >= BEHAVIOUR_FIRST) && (bBehaviour <= BEHAVIOUR_LAST),
wiz8--demo--wiz8--8acda50afe39,004a9d7f,direct,004a9d60,E:\Wizardry 8\Engine Code\GrCycle.cpp,938,pRep,
wiz8--demo--wiz8--8acda50afe39,004a9de6,register-indirect,004a9db0,E:\Wizardry 8\Engine Code\GrCycle.cpp,973,pWorld,
wiz8--demo--wiz8--8acda50afe39,004a9e66,direct,004a9db0,E:\Wizardry 8\Engine Code\GrCycle.cpp,992,psrMesh,
wiz8--demo--wiz8--8acda50afe39,004aa071,direct,004a9db0,E:\Wizardry 8\Engine Code\GrCycle.cpp,1035,psrMesh,
wiz8--demo--wiz8--8acda50afe39,004aa42b,direct,004a9db0,E:\Wizardry 8\Engine Code\GrCycle.cpp,1138,psrMesh,
wiz8--demo--wiz8--8acda50afe39,004aa497,direct,004a9db0,E:\Wizardry 8\Engine Code\GrCycle.cpp,1152,pWorld,
wiz8--demo--wiz8--8acda50afe39,004aa769,direct,004aa710,E:\Wizardry 8\Engine Code\GrCycle.cpp,1341,0,
wiz8--demo--wiz8--8acda50afe39,004aac18,register-indirect,004aab90,E:\Wizardry 8\Engine Code\GrCycle.cpp,1517,bLOD >= 0 && bLOD < NUM_LODS,
wiz8--demo--wiz8--8acda50afe39,004aac32,register-indirect,004aab90,E:\Wizardry 8\Engine Code\GrCycle.cpp,1518,bFrame >= 0,
wiz8--demo--wiz8--8acda50afe39,004aac50,register-indirect,004aab90,E:\Wizardry 8\Engine Code\GrCycle.cpp,1519,bCycle >= 0,
wiz8--demo--wiz8--8acda50afe39,004aacc8,register-indirect,004aab90,E:\Wizardry 8\Engine Code\GrCycle.cpp,1517,bLOD >= 0 && bLOD < NUM_LODS,
wiz8--demo--wiz8--8acda50afe39,004aace6,register-indirect,004aab90,E:\Wizardry 8\Engine Code\GrCycle.cpp,1518,bFrame >= 0,
wiz8--demo--wiz8--8acda50afe39,004aad04,register-indirect,004aab90,E:\Wizardry 8\Engine Code\GrCycle.cpp,1519,bCycle >= 0,
wiz8--demo--wiz8--8acda50afe39,004aadc8,direct,004aad70,E:\Wizardry 8\Engine Code\GrCycle.cpp,1594,(bBehaviour >= BEHAVIOUR_FIRST) && (bBehaviour <= BEHAVIOUR_LAST),
wiz8--demo--wiz8--8acda50afe39,004aae28,direct,004aae00,E:\Wizardry 8\Engine Code\GrCycle.cpp,1652,!m_fDeleteLights || (m_fDeleteLights && !m_plsLights),
wiz8--demo--wiz8--8acda50afe39,004aafdd,register-indirect,004aaf90,E:\Wizardry 8\Engine Code\GrCycle.cpp,1728,plsCyclesOfAName->Length(),
wiz8--demo--wiz8--8acda50afe39,004ab083,direct,004aaf90,E:\Wizardry 8\Engine Code\GrCycle.cpp,1762,plsCyclesOfAName->Length(),
wiz8--demo--wiz8--8acda50afe39,004ab155,direct,004ab0e0,E:\Wizardry 8\Engine Code\GrCycle.cpp,1797,plsCyclesOfThisName->Length(),
wiz8--demo--wiz8--8acda50afe39,004ab1b5,direct,004ab0e0,E:\Wizardry 8\Engine Code\GrCycle.cpp,1826,plsCyclesOfAName->Length(),
wiz8--demo--wiz8--8acda50afe39,004ab3e7,direct,004ab0e0,E:\Wizardry 8\Engine Code\GrCycle.cpp,1887,plsCyclesOfThisName->Length(),
wiz8--demo--wiz8--8acda50afe39,004abb4e,direct,004abb10,E:\Wizardry 8\Engine Code\PathAI.CPP,1425,pPathAI&&pRep,
wiz8--demo--wiz8--8acda50afe39,004abd1b,register-indirect,004abb10,E:\Wizardry 8\Engine Code\PathAI.CPP,256,pPathAI->pRotations,
wiz8--demo--wiz8--8acda50afe39,004abd62,register-indirect,004abb10,E:\Wizardry 8\Engine Code\PathAI.CPP,262,pPathAI->pvecScales,
wiz8--demo--wiz8--8acda50afe39,004ac21f,direct,004ac130,E:\Wizardry 8\Engine Code\PathAI.CPP,491,pPathAI,
wiz8--demo--wiz8--8acda50afe39,004ac583,direct,004ac4d0,E:\Wizardry 8\Engine Code\PathAI.CPP,658,pPathAI,
wiz8--demo--wiz8--8acda50afe39,004ac5a1,direct,004ac4d0,E:\Wizardry 8\Engine Code\PathAI.CPP,659,pPathAI->plsPoints,
wiz8--demo--wiz8--8acda50afe39,004ac704,direct,004ac4d0,E:\Wizardry 8\Engine Code\PathAI.CPP,1130,pPathAI,
wiz8--demo--wiz8--8acda50afe39,004ac859,direct,004ac840,E:\Wizardry 8\Engine Code\PathAI.CPP,1079,pPathAI,
wiz8--demo--wiz8--8acda50afe39,004ac89c,direct,004ac880,E:\Wizardry 8\Engine Code\PathAI.CPP,1130,pPathAI,
wiz8--demo--wiz8--8acda50afe39,004acb30,direct,004acb10,E:\Wizardry 8\Engine Code\PathAI.CPP,1308,pPathAI,
wiz8--demo--wiz8--8acda50afe39,004accb6,register-indirect,004acc90,E:\Wizardry 8\Engine Code\PathAI.CPP,1507,pPathAI,
wiz8--demo--wiz8--8acda50afe39,004accdc,register-indirect,004acc90,E:\Wizardry 8\Engine Code\PathAI.CPP,1508,pPathAI->flPosition>=0.0f,
wiz8--demo--wiz8--8acda50afe39,004ad309,direct,004ad2f0,E:\Wizardry 8\Engine Code\PathAI.CPP,1752,pPathAI,
wiz8--demo--wiz8--8acda50afe39,004ad349,direct,004ad330,E:\Wizardry 8\Engine Code\PathAI.CPP,1770,pPathAI,
wiz8--demo--wiz8--8acda50afe39,004ad4be,direct,004ad4a0,E:\Wizardry 8\Engine Code\Spells.cpp,300,pWorld,
wiz8--demo--wiz8--8acda50afe39,004ad7fd,direct,004ad640,E:\Wizardry 8\Engine Code\Spells.cpp,404,plsNewLights,Out of memory creating monster light list
wiz8--demo--wiz8--8acda50afe39,004ad8ea,direct,004ad640,E:\Wizardry 8\Engine Code\Spells.cpp,412,pstNewLight,Out of memory creating monster light
wiz8--demo--wiz8--8acda50afe39,004adc04,direct,004adae0,E:\Wizardry 8\Engine Code\Spells.cpp,508,pao,
wiz8--demo--wiz8--8acda50afe39,004add09,direct,004adc60,E:\Wizardry 8\Engine Code\Spells.cpp,598,pInfo && pInfo->hFile && pSpell,
wiz8--demo--wiz8--8acda50afe39,004adfae,register-indirect,004adc60,E:\Wizardry 8\Engine Code\Spells.cpp,1026,pSpell,
wiz8--demo--wiz8--8acda50afe39,004adfd0,register-indirect,004adc60,E:\Wizardry 8\Engine Code\Spells.cpp,756,*ppSpell,
wiz8--demo--wiz8--8acda50afe39,004ae0b5,direct,004adc60,E:\Wizardry 8\Engine Code\Spells.cpp,1326,pacName,
wiz8--demo--wiz8--8acda50afe39,004ae226,direct,004adc60,E:\Wizardry 8\Engine Code\Spells.cpp,1326,pacName,
wiz8--demo--wiz8--8acda50afe39,004ae2f3,direct,004adc60,E:\Wizardry 8\Engine Code\Spells.cpp,1326,pacName,
wiz8--demo--wiz8--8acda50afe39,004ae483,direct,004adc60,E:\Wizardry 8\Engine Code\Spells.cpp,865,*ppSpell,
wiz8--demo--wiz8--8acda50afe39,004ae5de,direct,004adc60,E:\Wizardry 8\Engine Code\Spells.cpp,956,m_pRep,
wiz8--demo--wiz8--8acda50afe39,004aed24,direct,004aecb0,E:\Wizardry 8\Engine Code\Spells.cpp,1304,pSpell,
wiz8--demo--wiz8--8acda50afe39,004aee1e,direct,004aee00,E:\Wizardry 8\Engine Code\Spells.cpp,1366,bCycle<SPELL_NUM_CYCLES,
wiz8--demo--wiz8--8acda50afe39,004aeec4,direct,004aee50,E:\Wizardry 8\Engine Code\Spells.cpp,1469,bCycle >= SPELL_CYCLE_FIRST && bCycle <= SPELL_CYCLE_LAST,
wiz8--demo--wiz8--8acda50afe39,004af1ec,direct,004af1c0,E:\Wizardry 8\Engine Code\Spells.cpp,1615,pao,
wiz8--demo--wiz8--8acda50afe39,004af5d9,direct,004af1c0,E:\Wizardry 8\Engine Code\Spells.cpp,1904,s_pSpellTable,
wiz8--demo--wiz8--8acda50afe39,004af6cc,register-indirect,004af6a0,E:\Wizardry 8\Engine Code\Spells.cpp,2085,pMonster,
wiz8--demo--wiz8--8acda50afe39,004af6eb,register-indirect,004af6a0,E:\Wizardry 8\Engine Code\Spells.cpp,2087,pMonRep,
wiz8--demo--wiz8--8acda50afe39,004af70b,register-indirect,004af6a0,E:\Wizardry 8\Engine Code\Spells.cpp,2088,pMonRep->GetSpellIcons(),
wiz8--demo--wiz8--8acda50afe39,004af737,register-indirect,004af6a0,E:\Wizardry 8\Engine Code\Spells.cpp,2091,iIcon != SPELL_ICON_NONE,
wiz8--demo--wiz8--8acda50afe39,004af7a7,register-indirect,004af6a0,E:\Wizardry 8\Engine Code\Spells.cpp,2071,pSpellMI,
wiz8--demo--wiz8--8acda50afe39,004af8da,direct,004af8c0,E:\Wizardry 8\Engine Code\Spells.cpp,2126,pMonster,
wiz8--demo--wiz8--8acda50afe39,004af8fd,direct,004af8c0,E:\Wizardry 8\Engine Code\Spells.cpp,2128,pMonRep,
wiz8--demo--wiz8--8acda50afe39,004af947,direct,004af8c0,E:\Wizardry 8\Engine Code\Spells.cpp,2071,pSpellMI,
wiz8--demo--wiz8--8acda50afe39,004af9e5,direct,004af9b0,E:\Wizardry 8\Engine Code\Spells.cpp,2165,pMLS && strlen(pMLS),
wiz8--demo--wiz8--8acda50afe39,004afd8d,direct,004afd60,E:\Wizardry 8\Engine Code\Spells.cpp,2224,pMLS && strlen(pMLS),
wiz8--demo--wiz8--8acda50afe39,004aff93,register-indirect,004aff60,E:\Wizardry 8\Engine Code\Spells.cpp,2277,pMLS && strlen(pMLS),
wiz8--demo--wiz8--8acda50afe39,004affb0,register-indirect,004aff60,E:\Wizardry 8\Engine Code\Spells.cpp,2278,pMonster,
wiz8--demo--wiz8--8acda50afe39,004b01dd,direct,004b01c0,E:\Wizardry 8\Engine Code\Spells.cpp,2327,pMonster,
wiz8--demo--wiz8--8acda50afe39,004b028d,direct,004b0260,E:\Wizardry 8\Engine Code\Spells.cpp,2363,pMLS && strlen(pMLS),
wiz8--demo--wiz8--8acda50afe39,004b050d,direct,004b04e0,E:\Wizardry 8\Engine Code\Spells.cpp,2445,pMLS && strlen(pMLS),
wiz8--demo--wiz8--8acda50afe39,004b4577,register-indirect,004b4440,E:\Wizardry 8\Engine Code\OctBuildPreTree.cpp,1774,m_pulRegPaths,
wiz8--demo--wiz8--8acda50afe39,004b45cd,register-indirect,004b4440,E:\Wizardry 8\Engine Code\OctBuildPreTree.cpp,1776,m_psrvRegCenters,
wiz8--demo--wiz8--8acda50afe39,004b7eba,direct,004b7e20,E:\Wizardry 8\Engine Code\AnimRep.cpp,75,gpsrTimer,
wiz8--demo--wiz8--8acda50afe39,004b7fd7,direct,004b7ef0,E:\Wizardry 8\Engine Code\AnimRep.cpp,97,gpsrTimer,
wiz8--demo--wiz8--8acda50afe39,004b8030,direct,004b8010,E:\Wizardry 8\Engine Code\AnimRep.cpp,103,bFrameMethod >= DIR_FIRST && bFrameMethod <= DIR_LAST,
wiz8--demo--wiz8--8acda50afe39,004b825b,register-indirect,004b8230,E:\Wizardry 8\Engine Code\AniMesh.cpp,110,pAniMesh,
wiz8--demo--wiz8--8acda50afe39,004b8297,register-indirect,004b8230,E:\Wizardry 8\Engine Code\AniMesh.cpp,118,pAniMesh->strBitmapDir,
wiz8--demo--wiz8--8acda50afe39,004b82b1,register-indirect,004b8230,E:\Wizardry 8\Engine Code\AniMesh.cpp,119,pAniMesh->strFilename,
wiz8--demo--wiz8--8acda50afe39,004b82ea,direct,004b82d0,E:\Wizardry 8\Engine Code\AniMesh.cpp,141,pAniMesh,
wiz8--demo--wiz8--8acda50afe39,004b833c,direct,004b8320,E:\Wizardry 8\Engine Code\AniMesh.cpp,172,pOther,
wiz8--demo--wiz8--8acda50afe39,004b8368,direct,004b8320,E:\Wizardry 8\Engine Code\AniMesh.cpp,176,pAniMesh,
wiz8--demo--wiz8--8acda50afe39,004b8406,direct,004b8320,E:\Wizardry 8\Engine Code\AniMesh.cpp,194,pAniMesh->strBitmapDir,
wiz8--demo--wiz8--8acda50afe39,004b8427,direct,004b8320,E:\Wizardry 8\Engine Code\AniMesh.cpp,195,pAniMesh->strFilename,
wiz8--demo--wiz8--8acda50afe39,004b849e,direct,004b8320,E:\Wizardry 8\Engine Code\AniMesh.cpp,208,pAniMesh->ppsrMeshes,
wiz8--demo--wiz8--8acda50afe39,004b8501,direct,004b8320,E:\Wizardry 8\Engine Code\AniMesh.cpp,218,pAniMesh->ppsrMeshes,
wiz8--demo--wiz8--8acda50afe39,004b85a3,direct,004b8580,E:\Wizardry 8\Engine Code\AniMesh.cpp,257,pInfo&&pAniMesh,
wiz8--demo--wiz8--8acda50afe39,004b87ab,direct,004b8750,E:\Wizardry 8\Engine Code\AniMesh.cpp,405,0,
wiz8--demo--wiz8--8acda50afe39,004b8817,direct,004b8750,E:\Wizardry 8\Engine Code\AniMesh.cpp,425,fSuccess,
wiz8--demo--wiz8--8acda50afe39,004b88f4,register-indirect,004b8750,E:\Wizardry 8\Engine Code\AniMesh.cpp,449,fSuccess,
wiz8--demo--wiz8--8acda50afe39,004b894c,register-indirect,004b8750,E:\Wizardry 8\Engine Code\AniMesh.cpp,460,pAniMesh->ppsrMeshes,
wiz8--demo--wiz8--8acda50afe39,004b898d,register-indirect,004b8750,E:\Wizardry 8\Engine Code\AniMesh.cpp,471,pAniMesh->ppsrMeshes,
wiz8--demo--wiz8--8acda50afe39,004b8abc,direct,004b8750,E:\Wizardry 8\Engine Code\AniMesh.cpp,493,fSuccess,
wiz8--demo--wiz8--8acda50afe39,004b8b3a,register-indirect,004b8750,E:\Wizardry 8\Engine Code\AniMesh.cpp,698,pAniMesh,
wiz8--demo--wiz8--8acda50afe39,004b8b6a,register-indirect,004b8750,E:\Wizardry 8\Engine Code\AniMesh.cpp,706,0,
wiz8--demo--wiz8--8acda50afe39,004b8be5,direct,004b8750,E:\Wizardry 8\Engine Code\AniMesh.cpp,698,pAniMesh,
wiz8--demo--wiz8--8acda50afe39,004b8c17,direct,004b8750,E:\Wizardry 8\Engine Code\AniMesh.cpp,706,0,
wiz8--demo--wiz8--8acda50afe39,004b8d31,register-indirect,004b8ce0,E:\Wizardry 8\Engine Code\AniMesh.cpp,571,fi.hFile,
wiz8--demo--wiz8--8acda50afe39,004b8e59,direct,004b8e40,E:\Wizardry 8\Engine Code\AniMesh.cpp,646,pAniMesh,
wiz8--demo--wiz8--8acda50afe39,004b8eb3,direct,004b8e40,E:\Wizardry 8\Engine Code\AniMesh.cpp,706,0,
wiz8--demo--wiz8--8acda50afe39,004b8f59,direct,004b8f40,E:\Wizardry 8\Engine Code\AniMesh.cpp,698,pAniMesh,
wiz8--demo--wiz8--8acda50afe39,004b8f8d,direct,004b8f40,E:\Wizardry 8\Engine Code\AniMesh.cpp,706,0,
wiz8--demo--wiz8--8acda50afe39,004b9055,direct,004b8fa0,E:\Wizardry 8\Engine Code\AniMesh.cpp,738,0,
wiz8--demo--wiz8--8acda50afe39,004b9089,direct,004b9070,E:\Wizardry 8\Engine Code\AniMesh.cpp,787,pAniMesh,
wiz8--demo--wiz8--8acda50afe39,004b90bd,direct,004b9070,E:\Wizardry 8\Engine Code\AniMesh.cpp,795,0,
wiz8--demo--wiz8--8acda50afe39,004b913a,register-indirect,004b9110,E:\Wizardry 8\Engine Code\AniMesh.cpp,836,pAniMesh&&pflRadius,
wiz8--demo--wiz8--8acda50afe39,004b916e,register-indirect,004b9110,E:\Wizardry 8\Engine Code\AniMesh.cpp,844,0,
wiz8--demo--wiz8--8acda50afe39,004b9208,direct,004b9110,E:\Wizardry 8\Engine Code\AniMesh.cpp,972,pAniMesh,
wiz8--demo--wiz8--8acda50afe39,004b927f,direct,004b9110,E:\Wizardry 8\Engine Code\AniMesh.cpp,921,0,mimp.cpp -> Tell a programmer : running out of monster memory.
wiz8--demo--wiz8--8acda50afe39,004b92a9,direct,004b9290,E:\Wizardry 8\Engine Code\AniMesh.cpp,947,pAniMesh,
wiz8--demo--wiz8--8acda50afe39,004b9492,direct,004b9350,E:\Wizardry 8\Engine Code\GrObject.cpp,62,m_plsSoundEvents,
wiz8--demo--wiz8--8acda50afe39,004b96bb,direct,004b9600,E:\Wizardry 8\Engine Code\GrObject.cpp,135,m_plsSoundEvents,
wiz8--demo--wiz8--8acda50afe39,004b99e7,register-indirect,004b9900,E:\Wizardry 8\Engine Code\GDProp.cpp,156,m_pGDSurfaces,
wiz8--demo--wiz8--8acda50afe39,004b9a61,register-indirect,004b9900,E:\Wizardry 8\Engine Code\GDProp.cpp,170,m_pVertices,
wiz8--demo--wiz8--8acda50afe39,004ba1d9,direct,004ba160,E:\Wizardry 8\Engine Code\GDProp.cpp,574,pusNewList,CheckConditionalWayPt: Couldn't allocate new waypt list.
wiz8--demo--wiz8--8acda50afe39,004ba478,direct,004ba260,E:\Wizardry 8\Engine Code\GDProp.cpp,649,pusNewList,CheckConditionalWayPt: Couldn't allocate new waypt list.
wiz8--demo--wiz8--8acda50afe39,004ba6bc,register-indirect,004ba630,E:\Wizardry 8\Engine Code\GDProp.cpp,849,FALSE,Transform prop made collideable!!!
wiz8--demo--wiz8--8acda50afe39,004ba767,register-indirect,004ba630,E:\Wizardry 8\Engine Code\GDProp.cpp,864,m_pGDSurfaces,
wiz8--demo--wiz8--8acda50afe39,004bbab3,direct,004bb4a0,E:\Wizardry 8\Engine Code\materials.cpp,225,*ppstMaterial,
wiz8--demo--wiz8--8acda50afe39,004bbd7b,direct,004bbcb0,E:\Wizardry 8\Engine Code\materials.cpp,301,*ppstMaterial,
wiz8--demo--wiz8--8acda50afe39,004bc175,direct,004bbe90,E:\Wizardry 8\Engine Code\materials.cpp,398,psrTexture,
wiz8--demo--wiz8--8acda50afe39,004bc2de,direct,004bbe90,E:\Wizardry 8\Engine Code\materials.cpp,420,psrTexture,
wiz8--demo--wiz8--8acda50afe39,004bd7db,register-indirect,004bd7b0,E:\Wizardry 8\Engine Code\UpdateMesh.cpp,539,pWorld,
wiz8--demo--wiz8--8acda50afe39,004bd7f5,register-indirect,004bd7b0,E:\Wizardry 8\Engine Code\UpdateMesh.cpp,540,pWorld->Tree.pQuads,
wiz8--demo--wiz8--8acda50afe39,004bd9e9,direct,004bd9d0,E:\Wizardry 8\Engine Code\UpdateMesh.cpp,670,pWorld,
wiz8--demo--wiz8--8acda50afe39,004bdc3d,direct,004bdac0,E:\Wizardry 8\Engine Code\ReadLevel.cpp,246,psrMesh,
wiz8--demo--wiz8--8acda50afe39,004be336,direct,004bdac0,E:\Wizardry 8\Engine Code\ReadLevel.cpp,344,fSuccess,
wiz8--demo--wiz8--8acda50afe39,004be86f,direct,004be830,E:\Wizardry 8\Engine Code\ReadLevel.cpp,482,fSuccess,Couldn't read number of lights
wiz8--demo--wiz8--8acda50afe39,004bea17,direct,004be830,E:\Wizardry 8\Engine Code\ReadLevel.cpp,528,fSuccess,
wiz8--demo--wiz8--8acda50afe39,004bec55,direct,004be830,E:\Wizardry 8\Engine Code\ReadLevel.cpp,589,pstLight,
wiz8--demo--wiz8--8acda50afe39,004bfbdb,register-indirect,004bfb80,E:\Wizardry 8\Engine Code\ReadLevel.cpp,1431,pInfo,
wiz8--demo--wiz8--8acda50afe39,004bfbfd,register-indirect,004bfb80,E:\Wizardry 8\Engine Code\ReadLevel.cpp,1432,pInfo->hFile,
wiz8--demo--wiz8--8acda50afe39,004bfc1b,register-indirect,004bfb80,E:\Wizardry 8\Engine Code\ReadLevel.cpp,1433,pWorld,
wiz8--demo--wiz8--8acda50afe39,004bfc4c,register-indirect,004bfb80,E:\Wizardry 8\Engine Code\ReadLevel.cpp,1438,fSuccess,Error reading num clipping planes
wiz8--demo--wiz8--8acda50afe39,004bfd1b,direct,004bfb80,E:\Wizardry 8\Engine Code\ReadLevel.cpp,1450,psrClipPlane,out of memory creating clip plane
wiz8--demo--wiz8--8acda50afe39,004bff8c,direct,004bfe30,E:\Wizardry 8\Engine Code\ReadLevel.cpp,1530,0,Unknown particle structure version
wiz8--demo--wiz8--8acda50afe39,004bfff1,direct,004bfe30,E:\Wizardry 8\Engine Code\ReadLevel.cpp,1535,pParticle,Error creating particle in ReadParticles()
wiz8--demo--wiz8--8acda50afe39,004c0a81,direct,004c09f0,E:\Wizardry 8\Engine Code\ReadLevel.cpp,1743,pNamedPos,out of memory creating NamedPos
wiz8--demo--wiz8--8acda50afe39,004c0ab7,direct,004c09f0,E:\Wizardry 8\Engine Code\ReadLevel.cpp,1746,bVersion == 1,Unknown Named Position version
wiz8--demo--wiz8--8acda50afe39,004c0fb2,direct,004c0ef0,E:\Wizardry 8\Engine Code\quad.cpp,54,pq,
wiz8--demo--wiz8--8acda50afe39,004c1f85,direct,004c1dc0,E:\Wizardry 8\Engine Code\Monster.cpp,481,plsNewLights,Out of memory creating monster light list
wiz8--demo--wiz8--8acda50afe39,004c203f,direct,004c1dc0,E:\Wizardry 8\Engine Code\Monster.cpp,489,pstNewLight,Out of memory creating monster light
wiz8--demo--wiz8--8acda50afe39,004c22a2,direct,004c21f0,E:\Wizardry 8\Engine Code\Monster.cpp,553,pInfo && pInfo->hFile && pMonster,
wiz8--demo--wiz8--8acda50afe39,004c22f5,direct,004c21f0,E:\Wizardry 8\Engine Code\Monster.cpp,3121,bCycle>=CYCLE_FIRST && bCycle<=CYCLE_LAST,
wiz8--demo--wiz8--8acda50afe39,004c2686,direct,004c21f0,E:\Wizardry 8\Engine Code\Monster.cpp,730,pao,
wiz8--demo--wiz8--8acda50afe39,004c27a1,direct,004c2780,E:\Wizardry 8\Engine Code\Monster.cpp,956,bCycle < CYCLE_NUM_UNIQUE,GetNumSubsPerCycle() -> Invalid cycle num.
wiz8--demo--wiz8--8acda50afe39,004c2d3f,direct,004c2ad0,E:\Wizardry 8\Engine Code\Monster.cpp,1095,rhs.m_pRep,
wiz8--demo--wiz8--8acda50afe39,004c3056,direct,004c2e40,E:\Wizardry 8\Engine Code\Monster.cpp,1231,*ppMonster,
wiz8--demo--wiz8--8acda50afe39,004c31e9,direct,004c2e40,E:\Wizardry 8\Engine Code\Monster.cpp,1291,hFile,
wiz8--demo--wiz8--8acda50afe39,004c370d,direct,004c2e40,E:\Wizardry 8\Engine Code\Monster.cpp,1418,pSndEvent,mls pitch: Must specify a sound before specifying parameters
wiz8--demo--wiz8--8acda50afe39,004c3773,direct,004c2e40,E:\Wizardry 8\Engine Code\Monster.cpp,1425,pSndEvent,mls volume: Must specify a sound before specifying parameters
wiz8--demo--wiz8--8acda50afe39,004c384f,direct,004c2e40,E:\Wizardry 8\Engine Code\Monster.cpp,1441,pSndEvent,mls frequency: Must specify a sound before specifying parameters
wiz8--demo--wiz8--8acda50afe39,004c4137,direct,004c2e40,E:\Wizardry 8\Engine Code\Monster.cpp,1586,FALSE,
wiz8--demo--wiz8--8acda50afe39,004c4a82,direct,004c4a00,E:\Wizardry 8\Engine Code\Monster.cpp,753,flStart <= flEnd,
wiz8--demo--wiz8--8acda50afe39,004c4d0f,direct,004c4cf0,E:\Wizardry 8\Engine Code\Monster.cpp,1933,pacName,
wiz8--demo--wiz8--8acda50afe39,004c4e03,direct,004c4de0,E:\Wizardry 8\Engine Code\Monster.cpp,2037,m_pRep,
wiz8--demo--wiz8--8acda50afe39,004c595d,direct,004c58d0,E:\Wizardry 8\Engine Code\Monster.cpp,2427,FALSE,
wiz8--demo--wiz8--8acda50afe39,004c6324,register-indirect,004c6300,E:\Wizardry 8\Engine Code\Monster.cpp,254,m_pMonster,
wiz8--demo--wiz8--8acda50afe39,004c6341,register-indirect,004c6300,E:\Wizardry 8\Engine Code\Monster.cpp,255,m_pParticles,
wiz8--demo--wiz8--8acda50afe39,004c6384,register-indirect,004c6300,..\Engine Code\Include\AnimRep.hpp,135,bBehaviour >= BEHAVIOUR_FIRST && bBehaviour <= BEHAVIOUR_LAST,
wiz8--demo--wiz8--8acda50afe39,004c6441,direct,004c6420,E:\Wizardry 8\Engine Code\Monster.cpp,2808,bCycle < CYCLE_NUM_UNIQUE,IsCycleSupported() -> Invalid cycle num.
wiz8--demo--wiz8--8acda50afe39,004c6497,direct,004c6470,E:\Wizardry 8\Engine Code\Monster.cpp,2832,bCycle >= CYCLE_FIRST && bCycle <= CYCLE_LAST,
wiz8--demo--wiz8--8acda50afe39,004c6586,direct,004c6470,E:\Wizardry 8\Engine Code\Monster.cpp,2850,FALSE,
wiz8--demo--wiz8--8acda50afe39,004c660d,direct,004c6470,E:\Wizardry 8\Engine Code\Monster.cpp,2879,0,
wiz8--demo--wiz8--8acda50afe39,004c673d,direct,004c6470,E:\Wizardry 8\Engine Code\Monster.cpp,2893,pao,
wiz8--demo--wiz8--8acda50afe39,004c6c33,direct,004c6bf0,E:\Wizardry 8\Engine Code\Monster.cpp,3146,pao,
wiz8--demo--wiz8--8acda50afe39,004c79af,direct,004c7990,E:\Wizardry 8\Engine Code\Monster.cpp,3808,pMonsterB,
wiz8--demo--wiz8--8acda50afe39,004c7a51,direct,004c7a30,E:\Wizardry 8\Engine Code\Monster.cpp,3834,pPlayer,
wiz8--demo--wiz8--8acda50afe39,004c8579,direct,004c8560,E:\Wizardry 8\Engine Code\Monster.cpp,4699,pMonster,
wiz8--demo--wiz8--8acda50afe39,004c8bbf,direct,004c88b0,..\Engine Code\Include\AnimRep.hpp,135,bBehaviour >= BEHAVIOUR_FIRST && bBehaviour <= BEHAVIOUR_LAST,
wiz8--demo--wiz8--8acda50afe39,004c90e8,direct,004c90a0,E:\Wizardry 8\Engine Code\Monster.cpp,956,bCycle < CYCLE_NUM_UNIQUE,GetNumSubsPerCycle() -> Invalid cycle num.
wiz8--demo--wiz8--8acda50afe39,004ca4b2,direct,004ca340,E:\Wizardry 8\Engine Code\Monster.cpp,6232,uiAttack < MAX_MONSTER_ATTACKS,
wiz8--demo--wiz8--8acda50afe39,004ca5d9,direct,004ca5a0,E:\Wizardry 8\Engine Code\Monster.cpp,6311,!(IsCycleSupported(CYCLE_ATTACK_SHOOT) && IsCycleSupported(CYCLE_ATTACK_THROW)),
wiz8--demo--wiz8--8acda50afe39,004ccc48,direct,004ccbc0,E:\Wizardry 8\Engine Code\Monster.cpp,7487,pEvalVar,
wiz8--demo--wiz8--8acda50afe39,004ccc75,direct,004ccbc0,E:\Wizardry 8\Engine Code\Monster.cpp,7488,strlen(pEvalVar) < 512,
wiz8--demo--wiz8--8acda50afe39,004ccd88,direct,004ccbc0,E:\Wizardry 8\Engine Code\Monster.cpp,7510,lsParmList.Length(),
wiz8--demo--wiz8--8acda50afe39,004cce85,direct,004ccbc0,E:\Wizardry 8\Engine Code\Monster.cpp,7526,lsParmList.Length(),
wiz8--demo--wiz8--8acda50afe39,004d1467,direct,004d1310,E:\Wizardry 8\Engine Code\OctPrePath.cpp,1034,ppCondPaths,LinkCollideableProps: Couldn't allocate GDPropCondPaths objects.
wiz8--demo--wiz8--8acda50afe39,004d15b4,direct,004d1310,E:\Wizardry 8\Engine Code\OctPrePath.cpp,1062,ulOriginalCount <= (UINT32)lNumProps,LinkCollideableProps: Invalid count for collideable props.
wiz8--demo--wiz8--8acda50afe39,004d1661,direct,004d1310,E:\Wizardry 8\Engine Code\OctPrePath.cpp,1074,m_ulNumCondFrames < 10000,LinkCollideableProps: Too many conditional frames.
wiz8--demo--wiz8--8acda50afe39,004d16aa,direct,004d1310,E:\Wizardry 8\Engine Code\OctPrePath.cpp,1079,m_ulNumCondNodes < 10000,LinkCollideableProps: Too many conditional nodes.
wiz8--demo--wiz8--8acda50afe39,004d1831,direct,004d1310,E:\Wizardry 8\Engine Code\OctPrePath.cpp,1113,m_pCondPaths,LinkCollideableProps: Couldn't allocate m_pCondPaths array.
wiz8--demo--wiz8--8acda50afe39,004d18d8,direct,004d1310,E:\Wizardry 8\Engine Code\OctPrePath.cpp,1124,m_pulCondLookup,
wiz8--demo--wiz8--8acda50afe39,004d192e,direct,004d1310,E:\Wizardry 8\Engine Code\OctPrePath.cpp,1127,m_pusCondNodeFrames,
wiz8--demo--wiz8--8acda50afe39,004d1987,direct,004d1310,E:\Wizardry 8\Engine Code\OctPrePath.cpp,1131,m_pulCondNodeKeys,
wiz8--demo--wiz8--8acda50afe39,004d19e1,direct,004d1310,E:\Wizardry 8\Engine Code\OctPrePath.cpp,1134,m_pulCondNodeValues,
wiz8--demo--wiz8--8acda50afe39,004d20e7,direct,004d2030,E:\Wizardry 8\Engine Code\stScript.cpp,66,pNewLine,
wiz8--demo--wiz8--8acda50afe39,004d2bec,direct,004d2bc0,E:\Wizardry 8\Engine Code\LevelFile.cpp,39,pLevel,
wiz8--demo--wiz8--8acda50afe39,004d2c6a,direct,004d2bc0,E:\Wizardry 8\Engine Code\LevelFile.cpp,52,pLevel->pMeshes,
wiz8--demo--wiz8--8acda50afe39,004d2cdc,direct,004d2bc0,E:\Wizardry 8\Engine Code\LevelFile.cpp,61,pLevel->pTextures,
wiz8--demo--wiz8--8acda50afe39,004d2dcf,direct,004d2bc0,E:\Wizardry 8\Engine Code\LevelFile.cpp,73,pLevel->pLights,
wiz8--demo--wiz8--8acda50afe39,004d2e6e,direct,004d2bc0,E:\Wizardry 8\Engine Code\LevelFile.cpp,89,pLevel->pMonsters,
wiz8--demo--wiz8--8acda50afe39,004d2f0f,direct,004d2bc0,E:\Wizardry 8\Engine Code\LevelFile.cpp,101,pLevel->pMonsters[i1].MonPath,
wiz8--demo--wiz8--8acda50afe39,004d2fcc,direct,004d2bc0,E:\Wizardry 8\Engine Code\LevelFile.cpp,117,pLevel->pItems,
wiz8--demo--wiz8--8acda50afe39,004d3066,direct,004d2bc0,E:\Wizardry 8\Engine Code\LevelFile.cpp,133,pLevel->pProps,
wiz8--demo--wiz8--8acda50afe39,004d30a9,direct,004d2bc0,E:\Wizardry 8\Engine Code\LevelFile.cpp,141,pLevel->pBitmaps,
wiz8--demo--wiz8--8acda50afe39,004d30fd,direct,004d2bc0,E:\Wizardry 8\Engine Code\LevelFile.cpp,163,pLevel->pCameras,
wiz8--demo--wiz8--8acda50afe39,004d3299,direct,004d2bc0,E:\Wizardry 8\Engine Code\LevelFile.cpp,184,pLevel->pTriggers,
wiz8--demo--wiz8--8acda50afe39,004d337b,direct,004d2bc0,E:\Wizardry 8\Engine Code\LevelFile.cpp,199,pLevel->pClippingPlanes,
wiz8--demo--wiz8--8acda50afe39,004d3412,direct,004d2bc0,E:\Wizardry 8\Engine Code\LevelFile.cpp,210,pLevel->pParticleSystems,
wiz8--demo--wiz8--8acda50afe39,004d34bf,direct,004d2bc0,E:\Wizardry 8\Engine Code\LevelFile.cpp,223,pLevel->pNamedPositions,
wiz8--demo--wiz8--8acda50afe39,004d35f4,register-indirect,004d35c0,E:\Wizardry 8\Engine Code\LevelFile.cpp,264,pLevel,
wiz8--demo--wiz8--8acda50afe39,004d3614,register-indirect,004d35c0,E:\Wizardry 8\Engine Code\LevelFile.cpp,265,hFile,
wiz8--demo--wiz8--8acda50afe39,004d3631,register-indirect,004d35c0,E:\Wizardry 8\Engine Code\LevelFile.cpp,266,pLevel->pMeshes,
wiz8--demo--wiz8--8acda50afe39,004d3a3e,direct,004d35c0,E:\Wizardry 8\Engine Code\LevelFile.cpp,389,pLevel->pCameras,
wiz8--demo--wiz8--8acda50afe39,004d3bd7,direct,004d35c0,E:\Wizardry 8\Engine Code\LevelFile.cpp,412,pLevel->pTriggers,
wiz8--demo--wiz8--8acda50afe39,004d41b2,direct,004d35c0,E:\Wizardry 8\Engine Code\LevelFile.cpp,662,pMesh->pstVertices,
wiz8--demo--wiz8--8acda50afe39,004d4228,direct,004d35c0,E:\Wizardry 8\Engine Code\LevelFile.cpp,675,pMesh->pstCompFaces,
wiz8--demo--wiz8--8acda50afe39,004d4297,direct,004d35c0,E:\Wizardry 8\Engine Code\LevelFile.cpp,686,pMesh->pstFaces,
wiz8--demo--wiz8--8acda50afe39,004d4533,direct,004d4310,E:\Wizardry 8\Engine Code\LevelFile.cpp,785,pMesh->pstVertices,
wiz8--demo--wiz8--8acda50afe39,004d4594,direct,004d4310,E:\Wizardry 8\Engine Code\LevelFile.cpp,795,pMesh->pstCompFaces,
wiz8--demo--wiz8--8acda50afe39,004d45e2,direct,004d4310,E:\Wizardry 8\Engine Code\LevelFile.cpp,802,pMesh->pstFaces,
wiz8--demo--wiz8--8acda50afe39,004d4747,direct,004d4620,E:\Wizardry 8\Engine Code\LevelFile.cpp,859,fSuccess,Couldn't read light.
wiz8--demo--wiz8--8acda50afe39,004d4875,direct,004d4760,E:\Wizardry 8\Engine Code\LevelFile.cpp,906,fSuccess,Couldn't Write light.
wiz8--demo--wiz8--8acda50afe39,004d493e,direct,004d4890,E:\Wizardry 8\Engine Code\LevelFile.cpp,942,fSuccess,Couldn't read anim light.
wiz8--demo--wiz8--8acda50afe39,004d49f7,direct,004d4950,E:\Wizardry 8\Engine Code\LevelFile.cpp,976,fSuccess,Couldn't write anim light.
wiz8--demo--wiz8--8acda50afe39,004d4a82,direct,004d4a10,E:\Wizardry 8\Engine Code\LevelFile.cpp,1012,pSwitch,
wiz8--demo--wiz8--8acda50afe39,004d4b92,direct,004d4a10,E:\Wizardry 8\Engine Code\LevelFile.cpp,1028,fSuccess,
wiz8--demo--wiz8--8acda50afe39,004d4cd2,direct,004d4a10,E:\Wizardry 8\Engine Code\LevelFile.cpp,1067,pInvis,
wiz8--demo--wiz8--8acda50afe39,004d4de2,direct,004d4a10,E:\Wizardry 8\Engine Code\LevelFile.cpp,1085,pInvis->pPlane,
wiz8--demo--wiz8--8acda50afe39,004d4ff7,direct,004d4a10,E:\Wizardry 8\Engine Code\LevelFile.cpp,1128,pSound,
wiz8--demo--wiz8--8acda50afe39,004d5269,register-indirect,004d4a10,E:\Wizardry 8\Engine Code\LevelFile.cpp,1210,pSwitch,
wiz8--demo--wiz8--8acda50afe39,004d5369,register-indirect,004d4a10,E:\Wizardry 8\Engine Code\LevelFile.cpp,1225,fSuccess,
wiz8--demo--wiz8--8acda50afe39,004d5417,direct,004d4a10,E:\Wizardry 8\Engine Code\LevelFile.cpp,1254,pInvis,
wiz8--demo--wiz8--8acda50afe39,004d5655,direct,004d4a10,E:\Wizardry 8\Engine Code\LevelFile.cpp,1306,pSound,
wiz8--demo--wiz8--8acda50afe39,004d6612,direct,004d6570,E:\Wizardry 8\Engine Code\LevelFile.cpp,1838,pPathAI->pScaledPaths,
wiz8--demo--wiz8--8acda50afe39,004d6689,direct,004d6570,E:\Wizardry 8\Engine Code\LevelFile.cpp,1849,pPathAI->pPaths,
wiz8--demo--wiz8--8acda50afe39,004d6774,direct,004d66e0,E:\Wizardry 8\Engine Code\LevelFile.cpp,1885,pPathAI->pScaledPaths,
wiz8--demo--wiz8--8acda50afe39,004d67c6,direct,004d66e0,E:\Wizardry 8\Engine Code\LevelFile.cpp,1895,pPathAI->pPaths,
wiz8--demo--wiz8--8acda50afe39,004d694c,direct,004d6810,E:\Wizardry 8\Engine Code\LevelFile.cpp,1953,fSuccess,
wiz8--demo--wiz8--8acda50afe39,004d697f,direct,004d6810,E:\Wizardry 8\Engine Code\LevelFile.cpp,1958,pAnimObj->abHowMany,
wiz8--demo--wiz8--8acda50afe39,004d69f9,direct,004d6810,E:\Wizardry 8\Engine Code\LevelFile.cpp,1967,pAnimObj->pBoundBox,
wiz8--demo--wiz8--8acda50afe39,004d6ba6,direct,004d6810,E:\Wizardry 8\Engine Code\LevelFile.cpp,2013,pAnimObj->pMorphs,
wiz8--demo--wiz8--8acda50afe39,004d6c6a,direct,004d6810,E:\Wizardry 8\Engine Code\LevelFile.cpp,2023,pAnimObj->pMorphs[i].LODMesh.pFrames,
wiz8--demo--wiz8--8acda50afe39,004d6d77,direct,004d6810,E:\Wizardry 8\Engine Code\LevelFile.cpp,2037,pAnimObj->pMorphs[i].LODMesh.pFrames[i2].pTextures,
wiz8--demo--wiz8--8acda50afe39,004d6efe,direct,004d6810,E:\Wizardry 8\Engine Code\LevelFile.cpp,2058,pAnimObj->pTransforms,
wiz8--demo--wiz8--8acda50afe39,004d6fcd,direct,004d6810,E:\Wizardry 8\Engine Code\LevelFile.cpp,2068,pAnimObj->pTransforms[i].LODMesh.pFrames,
wiz8--demo--wiz8--8acda50afe39,004d70e9,direct,004d6810,E:\Wizardry 8\Engine Code\LevelFile.cpp,2090,pAnimObj->pTransforms[i].LODMesh.pFrames[i2].pTextures,
wiz8--demo--wiz8--8acda50afe39,004d739c,direct,004d7280,E:\Wizardry 8\Engine Code\LevelFile.cpp,2147,fSuccess,
wiz8--demo--wiz8--8acda50afe39,004d73c3,direct,004d7280,E:\Wizardry 8\Engine Code\LevelFile.cpp,2151,pAnimObj->abHowMany,
wiz8--demo--wiz8--8acda50afe39,004d7423,direct,004d7280,E:\Wizardry 8\Engine Code\LevelFile.cpp,2160,pAnimObj->pBoundBox,
wiz8--demo--wiz8--8acda50afe39,004d756b,direct,004d7280,E:\Wizardry 8\Engine Code\LevelFile.cpp,2202,pAnimObj->pMorphs,
wiz8--demo--wiz8--8acda50afe39,004d75e3,direct,004d7280,E:\Wizardry 8\Engine Code\LevelFile.cpp,2209,pAnimObj->pMorphs[i].LODMesh.pFrames,
wiz8--demo--wiz8--8acda50afe39,004d7692,direct,004d7280,E:\Wizardry 8\Engine Code\LevelFile.cpp,2219,pAnimObj->pMorphs[i].LODMesh.pFrames[i2].pTextures,
wiz8--demo--wiz8--8acda50afe39,004d7826,direct,004d7280,E:\Wizardry 8\Engine Code\LevelFile.cpp,2243,pAnimObj->pTransforms,
wiz8--demo--wiz8--8acda50afe39,004d78a4,direct,004d7280,E:\Wizardry 8\Engine Code\LevelFile.cpp,2250,pAnimObj->pTransforms[i].LODMesh.pFrames,
wiz8--demo--wiz8--8acda50afe39,004d7953,direct,004d7280,E:\Wizardry 8\Engine Code\LevelFile.cpp,2260,pAnimObj->pTransforms[i].LODMesh.pFrames[i2].pTextures,
wiz8--demo--wiz8--8acda50afe39,004d7af2,direct,004d7280,E:\Wizardry 8\Engine Code\LevelFile.cpp,2305,pProps,
wiz8--demo--wiz8--8acda50afe39,004d7bcb,direct,004d7280,E:\Wizardry 8\Engine Code\LevelFile.cpp,2324,fSuccess,
wiz8--demo--wiz8--8acda50afe39,004d7c3b,direct,004d7280,E:\Wizardry 8\Engine Code\LevelFile.cpp,2331,pProps[i1].usFrame_Pos,
wiz8--demo--wiz8--8acda50afe39,004d7c82,direct,004d7280,E:\Wizardry 8\Engine Code\LevelFile.cpp,2336,fSuccess,
wiz8--demo--wiz8--8acda50afe39,004d7cb4,direct,004d7280,E:\Wizardry 8\Engine Code\LevelFile.cpp,2349,fSuccess,
wiz8--demo--wiz8--8acda50afe39,004d7ce8,direct,004d7280,E:\Wizardry 8\Engine Code\LevelFile.cpp,2353,pProps[i1].pTrigger,
wiz8--demo--wiz8--8acda50afe39,004d7d24,direct,004d7280,E:\Wizardry 8\Engine Code\LevelFile.cpp,2356,fSuccess,
wiz8--demo--wiz8--8acda50afe39,004d7d5c,direct,004d7280,E:\Wizardry 8\Engine Code\LevelFile.cpp,2362,fSuccess,
wiz8--demo--wiz8--8acda50afe39,004d7de9,direct,004d7dc0,E:\Wizardry 8\Engine Code\LevelFile.cpp,2398,pProps,
wiz8--demo--wiz8--8acda50afe39,004d7e97,direct,004d7dc0,E:\Wizardry 8\Engine Code\LevelFile.cpp,2412,fSuccess,
wiz8--demo--wiz8--8acda50afe39,004d7ede,direct,004d7dc0,E:\Wizardry 8\Engine Code\LevelFile.cpp,2418,pProps[i1].usFrame_Pos,
wiz8--demo--wiz8--8acda50afe39,004d7f45,direct,004d7dc0,E:\Wizardry 8\Engine Code\LevelFile.cpp,2435,fSuccess,
wiz8--demo--wiz8--8acda50afe39,004d7f79,direct,004d7dc0,E:\Wizardry 8\Engine Code\LevelFile.cpp,2439,fSuccess,
wiz8--demo--wiz8--8acda50afe39,004d7fcb,direct,004d7dc0,E:\Wizardry 8\Engine Code\LevelFile.cpp,2447,fSuccess,
wiz8--demo--wiz8--8acda50afe39,004d811b,direct,004d8040,E:\Wizardry 8\Engine Code\LevelFile.cpp,2559,fSuccess,Couldn't read particle system.
wiz8--demo--wiz8--8acda50afe39,004d8221,direct,004d8040,E:\Wizardry 8\Engine Code\LevelFile.cpp,2598,fSuccess,Couldn't Write particle system.
wiz8--demo--wiz8--8acda50afe39,004d8604,direct,004d85a0,E:\Wizardry 8\Engine Code\SoundEvent.cpp,108,pSndEvent,SoundEvent: Out of memory
wiz8--demo--wiz8--8acda50afe39,004d8660,direct,004d85a0,E:\Wizardry 8\Engine Code\SoundEvent.cpp,117,pSndEvent->m_pacWaveName,SoundEvent: Out of memory
wiz8--demo--wiz8--8acda50afe39,004d8c75,direct,004d8810,E:\Wizardry 8\Engine Code\SoundEvent.cpp,285,vPos,
wiz8--demo--wiz8--8acda50afe39,004d9a4c,register-indirect,004d98f0,E:\Wizardry 8\Level Specific Code\MasterFunctionList.cpp,112,pTrigger,Missing trigger 'ChaosMolori'! It's not in the LVL file!
wiz8--demo--wiz8--8acda50afe39,004d9a7f,register-indirect,004d98f0,E:\Wizardry 8\Level Specific Code\MasterFunctionList.cpp,116,pTrigger,Missing trigger 'Maddmook'! It's not in the LVL file!
wiz8--demo--wiz8--8acda50afe39,004d9ab2,register-indirect,004d98f0,E:\Wizardry 8\Level Specific Code\MasterFunctionList.cpp,120,pTrigger,Missing trigger 'CMbox'! It's not in the LVL file!
wiz8--demo--wiz8--8acda50afe39,004d9ae5,register-indirect,004d98f0,E:\Wizardry 8\Level Specific Code\MasterFunctionList.cpp,124,pTrigger,Missing trigger 'AstralDominae'! It's not in the LVL file!
wiz8--demo--wiz8--8acda50afe39,004d9b1b,register-indirect,004d98f0,E:\Wizardry 8\Level Specific Code\MasterFunctionList.cpp,128,pTrigger,Missing trigger 'BallSlot'! It's not in the LVL file!
wiz8--demo--wiz8--8acda50afe39,004d9b51,register-indirect,004d98f0,E:\Wizardry 8\Level Specific Code\MasterFunctionList.cpp,132,pTrigger,Missing trigger 'Flightrecordertrigger'! It's not in the LVL file!
wiz8--demo--wiz8--8acda50afe39,004d9b87,register-indirect,004d98f0,E:\Wizardry 8\Level Specific Code\MasterFunctionList.cpp,136,pTrigger,Missing trigger 'ULLspawn'! It's not in the LVL file!
wiz8--demo--wiz8--8acda50afe39,004d9bbd,register-indirect,004d98f0,E:\Wizardry 8\Level Specific Code\MasterFunctionList.cpp,140,pTrigger,Missing trigger 'Mookholo'! It's not in the LVL file!
wiz8--demo--wiz8--8acda50afe39,004d9bf3,register-indirect,004d98f0,E:\Wizardry 8\Level Specific Code\MasterFunctionList.cpp,152,pTrigger,Missing trigger 'MookFrontDoor'! It's not in the LVL file!
wiz8--demo--wiz8--8acda50afe39,004d9c29,register-indirect,004d98f0,E:\Wizardry 8\Level Specific Code\MasterFunctionList.cpp,156,pTrigger,Missing trigger 'YellowButton'! It's not in the LVL file!
wiz8--demo--wiz8--8acda50afe39,004d9ec4,direct,004d98f0,E:\Wizardry 8\Level Specific Code\MasterFunctionList.cpp,227,pTrigger,Missing trigger 'Liche'! It's not in the LVL file!
wiz8--demo--wiz8--8acda50afe39,004d9f0d,register-indirect,004d98f0,E:\Wizardry 8\Level Specific Code\MasterFunctionList.cpp,238,pTrigger,Missing trigger 'Triangle'! It's not in the LVL file!
wiz8--demo--wiz8--8acda50afe39,004d9f44,register-indirect,004d98f0,E:\Wizardry 8\Level Specific Code\MasterFunctionList.cpp,242,pTrigger,Missing trigger 'Circle'! It's not in the LVL file!
wiz8--demo--wiz8--8acda50afe39,004d9f76,register-indirect,004d98f0,E:\Wizardry 8\Level Specific Code\MasterFunctionList.cpp,246,pTrigger,Missing trigger 'Square'! It's not in the LVL file!
wiz8--demo--wiz8--8acda50afe39,004d9fa8,register-indirect,004d98f0,E:\Wizardry 8\Level Specific Code\MasterFunctionList.cpp,250,pTrigger,Missing trigger 'Star'! It's not in the LVL file!
wiz8--demo--wiz8--8acda50afe39,004d9fda,register-indirect,004d98f0,E:\Wizardry 8\Level Specific Code\MasterFunctionList.cpp,254,pTrigger,Missing trigger 'ButtonBlocker'! It's not in the LVL file!
wiz8--demo--wiz8--8acda50afe39,004da01a,register-indirect,004d98f0,E:\Wizardry 8\Level Specific Code\MasterFunctionList.cpp,274,pTrigger,Missing trigger 'RampUp'! It's not in the LVL file!
wiz8--demo--wiz8--8acda50afe39,004da050,register-indirect,004d98f0,E:\Wizardry 8\Level Specific Code\MasterFunctionList.cpp,278,pTrigger,Missing trigger 'ChaosATrigger'! It's not in the LVL file!
wiz8--demo--wiz8--8acda50afe39,004da086,register-indirect,004d98f0,E:\Wizardry 8\Level Specific Code\MasterFunctionList.cpp,282,pTrigger,Missing trigger 'ChaosBTrigger'! It's not in the LVL file!
wiz8--demo--wiz8--8acda50afe39,004da0bc,register-indirect,004d98f0,E:\Wizardry 8\Level Specific Code\MasterFunctionList.cpp,286,pTrigger,Missing trigger 'LifeATrigger'! It's not in the LVL file!
wiz8--demo--wiz8--8acda50afe39,004da0f2,register-indirect,004d98f0,E:\Wizardry 8\Level Specific Code\MasterFunctionList.cpp,290,pTrigger,Missing trigger 'LifeBTrigger'! It's not in the LVL file!
wiz8--demo--wiz8--8acda50afe39,004da128,register-indirect,004d98f0,E:\Wizardry 8\Level Specific Code\MasterFunctionList.cpp,294,pTrigger,Missing trigger 'KnowATrigger'! It's not in the LVL file!
wiz8--demo--wiz8--8acda50afe39,004da15e,register-indirect,004d98f0,E:\Wizardry 8\Level Specific Code\MasterFunctionList.cpp,298,pTrigger,Missing trigger 'KnowBTrigger'! It's not in the LVL file!
wiz8--demo--wiz8--8acda50afe39,004da194,register-indirect,004d98f0,E:\Wizardry 8\Level Specific Code\MasterFunctionList.cpp,302,pTrigger,Missing trigger 'RampUp'! It's not in the LVL file!
wiz8--demo--wiz8--8acda50afe39,004da1ca,register-indirect,004d98f0,E:\Wizardry 8\Level Specific Code\MasterFunctionList.cpp,306,pTrigger,Missing trigger 'Path1Camera'! It's not in the LVL file!
wiz8--demo--wiz8--8acda50afe39,004da258,register-indirect,004d98f0,E:\Wizardry 8\Level Specific Code\MasterFunctionList.cpp,320,pTrigger,Missing trigger 'MR109'! It's not in the LVL file!
wiz8--demo--wiz8--8acda50afe39,004da2d8,register-indirect,004d98f0,E:\Wizardry 8\Level Specific Code\MasterFunctionList.cpp,336,pTrigger,Missing trigger 'F-Handlock'! It's not in the LVL file!
wiz8--demo--wiz8--8acda50afe39,004da30e,register-indirect,004d98f0,E:\Wizardry 8\Level Specific Code\MasterFunctionList.cpp,340,pTrigger,Missing trigger 'ButtonGigas'! It's not in the LVL file!
wiz8--demo--wiz8--8acda50afe39,004da345,register-indirect,004d98f0,E:\Wizardry 8\Level Specific Code\MasterFunctionList.cpp,344,pTrigger,Missing trigger 'ButtonTrang'! It's not in the LVL file!
wiz8--demo--wiz8--8acda50afe39,004da37b,register-indirect,004d98f0,E:\Wizardry 8\Level Specific Code\MasterFunctionList.cpp,348,pTrigger,Missing trigger 'ButtonRift'! It's not in the LVL file!
wiz8--demo--wiz8--8acda50afe39,004da3b1,register-indirect,004d98f0,E:\Wizardry 8\Level Specific Code\MasterFunctionList.cpp,352,pTrigger,Missing trigger 'ButtonMaten'! It's not in the LVL file!
wiz8--demo--wiz8--8acda50afe39,004da3e7,register-indirect,004d98f0,E:\Wizardry 8\Level Specific Code\MasterFunctionList.cpp,356,pTrigger,Missing trigger 'WireTrigger'! It's not in the LVL file!
wiz8--demo--wiz8--8acda50afe39,004da41d,register-indirect,004d98f0,E:\Wizardry 8\Level Specific Code\MasterFunctionList.cpp,360,pTrigger,Missing trigger 'ButtonGigas'! It's not in the LVL file!
wiz8--demo--wiz8--8acda50afe39,004da5d8,register-indirect,004d98f0,E:\Wizardry 8\Level Specific Code\MasterFunctionList.cpp,398,pTrigger,Missing trigger 'Arrowtraptrigger'! It's not in the LVL file!
wiz8--demo--wiz8--8acda50afe39,004da60e,register-indirect,004d98f0,E:\Wizardry 8\Level Specific Code\MasterFunctionList.cpp,402,pTrigger,Missing trigger 'Spikeballtrigger'! It's not in the LVL file!
wiz8--demo--wiz8--8acda50afe39,004da644,register-indirect,004d98f0,E:\Wizardry 8\Level Specific Code\MasterFunctionList.cpp,406,pTrigger,Missing trigger 'DoorBolt'! It's not in the LVL file!
wiz8--demo--wiz8--8acda50afe39,004da67a,register-indirect,004d98f0,E:\Wizardry 8\Level Specific Code\MasterFunctionList.cpp,410,pTrigger,Missing trigger 'DummyLever'! It's not in the LVL file!
wiz8--demo--wiz8--8acda50afe39,004da6b0,register-indirect,004d98f0,E:\Wizardry 8\Level Specific Code\MasterFunctionList.cpp,414,pTrigger,Missing trigger 'Dummy'! It's not in the LVL file!
wiz8--demo--wiz8--8acda50afe39,004da6e6,register-indirect,004d98f0,E:\Wizardry 8\Level Specific Code\MasterFunctionList.cpp,418,pTrigger,Missing trigger 'PerfumeBox'! It's not in the LVL file!
wiz8--demo--wiz8--8acda50afe39,004da71c,register-indirect,004d98f0,E:\Wizardry 8\Level Specific Code\MasterFunctionList.cpp,422,pTrigger,Missing trigger 'StoneIdol'! It's not in the LVL file!
wiz8--demo--wiz8--8acda50afe39,004da752,register-indirect,004d98f0,E:\Wizardry 8\Level Specific Code\MasterFunctionList.cpp,426,pTrigger,Missing trigger 'BlueFlowers'! It's not in the LVL file!
wiz8--demo--wiz8--8acda50afe39,004da788,register-indirect,004d98f0,E:\Wizardry 8\Level Specific Code\MasterFunctionList.cpp,430,pTrigger,Missing trigger 'SquisherControls'! It's not in the LVL file!
wiz8--demo--wiz8--8acda50afe39,004da803,register-indirect,004d98f0,E:\Wizardry 8\Level Specific Code\MasterFunctionList.cpp,444,pTrigger,Missing trigger 'roach_trigger'! It's not in the LVL file!
wiz8--demo--wiz8--8acda50afe39,004da839,register-indirect,004d98f0,E:\Wizardry 8\Level Specific Code\MasterFunctionList.cpp,448,pTrigger,Missing trigger 'spider_trigger'! It's not in the LVL file!
wiz8--demo--wiz8--8acda50afe39,004da86f,register-indirect,004d98f0,E:\Wizardry 8\Level Specific Code\MasterFunctionList.cpp,452,pTrigger,Missing trigger 'Bartrigger'! It's not in the LVL file!
wiz8--demo--wiz8--8acda50afe39,004da8a5,register-indirect,004d98f0,E:\Wizardry 8\Level Specific Code\MasterFunctionList.cpp,456,pTrigger,Missing trigger 'Coffinlide'! It's not in the LVL file!
wiz8--demo--wiz8--8acda50afe39,004da8db,register-indirect,004d98f0,E:\Wizardry 8\Level Specific Code\MasterFunctionList.cpp,460,pTrigger,Missing trigger 'Coffinlidg'! It's not in the LVL file!
wiz8--demo--wiz8--8acda50afe39,004da91f,register-indirect,004d98f0,E:\Wizardry 8\Level Specific Code\MasterFunctionList.cpp,1514,pTrigger,
wiz8--demo--wiz8--8acda50afe39,004da95f,register-indirect,004d98f0,E:\Wizardry 8\Level Specific Code\MasterFunctionList.cpp,468,pTrigger,Missing trigger 'bell_button'! It's not in the LVL file!
wiz8--demo--wiz8--8acda50afe39,004da995,register-indirect,004d98f0,E:\Wizardry 8\Level Specific Code\MasterFunctionList.cpp,472,pTrigger,Missing trigger 'micro_door2'! It's not in the LVL file!
wiz8--demo--wiz8--8acda50afe39,004da9d5,register-indirect,004d98f0,E:\Wizardry 8\Level Specific Code\MasterFunctionList.cpp,478,pTrigger,Missing trigger '_VOC_EWAXXCANNON1'! It's not in the LVL file!
wiz8--demo--wiz8--8acda50afe39,004daa0b,register-indirect,004d98f0,E:\Wizardry 8\Level Specific Code\MasterFunctionList.cpp,486,pTrigger,Missing trigger 'EwaxxLanding'! It's not in the LVL file!
wiz8--demo--wiz8--8acda50afe39,004daa41,register-indirect,004d98f0,E:\Wizardry 8\Level Specific Code\MasterFunctionList.cpp,490,pTrigger,Missing trigger 'catchCord'! It's not in the LVL file!
wiz8--demo--wiz8--8acda50afe39,004daa77,register-indirect,004d98f0,E:\Wizardry 8\Level Specific Code\MasterFunctionList.cpp,494,pTrigger,Missing trigger 'painActivatorTrigger'! It's not in the LVL file!
wiz8--demo--wiz8--8acda50afe39,004daaad,register-indirect,004d98f0,E:\Wizardry 8\Level Specific Code\MasterFunctionList.cpp,498,pTrigger,Missing trigger '_VOC_EWAXXTOPDOOR2'! It's not in the LVL file!
wiz8--demo--wiz8--8acda50afe39,004daaf2,register-indirect,004d98f0,E:\Wizardry 8\Level Specific Code\MasterFunctionList.cpp,507,pTrigger,Missing trigger '_VOC_EWAXXLIFT1'! It's not in the LVL file!
wiz8--demo--wiz8--8acda50afe39,004dab28,register-indirect,004d98f0,E:\Wizardry 8\Level Specific Code\MasterFunctionList.cpp,511,pTrigger,Missing trigger 'crank'! It's not in the LVL file!
wiz8--demo--wiz8--8acda50afe39,004dab5e,register-indirect,004d98f0,E:\Wizardry 8\Level Specific Code\MasterFunctionList.cpp,515,pTrigger,Missing trigger 'Security Button'! It's not in the LVL file!
wiz8--demo--wiz8--8acda50afe39,004dab94,register-indirect,004d98f0,E:\Wizardry 8\Level Specific Code\MasterFunctionList.cpp,519,pTrigger,Missing trigger 'VOC_EWAXXSENTRYtrig'! It's not in the LVL file!
wiz8--demo--wiz8--8acda50afe39,004dabca,register-indirect,004d98f0,E:\Wizardry 8\Level Specific Code\MasterFunctionList.cpp,523,pTrigger,Missing trigger 'ewaxxdoortrigger03'! It's not in the LVL file!
wiz8--demo--wiz8--8acda50afe39,004dac0e,register-indirect,004d98f0,E:\Wizardry 8\Level Specific Code\MasterFunctionList.cpp,1514,pTrigger,
wiz8--demo--wiz8--8acda50afe39,004dac53,register-indirect,004d98f0,E:\Wizardry 8\Level Specific Code\MasterFunctionList.cpp,533,pTrigger,Missing trigger '_VOC_EWAXXLIFT1'! It's not in the LVL file!
wiz8--demo--wiz8--8acda50afe39,004dac89,register-indirect,004d98f0,E:\Wizardry 8\Level Specific Code\MasterFunctionList.cpp,537,pTrigger,Missing trigger '_VOC_EWAXXLIFT2'! It's not in the LVL file!
wiz8--demo--wiz8--8acda50afe39,004dacbf,register-indirect,004d98f0,E:\Wizardry 8\Level Specific Code\MasterFunctionList.cpp,541,pTrigger,Missing trigger '_VOC_EWAXXLIFT2'! It's not in the LVL file!
wiz8--demo--wiz8--8acda50afe39,004dacf5,register-indirect,004d98f0,E:\Wizardry 8\Level Specific Code\MasterFunctionList.cpp,545,pTrigger,Missing trigger 'mudWallTrigger'! It's not in the LVL file!
wiz8--demo--wiz8--8acda50afe39,004dad3a,register-indirect,004d98f0,E:\Wizardry 8\Level Specific Code\MasterFunctionList.cpp,554,pTrigger,Missing trigger '_VOC_EWAXXTRAIN'! It's not in the LVL file!
wiz8--demo--wiz8--8acda50afe39,004dad70,register-indirect,004d98f0,E:\Wizardry 8\Level Specific Code\MasterFunctionList.cpp,558,pTrigger,Missing trigger 'redwire'! It's not in the LVL file!
wiz8--demo--wiz8--8acda50afe39,004dada6,register-indirect,004d98f0,E:\Wizardry 8\Level Specific Code\MasterFunctionList.cpp,562,pTrigger,Missing trigger 'bluewire'! It's not in the LVL file!
wiz8--demo--wiz8--8acda50afe39,004daddc,register-indirect,004d98f0,E:\Wizardry 8\Level Specific Code\MasterFunctionList.cpp,566,pTrigger,Missing trigger 'yellowwire'! It's not in the LVL file!
wiz8--demo--wiz8--8acda50afe39,004dae12,register-indirect,004d98f0,E:\Wizardry 8\Level Specific Code\MasterFunctionList.cpp,570,pTrigger,Missing trigger '_VOC_EWAXXLIFT3'! It's not in the LVL file!
wiz8--demo--wiz8--8acda50afe39,004dae48,register-indirect,004d98f0,E:\Wizardry 8\Level Specific Code\MasterFunctionList.cpp,574,pTrigger,Missing trigger '_VOC_EWAXXTOPDOOR1'! It's not in the LVL file!
wiz8--demo--wiz8--8acda50afe39,004dae7e,register-indirect,004d98f0,E:\Wizardry 8\Level Specific Code\MasterFunctionList.cpp,578,pTrigger,Missing trigger '_VOC_EWAXXTOPDOOR1'! It's not in the LVL file!
wiz8--demo--wiz8--8acda50afe39,004daeb4,register-indirect,004d98f0,E:\Wizardry 8\Level Specific Code\MasterFunctionList.cpp,582,pTrigger,Missing trigger '_VOC_EWAXXTOPDOOR1'! It's not in the LVL file!
wiz8--demo--wiz8--8acda50afe39,004daeea,register-indirect,004d98f0,E:\Wizardry 8\Level Specific Code\MasterFunctionList.cpp,586,pTrigger,Missing trigger 'triggerPlaneLaserAlarm'! It's not in the LVL file!
wiz8--demo--wiz8--8acda50afe39,004dafc9,register-indirect,004d98f0,E:\Wizardry 8\Level Specific Code\MasterFunctionList.cpp,630,pTrigger,Missing trigger 'Fireantspawn'! It's not in the LVL file!
wiz8--demo--wiz8--8acda50afe39,004dafff,register-indirect,004d98f0,E:\Wizardry 8\Level Specific Code\MasterFunctionList.cpp,634,pTrigger,Missing trigger 'Sexspawn'! It's not in the LVL file!
wiz8--demo--wiz8--8acda50afe39,004db035,register-indirect,004d98f0,E:\Wizardry 8\Level Specific Code\MasterFunctionList.cpp,638,pTrigger,Missing trigger 'Hotstuff'! It's not in the LVL file!
wiz8--demo--wiz8--8acda50afe39,004db06b,register-indirect,004d98f0,E:\Wizardry 8\Level Specific Code\MasterFunctionList.cpp,642,pTrigger,Missing trigger 'Gate'! It's not in the LVL file!
wiz8--demo--wiz8--8acda50afe39,004db0af,register-indirect,004d98f0,E:\Wizardry 8\Level Specific Code\MasterFunctionList.cpp,1514,pTrigger,
wiz8--demo--wiz8--8acda50afe39,004db0f3,register-indirect,004d98f0,E:\Wizardry 8\Level Specific Code\MasterFunctionList.cpp,1514,pTrigger,
wiz8--demo--wiz8--8acda50afe39,004db133,register-indirect,004d98f0,E:\Wizardry 8\Level Specific Code\MasterFunctionList.cpp,652,pTrigger,Missing trigger 'AirBox'! It's not in the LVL file!
wiz8--demo--wiz8--8acda50afe39,004db169,register-indirect,004d98f0,E:\Wizardry 8\Level Specific Code\MasterFunctionList.cpp,656,pTrigger,Missing trigger 'DoorDone'! It's not in the LVL file!
wiz8--demo--wiz8--8acda50afe39,004db1a9,register-indirect,004d98f0,E:\Wizardry 8\Level Specific Code\MasterFunctionList.cpp,664,pTrigger,Missing trigger 'AltarBox'! It's not in the LVL file!
wiz8--demo--wiz8--8acda50afe39,004db1df,register-indirect,004d98f0,E:\Wizardry 8\Level Specific Code\MasterFunctionList.cpp,668,pTrigger,Missing trigger 'platformtrigger'! It's not in the LVL file!
wiz8--demo--wiz8--8acda50afe39,004db215,register-indirect,004d98f0,E:\Wizardry 8\Level Specific Code\MasterFunctionList.cpp,672,pTrigger,Missing trigger 'platformtrigger01'! It's not in the LVL file!
wiz8--demo--wiz8--8acda50afe39,004db24b,register-indirect,004d98f0,E:\Wizardry 8\Level Specific Code\MasterFunctionList.cpp,676,pTrigger,Missing trigger 'platformtrigger02'! It's not in the LVL file!
wiz8--demo--wiz8--8acda50afe39,004db2a8,register-indirect,004d98f0,E:\Wizardry 8\Level Specific Code\MasterFunctionList.cpp,685,pTrigger,Missing trigger 'HigardiChest01'! It's not in the LVL file!
wiz8--demo--wiz8--8acda50afe39,004db2de,register-indirect,004d98f0,E:\Wizardry 8\Level Specific Code\MasterFunctionList.cpp,689,pTrigger,Missing trigger 'HigardiChest02'! It's not in the LVL file!
wiz8--demo--wiz8--8acda50afe39,004db314,register-indirect,004d98f0,E:\Wizardry 8\Level Specific Code\MasterFunctionList.cpp,693,pTrigger,Missing trigger 'HigardiChest03'! It's not in the LVL file!
wiz8--demo--wiz8--8acda50afe39,004db34a,register-indirect,004d98f0,E:\Wizardry 8\Level Specific Code\MasterFunctionList.cpp,697,pTrigger,Missing trigger 'HigardiChest04'! It's not in the LVL file!
wiz8--demo--wiz8--8acda50afe39,004db380,register-indirect,004d98f0,E:\Wizardry 8\Level Specific Code\MasterFunctionList.cpp,701,pTrigger,Missing trigger 'HigardiChest05'! It's not in the LVL file!
wiz8--demo--wiz8--8acda50afe39,004db3c4,register-indirect,004d98f0,E:\Wizardry 8\Level Specific Code\MasterFunctionList.cpp,1514,pTrigger,
wiz8--demo--wiz8--8acda50afe39,004db404,register-indirect,004d98f0,E:\Wizardry 8\Level Specific Code\MasterFunctionList.cpp,710,pTrigger,Missing trigger 'gas_trig_plane01'! It's not in the LVL file!
wiz8--demo--wiz8--8acda50afe39,004db43b,register-indirect,004d98f0,E:\Wizardry 8\Level Specific Code\MasterFunctionList.cpp,714,pTrigger,Missing trigger 'gas_trig_plane02'! It's not in the LVL file!
wiz8--demo--wiz8--8acda50afe39,004db46d,register-indirect,004d98f0,E:\Wizardry 8\Level Specific Code\MasterFunctionList.cpp,718,pTrigger,Missing trigger 'gas_trig_plane03'! It's not in the LVL file!
wiz8--demo--wiz8--8acda50afe39,004db49f,register-indirect,004d98f0,E:\Wizardry 8\Level Specific Code\MasterFunctionList.cpp,722,pTrigger,Missing trigger 'gas_trig_plane04'! It's not in the LVL file!
wiz8--demo--wiz8--8acda50afe39,004db4d1,register-indirect,004d98f0,E:\Wizardry 8\Level Specific Code\MasterFunctionList.cpp,726,pTrigger,Missing trigger 'gas_trig_plane05'! It's not in the LVL file!
wiz8--demo--wiz8--8acda50afe39,004db503,register-indirect,004d98f0,E:\Wizardry 8\Level Specific Code\MasterFunctionList.cpp,730,pTrigger,Missing trigger 'gas_trig_plane06'! It's not in the LVL file!
wiz8--demo--wiz8--8acda50afe39,004db535,register-indirect,004d98f0,E:\Wizardry 8\Level Specific Code\MasterFunctionList.cpp,734,pTrigger,Missing trigger 'gas_trig_plane07'! It's not in the LVL file!
wiz8--demo--wiz8--8acda50afe39,004db567,register-indirect,004d98f0,E:\Wizardry 8\Level Specific Code\MasterFunctionList.cpp,738,pTrigger,Missing trigger 'oil_pool'! It's not in the LVL file!
wiz8--demo--wiz8--8acda50afe39,004db59d,register-indirect,004d98f0,E:\Wizardry 8\Level Specific Code\MasterFunctionList.cpp,742,pTrigger,Missing trigger 'onelid'! It's not in the LVL file!
wiz8--demo--wiz8--8acda50afe39,004db79c,direct,004d98f0,E:\Wizardry 8\Level Specific Code\MasterFunctionList.cpp,758,pTrigger,Missing trigger 'Fount_randomFX'! It's not in the LVL file!
wiz8--demo--wiz8--8acda50afe39,004db80c,register-indirect,004d98f0,E:\Wizardry 8\Level Specific Code\MasterFunctionList.cpp,772,pTrigger,Missing trigger 'prisondoor06'! It's not in the LVL file!
wiz8--demo--wiz8--8acda50afe39,004db842,register-indirect,004d98f0,E:\Wizardry 8\Level Specific Code\MasterFunctionList.cpp,776,pTrigger,Missing trigger 'prisondoor04'! It's not in the LVL file!
wiz8--demo--wiz8--8acda50afe39,004db878,register-indirect,004d98f0,E:\Wizardry 8\Level Specific Code\MasterFunctionList.cpp,780,pTrigger,Missing trigger 'prisondoor03'! It's not in the LVL file!
wiz8--demo--wiz8--8acda50afe39,004db8b8,register-indirect,004d98f0,E:\Wizardry 8\Level Specific Code\MasterFunctionList.cpp,790,pTrigger,Missing trigger 'GoodaVine_A'! It's not in the LVL file!
wiz8--demo--wiz8--8acda50afe39,004db8ee,register-indirect,004d98f0,E:\Wizardry 8\Level Specific Code\MasterFunctionList.cpp,794,pTrigger,Missing trigger 'GoodaVine_B'! It's not in the LVL file!
wiz8--demo--wiz8--8acda50afe39,004db924,register-indirect,004d98f0,E:\Wizardry 8\Level Specific Code\MasterFunctionList.cpp,798,pTrigger,Missing trigger 'Meat maker'! It's not in the LVL file!
wiz8--demo--wiz8--8acda50afe39,004db95a,register-indirect,004d98f0,E:\Wizardry 8\Level Specific Code\MasterFunctionList.cpp,802,pTrigger,Missing trigger 'Meat_Box! It's not in the LVL file!
wiz8--demo--wiz8--8acda50afe39,004db990,register-indirect,004d98f0,E:\Wizardry 8\Level Specific Code\MasterFunctionList.cpp,806,pTrigger,Missing trigger 'Give Zulu'! It's not in the LVL file!
wiz8--demo--wiz8--8acda50afe39,004db9d4,register-indirect,004d98f0,E:\Wizardry 8\Level Specific Code\MasterFunctionList.cpp,1514,pTrigger,
wiz8--demo--wiz8--8acda50afe39,004dba19,register-indirect,004d98f0,E:\Wizardry 8\Level Specific Code\MasterFunctionList.cpp,1514,pTrigger,
wiz8--demo--wiz8--8acda50afe39,004dba59,register-indirect,004d98f0,E:\Wizardry 8\Level Specific Code\MasterFunctionList.cpp,1514,pTrigger,
wiz8--demo--wiz8--8acda50afe39,004dbad9,direct,004d98f0,E:\Wizardry 8\Level Specific Code\MasterFunctionList.cpp,822,pTrigger,Missing trigger 'CC_TRIGGERPLANE1HEDRA'! It's not in the LVL file!
wiz8--demo--wiz8--8acda50afe39,004dc501,register-indirect,004dc480,E:\Wizardry 8\Level Specific Code\MasterFunctionList.cpp,1440,pChest,
wiz8--demo--wiz8--8acda50afe39,004dc523,register-indirect,004dc480,E:\Wizardry 8\Level Specific Code\MasterFunctionList.cpp,1442,pTrigger,
wiz8--demo--wiz8--8acda50afe39,004dc547,register-indirect,004dc480,E:\Wizardry 8\Level Specific Code\MasterFunctionList.cpp,1444,pContainer,
wiz8--demo--wiz8--8acda50afe39,004dc82a,direct,004dc790,E:\Wizardry 8\Level Specific Code\Cosmic Circle.cpp,21,pNPC,Cannot find VOC_SAVANT_CC1
wiz8--demo--wiz8--8acda50afe39,004dc8da,register-indirect,004dc790,E:\Wizardry 8\Level Specific Code\Cosmic Circle.cpp,61,uiMonsterID,Invalid Monster ID for CC end
wiz8--demo--wiz8--8acda50afe39,004dc953,register-indirect,004dc790,E:\Wizardry 8\Level Specific Code\Cosmic Circle.cpp,79,uiMonsterID,Invalid Monster ID for CC end
wiz8--demo--wiz8--8acda50afe39,004dd3f2,register-indirect,004dd390,E:\Wizardry 8\Level Specific Code\Trynnie1.cpp,14,"WorldGetNamedPosition(""VOC_SHAMAN_DYING"", vPos)",
wiz8--demo--wiz8--8acda50afe39,004dd43a,register-indirect,004dd390,E:\Wizardry 8\Level Specific Code\Trynnie1.cpp,20,"CreateGroup(205, 1, vPos2, TRUE, FALSE, TRUE)",
wiz8--demo--wiz8--8acda50afe39,004dd61b,register-indirect,004dd460,E:\Wizardry 8\Level Specific Code\Trynnie1.cpp,100,iOldTable!=(-1),Can't find monster table 'Trynnies'
wiz8--demo--wiz8--8acda50afe39,004dd636,register-indirect,004dd460,E:\Wizardry 8\Level Specific Code\Trynnie1.cpp,101,iNewTable!=(-1),Can't find monster table 'Dead Trynnies'
wiz8--demo--wiz8--8acda50afe39,004de1d4,register-indirect,004ddee0,..\Engine Code\Include\Trigger.hpp,1005,m_bRepType == TRIGGER_REP_PROP,
wiz8--demo--wiz8--8acda50afe39,004de219,register-indirect,004ddee0,..\Engine Code\Include\Trigger.hpp,1005,m_bRepType == TRIGGER_REP_PROP,
wiz8--demo--wiz8--8acda50afe39,004de25e,register-indirect,004ddee0,..\Engine Code\Include\Trigger.hpp,1005,m_bRepType == TRIGGER_REP_PROP,
wiz8--demo--wiz8--8acda50afe39,004de74f,direct,004de710,..\Engine Code\Include\Trigger.hpp,1005,m_bRepType == TRIGGER_REP_PROP,
wiz8--demo--wiz8--8acda50afe39,004de91f,register-indirect,004de710,..\Engine Code\Include\Trigger.hpp,1005,m_bRepType == TRIGGER_REP_PROP,
wiz8--demo--wiz8--8acda50afe39,004de96b,register-indirect,004de710,..\Engine Code\Include\Trigger.hpp,1005,m_bRepType == TRIGGER_REP_PROP,
wiz8--demo--wiz8--8acda50afe39,004de9e9,register-indirect,004de710,..\Engine Code\Include\Trigger.hpp,1005,m_bRepType == TRIGGER_REP_PROP,
wiz8--demo--wiz8--8acda50afe39,004dea35,register-indirect,004de710,..\Engine Code\Include\Trigger.hpp,1005,m_bRepType == TRIGGER_REP_PROP,
wiz8--demo--wiz8--8acda50afe39,004debf2,register-indirect,004deb20,E:\Wizardry 8\Level Specific Code\MtGigasOuter.cpp,75,pFlagTrigger,Missing trigger 'flag'! It's not in the LVL file!
wiz8--demo--wiz8--8acda50afe39,004dec11,register-indirect,004deb20,..\Engine Code\Include\Trigger.hpp,1005,m_bRepType == TRIGGER_REP_PROP,
wiz8--demo--wiz8--8acda50afe39,004deda9,register-indirect,004deb20,E:\Wizardry 8\Level Specific Code\MtGigasOuter.cpp,140,pFlagTrigger,Missing trigger 'flag'! It's not in the LVL file!
wiz8--demo--wiz8--8acda50afe39,004dedc8,register-indirect,004deb20,..\Engine Code\Include\Trigger.hpp,1005,m_bRepType == TRIGGER_REP_PROP,
wiz8--demo--wiz8--8acda50afe39,004df45f,register-indirect,004df2c0,E:\Wizardry 8\Level Specific Code\Monastery2.cpp,29,pPropTrigger,
wiz8--demo--wiz8--8acda50afe39,004df493,register-indirect,004df2c0,E:\Wizardry 8\Level Specific Code\Monastery2.cpp,32,pPropTrigger,
wiz8--demo--wiz8--8acda50afe39,004e0ca2,register-indirect,004df990,..\Engine Code\Include\Trigger.hpp,1005,m_bRepType == TRIGGER_REP_PROP,
wiz8--demo--wiz8--8acda50afe39,004e0cdf,register-indirect,004df990,..\Engine Code\Include\Trigger.hpp,1005,m_bRepType == TRIGGER_REP_PROP,
wiz8--demo--wiz8--8acda50afe39,004e0f70,register-indirect,004df990,..\Engine Code\Include\Trigger.hpp,1005,m_bRepType == TRIGGER_REP_PROP,
wiz8--demo--wiz8--8acda50afe39,004e0fb2,register-indirect,004df990,..\Engine Code\Include\Trigger.hpp,1005,m_bRepType == TRIGGER_REP_PROP,
wiz8--demo--wiz8--8acda50afe39,004e225d,register-indirect,004e2230,E:\Wizardry 8\Level Specific Code\MartensBluff1.cpp,757,pTelTrigger,Missing trigger 'MR109'! It's not in the LVL file!
wiz8--demo--wiz8--8acda50afe39,004e23b3,register-indirect,004e2380,E:\Wizardry 8\Level Specific Code\MartensBluff1.cpp,805,pTelTrigger,Missing trigger 'MR109'! It's not in the LVL file!
wiz8--demo--wiz8--8acda50afe39,004e33c3,direct,004e3340,..\Engine Code\Include\Trigger.hpp,1005,m_bRepType == TRIGGER_REP_PROP,
wiz8--demo--wiz8--8acda50afe39,004e349f,direct,004e3340,..\Engine Code\Include\Trigger.hpp,1005,m_bRepType == TRIGGER_REP_PROP,
wiz8--demo--wiz8--8acda50afe39,004e3c65,direct,004e3340,E:\Wizardry 8\Level Specific Code\Arnika.cpp,438,pMookHolo,Missing trigger 'Mookholo'! It's not in the LVL file!
wiz8--demo--wiz8--8acda50afe39,004e3da7,direct,004e3d80,..\Engine Code\Include\Trigger.hpp,1005,m_bRepType == TRIGGER_REP_PROP,
wiz8--demo--wiz8--8acda50afe39,004e3fe3,register-indirect,004e3fb0,E:\Wizardry 8\Level Specific Code\Arnika.cpp,696,gEl01.pElevator,Missing trigger 'Elevator-1'! It's not in the LVL file!
wiz8--demo--wiz8--8acda50afe39,004e4012,register-indirect,004e3fb0,E:\Wizardry 8\Level Specific Code\Arnika.cpp,698,gEl01.pLift,Missing trigger 'El1-Lift'! It's not in the LVL file!
wiz8--demo--wiz8--8acda50afe39,004e4041,register-indirect,004e3fb0,E:\Wizardry 8\Level Specific Code\Arnika.cpp,700,gEl01.pTopDoor,Missing trigger 'El1-TopGate'! It's not in the LVL file!
wiz8--demo--wiz8--8acda50afe39,004e4070,register-indirect,004e3fb0,E:\Wizardry 8\Level Specific Code\Arnika.cpp,702,gEl01.pBottomDoor,Missing trigger 'El1-BottomGate'! It's not in the LVL file!
wiz8--demo--wiz8--8acda50afe39,004e409f,register-indirect,004e3fb0,E:\Wizardry 8\Level Specific Code\Arnika.cpp,704,gEl01.pTopDoorCollide,Missing trigger 'El1-TopGateC'! It's not in the LVL file!
wiz8--demo--wiz8--8acda50afe39,004e40ce,register-indirect,004e3fb0,E:\Wizardry 8\Level Specific Code\Arnika.cpp,706,gEl01.pBottomDoorCollide,Missing trigger 'El1-BottomGateC'! It's not in the LVL file!
wiz8--demo--wiz8--8acda50afe39,004e40fd,register-indirect,004e3fb0,E:\Wizardry 8\Level Specific Code\Arnika.cpp,708,gEl01.pButton,Missing trigger 'RedButton'! It's not in the LVL file!
wiz8--demo--wiz8--8acda50afe39,004e4409,direct,004e43c0,..\Engine Code\Include\Trigger.hpp,1005,m_bRepType == TRIGGER_REP_PROP,
wiz8--demo--wiz8--8acda50afe39,004e4643,register-indirect,004e4610,E:\Wizardry 8\Level Specific Code\Arnika.cpp,970,gEl02.pElevator,Missing trigger 'Elevator-02'! It's not in the LVL file!
wiz8--demo--wiz8--8acda50afe39,004e4672,register-indirect,004e4610,E:\Wizardry 8\Level Specific Code\Arnika.cpp,972,gEl02.pLift,Missing trigger 'El-02Lift'! It's not in the LVL file!
wiz8--demo--wiz8--8acda50afe39,004e46a1,register-indirect,004e4610,E:\Wizardry 8\Level Specific Code\Arnika.cpp,974,gEl02.pTopDoor,Missing trigger 'El-02TopDoor'! It's not in the LVL file!
wiz8--demo--wiz8--8acda50afe39,004e46d0,register-indirect,004e4610,E:\Wizardry 8\Level Specific Code\Arnika.cpp,976,gEl02.pBottomDoor,Missing trigger 'El-02BottomDoor'! It's not in the LVL file!
wiz8--demo--wiz8--8acda50afe39,004e46ff,register-indirect,004e4610,E:\Wizardry 8\Level Specific Code\Arnika.cpp,978,gEl02.pTopDoorCollide,Missing trigger 'El-02TopDoorCollide'! It's not in the LVL file!
wiz8--demo--wiz8--8acda50afe39,004e472e,register-indirect,004e4610,E:\Wizardry 8\Level Specific Code\Arnika.cpp,980,gEl02.pBottomDoorCollide,Missing trigger 'El-02BottomDoorCollide'! It's not in the LVL file!
wiz8--demo--wiz8--8acda50afe39,004e475d,register-indirect,004e4610,E:\Wizardry 8\Level Specific Code\Arnika.cpp,982,gEl02.pButton,Missing trigger 'GreenButton'! It's not in the LVL file!
wiz8--demo--wiz8--8acda50afe39,004e4a59,direct,004e4a10,..\Engine Code\Include\Trigger.hpp,1005,m_bRepType == TRIGGER_REP_PROP,
wiz8--demo--wiz8--8acda50afe39,004e4c56,direct,004e4c10,..\Engine Code\Include\Trigger.hpp,1005,m_bRepType == TRIGGER_REP_PROP,
wiz8--demo--wiz8--8acda50afe39,004e4cae,direct,004e4c10,..\Engine Code\Include\Trigger.hpp,1005,m_bRepType == TRIGGER_REP_PROP,
wiz8--demo--wiz8--8acda50afe39,004e4cf9,direct,004e4c10,..\Engine Code\Include\Trigger.hpp,1005,m_bRepType == TRIGGER_REP_PROP,
wiz8--demo--wiz8--8acda50afe39,004e4d3a,direct,004e4c10,..\Engine Code\Include\Trigger.hpp,1005,m_bRepType == TRIGGER_REP_PROP,
wiz8--demo--wiz8--8acda50afe39,004e4d92,direct,004e4c10,..\Engine Code\Include\Trigger.hpp,1005,m_bRepType == TRIGGER_REP_PROP,
wiz8--demo--wiz8--8acda50afe39,004e4dda,direct,004e4c10,..\Engine Code\Include\Trigger.hpp,1005,m_bRepType == TRIGGER_REP_PROP,
wiz8--demo--wiz8--8acda50afe39,004e4ffd,direct,004e4c10,E:\Wizardry 8\Level Specific Code\Arnika.cpp,1413,pTrigger,Missing trigger 'CMBox'! It's not in the LVL file!
wiz8--demo--wiz8--8acda50afe39,004e50b9,direct,004e4c10,E:\Wizardry 8\Level Specific Code\Arnika.cpp,1464,pTrigger,Missing trigger 'AstralDominae'! It's not in the LVL file!
wiz8--demo--wiz8--8acda50afe39,004e5140,direct,004e4c10,E:\Wizardry 8\Level Specific Code\Arnika.cpp,1487,pTrigger,Missing trigger 'ChaosMolori'! It's not in the LVL file!
wiz8--demo--wiz8--8acda50afe39,004e6503,register-indirect,004e6340,E:\Wizardry 8\Local Code\Gameloop.cpp,626,gCurrentScreen.iScreenId == NO_SCREEN,
wiz8--demo--wiz8--8acda50afe39,004e6830,register-indirect,004e6340,E:\Wizardry 8\Local Code\MonsterManager.cpp,69,gXStatus.plsMonsterGroupList != NULL,
wiz8--demo--wiz8--8acda50afe39,004e684a,register-indirect,004e6340,E:\Wizardry 8\Local Code\MonsterManager.cpp,70,gXStatus.plsMonsterList != NULL,
wiz8--demo--wiz8--8acda50afe39,004e6ced,direct,004e69b0,E:\Wizardry 8\Local Code\MonsterManager.cpp,615,pMonsterInfo,
wiz8--demo--wiz8--8acda50afe39,004e6dc3,register-indirect,004e6da0,E:\Wizardry 8\Local Code\MonsterManager.cpp,345,pMonsterInfo != NULL,
wiz8--demo--wiz8--8acda50afe39,004e6def,register-indirect,004e6da0,E:\Wizardry 8\Local Code\MonsterManager.cpp,1486,pMonsterInfo != NULL,
wiz8--demo--wiz8--8acda50afe39,004e6e80,register-indirect,004e6da0,E:\Wizardry 8\Local Code\MonsterManager.cpp,373,"MonsterIsCycleSupported(pMonsterInfo->p3D, CYCLE_BIRTH)",Unborn monsters must have CYCLE_BIRTH!
wiz8--demo--wiz8--8acda50afe39,004e6ebf,register-indirect,004e6da0,E:\Wizardry 8\Local Code\MonsterManager.cpp,379,"MonsterQuery(pMonsterInfo->p3D, QUERY_NUM_FRAMES) != -1",
wiz8--demo--wiz8--8acda50afe39,004e6f2d,register-indirect,004e6da0,E:\Wizardry 8\Local Code\MonsterManager.cpp,393,"MonsterQuery(pMonsterInfo->p3D, QUERY_NUM_FRAMES) != -1",
wiz8--demo--wiz8--8acda50afe39,004e7010,direct,004e6da0,E:\Wizardry 8\Local Code\MonsterManager.cpp,1486,pMonsterInfo != NULL,
wiz8--demo--wiz8--8acda50afe39,004e70db,register-indirect,004e6da0,E:\Wizardry 8\Local Code\MonsterManager.cpp,451,pMonsterInfo->plsVisMonToMon != NULL,
wiz8--demo--wiz8--8acda50afe39,004e7155,register-indirect,004e7130,E:\Wizardry 8\Local Code\MonsterManager.cpp,474,pMonsterInfo != NULL,
wiz8--demo--wiz8--8acda50afe39,004e7172,register-indirect,004e7130,E:\Wizardry 8\Local Code\MonsterManager.cpp,475,!pMonsterInfo->fActive,
wiz8--demo--wiz8--8acda50afe39,004e7199,register-indirect,004e7130,E:\Wizardry 8\Local Code\MonsterManager.cpp,1486,pMonsterInfo != NULL,
wiz8--demo--wiz8--8acda50afe39,004e7204,register-indirect,004e7130,E:\Wizardry 8\Local Code\MonsterManager.cpp,500,fSuccess,ActivateMonster: ERROR - MonsterReadAllCycles failed
wiz8--demo--wiz8--8acda50afe39,004e724a,register-indirect,004e7130,E:\Wizardry 8\Local Code\MonsterManager.cpp,495,fSuccess,ActivateMonster: ERROR - MonsterReadAllCycles failed
wiz8--demo--wiz8--8acda50afe39,004e7316,register-indirect,004e72f0,E:\Wizardry 8\Local Code\MonsterManager.cpp,549,pMonsterInfo != NULL,
wiz8--demo--wiz8--8acda50afe39,004e7339,register-indirect,004e72f0,E:\Wizardry 8\Local Code\MonsterManager.cpp,558,pMonsterInfo->p3D != NULL,
wiz8--demo--wiz8--8acda50afe39,004e7471,register-indirect,004e7450,E:\Wizardry 8\Local Code\MonsterManager.cpp,638,pMonsterInfo != NULL,
wiz8--demo--wiz8--8acda50afe39,004e748e,register-indirect,004e7450,E:\Wizardry 8\Local Code\MonsterManager.cpp,639,!pMonsterInfo->fInCombat,
wiz8--demo--wiz8--8acda50afe39,004e74a7,register-indirect,004e7450,E:\Wizardry 8\Local Code\MonsterManager.cpp,732,pMonsterInfo != NULL,
wiz8--demo--wiz8--8acda50afe39,004e753b,register-indirect,004e7450,E:\Wizardry 8\Local Code\MonsterManager.cpp,645,pMonsterInfo->pCombat != NULL,
wiz8--demo--wiz8--8acda50afe39,004e75e4,register-indirect,004e7450,E:\Wizardry 8\Local Code\MonsterManager.cpp,683,gXStatus.fCombatMode,
wiz8--demo--wiz8--8acda50afe39,004e7601,register-indirect,004e7450,E:\Wizardry 8\Local Code\MonsterManager.cpp,684,pMonsterInfo != NULL,
wiz8--demo--wiz8--8acda50afe39,004e761b,register-indirect,004e7450,E:\Wizardry 8\Local Code\MonsterManager.cpp,685,pMonsterInfo->fInCombat,
wiz8--demo--wiz8--8acda50afe39,004e76f9,direct,004e76e0,E:\Wizardry 8\Local Code\MonsterManager.cpp,732,pMonsterInfo != NULL,
wiz8--demo--wiz8--8acda50afe39,004e7810,direct,004e7770,E:\Wizardry 8\Local Code\MonsterManager.cpp,1486,pMonsterInfo != NULL,
wiz8--demo--wiz8--8acda50afe39,004e78ab,direct,004e7770,E:\Wizardry 8\Local Code\MonsterManager.cpp,825,(iKilledByPC == BAD_INDEX) || VALID_CHAR(iKilledByPC),
wiz8--demo--wiz8--8acda50afe39,004e798a,direct,004e7770,E:\Wizardry 8\Local Code\MonsterManager.cpp,870,pKillerMonsterInfo != NULL,
wiz8--demo--wiz8--8acda50afe39,004e7fc9,direct,004e7b40,E:\Wizardry 8\Local Code\MonsterManager.cpp,1161,FALSE,
wiz8--demo--wiz8--8acda50afe39,004e80c5,direct,004e7b40,E:\Wizardry 8\Local Code\MonsterManager.cpp,615,pMonsterInfo,
wiz8--demo--wiz8--8acda50afe39,004e8349,register-indirect,004e7b40,E:\Wizardry 8\Local Code\MonsterManager.cpp,1486,pMonsterInfo != NULL,
wiz8--demo--wiz8--8acda50afe39,004e8476,register-indirect,004e8440,E:\Wizardry 8\Local Code\MonsterManager.cpp,1486,pMonsterInfo != NULL,
wiz8--demo--wiz8--8acda50afe39,004e84e3,register-indirect,004e8440,E:\Wizardry 8\Local Code\MonsterManager.cpp,1486,pMonsterInfo != NULL,
wiz8--demo--wiz8--8acda50afe39,004e86db,direct,004e8440,E:\Wizardry 8\Local Code\MonsterManager.cpp,1446,FALSE,
wiz8--demo--wiz8--8acda50afe39,004e8736,register-indirect,004e86f0,E:\Wizardry 8\Local Code\MonsterManager.cpp,1462,(uiMonsterListIndex-10000) < (UINT32) PLLength(gXStatus.plsUnbornMonsterList),
wiz8--demo--wiz8--8acda50afe39,004e87a1,register-indirect,004e86f0,E:\Wizardry 8\Local Code\MonsterManager.cpp,1471,uiMonsterListIndex < (UINT32) PLLength(gXStatus.plsMonsterList),
wiz8--demo--wiz8--8acda50afe39,004e87e0,register-indirect,004e86f0,E:\Wizardry 8\Local Code\MonsterManager.cpp,1475,pMonsterInfo != NULL,
wiz8--demo--wiz8--8acda50afe39,004e8809,direct,004e87f0,E:\Wizardry 8\Local Code\MonsterManager.cpp,1486,pMonsterInfo != NULL,
wiz8--demo--wiz8--8acda50afe39,004e883f,direct,004e87f0,E:\Wizardry 8\Local Code\MonsterManager.cpp,1496,uiMonsterSpecies < MAX_MONSTERS_IN_DATABASE,
wiz8--demo--wiz8--8acda50afe39,004e8950,direct,004e88f0,E:\Wizardry 8\Local Code\MonsterManager.cpp,1547,FALSE,
wiz8--demo--wiz8--8acda50afe39,004e8a01,register-indirect,004e89e0,E:\Wizardry 8\Local Code\MonsterManager.cpp,1486,pMonsterInfo != NULL,
wiz8--demo--wiz8--8acda50afe39,004e8a28,register-indirect,004e89e0,E:\Wizardry 8\Local Code\MonsterManager.cpp,1615,pMonsterDB,
wiz8--demo--wiz8--8acda50afe39,004e8afc,direct,004e8ae0,E:\Wizardry 8\Local Code\MonsterManager.cpp,1694,pMonsterInfo,
wiz8--demo--wiz8--8acda50afe39,004e8cc4,register-indirect,004e8ca0,E:\Wizardry 8\Local Code\MonsterManager.cpp,1486,pMonsterInfo != NULL,
wiz8--demo--wiz8--8acda50afe39,004e8cf5,register-indirect,004e8ca0,E:\Wizardry 8\Local Code\MonsterManager.cpp,1899,uiMonsterAttribute < MONSTER_ATTR_COUNT,
wiz8--demo--wiz8--8acda50afe39,004e8d3a,register-indirect,004e8ca0,E:\Wizardry 8\Local Code\MonsterManager.cpp,1910,FALSE,ConvertMonsterAttribute: ERROR - Invalid monster attribute
wiz8--demo--wiz8--8acda50afe39,004e8ecd,register-indirect,004e8ca0,E:\Wizardry 8\Local Code\MonsterManager.cpp,615,pMonsterInfo,
wiz8--demo--wiz8--8acda50afe39,004e8faa,direct,004e8f90,E:\Wizardry 8\Local Code\MonsterManager.cpp,2094,pMonsterInfo,
wiz8--demo--wiz8--8acda50afe39,004e9139,direct,004e9120,E:\Wizardry 8\Local Code\MonsterManager.cpp,2187,pMonsterInfo,
wiz8--demo--wiz8--8acda50afe39,004e93a9,register-indirect,004e91d0,E:\Wizardry 8\Local Code\MonsterManager.cpp,1486,pMonsterInfo != NULL,
wiz8--demo--wiz8--8acda50afe39,004e9470,register-indirect,004e91d0,E:\Wizardry 8\Local Code\MonsterManager.cpp,1486,pMonsterInfo != NULL,
wiz8--demo--wiz8--8acda50afe39,004e955c,direct,004e9500,E:\Wizardry 8\Local Code\MonsterManager.cpp,1486,pMonsterInfo != NULL,
wiz8--demo--wiz8--8acda50afe39,004ea6d2,direct,004ea560,E:\Wizardry 8\Local Code\Combat.cpp,728,gXStatus.fItemSelectMode,
wiz8--demo--wiz8--8acda50afe39,004ea772,direct,004ea560,E:\Wizardry 8\Local Code\Combat.cpp,776,FALSE,
wiz8--demo--wiz8--8acda50afe39,004eaf4e,direct,004eaec0,E:\Wizardry 8\Local Code\Combat.cpp,1148,iAction < CHAR_ACTION_COUNT,
wiz8--demo--wiz8--8acda50afe39,004eb706,direct,004eb1a0,E:\Wizardry 8\Local Code\Combat.cpp,1502,FALSE,
wiz8--demo--wiz8--8acda50afe39,004eb831,direct,004eb1a0,E:\Wizardry 8\Local Code\Combat.cpp,1538,FALSE,
wiz8--demo--wiz8--8acda50afe39,004ebcef,direct,004eb1a0,E:\Wizardry 8\Local Code\Combat.cpp,1829,gStatus.iSelectedCharacter != BAD_INDEX,
wiz8--demo--wiz8--8acda50afe39,004ebfbe,register-indirect,004eb1a0,E:\Wizardry 8\Local Code\Combat.cpp,2009,gpCombat->iActionChar == BAD_INDEX,
wiz8--demo--wiz8--8acda50afe39,004ebfe0,register-indirect,004eb1a0,E:\Wizardry 8\Local Code\Combat.cpp,2010,gpCombat->pActionMonsterInfo == NULL,
wiz8--demo--wiz8--8acda50afe39,004ec07d,direct,004eb1a0,E:\Wizardry 8\Local Code\Combat.cpp,2045,FALSE,
wiz8--demo--wiz8--8acda50afe39,004ec397,direct,004eb1a0,E:\Wizardry 8\Local Code\Combat.cpp,2119,gpCombat->eCombatActionStatus == COMBAT_ACTION_NONE,
wiz8--demo--wiz8--8acda50afe39,004edec2,direct,004ede80,E:\Wizardry 8\Local Code\Combat.cpp,3584,gXStatus.fCombatMode,
wiz8--demo--wiz8--8acda50afe39,004ee83f,direct,004ee660,E:\Wizardry 8\Local Code\Combat.cpp,4078,pMonsterInfo->fSpellReleased,
wiz8--demo--wiz8--8acda50afe39,004ef3b4,direct,004ef380,E:\Wizardry 8\Local Code\Combat.cpp,4494,pSource->iChar != BAD_INDEX,
wiz8--demo--wiz8--8acda50afe39,004ef478,register-indirect,004ef380,E:\Wizardry 8\Local Code\Combat.cpp,4515,pSource->iType == SOURCE_TYPE_MONSTER,
wiz8--demo--wiz8--8acda50afe39,004ef494,register-indirect,004ef380,E:\Wizardry 8\Local Code\Combat.cpp,4516,pSource->iMonsterID != BAD_INDEX,
wiz8--demo--wiz8--8acda50afe39,004ef799,direct,004ef770,E:\Wizardry 8\Local Code\Combat.cpp,4665,gXStatus.fCombatMode,
wiz8--demo--wiz8--8acda50afe39,004efe9a,direct,004efca0,E:\Wizardry 8\Local Code\Combat.cpp,5121,pTarget->iGroupID != -1,
wiz8--demo--wiz8--8acda50afe39,004efef1,direct,004efca0,E:\Wizardry 8\Local Code\Combat.cpp,5107,pTarget->iMonsterID != -1,
wiz8--demo--wiz8--8acda50afe39,004f00d5,direct,004eff60,E:\Wizardry 8\Local Code\Combat.cpp,5448,gXStatus.fCombatMode,
wiz8--demo--wiz8--8acda50afe39,004f0532,direct,004f0510,E:\Wizardry 8\Local Code\Combat.cpp,5756,(iCharAction == CHAR_ACTION_DEFEND) || (iCharAction == CHAR_ACTION_PROTECT),
wiz8--demo--wiz8--8acda50afe39,004f127f,direct,004f1180,E:\Wizardry 8\Local Code\GameplayCode.cpp,376,FALSE,CalcInitiative: ERROR - Invalid load category
wiz8--demo--wiz8--8acda50afe39,004f12dd,direct,004f1180,E:\Wizardry 8\Local Code\GameplayCode.cpp,394,pPC != NULL,
wiz8--demo--wiz8--8acda50afe39,004f1302,direct,004f1180,E:\Wizardry 8\Local Code\GameplayCode.cpp,395,(pPC->iProfession >= 0) && (pPC->iProfession < PROF_COUNT),
wiz8--demo--wiz8--8acda50afe39,004f1359,direct,004f1180,E:\Wizardry 8\Local Code\GameplayCode.cpp,440,FALSE,CalcPhysCombatExperience: ERROR - Invalid profession
wiz8--demo--wiz8--8acda50afe39,004f168a,direct,004f13a0,E:\Wizardry 8\Local Code\GameplayCode.cpp,711,FALSE,CalcAttacks: ERROR - Invalid load category
wiz8--demo--wiz8--8acda50afe39,004f1e90,register-indirect,004f13a0,E:\Wizardry 8\Local Code\GameplayCode.cpp,1437,FALSE,CalcArmorClasses: ERROR - Invalid AC location
wiz8--demo--wiz8--8acda50afe39,004f22d1,register-indirect,004f22b0,E:\Wizardry 8\Local Code\GameplayCode.cpp,1825,pPC != NULL,
wiz8--demo--wiz8--8acda50afe39,004f22f1,register-indirect,004f22ee,E:\Wizardry 8\Local Code\GameplayCode.cpp,1826,pPC->uiExpLevel > 0,
wiz8--demo--wiz8--8acda50afe39,004f2313,register-indirect,004f22ee,E:\Wizardry 8\Local Code\GameplayCode.cpp,1827,(pPC->iProfession >= 0) && (pPC->iProfession < PROF_COUNT),
wiz8--demo--wiz8--8acda50afe39,004f2883,direct,004f2830,E:\Wizardry 8\Local Code\GameplayCode.cpp,2193,!fSaveCharData || fCHAR_NPC(uiSlot),
wiz8--demo--wiz8--8acda50afe39,004f2b46,direct,004f2a10,E:\Wizardry 8\Local Code\GameplayCode.cpp,2334,uiValue <= gStatus.uiPartyGold,
wiz8--demo--wiz8--8acda50afe39,004f2b9c,direct,004f2b80,E:\Wizardry 8\Local Code\GameplayCode.cpp,2355,pPC->iRace < PC_RACE_COUNT,
wiz8--demo--wiz8--8acda50afe39,004f31ae,register-indirect,004f2d00,E:\Wizardry 8\Local Code\Combat Party Movement.cpp,406,( *puiPhase > 0 ) && ( *puiPhase <= PHASES_PER_ROUND ),
wiz8--demo--wiz8--8acda50afe39,004f31d9,register-indirect,004f2d00,E:\Wizardry 8\Local Code\Combat Party Movement.cpp,182,( gpCombat->uiPartyActionPhase > 0 ) && ( gpCombat->uiPartyActionPhase <= PHASES_PER_ROUND ),
wiz8--demo--wiz8--8acda50afe39,004f333e,register-indirect,004f31f0,E:\Wizardry 8\Local Code\Combat Party Movement.cpp,270,gpCombat->uiCurrentPartyActionStatus == ACTION_STATUS_IN_PROGRESS,
wiz8--demo--wiz8--8acda50afe39,004f3363,register-indirect,004f31f0,E:\Wizardry 8\Local Code\Combat Party Movement.cpp,271,gXStatus.fPartyMovementMode,
wiz8--demo--wiz8--8acda50afe39,004f3392,register-indirect,004f31f0,E:\Wizardry 8\Local Code\Combat Party Movement.cpp,272,gXStatus.flPartyMoveDistLimit > 0,
wiz8--demo--wiz8--8acda50afe39,004f33e6,register-indirect,004f31f0,E:\Wizardry 8\Local Code\Combat Party Movement.cpp,284,uiTotalMovementPhases > 0,
wiz8--demo--wiz8--8acda50afe39,004f34b5,direct,004f3460,E:\Wizardry 8\Local Code\Combat Party Movement.cpp,355,gXStatus.flPartyMoveDistLimit > 0.0f,
wiz8--demo--wiz8--8acda50afe39,004f35db,direct,004f3460,E:\Wizardry 8\Local Code\Combat Party Movement.cpp,355,gXStatus.flPartyMoveDistLimit > 0.0f,
wiz8--demo--wiz8--8acda50afe39,004f3799,direct,004f3460,E:\Wizardry 8\Local Code\Combat Party Movement.cpp,406,( *puiPhase > 0 ) && ( *puiPhase <= PHASES_PER_ROUND ),
wiz8--demo--wiz8--8acda50afe39,004f37ea,direct,004f3460,E:\Wizardry 8\Local Code\Combat Party Movement.cpp,431,gXStatus.fCombatMode,
wiz8--demo--wiz8--8acda50afe39,004f382a,direct,004f3460,E:\Wizardry 8\Local Code\Combat Party Movement.cpp,466,gXStatus.fCombatMode,
wiz8--demo--wiz8--8acda50afe39,004f399e,register-indirect,004f3460,E:\Wizardry 8\Local Code\Combat Party Movement.cpp,543,gpMGSV->iPartyMovementPercent >= 0,
wiz8--demo--wiz8--8acda50afe39,004f39c2,register-indirect,004f3460,E:\Wizardry 8\Local Code\Combat Party Movement.cpp,544,gpMGSV->iPartyMovementPercent <= 100,
wiz8--demo--wiz8--8acda50afe39,004f3b6a,direct,004f3460,E:\Wizardry 8\Local Code\Combat Party Movement.cpp,609,gXStatus.fCombatMode,
wiz8--demo--wiz8--8acda50afe39,004f3bd1,register-indirect,004f3460,E:\Wizardry 8\Local Code\Combat Party Movement.cpp,639,gXStatus.fCombatMode,
wiz8--demo--wiz8--8acda50afe39,004f3cfa,direct,004f3460,E:\Wizardry 8\Local Code\Combat Party Movement.cpp,670,gXStatus.fCombatMode,
wiz8--demo--wiz8--8acda50afe39,004f3e5c,direct,004f3e40,E:\Wizardry 8\Local Code\Combat Party Movement.cpp,755,uiPartyAction != PARTY_ACTION_NONE,
wiz8--demo--wiz8--8acda50afe39,004f3faa,direct,004f3e40,E:\Wizardry 8\Local Code\Combat Party Movement.cpp,406,( *puiPhase > 0 ) && ( *puiPhase <= PHASES_PER_ROUND ),
wiz8--demo--wiz8--8acda50afe39,004f403f,direct,004f3e40,E:\Wizardry 8\Local Code\Combat Party Movement.cpp,406,( *puiPhase > 0 ) && ( *puiPhase <= PHASES_PER_ROUND ),
wiz8--demo--wiz8--8acda50afe39,004f40c3,direct,004f3e40,E:\Wizardry 8\Local Code\Combat Party Movement.cpp,406,( *puiPhase > 0 ) && ( *puiPhase <= PHASES_PER_ROUND ),
wiz8--demo--wiz8--8acda50afe39,004f417a,direct,004f3e40,E:\Wizardry 8\Local Code\Combat Party Movement.cpp,406,( *puiPhase > 0 ) && ( *puiPhase <= PHASES_PER_ROUND ),
wiz8--demo--wiz8--8acda50afe39,004f53b2,direct,004f4a40,E:\Wizardry 8\Local Code\RegionManager.cpp,466,uiRegionIndex < guiRegionCount,
wiz8--demo--wiz8--8acda50afe39,004f554f,direct,004f4a40,E:\Wizardry 8\Local Code\RegionManager.cpp,551,uiRegionSetIndex < guiRegsetCount,
wiz8--demo--wiz8--8acda50afe39,004f558f,direct,004f4a40,E:\Wizardry 8\Local Code\RegionManager.cpp,560,uiRegionSetIndex < guiRegsetCount,
wiz8--demo--wiz8--8acda50afe39,004f55d7,register-indirect,004f4a40,E:\Wizardry 8\Local Code\RegionManager.cpp,571,uiRegionSetIndex < guiRegsetCount,
wiz8--demo--wiz8--8acda50afe39,004f561a,register-indirect,004f4a40,E:\Wizardry 8\Local Code\RegionManager.cpp,597,uiRegionIndex < guiRegionCount,
wiz8--demo--wiz8--8acda50afe39,004f5667,register-indirect,004f4a40,E:\Wizardry 8\Local Code\RegionManager.cpp,585,uiRegionSetIndex < guiRegsetCount,
wiz8--demo--wiz8--8acda50afe39,004f56aa,register-indirect,004f4a40,E:\Wizardry 8\Local Code\RegionManager.cpp,606,uiRegionIndex < guiRegionCount,
wiz8--demo--wiz8--8acda50afe39,004f56ef,direct,004f4a40,E:\Wizardry 8\Local Code\RegionManager.cpp,597,uiRegionIndex < guiRegionCount,
wiz8--demo--wiz8--8acda50afe39,004f573f,direct,004f4a40,E:\Wizardry 8\Local Code\RegionManager.cpp,606,uiRegionIndex < guiRegionCount,
wiz8--demo--wiz8--8acda50afe39,004f578f,direct,004f4a40,E:\Wizardry 8\Local Code\RegionManager.cpp,633,uiRegionIndex < guiRegionCount,
wiz8--demo--wiz8--8acda50afe39,004f57ff,direct,004f4a40,E:\Wizardry 8\Local Code\RegionManager.cpp,672,uiRegionIndex < guiRegionCount,
wiz8--demo--wiz8--8acda50afe39,004f58bf,direct,004f4a40,E:\Wizardry 8\Local Code\RegionManager.cpp,706,uiRegionIndex < guiRegionCount,
wiz8--demo--wiz8--8acda50afe39,004f5bf6,direct,004f5b40,E:\Wizardry 8\Local Code\RegionManager.cpp,1155,guiRegsetCount <= REGSET_LIMIT,
wiz8--demo--wiz8--8acda50afe39,004f5c4f,direct,004f5b40,E:\Wizardry 8\Local Code\RegionManager.cpp,1180,uiRegionSet < guiRegsetCount,
wiz8--demo--wiz8--8acda50afe39,004f5c97,register-indirect,004f5b40,E:\Wizardry 8\Local Code\RegionManager.cpp,1203,uiRegionSet < guiRegsetCount,
wiz8--demo--wiz8--8acda50afe39,004f5ce4,register-indirect,004f5b40,E:\Wizardry 8\Local Code\RegionManager.cpp,1219,guiRegionCount <= REGION_LIMIT,
wiz8--demo--wiz8--8acda50afe39,004f5d2f,direct,004f5b40,E:\Wizardry 8\Local Code\RegionManager.cpp,1243,uiRegionIndex <= guiRegionCount,
wiz8--demo--wiz8--8acda50afe39,004f5d9f,direct,004f5b40,E:\Wizardry 8\Local Code\RegionManager.cpp,1282,uiRegionIndex <= guiRegionCount,
wiz8--demo--wiz8--8acda50afe39,004f5f1f,direct,004f5dd0,E:\Wizardry 8\Local Code\RegionManager.cpp,1364,uiRegionIndex <= guiRegionCount,
wiz8--demo--wiz8--8acda50afe39,004f5f5f,direct,004f5dd0,E:\Wizardry 8\Local Code\RegionManager.cpp,1371,uiRegionIndex <= guiRegionCount,
wiz8--demo--wiz8--8acda50afe39,004f645b,direct,004f6440,E:\Wizardry 8\Local Code\Controls.cpp,395,m_uiRegionSetId != REGSET_NULL,
wiz8--demo--wiz8--8acda50afe39,004f64c5,direct,004f6490,E:\Wizardry 8\Local Code\Controls.cpp,422,pControl,
wiz8--demo--wiz8--8acda50afe39,004f7bde,direct,004f7bc0,E:\Wizardry 8\Local Code\Controls.cpp,1845,m_pPanel != NULL,
wiz8--demo--wiz8--8acda50afe39,004f88d0,direct,004f8820,E:\Wizardry 8\Local Code\Controls.cpp,2675,iSelected < m_lsButtons.Length(),
wiz8--demo--wiz8--8acda50afe39,004f896d,direct,004f8930,E:\Wizardry 8\Local Code\Controls.cpp,2714,iIndex != -1,
wiz8--demo--wiz8--8acda50afe39,004f9dd3,register-indirect,004f9d10,E:\Wizardry 8\Local Code\ItemManager.cpp,283,gXStatus.plsItemList != NULL,
wiz8--demo--wiz8--8acda50afe39,004f9e18,register-indirect,004f9d10,E:\Wizardry 8\Local Code\ItemManager.cpp,948,uiItemListIndex < (UINT32) PLLength(gXStatus.plsItemList),
wiz8--demo--wiz8--8acda50afe39,004f9e58,register-indirect,004f9d10,E:\Wizardry 8\Local Code\ItemManager.cpp,952,pItemInfo != NULL,
wiz8--demo--wiz8--8acda50afe39,004fa0b7,direct,004f9f60,E:\Wizardry 8\Local Code\ItemManager.cpp,385,pItemInfo,
wiz8--demo--wiz8--8acda50afe39,004fa125,direct,004fa100,E:\Wizardry 8\Local Code\ItemManager.cpp,455,pItemInfo != NULL,
wiz8--demo--wiz8--8acda50afe39,004fa146,direct,004fa100,E:\Wizardry 8\Local Code\ItemManager.cpp,456,!pItemInfo->fActive,
wiz8--demo--wiz8--8acda50afe39,004fa298,register-indirect,004fa100,E:\Wizardry 8\Local Code\ItemManager.cpp,480,FileExists(zItemFullPath),
wiz8--demo--wiz8--8acda50afe39,004fa2e3,register-indirect,004fa100,E:\Wizardry 8\Local Code\ItemManager.cpp,485,fSuccess,
wiz8--demo--wiz8--8acda50afe39,004fa2fc,register-indirect,004fa100,E:\Wizardry 8\Local Code\ItemManager.cpp,985,pItemInfo,
wiz8--demo--wiz8--8acda50afe39,004fa4f4,register-indirect,004fa4d0,E:\Wizardry 8\Local Code\ItemManager.cpp,541,pItemInfo != NULL,
wiz8--demo--wiz8--8acda50afe39,004fa511,register-indirect,004fa4d0,E:\Wizardry 8\Local Code\ItemManager.cpp,542,pItemInfo->fActive,
wiz8--demo--wiz8--8acda50afe39,004fa52e,register-indirect,004fa4d0,E:\Wizardry 8\Local Code\ItemManager.cpp,543,pItemInfo->p3D != NULL,
wiz8--demo--wiz8--8acda50afe39,004fa62a,register-indirect,004fa4d0,E:\Wizardry 8\Local Code\ItemManager.cpp,948,uiItemListIndex < (UINT32) PLLength(gXStatus.plsItemList),
wiz8--demo--wiz8--8acda50afe39,004fa669,register-indirect,004fa4d0,E:\Wizardry 8\Local Code\ItemManager.cpp,952,pItemInfo != NULL,
wiz8--demo--wiz8--8acda50afe39,004fa6a4,register-indirect,004fa4d0,E:\Wizardry 8\Local Code\ItemManager.cpp,979,FALSE,
wiz8--demo--wiz8--8acda50afe39,004fa6cf,register-indirect,004fa4d0,E:\Wizardry 8\Local Code\ItemManager.cpp,948,uiItemListIndex < (UINT32) PLLength(gXStatus.plsItemList),
wiz8--demo--wiz8--8acda50afe39,004fa70e,register-indirect,004fa4d0,E:\Wizardry 8\Local Code\ItemManager.cpp,952,pItemInfo != NULL,
wiz8--demo--wiz8--8acda50afe39,004fa72a,register-indirect,004fa4d0,E:\Wizardry 8\Local Code\ItemManager.cpp,614,pItem,
wiz8--demo--wiz8--8acda50afe39,004fa7c2,register-indirect,004fa4d0,E:\Wizardry 8\Local Code\ItemManager.cpp,948,uiItemListIndex < (UINT32) PLLength(gXStatus.plsItemList),
wiz8--demo--wiz8--8acda50afe39,004fa801,register-indirect,004fa4d0,E:\Wizardry 8\Local Code\ItemManager.cpp,952,pItemInfo != NULL,
wiz8--demo--wiz8--8acda50afe39,004fa8ed,register-indirect,004fa890,E:\Wizardry 8\Local Code\ItemManager.cpp,948,uiItemListIndex < (UINT32) PLLength(gXStatus.plsItemList),
wiz8--demo--wiz8--8acda50afe39,004fa92c,register-indirect,004fa890,E:\Wizardry 8\Local Code\ItemManager.cpp,952,pItemInfo != NULL,
wiz8--demo--wiz8--8acda50afe39,004fa9e2,register-indirect,004fa890,E:\Wizardry 8\Local Code\ItemManager.cpp,985,pItemInfo,
wiz8--demo--wiz8--8acda50afe39,004fad05,direct,004faa20,E:\Wizardry 8\Local Code\ItemManager.cpp,812,pItemInfo != NULL,
wiz8--demo--wiz8--8acda50afe39,004fad89,register-indirect,004faa20,E:\Wizardry 8\Local Code\ItemManager.cpp,979,FALSE,
wiz8--demo--wiz8--8acda50afe39,004fadb4,register-indirect,004faa20,E:\Wizardry 8\Local Code\ItemManager.cpp,948,uiItemListIndex < (UINT32) PLLength(gXStatus.plsItemList),
wiz8--demo--wiz8--8acda50afe39,004fadf7,register-indirect,004faa20,E:\Wizardry 8\Local Code\ItemManager.cpp,952,pItemInfo != NULL,
wiz8--demo--wiz8--8acda50afe39,004fae0c,register-indirect,004faa20,E:\Wizardry 8\Local Code\ItemManager.cpp,844,pItemInfo != NULL,
wiz8--demo--wiz8--8acda50afe39,004fae95,register-indirect,004faa20,E:\Wizardry 8\Local Code\ItemManager.cpp,948,uiItemListIndex < (UINT32) PLLength(gXStatus.plsItemList),
wiz8--demo--wiz8--8acda50afe39,004faed4,register-indirect,004faa20,E:\Wizardry 8\Local Code\ItemManager.cpp,952,pItemInfo != NULL,
wiz8--demo--wiz8--8acda50afe39,004fb0c5,register-indirect,004faa20,E:\Wizardry 8\Local Code\ItemManager.cpp,1102,pItemInfo,Bad ITEM_STRUCT in ItemInfoGetNumInGroup
wiz8--demo--wiz8--8acda50afe39,004fb103,register-indirect,004faa20,E:\Wizardry 8\Local Code\ItemManager.cpp,1165,pItemInfo,Bad ITEM_STRUCT in ItemInfoGroupGetNext
wiz8--demo--wiz8--8acda50afe39,004fb183,register-indirect,004faa20,E:\Wizardry 8\Local Code\ItemManager.cpp,948,uiItemListIndex < (UINT32) PLLength(gXStatus.plsItemList),
wiz8--demo--wiz8--8acda50afe39,004fb1c3,register-indirect,004faa20,E:\Wizardry 8\Local Code\ItemManager.cpp,952,pItemInfo != NULL,
wiz8--demo--wiz8--8acda50afe39,004fb1fe,register-indirect,004faa20,E:\Wizardry 8\Local Code\ItemManager.cpp,979,FALSE,
wiz8--demo--wiz8--8acda50afe39,004fb229,register-indirect,004faa20,E:\Wizardry 8\Local Code\ItemManager.cpp,948,uiItemListIndex < (UINT32) PLLength(gXStatus.plsItemList),
wiz8--demo--wiz8--8acda50afe39,004fb268,register-indirect,004faa20,E:\Wizardry 8\Local Code\ItemManager.cpp,952,pItemInfo != NULL,
wiz8--demo--wiz8--8acda50afe39,004fb480,register-indirect,004faa20,E:\Wizardry 8\Local Code\ItemManager.cpp,948,uiItemListIndex < (UINT32) PLLength(gXStatus.plsItemList),
wiz8--demo--wiz8--8acda50afe39,004fb4c0,register-indirect,004faa20,E:\Wizardry 8\Local Code\ItemManager.cpp,952,pItemInfo != NULL,
wiz8--demo--wiz8--8acda50afe39,004fb51a,register-indirect,004faa20,E:\Wizardry 8\Local Code\ItemManager.cpp,948,uiItemListIndex < (UINT32) PLLength(gXStatus.plsItemList),
wiz8--demo--wiz8--8acda50afe39,004fb559,register-indirect,004faa20,E:\Wizardry 8\Local Code\ItemManager.cpp,952,pItemInfo != NULL,
wiz8--demo--wiz8--8acda50afe39,004fb594,register-indirect,004faa20,E:\Wizardry 8\Local Code\ItemManager.cpp,979,FALSE,
wiz8--demo--wiz8--8acda50afe39,004fb5c9,direct,004fb5b0,E:\Wizardry 8\Local Code\ItemManager.cpp,985,pItemInfo,
wiz8--demo--wiz8--8acda50afe39,004fb609,direct,004fb5f0,E:\Wizardry 8\Local Code\ItemManager.cpp,991,pItemInfo,
wiz8--demo--wiz8--8acda50afe39,004fb659,direct,004fb640,E:\Wizardry 8\Local Code\ItemManager.cpp,1006,pItemInfo,
wiz8--demo--wiz8--8acda50afe39,004fb79d,direct,004fb780,E:\Wizardry 8\Local Code\ItemManager.cpp,1102,pItemInfo,Bad ITEM_STRUCT in ItemInfoGetNumInGroup
wiz8--demo--wiz8--8acda50afe39,004fb7dd,direct,004fb7c0,E:\Wizardry 8\Local Code\ItemManager.cpp,1117,pItemInfo,Bad ITEM_STRUCT in ItemInfoAddToGroup
wiz8--demo--wiz8--8acda50afe39,004fb83d,direct,004fb820,E:\Wizardry 8\Local Code\ItemManager.cpp,1129,pItemInfo,Bad ITEM_STRUCT in ItemInfoRemoveFromGroup
wiz8--demo--wiz8--8acda50afe39,004fb8ad,direct,004fb890,E:\Wizardry 8\Local Code\ItemManager.cpp,1165,pItemInfo,Bad ITEM_STRUCT in ItemInfoGroupGetNext
wiz8--demo--wiz8--8acda50afe39,004fb8e0,direct,004fb8c0,E:\Wizardry 8\Local Code\ItemManager.cpp,1172,pItemInfo,Bad ITEM_STRUCT in ItemInfoMakeGroupList
wiz8--demo--wiz8--8acda50afe39,004fbe65,direct,004fbd70,E:\Wizardry 8\Local Code\ItemManager.cpp,385,pItemInfo,
wiz8--demo--wiz8--8acda50afe39,004fc088,direct,004fbd70,E:\Wizardry 8\Local Code\ItemManager.cpp,385,pItemInfo,
wiz8--demo--wiz8--8acda50afe39,004fc1d1,direct,004fc130,E:\Wizardry 8\Local Code\ItemManager.cpp,1446,pNPC,
wiz8--demo--wiz8--8acda50afe39,004fc247,direct,004fc130,E:\Wizardry 8\Local Code\ItemManager.cpp,385,pItemInfo,
wiz8--demo--wiz8--8acda50afe39,004fc384,direct,004fc130,E:\Wizardry 8\Local Code\ItemManager.cpp,385,pItemInfo,
wiz8--demo--wiz8--8acda50afe39,004fc48b,direct,004fc130,E:\Wizardry 8\Local Code\ItemManager.cpp,385,pItemInfo,
wiz8--demo--wiz8--8acda50afe39,004fc599,direct,004fc130,E:\Wizardry 8\Local Code\ItemManager.cpp,385,pItemInfo,
wiz8--demo--wiz8--8acda50afe39,004fc5df,direct,004fc130,E:\Wizardry 8\Local Code\ItemManager.cpp,1117,pItemInfo,Bad ITEM_STRUCT in ItemInfoAddToGroup
wiz8--demo--wiz8--8acda50afe39,004fc985,register-indirect,004fc850,E:\Wizardry 8\Local Code\ItemManager.cpp,948,uiItemListIndex < (UINT32) PLLength(gXStatus.plsItemList),
wiz8--demo--wiz8--8acda50afe39,004fc9c4,register-indirect,004fc850,E:\Wizardry 8\Local Code\ItemManager.cpp,952,pItemInfo != NULL,
wiz8--demo--wiz8--8acda50afe39,004fcc43,register-indirect,004fcc20,E:\Wizardry 8\Local Code\Magic.cpp,160,pTarget != NULL,
wiz8--demo--wiz8--8acda50afe39,004fdde4,direct,004fd900,E:\Wizardry 8\Local Code\Magic.cpp,5328,FALSE,
wiz8--demo--wiz8--8acda50afe39,004fdff6,direct,004fd900,E:\Wizardry 8\Local Code\Magic.cpp,977,uiUsagePoints >= 2,
wiz8--demo--wiz8--8acda50afe39,004fe54a,direct,004fe4f0,E:\Wizardry 8\Local Code\Magic.cpp,1128,FALSE,
wiz8--demo--wiz8--8acda50afe39,004fe765,direct,004fe4f0,E:\Wizardry 8\Local Code\Magic.cpp,1385,FALSE,
wiz8--demo--wiz8--8acda50afe39,004ff085,direct,004fe7c0,E:\Wizardry 8\Local Code\Magic.cpp,1710,pSource->iType == SOURCE_TYPE_3D_POINT,
wiz8--demo--wiz8--8acda50afe39,00500202,direct,004fe7c0,E:\Wizardry 8\Local Code\Magic.cpp,2238,pSource->iType == SOURCE_TYPE_CHAR,
wiz8--demo--wiz8--8acda50afe39,0050022f,direct,004fe7c0,E:\Wizardry 8\Local Code\Magic.cpp,2242,pSource->iType == SOURCE_TYPE_CHAR,
wiz8--demo--wiz8--8acda50afe39,005002d6,direct,004fe7c0,E:\Wizardry 8\Local Code\Magic.cpp,5356,pOrigSource->iMonsterID != -1,
wiz8--demo--wiz8--8acda50afe39,00500677,direct,005004c0,E:\Wizardry 8\Local Code\Magic.cpp,2381,fVertextAvail,
wiz8--demo--wiz8--8acda50afe39,00501bf3,direct,00501bd0,E:\Wizardry 8\Local Code\Magic.cpp,3059,!pSource->fBackfire,
wiz8--demo--wiz8--8acda50afe39,00501d9f,direct,00501bd0,E:\Wizardry 8\Local Code\Magic.cpp,3113,FALSE,
wiz8--demo--wiz8--8acda50afe39,00501e9f,direct,00501bd0,E:\Wizardry 8\Local Code\Magic.cpp,3150,FALSE,
wiz8--demo--wiz8--8acda50afe39,00501f0d,register-indirect,00501ee0,E:\Wizardry 8\Local Code\Magic.cpp,3188,(pSource->iType > SOURCE_TYPE_NONE) && (pSource->iType < SOURCE_TYPE_COUNT),
wiz8--demo--wiz8--8acda50afe39,00501f3a,register-indirect,00501ee0,E:\Wizardry 8\Local Code\Magic.cpp,3189,(pTarget->iType > TARGET_TYPE_NONE) && (pTarget->iType < TARGET_TYPE_COUNT),
wiz8--demo--wiz8--8acda50afe39,00501f57,register-indirect,00501ee0,E:\Wizardry 8\Local Code\Magic.cpp,3192,!pSource->fBackfire,
wiz8--demo--wiz8--8acda50afe39,00502217,direct,00501ee0,E:\Wizardry 8\Local Code\Magic.cpp,3328,FALSE,
wiz8--demo--wiz8--8acda50afe39,00502487,direct,00502420,E:\Wizardry 8\Local Code\Magic.cpp,3452,pSource->iType == SOURCE_TYPE_MONSTER,
wiz8--demo--wiz8--8acda50afe39,00502868,direct,00502840,E:\Wizardry 8\Local Code\Magic.cpp,3599,iProfession != -1,
wiz8--demo--wiz8--8acda50afe39,00502ab1,direct,00502840,E:\Wizardry 8\Local Code\Magic.cpp,3599,iProfession != -1,
wiz8--demo--wiz8--8acda50afe39,00502b7d,direct,00502840,E:\Wizardry 8\Local Code\Magic.cpp,5328,FALSE,
wiz8--demo--wiz8--8acda50afe39,00502eea,direct,00502c80,E:\Wizardry 8\Local Code\Magic.cpp,3599,iProfession != -1,
wiz8--demo--wiz8--8acda50afe39,00502fb3,direct,00502c80,E:\Wizardry 8\Local Code\Magic.cpp,5328,FALSE,
wiz8--demo--wiz8--8acda50afe39,00503070,direct,00502c80,E:\Wizardry 8\Local Code\Magic.cpp,3877,(iHighestSkill != SKILL_NONE),
wiz8--demo--wiz8--8acda50afe39,005030b6,register-indirect,00503090,E:\Wizardry 8\Local Code\Magic.cpp,3599,iProfession != -1,
wiz8--demo--wiz8--8acda50afe39,00503128,register-indirect,00503090,E:\Wizardry 8\Local Code\Magic.cpp,3599,iProfession != -1,
wiz8--demo--wiz8--8acda50afe39,00503448,direct,00503090,E:\Wizardry 8\Local Code\Magic.cpp,4056,wTempMsg,
wiz8--demo--wiz8--8acda50afe39,00503565,direct,00503090,E:\Wizardry 8\Local Code\Magic.cpp,4123,gpItemDB[pPCItem->iItemNo].ubSpellNumber != SPELL_NONE,
wiz8--demo--wiz8--8acda50afe39,005036d7,register-indirect,005036b0,E:\Wizardry 8\Local Code\Magic.cpp,4175,uiSpell < SPELL_COUNT,
wiz8--demo--wiz8--8acda50afe39,0050370d,register-indirect,005036b0,E:\Wizardry 8\Local Code\Magic.cpp,4178,uiSpellUsableWhen < SPELL_USAGE_COUNT,
wiz8--demo--wiz8--8acda50afe39,00503921,direct,005036b0,E:\Wizardry 8\Local Code\Magic.cpp,4283,( uiPowerLevel >= 1 ) && ( uiPowerLevel <= 7 ),
wiz8--demo--wiz8--8acda50afe39,00504147,direct,00503e20,E:\Wizardry 8\Local Code\Magic.cpp,5356,pOrigSource->iMonsterID != -1,
wiz8--demo--wiz8--8acda50afe39,00504678,direct,005045f0,E:\Wizardry 8\Local Code\Magic.cpp,4845,FALSE,
wiz8--demo--wiz8--8acda50afe39,0050471e,direct,005046c0,E:\Wizardry 8\Local Code\Magic.cpp,4883,FALSE,
wiz8--demo--wiz8--8acda50afe39,00504d17,direct,005048d0,E:\Wizardry 8\Local Code\Magic.cpp,5296,CanCharReBreathe(uiChar),
wiz8--demo--wiz8--8acda50afe39,00504d9e,direct,005048d0,E:\Wizardry 8\Local Code\Magic.cpp,5328,FALSE,
wiz8--demo--wiz8--8acda50afe39,00505941,direct,00505720,E:\Wizardry 8\Local Code\GameplayTime.cpp,105,uiTurnsElapsed > 0,
wiz8--demo--wiz8--8acda50afe39,00506957,direct,00506850,E:\Wizardry 8\Local Code\GameplayTime.cpp,815,FALSE,GameTurnsPassedChar: ERROR - Invalid condition
wiz8--demo--wiz8--8acda50afe39,0050820c,direct,00507e80,E:\Wizardry 8\Local Code\Sight.cpp,90,flViewingDistance > 0,
wiz8--demo--wiz8--8acda50afe39,0050851b,direct,00507e80,E:\Wizardry 8\Local Code\Sight.cpp,151,fFoundMissileVertex,
wiz8--demo--wiz8--8acda50afe39,0050855b,direct,00507e80,E:\Wizardry 8\Local Code\Sight.cpp,159,fFoundSpellVertex,
wiz8--demo--wiz8--8acda50afe39,00508855,direct,00507e80,E:\Wizardry 8\Local Code\Sight.cpp,229,pNPC != NULL,
wiz8--demo--wiz8--8acda50afe39,00508bfa,direct,00507e80,E:\Wizardry 8\Local Code\Sight.cpp,343,pNPC != NULL,
wiz8--demo--wiz8--8acda50afe39,00508e5e,direct,00507e80,E:\Wizardry 8\Local Code\Sight.cpp,497,fFoundMissileVertex,
wiz8--demo--wiz8--8acda50afe39,00508e9d,direct,00507e80,E:\Wizardry 8\Local Code\Sight.cpp,505,fFoundSpellVertex,
wiz8--demo--wiz8--8acda50afe39,005092c3,direct,00509290,E:\Wizardry 8\Local Code\Sight.cpp,776,flViewingDistance > 0,
wiz8--demo--wiz8--8acda50afe39,005094a3,register-indirect,00509290,E:\Wizardry 8\Local Code\Sight.cpp,964,pVisibility != NULL,
wiz8--demo--wiz8--8acda50afe39,0050954b,register-indirect,005094f0,E:\Wizardry 8\Local Code\Sight.cpp,986,pVisibility != NULL,
wiz8--demo--wiz8--8acda50afe39,005095d6,register-indirect,005095b0,E:\Wizardry 8\Local Code\Sight.cpp,1016,pSourceMonsterInfo->fActive,
wiz8--demo--wiz8--8acda50afe39,005095f7,register-indirect,005095b0,E:\Wizardry 8\Local Code\Sight.cpp,1017,pTargetMonsterInfo->fActive,
wiz8--demo--wiz8--8acda50afe39,00509635,register-indirect,005095b0,E:\Wizardry 8\Local Code\Sight.cpp,1026,FALSE,
wiz8--demo--wiz8--8acda50afe39,00509845,register-indirect,005097c0,E:\Wizardry 8\Local Code\Sight.cpp,1016,pSourceMonsterInfo->fActive,
wiz8--demo--wiz8--8acda50afe39,00509862,register-indirect,005097c0,E:\Wizardry 8\Local Code\Sight.cpp,1017,pTargetMonsterInfo->fActive,
wiz8--demo--wiz8--8acda50afe39,005098a0,register-indirect,005097c0,E:\Wizardry 8\Local Code\Sight.cpp,1026,FALSE,
wiz8--demo--wiz8--8acda50afe39,0050a0c3,direct,00509d70,E:\Wizardry 8\Local Code\NPC Scripting Facts.cpp,1549,pNPC,
wiz8--demo--wiz8--8acda50afe39,0050a5d0,direct,00509d70,E:\Wizardry 8\Local Code\NPC Scripting Facts.cpp,1583,pNPC,
wiz8--demo--wiz8--8acda50afe39,0050a60d,direct,00509d70,E:\Wizardry 8\Local Code\NPC Scripting Facts.cpp,1593,pTrigger,
wiz8--demo--wiz8--8acda50afe39,0050d7b5,direct,0050d220,E:\Wizardry 8\Local Code\NPC Manager.cpp,396,pNode,
wiz8--demo--wiz8--8acda50afe39,0050dac9,direct,0050d960,E:\Wizardry 8\Local Code\NPC Manager.cpp,527,uiSize <= sizeof(*pNode->pPCData),
wiz8--demo--wiz8--8acda50afe39,0050f4da,direct,0050f4c0,E:\Wizardry 8\Local Code\NPC Manager.cpp,1967,pNPC,
wiz8--demo--wiz8--8acda50afe39,0050f90c,direct,0050f6d0,E:\Wizardry 8\Local Code\NPC Manager.cpp,1948,pNPC,
wiz8--demo--wiz8--8acda50afe39,00510e33,direct,00510db0,E:\Wizardry 8\Local Code\NPC Manager.cpp,3014,pNPC,Cannot find VOC_BELA_CC
wiz8--demo--wiz8--8acda50afe39,00511e10,register-indirect,00511de0,E:\Wizardry 8\Local Code\NPC Manager.cpp,1948,pNPC,
wiz8--demo--wiz8--8acda50afe39,005131a5,register-indirect,00513150,E:\Wizardry 8\Local Code\MonsterGroup.cpp,950,pMonsterGroup != NULL,
wiz8--demo--wiz8--8acda50afe39,005131d8,register-indirect,00513150,E:\Wizardry 8\Local Code\MonsterGroup.cpp,1290,pMonsterGroup,
wiz8--demo--wiz8--8acda50afe39,0051325e,register-indirect,00513150,E:\Wizardry 8\Local Code\MonsterGroup.cpp,2242,pMonsterGroup,
wiz8--demo--wiz8--8acda50afe39,005132d3,register-indirect,00513150,E:\Wizardry 8\Local Code\MonsterGroup.cpp,2084,pMonsterGroup,
wiz8--demo--wiz8--8acda50afe39,00513572,register-indirect,00513150,E:\Wizardry 8\Local Code\MonsterGroup.cpp,484,gXStatus.fCombatMode,
wiz8--demo--wiz8--8acda50afe39,00513593,register-indirect,00513150,E:\Wizardry 8\Local Code\MonsterGroup.cpp,485,pMonsterGroup->fInCombat,
wiz8--demo--wiz8--8acda50afe39,00513c6b,direct,00513ad0,E:\Wizardry 8\Local Code\MonsterGroup.cpp,939,FALSE,
wiz8--demo--wiz8--8acda50afe39,00513c99,direct,00513c80,E:\Wizardry 8\Local Code\MonsterGroup.cpp,950,pMonsterGroup != NULL,
wiz8--demo--wiz8--8acda50afe39,00513d69,direct,00513c80,E:\Wizardry 8\Local Code\MonsterGroup.cpp,981,pMonsterGroup != NULL,
wiz8--demo--wiz8--8acda50afe39,00513da0,register-indirect,00513d80,E:\Wizardry 8\Local Code\MonsterGroup.cpp,996,pMonsterGroup != NULL,
wiz8--demo--wiz8--8acda50afe39,00513db5,register-indirect,00513d80,E:\Wizardry 8\Local Code\MonsterGroup.cpp,950,pMonsterGroup != NULL,
wiz8--demo--wiz8--8acda50afe39,00513f0f,register-indirect,00513ee0,E:\Wizardry 8\Local Code\MonsterGroup.cpp,1073,pMonsterGroup,
wiz8--demo--wiz8--8acda50afe39,00513f34,register-indirect,00513ee0,E:\Wizardry 8\Local Code\MonsterGroup.cpp,1074,ILLength(pMonsterGroup->plsMonsterIDList),
wiz8--demo--wiz8--8acda50afe39,005140ba,register-indirect,00514090,E:\Wizardry 8\Local Code\MonsterGroup.cpp,1137,pMonsterGroup,
wiz8--demo--wiz8--8acda50afe39,00514129,register-indirect,00514090,E:\Wizardry 8\Local Code\MonsterGroup.cpp,1147,pLeader,
wiz8--demo--wiz8--8acda50afe39,00514d75,register-indirect,00514b50,E:\Wizardry 8\Local Code\MonsterGroup.cpp,950,pMonsterGroup != NULL,
wiz8--demo--wiz8--8acda50afe39,00514de2,register-indirect,00514b50,E:\Wizardry 8\Local Code\MonsterGroup.cpp,1878,FALSE,
wiz8--demo--wiz8--8acda50afe39,00514ed2,register-indirect,00514b50,E:\Wizardry 8\Local Code\MonsterGroup.cpp,950,pMonsterGroup != NULL,
wiz8--demo--wiz8--8acda50afe39,00514ef9,register-indirect,00514b50,E:\Wizardry 8\Local Code\MonsterGroup.cpp,2084,pMonsterGroup,
wiz8--demo--wiz8--8acda50afe39,005151bd,register-indirect,00514b50,E:\Wizardry 8\Local Code\MonsterGroup.cpp,996,pMonsterGroup != NULL,
wiz8--demo--wiz8--8acda50afe39,005151d2,register-indirect,00514b50,E:\Wizardry 8\Local Code\MonsterGroup.cpp,950,pMonsterGroup != NULL,
wiz8--demo--wiz8--8acda50afe39,0051538a,direct,00515370,E:\Wizardry 8\Local Code\MonsterGroup.cpp,2084,pMonsterGroup,
wiz8--demo--wiz8--8acda50afe39,005154c9,direct,005154b0,E:\Wizardry 8\Local Code\MonsterGroup.cpp,2163,pMonsterGroup,
wiz8--demo--wiz8--8acda50afe39,00515751,direct,00515660,E:\Wizardry 8\Local Code\MonsterGroup.cpp,950,pMonsterGroup != NULL,
wiz8--demo--wiz8--8acda50afe39,00516918,direct,005168e0,E:\Wizardry 8\Local Code\LoadSaveGame.cpp,828,"LevelFilesExist(ulLevel, &LevelName)",
wiz8--demo--wiz8--8acda50afe39,00516c91,direct,00516c60,E:\Wizardry 8\Local Code\LoadSaveGame.cpp,828,"LevelFilesExist(ulLevel, &LevelName)",
wiz8--demo--wiz8--8acda50afe39,0051782d,direct,005177d0,E:\Wizardry 8\Local Code\LoadSaveGame.cpp,828,"LevelFilesExist(ulLevel, &LevelName)",
wiz8--demo--wiz8--8acda50afe39,00517b66,direct,005177d0,E:\Wizardry 8\Local Code\LoadSaveGame.cpp,1475,uiSize <= sizeof(*pMonsterGroup),
wiz8--demo--wiz8--8acda50afe39,00517da1,direct,00517cb0,E:\Wizardry 8\Local Code\LoadSaveGame.cpp,1588,uiSize <= sizeof(*pMonsterInfo),
wiz8--demo--wiz8--8acda50afe39,005198f6,register-indirect,005197e0,E:\Wizardry 8\Local Code\LoadSaveGame.cpp,2936,uiSize <= sizeof(*pPC),
wiz8--demo--wiz8--8acda50afe39,00519e29,register-indirect,00519e00,E:\Wizardry 8\Local Code\LoadSaveGame.cpp,3218,pStatus->Char != NULL,
wiz8--demo--wiz8--8acda50afe39,00519e4e,register-indirect,00519e00,E:\Wizardry 8\Local Code\LoadSaveGame.cpp,3219,pStatus->XChar != NULL,
wiz8--demo--wiz8--8acda50afe39,00519e9c,register-indirect,00519e00,E:\Wizardry 8\Local Code\LoadSaveGame.cpp,3225,uiSize <= sizeof(*pStatus),
wiz8--demo--wiz8--8acda50afe39,00519f3a,direct,00519e00,E:\Wizardry 8\Local Code\LoadSaveGame.cpp,3248,uiSize <= sizeof(*&pStatus->Char[uiChar]),
wiz8--demo--wiz8--8acda50afe39,00519fd7,direct,00519e00,E:\Wizardry 8\Local Code\LoadSaveGame.cpp,3262,uiSize <= sizeof(*&pStatus->XChar[uiChar]),
wiz8--demo--wiz8--8acda50afe39,0051a68d,direct,0051a670,E:\Wizardry 8\Local Code\LoadSaveGame.cpp,3449,pLure,
wiz8--demo--wiz8--8acda50afe39,0051af3b,direct,0051af00,E:\Wizardry 8\Local Code\search.cpp,289,pSearchable,
wiz8--demo--wiz8--8acda50afe39,0051b01b,direct,0051afe0,E:\Wizardry 8\Local Code\search.cpp,333,pSearchable,
wiz8--demo--wiz8--8acda50afe39,0051b20c,direct,0051b160,..\Engine Code\Include\Trigger.hpp,1005,m_bRepType == TRIGGER_REP_PROP,
wiz8--demo--wiz8--8acda50afe39,0051bd67,direct,0051bcb0,E:\Wizardry 8\Local Code\UtilityFunctions.cpp,311,_finite(flAngle),
wiz8--demo--wiz8--8acda50afe39,0051bdfb,register-indirect,0051bcb0,E:\Wizardry 8\Local Code\UtilityFunctions.cpp,311,_finite(flAngle),
wiz8--demo--wiz8--8acda50afe39,0051be85,register-indirect,0051bcb0,E:\Wizardry 8\Local Code\UtilityFunctions.cpp,311,_finite(flAngle),
wiz8--demo--wiz8--8acda50afe39,0051bfc7,register-indirect,0051bfa0,E:\Wizardry 8\Local Code\UtilityFunctions.cpp,452,pPC->fInParty,PCPtrToPCSlot: ERROR - called for non-party character
wiz8--demo--wiz8--8acda50afe39,0051c002,register-indirect,0051bfa0,E:\Wizardry 8\Local Code\UtilityFunctions.cpp,461,FALSE,
wiz8--demo--wiz8--8acda50afe39,0051c43c,direct,0051c230,E:\Wizardry 8\Local Code\UtilityFunctions.cpp,897,FALSE,
wiz8--demo--wiz8--8acda50afe39,0051c481,register-indirect,0051c230,E:\Wizardry 8\Local Code\Strings.cpp,70,hFile,Failed to open localization string table.
wiz8--demo--wiz8--8acda50afe39,0051c4af,register-indirect,0051c230,E:\Wizardry 8\Local Code\Strings.cpp,75,giStringListLen,
wiz8--demo--wiz8--8acda50afe39,0051c4e5,register-indirect,0051c230,E:\Wizardry 8\Local Code\Strings.cpp,78,gppStringList,
wiz8--demo--wiz8--8acda50afe39,0051c54a,register-indirect,0051c230,E:\Wizardry 8\Local Code\Strings.cpp,85,gppStringList[iCount],
wiz8--demo--wiz8--8acda50afe39,0051d3b2,register-indirect,0051d270,E:\Wizardry 8\Local Code\Combat Range.cpp,226,uiSpell != SPELL_NONE,
wiz8--demo--wiz8--8acda50afe39,0051d3e4,register-indirect,0051d270,E:\Wizardry 8\Local Code\Combat Range.cpp,245,FALSE,
wiz8--demo--wiz8--8acda50afe39,0051d565,direct,0051d270,E:\Wizardry 8\Local Code\Combat Range.cpp,404,pMonsterGroup != NULL,
wiz8--demo--wiz8--8acda50afe39,0051d7df,direct,0051d5c0,E:\Wizardry 8\Local Code\Combat Range.cpp,1111,FALSE,CalcRangeDistance: ERROR - Invalid range category
wiz8--demo--wiz8--8acda50afe39,0051da49,direct,0051d8a0,E:\Wizardry 8\Local Code\Combat Range.cpp,404,pMonsterGroup != NULL,
wiz8--demo--wiz8--8acda50afe39,0051dbbd,direct,0051d8a0,E:\Wizardry 8\Local Code\Combat Range.cpp,486,uiHand == HAND_ANY,
wiz8--demo--wiz8--8acda50afe39,0051de2e,register-indirect,0051dce0,E:\Wizardry 8\Local Code\Combat Range.cpp,937,uiAttack < MAX_MONSTER_ATTACKS,
wiz8--demo--wiz8--8acda50afe39,0051de5c,register-indirect,0051dce0,E:\Wizardry 8\Local Code\Combat Range.cpp,938,pMonsterDB->Attack[uiAttack].fHasAttack,
wiz8--demo--wiz8--8acda50afe39,0051e123,register-indirect,0051dce0,E:\Wizardry 8\Local Code\Combat Range.cpp,937,uiAttack < MAX_MONSTER_ATTACKS,
wiz8--demo--wiz8--8acda50afe39,0051e151,register-indirect,0051dce0,E:\Wizardry 8\Local Code\Combat Range.cpp,938,pMonsterDB->Attack[uiAttack].fHasAttack,
wiz8--demo--wiz8--8acda50afe39,0051e484,register-indirect,0051e3d0,E:\Wizardry 8\Local Code\Combat Range.cpp,937,uiAttack < MAX_MONSTER_ATTACKS,
wiz8--demo--wiz8--8acda50afe39,0051e4b2,register-indirect,0051e3d0,E:\Wizardry 8\Local Code\Combat Range.cpp,938,pMonsterDB->Attack[uiAttack].fHasAttack,
wiz8--demo--wiz8--8acda50afe39,0051e578,register-indirect,0051e3d0,E:\Wizardry 8\Local Code\Combat Range.cpp,1111,FALSE,CalcRangeDistance: ERROR - Invalid range category
wiz8--demo--wiz8--8acda50afe39,0051e6d6,register-indirect,0051e3d0,E:\Wizardry 8\Local Code\Combat Range.cpp,937,uiAttack < MAX_MONSTER_ATTACKS,
wiz8--demo--wiz8--8acda50afe39,0051e701,register-indirect,0051e3d0,E:\Wizardry 8\Local Code\Combat Range.cpp,938,pMonsterDB->Attack[uiAttack].fHasAttack,
wiz8--demo--wiz8--8acda50afe39,0051e788,register-indirect,0051e3d0,E:\Wizardry 8\Local Code\Combat Range.cpp,1111,FALSE,CalcRangeDistance: ERROR - Invalid range category
wiz8--demo--wiz8--8acda50afe39,0051e84c,register-indirect,0051e3d0,E:\Wizardry 8\Local Code\Combat Range.cpp,937,uiAttack < MAX_MONSTER_ATTACKS,
wiz8--demo--wiz8--8acda50afe39,0051e87a,register-indirect,0051e3d0,E:\Wizardry 8\Local Code\Combat Range.cpp,938,pMonsterDB->Attack[uiAttack].fHasAttack,
wiz8--demo--wiz8--8acda50afe39,0051eacb,direct,0051e3d0,E:\Wizardry 8\Local Code\Combat Range.cpp,1111,FALSE,CalcRangeDistance: ERROR - Invalid range category
wiz8--demo--wiz8--8acda50afe39,0051eb62,register-indirect,0051e3d0,E:\Wizardry 8\Local Code\Combat Range.cpp,1111,FALSE,CalcRangeDistance: ERROR - Invalid range category
wiz8--demo--wiz8--8acda50afe39,0051ec7b,direct,0051e3d0,E:\Wizardry 8\Local Code\Combat Range.cpp,1111,FALSE,CalcRangeDistance: ERROR - Invalid range category
wiz8--demo--wiz8--8acda50afe39,0051f042,direct,0051efa0,E:\Wizardry 8\Local Code\Combat Range.cpp,1420,ubMonsterQuadrant != QUADRANT_CENTER,
wiz8--demo--wiz8--8acda50afe39,0051f4bb,direct,0051f180,E:\Wizardry 8\Local Code\Combat Range.cpp,1594,FALSE,
wiz8--demo--wiz8--8acda50afe39,0051fb1a,direct,0051f660,E:\Wizardry 8\Local Code\PC Item.cpp,372,gStatus.fItemInCursor,
wiz8--demo--wiz8--8acda50afe39,0051fba8,direct,0051f660,E:\Wizardry 8\Local Code\PC Item.cpp,400,gStatus.fGameStarted,
wiz8--demo--wiz8--8acda50afe39,0051fbdc,direct,0051f660,E:\Wizardry 8\Local Code\PC Item.cpp,401,fCHAR_OCCUPIED(uiChar),
wiz8--demo--wiz8--8acda50afe39,0051fd2d,register-indirect,0051f660,E:\Wizardry 8\Local Code\PC Item.cpp,400,gStatus.fGameStarted,
wiz8--demo--wiz8--8acda50afe39,0051fd60,register-indirect,0051f660,E:\Wizardry 8\Local Code\PC Item.cpp,401,fCHAR_OCCUPIED(uiChar),
wiz8--demo--wiz8--8acda50afe39,0052015a,direct,0051f660,E:\Wizardry 8\Local Code\PC Item.cpp,560,uiItemNo < gXStatus.uiItemsInDatabase,
wiz8--demo--wiz8--8acda50afe39,005202d9,direct,0051f660,E:\Wizardry 8\Local Code\PC Item.cpp,574,uiMAX_DICE(pMulti) < 256,
wiz8--demo--wiz8--8acda50afe39,00520331,direct,0051f660,E:\Wizardry 8\Local Code\PC Item.cpp,595,FALSE,InitNewItem: ERROR - Invalid multi code
wiz8--demo--wiz8--8acda50afe39,00520a25,register-indirect,005206a0,E:\Wizardry 8\Local Code\PC Item.cpp,1017,uiRangedItem < gXStatus.uiItemsInDatabase,
wiz8--demo--wiz8--8acda50afe39,00520a54,register-indirect,005206a0,E:\Wizardry 8\Local Code\PC Item.cpp,1018,uiOtherItem < gXStatus.uiItemsInDatabase,
wiz8--demo--wiz8--8acda50afe39,00520f13,register-indirect,00520ef0,E:\Wizardry 8\Local Code\PC Item.cpp,1244,iChar != -1,
wiz8--demo--wiz8--8acda50afe39,00520f32,register-indirect,00520ef0,E:\Wizardry 8\Local Code\PC Item.cpp,1245,uiSlot < SLOT_COUNT,
wiz8--demo--wiz8--8acda50afe39,00521825,direct,005214c0,E:\Wizardry 8\Local Code\PC Item.cpp,1840,uiSpell != SPELL_NONE,
wiz8--demo--wiz8--8acda50afe39,0052188a,direct,005214c0,E:\Wizardry 8\Local Code\PC Item.cpp,1828,uiSpell != SPELL_NONE,
wiz8--demo--wiz8--8acda50afe39,00521932,register-indirect,005218b0,E:\Wizardry 8\Local Code\PC Item.cpp,1893,pPC,
wiz8--demo--wiz8--8acda50afe39,0052194f,register-indirect,005218b0,E:\Wizardry 8\Local Code\PC Item.cpp,1894,pPCItem,
wiz8--demo--wiz8--8acda50afe39,0052196a,register-indirect,005218b0,E:\Wizardry 8\Local Code\PC Item.cpp,1895,pPCItem->iItemNo >= -1,
wiz8--demo--wiz8--8acda50afe39,0052198a,register-indirect,005218b0,E:\Wizardry 8\Local Code\PC Item.cpp,1896,pPCItem->iItemNo < (INT32) gXStatus.uiItemsInDatabase,
wiz8--demo--wiz8--8acda50afe39,005222e6,register-indirect,00521f00,E:\Wizardry 8\Local Code\PC Item.cpp,2201,pNPC,
wiz8--demo--wiz8--8acda50afe39,00522302,register-indirect,00521f00,E:\Wizardry 8\Local Code\PC Item.cpp,2202,pNPC->ubNPCDBaseID == NPC_RFS81A,
wiz8--demo--wiz8--8acda50afe39,005225b1,register-indirect,00521f00,E:\Wizardry 8\Local Code\PC Item.cpp,2306,pItemDB->ubUseType < USE_TYPE_COUNT,
wiz8--demo--wiz8--8acda50afe39,0052284f,direct,00521f00,E:\Wizardry 8\Local Code\PC Item.cpp,2352,FALSE,
wiz8--demo--wiz8--8acda50afe39,00522d0e,direct,00522b10,E:\Wizardry 8\Local Code\PC Item.cpp,2634,pPCItem->iItemNo != -1,
wiz8--demo--wiz8--8acda50afe39,0052345f,register-indirect,005233e0,E:\Wizardry 8\Local Code\PC Item.cpp,2914,pMergePCItem->iItemNo != -1,
wiz8--demo--wiz8--8acda50afe39,00523487,register-indirect,005233e0,E:\Wizardry 8\Local Code\PC Item.cpp,2915,pIntoPCItem->iItemNo != -1,
wiz8--demo--wiz8--8acda50afe39,00523ad2,direct,005239a0,E:\Wizardry 8\Local Code\PC Item.cpp,3363,FALSE,
wiz8--demo--wiz8--8acda50afe39,00523e8b,direct,00523e60,E:\Wizardry 8\Local Code\PC Item.cpp,3508,(pPCItem1->iItemNo != -1) || (pPCItem2->iItemNo != -1),
wiz8--demo--wiz8--8acda50afe39,00523fa7,register-indirect,00523e60,E:\Wizardry 8\Local Code\PC Item.cpp,3550,pToPCItem != pFromPCItem,
wiz8--demo--wiz8--8acda50afe39,00523fc7,register-indirect,00523e60,E:\Wizardry 8\Local Code\PC Item.cpp,3552,pToPCItem->iItemNo == -1,
wiz8--demo--wiz8--8acda50afe39,00523fe1,register-indirect,00523e60,E:\Wizardry 8\Local Code\PC Item.cpp,3553,pFromPCItem->iItemNo != -1,
wiz8--demo--wiz8--8acda50afe39,00524313,register-indirect,005242f0,E:\Wizardry 8\Local Code\PC Item.cpp,3668,pPC != NULL,
wiz8--demo--wiz8--8acda50afe39,00524332,register-indirect,005242f0,E:\Wizardry 8\Local Code\PC Item.cpp,3669,uiSlot < SLOT_COUNT,
wiz8--demo--wiz8--8acda50afe39,0052471a,direct,005242f0,E:\Wizardry 8\Local Code\PC Item.cpp,3787,gStatus.fGameStarted,
wiz8--demo--wiz8--8acda50afe39,00524774,register-indirect,00524750,E:\Wizardry 8\Local Code\PC Item.cpp,3804,pPCItem1->iItemNo != BAD_INDEX,
wiz8--demo--wiz8--8acda50afe39,00524793,register-indirect,00524750,E:\Wizardry 8\Local Code\PC Item.cpp,3805,pPCItem2->iItemNo != BAD_INDEX,
wiz8--demo--wiz8--8acda50afe39,0052495e,register-indirect,00524930,E:\Wizardry 8\Local Code\PC Item.cpp,3995,pPCItem->iItemNo != -1,
wiz8--demo--wiz8--8acda50afe39,0052497e,register-indirect,00524930,E:\Wizardry 8\Local Code\PC Item.cpp,3996,pPCItem->iItemNo < (INT32) gXStatus.uiItemsInDatabase,
wiz8--demo--wiz8--8acda50afe39,005249f8,register-indirect,005249d0,E:\Wizardry 8\Local Code\PC Item.cpp,3995,pPCItem->iItemNo != -1,
wiz8--demo--wiz8--8acda50afe39,00524a18,register-indirect,005249d0,E:\Wizardry 8\Local Code\PC Item.cpp,3996,pPCItem->iItemNo < (INT32) gXStatus.uiItemsInDatabase,
wiz8--demo--wiz8--8acda50afe39,00524a63,register-indirect,00524a40,E:\Wizardry 8\Local Code\PC Item.cpp,4006,pPCItem,
wiz8--demo--wiz8--8acda50afe39,00524acb,register-indirect,00524a40,E:\Wizardry 8\Local Code\PC Item.cpp,2867,pPCItem,
wiz8--demo--wiz8--8acda50afe39,00524ccb,direct,00524bc0,E:\Wizardry 8\Local Code\PC Item.cpp,2867,pPCItem,
wiz8--demo--wiz8--8acda50afe39,005262b4,register-indirect,005259f0,E:\Wizardry 8\Local Code\PC Item.cpp,5359,bSlotType >= 0,
wiz8--demo--wiz8--8acda50afe39,005262cf,register-indirect,005259f0,E:\Wizardry 8\Local Code\PC Item.cpp,5360,bSlotType < SLOT_TYPE_COUNT,
wiz8--demo--wiz8--8acda50afe39,005262ef,register-indirect,005259f0,E:\Wizardry 8\Local Code\PC Item.cpp,5362,sSlotIndex >= 0,
wiz8--demo--wiz8--8acda50afe39,00526322,register-indirect,005259f0,E:\Wizardry 8\Local Code\PC Item.cpp,5375,sSlotIndex < MAX_PARTY_ITEM_SLOTS,
wiz8--demo--wiz8--8acda50afe39,005263f9,direct,005263e0,E:\Wizardry 8\Local Code\PC Item.cpp,5389,pPCItem != NULL,
wiz8--demo--wiz8--8acda50afe39,0052710c,direct,00526fd0,E:\Wizardry 8\Local Code\Conditions & Enchantments.cpp,38,fCHAR_OCCUPIED(uiChar),
wiz8--demo--wiz8--8acda50afe39,00527134,direct,00526fd0,E:\Wizardry 8\Local Code\Conditions & Enchantments.cpp,41,(uiPoisonStrength == 0) || (uiCondition == COND_POISONED),
wiz8--demo--wiz8--8acda50afe39,00527484,register-indirect,00526fd0,E:\Wizardry 8\Local Code\Conditions & Enchantments.cpp,240,fCHAR_OCCUPIED(uiChar),
wiz8--demo--wiz8--8acda50afe39,005274b2,register-indirect,00526fd0,E:\Wizardry 8\Local Code\Conditions & Enchantments.cpp,241,gStatus.Char[uiChar].uiCondition[uiCondition] > 0,
wiz8--demo--wiz8--8acda50afe39,005277b5,register-indirect,00526fd0,E:\Wizardry 8\Local Code\Conditions & Enchantments.cpp,340,fCHAR_OCCUPIED(uiSlot),
wiz8--demo--wiz8--8acda50afe39,005277f8,register-indirect,00526fd0,E:\Wizardry 8\Local Code\Conditions & Enchantments.cpp,341,gStatus.Char[uiSlot].uiCondition[uiCondition] > 0,
wiz8--demo--wiz8--8acda50afe39,005278ff,direct,00526fd0,E:\Wizardry 8\Local Code\Conditions & Enchantments.cpp,383,fCHAR_OCCUPIED(uiChar),
wiz8--demo--wiz8--8acda50afe39,00527d06,direct,00527ce0,E:\Wizardry 8\Local Code\Conditions & Enchantments.cpp,540,(uiPoisonStrength == 0) || (uiCondition == COND_POISONED),
wiz8--demo--wiz8--8acda50afe39,0052806c,direct,00527ce0,E:\Wizardry 8\Local Code\Conditions & Enchantments.cpp,724,pMonsterInfo->uiCondition[uiCondition] > 0,
wiz8--demo--wiz8--8acda50afe39,0052823d,direct,00527ce0,E:\Wizardry 8\Local Code\Conditions & Enchantments.cpp,791,pMonsterInfo->uiCondition[uiCondition] > 0,
wiz8--demo--wiz8--8acda50afe39,00528884,register-indirect,00528860,E:\Wizardry 8\Local Code\Conditions & Enchantments.cpp,1091,uiChar < MAX_CHARS,
wiz8--demo--wiz8--8acda50afe39,005288a3,register-indirect,00528860,E:\Wizardry 8\Local Code\Conditions & Enchantments.cpp,1092,uiDependence < DEPEND_COND_COUNT,
wiz8--demo--wiz8--8acda50afe39,005288c2,register-indirect,00528860,E:\Wizardry 8\Local Code\Conditions & Enchantments.cpp,1093,iMonsterID != -1,
wiz8--demo--wiz8--8acda50afe39,0052b384,direct,0052afb0,E:\Wizardry 8\Local Code\NPC Scripting.cpp,1966,pDoor,
wiz8--demo--wiz8--8acda50afe39,0052ea87,direct,0052e9d0,E:\Wizardry 8\Local Code\Health Stamina Mana.cpp,399,fCHAR_OCCUPIED(uiChar),
wiz8--demo--wiz8--8acda50afe39,0052ee5a,direct,0052e9d0,E:\Wizardry 8\Local Code\Health Stamina Mana.cpp,557,fCHAR_OCCUPIED(uiChar),
wiz8--demo--wiz8--8acda50afe39,0052f086,direct,0052f040,E:\Wizardry 8\Local Code\Health Stamina Mana.cpp,657,fCHAR_OCCUPIED(uiChar),
wiz8--demo--wiz8--8acda50afe39,0052f32b,direct,0052f1c0,E:\Wizardry 8\Local Code\Health Stamina Mana.cpp,809,FALSE,FatigueCharacter: ERROR - Invalid load category
wiz8--demo--wiz8--8acda50afe39,0052f806,direct,0052f630,E:\Wizardry 8\Local Code\Health Stamina Mana.cpp,1063,pPC->iSPLeft[uiRealm] >= (INT32) uiSPs,
wiz8--demo--wiz8--8acda50afe39,0052f992,direct,0052f890,E:\Wizardry 8\Local Code\Health Stamina Mana.cpp,1063,pPC->iSPLeft[uiRealm] >= (INT32) uiSPs,
wiz8--demo--wiz8--8acda50afe39,0052fabe,direct,0052f890,E:\Wizardry 8\Local Code\Health Stamina Mana.cpp,1063,pPC->iSPLeft[uiRealm] >= (INT32) uiSPs,
wiz8--demo--wiz8--8acda50afe39,0052fb65,direct,0052f890,E:\Wizardry 8\Local Code\Health Stamina Mana.cpp,1182,fCHAR_OCCUPIED(uiChar),
wiz8--demo--wiz8--8acda50afe39,00530657,direct,005304c0,E:\Wizardry 8\Local Code\Health Stamina Mana.cpp,1770,FALSE,
wiz8--demo--wiz8--8acda50afe39,00534657,register-indirect,00534520,E:\Wizardry 8\Local Code\MonsterAI.cpp,1836,pMonsterGroup,
wiz8--demo--wiz8--8acda50afe39,0053498a,direct,00534930,E:\Wizardry 8\Local Code\MonsterAI.cpp,1141,pMonsterInfo,
wiz8--demo--wiz8--8acda50afe39,00534aea,direct,00534930,E:\Wizardry 8\Local Code\MonsterAI.cpp,385,FALSE,DoMonsterRTAI: ERROR - Invalid disposition
wiz8--demo--wiz8--8acda50afe39,00534c45,direct,00534930,E:\Wizardry 8\Local Code\MonsterAI.cpp,453,ubAIDecision != RT_AI_MODE_CHARGE_PARTY,
wiz8--demo--wiz8--8acda50afe39,005352ab,direct,00534c90,E:\Wizardry 8\Local Code\MonsterAI.cpp,1141,pMonsterInfo,
wiz8--demo--wiz8--8acda50afe39,0053538c,direct,00534c90,E:\Wizardry 8\Local Code\MonsterAI.cpp,806,pMonsterInfo->ubDisposition != DISP_HOSTILE,
wiz8--demo--wiz8--8acda50afe39,00535adc,direct,005358a0,E:\Wizardry 8\Local Code\MonsterAI.cpp,1048,fSuccess,
wiz8--demo--wiz8--8acda50afe39,00535cb0,register-indirect,00535c80,E:\Wizardry 8\Local Code\MonsterAI.cpp,1174,pMonsterGroup,
wiz8--demo--wiz8--8acda50afe39,00535cd3,register-indirect,00535c80,E:\Wizardry 8\Local Code\MonsterAI.cpp,3195,pMonsterGroup,
wiz8--demo--wiz8--8acda50afe39,00535f96,direct,00535f60,E:\Wizardry 8\Local Code\MonsterAI.cpp,1268,pMonsterInfo->fInCombat,
wiz8--demo--wiz8--8acda50afe39,0053612d,direct,005360a0,E:\Wizardry 8\Local Code\MonsterAI.cpp,1381,pMonsterInfo->pCombat->plsCombatActionList != NULL,
wiz8--demo--wiz8--8acda50afe39,005363bc,direct,005360a0,E:\Wizardry 8\Local Code\MonsterAI.cpp,1506,pTarget->iChar != BAD_INDEX,
wiz8--demo--wiz8--8acda50afe39,00536401,direct,005360a0,E:\Wizardry 8\Local Code\MonsterAI.cpp,1515,pTarget->iMonsterID != BAD_INDEX,
wiz8--demo--wiz8--8acda50afe39,00536903,direct,005367f0,E:\Wizardry 8\Local Code\MonsterAI.cpp,1836,pMonsterGroup,
wiz8--demo--wiz8--8acda50afe39,0053770c,direct,00537690,E:\Wizardry 8\Local Code\MonsterAI.cpp,2559,uiCastableSpellCnt > 0,
wiz8--demo--wiz8--8acda50afe39,005387cb,direct,00538730,E:\Wizardry 8\Local Code\MonsterAI.cpp,3074,pMonsterGroup,
wiz8--demo--wiz8--8acda50afe39,005388b6,direct,00538730,E:\Wizardry 8\Local Code\MonsterAI.cpp,1836,pMonsterGroup,
wiz8--demo--wiz8--8acda50afe39,005389b5,direct,00538730,E:\Wizardry 8\Local Code\MonsterAI.cpp,3074,pMonsterGroup,
wiz8--demo--wiz8--8acda50afe39,00538bec,direct,00538bd0,E:\Wizardry 8\Local Code\MonsterAI.cpp,3195,pMonsterGroup,
wiz8--demo--wiz8--8acda50afe39,00539227,direct,00539200,E:\Wizardry 8\Local Code\MonsterAI.cpp,3520,pTargetMonsterGroup,
wiz8--demo--wiz8--8acda50afe39,00539a8d,direct,00539a00,E:\Wizardry 8\Local Code\MonsterAI.cpp,3195,pMonsterGroup,
wiz8--demo--wiz8--8acda50afe39,00539b45,direct,00539a00,E:\Wizardry 8\Local Code\MonsterAI.cpp,1836,pMonsterGroup,
wiz8--demo--wiz8--8acda50afe39,00539f21,register-indirect,00539f00,E:\Wizardry 8\Local Code\Factions.cpp,171,bFaction >= 0,
wiz8--demo--wiz8--8acda50afe39,00539f3c,register-indirect,00539f00,E:\Wizardry 8\Local Code\Factions.cpp,172,bFaction < FACTION_COUNT,
wiz8--demo--wiz8--8acda50afe39,00539f94,register-indirect,00539f70,E:\Wizardry 8\Local Code\Factions.cpp,171,bFaction >= 0,
wiz8--demo--wiz8--8acda50afe39,00539faf,register-indirect,00539f70,E:\Wizardry 8\Local Code\Factions.cpp,172,bFaction < FACTION_COUNT,
wiz8--demo--wiz8--8acda50afe39,0053a0aa,register-indirect,00539f70,E:\Wizardry 8\Local Code\Factions.cpp,171,bFaction >= 0,
wiz8--demo--wiz8--8acda50afe39,0053a0c5,register-indirect,00539f70,E:\Wizardry 8\Local Code\Factions.cpp,172,bFaction < FACTION_COUNT,
wiz8--demo--wiz8--8acda50afe39,0053a1e9,register-indirect,0053a180,E:\Wizardry 8\Local Code\Factions.cpp,171,bFaction >= 0,
wiz8--demo--wiz8--8acda50afe39,0053a204,register-indirect,0053a180,E:\Wizardry 8\Local Code\Factions.cpp,172,bFaction < FACTION_COUNT,
wiz8--demo--wiz8--8acda50afe39,0053a30d,register-indirect,0053a2d0,E:\Wizardry 8\Local Code\Factions.cpp,171,bFaction >= 0,
wiz8--demo--wiz8--8acda50afe39,0053a32c,register-indirect,0053a2d0,E:\Wizardry 8\Local Code\Factions.cpp,172,bFaction < FACTION_COUNT,
wiz8--demo--wiz8--8acda50afe39,0053a390,register-indirect,0053a2d0,E:\Wizardry 8\Local Code\Factions.cpp,171,bFaction >= 0,
wiz8--demo--wiz8--8acda50afe39,0053a3af,register-indirect,0053a2d0,E:\Wizardry 8\Local Code\Factions.cpp,172,bFaction < FACTION_COUNT,
wiz8--demo--wiz8--8acda50afe39,0053a616,direct,0053a500,E:\Wizardry 8\Local Code\Targeting.cpp,105,pTarget->iChar != BAD_INDEX,
wiz8--demo--wiz8--8acda50afe39,0053a680,direct,0053a500,E:\Wizardry 8\Local Code\Targeting.cpp,114,pTarget->iChar != BAD_INDEX,
wiz8--demo--wiz8--8acda50afe39,0053a6fb,register-indirect,0053a500,E:\Wizardry 8\Local Code\Targeting.cpp,123,pTarget->iMonsterID != BAD_INDEX,
wiz8--demo--wiz8--8acda50afe39,0053a789,register-indirect,0053a500,E:\Wizardry 8\Local Code\Targeting.cpp,150,pTarget->iGroupID != BAD_INDEX,
wiz8--demo--wiz8--8acda50afe39,0053a804,direct,0053a500,E:\Wizardry 8\Local Code\Targeting.cpp,177,pTarget->pPCItem != NULL,
wiz8--demo--wiz8--8acda50afe39,0053ab02,register-indirect,0053a9c0,E:\Wizardry 8\Local Code\Targeting.cpp,3159,FALSE,
wiz8--demo--wiz8--8acda50afe39,0053ab43,register-indirect,0053a9c0,E:\Wizardry 8\Local Code\Targeting.cpp,249,pTarget,
wiz8--demo--wiz8--8acda50afe39,0053b021,direct,0053a9c0,E:\Wizardry 8\Local Code\Targeting.cpp,3159,FALSE,
wiz8--demo--wiz8--8acda50afe39,0053b2a0,direct,0053b1a0,E:\Wizardry 8\Local Code\Targeting.cpp,3269,pSource != NULL,
wiz8--demo--wiz8--8acda50afe39,0053b467,direct,0053b1a0,E:\Wizardry 8\Local Code\Targeting.cpp,3159,FALSE,
wiz8--demo--wiz8--8acda50afe39,0053b863,direct,0053b1a0,E:\Wizardry 8\Local Code\Targeting.cpp,3159,FALSE,
wiz8--demo--wiz8--8acda50afe39,0053bbdd,register-indirect,0053b1a0,E:\Wizardry 8\Local Code\Targeting.cpp,3295,pSource->iChar != BAD_INDEX,
wiz8--demo--wiz8--8acda50afe39,0053bc21,register-indirect,0053b1a0,E:\Wizardry 8\Local Code\Targeting.cpp,3316,pSource->iMonsterID != BAD_INDEX,
wiz8--demo--wiz8--8acda50afe39,0053bc3c,register-indirect,0053b1a0,E:\Wizardry 8\Local Code\Targeting.cpp,831,pSource->iMonsterID != -1,
wiz8--demo--wiz8--8acda50afe39,0053bcde,register-indirect,0053b1a0,E:\Wizardry 8\Local Code\Targeting.cpp,3295,pSource->iChar != BAD_INDEX,
wiz8--demo--wiz8--8acda50afe39,0053bd08,register-indirect,0053b1a0,E:\Wizardry 8\Local Code\Targeting.cpp,3316,pSource->iMonsterID != BAD_INDEX,
wiz8--demo--wiz8--8acda50afe39,0053bd66,direct,0053b1a0,E:\Wizardry 8\Local Code\Targeting.cpp,839,FALSE,
wiz8--demo--wiz8--8acda50afe39,0053c103,direct,0053bf30,E:\Wizardry 8\Local Code\Targeting.cpp,3269,pSource != NULL,
wiz8--demo--wiz8--8acda50afe39,0053c287,direct,0053c150,E:\Wizardry 8\Local Code\Targeting.cpp,3269,pSource != NULL,
wiz8--demo--wiz8--8acda50afe39,0053c442,direct,0053c150,E:\Wizardry 8\Local Code\Targeting.cpp,3269,pSource != NULL,
wiz8--demo--wiz8--8acda50afe39,0053c85f,direct,0053c810,E:\Wizardry 8\Local Code\Targeting.cpp,1173,pSortBuffer != NULL,
wiz8--demo--wiz8--8acda50afe39,0053cd1b,direct,0053cba0,E:\Wizardry 8\Local Code\Targeting.cpp,3159,FALSE,
wiz8--demo--wiz8--8acda50afe39,0053d0c7,direct,0053d01a,E:\Wizardry 8\Local Code\Targeting.cpp,1884,pMonster,
wiz8--demo--wiz8--8acda50afe39,0053d2dd,direct,0053d230,E:\Wizardry 8\Local Code\Targeting.cpp,3269,pSource != NULL,
wiz8--demo--wiz8--8acda50afe39,0053d46b,direct,0053d230,E:\Wizardry 8\Local Code\Targeting.cpp,3281,pSource != NULL,
wiz8--demo--wiz8--8acda50afe39,0053d731,direct,0053d710,E:\Wizardry 8\Local Code\Targeting.cpp,1761,uiGroupID != BAD_INDEX,
wiz8--demo--wiz8--8acda50afe39,0053daa2,direct,0053da60,E:\Wizardry 8\Local Code\Targeting.cpp,1884,pMonster,
wiz8--demo--wiz8--8acda50afe39,0053dcbc,direct,0053dca0,E:\Wizardry 8\Local Code\Targeting.cpp,2036,pMonsterInfo,
wiz8--demo--wiz8--8acda50afe39,0053dd9e,direct,0053dd00,E:\Wizardry 8\Local Code\Targeting.cpp,2036,pMonsterInfo,
wiz8--demo--wiz8--8acda50afe39,0053de87,direct,0053de60,E:\Wizardry 8\Local Code\Targeting.cpp,3295,pSource->iChar != BAD_INDEX,
wiz8--demo--wiz8--8acda50afe39,0053ded0,register-indirect,0053de60,E:\Wizardry 8\Local Code\Targeting.cpp,3316,pSource->iMonsterID != BAD_INDEX,
wiz8--demo--wiz8--8acda50afe39,0053deec,register-indirect,0053de60,E:\Wizardry 8\Local Code\Targeting.cpp,2120,pSource->iMonsterID != -1,
wiz8--demo--wiz8--8acda50afe39,0053df50,direct,0053de60,E:\Wizardry 8\Local Code\Targeting.cpp,2128,pSource->iType == SOURCE_TYPE_3D_POINT,
wiz8--demo--wiz8--8acda50afe39,0053e9da,direct,0053e750,E:\Wizardry 8\Local Code\Targeting.cpp,3269,pSource != NULL,
wiz8--demo--wiz8--8acda50afe39,0053ee2e,direct,0053ed60,E:\Wizardry 8\Local Code\Targeting.cpp,3269,pSource != NULL,
wiz8--demo--wiz8--8acda50afe39,0053ef92,direct,0053ed60,E:\Wizardry 8\Local Code\Targeting.cpp,1884,pMonster,
wiz8--demo--wiz8--8acda50afe39,0053f111,direct,0053f060,E:\Wizardry 8\Local Code\Targeting.cpp,1884,pMonster,
wiz8--demo--wiz8--8acda50afe39,0053f1dc,direct,0053f060,E:\Wizardry 8\Local Code\Targeting.cpp,1884,pMonster,
wiz8--demo--wiz8--8acda50afe39,0053f96e,direct,0053f8b0,E:\Wizardry 8\Local Code\Targeting.cpp,3269,pSource != NULL,
wiz8--demo--wiz8--8acda50afe39,0053fb71,direct,0053fa90,E:\Wizardry 8\Local Code\Targeting.cpp,3269,pSource != NULL,
wiz8--demo--wiz8--8acda50afe39,0053fd15,direct,0053fa90,E:\Wizardry 8\Local Code\Targeting.cpp,3115,FALSE,
wiz8--demo--wiz8--8acda50afe39,0053fe1d,direct,0053fa90,E:\Wizardry 8\Local Code\Targeting.cpp,3159,FALSE,
wiz8--demo--wiz8--8acda50afe39,0053ff9a,direct,0053fa90,E:\Wizardry 8\Local Code\Targeting.cpp,3159,FALSE,
wiz8--demo--wiz8--8acda50afe39,0053ffe6,direct,0053fa90,E:\Wizardry 8\Local Code\Targeting.cpp,3203,FALSE,
wiz8--demo--wiz8--8acda50afe39,005401f7,direct,0053fa90,E:\Wizardry 8\Local Code\Targeting.cpp,3159,FALSE,
wiz8--demo--wiz8--8acda50afe39,0054024a,direct,00540230,E:\Wizardry 8\Local Code\Targeting.cpp,3269,pSource != NULL,
wiz8--demo--wiz8--8acda50afe39,0054029a,direct,00540280,E:\Wizardry 8\Local Code\Targeting.cpp,3281,pSource != NULL,
wiz8--demo--wiz8--8acda50afe39,005402f2,direct,00540280,E:\Wizardry 8\Local Code\Targeting.cpp,3295,pSource->iChar != BAD_INDEX,
wiz8--demo--wiz8--8acda50afe39,0054032f,direct,00540280,E:\Wizardry 8\Local Code\Targeting.cpp,3303,pSource->fBackfire || pSource->fReflection,
wiz8--demo--wiz8--8acda50afe39,00540362,direct,00540280,E:\Wizardry 8\Local Code\Targeting.cpp,3316,pSource->iMonsterID != BAD_INDEX,
wiz8--demo--wiz8--8acda50afe39,0054039f,direct,00540280,E:\Wizardry 8\Local Code\Targeting.cpp,3324,pSource->fBackfire || pSource->fReflection,
wiz8--demo--wiz8--8acda50afe39,00540772,direct,005403b0,E:\Wizardry 8\Local Code\Targeting.cpp,3295,pSource->iChar != BAD_INDEX,
wiz8--demo--wiz8--8acda50afe39,005407aa,direct,005403b0,E:\Wizardry 8\Local Code\Targeting.cpp,3303,pSource->fBackfire || pSource->fReflection,
wiz8--demo--wiz8--8acda50afe39,005407d1,direct,005403b0,E:\Wizardry 8\Local Code\Targeting.cpp,3316,pSource->iMonsterID != BAD_INDEX,
wiz8--demo--wiz8--8acda50afe39,00540806,direct,005403b0,E:\Wizardry 8\Local Code\Targeting.cpp,3324,pSource->fBackfire || pSource->fReflection,
wiz8--demo--wiz8--8acda50afe39,00540842,direct,005403b0,E:\Wizardry 8\Local Code\Targeting.cpp,3295,pSource->iChar != BAD_INDEX,
wiz8--demo--wiz8--8acda50afe39,00540878,direct,005403b0,E:\Wizardry 8\Local Code\Targeting.cpp,3303,pSource->fBackfire || pSource->fReflection,
wiz8--demo--wiz8--8acda50afe39,005408f9,register-indirect,005403b0,E:\Wizardry 8\Local Code\Targeting.cpp,3295,pSource->iChar != BAD_INDEX,
wiz8--demo--wiz8--8acda50afe39,0054094a,register-indirect,005403b0,E:\Wizardry 8\Local Code\Targeting.cpp,3316,pSource->iMonsterID != BAD_INDEX,
wiz8--demo--wiz8--8acda50afe39,00540a49,direct,005403b0,E:\Wizardry 8\Local Code\Targeting.cpp,3573,FALSE,
wiz8--demo--wiz8--8acda50afe39,00540ccc,direct,00540b50,E:\Wizardry 8\Local Code\Targeting.cpp,3752,pMonsterInfo->uiHPMax > 0,
wiz8--demo--wiz8--8acda50afe39,0054105c,direct,00540b50,E:\Wizardry 8\Local Code\Targeting.cpp,3159,FALSE,
wiz8--demo--wiz8--8acda50afe39,005410b6,direct,00540b50,E:\Wizardry 8\Local Code\Targeting.cpp,3203,FALSE,
wiz8--demo--wiz8--8acda50afe39,00541591,direct,00541230,E:\Wizardry 8\Local Code\Targeting.cpp,3269,pSource != NULL,
wiz8--demo--wiz8--8acda50afe39,005416f8,direct,005416e0,E:\Wizardry 8\Local Code\Combat Attack.cpp,98,uiHand < HAND_COUNT,
wiz8--demo--wiz8--8acda50afe39,00541786,register-indirect,005416e0,E:\Wizardry 8\Local Code\Combat Attack.cpp,98,uiHand < HAND_COUNT,
wiz8--demo--wiz8--8acda50afe39,00541819,direct,005417d0,E:\Wizardry 8\Local Code\Combat Attack.cpp,98,uiHand < HAND_COUNT,
wiz8--demo--wiz8--8acda50afe39,0054190b,direct,005418f0,E:\Wizardry 8\Local Code\Combat Attack.cpp,231,uiAttack < MAX_MONSTER_ATTACKS,
wiz8--demo--wiz8--8acda50afe39,00541b0b,direct,00541ac0,E:\Wizardry 8\Local Code\Combat Attack.cpp,98,uiHand < HAND_COUNT,
wiz8--demo--wiz8--8acda50afe39,00541bcd,direct,00541ac0,E:\Wizardry 8\Local Code\Combat Attack.cpp,98,uiHand < HAND_COUNT,
wiz8--demo--wiz8--8acda50afe39,00541c49,direct,00541c30,E:\Wizardry 8\Local Code\Combat Attack.cpp,98,uiHand < HAND_COUNT,
wiz8--demo--wiz8--8acda50afe39,00541cd1,direct,00541cb0,E:\Wizardry 8\Local Code\Combat Attack.cpp,432,uiChar < MAX_CHARS,
wiz8--demo--wiz8--8acda50afe39,00541d36,direct,00541cb0,E:\Wizardry 8\Local Code\Combat Attack.cpp,98,uiHand < HAND_COUNT,
wiz8--demo--wiz8--8acda50afe39,00542383,direct,00541cb0,E:\Wizardry 8\Local Code\Combat Attack.cpp,636,CHAR_CURRENT_TARGET(uiChar).iType == TARGET_TYPE_CHAR,
wiz8--demo--wiz8--8acda50afe39,005423a9,direct,00541cb0,E:\Wizardry 8\Local Code\Combat Attack.cpp,637,CHAR_CURRENT_TARGET(uiChar).iChar != BAD_INDEX,
wiz8--demo--wiz8--8acda50afe39,00542467,direct,00541cb0,E:\Wizardry 8\Local Code\Combat Attack.cpp,667,pPC->Hand[uiHand].uiHolds != HOLDS_NOTHING,
wiz8--demo--wiz8--8acda50afe39,005429d4,direct,005426d0,E:\Wizardry 8\Local Code\Combat Attack.cpp,853,plsFumbleTargetList != NULL,
wiz8--demo--wiz8--8acda50afe39,00542a5c,direct,005426d0,E:\Wizardry 8\Local Code\Combat Attack.cpp,4548,uiNumTargets > 0,
wiz8--demo--wiz8--8acda50afe39,00542b70,direct,005426d0,E:\Wizardry 8\Local Code\Combat Attack.cpp,4722,uiChoices > 0,
wiz8--demo--wiz8--8acda50afe39,00542b9f,direct,005426d0,E:\Wizardry 8\Local Code\Combat Attack.cpp,4726,pListElement != NULL,
wiz8--demo--wiz8--8acda50afe39,00543cbf,direct,005426d0,E:\Wizardry 8\Local Code\Combat Attack.cpp,1541,pCmbt->uiSwingsRemaining > 0,
wiz8--demo--wiz8--8acda50afe39,00543d19,direct,005426d0,E:\Wizardry 8\Local Code\Combat Attack.cpp,98,uiHand < HAND_COUNT,
wiz8--demo--wiz8--8acda50afe39,00544353,register-indirect,00543f90,E:\Wizardry 8\Local Code\Combat Attack.cpp,1768,pMonsterInfo != NULL,
wiz8--demo--wiz8--8acda50afe39,00544370,register-indirect,00543f90,E:\Wizardry 8\Local Code\Combat Attack.cpp,1769,pMonsterDB != NULL,
wiz8--demo--wiz8--8acda50afe39,0054438c,register-indirect,00543f90,E:\Wizardry 8\Local Code\Combat Attack.cpp,1772,pCmbt != NULL,
wiz8--demo--wiz8--8acda50afe39,00544645,direct,005444c0,E:\Wizardry 8\Local Code\Combat Attack.cpp,1852,FALSE,
wiz8--demo--wiz8--8acda50afe39,005448be,direct,005446a0,E:\Wizardry 8\Local Code\Combat Attack.cpp,2000,plsFumbleTargetList != NULL,
wiz8--demo--wiz8--8acda50afe39,0054494a,direct,005446a0,E:\Wizardry 8\Local Code\Combat Attack.cpp,4548,uiNumTargets > 0,
wiz8--demo--wiz8--8acda50afe39,00544a09,direct,005446a0,E:\Wizardry 8\Local Code\Combat Attack.cpp,4722,uiChoices > 0,
wiz8--demo--wiz8--8acda50afe39,00544a38,direct,005446a0,E:\Wizardry 8\Local Code\Combat Attack.cpp,4726,pListElement != NULL,
wiz8--demo--wiz8--8acda50afe39,00544b14,direct,005446a0,E:\Wizardry 8\Local Code\Combat Attack.cpp,2047,pMonsterInfo->fMissileReleased,
wiz8--demo--wiz8--8acda50afe39,00545578,direct,005446a0,E:\Wizardry 8\Local Code\Combat Attack.cpp,2372,pCmbt->uiSwingsRemaining > 0,
wiz8--demo--wiz8--8acda50afe39,00545ede,direct,00545b70,E:\Wizardry 8\Local Code\Combat Attack.cpp,2757,pMonsterInfo->Target.iType == TARGET_TYPE_MONSTER,
wiz8--demo--wiz8--8acda50afe39,00546047,direct,00545b70,E:\Wizardry 8\Local Code\Combat Attack.cpp,2801,pAttack->ubWeaponNameIndex != MON_WEAPON_NAME_UNARMED,
wiz8--demo--wiz8--8acda50afe39,00546661,direct,00546600,E:\Wizardry 8\Local Code\Combat Attack.cpp,3044,gpCombat->TargetHit.iMonsterID != BAD_INDEX,
wiz8--demo--wiz8--8acda50afe39,005466ec,direct,00546600,E:\Wizardry 8\Local Code\Combat Attack.cpp,3059,gpCombat->TargetHit.iChar != BAD_INDEX,
wiz8--demo--wiz8--8acda50afe39,0054691a,direct,00546600,E:\Wizardry 8\Local Code\Combat Attack.cpp,3152,pPC->Hand[uiHand].uiHolds != HOLDS_NOTHING,
wiz8--demo--wiz8--8acda50afe39,005469b8,direct,00546600,E:\Wizardry 8\Local Code\Combat Attack.cpp,3140,pPC->Hand[uiHand].uiHolds == HOLDS_NOTHING,
wiz8--demo--wiz8--8acda50afe39,00546a68,direct,00546600,E:\Wizardry 8\Local Code\Combat Attack.cpp,3145,pPC->Hand[uiHand].uiHolds == HOLDS_NOTHING,
wiz8--demo--wiz8--8acda50afe39,00546ef1,direct,00546eb0,E:\Wizardry 8\Local Code\Combat Attack.cpp,3375,gpCombat->TargetHit.iChar != BAD_INDEX,
wiz8--demo--wiz8--8acda50afe39,00546fa4,direct,00546eb0,E:\Wizardry 8\Local Code\Combat Attack.cpp,3388,gpCombat->TargetHit.iMonsterID != BAD_INDEX,
wiz8--demo--wiz8--8acda50afe39,0054725d,register-indirect,005471f0,E:\Wizardry 8\Local Code\Combat Attack.cpp,3493,pPC->EquippedItem[uiWeaponSlot].iItemNo != -1,
wiz8--demo--wiz8--8acda50afe39,005472a3,register-indirect,005471f0,E:\Wizardry 8\Local Code\Combat Attack.cpp,3498,fsAttackModes > 0,
wiz8--demo--wiz8--8acda50afe39,005472be,register-indirect,005471f0,E:\Wizardry 8\Local Code\Combat Attack.cpp,3545,fsAttackModes != 0,
wiz8--demo--wiz8--8acda50afe39,0054731d,direct,00547300,E:\Wizardry 8\Local Code\Combat Attack.cpp,3545,fsAttackModes != 0,
wiz8--demo--wiz8--8acda50afe39,005473da,direct,00547300,E:\Wizardry 8\Local Code\Combat Attack.cpp,3651,FALSE,AttackModeMod: ERROR - Invalid attack mode
wiz8--demo--wiz8--8acda50afe39,005474e1,direct,00547300,E:\Wizardry 8\Local Code\Combat Attack.cpp,3772,FALSE,
wiz8--demo--wiz8--8acda50afe39,005475e7,direct,00547510,E:\Wizardry 8\Local Code\Combat Attack.cpp,3822,FALSE,
wiz8--demo--wiz8--8acda50afe39,0054779e,direct,00547510,E:\Wizardry 8\Local Code\Combat Attack.cpp,3994,FALSE,BlockedForSpecialReason: Unknown target type
wiz8--demo--wiz8--8acda50afe39,0054786b,register-indirect,005477b0,E:\Wizardry 8\Local Code\Combat Attack.cpp,4105,pTarget->iChar != BAD_INDEX,
wiz8--demo--wiz8--8acda50afe39,00547899,register-indirect,005477b0,E:\Wizardry 8\Local Code\Combat Attack.cpp,4106,fCHAR_OCCUPIED(pTarget->iChar),
wiz8--demo--wiz8--8acda50afe39,005478eb,register-indirect,005477b0,E:\Wizardry 8\Local Code\Combat Attack.cpp,4112,pTarget->iType == TARGET_TYPE_MONSTER,
wiz8--demo--wiz8--8acda50afe39,00547907,register-indirect,005477b0,E:\Wizardry 8\Local Code\Combat Attack.cpp,4113,pTarget->iMonsterID != BAD_INDEX,
wiz8--demo--wiz8--8acda50afe39,00548381,register-indirect,005477b0,E:\Wizardry 8\Local Code\Combat Attack.cpp,4694,pTarget,
wiz8--demo--wiz8--8acda50afe39,005483fe,register-indirect,005477b0,E:\Wizardry 8\Local Code\Combat Attack.cpp,4694,pTarget,
wiz8--demo--wiz8--8acda50afe39,00548437,register-indirect,005477b0,E:\Wizardry 8\Local Code\Combat Attack.cpp,4711,iListIndex != BAD_INDEX,
wiz8--demo--wiz8--8acda50afe39,00548500,register-indirect,005477b0,E:\Wizardry 8\Local Code\Combat Attack.cpp,4694,pTarget,
wiz8--demo--wiz8--8acda50afe39,005485f6,register-indirect,005477b0,E:\Wizardry 8\Local Code\Combat Attack.cpp,4694,pTarget,
wiz8--demo--wiz8--8acda50afe39,0054862f,register-indirect,005477b0,E:\Wizardry 8\Local Code\Combat Attack.cpp,4711,iListIndex != BAD_INDEX,
wiz8--demo--wiz8--8acda50afe39,005486c3,register-indirect,005477b0,E:\Wizardry 8\Local Code\Combat Attack.cpp,4694,pTarget,
wiz8--demo--wiz8--8acda50afe39,0054873f,register-indirect,005477b0,E:\Wizardry 8\Local Code\Combat Attack.cpp,4694,pTarget,
wiz8--demo--wiz8--8acda50afe39,005488ce,direct,005487a0,E:\Wizardry 8\Local Code\Combat Attack.cpp,4763,SourceIsMonster(pSource),
wiz8--demo--wiz8--8acda50afe39,00548cd2,direct,00548b80,E:\Wizardry 8\Local Code\Combat Attack.cpp,4940,FALSE,FireMissileSourceToTarget: Unknown target type
wiz8--demo--wiz8--8acda50afe39,00548e11,direct,00548b80,E:\Wizardry 8\Local Code\Combat Attack.cpp,4986,pSource->iMonsterID != -1,
wiz8--demo--wiz8--8acda50afe39,00549023,direct,00548b80,E:\Wizardry 8\Local Code\Combat Attack.cpp,5085,pMissileFired,
wiz8--demo--wiz8--8acda50afe39,0054910a,direct,00548b80,E:\Wizardry 8\Local Code\Combat Attack.cpp,5038,FALSE,
wiz8--demo--wiz8--8acda50afe39,00549f14,register-indirect,00549a90,E:\Wizardry 8\Local Code\Combat Attack.cpp,98,uiHand < HAND_COUNT,
wiz8--demo--wiz8--8acda50afe39,0054a090,direct,00549f70,E:\Wizardry 8\Local Code\Combat Attack.cpp,5776,FALSE,
wiz8--demo--wiz8--8acda50afe39,0054a85d,direct,0054a470,E:\Wizardry 8\Local Code\Combat Attack.cpp,6158,FALSE,
wiz8--demo--wiz8--8acda50afe39,0054a9ba,direct,0054a470,E:\Wizardry 8\Local Code\Combat Attack.cpp,6179,FALSE,
wiz8--demo--wiz8--8acda50afe39,0054aaf3,direct,0054a470,E:\Wizardry 8\Local Code\Combat Attack.cpp,6193,FALSE,
wiz8--demo--wiz8--8acda50afe39,0054ad1f,direct,0054a470,E:\Wizardry 8\Local Code\Combat Attack.cpp,6256,uiSuccessfulCnt > 0,
wiz8--demo--wiz8--8acda50afe39,0054b08d,direct,0054af00,E:\Wizardry 8\Local Code\Combat Attack.cpp,6534,FALSE,
wiz8--demo--wiz8--8acda50afe39,0054b193,register-indirect,0054b170,E:\Wizardry 8\Local Code\Combat Attack.cpp,6625,pTarget != NULL,
wiz8--demo--wiz8--8acda50afe39,0054b5d1,direct,0054b430,E:\Wizardry 8\Local Code\Combat Hostility.cpp,101,FALSE,MonsterVsCharDisposition: ERROR - Invalid attack mode
wiz8--demo--wiz8--8acda50afe39,0054b9bf,direct,0054b790,E:\Wizardry 8\Local Code\Combat Hostility.cpp,446,iType < SPELL_COUNT,
wiz8--demo--wiz8--8acda50afe39,0054ba57,direct,0054b790,E:\Wizardry 8\Local Code\Combat Hostility.cpp,446,iType < SPELL_COUNT,
wiz8--demo--wiz8--8acda50afe39,0054bae5,direct,0054b790,E:\Wizardry 8\Local Code\Combat Hostility.cpp,446,iType < SPELL_COUNT,
wiz8--demo--wiz8--8acda50afe39,0054bb41,direct,0054bb20,E:\Wizardry 8\Local Code\Combat Hostility.cpp,446,iType < SPELL_COUNT,
wiz8--demo--wiz8--8acda50afe39,0054d617,direct,0054d4d0,E:\Wizardry 8\Local Code\VideoObjectManager.cpp,41,VideoObjectsInitialized(),
wiz8--demo--wiz8--8acda50afe39,0054d67a,direct,0054d4d0,E:\Wizardry 8\Local Code\VideoObjectManager.cpp,217,VideoObjectsInitialized(),
wiz8--demo--wiz8--8acda50afe39,0054d6f0,direct,0054d4d0,E:\Wizardry 8\Local Code\VideoObjectManager.cpp,58,fReturnCode,
wiz8--demo--wiz8--8acda50afe39,0054d726,register-indirect,0054d4d0,E:\Wizardry 8\Local Code\VideoObjectManager.cpp,72,VideoObjectsInitialized(),
wiz8--demo--wiz8--8acda50afe39,0054d745,register-indirect,0054d4d0,E:\Wizardry 8\Local Code\VideoObjectManager.cpp,208,VideoObjectsInitialized(),
wiz8--demo--wiz8--8acda50afe39,0054d799,register-indirect,0054d4d0,E:\Wizardry 8\Local Code\VideoObjectManager.cpp,217,VideoObjectsInitialized(),
wiz8--demo--wiz8--8acda50afe39,0054d858,register-indirect,0054d4d0,E:\Wizardry 8\Local Code\VideoObjectManager.cpp,217,VideoObjectsInitialized(),
wiz8--demo--wiz8--8acda50afe39,0054d89b,register-indirect,0054d4d0,E:\Wizardry 8\Local Code\VideoObjectManager.cpp,100,fReturnCode,
wiz8--demo--wiz8--8acda50afe39,0054d8e2,register-indirect,0054d4d0,E:\Wizardry 8\Local Code\VideoObjectManager.cpp,152,VideoObjectsInitialized(),
wiz8--demo--wiz8--8acda50afe39,0054d924,register-indirect,0054d4d0,E:\Wizardry 8\Local Code\VideoObjectManager.cpp,129,fReturnCode,
wiz8--demo--wiz8--8acda50afe39,0054d974,register-indirect,0054d4d0,E:\Wizardry 8\Local Code\VideoObjectManager.cpp,171,VideoObjectsInitialized(),
wiz8--demo--wiz8--8acda50afe39,0054da6a,direct,0054d4d0,E:\Wizardry 8\Local Code\VideoObjectManager.cpp,226,VideoObjectsInitialized(),
wiz8--demo--wiz8--8acda50afe39,0054daba,direct,0054d4d0,E:\Wizardry 8\Local Code\VideoObjectManager.cpp,238,VideoObjectsInitialized(),
wiz8--demo--wiz8--8acda50afe39,0054db04,register-indirect,0054d4d0,E:\Wizardry 8\Local Code\VideoObjectManager.cpp,249,VideoObjectsInitialized(),
wiz8--demo--wiz8--8acda50afe39,0054db35,register-indirect,0054d4d0,E:\Wizardry 8\Local Code\VideoObjectManager.cpp,217,VideoObjectsInitialized(),
wiz8--demo--wiz8--8acda50afe39,0054db7f,register-indirect,0054d4d0,E:\Wizardry 8\Local Code\VideoObjectManager.cpp,238,VideoObjectsInitialized(),
wiz8--demo--wiz8--8acda50afe39,0054dc17,direct,0054dbb0,E:\Wizardry 8\Local Code\VideoObjectManager.cpp,217,VideoObjectsInitialized(),
wiz8--demo--wiz8--8acda50afe39,0054dd7a,direct,0054dd20,E:\Wizardry 8\Local Code\VideoObjectManager.cpp,217,VideoObjectsInitialized(),
wiz8--demo--wiz8--8acda50afe39,0054de1a,direct,0054ddc0,E:\Wizardry 8\Local Code\VideoObjectManager.cpp,217,VideoObjectsInitialized(),
wiz8--demo--wiz8--8acda50afe39,0054decf,direct,0054de80,E:\Wizardry 8\Local Code\VideoObjectManager.cpp,409,VideoObjectsInitialized(),
wiz8--demo--wiz8--8acda50afe39,0054df84,register-indirect,0054de80,E:\Wizardry 8\Local Code\VideoObjectManager.cpp,437,VideoObjectsInitialized(),
wiz8--demo--wiz8--8acda50afe39,0054dfcb,register-indirect,0054de80,E:\Wizardry 8\Local Code\VideoObjectManager.cpp,217,VideoObjectsInitialized(),
wiz8--demo--wiz8--8acda50afe39,0054e055,direct,0054e010,E:\Wizardry 8\Local Code\VideoObjectManager.cpp,217,VideoObjectsInitialized(),
wiz8--demo--wiz8--8acda50afe39,0054e12a,direct,0054e010,E:\Wizardry 8\Local Code\Combat Sound.cpp,100,FileExists(zSoundFileName),
wiz8--demo--wiz8--8acda50afe39,0054e36e,register-indirect,0054e1c0,E:\Wizardry 8\Local Code\Combat Sound.cpp,223,(iRow == WPNSND_NUM_WEAPONS),Error reading the Attack Sounds portion of HitSounds.txt!
wiz8--demo--wiz8--8acda50afe39,0054e464,register-indirect,0054e1c0,E:\Wizardry 8\Local Code\Combat Sound.cpp,250,(iRow >= 0) && (iRow < WPNSND_NUM_IMPACTS),"Error in HITSOUNDS.TXT file, bad row counter value"
wiz8--demo--wiz8--8acda50afe39,0054e486,register-indirect,0054e1c0,E:\Wizardry 8\Local Code\Combat Sound.cpp,251,(iColumn >= 0) && (iColumn < MATSND_NUM_SOUNDS),"Error in HITSOUNDS.TXT file, bad column counter value"
wiz8--demo--wiz8--8acda50afe39,0054e6cc,direct,0054e510,E:\Wizardry 8\Local Code\Combat Sound.cpp,164,FALSE,PCItemInACSlot: ERROR - Invalid AC location
wiz8--demo--wiz8--8acda50afe39,0054e736,direct,0054e510,E:\Wizardry 8\Local Code\Combat Sound.cpp,411,FALSE,MakePCHitSound : Unknown target type
wiz8--demo--wiz8--8acda50afe39,0054e835,direct,0054e510,E:\Wizardry 8\Local Code\Combat Sound.cpp,164,FALSE,PCItemInACSlot: ERROR - Invalid AC location
wiz8--demo--wiz8--8acda50afe39,0054e8a0,direct,0054e510,E:\Wizardry 8\Local Code\Combat Sound.cpp,461,FALSE,MakePCHitSound : Unknown target type
wiz8--demo--wiz8--8acda50afe39,0054e9bb,direct,0054e510,E:\Wizardry 8\Local Code\Combat Sound.cpp,164,FALSE,PCItemInACSlot: ERROR - Invalid AC location
wiz8--demo--wiz8--8acda50afe39,0054ea26,direct,0054e510,E:\Wizardry 8\Local Code\Combat Sound.cpp,500,FALSE,MakePCHitSound : Unknown target type
wiz8--demo--wiz8--8acda50afe39,0054f0e4,direct,0054ef10,E:\Wizardry 8\Local Code\GameplayDatabase.cpp,316,uiMonsterIndex < gXStatus.uiMonstersInDatabase,
wiz8--demo--wiz8--8acda50afe39,0054f27b,register-indirect,0054ef10,E:\Wizardry 8\Local Code\GameplayDatabase.cpp,374,uiEndIndex < gXStatus.uiMonstersInDatabase,
wiz8--demo--wiz8--8acda50afe39,0054f299,register-indirect,0054ef10,E:\Wizardry 8\Local Code\GameplayDatabase.cpp,375,uiStartIndex <= uiEndIndex,
wiz8--demo--wiz8--8acda50afe39,005504cf,direct,00550380,E:\Wizardry 8\Local Code\Configuration.cpp,213,FALSE,
wiz8--demo--wiz8--8acda50afe39,005506e1,direct,00550590,E:\Wizardry 8\Local Code\Magic Effects.cpp,3327,FALSE,
wiz8--demo--wiz8--8acda50afe39,00550bf7,direct,00550590,E:\Wizardry 8\Local Code\Magic Effects.cpp,450,SourceIsCharacter(&(pQueue->Source)),
wiz8--demo--wiz8--8acda50afe39,00550cac,register-indirect,00550590,E:\Wizardry 8\Local Code\Magic Effects.cpp,2174,iChar != -1,
wiz8--demo--wiz8--8acda50afe39,00550d6b,direct,00550590,E:\Wizardry 8\Local Code\Magic Effects.cpp,2659,SourceIsCharacter(&(pQueue->Source)),
wiz8--demo--wiz8--8acda50afe39,005515c7,direct,00550590,E:\Wizardry 8\Local Code\Magic Effects.cpp,688,pMonsterInfo,
wiz8--demo--wiz8--8acda50afe39,005517bb,direct,00551720,E:\Wizardry 8\Local Code\Magic Effects.cpp,781,fFound,
wiz8--demo--wiz8--8acda50afe39,0055187b,direct,00551720,E:\Wizardry 8\Local Code\Magic Effects.cpp,770,pMonsterInfo,
wiz8--demo--wiz8--8acda50afe39,00551934,direct,00551900,E:\Wizardry 8\Local Code\Magic Effects.cpp,797,gXStatus.fCombatMode,
wiz8--demo--wiz8--8acda50afe39,005519e7,direct,00551900,E:\Wizardry 8\Local Code\Magic Effects.cpp,851,fFound,
wiz8--demo--wiz8--8acda50afe39,00551ad8,direct,00551900,E:\Wizardry 8\Local Code\Magic Effects.cpp,823,pMonsterInfo,
wiz8--demo--wiz8--8acda50afe39,00551c52,direct,00551900,E:\Wizardry 8\Local Code\Magic Effects.cpp,888,gXStatus.fCombatMode,
wiz8--demo--wiz8--8acda50afe39,00551dbe,direct,00551900,E:\Wizardry 8\Local Code\Magic Effects.cpp,924,pMonsterInfo,
wiz8--demo--wiz8--8acda50afe39,00551edc,direct,00551eb0,E:\Wizardry 8\Local Code\Magic Effects.cpp,953,gXStatus.fCombatMode,
wiz8--demo--wiz8--8acda50afe39,00551f76,direct,00551eb0,E:\Wizardry 8\Local Code\Magic Effects.cpp,997,fFound,
wiz8--demo--wiz8--8acda50afe39,0055202c,direct,00551eb0,E:\Wizardry 8\Local Code\Magic Effects.cpp,973,pMonsterInfo,
wiz8--demo--wiz8--8acda50afe39,005521bf,direct,005520f0,E:\Wizardry 8\Local Code\Magic Effects.cpp,1024,iChar != -1,
wiz8--demo--wiz8--8acda50afe39,005523fb,direct,005520f0,E:\Wizardry 8\Local Code\Magic Effects.cpp,1074,pMonsterInfo,
wiz8--demo--wiz8--8acda50afe39,005527eb,direct,00552710,E:\Wizardry 8\Local Code\Magic Effects.cpp,1203,iChar != -1,
wiz8--demo--wiz8--8acda50afe39,00552967,direct,00552710,E:\Wizardry 8\Local Code\Magic Effects.cpp,1229,pMonsterInfo,
wiz8--demo--wiz8--8acda50afe39,00552ab6,direct,00552a30,E:\Wizardry 8\Local Code\Magic Effects.cpp,1269,iChar != -1,
wiz8--demo--wiz8--8acda50afe39,00552d24,direct,00552a30,E:\Wizardry 8\Local Code\Magic Effects.cpp,1357,pMonsterInfo,
wiz8--demo--wiz8--8acda50afe39,00552fc7,direct,00552f20,E:\Wizardry 8\Local Code\Magic Effects.cpp,1446,iChar != -1,
wiz8--demo--wiz8--8acda50afe39,005530b8,direct,00552f20,E:\Wizardry 8\Local Code\Magic Effects.cpp,1469,pMonsterInfo,
wiz8--demo--wiz8--8acda50afe39,005531b8,direct,00553140,E:\Wizardry 8\Local Code\Magic Effects.cpp,1506,(pQueue->Target.iType == TARGET_TYPE_CHAR),
wiz8--demo--wiz8--8acda50afe39,00553509,direct,00553480,E:\Wizardry 8\Local Code\Magic Effects.cpp,1672,iChar != -1,
wiz8--demo--wiz8--8acda50afe39,0055366c,direct,00553480,E:\Wizardry 8\Local Code\Magic Effects.cpp,1697,pMonsterInfo,
wiz8--demo--wiz8--8acda50afe39,0055383d,direct,005537b0,E:\Wizardry 8\Local Code\Magic Effects.cpp,1756,iChar != -1,
wiz8--demo--wiz8--8acda50afe39,005539cf,direct,005537b0,E:\Wizardry 8\Local Code\Magic Effects.cpp,1785,pMonsterInfo,
wiz8--demo--wiz8--8acda50afe39,00553c61,direct,005537b0,E:\Wizardry 8\Local Code\Magic Effects.cpp,1837,pMonsterInfo,
wiz8--demo--wiz8--8acda50afe39,00553d36,direct,005537b0,E:\Wizardry 8\Local Code\Magic Effects.cpp,1874,iChar != -1,
wiz8--demo--wiz8--8acda50afe39,00553e6b,direct,005537b0,E:\Wizardry 8\Local Code\Magic Effects.cpp,1906,pMonsterInfo,
wiz8--demo--wiz8--8acda50afe39,005540b8,direct,00554050,E:\Wizardry 8\Local Code\Magic Effects.cpp,2005,iChar != -1,
wiz8--demo--wiz8--8acda50afe39,00554201,direct,00554050,E:\Wizardry 8\Local Code\Magic Effects.cpp,2037,pMonsterInfo,
wiz8--demo--wiz8--8acda50afe39,00554433,register-indirect,005543f0,E:\Wizardry 8\Local Code\Magic Effects.cpp,2135,iChar != -1,
wiz8--demo--wiz8--8acda50afe39,005544f7,register-indirect,005543f0,E:\Wizardry 8\Local Code\Magic Effects.cpp,2150,pMonsterInfo,
wiz8--demo--wiz8--8acda50afe39,0055464d,direct,00554560,E:\Wizardry 8\Local Code\Magic Effects.cpp,2238,iChar != -1,
wiz8--demo--wiz8--8acda50afe39,0055489b,direct,00554560,E:\Wizardry 8\Local Code\Magic Effects.cpp,2300,pMonsterInfo,
wiz8--demo--wiz8--8acda50afe39,00554e4c,direct,00554bf0,E:\Wizardry 8\Local Code\Magic Effects.cpp,2560,pGroup,
wiz8--demo--wiz8--8acda50afe39,00554f25,direct,00554bf0,E:\Wizardry 8\Local Code\Magic Effects.cpp,4048,pMonsterInfo,
wiz8--demo--wiz8--8acda50afe39,00554f9a,direct,00554bf0,E:\Wizardry 8\Local Code\Magic Effects.cpp,4048,pMonsterInfo,
wiz8--demo--wiz8--8acda50afe39,00555259,direct,00554bf0,E:\Wizardry 8\Local Code\Magic Effects.cpp,3327,FALSE,
wiz8--demo--wiz8--8acda50afe39,0055532c,direct,00555300,E:\Wizardry 8\Local Code\Magic Effects.cpp,2673,SourceIsCharacter(&(pQueue->Source)),
wiz8--demo--wiz8--8acda50afe39,0055545e,register-indirect,00555300,E:\Wizardry 8\Local Code\Magic Effects.cpp,2717,SourceIsCharacter(&(pQueue->Source)),
wiz8--demo--wiz8--8acda50afe39,00555485,register-indirect,00555300,E:\Wizardry 8\Local Code\Magic Effects.cpp,2718,pQueue->Target.iType == TARGET_TYPE_MONSTER,
wiz8--demo--wiz8--8acda50afe39,00555560,register-indirect,00555530,E:\Wizardry 8\Local Code\Magic Effects.cpp,2754,pQueue->Target.iType == TARGET_TYPE_MONSTER,
wiz8--demo--wiz8--8acda50afe39,0055557f,register-indirect,00555530,E:\Wizardry 8\Local Code\Magic Effects.cpp,2755,pQueue->Target.iMonsterID != -1,
wiz8--demo--wiz8--8acda50afe39,005557ab,direct,00555740,E:\Wizardry 8\Local Code\Magic Effects.cpp,2835,iChar != -1,
wiz8--demo--wiz8--8acda50afe39,00555933,direct,00555740,E:\Wizardry 8\Local Code\Magic Effects.cpp,2862,pMonsterInfo,
wiz8--demo--wiz8--8acda50afe39,00555c60,direct,00555be0,E:\Wizardry 8\Local Code\Magic Effects.cpp,2986,iChar != -1,
wiz8--demo--wiz8--8acda50afe39,00556486,direct,00556030,E:\Wizardry 8\Local Code\Magic Effects.cpp,3327,FALSE,
wiz8--demo--wiz8--8acda50afe39,00556c87,register-indirect,005569e0,E:\Wizardry 8\Local Code\Magic Effects.cpp,3779,pTarget->iType == TARGET_TYPE_CHAR,
wiz8--demo--wiz8--8acda50afe39,00556ca3,register-indirect,005569e0,E:\Wizardry 8\Local Code\Magic Effects.cpp,3780,pTarget->iChar != BAD_INDEX,
wiz8--demo--wiz8--8acda50afe39,0055731c,direct,00557230,E:\Wizardry 8\Local Code\Magic Effects.cpp,4372,0,
wiz8--demo--wiz8--8acda50afe39,00557922,direct,00557780,E:\Wizardry 8\Local Code\Magic Effects.cpp,4428,pMonsterInfo,
wiz8--demo--wiz8--8acda50afe39,0055825d,direct,00558000,E:\Wizardry 8\Local Code\Magic Effects.cpp,4655,0,
wiz8--demo--wiz8--8acda50afe39,0055908d,direct,00558e80,E:\Wizardry 8\Local Code\Formation & Facing.cpp,187,bQuadrantSlot != -1,
wiz8--demo--wiz8--8acda50afe39,00559166,direct,00558e80,E:\Wizardry 8\Local Code\Formation & Facing.cpp,222,bQuadrantSlot != -1,
wiz8--demo--wiz8--8acda50afe39,005592ca,direct,00558e80,E:\Wizardry 8\Local Code\Formation & Facing.cpp,255,gXStatus.fCombatMode,
wiz8--demo--wiz8--8acda50afe39,0055930a,direct,00558e80,E:\Wizardry 8\Local Code\Formation & Facing.cpp,263,gXStatus.fCombatMode,
wiz8--demo--wiz8--8acda50afe39,005593ea,direct,00558e80,E:\Wizardry 8\Local Code\Formation & Facing.cpp,367,iChar == -1,
wiz8--demo--wiz8--8acda50afe39,00559438,direct,00558e80,E:\Wizardry 8\Local Code\Formation & Facing.cpp,342,iChar != -1,
wiz8--demo--wiz8--8acda50afe39,005594a8,direct,00558e80,E:\Wizardry 8\Local Code\Formation & Facing.cpp,395,pFormation->bOccupantChar[bOldQuadrant][bOldSlot] != -1,
wiz8--demo--wiz8--8acda50afe39,005594ca,direct,00558e80,E:\Wizardry 8\Local Code\Formation & Facing.cpp,396,pFormation->ubQuadrantOccupants[bOldQuadrant] > 0,
wiz8--demo--wiz8--8acda50afe39,00559516,direct,00558e80,E:\Wizardry 8\Local Code\Formation & Facing.cpp,410,pFormation->bOccupantChar[bNewQuadrant][bNewSlot] == -1,
wiz8--demo--wiz8--8acda50afe39,00559537,direct,00558e80,E:\Wizardry 8\Local Code\Formation & Facing.cpp,411,pFormation->ubQuadrantOccupants[bNewQuadrant] < MAX_CHARS_PER_QUADRANT,
wiz8--demo--wiz8--8acda50afe39,005597aa,direct,00558e80,E:\Wizardry 8\Local Code\Formation & Facing.cpp,367,iChar == -1,
wiz8--demo--wiz8--8acda50afe39,00559802,direct,00558e80,E:\Wizardry 8\Local Code\Formation & Facing.cpp,342,iChar != -1,
wiz8--demo--wiz8--8acda50afe39,0055988f,direct,00558e80,E:\Wizardry 8\Local Code\Formation & Facing.cpp,367,iChar == -1,
wiz8--demo--wiz8--8acda50afe39,005598e5,direct,00558e80,E:\Wizardry 8\Local Code\Formation & Facing.cpp,342,iChar != -1,
wiz8--demo--wiz8--8acda50afe39,00559952,direct,00558e80,E:\Wizardry 8\Local Code\Formation & Facing.cpp,367,iChar == -1,
wiz8--demo--wiz8--8acda50afe39,0055999d,direct,00558e80,E:\Wizardry 8\Local Code\Formation & Facing.cpp,342,iChar != -1,
wiz8--demo--wiz8--8acda50afe39,00559a27,direct,005599f0,E:\Wizardry 8\Local Code\Formation & Facing.cpp,659,uiChar1 != uiChar2,
wiz8--demo--wiz8--8acda50afe39,00559ae1,direct,005599f0,E:\Wizardry 8\Local Code\Formation & Facing.cpp,367,iChar == -1,
wiz8--demo--wiz8--8acda50afe39,00559b2c,direct,005599f0,E:\Wizardry 8\Local Code\Formation & Facing.cpp,342,iChar != -1,
wiz8--demo--wiz8--8acda50afe39,00559e24,direct,00559df0,E:\Wizardry 8\Local Code\Formation & Facing.cpp,823,pTarget->iChar != BAD_INDEX,
wiz8--demo--wiz8--8acda50afe39,00559e7f,register-indirect,00559df0,E:\Wizardry 8\Local Code\Formation & Facing.cpp,828,pTarget->iMonsterID != BAD_INDEX,
wiz8--demo--wiz8--8acda50afe39,00559f36,register-indirect,00559df0,E:\Wizardry 8\Local Code\Formation & Facing.cpp,1107,FALSE,
wiz8--demo--wiz8--8acda50afe39,0055a00e,direct,00559df0,E:\Wizardry 8\Local Code\Formation & Facing.cpp,1107,FALSE,
wiz8--demo--wiz8--8acda50afe39,0055a191,direct,0055a0b0,E:\Wizardry 8\Local Code\Formation & Facing.cpp,1107,FALSE,
wiz8--demo--wiz8--8acda50afe39,0055a2c9,direct,0055a1f0,E:\Wizardry 8\Local Code\Formation & Facing.cpp,1107,FALSE,
wiz8--demo--wiz8--8acda50afe39,0055a5d1,direct,0055a4f0,E:\Wizardry 8\Local Code\Formation & Facing.cpp,1107,FALSE,
wiz8--demo--wiz8--8acda50afe39,0055a73e,register-indirect,0055a4f0,E:\Wizardry 8\Local Code\Formation & Facing.cpp,1034,bSourceQuadrant != -1,
wiz8--demo--wiz8--8acda50afe39,0055ad0b,direct,0055ac00,E:\Wizardry 8\Local Code\ThingEditorShared.cpp,444,pChumDB,
wiz8--demo--wiz8--8acda50afe39,0055aefe,direct,0055ae30,E:\Wizardry 8\Local Code\ThingEditorShared.cpp,540,pMonsterDB->ubDamageAbsorption <= 100,
wiz8--demo--wiz8--8acda50afe39,0055b504,direct,0055b340,E:\Wizardry 8\Local Code\GroupAttacks.cpp,216,iTargetChar != BAD_INDEX,
wiz8--demo--wiz8--8acda50afe39,0055b8b5,direct,0055b340,E:\Wizardry 8\Local Code\GroupAttacks.cpp,357,iTargetMonsterID != BAD_INDEX,
wiz8--demo--wiz8--8acda50afe39,0055be39,direct,0055b340,E:\Wizardry 8\Local Code\GroupAttacks.cpp,596,pGroup,
wiz8--demo--wiz8--8acda50afe39,0055ccc0,direct,0055cb40,E:\Wizardry 8\Local Code\CharGeneration.cpp,892,iModifier < 0,
wiz8--demo--wiz8--8acda50afe39,0055ce9f,direct,0055cdd0,E:\Wizardry 8\Local Code\CharGeneration.cpp,1092,iModifier < 0,
wiz8--demo--wiz8--8acda50afe39,0055ddf9,direct,0055dcc0,E:\Wizardry 8\Local Code\ButtonSound.cpp,89,giSchemeStackTop < SCHEME_STACK_SIZE,
wiz8--demo--wiz8--8acda50afe39,0055e2d4,direct,0055e220,E:\Wizardry 8\Local Code\Party Import.cpp,192,(ImportData.uiImportPCCount > 0) && (ImportData.uiImportPCCount <= MAX_IMPORT_CHARS),
wiz8--demo--wiz8--8acda50afe39,0055e9bd,direct,0055e8e0,E:\Wizardry 8\Local Code\Party Import.cpp,1053,FALSE,ConvertClass: ERROR - Invalid class
wiz8--demo--wiz8--8acda50afe39,0055ebb7,register-indirect,0055eb30,E:\Wizardry 8\Local Code\Party Import.cpp,1098,FALSE,ConvertAttribute: ERROR - Invalid attribute
wiz8--demo--wiz8--8acda50afe39,0055ec14,register-indirect,0055eb30,E:\Wizardry 8\Local Code\Party Import.cpp,1098,FALSE,ConvertAttribute: ERROR - Invalid attribute
wiz8--demo--wiz8--8acda50afe39,0055f52f,register-indirect,0055eeb0,E:\Wizardry 8\Local Code\Party Import.cpp,1179,FALSE,ConvertSkill: ERROR - Invalid skill
wiz8--demo--wiz8--8acda50afe39,00561775,register-indirect,00561710,E:\Wizardry 8\Local Code\chunk.cpp,492,pHead,
wiz8--demo--wiz8--8acda50afe39,005618e9,direct,00561890,E:\Wizardry 8\Local Code\chunk.cpp,492,pHead,
wiz8--demo--wiz8--8acda50afe39,00561969,direct,00561910,E:\Wizardry 8\Local Code\chunk.cpp,492,pHead,
wiz8--demo--wiz8--8acda50afe39,00561a05,direct,00561990,E:\Wizardry 8\Local Code\chunk.cpp,665,m_fWriting,
wiz8--demo--wiz8--8acda50afe39,00561aa6,register-indirect,00561a70,E:\Wizardry 8\Local Code\chunk.cpp,512,pHead,
wiz8--demo--wiz8--8acda50afe39,00561c42,direct,00561c20,E:\Wizardry 8\Local Code\chunk.cpp,306,pHead,
wiz8--demo--wiz8--8acda50afe39,00561cda,register-indirect,00561c80,E:\Wizardry 8\Local Code\chunk.cpp,385,pHead,
wiz8--demo--wiz8--8acda50afe39,00561d36,register-indirect,00561c80,E:\Wizardry 8\Local Code\chunk.cpp,665,m_fWriting,
wiz8--demo--wiz8--8acda50afe39,00561d79,register-indirect,00561c80,E:\Wizardry 8\Local Code\chunk.cpp,665,m_fWriting,
wiz8--demo--wiz8--8acda50afe39,00561e9d,direct,00561e30,E:\Wizardry 8\Local Code\chunk.cpp,665,m_fWriting,
wiz8--demo--wiz8--8acda50afe39,00561f0f,direct,00561e30,E:\Wizardry 8\Local Code\chunk.cpp,492,pHead,
wiz8--demo--wiz8--8acda50afe39,00561f3f,direct,00561e30,E:\Wizardry 8\Local Code\chunk.cpp,512,pHead,
wiz8--demo--wiz8--8acda50afe39,00561fa5,register-indirect,00561f60,E:\Wizardry 8\Local Code\chunk.cpp,549,pHead,
wiz8--demo--wiz8--8acda50afe39,00561fcd,register-indirect,00561f60,E:\Wizardry 8\Local Code\chunk.cpp,553,chunkID!=0,
wiz8--demo--wiz8--8acda50afe39,00561ffc,register-indirect,00561f60,E:\Wizardry 8\Local Code\chunk.cpp,665,m_fWriting,
wiz8--demo--wiz8--8acda50afe39,0056202c,register-indirect,00561f60,E:\Wizardry 8\Local Code\chunk.cpp,665,m_fWriting,
wiz8--demo--wiz8--8acda50afe39,0056205c,register-indirect,00561f60,E:\Wizardry 8\Local Code\chunk.cpp,665,m_fWriting,
wiz8--demo--wiz8--8acda50afe39,0056208f,register-indirect,00561f60,E:\Wizardry 8\Local Code\chunk.cpp,665,m_fWriting,
wiz8--demo--wiz8--8acda50afe39,005620d7,register-indirect,00561f60,E:\Wizardry 8\Local Code\chunk.cpp,636,!m_fWriting,
wiz8--demo--wiz8--8acda50afe39,0056210a,register-indirect,00561f60,E:\Wizardry 8\Local Code\chunk.cpp,636,!m_fWriting,
wiz8--demo--wiz8--8acda50afe39,0056213d,register-indirect,00561f60,E:\Wizardry 8\Local Code\chunk.cpp,636,!m_fWriting,
wiz8--demo--wiz8--8acda50afe39,00562242,direct,005621c0,E:\Wizardry 8\Local Code\chunk.cpp,665,m_fWriting,
wiz8--demo--wiz8--8acda50afe39,005622cc,direct,005621c0,E:\Wizardry 8\Local Code\chunk.cpp,636,!m_fWriting,
wiz8--demo--wiz8--8acda50afe39,0056232c,direct,005621c0,E:\Wizardry 8\Local Code\chunk.cpp,665,m_fWriting,
wiz8--demo--wiz8--8acda50afe39,0056240f,direct,005621c0,E:\Wizardry 8\Local Code\chunk.cpp,767,pHead,
wiz8--demo--wiz8--8acda50afe39,005630bd,direct,00563070,E:\Wizardry 8\Local Code\InputMapper.cpp,474,hFile,
wiz8--demo--wiz8--8acda50afe39,005649dc,direct,005644f0,E:\Wizardry 8\Local Screens\Screens.cpp,378,gXStatus.iCurrentCursor != -1,
wiz8--demo--wiz8--8acda50afe39,00565f82,direct,00565140,E:\Wizardry 8\Local Screens\MainGameScreen.cpp,4125,iNextChar != BAD_INDEX,
wiz8--demo--wiz8--8acda50afe39,0056d538,direct,0056d260,E:\Wizardry 8\Local Screens\MainGameScreen.cpp,5809,gStatus.iSelectedCharacter != -1,
wiz8--demo--wiz8--8acda50afe39,00570bf4,direct,00570070,E:\Wizardry 8\Local Screens\MainGameScreen.cpp,8270,FALSE,Error with handling main game action keyboard equivalent
wiz8--demo--wiz8--8acda50afe39,00570c54,direct,00570070,E:\Wizardry 8\Local Screens\MainGameScreen.cpp,8315,iActionState != -1,Error with handling main game action keyboard equivalent
wiz8--demo--wiz8--8acda50afe39,00570edf,direct,00570070,E:\Wizardry 8\Local Screens\MainGameScreen.cpp,8482,FALSE,Error executing main game screen action
wiz8--demo--wiz8--8acda50afe39,0057f5d2,direct,0057dfb0,E:\Wizardry 8\Local Screens\mipe.cpp,1761,pMonsterInfo && pMonsterInfo->p3D,
wiz8--demo--wiz8--8acda50afe39,0057f685,register-indirect,0057dfb0,E:\Wizardry 8\Local Screens\mipe.cpp,1793,pMonsterInfo,
wiz8--demo--wiz8--8acda50afe39,0057f6a1,register-indirect,0057dfb0,E:\Wizardry 8\Local Screens\mipe.cpp,1795,pMonster,
wiz8--demo--wiz8--8acda50afe39,005806d3,direct,00580400,E:\Wizardry 8\Local Screens\mipe.cpp,2592,pMongen,mipe.cpp: Out of memory creating monster generator
wiz8--demo--wiz8--8acda50afe39,00583645,direct,00581e70,E:\Wizardry 8\Local Screens\mipe.cpp,3745,pTempMonsterDB,
wiz8--demo--wiz8--8acda50afe39,00583693,direct,00581e70,E:\Wizardry 8\Local Screens\mipe.cpp,3751,pMonRec,
wiz8--demo--wiz8--8acda50afe39,00583c84,direct,00581e70,E:\Wizardry 8\Local Screens\mipe.cpp,4326,pMonsterInfo,
wiz8--demo--wiz8--8acda50afe39,00583d58,direct,00581e70,E:\Wizardry 8\Local Screens\mipe.cpp,4362,pMonsterInfo,
wiz8--demo--wiz8--8acda50afe39,00587668,direct,005872c0,E:\Wizardry 8\Local Screens\AutomapScreen.cpp,2225,gpAMSV,
wiz8--demo--wiz8--8acda50afe39,00589a3b,direct,00589810,E:\Wizardry 8\Local Screens\AutomapScreen.cpp,3329,gpstAutomapButtons,
wiz8--demo--wiz8--8acda50afe39,00590b7d,direct,00590790,E:\Wizardry 8\Local Screens\MGSTextBox.cpp,344,uiFontPaletteIndex <= FONT_PALETTE_COUNT,
wiz8--demo--wiz8--8acda50afe39,00591296,direct,00590e60,E:\Wizardry 8\Local Screens\MGSTextBox.cpp,543,pTextLine->wString != NULL,
wiz8--demo--wiz8--8acda50afe39,00591331,direct,00590e60,E:\Wizardry 8\Local Screens\MGSTextBox.cpp,579,ubStopChar >= ubStartChar,
wiz8--demo--wiz8--8acda50afe39,005913b6,direct,00590e60,E:\Wizardry 8\Local Screens\MGSTextBox.cpp,605,gStatus.uiTextBoxLinesUsed[iTextBuffer] > 0,
wiz8--demo--wiz8--8acda50afe39,005913f9,direct,00590e60,E:\Wizardry 8\Local Screens\MGSTextBox.cpp,607,pTextLine->wString != NULL,
wiz8--demo--wiz8--8acda50afe39,0059144c,direct,00590e60,E:\Wizardry 8\Local Screens\MGSTextBox.cpp,627,gStatus.uiTextBoxLinesUsed[iTextBuffer] >= 2,
wiz8--demo--wiz8--8acda50afe39,00591524,direct,00590e60,E:\Wizardry 8\Local Screens\MGSTextBox.cpp,673,gStatus.uiTextBoxLinesShown[iTextBuffer] < MAX_TEXT_BOX_LINES,
wiz8--demo--wiz8--8acda50afe39,00592585,direct,00591f60,E:\Wizardry 8\Local Screens\MGSTextBox.cpp,1081,pTextLine->wString != NULL,
wiz8--demo--wiz8--8acda50afe39,005931dd,direct,00592b10,E:\Wizardry 8\Local Screens\MGSTextBox.cpp,1408,pTextLine->wString != NULL,
wiz8--demo--wiz8--8acda50afe39,005933d9,direct,00592b10,E:\Wizardry 8\Local Screens\MGSTextBox.cpp,1494,pTextLine->ubStopChar >= pTextLine->ubStartChar,
wiz8--demo--wiz8--8acda50afe39,005934ed,direct,00592b10,E:\Wizardry 8\Local Screens\MGSTextBox.cpp,1515,wcslen(pTextLine->wString) >= pTextLine->ubStopChar,
wiz8--demo--wiz8--8acda50afe39,005965d7,direct,00596500,E:\Wizardry 8\Local Screens\MGSTextBox.cpp,3982,gStatus.uiTextBoxLinesUsed[iTextBuffer] > 0,
wiz8--demo--wiz8--8acda50afe39,00596619,direct,00596500,E:\Wizardry 8\Local Screens\MGSTextBox.cpp,3984,pTextLine->wString != NULL,
wiz8--demo--wiz8--8acda50afe39,00596749,direct,00596500,E:\Wizardry 8\Local Screens\MGSTextBox.cpp,4005,gStatus.uiTextBoxLinesShown[iTextBuffer] > 0,
wiz8--demo--wiz8--8acda50afe39,005967ce,direct,00596500,E:\Wizardry 8\Local Screens\MGSTextBox.cpp,4025,pTextLine->wString != NULL,
wiz8--demo--wiz8--8acda50afe39,00596888,register-indirect,00596500,E:\Wizardry 8\Local Screens\MGSTextBox.cpp,4051,gStatus.uiTextBoxLinesUsed[iTextBuffer] > 0,
wiz8--demo--wiz8--8acda50afe39,005968cc,register-indirect,00596500,E:\Wizardry 8\Local Screens\MGSTextBox.cpp,4053,pTextLine->wString != NULL,
wiz8--demo--wiz8--8acda50afe39,00596c4e,direct,00596500,E:\Wizardry 8\Local Screens\MGSTextBox.cpp,4250,gStatus.uiTextBoxLinesUsed[iTextBuffer] > 0,
wiz8--demo--wiz8--8acda50afe39,00596c92,direct,00596500,E:\Wizardry 8\Local Screens\MGSTextBox.cpp,4258,uiLastLineIndex >= uiGroupLine,
wiz8--demo--wiz8--8acda50afe39,00596cdc,direct,00596500,E:\Wizardry 8\Local Screens\MGSTextBox.cpp,4265,pTextLine->wString != NULL,
wiz8--demo--wiz8--8acda50afe39,00597359,register-indirect,00596500,E:\Wizardry 8\Local Screens\PleaseWaitScreen.cpp,275,fVerify,
wiz8--demo--wiz8--8acda50afe39,005973a7,register-indirect,00596500,E:\Wizardry 8\Local Screens\PleaseWaitScreen.cpp,289,fVerify,
wiz8--demo--wiz8--8acda50afe39,005973d7,register-indirect,00596500,E:\Wizardry 8\Local Screens\PleaseWaitScreen.cpp,292,fVerify,
wiz8--demo--wiz8--8acda50afe39,005974b2,register-indirect,00596500,E:\Wizardry 8\Local Screens\PleaseWaitScreen.cpp,316,fVerify,
wiz8--demo--wiz8--8acda50afe39,005974e7,register-indirect,00596500,E:\Wizardry 8\Local Screens\PleaseWaitScreen.cpp,328,GetWorld(),
wiz8--demo--wiz8--8acda50afe39,0059eb2a,direct,0059e710,E:\Wizardry 8\Local Screens\MGSButtons.cpp,1611,gpSubMenuPanel,
wiz8--demo--wiz8--8acda50afe39,005a4125,direct,005a40a0,E:\Wizardry 8\Local Screens\MGSPortraits.cpp,2268,gpLevelButtonsPanel,
wiz8--demo--wiz8--8acda50afe39,005a41d0,direct,005a40a0,E:\Wizardry 8\Local Screens\MGSPortraits.cpp,2291,gpLevelButtons[uiSlot],
wiz8--demo--wiz8--8acda50afe39,005a443e,direct,005a4370,E:\Wizardry 8\Local Screens\MGSPortraits.cpp,2436,fCHAR_OCCUPIED(giLevelUpChar),
wiz8--demo--wiz8--8acda50afe39,005a45c5,direct,005a4540,E:\Wizardry 8\Local Screens\MGSPortraits.cpp,2519,gpConditionButtonsPanel,
wiz8--demo--wiz8--8acda50afe39,005a467e,direct,005a4540,E:\Wizardry 8\Local Screens\MGSPortraits.cpp,2536,gpConditionButtons[uiSlot],
wiz8--demo--wiz8--8acda50afe39,005a476a,direct,005a4700,E:\Wizardry 8\Local Screens\MGSPortraits.cpp,2568,gConfig.uiCurrentLayout != LAYOUT_NORMAL,
wiz8--demo--wiz8--8acda50afe39,005a5500,register-indirect,005a5420,E:\Wizardry 8\Local Screens\MGSUseItemSelect.cpp,492,!gXStatus.fCombatMode,
wiz8--demo--wiz8--8acda50afe39,005a5569,register-indirect,005a5420,E:\Wizardry 8\Local Screens\MGSUseItemSelect.cpp,506,giReuseItemLineNumber != -1,
wiz8--demo--wiz8--8acda50afe39,005a560b,register-indirect,005a5420,E:\Wizardry 8\Local Screens\MGSUseItemSelect.cpp,530,!gXStatus.fCombatMode,
wiz8--demo--wiz8--8acda50afe39,005a5669,register-indirect,005a5420,E:\Wizardry 8\Local Screens\MGSUseItemSelect.cpp,541,giReuseItemLineNumber != -1,
wiz8--demo--wiz8--8acda50afe39,005a65c1,register-indirect,005a65a0,E:\Wizardry 8\Local Screens\MGSUseItemSelect.cpp,1561,iTextLine >= 0,
wiz8--demo--wiz8--8acda50afe39,005a65df,register-indirect,005a65a0,E:\Wizardry 8\Local Screens\MGSUseItemSelect.cpp,1562,iTextLine < (INT32) guiNumItemsInList,
wiz8--demo--wiz8--8acda50afe39,005a690b,direct,005a6780,E:\Wizardry 8\Local Screens\MGSUseItemSelect.cpp,1725,giUseItemChar != BAD_INDEX,
wiz8--demo--wiz8--8acda50afe39,005a80c0,register-indirect,005a7e10,E:\Wizardry 8\Local Screens\MGSSpellCasting.cpp,820,gpSCSV->uiSpellToCast != SPELL_NONE,
wiz8--demo--wiz8--8acda50afe39,005a81a0,direct,005a7e10,E:\Wizardry 8\Local Screens\MGSSpellCasting.cpp,767,gpSCSV->uiSpellToCast != SPELL_NONE,
wiz8--demo--wiz8--8acda50afe39,005a877e,register-indirect,005a8280,E:\Wizardry 8\Local Screens\MGSSpellCasting.cpp,987,uiSpellIndex <= gpSCSV->uiSpellsInList,
wiz8--demo--wiz8--8acda50afe39,005a87c4,register-indirect,005a8280,E:\Wizardry 8\Local Screens\MGSSpellCasting.cpp,1005,bAltColor != -1,
wiz8--demo--wiz8--8acda50afe39,005a884e,register-indirect,005a87f0,E:\Wizardry 8\Local Screens\MGSSpellCasting.cpp,1026,iSpellIndex >= 0,
wiz8--demo--wiz8--8acda50afe39,005a8872,register-indirect,005a87f0,E:\Wizardry 8\Local Screens\MGSSpellCasting.cpp,1027,iSpellIndex <= (INT32) gpSCSV->uiSpellsInList,
wiz8--demo--wiz8--8acda50afe39,005a998f,direct,005a8a20,E:\Wizardry 8\Local Screens\MGSSpellCasting.cpp,2096,iSpellPowerClass != BAD_INDEX,
wiz8--demo--wiz8--8acda50afe39,005aa176,register-indirect,005a9de0,E:\Wizardry 8\Local Screens\MGSPartyMovement.cpp,242,gXStatus.fCombatMode,
wiz8--demo--wiz8--8acda50afe39,005aa1ae,register-indirect,005a9de0,E:\Wizardry 8\Local Screens\MGSPartyMovement.cpp,247,((gpCombat->uiCurrentPartyAction != PARTY_ACTION_NONE) && (gpCombat->uiCurrentPartyActionStatus != ACTION_STATUS_FINISHED)) || (gpCombat->uiNextPartyAction != PARTY_ACTION_NONE),
wiz8--demo--wiz8--8acda50afe39,005aa738,direct,005a9de0,E:\Wizardry 8\Local Screens\MGSPartyMovement.cpp,677,FALSE,HandlePartyMovement: ERROR - Invalid load category
wiz8--demo--wiz8--8acda50afe39,005ac0e4,direct,005ab830,E:\Wizardry 8\Local Screens\ReviewCharacterScreen.cpp,363,fFoundEquipChar,
wiz8--demo--wiz8--8acda50afe39,005ad828,register-indirect,005ad7f0,E:\Wizardry 8\Local Screens\ReviewCharacterScreen.cpp,1239,pPCItem != NULL,
wiz8--demo--wiz8--8acda50afe39,005ad847,register-indirect,005ad7f0,E:\Wizardry 8\Local Screens\ReviewCharacterScreen.cpp,1240,uiSlotType < SLOT_TYPE_COUNT,
wiz8--demo--wiz8--8acda50afe39,005b19f4,direct,005b19b0,E:\Wizardry 8\Local Screens\OptionsScreen.cpp,1452,m_pMenuSet,
wiz8--demo--wiz8--8acda50afe39,005b70b5,direct,005b6a80,E:\Wizardry 8\Local Screens\IntroScreen.cpp,94,gpVideo,
wiz8--demo--wiz8--8acda50afe39,005b786d,direct,005b76b0,E:\Wizardry 8\Local Screens\MGSSpellIcons.cpp,344,pText,
wiz8--demo--wiz8--8acda50afe39,005b7ded,direct,005b7a10,E:\Wizardry 8\Local Screens\MGSSpellIcons.cpp,733,pText,
wiz8--demo--wiz8--8acda50afe39,005b7f13,direct,005b7a10,E:\Wizardry 8\Local Screens\MGSSpellIcons.cpp,777,pText,
wiz8--demo--wiz8--8acda50afe39,005bd585,register-indirect,005bc180,E:\Wizardry 8\Local Screens\RCSCommon.cpp,879,gpReviewPC->uiHPMax,
wiz8--demo--wiz8--8acda50afe39,005bd5c3,register-indirect,005bc180,E:\Wizardry 8\Local Screens\RCSCommon.cpp,883,gpReviewPC->uiStaminaMax,
wiz8--demo--wiz8--8acda50afe39,005bf1ec,register-indirect,005bf160,E:\Wizardry 8\Local Screens\RCSCommon.cpp,2122,gpLevelUpPanel,
wiz8--demo--wiz8--8acda50afe39,005bf25f,register-indirect,005bf160,E:\Wizardry 8\Local Screens\RCSCommon.cpp,2126,gpLevelUpButton,
wiz8--demo--wiz8--8acda50afe39,005bf3bc,direct,005bf2a0,E:\Wizardry 8\Local Screens\RCSCommon.cpp,2180,fCHAR_OCCUPIED(giReviewCharSlot),
wiz8--demo--wiz8--8acda50afe39,005bf55c,register-indirect,005bf4d0,E:\Wizardry 8\Local Screens\RCSCommon.cpp,2251,gpDismissPanel,
wiz8--demo--wiz8--8acda50afe39,005bf5cf,register-indirect,005bf4d0,E:\Wizardry 8\Local Screens\RCSCommon.cpp,2255,gpDismissButton,
wiz8--demo--wiz8--8acda50afe39,005bf70b,direct,005bf610,E:\Wizardry 8\Local Screens\RCSCommon.cpp,2310,fCHAR_OCCUPIED(giReviewCharSlot),
wiz8--demo--wiz8--8acda50afe39,005bfadf,direct,005bf610,E:\Wizardry 8\Local Screens\RCSCommon.cpp,2472,gStatus.XChar[uiSlot].fOccupied,
wiz8--demo--wiz8--8acda50afe39,005c2e99,direct,005c2e70,E:\Wizardry 8\Local Screens\RCSItemsPage.cpp,1344,FALSE,Info toggle error
wiz8--demo--wiz8--8acda50afe39,005c35f4,register-indirect,005c3150,E:\Wizardry 8\Local Screens\RCSItemsPage.cpp,1631,giCasterCharSlot >= 0,
wiz8--demo--wiz8--8acda50afe39,005c3614,register-indirect,005c3150,E:\Wizardry 8\Local Screens\RCSItemsPage.cpp,1632,giCasterCharSlot < MAX_CHARS,
wiz8--demo--wiz8--8acda50afe39,005c3644,register-indirect,005c3150,E:\Wizardry 8\Local Screens\RCSItemsPage.cpp,1633,fCHAR_OCCUPIED(giCasterCharSlot),
wiz8--demo--wiz8--8acda50afe39,005c3795,register-indirect,005c3770,E:\Wizardry 8\Local Screens\RCSItemsPage.cpp,1673,uiTargetChar < MAX_CHARS,
wiz8--demo--wiz8--8acda50afe39,005c37c1,register-indirect,005c3770,E:\Wizardry 8\Local Screens\RCSItemsPage.cpp,1674,fCHAR_OCCUPIED(uiTargetChar),
wiz8--demo--wiz8--8acda50afe39,005c37e0,register-indirect,005c3770,E:\Wizardry 8\Local Screens\RCSItemsPage.cpp,1675,giCasterCharSlot >= 0,
wiz8--demo--wiz8--8acda50afe39,005c3800,register-indirect,005c3770,E:\Wizardry 8\Local Screens\RCSItemsPage.cpp,1676,giCasterCharSlot < MAX_CHARS,
wiz8--demo--wiz8--8acda50afe39,005c3831,register-indirect,005c3770,E:\Wizardry 8\Local Screens\RCSItemsPage.cpp,1677,fCHAR_OCCUPIED(giCasterCharSlot),
wiz8--demo--wiz8--8acda50afe39,005c3c31,direct,005c38a0,E:\Wizardry 8\Local Screens\RCSItemsPage.cpp,1882,pItem,
wiz8--demo--wiz8--8acda50afe39,005c4c55,direct,005c38a0,E:\Wizardry 8\Local Screens\RCSItemsPage.cpp,2673,ubSpell != SPELL_NONE,
wiz8--demo--wiz8--8acda50afe39,005c582d,direct,005c56b0,E:\Wizardry 8\Local Screens\MainMenuScreen.cpp,131,gXStatus.uiMonstersInDatabase <= MAX_MONSTERS_IN_DATABASE,
wiz8--demo--wiz8--8acda50afe39,005cd5cc,direct,005cd5b0,E:\Wizardry 8\Local Screens\mipeEdit.cpp,518,bVarSet < NUM_VAR_SETS,
wiz8--demo--wiz8--8acda50afe39,005d1a74,direct,005d19d0,E:\Wizardry 8\Local Screens\CGSSpellsPage.cpp,590,m_SpellData[uiSelected].fSelectable,
wiz8--demo--wiz8--8acda50afe39,005d2614,direct,005d2460,E:\Wizardry 8\Local Screens\CGSStatsPage.cpp,466,usItemsInList,
wiz8--demo--wiz8--8acda50afe39,005d6565,direct,005d6280,E:\Wizardry 8\Dialog Code\stListBox.cpp,753,pDialog,
wiz8--demo--wiz8--8acda50afe39,005d6617,direct,005d65f0,E:\Wizardry 8\Dialog Code\stListBox.cpp,769,pDialog,
wiz8--demo--wiz8--8acda50afe39,005d66c7,direct,005d66a0,E:\Wizardry 8\Dialog Code\stListBox.cpp,806,pDialog,
wiz8--demo--wiz8--8acda50afe39,005d6777,direct,005d6750,E:\Wizardry 8\Dialog Code\stListBox.cpp,840,pDialog,
wiz8--demo--wiz8--8acda50afe39,005d6817,direct,005d67f0,E:\Wizardry 8\Dialog Code\stListBox.cpp,875,pDialog,
wiz8--demo--wiz8--8acda50afe39,005d68d6,direct,005d67f0,E:\Wizardry 8\Dialog Code\stListBox.cpp,916,pDialog,
wiz8--demo--wiz8--8acda50afe39,005d8bc6,direct,005d8bb0,E:\Wizardry 8\Dialog Code\DialogInterface.cpp,98,pDialog,
wiz8--demo--wiz8--8acda50afe39,005d8bf6,direct,005d8be0,E:\Wizardry 8\Dialog Code\DialogInterface.cpp,112,pDialog,
wiz8--demo--wiz8--8acda50afe39,005d8c29,direct,005d8c10,E:\Wizardry 8\Dialog Code\DialogInterface.cpp,131,pDialog,
wiz8--demo--wiz8--8acda50afe39,005d8c59,direct,005d8c40,E:\Wizardry 8\Dialog Code\DialogInterface.cpp,140,pDialog,
wiz8--demo--wiz8--8acda50afe39,005d8c89,direct,005d8c40,E:\Wizardry 8\Dialog Code\DialogInterface.cpp,148,pCDialog,
wiz8--demo--wiz8--8acda50afe39,005dbf0b,direct,005dbef0,E:\Wizardry 8\Dialog Code\stMessageDialog.cpp,127,pMessage,
wiz8--demo--wiz8--8acda50afe39,005dc1b2,direct,005dbef0,E:\Wizardry 8\Dialog Code\stMessageDialog.cpp,209,pRemainingText,
wiz8--demo--wiz8--8acda50afe39,005dc9d7,direct,005dc9b0,E:\Wizardry 8\Dialog Code\stMessageDialog.cpp,611,pDialog,
wiz8--demo--wiz8--8acda50afe39,005dca87,direct,005dca60,E:\Wizardry 8\Dialog Code\stMessageDialog.cpp,648,pDialog,
wiz8--demo--wiz8--8acda50afe39,005e169c,direct,005e14ec,E:\Wizardry 8\Dialog Code\AssayDialog.cpp,908,uiSpell != SPELL_NONE,
wiz8--demo--wiz8--8acda50afe39,005e1f03,register-indirect,005e1940,E:\Wizardry 8\Dialog Code\AssayDialog.cpp,1677,usIndex < NUM_RPC_RACES,
wiz8--demo--wiz8--8acda50afe39,005e2647,direct,005e250c,E:\Wizardry 8\Dialog Code\AssayDialog.cpp,1677,usIndex < NUM_RPC_RACES,
wiz8--demo--wiz8--8acda50afe39,005e47a9,direct,005e4780,E:\Wizardry 8\Dialog Code\stButton.cpp,403,pButton,
wiz8--demo--wiz8--8acda50afe39,005e5487,direct,005e5040,E:\Wizardry 8\Dialog Code\SpellInfoDialog.cpp,193,uiUnits == uiUnitsLvl,
wiz8--demo--wiz8--8acda50afe39,005e829b,direct,005e8250,E:\Wizardry 8\Dialog Code\ProfRaceInfoDialog.cpp,287,uiIndex < PROF_COUNT,
wiz8--demo--wiz8--8acda50afe39,005e873b,direct,005e86f0,E:\Wizardry 8\Dialog Code\ProfRaceInfoDialog.cpp,405,uiIndex < RACE_COUNT,
wiz8--demo--wiz8--8acda50afe39,005e8e5b,direct,005e8e10,E:\Wizardry 8\Dialog Code\StatInfoDialogs.cpp,200,uiIndex < ATTR_COUNT,
wiz8--demo--wiz8--8acda50afe39,005e902b,direct,005e8f50,E:\Wizardry 8\Dialog Code\StatInfoDialogs.cpp,223,uiIndex < SKILL_COUNT,
wiz8--demo--wiz8--8acda50afe39,005e936b,direct,005e9320,E:\Wizardry 8\Dialog Code\StatInfoDialogs.cpp,274,uiIndex < ATTR_COUNT,
wiz8--demo--wiz8--8acda50afe39,005eb499,register-indirect,005eae90,E:\Wizardry 8\3D Code\PList.cpp,55,ppl,
wiz8--demo--wiz8--8acda50afe39,005eb4ab,register-indirect,005eae90,E:\Wizardry 8\3D Code\PList.cpp,81,ppl,
wiz8--demo--wiz8--8acda50afe39,005eb4f6,direct,005eae90,E:\Wizardry 8\3D Code\PList.cpp,81,ppl,
wiz8--demo--wiz8--8acda50afe39,005eb54d,register-indirect,005eb530,E:\Wizardry 8\3D Code\PList.cpp,107,ppl,
wiz8--demo--wiz8--8acda50afe39,005eb562,register-indirect,005eb530,E:\Wizardry 8\3D Code\PList.cpp,130,ppl,
wiz8--demo--wiz8--8acda50afe39,005eb5a9,direct,005eb590,E:\Wizardry 8\3D Code\PList.cpp,130,ppl,
wiz8--demo--wiz8--8acda50afe39,005eb5fe,register-indirect,005eb5d0,E:\Wizardry 8\3D Code\PList.cpp,458,ppl,
wiz8--demo--wiz8--8acda50afe39,005eb62d,register-indirect,005eb5d0,E:\Wizardry 8\3D Code\PList.cpp,461,pTemp,
wiz8--demo--wiz8--8acda50afe39,005eb6a3,register-indirect,005eb680,E:\Wizardry 8\3D Code\PList.cpp,181,ppl,
wiz8--demo--wiz8--8acda50afe39,005eb6d2,register-indirect,005eb680,E:\Wizardry 8\3D Code\PList.cpp,458,ppl,
wiz8--demo--wiz8--8acda50afe39,005eb701,register-indirect,005eb680,E:\Wizardry 8\3D Code\PList.cpp,461,pTemp,
wiz8--demo--wiz8--8acda50afe39,005eb819,direct,005eb800,E:\Wizardry 8\3D Code\PList.cpp,334,ppl,
wiz8--demo--wiz8--8acda50afe39,005eb853,register-indirect,005eb830,E:\Wizardry 8\3D Code\PList.cpp,355,ppl,
wiz8--demo--wiz8--8acda50afe39,005eb933,register-indirect,005eb830,E:\Wizardry 8\3D Code\PList.cpp,382,ppl,
wiz8--demo--wiz8--8acda50afe39,005eb952,register-indirect,005eb830,E:\Wizardry 8\3D Code\PList.cpp,383,iPosition < ppl->iNumUsed,
wiz8--demo--wiz8--8acda50afe39,005eb9ad,register-indirect,005eb830,E:\Wizardry 8\3D Code\PList.cpp,492,ppl,
wiz8--demo--wiz8--8acda50afe39,005eba02,register-indirect,005eb9e0,E:\Wizardry 8\3D Code\PList.cpp,528,ppl,
wiz8--demo--wiz8--8acda50afe39,005eba1f,register-indirect,005eb9e0,E:\Wizardry 8\3D Code\PList.cpp,529,pEntry,
wiz8--demo--wiz8--8acda50afe39,005eba79,register-indirect,005eba50,E:\Wizardry 8\3D Code\IList.cpp,69,pls,
wiz8--demo--wiz8--8acda50afe39,005eba8b,register-indirect,005eba50,E:\Wizardry 8\3D Code\IList.cpp,95,pls,
wiz8--demo--wiz8--8acda50afe39,005ebad6,direct,005eba50,E:\Wizardry 8\3D Code\IList.cpp,95,pls,
wiz8--demo--wiz8--8acda50afe39,005ebb2d,register-indirect,005ebb10,E:\Wizardry 8\3D Code\IList.cpp,121,pls,
wiz8--demo--wiz8--8acda50afe39,005ebb42,register-indirect,005ebb10,E:\Wizardry 8\3D Code\IList.cpp,144,pls,
wiz8--demo--wiz8--8acda50afe39,005ebb89,direct,005ebb70,E:\Wizardry 8\3D Code\IList.cpp,144,pls,
wiz8--demo--wiz8--8acda50afe39,005ebbde,register-indirect,005ebbb0,E:\Wizardry 8\3D Code\IList.cpp,465,pls,
wiz8--demo--wiz8--8acda50afe39,005ebc0d,register-indirect,005ebbb0,E:\Wizardry 8\3D Code\IList.cpp,468,pTemp,
wiz8--demo--wiz8--8acda50afe39,005ebc79,direct,005ebc60,E:\Wizardry 8\3D Code\IList.cpp,317,pls,
wiz8--demo--wiz8--8acda50afe39,005ebcb3,register-indirect,005ebc90,E:\Wizardry 8\3D Code\IList.cpp,338,pls,
wiz8--demo--wiz8--8acda50afe39,005ebda9,direct,005ebd90,E:\Wizardry 8\3D Code\IList.cpp,416,pls,
wiz8--demo--wiz8--8acda50afe39,005ebde9,direct,005ebdd0,E:\Wizardry 8\3D Code\IList.cpp,532,pls,
wiz8--demo--wiz8--8acda50afe39,005ec9c1,direct,005ec960,E:\Wizardry 8\Local Code\Traps.cpp,144,iNumTargets > 0,
wiz8--demo--wiz8--8acda50afe39,005eccec,direct,005ecc10,..\Engine Code\Include\Trigger.hpp,1005,m_bRepType == TRIGGER_REP_PROP,
wiz8--demo--wiz8--8acda50afe39,005ece8e,direct,005ece70,E:\Wizardry 8\Local Code\Test.cpp,504,pMonsterDBArray != NULL,
wiz8--demo--wiz8--8acda50afe39,005ef794,direct,005ef770,E:\Wizardry 8\Local Code\Test.cpp,3469,iTargetMonsterID != BAD_INDEX,
wiz8--demo--wiz8--8acda50afe39,005ef834,direct,005ef810,E:\Wizardry 8\Local Code\Test.cpp,3492,iSourceMonsterID != BAD_INDEX,
wiz8--gog-1261--wiz8new--57a3072c2f83,0041b266,direct,0041aa40,C:\Projects\Wizardry 8\Engine Code\GameData.cpp,595,lCollisions < 100,
wiz8--gog-1261--wiz8new--57a3072c2f83,0041c6aa,register-indirect,0041c140,C:\Projects\Wizardry 8\Engine Code\GameData.cpp,1248,iID && iID < m_iNumInterfaces,
wiz8--gog-1261--wiz8new--57a3072c2f83,0041c6dc,register-indirect,0041c140,C:\Projects\Wizardry 8\Engine Code\GameData.cpp,1250,(m_pInterfaces[iID].iStates + iStates) <= m_iNumStates,
wiz8--gog-1261--wiz8new--57a3072c2f83,0041c9bd,direct,0041c140,C:\Projects\Wizardry 8\Engine Code\GameData.cpp,1389,pstMeshModel,
wiz8--gog-1261--wiz8new--57a3072c2f83,0041f2c8,direct,0041f260,C:\Projects\Wizardry 8\Engine Code\GameData.cpp,2739,gpGDCamera,
wiz8--gog-1261--wiz8new--57a3072c2f83,004240e2,direct,00424040,C:\Projects\Wizardry 8\Engine Code\Video2.cpp,1595,psrMouseSurface,
wiz8--gog-1261--wiz8new--57a3072c2f83,0042415b,direct,00424040,C:\Projects\Wizardry 8\Engine Code\Video2.cpp,1589,psrMouseSurface,
wiz8--gog-1261--wiz8new--57a3072c2f83,004241d1,direct,00424040,C:\Projects\Wizardry 8\Engine Code\Video2.cpp,1601,psrMouseSurface,
wiz8--gog-1261--wiz8new--57a3072c2f83,0042a397,direct,0042a370,C:\Projects\Wizardry 8\Engine Code\Levels.cpp,237,ulLevel < TEST_LEVEL_COUNT,
wiz8--gog-1261--wiz8new--57a3072c2f83,0042a726,direct,0042a6f0,C:\Projects\Wizardry 8\Engine Code\Levels.cpp,385,iLevel < TEST_LEVEL_COUNT,
wiz8--gog-1261--wiz8new--57a3072c2f83,0042b199,direct,0042af60,C:\Projects\Wizardry 8\Engine Code\Levels.cpp,899,pMat,
wiz8--gog-1261--wiz8new--57a3072c2f83,0042bce7,direct,0042bc10,C:\Projects\Wizardry 8\Engine Code\Octree.cpp,163,hOctFile,ReadOctFile: Couldn't open octree file.
wiz8--gog-1261--wiz8new--57a3072c2f83,0042bd5e,direct,0042bc10,C:\Projects\Wizardry 8\Engine Code\Octree.cpp,172,fSuccess && (uiTerminator==0xffffffff),ReadOctFile: Header of Oct file longer than expected.
wiz8--gog-1261--wiz8new--57a3072c2f83,0042c4c2,direct,0042bc10,C:\Projects\Wizardry 8\Engine Code\Octree.cpp,351,fSuccess && (uiTerminator==0xffffffff),ReadOctFile: PreRegions longer than expected.
wiz8--gog-1261--wiz8new--57a3072c2f83,0042c5c7,direct,0042bc10,C:\Projects\Wizardry 8\Engine Code\Octree.cpp,377,(i2 < 10000),
wiz8--gog-1261--wiz8new--57a3072c2f83,0042c68a,direct,0042bc10,C:\Projects\Wizardry 8\Engine Code\Octree.cpp,394,m_pAlphaBits,ReadOctFile: Failure allocating Alpha Bits.
wiz8--gog-1261--wiz8new--57a3072c2f83,0042c6bb,direct,0042bc10,C:\Projects\Wizardry 8\Engine Code\Octree.cpp,395,m_pAlphaBits->Load(hOctFile),ReadOctFile: Failure reading Alpha Bits.
wiz8--gog-1261--wiz8new--57a3072c2f83,0042c70c,direct,0042bc10,C:\Projects\Wizardry 8\Engine Code\Octree.cpp,401,m_pusMeshParticleLookup,ReadOctFile: Couldn't allocate Mesh Particle Lookup Table.
wiz8--gog-1261--wiz8new--57a3072c2f83,0042c7ab,direct,0042bc10,C:\Projects\Wizardry 8\Engine Code\Octree.cpp,408,m_pusMeshParticles,ReadOctFile: Couldn't allocate Mesh Particle Link Table.
wiz8--gog-1261--wiz8new--57a3072c2f83,0042c850,direct,0042bc10,C:\Projects\Wizardry 8\Engine Code\Octree.cpp,417,m_pusMeshPropLookup,ReadOctFile: Couldn't allocate Mesh Prop Lookup Table.
wiz8--gog-1261--wiz8new--57a3072c2f83,0042c8f5,register-indirect,0042bc10,C:\Projects\Wizardry 8\Engine Code\Octree.cpp,424,m_pusMeshProps,ReadOctFile: Couldn't allocate Mesh Prop Link Table.
wiz8--gog-1261--wiz8new--57a3072c2f83,0042c99e,register-indirect,0042bc10,C:\Projects\Wizardry 8\Engine Code\Octree.cpp,434,fSuccess && (uiTerminator==0xffffffff),"ReadOctFile: Mesh, Prop, and Particle data longer than expected."
wiz8--gog-1261--wiz8new--57a3072c2f83,0042caa4,register-indirect,0042bc10,C:\Projects\Wizardry 8\Engine Code\Octree.cpp,453,m_pPropSunBits,ReadOctFile: Couldn't allocate Prop Sun Bits.
wiz8--gog-1261--wiz8new--57a3072c2f83,0042cacd,register-indirect,0042bc10,C:\Projects\Wizardry 8\Engine Code\Octree.cpp,454,m_pPropSunBits->Load(hOctFile),ReadOctFile: Failure reading Prop Sun Bits.
wiz8--gog-1261--wiz8new--57a3072c2f83,0042cc7f,direct,0042bc10,C:\Projects\Wizardry 8\Engine Code\Octree.cpp,482,fSuccess && (uiTerminator==0xffffffff),ReadOctFile: GameData portion of Oct file longer than expected.
wiz8--gog-1261--wiz8new--57a3072c2f83,0042ddc7,direct,0042d2a0,C:\Projects\Wizardry 8\Engine Code\Octree.cpp,874,m_pfRegsVisited,InitOctree: Couldn't allocate m_pfRegsVisited.
wiz8--gog-1261--wiz8new--57a3072c2f83,0042de20,direct,0042d2a0,C:\Projects\Wizardry 8\Engine Code\Octree.cpp,882,m_aulGDObjs,InitOctree: Couldn't allocate m_aulGDObjs.
wiz8--gog-1261--wiz8new--57a3072c2f83,0042e471,direct,0042e440,C:\Projects\Wizardry 8\Engine Code\Octree.cpp,1157,m_usNumPropsLoaded<(UINT16)m_ulNumProps,Too many props loaded for Octree
wiz8--gog-1261--wiz8new--57a3072c2f83,0042e4f1,direct,0042e4c0,C:\Projects\Wizardry 8\Engine Code\Octree.cpp,1181,m_usNumParticlesLoaded<(UINT16)m_ulNumParticles,Too many particles loaded for Octree
wiz8--gog-1261--wiz8new--57a3072c2f83,00430adb,direct,00430a70,C:\Projects\Wizardry 8\Engine Code\Octree.cpp,2567,usProp<=m_usMeshParticlesLen,Particle lookup index out of range
wiz8--gog-1261--wiz8new--57a3072c2f83,00430b87,direct,00430a70,C:\Projects\Wizardry 8\Engine Code\Octree.cpp,2587,usProp<=m_usMeshPropsLen,Prop lookup index out of range
wiz8--gog-1261--wiz8new--57a3072c2f83,0043ad54,direct,0043acc0,C:\Projects\Wizardry 8\Engine Code\BitArray.cpp,59,puiIndex,BitArray: Couldn't allocate bit index.
wiz8--gog-1261--wiz8new--57a3072c2f83,0043ae51,direct,0043ada0,C:\Projects\Wizardry 8\Engine Code\BitArray.cpp,89,puiIndex,BitArray: Couldn't allocate bit index.
wiz8--gog-1261--wiz8new--57a3072c2f83,0043b789,direct,0043b700,C:\Projects\Wizardry 8\Engine Code\BitArray.cpp,741,pulNewArray,BitArray Expansion: Couldn't allocate bit index.
wiz8--gog-1261--wiz8new--57a3072c2f83,0043be91,direct,0043be60,C:\Projects\Wizardry 8\Engine Code\Trigger.cpp,387,hFile,
wiz8--gog-1261--wiz8new--57a3072c2f83,0043c1e6,direct,0043be60,C:\Projects\Wizardry 8\Engine Code\Trigger.cpp,496,hFile,
wiz8--gog-1261--wiz8new--57a3072c2f83,0043c331,direct,0043be60,C:\Projects\Wizardry 8\Engine Code\Trigger.cpp,523,pDoor,
wiz8--gog-1261--wiz8new--57a3072c2f83,0043d403,direct,0043d340,C:\Projects\Wizardry 8\Engine Code\Trigger.cpp,4317,iVar != BAD_INDEX,
wiz8--gog-1261--wiz8new--57a3072c2f83,0043d4d9,direct,0043d340,C:\Projects\Wizardry 8\Engine Code\Trigger.cpp,4317,iVar != BAD_INDEX,
wiz8--gog-1261--wiz8new--57a3072c2f83,0043da8a,direct,0043d940,C:\Projects\Wizardry 8\Engine Code\Trigger.cpp,1530,m_pEvent,
wiz8--gog-1261--wiz8new--57a3072c2f83,0043dafb,direct,0043d940,C:\Projects\Wizardry 8\Engine Code\Trigger.cpp,1539,glsTimedEvents.Find(m_pEvent) == -1,
wiz8--gog-1261--wiz8new--57a3072c2f83,0043dbf7,register-indirect,0043d940,C:\Projects\Wizardry 8\Engine Code\Trigger.cpp,4317,iVar != BAD_INDEX,
wiz8--gog-1261--wiz8new--57a3072c2f83,0043dc40,register-indirect,0043d940,C:\Projects\Wizardry 8\Engine Code\Trigger.cpp,4317,iVar != BAD_INDEX,
wiz8--gog-1261--wiz8new--57a3072c2f83,0043dc88,register-indirect,0043d940,C:\Projects\Wizardry 8\Engine Code\Trigger.cpp,4317,iVar != BAD_INDEX,
wiz8--gog-1261--wiz8new--57a3072c2f83,0043dcc8,register-indirect,0043d940,C:\Projects\Wizardry 8\Engine Code\Trigger.cpp,4317,iVar != BAD_INDEX,
wiz8--gog-1261--wiz8new--57a3072c2f83,0043dd10,register-indirect,0043d940,C:\Projects\Wizardry 8\Engine Code\Trigger.cpp,4317,iVar != BAD_INDEX,
wiz8--gog-1261--wiz8new--57a3072c2f83,0043dd58,register-indirect,0043d940,C:\Projects\Wizardry 8\Engine Code\Trigger.cpp,4317,iVar != BAD_INDEX,
wiz8--gog-1261--wiz8new--57a3072c2f83,0043dd94,register-indirect,0043d940,C:\Projects\Wizardry 8\Engine Code\Trigger.cpp,4317,iVar != BAD_INDEX,
wiz8--gog-1261--wiz8new--57a3072c2f83,0043e49e,direct,0043d940,C:\Projects\Wizardry 8\Engine Code\Trigger.cpp,1426,m_pProp && m_bRepType == TRIGGER_REP_PROP,
wiz8--gog-1261--wiz8new--57a3072c2f83,0043ebb9,direct,0043d940,..\Engine Code\Include\Trigger.hpp,1005,m_bRepType == TRIGGER_REP_PROP,
wiz8--gog-1261--wiz8new--57a3072c2f83,0043ec4b,direct,0043d940,..\Engine Code\Include\Trigger.hpp,1005,m_bRepType == TRIGGER_REP_PROP,
wiz8--gog-1261--wiz8new--57a3072c2f83,0043ece9,direct,0043d940,..\Engine Code\Include\Trigger.hpp,1005,m_bRepType == TRIGGER_REP_PROP,
wiz8--gog-1261--wiz8new--57a3072c2f83,0043f249,direct,0043d940,C:\Projects\Wizardry 8\Engine Code\Trigger.cpp,1988,m_pEvent,
wiz8--gog-1261--wiz8new--57a3072c2f83,0043f34e,direct,0043d940,C:\Projects\Wizardry 8\Engine Code\Trigger.cpp,4830,m_pCountdown,
wiz8--gog-1261--wiz8new--57a3072c2f83,0043f3e0,direct,0043d940,C:\Projects\Wizardry 8\Engine Code\Trigger.cpp,4830,m_pCountdown,
wiz8--gog-1261--wiz8new--57a3072c2f83,0043f4db,direct,0043d940,C:\Projects\Wizardry 8\Engine Code\Trigger.cpp,2020,m_lData3!=-1,Non-invisible triggers with shake camera must be timed
wiz8--gog-1261--wiz8new--57a3072c2f83,0043f7b7,direct,0043d940,C:\Projects\Wizardry 8\Engine Code\Trigger.cpp,2124,m_pEvent,
wiz8--gog-1261--wiz8new--57a3072c2f83,0043fa64,register-indirect,0043d940,C:\Projects\Wizardry 8\Engine Code\Trigger.cpp,2175,0,Continous firing missile must be invisible trigger.
wiz8--gog-1261--wiz8new--57a3072c2f83,0043fad3,register-indirect,0043d940,C:\Projects\Wizardry 8\Engine Code\Trigger.cpp,2179,m_pEvent,
wiz8--gog-1261--wiz8new--57a3072c2f83,0043fc58,direct,0043d940,C:\Projects\Wizardry 8\Engine Code\Trigger.cpp,2212,m_pEvent,
wiz8--gog-1261--wiz8new--57a3072c2f83,0043fce3,direct,0043d940,C:\Projects\Wizardry 8\Engine Code\Trigger.cpp,2222,glsTimedEvents.Find(m_pEvent) == -1,
wiz8--gog-1261--wiz8new--57a3072c2f83,0043fe5b,direct,0043d940,C:\Projects\Wizardry 8\Engine Code\Trigger.cpp,4297,iVar != BAD_INDEX,
wiz8--gog-1261--wiz8new--57a3072c2f83,0043ff34,direct,0043d940,C:\Projects\Wizardry 8\Engine Code\Trigger.cpp,4297,iVar != BAD_INDEX,
wiz8--gog-1261--wiz8new--57a3072c2f83,00440417,direct,0043d940,C:\Projects\Wizardry 8\Engine Code\Trigger.cpp,2368,m_pEvent,
wiz8--gog-1261--wiz8new--57a3072c2f83,00440543,direct,0043d940,C:\Projects\Wizardry 8\Engine Code\Trigger.cpp,4830,m_pCountdown,
wiz8--gog-1261--wiz8new--57a3072c2f83,00440ba6,register-indirect,00440980,C:\Projects\Wizardry 8\Engine Code\Trigger.cpp,4317,iVar != BAD_INDEX,
wiz8--gog-1261--wiz8new--57a3072c2f83,00440bd9,register-indirect,00440980,C:\Projects\Wizardry 8\Engine Code\Trigger.cpp,4297,iVar != BAD_INDEX,
wiz8--gog-1261--wiz8new--57a3072c2f83,00440c09,direct,00440980,C:\Projects\Wizardry 8\Engine Code\Trigger.cpp,4297,iVar != BAD_INDEX,
wiz8--gog-1261--wiz8new--57a3072c2f83,00440c37,direct,00440980,C:\Projects\Wizardry 8\Engine Code\Trigger.cpp,4297,iVar != BAD_INDEX,
wiz8--gog-1261--wiz8new--57a3072c2f83,00441215,direct,00441110,C:\Projects\Wizardry 8\Engine Code\Trigger.cpp,2822,m_pActionData,Trigger.cpp: Dark Area doesn't have action data
wiz8--gog-1261--wiz8new--57a3072c2f83,00441a62,register-indirect,004417c0,C:\Projects\Wizardry 8\Engine Code\Trigger.cpp,3235,hFile,
wiz8--gog-1261--wiz8new--57a3072c2f83,00441af5,register-indirect,004417c0,C:\Projects\Wizardry 8\Engine Code\Trigger.cpp,3250,pTrigger,Out of memory - Trigger::CreateAndLoadLevelTrigger
wiz8--gog-1261--wiz8new--57a3072c2f83,00442b7c,direct,004417c0,C:\Projects\Wizardry 8\Engine Code\Trigger.cpp,3656,pTrigger->m_pacRecipients,Out of memory - Trigger.cpp
wiz8--gog-1261--wiz8new--57a3072c2f83,00442e1d,direct,004417c0,C:\Projects\Wizardry 8\Engine Code\Trigger.cpp,3695,pTrigger->m_pacRequiredStates,Out of memory - Trigger.cpp
wiz8--gog-1261--wiz8new--57a3072c2f83,00442e96,direct,004417c0,C:\Projects\Wizardry 8\Engine Code\Trigger.cpp,3701,pTrigger->m_pacStateToMod,Out of memory - Trigger.cpp
wiz8--gog-1261--wiz8new--57a3072c2f83,00442f3f,direct,004417c0,C:\Projects\Wizardry 8\Engine Code\Trigger.cpp,4244,pacName,
wiz8--gog-1261--wiz8new--57a3072c2f83,00442fe0,direct,004417c0,C:\Projects\Wizardry 8\Engine Code\Trigger.cpp,4252,pacVariableName,
wiz8--gog-1261--wiz8new--57a3072c2f83,00443573,register-indirect,004417c0,C:\Projects\Wizardry 8\Engine Code\Trigger.cpp,3860,((pTrigger->m_lData1 >= 0) && (pTrigger->m_lData1 < Missile::GetNumTypes())),
wiz8--gog-1261--wiz8new--57a3072c2f83,004435a4,register-indirect,004417c0,C:\Projects\Wizardry 8\Engine Code\Trigger.cpp,3861,(pTrigger->m_lData2!=(-1)),
wiz8--gog-1261--wiz8new--57a3072c2f83,00443637,register-indirect,004417c0,C:\Projects\Wizardry 8\Engine Code\Trigger.cpp,3870,pTrigger->m_pEvent,
wiz8--gog-1261--wiz8new--57a3072c2f83,00443ddc,direct,00443dc0,C:\Projects\Wizardry 8\Engine Code\Trigger.cpp,4244,pacName,
wiz8--gog-1261--wiz8new--57a3072c2f83,00443e79,direct,00443dc0,C:\Projects\Wizardry 8\Engine Code\Trigger.cpp,4252,pacVariableName,
wiz8--gog-1261--wiz8new--57a3072c2f83,004440a9,direct,00444030,C:\Projects\Wizardry 8\Engine Code\Trigger.cpp,4297,iVar != BAD_INDEX,
wiz8--gog-1261--wiz8new--57a3072c2f83,00444149,direct,004440d0,C:\Projects\Wizardry 8\Engine Code\Trigger.cpp,4317,iVar != BAD_INDEX,
wiz8--gog-1261--wiz8new--57a3072c2f83,004443d4,direct,00444310,C:\Projects\Wizardry 8\Engine Code\Trigger.cpp,4419,pacName,
wiz8--gog-1261--wiz8new--57a3072c2f83,00444ff8,register-indirect,00444f70,C:\Projects\Wizardry 8\Engine Code\Trigger.cpp,4978,pEvent,Out of memory creating shake camera event.
wiz8--gog-1261--wiz8new--57a3072c2f83,00445055,register-indirect,00444f70,C:\Projects\Wizardry 8\Engine Code\Trigger.cpp,4830,m_pCountdown,
wiz8--gog-1261--wiz8new--57a3072c2f83,0044515e,direct,00445140,C:\Projects\Wizardry 8\Engine Code\Trigger.cpp,5013,pWorld,
wiz8--gog-1261--wiz8new--57a3072c2f83,00445243,direct,00445200,..\Engine Code\Include\Trigger.hpp,1005,m_bRepType == TRIGGER_REP_PROP,
wiz8--gog-1261--wiz8new--57a3072c2f83,00445291,direct,00445200,C:\Projects\Wizardry 8\Engine Code\Trigger.cpp,4244,pacName,
wiz8--gog-1261--wiz8new--57a3072c2f83,00445337,direct,00445200,C:\Projects\Wizardry 8\Engine Code\Trigger.cpp,4252,pacVariableName,
wiz8--gog-1261--wiz8new--57a3072c2f83,004462c6,direct,00446250,C:\Projects\Wizardry 8\Engine Code\OctBuildTree.cpp,140,m_apLinkLists[m_usCurrent],GetNewLink: Couldn't allocate m_apLinkLists.
wiz8--gog-1261--wiz8new--57a3072c2f83,0044760d,direct,00447310,C:\Projects\Wizardry 8\Engine Code\GDFileIO.cpp,167,pGameData,
wiz8--gog-1261--wiz8new--57a3072c2f83,004476eb,register-indirect,00447660,C:\Projects\Wizardry 8\Engine Code\GDFileIO.cpp,229,fSuccess,Error reading counts from WGD file.
wiz8--gog-1261--wiz8new--57a3072c2f83,0044781b,direct,00447660,C:\Projects\Wizardry 8\Engine Code\GDFileIO.cpp,262,m_pSurfaces,ReadWGDList: Could not allocate surfaces.
wiz8--gog-1261--wiz8new--57a3072c2f83,0044787a,direct,00447660,C:\Projects\Wizardry 8\Engine Code\GDFileIO.cpp,268,pCondFaces,ReadWGDList: Could not allocate pCondFaces.
wiz8--gog-1261--wiz8new--57a3072c2f83,004478af,direct,00447660,C:\Projects\Wizardry 8\Engine Code\GDFileIO.cpp,270,m_ppNames,ReadWGDList: Could not allocate name list.
wiz8--gog-1261--wiz8new--57a3072c2f83,0044793d,direct,00447660,C:\Projects\Wizardry 8\Engine Code\GDFileIO.cpp,278,m_pSurfaces,ReadWGDList: Could not allocate surfaces.
wiz8--gog-1261--wiz8new--57a3072c2f83,0044799a,direct,00447660,C:\Projects\Wizardry 8\Engine Code\GDFileIO.cpp,288,fSuccess,Error reading vertex from WGD file.
wiz8--gog-1261--wiz8new--57a3072c2f83,00447b06,direct,00447660,C:\Projects\Wizardry 8\Engine Code\GDFileIO.cpp,322,(tfFace.iVersion == 2 ),Wrong version of WGD data--Get new plugin.
wiz8--gog-1261--wiz8new--57a3072c2f83,00447b69,direct,00447660,C:\Projects\Wizardry 8\Engine Code\GDFileIO.cpp,326,fSuccess,Error reading face from WGD file.
wiz8--gog-1261--wiz8new--57a3072c2f83,00447db3,direct,00447660,C:\Projects\Wizardry 8\Engine Code\GDFileIO.cpp,391,m_ppNames[i2],ReadWGDList: Couldn't allocate name string.
wiz8--gog-1261--wiz8new--57a3072c2f83,00447ff3,direct,00447660,C:\Projects\Wizardry 8\Engine Code\GDFileIO.cpp,479,m_pInterfaces,CompileGDInterfaces: Couldn't allocate GD Interfaces.
wiz8--gog-1261--wiz8new--57a3072c2f83,004481f7,direct,00447660,C:\Projects\Wizardry 8\Engine Code\GDFileIO.cpp,526,m_pStates,CompileGDInterfaces: Couldn't allocate GDState array.
wiz8--gog-1261--wiz8new--57a3072c2f83,0044824c,direct,00447660,C:\Projects\Wizardry 8\Engine Code\GDFileIO.cpp,529,m_piCondPolys,CompileGDInterfaces: Couldn't allocate Conditional poly array.
wiz8--gog-1261--wiz8new--57a3072c2f83,00448362,register-indirect,00447660,C:\Projects\Wizardry 8\Engine Code\GDFileIO.cpp,598,m_ppTriggers,AddTriggerPlane: Couldn't allocate trigger array.
wiz8--gog-1261--wiz8new--57a3072c2f83,00448386,register-indirect,00447660,C:\Projects\Wizardry 8\Engine Code\GDFileIO.cpp,601,(iTriggerCount < m_iNumTriggers),AddTriggerPlane: Too many triggers for trigger array.
wiz8--gog-1261--wiz8new--57a3072c2f83,004483e7,register-indirect,00447660,C:\Projects\Wizardry 8\Engine Code\GDFileIO.cpp,611,m_pTrigSurfaces,AddTriggerPlane: Couldn't allocate trigger surfaces.
wiz8--gog-1261--wiz8new--57a3072c2f83,00448418,register-indirect,00447660,C:\Projects\Wizardry 8\Engine Code\GDFileIO.cpp,613,m_pTrigVertices,AddTriggerPlane: Couldn't allocate trigger vertices.
wiz8--gog-1261--wiz8new--57a3072c2f83,00448444,register-indirect,00447660,C:\Projects\Wizardry 8\Engine Code\GDFileIO.cpp,615,m_ppTriggers,AddTriggerPlane: Couldn't allocate trigger array.
wiz8--gog-1261--wiz8new--57a3072c2f83,0044846c,register-indirect,00447660,C:\Projects\Wizardry 8\Engine Code\GDFileIO.cpp,620,(m_iNumTrigSurfaces < MAX_TRIG_SURFACES),
wiz8--gog-1261--wiz8new--57a3072c2f83,00448634,register-indirect,004485f0,C:\Projects\Wizardry 8\Engine Code\GDFileIO.cpp,707,m_pTrigSurfaces,AddTriggerPlane: Couldn't allocate trigger surfaces.
wiz8--gog-1261--wiz8new--57a3072c2f83,00448665,register-indirect,004485f0,C:\Projects\Wizardry 8\Engine Code\GDFileIO.cpp,709,m_pTrigVertices,AddTriggerPlane: Couldn't allocate trigger vertices.
wiz8--gog-1261--wiz8new--57a3072c2f83,0044868f,register-indirect,004485f0,C:\Projects\Wizardry 8\Engine Code\GDFileIO.cpp,711,m_ppTriggers,AddTriggerPlane: Couldn't allocate trigger array.
wiz8--gog-1261--wiz8new--57a3072c2f83,004486b6,register-indirect,004485f0,C:\Projects\Wizardry 8\Engine Code\GDFileIO.cpp,716,(m_iNumTrigSurfaces < MAX_TRIG_SURFACES),
wiz8--gog-1261--wiz8new--57a3072c2f83,004488a4,direct,00448840,C:\Projects\Wizardry 8\Engine Code\GDFileIO.cpp,795,pNewVertices,IntegrateTriggers: Couldn't allocate new vertex array.
wiz8--gog-1261--wiz8new--57a3072c2f83,00448956,direct,00448840,C:\Projects\Wizardry 8\Engine Code\GDFileIO.cpp,812,pNewSurfaces,IntegrateTriggers: Couldn't allocate new surface array.
wiz8--gog-1261--wiz8new--57a3072c2f83,00448aaf,direct,00448840,C:\Projects\Wizardry 8\Engine Code\GDFileIO.cpp,849,pNewVertices,IntegrateTriggers: Couldn't allocate new vertex array.
wiz8--gog-1261--wiz8new--57a3072c2f83,00448b66,direct,00448840,C:\Projects\Wizardry 8\Engine Code\GDFileIO.cpp,865,pNewSurfaces,IntegrateTriggers: Couldn't allocate new surface array.
wiz8--gog-1261--wiz8new--57a3072c2f83,00448ca7,register-indirect,00448c60,C:\Projects\Wizardry 8\Engine Code\GDFileIO.cpp,944,m_pTrigSurfaces,AddTriggerPlane: Couldn't allocate trigger surfaces.
wiz8--gog-1261--wiz8new--57a3072c2f83,00448cd8,register-indirect,00448c60,C:\Projects\Wizardry 8\Engine Code\GDFileIO.cpp,946,m_pTrigVertices,AddTriggerPlane: Couldn't allocate trigger vertices.
wiz8--gog-1261--wiz8new--57a3072c2f83,00448d02,register-indirect,00448c60,C:\Projects\Wizardry 8\Engine Code\GDFileIO.cpp,948,m_ppTriggers,AddTriggerPlane: Couldn't allocate trigger array.
wiz8--gog-1261--wiz8new--57a3072c2f83,00448d29,register-indirect,00448c60,C:\Projects\Wizardry 8\Engine Code\GDFileIO.cpp,953,(m_iNumTrigSurfaces < MAX_TRIG_SURFACES),
wiz8--gog-1261--wiz8new--57a3072c2f83,00448eaa,direct,00448e60,C:\Projects\Wizardry 8\Engine Code\GDFileIO.cpp,1004,ppTempEnvirons,
wiz8--gog-1261--wiz8new--57a3072c2f83,0044914f,direct,00448e60,C:\Projects\Wizardry 8\Engine Code\GDFileIO.cpp,1089,m_ppEnvirons,
wiz8--gog-1261--wiz8new--57a3072c2f83,0044929d,register-indirect,00448e60,C:\Projects\Wizardry 8\Engine Code\GDFileIO.cpp,1125,fSuccess,ReadProcessedGameData: Couldn't read GameData info.
wiz8--gog-1261--wiz8new--57a3072c2f83,004492d0,register-indirect,00448e60,C:\Projects\Wizardry 8\Engine Code\GDFileIO.cpp,1132,(FileGD.iVersion == GAMEDATA_VERSION),
wiz8--gog-1261--wiz8new--57a3072c2f83,004493e4,register-indirect,00448e60,C:\Projects\Wizardry 8\Engine Code\GDFileIO.cpp,1155,m_pVertices,ReadProcessedGameData: Couldn't allocate vertices.
wiz8--gog-1261--wiz8new--57a3072c2f83,00449421,register-indirect,00448e60,C:\Projects\Wizardry 8\Engine Code\GDFileIO.cpp,1159,fSuccess,
wiz8--gog-1261--wiz8new--57a3072c2f83,0044945b,register-indirect,00448e60,C:\Projects\Wizardry 8\Engine Code\GDFileIO.cpp,1164,m_pSurfaces,ReadProcessedGameData: Couldn't allocate pSurfaces.
wiz8--gog-1261--wiz8new--57a3072c2f83,0044949b,register-indirect,00448e60,C:\Projects\Wizardry 8\Engine Code\GDFileIO.cpp,1168,fSuccess,ReadProcessedGameData: Couldn't read Surface info.
wiz8--gog-1261--wiz8new--57a3072c2f83,004496e8,direct,00448e60,C:\Projects\Wizardry 8\Engine Code\GDFileIO.cpp,1214,m_ppEnvirons[i],ReadProcessedGameData: Couldn't allocate environment.
wiz8--gog-1261--wiz8new--57a3072c2f83,0044972a,direct,00448e60,C:\Projects\Wizardry 8\Engine Code\GDFileIO.cpp,1218,fSuccess,ReadProcessedGameData: Couldn't read GD_Environ.
wiz8--gog-1261--wiz8new--57a3072c2f83,0044af32,direct,0044aee0,C:\Projects\Wizardry 8\Engine Code\Prop.cpp,174,pInfo && pInfo->hFile && pProp,
wiz8--gog-1261--wiz8new--57a3072c2f83,0044b013,direct,0044aee0,C:\Projects\Wizardry 8\Engine Code\Prop.cpp,213,pAniMesh,
wiz8--gog-1261--wiz8new--57a3072c2f83,0044b043,direct,0044aee0,C:\Projects\Wizardry 8\Engine Code\Prop.cpp,216,fSuccess,
wiz8--gog-1261--wiz8new--57a3072c2f83,0044b282,direct,0044aee0,C:\Projects\Wizardry 8\Engine Code\Prop.cpp,287,(usTemp < (UINT16)ubNumFrames),
wiz8--gog-1261--wiz8new--57a3072c2f83,0044b616,direct,0044aee0,C:\Projects\Wizardry 8\Engine Code\Prop.cpp,386,psrMesh,
wiz8--gog-1261--wiz8new--57a3072c2f83,0044b69d,direct,0044aee0,C:\Projects\Wizardry 8\Engine Code\Prop.cpp,402,psrMesh,
wiz8--gog-1261--wiz8new--57a3072c2f83,0044bb81,direct,0044bb20,C:\Projects\Wizardry 8\Engine Code\Prop.cpp,707,lSegment!=(-1),
wiz8--gog-1261--wiz8new--57a3072c2f83,0044be59,register-indirect,0044bc00,C:\Projects\Wizardry 8\Engine Code\Prop.cpp,782,m_pRep,Prop::Prop() out of memory allocating m_pRep
wiz8--gog-1261--wiz8new--57a3072c2f83,0044be77,register-indirect,0044bc00,C:\Projects\Wizardry 8\Engine Code\Prop.cpp,783,m_pTimer,Prop::Prop() out of memory allocating m_pTimer
wiz8--gog-1261--wiz8new--57a3072c2f83,0044bf87,register-indirect,0044bec0,C:\Projects\Wizardry 8\Engine Code\Prop.cpp,836,pInfo,
wiz8--gog-1261--wiz8new--57a3072c2f83,0044bfd2,register-indirect,0044bec0,C:\Projects\Wizardry 8\Engine Code\Prop.cpp,840,pProp,
wiz8--gog-1261--wiz8new--57a3072c2f83,0044c220,direct,0044bec0,C:\Projects\Wizardry 8\Engine Code\Prop.cpp,987,pWorld,
wiz8--gog-1261--wiz8new--57a3072c2f83,0044c298,direct,0044c251,C:\Projects\Wizardry 8\Engine Code\Prop.cpp,1002,psrMesh,
wiz8--gog-1261--wiz8new--57a3072c2f83,0044c6e0,direct,0044c670,C:\Projects\Wizardry 8\Engine Code\Prop.cpp,1391,psrMesh,
wiz8--gog-1261--wiz8new--57a3072c2f83,0044c7d9,direct,0044c670,C:\Projects\Wizardry 8\Engine Code\Prop.cpp,1409,psrMesh,
wiz8--gog-1261--wiz8new--57a3072c2f83,0044c866,direct,0044c830,C:\Projects\Wizardry 8\Engine Code\Prop.cpp,1441,pWorld,
wiz8--gog-1261--wiz8new--57a3072c2f83,0044c901,direct,0044c830,C:\Projects\Wizardry 8\Engine Code\Prop.cpp,1460,psrMesh,
wiz8--gog-1261--wiz8new--57a3072c2f83,0044d1bd,direct,0044c830,C:\Projects\Wizardry 8\Engine Code\Prop.cpp,1572,psrMesh,
wiz8--gog-1261--wiz8new--57a3072c2f83,0044d37f,direct,0044c830,C:\Projects\Wizardry 8\Engine Code\Prop.cpp,1643,pWorld,
wiz8--gog-1261--wiz8new--57a3072c2f83,0044d3f5,direct,0044c830,C:\Projects\Wizardry 8\Engine Code\Prop.cpp,1656,psrMesh,
wiz8--gog-1261--wiz8new--57a3072c2f83,0044d47b,direct,0044c830,C:\Projects\Wizardry 8\Engine Code\Prop.cpp,1670,psrMesh,
wiz8--gog-1261--wiz8new--57a3072c2f83,0044df47,direct,0044dea0,C:\Projects\Wizardry 8\Engine Code\Prop.cpp,2361,pstInstance,
wiz8--gog-1261--wiz8new--57a3072c2f83,0044e033,direct,0044e010,C:\Projects\Wizardry 8\Engine Code\Prop.cpp,2409,pWorld && pWorld->plsProps,
wiz8--gog-1261--wiz8new--57a3072c2f83,0044e20b,direct,0044e1f0,C:\Projects\Wizardry 8\Engine Code\Prop.cpp,2698,m_pRep,
wiz8--gog-1261--wiz8new--57a3072c2f83,0044f1fe,direct,0044f1c0,C:\Projects\Wizardry 8\Engine Code\3dapi.cpp,160,pWorld,
wiz8--gog-1261--wiz8new--57a3072c2f83,0044f4fa,direct,0044f4e0,C:\Projects\Wizardry 8\Engine Code\3dapi.cpp,262,pWorld,
wiz8--gog-1261--wiz8new--57a3072c2f83,0044f62e,direct,0044f5f0,C:\Projects\Wizardry 8\Engine Code\3dapi.cpp,351,pWorld,
wiz8--gog-1261--wiz8new--57a3072c2f83,0044f9cb,direct,0044f5f0,C:\Projects\Wizardry 8\Engine Code\3dapi.cpp,446,pWorld->psrMeshes,LoadWorld: Couldn't allocate psrMeshes.
wiz8--gog-1261--wiz8new--57a3072c2f83,0044fa5c,direct,0044f5f0,C:\Projects\Wizardry 8\Engine Code\3dapi.cpp,472,hFile,Could not open level file.
wiz8--gog-1261--wiz8new--57a3072c2f83,0044fa9f,direct,0044f5f0,C:\Projects\Wizardry 8\Engine Code\3dapi.cpp,477,fSuccess,"Problem loading level, please check files and versions."
wiz8--gog-1261--wiz8new--57a3072c2f83,0044fb0d,direct,0044f5f0,C:\Projects\Wizardry 8\Engine Code\3dapi.cpp,511,pWorld,
wiz8--gog-1261--wiz8new--57a3072c2f83,0045022a,direct,0044fc20,C:\Projects\Wizardry 8\Engine Code\3dapi.cpp,801,pWorld,
wiz8--gog-1261--wiz8new--57a3072c2f83,004503e1,register-indirect,004503c0,C:\Projects\Wizardry 8\Engine Code\3dapi.cpp,975,pWorld,
wiz8--gog-1261--wiz8new--57a3072c2f83,004503fe,register-indirect,004503c0,C:\Projects\Wizardry 8\Engine Code\3dapi.cpp,976,pWorld->psrCamera,
wiz8--gog-1261--wiz8new--57a3072c2f83,0045043e,direct,00450420,C:\Projects\Wizardry 8\Engine Code\3dapi.cpp,1058,pWorld,
wiz8--gog-1261--wiz8new--57a3072c2f83,004504d9,register-indirect,004504b0,C:\Projects\Wizardry 8\Engine Code\3dapi.cpp,1087,pWorld,
wiz8--gog-1261--wiz8new--57a3072c2f83,004504fe,register-indirect,004504b0,C:\Projects\Wizardry 8\Engine Code\3dapi.cpp,1092,CamPos,
wiz8--gog-1261--wiz8new--57a3072c2f83,004505c5,register-indirect,004504b0,C:\Projects\Wizardry 8\Engine Code\3dapi.cpp,1102,CamPos,
wiz8--gog-1261--wiz8new--57a3072c2f83,0045062c,direct,00450610,C:\Projects\Wizardry 8\Engine Code\3dapi.cpp,1131,pWorld,
wiz8--gog-1261--wiz8new--57a3072c2f83,004506e6,direct,004506c0,C:\Projects\Wizardry 8\Engine Code\3dapi.cpp,1160,CamPos,
wiz8--gog-1261--wiz8new--57a3072c2f83,00450791,direct,004506c0,,,,
wiz8--gog-1261--wiz8new--57a3072c2f83,00450e53,register-indirect,004507a0,C:\Projects\Wizardry 8\Engine Code\3dapi.cpp,1406,pWorld->plsMonsters,Out of memory creating plsMonsters.
wiz8--gog-1261--wiz8new--57a3072c2f83,00450e71,register-indirect,004507a0,C:\Projects\Wizardry 8\Engine Code\3dapi.cpp,1407,pWorld->plsItems,Out of memory creating plsItems.
wiz8--gog-1261--wiz8new--57a3072c2f83,00450e8f,register-indirect,004507a0,C:\Projects\Wizardry 8\Engine Code\3dapi.cpp,1408,pWorld->plsProps,Out of memory creating plsProps.
wiz8--gog-1261--wiz8new--57a3072c2f83,00450ead,register-indirect,004507a0,C:\Projects\Wizardry 8\Engine Code\3dapi.cpp,1409,pWorld->plsCameras,Out of memory creating plsCameras.
wiz8--gog-1261--wiz8new--57a3072c2f83,00450ecb,register-indirect,004507a0,C:\Projects\Wizardry 8\Engine Code\3dapi.cpp,1410,pWorld->plsAmbientSounds,Out of memory creating plsAmbientSounds.
wiz8--gog-1261--wiz8new--57a3072c2f83,00450eec,register-indirect,004507a0,C:\Projects\Wizardry 8\Engine Code\3dapi.cpp,1411,pWorld->plsLightsToUpdate,Out of memory creating plsLightsToUpdate.
wiz8--gog-1261--wiz8new--57a3072c2f83,00450f0d,register-indirect,004507a0,C:\Projects\Wizardry 8\Engine Code\3dapi.cpp,1412,pWorld->plsCollidableProps,Out of memory creating plsCollidableProps.
wiz8--gog-1261--wiz8new--57a3072c2f83,00450f2e,register-indirect,004507a0,C:\Projects\Wizardry 8\Engine Code\3dapi.cpp,1413,pWorld->plsMonsterGenerators,Out of memory creating plsMonsterGenerators.
wiz8--gog-1261--wiz8new--57a3072c2f83,00450f4f,register-indirect,004507a0,C:\Projects\Wizardry 8\Engine Code\3dapi.cpp,1414,pWorld->plsLightsToUpdate,Out of memory creating plsLightsToUpdate.
wiz8--gog-1261--wiz8new--57a3072c2f83,00450f70,register-indirect,004507a0,C:\Projects\Wizardry 8\Engine Code\3dapi.cpp,1415,pWorld->plsCollidableProps,Out of memory creating plsCollidableProps.
wiz8--gog-1261--wiz8new--57a3072c2f83,00450f91,register-indirect,004507a0,C:\Projects\Wizardry 8\Engine Code\3dapi.cpp,1416,pWorld->plsMissiles,Out of memory creating plsMissiles.
wiz8--gog-1261--wiz8new--57a3072c2f83,00450fb2,register-indirect,004507a0,C:\Projects\Wizardry 8\Engine Code\3dapi.cpp,1417,pWorld->plsTriggers,Out of memory creating plsTriggers.
wiz8--gog-1261--wiz8new--57a3072c2f83,00450fd3,register-indirect,004507a0,C:\Projects\Wizardry 8\Engine Code\3dapi.cpp,1418,pWorld->plsParticles,Out of memory creating plsParticles.
wiz8--gog-1261--wiz8new--57a3072c2f83,00450ff4,register-indirect,004507a0,C:\Projects\Wizardry 8\Engine Code\3dapi.cpp,1419,pWorld->plsNamedPositions,Out of memory creating plsNamedPositions.
wiz8--gog-1261--wiz8new--57a3072c2f83,0045117c,direct,00451160,C:\Projects\Wizardry 8\Engine Code\3dapi.cpp,1014,pWorld,
wiz8--gog-1261--wiz8new--57a3072c2f83,004511ed,direct,004511d0,C:\Projects\Wizardry 8\Engine Code\3dapi.cpp,1043,pWorld,
wiz8--gog-1261--wiz8new--57a3072c2f83,004536c7,direct,00453690,C:\Projects\Wizardry 8\Engine Code\Navigator.cpp,1735,pNavAI,
wiz8--gog-1261--wiz8new--57a3072c2f83,00457831,direct,004577f0,..\Engine Code\Include\stHeap.hpp,242,heapsize > 0,Delete called on empty stHeap
wiz8--gog-1261--wiz8new--57a3072c2f83,00458b90,register-indirect,00458ad0,C:\Projects\Wizardry 8\Engine Code\OctPath.cpp,2226,fSuccess,
wiz8--gog-1261--wiz8new--57a3072c2f83,00458bee,register-indirect,00458ad0,C:\Projects\Wizardry 8\Engine Code\OctPath.cpp,2231,fSuccess,
wiz8--gog-1261--wiz8new--57a3072c2f83,00458c26,register-indirect,00458ad0,C:\Projects\Wizardry 8\Engine Code\OctPath.cpp,2233,fSuccess,
wiz8--gog-1261--wiz8new--57a3072c2f83,00458c5d,register-indirect,00458ad0,C:\Projects\Wizardry 8\Engine Code\OctPath.cpp,2235,fSuccess,
wiz8--gog-1261--wiz8new--57a3072c2f83,00458c95,register-indirect,00458ad0,C:\Projects\Wizardry 8\Engine Code\OctPath.cpp,2237,fSuccess,
wiz8--gog-1261--wiz8new--57a3072c2f83,00458ccd,register-indirect,00458ad0,C:\Projects\Wizardry 8\Engine Code\OctPath.cpp,2239,fSuccess,
wiz8--gog-1261--wiz8new--57a3072c2f83,00459130,register-indirect,00458ce0,C:\Projects\Wizardry 8\Engine Code\OctPath.cpp,2298,fSuccess,
wiz8--gog-1261--wiz8new--57a3072c2f83,004591a3,register-indirect,00458ce0,C:\Projects\Wizardry 8\Engine Code\OctPath.cpp,2307,m_pCondPaths,
wiz8--gog-1261--wiz8new--57a3072c2f83,004591db,register-indirect,00458ce0,C:\Projects\Wizardry 8\Engine Code\OctPath.cpp,2309,m_pCondPaths,
wiz8--gog-1261--wiz8new--57a3072c2f83,00459212,register-indirect,00458ce0,C:\Projects\Wizardry 8\Engine Code\OctPath.cpp,2311,m_pCondPaths,
wiz8--gog-1261--wiz8new--57a3072c2f83,0045924a,register-indirect,00458ce0,C:\Projects\Wizardry 8\Engine Code\OctPath.cpp,2313,m_pCondPaths,
wiz8--gog-1261--wiz8new--57a3072c2f83,00459282,register-indirect,00458ce0,C:\Projects\Wizardry 8\Engine Code\OctPath.cpp,2315,m_pCondPaths,
wiz8--gog-1261--wiz8new--57a3072c2f83,004592cc,register-indirect,00458ce0,C:\Projects\Wizardry 8\Engine Code\OctPath.cpp,2318,fSuccess,
wiz8--gog-1261--wiz8new--57a3072c2f83,00459308,register-indirect,00458ce0,C:\Projects\Wizardry 8\Engine Code\OctPath.cpp,2320,fSuccess,
wiz8--gog-1261--wiz8new--57a3072c2f83,00459475,direct,00459400,C:\Projects\Wizardry 8\Engine Code\OctPath.cpp,2408,m_pFileWayPoints,
wiz8--gog-1261--wiz8new--57a3072c2f83,0045992f,direct,00459650,..\Engine Code\Include\stHeap.hpp,121,hlist,
wiz8--gog-1261--wiz8new--57a3072c2f83,0045b23e,direct,0045b120,C:\Projects\Wizardry 8\Engine Code\OctPath.cpp,3596,ulCount<200,Too many nodes in list
wiz8--gog-1261--wiz8new--57a3072c2f83,0045cafc,direct,0045bc40,..\Engine Code\Include\stHeap.hpp,225,heapsize < maxheapsize,stHeap overflow
wiz8--gog-1261--wiz8new--57a3072c2f83,0045cf2d,direct,0045bc40,C:\Projects\Wizardry 8\Engine Code\OctPath.cpp,4368,(ulBestNode <= m_ulSearchNodesUsed),
wiz8--gog-1261--wiz8new--57a3072c2f83,0045d5ac,direct,0045d530,C:\Projects\Wizardry 8\Engine Code\OctPath.cpp,4585,pstMeshModel,
wiz8--gog-1261--wiz8new--57a3072c2f83,0045d831,direct,0045d530,C:\Projects\Wizardry 8\Engine Code\OctPath.cpp,4646,m_pPathModelInstance,
wiz8--gog-1261--wiz8new--57a3072c2f83,0045de22,direct,0045d880,C:\Projects\Wizardry 8\Engine Code\OctPath.cpp,4844,pNewWayPoints,
wiz8--gog-1261--wiz8new--57a3072c2f83,0045ed95,direct,0045ec30,C:\Projects\Wizardry 8\Engine Code\OctPath.cpp,5414,pNewWayPtLinks,
wiz8--gog-1261--wiz8new--57a3072c2f83,004601f1,register-indirect,004600b0,C:\Projects\Wizardry 8\Engine Code\OctPath.cpp,6734,pusWayPts[i] < (UINT16)m_ulNumWayPoints,Pathing::CheckConditionalWayPtStatus: WayPt Index out of range.
wiz8--gog-1261--wiz8new--57a3072c2f83,0046028e,direct,004600b0,C:\Projects\Wizardry 8\Engine Code\OctPath.cpp,6764,pusLinks[i] < (UINT16)m_ulNumWayPtLinks,Pathing::CheckConditionalLinkStatus: Link Index out of range.
wiz8--gog-1261--wiz8new--57a3072c2f83,004609f5,direct,00460950,C:\Projects\Wizardry 8\Engine Code\OctPath.cpp,7074,i < m_ulNumWayPoints,
wiz8--gog-1261--wiz8new--57a3072c2f83,00460bee,direct,00460b80,C:\Projects\Wizardry 8\Engine Code\OctPath.cpp,7131,usStartNode < m_ulNumWayPoints,Starting index out of range
wiz8--gog-1261--wiz8new--57a3072c2f83,00460c1d,direct,00460b80,C:\Projects\Wizardry 8\Engine Code\OctPath.cpp,7132,usEndNode < m_ulNumWayPoints,Last index out of range
wiz8--gog-1261--wiz8new--57a3072c2f83,00460ca1,direct,00460b80,C:\Projects\Wizardry 8\Engine Code\OctPath.cpp,7146,usWayPt < m_ulNumWayPoints,Waypoint index out of range (1)
wiz8--gog-1261--wiz8new--57a3072c2f83,00460cdf,direct,00460b80,C:\Projects\Wizardry 8\Engine Code\OctPath.cpp,7148,usLink < m_ulNumWayPtLinks,Link index out of range (1)
wiz8--gog-1261--wiz8new--57a3072c2f83,00460d0f,direct,00460b80,C:\Projects\Wizardry 8\Engine Code\OctPath.cpp,7152,usLink < m_ulNumWayPtLinks,Link index out of range (2)
wiz8--gog-1261--wiz8new--57a3072c2f83,00460dfa,direct,00460b80,C:\Projects\Wizardry 8\Engine Code\OctPath.cpp,7157,usNextNode < m_ulNumWayPoints,Waypoint index out of range (2)
wiz8--gog-1261--wiz8new--57a3072c2f83,00460f0e,direct,00460b80,..\Engine Code\Include\stHeap.hpp,225,heapsize < maxheapsize,stHeap overflow
wiz8--gog-1261--wiz8new--57a3072c2f83,00461050,direct,00460b80,..\Engine Code\Include\stHeap.hpp,225,heapsize < maxheapsize,stHeap overflow
wiz8--gog-1261--wiz8new--57a3072c2f83,00461111,direct,00460b80,C:\Projects\Wizardry 8\Engine Code\OctPath.cpp,7202,usLink < m_ulNumWayPtLinks,Link index out of range (3)
wiz8--gog-1261--wiz8new--57a3072c2f83,0046116f,direct,00460b80,..\Engine Code\Include\stHeap.hpp,242,heapsize > 0,Delete called on empty stHeap
wiz8--gog-1261--wiz8new--57a3072c2f83,00461257,direct,00460b80,C:\Projects\Wizardry 8\Engine Code\OctPath.cpp,7210,usWayPt < m_ulNumWayPoints,Waypoint index out of range (3)
wiz8--gog-1261--wiz8new--57a3072c2f83,00461464,direct,00460b80,C:\Projects\Wizardry 8\Engine Code\OctPath.cpp,7319,i < m_ulNumWayPoints,
wiz8--gog-1261--wiz8new--57a3072c2f83,00461bb8,direct,004615d0,C:\Projects\Wizardry 8\Engine Code\OctPath.cpp,7559,i < m_ulNumWayPoints,
wiz8--gog-1261--wiz8new--57a3072c2f83,00461d80,direct,00461d10,C:\Projects\Wizardry 8\Engine Code\OctPath.cpp,7631,usLink < m_ulNumWayPtLinks,Link index out of range
wiz8--gog-1261--wiz8new--57a3072c2f83,00461e92,direct,00461d10,C:\Projects\Wizardry 8\Engine Code\OctPath.cpp,7641,usNextNode < m_ulNumWayPoints,Waypoint index out of range
wiz8--gog-1261--wiz8new--57a3072c2f83,00461fbf,direct,00461d10,C:\Projects\Wizardry 8\Engine Code\OctPath.cpp,7680,ulLinkNum < 20,Too many links for waypoint in RecursePatrolLinks
wiz8--gog-1261--wiz8new--57a3072c2f83,00462198,direct,00461d10,C:\Projects\Wizardry 8\Engine Code\OctPath.cpp,7695,usNextNode < m_ulNumWayPoints,Waypoint index out of range (2)
wiz8--gog-1261--wiz8new--57a3072c2f83,00463918,direct,00463290,..\Engine Code\Include\stHeap.hpp,225,heapsize < maxheapsize,stHeap overflow
wiz8--gog-1261--wiz8new--57a3072c2f83,00463d61,direct,00463290,..\Engine Code\Include\stHeap.hpp,225,heapsize < maxheapsize,stHeap overflow
wiz8--gog-1261--wiz8new--57a3072c2f83,00463eb3,direct,00463290,..\Engine Code\Include\stHeap.hpp,225,heapsize < maxheapsize,stHeap overflow
wiz8--gog-1261--wiz8new--57a3072c2f83,00463f35,direct,00463290,..\Engine Code\Include\stHeap.hpp,242,heapsize > 0,Delete called on empty stHeap
wiz8--gog-1261--wiz8new--57a3072c2f83,00463fa1,direct,00463290,C:\Projects\Wizardry 8\Engine Code\OctPath.cpp,8877,(ulBestNode <= m_ulSearchNodesUsed),
wiz8--gog-1261--wiz8new--57a3072c2f83,00465a6e,direct,00465970,C:\Projects\Wizardry 8\Engine Code\OctPath.cpp,10065,pNewSearchNodes,
wiz8--gog-1261--wiz8new--57a3072c2f83,004675d2,direct,004675b0,..\Engine Code\Include\stHeap.hpp,225,heapsize < maxheapsize,stHeap overflow
wiz8--gog-1261--wiz8new--57a3072c2f83,004689d2,direct,004683f0,C:\Projects\Wizardry 8\Engine Code\OctPreTree.cpp,548,m_pAlphaBits->Save(hOctFile),ReadOctFile: Failure writing Alpha Bits.
wiz8--gog-1261--wiz8new--57a3072c2f83,0046b9a5,direct,0046b060,C:\Projects\Wizardry 8\Engine Code\OctPreTree.cpp,1963,(m_lNumSupports < 30 && m_lNumBlocks < 30),PathNodeObstructed: Too many props affecting one pathnode.
wiz8--gog-1261--wiz8new--57a3072c2f83,0046bac6,direct,0046b9d0,C:\Projects\Wizardry 8\Engine Code\OctPreTree.cpp,2016,pCondNode,InsertConditionalNodes: Could not allocate CondPathNode stucture.
wiz8--gog-1261--wiz8new--57a3072c2f83,0046bb75,direct,0046b9d0,C:\Projects\Wizardry 8\Engine Code\OctPreTree.cpp,2024,FALSE,Could not find prop and frame for conditional node.
wiz8--gog-1261--wiz8new--57a3072c2f83,0046bc79,direct,0046b9d0,C:\Projects\Wizardry 8\Engine Code\OctPreTree.cpp,2044,pCondNode,InsertConditionalNodes: Could not allocate CondPathNode stucture.
wiz8--gog-1261--wiz8new--57a3072c2f83,0046be84,direct,0046b9d0,C:\Projects\Wizardry 8\Engine Code\OctPreTree.cpp,2052,FALSE,Could not find prop and frame for conditional node.
wiz8--gog-1261--wiz8new--57a3072c2f83,0046c212,direct,0046c0f0,C:\Projects\Wizardry 8\Engine Code\OctPreTree.cpp,2190,pPreProps[i].pStopMeshes,CreatePathProps: Couldn't allocate GDPreProp objects.
wiz8--gog-1261--wiz8new--57a3072c2f83,0046c4e8,direct,0046c0f0,C:\Projects\Wizardry 8\Engine Code\OctPreTree.cpp,2221,pPreProps[i].pStopMeshes,CreatePathProps: Couldn't allocate GDPreProp objects.
wiz8--gog-1261--wiz8new--57a3072c2f83,0046c553,direct,0046c0f0,C:\Projects\Wizardry 8\Engine Code\OctPreTree.cpp,2228,(pLVL->pProps[i].usFrame_Pos[j*2] < (UINT16)(pLVL->pProps[i].bNumFrames)),
wiz8--gog-1261--wiz8new--57a3072c2f83,0046dca9,direct,0046dc90,C:\Projects\Wizardry 8\Engine Code\3d.cpp,241,psrScene,
wiz8--gog-1261--wiz8new--57a3072c2f83,0046dd96,register-indirect,0046dd70,C:\Projects\Wizardry 8\Engine Code\3d.cpp,269,pWorld,
wiz8--gog-1261--wiz8new--57a3072c2f83,0046ddb1,register-indirect,0046dd70,C:\Projects\Wizardry 8\Engine Code\3d.cpp,270,pWorld->plsMonsters,
wiz8--gog-1261--wiz8new--57a3072c2f83,0046de63,register-indirect,0046de40,C:\Projects\Wizardry 8\Engine Code\3d.cpp,309,pWorld,
wiz8--gog-1261--wiz8new--57a3072c2f83,0046de80,register-indirect,0046de40,C:\Projects\Wizardry 8\Engine Code\3d.cpp,310,pWorld->plsItems,
wiz8--gog-1261--wiz8new--57a3072c2f83,0046def3,direct,0046ded0,C:\Projects\Wizardry 8\Engine Code\3d.cpp,344,pWorld && pWorld->plsProps,
wiz8--gog-1261--wiz8new--57a3072c2f83,0046e068,register-indirect,0046df90,C:\Projects\Wizardry 8\Engine Code\3d.cpp,570,name,
wiz8--gog-1261--wiz8new--57a3072c2f83,0046e0e4,register-indirect,0046df90,C:\Projects\Wizardry 8\Engine Code\3d.cpp,579,pLight,
wiz8--gog-1261--wiz8new--57a3072c2f83,0046e15e,direct,0046e140,C:\Projects\Wizardry 8\Engine Code\3d.cpp,603,name,
wiz8--gog-1261--wiz8new--57a3072c2f83,0046e17f,direct,0046e140,C:\Projects\Wizardry 8\Engine Code\3d.cpp,604,pWorld,
wiz8--gog-1261--wiz8new--57a3072c2f83,0046e1ab,direct,0046e140,C:\Projects\Wizardry 8\Engine Code\3d.cpp,608,pLight,
wiz8--gog-1261--wiz8new--57a3072c2f83,0046e272,register-indirect,0046e250,C:\Projects\Wizardry 8\Engine Code\3d.cpp,632,pWorld,
wiz8--gog-1261--wiz8new--57a3072c2f83,0046e28f,register-indirect,0046e250,C:\Projects\Wizardry 8\Engine Code\3d.cpp,633,pLight,
wiz8--gog-1261--wiz8new--57a3072c2f83,0046e369,direct,0046e350,C:\Projects\Wizardry 8\Engine Code\3d.cpp,651,pWorld,
wiz8--gog-1261--wiz8new--57a3072c2f83,0046e3b9,direct,0046e3a0,C:\Projects\Wizardry 8\Engine Code\3d.cpp,663,pWorld,
wiz8--gog-1261--wiz8new--57a3072c2f83,0046e3ec,direct,0046e3d0,C:\Projects\Wizardry 8\Engine Code\3d.cpp,670,pWorld,
wiz8--gog-1261--wiz8new--57a3072c2f83,0046e4e0,direct,0046e4a0,C:\Projects\Wizardry 8\Engine Code\3d.cpp,632,pWorld,
wiz8--gog-1261--wiz8new--57a3072c2f83,0046e4fd,direct,0046e4a0,C:\Projects\Wizardry 8\Engine Code\3d.cpp,633,pLight,
wiz8--gog-1261--wiz8new--57a3072c2f83,0046ea07,direct,0046e8a0,C:\Projects\Wizardry 8\Engine Code\3d.cpp,1107,psrDIG,
wiz8--gog-1261--wiz8new--57a3072c2f83,0046f5f7,register-indirect,0046f410,C:\Projects\Wizardry 8\Engine Code\3d.cpp,1471,pstMeshModel,
wiz8--gog-1261--wiz8new--57a3072c2f83,0046f648,register-indirect,0046f410,C:\Projects\Wizardry 8\Engine Code\3d.cpp,1474,pstHeadInstance,
wiz8--gog-1261--wiz8new--57a3072c2f83,0046f6b7,register-indirect,0046f410,C:\Projects\Wizardry 8\Engine Code\3d.cpp,1486,pstModelInstance,
wiz8--gog-1261--wiz8new--57a3072c2f83,0046f708,register-indirect,0046f410,C:\Projects\Wizardry 8\Engine Code\3d.cpp,1489,pstHeadInstance,
wiz8--gog-1261--wiz8new--57a3072c2f83,004714e1,register-indirect,00471340,C:\Projects\Wizardry 8\Engine Code\stMeshModel.cpp,462,m_psCompVertexLoc[uiCount],
wiz8--gog-1261--wiz8new--57a3072c2f83,00471543,register-indirect,00471340,C:\Projects\Wizardry 8\Engine Code\stMeshModel.cpp,467,m_pbCompVertexNormal[uiCount],
wiz8--gog-1261--wiz8new--57a3072c2f83,004715a3,register-indirect,00471340,C:\Projects\Wizardry 8\Engine Code\stMeshModel.cpp,472,m_pbCompPolyNormal[uiCount],
wiz8--gog-1261--wiz8new--57a3072c2f83,004717cd,direct,00471340,C:\Projects\Wizardry 8\Engine Code\stMeshModel.cpp,579,m_pVertexLoc[uiFrame],
wiz8--gog-1261--wiz8new--57a3072c2f83,00471873,direct,00471340,C:\Projects\Wizardry 8\Engine Code\stMeshModel.cpp,590,m_pVertexNormal[uiFrame],
wiz8--gog-1261--wiz8new--57a3072c2f83,0047191e,direct,00471340,C:\Projects\Wizardry 8\Engine Code\stMeshModel.cpp,601,m_pPolyNormal[uiFrame],
wiz8--gog-1261--wiz8new--57a3072c2f83,00471b64,direct,00471ad0,C:\Projects\Wizardry 8\Engine Code\stMeshModel.cpp,724,m_pLerpBuffer,
wiz8--gog-1261--wiz8new--57a3072c2f83,00472ace,direct,004729f0,C:\Projects\Wizardry 8\Engine Code\stMeshModel.cpp,1226,l,
wiz8--gog-1261--wiz8new--57a3072c2f83,00472cab,direct,004729f0,C:\Projects\Wizardry 8\Engine Code\stMeshModel.cpp,1243,vnorm,
wiz8--gog-1261--wiz8new--57a3072c2f83,0047356f,direct,00473260,C:\Projects\Wizardry 8\Engine Code\stMeshModel.cpp,1485,m_plsSkinBlankingAPT,
wiz8--gog-1261--wiz8new--57a3072c2f83,00473611,direct,00473260,C:\Projects\Wizardry 8\Engine Code\stMeshModel.cpp,1494,m_plsSkinBlankingAPTNum,
wiz8--gog-1261--wiz8new--57a3072c2f83,00473696,direct,00473260,C:\Projects\Wizardry 8\Engine Code\stMeshModel.cpp,1503,m_plsSkinBlankingChecked,
wiz8--gog-1261--wiz8new--57a3072c2f83,00473b1d,direct,00473b00,C:\Projects\Wizardry 8\Engine Code\stMeshModel.cpp,1768,uiFrames,
wiz8--gog-1261--wiz8new--57a3072c2f83,00473c52,direct,00473bf0,C:\Projects\Wizardry 8\Engine Code\stMeshModel.cpp,1810,pstModel,
wiz8--gog-1261--wiz8new--57a3072c2f83,0047a6cd,direct,0047a670,C:\Projects\Wizardry 8\Engine Code\AmbientSound.cpp,757,pSound,
wiz8--gog-1261--wiz8new--57a3072c2f83,0047a719,direct,0047a700,C:\Projects\Wizardry 8\Engine Code\AmbientSound.cpp,765,pAmbient,
wiz8--gog-1261--wiz8new--57a3072c2f83,0047a7d0,direct,0047a790,C:\Projects\Wizardry 8\Engine Code\AmbientSound.cpp,862,pSound->pacSoundName,AmbientSound.cpp: Error allocating sound name
wiz8--gog-1261--wiz8new--57a3072c2f83,0047b528,direct,0047b500,C:\Projects\Wizardry 8\Engine Code\Quality.cpp,159,gpQuality,
wiz8--gog-1261--wiz8new--57a3072c2f83,00480ce5,direct,00480920,C:\Projects\Wizardry 8\Engine Code\stModelInstance.cpp,926,m_pGlowMaterial,
wiz8--gog-1261--wiz8new--57a3072c2f83,0048264a,register-indirect,00482280,C:\Projects\Wizardry 8\Engine Code\Environment.cpp,634,pWorld,
wiz8--gog-1261--wiz8new--57a3072c2f83,0048265c,register-indirect,00482280,C:\Projects\Wizardry 8\Engine Code\Environment.cpp,648,pWorld,
wiz8--gog-1261--wiz8new--57a3072c2f83,00482910,register-indirect,00482280,C:\Projects\Wizardry 8\Engine Code\Environment.cpp,634,pWorld,
wiz8--gog-1261--wiz8new--57a3072c2f83,00482922,register-indirect,00482280,C:\Projects\Wizardry 8\Engine Code\Environment.cpp,648,pWorld,
wiz8--gog-1261--wiz8new--57a3072c2f83,00483612,register-indirect,00483360,C:\Projects\Wizardry 8\Engine Code\Environment.cpp,634,pWorld,
wiz8--gog-1261--wiz8new--57a3072c2f83,00483624,register-indirect,00483360,C:\Projects\Wizardry 8\Engine Code\Environment.cpp,648,pWorld,
wiz8--gog-1261--wiz8new--57a3072c2f83,00483a02,register-indirect,004839e0,C:\Projects\Wizardry 8\Engine Code\Environment.cpp,616,pWorld,
wiz8--gog-1261--wiz8new--57a3072c2f83,00483a1f,register-indirect,004839e0,C:\Projects\Wizardry 8\Engine Code\Environment.cpp,617,pLightValue,
wiz8--gog-1261--wiz8new--57a3072c2f83,00483a80,register-indirect,00483a60,C:\Projects\Wizardry 8\Engine Code\Environment.cpp,634,pWorld,
wiz8--gog-1261--wiz8new--57a3072c2f83,00483a92,register-indirect,00483a60,C:\Projects\Wizardry 8\Engine Code\Environment.cpp,648,pWorld,
wiz8--gog-1261--wiz8new--57a3072c2f83,00483ac9,direct,00483ab0,C:\Projects\Wizardry 8\Engine Code\Environment.cpp,648,pWorld,
wiz8--gog-1261--wiz8new--57a3072c2f83,00483afc,direct,00483ae0,C:\Projects\Wizardry 8\Engine Code\Environment.cpp,664,pWorld,
wiz8--gog-1261--wiz8new--57a3072c2f83,00483bc3,direct,00483ba0,C:\Projects\Wizardry 8\Engine Code\Environment.cpp,688,pWorld,
wiz8--gog-1261--wiz8new--57a3072c2f83,00484043,register-indirect,00483ba0,C:\Projects\Wizardry 8\Engine Code\Environment.cpp,664,pWorld,
wiz8--gog-1261--wiz8new--57a3072c2f83,00484101,register-indirect,00483ba0,C:\Projects\Wizardry 8\Engine Code\Environment.cpp,664,pWorld,
wiz8--gog-1261--wiz8new--57a3072c2f83,004843a6,register-indirect,00484300,C:\Projects\Wizardry 8\Engine Code\Environment.cpp,664,pWorld,
wiz8--gog-1261--wiz8new--57a3072c2f83,00484496,register-indirect,00484300,C:\Projects\Wizardry 8\Engine Code\Environment.cpp,664,pWorld,
wiz8--gog-1261--wiz8new--57a3072c2f83,00485cea,register-indirect,00485c10,C:\Projects\Wizardry 8\Engine Code\ReadMesh.cpp,215,pInfo,
wiz8--gog-1261--wiz8new--57a3072c2f83,00485d0a,register-indirect,00485c10,C:\Projects\Wizardry 8\Engine Code\ReadMesh.cpp,217,hFile,
wiz8--gog-1261--wiz8new--57a3072c2f83,00485fab,direct,00485c10,C:\Projects\Wizardry 8\Engine Code\ReadMesh.cpp,270,ppCompVertices,
wiz8--gog-1261--wiz8new--57a3072c2f83,00485ff0,direct,00485c10,C:\Projects\Wizardry 8\Engine Code\ReadMesh.cpp,276,ppCompVertices[i],
wiz8--gog-1261--wiz8new--57a3072c2f83,0048602c,direct,00485c10,C:\Projects\Wizardry 8\Engine Code\ReadMesh.cpp,280,fSuccess,
wiz8--gog-1261--wiz8new--57a3072c2f83,00486056,direct,00485c10,C:\Projects\Wizardry 8\Engine Code\ReadMesh.cpp,305,FALSE,"Uncompressed mesh, please re-export level with newer plugin"
wiz8--gog-1261--wiz8new--57a3072c2f83,00486092,direct,00485c10,C:\Projects\Wizardry 8\Engine Code\ReadMesh.cpp,313,pstVertices,
wiz8--gog-1261--wiz8new--57a3072c2f83,004860cd,direct,00485c10,C:\Projects\Wizardry 8\Engine Code\ReadMesh.cpp,315,fSuccess,
wiz8--gog-1261--wiz8new--57a3072c2f83,00486149,register-indirect,00485c10,C:\Projects\Wizardry 8\Engine Code\ReadMesh.cpp,328,pstFaces,
wiz8--gog-1261--wiz8new--57a3072c2f83,00486188,register-indirect,00485c10,C:\Projects\Wizardry 8\Engine Code\ReadMesh.cpp,334,pCompPoly,
wiz8--gog-1261--wiz8new--57a3072c2f83,004861c0,register-indirect,00485c10,C:\Projects\Wizardry 8\Engine Code\ReadMesh.cpp,338,fSuccess,
wiz8--gog-1261--wiz8new--57a3072c2f83,0048625c,direct,00485c10,C:\Projects\Wizardry 8\Engine Code\ReadMesh.cpp,358,fSuccess,
wiz8--gog-1261--wiz8new--57a3072c2f83,004862ae,direct,00485c10,C:\Projects\Wizardry 8\Engine Code\ReadMesh.cpp,363,ppsrMats,
wiz8--gog-1261--wiz8new--57a3072c2f83,004862cb,direct,00485c10,C:\Projects\Wizardry 8\Engine Code\ReadMesh.cpp,364,uiMatCount,
wiz8--gog-1261--wiz8new--57a3072c2f83,00487e35,register-indirect,00487bd0,C:\Projects\Wizardry 8\Engine Code\ReadMesh.cpp,598,pInfo,
wiz8--gog-1261--wiz8new--57a3072c2f83,00487e4f,register-indirect,00487bd0,C:\Projects\Wizardry 8\Engine Code\ReadMesh.cpp,599,pInfo->strBitmapDir,
wiz8--gog-1261--wiz8new--57a3072c2f83,00487e69,register-indirect,00487bd0,C:\Projects\Wizardry 8\Engine Code\ReadMesh.cpp,600,pInfo->pWorld,
wiz8--gog-1261--wiz8new--57a3072c2f83,00487e83,register-indirect,00487bd0,C:\Projects\Wizardry 8\Engine Code\ReadMesh.cpp,601,pInfo->hFile,
wiz8--gog-1261--wiz8new--57a3072c2f83,00488291,register-indirect,00488240,C:\Projects\Wizardry 8\Engine Code\ReadMesh.cpp,798,pInfo,
wiz8--gog-1261--wiz8new--57a3072c2f83,004882b9,register-indirect,00488240,C:\Projects\Wizardry 8\Engine Code\ReadMesh.cpp,799,uiNumMeshes,
wiz8--gog-1261--wiz8new--57a3072c2f83,004882dc,register-indirect,00488240,C:\Projects\Wizardry 8\Engine Code\ReadMesh.cpp,803,hFile,
wiz8--gog-1261--wiz8new--57a3072c2f83,0048833c,register-indirect,00488240,C:\Projects\Wizardry 8\Engine Code\ReadMesh.cpp,809,uiMatCount,
wiz8--gog-1261--wiz8new--57a3072c2f83,00488370,register-indirect,00488240,C:\Projects\Wizardry 8\Engine Code\ReadMesh.cpp,812,(uiTerminator == 0xffffffff),NewReadMesh: Material list length is incorrect.
wiz8--gog-1261--wiz8new--57a3072c2f83,0048838f,register-indirect,00488240,C:\Projects\Wizardry 8\Engine Code\ReadMesh.cpp,814,(uiNumMeshes == uiMeshNum),NewReadMesh: Mismatch in mesh count between .oct and .pvl files.
wiz8--gog-1261--wiz8new--57a3072c2f83,0048852c,register-indirect,00488240,C:\Projects\Wizardry 8\Engine Code\ReadMesh.cpp,859,(uiTerminator == 0xffffffff),NewReadMesh: Incorrect offset in file at end of mesh.
wiz8--gog-1261--wiz8new--57a3072c2f83,00488abc,direct,00488650,C:\Projects\Wizardry 8\Engine Code\ReadMesh.cpp,1115,iPolyType >=0,
wiz8--gog-1261--wiz8new--57a3072c2f83,0048910a,direct,00488650,C:\Projects\Wizardry 8\Engine Code\ReadMesh.cpp,1255,pstMeshModel[iCount],
wiz8--gog-1261--wiz8new--57a3072c2f83,0048aa20,direct,0048a7a0,C:\Projects\Wizardry 8\Engine Code\MonGen.cpp,211,pTable,Out of memory allocating monster generation table.
wiz8--gog-1261--wiz8new--57a3072c2f83,0048aac6,direct,0048a7a0,C:\Projects\Wizardry 8\Engine Code\MonGen.cpp,221,pScript,
wiz8--gog-1261--wiz8new--57a3072c2f83,0048ae3a,direct,0048ad20,C:\Projects\Wizardry 8\Engine Code\MonGen.cpp,326,pMonsterDB,
wiz8--gog-1261--wiz8new--57a3072c2f83,0048af69,direct,0048ad20,C:\Projects\Wizardry 8\Engine Code\MonGen.cpp,379,ulNumMonsters,
wiz8--gog-1261--wiz8new--57a3072c2f83,0048b08c,direct,0048ad20,C:\Projects\Wizardry 8\Engine Code\MonGen.cpp,403,pMonsterDB,
wiz8--gog-1261--wiz8new--57a3072c2f83,0048b48a,direct,0048ad20,C:\Projects\Wizardry 8\Engine Code\MonGen.cpp,535,m_pTimer,MonGen::Reset() out of memory allocating m_pTimer
wiz8--gog-1261--wiz8new--57a3072c2f83,0048b7eb,direct,0048b770,C:\Projects\Wizardry 8\Engine Code\MonGen.cpp,777,fSuccess,Couldn't load mongen.itm
wiz8--gog-1261--wiz8new--57a3072c2f83,0048b8a7,register-indirect,0048b850,C:\Projects\Wizardry 8\Engine Code\MonGen.cpp,777,fSuccess,Couldn't load mongen.itm
wiz8--gog-1261--wiz8new--57a3072c2f83,0048b93d,register-indirect,0048b850,C:\Projects\Wizardry 8\Engine Code\MonGen.cpp,777,fSuccess,Couldn't load mongen.itm
wiz8--gog-1261--wiz8new--57a3072c2f83,0048c2a3,direct,0048c110,C:\Projects\Wizardry 8\Engine Code\MonGen.cpp,1162,pMonGen,MonGen::LoadAll() out of memory
wiz8--gog-1261--wiz8new--57a3072c2f83,0048d7bd,direct,0048d080,C:\Projects\Wizardry 8\Engine Code\stCube.cpp,172,psrSurface,
wiz8--gog-1261--wiz8new--57a3072c2f83,0048dc15,register-indirect,0048dbf0,C:\Projects\Wizardry 8\Engine Code\stCube.cpp,257,vPos,
wiz8--gog-1261--wiz8new--57a3072c2f83,0048dc32,register-indirect,0048dbf0,C:\Projects\Wizardry 8\Engine Code\stCube.cpp,258,pCube,
wiz8--gog-1261--wiz8new--57a3072c2f83,0048dc5f,register-indirect,0048dbf0,C:\Projects\Wizardry 8\Engine Code\stCube.cpp,267,pCube,
wiz8--gog-1261--wiz8new--57a3072c2f83,0048dce1,register-indirect,0048dcb0,C:\Projects\Wizardry 8\Engine Code\stCube.cpp,292,pstModelInstance,
wiz8--gog-1261--wiz8new--57a3072c2f83,0048dd0b,register-indirect,0048dcb0,C:\Projects\Wizardry 8\Engine Code\stCube.cpp,295,pstMeshModel,
wiz8--gog-1261--wiz8new--57a3072c2f83,0048dd36,register-indirect,0048dcb0,C:\Projects\Wizardry 8\Engine Code\stCube.cpp,298,psrTexture,
wiz8--gog-1261--wiz8new--57a3072c2f83,0048dd6f,register-indirect,0048dcb0,C:\Projects\Wizardry 8\Engine Code\stCube.cpp,304,pBuffer,
wiz8--gog-1261--wiz8new--57a3072c2f83,0048e625,direct,0048e470,C:\Projects\Wizardry 8\Engine Code\stCube.cpp,968,pCube->pUserdata,
wiz8--gog-1261--wiz8new--57a3072c2f83,0048ea4a,direct,0048e7b0,C:\Projects\Wizardry 8\Engine Code\stCube.cpp,267,pCube,
wiz8--gog-1261--wiz8new--57a3072c2f83,0048ef73,direct,0048ef40,C:\Projects\Wizardry 8\Engine Code\stCube.cpp,968,pCube->pUserdata,
wiz8--gog-1261--wiz8new--57a3072c2f83,00490c93,register-indirect,00490c60,C:\Projects\Wizardry 8\Engine Code\Cursor3d.cpp,392,gp3DCursor,
wiz8--gog-1261--wiz8new--57a3072c2f83,00490cb2,register-indirect,00490c60,C:\Projects\Wizardry 8\Engine Code\Cursor3d.cpp,393,gp3DCursor->fEnabled,
wiz8--gog-1261--wiz8new--57a3072c2f83,00497c21,direct,00497af0,C:\Projects\Wizardry 8\Engine Code\stParticle.cpp,65,cnt < 10000,
wiz8--gog-1261--wiz8new--57a3072c2f83,00498355,direct,00498180,C:\Projects\Wizardry 8\Engine Code\stParticle.cpp,218,pLoc,
wiz8--gog-1261--wiz8new--57a3072c2f83,004983e1,direct,00498180,C:\Projects\Wizardry 8\Engine Code\stParticle.cpp,228,vUV,
wiz8--gog-1261--wiz8new--57a3072c2f83,0049842a,direct,00498180,C:\Projects\Wizardry 8\Engine Code\stParticle.cpp,229,vLoc,
wiz8--gog-1261--wiz8new--57a3072c2f83,00498473,direct,00498180,C:\Projects\Wizardry 8\Engine Code\stParticle.cpp,231,pVertex,
wiz8--gog-1261--wiz8new--57a3072c2f83,0049ad72,direct,0049acd0,C:\Projects\Wizardry 8\Engine Code\stParticle.cpp,1210,m_pflFlutterAngle,
wiz8--gog-1261--wiz8new--57a3072c2f83,0049e67f,direct,0049e500,C:\Projects\Wizardry 8\Engine Code\OctSubMesh.cpp,261,fSuccess,
wiz8--gog-1261--wiz8new--57a3072c2f83,0049e6b1,direct,0049e500,C:\Projects\Wizardry 8\Engine Code\OctSubMesh.cpp,265,fSuccess,
wiz8--gog-1261--wiz8new--57a3072c2f83,0049e702,register-indirect,0049e500,C:\Projects\Wizardry 8\Engine Code\OctSubMesh.cpp,271,fSuccess,
wiz8--gog-1261--wiz8new--57a3072c2f83,0049e757,register-indirect,0049e500,C:\Projects\Wizardry 8\Engine Code\OctSubMesh.cpp,278,fSuccess,
wiz8--gog-1261--wiz8new--57a3072c2f83,0049e79d,register-indirect,0049e500,C:\Projects\Wizardry 8\Engine Code\OctSubMesh.cpp,287,fSuccess,
wiz8--gog-1261--wiz8new--57a3072c2f83,0049e7de,register-indirect,0049e500,C:\Projects\Wizardry 8\Engine Code\OctSubMesh.cpp,293,fSuccess,
wiz8--gog-1261--wiz8new--57a3072c2f83,0049e824,register-indirect,0049e500,C:\Projects\Wizardry 8\Engine Code\OctSubMesh.cpp,298,fSuccess,
wiz8--gog-1261--wiz8new--57a3072c2f83,0049e863,register-indirect,0049e500,C:\Projects\Wizardry 8\Engine Code\OctSubMesh.cpp,304,fSuccess,
wiz8--gog-1261--wiz8new--57a3072c2f83,0049e8a4,register-indirect,0049e500,C:\Projects\Wizardry 8\Engine Code\OctSubMesh.cpp,310,fSuccess,
wiz8--gog-1261--wiz8new--57a3072c2f83,0049e8e7,direct,0049e500,C:\Projects\Wizardry 8\Engine Code\OctSubMesh.cpp,316,fSuccess,
wiz8--gog-1261--wiz8new--57a3072c2f83,0049e93b,direct,0049e500,C:\Projects\Wizardry 8\Engine Code\OctSubMesh.cpp,323,fSuccess,
wiz8--gog-1261--wiz8new--57a3072c2f83,0049ecb0,direct,0049e500,C:\Projects\Wizardry 8\Engine Code\OctSubMesh.cpp,429,m_plVertMats[iCount] >= 0,
wiz8--gog-1261--wiz8new--57a3072c2f83,0049ee0c,direct,0049e500,C:\Projects\Wizardry 8\Engine Code\OctSubMesh.cpp,466,m_plVertMats[iCount] >= 0,
wiz8--gog-1261--wiz8new--57a3072c2f83,0049f1a7,direct,0049f120,C:\Projects\Wizardry 8\Engine Code\Item.cpp,126,pInfo && pInfo->hFile && pItem,
wiz8--gog-1261--wiz8new--57a3072c2f83,0049f207,direct,0049f120,C:\Projects\Wizardry 8\Engine Code\Item.cpp,140,fSuccess && psrMesh,
wiz8--gog-1261--wiz8new--57a3072c2f83,0049f4ca,direct,0049f4a0,C:\Projects\Wizardry 8\Engine Code\Item.cpp,282,pacName && ppItem,
wiz8--gog-1261--wiz8new--57a3072c2f83,0049f60b,register-indirect,0049f4a0,C:\Projects\Wizardry 8\Engine Code\Item.cpp,349,pInfo,
wiz8--gog-1261--wiz8new--57a3072c2f83,0049f6e7,register-indirect,0049f4a0,C:\Projects\Wizardry 8\Engine Code\Item.cpp,353,pItem,
wiz8--gog-1261--wiz8new--57a3072c2f83,0049f759,direct,0049f4a0,C:\Projects\Wizardry 8\Engine Code\Item.cpp,458,m_pRep,
wiz8--gog-1261--wiz8new--57a3072c2f83,0049f928,register-indirect,0049f900,C:\Projects\Wizardry 8\Engine Code\Item.cpp,529,pWorld,
wiz8--gog-1261--wiz8new--57a3072c2f83,0049f959,register-indirect,0049f900,C:\Projects\Wizardry 8\Engine Code\Item.cpp,537,psrMesh,
wiz8--gog-1261--wiz8new--57a3072c2f83,0049fa53,register-indirect,0049f900,C:\Projects\Wizardry 8\Engine Code\Item.cpp,586,pWorld,
wiz8--gog-1261--wiz8new--57a3072c2f83,0049fa72,register-indirect,0049f900,C:\Projects\Wizardry 8\Engine Code\Item.cpp,591,psrMesh,
wiz8--gog-1261--wiz8new--57a3072c2f83,0049fac2,direct,0049faa0,C:\Projects\Wizardry 8\Engine Code\Item.cpp,614,m_pRep->m_psrMesh,
wiz8--gog-1261--wiz8new--57a3072c2f83,004a01c0,direct,004a01a0,C:\Projects\Wizardry 8\Engine Code\AnimObj.cpp,36,pao,
wiz8--gog-1261--wiz8new--57a3072c2f83,004a0345,direct,004a0320,C:\Projects\Wizardry 8\Engine Code\AnimObj.cpp,36,pao,
wiz8--gog-1261--wiz8new--57a3072c2f83,004a04c7,direct,004a0320,C:\Projects\Wizardry 8\Engine Code\AnimObj.cpp,657,pao,
wiz8--gog-1261--wiz8new--57a3072c2f83,004a0617,register-indirect,004a05c0,C:\Projects\Wizardry 8\Engine Code\AnimObj.cpp,239,pInfo && pInfo->hFile && pao,
wiz8--gog-1261--wiz8new--57a3072c2f83,004a0790,register-indirect,004a05c0,C:\Projects\Wizardry 8\Engine Code\AnimObj.cpp,279,fSuccess,
wiz8--gog-1261--wiz8new--57a3072c2f83,004a08c9,direct,004a05c0,C:\Projects\Wizardry 8\Engine Code\AnimObj.cpp,300,pao->pfKnownBBoxFrames && pao->pvecBoundMin && pao->pvecBoundMax,
wiz8--gog-1261--wiz8new--57a3072c2f83,004a106f,direct,004a05c0,C:\Projects\Wizardry 8\Engine Code\AnimObj.cpp,434,0,AnimObjReadFromFile: Where is the light list?
wiz8--gog-1261--wiz8new--57a3072c2f83,004a10f7,direct,004a05c0,C:\Projects\Wizardry 8\Engine Code\AnimObj.cpp,453,fSuccess,
wiz8--gog-1261--wiz8new--57a3072c2f83,004a1269,direct,004a05c0,C:\Projects\Wizardry 8\Engine Code\AnimObj.cpp,512,fSuccess,
wiz8--gog-1261--wiz8new--57a3072c2f83,004a12bc,direct,004a05c0,C:\Projects\Wizardry 8\Engine Code\AnimObj.cpp,520,fSuccess,
wiz8--gog-1261--wiz8new--57a3072c2f83,004a1310,direct,004a05c0,C:\Projects\Wizardry 8\Engine Code\AnimObj.cpp,527,fSuccess,
wiz8--gog-1261--wiz8new--57a3072c2f83,004a1355,direct,004a05c0,C:\Projects\Wizardry 8\Engine Code\AnimObj.cpp,535,fSuccess,
wiz8--gog-1261--wiz8new--57a3072c2f83,004a13ea,direct,004a05c0,C:\Projects\Wizardry 8\Engine Code\AnimObj.cpp,657,pao,
wiz8--gog-1261--wiz8new--57a3072c2f83,004a1434,direct,004a05c0,C:\Projects\Wizardry 8\Engine Code\AnimObj.cpp,657,pao,
wiz8--gog-1261--wiz8new--57a3072c2f83,004a1477,direct,004a05c0,C:\Projects\Wizardry 8\Engine Code\AnimObj.cpp,657,pao,
wiz8--gog-1261--wiz8new--57a3072c2f83,004a14ea,direct,004a14d0,C:\Projects\Wizardry 8\Engine Code\AnimObj.cpp,579,pao,
wiz8--gog-1261--wiz8new--57a3072c2f83,004a157a,direct,004a1560,C:\Projects\Wizardry 8\Engine Code\AnimObj.cpp,620,pao,
wiz8--gog-1261--wiz8new--57a3072c2f83,004a15e9,direct,004a15d0,C:\Projects\Wizardry 8\Engine Code\AnimObj.cpp,657,pao,
wiz8--gog-1261--wiz8new--57a3072c2f83,004a1639,direct,004a1620,C:\Projects\Wizardry 8\Engine Code\AnimObj.cpp,679,pao,
wiz8--gog-1261--wiz8new--57a3072c2f83,004a1679,direct,004a1660,C:\Projects\Wizardry 8\Engine Code\AnimObj.cpp,701,pao,
wiz8--gog-1261--wiz8new--57a3072c2f83,004a16d9,direct,004a16c0,C:\Projects\Wizardry 8\Engine Code\AnimObj.cpp,723,pao,
wiz8--gog-1261--wiz8new--57a3072c2f83,004a173d,register-indirect,004a1710,C:\Projects\Wizardry 8\Engine Code\AnimObj.cpp,767,pao,
wiz8--gog-1261--wiz8new--57a3072c2f83,004a18ee,direct,004a1710,C:\Projects\Wizardry 8\Engine Code\AnimObj.cpp,798,pao->pfKnownBBoxFrames && pao->pvecBoundMin && pao->pvecBoundMax,
wiz8--gog-1261--wiz8new--57a3072c2f83,004a194a,direct,004a1710,C:\Projects\Wizardry 8\Engine Code\AnimObj.cpp,679,pao,
wiz8--gog-1261--wiz8new--57a3072c2f83,004a19cb,direct,004a1710,C:\Projects\Wizardry 8\Engine Code\AnimObj.cpp,620,pao,
wiz8--gog-1261--wiz8new--57a3072c2f83,004a1a20,direct,004a1710,C:\Projects\Wizardry 8\Engine Code\AnimObj.cpp,723,pao,
wiz8--gog-1261--wiz8new--57a3072c2f83,004a1b6b,direct,004a1710,C:\Projects\Wizardry 8\Engine Code\AnimObj.cpp,620,pao,
wiz8--gog-1261--wiz8new--57a3072c2f83,004a1bc4,direct,004a1710,C:\Projects\Wizardry 8\Engine Code\AnimObj.cpp,723,pao,
wiz8--gog-1261--wiz8new--57a3072c2f83,004a1dd9,direct,004a1dc0,C:\Projects\Wizardry 8\Engine Code\AnimObj.cpp,945,pao,
wiz8--gog-1261--wiz8new--57a3072c2f83,004a2172,direct,004a2140,..\Engine Code\Include\stLight.hpp,86,pNew,
wiz8--gog-1261--wiz8new--57a3072c2f83,004a22dc,direct,004a2230,..\Engine Code\Include\stLight.hpp,147,pNew,
wiz8--gog-1261--wiz8new--57a3072c2f83,004a2731,direct,004a2670,C:\Projects\Wizardry 8\Engine Code\Missile.cpp,126,pao,
wiz8--gog-1261--wiz8new--57a3072c2f83,004a27de,direct,004a27c0,C:\Projects\Wizardry 8\Engine Code\Missile.cpp,200,pWorld,
wiz8--gog-1261--wiz8new--57a3072c2f83,004a2cd8,direct,004a28d0,C:\Projects\Wizardry 8\Engine Code\Missile.cpp,288,pMissile->GrObject::GetAI(),
wiz8--gog-1261--wiz8new--57a3072c2f83,004a2f4f,direct,004a2db0,C:\Projects\Wizardry 8\Engine Code\Missile.cpp,388,plsNewLights,Out of memory creating monster light list
wiz8--gog-1261--wiz8new--57a3072c2f83,004a303c,direct,004a2db0,C:\Projects\Wizardry 8\Engine Code\Missile.cpp,396,pstNewLight,Out of memory creating monster light
wiz8--gog-1261--wiz8new--57a3072c2f83,004a339d,direct,004a3300,C:\Projects\Wizardry 8\Engine Code\Missile.cpp,479,pInfo && pInfo->hFile && pMissile,
wiz8--gog-1261--wiz8new--57a3072c2f83,004a35dd,register-indirect,004a3300,C:\Projects\Wizardry 8\Engine Code\Missile.cpp,1003,pMissile,
wiz8--gog-1261--wiz8new--57a3072c2f83,004a35fb,register-indirect,004a3300,C:\Projects\Wizardry 8\Engine Code\Missile.cpp,1009,pAI->ubAIType == AI_TYPE_MISSILE,
wiz8--gog-1261--wiz8new--57a3072c2f83,004a3620,register-indirect,004a3300,C:\Projects\Wizardry 8\Engine Code\Missile.cpp,645,*ppMissile,
wiz8--gog-1261--wiz8new--57a3072c2f83,004a3813,direct,004a3300,C:\Projects\Wizardry 8\Engine Code\Missile.cpp,815,pacName,
wiz8--gog-1261--wiz8new--57a3072c2f83,004a3946,direct,004a3300,C:\Projects\Wizardry 8\Engine Code\Missile.cpp,815,pacName,
wiz8--gog-1261--wiz8new--57a3072c2f83,004a3a13,direct,004a3300,C:\Projects\Wizardry 8\Engine Code\Missile.cpp,815,pacName,
wiz8--gog-1261--wiz8new--57a3072c2f83,004a3de8,direct,004a3c10,C:\Projects\Wizardry 8\Engine Code\Missile.cpp,910,m_pRep,
wiz8--gog-1261--wiz8new--57a3072c2f83,004a424a,register-indirect,004a4180,C:\Projects\Wizardry 8\Engine Code\Missile.cpp,1195,pMissile,
wiz8--gog-1261--wiz8new--57a3072c2f83,004a42ce,direct,004a4180,C:\Projects\Wizardry 8\Engine Code\Missile.cpp,1215,bCycle<MISSILE_NUM_CYCLES,
wiz8--gog-1261--wiz8new--57a3072c2f83,004a4330,direct,004a4300,C:\Projects\Wizardry 8\Engine Code\Missile.cpp,1238,bCycle >= MISSILE_CYCLE_FIRST && bCycle <= MISSILE_CYCLE_LAST,
wiz8--gog-1261--wiz8new--57a3072c2f83,004a461c,direct,004a45f0,C:\Projects\Wizardry 8\Engine Code\Missile.cpp,1374,pao,
wiz8--gog-1261--wiz8new--57a3072c2f83,004a4a00,direct,004a49e0,C:\Projects\Wizardry 8\Engine Code\Missile.cpp,1733,m_Source.iType == SOURCE_TYPE_CHAR,
wiz8--gog-1261--wiz8new--57a3072c2f83,004a53c2,direct,004a53a0,C:\Projects\Wizardry 8\Engine Code\Missile.cpp,2157,pAIMissile,
wiz8--gog-1261--wiz8new--57a3072c2f83,004a56a6,direct,004a5450,C:\Projects\Wizardry 8\Engine Code\Missile.cpp,2262,s_pMissileTable,
wiz8--gog-1261--wiz8new--57a3072c2f83,004a6121,direct,004a5f20,C:\Projects\Wizardry 8\Engine Code\GrCycle.cpp,203,pstLight,Out of memory creating monster light
wiz8--gog-1261--wiz8new--57a3072c2f83,004a629b,direct,004a5f20,C:\Projects\Wizardry 8\Engine Code\GrCycle.cpp,227,m_plsShakeEvents,
wiz8--gog-1261--wiz8new--57a3072c2f83,004a6318,direct,004a5f20,C:\Projects\Wizardry 8\Engine Code\GrCycle.cpp,233,pEvent,
wiz8--gog-1261--wiz8new--57a3072c2f83,004a6430,direct,004a5f20,C:\Projects\Wizardry 8\Engine Code\GrCycle.cpp,246,m_plsParticles,
wiz8--gog-1261--wiz8new--57a3072c2f83,004a64f9,direct,004a5f20,C:\Projects\Wizardry 8\Engine Code\GrCycle.cpp,102,m_pstParticles,
wiz8--gog-1261--wiz8new--57a3072c2f83,004a652e,direct,004a5f20,C:\Projects\Wizardry 8\Engine Code\GrCycle.cpp,251,pPartSys,
wiz8--gog-1261--wiz8new--57a3072c2f83,004a6811,direct,004a67e0,C:\Projects\Wizardry 8\Engine Code\GrCycle.cpp,374,pacName && ppCycle,
wiz8--gog-1261--wiz8new--57a3072c2f83,004a694f,direct,004a67e0,C:\Projects\Wizardry 8\Engine Code\GrCycle.cpp,408,fSuccess,
wiz8--gog-1261--wiz8new--57a3072c2f83,004a69b3,register-indirect,004a6970,C:\Projects\Wizardry 8\Engine Code\GrCycle.cpp,442,pInfo,
wiz8--gog-1261--wiz8new--57a3072c2f83,004a6a1c,register-indirect,004a6970,C:\Projects\Wizardry 8\Engine Code\GrCycle.cpp,466,pCycle,
wiz8--gog-1261--wiz8new--57a3072c2f83,004a6a83,register-indirect,004a6970,C:\Projects\Wizardry 8\Engine Code\GrCycle.cpp,486,fSuccess,
wiz8--gog-1261--wiz8new--57a3072c2f83,004a6c3e,direct,004a6970,C:\Projects\Wizardry 8\Engine Code\GrCycle.cpp,513,pPartSys,
wiz8--gog-1261--wiz8new--57a3072c2f83,004a7077,direct,004a6fc0,C:\Projects\Wizardry 8\Engine Code\GrCycle.cpp,1598,(bBehaviour >= BEHAVIOUR_FIRST) && (bBehaviour <= BEHAVIOUR_LAST),
wiz8--gog-1261--wiz8new--57a3072c2f83,004a743f,direct,004a7420,C:\Projects\Wizardry 8\Engine Code\GrCycle.cpp,942,pRep,
wiz8--gog-1261--wiz8new--57a3072c2f83,004a74a6,register-indirect,004a7470,C:\Projects\Wizardry 8\Engine Code\GrCycle.cpp,977,pWorld,
wiz8--gog-1261--wiz8new--57a3072c2f83,004a7526,direct,004a7470,C:\Projects\Wizardry 8\Engine Code\GrCycle.cpp,996,psrMesh,
wiz8--gog-1261--wiz8new--57a3072c2f83,004a7731,direct,004a7470,C:\Projects\Wizardry 8\Engine Code\GrCycle.cpp,1039,psrMesh,
wiz8--gog-1261--wiz8new--57a3072c2f83,004a7aeb,direct,004a7470,C:\Projects\Wizardry 8\Engine Code\GrCycle.cpp,1142,psrMesh,
wiz8--gog-1261--wiz8new--57a3072c2f83,004a7b57,direct,004a7470,C:\Projects\Wizardry 8\Engine Code\GrCycle.cpp,1156,pWorld,
wiz8--gog-1261--wiz8new--57a3072c2f83,004a7e29,direct,004a7dd0,C:\Projects\Wizardry 8\Engine Code\GrCycle.cpp,1345,0,
wiz8--gog-1261--wiz8new--57a3072c2f83,004a82d8,register-indirect,004a8250,C:\Projects\Wizardry 8\Engine Code\GrCycle.cpp,1521,bLOD >= 0 && bLOD < NUM_LODS,
wiz8--gog-1261--wiz8new--57a3072c2f83,004a82f2,register-indirect,004a8250,C:\Projects\Wizardry 8\Engine Code\GrCycle.cpp,1522,bFrame >= 0,
wiz8--gog-1261--wiz8new--57a3072c2f83,004a8310,register-indirect,004a8250,C:\Projects\Wizardry 8\Engine Code\GrCycle.cpp,1523,bCycle >= 0,
wiz8--gog-1261--wiz8new--57a3072c2f83,004a8388,register-indirect,004a8250,C:\Projects\Wizardry 8\Engine Code\GrCycle.cpp,1521,bLOD >= 0 && bLOD < NUM_LODS,
wiz8--gog-1261--wiz8new--57a3072c2f83,004a83a6,register-indirect,004a8250,C:\Projects\Wizardry 8\Engine Code\GrCycle.cpp,1522,bFrame >= 0,
wiz8--gog-1261--wiz8new--57a3072c2f83,004a83c4,register-indirect,004a8250,C:\Projects\Wizardry 8\Engine Code\GrCycle.cpp,1523,bCycle >= 0,
wiz8--gog-1261--wiz8new--57a3072c2f83,004a8488,direct,004a8430,C:\Projects\Wizardry 8\Engine Code\GrCycle.cpp,1598,(bBehaviour >= BEHAVIOUR_FIRST) && (bBehaviour <= BEHAVIOUR_LAST),
wiz8--gog-1261--wiz8new--57a3072c2f83,004a84e8,direct,004a84c0,C:\Projects\Wizardry 8\Engine Code\GrCycle.cpp,1656,!m_fDeleteLights || (m_fDeleteLights && !m_plsLights),
wiz8--gog-1261--wiz8new--57a3072c2f83,004a869d,register-indirect,004a8650,C:\Projects\Wizardry 8\Engine Code\GrCycle.cpp,1732,plsCyclesOfAName->Length(),
wiz8--gog-1261--wiz8new--57a3072c2f83,004a8743,direct,004a8650,C:\Projects\Wizardry 8\Engine Code\GrCycle.cpp,1766,plsCyclesOfAName->Length(),
wiz8--gog-1261--wiz8new--57a3072c2f83,004a8815,direct,004a87a0,C:\Projects\Wizardry 8\Engine Code\GrCycle.cpp,1801,plsCyclesOfThisName->Length(),
wiz8--gog-1261--wiz8new--57a3072c2f83,004a8875,direct,004a87a0,C:\Projects\Wizardry 8\Engine Code\GrCycle.cpp,1830,plsCyclesOfAName->Length(),
wiz8--gog-1261--wiz8new--57a3072c2f83,004a8aa7,direct,004a87a0,C:\Projects\Wizardry 8\Engine Code\GrCycle.cpp,1891,plsCyclesOfThisName->Length(),
wiz8--gog-1261--wiz8new--57a3072c2f83,004a922e,direct,004a91f0,C:\Projects\Wizardry 8\Engine Code\PathAI.CPP,1429,pPathAI&&pRep,
wiz8--gog-1261--wiz8new--57a3072c2f83,004a93fb,register-indirect,004a91f0,C:\Projects\Wizardry 8\Engine Code\PathAI.CPP,260,pPathAI->pRotations,
wiz8--gog-1261--wiz8new--57a3072c2f83,004a9442,register-indirect,004a91f0,C:\Projects\Wizardry 8\Engine Code\PathAI.CPP,266,pPathAI->pvecScales,
wiz8--gog-1261--wiz8new--57a3072c2f83,004a98ff,direct,004a9810,C:\Projects\Wizardry 8\Engine Code\PathAI.CPP,495,pPathAI,
wiz8--gog-1261--wiz8new--57a3072c2f83,004a9c63,direct,004a9bb0,C:\Projects\Wizardry 8\Engine Code\PathAI.CPP,662,pPathAI,
wiz8--gog-1261--wiz8new--57a3072c2f83,004a9c81,direct,004a9bb0,C:\Projects\Wizardry 8\Engine Code\PathAI.CPP,663,pPathAI->plsPoints,
wiz8--gog-1261--wiz8new--57a3072c2f83,004a9de4,direct,004a9bb0,C:\Projects\Wizardry 8\Engine Code\PathAI.CPP,1134,pPathAI,
wiz8--gog-1261--wiz8new--57a3072c2f83,004a9f39,direct,004a9f20,C:\Projects\Wizardry 8\Engine Code\PathAI.CPP,1083,pPathAI,
wiz8--gog-1261--wiz8new--57a3072c2f83,004a9f7c,direct,004a9f60,C:\Projects\Wizardry 8\Engine Code\PathAI.CPP,1134,pPathAI,
wiz8--gog-1261--wiz8new--57a3072c2f83,004aa210,direct,004aa1f0,C:\Projects\Wizardry 8\Engine Code\PathAI.CPP,1312,pPathAI,
wiz8--gog-1261--wiz8new--57a3072c2f83,004aa396,register-indirect,004aa370,C:\Projects\Wizardry 8\Engine Code\PathAI.CPP,1511,pPathAI,
wiz8--gog-1261--wiz8new--57a3072c2f83,004aa3bc,register-indirect,004aa370,C:\Projects\Wizardry 8\Engine Code\PathAI.CPP,1512,pPathAI->flPosition>=0.0f,
wiz8--gog-1261--wiz8new--57a3072c2f83,004aa9e9,direct,004aa9d0,C:\Projects\Wizardry 8\Engine Code\PathAI.CPP,1756,pPathAI,
wiz8--gog-1261--wiz8new--57a3072c2f83,004aaa29,direct,004aaa10,C:\Projects\Wizardry 8\Engine Code\PathAI.CPP,1774,pPathAI,
wiz8--gog-1261--wiz8new--57a3072c2f83,004aab9e,direct,004aab80,C:\Projects\Wizardry 8\Engine Code\Spells.cpp,304,pWorld,
wiz8--gog-1261--wiz8new--57a3072c2f83,004aaedd,direct,004aad20,C:\Projects\Wizardry 8\Engine Code\Spells.cpp,408,plsNewLights,Out of memory creating monster light list
wiz8--gog-1261--wiz8new--57a3072c2f83,004aafca,direct,004aad20,C:\Projects\Wizardry 8\Engine Code\Spells.cpp,416,pstNewLight,Out of memory creating monster light
wiz8--gog-1261--wiz8new--57a3072c2f83,004ab2e4,direct,004ab1c0,C:\Projects\Wizardry 8\Engine Code\Spells.cpp,512,pao,
wiz8--gog-1261--wiz8new--57a3072c2f83,004ab3e9,direct,004ab340,C:\Projects\Wizardry 8\Engine Code\Spells.cpp,602,pInfo && pInfo->hFile && pSpell,
wiz8--gog-1261--wiz8new--57a3072c2f83,004ab68e,register-indirect,004ab340,C:\Projects\Wizardry 8\Engine Code\Spells.cpp,1030,pSpell,
wiz8--gog-1261--wiz8new--57a3072c2f83,004ab6b0,register-indirect,004ab340,C:\Projects\Wizardry 8\Engine Code\Spells.cpp,760,*ppSpell,
wiz8--gog-1261--wiz8new--57a3072c2f83,004ab792,direct,004ab340,C:\Projects\Wizardry 8\Engine Code\Spells.cpp,1330,pacName,
wiz8--gog-1261--wiz8new--57a3072c2f83,004ab903,direct,004ab340,C:\Projects\Wizardry 8\Engine Code\Spells.cpp,1330,pacName,
wiz8--gog-1261--wiz8new--57a3072c2f83,004ab9d0,direct,004ab340,C:\Projects\Wizardry 8\Engine Code\Spells.cpp,1330,pacName,
wiz8--gog-1261--wiz8new--57a3072c2f83,004abb5d,direct,004ab340,C:\Projects\Wizardry 8\Engine Code\Spells.cpp,869,*ppSpell,
wiz8--gog-1261--wiz8new--57a3072c2f83,004abcbe,direct,004abbb0,C:\Projects\Wizardry 8\Engine Code\Spells.cpp,960,m_pRep,
wiz8--gog-1261--wiz8new--57a3072c2f83,004ac404,direct,004ac390,C:\Projects\Wizardry 8\Engine Code\Spells.cpp,1308,pSpell,
wiz8--gog-1261--wiz8new--57a3072c2f83,004ac4fe,direct,004ac4e0,C:\Projects\Wizardry 8\Engine Code\Spells.cpp,1370,bCycle<SPELL_NUM_CYCLES,
wiz8--gog-1261--wiz8new--57a3072c2f83,004ac5a4,direct,004ac530,C:\Projects\Wizardry 8\Engine Code\Spells.cpp,1473,bCycle >= SPELL_CYCLE_FIRST && bCycle <= SPELL_CYCLE_LAST,
wiz8--gog-1261--wiz8new--57a3072c2f83,004ac8cc,direct,004ac8a0,C:\Projects\Wizardry 8\Engine Code\Spells.cpp,1619,pao,
wiz8--gog-1261--wiz8new--57a3072c2f83,004accb9,direct,004ac8a0,C:\Projects\Wizardry 8\Engine Code\Spells.cpp,1908,s_pSpellTable,
wiz8--gog-1261--wiz8new--57a3072c2f83,004acdac,register-indirect,004acd80,C:\Projects\Wizardry 8\Engine Code\Spells.cpp,2089,pMonster,
wiz8--gog-1261--wiz8new--57a3072c2f83,004acdcb,register-indirect,004acd80,C:\Projects\Wizardry 8\Engine Code\Spells.cpp,2091,pMonRep,
wiz8--gog-1261--wiz8new--57a3072c2f83,004acdeb,register-indirect,004acd80,C:\Projects\Wizardry 8\Engine Code\Spells.cpp,2092,pMonRep->GetSpellIcons(),
wiz8--gog-1261--wiz8new--57a3072c2f83,004ace17,register-indirect,004acd80,C:\Projects\Wizardry 8\Engine Code\Spells.cpp,2095,iIcon != SPELL_ICON_NONE,
wiz8--gog-1261--wiz8new--57a3072c2f83,004ace87,register-indirect,004acd80,C:\Projects\Wizardry 8\Engine Code\Spells.cpp,2075,pSpellMI,
wiz8--gog-1261--wiz8new--57a3072c2f83,004acfaa,direct,004acf90,C:\Projects\Wizardry 8\Engine Code\Spells.cpp,2130,pMonster,
wiz8--gog-1261--wiz8new--57a3072c2f83,004acfcd,direct,004acf90,C:\Projects\Wizardry 8\Engine Code\Spells.cpp,2132,pMonRep,
wiz8--gog-1261--wiz8new--57a3072c2f83,004ad017,direct,004acf90,C:\Projects\Wizardry 8\Engine Code\Spells.cpp,2075,pSpellMI,
wiz8--gog-1261--wiz8new--57a3072c2f83,004ad0b5,direct,004ad080,C:\Projects\Wizardry 8\Engine Code\Spells.cpp,2169,pMLS && strlen(pMLS),
wiz8--gog-1261--wiz8new--57a3072c2f83,004ad45d,direct,004ad430,C:\Projects\Wizardry 8\Engine Code\Spells.cpp,2228,pMLS && strlen(pMLS),
wiz8--gog-1261--wiz8new--57a3072c2f83,004ad663,register-indirect,004ad630,C:\Projects\Wizardry 8\Engine Code\Spells.cpp,2281,pMLS && strlen(pMLS),
wiz8--gog-1261--wiz8new--57a3072c2f83,004ad680,register-indirect,004ad630,C:\Projects\Wizardry 8\Engine Code\Spells.cpp,2282,pMonster,
wiz8--gog-1261--wiz8new--57a3072c2f83,004ad8cd,direct,004ad8a0,C:\Projects\Wizardry 8\Engine Code\Spells.cpp,2367,pMLS && strlen(pMLS),
wiz8--gog-1261--wiz8new--57a3072c2f83,004adb4d,direct,004adb20,C:\Projects\Wizardry 8\Engine Code\Spells.cpp,2449,pMLS && strlen(pMLS),
wiz8--gog-1261--wiz8new--57a3072c2f83,004b1b27,register-indirect,004b19f0,C:\Projects\Wizardry 8\Engine Code\OctBuildPreTree.cpp,1777,m_pulRegPaths,
wiz8--gog-1261--wiz8new--57a3072c2f83,004b1b7d,register-indirect,004b19f0,C:\Projects\Wizardry 8\Engine Code\OctBuildPreTree.cpp,1779,m_psrvRegCenters,
wiz8--gog-1261--wiz8new--57a3072c2f83,004b546a,direct,004b53d0,C:\Projects\Wizardry 8\Engine Code\AnimRep.cpp,78,gpsrTimer,
wiz8--gog-1261--wiz8new--57a3072c2f83,004b5587,direct,004b54a0,C:\Projects\Wizardry 8\Engine Code\AnimRep.cpp,100,gpsrTimer,
wiz8--gog-1261--wiz8new--57a3072c2f83,004b55e0,direct,004b55c0,C:\Projects\Wizardry 8\Engine Code\AnimRep.cpp,106,bFrameMethod >= DIR_FIRST && bFrameMethod <= DIR_LAST,
wiz8--gog-1261--wiz8new--57a3072c2f83,004b580b,register-indirect,004b57e0,C:\Projects\Wizardry 8\Engine Code\AniMesh.cpp,114,pAniMesh,
wiz8--gog-1261--wiz8new--57a3072c2f83,004b5847,register-indirect,004b57e0,C:\Projects\Wizardry 8\Engine Code\AniMesh.cpp,122,pAniMesh->strBitmapDir,
wiz8--gog-1261--wiz8new--57a3072c2f83,004b5861,register-indirect,004b57e0,C:\Projects\Wizardry 8\Engine Code\AniMesh.cpp,123,pAniMesh->strFilename,
wiz8--gog-1261--wiz8new--57a3072c2f83,004b589a,direct,004b5880,C:\Projects\Wizardry 8\Engine Code\AniMesh.cpp,145,pAniMesh,
wiz8--gog-1261--wiz8new--57a3072c2f83,004b58ec,direct,004b58d0,C:\Projects\Wizardry 8\Engine Code\AniMesh.cpp,176,pOther,
wiz8--gog-1261--wiz8new--57a3072c2f83,004b5918,direct,004b58d0,C:\Projects\Wizardry 8\Engine Code\AniMesh.cpp,180,pAniMesh,
wiz8--gog-1261--wiz8new--57a3072c2f83,004b59b6,direct,004b58d0,C:\Projects\Wizardry 8\Engine Code\AniMesh.cpp,198,pAniMesh->strBitmapDir,
wiz8--gog-1261--wiz8new--57a3072c2f83,004b59d7,direct,004b58d0,C:\Projects\Wizardry 8\Engine Code\AniMesh.cpp,199,pAniMesh->strFilename,
wiz8--gog-1261--wiz8new--57a3072c2f83,004b5a4e,direct,004b58d0,C:\Projects\Wizardry 8\Engine Code\AniMesh.cpp,212,pAniMesh->ppsrMeshes,
wiz8--gog-1261--wiz8new--57a3072c2f83,004b5ab1,direct,004b58d0,C:\Projects\Wizardry 8\Engine Code\AniMesh.cpp,222,pAniMesh->ppsrMeshes,
wiz8--gog-1261--wiz8new--57a3072c2f83,004b5b53,direct,004b5b30,C:\Projects\Wizardry 8\Engine Code\AniMesh.cpp,261,pInfo&&pAniMesh,
wiz8--gog-1261--wiz8new--57a3072c2f83,004b5d58,direct,004b5d00,C:\Projects\Wizardry 8\Engine Code\AniMesh.cpp,409,0,
wiz8--gog-1261--wiz8new--57a3072c2f83,004b5dc4,direct,004b5d00,C:\Projects\Wizardry 8\Engine Code\AniMesh.cpp,429,fSuccess,
wiz8--gog-1261--wiz8new--57a3072c2f83,004b5e9e,register-indirect,004b5d00,C:\Projects\Wizardry 8\Engine Code\AniMesh.cpp,453,fSuccess,
wiz8--gog-1261--wiz8new--57a3072c2f83,004b5ef6,register-indirect,004b5d00,C:\Projects\Wizardry 8\Engine Code\AniMesh.cpp,464,pAniMesh->ppsrMeshes,
wiz8--gog-1261--wiz8new--57a3072c2f83,004b5f37,register-indirect,004b5d00,C:\Projects\Wizardry 8\Engine Code\AniMesh.cpp,475,pAniMesh->ppsrMeshes,
wiz8--gog-1261--wiz8new--57a3072c2f83,004b6066,direct,004b5d00,C:\Projects\Wizardry 8\Engine Code\AniMesh.cpp,497,fSuccess,
wiz8--gog-1261--wiz8new--57a3072c2f83,004b60e4,register-indirect,004b5d00,C:\Projects\Wizardry 8\Engine Code\AniMesh.cpp,702,pAniMesh,
wiz8--gog-1261--wiz8new--57a3072c2f83,004b6114,register-indirect,004b5d00,C:\Projects\Wizardry 8\Engine Code\AniMesh.cpp,710,0,
wiz8--gog-1261--wiz8new--57a3072c2f83,004b618f,direct,004b5d00,C:\Projects\Wizardry 8\Engine Code\AniMesh.cpp,702,pAniMesh,
wiz8--gog-1261--wiz8new--57a3072c2f83,004b61c1,direct,004b5d00,C:\Projects\Wizardry 8\Engine Code\AniMesh.cpp,710,0,
wiz8--gog-1261--wiz8new--57a3072c2f83,004b62de,register-indirect,004b6290,C:\Projects\Wizardry 8\Engine Code\AniMesh.cpp,575,fi.hFile,
wiz8--gog-1261--wiz8new--57a3072c2f83,004b6409,direct,004b63f0,C:\Projects\Wizardry 8\Engine Code\AniMesh.cpp,650,pAniMesh,
wiz8--gog-1261--wiz8new--57a3072c2f83,004b6463,direct,004b63f0,C:\Projects\Wizardry 8\Engine Code\AniMesh.cpp,710,0,
wiz8--gog-1261--wiz8new--57a3072c2f83,004b6509,direct,004b64f0,C:\Projects\Wizardry 8\Engine Code\AniMesh.cpp,702,pAniMesh,
wiz8--gog-1261--wiz8new--57a3072c2f83,004b653d,direct,004b64f0,C:\Projects\Wizardry 8\Engine Code\AniMesh.cpp,710,0,
wiz8--gog-1261--wiz8new--57a3072c2f83,004b659a,direct,004b6550,C:\Projects\Wizardry 8\Engine Code\AniMesh.cpp,750,0,
wiz8--gog-1261--wiz8new--57a3072c2f83,004b6622,direct,004b6550,C:\Projects\Wizardry 8\Engine Code\AniMesh.cpp,742,0,
wiz8--gog-1261--wiz8new--57a3072c2f83,004b6659,direct,004b6640,C:\Projects\Wizardry 8\Engine Code\AniMesh.cpp,791,pAniMesh,
wiz8--gog-1261--wiz8new--57a3072c2f83,004b668d,direct,004b6640,C:\Projects\Wizardry 8\Engine Code\AniMesh.cpp,799,0,
wiz8--gog-1261--wiz8new--57a3072c2f83,004b670a,register-indirect,004b66e0,C:\Projects\Wizardry 8\Engine Code\AniMesh.cpp,840,pAniMesh&&pflRadius,
wiz8--gog-1261--wiz8new--57a3072c2f83,004b673e,register-indirect,004b66e0,C:\Projects\Wizardry 8\Engine Code\AniMesh.cpp,848,0,
wiz8--gog-1261--wiz8new--57a3072c2f83,004b67d8,direct,004b66e0,C:\Projects\Wizardry 8\Engine Code\AniMesh.cpp,976,pAniMesh,
wiz8--gog-1261--wiz8new--57a3072c2f83,004b684f,direct,004b66e0,C:\Projects\Wizardry 8\Engine Code\AniMesh.cpp,925,0,mimp.cpp -> Tell a programmer : running out of monster memory.
wiz8--gog-1261--wiz8new--57a3072c2f83,004b6879,direct,004b6860,C:\Projects\Wizardry 8\Engine Code\AniMesh.cpp,951,pAniMesh,
wiz8--gog-1261--wiz8new--57a3072c2f83,004b6a62,direct,004b6920,C:\Projects\Wizardry 8\Engine Code\GrObject.cpp,66,m_plsSoundEvents,
wiz8--gog-1261--wiz8new--57a3072c2f83,004b6c8b,direct,004b6bd0,C:\Projects\Wizardry 8\Engine Code\GrObject.cpp,139,m_plsSoundEvents,
wiz8--gog-1261--wiz8new--57a3072c2f83,004b6fb7,register-indirect,004b6ed0,C:\Projects\Wizardry 8\Engine Code\GDProp.cpp,160,m_pGDSurfaces,
wiz8--gog-1261--wiz8new--57a3072c2f83,004b7031,register-indirect,004b6ed0,C:\Projects\Wizardry 8\Engine Code\GDProp.cpp,174,m_pVertices,
wiz8--gog-1261--wiz8new--57a3072c2f83,004b77a9,direct,004b7730,C:\Projects\Wizardry 8\Engine Code\GDProp.cpp,578,pusNewList,CheckConditionalWayPt: Couldn't allocate new waypt list.
wiz8--gog-1261--wiz8new--57a3072c2f83,004b7a48,direct,004b7830,C:\Projects\Wizardry 8\Engine Code\GDProp.cpp,653,pusNewList,CheckConditionalWayPt: Couldn't allocate new waypt list.
wiz8--gog-1261--wiz8new--57a3072c2f83,004b7c8c,register-indirect,004b7c00,C:\Projects\Wizardry 8\Engine Code\GDProp.cpp,853,FALSE,Transform prop made collideable!!!
wiz8--gog-1261--wiz8new--57a3072c2f83,004b7d37,register-indirect,004b7c00,C:\Projects\Wizardry 8\Engine Code\GDProp.cpp,868,m_pGDSurfaces,
wiz8--gog-1261--wiz8new--57a3072c2f83,004b9083,direct,004b8a70,C:\Projects\Wizardry 8\Engine Code\materials.cpp,228,*ppstMaterial,
wiz8--gog-1261--wiz8new--57a3072c2f83,004b934b,direct,004b9280,C:\Projects\Wizardry 8\Engine Code\materials.cpp,304,*ppstMaterial,
wiz8--gog-1261--wiz8new--57a3072c2f83,004b9745,direct,004b9460,C:\Projects\Wizardry 8\Engine Code\materials.cpp,401,psrTexture,
wiz8--gog-1261--wiz8new--57a3072c2f83,004b98ae,direct,004b9460,C:\Projects\Wizardry 8\Engine Code\materials.cpp,423,psrTexture,
wiz8--gog-1261--wiz8new--57a3072c2f83,004bad6b,register-indirect,004bad40,C:\Projects\Wizardry 8\Engine Code\UpdateMesh.cpp,543,pWorld,
wiz8--gog-1261--wiz8new--57a3072c2f83,004bad85,register-indirect,004bad40,C:\Projects\Wizardry 8\Engine Code\UpdateMesh.cpp,544,pWorld->Tree.pQuads,
wiz8--gog-1261--wiz8new--57a3072c2f83,004baf79,direct,004baf60,C:\Projects\Wizardry 8\Engine Code\UpdateMesh.cpp,674,pWorld,
wiz8--gog-1261--wiz8new--57a3072c2f83,004bb13f,direct,004baff0,C:\Projects\Wizardry 8\Engine Code\ReadLevel.cpp,250,psrMesh,
wiz8--gog-1261--wiz8new--57a3072c2f83,004bb645,direct,004baff0,C:\Projects\Wizardry 8\Engine Code\ReadLevel.cpp,348,fSuccess,
wiz8--gog-1261--wiz8new--57a3072c2f83,004bbb0f,direct,004bbad0,C:\Projects\Wizardry 8\Engine Code\ReadLevel.cpp,486,fSuccess,Couldn't read number of lights
wiz8--gog-1261--wiz8new--57a3072c2f83,004bbcb7,direct,004bbad0,C:\Projects\Wizardry 8\Engine Code\ReadLevel.cpp,532,fSuccess,
wiz8--gog-1261--wiz8new--57a3072c2f83,004bbef5,direct,004bbad0,C:\Projects\Wizardry 8\Engine Code\ReadLevel.cpp,593,pstLight,
wiz8--gog-1261--wiz8new--57a3072c2f83,004bce7b,register-indirect,004bce20,C:\Projects\Wizardry 8\Engine Code\ReadLevel.cpp,1435,pInfo,
wiz8--gog-1261--wiz8new--57a3072c2f83,004bce9d,register-indirect,004bce20,C:\Projects\Wizardry 8\Engine Code\ReadLevel.cpp,1436,pInfo->hFile,
wiz8--gog-1261--wiz8new--57a3072c2f83,004bcebb,register-indirect,004bce20,C:\Projects\Wizardry 8\Engine Code\ReadLevel.cpp,1437,pWorld,
wiz8--gog-1261--wiz8new--57a3072c2f83,004bceec,register-indirect,004bce20,C:\Projects\Wizardry 8\Engine Code\ReadLevel.cpp,1442,fSuccess,Error reading num clipping planes
wiz8--gog-1261--wiz8new--57a3072c2f83,004bcfbb,direct,004bce20,C:\Projects\Wizardry 8\Engine Code\ReadLevel.cpp,1454,psrClipPlane,out of memory creating clip plane
wiz8--gog-1261--wiz8new--57a3072c2f83,004bd22c,direct,004bd0d0,C:\Projects\Wizardry 8\Engine Code\ReadLevel.cpp,1534,0,Unknown particle structure version
wiz8--gog-1261--wiz8new--57a3072c2f83,004bd291,direct,004bd0d0,C:\Projects\Wizardry 8\Engine Code\ReadLevel.cpp,1539,pParticle,Error creating particle in ReadParticles()
wiz8--gog-1261--wiz8new--57a3072c2f83,004bdd21,direct,004bdc90,C:\Projects\Wizardry 8\Engine Code\ReadLevel.cpp,1747,pNamedPos,out of memory creating NamedPos
wiz8--gog-1261--wiz8new--57a3072c2f83,004bdd57,direct,004bdc90,C:\Projects\Wizardry 8\Engine Code\ReadLevel.cpp,1750,bVersion == 1,Unknown Named Position version
wiz8--gog-1261--wiz8new--57a3072c2f83,004be2c2,direct,004be200,C:\Projects\Wizardry 8\Engine Code\quad.cpp,58,pq,
wiz8--gog-1261--wiz8new--57a3072c2f83,004bf2b5,direct,004bf0f0,C:\Projects\Wizardry 8\Engine Code\Monster.cpp,485,plsNewLights,Out of memory creating monster light list
wiz8--gog-1261--wiz8new--57a3072c2f83,004bf36f,direct,004bf0f0,C:\Projects\Wizardry 8\Engine Code\Monster.cpp,493,pstNewLight,Out of memory creating monster light
wiz8--gog-1261--wiz8new--57a3072c2f83,004bf5d2,direct,004bf520,C:\Projects\Wizardry 8\Engine Code\Monster.cpp,557,pInfo && pInfo->hFile && pMonster,
wiz8--gog-1261--wiz8new--57a3072c2f83,004bf625,direct,004bf520,C:\Projects\Wizardry 8\Engine Code\Monster.cpp,3125,bCycle>=CYCLE_FIRST && bCycle<=CYCLE_LAST,
wiz8--gog-1261--wiz8new--57a3072c2f83,004bf9b6,direct,004bf520,C:\Projects\Wizardry 8\Engine Code\Monster.cpp,734,pao,
wiz8--gog-1261--wiz8new--57a3072c2f83,004bfad1,direct,004bfab0,C:\Projects\Wizardry 8\Engine Code\Monster.cpp,960,bCycle < CYCLE_NUM_UNIQUE,GetNumSubsPerCycle() -> Invalid cycle num.
wiz8--gog-1261--wiz8new--57a3072c2f83,004c006f,direct,004bfe00,C:\Projects\Wizardry 8\Engine Code\Monster.cpp,1099,rhs.m_pRep,
wiz8--gog-1261--wiz8new--57a3072c2f83,004c0386,direct,004c0170,C:\Projects\Wizardry 8\Engine Code\Monster.cpp,1235,*ppMonster,
wiz8--gog-1261--wiz8new--57a3072c2f83,004c0516,direct,004c0170,C:\Projects\Wizardry 8\Engine Code\Monster.cpp,1295,hFile,
wiz8--gog-1261--wiz8new--57a3072c2f83,004c0a3a,direct,004c0170,C:\Projects\Wizardry 8\Engine Code\Monster.cpp,1422,pSndEvent,mls pitch: Must specify a sound before specifying parameters
wiz8--gog-1261--wiz8new--57a3072c2f83,004c0aa0,direct,004c0170,C:\Projects\Wizardry 8\Engine Code\Monster.cpp,1429,pSndEvent,mls volume: Must specify a sound before specifying parameters
wiz8--gog-1261--wiz8new--57a3072c2f83,004c0b7c,direct,004c0170,C:\Projects\Wizardry 8\Engine Code\Monster.cpp,1445,pSndEvent,mls frequency: Must specify a sound before specifying parameters
wiz8--gog-1261--wiz8new--57a3072c2f83,004c145e,direct,004c0170,C:\Projects\Wizardry 8\Engine Code\Monster.cpp,1590,FALSE,
wiz8--gog-1261--wiz8new--57a3072c2f83,004c1da2,direct,004c1d20,C:\Projects\Wizardry 8\Engine Code\Monster.cpp,757,flStart <= flEnd,
wiz8--gog-1261--wiz8new--57a3072c2f83,004c202f,direct,004c2010,C:\Projects\Wizardry 8\Engine Code\Monster.cpp,1937,pacName,
wiz8--gog-1261--wiz8new--57a3072c2f83,004c2123,direct,004c2100,C:\Projects\Wizardry 8\Engine Code\Monster.cpp,2041,m_pRep,
wiz8--gog-1261--wiz8new--57a3072c2f83,004c2c7d,direct,004c2bf0,C:\Projects\Wizardry 8\Engine Code\Monster.cpp,2431,FALSE,
wiz8--gog-1261--wiz8new--57a3072c2f83,004c3644,register-indirect,004c3620,C:\Projects\Wizardry 8\Engine Code\Monster.cpp,258,m_pMonster,
wiz8--gog-1261--wiz8new--57a3072c2f83,004c3661,register-indirect,004c3620,C:\Projects\Wizardry 8\Engine Code\Monster.cpp,259,m_pParticles,
wiz8--gog-1261--wiz8new--57a3072c2f83,004c36a4,register-indirect,004c3620,..\Engine Code\Include\AnimRep.hpp,135,bBehaviour >= BEHAVIOUR_FIRST && bBehaviour <= BEHAVIOUR_LAST,
wiz8--gog-1261--wiz8new--57a3072c2f83,004c3761,direct,004c3740,C:\Projects\Wizardry 8\Engine Code\Monster.cpp,2812,bCycle < CYCLE_NUM_UNIQUE,IsCycleSupported() -> Invalid cycle num.
wiz8--gog-1261--wiz8new--57a3072c2f83,004c37b7,direct,004c3790,C:\Projects\Wizardry 8\Engine Code\Monster.cpp,2836,bCycle >= CYCLE_FIRST && bCycle <= CYCLE_LAST,
wiz8--gog-1261--wiz8new--57a3072c2f83,004c38a0,direct,004c3790,C:\Projects\Wizardry 8\Engine Code\Monster.cpp,2854,FALSE,
wiz8--gog-1261--wiz8new--57a3072c2f83,004c3927,direct,004c3790,C:\Projects\Wizardry 8\Engine Code\Monster.cpp,2883,0,
wiz8--gog-1261--wiz8new--57a3072c2f83,004c3a57,direct,004c3790,C:\Projects\Wizardry 8\Engine Code\Monster.cpp,2897,pao,
wiz8--gog-1261--wiz8new--57a3072c2f83,004c3f43,direct,004c3f00,C:\Projects\Wizardry 8\Engine Code\Monster.cpp,3150,pao,
wiz8--gog-1261--wiz8new--57a3072c2f83,004c4cbf,direct,004c4ca0,C:\Projects\Wizardry 8\Engine Code\Monster.cpp,3812,pMonsterB,
wiz8--gog-1261--wiz8new--57a3072c2f83,004c4d61,direct,004c4d40,C:\Projects\Wizardry 8\Engine Code\Monster.cpp,3838,pPlayer,
wiz8--gog-1261--wiz8new--57a3072c2f83,004c5889,direct,004c5870,C:\Projects\Wizardry 8\Engine Code\Monster.cpp,4703,pMonster,
wiz8--gog-1261--wiz8new--57a3072c2f83,004c5e6f,direct,004c5b60,..\Engine Code\Include\AnimRep.hpp,135,bBehaviour >= BEHAVIOUR_FIRST && bBehaviour <= BEHAVIOUR_LAST,
wiz8--gog-1261--wiz8new--57a3072c2f83,004c6398,direct,004c6350,C:\Projects\Wizardry 8\Engine Code\Monster.cpp,960,bCycle < CYCLE_NUM_UNIQUE,GetNumSubsPerCycle() -> Invalid cycle num.
wiz8--gog-1261--wiz8new--57a3072c2f83,004c770e,direct,004c75c0,C:\Projects\Wizardry 8\Engine Code\Monster.cpp,6242,uiAttack < MAX_MONSTER_ATTACKS,
wiz8--gog-1261--wiz8new--57a3072c2f83,004c7829,direct,004c77f0,C:\Projects\Wizardry 8\Engine Code\Monster.cpp,6321,!(IsCycleSupported(CYCLE_ATTACK_SHOOT) && IsCycleSupported(CYCLE_ATTACK_THROW)),
wiz8--gog-1261--wiz8new--57a3072c2f83,004c9e48,direct,004c9dc0,C:\Projects\Wizardry 8\Engine Code\Monster.cpp,7503,pEvalVar,
wiz8--gog-1261--wiz8new--57a3072c2f83,004c9e75,direct,004c9dc0,C:\Projects\Wizardry 8\Engine Code\Monster.cpp,7504,strlen(pEvalVar) < 512,
wiz8--gog-1261--wiz8new--57a3072c2f83,004c9f85,direct,004c9dc0,C:\Projects\Wizardry 8\Engine Code\Monster.cpp,7526,lsParmList.Length(),
wiz8--gog-1261--wiz8new--57a3072c2f83,004ca07f,direct,004c9dc0,C:\Projects\Wizardry 8\Engine Code\Monster.cpp,7542,lsParmList.Length(),
wiz8--gog-1261--wiz8new--57a3072c2f83,004ce667,direct,004ce510,C:\Projects\Wizardry 8\Engine Code\OctPrePath.cpp,1037,ppCondPaths,LinkCollideableProps: Couldn't allocate GDPropCondPaths objects.
wiz8--gog-1261--wiz8new--57a3072c2f83,004ce7b4,direct,004ce510,C:\Projects\Wizardry 8\Engine Code\OctPrePath.cpp,1065,ulOriginalCount <= (UINT32)lNumProps,LinkCollideableProps: Invalid count for collideable props.
wiz8--gog-1261--wiz8new--57a3072c2f83,004ce861,direct,004ce510,C:\Projects\Wizardry 8\Engine Code\OctPrePath.cpp,1077,m_ulNumCondFrames < 10000,LinkCollideableProps: Too many conditional frames.
wiz8--gog-1261--wiz8new--57a3072c2f83,004ce8aa,direct,004ce510,C:\Projects\Wizardry 8\Engine Code\OctPrePath.cpp,1082,m_ulNumCondNodes < 10000,LinkCollideableProps: Too many conditional nodes.
wiz8--gog-1261--wiz8new--57a3072c2f83,004cea31,direct,004ce510,C:\Projects\Wizardry 8\Engine Code\OctPrePath.cpp,1116,m_pCondPaths,LinkCollideableProps: Couldn't allocate m_pCondPaths array.
wiz8--gog-1261--wiz8new--57a3072c2f83,004cead8,direct,004ce510,C:\Projects\Wizardry 8\Engine Code\OctPrePath.cpp,1127,m_pulCondLookup,
wiz8--gog-1261--wiz8new--57a3072c2f83,004ceb2e,direct,004ce510,C:\Projects\Wizardry 8\Engine Code\OctPrePath.cpp,1130,m_pusCondNodeFrames,
wiz8--gog-1261--wiz8new--57a3072c2f83,004ceb87,direct,004ce510,C:\Projects\Wizardry 8\Engine Code\OctPrePath.cpp,1134,m_pulCondNodeKeys,
wiz8--gog-1261--wiz8new--57a3072c2f83,004cebe1,direct,004ce510,C:\Projects\Wizardry 8\Engine Code\OctPrePath.cpp,1137,m_pulCondNodeValues,
wiz8--gog-1261--wiz8new--57a3072c2f83,004cf467,direct,004cf3b0,C:\Projects\Wizardry 8\Engine Code\stScript.cpp,69,pNewLine,
wiz8--gog-1261--wiz8new--57a3072c2f83,004cfdec,direct,004cfdc0,C:\Projects\Wizardry 8\Engine Code\LevelFile.cpp,43,pLevel,
wiz8--gog-1261--wiz8new--57a3072c2f83,004cfe6a,direct,004cfdc0,C:\Projects\Wizardry 8\Engine Code\LevelFile.cpp,56,pLevel->pMeshes,
wiz8--gog-1261--wiz8new--57a3072c2f83,004cfedc,direct,004cfdc0,C:\Projects\Wizardry 8\Engine Code\LevelFile.cpp,65,pLevel->pTextures,
wiz8--gog-1261--wiz8new--57a3072c2f83,004cffcf,direct,004cfdc0,C:\Projects\Wizardry 8\Engine Code\LevelFile.cpp,77,pLevel->pLights,
wiz8--gog-1261--wiz8new--57a3072c2f83,004d006e,direct,004cfdc0,C:\Projects\Wizardry 8\Engine Code\LevelFile.cpp,93,pLevel->pMonsters,
wiz8--gog-1261--wiz8new--57a3072c2f83,004d010f,direct,004cfdc0,C:\Projects\Wizardry 8\Engine Code\LevelFile.cpp,105,pLevel->pMonsters[i1].MonPath,
wiz8--gog-1261--wiz8new--57a3072c2f83,004d01cc,direct,004cfdc0,C:\Projects\Wizardry 8\Engine Code\LevelFile.cpp,121,pLevel->pItems,
wiz8--gog-1261--wiz8new--57a3072c2f83,004d0266,direct,004cfdc0,C:\Projects\Wizardry 8\Engine Code\LevelFile.cpp,137,pLevel->pProps,
wiz8--gog-1261--wiz8new--57a3072c2f83,004d02a9,direct,004cfdc0,C:\Projects\Wizardry 8\Engine Code\LevelFile.cpp,145,pLevel->pBitmaps,
wiz8--gog-1261--wiz8new--57a3072c2f83,004d02fd,direct,004cfdc0,C:\Projects\Wizardry 8\Engine Code\LevelFile.cpp,167,pLevel->pCameras,
wiz8--gog-1261--wiz8new--57a3072c2f83,004d0499,direct,004cfdc0,C:\Projects\Wizardry 8\Engine Code\LevelFile.cpp,188,pLevel->pTriggers,
wiz8--gog-1261--wiz8new--57a3072c2f83,004d057b,direct,004cfdc0,C:\Projects\Wizardry 8\Engine Code\LevelFile.cpp,203,pLevel->pClippingPlanes,
wiz8--gog-1261--wiz8new--57a3072c2f83,004d0612,direct,004cfdc0,C:\Projects\Wizardry 8\Engine Code\LevelFile.cpp,214,pLevel->pParticleSystems,
wiz8--gog-1261--wiz8new--57a3072c2f83,004d06bf,direct,004cfdc0,C:\Projects\Wizardry 8\Engine Code\LevelFile.cpp,227,pLevel->pNamedPositions,
wiz8--gog-1261--wiz8new--57a3072c2f83,004d07f4,register-indirect,004d07c0,C:\Projects\Wizardry 8\Engine Code\LevelFile.cpp,268,pLevel,
wiz8--gog-1261--wiz8new--57a3072c2f83,004d0814,register-indirect,004d07c0,C:\Projects\Wizardry 8\Engine Code\LevelFile.cpp,269,hFile,
wiz8--gog-1261--wiz8new--57a3072c2f83,004d0831,register-indirect,004d07c0,C:\Projects\Wizardry 8\Engine Code\LevelFile.cpp,270,pLevel->pMeshes,
wiz8--gog-1261--wiz8new--57a3072c2f83,004d0c3e,direct,004d07c0,C:\Projects\Wizardry 8\Engine Code\LevelFile.cpp,393,pLevel->pCameras,
wiz8--gog-1261--wiz8new--57a3072c2f83,004d0dd7,direct,004d07c0,C:\Projects\Wizardry 8\Engine Code\LevelFile.cpp,416,pLevel->pTriggers,
wiz8--gog-1261--wiz8new--57a3072c2f83,004d13b2,direct,004d07c0,C:\Projects\Wizardry 8\Engine Code\LevelFile.cpp,666,pMesh->pstVertices,
wiz8--gog-1261--wiz8new--57a3072c2f83,004d1428,direct,004d07c0,C:\Projects\Wizardry 8\Engine Code\LevelFile.cpp,679,pMesh->pstCompFaces,
wiz8--gog-1261--wiz8new--57a3072c2f83,004d1497,direct,004d07c0,C:\Projects\Wizardry 8\Engine Code\LevelFile.cpp,690,pMesh->pstFaces,
wiz8--gog-1261--wiz8new--57a3072c2f83,004d1733,direct,004d1510,C:\Projects\Wizardry 8\Engine Code\LevelFile.cpp,789,pMesh->pstVertices,
wiz8--gog-1261--wiz8new--57a3072c2f83,004d1794,direct,004d1510,C:\Projects\Wizardry 8\Engine Code\LevelFile.cpp,799,pMesh->pstCompFaces,
wiz8--gog-1261--wiz8new--57a3072c2f83,004d17e2,direct,004d1510,C:\Projects\Wizardry 8\Engine Code\LevelFile.cpp,806,pMesh->pstFaces,
wiz8--gog-1261--wiz8new--57a3072c2f83,004d1947,direct,004d1820,C:\Projects\Wizardry 8\Engine Code\LevelFile.cpp,863,fSuccess,Couldn't read light.
wiz8--gog-1261--wiz8new--57a3072c2f83,004d1a75,direct,004d1960,C:\Projects\Wizardry 8\Engine Code\LevelFile.cpp,910,fSuccess,Couldn't Write light.
wiz8--gog-1261--wiz8new--57a3072c2f83,004d1b3e,direct,004d1a90,C:\Projects\Wizardry 8\Engine Code\LevelFile.cpp,946,fSuccess,Couldn't read anim light.
wiz8--gog-1261--wiz8new--57a3072c2f83,004d1bf7,direct,004d1b50,C:\Projects\Wizardry 8\Engine Code\LevelFile.cpp,980,fSuccess,Couldn't write anim light.
wiz8--gog-1261--wiz8new--57a3072c2f83,004d1c82,direct,004d1c10,C:\Projects\Wizardry 8\Engine Code\LevelFile.cpp,1016,pSwitch,
wiz8--gog-1261--wiz8new--57a3072c2f83,004d1d92,direct,004d1c10,C:\Projects\Wizardry 8\Engine Code\LevelFile.cpp,1032,fSuccess,
wiz8--gog-1261--wiz8new--57a3072c2f83,004d1ecf,direct,004d1c10,C:\Projects\Wizardry 8\Engine Code\LevelFile.cpp,1071,pInvis,
wiz8--gog-1261--wiz8new--57a3072c2f83,004d1fdc,direct,004d1c10,C:\Projects\Wizardry 8\Engine Code\LevelFile.cpp,1089,pInvis->pPlane,
wiz8--gog-1261--wiz8new--57a3072c2f83,004d21f1,direct,004d1c10,C:\Projects\Wizardry 8\Engine Code\LevelFile.cpp,1132,pSound,
wiz8--gog-1261--wiz8new--57a3072c2f83,004d2469,register-indirect,004d23f0,C:\Projects\Wizardry 8\Engine Code\LevelFile.cpp,1214,pSwitch,
wiz8--gog-1261--wiz8new--57a3072c2f83,004d2569,register-indirect,004d23f0,C:\Projects\Wizardry 8\Engine Code\LevelFile.cpp,1229,fSuccess,
wiz8--gog-1261--wiz8new--57a3072c2f83,004d2617,direct,004d23f0,C:\Projects\Wizardry 8\Engine Code\LevelFile.cpp,1258,pInvis,
wiz8--gog-1261--wiz8new--57a3072c2f83,004d2855,direct,004d23f0,C:\Projects\Wizardry 8\Engine Code\LevelFile.cpp,1310,pSound,
wiz8--gog-1261--wiz8new--57a3072c2f83,004d3812,direct,004d3770,C:\Projects\Wizardry 8\Engine Code\LevelFile.cpp,1842,pPathAI->pScaledPaths,
wiz8--gog-1261--wiz8new--57a3072c2f83,004d3889,direct,004d3770,C:\Projects\Wizardry 8\Engine Code\LevelFile.cpp,1853,pPathAI->pPaths,
wiz8--gog-1261--wiz8new--57a3072c2f83,004d3974,direct,004d38e0,C:\Projects\Wizardry 8\Engine Code\LevelFile.cpp,1889,pPathAI->pScaledPaths,
wiz8--gog-1261--wiz8new--57a3072c2f83,004d39c6,direct,004d38e0,C:\Projects\Wizardry 8\Engine Code\LevelFile.cpp,1899,pPathAI->pPaths,
wiz8--gog-1261--wiz8new--57a3072c2f83,004d3b4c,direct,004d3a10,C:\Projects\Wizardry 8\Engine Code\LevelFile.cpp,1957,fSuccess,
wiz8--gog-1261--wiz8new--57a3072c2f83,004d3b7f,direct,004d3a10,C:\Projects\Wizardry 8\Engine Code\LevelFile.cpp,1962,pAnimObj->abHowMany,
wiz8--gog-1261--wiz8new--57a3072c2f83,004d3bf9,direct,004d3a10,C:\Projects\Wizardry 8\Engine Code\LevelFile.cpp,1971,pAnimObj->pBoundBox,
wiz8--gog-1261--wiz8new--57a3072c2f83,004d3da6,direct,004d3a10,C:\Projects\Wizardry 8\Engine Code\LevelFile.cpp,2017,pAnimObj->pMorphs,
wiz8--gog-1261--wiz8new--57a3072c2f83,004d3e6a,direct,004d3a10,C:\Projects\Wizardry 8\Engine Code\LevelFile.cpp,2027,pAnimObj->pMorphs[i].LODMesh.pFrames,
wiz8--gog-1261--wiz8new--57a3072c2f83,004d3f77,direct,004d3a10,C:\Projects\Wizardry 8\Engine Code\LevelFile.cpp,2041,pAnimObj->pMorphs[i].LODMesh.pFrames[i2].pTextures,
wiz8--gog-1261--wiz8new--57a3072c2f83,004d40fe,direct,004d3a10,C:\Projects\Wizardry 8\Engine Code\LevelFile.cpp,2062,pAnimObj->pTransforms,
wiz8--gog-1261--wiz8new--57a3072c2f83,004d41cd,direct,004d3a10,C:\Projects\Wizardry 8\Engine Code\LevelFile.cpp,2072,pAnimObj->pTransforms[i].LODMesh.pFrames,
wiz8--gog-1261--wiz8new--57a3072c2f83,004d42e9,direct,004d3a10,C:\Projects\Wizardry 8\Engine Code\LevelFile.cpp,2094,pAnimObj->pTransforms[i].LODMesh.pFrames[i2].pTextures,
wiz8--gog-1261--wiz8new--57a3072c2f83,004d459c,direct,004d4480,C:\Projects\Wizardry 8\Engine Code\LevelFile.cpp,2151,fSuccess,
wiz8--gog-1261--wiz8new--57a3072c2f83,004d45c3,direct,004d4480,C:\Projects\Wizardry 8\Engine Code\LevelFile.cpp,2155,pAnimObj->abHowMany,
wiz8--gog-1261--wiz8new--57a3072c2f83,004d4623,direct,004d4480,C:\Projects\Wizardry 8\Engine Code\LevelFile.cpp,2164,pAnimObj->pBoundBox,
wiz8--gog-1261--wiz8new--57a3072c2f83,004d476b,direct,004d4480,C:\Projects\Wizardry 8\Engine Code\LevelFile.cpp,2206,pAnimObj->pMorphs,
wiz8--gog-1261--wiz8new--57a3072c2f83,004d47e3,direct,004d4480,C:\Projects\Wizardry 8\Engine Code\LevelFile.cpp,2213,pAnimObj->pMorphs[i].LODMesh.pFrames,
wiz8--gog-1261--wiz8new--57a3072c2f83,004d4892,direct,004d4480,C:\Projects\Wizardry 8\Engine Code\LevelFile.cpp,2223,pAnimObj->pMorphs[i].LODMesh.pFrames[i2].pTextures,
wiz8--gog-1261--wiz8new--57a3072c2f83,004d4a26,direct,004d4480,C:\Projects\Wizardry 8\Engine Code\LevelFile.cpp,2247,pAnimObj->pTransforms,
wiz8--gog-1261--wiz8new--57a3072c2f83,004d4aa4,direct,004d4480,C:\Projects\Wizardry 8\Engine Code\LevelFile.cpp,2254,pAnimObj->pTransforms[i].LODMesh.pFrames,
wiz8--gog-1261--wiz8new--57a3072c2f83,004d4b53,direct,004d4480,C:\Projects\Wizardry 8\Engine Code\LevelFile.cpp,2264,pAnimObj->pTransforms[i].LODMesh.pFrames[i2].pTextures,
wiz8--gog-1261--wiz8new--57a3072c2f83,004d4cf2,direct,004d4480,C:\Projects\Wizardry 8\Engine Code\LevelFile.cpp,2309,pProps,
wiz8--gog-1261--wiz8new--57a3072c2f83,004d4dc8,direct,004d4480,C:\Projects\Wizardry 8\Engine Code\LevelFile.cpp,2328,fSuccess,
wiz8--gog-1261--wiz8new--57a3072c2f83,004d4e31,direct,004d4480,C:\Projects\Wizardry 8\Engine Code\LevelFile.cpp,2335,pProps[i1].usFrame_Pos,
wiz8--gog-1261--wiz8new--57a3072c2f83,004d4e78,direct,004d4480,C:\Projects\Wizardry 8\Engine Code\LevelFile.cpp,2340,fSuccess,
wiz8--gog-1261--wiz8new--57a3072c2f83,004d4eaa,direct,004d4480,C:\Projects\Wizardry 8\Engine Code\LevelFile.cpp,2353,fSuccess,
wiz8--gog-1261--wiz8new--57a3072c2f83,004d4ede,direct,004d4480,C:\Projects\Wizardry 8\Engine Code\LevelFile.cpp,2357,pProps[i1].pTrigger,
wiz8--gog-1261--wiz8new--57a3072c2f83,004d4f1a,direct,004d4480,C:\Projects\Wizardry 8\Engine Code\LevelFile.cpp,2360,fSuccess,
wiz8--gog-1261--wiz8new--57a3072c2f83,004d4f52,direct,004d4480,C:\Projects\Wizardry 8\Engine Code\LevelFile.cpp,2366,fSuccess,
wiz8--gog-1261--wiz8new--57a3072c2f83,004d4fe9,direct,004d4fc0,C:\Projects\Wizardry 8\Engine Code\LevelFile.cpp,2402,pProps,
wiz8--gog-1261--wiz8new--57a3072c2f83,004d5097,direct,004d4fc0,C:\Projects\Wizardry 8\Engine Code\LevelFile.cpp,2416,fSuccess,
wiz8--gog-1261--wiz8new--57a3072c2f83,004d50de,direct,004d4fc0,C:\Projects\Wizardry 8\Engine Code\LevelFile.cpp,2422,pProps[i1].usFrame_Pos,
wiz8--gog-1261--wiz8new--57a3072c2f83,004d5145,direct,004d4fc0,C:\Projects\Wizardry 8\Engine Code\LevelFile.cpp,2439,fSuccess,
wiz8--gog-1261--wiz8new--57a3072c2f83,004d5179,direct,004d4fc0,C:\Projects\Wizardry 8\Engine Code\LevelFile.cpp,2443,fSuccess,
wiz8--gog-1261--wiz8new--57a3072c2f83,004d51cb,direct,004d4fc0,C:\Projects\Wizardry 8\Engine Code\LevelFile.cpp,2451,fSuccess,
wiz8--gog-1261--wiz8new--57a3072c2f83,004d531b,direct,004d5240,C:\Projects\Wizardry 8\Engine Code\LevelFile.cpp,2563,fSuccess,Couldn't read particle system.
wiz8--gog-1261--wiz8new--57a3072c2f83,004d5421,direct,004d5240,C:\Projects\Wizardry 8\Engine Code\LevelFile.cpp,2602,fSuccess,Couldn't Write particle system.
wiz8--gog-1261--wiz8new--57a3072c2f83,004d5804,direct,004d57a0,C:\Projects\Wizardry 8\Engine Code\SoundEvent.cpp,112,pSndEvent,SoundEvent: Out of memory
wiz8--gog-1261--wiz8new--57a3072c2f83,004d5860,direct,004d57a0,C:\Projects\Wizardry 8\Engine Code\SoundEvent.cpp,121,pSndEvent->m_pacWaveName,SoundEvent: Out of memory
wiz8--gog-1261--wiz8new--57a3072c2f83,004d5e75,direct,004d5a10,C:\Projects\Wizardry 8\Engine Code\SoundEvent.cpp,289,vPos,
wiz8--gog-1261--wiz8new--57a3072c2f83,004d6d4c,register-indirect,004d6bf0,C:\Projects\Wizardry 8\Level Specific Code\MasterFunctionList.cpp,116,pTrigger,Missing trigger 'ChaosMolori'! It's not in the LVL file!
wiz8--gog-1261--wiz8new--57a3072c2f83,004d6d7f,register-indirect,004d6bf0,C:\Projects\Wizardry 8\Level Specific Code\MasterFunctionList.cpp,120,pTrigger,Missing trigger 'Maddmook'! It's not in the LVL file!
wiz8--gog-1261--wiz8new--57a3072c2f83,004d6db2,register-indirect,004d6bf0,C:\Projects\Wizardry 8\Level Specific Code\MasterFunctionList.cpp,124,pTrigger,Missing trigger 'CMbox'! It's not in the LVL file!
wiz8--gog-1261--wiz8new--57a3072c2f83,004d6de8,register-indirect,004d6bf0,C:\Projects\Wizardry 8\Level Specific Code\MasterFunctionList.cpp,128,pTrigger,Missing trigger 'AstralDominae'! It's not in the LVL file!
wiz8--gog-1261--wiz8new--57a3072c2f83,004d6e1e,register-indirect,004d6bf0,C:\Projects\Wizardry 8\Level Specific Code\MasterFunctionList.cpp,132,pTrigger,Missing trigger 'BallSlot'! It's not in the LVL file!
wiz8--gog-1261--wiz8new--57a3072c2f83,004d6e54,register-indirect,004d6bf0,C:\Projects\Wizardry 8\Level Specific Code\MasterFunctionList.cpp,136,pTrigger,Missing trigger 'Flightrecordertrigger'! It's not in the LVL file!
wiz8--gog-1261--wiz8new--57a3072c2f83,004d6e8a,register-indirect,004d6bf0,C:\Projects\Wizardry 8\Level Specific Code\MasterFunctionList.cpp,140,pTrigger,Missing trigger 'ULLspawn'! It's not in the LVL file!
wiz8--gog-1261--wiz8new--57a3072c2f83,004d6ec0,register-indirect,004d6bf0,C:\Projects\Wizardry 8\Level Specific Code\MasterFunctionList.cpp,144,pTrigger,Missing trigger 'Mookholo'! It's not in the LVL file!
wiz8--gog-1261--wiz8new--57a3072c2f83,004d6ef6,register-indirect,004d6bf0,C:\Projects\Wizardry 8\Level Specific Code\MasterFunctionList.cpp,156,pTrigger,Missing trigger 'MookFrontDoor'! It's not in the LVL file!
wiz8--gog-1261--wiz8new--57a3072c2f83,004d71c7,direct,004d6bf0,C:\Projects\Wizardry 8\Level Specific Code\MasterFunctionList.cpp,231,pTrigger,Missing trigger 'Liche'! It's not in the LVL file!
wiz8--gog-1261--wiz8new--57a3072c2f83,004d7210,register-indirect,004d6bf0,C:\Projects\Wizardry 8\Level Specific Code\MasterFunctionList.cpp,242,pTrigger,Missing trigger 'Triangle'! It's not in the LVL file!
wiz8--gog-1261--wiz8new--57a3072c2f83,004d7247,register-indirect,004d6bf0,C:\Projects\Wizardry 8\Level Specific Code\MasterFunctionList.cpp,246,pTrigger,Missing trigger 'Circle'! It's not in the LVL file!
wiz8--gog-1261--wiz8new--57a3072c2f83,004d7279,register-indirect,004d6bf0,C:\Projects\Wizardry 8\Level Specific Code\MasterFunctionList.cpp,250,pTrigger,Missing trigger 'Square'! It's not in the LVL file!
wiz8--gog-1261--wiz8new--57a3072c2f83,004d72ab,register-indirect,004d6bf0,C:\Projects\Wizardry 8\Level Specific Code\MasterFunctionList.cpp,254,pTrigger,Missing trigger 'Star'! It's not in the LVL file!
wiz8--gog-1261--wiz8new--57a3072c2f83,004d72dd,register-indirect,004d6bf0,C:\Projects\Wizardry 8\Level Specific Code\MasterFunctionList.cpp,258,pTrigger,Missing trigger 'ButtonBlocker'! It's not in the LVL file!
wiz8--gog-1261--wiz8new--57a3072c2f83,004d731d,register-indirect,004d6bf0,C:\Projects\Wizardry 8\Level Specific Code\MasterFunctionList.cpp,278,pTrigger,Missing trigger 'RampUp'! It's not in the LVL file!
wiz8--gog-1261--wiz8new--57a3072c2f83,004d7353,register-indirect,004d6bf0,C:\Projects\Wizardry 8\Level Specific Code\MasterFunctionList.cpp,282,pTrigger,Missing trigger 'ChaosATrigger'! It's not in the LVL file!
wiz8--gog-1261--wiz8new--57a3072c2f83,004d7389,register-indirect,004d6bf0,C:\Projects\Wizardry 8\Level Specific Code\MasterFunctionList.cpp,286,pTrigger,Missing trigger 'ChaosBTrigger'! It's not in the LVL file!
wiz8--gog-1261--wiz8new--57a3072c2f83,004d73bf,register-indirect,004d6bf0,C:\Projects\Wizardry 8\Level Specific Code\MasterFunctionList.cpp,290,pTrigger,Missing trigger 'LifeATrigger'! It's not in the LVL file!
wiz8--gog-1261--wiz8new--57a3072c2f83,004d73f5,register-indirect,004d6bf0,C:\Projects\Wizardry 8\Level Specific Code\MasterFunctionList.cpp,294,pTrigger,Missing trigger 'LifeBTrigger'! It's not in the LVL file!
wiz8--gog-1261--wiz8new--57a3072c2f83,004d742b,register-indirect,004d6bf0,C:\Projects\Wizardry 8\Level Specific Code\MasterFunctionList.cpp,298,pTrigger,Missing trigger 'KnowATrigger'! It's not in the LVL file!
wiz8--gog-1261--wiz8new--57a3072c2f83,004d7461,register-indirect,004d6bf0,C:\Projects\Wizardry 8\Level Specific Code\MasterFunctionList.cpp,302,pTrigger,Missing trigger 'KnowBTrigger'! It's not in the LVL file!
wiz8--gog-1261--wiz8new--57a3072c2f83,004d7497,register-indirect,004d6bf0,C:\Projects\Wizardry 8\Level Specific Code\MasterFunctionList.cpp,306,pTrigger,Missing trigger 'RampUp'! It's not in the LVL file!
wiz8--gog-1261--wiz8new--57a3072c2f83,004d74cd,register-indirect,004d6bf0,C:\Projects\Wizardry 8\Level Specific Code\MasterFunctionList.cpp,310,pTrigger,Missing trigger 'Path1Camera'! It's not in the LVL file!
wiz8--gog-1261--wiz8new--57a3072c2f83,004d7558,register-indirect,004d6bf0,C:\Projects\Wizardry 8\Level Specific Code\MasterFunctionList.cpp,324,pTrigger,Missing trigger 'MR109'! It's not in the LVL file!
wiz8--gog-1261--wiz8new--57a3072c2f83,004d75d8,register-indirect,004d6bf0,C:\Projects\Wizardry 8\Level Specific Code\MasterFunctionList.cpp,340,pTrigger,Missing trigger 'F-Handlock'! It's not in the LVL file!
wiz8--gog-1261--wiz8new--57a3072c2f83,004d760e,register-indirect,004d6bf0,C:\Projects\Wizardry 8\Level Specific Code\MasterFunctionList.cpp,344,pTrigger,Missing trigger 'ButtonGigas'! It's not in the LVL file!
wiz8--gog-1261--wiz8new--57a3072c2f83,004d7645,register-indirect,004d6bf0,C:\Projects\Wizardry 8\Level Specific Code\MasterFunctionList.cpp,348,pTrigger,Missing trigger 'ButtonTrang'! It's not in the LVL file!
wiz8--gog-1261--wiz8new--57a3072c2f83,004d767b,register-indirect,004d6bf0,C:\Projects\Wizardry 8\Level Specific Code\MasterFunctionList.cpp,352,pTrigger,Missing trigger 'ButtonRift'! It's not in the LVL file!
wiz8--gog-1261--wiz8new--57a3072c2f83,004d76b1,register-indirect,004d6bf0,C:\Projects\Wizardry 8\Level Specific Code\MasterFunctionList.cpp,356,pTrigger,Missing trigger 'ButtonMaten'! It's not in the LVL file!
wiz8--gog-1261--wiz8new--57a3072c2f83,004d76e7,register-indirect,004d6bf0,C:\Projects\Wizardry 8\Level Specific Code\MasterFunctionList.cpp,360,pTrigger,Missing trigger 'WireTrigger'! It's not in the LVL file!
wiz8--gog-1261--wiz8new--57a3072c2f83,004d771d,register-indirect,004d6bf0,C:\Projects\Wizardry 8\Level Specific Code\MasterFunctionList.cpp,364,pTrigger,Missing trigger 'ButtonGigas'! It's not in the LVL file!
wiz8--gog-1261--wiz8new--57a3072c2f83,004d78d8,register-indirect,004d6bf0,C:\Projects\Wizardry 8\Level Specific Code\MasterFunctionList.cpp,402,pTrigger,Missing trigger 'Arrowtraptrigger'! It's not in the LVL file!
wiz8--gog-1261--wiz8new--57a3072c2f83,004d790e,register-indirect,004d6bf0,C:\Projects\Wizardry 8\Level Specific Code\MasterFunctionList.cpp,406,pTrigger,Missing trigger 'Spikeballtrigger'! It's not in the LVL file!
wiz8--gog-1261--wiz8new--57a3072c2f83,004d7944,register-indirect,004d6bf0,C:\Projects\Wizardry 8\Level Specific Code\MasterFunctionList.cpp,410,pTrigger,Missing trigger 'DoorBolt'! It's not in the LVL file!
wiz8--gog-1261--wiz8new--57a3072c2f83,004d797a,register-indirect,004d6bf0,C:\Projects\Wizardry 8\Level Specific Code\MasterFunctionList.cpp,414,pTrigger,Missing trigger 'DummyLever'! It's not in the LVL file!
wiz8--gog-1261--wiz8new--57a3072c2f83,004d79b0,register-indirect,004d6bf0,C:\Projects\Wizardry 8\Level Specific Code\MasterFunctionList.cpp,418,pTrigger,Missing trigger 'Dummy'! It's not in the LVL file!
wiz8--gog-1261--wiz8new--57a3072c2f83,004d79e6,register-indirect,004d6bf0,C:\Projects\Wizardry 8\Level Specific Code\MasterFunctionList.cpp,422,pTrigger,Missing trigger 'PerfumeBox'! It's not in the LVL file!
wiz8--gog-1261--wiz8new--57a3072c2f83,004d7a1c,register-indirect,004d6bf0,C:\Projects\Wizardry 8\Level Specific Code\MasterFunctionList.cpp,426,pTrigger,Missing trigger 'StoneIdol'! It's not in the LVL file!
wiz8--gog-1261--wiz8new--57a3072c2f83,004d7a52,register-indirect,004d6bf0,C:\Projects\Wizardry 8\Level Specific Code\MasterFunctionList.cpp,430,pTrigger,Missing trigger 'BlueFlowers'! It's not in the LVL file!
wiz8--gog-1261--wiz8new--57a3072c2f83,004d7a88,register-indirect,004d6bf0,C:\Projects\Wizardry 8\Level Specific Code\MasterFunctionList.cpp,434,pTrigger,Missing trigger 'SquisherControls'! It's not in the LVL file!
wiz8--gog-1261--wiz8new--57a3072c2f83,004d7b03,register-indirect,004d6bf0,C:\Projects\Wizardry 8\Level Specific Code\MasterFunctionList.cpp,448,pTrigger,Missing trigger 'roach_trigger'! It's not in the LVL file!
wiz8--gog-1261--wiz8new--57a3072c2f83,004d7b39,register-indirect,004d6bf0,C:\Projects\Wizardry 8\Level Specific Code\MasterFunctionList.cpp,452,pTrigger,Missing trigger 'spider_trigger'! It's not in the LVL file!
wiz8--gog-1261--wiz8new--57a3072c2f83,004d7b6f,register-indirect,004d6bf0,C:\Projects\Wizardry 8\Level Specific Code\MasterFunctionList.cpp,456,pTrigger,Missing trigger 'Bartrigger'! It's not in the LVL file!
wiz8--gog-1261--wiz8new--57a3072c2f83,004d7ba5,register-indirect,004d6bf0,C:\Projects\Wizardry 8\Level Specific Code\MasterFunctionList.cpp,460,pTrigger,Missing trigger 'Coffinlide'! It's not in the LVL file!
wiz8--gog-1261--wiz8new--57a3072c2f83,004d7bdb,register-indirect,004d6bf0,C:\Projects\Wizardry 8\Level Specific Code\MasterFunctionList.cpp,464,pTrigger,Missing trigger 'Coffinlidg'! It's not in the LVL file!
wiz8--gog-1261--wiz8new--57a3072c2f83,004d7c1c,register-indirect,004d6bf0,C:\Projects\Wizardry 8\Level Specific Code\MasterFunctionList.cpp,1518,pTrigger,
wiz8--gog-1261--wiz8new--57a3072c2f83,004d7c5c,register-indirect,004d6bf0,C:\Projects\Wizardry 8\Level Specific Code\MasterFunctionList.cpp,472,pTrigger,Missing trigger 'bell_button'! It's not in the LVL file!
wiz8--gog-1261--wiz8new--57a3072c2f83,004d7c92,register-indirect,004d6bf0,C:\Projects\Wizardry 8\Level Specific Code\MasterFunctionList.cpp,476,pTrigger,Missing trigger 'micro_door2'! It's not in the LVL file!
wiz8--gog-1261--wiz8new--57a3072c2f83,004d7cd2,register-indirect,004d6bf0,C:\Projects\Wizardry 8\Level Specific Code\MasterFunctionList.cpp,482,pTrigger,Missing trigger '_VOC_EWAXXCANNON1'! It's not in the LVL file!
wiz8--gog-1261--wiz8new--57a3072c2f83,004d7d08,register-indirect,004d6bf0,C:\Projects\Wizardry 8\Level Specific Code\MasterFunctionList.cpp,490,pTrigger,Missing trigger 'EwaxxLanding'! It's not in the LVL file!
wiz8--gog-1261--wiz8new--57a3072c2f83,004d7d3e,register-indirect,004d6bf0,C:\Projects\Wizardry 8\Level Specific Code\MasterFunctionList.cpp,494,pTrigger,Missing trigger 'catchCord'! It's not in the LVL file!
wiz8--gog-1261--wiz8new--57a3072c2f83,004d7d74,register-indirect,004d6bf0,C:\Projects\Wizardry 8\Level Specific Code\MasterFunctionList.cpp,498,pTrigger,Missing trigger 'painActivatorTrigger'! It's not in the LVL file!
wiz8--gog-1261--wiz8new--57a3072c2f83,004d7daa,register-indirect,004d6bf0,C:\Projects\Wizardry 8\Level Specific Code\MasterFunctionList.cpp,502,pTrigger,Missing trigger '_VOC_EWAXXTOPDOOR2'! It's not in the LVL file!
wiz8--gog-1261--wiz8new--57a3072c2f83,004d7def,register-indirect,004d6bf0,C:\Projects\Wizardry 8\Level Specific Code\MasterFunctionList.cpp,511,pTrigger,Missing trigger '_VOC_EWAXXLIFT1'! It's not in the LVL file!
wiz8--gog-1261--wiz8new--57a3072c2f83,004d7e25,register-indirect,004d6bf0,C:\Projects\Wizardry 8\Level Specific Code\MasterFunctionList.cpp,515,pTrigger,Missing trigger 'crank'! It's not in the LVL file!
wiz8--gog-1261--wiz8new--57a3072c2f83,004d7e5b,register-indirect,004d6bf0,C:\Projects\Wizardry 8\Level Specific Code\MasterFunctionList.cpp,519,pTrigger,Missing trigger 'Security Button'! It's not in the LVL file!
wiz8--gog-1261--wiz8new--57a3072c2f83,004d7e91,register-indirect,004d6bf0,C:\Projects\Wizardry 8\Level Specific Code\MasterFunctionList.cpp,523,pTrigger,Missing trigger 'VOC_EWAXXSENTRYtrig'! It's not in the LVL file!
wiz8--gog-1261--wiz8new--57a3072c2f83,004d7ec7,register-indirect,004d6bf0,C:\Projects\Wizardry 8\Level Specific Code\MasterFunctionList.cpp,527,pTrigger,Missing trigger 'ewaxxdoortrigger03'! It's not in the LVL file!
wiz8--gog-1261--wiz8new--57a3072c2f83,004d7f08,register-indirect,004d6bf0,C:\Projects\Wizardry 8\Level Specific Code\MasterFunctionList.cpp,1518,pTrigger,
wiz8--gog-1261--wiz8new--57a3072c2f83,004d7f4d,register-indirect,004d6bf0,C:\Projects\Wizardry 8\Level Specific Code\MasterFunctionList.cpp,537,pTrigger,Missing trigger '_VOC_EWAXXLIFT1'! It's not in the LVL file!
wiz8--gog-1261--wiz8new--57a3072c2f83,004d7f83,register-indirect,004d6bf0,C:\Projects\Wizardry 8\Level Specific Code\MasterFunctionList.cpp,541,pTrigger,Missing trigger '_VOC_EWAXXLIFT2'! It's not in the LVL file!
wiz8--gog-1261--wiz8new--57a3072c2f83,004d7fb9,register-indirect,004d6bf0,C:\Projects\Wizardry 8\Level Specific Code\MasterFunctionList.cpp,545,pTrigger,Missing trigger '_VOC_EWAXXLIFT2'! It's not in the LVL file!
wiz8--gog-1261--wiz8new--57a3072c2f83,004d7fef,register-indirect,004d6bf0,C:\Projects\Wizardry 8\Level Specific Code\MasterFunctionList.cpp,549,pTrigger,Missing trigger 'mudWallTrigger'! It's not in the LVL file!
wiz8--gog-1261--wiz8new--57a3072c2f83,004d8034,register-indirect,004d6bf0,C:\Projects\Wizardry 8\Level Specific Code\MasterFunctionList.cpp,558,pTrigger,Missing trigger '_VOC_EWAXXTRAIN'! It's not in the LVL file!
wiz8--gog-1261--wiz8new--57a3072c2f83,004d806a,register-indirect,004d6bf0,C:\Projects\Wizardry 8\Level Specific Code\MasterFunctionList.cpp,562,pTrigger,Missing trigger 'redwire'! It's not in the LVL file!
wiz8--gog-1261--wiz8new--57a3072c2f83,004d80a0,register-indirect,004d6bf0,C:\Projects\Wizardry 8\Level Specific Code\MasterFunctionList.cpp,566,pTrigger,Missing trigger 'bluewire'! It's not in the LVL file!
wiz8--gog-1261--wiz8new--57a3072c2f83,004d80d6,register-indirect,004d6bf0,C:\Projects\Wizardry 8\Level Specific Code\MasterFunctionList.cpp,570,pTrigger,Missing trigger 'yellowwire'! It's not in the LVL file!
wiz8--gog-1261--wiz8new--57a3072c2f83,004d810c,register-indirect,004d6bf0,C:\Projects\Wizardry 8\Level Specific Code\MasterFunctionList.cpp,574,pTrigger,Missing trigger '_VOC_EWAXXLIFT3'! It's not in the LVL file!
wiz8--gog-1261--wiz8new--57a3072c2f83,004d8142,register-indirect,004d6bf0,C:\Projects\Wizardry 8\Level Specific Code\MasterFunctionList.cpp,578,pTrigger,Missing trigger '_VOC_EWAXXTOPDOOR1'! It's not in the LVL file!
wiz8--gog-1261--wiz8new--57a3072c2f83,004d8178,register-indirect,004d6bf0,C:\Projects\Wizardry 8\Level Specific Code\MasterFunctionList.cpp,582,pTrigger,Missing trigger '_VOC_EWAXXTOPDOOR1'! It's not in the LVL file!
wiz8--gog-1261--wiz8new--57a3072c2f83,004d81ae,register-indirect,004d6bf0,C:\Projects\Wizardry 8\Level Specific Code\MasterFunctionList.cpp,586,pTrigger,Missing trigger '_VOC_EWAXXTOPDOOR1'! It's not in the LVL file!
wiz8--gog-1261--wiz8new--57a3072c2f83,004d81e4,register-indirect,004d6bf0,C:\Projects\Wizardry 8\Level Specific Code\MasterFunctionList.cpp,590,pTrigger,Missing trigger 'triggerPlaneLaserAlarm'! It's not in the LVL file!
wiz8--gog-1261--wiz8new--57a3072c2f83,004d82c3,register-indirect,004d6bf0,C:\Projects\Wizardry 8\Level Specific Code\MasterFunctionList.cpp,634,pTrigger,Missing trigger 'Fireantspawn'! It's not in the LVL file!
wiz8--gog-1261--wiz8new--57a3072c2f83,004d82f9,register-indirect,004d6bf0,C:\Projects\Wizardry 8\Level Specific Code\MasterFunctionList.cpp,638,pTrigger,Missing trigger 'Sexspawn'! It's not in the LVL file!
wiz8--gog-1261--wiz8new--57a3072c2f83,004d832f,register-indirect,004d6bf0,C:\Projects\Wizardry 8\Level Specific Code\MasterFunctionList.cpp,642,pTrigger,Missing trigger 'Hotstuff'! It's not in the LVL file!
wiz8--gog-1261--wiz8new--57a3072c2f83,004d8365,register-indirect,004d6bf0,C:\Projects\Wizardry 8\Level Specific Code\MasterFunctionList.cpp,646,pTrigger,Missing trigger 'Gate'! It's not in the LVL file!
wiz8--gog-1261--wiz8new--57a3072c2f83,004d83a6,register-indirect,004d6bf0,C:\Projects\Wizardry 8\Level Specific Code\MasterFunctionList.cpp,1518,pTrigger,
wiz8--gog-1261--wiz8new--57a3072c2f83,004d83e7,register-indirect,004d6bf0,C:\Projects\Wizardry 8\Level Specific Code\MasterFunctionList.cpp,1518,pTrigger,
wiz8--gog-1261--wiz8new--57a3072c2f83,004d8427,register-indirect,004d6bf0,C:\Projects\Wizardry 8\Level Specific Code\MasterFunctionList.cpp,656,pTrigger,Missing trigger 'AirBox'! It's not in the LVL file!
wiz8--gog-1261--wiz8new--57a3072c2f83,004d845d,register-indirect,004d6bf0,C:\Projects\Wizardry 8\Level Specific Code\MasterFunctionList.cpp,660,pTrigger,Missing trigger 'DoorDone'! It's not in the LVL file!
wiz8--gog-1261--wiz8new--57a3072c2f83,004d849d,register-indirect,004d6bf0,C:\Projects\Wizardry 8\Level Specific Code\MasterFunctionList.cpp,668,pTrigger,Missing trigger 'AltarBox'! It's not in the LVL file!
wiz8--gog-1261--wiz8new--57a3072c2f83,004d84d3,register-indirect,004d6bf0,C:\Projects\Wizardry 8\Level Specific Code\MasterFunctionList.cpp,672,pTrigger,Missing trigger 'platformtrigger'! It's not in the LVL file!
wiz8--gog-1261--wiz8new--57a3072c2f83,004d8509,register-indirect,004d6bf0,C:\Projects\Wizardry 8\Level Specific Code\MasterFunctionList.cpp,676,pTrigger,Missing trigger 'platformtrigger01'! It's not in the LVL file!
wiz8--gog-1261--wiz8new--57a3072c2f83,004d853f,register-indirect,004d6bf0,C:\Projects\Wizardry 8\Level Specific Code\MasterFunctionList.cpp,680,pTrigger,Missing trigger 'platformtrigger02'! It's not in the LVL file!
wiz8--gog-1261--wiz8new--57a3072c2f83,004d859c,register-indirect,004d6bf0,C:\Projects\Wizardry 8\Level Specific Code\MasterFunctionList.cpp,689,pTrigger,Missing trigger 'HigardiChest01'! It's not in the LVL file!
wiz8--gog-1261--wiz8new--57a3072c2f83,004d85d2,register-indirect,004d6bf0,C:\Projects\Wizardry 8\Level Specific Code\MasterFunctionList.cpp,693,pTrigger,Missing trigger 'HigardiChest02'! It's not in the LVL file!
wiz8--gog-1261--wiz8new--57a3072c2f83,004d8608,register-indirect,004d6bf0,C:\Projects\Wizardry 8\Level Specific Code\MasterFunctionList.cpp,697,pTrigger,Missing trigger 'HigardiChest03'! It's not in the LVL file!
wiz8--gog-1261--wiz8new--57a3072c2f83,004d863e,register-indirect,004d6bf0,C:\Projects\Wizardry 8\Level Specific Code\MasterFunctionList.cpp,701,pTrigger,Missing trigger 'HigardiChest04'! It's not in the LVL file!
wiz8--gog-1261--wiz8new--57a3072c2f83,004d8674,register-indirect,004d6bf0,C:\Projects\Wizardry 8\Level Specific Code\MasterFunctionList.cpp,705,pTrigger,Missing trigger 'HigardiChest05'! It's not in the LVL file!
wiz8--gog-1261--wiz8new--57a3072c2f83,004d86b5,register-indirect,004d6bf0,C:\Projects\Wizardry 8\Level Specific Code\MasterFunctionList.cpp,1518,pTrigger,
wiz8--gog-1261--wiz8new--57a3072c2f83,004d86f5,register-indirect,004d6bf0,C:\Projects\Wizardry 8\Level Specific Code\MasterFunctionList.cpp,714,pTrigger,Missing trigger 'gas_trig_plane01'! It's not in the LVL file!
wiz8--gog-1261--wiz8new--57a3072c2f83,004d872c,register-indirect,004d6bf0,C:\Projects\Wizardry 8\Level Specific Code\MasterFunctionList.cpp,718,pTrigger,Missing trigger 'gas_trig_plane02'! It's not in the LVL file!
wiz8--gog-1261--wiz8new--57a3072c2f83,004d875e,register-indirect,004d6bf0,C:\Projects\Wizardry 8\Level Specific Code\MasterFunctionList.cpp,722,pTrigger,Missing trigger 'gas_trig_plane03'! It's not in the LVL file!
wiz8--gog-1261--wiz8new--57a3072c2f83,004d8790,register-indirect,004d6bf0,C:\Projects\Wizardry 8\Level Specific Code\MasterFunctionList.cpp,726,pTrigger,Missing trigger 'gas_trig_plane04'! It's not in the LVL file!
wiz8--gog-1261--wiz8new--57a3072c2f83,004d87c2,register-indirect,004d6bf0,C:\Projects\Wizardry 8\Level Specific Code\MasterFunctionList.cpp,730,pTrigger,Missing trigger 'gas_trig_plane05'! It's not in the LVL file!
wiz8--gog-1261--wiz8new--57a3072c2f83,004d87f4,register-indirect,004d6bf0,C:\Projects\Wizardry 8\Level Specific Code\MasterFunctionList.cpp,734,pTrigger,Missing trigger 'gas_trig_plane06'! It's not in the LVL file!
wiz8--gog-1261--wiz8new--57a3072c2f83,004d8826,register-indirect,004d6bf0,C:\Projects\Wizardry 8\Level Specific Code\MasterFunctionList.cpp,738,pTrigger,Missing trigger 'gas_trig_plane07'! It's not in the LVL file!
wiz8--gog-1261--wiz8new--57a3072c2f83,004d8858,register-indirect,004d6bf0,C:\Projects\Wizardry 8\Level Specific Code\MasterFunctionList.cpp,742,pTrigger,Missing trigger 'oil_pool'! It's not in the LVL file!
wiz8--gog-1261--wiz8new--57a3072c2f83,004d888e,register-indirect,004d6bf0,C:\Projects\Wizardry 8\Level Specific Code\MasterFunctionList.cpp,746,pTrigger,Missing trigger 'onelid'! It's not in the LVL file!
wiz8--gog-1261--wiz8new--57a3072c2f83,004d88cf,register-indirect,004d6bf0,C:\Projects\Wizardry 8\Level Specific Code\MasterFunctionList.cpp,1518,pTrigger,
wiz8--gog-1261--wiz8new--57a3072c2f83,004d8a78,direct,004d6bf0,C:\Projects\Wizardry 8\Level Specific Code\MasterFunctionList.cpp,762,pTrigger,Missing trigger 'Fount_randomFX'! It's not in the LVL file!
wiz8--gog-1261--wiz8new--57a3072c2f83,004d8ae8,register-indirect,004d6bf0,C:\Projects\Wizardry 8\Level Specific Code\MasterFunctionList.cpp,776,pTrigger,Missing trigger 'prisondoor06'! It's not in the LVL file!
wiz8--gog-1261--wiz8new--57a3072c2f83,004d8b1e,register-indirect,004d6bf0,C:\Projects\Wizardry 8\Level Specific Code\MasterFunctionList.cpp,780,pTrigger,Missing trigger 'prisondoor04'! It's not in the LVL file!
wiz8--gog-1261--wiz8new--57a3072c2f83,004d8b54,register-indirect,004d6bf0,C:\Projects\Wizardry 8\Level Specific Code\MasterFunctionList.cpp,784,pTrigger,Missing trigger 'prisondoor03'! It's not in the LVL file!
wiz8--gog-1261--wiz8new--57a3072c2f83,004d8b94,register-indirect,004d6bf0,C:\Projects\Wizardry 8\Level Specific Code\MasterFunctionList.cpp,794,pTrigger,Missing trigger 'GoodaVine_A'! It's not in the LVL file!
wiz8--gog-1261--wiz8new--57a3072c2f83,004d8bca,register-indirect,004d6bf0,C:\Projects\Wizardry 8\Level Specific Code\MasterFunctionList.cpp,798,pTrigger,Missing trigger 'GoodaVine_B'! It's not in the LVL file!
wiz8--gog-1261--wiz8new--57a3072c2f83,004d8c00,register-indirect,004d6bf0,C:\Projects\Wizardry 8\Level Specific Code\MasterFunctionList.cpp,802,pTrigger,Missing trigger 'Meat maker'! It's not in the LVL file!
wiz8--gog-1261--wiz8new--57a3072c2f83,004d8c36,register-indirect,004d6bf0,C:\Projects\Wizardry 8\Level Specific Code\MasterFunctionList.cpp,806,pTrigger,Missing trigger 'Meat_Box! It's not in the LVL file!
wiz8--gog-1261--wiz8new--57a3072c2f83,004d8c6c,register-indirect,004d6bf0,C:\Projects\Wizardry 8\Level Specific Code\MasterFunctionList.cpp,810,pTrigger,Missing trigger 'Give Zulu'! It's not in the LVL file!
wiz8--gog-1261--wiz8new--57a3072c2f83,004d8cad,register-indirect,004d6bf0,C:\Projects\Wizardry 8\Level Specific Code\MasterFunctionList.cpp,1518,pTrigger,
wiz8--gog-1261--wiz8new--57a3072c2f83,004d8cef,register-indirect,004d6bf0,C:\Projects\Wizardry 8\Level Specific Code\MasterFunctionList.cpp,1518,pTrigger,
wiz8--gog-1261--wiz8new--57a3072c2f83,004d8d2c,register-indirect,004d6bf0,C:\Projects\Wizardry 8\Level Specific Code\MasterFunctionList.cpp,1518,pTrigger,
wiz8--gog-1261--wiz8new--57a3072c2f83,004d8d69,register-indirect,004d6bf0,C:\Projects\Wizardry 8\Level Specific Code\MasterFunctionList.cpp,1518,pTrigger,
wiz8--gog-1261--wiz8new--57a3072c2f83,004d8da9,direct,004d6bf0,C:\Projects\Wizardry 8\Level Specific Code\MasterFunctionList.cpp,826,pTrigger,Missing trigger 'CC_TRIGGERPLANE1HEDRA'! It's not in the LVL file!
wiz8--gog-1261--wiz8new--57a3072c2f83,004d97c1,register-indirect,004d9740,C:\Projects\Wizardry 8\Level Specific Code\MasterFunctionList.cpp,1444,pChest,
wiz8--gog-1261--wiz8new--57a3072c2f83,004d97e3,register-indirect,004d9740,C:\Projects\Wizardry 8\Level Specific Code\MasterFunctionList.cpp,1446,pTrigger,
wiz8--gog-1261--wiz8new--57a3072c2f83,004d9807,register-indirect,004d9740,C:\Projects\Wizardry 8\Level Specific Code\MasterFunctionList.cpp,1448,pContainer,
wiz8--gog-1261--wiz8new--57a3072c2f83,004d9b0a,direct,004d9a70,C:\Projects\Wizardry 8\Level Specific Code\Cosmic Circle.cpp,25,pNPC,Cannot find VOC_SAVANT_CC1
wiz8--gog-1261--wiz8new--57a3072c2f83,004d9bba,register-indirect,004d9a70,C:\Projects\Wizardry 8\Level Specific Code\Cosmic Circle.cpp,65,uiMonsterID,Invalid Monster ID for CC end
wiz8--gog-1261--wiz8new--57a3072c2f83,004d9c33,register-indirect,004d9a70,C:\Projects\Wizardry 8\Level Specific Code\Cosmic Circle.cpp,83,uiMonsterID,Invalid Monster ID for CC end
wiz8--gog-1261--wiz8new--57a3072c2f83,004da6d2,register-indirect,004da670,C:\Projects\Wizardry 8\Level Specific Code\Trynnie1.cpp,18,"WorldGetNamedPosition(""VOC_SHAMAN_DYING"", vPos)",
wiz8--gog-1261--wiz8new--57a3072c2f83,004da71a,register-indirect,004da670,C:\Projects\Wizardry 8\Level Specific Code\Trynnie1.cpp,24,"CreateGroup(205, 1, vPos2, TRUE, FALSE, TRUE)",
wiz8--gog-1261--wiz8new--57a3072c2f83,004da8fb,register-indirect,004da740,C:\Projects\Wizardry 8\Level Specific Code\Trynnie1.cpp,104,iOldTable!=(-1),Can't find monster table 'Trynnies'
wiz8--gog-1261--wiz8new--57a3072c2f83,004da916,register-indirect,004da740,C:\Projects\Wizardry 8\Level Specific Code\Trynnie1.cpp,105,iNewTable!=(-1),Can't find monster table 'Dead Trynnies'
wiz8--gog-1261--wiz8new--57a3072c2f83,004db574,register-indirect,004db200,..\Engine Code\Include\Trigger.hpp,1005,m_bRepType == TRIGGER_REP_PROP,
wiz8--gog-1261--wiz8new--57a3072c2f83,004db5b9,register-indirect,004db200,..\Engine Code\Include\Trigger.hpp,1005,m_bRepType == TRIGGER_REP_PROP,
wiz8--gog-1261--wiz8new--57a3072c2f83,004db5fe,register-indirect,004db200,..\Engine Code\Include\Trigger.hpp,1005,m_bRepType == TRIGGER_REP_PROP,
wiz8--gog-1261--wiz8new--57a3072c2f83,004dbaef,direct,004dbab0,..\Engine Code\Include\Trigger.hpp,1005,m_bRepType == TRIGGER_REP_PROP,
wiz8--gog-1261--wiz8new--57a3072c2f83,004dbcbf,register-indirect,004dbab0,..\Engine Code\Include\Trigger.hpp,1005,m_bRepType == TRIGGER_REP_PROP,
wiz8--gog-1261--wiz8new--57a3072c2f83,004dbd0b,register-indirect,004dbab0,..\Engine Code\Include\Trigger.hpp,1005,m_bRepType == TRIGGER_REP_PROP,
wiz8--gog-1261--wiz8new--57a3072c2f83,004dbd89,register-indirect,004dbab0,..\Engine Code\Include\Trigger.hpp,1005,m_bRepType == TRIGGER_REP_PROP,
wiz8--gog-1261--wiz8new--57a3072c2f83,004dbdd5,register-indirect,004dbab0,..\Engine Code\Include\Trigger.hpp,1005,m_bRepType == TRIGGER_REP_PROP,
wiz8--gog-1261--wiz8new--57a3072c2f83,004dbf9b,register-indirect,004dbe30,C:\Projects\Wizardry 8\Level Specific Code\MtGigasOuter.cpp,84,pFlagTrigger,Missing trigger 'flag'! It's not in the LVL file!
wiz8--gog-1261--wiz8new--57a3072c2f83,004dbfba,register-indirect,004dbe30,..\Engine Code\Include\Trigger.hpp,1005,m_bRepType == TRIGGER_REP_PROP,
wiz8--gog-1261--wiz8new--57a3072c2f83,004dc159,register-indirect,004dbe30,C:\Projects\Wizardry 8\Level Specific Code\MtGigasOuter.cpp,149,pFlagTrigger,Missing trigger 'flag'! It's not in the LVL file!
wiz8--gog-1261--wiz8new--57a3072c2f83,004dc178,register-indirect,004dbe30,..\Engine Code\Include\Trigger.hpp,1005,m_bRepType == TRIGGER_REP_PROP,
wiz8--gog-1261--wiz8new--57a3072c2f83,004dc80f,register-indirect,004dc670,C:\Projects\Wizardry 8\Level Specific Code\Monastery2.cpp,33,pPropTrigger,
wiz8--gog-1261--wiz8new--57a3072c2f83,004dc843,register-indirect,004dc670,C:\Projects\Wizardry 8\Level Specific Code\Monastery2.cpp,36,pPropTrigger,
wiz8--gog-1261--wiz8new--57a3072c2f83,004de032,register-indirect,004dcd40,..\Engine Code\Include\Trigger.hpp,1005,m_bRepType == TRIGGER_REP_PROP,
wiz8--gog-1261--wiz8new--57a3072c2f83,004de06f,register-indirect,004dcd40,..\Engine Code\Include\Trigger.hpp,1005,m_bRepType == TRIGGER_REP_PROP,
wiz8--gog-1261--wiz8new--57a3072c2f83,004de300,register-indirect,004dcd40,..\Engine Code\Include\Trigger.hpp,1005,m_bRepType == TRIGGER_REP_PROP,
wiz8--gog-1261--wiz8new--57a3072c2f83,004de342,register-indirect,004dcd40,..\Engine Code\Include\Trigger.hpp,1005,m_bRepType == TRIGGER_REP_PROP,
wiz8--gog-1261--wiz8new--57a3072c2f83,004df5ed,register-indirect,004df5c0,C:\Projects\Wizardry 8\Level Specific Code\MartensBluff1.cpp,761,pTelTrigger,Missing trigger 'MR109'! It's not in the LVL file!
wiz8--gog-1261--wiz8new--57a3072c2f83,004df743,register-indirect,004df710,C:\Projects\Wizardry 8\Level Specific Code\MartensBluff1.cpp,809,pTelTrigger,Missing trigger 'MR109'! It's not in the LVL file!
wiz8--gog-1261--wiz8new--57a3072c2f83,004e074c,direct,004e06d0,..\Engine Code\Include\Trigger.hpp,1005,m_bRepType == TRIGGER_REP_PROP,
wiz8--gog-1261--wiz8new--57a3072c2f83,004e089f,direct,004e0880,..\Engine Code\Include\Trigger.hpp,1005,m_bRepType == TRIGGER_REP_PROP,
wiz8--gog-1261--wiz8new--57a3072c2f83,004e1065,direct,004e0880,C:\Projects\Wizardry 8\Level Specific Code\Arnika.cpp,494,pMookHolo,Missing trigger 'Mookholo'! It's not in the LVL file!
wiz8--gog-1261--wiz8new--57a3072c2f83,004e11a7,direct,004e1180,..\Engine Code\Include\Trigger.hpp,1005,m_bRepType == TRIGGER_REP_PROP,
wiz8--gog-1261--wiz8new--57a3072c2f83,004e13e3,register-indirect,004e13b0,C:\Projects\Wizardry 8\Level Specific Code\Arnika.cpp,752,gEl01.pElevator,Missing trigger 'Elevator-1'! It's not in the LVL file!
wiz8--gog-1261--wiz8new--57a3072c2f83,004e1412,register-indirect,004e13b0,C:\Projects\Wizardry 8\Level Specific Code\Arnika.cpp,754,gEl01.pLift,Missing trigger 'El1-Lift'! It's not in the LVL file!
wiz8--gog-1261--wiz8new--57a3072c2f83,004e1441,register-indirect,004e13b0,C:\Projects\Wizardry 8\Level Specific Code\Arnika.cpp,756,gEl01.pTopDoor,Missing trigger 'El1-TopGate'! It's not in the LVL file!
wiz8--gog-1261--wiz8new--57a3072c2f83,004e1470,register-indirect,004e13b0,C:\Projects\Wizardry 8\Level Specific Code\Arnika.cpp,758,gEl01.pBottomDoor,Missing trigger 'El1-BottomGate'! It's not in the LVL file!
wiz8--gog-1261--wiz8new--57a3072c2f83,004e149f,register-indirect,004e13b0,C:\Projects\Wizardry 8\Level Specific Code\Arnika.cpp,760,gEl01.pTopDoorCollide,Missing trigger 'El1-TopGateC'! It's not in the LVL file!
wiz8--gog-1261--wiz8new--57a3072c2f83,004e14ce,register-indirect,004e13b0,C:\Projects\Wizardry 8\Level Specific Code\Arnika.cpp,762,gEl01.pBottomDoorCollide,Missing trigger 'El1-BottomGateC'! It's not in the LVL file!
wiz8--gog-1261--wiz8new--57a3072c2f83,004e14fd,register-indirect,004e13b0,C:\Projects\Wizardry 8\Level Specific Code\Arnika.cpp,764,gEl01.pButton,Missing trigger 'RedButton'! It's not in the LVL file!
wiz8--gog-1261--wiz8new--57a3072c2f83,004e1809,direct,004e17c0,..\Engine Code\Include\Trigger.hpp,1005,m_bRepType == TRIGGER_REP_PROP,
wiz8--gog-1261--wiz8new--57a3072c2f83,004e1a43,register-indirect,004e1a10,C:\Projects\Wizardry 8\Level Specific Code\Arnika.cpp,1026,gEl02.pElevator,Missing trigger 'Elevator-02'! It's not in the LVL file!
wiz8--gog-1261--wiz8new--57a3072c2f83,004e1a72,register-indirect,004e1a10,C:\Projects\Wizardry 8\Level Specific Code\Arnika.cpp,1028,gEl02.pLift,Missing trigger 'El-02Lift'! It's not in the LVL file!
wiz8--gog-1261--wiz8new--57a3072c2f83,004e1aa1,register-indirect,004e1a10,C:\Projects\Wizardry 8\Level Specific Code\Arnika.cpp,1030,gEl02.pTopDoor,Missing trigger 'El-02TopDoor'! It's not in the LVL file!
wiz8--gog-1261--wiz8new--57a3072c2f83,004e1ad0,register-indirect,004e1a10,C:\Projects\Wizardry 8\Level Specific Code\Arnika.cpp,1032,gEl02.pBottomDoor,Missing trigger 'El-02BottomDoor'! It's not in the LVL file!
wiz8--gog-1261--wiz8new--57a3072c2f83,004e1aff,register-indirect,004e1a10,C:\Projects\Wizardry 8\Level Specific Code\Arnika.cpp,1034,gEl02.pTopDoorCollide,Missing trigger 'El-02TopDoorCollide'! It's not in the LVL file!
wiz8--gog-1261--wiz8new--57a3072c2f83,004e1b2e,register-indirect,004e1a10,C:\Projects\Wizardry 8\Level Specific Code\Arnika.cpp,1036,gEl02.pBottomDoorCollide,Missing trigger 'El-02BottomDoorCollide'! It's not in the LVL file!
wiz8--gog-1261--wiz8new--57a3072c2f83,004e1b5d,register-indirect,004e1a10,C:\Projects\Wizardry 8\Level Specific Code\Arnika.cpp,1038,gEl02.pButton,Missing trigger 'GreenButton'! It's not in the LVL file!
wiz8--gog-1261--wiz8new--57a3072c2f83,004e1e59,direct,004e1e10,..\Engine Code\Include\Trigger.hpp,1005,m_bRepType == TRIGGER_REP_PROP,
wiz8--gog-1261--wiz8new--57a3072c2f83,004e2056,direct,004e2010,..\Engine Code\Include\Trigger.hpp,1005,m_bRepType == TRIGGER_REP_PROP,
wiz8--gog-1261--wiz8new--57a3072c2f83,004e20ae,direct,004e2010,..\Engine Code\Include\Trigger.hpp,1005,m_bRepType == TRIGGER_REP_PROP,
wiz8--gog-1261--wiz8new--57a3072c2f83,004e20f9,direct,004e2010,..\Engine Code\Include\Trigger.hpp,1005,m_bRepType == TRIGGER_REP_PROP,
wiz8--gog-1261--wiz8new--57a3072c2f83,004e213a,direct,004e2010,..\Engine Code\Include\Trigger.hpp,1005,m_bRepType == TRIGGER_REP_PROP,
wiz8--gog-1261--wiz8new--57a3072c2f83,004e2192,direct,004e2010,..\Engine Code\Include\Trigger.hpp,1005,m_bRepType == TRIGGER_REP_PROP,
wiz8--gog-1261--wiz8new--57a3072c2f83,004e21da,direct,004e2010,..\Engine Code\Include\Trigger.hpp,1005,m_bRepType == TRIGGER_REP_PROP,
wiz8--gog-1261--wiz8new--57a3072c2f83,004e23fd,direct,004e2010,C:\Projects\Wizardry 8\Level Specific Code\Arnika.cpp,1469,pTrigger,Missing trigger 'CMBox'! It's not in the LVL file!
wiz8--gog-1261--wiz8new--57a3072c2f83,004e24b6,direct,004e2010,C:\Projects\Wizardry 8\Level Specific Code\Arnika.cpp,1520,pTrigger,Missing trigger 'AstralDominae'! It's not in the LVL file!
wiz8--gog-1261--wiz8new--57a3072c2f83,004e2540,direct,004e2010,C:\Projects\Wizardry 8\Level Specific Code\Arnika.cpp,1543,pTrigger,Missing trigger 'ChaosMolori'! It's not in the LVL file!
wiz8--gog-1261--wiz8new--57a3072c2f83,004e35d7,register-indirect,004e3340,C:\Projects\Wizardry 8\Local Code\Gameloop.cpp,630,gCurrentScreen.iScreenId == NO_SCREEN,
wiz8--gog-1261--wiz8new--57a3072c2f83,004e3840,register-indirect,004e3340,C:\Projects\Wizardry 8\Local Code\MonsterManager.cpp,92,gXStatus.plsMonsterGroupList != NULL,
wiz8--gog-1261--wiz8new--57a3072c2f83,004e385a,register-indirect,004e3340,C:\Projects\Wizardry 8\Local Code\MonsterManager.cpp,93,gXStatus.plsMonsterList != NULL,
wiz8--gog-1261--wiz8new--57a3072c2f83,004e3be7,direct,004e3930,C:\Projects\Wizardry 8\Local Code\MonsterManager.cpp,642,pMonsterInfo,
wiz8--gog-1261--wiz8new--57a3072c2f83,004e3c93,register-indirect,004e3c70,C:\Projects\Wizardry 8\Local Code\MonsterManager.cpp,372,pMonsterInfo != NULL,
wiz8--gog-1261--wiz8new--57a3072c2f83,004e3cbf,register-indirect,004e3c70,C:\Projects\Wizardry 8\Local Code\MonsterManager.cpp,1513,pMonsterInfo != NULL,
wiz8--gog-1261--wiz8new--57a3072c2f83,004e3d50,register-indirect,004e3c70,C:\Projects\Wizardry 8\Local Code\MonsterManager.cpp,400,"MonsterIsCycleSupported(pMonsterInfo->p3D, CYCLE_BIRTH)",Unborn monsters must have CYCLE_BIRTH!
wiz8--gog-1261--wiz8new--57a3072c2f83,004e3d8f,register-indirect,004e3c70,C:\Projects\Wizardry 8\Local Code\MonsterManager.cpp,406,"MonsterQuery(pMonsterInfo->p3D, QUERY_NUM_FRAMES) != -1",
wiz8--gog-1261--wiz8new--57a3072c2f83,004e3dfd,register-indirect,004e3c70,C:\Projects\Wizardry 8\Local Code\MonsterManager.cpp,420,"MonsterQuery(pMonsterInfo->p3D, QUERY_NUM_FRAMES) != -1",
wiz8--gog-1261--wiz8new--57a3072c2f83,004e3ee0,direct,004e3c70,C:\Projects\Wizardry 8\Local Code\MonsterManager.cpp,1513,pMonsterInfo != NULL,
wiz8--gog-1261--wiz8new--57a3072c2f83,004e3f05,direct,004e3c70,C:\Projects\Wizardry 8\Local Code\MonsterManager.cpp,1523,uiMonsterSpecies < MAX_MONSTERS_IN_DATABASE,
wiz8--gog-1261--wiz8new--57a3072c2f83,004e4009,register-indirect,004e3c70,C:\Projects\Wizardry 8\Local Code\MonsterManager.cpp,478,pMonsterInfo->plsVisMonToMon != NULL,
wiz8--gog-1261--wiz8new--57a3072c2f83,004e4074,register-indirect,004e4050,C:\Projects\Wizardry 8\Local Code\MonsterManager.cpp,501,pMonsterInfo != NULL,
wiz8--gog-1261--wiz8new--57a3072c2f83,004e4099,register-indirect,004e4050,C:\Projects\Wizardry 8\Local Code\MonsterManager.cpp,502,!pMonsterInfo->fActive,
wiz8--gog-1261--wiz8new--57a3072c2f83,004e40c0,register-indirect,004e4050,C:\Projects\Wizardry 8\Local Code\MonsterManager.cpp,1513,pMonsterInfo != NULL,
wiz8--gog-1261--wiz8new--57a3072c2f83,004e40e2,register-indirect,004e4050,C:\Projects\Wizardry 8\Local Code\MonsterManager.cpp,1523,uiMonsterSpecies < MAX_MONSTERS_IN_DATABASE,
wiz8--gog-1261--wiz8new--57a3072c2f83,004e4185,direct,004e4050,C:\Projects\Wizardry 8\Local Code\MonsterManager.cpp,527,fSuccess,ActivateMonster: ERROR - MonsterReadAllCycles failed
wiz8--gog-1261--wiz8new--57a3072c2f83,004e41cf,direct,004e4050,C:\Projects\Wizardry 8\Local Code\MonsterManager.cpp,522,fSuccess,ActivateMonster: ERROR - MonsterReadAllCycles failed
wiz8--gog-1261--wiz8new--57a3072c2f83,004e42a6,register-indirect,004e4280,C:\Projects\Wizardry 8\Local Code\MonsterManager.cpp,576,pMonsterInfo != NULL,
wiz8--gog-1261--wiz8new--57a3072c2f83,004e42c9,register-indirect,004e4280,C:\Projects\Wizardry 8\Local Code\MonsterManager.cpp,585,pMonsterInfo->p3D != NULL,
wiz8--gog-1261--wiz8new--57a3072c2f83,004e43b1,register-indirect,004e4390,C:\Projects\Wizardry 8\Local Code\MonsterManager.cpp,665,pMonsterInfo != NULL,
wiz8--gog-1261--wiz8new--57a3072c2f83,004e43ce,register-indirect,004e4390,C:\Projects\Wizardry 8\Local Code\MonsterManager.cpp,666,!pMonsterInfo->fInCombat,
wiz8--gog-1261--wiz8new--57a3072c2f83,004e43e7,register-indirect,004e4390,C:\Projects\Wizardry 8\Local Code\MonsterManager.cpp,759,pMonsterInfo != NULL,
wiz8--gog-1261--wiz8new--57a3072c2f83,004e447b,register-indirect,004e4390,C:\Projects\Wizardry 8\Local Code\MonsterManager.cpp,672,pMonsterInfo->pCombat != NULL,
wiz8--gog-1261--wiz8new--57a3072c2f83,004e4524,register-indirect,004e4390,C:\Projects\Wizardry 8\Local Code\MonsterManager.cpp,710,gXStatus.fCombatMode,
wiz8--gog-1261--wiz8new--57a3072c2f83,004e4541,register-indirect,004e4390,C:\Projects\Wizardry 8\Local Code\MonsterManager.cpp,711,pMonsterInfo != NULL,
wiz8--gog-1261--wiz8new--57a3072c2f83,004e455b,register-indirect,004e4390,C:\Projects\Wizardry 8\Local Code\MonsterManager.cpp,712,pMonsterInfo->fInCombat,
wiz8--gog-1261--wiz8new--57a3072c2f83,004e4619,direct,004e4600,C:\Projects\Wizardry 8\Local Code\MonsterManager.cpp,759,pMonsterInfo != NULL,
wiz8--gog-1261--wiz8new--57a3072c2f83,004e4710,direct,004e4690,C:\Projects\Wizardry 8\Local Code\MonsterManager.cpp,1513,pMonsterInfo != NULL,
wiz8--gog-1261--wiz8new--57a3072c2f83,004e4735,direct,004e4690,C:\Projects\Wizardry 8\Local Code\MonsterManager.cpp,1523,uiMonsterSpecies < MAX_MONSTERS_IN_DATABASE,
wiz8--gog-1261--wiz8new--57a3072c2f83,004e4815,direct,004e4690,C:\Projects\Wizardry 8\Local Code\MonsterManager.cpp,852,(iKilledByPC == BAD_INDEX) || VALID_CHAR(iKilledByPC),
wiz8--gog-1261--wiz8new--57a3072c2f83,004e48f5,direct,004e4690,C:\Projects\Wizardry 8\Local Code\MonsterManager.cpp,897,pKillerMonsterInfo != NULL,
wiz8--gog-1261--wiz8new--57a3072c2f83,004e4e6a,direct,004e4ab0,C:\Projects\Wizardry 8\Local Code\MonsterManager.cpp,1175,FALSE,
wiz8--gog-1261--wiz8new--57a3072c2f83,004e4ea0,direct,004e4ab0,C:\Projects\Wizardry 8\Local Code\MonsterManager.cpp,1188,FALSE,
wiz8--gog-1261--wiz8new--57a3072c2f83,004e4f62,direct,004e4ab0,C:\Projects\Wizardry 8\Local Code\MonsterManager.cpp,642,pMonsterInfo,
wiz8--gog-1261--wiz8new--57a3072c2f83,004e517a,register-indirect,004e5150,C:\Projects\Wizardry 8\Local Code\MonsterManager.cpp,1513,pMonsterInfo != NULL,
wiz8--gog-1261--wiz8new--57a3072c2f83,004e519b,register-indirect,004e5150,C:\Projects\Wizardry 8\Local Code\MonsterManager.cpp,1523,uiMonsterSpecies < MAX_MONSTERS_IN_DATABASE,
wiz8--gog-1261--wiz8new--57a3072c2f83,004e52f4,register-indirect,004e52c0,C:\Projects\Wizardry 8\Local Code\MonsterManager.cpp,1513,pMonsterInfo != NULL,
wiz8--gog-1261--wiz8new--57a3072c2f83,004e5315,register-indirect,004e52c0,C:\Projects\Wizardry 8\Local Code\MonsterManager.cpp,1523,uiMonsterSpecies < MAX_MONSTERS_IN_DATABASE,
wiz8--gog-1261--wiz8new--57a3072c2f83,004e5608,direct,004e52c0,C:\Projects\Wizardry 8\Local Code\MonsterManager.cpp,1473,FALSE,
wiz8--gog-1261--wiz8new--57a3072c2f83,004e5666,register-indirect,004e5620,C:\Projects\Wizardry 8\Local Code\MonsterManager.cpp,1489,(uiMonsterListIndex-10000) < (UINT32) PLLength(gXStatus.plsUnbornMonsterList),
wiz8--gog-1261--wiz8new--57a3072c2f83,004e56ce,register-indirect,004e5620,C:\Projects\Wizardry 8\Local Code\MonsterManager.cpp,1498,uiMonsterListIndex < (UINT32) PLLength(gXStatus.plsMonsterList),
wiz8--gog-1261--wiz8new--57a3072c2f83,004e570a,register-indirect,004e5620,C:\Projects\Wizardry 8\Local Code\MonsterManager.cpp,1502,pMonsterInfo != NULL,
wiz8--gog-1261--wiz8new--57a3072c2f83,004e5741,register-indirect,004e5720,C:\Projects\Wizardry 8\Local Code\MonsterManager.cpp,1513,pMonsterInfo != NULL,
wiz8--gog-1261--wiz8new--57a3072c2f83,004e5762,register-indirect,004e5720,C:\Projects\Wizardry 8\Local Code\MonsterManager.cpp,1523,uiMonsterSpecies < MAX_MONSTERS_IN_DATABASE,
wiz8--gog-1261--wiz8new--57a3072c2f83,004e57df,direct,004e57c0,C:\Projects\Wizardry 8\Local Code\MonsterManager.cpp,1523,uiMonsterSpecies < MAX_MONSTERS_IN_DATABASE,
wiz8--gog-1261--wiz8new--57a3072c2f83,004e589d,direct,004e5840,C:\Projects\Wizardry 8\Local Code\MonsterManager.cpp,1574,FALSE,
wiz8--gog-1261--wiz8new--57a3072c2f83,004e58f1,direct,004e5840,C:\Projects\Wizardry 8\Local Code\MonsterManager.cpp,1523,uiMonsterSpecies < MAX_MONSTERS_IN_DATABASE,
wiz8--gog-1261--wiz8new--57a3072c2f83,004e59b2,register-indirect,004e5990,C:\Projects\Wizardry 8\Local Code\MonsterManager.cpp,1513,pMonsterInfo != NULL,
wiz8--gog-1261--wiz8new--57a3072c2f83,004e59d3,register-indirect,004e5990,C:\Projects\Wizardry 8\Local Code\MonsterManager.cpp,1523,uiMonsterSpecies < MAX_MONSTERS_IN_DATABASE,
wiz8--gog-1261--wiz8new--57a3072c2f83,004e5a2f,register-indirect,004e5990,C:\Projects\Wizardry 8\Local Code\MonsterManager.cpp,1642,pMonsterDB,
wiz8--gog-1261--wiz8new--57a3072c2f83,004e5b0c,direct,004e5af0,C:\Projects\Wizardry 8\Local Code\MonsterManager.cpp,1721,pMonsterInfo,
wiz8--gog-1261--wiz8new--57a3072c2f83,004e5b6f,direct,004e5b50,C:\Projects\Wizardry 8\Local Code\MonsterManager.cpp,1523,uiMonsterSpecies < MAX_MONSTERS_IN_DATABASE,
wiz8--gog-1261--wiz8new--57a3072c2f83,004e5d1e,direct,004e5d00,C:\Projects\Wizardry 8\Local Code\MonsterManager.cpp,1513,pMonsterInfo != NULL,
wiz8--gog-1261--wiz8new--57a3072c2f83,004e5d43,direct,004e5d00,C:\Projects\Wizardry 8\Local Code\MonsterManager.cpp,1523,uiMonsterSpecies < MAX_MONSTERS_IN_DATABASE,
wiz8--gog-1261--wiz8new--57a3072c2f83,004e5dae,direct,004e5d00,C:\Projects\Wizardry 8\Local Code\MonsterManager.cpp,1933,uiMonsterAttribute < MONSTER_ATTR_COUNT,
wiz8--gog-1261--wiz8new--57a3072c2f83,004e5df7,direct,004e5d00,C:\Projects\Wizardry 8\Local Code\MonsterManager.cpp,1944,FALSE,ConvertMonsterAttribute: ERROR - Invalid monster attribute
wiz8--gog-1261--wiz8new--57a3072c2f83,004e5f7e,register-indirect,004e5d00,C:\Projects\Wizardry 8\Local Code\MonsterManager.cpp,642,pMonsterInfo,
wiz8--gog-1261--wiz8new--57a3072c2f83,004e603a,direct,004e6020,C:\Projects\Wizardry 8\Local Code\MonsterManager.cpp,2139,pMonsterInfo,
wiz8--gog-1261--wiz8new--57a3072c2f83,004e6149,direct,004e6020,C:\Projects\Wizardry 8\Local Code\MonsterManager.cpp,2232,pMonsterInfo,
wiz8--gog-1261--wiz8new--57a3072c2f83,004e63b3,direct,004e61e0,C:\Projects\Wizardry 8\Local Code\MonsterManager.cpp,1513,pMonsterInfo != NULL,
wiz8--gog-1261--wiz8new--57a3072c2f83,004e63d8,direct,004e61e0,C:\Projects\Wizardry 8\Local Code\MonsterManager.cpp,1523,uiMonsterSpecies < MAX_MONSTERS_IN_DATABASE,
wiz8--gog-1261--wiz8new--57a3072c2f83,004e64da,direct,004e61e0,C:\Projects\Wizardry 8\Local Code\MonsterManager.cpp,1513,pMonsterInfo != NULL,
wiz8--gog-1261--wiz8new--57a3072c2f83,004e64ff,direct,004e61e0,C:\Projects\Wizardry 8\Local Code\MonsterManager.cpp,1523,uiMonsterSpecies < MAX_MONSTERS_IN_DATABASE,
wiz8--gog-1261--wiz8new--57a3072c2f83,004e6635,register-indirect,004e65d0,C:\Projects\Wizardry 8\Local Code\MonsterManager.cpp,1513,pMonsterInfo != NULL,
wiz8--gog-1261--wiz8new--57a3072c2f83,004e6656,register-indirect,004e65d0,C:\Projects\Wizardry 8\Local Code\MonsterManager.cpp,1523,uiMonsterSpecies < MAX_MONSTERS_IN_DATABASE,
wiz8--gog-1261--wiz8new--57a3072c2f83,004e7862,direct,004e76f0,C:\Projects\Wizardry 8\Local Code\Combat.cpp,736,gXStatus.fItemSelectMode,
wiz8--gog-1261--wiz8new--57a3072c2f83,004e7902,direct,004e76f0,C:\Projects\Wizardry 8\Local Code\Combat.cpp,784,FALSE,
wiz8--gog-1261--wiz8new--57a3072c2f83,004e808e,direct,004e8000,C:\Projects\Wizardry 8\Local Code\Combat.cpp,1156,iAction < CHAR_ACTION_COUNT,
wiz8--gog-1261--wiz8new--57a3072c2f83,004e8855,direct,004e82e0,C:\Projects\Wizardry 8\Local Code\Combat.cpp,1510,FALSE,
wiz8--gog-1261--wiz8new--57a3072c2f83,004e897d,direct,004e82e0,C:\Projects\Wizardry 8\Local Code\Combat.cpp,1546,FALSE,
wiz8--gog-1261--wiz8new--57a3072c2f83,004e8e3f,direct,004e82e0,C:\Projects\Wizardry 8\Local Code\Combat.cpp,1837,gStatus.iSelectedCharacter != BAD_INDEX,
wiz8--gog-1261--wiz8new--57a3072c2f83,004e90f0,register-indirect,004e82e0,C:\Projects\Wizardry 8\Local Code\Combat.cpp,2017,gpCombat->iActionChar == BAD_INDEX,
wiz8--gog-1261--wiz8new--57a3072c2f83,004e9113,register-indirect,004e82e0,C:\Projects\Wizardry 8\Local Code\Combat.cpp,2018,gpCombat->pActionMonsterInfo == NULL,
wiz8--gog-1261--wiz8new--57a3072c2f83,004e91b1,direct,004e82e0,C:\Projects\Wizardry 8\Local Code\Combat.cpp,2053,FALSE,
wiz8--gog-1261--wiz8new--57a3072c2f83,004e94b7,direct,004e82e0,C:\Projects\Wizardry 8\Local Code\Combat.cpp,2127,gpCombat->eCombatActionStatus == COMBAT_ACTION_NONE,
wiz8--gog-1261--wiz8new--57a3072c2f83,004eae62,direct,004eae20,C:\Projects\Wizardry 8\Local Code\Combat.cpp,3588,gXStatus.fCombatMode,
wiz8--gog-1261--wiz8new--57a3072c2f83,004eb77f,direct,004eb5a0,C:\Projects\Wizardry 8\Local Code\Combat.cpp,4082,pMonsterInfo->fSpellReleased,
wiz8--gog-1261--wiz8new--57a3072c2f83,004ec21e,direct,004ec1e0,C:\Projects\Wizardry 8\Local Code\Combat.cpp,4499,pSource->iChar != BAD_INDEX,
wiz8--gog-1261--wiz8new--57a3072c2f83,004ec2e4,register-indirect,004ec1e0,C:\Projects\Wizardry 8\Local Code\Combat.cpp,4520,pSource->iType == SOURCE_TYPE_MONSTER,
wiz8--gog-1261--wiz8new--57a3072c2f83,004ec300,register-indirect,004ec1e0,C:\Projects\Wizardry 8\Local Code\Combat.cpp,4521,pSource->iMonsterID != BAD_INDEX,
wiz8--gog-1261--wiz8new--57a3072c2f83,004ec639,direct,004ec1e0,C:\Projects\Wizardry 8\Local Code\Combat.cpp,4676,gXStatus.fCombatMode,
wiz8--gog-1261--wiz8new--57a3072c2f83,004ecd3a,direct,004ecb40,C:\Projects\Wizardry 8\Local Code\Combat.cpp,5132,pTarget->iGroupID != -1,
wiz8--gog-1261--wiz8new--57a3072c2f83,004ecd91,direct,004ecb40,C:\Projects\Wizardry 8\Local Code\Combat.cpp,5118,pTarget->iMonsterID != -1,
wiz8--gog-1261--wiz8new--57a3072c2f83,004ecf75,direct,004ece00,C:\Projects\Wizardry 8\Local Code\Combat.cpp,5458,gXStatus.fCombatMode,
wiz8--gog-1261--wiz8new--57a3072c2f83,004ed3b2,direct,004ed390,C:\Projects\Wizardry 8\Local Code\Combat.cpp,5766,(iCharAction == CHAR_ACTION_DEFEND) || (iCharAction == CHAR_ACTION_PROTECT),
wiz8--gog-1261--wiz8new--57a3072c2f83,004ee0ff,direct,004ee000,C:\Projects\Wizardry 8\Local Code\GameplayCode.cpp,380,FALSE,CalcInitiative: ERROR - Invalid load category
wiz8--gog-1261--wiz8new--57a3072c2f83,004ee15d,direct,004ee000,C:\Projects\Wizardry 8\Local Code\GameplayCode.cpp,398,pPC != NULL,
wiz8--gog-1261--wiz8new--57a3072c2f83,004ee182,direct,004ee000,C:\Projects\Wizardry 8\Local Code\GameplayCode.cpp,399,(pPC->iProfession >= 0) && (pPC->iProfession < PROF_COUNT),
wiz8--gog-1261--wiz8new--57a3072c2f83,004ee1d9,direct,004ee000,C:\Projects\Wizardry 8\Local Code\GameplayCode.cpp,444,FALSE,CalcPhysCombatExperience: ERROR - Invalid profession
wiz8--gog-1261--wiz8new--57a3072c2f83,004ee4bb,direct,004ee220,C:\Projects\Wizardry 8\Local Code\GameplayCode.cpp,715,FALSE,CalcAttacks: ERROR - Invalid load category
wiz8--gog-1261--wiz8new--57a3072c2f83,004eecd0,register-indirect,004ee220,C:\Projects\Wizardry 8\Local Code\GameplayCode.cpp,1441,FALSE,CalcArmorClasses: ERROR - Invalid AC location
wiz8--gog-1261--wiz8new--57a3072c2f83,004ef0b1,register-indirect,004ef090,C:\Projects\Wizardry 8\Local Code\GameplayCode.cpp,1829,pPC != NULL,
wiz8--gog-1261--wiz8new--57a3072c2f83,004ef0d1,register-indirect,004ef090,C:\Projects\Wizardry 8\Local Code\GameplayCode.cpp,1830,pPC->uiExpLevel > 0,
wiz8--gog-1261--wiz8new--57a3072c2f83,004ef0f3,register-indirect,004ef090,C:\Projects\Wizardry 8\Local Code\GameplayCode.cpp,1831,(pPC->iProfession >= 0) && (pPC->iProfession < PROF_COUNT),
wiz8--gog-1261--wiz8new--57a3072c2f83,004ef663,direct,004ef610,C:\Projects\Wizardry 8\Local Code\GameplayCode.cpp,2197,!fSaveCharData || fCHAR_NPC(uiSlot),
wiz8--gog-1261--wiz8new--57a3072c2f83,004ef916,direct,004ef7e0,C:\Projects\Wizardry 8\Local Code\GameplayCode.cpp,2338,uiValue <= gStatus.uiPartyGold,
wiz8--gog-1261--wiz8new--57a3072c2f83,004ef96c,direct,004ef950,C:\Projects\Wizardry 8\Local Code\GameplayCode.cpp,2359,pPC->iRace < PC_RACE_COUNT,
wiz8--gog-1261--wiz8new--57a3072c2f83,004eff5e,register-indirect,004efad0,C:\Projects\Wizardry 8\Local Code\Combat Party Movement.cpp,410,( *puiPhase > 0 ) && ( *puiPhase <= PHASES_PER_ROUND ),
wiz8--gog-1261--wiz8new--57a3072c2f83,004eff89,register-indirect,004efad0,C:\Projects\Wizardry 8\Local Code\Combat Party Movement.cpp,186,( gpCombat->uiPartyActionPhase > 0 ) && ( gpCombat->uiPartyActionPhase <= PHASES_PER_ROUND ),
wiz8--gog-1261--wiz8new--57a3072c2f83,004f00ed,register-indirect,004effa0,C:\Projects\Wizardry 8\Local Code\Combat Party Movement.cpp,274,gpCombat->uiCurrentPartyActionStatus == ACTION_STATUS_IN_PROGRESS,
wiz8--gog-1261--wiz8new--57a3072c2f83,004f010c,register-indirect,004effa0,C:\Projects\Wizardry 8\Local Code\Combat Party Movement.cpp,275,gXStatus.fPartyMovementMode,
wiz8--gog-1261--wiz8new--57a3072c2f83,004f0135,register-indirect,004effa0,C:\Projects\Wizardry 8\Local Code\Combat Party Movement.cpp,276,gXStatus.flPartyMoveDistLimit > 0,
wiz8--gog-1261--wiz8new--57a3072c2f83,004f0189,register-indirect,004effa0,C:\Projects\Wizardry 8\Local Code\Combat Party Movement.cpp,288,uiTotalMovementPhases > 0,
wiz8--gog-1261--wiz8new--57a3072c2f83,004f0225,direct,004f01d0,C:\Projects\Wizardry 8\Local Code\Combat Party Movement.cpp,359,gXStatus.flPartyMoveDistLimit > 0.0f,
wiz8--gog-1261--wiz8new--57a3072c2f83,004f034b,direct,004f01d0,C:\Projects\Wizardry 8\Local Code\Combat Party Movement.cpp,359,gXStatus.flPartyMoveDistLimit > 0.0f,
wiz8--gog-1261--wiz8new--57a3072c2f83,004f04e9,direct,004f01d0,C:\Projects\Wizardry 8\Local Code\Combat Party Movement.cpp,410,( *puiPhase > 0 ) && ( *puiPhase <= PHASES_PER_ROUND ),
wiz8--gog-1261--wiz8new--57a3072c2f83,004f053a,direct,004f01d0,C:\Projects\Wizardry 8\Local Code\Combat Party Movement.cpp,435,gXStatus.fCombatMode,
wiz8--gog-1261--wiz8new--57a3072c2f83,004f057a,direct,004f01d0,C:\Projects\Wizardry 8\Local Code\Combat Party Movement.cpp,470,gXStatus.fCombatMode,
wiz8--gog-1261--wiz8new--57a3072c2f83,004f06de,register-indirect,004f01d0,C:\Projects\Wizardry 8\Local Code\Combat Party Movement.cpp,547,gpMGSV->iPartyMovementPercent >= 0,
wiz8--gog-1261--wiz8new--57a3072c2f83,004f0702,register-indirect,004f01d0,C:\Projects\Wizardry 8\Local Code\Combat Party Movement.cpp,548,gpMGSV->iPartyMovementPercent <= 100,
wiz8--gog-1261--wiz8new--57a3072c2f83,004f081a,direct,004f01d0,C:\Projects\Wizardry 8\Local Code\Combat Party Movement.cpp,613,gXStatus.fCombatMode,
wiz8--gog-1261--wiz8new--57a3072c2f83,004f0881,register-indirect,004f01d0,C:\Projects\Wizardry 8\Local Code\Combat Party Movement.cpp,643,gXStatus.fCombatMode,
wiz8--gog-1261--wiz8new--57a3072c2f83,004f09aa,direct,004f01d0,C:\Projects\Wizardry 8\Local Code\Combat Party Movement.cpp,674,gXStatus.fCombatMode,
wiz8--gog-1261--wiz8new--57a3072c2f83,004f0b0c,direct,004f0af0,C:\Projects\Wizardry 8\Local Code\Combat Party Movement.cpp,759,uiPartyAction != PARTY_ACTION_NONE,
wiz8--gog-1261--wiz8new--57a3072c2f83,004f0c5a,direct,004f0af0,C:\Projects\Wizardry 8\Local Code\Combat Party Movement.cpp,410,( *puiPhase > 0 ) && ( *puiPhase <= PHASES_PER_ROUND ),
wiz8--gog-1261--wiz8new--57a3072c2f83,004f0cef,direct,004f0af0,C:\Projects\Wizardry 8\Local Code\Combat Party Movement.cpp,410,( *puiPhase > 0 ) && ( *puiPhase <= PHASES_PER_ROUND ),
wiz8--gog-1261--wiz8new--57a3072c2f83,004f0d73,direct,004f0af0,C:\Projects\Wizardry 8\Local Code\Combat Party Movement.cpp,410,( *puiPhase > 0 ) && ( *puiPhase <= PHASES_PER_ROUND ),
wiz8--gog-1261--wiz8new--57a3072c2f83,004f0e2a,direct,004f0af0,C:\Projects\Wizardry 8\Local Code\Combat Party Movement.cpp,410,( *puiPhase > 0 ) && ( *puiPhase <= PHASES_PER_ROUND ),
wiz8--gog-1261--wiz8new--57a3072c2f83,004f2062,direct,004f16f0,C:\Projects\Wizardry 8\Local Code\RegionManager.cpp,470,uiRegionIndex < guiRegionCount,
wiz8--gog-1261--wiz8new--57a3072c2f83,004f21ff,direct,004f16f0,C:\Projects\Wizardry 8\Local Code\RegionManager.cpp,555,uiRegionSetIndex < guiRegsetCount,
wiz8--gog-1261--wiz8new--57a3072c2f83,004f223f,direct,004f16f0,C:\Projects\Wizardry 8\Local Code\RegionManager.cpp,564,uiRegionSetIndex < guiRegsetCount,
wiz8--gog-1261--wiz8new--57a3072c2f83,004f2287,register-indirect,004f16f0,C:\Projects\Wizardry 8\Local Code\RegionManager.cpp,575,uiRegionSetIndex < guiRegsetCount,
wiz8--gog-1261--wiz8new--57a3072c2f83,004f22ca,register-indirect,004f16f0,C:\Projects\Wizardry 8\Local Code\RegionManager.cpp,601,uiRegionIndex < guiRegionCount,
wiz8--gog-1261--wiz8new--57a3072c2f83,004f2317,register-indirect,004f16f0,C:\Projects\Wizardry 8\Local Code\RegionManager.cpp,589,uiRegionSetIndex < guiRegsetCount,
wiz8--gog-1261--wiz8new--57a3072c2f83,004f235a,register-indirect,004f16f0,C:\Projects\Wizardry 8\Local Code\RegionManager.cpp,610,uiRegionIndex < guiRegionCount,
wiz8--gog-1261--wiz8new--57a3072c2f83,004f239f,direct,004f16f0,C:\Projects\Wizardry 8\Local Code\RegionManager.cpp,601,uiRegionIndex < guiRegionCount,
wiz8--gog-1261--wiz8new--57a3072c2f83,004f23ef,direct,004f16f0,C:\Projects\Wizardry 8\Local Code\RegionManager.cpp,610,uiRegionIndex < guiRegionCount,
wiz8--gog-1261--wiz8new--57a3072c2f83,004f243f,direct,004f16f0,C:\Projects\Wizardry 8\Local Code\RegionManager.cpp,637,uiRegionIndex < guiRegionCount,
wiz8--gog-1261--wiz8new--57a3072c2f83,004f24af,direct,004f16f0,C:\Projects\Wizardry 8\Local Code\RegionManager.cpp,676,uiRegionIndex < guiRegionCount,
wiz8--gog-1261--wiz8new--57a3072c2f83,004f256f,direct,004f16f0,C:\Projects\Wizardry 8\Local Code\RegionManager.cpp,710,uiRegionIndex < guiRegionCount,
wiz8--gog-1261--wiz8new--57a3072c2f83,004f28a6,direct,004f27f0,C:\Projects\Wizardry 8\Local Code\RegionManager.cpp,1159,guiRegsetCount <= REGSET_LIMIT,
wiz8--gog-1261--wiz8new--57a3072c2f83,004f28ff,direct,004f27f0,C:\Projects\Wizardry 8\Local Code\RegionManager.cpp,1184,uiRegionSet < guiRegsetCount,
wiz8--gog-1261--wiz8new--57a3072c2f83,004f2947,register-indirect,004f27f0,C:\Projects\Wizardry 8\Local Code\RegionManager.cpp,1207,uiRegionSet < guiRegsetCount,
wiz8--gog-1261--wiz8new--57a3072c2f83,004f2994,register-indirect,004f27f0,C:\Projects\Wizardry 8\Local Code\RegionManager.cpp,1223,guiRegionCount <= REGION_LIMIT,
wiz8--gog-1261--wiz8new--57a3072c2f83,004f29df,direct,004f27f0,C:\Projects\Wizardry 8\Local Code\RegionManager.cpp,1247,uiRegionIndex <= guiRegionCount,
wiz8--gog-1261--wiz8new--57a3072c2f83,004f2a4f,direct,004f27f0,C:\Projects\Wizardry 8\Local Code\RegionManager.cpp,1286,uiRegionIndex <= guiRegionCount,
wiz8--gog-1261--wiz8new--57a3072c2f83,004f2bcf,direct,004f2a80,C:\Projects\Wizardry 8\Local Code\RegionManager.cpp,1368,uiRegionIndex <= guiRegionCount,
wiz8--gog-1261--wiz8new--57a3072c2f83,004f2c0f,direct,004f2a80,C:\Projects\Wizardry 8\Local Code\RegionManager.cpp,1375,uiRegionIndex <= guiRegionCount,
wiz8--gog-1261--wiz8new--57a3072c2f83,004f310b,direct,004f30f0,C:\Projects\Wizardry 8\Local Code\Controls.cpp,399,m_uiRegionSetId != REGSET_NULL,
wiz8--gog-1261--wiz8new--57a3072c2f83,004f3175,direct,004f3140,C:\Projects\Wizardry 8\Local Code\Controls.cpp,426,pControl,
wiz8--gog-1261--wiz8new--57a3072c2f83,004f486e,direct,004f4850,C:\Projects\Wizardry 8\Local Code\Controls.cpp,1849,m_pPanel != NULL,
wiz8--gog-1261--wiz8new--57a3072c2f83,004f5560,direct,004f54b0,C:\Projects\Wizardry 8\Local Code\Controls.cpp,2679,iSelected < m_lsButtons.Length(),
wiz8--gog-1261--wiz8new--57a3072c2f83,004f55fd,direct,004f55c0,C:\Projects\Wizardry 8\Local Code\Controls.cpp,2718,iIndex != -1,
wiz8--gog-1261--wiz8new--57a3072c2f83,004f6a73,register-indirect,004f69b0,C:\Projects\Wizardry 8\Local Code\ItemManager.cpp,294,gXStatus.plsItemList != NULL,
wiz8--gog-1261--wiz8new--57a3072c2f83,004f6ab8,register-indirect,004f69b0,C:\Projects\Wizardry 8\Local Code\ItemManager.cpp,961,uiItemListIndex < (UINT32) PLLength(gXStatus.plsItemList),
wiz8--gog-1261--wiz8new--57a3072c2f83,004f6af5,register-indirect,004f69b0,C:\Projects\Wizardry 8\Local Code\ItemManager.cpp,965,pItemInfo != NULL,
wiz8--gog-1261--wiz8new--57a3072c2f83,004f6ca7,direct,004f6b90,C:\Projects\Wizardry 8\Local Code\ItemManager.cpp,398,pItemInfo,
wiz8--gog-1261--wiz8new--57a3072c2f83,004f6d14,direct,004f6cf0,C:\Projects\Wizardry 8\Local Code\ItemManager.cpp,468,pItemInfo != NULL,
wiz8--gog-1261--wiz8new--57a3072c2f83,004f6d35,direct,004f6cf0,C:\Projects\Wizardry 8\Local Code\ItemManager.cpp,469,!pItemInfo->fActive,
wiz8--gog-1261--wiz8new--57a3072c2f83,004f6ea1,register-indirect,004f6cf0,C:\Projects\Wizardry 8\Local Code\ItemManager.cpp,493,FileExists(zItemFullPath),
wiz8--gog-1261--wiz8new--57a3072c2f83,004f6eea,register-indirect,004f6cf0,C:\Projects\Wizardry 8\Local Code\ItemManager.cpp,498,fSuccess,
wiz8--gog-1261--wiz8new--57a3072c2f83,004f6f03,register-indirect,004f6cf0,C:\Projects\Wizardry 8\Local Code\ItemManager.cpp,998,pItemInfo,
wiz8--gog-1261--wiz8new--57a3072c2f83,004f70f4,register-indirect,004f70d0,C:\Projects\Wizardry 8\Local Code\ItemManager.cpp,554,pItemInfo != NULL,
wiz8--gog-1261--wiz8new--57a3072c2f83,004f7111,register-indirect,004f70d0,C:\Projects\Wizardry 8\Local Code\ItemManager.cpp,555,pItemInfo->fActive,
wiz8--gog-1261--wiz8new--57a3072c2f83,004f712e,register-indirect,004f70d0,C:\Projects\Wizardry 8\Local Code\ItemManager.cpp,556,pItemInfo->p3D != NULL,
wiz8--gog-1261--wiz8new--57a3072c2f83,004f7226,register-indirect,004f70d0,C:\Projects\Wizardry 8\Local Code\ItemManager.cpp,961,uiItemListIndex < (UINT32) PLLength(gXStatus.plsItemList),
wiz8--gog-1261--wiz8new--57a3072c2f83,004f7262,register-indirect,004f70d0,C:\Projects\Wizardry 8\Local Code\ItemManager.cpp,965,pItemInfo != NULL,
wiz8--gog-1261--wiz8new--57a3072c2f83,004f729a,register-indirect,004f70d0,C:\Projects\Wizardry 8\Local Code\ItemManager.cpp,992,FALSE,
wiz8--gog-1261--wiz8new--57a3072c2f83,004f72c5,register-indirect,004f70d0,C:\Projects\Wizardry 8\Local Code\ItemManager.cpp,961,uiItemListIndex < (UINT32) PLLength(gXStatus.plsItemList),
wiz8--gog-1261--wiz8new--57a3072c2f83,004f7301,register-indirect,004f70d0,C:\Projects\Wizardry 8\Local Code\ItemManager.cpp,965,pItemInfo != NULL,
wiz8--gog-1261--wiz8new--57a3072c2f83,004f731d,register-indirect,004f70d0,C:\Projects\Wizardry 8\Local Code\ItemManager.cpp,627,pItem,
wiz8--gog-1261--wiz8new--57a3072c2f83,004f73c2,register-indirect,004f70d0,C:\Projects\Wizardry 8\Local Code\ItemManager.cpp,961,uiItemListIndex < (UINT32) PLLength(gXStatus.plsItemList),
wiz8--gog-1261--wiz8new--57a3072c2f83,004f73fe,register-indirect,004f70d0,C:\Projects\Wizardry 8\Local Code\ItemManager.cpp,965,pItemInfo != NULL,
wiz8--gog-1261--wiz8new--57a3072c2f83,004f74dd,register-indirect,004f7480,C:\Projects\Wizardry 8\Local Code\ItemManager.cpp,961,uiItemListIndex < (UINT32) PLLength(gXStatus.plsItemList),
wiz8--gog-1261--wiz8new--57a3072c2f83,004f7519,register-indirect,004f7480,C:\Projects\Wizardry 8\Local Code\ItemManager.cpp,965,pItemInfo != NULL,
wiz8--gog-1261--wiz8new--57a3072c2f83,004f75cf,register-indirect,004f7480,C:\Projects\Wizardry 8\Local Code\ItemManager.cpp,998,pItemInfo,
wiz8--gog-1261--wiz8new--57a3072c2f83,004f78f5,direct,004f7610,C:\Projects\Wizardry 8\Local Code\ItemManager.cpp,825,pItemInfo != NULL,
wiz8--gog-1261--wiz8new--57a3072c2f83,004f7976,register-indirect,004f7610,C:\Projects\Wizardry 8\Local Code\ItemManager.cpp,992,FALSE,
wiz8--gog-1261--wiz8new--57a3072c2f83,004f79a1,register-indirect,004f7610,C:\Projects\Wizardry 8\Local Code\ItemManager.cpp,961,uiItemListIndex < (UINT32) PLLength(gXStatus.plsItemList),
wiz8--gog-1261--wiz8new--57a3072c2f83,004f79e1,register-indirect,004f7610,C:\Projects\Wizardry 8\Local Code\ItemManager.cpp,965,pItemInfo != NULL,
wiz8--gog-1261--wiz8new--57a3072c2f83,004f79f3,register-indirect,004f7610,C:\Projects\Wizardry 8\Local Code\ItemManager.cpp,857,pItemInfo != NULL,
wiz8--gog-1261--wiz8new--57a3072c2f83,004f7a7c,register-indirect,004f7610,C:\Projects\Wizardry 8\Local Code\ItemManager.cpp,961,uiItemListIndex < (UINT32) PLLength(gXStatus.plsItemList),
wiz8--gog-1261--wiz8new--57a3072c2f83,004f7ab8,register-indirect,004f7610,C:\Projects\Wizardry 8\Local Code\ItemManager.cpp,965,pItemInfo != NULL,
wiz8--gog-1261--wiz8new--57a3072c2f83,004f7c85,register-indirect,004f7610,C:\Projects\Wizardry 8\Local Code\ItemManager.cpp,1115,pItemInfo,Bad ITEM_STRUCT in ItemInfoGetNumInGroup
wiz8--gog-1261--wiz8new--57a3072c2f83,004f7cc3,register-indirect,004f7610,C:\Projects\Wizardry 8\Local Code\ItemManager.cpp,1178,pItemInfo,Bad ITEM_STRUCT in ItemInfoGroupGetNext
wiz8--gog-1261--wiz8new--57a3072c2f83,004f7d3f,register-indirect,004f7610,C:\Projects\Wizardry 8\Local Code\ItemManager.cpp,961,uiItemListIndex < (UINT32) PLLength(gXStatus.plsItemList),
wiz8--gog-1261--wiz8new--57a3072c2f83,004f7d7c,register-indirect,004f7610,C:\Projects\Wizardry 8\Local Code\ItemManager.cpp,965,pItemInfo != NULL,
wiz8--gog-1261--wiz8new--57a3072c2f83,004f7db4,register-indirect,004f7610,C:\Projects\Wizardry 8\Local Code\ItemManager.cpp,992,FALSE,
wiz8--gog-1261--wiz8new--57a3072c2f83,004f7ddf,register-indirect,004f7610,C:\Projects\Wizardry 8\Local Code\ItemManager.cpp,961,uiItemListIndex < (UINT32) PLLength(gXStatus.plsItemList),
wiz8--gog-1261--wiz8new--57a3072c2f83,004f7e1b,register-indirect,004f7610,C:\Projects\Wizardry 8\Local Code\ItemManager.cpp,965,pItemInfo != NULL,
wiz8--gog-1261--wiz8new--57a3072c2f83,004f7e5a,register-indirect,004f7610,C:\Projects\Wizardry 8\Local Code\ItemManager.cpp,1115,pItemInfo,Bad ITEM_STRUCT in ItemInfoGetNumInGroup
wiz8--gog-1261--wiz8new--57a3072c2f83,004f8010,register-indirect,004f7610,C:\Projects\Wizardry 8\Local Code\ItemManager.cpp,961,uiItemListIndex < (UINT32) PLLength(gXStatus.plsItemList),
wiz8--gog-1261--wiz8new--57a3072c2f83,004f804d,register-indirect,004f7610,C:\Projects\Wizardry 8\Local Code\ItemManager.cpp,965,pItemInfo != NULL,
wiz8--gog-1261--wiz8new--57a3072c2f83,004f80a6,register-indirect,004f7610,C:\Projects\Wizardry 8\Local Code\ItemManager.cpp,961,uiItemListIndex < (UINT32) PLLength(gXStatus.plsItemList),
wiz8--gog-1261--wiz8new--57a3072c2f83,004f80e2,register-indirect,004f7610,C:\Projects\Wizardry 8\Local Code\ItemManager.cpp,965,pItemInfo != NULL,
wiz8--gog-1261--wiz8new--57a3072c2f83,004f811a,register-indirect,004f7610,C:\Projects\Wizardry 8\Local Code\ItemManager.cpp,992,FALSE,
wiz8--gog-1261--wiz8new--57a3072c2f83,004f8149,direct,004f8130,C:\Projects\Wizardry 8\Local Code\ItemManager.cpp,998,pItemInfo,
wiz8--gog-1261--wiz8new--57a3072c2f83,004f8189,direct,004f8170,C:\Projects\Wizardry 8\Local Code\ItemManager.cpp,1004,pItemInfo,
wiz8--gog-1261--wiz8new--57a3072c2f83,004f81d9,direct,004f81c0,C:\Projects\Wizardry 8\Local Code\ItemManager.cpp,1019,pItemInfo,
wiz8--gog-1261--wiz8new--57a3072c2f83,004f831d,direct,004f8300,C:\Projects\Wizardry 8\Local Code\ItemManager.cpp,1115,pItemInfo,Bad ITEM_STRUCT in ItemInfoGetNumInGroup
wiz8--gog-1261--wiz8new--57a3072c2f83,004f835d,direct,004f8340,C:\Projects\Wizardry 8\Local Code\ItemManager.cpp,1130,pItemInfo,Bad ITEM_STRUCT in ItemInfoAddToGroup
wiz8--gog-1261--wiz8new--57a3072c2f83,004f83bd,direct,004f83a0,C:\Projects\Wizardry 8\Local Code\ItemManager.cpp,1142,pItemInfo,Bad ITEM_STRUCT in ItemInfoRemoveFromGroup
wiz8--gog-1261--wiz8new--57a3072c2f83,004f842d,direct,004f8410,C:\Projects\Wizardry 8\Local Code\ItemManager.cpp,1178,pItemInfo,Bad ITEM_STRUCT in ItemInfoGroupGetNext
wiz8--gog-1261--wiz8new--57a3072c2f83,004f8460,direct,004f8440,C:\Projects\Wizardry 8\Local Code\ItemManager.cpp,1185,pItemInfo,Bad ITEM_STRUCT in ItemInfoMakeGroupList
wiz8--gog-1261--wiz8new--57a3072c2f83,004f89e5,direct,004f88f0,C:\Projects\Wizardry 8\Local Code\ItemManager.cpp,398,pItemInfo,
wiz8--gog-1261--wiz8new--57a3072c2f83,004f8c08,direct,004f88f0,C:\Projects\Wizardry 8\Local Code\ItemManager.cpp,398,pItemInfo,
wiz8--gog-1261--wiz8new--57a3072c2f83,004f8d4e,direct,004f8cb0,C:\Projects\Wizardry 8\Local Code\ItemManager.cpp,1459,pNPC,
wiz8--gog-1261--wiz8new--57a3072c2f83,004f8dc4,direct,004f8cb0,C:\Projects\Wizardry 8\Local Code\ItemManager.cpp,398,pItemInfo,
wiz8--gog-1261--wiz8new--57a3072c2f83,004f8f01,direct,004f8cb0,C:\Projects\Wizardry 8\Local Code\ItemManager.cpp,398,pItemInfo,
wiz8--gog-1261--wiz8new--57a3072c2f83,004f9008,direct,004f8cb0,C:\Projects\Wizardry 8\Local Code\ItemManager.cpp,398,pItemInfo,
wiz8--gog-1261--wiz8new--57a3072c2f83,004f9116,direct,004f8cb0,C:\Projects\Wizardry 8\Local Code\ItemManager.cpp,398,pItemInfo,
wiz8--gog-1261--wiz8new--57a3072c2f83,004f915c,direct,004f8cb0,C:\Projects\Wizardry 8\Local Code\ItemManager.cpp,1130,pItemInfo,Bad ITEM_STRUCT in ItemInfoAddToGroup
wiz8--gog-1261--wiz8new--57a3072c2f83,004f9505,register-indirect,004f93d0,C:\Projects\Wizardry 8\Local Code\ItemManager.cpp,961,uiItemListIndex < (UINT32) PLLength(gXStatus.plsItemList),
wiz8--gog-1261--wiz8new--57a3072c2f83,004f9541,register-indirect,004f93d0,C:\Projects\Wizardry 8\Local Code\ItemManager.cpp,965,pItemInfo != NULL,
wiz8--gog-1261--wiz8new--57a3072c2f83,004f97c3,register-indirect,004f97a0,C:\Projects\Wizardry 8\Local Code\Magic.cpp,164,pTarget != NULL,
wiz8--gog-1261--wiz8new--57a3072c2f83,004fa9ae,direct,004fa4d0,C:\Projects\Wizardry 8\Local Code\Magic.cpp,5352,FALSE,
wiz8--gog-1261--wiz8new--57a3072c2f83,004fabc0,direct,004fa4d0,C:\Projects\Wizardry 8\Local Code\Magic.cpp,981,uiUsagePoints >= 2,
wiz8--gog-1261--wiz8new--57a3072c2f83,004fb0f7,direct,004faec0,C:\Projects\Wizardry 8\Local Code\Magic.cpp,1132,FALSE,
wiz8--gog-1261--wiz8new--57a3072c2f83,004fb302,direct,004faec0,C:\Projects\Wizardry 8\Local Code\Magic.cpp,1389,FALSE,
wiz8--gog-1261--wiz8new--57a3072c2f83,004fbc1f,direct,004fb360,C:\Projects\Wizardry 8\Local Code\Magic.cpp,1714,pSource->iType == SOURCE_TYPE_3D_POINT,
wiz8--gog-1261--wiz8new--57a3072c2f83,004fcd9c,direct,004fb360,C:\Projects\Wizardry 8\Local Code\Magic.cpp,2242,pSource->iType == SOURCE_TYPE_CHAR,
wiz8--gog-1261--wiz8new--57a3072c2f83,004fcdc9,direct,004fb360,C:\Projects\Wizardry 8\Local Code\Magic.cpp,2246,pSource->iType == SOURCE_TYPE_CHAR,
wiz8--gog-1261--wiz8new--57a3072c2f83,004fce6c,direct,004fb360,C:\Projects\Wizardry 8\Local Code\Magic.cpp,5380,pOrigSource->iMonsterID != -1,
wiz8--gog-1261--wiz8new--57a3072c2f83,004fd1e7,direct,004fd030,C:\Projects\Wizardry 8\Local Code\Magic.cpp,2385,fVertextAvail,
wiz8--gog-1261--wiz8new--57a3072c2f83,004fe763,direct,004fe740,C:\Projects\Wizardry 8\Local Code\Magic.cpp,3063,!pSource->fBackfire,
wiz8--gog-1261--wiz8new--57a3072c2f83,004fe90f,direct,004fe740,C:\Projects\Wizardry 8\Local Code\Magic.cpp,3117,FALSE,
wiz8--gog-1261--wiz8new--57a3072c2f83,004fea0f,direct,004fe740,C:\Projects\Wizardry 8\Local Code\Magic.cpp,3154,FALSE,
wiz8--gog-1261--wiz8new--57a3072c2f83,004fea7d,register-indirect,004fea50,C:\Projects\Wizardry 8\Local Code\Magic.cpp,3192,(pSource->iType > SOURCE_TYPE_NONE) && (pSource->iType < SOURCE_TYPE_COUNT),
wiz8--gog-1261--wiz8new--57a3072c2f83,004feaaa,register-indirect,004fea50,C:\Projects\Wizardry 8\Local Code\Magic.cpp,3193,(pTarget->iType > TARGET_TYPE_NONE) && (pTarget->iType < TARGET_TYPE_COUNT),
wiz8--gog-1261--wiz8new--57a3072c2f83,004feac7,register-indirect,004fea50,C:\Projects\Wizardry 8\Local Code\Magic.cpp,3196,!pSource->fBackfire,
wiz8--gog-1261--wiz8new--57a3072c2f83,004fed84,direct,004fea50,C:\Projects\Wizardry 8\Local Code\Magic.cpp,3332,FALSE,
wiz8--gog-1261--wiz8new--57a3072c2f83,004feff7,direct,004fef90,C:\Projects\Wizardry 8\Local Code\Magic.cpp,3456,pSource->iType == SOURCE_TYPE_MONSTER,
wiz8--gog-1261--wiz8new--57a3072c2f83,004ff3d8,direct,004ff3b0,C:\Projects\Wizardry 8\Local Code\Magic.cpp,3603,iProfession != -1,
wiz8--gog-1261--wiz8new--57a3072c2f83,004ff621,direct,004ff3b0,C:\Projects\Wizardry 8\Local Code\Magic.cpp,3603,iProfession != -1,
wiz8--gog-1261--wiz8new--57a3072c2f83,004ff6ed,direct,004ff3b0,C:\Projects\Wizardry 8\Local Code\Magic.cpp,5352,FALSE,
wiz8--gog-1261--wiz8new--57a3072c2f83,004ffa57,direct,004ff7f0,C:\Projects\Wizardry 8\Local Code\Magic.cpp,3603,iProfession != -1,
wiz8--gog-1261--wiz8new--57a3072c2f83,004ffb20,direct,004ff7f0,C:\Projects\Wizardry 8\Local Code\Magic.cpp,5352,FALSE,
wiz8--gog-1261--wiz8new--57a3072c2f83,004ffbba,direct,004ff7f0,C:\Projects\Wizardry 8\Local Code\Magic.cpp,3881,(iHighestSkill != SKILL_NONE),
wiz8--gog-1261--wiz8new--57a3072c2f83,004ffbf6,register-indirect,004ffbd0,C:\Projects\Wizardry 8\Local Code\Magic.cpp,3603,iProfession != -1,
wiz8--gog-1261--wiz8new--57a3072c2f83,004ffc68,register-indirect,004ffbd0,C:\Projects\Wizardry 8\Local Code\Magic.cpp,3603,iProfession != -1,
wiz8--gog-1261--wiz8new--57a3072c2f83,004fff85,direct,004ffbd0,C:\Projects\Wizardry 8\Local Code\Magic.cpp,4060,wTempMsg,
wiz8--gog-1261--wiz8new--57a3072c2f83,00500095,direct,004ffbd0,C:\Projects\Wizardry 8\Local Code\Magic.cpp,4127,gpItemDB[pPCItem->iItemNo].ubSpellNumber != SPELL_NONE,
wiz8--gog-1261--wiz8new--57a3072c2f83,00500207,register-indirect,005001e0,C:\Projects\Wizardry 8\Local Code\Magic.cpp,4179,uiSpell < SPELL_COUNT,
wiz8--gog-1261--wiz8new--57a3072c2f83,0050023d,register-indirect,005001e0,C:\Projects\Wizardry 8\Local Code\Magic.cpp,4182,uiSpellUsableWhen < SPELL_USAGE_COUNT,
wiz8--gog-1261--wiz8new--57a3072c2f83,0050044e,direct,005001e0,C:\Projects\Wizardry 8\Local Code\Magic.cpp,4287,( uiPowerLevel >= 1 ) && ( uiPowerLevel <= 7 ),
wiz8--gog-1261--wiz8new--57a3072c2f83,00500c67,direct,00500930,C:\Projects\Wizardry 8\Local Code\Magic.cpp,5380,pOrigSource->iMonsterID != -1,
wiz8--gog-1261--wiz8new--57a3072c2f83,00501182,direct,005010f0,C:\Projects\Wizardry 8\Local Code\Magic.cpp,4851,FALSE,
wiz8--gog-1261--wiz8new--57a3072c2f83,0050121b,direct,005011c0,C:\Projects\Wizardry 8\Local Code\Magic.cpp,4889,FALSE,
wiz8--gog-1261--wiz8new--57a3072c2f83,005018b7,direct,005011c0,C:\Projects\Wizardry 8\Local Code\Magic.cpp,5320,CanCharReBreathe(uiChar),
wiz8--gog-1261--wiz8new--57a3072c2f83,0050193e,direct,005011c0,C:\Projects\Wizardry 8\Local Code\Magic.cpp,5352,FALSE,
wiz8--gog-1261--wiz8new--57a3072c2f83,005021f1,direct,00501fd0,C:\Projects\Wizardry 8\Local Code\GameplayTime.cpp,109,uiTurnsElapsed > 0,
wiz8--gog-1261--wiz8new--57a3072c2f83,00503207,direct,00503100,C:\Projects\Wizardry 8\Local Code\GameplayTime.cpp,819,FALSE,GameTurnsPassedChar: ERROR - Invalid condition
wiz8--gog-1261--wiz8new--57a3072c2f83,00504a1c,direct,00504730,C:\Projects\Wizardry 8\Local Code\Sight.cpp,94,flViewingDistance > 0,
wiz8--gog-1261--wiz8new--57a3072c2f83,00504d2b,direct,00504730,C:\Projects\Wizardry 8\Local Code\Sight.cpp,155,fFoundMissileVertex,
wiz8--gog-1261--wiz8new--57a3072c2f83,00504d6b,direct,00504730,C:\Projects\Wizardry 8\Local Code\Sight.cpp,163,fFoundSpellVertex,
wiz8--gog-1261--wiz8new--57a3072c2f83,00505065,direct,00504730,C:\Projects\Wizardry 8\Local Code\Sight.cpp,233,pNPC != NULL,
wiz8--gog-1261--wiz8new--57a3072c2f83,0050540a,direct,00504730,C:\Projects\Wizardry 8\Local Code\Sight.cpp,347,pNPC != NULL,
wiz8--gog-1261--wiz8new--57a3072c2f83,0050566e,direct,00504730,C:\Projects\Wizardry 8\Local Code\Sight.cpp,501,fFoundMissileVertex,
wiz8--gog-1261--wiz8new--57a3072c2f83,005056ad,direct,00504730,C:\Projects\Wizardry 8\Local Code\Sight.cpp,509,fFoundSpellVertex,
wiz8--gog-1261--wiz8new--57a3072c2f83,00505a73,direct,00505a40,C:\Projects\Wizardry 8\Local Code\Sight.cpp,780,flViewingDistance > 0,
wiz8--gog-1261--wiz8new--57a3072c2f83,00505c50,register-indirect,00505a40,C:\Projects\Wizardry 8\Local Code\Sight.cpp,968,pVisibility != NULL,
wiz8--gog-1261--wiz8new--57a3072c2f83,00505cd8,register-indirect,00505c80,C:\Projects\Wizardry 8\Local Code\Sight.cpp,990,pVisibility != NULL,
wiz8--gog-1261--wiz8new--57a3072c2f83,00505d46,register-indirect,00505c80,C:\Projects\Wizardry 8\Local Code\Sight.cpp,1020,pSourceMonsterInfo->fActive,
wiz8--gog-1261--wiz8new--57a3072c2f83,00505d67,register-indirect,00505c80,C:\Projects\Wizardry 8\Local Code\Sight.cpp,1021,pTargetMonsterInfo->fActive,
wiz8--gog-1261--wiz8new--57a3072c2f83,00505da5,register-indirect,00505c80,C:\Projects\Wizardry 8\Local Code\Sight.cpp,1030,FALSE,
wiz8--gog-1261--wiz8new--57a3072c2f83,00505fb5,register-indirect,00505f30,C:\Projects\Wizardry 8\Local Code\Sight.cpp,1020,pSourceMonsterInfo->fActive,
wiz8--gog-1261--wiz8new--57a3072c2f83,00505fd2,register-indirect,00505f30,C:\Projects\Wizardry 8\Local Code\Sight.cpp,1021,pTargetMonsterInfo->fActive,
wiz8--gog-1261--wiz8new--57a3072c2f83,00506010,register-indirect,00505f30,C:\Projects\Wizardry 8\Local Code\Sight.cpp,1030,FALSE,
wiz8--gog-1261--wiz8new--57a3072c2f83,005067d3,direct,00506310,C:\Projects\Wizardry 8\Local Code\NPC Scripting Facts.cpp,1556,pNPC,
wiz8--gog-1261--wiz8new--57a3072c2f83,00506d41,direct,00506310,C:\Projects\Wizardry 8\Local Code\NPC Scripting Facts.cpp,1590,pNPC,
wiz8--gog-1261--wiz8new--57a3072c2f83,00506d7e,direct,00506310,C:\Projects\Wizardry 8\Local Code\NPC Scripting Facts.cpp,1600,pTrigger,
wiz8--gog-1261--wiz8new--57a3072c2f83,00509e15,direct,00509890,C:\Projects\Wizardry 8\Local Code\NPC Manager.cpp,404,pNode,
wiz8--gog-1261--wiz8new--57a3072c2f83,0050a109,direct,00509fc0,C:\Projects\Wizardry 8\Local Code\NPC Manager.cpp,535,uiSize <= sizeof(*pNode->pPCData),
wiz8--gog-1261--wiz8new--57a3072c2f83,0050ba9a,direct,0050ba80,C:\Projects\Wizardry 8\Local Code\NPC Manager.cpp,1975,pNPC,
wiz8--gog-1261--wiz8new--57a3072c2f83,0050bf62,direct,0050bc90,C:\Projects\Wizardry 8\Local Code\NPC Manager.cpp,1956,pNPC,
wiz8--gog-1261--wiz8new--57a3072c2f83,0050d503,direct,0050d480,C:\Projects\Wizardry 8\Local Code\NPC Manager.cpp,3052,pNPC,Cannot find VOC_BELA_CC
wiz8--gog-1261--wiz8new--57a3072c2f83,0050e4e0,register-indirect,0050e4b0,C:\Projects\Wizardry 8\Local Code\NPC Manager.cpp,1956,pNPC,
wiz8--gog-1261--wiz8new--57a3072c2f83,0050f775,register-indirect,0050f720,C:\Projects\Wizardry 8\Local Code\MonsterGroup.cpp,957,pMonsterGroup != NULL,
wiz8--gog-1261--wiz8new--57a3072c2f83,0050f7a8,register-indirect,0050f720,C:\Projects\Wizardry 8\Local Code\MonsterGroup.cpp,1297,pMonsterGroup,
wiz8--gog-1261--wiz8new--57a3072c2f83,0050f82e,register-indirect,0050f720,C:\Projects\Wizardry 8\Local Code\MonsterGroup.cpp,2249,pMonsterGroup,
wiz8--gog-1261--wiz8new--57a3072c2f83,0050f8a3,register-indirect,0050f720,C:\Projects\Wizardry 8\Local Code\MonsterGroup.cpp,2091,pMonsterGroup,
wiz8--gog-1261--wiz8new--57a3072c2f83,0050faf2,register-indirect,0050f720,C:\Projects\Wizardry 8\Local Code\MonsterGroup.cpp,491,gXStatus.fCombatMode,
wiz8--gog-1261--wiz8new--57a3072c2f83,0050fb13,register-indirect,0050f720,C:\Projects\Wizardry 8\Local Code\MonsterGroup.cpp,492,pMonsterGroup->fInCombat,
wiz8--gog-1261--wiz8new--57a3072c2f83,00510168,direct,0050ffd0,C:\Projects\Wizardry 8\Local Code\MonsterGroup.cpp,946,FALSE,
wiz8--gog-1261--wiz8new--57a3072c2f83,00510199,direct,00510180,C:\Projects\Wizardry 8\Local Code\MonsterGroup.cpp,957,pMonsterGroup != NULL,
wiz8--gog-1261--wiz8new--57a3072c2f83,00510263,direct,00510180,C:\Projects\Wizardry 8\Local Code\MonsterGroup.cpp,988,pMonsterGroup != NULL,
wiz8--gog-1261--wiz8new--57a3072c2f83,005102a0,register-indirect,00510280,C:\Projects\Wizardry 8\Local Code\MonsterGroup.cpp,1003,pMonsterGroup != NULL,
wiz8--gog-1261--wiz8new--57a3072c2f83,005102b2,register-indirect,00510280,C:\Projects\Wizardry 8\Local Code\MonsterGroup.cpp,957,pMonsterGroup != NULL,
wiz8--gog-1261--wiz8new--57a3072c2f83,0051040f,register-indirect,005103e0,C:\Projects\Wizardry 8\Local Code\MonsterGroup.cpp,1080,pMonsterGroup,
wiz8--gog-1261--wiz8new--57a3072c2f83,00510434,register-indirect,005103e0,C:\Projects\Wizardry 8\Local Code\MonsterGroup.cpp,1081,ILLength(pMonsterGroup->plsMonsterIDList),
wiz8--gog-1261--wiz8new--57a3072c2f83,005105ba,register-indirect,00510590,C:\Projects\Wizardry 8\Local Code\MonsterGroup.cpp,1144,pMonsterGroup,
wiz8--gog-1261--wiz8new--57a3072c2f83,00510629,register-indirect,00510590,C:\Projects\Wizardry 8\Local Code\MonsterGroup.cpp,1154,pLeader,
wiz8--gog-1261--wiz8new--57a3072c2f83,00511275,register-indirect,00511050,C:\Projects\Wizardry 8\Local Code\MonsterGroup.cpp,957,pMonsterGroup != NULL,
wiz8--gog-1261--wiz8new--57a3072c2f83,005112df,register-indirect,00511050,C:\Projects\Wizardry 8\Local Code\MonsterGroup.cpp,1885,FALSE,
wiz8--gog-1261--wiz8new--57a3072c2f83,005113c2,register-indirect,00511050,C:\Projects\Wizardry 8\Local Code\MonsterGroup.cpp,957,pMonsterGroup != NULL,
wiz8--gog-1261--wiz8new--57a3072c2f83,005113e9,register-indirect,00511050,C:\Projects\Wizardry 8\Local Code\MonsterGroup.cpp,2091,pMonsterGroup,
wiz8--gog-1261--wiz8new--57a3072c2f83,005116ad,register-indirect,00511050,C:\Projects\Wizardry 8\Local Code\MonsterGroup.cpp,1003,pMonsterGroup != NULL,
wiz8--gog-1261--wiz8new--57a3072c2f83,005116bf,register-indirect,00511050,C:\Projects\Wizardry 8\Local Code\MonsterGroup.cpp,957,pMonsterGroup != NULL,
wiz8--gog-1261--wiz8new--57a3072c2f83,0051186a,direct,00511850,C:\Projects\Wizardry 8\Local Code\MonsterGroup.cpp,2091,pMonsterGroup,
wiz8--gog-1261--wiz8new--57a3072c2f83,005119a9,direct,00511990,C:\Projects\Wizardry 8\Local Code\MonsterGroup.cpp,2170,pMonsterGroup,
wiz8--gog-1261--wiz8new--57a3072c2f83,00512eb1,direct,00512e80,C:\Projects\Wizardry 8\Local Code\LoadSaveGame.cpp,870,"LevelFilesExist(ulLevel, &LevelName)",
wiz8--gog-1261--wiz8new--57a3072c2f83,00513a1d,direct,00513650,C:\Projects\Wizardry 8\Local Code\LoadSaveGame.cpp,870,"LevelFilesExist(ulLevel, &LevelName)",
wiz8--gog-1261--wiz8new--57a3072c2f83,00513c7f,direct,00513650,C:\Projects\Wizardry 8\Local Code\LoadSaveGame.cpp,1517,uiSize <= sizeof(*pMonsterGroup),
wiz8--gog-1261--wiz8new--57a3072c2f83,00513e5a,direct,00513d80,C:\Projects\Wizardry 8\Local Code\LoadSaveGame.cpp,1630,uiSize <= sizeof(*pMonsterInfo),
wiz8--gog-1261--wiz8new--57a3072c2f83,005157d6,register-indirect,005156c0,C:\Projects\Wizardry 8\Local Code\LoadSaveGame.cpp,2978,uiSize <= sizeof(*pPC),
wiz8--gog-1261--wiz8new--57a3072c2f83,00515d19,register-indirect,00515cf0,C:\Projects\Wizardry 8\Local Code\LoadSaveGame.cpp,3270,pStatus->Char != NULL,
wiz8--gog-1261--wiz8new--57a3072c2f83,00515d3e,register-indirect,00515cf0,C:\Projects\Wizardry 8\Local Code\LoadSaveGame.cpp,3271,pStatus->XChar != NULL,
wiz8--gog-1261--wiz8new--57a3072c2f83,00515d8d,register-indirect,00515cf0,C:\Projects\Wizardry 8\Local Code\LoadSaveGame.cpp,3277,uiSize <= sizeof(*pStatus),
wiz8--gog-1261--wiz8new--57a3072c2f83,00515e2b,direct,00515cf0,C:\Projects\Wizardry 8\Local Code\LoadSaveGame.cpp,3300,uiSize <= sizeof(*&pStatus->Char[uiChar]),
wiz8--gog-1261--wiz8new--57a3072c2f83,00515ec8,direct,00515cf0,C:\Projects\Wizardry 8\Local Code\LoadSaveGame.cpp,3314,uiSize <= sizeof(*&pStatus->XChar[uiChar]),
wiz8--gog-1261--wiz8new--57a3072c2f83,0051659d,direct,00516580,C:\Projects\Wizardry 8\Local Code\LoadSaveGame.cpp,3507,pLure,
wiz8--gog-1261--wiz8new--57a3072c2f83,00516e5b,direct,00516e20,C:\Projects\Wizardry 8\Local Code\search.cpp,293,pSearchable,
wiz8--gog-1261--wiz8new--57a3072c2f83,00516f3b,direct,00516f00,C:\Projects\Wizardry 8\Local Code\search.cpp,337,pSearchable,
wiz8--gog-1261--wiz8new--57a3072c2f83,0051712c,direct,00517080,..\Engine Code\Include\Trigger.hpp,1005,m_bRepType == TRIGGER_REP_PROP,
wiz8--gog-1261--wiz8new--57a3072c2f83,00517c87,direct,00517bd0,C:\Projects\Wizardry 8\Local Code\UtilityFunctions.cpp,315,_finite(flAngle),
wiz8--gog-1261--wiz8new--57a3072c2f83,00517d1b,register-indirect,00517bd0,C:\Projects\Wizardry 8\Local Code\UtilityFunctions.cpp,315,_finite(flAngle),
wiz8--gog-1261--wiz8new--57a3072c2f83,00517da5,register-indirect,00517bd0,C:\Projects\Wizardry 8\Local Code\UtilityFunctions.cpp,315,_finite(flAngle),
wiz8--gog-1261--wiz8new--57a3072c2f83,00517ee7,register-indirect,00517ec0,C:\Projects\Wizardry 8\Local Code\UtilityFunctions.cpp,456,pPC->fInParty,PCPtrToPCSlot: ERROR - called for non-party character
wiz8--gog-1261--wiz8new--57a3072c2f83,00517f1f,register-indirect,00517ec0,C:\Projects\Wizardry 8\Local Code\UtilityFunctions.cpp,465,FALSE,
wiz8--gog-1261--wiz8new--57a3072c2f83,00518349,direct,00518150,C:\Projects\Wizardry 8\Local Code\UtilityFunctions.cpp,901,FALSE,
wiz8--gog-1261--wiz8new--57a3072c2f83,00518391,register-indirect,00518150,C:\Projects\Wizardry 8\Local Code\Strings.cpp,74,hFile,Failed to open localization string table.
wiz8--gog-1261--wiz8new--57a3072c2f83,005183bf,register-indirect,00518150,C:\Projects\Wizardry 8\Local Code\Strings.cpp,79,giStringListLen,
wiz8--gog-1261--wiz8new--57a3072c2f83,005183f5,register-indirect,00518150,C:\Projects\Wizardry 8\Local Code\Strings.cpp,82,gppStringList,
wiz8--gog-1261--wiz8new--57a3072c2f83,0051845a,register-indirect,00518150,C:\Projects\Wizardry 8\Local Code\Strings.cpp,89,gppStringList[iCount],
wiz8--gog-1261--wiz8new--57a3072c2f83,005192d3,register-indirect,00519180,C:\Projects\Wizardry 8\Local Code\Combat Range.cpp,238,uiSpell != SPELL_NONE,
wiz8--gog-1261--wiz8new--57a3072c2f83,00519305,register-indirect,00519180,C:\Projects\Wizardry 8\Local Code\Combat Range.cpp,257,FALSE,
wiz8--gog-1261--wiz8new--57a3072c2f83,00519486,direct,00519180,C:\Projects\Wizardry 8\Local Code\Combat Range.cpp,416,pMonsterGroup != NULL,
wiz8--gog-1261--wiz8new--57a3072c2f83,005196ff,direct,005194e0,C:\Projects\Wizardry 8\Local Code\Combat Range.cpp,1123,FALSE,CalcRangeDistance: ERROR - Invalid range category
wiz8--gog-1261--wiz8new--57a3072c2f83,00519969,direct,005197c0,C:\Projects\Wizardry 8\Local Code\Combat Range.cpp,416,pMonsterGroup != NULL,
wiz8--gog-1261--wiz8new--57a3072c2f83,00519add,direct,005197c0,C:\Projects\Wizardry 8\Local Code\Combat Range.cpp,498,uiHand == HAND_ANY,
wiz8--gog-1261--wiz8new--57a3072c2f83,00519d4e,register-indirect,00519c00,C:\Projects\Wizardry 8\Local Code\Combat Range.cpp,949,uiAttack < MAX_MONSTER_ATTACKS,
wiz8--gog-1261--wiz8new--57a3072c2f83,00519d7c,register-indirect,00519c00,C:\Projects\Wizardry 8\Local Code\Combat Range.cpp,950,pMonsterDB->Attack[uiAttack].fHasAttack,
wiz8--gog-1261--wiz8new--57a3072c2f83,0051a043,register-indirect,00519c00,C:\Projects\Wizardry 8\Local Code\Combat Range.cpp,949,uiAttack < MAX_MONSTER_ATTACKS,
wiz8--gog-1261--wiz8new--57a3072c2f83,0051a071,register-indirect,00519c00,C:\Projects\Wizardry 8\Local Code\Combat Range.cpp,950,pMonsterDB->Attack[uiAttack].fHasAttack,
wiz8--gog-1261--wiz8new--57a3072c2f83,0051a3a4,register-indirect,0051a2f0,C:\Projects\Wizardry 8\Local Code\Combat Range.cpp,949,uiAttack < MAX_MONSTER_ATTACKS,
wiz8--gog-1261--wiz8new--57a3072c2f83,0051a3d2,register-indirect,0051a2f0,C:\Projects\Wizardry 8\Local Code\Combat Range.cpp,950,pMonsterDB->Attack[uiAttack].fHasAttack,
wiz8--gog-1261--wiz8new--57a3072c2f83,0051a498,register-indirect,0051a2f0,C:\Projects\Wizardry 8\Local Code\Combat Range.cpp,1123,FALSE,CalcRangeDistance: ERROR - Invalid range category
wiz8--gog-1261--wiz8new--57a3072c2f83,0051a5f6,register-indirect,0051a2f0,C:\Projects\Wizardry 8\Local Code\Combat Range.cpp,949,uiAttack < MAX_MONSTER_ATTACKS,
wiz8--gog-1261--wiz8new--57a3072c2f83,0051a621,register-indirect,0051a2f0,C:\Projects\Wizardry 8\Local Code\Combat Range.cpp,950,pMonsterDB->Attack[uiAttack].fHasAttack,
wiz8--gog-1261--wiz8new--57a3072c2f83,0051a6a8,register-indirect,0051a2f0,C:\Projects\Wizardry 8\Local Code\Combat Range.cpp,1123,FALSE,CalcRangeDistance: ERROR - Invalid range category
wiz8--gog-1261--wiz8new--57a3072c2f83,0051a76c,register-indirect,0051a2f0,C:\Projects\Wizardry 8\Local Code\Combat Range.cpp,949,uiAttack < MAX_MONSTER_ATTACKS,
wiz8--gog-1261--wiz8new--57a3072c2f83,0051a79a,register-indirect,0051a2f0,C:\Projects\Wizardry 8\Local Code\Combat Range.cpp,950,pMonsterDB->Attack[uiAttack].fHasAttack,
wiz8--gog-1261--wiz8new--57a3072c2f83,0051a9eb,direct,0051a2f0,C:\Projects\Wizardry 8\Local Code\Combat Range.cpp,1123,FALSE,CalcRangeDistance: ERROR - Invalid range category
wiz8--gog-1261--wiz8new--57a3072c2f83,0051aa82,register-indirect,0051a2f0,C:\Projects\Wizardry 8\Local Code\Combat Range.cpp,1123,FALSE,CalcRangeDistance: ERROR - Invalid range category
wiz8--gog-1261--wiz8new--57a3072c2f83,0051ab9b,direct,0051a2f0,C:\Projects\Wizardry 8\Local Code\Combat Range.cpp,1123,FALSE,CalcRangeDistance: ERROR - Invalid range category
wiz8--gog-1261--wiz8new--57a3072c2f83,0051af62,direct,0051aec0,C:\Projects\Wizardry 8\Local Code\Combat Range.cpp,1432,ubMonsterQuadrant != QUADRANT_CENTER,
wiz8--gog-1261--wiz8new--57a3072c2f83,0051b3db,direct,0051b0a0,C:\Projects\Wizardry 8\Local Code\Combat Range.cpp,1606,FALSE,
wiz8--gog-1261--wiz8new--57a3072c2f83,0051ba1a,direct,0051b580,C:\Projects\Wizardry 8\Local Code\PC Item.cpp,376,gStatus.fItemInCursor,
wiz8--gog-1261--wiz8new--57a3072c2f83,0051baa8,direct,0051b580,C:\Projects\Wizardry 8\Local Code\PC Item.cpp,404,gStatus.fGameStarted,
wiz8--gog-1261--wiz8new--57a3072c2f83,0051badc,direct,0051b580,C:\Projects\Wizardry 8\Local Code\PC Item.cpp,405,fCHAR_OCCUPIED(uiChar),
wiz8--gog-1261--wiz8new--57a3072c2f83,0051bc2d,register-indirect,0051b580,C:\Projects\Wizardry 8\Local Code\PC Item.cpp,404,gStatus.fGameStarted,
wiz8--gog-1261--wiz8new--57a3072c2f83,0051bc60,register-indirect,0051b580,C:\Projects\Wizardry 8\Local Code\PC Item.cpp,405,fCHAR_OCCUPIED(uiChar),
wiz8--gog-1261--wiz8new--57a3072c2f83,0051c057,direct,0051b580,C:\Projects\Wizardry 8\Local Code\PC Item.cpp,564,uiItemNo < gXStatus.uiItemsInDatabase,
wiz8--gog-1261--wiz8new--57a3072c2f83,0051c1d6,direct,0051b580,C:\Projects\Wizardry 8\Local Code\PC Item.cpp,578,uiMAX_DICE(pMulti) < 256,
wiz8--gog-1261--wiz8new--57a3072c2f83,0051c22e,direct,0051b580,C:\Projects\Wizardry 8\Local Code\PC Item.cpp,599,FALSE,InitNewItem: ERROR - Invalid multi code
wiz8--gog-1261--wiz8new--57a3072c2f83,0051c922,register-indirect,0051c5a0,C:\Projects\Wizardry 8\Local Code\PC Item.cpp,1021,uiRangedItem < gXStatus.uiItemsInDatabase,
wiz8--gog-1261--wiz8new--57a3072c2f83,0051c94e,register-indirect,0051c5a0,C:\Projects\Wizardry 8\Local Code\PC Item.cpp,1022,uiOtherItem < gXStatus.uiItemsInDatabase,
wiz8--gog-1261--wiz8new--57a3072c2f83,0051ce03,register-indirect,0051cde0,C:\Projects\Wizardry 8\Local Code\PC Item.cpp,1248,iChar != -1,
wiz8--gog-1261--wiz8new--57a3072c2f83,0051ce22,register-indirect,0051cde0,C:\Projects\Wizardry 8\Local Code\PC Item.cpp,1249,uiSlot < SLOT_COUNT,
wiz8--gog-1261--wiz8new--57a3072c2f83,0051d715,direct,0051d3b0,C:\Projects\Wizardry 8\Local Code\PC Item.cpp,1844,uiSpell != SPELL_NONE,
wiz8--gog-1261--wiz8new--57a3072c2f83,0051d77a,direct,0051d3b0,C:\Projects\Wizardry 8\Local Code\PC Item.cpp,1832,uiSpell != SPELL_NONE,
wiz8--gog-1261--wiz8new--57a3072c2f83,0051d822,register-indirect,0051d7a0,C:\Projects\Wizardry 8\Local Code\PC Item.cpp,1897,pPC,
wiz8--gog-1261--wiz8new--57a3072c2f83,0051d83f,register-indirect,0051d7a0,C:\Projects\Wizardry 8\Local Code\PC Item.cpp,1898,pPCItem,
wiz8--gog-1261--wiz8new--57a3072c2f83,0051d85a,register-indirect,0051d7a0,C:\Projects\Wizardry 8\Local Code\PC Item.cpp,1899,pPCItem->iItemNo >= -1,
wiz8--gog-1261--wiz8new--57a3072c2f83,0051d87a,register-indirect,0051d7a0,C:\Projects\Wizardry 8\Local Code\PC Item.cpp,1900,pPCItem->iItemNo < (INT32) gXStatus.uiItemsInDatabase,
wiz8--gog-1261--wiz8new--57a3072c2f83,0051e1ba,register-indirect,0051dde0,C:\Projects\Wizardry 8\Local Code\PC Item.cpp,2205,pNPC,
wiz8--gog-1261--wiz8new--57a3072c2f83,0051e1d6,register-indirect,0051dde0,C:\Projects\Wizardry 8\Local Code\PC Item.cpp,2206,pNPC->ubNPCDBaseID == NPC_RFS81A,
wiz8--gog-1261--wiz8new--57a3072c2f83,0051e482,register-indirect,0051dde0,C:\Projects\Wizardry 8\Local Code\PC Item.cpp,2310,pItemDB->ubUseType < USE_TYPE_COUNT,
wiz8--gog-1261--wiz8new--57a3072c2f83,0051e717,direct,0051dde0,C:\Projects\Wizardry 8\Local Code\PC Item.cpp,2356,FALSE,
wiz8--gog-1261--wiz8new--57a3072c2f83,0051ebee,direct,0051e9f0,C:\Projects\Wizardry 8\Local Code\PC Item.cpp,2642,pPCItem->iItemNo != -1,
wiz8--gog-1261--wiz8new--57a3072c2f83,0051f32f,register-indirect,0051f2b0,C:\Projects\Wizardry 8\Local Code\PC Item.cpp,2922,pMergePCItem->iItemNo != -1,
wiz8--gog-1261--wiz8new--57a3072c2f83,0051f357,register-indirect,0051f2b0,C:\Projects\Wizardry 8\Local Code\PC Item.cpp,2923,pIntoPCItem->iItemNo != -1,
wiz8--gog-1261--wiz8new--57a3072c2f83,0051f99c,direct,0051f870,C:\Projects\Wizardry 8\Local Code\PC Item.cpp,3371,FALSE,
wiz8--gog-1261--wiz8new--57a3072c2f83,0051fd4b,direct,0051fd20,C:\Projects\Wizardry 8\Local Code\PC Item.cpp,3516,(pPCItem1->iItemNo != -1) || (pPCItem2->iItemNo != -1),
wiz8--gog-1261--wiz8new--57a3072c2f83,0051fe67,register-indirect,0051fd20,C:\Projects\Wizardry 8\Local Code\PC Item.cpp,3558,pToPCItem != pFromPCItem,
wiz8--gog-1261--wiz8new--57a3072c2f83,0051fe87,register-indirect,0051fd20,C:\Projects\Wizardry 8\Local Code\PC Item.cpp,3560,pToPCItem->iItemNo == -1,
wiz8--gog-1261--wiz8new--57a3072c2f83,0051fea1,register-indirect,0051fd20,C:\Projects\Wizardry 8\Local Code\PC Item.cpp,3561,pFromPCItem->iItemNo != -1,
wiz8--gog-1261--wiz8new--57a3072c2f83,005201d3,register-indirect,005201b0,C:\Projects\Wizardry 8\Local Code\PC Item.cpp,3676,pPC != NULL,
wiz8--gog-1261--wiz8new--57a3072c2f83,005201f2,register-indirect,005201b0,C:\Projects\Wizardry 8\Local Code\PC Item.cpp,3677,uiSlot < SLOT_COUNT,
wiz8--gog-1261--wiz8new--57a3072c2f83,005205ca,direct,005201b0,C:\Projects\Wizardry 8\Local Code\PC Item.cpp,3795,gStatus.fGameStarted,
wiz8--gog-1261--wiz8new--57a3072c2f83,00520624,register-indirect,00520600,C:\Projects\Wizardry 8\Local Code\PC Item.cpp,3812,pPCItem1->iItemNo != BAD_INDEX,
wiz8--gog-1261--wiz8new--57a3072c2f83,00520643,register-indirect,00520600,C:\Projects\Wizardry 8\Local Code\PC Item.cpp,3813,pPCItem2->iItemNo != BAD_INDEX,
wiz8--gog-1261--wiz8new--57a3072c2f83,0052080e,register-indirect,005207e0,C:\Projects\Wizardry 8\Local Code\PC Item.cpp,4003,pPCItem->iItemNo != -1,
wiz8--gog-1261--wiz8new--57a3072c2f83,0052082e,register-indirect,005207e0,C:\Projects\Wizardry 8\Local Code\PC Item.cpp,4004,pPCItem->iItemNo < (INT32) gXStatus.uiItemsInDatabase,
wiz8--gog-1261--wiz8new--57a3072c2f83,005208a8,register-indirect,00520880,C:\Projects\Wizardry 8\Local Code\PC Item.cpp,4003,pPCItem->iItemNo != -1,
wiz8--gog-1261--wiz8new--57a3072c2f83,005208c8,register-indirect,00520880,C:\Projects\Wizardry 8\Local Code\PC Item.cpp,4004,pPCItem->iItemNo < (INT32) gXStatus.uiItemsInDatabase,
wiz8--gog-1261--wiz8new--57a3072c2f83,00520913,register-indirect,005208f0,C:\Projects\Wizardry 8\Local Code\PC Item.cpp,4014,pPCItem,
wiz8--gog-1261--wiz8new--57a3072c2f83,0052097b,register-indirect,005208f0,C:\Projects\Wizardry 8\Local Code\PC Item.cpp,2875,pPCItem,
wiz8--gog-1261--wiz8new--57a3072c2f83,00520a8c,direct,00520a70,C:\Projects\Wizardry 8\Local Code\PC Item.cpp,4113,pPCItem,
wiz8--gog-1261--wiz8new--57a3072c2f83,00520b9b,direct,00520a70,C:\Projects\Wizardry 8\Local Code\PC Item.cpp,2875,pPCItem,
wiz8--gog-1261--wiz8new--57a3072c2f83,005221a4,register-indirect,00522180,C:\Projects\Wizardry 8\Local Code\PC Item.cpp,5373,bSlotType >= 0,
wiz8--gog-1261--wiz8new--57a3072c2f83,005221bf,register-indirect,00522180,C:\Projects\Wizardry 8\Local Code\PC Item.cpp,5374,bSlotType < SLOT_TYPE_COUNT,
wiz8--gog-1261--wiz8new--57a3072c2f83,005221df,register-indirect,00522180,C:\Projects\Wizardry 8\Local Code\PC Item.cpp,5376,sSlotIndex >= 0,
wiz8--gog-1261--wiz8new--57a3072c2f83,00522212,register-indirect,00522180,C:\Projects\Wizardry 8\Local Code\PC Item.cpp,5389,sSlotIndex < MAX_PARTY_ITEM_SLOTS,
wiz8--gog-1261--wiz8new--57a3072c2f83,005222e9,direct,005222d0,C:\Projects\Wizardry 8\Local Code\PC Item.cpp,5403,pPCItem != NULL,
wiz8--gog-1261--wiz8new--57a3072c2f83,0052302c,direct,00522ef0,C:\Projects\Wizardry 8\Local Code\Conditions & Enchantments.cpp,42,fCHAR_OCCUPIED(uiChar),
wiz8--gog-1261--wiz8new--57a3072c2f83,00523054,direct,00522ef0,C:\Projects\Wizardry 8\Local Code\Conditions & Enchantments.cpp,45,(uiPoisonStrength == 0) || (uiCondition == COND_POISONED),
wiz8--gog-1261--wiz8new--57a3072c2f83,005233a4,register-indirect,00522ef0,C:\Projects\Wizardry 8\Local Code\Conditions & Enchantments.cpp,244,fCHAR_OCCUPIED(uiChar),
wiz8--gog-1261--wiz8new--57a3072c2f83,005233d2,register-indirect,00522ef0,C:\Projects\Wizardry 8\Local Code\Conditions & Enchantments.cpp,245,gStatus.Char[uiChar].uiCondition[uiCondition] > 0,
wiz8--gog-1261--wiz8new--57a3072c2f83,005236d5,register-indirect,00522ef0,C:\Projects\Wizardry 8\Local Code\Conditions & Enchantments.cpp,344,fCHAR_OCCUPIED(uiSlot),
wiz8--gog-1261--wiz8new--57a3072c2f83,00523718,register-indirect,00522ef0,C:\Projects\Wizardry 8\Local Code\Conditions & Enchantments.cpp,345,gStatus.Char[uiSlot].uiCondition[uiCondition] > 0,
wiz8--gog-1261--wiz8new--57a3072c2f83,0052381f,direct,00522ef0,C:\Projects\Wizardry 8\Local Code\Conditions & Enchantments.cpp,387,fCHAR_OCCUPIED(uiChar),
wiz8--gog-1261--wiz8new--57a3072c2f83,00523c26,direct,00523c00,C:\Projects\Wizardry 8\Local Code\Conditions & Enchantments.cpp,544,(uiPoisonStrength == 0) || (uiCondition == COND_POISONED),
wiz8--gog-1261--wiz8new--57a3072c2f83,00523f8c,direct,00523c00,C:\Projects\Wizardry 8\Local Code\Conditions & Enchantments.cpp,728,pMonsterInfo->uiCondition[uiCondition] > 0,
wiz8--gog-1261--wiz8new--57a3072c2f83,0052415d,direct,00523c00,C:\Projects\Wizardry 8\Local Code\Conditions & Enchantments.cpp,795,pMonsterInfo->uiCondition[uiCondition] > 0,
wiz8--gog-1261--wiz8new--57a3072c2f83,005247a4,register-indirect,00524780,C:\Projects\Wizardry 8\Local Code\Conditions & Enchantments.cpp,1095,uiChar < MAX_CHARS,
wiz8--gog-1261--wiz8new--57a3072c2f83,005247c3,register-indirect,00524780,C:\Projects\Wizardry 8\Local Code\Conditions & Enchantments.cpp,1096,uiDependence < DEPEND_COND_COUNT,
wiz8--gog-1261--wiz8new--57a3072c2f83,005247e2,register-indirect,00524780,C:\Projects\Wizardry 8\Local Code\Conditions & Enchantments.cpp,1097,iMonsterID != -1,
wiz8--gog-1261--wiz8new--57a3072c2f83,00527264,direct,00526e90,C:\Projects\Wizardry 8\Local Code\NPC Scripting.cpp,1974,pDoor,
wiz8--gog-1261--wiz8new--57a3072c2f83,0052a8db,direct,0052a820,C:\Projects\Wizardry 8\Local Code\Health Stamina Mana.cpp,403,fCHAR_OCCUPIED(uiChar),
wiz8--gog-1261--wiz8new--57a3072c2f83,0052ac38,direct,0052a820,C:\Projects\Wizardry 8\Local Code\Health Stamina Mana.cpp,561,fCHAR_OCCUPIED(uiChar),
wiz8--gog-1261--wiz8new--57a3072c2f83,0052ae16,direct,0052add0,C:\Projects\Wizardry 8\Local Code\Health Stamina Mana.cpp,661,fCHAR_OCCUPIED(uiChar),
wiz8--gog-1261--wiz8new--57a3072c2f83,0052afeb,direct,0052add0,C:\Projects\Wizardry 8\Local Code\Health Stamina Mana.cpp,813,FALSE,FatigueCharacter: ERROR - Invalid load category
wiz8--gog-1261--wiz8new--57a3072c2f83,0052b4c6,direct,0052b2f0,C:\Projects\Wizardry 8\Local Code\Health Stamina Mana.cpp,1067,pPC->iSPLeft[uiRealm] >= (INT32) uiSPs,
wiz8--gog-1261--wiz8new--57a3072c2f83,0052b652,direct,0052b550,C:\Projects\Wizardry 8\Local Code\Health Stamina Mana.cpp,1067,pPC->iSPLeft[uiRealm] >= (INT32) uiSPs,
wiz8--gog-1261--wiz8new--57a3072c2f83,0052b77e,direct,0052b550,C:\Projects\Wizardry 8\Local Code\Health Stamina Mana.cpp,1067,pPC->iSPLeft[uiRealm] >= (INT32) uiSPs,
wiz8--gog-1261--wiz8new--57a3072c2f83,0052b825,direct,0052b550,C:\Projects\Wizardry 8\Local Code\Health Stamina Mana.cpp,1186,fCHAR_OCCUPIED(uiChar),
wiz8--gog-1261--wiz8new--57a3072c2f83,0052c2d4,direct,0052c240,C:\Projects\Wizardry 8\Local Code\Health Stamina Mana.cpp,1774,FALSE,
wiz8--gog-1261--wiz8new--57a3072c2f83,00530287,register-indirect,00530150,C:\Projects\Wizardry 8\Local Code\MonsterAI.cpp,1840,pMonsterGroup,
wiz8--gog-1261--wiz8new--57a3072c2f83,005305ba,direct,00530560,C:\Projects\Wizardry 8\Local Code\MonsterAI.cpp,1145,pMonsterInfo,
wiz8--gog-1261--wiz8new--57a3072c2f83,0053071a,direct,00530560,C:\Projects\Wizardry 8\Local Code\MonsterAI.cpp,389,FALSE,DoMonsterRTAI: ERROR - Invalid disposition
wiz8--gog-1261--wiz8new--57a3072c2f83,00530875,direct,00530560,C:\Projects\Wizardry 8\Local Code\MonsterAI.cpp,457,ubAIDecision != RT_AI_MODE_CHARGE_PARTY,
wiz8--gog-1261--wiz8new--57a3072c2f83,00530f4b,direct,005308c0,C:\Projects\Wizardry 8\Local Code\MonsterAI.cpp,1145,pMonsterInfo,
wiz8--gog-1261--wiz8new--57a3072c2f83,0053102c,direct,005308c0,C:\Projects\Wizardry 8\Local Code\MonsterAI.cpp,810,pMonsterInfo->ubDisposition != DISP_HOSTILE,
wiz8--gog-1261--wiz8new--57a3072c2f83,0053177c,direct,00531540,C:\Projects\Wizardry 8\Local Code\MonsterAI.cpp,1052,fSuccess,
wiz8--gog-1261--wiz8new--57a3072c2f83,00531950,register-indirect,00531920,C:\Projects\Wizardry 8\Local Code\MonsterAI.cpp,1178,pMonsterGroup,
wiz8--gog-1261--wiz8new--57a3072c2f83,00531973,register-indirect,00531920,C:\Projects\Wizardry 8\Local Code\MonsterAI.cpp,3199,pMonsterGroup,
wiz8--gog-1261--wiz8new--57a3072c2f83,00531c36,direct,00531c00,C:\Projects\Wizardry 8\Local Code\MonsterAI.cpp,1272,pMonsterInfo->fInCombat,
wiz8--gog-1261--wiz8new--57a3072c2f83,00531d6d,direct,00531ce0,C:\Projects\Wizardry 8\Local Code\MonsterAI.cpp,1385,pMonsterInfo->pCombat->plsCombatActionList != NULL,
wiz8--gog-1261--wiz8new--57a3072c2f83,00531ffc,direct,00531ce0,C:\Projects\Wizardry 8\Local Code\MonsterAI.cpp,1510,pTarget->iChar != BAD_INDEX,
wiz8--gog-1261--wiz8new--57a3072c2f83,00532041,direct,00531ce0,C:\Projects\Wizardry 8\Local Code\MonsterAI.cpp,1519,pTarget->iMonsterID != BAD_INDEX,
wiz8--gog-1261--wiz8new--57a3072c2f83,005324d3,direct,005323f0,C:\Projects\Wizardry 8\Local Code\MonsterAI.cpp,1840,pMonsterGroup,
wiz8--gog-1261--wiz8new--57a3072c2f83,005332dc,direct,00533260,C:\Projects\Wizardry 8\Local Code\MonsterAI.cpp,2563,uiCastableSpellCnt > 0,
wiz8--gog-1261--wiz8new--57a3072c2f83,0053439b,direct,00534300,C:\Projects\Wizardry 8\Local Code\MonsterAI.cpp,3078,pMonsterGroup,
wiz8--gog-1261--wiz8new--57a3072c2f83,00534486,direct,00534300,C:\Projects\Wizardry 8\Local Code\MonsterAI.cpp,1840,pMonsterGroup,
wiz8--gog-1261--wiz8new--57a3072c2f83,00534585,direct,00534300,C:\Projects\Wizardry 8\Local Code\MonsterAI.cpp,3078,pMonsterGroup,
wiz8--gog-1261--wiz8new--57a3072c2f83,005347bc,direct,005347a0,C:\Projects\Wizardry 8\Local Code\MonsterAI.cpp,3199,pMonsterGroup,
wiz8--gog-1261--wiz8new--57a3072c2f83,00534df7,direct,00534dd0,C:\Projects\Wizardry 8\Local Code\MonsterAI.cpp,3524,pTargetMonsterGroup,
wiz8--gog-1261--wiz8new--57a3072c2f83,0053565d,direct,005355d0,C:\Projects\Wizardry 8\Local Code\MonsterAI.cpp,3199,pMonsterGroup,
wiz8--gog-1261--wiz8new--57a3072c2f83,00535715,direct,005355d0,C:\Projects\Wizardry 8\Local Code\MonsterAI.cpp,1840,pMonsterGroup,
wiz8--gog-1261--wiz8new--57a3072c2f83,00535af1,register-indirect,00535ad0,C:\Projects\Wizardry 8\Local Code\Factions.cpp,175,bFaction >= 0,
wiz8--gog-1261--wiz8new--57a3072c2f83,00535b0c,register-indirect,00535ad0,C:\Projects\Wizardry 8\Local Code\Factions.cpp,176,bFaction < FACTION_COUNT,
wiz8--gog-1261--wiz8new--57a3072c2f83,00535b64,register-indirect,00535b40,C:\Projects\Wizardry 8\Local Code\Factions.cpp,175,bFaction >= 0,
wiz8--gog-1261--wiz8new--57a3072c2f83,00535b7f,register-indirect,00535b40,C:\Projects\Wizardry 8\Local Code\Factions.cpp,176,bFaction < FACTION_COUNT,
wiz8--gog-1261--wiz8new--57a3072c2f83,00535c7a,register-indirect,00535b40,C:\Projects\Wizardry 8\Local Code\Factions.cpp,175,bFaction >= 0,
wiz8--gog-1261--wiz8new--57a3072c2f83,00535c95,register-indirect,00535b40,C:\Projects\Wizardry 8\Local Code\Factions.cpp,176,bFaction < FACTION_COUNT,
wiz8--gog-1261--wiz8new--57a3072c2f83,00535db9,register-indirect,00535d50,C:\Projects\Wizardry 8\Local Code\Factions.cpp,175,bFaction >= 0,
wiz8--gog-1261--wiz8new--57a3072c2f83,00535dd4,register-indirect,00535d50,C:\Projects\Wizardry 8\Local Code\Factions.cpp,176,bFaction < FACTION_COUNT,
wiz8--gog-1261--wiz8new--57a3072c2f83,00535edd,register-indirect,00535ea0,C:\Projects\Wizardry 8\Local Code\Factions.cpp,175,bFaction >= 0,
wiz8--gog-1261--wiz8new--57a3072c2f83,00535efc,register-indirect,00535ea0,C:\Projects\Wizardry 8\Local Code\Factions.cpp,176,bFaction < FACTION_COUNT,
wiz8--gog-1261--wiz8new--57a3072c2f83,00535f60,register-indirect,00535ea0,C:\Projects\Wizardry 8\Local Code\Factions.cpp,175,bFaction >= 0,
wiz8--gog-1261--wiz8new--57a3072c2f83,00535f7f,register-indirect,00535ea0,C:\Projects\Wizardry 8\Local Code\Factions.cpp,176,bFaction < FACTION_COUNT,
wiz8--gog-1261--wiz8new--57a3072c2f83,005361c6,direct,005360b0,C:\Projects\Wizardry 8\Local Code\Targeting.cpp,108,pTarget->iChar != BAD_INDEX,
wiz8--gog-1261--wiz8new--57a3072c2f83,00536230,direct,005360b0,C:\Projects\Wizardry 8\Local Code\Targeting.cpp,117,pTarget->iChar != BAD_INDEX,
wiz8--gog-1261--wiz8new--57a3072c2f83,005362ab,register-indirect,005360b0,C:\Projects\Wizardry 8\Local Code\Targeting.cpp,126,pTarget->iMonsterID != BAD_INDEX,
wiz8--gog-1261--wiz8new--57a3072c2f83,0053633c,register-indirect,005360b0,C:\Projects\Wizardry 8\Local Code\Targeting.cpp,153,pTarget->iGroupID != BAD_INDEX,
wiz8--gog-1261--wiz8new--57a3072c2f83,005363b7,direct,005360b0,C:\Projects\Wizardry 8\Local Code\Targeting.cpp,180,pTarget->pPCItem != NULL,
wiz8--gog-1261--wiz8new--57a3072c2f83,005366b2,register-indirect,00536400,C:\Projects\Wizardry 8\Local Code\Targeting.cpp,3163,FALSE,
wiz8--gog-1261--wiz8new--57a3072c2f83,005366f3,register-indirect,00536400,C:\Projects\Wizardry 8\Local Code\Targeting.cpp,252,pTarget,
wiz8--gog-1261--wiz8new--57a3072c2f83,00536be1,direct,00536400,C:\Projects\Wizardry 8\Local Code\Targeting.cpp,3163,FALSE,
wiz8--gog-1261--wiz8new--57a3072c2f83,00536e6b,direct,00536400,C:\Projects\Wizardry 8\Local Code\Targeting.cpp,3273,pSource != NULL,
wiz8--gog-1261--wiz8new--57a3072c2f83,00537037,direct,00536f60,C:\Projects\Wizardry 8\Local Code\Targeting.cpp,3163,FALSE,
wiz8--gog-1261--wiz8new--57a3072c2f83,00537433,direct,00536f60,C:\Projects\Wizardry 8\Local Code\Targeting.cpp,3163,FALSE,
wiz8--gog-1261--wiz8new--57a3072c2f83,005377ad,register-indirect,00536f60,C:\Projects\Wizardry 8\Local Code\Targeting.cpp,3299,pSource->iChar != BAD_INDEX,
wiz8--gog-1261--wiz8new--57a3072c2f83,005377f1,register-indirect,00536f60,C:\Projects\Wizardry 8\Local Code\Targeting.cpp,3320,pSource->iMonsterID != BAD_INDEX,
wiz8--gog-1261--wiz8new--57a3072c2f83,0053780c,register-indirect,00536f60,C:\Projects\Wizardry 8\Local Code\Targeting.cpp,835,pSource->iMonsterID != -1,
wiz8--gog-1261--wiz8new--57a3072c2f83,005378ae,register-indirect,00536f60,C:\Projects\Wizardry 8\Local Code\Targeting.cpp,3299,pSource->iChar != BAD_INDEX,
wiz8--gog-1261--wiz8new--57a3072c2f83,005378d8,register-indirect,00536f60,C:\Projects\Wizardry 8\Local Code\Targeting.cpp,3320,pSource->iMonsterID != BAD_INDEX,
wiz8--gog-1261--wiz8new--57a3072c2f83,00537936,direct,00536f60,C:\Projects\Wizardry 8\Local Code\Targeting.cpp,843,FALSE,
wiz8--gog-1261--wiz8new--57a3072c2f83,00537cd3,direct,00537b00,C:\Projects\Wizardry 8\Local Code\Targeting.cpp,3273,pSource != NULL,
wiz8--gog-1261--wiz8new--57a3072c2f83,00537e59,direct,00537d20,C:\Projects\Wizardry 8\Local Code\Targeting.cpp,3273,pSource != NULL,
wiz8--gog-1261--wiz8new--57a3072c2f83,00538014,direct,00537d20,C:\Projects\Wizardry 8\Local Code\Targeting.cpp,3273,pSource != NULL,
wiz8--gog-1261--wiz8new--57a3072c2f83,0053842f,direct,005383e0,C:\Projects\Wizardry 8\Local Code\Targeting.cpp,1177,pSortBuffer != NULL,
wiz8--gog-1261--wiz8new--57a3072c2f83,005388eb,direct,00538770,C:\Projects\Wizardry 8\Local Code\Targeting.cpp,3163,FALSE,
wiz8--gog-1261--wiz8new--57a3072c2f83,00538c97,direct,00538770,C:\Projects\Wizardry 8\Local Code\Targeting.cpp,1888,pMonster,
wiz8--gog-1261--wiz8new--57a3072c2f83,00538ead,direct,00538e00,C:\Projects\Wizardry 8\Local Code\Targeting.cpp,3273,pSource != NULL,
wiz8--gog-1261--wiz8new--57a3072c2f83,0053903b,direct,00538e00,C:\Projects\Wizardry 8\Local Code\Targeting.cpp,3285,pSource != NULL,
wiz8--gog-1261--wiz8new--57a3072c2f83,00539301,direct,005392e0,C:\Projects\Wizardry 8\Local Code\Targeting.cpp,1765,uiGroupID != BAD_INDEX,
wiz8--gog-1261--wiz8new--57a3072c2f83,00539672,direct,00539630,C:\Projects\Wizardry 8\Local Code\Targeting.cpp,1888,pMonster,
wiz8--gog-1261--wiz8new--57a3072c2f83,0053988c,direct,00539870,C:\Projects\Wizardry 8\Local Code\Targeting.cpp,2040,pMonsterInfo,
wiz8--gog-1261--wiz8new--57a3072c2f83,0053996e,direct,005398d0,C:\Projects\Wizardry 8\Local Code\Targeting.cpp,2040,pMonsterInfo,
wiz8--gog-1261--wiz8new--57a3072c2f83,00539a57,direct,00539a30,C:\Projects\Wizardry 8\Local Code\Targeting.cpp,3299,pSource->iChar != BAD_INDEX,
wiz8--gog-1261--wiz8new--57a3072c2f83,00539aa0,register-indirect,00539a30,C:\Projects\Wizardry 8\Local Code\Targeting.cpp,3320,pSource->iMonsterID != BAD_INDEX,
wiz8--gog-1261--wiz8new--57a3072c2f83,00539abc,register-indirect,00539a30,C:\Projects\Wizardry 8\Local Code\Targeting.cpp,2124,pSource->iMonsterID != -1,
wiz8--gog-1261--wiz8new--57a3072c2f83,00539b20,direct,00539a30,C:\Projects\Wizardry 8\Local Code\Targeting.cpp,2132,pSource->iType == SOURCE_TYPE_3D_POINT,
wiz8--gog-1261--wiz8new--57a3072c2f83,0053a5aa,direct,0053a320,C:\Projects\Wizardry 8\Local Code\Targeting.cpp,3273,pSource != NULL,
wiz8--gog-1261--wiz8new--57a3072c2f83,0053a9fe,direct,0053a930,C:\Projects\Wizardry 8\Local Code\Targeting.cpp,3273,pSource != NULL,
wiz8--gog-1261--wiz8new--57a3072c2f83,0053ab62,direct,0053a930,C:\Projects\Wizardry 8\Local Code\Targeting.cpp,1888,pMonster,
wiz8--gog-1261--wiz8new--57a3072c2f83,0053ace1,direct,0053ac30,C:\Projects\Wizardry 8\Local Code\Targeting.cpp,1888,pMonster,
wiz8--gog-1261--wiz8new--57a3072c2f83,0053adac,direct,0053ac30,C:\Projects\Wizardry 8\Local Code\Targeting.cpp,1888,pMonster,
wiz8--gog-1261--wiz8new--57a3072c2f83,0053b53e,direct,0053b480,C:\Projects\Wizardry 8\Local Code\Targeting.cpp,3273,pSource != NULL,
wiz8--gog-1261--wiz8new--57a3072c2f83,0053b741,direct,0053b660,C:\Projects\Wizardry 8\Local Code\Targeting.cpp,3273,pSource != NULL,
wiz8--gog-1261--wiz8new--57a3072c2f83,0053b8e5,direct,0053b660,C:\Projects\Wizardry 8\Local Code\Targeting.cpp,3119,FALSE,
wiz8--gog-1261--wiz8new--57a3072c2f83,0053b9ed,direct,0053b660,C:\Projects\Wizardry 8\Local Code\Targeting.cpp,3163,FALSE,
wiz8--gog-1261--wiz8new--57a3072c2f83,0053bb6a,direct,0053b660,C:\Projects\Wizardry 8\Local Code\Targeting.cpp,3163,FALSE,
wiz8--gog-1261--wiz8new--57a3072c2f83,0053bbb6,direct,0053b660,C:\Projects\Wizardry 8\Local Code\Targeting.cpp,3207,FALSE,
wiz8--gog-1261--wiz8new--57a3072c2f83,0053bdc7,direct,0053b660,C:\Projects\Wizardry 8\Local Code\Targeting.cpp,3163,FALSE,
wiz8--gog-1261--wiz8new--57a3072c2f83,0053be1a,direct,0053be00,C:\Projects\Wizardry 8\Local Code\Targeting.cpp,3273,pSource != NULL,
wiz8--gog-1261--wiz8new--57a3072c2f83,0053be6a,direct,0053be50,C:\Projects\Wizardry 8\Local Code\Targeting.cpp,3285,pSource != NULL,
wiz8--gog-1261--wiz8new--57a3072c2f83,0053bec2,direct,0053be50,C:\Projects\Wizardry 8\Local Code\Targeting.cpp,3299,pSource->iChar != BAD_INDEX,
wiz8--gog-1261--wiz8new--57a3072c2f83,0053beff,direct,0053be50,C:\Projects\Wizardry 8\Local Code\Targeting.cpp,3307,pSource->fBackfire || pSource->fReflection,
wiz8--gog-1261--wiz8new--57a3072c2f83,0053bf32,direct,0053be50,C:\Projects\Wizardry 8\Local Code\Targeting.cpp,3320,pSource->iMonsterID != BAD_INDEX,
wiz8--gog-1261--wiz8new--57a3072c2f83,0053bf6f,direct,0053be50,C:\Projects\Wizardry 8\Local Code\Targeting.cpp,3328,pSource->fBackfire || pSource->fReflection,
wiz8--gog-1261--wiz8new--57a3072c2f83,0053c342,direct,0053bf80,C:\Projects\Wizardry 8\Local Code\Targeting.cpp,3299,pSource->iChar != BAD_INDEX,
wiz8--gog-1261--wiz8new--57a3072c2f83,0053c37a,direct,0053bf80,C:\Projects\Wizardry 8\Local Code\Targeting.cpp,3307,pSource->fBackfire || pSource->fReflection,
wiz8--gog-1261--wiz8new--57a3072c2f83,0053c3a1,direct,0053bf80,C:\Projects\Wizardry 8\Local Code\Targeting.cpp,3320,pSource->iMonsterID != BAD_INDEX,
wiz8--gog-1261--wiz8new--57a3072c2f83,0053c3d6,direct,0053bf80,C:\Projects\Wizardry 8\Local Code\Targeting.cpp,3328,pSource->fBackfire || pSource->fReflection,
wiz8--gog-1261--wiz8new--57a3072c2f83,0053c412,direct,0053bf80,C:\Projects\Wizardry 8\Local Code\Targeting.cpp,3299,pSource->iChar != BAD_INDEX,
wiz8--gog-1261--wiz8new--57a3072c2f83,0053c448,direct,0053bf80,C:\Projects\Wizardry 8\Local Code\Targeting.cpp,3307,pSource->fBackfire || pSource->fReflection,
wiz8--gog-1261--wiz8new--57a3072c2f83,0053c4c9,register-indirect,0053bf80,C:\Projects\Wizardry 8\Local Code\Targeting.cpp,3299,pSource->iChar != BAD_INDEX,
wiz8--gog-1261--wiz8new--57a3072c2f83,0053c51a,register-indirect,0053bf80,C:\Projects\Wizardry 8\Local Code\Targeting.cpp,3320,pSource->iMonsterID != BAD_INDEX,
wiz8--gog-1261--wiz8new--57a3072c2f83,0053c619,direct,0053bf80,C:\Projects\Wizardry 8\Local Code\Targeting.cpp,3577,FALSE,
wiz8--gog-1261--wiz8new--57a3072c2f83,0053c885,direct,0053c720,C:\Projects\Wizardry 8\Local Code\Targeting.cpp,3756,pMonsterInfo->uiHPMax > 0,
wiz8--gog-1261--wiz8new--57a3072c2f83,0053cc1c,direct,0053c720,C:\Projects\Wizardry 8\Local Code\Targeting.cpp,3163,FALSE,
wiz8--gog-1261--wiz8new--57a3072c2f83,0053cc76,direct,0053c720,C:\Projects\Wizardry 8\Local Code\Targeting.cpp,3207,FALSE,
wiz8--gog-1261--wiz8new--57a3072c2f83,0053d153,direct,0053cdf0,C:\Projects\Wizardry 8\Local Code\Targeting.cpp,3273,pSource != NULL,
wiz8--gog-1261--wiz8new--57a3072c2f83,0053d2b8,direct,0053d2a0,C:\Projects\Wizardry 8\Local Code\Combat Attack.cpp,102,uiHand < HAND_COUNT,
wiz8--gog-1261--wiz8new--57a3072c2f83,0053d346,register-indirect,0053d2a0,C:\Projects\Wizardry 8\Local Code\Combat Attack.cpp,102,uiHand < HAND_COUNT,
wiz8--gog-1261--wiz8new--57a3072c2f83,0053d3d9,direct,0053d390,C:\Projects\Wizardry 8\Local Code\Combat Attack.cpp,102,uiHand < HAND_COUNT,
wiz8--gog-1261--wiz8new--57a3072c2f83,0053d4cb,direct,0053d4b0,C:\Projects\Wizardry 8\Local Code\Combat Attack.cpp,235,uiAttack < MAX_MONSTER_ATTACKS,
wiz8--gog-1261--wiz8new--57a3072c2f83,0053d6cb,direct,0053d680,C:\Projects\Wizardry 8\Local Code\Combat Attack.cpp,102,uiHand < HAND_COUNT,
wiz8--gog-1261--wiz8new--57a3072c2f83,0053d78d,direct,0053d680,C:\Projects\Wizardry 8\Local Code\Combat Attack.cpp,102,uiHand < HAND_COUNT,
wiz8--gog-1261--wiz8new--57a3072c2f83,0053d809,direct,0053d7f0,C:\Projects\Wizardry 8\Local Code\Combat Attack.cpp,102,uiHand < HAND_COUNT,
wiz8--gog-1261--wiz8new--57a3072c2f83,0053d88d,direct,0053d7f0,C:\Projects\Wizardry 8\Local Code\Combat Attack.cpp,436,uiChar < MAX_CHARS,
wiz8--gog-1261--wiz8new--57a3072c2f83,0053d8fb,direct,0053d7f0,C:\Projects\Wizardry 8\Local Code\Combat Attack.cpp,102,uiHand < HAND_COUNT,
wiz8--gog-1261--wiz8new--57a3072c2f83,0053df17,direct,0053d7f0,C:\Projects\Wizardry 8\Local Code\Combat Attack.cpp,640,CHAR_CURRENT_TARGET(uiChar).iType == TARGET_TYPE_CHAR,
wiz8--gog-1261--wiz8new--57a3072c2f83,0053df3d,direct,0053d7f0,C:\Projects\Wizardry 8\Local Code\Combat Attack.cpp,641,CHAR_CURRENT_TARGET(uiChar).iChar != BAD_INDEX,
wiz8--gog-1261--wiz8new--57a3072c2f83,0053e00a,direct,0053d7f0,C:\Projects\Wizardry 8\Local Code\Combat Attack.cpp,671,pPC->Hand[uiHand].uiHolds != HOLDS_NOTHING,
wiz8--gog-1261--wiz8new--57a3072c2f83,0053e554,direct,0053e250,C:\Projects\Wizardry 8\Local Code\Combat Attack.cpp,857,plsFumbleTargetList != NULL,
wiz8--gog-1261--wiz8new--57a3072c2f83,0053e5dc,direct,0053e250,C:\Projects\Wizardry 8\Local Code\Combat Attack.cpp,4560,uiNumTargets > 0,
wiz8--gog-1261--wiz8new--57a3072c2f83,0053e6f0,direct,0053e250,C:\Projects\Wizardry 8\Local Code\Combat Attack.cpp,4734,uiChoices > 0,
wiz8--gog-1261--wiz8new--57a3072c2f83,0053e71f,direct,0053e250,C:\Projects\Wizardry 8\Local Code\Combat Attack.cpp,4738,pListElement != NULL,
wiz8--gog-1261--wiz8new--57a3072c2f83,0053f865,direct,0053e250,C:\Projects\Wizardry 8\Local Code\Combat Attack.cpp,1553,pCmbt->uiSwingsRemaining > 0,
wiz8--gog-1261--wiz8new--57a3072c2f83,0053f8bf,direct,0053e250,C:\Projects\Wizardry 8\Local Code\Combat Attack.cpp,102,uiHand < HAND_COUNT,
wiz8--gog-1261--wiz8new--57a3072c2f83,0053fec3,register-indirect,0053fb00,C:\Projects\Wizardry 8\Local Code\Combat Attack.cpp,1780,pMonsterInfo != NULL,
wiz8--gog-1261--wiz8new--57a3072c2f83,0053fee0,register-indirect,0053fb00,C:\Projects\Wizardry 8\Local Code\Combat Attack.cpp,1781,pMonsterDB != NULL,
wiz8--gog-1261--wiz8new--57a3072c2f83,0053fefc,register-indirect,0053fb00,C:\Projects\Wizardry 8\Local Code\Combat Attack.cpp,1784,pCmbt != NULL,
wiz8--gog-1261--wiz8new--57a3072c2f83,00540118,direct,0053ffe0,C:\Projects\Wizardry 8\Local Code\Combat Attack.cpp,1864,FALSE,
wiz8--gog-1261--wiz8new--57a3072c2f83,0054038e,direct,0053ffe0,C:\Projects\Wizardry 8\Local Code\Combat Attack.cpp,2012,plsFumbleTargetList != NULL,
wiz8--gog-1261--wiz8new--57a3072c2f83,0054041a,direct,0053ffe0,C:\Projects\Wizardry 8\Local Code\Combat Attack.cpp,4560,uiNumTargets > 0,
wiz8--gog-1261--wiz8new--57a3072c2f83,005404d6,direct,0053ffe0,C:\Projects\Wizardry 8\Local Code\Combat Attack.cpp,4734,uiChoices > 0,
wiz8--gog-1261--wiz8new--57a3072c2f83,00540505,direct,0053ffe0,C:\Projects\Wizardry 8\Local Code\Combat Attack.cpp,4738,pListElement != NULL,
wiz8--gog-1261--wiz8new--57a3072c2f83,005405de,direct,0053ffe0,C:\Projects\Wizardry 8\Local Code\Combat Attack.cpp,2059,pMonsterInfo->fMissileReleased,
wiz8--gog-1261--wiz8new--57a3072c2f83,0054103c,direct,0053ffe0,C:\Projects\Wizardry 8\Local Code\Combat Attack.cpp,2384,pCmbt->uiSwingsRemaining > 0,
wiz8--gog-1261--wiz8new--57a3072c2f83,00541998,direct,00541630,C:\Projects\Wizardry 8\Local Code\Combat Attack.cpp,2769,pMonsterInfo->Target.iType == TARGET_TYPE_MONSTER,
wiz8--gog-1261--wiz8new--57a3072c2f83,00541b01,direct,00541630,C:\Projects\Wizardry 8\Local Code\Combat Attack.cpp,2813,pAttack->ubWeaponNameIndex != MON_WEAPON_NAME_UNARMED,
wiz8--gog-1261--wiz8new--57a3072c2f83,00542111,direct,005420b0,C:\Projects\Wizardry 8\Local Code\Combat Attack.cpp,3056,gpCombat->TargetHit.iMonsterID != BAD_INDEX,
wiz8--gog-1261--wiz8new--57a3072c2f83,0054219c,direct,005420b0,C:\Projects\Wizardry 8\Local Code\Combat Attack.cpp,3071,gpCombat->TargetHit.iChar != BAD_INDEX,
wiz8--gog-1261--wiz8new--57a3072c2f83,005423ca,direct,005420b0,C:\Projects\Wizardry 8\Local Code\Combat Attack.cpp,3164,pPC->Hand[uiHand].uiHolds != HOLDS_NOTHING,
wiz8--gog-1261--wiz8new--57a3072c2f83,00542468,direct,005420b0,C:\Projects\Wizardry 8\Local Code\Combat Attack.cpp,3152,pPC->Hand[uiHand].uiHolds == HOLDS_NOTHING,
wiz8--gog-1261--wiz8new--57a3072c2f83,00542518,direct,005420b0,C:\Projects\Wizardry 8\Local Code\Combat Attack.cpp,3157,pPC->Hand[uiHand].uiHolds == HOLDS_NOTHING,
wiz8--gog-1261--wiz8new--57a3072c2f83,005429a1,direct,00542960,C:\Projects\Wizardry 8\Local Code\Combat Attack.cpp,3387,gpCombat->TargetHit.iChar != BAD_INDEX,
wiz8--gog-1261--wiz8new--57a3072c2f83,00542a54,direct,00542960,C:\Projects\Wizardry 8\Local Code\Combat Attack.cpp,3400,gpCombat->TargetHit.iMonsterID != BAD_INDEX,
wiz8--gog-1261--wiz8new--57a3072c2f83,00542d0a,register-indirect,00542ca0,C:\Projects\Wizardry 8\Local Code\Combat Attack.cpp,3505,pPC->EquippedItem[uiWeaponSlot].iItemNo != -1,
wiz8--gog-1261--wiz8new--57a3072c2f83,00542d4d,register-indirect,00542ca0,C:\Projects\Wizardry 8\Local Code\Combat Attack.cpp,3510,fsAttackModes > 0,
wiz8--gog-1261--wiz8new--57a3072c2f83,00542d68,register-indirect,00542ca0,C:\Projects\Wizardry 8\Local Code\Combat Attack.cpp,3557,fsAttackModes != 0,
wiz8--gog-1261--wiz8new--57a3072c2f83,00542dcd,direct,00542db0,C:\Projects\Wizardry 8\Local Code\Combat Attack.cpp,3557,fsAttackModes != 0,
wiz8--gog-1261--wiz8new--57a3072c2f83,00542e8a,direct,00542db0,C:\Projects\Wizardry 8\Local Code\Combat Attack.cpp,3663,FALSE,AttackModeMod: ERROR - Invalid attack mode
wiz8--gog-1261--wiz8new--57a3072c2f83,00542f91,direct,00542db0,C:\Projects\Wizardry 8\Local Code\Combat Attack.cpp,3784,FALSE,
wiz8--gog-1261--wiz8new--57a3072c2f83,00543097,direct,00542fc0,C:\Projects\Wizardry 8\Local Code\Combat Attack.cpp,3834,FALSE,
wiz8--gog-1261--wiz8new--57a3072c2f83,0054324e,direct,00542fc0,C:\Projects\Wizardry 8\Local Code\Combat Attack.cpp,4006,FALSE,BlockedForSpecialReason: Unknown target type
wiz8--gog-1261--wiz8new--57a3072c2f83,0054331b,register-indirect,00543260,C:\Projects\Wizardry 8\Local Code\Combat Attack.cpp,4117,pTarget->iChar != BAD_INDEX,
wiz8--gog-1261--wiz8new--57a3072c2f83,00543349,register-indirect,00543260,C:\Projects\Wizardry 8\Local Code\Combat Attack.cpp,4118,fCHAR_OCCUPIED(pTarget->iChar),
wiz8--gog-1261--wiz8new--57a3072c2f83,0054339b,register-indirect,00543260,C:\Projects\Wizardry 8\Local Code\Combat Attack.cpp,4124,pTarget->iType == TARGET_TYPE_MONSTER,
wiz8--gog-1261--wiz8new--57a3072c2f83,005433b7,register-indirect,00543260,C:\Projects\Wizardry 8\Local Code\Combat Attack.cpp,4125,pTarget->iMonsterID != BAD_INDEX,
wiz8--gog-1261--wiz8new--57a3072c2f83,00543e31,register-indirect,00543260,C:\Projects\Wizardry 8\Local Code\Combat Attack.cpp,4706,pTarget,
wiz8--gog-1261--wiz8new--57a3072c2f83,00543eae,register-indirect,00543260,C:\Projects\Wizardry 8\Local Code\Combat Attack.cpp,4706,pTarget,
wiz8--gog-1261--wiz8new--57a3072c2f83,00543ee7,register-indirect,00543260,C:\Projects\Wizardry 8\Local Code\Combat Attack.cpp,4723,iListIndex != BAD_INDEX,
wiz8--gog-1261--wiz8new--57a3072c2f83,00543fb0,register-indirect,00543260,C:\Projects\Wizardry 8\Local Code\Combat Attack.cpp,4706,pTarget,
wiz8--gog-1261--wiz8new--57a3072c2f83,005440a6,register-indirect,00543260,C:\Projects\Wizardry 8\Local Code\Combat Attack.cpp,4706,pTarget,
wiz8--gog-1261--wiz8new--57a3072c2f83,005440df,register-indirect,00543260,C:\Projects\Wizardry 8\Local Code\Combat Attack.cpp,4723,iListIndex != BAD_INDEX,
wiz8--gog-1261--wiz8new--57a3072c2f83,00544173,register-indirect,00543260,C:\Projects\Wizardry 8\Local Code\Combat Attack.cpp,4706,pTarget,
wiz8--gog-1261--wiz8new--57a3072c2f83,005441ef,register-indirect,00543260,C:\Projects\Wizardry 8\Local Code\Combat Attack.cpp,4706,pTarget,
wiz8--gog-1261--wiz8new--57a3072c2f83,0054437b,direct,00544250,C:\Projects\Wizardry 8\Local Code\Combat Attack.cpp,4775,SourceIsMonster(pSource),
wiz8--gog-1261--wiz8new--57a3072c2f83,0054476c,direct,00544630,C:\Projects\Wizardry 8\Local Code\Combat Attack.cpp,4952,FALSE,FireMissileSourceToTarget: Unknown target type
wiz8--gog-1261--wiz8new--57a3072c2f83,005448ad,direct,00544630,C:\Projects\Wizardry 8\Local Code\Combat Attack.cpp,4998,pSource->iMonsterID != -1,
wiz8--gog-1261--wiz8new--57a3072c2f83,00544ab7,direct,00544630,C:\Projects\Wizardry 8\Local Code\Combat Attack.cpp,5097,pMissileFired,
wiz8--gog-1261--wiz8new--57a3072c2f83,00544b40,direct,00544630,C:\Projects\Wizardry 8\Local Code\Combat Attack.cpp,5050,FALSE,
wiz8--gog-1261--wiz8new--57a3072c2f83,005458f4,register-indirect,00545090,C:\Projects\Wizardry 8\Local Code\Combat Attack.cpp,102,uiHand < HAND_COUNT,
wiz8--gog-1261--wiz8new--57a3072c2f83,00545a70,direct,00545950,C:\Projects\Wizardry 8\Local Code\Combat Attack.cpp,5788,FALSE,
wiz8--gog-1261--wiz8new--57a3072c2f83,0054623d,direct,00545e50,C:\Projects\Wizardry 8\Local Code\Combat Attack.cpp,6170,FALSE,
wiz8--gog-1261--wiz8new--57a3072c2f83,0054639a,direct,00545e50,C:\Projects\Wizardry 8\Local Code\Combat Attack.cpp,6191,FALSE,
wiz8--gog-1261--wiz8new--57a3072c2f83,005464d3,direct,00545e50,C:\Projects\Wizardry 8\Local Code\Combat Attack.cpp,6205,FALSE,
wiz8--gog-1261--wiz8new--57a3072c2f83,005466ff,direct,00545e50,C:\Projects\Wizardry 8\Local Code\Combat Attack.cpp,6268,uiSuccessfulCnt > 0,
wiz8--gog-1261--wiz8new--57a3072c2f83,00546a5d,direct,005468d0,C:\Projects\Wizardry 8\Local Code\Combat Attack.cpp,6546,FALSE,
wiz8--gog-1261--wiz8new--57a3072c2f83,00546b63,register-indirect,00546b40,C:\Projects\Wizardry 8\Local Code\Combat Attack.cpp,6637,pTarget != NULL,
wiz8--gog-1261--wiz8new--57a3072c2f83,00546f61,direct,00546df0,C:\Projects\Wizardry 8\Local Code\Combat Hostility.cpp,105,FALSE,MonsterVsCharDisposition: ERROR - Invalid attack mode
wiz8--gog-1261--wiz8new--57a3072c2f83,0054734f,direct,00547120,C:\Projects\Wizardry 8\Local Code\Combat Hostility.cpp,450,iType < SPELL_COUNT,
wiz8--gog-1261--wiz8new--57a3072c2f83,005473e7,direct,00547120,C:\Projects\Wizardry 8\Local Code\Combat Hostility.cpp,450,iType < SPELL_COUNT,
wiz8--gog-1261--wiz8new--57a3072c2f83,00547475,direct,00547120,C:\Projects\Wizardry 8\Local Code\Combat Hostility.cpp,450,iType < SPELL_COUNT,
wiz8--gog-1261--wiz8new--57a3072c2f83,005474d1,direct,005474b0,C:\Projects\Wizardry 8\Local Code\Combat Hostility.cpp,450,iType < SPELL_COUNT,
wiz8--gog-1261--wiz8new--57a3072c2f83,00548fa7,direct,00548e60,C:\Projects\Wizardry 8\Local Code\VideoObjectManager.cpp,45,VideoObjectsInitialized(),
wiz8--gog-1261--wiz8new--57a3072c2f83,0054900a,direct,00548e60,C:\Projects\Wizardry 8\Local Code\VideoObjectManager.cpp,221,VideoObjectsInitialized(),
wiz8--gog-1261--wiz8new--57a3072c2f83,00549080,direct,00548e60,C:\Projects\Wizardry 8\Local Code\VideoObjectManager.cpp,62,fReturnCode,
wiz8--gog-1261--wiz8new--57a3072c2f83,005490b6,register-indirect,00548e60,C:\Projects\Wizardry 8\Local Code\VideoObjectManager.cpp,76,VideoObjectsInitialized(),
wiz8--gog-1261--wiz8new--57a3072c2f83,005490d5,register-indirect,00548e60,C:\Projects\Wizardry 8\Local Code\VideoObjectManager.cpp,212,VideoObjectsInitialized(),
wiz8--gog-1261--wiz8new--57a3072c2f83,00549129,register-indirect,00548e60,C:\Projects\Wizardry 8\Local Code\VideoObjectManager.cpp,221,VideoObjectsInitialized(),
wiz8--gog-1261--wiz8new--57a3072c2f83,005491e8,register-indirect,00548e60,C:\Projects\Wizardry 8\Local Code\VideoObjectManager.cpp,221,VideoObjectsInitialized(),
wiz8--gog-1261--wiz8new--57a3072c2f83,00549228,register-indirect,00548e60,C:\Projects\Wizardry 8\Local Code\VideoObjectManager.cpp,104,fReturnCode,
wiz8--gog-1261--wiz8new--57a3072c2f83,00549272,register-indirect,00548e60,C:\Projects\Wizardry 8\Local Code\VideoObjectManager.cpp,156,VideoObjectsInitialized(),
wiz8--gog-1261--wiz8new--57a3072c2f83,005492b4,register-indirect,00548e60,C:\Projects\Wizardry 8\Local Code\VideoObjectManager.cpp,133,fReturnCode,
wiz8--gog-1261--wiz8new--57a3072c2f83,00549302,register-indirect,00548e60,C:\Projects\Wizardry 8\Local Code\VideoObjectManager.cpp,175,VideoObjectsInitialized(),
wiz8--gog-1261--wiz8new--57a3072c2f83,005493aa,direct,00548e60,C:\Projects\Wizardry 8\Local Code\VideoObjectManager.cpp,230,VideoObjectsInitialized(),
wiz8--gog-1261--wiz8new--57a3072c2f83,005493fa,direct,00548e60,C:\Projects\Wizardry 8\Local Code\VideoObjectManager.cpp,242,VideoObjectsInitialized(),
wiz8--gog-1261--wiz8new--57a3072c2f83,00549444,register-indirect,00548e60,C:\Projects\Wizardry 8\Local Code\VideoObjectManager.cpp,253,VideoObjectsInitialized(),
wiz8--gog-1261--wiz8new--57a3072c2f83,00549475,register-indirect,00548e60,C:\Projects\Wizardry 8\Local Code\VideoObjectManager.cpp,221,VideoObjectsInitialized(),
wiz8--gog-1261--wiz8new--57a3072c2f83,005494bf,register-indirect,00548e60,C:\Projects\Wizardry 8\Local Code\VideoObjectManager.cpp,242,VideoObjectsInitialized(),
wiz8--gog-1261--wiz8new--57a3072c2f83,00549557,direct,005494f0,C:\Projects\Wizardry 8\Local Code\VideoObjectManager.cpp,221,VideoObjectsInitialized(),
wiz8--gog-1261--wiz8new--57a3072c2f83,005496ba,direct,00549660,C:\Projects\Wizardry 8\Local Code\VideoObjectManager.cpp,221,VideoObjectsInitialized(),
wiz8--gog-1261--wiz8new--57a3072c2f83,0054975a,direct,00549700,C:\Projects\Wizardry 8\Local Code\VideoObjectManager.cpp,221,VideoObjectsInitialized(),
wiz8--gog-1261--wiz8new--57a3072c2f83,0054980f,direct,005497c0,C:\Projects\Wizardry 8\Local Code\VideoObjectManager.cpp,413,VideoObjectsInitialized(),
wiz8--gog-1261--wiz8new--57a3072c2f83,005498c4,register-indirect,005497c0,C:\Projects\Wizardry 8\Local Code\VideoObjectManager.cpp,441,VideoObjectsInitialized(),
wiz8--gog-1261--wiz8new--57a3072c2f83,0054990b,register-indirect,005497c0,C:\Projects\Wizardry 8\Local Code\VideoObjectManager.cpp,221,VideoObjectsInitialized(),
wiz8--gog-1261--wiz8new--57a3072c2f83,00549995,direct,00549950,C:\Projects\Wizardry 8\Local Code\VideoObjectManager.cpp,221,VideoObjectsInitialized(),
wiz8--gog-1261--wiz8new--57a3072c2f83,00549a64,direct,00549950,C:\Projects\Wizardry 8\Local Code\Combat Sound.cpp,104,FileExists(zSoundFileName),
wiz8--gog-1261--wiz8new--57a3072c2f83,00549cae,register-indirect,00549b00,C:\Projects\Wizardry 8\Local Code\Combat Sound.cpp,227,(iRow == WPNSND_NUM_WEAPONS),Error reading the Attack Sounds portion of HitSounds.txt!
wiz8--gog-1261--wiz8new--57a3072c2f83,00549da4,register-indirect,00549b00,C:\Projects\Wizardry 8\Local Code\Combat Sound.cpp,254,(iRow >= 0) && (iRow < WPNSND_NUM_IMPACTS),"Error in HITSOUNDS.TXT file, bad row counter value"
wiz8--gog-1261--wiz8new--57a3072c2f83,00549dc6,register-indirect,00549b00,C:\Projects\Wizardry 8\Local Code\Combat Sound.cpp,255,(iColumn >= 0) && (iColumn < MATSND_NUM_SOUNDS),"Error in HITSOUNDS.TXT file, bad column counter value"
wiz8--gog-1261--wiz8new--57a3072c2f83,0054a00c,direct,00549e50,C:\Projects\Wizardry 8\Local Code\Combat Sound.cpp,168,FALSE,PCItemInACSlot: ERROR - Invalid AC location
wiz8--gog-1261--wiz8new--57a3072c2f83,0054a076,direct,00549e50,C:\Projects\Wizardry 8\Local Code\Combat Sound.cpp,415,FALSE,MakePCHitSound : Unknown target type
wiz8--gog-1261--wiz8new--57a3072c2f83,0054a175,direct,00549e50,C:\Projects\Wizardry 8\Local Code\Combat Sound.cpp,168,FALSE,PCItemInACSlot: ERROR - Invalid AC location
wiz8--gog-1261--wiz8new--57a3072c2f83,0054a1e0,direct,00549e50,C:\Projects\Wizardry 8\Local Code\Combat Sound.cpp,465,FALSE,MakePCHitSound : Unknown target type
wiz8--gog-1261--wiz8new--57a3072c2f83,0054a2fb,direct,00549e50,C:\Projects\Wizardry 8\Local Code\Combat Sound.cpp,168,FALSE,PCItemInACSlot: ERROR - Invalid AC location
wiz8--gog-1261--wiz8new--57a3072c2f83,0054a366,direct,00549e50,C:\Projects\Wizardry 8\Local Code\Combat Sound.cpp,504,FALSE,MakePCHitSound : Unknown target type
wiz8--gog-1261--wiz8new--57a3072c2f83,0054a8c3,direct,0054a760,C:\Projects\Wizardry 8\Local Code\GameplayDatabase.cpp,320,uiMonsterIndex < gXStatus.uiMonstersInDatabase,
wiz8--gog-1261--wiz8new--57a3072c2f83,0054a9ca,register-indirect,0054a760,C:\Projects\Wizardry 8\Local Code\GameplayDatabase.cpp,378,uiEndIndex < gXStatus.uiMonstersInDatabase,
wiz8--gog-1261--wiz8new--57a3072c2f83,0054a9e8,register-indirect,0054a760,C:\Projects\Wizardry 8\Local Code\GameplayDatabase.cpp,379,uiStartIndex <= uiEndIndex,
wiz8--gog-1261--wiz8new--57a3072c2f83,0054b95c,direct,0054b810,C:\Projects\Wizardry 8\Local Code\Configuration.cpp,217,FALSE,
wiz8--gog-1261--wiz8new--57a3072c2f83,0054bb51,direct,0054ba00,C:\Projects\Wizardry 8\Local Code\Magic Effects.cpp,3339,FALSE,
wiz8--gog-1261--wiz8new--57a3072c2f83,0054c067,direct,0054ba00,C:\Projects\Wizardry 8\Local Code\Magic Effects.cpp,450,SourceIsCharacter(&(pQueue->Source)),
wiz8--gog-1261--wiz8new--57a3072c2f83,0054c11c,register-indirect,0054ba00,C:\Projects\Wizardry 8\Local Code\Magic Effects.cpp,2186,iChar != -1,
wiz8--gog-1261--wiz8new--57a3072c2f83,0054c1db,direct,0054ba00,C:\Projects\Wizardry 8\Local Code\Magic Effects.cpp,2671,SourceIsCharacter(&(pQueue->Source)),
wiz8--gog-1261--wiz8new--57a3072c2f83,0054ca86,register-indirect,0054ba00,C:\Projects\Wizardry 8\Local Code\Magic Effects.cpp,700,pMonsterInfo,
wiz8--gog-1261--wiz8new--57a3072c2f83,0054cc8b,direct,0054cbf0,C:\Projects\Wizardry 8\Local Code\Magic Effects.cpp,793,fFound,
wiz8--gog-1261--wiz8new--57a3072c2f83,0054cd4b,direct,0054cbf0,C:\Projects\Wizardry 8\Local Code\Magic Effects.cpp,782,pMonsterInfo,
wiz8--gog-1261--wiz8new--57a3072c2f83,0054ce04,direct,0054cdd0,C:\Projects\Wizardry 8\Local Code\Magic Effects.cpp,809,gXStatus.fCombatMode,
wiz8--gog-1261--wiz8new--57a3072c2f83,0054ceb7,direct,0054cdd0,C:\Projects\Wizardry 8\Local Code\Magic Effects.cpp,863,fFound,
wiz8--gog-1261--wiz8new--57a3072c2f83,0054cfa8,direct,0054cdd0,C:\Projects\Wizardry 8\Local Code\Magic Effects.cpp,835,pMonsterInfo,
wiz8--gog-1261--wiz8new--57a3072c2f83,0054d122,direct,0054cdd0,C:\Projects\Wizardry 8\Local Code\Magic Effects.cpp,900,gXStatus.fCombatMode,
wiz8--gog-1261--wiz8new--57a3072c2f83,0054d28e,direct,0054cdd0,C:\Projects\Wizardry 8\Local Code\Magic Effects.cpp,936,pMonsterInfo,
wiz8--gog-1261--wiz8new--57a3072c2f83,0054d3ac,direct,0054d380,C:\Projects\Wizardry 8\Local Code\Magic Effects.cpp,965,gXStatus.fCombatMode,
wiz8--gog-1261--wiz8new--57a3072c2f83,0054d446,direct,0054d380,C:\Projects\Wizardry 8\Local Code\Magic Effects.cpp,1009,fFound,
wiz8--gog-1261--wiz8new--57a3072c2f83,0054d4fc,direct,0054d380,C:\Projects\Wizardry 8\Local Code\Magic Effects.cpp,985,pMonsterInfo,
wiz8--gog-1261--wiz8new--57a3072c2f83,0054d68f,direct,0054d5c0,C:\Projects\Wizardry 8\Local Code\Magic Effects.cpp,1036,iChar != -1,
wiz8--gog-1261--wiz8new--57a3072c2f83,0054d8cb,direct,0054d5c0,C:\Projects\Wizardry 8\Local Code\Magic Effects.cpp,1086,pMonsterInfo,
wiz8--gog-1261--wiz8new--57a3072c2f83,0054dcbb,direct,0054dbe0,C:\Projects\Wizardry 8\Local Code\Magic Effects.cpp,1215,iChar != -1,
wiz8--gog-1261--wiz8new--57a3072c2f83,0054de37,direct,0054dbe0,C:\Projects\Wizardry 8\Local Code\Magic Effects.cpp,1241,pMonsterInfo,
wiz8--gog-1261--wiz8new--57a3072c2f83,0054df86,direct,0054df00,C:\Projects\Wizardry 8\Local Code\Magic Effects.cpp,1281,iChar != -1,
wiz8--gog-1261--wiz8new--57a3072c2f83,0054e1f4,direct,0054df00,C:\Projects\Wizardry 8\Local Code\Magic Effects.cpp,1369,pMonsterInfo,
wiz8--gog-1261--wiz8new--57a3072c2f83,0054e497,direct,0054e3f0,C:\Projects\Wizardry 8\Local Code\Magic Effects.cpp,1458,iChar != -1,
wiz8--gog-1261--wiz8new--57a3072c2f83,0054e588,direct,0054e3f0,C:\Projects\Wizardry 8\Local Code\Magic Effects.cpp,1481,pMonsterInfo,
wiz8--gog-1261--wiz8new--57a3072c2f83,0054e688,direct,0054e610,C:\Projects\Wizardry 8\Local Code\Magic Effects.cpp,1518,(pQueue->Target.iType == TARGET_TYPE_CHAR),
wiz8--gog-1261--wiz8new--57a3072c2f83,0054e9d9,direct,0054e950,C:\Projects\Wizardry 8\Local Code\Magic Effects.cpp,1684,iChar != -1,
wiz8--gog-1261--wiz8new--57a3072c2f83,0054eb3c,direct,0054e950,C:\Projects\Wizardry 8\Local Code\Magic Effects.cpp,1709,pMonsterInfo,
wiz8--gog-1261--wiz8new--57a3072c2f83,0054ed0d,direct,0054ec80,C:\Projects\Wizardry 8\Local Code\Magic Effects.cpp,1768,iChar != -1,
wiz8--gog-1261--wiz8new--57a3072c2f83,0054ee9f,direct,0054ec80,C:\Projects\Wizardry 8\Local Code\Magic Effects.cpp,1797,pMonsterInfo,
wiz8--gog-1261--wiz8new--57a3072c2f83,0054f131,direct,0054ec80,C:\Projects\Wizardry 8\Local Code\Magic Effects.cpp,1849,pMonsterInfo,
wiz8--gog-1261--wiz8new--57a3072c2f83,0054f206,direct,0054ec80,C:\Projects\Wizardry 8\Local Code\Magic Effects.cpp,1886,iChar != -1,
wiz8--gog-1261--wiz8new--57a3072c2f83,0054f33b,direct,0054ec80,C:\Projects\Wizardry 8\Local Code\Magic Effects.cpp,1918,pMonsterInfo,
wiz8--gog-1261--wiz8new--57a3072c2f83,0054f588,direct,0054f520,C:\Projects\Wizardry 8\Local Code\Magic Effects.cpp,2017,iChar != -1,
wiz8--gog-1261--wiz8new--57a3072c2f83,0054f6d1,direct,0054f520,C:\Projects\Wizardry 8\Local Code\Magic Effects.cpp,2049,pMonsterInfo,
wiz8--gog-1261--wiz8new--57a3072c2f83,0054f903,register-indirect,0054f8c0,C:\Projects\Wizardry 8\Local Code\Magic Effects.cpp,2147,iChar != -1,
wiz8--gog-1261--wiz8new--57a3072c2f83,0054f9c7,register-indirect,0054f8c0,C:\Projects\Wizardry 8\Local Code\Magic Effects.cpp,2162,pMonsterInfo,
wiz8--gog-1261--wiz8new--57a3072c2f83,0054fb1d,direct,0054fa30,C:\Projects\Wizardry 8\Local Code\Magic Effects.cpp,2250,iChar != -1,
wiz8--gog-1261--wiz8new--57a3072c2f83,0054fd6b,direct,0054fa30,C:\Projects\Wizardry 8\Local Code\Magic Effects.cpp,2312,pMonsterInfo,
wiz8--gog-1261--wiz8new--57a3072c2f83,0055031c,direct,005500c0,C:\Projects\Wizardry 8\Local Code\Magic Effects.cpp,2572,pGroup,
wiz8--gog-1261--wiz8new--57a3072c2f83,005503f5,direct,005500c0,C:\Projects\Wizardry 8\Local Code\Magic Effects.cpp,4060,pMonsterInfo,
wiz8--gog-1261--wiz8new--57a3072c2f83,0055046a,direct,005500c0,C:\Projects\Wizardry 8\Local Code\Magic Effects.cpp,4060,pMonsterInfo,
wiz8--gog-1261--wiz8new--57a3072c2f83,00550729,direct,005500c0,C:\Projects\Wizardry 8\Local Code\Magic Effects.cpp,3339,FALSE,
wiz8--gog-1261--wiz8new--57a3072c2f83,005507fc,direct,005507d0,C:\Projects\Wizardry 8\Local Code\Magic Effects.cpp,2685,SourceIsCharacter(&(pQueue->Source)),
wiz8--gog-1261--wiz8new--57a3072c2f83,0055092e,register-indirect,005507d0,C:\Projects\Wizardry 8\Local Code\Magic Effects.cpp,2729,SourceIsCharacter(&(pQueue->Source)),
wiz8--gog-1261--wiz8new--57a3072c2f83,00550955,register-indirect,005507d0,C:\Projects\Wizardry 8\Local Code\Magic Effects.cpp,2730,pQueue->Target.iType == TARGET_TYPE_MONSTER,
wiz8--gog-1261--wiz8new--57a3072c2f83,00550a30,register-indirect,00550a00,C:\Projects\Wizardry 8\Local Code\Magic Effects.cpp,2766,pQueue->Target.iType == TARGET_TYPE_MONSTER,
wiz8--gog-1261--wiz8new--57a3072c2f83,00550a4f,register-indirect,00550a00,C:\Projects\Wizardry 8\Local Code\Magic Effects.cpp,2767,pQueue->Target.iMonsterID != -1,
wiz8--gog-1261--wiz8new--57a3072c2f83,00550c7b,direct,00550c10,C:\Projects\Wizardry 8\Local Code\Magic Effects.cpp,2847,iChar != -1,
wiz8--gog-1261--wiz8new--57a3072c2f83,00550e03,direct,00550c10,C:\Projects\Wizardry 8\Local Code\Magic Effects.cpp,2874,pMonsterInfo,
wiz8--gog-1261--wiz8new--57a3072c2f83,00551130,direct,005510b0,C:\Projects\Wizardry 8\Local Code\Magic Effects.cpp,2998,iChar != -1,
wiz8--gog-1261--wiz8new--57a3072c2f83,00551956,direct,00551500,C:\Projects\Wizardry 8\Local Code\Magic Effects.cpp,3339,FALSE,
wiz8--gog-1261--wiz8new--57a3072c2f83,00552147,register-indirect,00551eb0,C:\Projects\Wizardry 8\Local Code\Magic Effects.cpp,3791,pTarget->iType == TARGET_TYPE_CHAR,
wiz8--gog-1261--wiz8new--57a3072c2f83,00552163,register-indirect,00551eb0,C:\Projects\Wizardry 8\Local Code\Magic Effects.cpp,3792,pTarget->iChar != BAD_INDEX,
wiz8--gog-1261--wiz8new--57a3072c2f83,005527fc,direct,005526f0,C:\Projects\Wizardry 8\Local Code\Magic Effects.cpp,4463,0,
wiz8--gog-1261--wiz8new--57a3072c2f83,00553092,direct,00552ef0,C:\Projects\Wizardry 8\Local Code\Magic Effects.cpp,4519,pMonsterInfo,
wiz8--gog-1261--wiz8new--57a3072c2f83,005539cd,direct,00553770,C:\Projects\Wizardry 8\Local Code\Magic Effects.cpp,4746,0,
wiz8--gog-1261--wiz8new--57a3072c2f83,005547fd,direct,005545f0,C:\Projects\Wizardry 8\Local Code\Formation & Facing.cpp,190,bQuadrantSlot != -1,
wiz8--gog-1261--wiz8new--57a3072c2f83,005548d6,direct,005545f0,C:\Projects\Wizardry 8\Local Code\Formation & Facing.cpp,225,bQuadrantSlot != -1,
wiz8--gog-1261--wiz8new--57a3072c2f83,00554a3a,direct,005545f0,C:\Projects\Wizardry 8\Local Code\Formation & Facing.cpp,258,gXStatus.fCombatMode,
wiz8--gog-1261--wiz8new--57a3072c2f83,00554a7a,direct,005545f0,C:\Projects\Wizardry 8\Local Code\Formation & Facing.cpp,266,gXStatus.fCombatMode,
wiz8--gog-1261--wiz8new--57a3072c2f83,00554b5a,direct,005545f0,C:\Projects\Wizardry 8\Local Code\Formation & Facing.cpp,370,iChar == -1,
wiz8--gog-1261--wiz8new--57a3072c2f83,00554ba8,direct,005545f0,C:\Projects\Wizardry 8\Local Code\Formation & Facing.cpp,345,iChar != -1,
wiz8--gog-1261--wiz8new--57a3072c2f83,00554c18,direct,005545f0,C:\Projects\Wizardry 8\Local Code\Formation & Facing.cpp,398,pFormation->bOccupantChar[bOldQuadrant][bOldSlot] != -1,
wiz8--gog-1261--wiz8new--57a3072c2f83,00554c3a,direct,005545f0,C:\Projects\Wizardry 8\Local Code\Formation & Facing.cpp,399,pFormation->ubQuadrantOccupants[bOldQuadrant] > 0,
wiz8--gog-1261--wiz8new--57a3072c2f83,00554c86,direct,005545f0,C:\Projects\Wizardry 8\Local Code\Formation & Facing.cpp,413,pFormation->bOccupantChar[bNewQuadrant][bNewSlot] == -1,
wiz8--gog-1261--wiz8new--57a3072c2f83,00554ca7,direct,005545f0,C:\Projects\Wizardry 8\Local Code\Formation & Facing.cpp,414,pFormation->ubQuadrantOccupants[bNewQuadrant] < MAX_CHARS_PER_QUADRANT,
wiz8--gog-1261--wiz8new--57a3072c2f83,00554f1a,direct,005545f0,C:\Projects\Wizardry 8\Local Code\Formation & Facing.cpp,370,iChar == -1,
wiz8--gog-1261--wiz8new--57a3072c2f83,00554f72,direct,005545f0,C:\Projects\Wizardry 8\Local Code\Formation & Facing.cpp,345,iChar != -1,
wiz8--gog-1261--wiz8new--57a3072c2f83,00554fff,direct,005545f0,C:\Projects\Wizardry 8\Local Code\Formation & Facing.cpp,370,iChar == -1,
wiz8--gog-1261--wiz8new--57a3072c2f83,00555055,direct,005545f0,C:\Projects\Wizardry 8\Local Code\Formation & Facing.cpp,345,iChar != -1,
wiz8--gog-1261--wiz8new--57a3072c2f83,005550c2,direct,005545f0,C:\Projects\Wizardry 8\Local Code\Formation & Facing.cpp,370,iChar == -1,
wiz8--gog-1261--wiz8new--57a3072c2f83,0055510d,direct,005545f0,C:\Projects\Wizardry 8\Local Code\Formation & Facing.cpp,345,iChar != -1,
wiz8--gog-1261--wiz8new--57a3072c2f83,00555197,direct,00555160,C:\Projects\Wizardry 8\Local Code\Formation & Facing.cpp,662,uiChar1 != uiChar2,
wiz8--gog-1261--wiz8new--57a3072c2f83,00555251,direct,00555160,C:\Projects\Wizardry 8\Local Code\Formation & Facing.cpp,370,iChar == -1,
wiz8--gog-1261--wiz8new--57a3072c2f83,0055529c,direct,00555160,C:\Projects\Wizardry 8\Local Code\Formation & Facing.cpp,345,iChar != -1,
wiz8--gog-1261--wiz8new--57a3072c2f83,00555594,direct,0055557a,C:\Projects\Wizardry 8\Local Code\Formation & Facing.cpp,826,pTarget->iChar != BAD_INDEX,
wiz8--gog-1261--wiz8new--57a3072c2f83,005555ef,register-indirect,0055557a,C:\Projects\Wizardry 8\Local Code\Formation & Facing.cpp,831,pTarget->iMonsterID != BAD_INDEX,
wiz8--gog-1261--wiz8new--57a3072c2f83,005556a6,register-indirect,0055557a,C:\Projects\Wizardry 8\Local Code\Formation & Facing.cpp,1110,FALSE,
wiz8--gog-1261--wiz8new--57a3072c2f83,0055577e,direct,0055557a,C:\Projects\Wizardry 8\Local Code\Formation & Facing.cpp,1110,FALSE,
wiz8--gog-1261--wiz8new--57a3072c2f83,00555901,direct,00555820,C:\Projects\Wizardry 8\Local Code\Formation & Facing.cpp,1110,FALSE,
wiz8--gog-1261--wiz8new--57a3072c2f83,00555a39,direct,00555960,C:\Projects\Wizardry 8\Local Code\Formation & Facing.cpp,1110,FALSE,
wiz8--gog-1261--wiz8new--57a3072c2f83,00555d41,direct,00555c60,C:\Projects\Wizardry 8\Local Code\Formation & Facing.cpp,1110,FALSE,
wiz8--gog-1261--wiz8new--57a3072c2f83,00555eae,register-indirect,00555c60,C:\Projects\Wizardry 8\Local Code\Formation & Facing.cpp,1037,bSourceQuadrant != -1,
wiz8--gog-1261--wiz8new--57a3072c2f83,00556264,direct,005560a0,C:\Projects\Wizardry 8\Local Code\GroupAttacks.cpp,220,iTargetChar != BAD_INDEX,
wiz8--gog-1261--wiz8new--57a3072c2f83,00556615,direct,005560a0,C:\Projects\Wizardry 8\Local Code\GroupAttacks.cpp,361,iTargetMonsterID != BAD_INDEX,
wiz8--gog-1261--wiz8new--57a3072c2f83,00556b99,direct,005560a0,C:\Projects\Wizardry 8\Local Code\GroupAttacks.cpp,600,pGroup,
wiz8--gog-1261--wiz8new--57a3072c2f83,00557a10,direct,00557890,C:\Projects\Wizardry 8\Local Code\CharGeneration.cpp,896,iModifier < 0,
wiz8--gog-1261--wiz8new--57a3072c2f83,00557bef,direct,00557b20,C:\Projects\Wizardry 8\Local Code\CharGeneration.cpp,1096,iModifier < 0,
wiz8--gog-1261--wiz8new--57a3072c2f83,005587e9,direct,005586b0,C:\Projects\Wizardry 8\Local Code\ButtonSound.cpp,93,giSchemeStackTop < SCHEME_STACK_SIZE,
wiz8--gog-1261--wiz8new--57a3072c2f83,00559357,register-indirect,005592d0,C:\Projects\Wizardry 8\Local Code\Party Import.cpp,1122,FALSE,ConvertAttribute: ERROR - Invalid attribute
wiz8--gog-1261--wiz8new--57a3072c2f83,005593b4,register-indirect,005592d0,C:\Projects\Wizardry 8\Local Code\Party Import.cpp,1122,FALSE,ConvertAttribute: ERROR - Invalid attribute
wiz8--gog-1261--wiz8new--57a3072c2f83,00559ccf,register-indirect,00559650,C:\Projects\Wizardry 8\Local Code\Party Import.cpp,1203,FALSE,ConvertSkill: ERROR - Invalid skill
wiz8--gog-1261--wiz8new--57a3072c2f83,0055bee5,register-indirect,0055be80,C:\Projects\Wizardry 8\Local Code\chunk.cpp,496,pHead,
wiz8--gog-1261--wiz8new--57a3072c2f83,0055c059,direct,0055c000,C:\Projects\Wizardry 8\Local Code\chunk.cpp,496,pHead,
wiz8--gog-1261--wiz8new--57a3072c2f83,0055c0d9,direct,0055c080,C:\Projects\Wizardry 8\Local Code\chunk.cpp,496,pHead,
wiz8--gog-1261--wiz8new--57a3072c2f83,0055c175,direct,0055c100,C:\Projects\Wizardry 8\Local Code\chunk.cpp,669,m_fWriting,
wiz8--gog-1261--wiz8new--57a3072c2f83,0055c216,register-indirect,0055c1e0,C:\Projects\Wizardry 8\Local Code\chunk.cpp,516,pHead,
wiz8--gog-1261--wiz8new--57a3072c2f83,0055c3b2,direct,0055c390,C:\Projects\Wizardry 8\Local Code\chunk.cpp,310,pHead,
wiz8--gog-1261--wiz8new--57a3072c2f83,0055c44a,register-indirect,0055c3f0,C:\Projects\Wizardry 8\Local Code\chunk.cpp,389,pHead,
wiz8--gog-1261--wiz8new--57a3072c2f83,0055c4a6,register-indirect,0055c3f0,C:\Projects\Wizardry 8\Local Code\chunk.cpp,669,m_fWriting,
wiz8--gog-1261--wiz8new--57a3072c2f83,0055c4e9,register-indirect,0055c3f0,C:\Projects\Wizardry 8\Local Code\chunk.cpp,669,m_fWriting,
wiz8--gog-1261--wiz8new--57a3072c2f83,0055c60d,direct,0055c5a0,C:\Projects\Wizardry 8\Local Code\chunk.cpp,669,m_fWriting,
wiz8--gog-1261--wiz8new--57a3072c2f83,0055c67f,direct,0055c5a0,C:\Projects\Wizardry 8\Local Code\chunk.cpp,496,pHead,
wiz8--gog-1261--wiz8new--57a3072c2f83,0055c6af,direct,0055c5a0,C:\Projects\Wizardry 8\Local Code\chunk.cpp,516,pHead,
wiz8--gog-1261--wiz8new--57a3072c2f83,0055c715,register-indirect,0055c6d0,C:\Projects\Wizardry 8\Local Code\chunk.cpp,553,pHead,
wiz8--gog-1261--wiz8new--57a3072c2f83,0055c73d,register-indirect,0055c6d0,C:\Projects\Wizardry 8\Local Code\chunk.cpp,557,chunkID!=0,
wiz8--gog-1261--wiz8new--57a3072c2f83,0055c76c,register-indirect,0055c6d0,C:\Projects\Wizardry 8\Local Code\chunk.cpp,669,m_fWriting,
wiz8--gog-1261--wiz8new--57a3072c2f83,0055c79c,register-indirect,0055c6d0,C:\Projects\Wizardry 8\Local Code\chunk.cpp,669,m_fWriting,
wiz8--gog-1261--wiz8new--57a3072c2f83,0055c7cc,register-indirect,0055c6d0,C:\Projects\Wizardry 8\Local Code\chunk.cpp,669,m_fWriting,
wiz8--gog-1261--wiz8new--57a3072c2f83,0055c7ff,register-indirect,0055c6d0,C:\Projects\Wizardry 8\Local Code\chunk.cpp,669,m_fWriting,
wiz8--gog-1261--wiz8new--57a3072c2f83,0055c847,register-indirect,0055c6d0,C:\Projects\Wizardry 8\Local Code\chunk.cpp,640,!m_fWriting,
wiz8--gog-1261--wiz8new--57a3072c2f83,0055c87a,register-indirect,0055c6d0,C:\Projects\Wizardry 8\Local Code\chunk.cpp,640,!m_fWriting,
wiz8--gog-1261--wiz8new--57a3072c2f83,0055c8ad,register-indirect,0055c6d0,C:\Projects\Wizardry 8\Local Code\chunk.cpp,640,!m_fWriting,
wiz8--gog-1261--wiz8new--57a3072c2f83,0055c9b2,direct,0055c930,C:\Projects\Wizardry 8\Local Code\chunk.cpp,669,m_fWriting,
wiz8--gog-1261--wiz8new--57a3072c2f83,0055ca3c,direct,0055c930,C:\Projects\Wizardry 8\Local Code\chunk.cpp,640,!m_fWriting,
wiz8--gog-1261--wiz8new--57a3072c2f83,0055ca9c,direct,0055c930,C:\Projects\Wizardry 8\Local Code\chunk.cpp,669,m_fWriting,
wiz8--gog-1261--wiz8new--57a3072c2f83,0055cb7f,direct,0055c930,C:\Projects\Wizardry 8\Local Code\chunk.cpp,771,pHead,
wiz8--gog-1261--wiz8new--57a3072c2f83,0055d84a,direct,0055d800,C:\Projects\Wizardry 8\Local Code\InputMapper.cpp,478,hFile,
wiz8--gog-1261--wiz8new--57a3072c2f83,0055f09c,direct,0055ebb0,C:\Projects\Wizardry 8\Local Screens\Screens.cpp,397,gXStatus.iCurrentCursor != -1,
wiz8--gog-1261--wiz8new--57a3072c2f83,00560637,direct,0055f800,C:\Projects\Wizardry 8\Local Screens\MainGameScreen.cpp,4167,iNextChar != BAD_INDEX,
wiz8--gog-1261--wiz8new--57a3072c2f83,00567ad8,direct,00567800,C:\Projects\Wizardry 8\Local Screens\MainGameScreen.cpp,5851,gStatus.iSelectedCharacter != -1,
wiz8--gog-1261--wiz8new--57a3072c2f83,0056b164,direct,0056a5d0,C:\Projects\Wizardry 8\Local Screens\MainGameScreen.cpp,8317,FALSE,Error with handling main game action keyboard equivalent
wiz8--gog-1261--wiz8new--57a3072c2f83,0056b1c4,direct,0056a5d0,C:\Projects\Wizardry 8\Local Screens\MainGameScreen.cpp,8362,iActionState != -1,Error with handling main game action keyboard equivalent
wiz8--gog-1261--wiz8new--57a3072c2f83,0056b44f,direct,0056a5d0,C:\Projects\Wizardry 8\Local Screens\MainGameScreen.cpp,8529,FALSE,Error executing main game screen action
wiz8--gog-1261--wiz8new--57a3072c2f83,00579a22,direct,005792b2,C:\Projects\Wizardry 8\Local Screens\mipe.cpp,1765,pMonsterInfo && pMonsterInfo->p3D,
wiz8--gog-1261--wiz8new--57a3072c2f83,00579ad5,register-indirect,005792b2,C:\Projects\Wizardry 8\Local Screens\mipe.cpp,1797,pMonsterInfo,
wiz8--gog-1261--wiz8new--57a3072c2f83,00579af1,register-indirect,005792b2,C:\Projects\Wizardry 8\Local Screens\mipe.cpp,1799,pMonster,
wiz8--gog-1261--wiz8new--57a3072c2f83,0057aac3,direct,0057a800,C:\Projects\Wizardry 8\Local Screens\mipe.cpp,2596,pMongen,mipe.cpp: Out of memory creating monster generator
wiz8--gog-1261--wiz8new--57a3072c2f83,0057d843,direct,0057d5be,C:\Projects\Wizardry 8\Local Screens\mipe.cpp,3749,pTempMonsterDB,
wiz8--gog-1261--wiz8new--57a3072c2f83,0057d891,direct,0057d5be,C:\Projects\Wizardry 8\Local Screens\mipe.cpp,3755,pMonRec,
wiz8--gog-1261--wiz8new--57a3072c2f83,0057de84,direct,0057d5be,C:\Projects\Wizardry 8\Local Screens\mipe.cpp,4330,pMonsterInfo,
wiz8--gog-1261--wiz8new--57a3072c2f83,0057df58,direct,0057d5be,C:\Projects\Wizardry 8\Local Screens\mipe.cpp,4366,pMonsterInfo,
wiz8--gog-1261--wiz8new--57a3072c2f83,00581808,direct,00581460,C:\Projects\Wizardry 8\Local Screens\AutomapScreen.cpp,2229,gpAMSV,
wiz8--gog-1261--wiz8new--57a3072c2f83,00583bfb,direct,005839d0,C:\Projects\Wizardry 8\Local Screens\AutomapScreen.cpp,3333,gpstAutomapButtons,
wiz8--gog-1261--wiz8new--57a3072c2f83,0058ac6b,direct,0058a8c0,C:\Projects\Wizardry 8\Local Screens\MGSTextBox.cpp,348,uiFontPaletteIndex <= FONT_PALETTE_COUNT,
wiz8--gog-1261--wiz8new--57a3072c2f83,0058b396,direct,0058af60,C:\Projects\Wizardry 8\Local Screens\MGSTextBox.cpp,547,pTextLine->wString != NULL,
wiz8--gog-1261--wiz8new--57a3072c2f83,0058b431,direct,0058af60,C:\Projects\Wizardry 8\Local Screens\MGSTextBox.cpp,583,ubStopChar >= ubStartChar,
wiz8--gog-1261--wiz8new--57a3072c2f83,0058b4b6,direct,0058af60,C:\Projects\Wizardry 8\Local Screens\MGSTextBox.cpp,609,gStatus.uiTextBoxLinesUsed[iTextBuffer] > 0,
wiz8--gog-1261--wiz8new--57a3072c2f83,0058b4f9,direct,0058af60,C:\Projects\Wizardry 8\Local Screens\MGSTextBox.cpp,611,pTextLine->wString != NULL,
wiz8--gog-1261--wiz8new--57a3072c2f83,0058b54c,direct,0058af60,C:\Projects\Wizardry 8\Local Screens\MGSTextBox.cpp,631,gStatus.uiTextBoxLinesUsed[iTextBuffer] >= 2,
wiz8--gog-1261--wiz8new--57a3072c2f83,0058b624,direct,0058af60,C:\Projects\Wizardry 8\Local Screens\MGSTextBox.cpp,677,gStatus.uiTextBoxLinesShown[iTextBuffer] < MAX_TEXT_BOX_LINES,
wiz8--gog-1261--wiz8new--57a3072c2f83,0058c685,direct,0058c060,C:\Projects\Wizardry 8\Local Screens\MGSTextBox.cpp,1085,pTextLine->wString != NULL,
wiz8--gog-1261--wiz8new--57a3072c2f83,0058d2dd,direct,0058cc10,C:\Projects\Wizardry 8\Local Screens\MGSTextBox.cpp,1412,pTextLine->wString != NULL,
wiz8--gog-1261--wiz8new--57a3072c2f83,0058d4e7,direct,0058cc10,C:\Projects\Wizardry 8\Local Screens\MGSTextBox.cpp,1498,pTextLine->ubStopChar >= pTextLine->ubStartChar,
wiz8--gog-1261--wiz8new--57a3072c2f83,0058d5f5,direct,0058cc10,C:\Projects\Wizardry 8\Local Screens\MGSTextBox.cpp,1519,wcslen(pTextLine->wString) >= pTextLine->ubStopChar,
wiz8--gog-1261--wiz8new--57a3072c2f83,005906c7,direct,005905f0,C:\Projects\Wizardry 8\Local Screens\MGSTextBox.cpp,3986,gStatus.uiTextBoxLinesUsed[iTextBuffer] > 0,
wiz8--gog-1261--wiz8new--57a3072c2f83,00590709,direct,005905f0,C:\Projects\Wizardry 8\Local Screens\MGSTextBox.cpp,3988,pTextLine->wString != NULL,
wiz8--gog-1261--wiz8new--57a3072c2f83,00590839,direct,005905f0,C:\Projects\Wizardry 8\Local Screens\MGSTextBox.cpp,4009,gStatus.uiTextBoxLinesShown[iTextBuffer] > 0,
wiz8--gog-1261--wiz8new--57a3072c2f83,005908be,direct,005905f0,C:\Projects\Wizardry 8\Local Screens\MGSTextBox.cpp,4029,pTextLine->wString != NULL,
wiz8--gog-1261--wiz8new--57a3072c2f83,00590c5e,direct,005905f0,C:\Projects\Wizardry 8\Local Screens\MGSTextBox.cpp,4254,gStatus.uiTextBoxLinesUsed[iTextBuffer] > 0,
wiz8--gog-1261--wiz8new--57a3072c2f83,00590ca2,direct,005905f0,C:\Projects\Wizardry 8\Local Screens\MGSTextBox.cpp,4262,uiLastLineIndex >= uiGroupLine,
wiz8--gog-1261--wiz8new--57a3072c2f83,00590cec,direct,005905f0,C:\Projects\Wizardry 8\Local Screens\MGSTextBox.cpp,4269,pTextLine->wString != NULL,
wiz8--gog-1261--wiz8new--57a3072c2f83,00591343,register-indirect,005905f0,C:\Projects\Wizardry 8\Local Screens\PleaseWaitScreen.cpp,279,fVerify,
wiz8--gog-1261--wiz8new--57a3072c2f83,00591391,register-indirect,005905f0,C:\Projects\Wizardry 8\Local Screens\PleaseWaitScreen.cpp,293,fVerify,
wiz8--gog-1261--wiz8new--57a3072c2f83,005913c1,register-indirect,005905f0,C:\Projects\Wizardry 8\Local Screens\PleaseWaitScreen.cpp,296,fVerify,
wiz8--gog-1261--wiz8new--57a3072c2f83,0059149c,register-indirect,005905f0,C:\Projects\Wizardry 8\Local Screens\PleaseWaitScreen.cpp,320,fVerify,
wiz8--gog-1261--wiz8new--57a3072c2f83,005914d1,register-indirect,005905f0,C:\Projects\Wizardry 8\Local Screens\PleaseWaitScreen.cpp,332,GetWorld(),
wiz8--gog-1261--wiz8new--57a3072c2f83,005963fa,direct,00595fe0,C:\Projects\Wizardry 8\Local Screens\MGSButtons.cpp,1615,gpSubMenuPanel,
wiz8--gog-1261--wiz8new--57a3072c2f83,0059b9c5,direct,0059b940,C:\Projects\Wizardry 8\Local Screens\MGSPortraits.cpp,2272,gpLevelButtonsPanel,
wiz8--gog-1261--wiz8new--57a3072c2f83,0059ba70,direct,0059b940,C:\Projects\Wizardry 8\Local Screens\MGSPortraits.cpp,2295,gpLevelButtons[uiSlot],
wiz8--gog-1261--wiz8new--57a3072c2f83,0059bcd6,direct,0059bc10,C:\Projects\Wizardry 8\Local Screens\MGSPortraits.cpp,2440,fCHAR_OCCUPIED(giLevelUpChar),
wiz8--gog-1261--wiz8new--57a3072c2f83,0059be35,direct,0059bdb0,C:\Projects\Wizardry 8\Local Screens\MGSPortraits.cpp,2523,gpConditionButtonsPanel,
wiz8--gog-1261--wiz8new--57a3072c2f83,0059beee,direct,0059bdb0,C:\Projects\Wizardry 8\Local Screens\MGSPortraits.cpp,2540,gpConditionButtons[uiSlot],
wiz8--gog-1261--wiz8new--57a3072c2f83,0059bfda,direct,0059bf70,C:\Projects\Wizardry 8\Local Screens\MGSPortraits.cpp,2572,gConfig.uiCurrentLayout != LAYOUT_NORMAL,
wiz8--gog-1261--wiz8new--57a3072c2f83,0059cd20,register-indirect,0059cc40,C:\Projects\Wizardry 8\Local Screens\MGSUseItemSelect.cpp,496,!gXStatus.fCombatMode,
wiz8--gog-1261--wiz8new--57a3072c2f83,0059cd89,register-indirect,0059cc40,C:\Projects\Wizardry 8\Local Screens\MGSUseItemSelect.cpp,510,giReuseItemLineNumber != -1,
wiz8--gog-1261--wiz8new--57a3072c2f83,0059ce2b,register-indirect,0059cc40,C:\Projects\Wizardry 8\Local Screens\MGSUseItemSelect.cpp,534,!gXStatus.fCombatMode,
wiz8--gog-1261--wiz8new--57a3072c2f83,0059ce89,register-indirect,0059cc40,C:\Projects\Wizardry 8\Local Screens\MGSUseItemSelect.cpp,545,giReuseItemLineNumber != -1,
wiz8--gog-1261--wiz8new--57a3072c2f83,0059dde1,register-indirect,0059ddc0,C:\Projects\Wizardry 8\Local Screens\MGSUseItemSelect.cpp,1565,iTextLine >= 0,
wiz8--gog-1261--wiz8new--57a3072c2f83,0059ddff,register-indirect,0059ddc0,C:\Projects\Wizardry 8\Local Screens\MGSUseItemSelect.cpp,1566,iTextLine < (INT32) guiNumItemsInList,
wiz8--gog-1261--wiz8new--57a3072c2f83,0059e12b,direct,0059dfa0,C:\Projects\Wizardry 8\Local Screens\MGSUseItemSelect.cpp,1729,giUseItemChar != BAD_INDEX,
wiz8--gog-1261--wiz8new--57a3072c2f83,0059f910,register-indirect,0059f660,C:\Projects\Wizardry 8\Local Screens\MGSSpellCasting.cpp,824,gpSCSV->uiSpellToCast != SPELL_NONE,
wiz8--gog-1261--wiz8new--57a3072c2f83,0059f9f0,direct,0059f660,C:\Projects\Wizardry 8\Local Screens\MGSSpellCasting.cpp,771,gpSCSV->uiSpellToCast != SPELL_NONE,
wiz8--gog-1261--wiz8new--57a3072c2f83,0059ffce,register-indirect,0059fad0,C:\Projects\Wizardry 8\Local Screens\MGSSpellCasting.cpp,991,uiSpellIndex <= gpSCSV->uiSpellsInList,
wiz8--gog-1261--wiz8new--57a3072c2f83,005a0014,register-indirect,0059fad0,C:\Projects\Wizardry 8\Local Screens\MGSSpellCasting.cpp,1009,bAltColor != -1,
wiz8--gog-1261--wiz8new--57a3072c2f83,005a009e,register-indirect,005a0040,C:\Projects\Wizardry 8\Local Screens\MGSSpellCasting.cpp,1030,iSpellIndex >= 0,
wiz8--gog-1261--wiz8new--57a3072c2f83,005a00c2,register-indirect,005a0040,C:\Projects\Wizardry 8\Local Screens\MGSSpellCasting.cpp,1031,iSpellIndex <= (INT32) gpSCSV->uiSpellsInList,
wiz8--gog-1261--wiz8new--57a3072c2f83,005a11ef,direct,005a0270,C:\Projects\Wizardry 8\Local Screens\MGSSpellCasting.cpp,2100,iSpellPowerClass != BAD_INDEX,
wiz8--gog-1261--wiz8new--57a3072c2f83,005a19d6,register-indirect,005a1640,C:\Projects\Wizardry 8\Local Screens\MGSPartyMovement.cpp,246,gXStatus.fCombatMode,
wiz8--gog-1261--wiz8new--57a3072c2f83,005a1a0e,register-indirect,005a1640,C:\Projects\Wizardry 8\Local Screens\MGSPartyMovement.cpp,251,((gpCombat->uiCurrentPartyAction != PARTY_ACTION_NONE) && (gpCombat->uiCurrentPartyActionStatus != ACTION_STATUS_FINISHED)) || (gpCombat->uiNextPartyAction != PARTY_ACTION_NONE),
wiz8--gog-1261--wiz8new--57a3072c2f83,005a1f98,direct,005a1640,C:\Projects\Wizardry 8\Local Screens\MGSPartyMovement.cpp,681,FALSE,HandlePartyMovement: ERROR - Invalid load category
wiz8--gog-1261--wiz8new--57a3072c2f83,005a38e4,direct,005a3060,C:\Projects\Wizardry 8\Local Screens\ReviewCharacterScreen.cpp,367,fFoundEquipChar,
wiz8--gog-1261--wiz8new--57a3072c2f83,005a4ca8,register-indirect,005a4c70,C:\Projects\Wizardry 8\Local Screens\ReviewCharacterScreen.cpp,1253,pPCItem != NULL,
wiz8--gog-1261--wiz8new--57a3072c2f83,005a4cc7,register-indirect,005a4c70,C:\Projects\Wizardry 8\Local Screens\ReviewCharacterScreen.cpp,1254,uiSlotType < SLOT_TYPE_COUNT,
wiz8--gog-1261--wiz8new--57a3072c2f83,005a8f14,direct,005a8ed0,C:\Projects\Wizardry 8\Local Screens\OptionsScreen.cpp,1481,m_pMenuSet,
wiz8--gog-1261--wiz8new--57a3072c2f83,005ae675,direct,005ae040,C:\Projects\Wizardry 8\Local Screens\IntroScreen.cpp,98,gpVideo,
wiz8--gog-1261--wiz8new--57a3072c2f83,005aee2a,direct,005aec70,C:\Projects\Wizardry 8\Local Screens\MGSSpellIcons.cpp,348,pText,
wiz8--gog-1261--wiz8new--57a3072c2f83,005af39a,direct,005aefc0,C:\Projects\Wizardry 8\Local Screens\MGSSpellIcons.cpp,737,pText,
wiz8--gog-1261--wiz8new--57a3072c2f83,005af4b0,direct,005aefc0,C:\Projects\Wizardry 8\Local Screens\MGSSpellIcons.cpp,781,pText,
wiz8--gog-1261--wiz8new--57a3072c2f83,005b4885,register-indirect,005b34a0,C:\Projects\Wizardry 8\Local Screens\RCSCommon.cpp,883,gpReviewPC->uiHPMax,
wiz8--gog-1261--wiz8new--57a3072c2f83,005b48c3,register-indirect,005b34a0,C:\Projects\Wizardry 8\Local Screens\RCSCommon.cpp,887,gpReviewPC->uiStaminaMax,
wiz8--gog-1261--wiz8new--57a3072c2f83,005b648c,register-indirect,005b6400,C:\Projects\Wizardry 8\Local Screens\RCSCommon.cpp,2126,gpLevelUpPanel,
wiz8--gog-1261--wiz8new--57a3072c2f83,005b64ff,register-indirect,005b6400,C:\Projects\Wizardry 8\Local Screens\RCSCommon.cpp,2130,gpLevelUpButton,
wiz8--gog-1261--wiz8new--57a3072c2f83,005b665c,direct,005b6540,C:\Projects\Wizardry 8\Local Screens\RCSCommon.cpp,2184,fCHAR_OCCUPIED(giReviewCharSlot),
wiz8--gog-1261--wiz8new--57a3072c2f83,005b67cc,register-indirect,005b6740,C:\Projects\Wizardry 8\Local Screens\RCSCommon.cpp,2255,gpDismissPanel,
wiz8--gog-1261--wiz8new--57a3072c2f83,005b683f,register-indirect,005b6740,C:\Projects\Wizardry 8\Local Screens\RCSCommon.cpp,2259,gpDismissButton,
wiz8--gog-1261--wiz8new--57a3072c2f83,005b697b,direct,005b6880,C:\Projects\Wizardry 8\Local Screens\RCSCommon.cpp,2314,fCHAR_OCCUPIED(giReviewCharSlot),
wiz8--gog-1261--wiz8new--57a3072c2f83,005b6d4f,direct,005b6880,C:\Projects\Wizardry 8\Local Screens\RCSCommon.cpp,2476,gStatus.XChar[uiSlot].fOccupied,
wiz8--gog-1261--wiz8new--57a3072c2f83,005b9ff9,direct,005b9fd0,C:\Projects\Wizardry 8\Local Screens\RCSItemsPage.cpp,1348,FALSE,Info toggle error
wiz8--gog-1261--wiz8new--57a3072c2f83,005ba764,register-indirect,005ba2b0,C:\Projects\Wizardry 8\Local Screens\RCSItemsPage.cpp,1640,giCasterCharSlot >= 0,
wiz8--gog-1261--wiz8new--57a3072c2f83,005ba784,register-indirect,005ba2b0,C:\Projects\Wizardry 8\Local Screens\RCSItemsPage.cpp,1641,giCasterCharSlot < MAX_CHARS,
wiz8--gog-1261--wiz8new--57a3072c2f83,005ba7b4,register-indirect,005ba2b0,C:\Projects\Wizardry 8\Local Screens\RCSItemsPage.cpp,1642,fCHAR_OCCUPIED(giCasterCharSlot),
wiz8--gog-1261--wiz8new--57a3072c2f83,005ba905,register-indirect,005ba8e0,C:\Projects\Wizardry 8\Local Screens\RCSItemsPage.cpp,1682,uiTargetChar < MAX_CHARS,
wiz8--gog-1261--wiz8new--57a3072c2f83,005ba931,register-indirect,005ba8e0,C:\Projects\Wizardry 8\Local Screens\RCSItemsPage.cpp,1683,fCHAR_OCCUPIED(uiTargetChar),
wiz8--gog-1261--wiz8new--57a3072c2f83,005ba950,register-indirect,005ba8e0,C:\Projects\Wizardry 8\Local Screens\RCSItemsPage.cpp,1684,giCasterCharSlot >= 0,
wiz8--gog-1261--wiz8new--57a3072c2f83,005ba970,register-indirect,005ba8e0,C:\Projects\Wizardry 8\Local Screens\RCSItemsPage.cpp,1685,giCasterCharSlot < MAX_CHARS,
wiz8--gog-1261--wiz8new--57a3072c2f83,005ba9a1,register-indirect,005ba8e0,C:\Projects\Wizardry 8\Local Screens\RCSItemsPage.cpp,1686,fCHAR_OCCUPIED(giCasterCharSlot),
wiz8--gog-1261--wiz8new--57a3072c2f83,005bad91,direct,005baa10,C:\Projects\Wizardry 8\Local Screens\RCSItemsPage.cpp,1891,pItem,
wiz8--gog-1261--wiz8new--57a3072c2f83,005bbdb5,direct,005baa10,C:\Projects\Wizardry 8\Local Screens\RCSItemsPage.cpp,2682,ubSpell != SPELL_NONE,
wiz8--gog-1261--wiz8new--57a3072c2f83,005bc98d,direct,005bc810,C:\Projects\Wizardry 8\Local Screens\MainMenuScreen.cpp,135,gXStatus.uiMonstersInDatabase <= MAX_MONSTERS_IN_DATABASE,
wiz8--gog-1261--wiz8new--57a3072c2f83,005c435c,direct,005c4340,C:\Projects\Wizardry 8\Local Screens\mipeEdit.cpp,522,bVarSet < NUM_VAR_SETS,
wiz8--gog-1261--wiz8new--57a3072c2f83,005c87d4,direct,005c8730,C:\Projects\Wizardry 8\Local Screens\CGSSpellsPage.cpp,594,m_SpellData[uiSelected].fSelectable,
wiz8--gog-1261--wiz8new--57a3072c2f83,005c9374,direct,005c91c0,C:\Projects\Wizardry 8\Local Screens\CGSStatsPage.cpp,470,usItemsInList,
wiz8--gog-1261--wiz8new--57a3072c2f83,005ccea5,direct,005cc690,C:\Projects\Wizardry 8\Dialog Code\stListBox.cpp,757,pDialog,
wiz8--gog-1261--wiz8new--57a3072c2f83,005ccf57,direct,005ccf30,C:\Projects\Wizardry 8\Dialog Code\stListBox.cpp,773,pDialog,
wiz8--gog-1261--wiz8new--57a3072c2f83,005cd007,direct,005ccfe0,C:\Projects\Wizardry 8\Dialog Code\stListBox.cpp,810,pDialog,
wiz8--gog-1261--wiz8new--57a3072c2f83,005cd0b7,direct,005cd090,C:\Projects\Wizardry 8\Dialog Code\stListBox.cpp,844,pDialog,
wiz8--gog-1261--wiz8new--57a3072c2f83,005cd157,direct,005cd130,C:\Projects\Wizardry 8\Dialog Code\stListBox.cpp,879,pDialog,
wiz8--gog-1261--wiz8new--57a3072c2f83,005cd216,direct,005cd130,C:\Projects\Wizardry 8\Dialog Code\stListBox.cpp,920,pDialog,
wiz8--gog-1261--wiz8new--57a3072c2f83,005cf536,direct,005cf520,C:\Projects\Wizardry 8\Dialog Code\DialogInterface.cpp,102,pDialog,
wiz8--gog-1261--wiz8new--57a3072c2f83,005cf566,direct,005cf550,C:\Projects\Wizardry 8\Dialog Code\DialogInterface.cpp,116,pDialog,
wiz8--gog-1261--wiz8new--57a3072c2f83,005cf599,direct,005cf580,C:\Projects\Wizardry 8\Dialog Code\DialogInterface.cpp,152,pCDialog,
wiz8--gog-1261--wiz8new--57a3072c2f83,005d281e,direct,005d2800,C:\Projects\Wizardry 8\Dialog Code\stMessageDialog.cpp,131,pMessage,
wiz8--gog-1261--wiz8new--57a3072c2f83,005d2ac2,direct,005d2800,C:\Projects\Wizardry 8\Dialog Code\stMessageDialog.cpp,213,pRemainingText,
wiz8--gog-1261--wiz8new--57a3072c2f83,005d32e7,direct,005d32c0,C:\Projects\Wizardry 8\Dialog Code\stMessageDialog.cpp,615,pDialog,
wiz8--gog-1261--wiz8new--57a3072c2f83,005d3397,direct,005d3370,C:\Projects\Wizardry 8\Dialog Code\stMessageDialog.cpp,652,pDialog,
wiz8--gog-1261--wiz8new--57a3072c2f83,005d854c,direct,005d839c,C:\Projects\Wizardry 8\Dialog Code\AssayDialog.cpp,912,uiSpell != SPELL_NONE,
wiz8--gog-1261--wiz8new--57a3072c2f83,005d8e13,register-indirect,005d8850,C:\Projects\Wizardry 8\Dialog Code\AssayDialog.cpp,1681,usIndex < NUM_RPC_RACES,
wiz8--gog-1261--wiz8new--57a3072c2f83,005d9557,direct,005d9330,C:\Projects\Wizardry 8\Dialog Code\AssayDialog.cpp,1681,usIndex < NUM_RPC_RACES,
wiz8--gog-1261--wiz8new--57a3072c2f83,005db649,direct,005db620,C:\Projects\Wizardry 8\Dialog Code\stButton.cpp,407,pButton,
wiz8--gog-1261--wiz8new--57a3072c2f83,005dc324,direct,005dbee0,C:\Projects\Wizardry 8\Dialog Code\SpellInfoDialog.cpp,197,uiUnits == uiUnitsLvl,
wiz8--gog-1261--wiz8new--57a3072c2f83,005df11b,direct,005df0d0,C:\Projects\Wizardry 8\Dialog Code\ProfRaceInfoDialog.cpp,291,uiIndex < PROF_COUNT,
wiz8--gog-1261--wiz8new--57a3072c2f83,005df5bb,direct,005df570,C:\Projects\Wizardry 8\Dialog Code\ProfRaceInfoDialog.cpp,409,uiIndex < RACE_COUNT,
wiz8--gog-1261--wiz8new--57a3072c2f83,005dfcbb,direct,005dfc70,C:\Projects\Wizardry 8\Dialog Code\StatInfoDialogs.cpp,204,uiIndex < ATTR_COUNT,
wiz8--gog-1261--wiz8new--57a3072c2f83,005dfe8b,direct,005dfdb0,C:\Projects\Wizardry 8\Dialog Code\StatInfoDialogs.cpp,227,uiIndex < SKILL_COUNT,
wiz8--gog-1261--wiz8new--57a3072c2f83,005e01cb,direct,005e0180,C:\Projects\Wizardry 8\Dialog Code\StatInfoDialogs.cpp,278,uiIndex < ATTR_COUNT,
wiz8--gog-1261--wiz8new--57a3072c2f83,005e22ea,register-indirect,005e1cf0,C:\Projects\Wizardry 8\3D Code\PList.cpp,55,ppl,
wiz8--gog-1261--wiz8new--57a3072c2f83,005e230d,register-indirect,005e1cf0,C:\Projects\Wizardry 8\3D Code\PList.cpp,86,ppl,
wiz8--gog-1261--wiz8new--57a3072c2f83,005e2327,register-indirect,005e1cf0,C:\Projects\Wizardry 8\3D Code\PList.cpp,88,ppl->iNumUsed==0,
wiz8--gog-1261--wiz8new--57a3072c2f83,005e238e,register-indirect,005e2370,C:\Projects\Wizardry 8\3D Code\PList.cpp,86,ppl,
wiz8--gog-1261--wiz8new--57a3072c2f83,005e23a8,register-indirect,005e2370,C:\Projects\Wizardry 8\3D Code\PList.cpp,88,ppl->iNumUsed==0,
wiz8--gog-1261--wiz8new--57a3072c2f83,005e23fd,register-indirect,005e2370,C:\Projects\Wizardry 8\3D Code\PList.cpp,119,ppl,
wiz8--gog-1261--wiz8new--57a3072c2f83,005e240f,register-indirect,005e2370,C:\Projects\Wizardry 8\3D Code\PList.cpp,142,ppl,
wiz8--gog-1261--wiz8new--57a3072c2f83,005e2459,direct,005e2440,C:\Projects\Wizardry 8\3D Code\PList.cpp,142,ppl,
wiz8--gog-1261--wiz8new--57a3072c2f83,005e24ae,register-indirect,005e2480,C:\Projects\Wizardry 8\3D Code\PList.cpp,470,ppl,
wiz8--gog-1261--wiz8new--57a3072c2f83,005e24dd,register-indirect,005e2480,C:\Projects\Wizardry 8\3D Code\PList.cpp,473,pTemp,
wiz8--gog-1261--wiz8new--57a3072c2f83,005e2553,register-indirect,005e2530,C:\Projects\Wizardry 8\3D Code\PList.cpp,193,ppl,
wiz8--gog-1261--wiz8new--57a3072c2f83,005e2582,register-indirect,005e2530,C:\Projects\Wizardry 8\3D Code\PList.cpp,470,ppl,
wiz8--gog-1261--wiz8new--57a3072c2f83,005e25b1,register-indirect,005e2530,C:\Projects\Wizardry 8\3D Code\PList.cpp,473,pTemp,
wiz8--gog-1261--wiz8new--57a3072c2f83,005e26c9,direct,005e26b0,C:\Projects\Wizardry 8\3D Code\PList.cpp,346,ppl,
wiz8--gog-1261--wiz8new--57a3072c2f83,005e2703,register-indirect,005e26e0,C:\Projects\Wizardry 8\3D Code\PList.cpp,367,ppl,
wiz8--gog-1261--wiz8new--57a3072c2f83,005e27e3,register-indirect,005e26e0,C:\Projects\Wizardry 8\3D Code\PList.cpp,394,ppl,
wiz8--gog-1261--wiz8new--57a3072c2f83,005e2802,register-indirect,005e26e0,C:\Projects\Wizardry 8\3D Code\PList.cpp,395,iPosition < ppl->iNumUsed,
wiz8--gog-1261--wiz8new--57a3072c2f83,005e285d,register-indirect,005e26e0,C:\Projects\Wizardry 8\3D Code\PList.cpp,504,ppl,
wiz8--gog-1261--wiz8new--57a3072c2f83,005e28b2,register-indirect,005e2890,C:\Projects\Wizardry 8\3D Code\PList.cpp,540,ppl,
wiz8--gog-1261--wiz8new--57a3072c2f83,005e28cf,register-indirect,005e2890,C:\Projects\Wizardry 8\3D Code\PList.cpp,541,pEntry,
wiz8--gog-1261--wiz8new--57a3072c2f83,005e292a,register-indirect,005e2900,C:\Projects\Wizardry 8\3D Code\IList.cpp,69,pls,
wiz8--gog-1261--wiz8new--57a3072c2f83,005e294d,register-indirect,005e2900,C:\Projects\Wizardry 8\3D Code\IList.cpp,100,pls,
wiz8--gog-1261--wiz8new--57a3072c2f83,005e29b6,direct,005e29a0,C:\Projects\Wizardry 8\3D Code\IList.cpp,100,pls,
wiz8--gog-1261--wiz8new--57a3072c2f83,005e2a20,register-indirect,005e2a00,C:\Projects\Wizardry 8\3D Code\IList.cpp,131,pls,
wiz8--gog-1261--wiz8new--57a3072c2f83,005e2a32,register-indirect,005e2a00,C:\Projects\Wizardry 8\3D Code\IList.cpp,154,pls,
wiz8--gog-1261--wiz8new--57a3072c2f83,005e2a79,direct,005e2a60,C:\Projects\Wizardry 8\3D Code\IList.cpp,154,pls,
wiz8--gog-1261--wiz8new--57a3072c2f83,005e2ace,register-indirect,005e2aa0,C:\Projects\Wizardry 8\3D Code\IList.cpp,475,pls,
wiz8--gog-1261--wiz8new--57a3072c2f83,005e2afd,register-indirect,005e2aa0,C:\Projects\Wizardry 8\3D Code\IList.cpp,478,pTemp,
wiz8--gog-1261--wiz8new--57a3072c2f83,005e2b69,direct,005e2b50,C:\Projects\Wizardry 8\3D Code\IList.cpp,327,pls,
wiz8--gog-1261--wiz8new--57a3072c2f83,005e2ba3,register-indirect,005e2b80,C:\Projects\Wizardry 8\3D Code\IList.cpp,348,pls,
wiz8--gog-1261--wiz8new--57a3072c2f83,005e2c99,direct,005e2c80,C:\Projects\Wizardry 8\3D Code\IList.cpp,426,pls,
wiz8--gog-1261--wiz8new--57a3072c2f83,005e2cd9,direct,005e2cc0,C:\Projects\Wizardry 8\3D Code\IList.cpp,542,pls,
wiz8--gog-1261--wiz8new--57a3072c2f83,005e3861,direct,005e3800,C:\Projects\Wizardry 8\Local Code\Traps.cpp,148,iNumTargets > 0,
wiz8--gog-1261--wiz8new--57a3072c2f83,005e3b8c,direct,005e3ab0,..\Engine Code\Include\Trigger.hpp,1005,m_bRepType == TRIGGER_REP_PROP,
wiz8--gog-base--wiz8--18a74ff61c65,0041b266,direct,0041aa40,C:\Projects\Wizardry 8\Engine Code\GameData.cpp,595,lCollisions < 100,
wiz8--gog-base--wiz8--18a74ff61c65,0041c6aa,register-indirect,0041c140,C:\Projects\Wizardry 8\Engine Code\GameData.cpp,1248,iID && iID < m_iNumInterfaces,
wiz8--gog-base--wiz8--18a74ff61c65,0041c6dc,register-indirect,0041c140,C:\Projects\Wizardry 8\Engine Code\GameData.cpp,1250,(m_pInterfaces[iID].iStates + iStates) <= m_iNumStates,
wiz8--gog-base--wiz8--18a74ff61c65,0041c9bd,direct,0041c140,C:\Projects\Wizardry 8\Engine Code\GameData.cpp,1389,pstMeshModel,
wiz8--gog-base--wiz8--18a74ff61c65,0041f2c8,direct,0041f260,C:\Projects\Wizardry 8\Engine Code\GameData.cpp,2739,gpGDCamera,
wiz8--gog-base--wiz8--18a74ff61c65,004240e2,direct,00424040,C:\Projects\Wizardry 8\Engine Code\Video2.cpp,1595,psrMouseSurface,
wiz8--gog-base--wiz8--18a74ff61c65,0042415b,direct,00424040,C:\Projects\Wizardry 8\Engine Code\Video2.cpp,1589,psrMouseSurface,
wiz8--gog-base--wiz8--18a74ff61c65,004241d1,direct,00424040,C:\Projects\Wizardry 8\Engine Code\Video2.cpp,1601,psrMouseSurface,
wiz8--gog-base--wiz8--18a74ff61c65,0042a397,direct,0042a370,C:\Projects\Wizardry 8\Engine Code\Levels.cpp,237,ulLevel < TEST_LEVEL_COUNT,
wiz8--gog-base--wiz8--18a74ff61c65,0042a726,direct,0042a6f0,C:\Projects\Wizardry 8\Engine Code\Levels.cpp,385,iLevel < TEST_LEVEL_COUNT,
wiz8--gog-base--wiz8--18a74ff61c65,0042b199,direct,0042af60,C:\Projects\Wizardry 8\Engine Code\Levels.cpp,899,pMat,
wiz8--gog-base--wiz8--18a74ff61c65,0042bce7,direct,0042bc10,C:\Projects\Wizardry 8\Engine Code\Octree.cpp,163,hOctFile,ReadOctFile: Couldn't open octree file.
wiz8--gog-base--wiz8--18a74ff61c65,0042bd5e,direct,0042bc10,C:\Projects\Wizardry 8\Engine Code\Octree.cpp,172,fSuccess && (uiTerminator==0xffffffff),ReadOctFile: Header of Oct file longer than expected.
wiz8--gog-base--wiz8--18a74ff61c65,0042c4c2,direct,0042bc10,C:\Projects\Wizardry 8\Engine Code\Octree.cpp,351,fSuccess && (uiTerminator==0xffffffff),ReadOctFile: PreRegions longer than expected.
wiz8--gog-base--wiz8--18a74ff61c65,0042c5c7,direct,0042bc10,C:\Projects\Wizardry 8\Engine Code\Octree.cpp,377,(i2 < 10000),
wiz8--gog-base--wiz8--18a74ff61c65,0042c68a,direct,0042bc10,C:\Projects\Wizardry 8\Engine Code\Octree.cpp,394,m_pAlphaBits,ReadOctFile: Failure allocating Alpha Bits.
wiz8--gog-base--wiz8--18a74ff61c65,0042c6bb,direct,0042bc10,C:\Projects\Wizardry 8\Engine Code\Octree.cpp,395,m_pAlphaBits->Load(hOctFile),ReadOctFile: Failure reading Alpha Bits.
wiz8--gog-base--wiz8--18a74ff61c65,0042c70c,direct,0042bc10,C:\Projects\Wizardry 8\Engine Code\Octree.cpp,401,m_pusMeshParticleLookup,ReadOctFile: Couldn't allocate Mesh Particle Lookup Table.
wiz8--gog-base--wiz8--18a74ff61c65,0042c7ab,direct,0042bc10,C:\Projects\Wizardry 8\Engine Code\Octree.cpp,408,m_pusMeshParticles,ReadOctFile: Couldn't allocate Mesh Particle Link Table.
wiz8--gog-base--wiz8--18a74ff61c65,0042c850,direct,0042bc10,C:\Projects\Wizardry 8\Engine Code\Octree.cpp,417,m_pusMeshPropLookup,ReadOctFile: Couldn't allocate Mesh Prop Lookup Table.
wiz8--gog-base--wiz8--18a74ff61c65,0042c8f5,register-indirect,0042bc10,C:\Projects\Wizardry 8\Engine Code\Octree.cpp,424,m_pusMeshProps,ReadOctFile: Couldn't allocate Mesh Prop Link Table.
wiz8--gog-base--wiz8--18a74ff61c65,0042c99e,register-indirect,0042bc10,C:\Projects\Wizardry 8\Engine Code\Octree.cpp,434,fSuccess && (uiTerminator==0xffffffff),"ReadOctFile: Mesh, Prop, and Particle data longer than expected."
wiz8--gog-base--wiz8--18a74ff61c65,0042caa4,register-indirect,0042bc10,C:\Projects\Wizardry 8\Engine Code\Octree.cpp,453,m_pPropSunBits,ReadOctFile: Couldn't allocate Prop Sun Bits.
wiz8--gog-base--wiz8--18a74ff61c65,0042cacd,register-indirect,0042bc10,C:\Projects\Wizardry 8\Engine Code\Octree.cpp,454,m_pPropSunBits->Load(hOctFile),ReadOctFile: Failure reading Prop Sun Bits.
wiz8--gog-base--wiz8--18a74ff61c65,0042cc7f,direct,0042bc10,C:\Projects\Wizardry 8\Engine Code\Octree.cpp,482,fSuccess && (uiTerminator==0xffffffff),ReadOctFile: GameData portion of Oct file longer than expected.
wiz8--gog-base--wiz8--18a74ff61c65,0042ddc7,direct,0042d2a0,C:\Projects\Wizardry 8\Engine Code\Octree.cpp,874,m_pfRegsVisited,InitOctree: Couldn't allocate m_pfRegsVisited.
wiz8--gog-base--wiz8--18a74ff61c65,0042de20,direct,0042d2a0,C:\Projects\Wizardry 8\Engine Code\Octree.cpp,882,m_aulGDObjs,InitOctree: Couldn't allocate m_aulGDObjs.
wiz8--gog-base--wiz8--18a74ff61c65,0042e471,direct,0042e440,C:\Projects\Wizardry 8\Engine Code\Octree.cpp,1157,m_usNumPropsLoaded<(UINT16)m_ulNumProps,Too many props loaded for Octree
wiz8--gog-base--wiz8--18a74ff61c65,0042e4f1,direct,0042e4c0,C:\Projects\Wizardry 8\Engine Code\Octree.cpp,1181,m_usNumParticlesLoaded<(UINT16)m_ulNumParticles,Too many particles loaded for Octree
wiz8--gog-base--wiz8--18a74ff61c65,00430adb,direct,00430a70,C:\Projects\Wizardry 8\Engine Code\Octree.cpp,2567,usProp<=m_usMeshParticlesLen,Particle lookup index out of range
wiz8--gog-base--wiz8--18a74ff61c65,00430b87,direct,00430a70,C:\Projects\Wizardry 8\Engine Code\Octree.cpp,2587,usProp<=m_usMeshPropsLen,Prop lookup index out of range
wiz8--gog-base--wiz8--18a74ff61c65,0043ad54,direct,0043acc0,C:\Projects\Wizardry 8\Engine Code\BitArray.cpp,59,puiIndex,BitArray: Couldn't allocate bit index.
wiz8--gog-base--wiz8--18a74ff61c65,0043ae51,direct,0043ada0,C:\Projects\Wizardry 8\Engine Code\BitArray.cpp,89,puiIndex,BitArray: Couldn't allocate bit index.
wiz8--gog-base--wiz8--18a74ff61c65,0043b789,direct,0043b700,C:\Projects\Wizardry 8\Engine Code\BitArray.cpp,741,pulNewArray,BitArray Expansion: Couldn't allocate bit index.
wiz8--gog-base--wiz8--18a74ff61c65,0043be91,direct,0043be60,C:\Projects\Wizardry 8\Engine Code\Trigger.cpp,387,hFile,
wiz8--gog-base--wiz8--18a74ff61c65,0043c1e6,direct,0043be60,C:\Projects\Wizardry 8\Engine Code\Trigger.cpp,496,hFile,
wiz8--gog-base--wiz8--18a74ff61c65,0043c331,direct,0043be60,C:\Projects\Wizardry 8\Engine Code\Trigger.cpp,523,pDoor,
wiz8--gog-base--wiz8--18a74ff61c65,0043d403,direct,0043d340,C:\Projects\Wizardry 8\Engine Code\Trigger.cpp,4317,iVar != BAD_INDEX,
wiz8--gog-base--wiz8--18a74ff61c65,0043d4d9,direct,0043d340,C:\Projects\Wizardry 8\Engine Code\Trigger.cpp,4317,iVar != BAD_INDEX,
wiz8--gog-base--wiz8--18a74ff61c65,0043da8a,direct,0043d940,C:\Projects\Wizardry 8\Engine Code\Trigger.cpp,1530,m_pEvent,
wiz8--gog-base--wiz8--18a74ff61c65,0043dafb,direct,0043d940,C:\Projects\Wizardry 8\Engine Code\Trigger.cpp,1539,glsTimedEvents.Find(m_pEvent) == -1,
wiz8--gog-base--wiz8--18a74ff61c65,0043dbf7,register-indirect,0043d940,C:\Projects\Wizardry 8\Engine Code\Trigger.cpp,4317,iVar != BAD_INDEX,
wiz8--gog-base--wiz8--18a74ff61c65,0043dc40,register-indirect,0043d940,C:\Projects\Wizardry 8\Engine Code\Trigger.cpp,4317,iVar != BAD_INDEX,
wiz8--gog-base--wiz8--18a74ff61c65,0043dc88,register-indirect,0043d940,C:\Projects\Wizardry 8\Engine Code\Trigger.cpp,4317,iVar != BAD_INDEX,
wiz8--gog-base--wiz8--18a74ff61c65,0043dcc8,register-indirect,0043d940,C:\Projects\Wizardry 8\Engine Code\Trigger.cpp,4317,iVar != BAD_INDEX,
wiz8--gog-base--wiz8--18a74ff61c65,0043dd10,register-indirect,0043d940,C:\Projects\Wizardry 8\Engine Code\Trigger.cpp,4317,iVar != BAD_INDEX,
wiz8--gog-base--wiz8--18a74ff61c65,0043dd58,register-indirect,0043d940,C:\Projects\Wizardry 8\Engine Code\Trigger.cpp,4317,iVar != BAD_INDEX,
wiz8--gog-base--wiz8--18a74ff61c65,0043dd94,register-indirect,0043d940,C:\Projects\Wizardry 8\Engine Code\Trigger.cpp,4317,iVar != BAD_INDEX,
wiz8--gog-base--wiz8--18a74ff61c65,0043e49e,direct,0043d940,C:\Projects\Wizardry 8\Engine Code\Trigger.cpp,1426,m_pProp && m_bRepType == TRIGGER_REP_PROP,
wiz8--gog-base--wiz8--18a74ff61c65,0043ebb9,direct,0043d940,..\Engine Code\Include\Trigger.hpp,1005,m_bRepType == TRIGGER_REP_PROP,
wiz8--gog-base--wiz8--18a74ff61c65,0043ec4b,direct,0043d940,..\Engine Code\Include\Trigger.hpp,1005,m_bRepType == TRIGGER_REP_PROP,
wiz8--gog-base--wiz8--18a74ff61c65,0043ece9,direct,0043d940,..\Engine Code\Include\Trigger.hpp,1005,m_bRepType == TRIGGER_REP_PROP,
wiz8--gog-base--wiz8--18a74ff61c65,0043f249,direct,0043d940,C:\Projects\Wizardry 8\Engine Code\Trigger.cpp,1988,m_pEvent,
wiz8--gog-base--wiz8--18a74ff61c65,0043f34e,direct,0043d940,C:\Projects\Wizardry 8\Engine Code\Trigger.cpp,4830,m_pCountdown,
wiz8--gog-base--wiz8--18a74ff61c65,0043f3e0,direct,0043d940,C:\Projects\Wizardry 8\Engine Code\Trigger.cpp,4830,m_pCountdown,
wiz8--gog-base--wiz8--18a74ff61c65,0043f4db,direct,0043d940,C:\Projects\Wizardry 8\Engine Code\Trigger.cpp,2020,m_lData3!=-1,Non-invisible triggers with shake camera must be timed
wiz8--gog-base--wiz8--18a74ff61c65,0043f7b7,direct,0043d940,C:\Projects\Wizardry 8\Engine Code\Trigger.cpp,2124,m_pEvent,
wiz8--gog-base--wiz8--18a74ff61c65,0043fa64,register-indirect,0043d940,C:\Projects\Wizardry 8\Engine Code\Trigger.cpp,2175,0,Continous firing missile must be invisible trigger.
wiz8--gog-base--wiz8--18a74ff61c65,0043fad3,register-indirect,0043d940,C:\Projects\Wizardry 8\Engine Code\Trigger.cpp,2179,m_pEvent,
wiz8--gog-base--wiz8--18a74ff61c65,0043fc58,direct,0043d940,C:\Projects\Wizardry 8\Engine Code\Trigger.cpp,2212,m_pEvent,
wiz8--gog-base--wiz8--18a74ff61c65,0043fce3,direct,0043d940,C:\Projects\Wizardry 8\Engine Code\Trigger.cpp,2222,glsTimedEvents.Find(m_pEvent) == -1,
wiz8--gog-base--wiz8--18a74ff61c65,0043fe5b,direct,0043d940,C:\Projects\Wizardry 8\Engine Code\Trigger.cpp,4297,iVar != BAD_INDEX,
wiz8--gog-base--wiz8--18a74ff61c65,0043ff34,direct,0043d940,C:\Projects\Wizardry 8\Engine Code\Trigger.cpp,4297,iVar != BAD_INDEX,
wiz8--gog-base--wiz8--18a74ff61c65,00440417,direct,0043d940,C:\Projects\Wizardry 8\Engine Code\Trigger.cpp,2368,m_pEvent,
wiz8--gog-base--wiz8--18a74ff61c65,00440543,direct,0043d940,C:\Projects\Wizardry 8\Engine Code\Trigger.cpp,4830,m_pCountdown,
wiz8--gog-base--wiz8--18a74ff61c65,00440ba6,register-indirect,00440980,C:\Projects\Wizardry 8\Engine Code\Trigger.cpp,4317,iVar != BAD_INDEX,
wiz8--gog-base--wiz8--18a74ff61c65,00440bd9,register-indirect,00440980,C:\Projects\Wizardry 8\Engine Code\Trigger.cpp,4297,iVar != BAD_INDEX,
wiz8--gog-base--wiz8--18a74ff61c65,00440c09,direct,00440980,C:\Projects\Wizardry 8\Engine Code\Trigger.cpp,4297,iVar != BAD_INDEX,
wiz8--gog-base--wiz8--18a74ff61c65,00440c37,direct,00440980,C:\Projects\Wizardry 8\Engine Code\Trigger.cpp,4297,iVar != BAD_INDEX,
wiz8--gog-base--wiz8--18a74ff61c65,00441215,direct,00441110,C:\Projects\Wizardry 8\Engine Code\Trigger.cpp,2822,m_pActionData,Trigger.cpp: Dark Area doesn't have action data
wiz8--gog-base--wiz8--18a74ff61c65,00441a62,register-indirect,004417c0,C:\Projects\Wizardry 8\Engine Code\Trigger.cpp,3235,hFile,
wiz8--gog-base--wiz8--18a74ff61c65,00441af5,register-indirect,004417c0,C:\Projects\Wizardry 8\Engine Code\Trigger.cpp,3250,pTrigger,Out of memory - Trigger::CreateAndLoadLevelTrigger
wiz8--gog-base--wiz8--18a74ff61c65,00442b7c,direct,004417c0,C:\Projects\Wizardry 8\Engine Code\Trigger.cpp,3656,pTrigger->m_pacRecipients,Out of memory - Trigger.cpp
wiz8--gog-base--wiz8--18a74ff61c65,00442e1d,direct,004417c0,C:\Projects\Wizardry 8\Engine Code\Trigger.cpp,3695,pTrigger->m_pacRequiredStates,Out of memory - Trigger.cpp
wiz8--gog-base--wiz8--18a74ff61c65,00442e96,direct,004417c0,C:\Projects\Wizardry 8\Engine Code\Trigger.cpp,3701,pTrigger->m_pacStateToMod,Out of memory - Trigger.cpp
wiz8--gog-base--wiz8--18a74ff61c65,00442f3f,direct,004417c0,C:\Projects\Wizardry 8\Engine Code\Trigger.cpp,4244,pacName,
wiz8--gog-base--wiz8--18a74ff61c65,00442fe0,direct,004417c0,C:\Projects\Wizardry 8\Engine Code\Trigger.cpp,4252,pacVariableName,
wiz8--gog-base--wiz8--18a74ff61c65,00443573,register-indirect,004417c0,C:\Projects\Wizardry 8\Engine Code\Trigger.cpp,3860,((pTrigger->m_lData1 >= 0) && (pTrigger->m_lData1 < Missile::GetNumTypes())),
wiz8--gog-base--wiz8--18a74ff61c65,004435a4,register-indirect,004417c0,C:\Projects\Wizardry 8\Engine Code\Trigger.cpp,3861,(pTrigger->m_lData2!=(-1)),
wiz8--gog-base--wiz8--18a74ff61c65,00443637,register-indirect,004417c0,C:\Projects\Wizardry 8\Engine Code\Trigger.cpp,3870,pTrigger->m_pEvent,
wiz8--gog-base--wiz8--18a74ff61c65,00443ddc,direct,00443dc0,C:\Projects\Wizardry 8\Engine Code\Trigger.cpp,4244,pacName,
wiz8--gog-base--wiz8--18a74ff61c65,00443e79,direct,00443dc0,C:\Projects\Wizardry 8\Engine Code\Trigger.cpp,4252,pacVariableName,
wiz8--gog-base--wiz8--18a74ff61c65,004440a9,direct,00444030,C:\Projects\Wizardry 8\Engine Code\Trigger.cpp,4297,iVar != BAD_INDEX,
wiz8--gog-base--wiz8--18a74ff61c65,00444149,direct,004440d0,C:\Projects\Wizardry 8\Engine Code\Trigger.cpp,4317,iVar != BAD_INDEX,
wiz8--gog-base--wiz8--18a74ff61c65,004443d4,direct,00444310,C:\Projects\Wizardry 8\Engine Code\Trigger.cpp,4419,pacName,
wiz8--gog-base--wiz8--18a74ff61c65,00444ff8,register-indirect,00444f70,C:\Projects\Wizardry 8\Engine Code\Trigger.cpp,4978,pEvent,Out of memory creating shake camera event.
wiz8--gog-base--wiz8--18a74ff61c65,00445055,register-indirect,00444f70,C:\Projects\Wizardry 8\Engine Code\Trigger.cpp,4830,m_pCountdown,
wiz8--gog-base--wiz8--18a74ff61c65,0044515e,direct,00445140,C:\Projects\Wizardry 8\Engine Code\Trigger.cpp,5013,pWorld,
wiz8--gog-base--wiz8--18a74ff61c65,00445243,direct,00445200,..\Engine Code\Include\Trigger.hpp,1005,m_bRepType == TRIGGER_REP_PROP,
wiz8--gog-base--wiz8--18a74ff61c65,00445291,direct,00445200,C:\Projects\Wizardry 8\Engine Code\Trigger.cpp,4244,pacName,
wiz8--gog-base--wiz8--18a74ff61c65,00445337,direct,00445200,C:\Projects\Wizardry 8\Engine Code\Trigger.cpp,4252,pacVariableName,
wiz8--gog-base--wiz8--18a74ff61c65,004462c6,direct,00446250,C:\Projects\Wizardry 8\Engine Code\OctBuildTree.cpp,140,m_apLinkLists[m_usCurrent],GetNewLink: Couldn't allocate m_apLinkLists.
wiz8--gog-base--wiz8--18a74ff61c65,0044760d,direct,00447310,C:\Projects\Wizardry 8\Engine Code\GDFileIO.cpp,167,pGameData,
wiz8--gog-base--wiz8--18a74ff61c65,004476eb,register-indirect,00447660,C:\Projects\Wizardry 8\Engine Code\GDFileIO.cpp,229,fSuccess,Error reading counts from WGD file.
wiz8--gog-base--wiz8--18a74ff61c65,0044781b,direct,00447660,C:\Projects\Wizardry 8\Engine Code\GDFileIO.cpp,262,m_pSurfaces,ReadWGDList: Could not allocate surfaces.
wiz8--gog-base--wiz8--18a74ff61c65,0044787a,direct,00447660,C:\Projects\Wizardry 8\Engine Code\GDFileIO.cpp,268,pCondFaces,ReadWGDList: Could not allocate pCondFaces.
wiz8--gog-base--wiz8--18a74ff61c65,004478af,direct,00447660,C:\Projects\Wizardry 8\Engine Code\GDFileIO.cpp,270,m_ppNames,ReadWGDList: Could not allocate name list.
wiz8--gog-base--wiz8--18a74ff61c65,0044793d,direct,00447660,C:\Projects\Wizardry 8\Engine Code\GDFileIO.cpp,278,m_pSurfaces,ReadWGDList: Could not allocate surfaces.
wiz8--gog-base--wiz8--18a74ff61c65,0044799a,direct,00447660,C:\Projects\Wizardry 8\Engine Code\GDFileIO.cpp,288,fSuccess,Error reading vertex from WGD file.
wiz8--gog-base--wiz8--18a74ff61c65,00447b06,direct,00447660,C:\Projects\Wizardry 8\Engine Code\GDFileIO.cpp,322,(tfFace.iVersion == 2 ),Wrong version of WGD data--Get new plugin.
wiz8--gog-base--wiz8--18a74ff61c65,00447b69,direct,00447660,C:\Projects\Wizardry 8\Engine Code\GDFileIO.cpp,326,fSuccess,Error reading face from WGD file.
wiz8--gog-base--wiz8--18a74ff61c65,00447db3,direct,00447660,C:\Projects\Wizardry 8\Engine Code\GDFileIO.cpp,391,m_ppNames[i2],ReadWGDList: Couldn't allocate name string.
wiz8--gog-base--wiz8--18a74ff61c65,00447ff3,direct,00447660,C:\Projects\Wizardry 8\Engine Code\GDFileIO.cpp,479,m_pInterfaces,CompileGDInterfaces: Couldn't allocate GD Interfaces.
wiz8--gog-base--wiz8--18a74ff61c65,004481f7,direct,00447660,C:\Projects\Wizardry 8\Engine Code\GDFileIO.cpp,526,m_pStates,CompileGDInterfaces: Couldn't allocate GDState array.
wiz8--gog-base--wiz8--18a74ff61c65,0044824c,direct,00447660,C:\Projects\Wizardry 8\Engine Code\GDFileIO.cpp,529,m_piCondPolys,CompileGDInterfaces: Couldn't allocate Conditional poly array.
wiz8--gog-base--wiz8--18a74ff61c65,00448362,register-indirect,00447660,C:\Projects\Wizardry 8\Engine Code\GDFileIO.cpp,598,m_ppTriggers,AddTriggerPlane: Couldn't allocate trigger array.
wiz8--gog-base--wiz8--18a74ff61c65,00448386,register-indirect,00447660,C:\Projects\Wizardry 8\Engine Code\GDFileIO.cpp,601,(iTriggerCount < m_iNumTriggers),AddTriggerPlane: Too many triggers for trigger array.
wiz8--gog-base--wiz8--18a74ff61c65,004483e7,register-indirect,00447660,C:\Projects\Wizardry 8\Engine Code\GDFileIO.cpp,611,m_pTrigSurfaces,AddTriggerPlane: Couldn't allocate trigger surfaces.
wiz8--gog-base--wiz8--18a74ff61c65,00448418,register-indirect,00447660,C:\Projects\Wizardry 8\Engine Code\GDFileIO.cpp,613,m_pTrigVertices,AddTriggerPlane: Couldn't allocate trigger vertices.
wiz8--gog-base--wiz8--18a74ff61c65,00448444,register-indirect,00447660,C:\Projects\Wizardry 8\Engine Code\GDFileIO.cpp,615,m_ppTriggers,AddTriggerPlane: Couldn't allocate trigger array.
wiz8--gog-base--wiz8--18a74ff61c65,0044846c,register-indirect,00447660,C:\Projects\Wizardry 8\Engine Code\GDFileIO.cpp,620,(m_iNumTrigSurfaces < MAX_TRIG_SURFACES),
wiz8--gog-base--wiz8--18a74ff61c65,00448634,register-indirect,004485f0,C:\Projects\Wizardry 8\Engine Code\GDFileIO.cpp,707,m_pTrigSurfaces,AddTriggerPlane: Couldn't allocate trigger surfaces.
wiz8--gog-base--wiz8--18a74ff61c65,00448665,register-indirect,004485f0,C:\Projects\Wizardry 8\Engine Code\GDFileIO.cpp,709,m_pTrigVertices,AddTriggerPlane: Couldn't allocate trigger vertices.
wiz8--gog-base--wiz8--18a74ff61c65,0044868f,register-indirect,004485f0,C:\Projects\Wizardry 8\Engine Code\GDFileIO.cpp,711,m_ppTriggers,AddTriggerPlane: Couldn't allocate trigger array.
wiz8--gog-base--wiz8--18a74ff61c65,004486b6,register-indirect,004485f0,C:\Projects\Wizardry 8\Engine Code\GDFileIO.cpp,716,(m_iNumTrigSurfaces < MAX_TRIG_SURFACES),
wiz8--gog-base--wiz8--18a74ff61c65,004488a4,direct,00448840,C:\Projects\Wizardry 8\Engine Code\GDFileIO.cpp,795,pNewVertices,IntegrateTriggers: Couldn't allocate new vertex array.
wiz8--gog-base--wiz8--18a74ff61c65,00448956,direct,00448840,C:\Projects\Wizardry 8\Engine Code\GDFileIO.cpp,812,pNewSurfaces,IntegrateTriggers: Couldn't allocate new surface array.
wiz8--gog-base--wiz8--18a74ff61c65,00448aaf,direct,00448840,C:\Projects\Wizardry 8\Engine Code\GDFileIO.cpp,849,pNewVertices,IntegrateTriggers: Couldn't allocate new vertex array.
wiz8--gog-base--wiz8--18a74ff61c65,00448b66,direct,00448840,C:\Projects\Wizardry 8\Engine Code\GDFileIO.cpp,865,pNewSurfaces,IntegrateTriggers: Couldn't allocate new surface array.
wiz8--gog-base--wiz8--18a74ff61c65,00448ca7,register-indirect,00448c60,C:\Projects\Wizardry 8\Engine Code\GDFileIO.cpp,944,m_pTrigSurfaces,AddTriggerPlane: Couldn't allocate trigger surfaces.
wiz8--gog-base--wiz8--18a74ff61c65,00448cd8,register-indirect,00448c60,C:\Projects\Wizardry 8\Engine Code\GDFileIO.cpp,946,m_pTrigVertices,AddTriggerPlane: Couldn't allocate trigger vertices.
wiz8--gog-base--wiz8--18a74ff61c65,00448d02,register-indirect,00448c60,C:\Projects\Wizardry 8\Engine Code\GDFileIO.cpp,948,m_ppTriggers,AddTriggerPlane: Couldn't allocate trigger array.
wiz8--gog-base--wiz8--18a74ff61c65,00448d29,register-indirect,00448c60,C:\Projects\Wizardry 8\Engine Code\GDFileIO.cpp,953,(m_iNumTrigSurfaces < MAX_TRIG_SURFACES),
wiz8--gog-base--wiz8--18a74ff61c65,00448eaa,direct,00448e60,C:\Projects\Wizardry 8\Engine Code\GDFileIO.cpp,1004,ppTempEnvirons,
wiz8--gog-base--wiz8--18a74ff61c65,0044914f,direct,00448e60,C:\Projects\Wizardry 8\Engine Code\GDFileIO.cpp,1089,m_ppEnvirons,
wiz8--gog-base--wiz8--18a74ff61c65,0044929d,register-indirect,00448e60,C:\Projects\Wizardry 8\Engine Code\GDFileIO.cpp,1125,fSuccess,ReadProcessedGameData: Couldn't read GameData info.
wiz8--gog-base--wiz8--18a74ff61c65,004492d0,register-indirect,00448e60,C:\Projects\Wizardry 8\Engine Code\GDFileIO.cpp,1132,(FileGD.iVersion == GAMEDATA_VERSION),
wiz8--gog-base--wiz8--18a74ff61c65,004493e4,register-indirect,00448e60,C:\Projects\Wizardry 8\Engine Code\GDFileIO.cpp,1155,m_pVertices,ReadProcessedGameData: Couldn't allocate vertices.
wiz8--gog-base--wiz8--18a74ff61c65,00449421,register-indirect,00448e60,C:\Projects\Wizardry 8\Engine Code\GDFileIO.cpp,1159,fSuccess,
wiz8--gog-base--wiz8--18a74ff61c65,0044945b,register-indirect,00448e60,C:\Projects\Wizardry 8\Engine Code\GDFileIO.cpp,1164,m_pSurfaces,ReadProcessedGameData: Couldn't allocate pSurfaces.
wiz8--gog-base--wiz8--18a74ff61c65,0044949b,register-indirect,00448e60,C:\Projects\Wizardry 8\Engine Code\GDFileIO.cpp,1168,fSuccess,ReadProcessedGameData: Couldn't read Surface info.
wiz8--gog-base--wiz8--18a74ff61c65,004496e8,direct,00448e60,C:\Projects\Wizardry 8\Engine Code\GDFileIO.cpp,1214,m_ppEnvirons[i],ReadProcessedGameData: Couldn't allocate environment.
wiz8--gog-base--wiz8--18a74ff61c65,0044972a,direct,00448e60,C:\Projects\Wizardry 8\Engine Code\GDFileIO.cpp,1218,fSuccess,ReadProcessedGameData: Couldn't read GD_Environ.
wiz8--gog-base--wiz8--18a74ff61c65,0044af32,direct,0044aee0,C:\Projects\Wizardry 8\Engine Code\Prop.cpp,174,pInfo && pInfo->hFile && pProp,
wiz8--gog-base--wiz8--18a74ff61c65,0044b013,direct,0044aee0,C:\Projects\Wizardry 8\Engine Code\Prop.cpp,213,pAniMesh,
wiz8--gog-base--wiz8--18a74ff61c65,0044b043,direct,0044aee0,C:\Projects\Wizardry 8\Engine Code\Prop.cpp,216,fSuccess,
wiz8--gog-base--wiz8--18a74ff61c65,0044b282,direct,0044aee0,C:\Projects\Wizardry 8\Engine Code\Prop.cpp,287,(usTemp < (UINT16)ubNumFrames),
wiz8--gog-base--wiz8--18a74ff61c65,0044b616,direct,0044aee0,C:\Projects\Wizardry 8\Engine Code\Prop.cpp,386,psrMesh,
wiz8--gog-base--wiz8--18a74ff61c65,0044b69d,direct,0044aee0,C:\Projects\Wizardry 8\Engine Code\Prop.cpp,402,psrMesh,
wiz8--gog-base--wiz8--18a74ff61c65,0044bb81,direct,0044bb20,C:\Projects\Wizardry 8\Engine Code\Prop.cpp,707,lSegment!=(-1),
wiz8--gog-base--wiz8--18a74ff61c65,0044be59,register-indirect,0044bc00,C:\Projects\Wizardry 8\Engine Code\Prop.cpp,782,m_pRep,Prop::Prop() out of memory allocating m_pRep
wiz8--gog-base--wiz8--18a74ff61c65,0044be77,register-indirect,0044bc00,C:\Projects\Wizardry 8\Engine Code\Prop.cpp,783,m_pTimer,Prop::Prop() out of memory allocating m_pTimer
wiz8--gog-base--wiz8--18a74ff61c65,0044bf87,register-indirect,0044bec0,C:\Projects\Wizardry 8\Engine Code\Prop.cpp,836,pInfo,
wiz8--gog-base--wiz8--18a74ff61c65,0044bfd2,register-indirect,0044bec0,C:\Projects\Wizardry 8\Engine Code\Prop.cpp,840,pProp,
wiz8--gog-base--wiz8--18a74ff61c65,0044c220,direct,0044bec0,C:\Projects\Wizardry 8\Engine Code\Prop.cpp,987,pWorld,
wiz8--gog-base--wiz8--18a74ff61c65,0044c298,direct,0044c251,C:\Projects\Wizardry 8\Engine Code\Prop.cpp,1002,psrMesh,
wiz8--gog-base--wiz8--18a74ff61c65,0044c6e0,direct,0044c670,C:\Projects\Wizardry 8\Engine Code\Prop.cpp,1391,psrMesh,
wiz8--gog-base--wiz8--18a74ff61c65,0044c7d9,direct,0044c670,C:\Projects\Wizardry 8\Engine Code\Prop.cpp,1409,psrMesh,
wiz8--gog-base--wiz8--18a74ff61c65,0044c866,direct,0044c830,C:\Projects\Wizardry 8\Engine Code\Prop.cpp,1441,pWorld,
wiz8--gog-base--wiz8--18a74ff61c65,0044c901,direct,0044c830,C:\Projects\Wizardry 8\Engine Code\Prop.cpp,1460,psrMesh,
wiz8--gog-base--wiz8--18a74ff61c65,0044d1bd,direct,0044c830,C:\Projects\Wizardry 8\Engine Code\Prop.cpp,1572,psrMesh,
wiz8--gog-base--wiz8--18a74ff61c65,0044d37f,direct,0044c830,C:\Projects\Wizardry 8\Engine Code\Prop.cpp,1643,pWorld,
wiz8--gog-base--wiz8--18a74ff61c65,0044d3f5,direct,0044c830,C:\Projects\Wizardry 8\Engine Code\Prop.cpp,1656,psrMesh,
wiz8--gog-base--wiz8--18a74ff61c65,0044d47b,direct,0044c830,C:\Projects\Wizardry 8\Engine Code\Prop.cpp,1670,psrMesh,
wiz8--gog-base--wiz8--18a74ff61c65,0044df47,direct,0044dea0,C:\Projects\Wizardry 8\Engine Code\Prop.cpp,2361,pstInstance,
wiz8--gog-base--wiz8--18a74ff61c65,0044e033,direct,0044e010,C:\Projects\Wizardry 8\Engine Code\Prop.cpp,2409,pWorld && pWorld->plsProps,
wiz8--gog-base--wiz8--18a74ff61c65,0044e20b,direct,0044e1f0,C:\Projects\Wizardry 8\Engine Code\Prop.cpp,2698,m_pRep,
wiz8--gog-base--wiz8--18a74ff61c65,0044f1fe,direct,0044f1c0,C:\Projects\Wizardry 8\Engine Code\3dapi.cpp,160,pWorld,
wiz8--gog-base--wiz8--18a74ff61c65,0044f4fa,direct,0044f4e0,C:\Projects\Wizardry 8\Engine Code\3dapi.cpp,262,pWorld,
wiz8--gog-base--wiz8--18a74ff61c65,0044f62e,direct,0044f5f0,C:\Projects\Wizardry 8\Engine Code\3dapi.cpp,351,pWorld,
wiz8--gog-base--wiz8--18a74ff61c65,0044f9cb,direct,0044f5f0,C:\Projects\Wizardry 8\Engine Code\3dapi.cpp,446,pWorld->psrMeshes,LoadWorld: Couldn't allocate psrMeshes.
wiz8--gog-base--wiz8--18a74ff61c65,0044fa5c,direct,0044f5f0,C:\Projects\Wizardry 8\Engine Code\3dapi.cpp,472,hFile,Could not open level file.
wiz8--gog-base--wiz8--18a74ff61c65,0044fa9f,direct,0044f5f0,C:\Projects\Wizardry 8\Engine Code\3dapi.cpp,477,fSuccess,"Problem loading level, please check files and versions."
wiz8--gog-base--wiz8--18a74ff61c65,0044fb0d,direct,0044f5f0,C:\Projects\Wizardry 8\Engine Code\3dapi.cpp,511,pWorld,
wiz8--gog-base--wiz8--18a74ff61c65,0045022a,direct,0044fc20,C:\Projects\Wizardry 8\Engine Code\3dapi.cpp,801,pWorld,
wiz8--gog-base--wiz8--18a74ff61c65,004503e1,register-indirect,004503c0,C:\Projects\Wizardry 8\Engine Code\3dapi.cpp,975,pWorld,
wiz8--gog-base--wiz8--18a74ff61c65,004503fe,register-indirect,004503c0,C:\Projects\Wizardry 8\Engine Code\3dapi.cpp,976,pWorld->psrCamera,
wiz8--gog-base--wiz8--18a74ff61c65,0045043e,direct,00450420,C:\Projects\Wizardry 8\Engine Code\3dapi.cpp,1058,pWorld,
wiz8--gog-base--wiz8--18a74ff61c65,004504d9,register-indirect,004504b0,C:\Projects\Wizardry 8\Engine Code\3dapi.cpp,1087,pWorld,
wiz8--gog-base--wiz8--18a74ff61c65,004504fe,register-indirect,004504b0,C:\Projects\Wizardry 8\Engine Code\3dapi.cpp,1092,CamPos,
wiz8--gog-base--wiz8--18a74ff61c65,004505c5,register-indirect,004504b0,C:\Projects\Wizardry 8\Engine Code\3dapi.cpp,1102,CamPos,
wiz8--gog-base--wiz8--18a74ff61c65,0045062c,direct,00450610,C:\Projects\Wizardry 8\Engine Code\3dapi.cpp,1131,pWorld,
wiz8--gog-base--wiz8--18a74ff61c65,004506e6,direct,004506c0,C:\Projects\Wizardry 8\Engine Code\3dapi.cpp,1160,CamPos,
wiz8--gog-base--wiz8--18a74ff61c65,00450791,direct,004506c0,,,,
wiz8--gog-base--wiz8--18a74ff61c65,00450e53,register-indirect,004507a0,C:\Projects\Wizardry 8\Engine Code\3dapi.cpp,1406,pWorld->plsMonsters,Out of memory creating plsMonsters.
wiz8--gog-base--wiz8--18a74ff61c65,00450e71,register-indirect,004507a0,C:\Projects\Wizardry 8\Engine Code\3dapi.cpp,1407,pWorld->plsItems,Out of memory creating plsItems.
wiz8--gog-base--wiz8--18a74ff61c65,00450e8f,register-indirect,004507a0,C:\Projects\Wizardry 8\Engine Code\3dapi.cpp,1408,pWorld->plsProps,Out of memory creating plsProps.
wiz8--gog-base--wiz8--18a74ff61c65,00450ead,register-indirect,004507a0,C:\Projects\Wizardry 8\Engine Code\3dapi.cpp,1409,pWorld->plsCameras,Out of memory creating plsCameras.
wiz8--gog-base--wiz8--18a74ff61c65,00450ecb,register-indirect,004507a0,C:\Projects\Wizardry 8\Engine Code\3dapi.cpp,1410,pWorld->plsAmbientSounds,Out of memory creating plsAmbientSounds.
wiz8--gog-base--wiz8--18a74ff61c65,00450eec,register-indirect,004507a0,C:\Projects\Wizardry 8\Engine Code\3dapi.cpp,1411,pWorld->plsLightsToUpdate,Out of memory creating plsLightsToUpdate.
wiz8--gog-base--wiz8--18a74ff61c65,00450f0d,register-indirect,004507a0,C:\Projects\Wizardry 8\Engine Code\3dapi.cpp,1412,pWorld->plsCollidableProps,Out of memory creating plsCollidableProps.
wiz8--gog-base--wiz8--18a74ff61c65,00450f2e,register-indirect,004507a0,C:\Projects\Wizardry 8\Engine Code\3dapi.cpp,1413,pWorld->plsMonsterGenerators,Out of memory creating plsMonsterGenerators.
wiz8--gog-base--wiz8--18a74ff61c65,00450f4f,register-indirect,004507a0,C:\Projects\Wizardry 8\Engine Code\3dapi.cpp,1414,pWorld->plsLightsToUpdate,Out of memory creating plsLightsToUpdate.
wiz8--gog-base--wiz8--18a74ff61c65,00450f70,register-indirect,004507a0,C:\Projects\Wizardry 8\Engine Code\3dapi.cpp,1415,pWorld->plsCollidableProps,Out of memory creating plsCollidableProps.
wiz8--gog-base--wiz8--18a74ff61c65,00450f91,register-indirect,004507a0,C:\Projects\Wizardry 8\Engine Code\3dapi.cpp,1416,pWorld->plsMissiles,Out of memory creating plsMissiles.
wiz8--gog-base--wiz8--18a74ff61c65,00450fb2,register-indirect,004507a0,C:\Projects\Wizardry 8\Engine Code\3dapi.cpp,1417,pWorld->plsTriggers,Out of memory creating plsTriggers.
wiz8--gog-base--wiz8--18a74ff61c65,00450fd3,register-indirect,004507a0,C:\Projects\Wizardry 8\Engine Code\3dapi.cpp,1418,pWorld->plsParticles,Out of memory creating plsParticles.
wiz8--gog-base--wiz8--18a74ff61c65,00450ff4,register-indirect,004507a0,C:\Projects\Wizardry 8\Engine Code\3dapi.cpp,1419,pWorld->plsNamedPositions,Out of memory creating plsNamedPositions.
wiz8--gog-base--wiz8--18a74ff61c65,0045117c,direct,00451160,C:\Projects\Wizardry 8\Engine Code\3dapi.cpp,1014,pWorld,
wiz8--gog-base--wiz8--18a74ff61c65,004511ed,direct,004511d0,C:\Projects\Wizardry 8\Engine Code\3dapi.cpp,1043,pWorld,
wiz8--gog-base--wiz8--18a74ff61c65,004536c7,direct,00453690,C:\Projects\Wizardry 8\Engine Code\Navigator.cpp,1735,pNavAI,
wiz8--gog-base--wiz8--18a74ff61c65,00457831,direct,004577f0,..\Engine Code\Include\stHeap.hpp,242,heapsize > 0,Delete called on empty stHeap
wiz8--gog-base--wiz8--18a74ff61c65,00458b90,register-indirect,00458ad0,C:\Projects\Wizardry 8\Engine Code\OctPath.cpp,2226,fSuccess,
wiz8--gog-base--wiz8--18a74ff61c65,00458bee,register-indirect,00458ad0,C:\Projects\Wizardry 8\Engine Code\OctPath.cpp,2231,fSuccess,
wiz8--gog-base--wiz8--18a74ff61c65,00458c26,register-indirect,00458ad0,C:\Projects\Wizardry 8\Engine Code\OctPath.cpp,2233,fSuccess,
wiz8--gog-base--wiz8--18a74ff61c65,00458c5d,register-indirect,00458ad0,C:\Projects\Wizardry 8\Engine Code\OctPath.cpp,2235,fSuccess,
wiz8--gog-base--wiz8--18a74ff61c65,00458c95,register-indirect,00458ad0,C:\Projects\Wizardry 8\Engine Code\OctPath.cpp,2237,fSuccess,
wiz8--gog-base--wiz8--18a74ff61c65,00458ccd,register-indirect,00458ad0,C:\Projects\Wizardry 8\Engine Code\OctPath.cpp,2239,fSuccess,
wiz8--gog-base--wiz8--18a74ff61c65,00459130,register-indirect,00458ce0,C:\Projects\Wizardry 8\Engine Code\OctPath.cpp,2298,fSuccess,
wiz8--gog-base--wiz8--18a74ff61c65,004591a3,register-indirect,00458ce0,C:\Projects\Wizardry 8\Engine Code\OctPath.cpp,2307,m_pCondPaths,
wiz8--gog-base--wiz8--18a74ff61c65,004591db,register-indirect,00458ce0,C:\Projects\Wizardry 8\Engine Code\OctPath.cpp,2309,m_pCondPaths,
wiz8--gog-base--wiz8--18a74ff61c65,00459212,register-indirect,00458ce0,C:\Projects\Wizardry 8\Engine Code\OctPath.cpp,2311,m_pCondPaths,
wiz8--gog-base--wiz8--18a74ff61c65,0045924a,register-indirect,00458ce0,C:\Projects\Wizardry 8\Engine Code\OctPath.cpp,2313,m_pCondPaths,
wiz8--gog-base--wiz8--18a74ff61c65,00459282,register-indirect,00458ce0,C:\Projects\Wizardry 8\Engine Code\OctPath.cpp,2315,m_pCondPaths,
wiz8--gog-base--wiz8--18a74ff61c65,004592cc,register-indirect,00458ce0,C:\Projects\Wizardry 8\Engine Code\OctPath.cpp,2318,fSuccess,
wiz8--gog-base--wiz8--18a74ff61c65,00459308,register-indirect,00458ce0,C:\Projects\Wizardry 8\Engine Code\OctPath.cpp,2320,fSuccess,
wiz8--gog-base--wiz8--18a74ff61c65,00459475,direct,00459400,C:\Projects\Wizardry 8\Engine Code\OctPath.cpp,2408,m_pFileWayPoints,
wiz8--gog-base--wiz8--18a74ff61c65,0045992f,direct,00459650,..\Engine Code\Include\stHeap.hpp,121,hlist,
wiz8--gog-base--wiz8--18a74ff61c65,0045b23e,direct,0045b120,C:\Projects\Wizardry 8\Engine Code\OctPath.cpp,3596,ulCount<200,Too many nodes in list
wiz8--gog-base--wiz8--18a74ff61c65,0045cafc,direct,0045bc40,..\Engine Code\Include\stHeap.hpp,225,heapsize < maxheapsize,stHeap overflow
wiz8--gog-base--wiz8--18a74ff61c65,0045cf2d,direct,0045bc40,C:\Projects\Wizardry 8\Engine Code\OctPath.cpp,4368,(ulBestNode <= m_ulSearchNodesUsed),
wiz8--gog-base--wiz8--18a74ff61c65,0045d5ac,direct,0045d530,C:\Projects\Wizardry 8\Engine Code\OctPath.cpp,4585,pstMeshModel,
wiz8--gog-base--wiz8--18a74ff61c65,0045d831,direct,0045d530,C:\Projects\Wizardry 8\Engine Code\OctPath.cpp,4646,m_pPathModelInstance,
wiz8--gog-base--wiz8--18a74ff61c65,0045de22,direct,0045d880,C:\Projects\Wizardry 8\Engine Code\OctPath.cpp,4844,pNewWayPoints,
wiz8--gog-base--wiz8--18a74ff61c65,0045ed95,direct,0045ec30,C:\Projects\Wizardry 8\Engine Code\OctPath.cpp,5414,pNewWayPtLinks,
wiz8--gog-base--wiz8--18a74ff61c65,004601f1,register-indirect,004600b0,C:\Projects\Wizardry 8\Engine Code\OctPath.cpp,6734,pusWayPts[i] < (UINT16)m_ulNumWayPoints,Pathing::CheckConditionalWayPtStatus: WayPt Index out of range.
wiz8--gog-base--wiz8--18a74ff61c65,0046028e,direct,004600b0,C:\Projects\Wizardry 8\Engine Code\OctPath.cpp,6764,pusLinks[i] < (UINT16)m_ulNumWayPtLinks,Pathing::CheckConditionalLinkStatus: Link Index out of range.
wiz8--gog-base--wiz8--18a74ff61c65,004609f5,direct,00460950,C:\Projects\Wizardry 8\Engine Code\OctPath.cpp,7074,i < m_ulNumWayPoints,
wiz8--gog-base--wiz8--18a74ff61c65,00460bee,direct,00460b80,C:\Projects\Wizardry 8\Engine Code\OctPath.cpp,7131,usStartNode < m_ulNumWayPoints,Starting index out of range
wiz8--gog-base--wiz8--18a74ff61c65,00460c1d,direct,00460b80,C:\Projects\Wizardry 8\Engine Code\OctPath.cpp,7132,usEndNode < m_ulNumWayPoints,Last index out of range
wiz8--gog-base--wiz8--18a74ff61c65,00460ca1,direct,00460b80,C:\Projects\Wizardry 8\Engine Code\OctPath.cpp,7146,usWayPt < m_ulNumWayPoints,Waypoint index out of range (1)
wiz8--gog-base--wiz8--18a74ff61c65,00460cdf,direct,00460b80,C:\Projects\Wizardry 8\Engine Code\OctPath.cpp,7148,usLink < m_ulNumWayPtLinks,Link index out of range (1)
wiz8--gog-base--wiz8--18a74ff61c65,00460d0f,direct,00460b80,C:\Projects\Wizardry 8\Engine Code\OctPath.cpp,7152,usLink < m_ulNumWayPtLinks,Link index out of range (2)
wiz8--gog-base--wiz8--18a74ff61c65,00460dfa,direct,00460b80,C:\Projects\Wizardry 8\Engine Code\OctPath.cpp,7157,usNextNode < m_ulNumWayPoints,Waypoint index out of range (2)
wiz8--gog-base--wiz8--18a74ff61c65,00460f0e,direct,00460b80,..\Engine Code\Include\stHeap.hpp,225,heapsize < maxheapsize,stHeap overflow
wiz8--gog-base--wiz8--18a74ff61c65,00461050,direct,00460b80,..\Engine Code\Include\stHeap.hpp,225,heapsize < maxheapsize,stHeap overflow
wiz8--gog-base--wiz8--18a74ff61c65,00461111,direct,00460b80,C:\Projects\Wizardry 8\Engine Code\OctPath.cpp,7202,usLink < m_ulNumWayPtLinks,Link index out of range (3)
wiz8--gog-base--wiz8--18a74ff61c65,0046116f,direct,00460b80,..\Engine Code\Include\stHeap.hpp,242,heapsize > 0,Delete called on empty stHeap
wiz8--gog-base--wiz8--18a74ff61c65,00461257,direct,00460b80,C:\Projects\Wizardry 8\Engine Code\OctPath.cpp,7210,usWayPt < m_ulNumWayPoints,Waypoint index out of range (3)
wiz8--gog-base--wiz8--18a74ff61c65,00461464,direct,00460b80,C:\Projects\Wizardry 8\Engine Code\OctPath.cpp,7319,i < m_ulNumWayPoints,
wiz8--gog-base--wiz8--18a74ff61c65,00461bb8,direct,004615d0,C:\Projects\Wizardry 8\Engine Code\OctPath.cpp,7559,i < m_ulNumWayPoints,
wiz8--gog-base--wiz8--18a74ff61c65,00461d80,direct,00461d10,C:\Projects\Wizardry 8\Engine Code\OctPath.cpp,7631,usLink < m_ulNumWayPtLinks,Link index out of range
wiz8--gog-base--wiz8--18a74ff61c65,00461e92,direct,00461d10,C:\Projects\Wizardry 8\Engine Code\OctPath.cpp,7641,usNextNode < m_ulNumWayPoints,Waypoint index out of range
wiz8--gog-base--wiz8--18a74ff61c65,00461fbf,direct,00461d10,C:\Projects\Wizardry 8\Engine Code\OctPath.cpp,7680,ulLinkNum < 20,Too many links for waypoint in RecursePatrolLinks
wiz8--gog-base--wiz8--18a74ff61c65,00462198,direct,00461d10,C:\Projects\Wizardry 8\Engine Code\OctPath.cpp,7695,usNextNode < m_ulNumWayPoints,Waypoint index out of range (2)
wiz8--gog-base--wiz8--18a74ff61c65,00463918,direct,00463290,..\Engine Code\Include\stHeap.hpp,225,heapsize < maxheapsize,stHeap overflow
wiz8--gog-base--wiz8--18a74ff61c65,00463d61,direct,00463290,..\Engine Code\Include\stHeap.hpp,225,heapsize < maxheapsize,stHeap overflow
wiz8--gog-base--wiz8--18a74ff61c65,00463eb3,direct,00463290,..\Engine Code\Include\stHeap.hpp,225,heapsize < maxheapsize,stHeap overflow
wiz8--gog-base--wiz8--18a74ff61c65,00463f35,direct,00463290,..\Engine Code\Include\stHeap.hpp,242,heapsize > 0,Delete called on empty stHeap
wiz8--gog-base--wiz8--18a74ff61c65,00463fa1,direct,00463290,C:\Projects\Wizardry 8\Engine Code\OctPath.cpp,8877,(ulBestNode <= m_ulSearchNodesUsed),
wiz8--gog-base--wiz8--18a74ff61c65,00465a6e,direct,00465970,C:\Projects\Wizardry 8\Engine Code\OctPath.cpp,10065,pNewSearchNodes,
wiz8--gog-base--wiz8--18a74ff61c65,004675d2,direct,004675b0,..\Engine Code\Include\stHeap.hpp,225,heapsize < maxheapsize,stHeap overflow
wiz8--gog-base--wiz8--18a74ff61c65,004689d2,direct,004683f0,C:\Projects\Wizardry 8\Engine Code\OctPreTree.cpp,548,m_pAlphaBits->Save(hOctFile),ReadOctFile: Failure writing Alpha Bits.
wiz8--gog-base--wiz8--18a74ff61c65,0046b9a5,direct,0046b060,C:\Projects\Wizardry 8\Engine Code\OctPreTree.cpp,1963,(m_lNumSupports < 30 && m_lNumBlocks < 30),PathNodeObstructed: Too many props affecting one pathnode.
wiz8--gog-base--wiz8--18a74ff61c65,0046bac6,direct,0046b9d0,C:\Projects\Wizardry 8\Engine Code\OctPreTree.cpp,2016,pCondNode,InsertConditionalNodes: Could not allocate CondPathNode stucture.
wiz8--gog-base--wiz8--18a74ff61c65,0046bb75,direct,0046b9d0,C:\Projects\Wizardry 8\Engine Code\OctPreTree.cpp,2024,FALSE,Could not find prop and frame for conditional node.
wiz8--gog-base--wiz8--18a74ff61c65,0046bc79,direct,0046b9d0,C:\Projects\Wizardry 8\Engine Code\OctPreTree.cpp,2044,pCondNode,InsertConditionalNodes: Could not allocate CondPathNode stucture.
wiz8--gog-base--wiz8--18a74ff61c65,0046be84,direct,0046b9d0,C:\Projects\Wizardry 8\Engine Code\OctPreTree.cpp,2052,FALSE,Could not find prop and frame for conditional node.
wiz8--gog-base--wiz8--18a74ff61c65,0046c212,direct,0046c0f0,C:\Projects\Wizardry 8\Engine Code\OctPreTree.cpp,2190,pPreProps[i].pStopMeshes,CreatePathProps: Couldn't allocate GDPreProp objects.
wiz8--gog-base--wiz8--18a74ff61c65,0046c4e8,direct,0046c0f0,C:\Projects\Wizardry 8\Engine Code\OctPreTree.cpp,2221,pPreProps[i].pStopMeshes,CreatePathProps: Couldn't allocate GDPreProp objects.
wiz8--gog-base--wiz8--18a74ff61c65,0046c553,direct,0046c0f0,C:\Projects\Wizardry 8\Engine Code\OctPreTree.cpp,2228,(pLVL->pProps[i].usFrame_Pos[j*2] < (UINT16)(pLVL->pProps[i].bNumFrames)),
wiz8--gog-base--wiz8--18a74ff61c65,0046dca9,direct,0046dc90,C:\Projects\Wizardry 8\Engine Code\3d.cpp,241,psrScene,
wiz8--gog-base--wiz8--18a74ff61c65,0046dd96,register-indirect,0046dd70,C:\Projects\Wizardry 8\Engine Code\3d.cpp,269,pWorld,
wiz8--gog-base--wiz8--18a74ff61c65,0046ddb1,register-indirect,0046dd70,C:\Projects\Wizardry 8\Engine Code\3d.cpp,270,pWorld->plsMonsters,
wiz8--gog-base--wiz8--18a74ff61c65,0046de63,register-indirect,0046de40,C:\Projects\Wizardry 8\Engine Code\3d.cpp,309,pWorld,
wiz8--gog-base--wiz8--18a74ff61c65,0046de80,register-indirect,0046de40,C:\Projects\Wizardry 8\Engine Code\3d.cpp,310,pWorld->plsItems,
wiz8--gog-base--wiz8--18a74ff61c65,0046def3,direct,0046ded0,C:\Projects\Wizardry 8\Engine Code\3d.cpp,344,pWorld && pWorld->plsProps,
wiz8--gog-base--wiz8--18a74ff61c65,0046e068,register-indirect,0046df90,C:\Projects\Wizardry 8\Engine Code\3d.cpp,570,name,
wiz8--gog-base--wiz8--18a74ff61c65,0046e0e4,register-indirect,0046df90,C:\Projects\Wizardry 8\Engine Code\3d.cpp,579,pLight,
wiz8--gog-base--wiz8--18a74ff61c65,0046e15e,direct,0046e140,C:\Projects\Wizardry 8\Engine Code\3d.cpp,603,name,
wiz8--gog-base--wiz8--18a74ff61c65,0046e17f,direct,0046e140,C:\Projects\Wizardry 8\Engine Code\3d.cpp,604,pWorld,
wiz8--gog-base--wiz8--18a74ff61c65,0046e1ab,direct,0046e140,C:\Projects\Wizardry 8\Engine Code\3d.cpp,608,pLight,
wiz8--gog-base--wiz8--18a74ff61c65,0046e272,register-indirect,0046e250,C:\Projects\Wizardry 8\Engine Code\3d.cpp,632,pWorld,
wiz8--gog-base--wiz8--18a74ff61c65,0046e28f,register-indirect,0046e250,C:\Projects\Wizardry 8\Engine Code\3d.cpp,633,pLight,
wiz8--gog-base--wiz8--18a74ff61c65,0046e369,direct,0046e350,C:\Projects\Wizardry 8\Engine Code\3d.cpp,651,pWorld,
wiz8--gog-base--wiz8--18a74ff61c65,0046e3b9,direct,0046e3a0,C:\Projects\Wizardry 8\Engine Code\3d.cpp,663,pWorld,
wiz8--gog-base--wiz8--18a74ff61c65,0046e3ec,direct,0046e3d0,C:\Projects\Wizardry 8\Engine Code\3d.cpp,670,pWorld,
wiz8--gog-base--wiz8--18a74ff61c65,0046e4e0,direct,0046e4a0,C:\Projects\Wizardry 8\Engine Code\3d.cpp,632,pWorld,
wiz8--gog-base--wiz8--18a74ff61c65,0046e4fd,direct,0046e4a0,C:\Projects\Wizardry 8\Engine Code\3d.cpp,633,pLight,
wiz8--gog-base--wiz8--18a74ff61c65,0046ea07,direct,0046e8a0,C:\Projects\Wizardry 8\Engine Code\3d.cpp,1107,psrDIG,
wiz8--gog-base--wiz8--18a74ff61c65,0046f5f7,register-indirect,0046f410,C:\Projects\Wizardry 8\Engine Code\3d.cpp,1471,pstMeshModel,
wiz8--gog-base--wiz8--18a74ff61c65,0046f648,register-indirect,0046f410,C:\Projects\Wizardry 8\Engine Code\3d.cpp,1474,pstHeadInstance,
wiz8--gog-base--wiz8--18a74ff61c65,0046f6b7,register-indirect,0046f410,C:\Projects\Wizardry 8\Engine Code\3d.cpp,1486,pstModelInstance,
wiz8--gog-base--wiz8--18a74ff61c65,0046f708,register-indirect,0046f410,C:\Projects\Wizardry 8\Engine Code\3d.cpp,1489,pstHeadInstance,
wiz8--gog-base--wiz8--18a74ff61c65,004714e1,register-indirect,00471340,C:\Projects\Wizardry 8\Engine Code\stMeshModel.cpp,462,m_psCompVertexLoc[uiCount],
wiz8--gog-base--wiz8--18a74ff61c65,00471543,register-indirect,00471340,C:\Projects\Wizardry 8\Engine Code\stMeshModel.cpp,467,m_pbCompVertexNormal[uiCount],
wiz8--gog-base--wiz8--18a74ff61c65,004715a3,register-indirect,00471340,C:\Projects\Wizardry 8\Engine Code\stMeshModel.cpp,472,m_pbCompPolyNormal[uiCount],
wiz8--gog-base--wiz8--18a74ff61c65,004717cd,direct,00471340,C:\Projects\Wizardry 8\Engine Code\stMeshModel.cpp,579,m_pVertexLoc[uiFrame],
wiz8--gog-base--wiz8--18a74ff61c65,00471873,direct,00471340,C:\Projects\Wizardry 8\Engine Code\stMeshModel.cpp,590,m_pVertexNormal[uiFrame],
wiz8--gog-base--wiz8--18a74ff61c65,0047191e,direct,00471340,C:\Projects\Wizardry 8\Engine Code\stMeshModel.cpp,601,m_pPolyNormal[uiFrame],
wiz8--gog-base--wiz8--18a74ff61c65,00471b64,direct,00471ad0,C:\Projects\Wizardry 8\Engine Code\stMeshModel.cpp,724,m_pLerpBuffer,
wiz8--gog-base--wiz8--18a74ff61c65,00472ace,direct,004729f0,C:\Projects\Wizardry 8\Engine Code\stMeshModel.cpp,1226,l,
wiz8--gog-base--wiz8--18a74ff61c65,00472cab,direct,004729f0,C:\Projects\Wizardry 8\Engine Code\stMeshModel.cpp,1243,vnorm,
wiz8--gog-base--wiz8--18a74ff61c65,0047356f,direct,00473260,C:\Projects\Wizardry 8\Engine Code\stMeshModel.cpp,1485,m_plsSkinBlankingAPT,
wiz8--gog-base--wiz8--18a74ff61c65,00473611,direct,00473260,C:\Projects\Wizardry 8\Engine Code\stMeshModel.cpp,1494,m_plsSkinBlankingAPTNum,
wiz8--gog-base--wiz8--18a74ff61c65,00473696,direct,00473260,C:\Projects\Wizardry 8\Engine Code\stMeshModel.cpp,1503,m_plsSkinBlankingChecked,
wiz8--gog-base--wiz8--18a74ff61c65,00473b1d,direct,00473b00,C:\Projects\Wizardry 8\Engine Code\stMeshModel.cpp,1768,uiFrames,
wiz8--gog-base--wiz8--18a74ff61c65,00473c52,direct,00473bf0,C:\Projects\Wizardry 8\Engine Code\stMeshModel.cpp,1810,pstModel,
wiz8--gog-base--wiz8--18a74ff61c65,0047a6cd,direct,0047a670,C:\Projects\Wizardry 8\Engine Code\AmbientSound.cpp,757,pSound,
wiz8--gog-base--wiz8--18a74ff61c65,0047a719,direct,0047a700,C:\Projects\Wizardry 8\Engine Code\AmbientSound.cpp,765,pAmbient,
wiz8--gog-base--wiz8--18a74ff61c65,0047a7d0,direct,0047a790,C:\Projects\Wizardry 8\Engine Code\AmbientSound.cpp,862,pSound->pacSoundName,AmbientSound.cpp: Error allocating sound name
wiz8--gog-base--wiz8--18a74ff61c65,0047b528,direct,0047b500,C:\Projects\Wizardry 8\Engine Code\Quality.cpp,159,gpQuality,
wiz8--gog-base--wiz8--18a74ff61c65,00480ce5,direct,00480920,C:\Projects\Wizardry 8\Engine Code\stModelInstance.cpp,926,m_pGlowMaterial,
wiz8--gog-base--wiz8--18a74ff61c65,0048264a,register-indirect,00482280,C:\Projects\Wizardry 8\Engine Code\Environment.cpp,634,pWorld,
wiz8--gog-base--wiz8--18a74ff61c65,0048265c,register-indirect,00482280,C:\Projects\Wizardry 8\Engine Code\Environment.cpp,648,pWorld,
wiz8--gog-base--wiz8--18a74ff61c65,00482910,register-indirect,00482280,C:\Projects\Wizardry 8\Engine Code\Environment.cpp,634,pWorld,
wiz8--gog-base--wiz8--18a74ff61c65,00482922,register-indirect,00482280,C:\Projects\Wizardry 8\Engine Code\Environment.cpp,648,pWorld,
wiz8--gog-base--wiz8--18a74ff61c65,00483612,register-indirect,00483360,C:\Projects\Wizardry 8\Engine Code\Environment.cpp,634,pWorld,
wiz8--gog-base--wiz8--18a74ff61c65,00483624,register-indirect,00483360,C:\Projects\Wizardry 8\Engine Code\Environment.cpp,648,pWorld,
wiz8--gog-base--wiz8--18a74ff61c65,00483a02,register-indirect,004839e0,C:\Projects\Wizardry 8\Engine Code\Environment.cpp,616,pWorld,
wiz8--gog-base--wiz8--18a74ff61c65,00483a1f,register-indirect,004839e0,C:\Projects\Wizardry 8\Engine Code\Environment.cpp,617,pLightValue,
wiz8--gog-base--wiz8--18a74ff61c65,00483a80,register-indirect,00483a60,C:\Projects\Wizardry 8\Engine Code\Environment.cpp,634,pWorld,
wiz8--gog-base--wiz8--18a74ff61c65,00483a92,register-indirect,00483a60,C:\Projects\Wizardry 8\Engine Code\Environment.cpp,648,pWorld,
wiz8--gog-base--wiz8--18a74ff61c65,00483ac9,direct,00483ab0,C:\Projects\Wizardry 8\Engine Code\Environment.cpp,648,pWorld,
wiz8--gog-base--wiz8--18a74ff61c65,00483afc,direct,00483ae0,C:\Projects\Wizardry 8\Engine Code\Environment.cpp,664,pWorld,
wiz8--gog-base--wiz8--18a74ff61c65,00483bc3,direct,00483ba0,C:\Projects\Wizardry 8\Engine Code\Environment.cpp,688,pWorld,
wiz8--gog-base--wiz8--18a74ff61c65,00484043,register-indirect,00483ba0,C:\Projects\Wizardry 8\Engine Code\Environment.cpp,664,pWorld,
wiz8--gog-base--wiz8--18a74ff61c65,00484101,register-indirect,00483ba0,C:\Projects\Wizardry 8\Engine Code\Environment.cpp,664,pWorld,
wiz8--gog-base--wiz8--18a74ff61c65,004843a6,register-indirect,00484300,C:\Projects\Wizardry 8\Engine Code\Environment.cpp,664,pWorld,
wiz8--gog-base--wiz8--18a74ff61c65,00484496,register-indirect,00484300,C:\Projects\Wizardry 8\Engine Code\Environment.cpp,664,pWorld,
wiz8--gog-base--wiz8--18a74ff61c65,00485cea,register-indirect,00485c10,C:\Projects\Wizardry 8\Engine Code\ReadMesh.cpp,215,pInfo,
wiz8--gog-base--wiz8--18a74ff61c65,00485d0a,register-indirect,00485c10,C:\Projects\Wizardry 8\Engine Code\ReadMesh.cpp,217,hFile,
wiz8--gog-base--wiz8--18a74ff61c65,00485fab,direct,00485c10,C:\Projects\Wizardry 8\Engine Code\ReadMesh.cpp,270,ppCompVertices,
wiz8--gog-base--wiz8--18a74ff61c65,00485ff0,direct,00485c10,C:\Projects\Wizardry 8\Engine Code\ReadMesh.cpp,276,ppCompVertices[i],
wiz8--gog-base--wiz8--18a74ff61c65,0048602c,direct,00485c10,C:\Projects\Wizardry 8\Engine Code\ReadMesh.cpp,280,fSuccess,
wiz8--gog-base--wiz8--18a74ff61c65,00486056,direct,00485c10,C:\Projects\Wizardry 8\Engine Code\ReadMesh.cpp,305,FALSE,"Uncompressed mesh, please re-export level with newer plugin"
wiz8--gog-base--wiz8--18a74ff61c65,00486092,direct,00485c10,C:\Projects\Wizardry 8\Engine Code\ReadMesh.cpp,313,pstVertices,
wiz8--gog-base--wiz8--18a74ff61c65,004860cd,direct,00485c10,C:\Projects\Wizardry 8\Engine Code\ReadMesh.cpp,315,fSuccess,
wiz8--gog-base--wiz8--18a74ff61c65,00486149,register-indirect,00485c10,C:\Projects\Wizardry 8\Engine Code\ReadMesh.cpp,328,pstFaces,
wiz8--gog-base--wiz8--18a74ff61c65,00486188,register-indirect,00485c10,C:\Projects\Wizardry 8\Engine Code\ReadMesh.cpp,334,pCompPoly,
wiz8--gog-base--wiz8--18a74ff61c65,004861c0,register-indirect,00485c10,C:\Projects\Wizardry 8\Engine Code\ReadMesh.cpp,338,fSuccess,
wiz8--gog-base--wiz8--18a74ff61c65,0048625c,direct,00485c10,C:\Projects\Wizardry 8\Engine Code\ReadMesh.cpp,358,fSuccess,
wiz8--gog-base--wiz8--18a74ff61c65,004862ae,direct,00485c10,C:\Projects\Wizardry 8\Engine Code\ReadMesh.cpp,363,ppsrMats,
wiz8--gog-base--wiz8--18a74ff61c65,004862cb,direct,00485c10,C:\Projects\Wizardry 8\Engine Code\ReadMesh.cpp,364,uiMatCount,
wiz8--gog-base--wiz8--18a74ff61c65,00487e35,register-indirect,00487bd0,C:\Projects\Wizardry 8\Engine Code\ReadMesh.cpp,598,pInfo,
wiz8--gog-base--wiz8--18a74ff61c65,00487e4f,register-indirect,00487bd0,C:\Projects\Wizardry 8\Engine Code\ReadMesh.cpp,599,pInfo->strBitmapDir,
wiz8--gog-base--wiz8--18a74ff61c65,00487e69,register-indirect,00487bd0,C:\Projects\Wizardry 8\Engine Code\ReadMesh.cpp,600,pInfo->pWorld,
wiz8--gog-base--wiz8--18a74ff61c65,00487e83,register-indirect,00487bd0,C:\Projects\Wizardry 8\Engine Code\ReadMesh.cpp,601,pInfo->hFile,
wiz8--gog-base--wiz8--18a74ff61c65,00488291,register-indirect,00488240,C:\Projects\Wizardry 8\Engine Code\ReadMesh.cpp,798,pInfo,
wiz8--gog-base--wiz8--18a74ff61c65,004882b9,register-indirect,00488240,C:\Projects\Wizardry 8\Engine Code\ReadMesh.cpp,799,uiNumMeshes,
wiz8--gog-base--wiz8--18a74ff61c65,004882dc,register-indirect,00488240,C:\Projects\Wizardry 8\Engine Code\ReadMesh.cpp,803,hFile,
wiz8--gog-base--wiz8--18a74ff61c65,0048833c,register-indirect,00488240,C:\Projects\Wizardry 8\Engine Code\ReadMesh.cpp,809,uiMatCount,
wiz8--gog-base--wiz8--18a74ff61c65,00488370,register-indirect,00488240,C:\Projects\Wizardry 8\Engine Code\ReadMesh.cpp,812,(uiTerminator == 0xffffffff),NewReadMesh: Material list length is incorrect.
wiz8--gog-base--wiz8--18a74ff61c65,0048838f,register-indirect,00488240,C:\Projects\Wizardry 8\Engine Code\ReadMesh.cpp,814,(uiNumMeshes == uiMeshNum),NewReadMesh: Mismatch in mesh count between .oct and .pvl files.
wiz8--gog-base--wiz8--18a74ff61c65,0048852c,register-indirect,00488240,C:\Projects\Wizardry 8\Engine Code\ReadMesh.cpp,859,(uiTerminator == 0xffffffff),NewReadMesh: Incorrect offset in file at end of mesh.
wiz8--gog-base--wiz8--18a74ff61c65,00488abc,direct,00488650,C:\Projects\Wizardry 8\Engine Code\ReadMesh.cpp,1115,iPolyType >=0,
wiz8--gog-base--wiz8--18a74ff61c65,0048910a,direct,00488650,C:\Projects\Wizardry 8\Engine Code\ReadMesh.cpp,1255,pstMeshModel[iCount],
wiz8--gog-base--wiz8--18a74ff61c65,0048aa20,direct,0048a7a0,C:\Projects\Wizardry 8\Engine Code\MonGen.cpp,211,pTable,Out of memory allocating monster generation table.
wiz8--gog-base--wiz8--18a74ff61c65,0048aac6,direct,0048a7a0,C:\Projects\Wizardry 8\Engine Code\MonGen.cpp,221,pScript,
wiz8--gog-base--wiz8--18a74ff61c65,0048ae3a,direct,0048ad20,C:\Projects\Wizardry 8\Engine Code\MonGen.cpp,326,pMonsterDB,
wiz8--gog-base--wiz8--18a74ff61c65,0048af69,direct,0048ad20,C:\Projects\Wizardry 8\Engine Code\MonGen.cpp,379,ulNumMonsters,
wiz8--gog-base--wiz8--18a74ff61c65,0048b08c,direct,0048ad20,C:\Projects\Wizardry 8\Engine Code\MonGen.cpp,403,pMonsterDB,
wiz8--gog-base--wiz8--18a74ff61c65,0048b48a,direct,0048ad20,C:\Projects\Wizardry 8\Engine Code\MonGen.cpp,535,m_pTimer,MonGen::Reset() out of memory allocating m_pTimer
wiz8--gog-base--wiz8--18a74ff61c65,0048b7eb,direct,0048b770,C:\Projects\Wizardry 8\Engine Code\MonGen.cpp,777,fSuccess,Couldn't load mongen.itm
wiz8--gog-base--wiz8--18a74ff61c65,0048b8a7,register-indirect,0048b850,C:\Projects\Wizardry 8\Engine Code\MonGen.cpp,777,fSuccess,Couldn't load mongen.itm
wiz8--gog-base--wiz8--18a74ff61c65,0048b93d,register-indirect,0048b850,C:\Projects\Wizardry 8\Engine Code\MonGen.cpp,777,fSuccess,Couldn't load mongen.itm
wiz8--gog-base--wiz8--18a74ff61c65,0048c2a3,direct,0048c110,C:\Projects\Wizardry 8\Engine Code\MonGen.cpp,1162,pMonGen,MonGen::LoadAll() out of memory
wiz8--gog-base--wiz8--18a74ff61c65,0048d7bd,direct,0048d080,C:\Projects\Wizardry 8\Engine Code\stCube.cpp,172,psrSurface,
wiz8--gog-base--wiz8--18a74ff61c65,0048dc15,register-indirect,0048dbf0,C:\Projects\Wizardry 8\Engine Code\stCube.cpp,257,vPos,
wiz8--gog-base--wiz8--18a74ff61c65,0048dc32,register-indirect,0048dbf0,C:\Projects\Wizardry 8\Engine Code\stCube.cpp,258,pCube,
wiz8--gog-base--wiz8--18a74ff61c65,0048dc5f,register-indirect,0048dbf0,C:\Projects\Wizardry 8\Engine Code\stCube.cpp,267,pCube,
wiz8--gog-base--wiz8--18a74ff61c65,0048dce1,register-indirect,0048dcb0,C:\Projects\Wizardry 8\Engine Code\stCube.cpp,292,pstModelInstance,
wiz8--gog-base--wiz8--18a74ff61c65,0048dd0b,register-indirect,0048dcb0,C:\Projects\Wizardry 8\Engine Code\stCube.cpp,295,pstMeshModel,
wiz8--gog-base--wiz8--18a74ff61c65,0048dd36,register-indirect,0048dcb0,C:\Projects\Wizardry 8\Engine Code\stCube.cpp,298,psrTexture,
wiz8--gog-base--wiz8--18a74ff61c65,0048dd6f,register-indirect,0048dcb0,C:\Projects\Wizardry 8\Engine Code\stCube.cpp,304,pBuffer,
wiz8--gog-base--wiz8--18a74ff61c65,0048e625,direct,0048e470,C:\Projects\Wizardry 8\Engine Code\stCube.cpp,968,pCube->pUserdata,
wiz8--gog-base--wiz8--18a74ff61c65,0048ea4a,direct,0048e7b0,C:\Projects\Wizardry 8\Engine Code\stCube.cpp,267,pCube,
wiz8--gog-base--wiz8--18a74ff61c65,0048ef73,direct,0048ef40,C:\Projects\Wizardry 8\Engine Code\stCube.cpp,968,pCube->pUserdata,
wiz8--gog-base--wiz8--18a74ff61c65,00490c93,register-indirect,00490c60,C:\Projects\Wizardry 8\Engine Code\Cursor3d.cpp,392,gp3DCursor,
wiz8--gog-base--wiz8--18a74ff61c65,00490cb2,register-indirect,00490c60,C:\Projects\Wizardry 8\Engine Code\Cursor3d.cpp,393,gp3DCursor->fEnabled,
wiz8--gog-base--wiz8--18a74ff61c65,00497c21,direct,00497af0,C:\Projects\Wizardry 8\Engine Code\stParticle.cpp,65,cnt < 10000,
wiz8--gog-base--wiz8--18a74ff61c65,00498355,direct,00498180,C:\Projects\Wizardry 8\Engine Code\stParticle.cpp,218,pLoc,
wiz8--gog-base--wiz8--18a74ff61c65,004983e1,direct,00498180,C:\Projects\Wizardry 8\Engine Code\stParticle.cpp,228,vUV,
wiz8--gog-base--wiz8--18a74ff61c65,0049842a,direct,00498180,C:\Projects\Wizardry 8\Engine Code\stParticle.cpp,229,vLoc,
wiz8--gog-base--wiz8--18a74ff61c65,00498473,direct,00498180,C:\Projects\Wizardry 8\Engine Code\stParticle.cpp,231,pVertex,
wiz8--gog-base--wiz8--18a74ff61c65,0049ad72,direct,0049acd0,C:\Projects\Wizardry 8\Engine Code\stParticle.cpp,1210,m_pflFlutterAngle,
wiz8--gog-base--wiz8--18a74ff61c65,0049e67f,direct,0049e500,C:\Projects\Wizardry 8\Engine Code\OctSubMesh.cpp,261,fSuccess,
wiz8--gog-base--wiz8--18a74ff61c65,0049e6b1,direct,0049e500,C:\Projects\Wizardry 8\Engine Code\OctSubMesh.cpp,265,fSuccess,
wiz8--gog-base--wiz8--18a74ff61c65,0049e702,register-indirect,0049e500,C:\Projects\Wizardry 8\Engine Code\OctSubMesh.cpp,271,fSuccess,
wiz8--gog-base--wiz8--18a74ff61c65,0049e757,register-indirect,0049e500,C:\Projects\Wizardry 8\Engine Code\OctSubMesh.cpp,278,fSuccess,
wiz8--gog-base--wiz8--18a74ff61c65,0049e79d,register-indirect,0049e500,C:\Projects\Wizardry 8\Engine Code\OctSubMesh.cpp,287,fSuccess,
wiz8--gog-base--wiz8--18a74ff61c65,0049e7de,register-indirect,0049e500,C:\Projects\Wizardry 8\Engine Code\OctSubMesh.cpp,293,fSuccess,
wiz8--gog-base--wiz8--18a74ff61c65,0049e824,register-indirect,0049e500,C:\Projects\Wizardry 8\Engine Code\OctSubMesh.cpp,298,fSuccess,
wiz8--gog-base--wiz8--18a74ff61c65,0049e863,register-indirect,0049e500,C:\Projects\Wizardry 8\Engine Code\OctSubMesh.cpp,304,fSuccess,
wiz8--gog-base--wiz8--18a74ff61c65,0049e8a4,register-indirect,0049e500,C:\Projects\Wizardry 8\Engine Code\OctSubMesh.cpp,310,fSuccess,
wiz8--gog-base--wiz8--18a74ff61c65,0049e8e7,direct,0049e500,C:\Projects\Wizardry 8\Engine Code\OctSubMesh.cpp,316,fSuccess,
wiz8--gog-base--wiz8--18a74ff61c65,0049e93b,direct,0049e500,C:\Projects\Wizardry 8\Engine Code\OctSubMesh.cpp,323,fSuccess,
wiz8--gog-base--wiz8--18a74ff61c65,0049ecb0,direct,0049e500,C:\Projects\Wizardry 8\Engine Code\OctSubMesh.cpp,429,m_plVertMats[iCount] >= 0,
wiz8--gog-base--wiz8--18a74ff61c65,0049ee0c,direct,0049e500,C:\Projects\Wizardry 8\Engine Code\OctSubMesh.cpp,466,m_plVertMats[iCount] >= 0,
wiz8--gog-base--wiz8--18a74ff61c65,0049f1a7,direct,0049f120,C:\Projects\Wizardry 8\Engine Code\Item.cpp,126,pInfo && pInfo->hFile && pItem,
wiz8--gog-base--wiz8--18a74ff61c65,0049f207,direct,0049f120,C:\Projects\Wizardry 8\Engine Code\Item.cpp,140,fSuccess && psrMesh,
wiz8--gog-base--wiz8--18a74ff61c65,0049f4ca,direct,0049f4a0,C:\Projects\Wizardry 8\Engine Code\Item.cpp,282,pacName && ppItem,
wiz8--gog-base--wiz8--18a74ff61c65,0049f60b,register-indirect,0049f4a0,C:\Projects\Wizardry 8\Engine Code\Item.cpp,349,pInfo,
wiz8--gog-base--wiz8--18a74ff61c65,0049f6e7,register-indirect,0049f4a0,C:\Projects\Wizardry 8\Engine Code\Item.cpp,353,pItem,
wiz8--gog-base--wiz8--18a74ff61c65,0049f759,direct,0049f4a0,C:\Projects\Wizardry 8\Engine Code\Item.cpp,458,m_pRep,
wiz8--gog-base--wiz8--18a74ff61c65,0049f928,register-indirect,0049f900,C:\Projects\Wizardry 8\Engine Code\Item.cpp,529,pWorld,
wiz8--gog-base--wiz8--18a74ff61c65,0049f959,register-indirect,0049f900,C:\Projects\Wizardry 8\Engine Code\Item.cpp,537,psrMesh,
wiz8--gog-base--wiz8--18a74ff61c65,0049fa53,register-indirect,0049f900,C:\Projects\Wizardry 8\Engine Code\Item.cpp,586,pWorld,
wiz8--gog-base--wiz8--18a74ff61c65,0049fa72,register-indirect,0049f900,C:\Projects\Wizardry 8\Engine Code\Item.cpp,591,psrMesh,
wiz8--gog-base--wiz8--18a74ff61c65,0049fac2,direct,0049faa0,C:\Projects\Wizardry 8\Engine Code\Item.cpp,614,m_pRep->m_psrMesh,
wiz8--gog-base--wiz8--18a74ff61c65,004a01c0,direct,004a01a0,C:\Projects\Wizardry 8\Engine Code\AnimObj.cpp,36,pao,
wiz8--gog-base--wiz8--18a74ff61c65,004a0345,direct,004a0320,C:\Projects\Wizardry 8\Engine Code\AnimObj.cpp,36,pao,
wiz8--gog-base--wiz8--18a74ff61c65,004a04c7,direct,004a0320,C:\Projects\Wizardry 8\Engine Code\AnimObj.cpp,657,pao,
wiz8--gog-base--wiz8--18a74ff61c65,004a0617,register-indirect,004a05c0,C:\Projects\Wizardry 8\Engine Code\AnimObj.cpp,239,pInfo && pInfo->hFile && pao,
wiz8--gog-base--wiz8--18a74ff61c65,004a0790,register-indirect,004a05c0,C:\Projects\Wizardry 8\Engine Code\AnimObj.cpp,279,fSuccess,
wiz8--gog-base--wiz8--18a74ff61c65,004a08c9,direct,004a05c0,C:\Projects\Wizardry 8\Engine Code\AnimObj.cpp,300,pao->pfKnownBBoxFrames && pao->pvecBoundMin && pao->pvecBoundMax,
wiz8--gog-base--wiz8--18a74ff61c65,004a106f,direct,004a05c0,C:\Projects\Wizardry 8\Engine Code\AnimObj.cpp,434,0,AnimObjReadFromFile: Where is the light list?
wiz8--gog-base--wiz8--18a74ff61c65,004a10f7,direct,004a05c0,C:\Projects\Wizardry 8\Engine Code\AnimObj.cpp,453,fSuccess,
wiz8--gog-base--wiz8--18a74ff61c65,004a1269,direct,004a05c0,C:\Projects\Wizardry 8\Engine Code\AnimObj.cpp,512,fSuccess,
wiz8--gog-base--wiz8--18a74ff61c65,004a12bc,direct,004a05c0,C:\Projects\Wizardry 8\Engine Code\AnimObj.cpp,520,fSuccess,
wiz8--gog-base--wiz8--18a74ff61c65,004a1310,direct,004a05c0,C:\Projects\Wizardry 8\Engine Code\AnimObj.cpp,527,fSuccess,
wiz8--gog-base--wiz8--18a74ff61c65,004a1355,direct,004a05c0,C:\Projects\Wizardry 8\Engine Code\AnimObj.cpp,535,fSuccess,
wiz8--gog-base--wiz8--18a74ff61c65,004a13ea,direct,004a05c0,C:\Projects\Wizardry 8\Engine Code\AnimObj.cpp,657,pao,
wiz8--gog-base--wiz8--18a74ff61c65,004a1434,direct,004a05c0,C:\Projects\Wizardry 8\Engine Code\AnimObj.cpp,657,pao,
wiz8--gog-base--wiz8--18a74ff61c65,004a1477,direct,004a05c0,C:\Projects\Wizardry 8\Engine Code\AnimObj.cpp,657,pao,
wiz8--gog-base--wiz8--18a74ff61c65,004a14ea,direct,004a14d0,C:\Projects\Wizardry 8\Engine Code\AnimObj.cpp,579,pao,
wiz8--gog-base--wiz8--18a74ff61c65,004a157a,direct,004a1560,C:\Projects\Wizardry 8\Engine Code\AnimObj.cpp,620,pao,
wiz8--gog-base--wiz8--18a74ff61c65,004a15e9,direct,004a15d0,C:\Projects\Wizardry 8\Engine Code\AnimObj.cpp,657,pao,
wiz8--gog-base--wiz8--18a74ff61c65,004a1639,direct,004a1620,C:\Projects\Wizardry 8\Engine Code\AnimObj.cpp,679,pao,
wiz8--gog-base--wiz8--18a74ff61c65,004a1679,direct,004a1660,C:\Projects\Wizardry 8\Engine Code\AnimObj.cpp,701,pao,
wiz8--gog-base--wiz8--18a74ff61c65,004a16d9,direct,004a16c0,C:\Projects\Wizardry 8\Engine Code\AnimObj.cpp,723,pao,
wiz8--gog-base--wiz8--18a74ff61c65,004a173d,register-indirect,004a1710,C:\Projects\Wizardry 8\Engine Code\AnimObj.cpp,767,pao,
wiz8--gog-base--wiz8--18a74ff61c65,004a18ee,direct,004a1710,C:\Projects\Wizardry 8\Engine Code\AnimObj.cpp,798,pao->pfKnownBBoxFrames && pao->pvecBoundMin && pao->pvecBoundMax,
wiz8--gog-base--wiz8--18a74ff61c65,004a194a,direct,004a1710,C:\Projects\Wizardry 8\Engine Code\AnimObj.cpp,679,pao,
wiz8--gog-base--wiz8--18a74ff61c65,004a19cb,direct,004a1710,C:\Projects\Wizardry 8\Engine Code\AnimObj.cpp,620,pao,
wiz8--gog-base--wiz8--18a74ff61c65,004a1a20,direct,004a1710,C:\Projects\Wizardry 8\Engine Code\AnimObj.cpp,723,pao,
wiz8--gog-base--wiz8--18a74ff61c65,004a1b6b,direct,004a1710,C:\Projects\Wizardry 8\Engine Code\AnimObj.cpp,620,pao,
wiz8--gog-base--wiz8--18a74ff61c65,004a1bc4,direct,004a1710,C:\Projects\Wizardry 8\Engine Code\AnimObj.cpp,723,pao,
wiz8--gog-base--wiz8--18a74ff61c65,004a1dd9,direct,004a1dc0,C:\Projects\Wizardry 8\Engine Code\AnimObj.cpp,945,pao,
wiz8--gog-base--wiz8--18a74ff61c65,004a2172,direct,004a2140,..\Engine Code\Include\stLight.hpp,86,pNew,
wiz8--gog-base--wiz8--18a74ff61c65,004a22dc,direct,004a2230,..\Engine Code\Include\stLight.hpp,147,pNew,
wiz8--gog-base--wiz8--18a74ff61c65,004a2731,direct,004a2670,C:\Projects\Wizardry 8\Engine Code\Missile.cpp,126,pao,
wiz8--gog-base--wiz8--18a74ff61c65,004a27de,direct,004a27c0,C:\Projects\Wizardry 8\Engine Code\Missile.cpp,200,pWorld,
wiz8--gog-base--wiz8--18a74ff61c65,004a2cd8,direct,004a28d0,C:\Projects\Wizardry 8\Engine Code\Missile.cpp,288,pMissile->GrObject::GetAI(),
wiz8--gog-base--wiz8--18a74ff61c65,004a2f4f,direct,004a2db0,C:\Projects\Wizardry 8\Engine Code\Missile.cpp,388,plsNewLights,Out of memory creating monster light list
wiz8--gog-base--wiz8--18a74ff61c65,004a303c,direct,004a2db0,C:\Projects\Wizardry 8\Engine Code\Missile.cpp,396,pstNewLight,Out of memory creating monster light
wiz8--gog-base--wiz8--18a74ff61c65,004a339d,direct,004a3300,C:\Projects\Wizardry 8\Engine Code\Missile.cpp,479,pInfo && pInfo->hFile && pMissile,
wiz8--gog-base--wiz8--18a74ff61c65,004a35dd,register-indirect,004a3300,C:\Projects\Wizardry 8\Engine Code\Missile.cpp,1003,pMissile,
wiz8--gog-base--wiz8--18a74ff61c65,004a35fb,register-indirect,004a3300,C:\Projects\Wizardry 8\Engine Code\Missile.cpp,1009,pAI->ubAIType == AI_TYPE_MISSILE,
wiz8--gog-base--wiz8--18a74ff61c65,004a3620,register-indirect,004a3300,C:\Projects\Wizardry 8\Engine Code\Missile.cpp,645,*ppMissile,
wiz8--gog-base--wiz8--18a74ff61c65,004a3813,direct,004a3300,C:\Projects\Wizardry 8\Engine Code\Missile.cpp,815,pacName,
wiz8--gog-base--wiz8--18a74ff61c65,004a3946,direct,004a3300,C:\Projects\Wizardry 8\Engine Code\Missile.cpp,815,pacName,
wiz8--gog-base--wiz8--18a74ff61c65,004a3a13,direct,004a3300,C:\Projects\Wizardry 8\Engine Code\Missile.cpp,815,pacName,
wiz8--gog-base--wiz8--18a74ff61c65,004a3de8,direct,004a3c10,C:\Projects\Wizardry 8\Engine Code\Missile.cpp,910,m_pRep,
wiz8--gog-base--wiz8--18a74ff61c65,004a424a,register-indirect,004a4180,C:\Projects\Wizardry 8\Engine Code\Missile.cpp,1195,pMissile,
wiz8--gog-base--wiz8--18a74ff61c65,004a42ce,direct,004a4180,C:\Projects\Wizardry 8\Engine Code\Missile.cpp,1215,bCycle<MISSILE_NUM_CYCLES,
wiz8--gog-base--wiz8--18a74ff61c65,004a4330,direct,004a4300,C:\Projects\Wizardry 8\Engine Code\Missile.cpp,1238,bCycle >= MISSILE_CYCLE_FIRST && bCycle <= MISSILE_CYCLE_LAST,
wiz8--gog-base--wiz8--18a74ff61c65,004a461c,direct,004a45f0,C:\Projects\Wizardry 8\Engine Code\Missile.cpp,1374,pao,
wiz8--gog-base--wiz8--18a74ff61c65,004a4a00,direct,004a49e0,C:\Projects\Wizardry 8\Engine Code\Missile.cpp,1733,m_Source.iType == SOURCE_TYPE_CHAR,
wiz8--gog-base--wiz8--18a74ff61c65,004a53c2,direct,004a53a0,C:\Projects\Wizardry 8\Engine Code\Missile.cpp,2157,pAIMissile,
wiz8--gog-base--wiz8--18a74ff61c65,004a56a6,direct,004a5450,C:\Projects\Wizardry 8\Engine Code\Missile.cpp,2262,s_pMissileTable,
wiz8--gog-base--wiz8--18a74ff61c65,004a6121,direct,004a5f20,C:\Projects\Wizardry 8\Engine Code\GrCycle.cpp,203,pstLight,Out of memory creating monster light
wiz8--gog-base--wiz8--18a74ff61c65,004a629b,direct,004a5f20,C:\Projects\Wizardry 8\Engine Code\GrCycle.cpp,227,m_plsShakeEvents,
wiz8--gog-base--wiz8--18a74ff61c65,004a6318,direct,004a5f20,C:\Projects\Wizardry 8\Engine Code\GrCycle.cpp,233,pEvent,
wiz8--gog-base--wiz8--18a74ff61c65,004a6430,direct,004a5f20,C:\Projects\Wizardry 8\Engine Code\GrCycle.cpp,246,m_plsParticles,
wiz8--gog-base--wiz8--18a74ff61c65,004a64f9,direct,004a5f20,C:\Projects\Wizardry 8\Engine Code\GrCycle.cpp,102,m_pstParticles,
wiz8--gog-base--wiz8--18a74ff61c65,004a652e,direct,004a5f20,C:\Projects\Wizardry 8\Engine Code\GrCycle.cpp,251,pPartSys,
wiz8--gog-base--wiz8--18a74ff61c65,004a6811,direct,004a67e0,C:\Projects\Wizardry 8\Engine Code\GrCycle.cpp,374,pacName && ppCycle,
wiz8--gog-base--wiz8--18a74ff61c65,004a694f,direct,004a67e0,C:\Projects\Wizardry 8\Engine Code\GrCycle.cpp,408,fSuccess,
wiz8--gog-base--wiz8--18a74ff61c65,004a69b3,register-indirect,004a6970,C:\Projects\Wizardry 8\Engine Code\GrCycle.cpp,442,pInfo,
wiz8--gog-base--wiz8--18a74ff61c65,004a6a1c,register-indirect,004a6970,C:\Projects\Wizardry 8\Engine Code\GrCycle.cpp,466,pCycle,
wiz8--gog-base--wiz8--18a74ff61c65,004a6a83,register-indirect,004a6970,C:\Projects\Wizardry 8\Engine Code\GrCycle.cpp,486,fSuccess,
wiz8--gog-base--wiz8--18a74ff61c65,004a6c3e,direct,004a6970,C:\Projects\Wizardry 8\Engine Code\GrCycle.cpp,513,pPartSys,
wiz8--gog-base--wiz8--18a74ff61c65,004a7077,direct,004a6fc0,C:\Projects\Wizardry 8\Engine Code\GrCycle.cpp,1598,(bBehaviour >= BEHAVIOUR_FIRST) && (bBehaviour <= BEHAVIOUR_LAST),
wiz8--gog-base--wiz8--18a74ff61c65,004a743f,direct,004a7420,C:\Projects\Wizardry 8\Engine Code\GrCycle.cpp,942,pRep,
wiz8--gog-base--wiz8--18a74ff61c65,004a74a6,register-indirect,004a7470,C:\Projects\Wizardry 8\Engine Code\GrCycle.cpp,977,pWorld,
wiz8--gog-base--wiz8--18a74ff61c65,004a7526,direct,004a7470,C:\Projects\Wizardry 8\Engine Code\GrCycle.cpp,996,psrMesh,
wiz8--gog-base--wiz8--18a74ff61c65,004a7731,direct,004a7470,C:\Projects\Wizardry 8\Engine Code\GrCycle.cpp,1039,psrMesh,
wiz8--gog-base--wiz8--18a74ff61c65,004a7aeb,direct,004a7470,C:\Projects\Wizardry 8\Engine Code\GrCycle.cpp,1142,psrMesh,
wiz8--gog-base--wiz8--18a74ff61c65,004a7b57,direct,004a7470,C:\Projects\Wizardry 8\Engine Code\GrCycle.cpp,1156,pWorld,
wiz8--gog-base--wiz8--18a74ff61c65,004a7e29,direct,004a7dd0,C:\Projects\Wizardry 8\Engine Code\GrCycle.cpp,1345,0,
wiz8--gog-base--wiz8--18a74ff61c65,004a82d8,register-indirect,004a8250,C:\Projects\Wizardry 8\Engine Code\GrCycle.cpp,1521,bLOD >= 0 && bLOD < NUM_LODS,
wiz8--gog-base--wiz8--18a74ff61c65,004a82f2,register-indirect,004a8250,C:\Projects\Wizardry 8\Engine Code\GrCycle.cpp,1522,bFrame >= 0,
wiz8--gog-base--wiz8--18a74ff61c65,004a8310,register-indirect,004a8250,C:\Projects\Wizardry 8\Engine Code\GrCycle.cpp,1523,bCycle >= 0,
wiz8--gog-base--wiz8--18a74ff61c65,004a8388,register-indirect,004a8250,C:\Projects\Wizardry 8\Engine Code\GrCycle.cpp,1521,bLOD >= 0 && bLOD < NUM_LODS,
wiz8--gog-base--wiz8--18a74ff61c65,004a83a6,register-indirect,004a8250,C:\Projects\Wizardry 8\Engine Code\GrCycle.cpp,1522,bFrame >= 0,
wiz8--gog-base--wiz8--18a74ff61c65,004a83c4,register-indirect,004a8250,C:\Projects\Wizardry 8\Engine Code\GrCycle.cpp,1523,bCycle >= 0,
wiz8--gog-base--wiz8--18a74ff61c65,004a8488,direct,004a8430,C:\Projects\Wizardry 8\Engine Code\GrCycle.cpp,1598,(bBehaviour >= BEHAVIOUR_FIRST) && (bBehaviour <= BEHAVIOUR_LAST),
wiz8--gog-base--wiz8--18a74ff61c65,004a84e8,direct,004a84c0,C:\Projects\Wizardry 8\Engine Code\GrCycle.cpp,1656,!m_fDeleteLights || (m_fDeleteLights && !m_plsLights),
wiz8--gog-base--wiz8--18a74ff61c65,004a869d,register-indirect,004a8650,C:\Projects\Wizardry 8\Engine Code\GrCycle.cpp,1732,plsCyclesOfAName->Length(),
wiz8--gog-base--wiz8--18a74ff61c65,004a8743,direct,004a8650,C:\Projects\Wizardry 8\Engine Code\GrCycle.cpp,1766,plsCyclesOfAName->Length(),
wiz8--gog-base--wiz8--18a74ff61c65,004a8815,direct,004a87a0,C:\Projects\Wizardry 8\Engine Code\GrCycle.cpp,1801,plsCyclesOfThisName->Length(),
wiz8--gog-base--wiz8--18a74ff61c65,004a8875,direct,004a87a0,C:\Projects\Wizardry 8\Engine Code\GrCycle.cpp,1830,plsCyclesOfAName->Length(),
wiz8--gog-base--wiz8--18a74ff61c65,004a8aa7,direct,004a87a0,C:\Projects\Wizardry 8\Engine Code\GrCycle.cpp,1891,plsCyclesOfThisName->Length(),
wiz8--gog-base--wiz8--18a74ff61c65,004a922e,direct,004a91f0,C:\Projects\Wizardry 8\Engine Code\PathAI.CPP,1429,pPathAI&&pRep,
wiz8--gog-base--wiz8--18a74ff61c65,004a93fb,register-indirect,004a91f0,C:\Projects\Wizardry 8\Engine Code\PathAI.CPP,260,pPathAI->pRotations,
wiz8--gog-base--wiz8--18a74ff61c65,004a9442,register-indirect,004a91f0,C:\Projects\Wizardry 8\Engine Code\PathAI.CPP,266,pPathAI->pvecScales,
wiz8--gog-base--wiz8--18a74ff61c65,004a98ff,direct,004a9810,C:\Projects\Wizardry 8\Engine Code\PathAI.CPP,495,pPathAI,
wiz8--gog-base--wiz8--18a74ff61c65,004a9c63,direct,004a9bb0,C:\Projects\Wizardry 8\Engine Code\PathAI.CPP,662,pPathAI,
wiz8--gog-base--wiz8--18a74ff61c65,004a9c81,direct,004a9bb0,C:\Projects\Wizardry 8\Engine Code\PathAI.CPP,663,pPathAI->plsPoints,
wiz8--gog-base--wiz8--18a74ff61c65,004a9de4,direct,004a9bb0,C:\Projects\Wizardry 8\Engine Code\PathAI.CPP,1134,pPathAI,
wiz8--gog-base--wiz8--18a74ff61c65,004a9f39,direct,004a9f20,C:\Projects\Wizardry 8\Engine Code\PathAI.CPP,1083,pPathAI,
wiz8--gog-base--wiz8--18a74ff61c65,004a9f7c,direct,004a9f60,C:\Projects\Wizardry 8\Engine Code\PathAI.CPP,1134,pPathAI,
wiz8--gog-base--wiz8--18a74ff61c65,004aa210,direct,004aa1f0,C:\Projects\Wizardry 8\Engine Code\PathAI.CPP,1312,pPathAI,
wiz8--gog-base--wiz8--18a74ff61c65,004aa396,register-indirect,004aa370,C:\Projects\Wizardry 8\Engine Code\PathAI.CPP,1511,pPathAI,
wiz8--gog-base--wiz8--18a74ff61c65,004aa3bc,register-indirect,004aa370,C:\Projects\Wizardry 8\Engine Code\PathAI.CPP,1512,pPathAI->flPosition>=0.0f,
wiz8--gog-base--wiz8--18a74ff61c65,004aa9e9,direct,004aa9d0,C:\Projects\Wizardry 8\Engine Code\PathAI.CPP,1756,pPathAI,
wiz8--gog-base--wiz8--18a74ff61c65,004aaa29,direct,004aaa10,C:\Projects\Wizardry 8\Engine Code\PathAI.CPP,1774,pPathAI,
wiz8--gog-base--wiz8--18a74ff61c65,004aab9e,direct,004aab80,C:\Projects\Wizardry 8\Engine Code\Spells.cpp,304,pWorld,
wiz8--gog-base--wiz8--18a74ff61c65,004aaedd,direct,004aad20,C:\Projects\Wizardry 8\Engine Code\Spells.cpp,408,plsNewLights,Out of memory creating monster light list
wiz8--gog-base--wiz8--18a74ff61c65,004aafca,direct,004aad20,C:\Projects\Wizardry 8\Engine Code\Spells.cpp,416,pstNewLight,Out of memory creating monster light
wiz8--gog-base--wiz8--18a74ff61c65,004ab2e4,direct,004ab1c0,C:\Projects\Wizardry 8\Engine Code\Spells.cpp,512,pao,
wiz8--gog-base--wiz8--18a74ff61c65,004ab3e9,direct,004ab340,C:\Projects\Wizardry 8\Engine Code\Spells.cpp,602,pInfo && pInfo->hFile && pSpell,
wiz8--gog-base--wiz8--18a74ff61c65,004ab68e,register-indirect,004ab340,C:\Projects\Wizardry 8\Engine Code\Spells.cpp,1030,pSpell,
wiz8--gog-base--wiz8--18a74ff61c65,004ab6b0,register-indirect,004ab340,C:\Projects\Wizardry 8\Engine Code\Spells.cpp,760,*ppSpell,
wiz8--gog-base--wiz8--18a74ff61c65,004ab792,direct,004ab340,C:\Projects\Wizardry 8\Engine Code\Spells.cpp,1330,pacName,
wiz8--gog-base--wiz8--18a74ff61c65,004ab903,direct,004ab340,C:\Projects\Wizardry 8\Engine Code\Spells.cpp,1330,pacName,
wiz8--gog-base--wiz8--18a74ff61c65,004ab9d0,direct,004ab340,C:\Projects\Wizardry 8\Engine Code\Spells.cpp,1330,pacName,
wiz8--gog-base--wiz8--18a74ff61c65,004abb5d,direct,004ab340,C:\Projects\Wizardry 8\Engine Code\Spells.cpp,869,*ppSpell,
wiz8--gog-base--wiz8--18a74ff61c65,004abcbe,direct,004abbb0,C:\Projects\Wizardry 8\Engine Code\Spells.cpp,960,m_pRep,
wiz8--gog-base--wiz8--18a74ff61c65,004ac404,direct,004ac390,C:\Projects\Wizardry 8\Engine Code\Spells.cpp,1308,pSpell,
wiz8--gog-base--wiz8--18a74ff61c65,004ac4fe,direct,004ac4e0,C:\Projects\Wizardry 8\Engine Code\Spells.cpp,1370,bCycle<SPELL_NUM_CYCLES,
wiz8--gog-base--wiz8--18a74ff61c65,004ac5a4,direct,004ac530,C:\Projects\Wizardry 8\Engine Code\Spells.cpp,1473,bCycle >= SPELL_CYCLE_FIRST && bCycle <= SPELL_CYCLE_LAST,
wiz8--gog-base--wiz8--18a74ff61c65,004ac8cc,direct,004ac8a0,C:\Projects\Wizardry 8\Engine Code\Spells.cpp,1619,pao,
wiz8--gog-base--wiz8--18a74ff61c65,004accb9,direct,004ac8a0,C:\Projects\Wizardry 8\Engine Code\Spells.cpp,1908,s_pSpellTable,
wiz8--gog-base--wiz8--18a74ff61c65,004acdac,register-indirect,004acd80,C:\Projects\Wizardry 8\Engine Code\Spells.cpp,2089,pMonster,
wiz8--gog-base--wiz8--18a74ff61c65,004acdcb,register-indirect,004acd80,C:\Projects\Wizardry 8\Engine Code\Spells.cpp,2091,pMonRep,
wiz8--gog-base--wiz8--18a74ff61c65,004acdeb,register-indirect,004acd80,C:\Projects\Wizardry 8\Engine Code\Spells.cpp,2092,pMonRep->GetSpellIcons(),
wiz8--gog-base--wiz8--18a74ff61c65,004ace17,register-indirect,004acd80,C:\Projects\Wizardry 8\Engine Code\Spells.cpp,2095,iIcon != SPELL_ICON_NONE,
wiz8--gog-base--wiz8--18a74ff61c65,004ace87,register-indirect,004acd80,C:\Projects\Wizardry 8\Engine Code\Spells.cpp,2075,pSpellMI,
wiz8--gog-base--wiz8--18a74ff61c65,004acfaa,direct,004acf90,C:\Projects\Wizardry 8\Engine Code\Spells.cpp,2130,pMonster,
wiz8--gog-base--wiz8--18a74ff61c65,004acfcd,direct,004acf90,C:\Projects\Wizardry 8\Engine Code\Spells.cpp,2132,pMonRep,
wiz8--gog-base--wiz8--18a74ff61c65,004ad017,direct,004acf90,C:\Projects\Wizardry 8\Engine Code\Spells.cpp,2075,pSpellMI,
wiz8--gog-base--wiz8--18a74ff61c65,004ad0b5,direct,004ad080,C:\Projects\Wizardry 8\Engine Code\Spells.cpp,2169,pMLS && strlen(pMLS),
wiz8--gog-base--wiz8--18a74ff61c65,004ad45d,direct,004ad430,C:\Projects\Wizardry 8\Engine Code\Spells.cpp,2228,pMLS && strlen(pMLS),
wiz8--gog-base--wiz8--18a74ff61c65,004ad663,register-indirect,004ad630,C:\Projects\Wizardry 8\Engine Code\Spells.cpp,2281,pMLS && strlen(pMLS),
wiz8--gog-base--wiz8--18a74ff61c65,004ad680,register-indirect,004ad630,C:\Projects\Wizardry 8\Engine Code\Spells.cpp,2282,pMonster,
wiz8--gog-base--wiz8--18a74ff61c65,004ad8cd,direct,004ad8a0,C:\Projects\Wizardry 8\Engine Code\Spells.cpp,2367,pMLS && strlen(pMLS),
wiz8--gog-base--wiz8--18a74ff61c65,004adb4d,direct,004adb20,C:\Projects\Wizardry 8\Engine Code\Spells.cpp,2449,pMLS && strlen(pMLS),
wiz8--gog-base--wiz8--18a74ff61c65,004b1b27,register-indirect,004b19f0,C:\Projects\Wizardry 8\Engine Code\OctBuildPreTree.cpp,1777,m_pulRegPaths,
wiz8--gog-base--wiz8--18a74ff61c65,004b1b7d,register-indirect,004b19f0,C:\Projects\Wizardry 8\Engine Code\OctBuildPreTree.cpp,1779,m_psrvRegCenters,
wiz8--gog-base--wiz8--18a74ff61c65,004b546a,direct,004b53d0,C:\Projects\Wizardry 8\Engine Code\AnimRep.cpp,78,gpsrTimer,
wiz8--gog-base--wiz8--18a74ff61c65,004b5587,direct,004b54a0,C:\Projects\Wizardry 8\Engine Code\AnimRep.cpp,100,gpsrTimer,
wiz8--gog-base--wiz8--18a74ff61c65,004b55e0,direct,004b55c0,C:\Projects\Wizardry 8\Engine Code\AnimRep.cpp,106,bFrameMethod >= DIR_FIRST && bFrameMethod <= DIR_LAST,
wiz8--gog-base--wiz8--18a74ff61c65,004b580b,register-indirect,004b57e0,C:\Projects\Wizardry 8\Engine Code\AniMesh.cpp,114,pAniMesh,
wiz8--gog-base--wiz8--18a74ff61c65,004b5847,register-indirect,004b57e0,C:\Projects\Wizardry 8\Engine Code\AniMesh.cpp,122,pAniMesh->strBitmapDir,
wiz8--gog-base--wiz8--18a74ff61c65,004b5861,register-indirect,004b57e0,C:\Projects\Wizardry 8\Engine Code\AniMesh.cpp,123,pAniMesh->strFilename,
wiz8--gog-base--wiz8--18a74ff61c65,004b589a,direct,004b5880,C:\Projects\Wizardry 8\Engine Code\AniMesh.cpp,145,pAniMesh,
wiz8--gog-base--wiz8--18a74ff61c65,004b58ec,direct,004b58d0,C:\Projects\Wizardry 8\Engine Code\AniMesh.cpp,176,pOther,
wiz8--gog-base--wiz8--18a74ff61c65,004b5918,direct,004b58d0,C:\Projects\Wizardry 8\Engine Code\AniMesh.cpp,180,pAniMesh,
wiz8--gog-base--wiz8--18a74ff61c65,004b59b6,direct,004b58d0,C:\Projects\Wizardry 8\Engine Code\AniMesh.cpp,198,pAniMesh->strBitmapDir,
wiz8--gog-base--wiz8--18a74ff61c65,004b59d7,direct,004b58d0,C:\Projects\Wizardry 8\Engine Code\AniMesh.cpp,199,pAniMesh->strFilename,
wiz8--gog-base--wiz8--18a74ff61c65,004b5a4e,direct,004b58d0,C:\Projects\Wizardry 8\Engine Code\AniMesh.cpp,212,pAniMesh->ppsrMeshes,
wiz8--gog-base--wiz8--18a74ff61c65,004b5ab1,direct,004b58d0,C:\Projects\Wizardry 8\Engine Code\AniMesh.cpp,222,pAniMesh->ppsrMeshes,
wiz8--gog-base--wiz8--18a74ff61c65,004b5b53,direct,004b5b30,C:\Projects\Wizardry 8\Engine Code\AniMesh.cpp,261,pInfo&&pAniMesh,
wiz8--gog-base--wiz8--18a74ff61c65,004b5d58,direct,004b5d00,C:\Projects\Wizardry 8\Engine Code\AniMesh.cpp,409,0,
wiz8--gog-base--wiz8--18a74ff61c65,004b5dc4,direct,004b5d00,C:\Projects\Wizardry 8\Engine Code\AniMesh.cpp,429,fSuccess,
wiz8--gog-base--wiz8--18a74ff61c65,004b5e9e,register-indirect,004b5d00,C:\Projects\Wizardry 8\Engine Code\AniMesh.cpp,453,fSuccess,
wiz8--gog-base--wiz8--18a74ff61c65,004b5ef6,register-indirect,004b5d00,C:\Projects\Wizardry 8\Engine Code\AniMesh.cpp,464,pAniMesh->ppsrMeshes,
wiz8--gog-base--wiz8--18a74ff61c65,004b5f37,register-indirect,004b5d00,C:\Projects\Wizardry 8\Engine Code\AniMesh.cpp,475,pAniMesh->ppsrMeshes,
wiz8--gog-base--wiz8--18a74ff61c65,004b6066,direct,004b5d00,C:\Projects\Wizardry 8\Engine Code\AniMesh.cpp,497,fSuccess,
wiz8--gog-base--wiz8--18a74ff61c65,004b60e4,register-indirect,004b5d00,C:\Projects\Wizardry 8\Engine Code\AniMesh.cpp,702,pAniMesh,
wiz8--gog-base--wiz8--18a74ff61c65,004b6114,register-indirect,004b5d00,C:\Projects\Wizardry 8\Engine Code\AniMesh.cpp,710,0,
wiz8--gog-base--wiz8--18a74ff61c65,004b618f,direct,004b5d00,C:\Projects\Wizardry 8\Engine Code\AniMesh.cpp,702,pAniMesh,
wiz8--gog-base--wiz8--18a74ff61c65,004b61c1,direct,004b5d00,C:\Projects\Wizardry 8\Engine Code\AniMesh.cpp,710,0,
wiz8--gog-base--wiz8--18a74ff61c65,004b62de,register-indirect,004b6290,C:\Projects\Wizardry 8\Engine Code\AniMesh.cpp,575,fi.hFile,
wiz8--gog-base--wiz8--18a74ff61c65,004b6409,direct,004b63f0,C:\Projects\Wizardry 8\Engine Code\AniMesh.cpp,650,pAniMesh,
wiz8--gog-base--wiz8--18a74ff61c65,004b6463,direct,004b63f0,C:\Projects\Wizardry 8\Engine Code\AniMesh.cpp,710,0,
wiz8--gog-base--wiz8--18a74ff61c65,004b6509,direct,004b64f0,C:\Projects\Wizardry 8\Engine Code\AniMesh.cpp,702,pAniMesh,
wiz8--gog-base--wiz8--18a74ff61c65,004b653d,direct,004b64f0,C:\Projects\Wizardry 8\Engine Code\AniMesh.cpp,710,0,
wiz8--gog-base--wiz8--18a74ff61c65,004b659a,direct,004b6550,C:\Projects\Wizardry 8\Engine Code\AniMesh.cpp,750,0,
wiz8--gog-base--wiz8--18a74ff61c65,004b6622,direct,004b6550,C:\Projects\Wizardry 8\Engine Code\AniMesh.cpp,742,0,
wiz8--gog-base--wiz8--18a74ff61c65,004b6659,direct,004b6640,C:\Projects\Wizardry 8\Engine Code\AniMesh.cpp,791,pAniMesh,
wiz8--gog-base--wiz8--18a74ff61c65,004b668d,direct,004b6640,C:\Projects\Wizardry 8\Engine Code\AniMesh.cpp,799,0,
wiz8--gog-base--wiz8--18a74ff61c65,004b670a,register-indirect,004b66e0,C:\Projects\Wizardry 8\Engine Code\AniMesh.cpp,840,pAniMesh&&pflRadius,
wiz8--gog-base--wiz8--18a74ff61c65,004b673e,register-indirect,004b66e0,C:\Projects\Wizardry 8\Engine Code\AniMesh.cpp,848,0,
wiz8--gog-base--wiz8--18a74ff61c65,004b67d8,direct,004b66e0,C:\Projects\Wizardry 8\Engine Code\AniMesh.cpp,976,pAniMesh,
wiz8--gog-base--wiz8--18a74ff61c65,004b684f,direct,004b66e0,C:\Projects\Wizardry 8\Engine Code\AniMesh.cpp,925,0,mimp.cpp -> Tell a programmer : running out of monster memory.
wiz8--gog-base--wiz8--18a74ff61c65,004b6879,direct,004b6860,C:\Projects\Wizardry 8\Engine Code\AniMesh.cpp,951,pAniMesh,
wiz8--gog-base--wiz8--18a74ff61c65,004b6a62,direct,004b6920,C:\Projects\Wizardry 8\Engine Code\GrObject.cpp,66,m_plsSoundEvents,
wiz8--gog-base--wiz8--18a74ff61c65,004b6c8b,direct,004b6bd0,C:\Projects\Wizardry 8\Engine Code\GrObject.cpp,139,m_plsSoundEvents,
wiz8--gog-base--wiz8--18a74ff61c65,004b6fb7,register-indirect,004b6ed0,C:\Projects\Wizardry 8\Engine Code\GDProp.cpp,160,m_pGDSurfaces,
wiz8--gog-base--wiz8--18a74ff61c65,004b7031,register-indirect,004b6ed0,C:\Projects\Wizardry 8\Engine Code\GDProp.cpp,174,m_pVertices,
wiz8--gog-base--wiz8--18a74ff61c65,004b77a9,direct,004b7730,C:\Projects\Wizardry 8\Engine Code\GDProp.cpp,578,pusNewList,CheckConditionalWayPt: Couldn't allocate new waypt list.
wiz8--gog-base--wiz8--18a74ff61c65,004b7a48,direct,004b7830,C:\Projects\Wizardry 8\Engine Code\GDProp.cpp,653,pusNewList,CheckConditionalWayPt: Couldn't allocate new waypt list.
wiz8--gog-base--wiz8--18a74ff61c65,004b7c8c,register-indirect,004b7c00,C:\Projects\Wizardry 8\Engine Code\GDProp.cpp,853,FALSE,Transform prop made collideable!!!
wiz8--gog-base--wiz8--18a74ff61c65,004b7d37,register-indirect,004b7c00,C:\Projects\Wizardry 8\Engine Code\GDProp.cpp,868,m_pGDSurfaces,
wiz8--gog-base--wiz8--18a74ff61c65,004b9083,direct,004b8a70,C:\Projects\Wizardry 8\Engine Code\materials.cpp,228,*ppstMaterial,
wiz8--gog-base--wiz8--18a74ff61c65,004b934b,direct,004b9280,C:\Projects\Wizardry 8\Engine Code\materials.cpp,304,*ppstMaterial,
wiz8--gog-base--wiz8--18a74ff61c65,004b9745,direct,004b9460,C:\Projects\Wizardry 8\Engine Code\materials.cpp,401,psrTexture,
wiz8--gog-base--wiz8--18a74ff61c65,004b98ae,direct,004b9460,C:\Projects\Wizardry 8\Engine Code\materials.cpp,423,psrTexture,
wiz8--gog-base--wiz8--18a74ff61c65,004bad6b,register-indirect,004bad40,C:\Projects\Wizardry 8\Engine Code\UpdateMesh.cpp,543,pWorld,
wiz8--gog-base--wiz8--18a74ff61c65,004bad85,register-indirect,004bad40,C:\Projects\Wizardry 8\Engine Code\UpdateMesh.cpp,544,pWorld->Tree.pQuads,
wiz8--gog-base--wiz8--18a74ff61c65,004baf79,direct,004baf60,C:\Projects\Wizardry 8\Engine Code\UpdateMesh.cpp,674,pWorld,
wiz8--gog-base--wiz8--18a74ff61c65,004bb13f,direct,004baff0,C:\Projects\Wizardry 8\Engine Code\ReadLevel.cpp,250,psrMesh,
wiz8--gog-base--wiz8--18a74ff61c65,004bb645,direct,004baff0,C:\Projects\Wizardry 8\Engine Code\ReadLevel.cpp,348,fSuccess,
wiz8--gog-base--wiz8--18a74ff61c65,004bbb0f,direct,004bbad0,C:\Projects\Wizardry 8\Engine Code\ReadLevel.cpp,486,fSuccess,Couldn't read number of lights
wiz8--gog-base--wiz8--18a74ff61c65,004bbcb7,direct,004bbad0,C:\Projects\Wizardry 8\Engine Code\ReadLevel.cpp,532,fSuccess,
wiz8--gog-base--wiz8--18a74ff61c65,004bbef5,direct,004bbad0,C:\Projects\Wizardry 8\Engine Code\ReadLevel.cpp,593,pstLight,
wiz8--gog-base--wiz8--18a74ff61c65,004bce7b,register-indirect,004bce20,C:\Projects\Wizardry 8\Engine Code\ReadLevel.cpp,1435,pInfo,
wiz8--gog-base--wiz8--18a74ff61c65,004bce9d,register-indirect,004bce20,C:\Projects\Wizardry 8\Engine Code\ReadLevel.cpp,1436,pInfo->hFile,
wiz8--gog-base--wiz8--18a74ff61c65,004bcebb,register-indirect,004bce20,C:\Projects\Wizardry 8\Engine Code\ReadLevel.cpp,1437,pWorld,
wiz8--gog-base--wiz8--18a74ff61c65,004bceec,register-indirect,004bce20,C:\Projects\Wizardry 8\Engine Code\ReadLevel.cpp,1442,fSuccess,Error reading num clipping planes
wiz8--gog-base--wiz8--18a74ff61c65,004bcfbb,direct,004bce20,C:\Projects\Wizardry 8\Engine Code\ReadLevel.cpp,1454,psrClipPlane,out of memory creating clip plane
wiz8--gog-base--wiz8--18a74ff61c65,004bd22c,direct,004bd0d0,C:\Projects\Wizardry 8\Engine Code\ReadLevel.cpp,1534,0,Unknown particle structure version
wiz8--gog-base--wiz8--18a74ff61c65,004bd291,direct,004bd0d0,C:\Projects\Wizardry 8\Engine Code\ReadLevel.cpp,1539,pParticle,Error creating particle in ReadParticles()
wiz8--gog-base--wiz8--18a74ff61c65,004bdd21,direct,004bdc90,C:\Projects\Wizardry 8\Engine Code\ReadLevel.cpp,1747,pNamedPos,out of memory creating NamedPos
wiz8--gog-base--wiz8--18a74ff61c65,004bdd57,direct,004bdc90,C:\Projects\Wizardry 8\Engine Code\ReadLevel.cpp,1750,bVersion == 1,Unknown Named Position version
wiz8--gog-base--wiz8--18a74ff61c65,004be2c2,direct,004be200,C:\Projects\Wizardry 8\Engine Code\quad.cpp,58,pq,
wiz8--gog-base--wiz8--18a74ff61c65,004bf2b5,direct,004bf0f0,C:\Projects\Wizardry 8\Engine Code\Monster.cpp,485,plsNewLights,Out of memory creating monster light list
wiz8--gog-base--wiz8--18a74ff61c65,004bf36f,direct,004bf0f0,C:\Projects\Wizardry 8\Engine Code\Monster.cpp,493,pstNewLight,Out of memory creating monster light
wiz8--gog-base--wiz8--18a74ff61c65,004bf5d2,direct,004bf520,C:\Projects\Wizardry 8\Engine Code\Monster.cpp,557,pInfo && pInfo->hFile && pMonster,
wiz8--gog-base--wiz8--18a74ff61c65,004bf625,direct,004bf520,C:\Projects\Wizardry 8\Engine Code\Monster.cpp,3125,bCycle>=CYCLE_FIRST && bCycle<=CYCLE_LAST,
wiz8--gog-base--wiz8--18a74ff61c65,004bf9b6,direct,004bf520,C:\Projects\Wizardry 8\Engine Code\Monster.cpp,734,pao,
wiz8--gog-base--wiz8--18a74ff61c65,004bfad1,direct,004bfab0,C:\Projects\Wizardry 8\Engine Code\Monster.cpp,960,bCycle < CYCLE_NUM_UNIQUE,GetNumSubsPerCycle() -> Invalid cycle num.
wiz8--gog-base--wiz8--18a74ff61c65,004c006f,direct,004bfe00,C:\Projects\Wizardry 8\Engine Code\Monster.cpp,1099,rhs.m_pRep,
wiz8--gog-base--wiz8--18a74ff61c65,004c0386,direct,004c0170,C:\Projects\Wizardry 8\Engine Code\Monster.cpp,1235,*ppMonster,
wiz8--gog-base--wiz8--18a74ff61c65,004c0516,direct,004c0170,C:\Projects\Wizardry 8\Engine Code\Monster.cpp,1295,hFile,
wiz8--gog-base--wiz8--18a74ff61c65,004c0a3a,direct,004c0170,C:\Projects\Wizardry 8\Engine Code\Monster.cpp,1422,pSndEvent,mls pitch: Must specify a sound before specifying parameters
wiz8--gog-base--wiz8--18a74ff61c65,004c0aa0,direct,004c0170,C:\Projects\Wizardry 8\Engine Code\Monster.cpp,1429,pSndEvent,mls volume: Must specify a sound before specifying parameters
wiz8--gog-base--wiz8--18a74ff61c65,004c0b7c,direct,004c0170,C:\Projects\Wizardry 8\Engine Code\Monster.cpp,1445,pSndEvent,mls frequency: Must specify a sound before specifying parameters
wiz8--gog-base--wiz8--18a74ff61c65,004c145e,direct,004c0170,C:\Projects\Wizardry 8\Engine Code\Monster.cpp,1590,FALSE,
wiz8--gog-base--wiz8--18a74ff61c65,004c1da2,direct,004c1d20,C:\Projects\Wizardry 8\Engine Code\Monster.cpp,757,flStart <= flEnd,
wiz8--gog-base--wiz8--18a74ff61c65,004c202f,direct,004c2010,C:\Projects\Wizardry 8\Engine Code\Monster.cpp,1937,pacName,
wiz8--gog-base--wiz8--18a74ff61c65,004c2123,direct,004c2100,C:\Projects\Wizardry 8\Engine Code\Monster.cpp,2041,m_pRep,
wiz8--gog-base--wiz8--18a74ff61c65,004c2c7d,direct,004c2bf0,C:\Projects\Wizardry 8\Engine Code\Monster.cpp,2431,FALSE,
wiz8--gog-base--wiz8--18a74ff61c65,004c3644,register-indirect,004c3620,C:\Projects\Wizardry 8\Engine Code\Monster.cpp,258,m_pMonster,
wiz8--gog-base--wiz8--18a74ff61c65,004c3661,register-indirect,004c3620,C:\Projects\Wizardry 8\Engine Code\Monster.cpp,259,m_pParticles,
wiz8--gog-base--wiz8--18a74ff61c65,004c36a4,register-indirect,004c3620,..\Engine Code\Include\AnimRep.hpp,135,bBehaviour >= BEHAVIOUR_FIRST && bBehaviour <= BEHAVIOUR_LAST,
wiz8--gog-base--wiz8--18a74ff61c65,004c3761,direct,004c3740,C:\Projects\Wizardry 8\Engine Code\Monster.cpp,2812,bCycle < CYCLE_NUM_UNIQUE,IsCycleSupported() -> Invalid cycle num.
wiz8--gog-base--wiz8--18a74ff61c65,004c37b7,direct,004c3790,C:\Projects\Wizardry 8\Engine Code\Monster.cpp,2836,bCycle >= CYCLE_FIRST && bCycle <= CYCLE_LAST,
wiz8--gog-base--wiz8--18a74ff61c65,004c38a0,direct,004c3790,C:\Projects\Wizardry 8\Engine Code\Monster.cpp,2854,FALSE,
wiz8--gog-base--wiz8--18a74ff61c65,004c3927,direct,004c3790,C:\Projects\Wizardry 8\Engine Code\Monster.cpp,2883,0,
wiz8--gog-base--wiz8--18a74ff61c65,004c3a57,direct,004c3790,C:\Projects\Wizardry 8\Engine Code\Monster.cpp,2897,pao,
wiz8--gog-base--wiz8--18a74ff61c65,004c3f43,direct,004c3f00,C:\Projects\Wizardry 8\Engine Code\Monster.cpp,3150,pao,
wiz8--gog-base--wiz8--18a74ff61c65,004c4cbf,direct,004c4ca0,C:\Projects\Wizardry 8\Engine Code\Monster.cpp,3812,pMonsterB,
wiz8--gog-base--wiz8--18a74ff61c65,004c4d61,direct,004c4d40,C:\Projects\Wizardry 8\Engine Code\Monster.cpp,3838,pPlayer,
wiz8--gog-base--wiz8--18a74ff61c65,004c5889,direct,004c5870,C:\Projects\Wizardry 8\Engine Code\Monster.cpp,4703,pMonster,
wiz8--gog-base--wiz8--18a74ff61c65,004c5e6f,direct,004c5b60,..\Engine Code\Include\AnimRep.hpp,135,bBehaviour >= BEHAVIOUR_FIRST && bBehaviour <= BEHAVIOUR_LAST,
wiz8--gog-base--wiz8--18a74ff61c65,004c6398,direct,004c6350,C:\Projects\Wizardry 8\Engine Code\Monster.cpp,960,bCycle < CYCLE_NUM_UNIQUE,GetNumSubsPerCycle() -> Invalid cycle num.
wiz8--gog-base--wiz8--18a74ff61c65,004c770e,direct,004c75c0,C:\Projects\Wizardry 8\Engine Code\Monster.cpp,6242,uiAttack < MAX_MONSTER_ATTACKS,
wiz8--gog-base--wiz8--18a74ff61c65,004c7829,direct,004c77f0,C:\Projects\Wizardry 8\Engine Code\Monster.cpp,6321,!(IsCycleSupported(CYCLE_ATTACK_SHOOT) && IsCycleSupported(CYCLE_ATTACK_THROW)),
wiz8--gog-base--wiz8--18a74ff61c65,004c9e48,direct,004c9dc0,C:\Projects\Wizardry 8\Engine Code\Monster.cpp,7503,pEvalVar,
wiz8--gog-base--wiz8--18a74ff61c65,004c9e75,direct,004c9dc0,C:\Projects\Wizardry 8\Engine Code\Monster.cpp,7504,strlen(pEvalVar) < 512,
wiz8--gog-base--wiz8--18a74ff61c65,004c9f85,direct,004c9dc0,C:\Projects\Wizardry 8\Engine Code\Monster.cpp,7526,lsParmList.Length(),
wiz8--gog-base--wiz8--18a74ff61c65,004ca07f,direct,004c9dc0,C:\Projects\Wizardry 8\Engine Code\Monster.cpp,7542,lsParmList.Length(),
wiz8--gog-base--wiz8--18a74ff61c65,004ce667,direct,004ce510,C:\Projects\Wizardry 8\Engine Code\OctPrePath.cpp,1037,ppCondPaths,LinkCollideableProps: Couldn't allocate GDPropCondPaths objects.
wiz8--gog-base--wiz8--18a74ff61c65,004ce7b4,direct,004ce510,C:\Projects\Wizardry 8\Engine Code\OctPrePath.cpp,1065,ulOriginalCount <= (UINT32)lNumProps,LinkCollideableProps: Invalid count for collideable props.
wiz8--gog-base--wiz8--18a74ff61c65,004ce861,direct,004ce510,C:\Projects\Wizardry 8\Engine Code\OctPrePath.cpp,1077,m_ulNumCondFrames < 10000,LinkCollideableProps: Too many conditional frames.
wiz8--gog-base--wiz8--18a74ff61c65,004ce8aa,direct,004ce510,C:\Projects\Wizardry 8\Engine Code\OctPrePath.cpp,1082,m_ulNumCondNodes < 10000,LinkCollideableProps: Too many conditional nodes.
wiz8--gog-base--wiz8--18a74ff61c65,004cea31,direct,004ce510,C:\Projects\Wizardry 8\Engine Code\OctPrePath.cpp,1116,m_pCondPaths,LinkCollideableProps: Couldn't allocate m_pCondPaths array.
wiz8--gog-base--wiz8--18a74ff61c65,004cead8,direct,004ce510,C:\Projects\Wizardry 8\Engine Code\OctPrePath.cpp,1127,m_pulCondLookup,
wiz8--gog-base--wiz8--18a74ff61c65,004ceb2e,direct,004ce510,C:\Projects\Wizardry 8\Engine Code\OctPrePath.cpp,1130,m_pusCondNodeFrames,
wiz8--gog-base--wiz8--18a74ff61c65,004ceb87,direct,004ce510,C:\Projects\Wizardry 8\Engine Code\OctPrePath.cpp,1134,m_pulCondNodeKeys,
wiz8--gog-base--wiz8--18a74ff61c65,004cebe1,direct,004ce510,C:\Projects\Wizardry 8\Engine Code\OctPrePath.cpp,1137,m_pulCondNodeValues,
wiz8--gog-base--wiz8--18a74ff61c65,004cf467,direct,004cf3b0,C:\Projects\Wizardry 8\Engine Code\stScript.cpp,69,pNewLine,
wiz8--gog-base--wiz8--18a74ff61c65,004cfdec,direct,004cfdc0,C:\Projects\Wizardry 8\Engine Code\LevelFile.cpp,43,pLevel,
wiz8--gog-base--wiz8--18a74ff61c65,004cfe6a,direct,004cfdc0,C:\Projects\Wizardry 8\Engine Code\LevelFile.cpp,56,pLevel->pMeshes,
wiz8--gog-base--wiz8--18a74ff61c65,004cfedc,direct,004cfdc0,C:\Projects\Wizardry 8\Engine Code\LevelFile.cpp,65,pLevel->pTextures,
wiz8--gog-base--wiz8--18a74ff61c65,004cffcf,direct,004cfdc0,C:\Projects\Wizardry 8\Engine Code\LevelFile.cpp,77,pLevel->pLights,
wiz8--gog-base--wiz8--18a74ff61c65,004d006e,direct,004cfdc0,C:\Projects\Wizardry 8\Engine Code\LevelFile.cpp,93,pLevel->pMonsters,
wiz8--gog-base--wiz8--18a74ff61c65,004d010f,direct,004cfdc0,C:\Projects\Wizardry 8\Engine Code\LevelFile.cpp,105,pLevel->pMonsters[i1].MonPath,
wiz8--gog-base--wiz8--18a74ff61c65,004d01cc,direct,004cfdc0,C:\Projects\Wizardry 8\Engine Code\LevelFile.cpp,121,pLevel->pItems,
wiz8--gog-base--wiz8--18a74ff61c65,004d0266,direct,004cfdc0,C:\Projects\Wizardry 8\Engine Code\LevelFile.cpp,137,pLevel->pProps,
wiz8--gog-base--wiz8--18a74ff61c65,004d02a9,direct,004cfdc0,C:\Projects\Wizardry 8\Engine Code\LevelFile.cpp,145,pLevel->pBitmaps,
wiz8--gog-base--wiz8--18a74ff61c65,004d02fd,direct,004cfdc0,C:\Projects\Wizardry 8\Engine Code\LevelFile.cpp,167,pLevel->pCameras,
wiz8--gog-base--wiz8--18a74ff61c65,004d0499,direct,004cfdc0,C:\Projects\Wizardry 8\Engine Code\LevelFile.cpp,188,pLevel->pTriggers,
wiz8--gog-base--wiz8--18a74ff61c65,004d057b,direct,004cfdc0,C:\Projects\Wizardry 8\Engine Code\LevelFile.cpp,203,pLevel->pClippingPlanes,
wiz8--gog-base--wiz8--18a74ff61c65,004d0612,direct,004cfdc0,C:\Projects\Wizardry 8\Engine Code\LevelFile.cpp,214,pLevel->pParticleSystems,
wiz8--gog-base--wiz8--18a74ff61c65,004d06bf,direct,004cfdc0,C:\Projects\Wizardry 8\Engine Code\LevelFile.cpp,227,pLevel->pNamedPositions,
wiz8--gog-base--wiz8--18a74ff61c65,004d07f4,register-indirect,004d07c0,C:\Projects\Wizardry 8\Engine Code\LevelFile.cpp,268,pLevel,
wiz8--gog-base--wiz8--18a74ff61c65,004d0814,register-indirect,004d07c0,C:\Projects\Wizardry 8\Engine Code\LevelFile.cpp,269,hFile,
wiz8--gog-base--wiz8--18a74ff61c65,004d0831,register-indirect,004d07c0,C:\Projects\Wizardry 8\Engine Code\LevelFile.cpp,270,pLevel->pMeshes,
wiz8--gog-base--wiz8--18a74ff61c65,004d0c3e,direct,004d07c0,C:\Projects\Wizardry 8\Engine Code\LevelFile.cpp,393,pLevel->pCameras,
wiz8--gog-base--wiz8--18a74ff61c65,004d0dd7,direct,004d07c0,C:\Projects\Wizardry 8\Engine Code\LevelFile.cpp,416,pLevel->pTriggers,
wiz8--gog-base--wiz8--18a74ff61c65,004d13b2,direct,004d07c0,C:\Projects\Wizardry 8\Engine Code\LevelFile.cpp,666,pMesh->pstVertices,
wiz8--gog-base--wiz8--18a74ff61c65,004d1428,direct,004d07c0,C:\Projects\Wizardry 8\Engine Code\LevelFile.cpp,679,pMesh->pstCompFaces,
wiz8--gog-base--wiz8--18a74ff61c65,004d1497,direct,004d07c0,C:\Projects\Wizardry 8\Engine Code\LevelFile.cpp,690,pMesh->pstFaces,
wiz8--gog-base--wiz8--18a74ff61c65,004d1733,direct,004d1510,C:\Projects\Wizardry 8\Engine Code\LevelFile.cpp,789,pMesh->pstVertices,
wiz8--gog-base--wiz8--18a74ff61c65,004d1794,direct,004d1510,C:\Projects\Wizardry 8\Engine Code\LevelFile.cpp,799,pMesh->pstCompFaces,
wiz8--gog-base--wiz8--18a74ff61c65,004d17e2,direct,004d1510,C:\Projects\Wizardry 8\Engine Code\LevelFile.cpp,806,pMesh->pstFaces,
wiz8--gog-base--wiz8--18a74ff61c65,004d1947,direct,004d1820,C:\Projects\Wizardry 8\Engine Code\LevelFile.cpp,863,fSuccess,Couldn't read light.
wiz8--gog-base--wiz8--18a74ff61c65,004d1a75,direct,004d1960,C:\Projects\Wizardry 8\Engine Code\LevelFile.cpp,910,fSuccess,Couldn't Write light.
wiz8--gog-base--wiz8--18a74ff61c65,004d1b3e,direct,004d1a90,C:\Projects\Wizardry 8\Engine Code\LevelFile.cpp,946,fSuccess,Couldn't read anim light.
wiz8--gog-base--wiz8--18a74ff61c65,004d1bf7,direct,004d1b50,C:\Projects\Wizardry 8\Engine Code\LevelFile.cpp,980,fSuccess,Couldn't write anim light.
wiz8--gog-base--wiz8--18a74ff61c65,004d1c82,direct,004d1c10,C:\Projects\Wizardry 8\Engine Code\LevelFile.cpp,1016,pSwitch,
wiz8--gog-base--wiz8--18a74ff61c65,004d1d92,direct,004d1c10,C:\Projects\Wizardry 8\Engine Code\LevelFile.cpp,1032,fSuccess,
wiz8--gog-base--wiz8--18a74ff61c65,004d1ecf,direct,004d1c10,C:\Projects\Wizardry 8\Engine Code\LevelFile.cpp,1071,pInvis,
wiz8--gog-base--wiz8--18a74ff61c65,004d1fdc,direct,004d1c10,C:\Projects\Wizardry 8\Engine Code\LevelFile.cpp,1089,pInvis->pPlane,
wiz8--gog-base--wiz8--18a74ff61c65,004d21f1,direct,004d1c10,C:\Projects\Wizardry 8\Engine Code\LevelFile.cpp,1132,pSound,
wiz8--gog-base--wiz8--18a74ff61c65,004d2469,register-indirect,004d23f0,C:\Projects\Wizardry 8\Engine Code\LevelFile.cpp,1214,pSwitch,
wiz8--gog-base--wiz8--18a74ff61c65,004d2569,register-indirect,004d23f0,C:\Projects\Wizardry 8\Engine Code\LevelFile.cpp,1229,fSuccess,
wiz8--gog-base--wiz8--18a74ff61c65,004d2617,direct,004d23f0,C:\Projects\Wizardry 8\Engine Code\LevelFile.cpp,1258,pInvis,
wiz8--gog-base--wiz8--18a74ff61c65,004d2855,direct,004d23f0,C:\Projects\Wizardry 8\Engine Code\LevelFile.cpp,1310,pSound,
wiz8--gog-base--wiz8--18a74ff61c65,004d3812,direct,004d3770,C:\Projects\Wizardry 8\Engine Code\LevelFile.cpp,1842,pPathAI->pScaledPaths,
wiz8--gog-base--wiz8--18a74ff61c65,004d3889,direct,004d3770,C:\Projects\Wizardry 8\Engine Code\LevelFile.cpp,1853,pPathAI->pPaths,
wiz8--gog-base--wiz8--18a74ff61c65,004d3974,direct,004d38e0,C:\Projects\Wizardry 8\Engine Code\LevelFile.cpp,1889,pPathAI->pScaledPaths,
wiz8--gog-base--wiz8--18a74ff61c65,004d39c6,direct,004d38e0,C:\Projects\Wizardry 8\Engine Code\LevelFile.cpp,1899,pPathAI->pPaths,
wiz8--gog-base--wiz8--18a74ff61c65,004d3b4c,direct,004d3a10,C:\Projects\Wizardry 8\Engine Code\LevelFile.cpp,1957,fSuccess,
wiz8--gog-base--wiz8--18a74ff61c65,004d3b7f,direct,004d3a10,C:\Projects\Wizardry 8\Engine Code\LevelFile.cpp,1962,pAnimObj->abHowMany,
wiz8--gog-base--wiz8--18a74ff61c65,004d3bf9,direct,004d3a10,C:\Projects\Wizardry 8\Engine Code\LevelFile.cpp,1971,pAnimObj->pBoundBox,
wiz8--gog-base--wiz8--18a74ff61c65,004d3da6,direct,004d3a10,C:\Projects\Wizardry 8\Engine Code\LevelFile.cpp,2017,pAnimObj->pMorphs,
wiz8--gog-base--wiz8--18a74ff61c65,004d3e6a,direct,004d3a10,C:\Projects\Wizardry 8\Engine Code\LevelFile.cpp,2027,pAnimObj->pMorphs[i].LODMesh.pFrames,
wiz8--gog-base--wiz8--18a74ff61c65,004d3f77,direct,004d3a10,C:\Projects\Wizardry 8\Engine Code\LevelFile.cpp,2041,pAnimObj->pMorphs[i].LODMesh.pFrames[i2].pTextures,
wiz8--gog-base--wiz8--18a74ff61c65,004d40fe,direct,004d3a10,C:\Projects\Wizardry 8\Engine Code\LevelFile.cpp,2062,pAnimObj->pTransforms,
wiz8--gog-base--wiz8--18a74ff61c65,004d41cd,direct,004d3a10,C:\Projects\Wizardry 8\Engine Code\LevelFile.cpp,2072,pAnimObj->pTransforms[i].LODMesh.pFrames,
wiz8--gog-base--wiz8--18a74ff61c65,004d42e9,direct,004d3a10,C:\Projects\Wizardry 8\Engine Code\LevelFile.cpp,2094,pAnimObj->pTransforms[i].LODMesh.pFrames[i2].pTextures,
wiz8--gog-base--wiz8--18a74ff61c65,004d459c,direct,004d4480,C:\Projects\Wizardry 8\Engine Code\LevelFile.cpp,2151,fSuccess,
wiz8--gog-base--wiz8--18a74ff61c65,004d45c3,direct,004d4480,C:\Projects\Wizardry 8\Engine Code\LevelFile.cpp,2155,pAnimObj->abHowMany,
wiz8--gog-base--wiz8--18a74ff61c65,004d4623,direct,004d4480,C:\Projects\Wizardry 8\Engine Code\LevelFile.cpp,2164,pAnimObj->pBoundBox,
wiz8--gog-base--wiz8--18a74ff61c65,004d476b,direct,004d4480,C:\Projects\Wizardry 8\Engine Code\LevelFile.cpp,2206,pAnimObj->pMorphs,
wiz8--gog-base--wiz8--18a74ff61c65,004d47e3,direct,004d4480,C:\Projects\Wizardry 8\Engine Code\LevelFile.cpp,2213,pAnimObj->pMorphs[i].LODMesh.pFrames,
wiz8--gog-base--wiz8--18a74ff61c65,004d4892,direct,004d4480,C:\Projects\Wizardry 8\Engine Code\LevelFile.cpp,2223,pAnimObj->pMorphs[i].LODMesh.pFrames[i2].pTextures,
wiz8--gog-base--wiz8--18a74ff61c65,004d4a26,direct,004d4480,C:\Projects\Wizardry 8\Engine Code\LevelFile.cpp,2247,pAnimObj->pTransforms,
wiz8--gog-base--wiz8--18a74ff61c65,004d4aa4,direct,004d4480,C:\Projects\Wizardry 8\Engine Code\LevelFile.cpp,2254,pAnimObj->pTransforms[i].LODMesh.pFrames,
wiz8--gog-base--wiz8--18a74ff61c65,004d4b53,direct,004d4480,C:\Projects\Wizardry 8\Engine Code\LevelFile.cpp,2264,pAnimObj->pTransforms[i].LODMesh.pFrames[i2].pTextures,
wiz8--gog-base--wiz8--18a74ff61c65,004d4cf2,direct,004d4480,C:\Projects\Wizardry 8\Engine Code\LevelFile.cpp,2309,pProps,
wiz8--gog-base--wiz8--18a74ff61c65,004d4dc8,direct,004d4480,C:\Projects\Wizardry 8\Engine Code\LevelFile.cpp,2328,fSuccess,
wiz8--gog-base--wiz8--18a74ff61c65,004d4e31,direct,004d4480,C:\Projects\Wizardry 8\Engine Code\LevelFile.cpp,2335,pProps[i1].usFrame_Pos,
wiz8--gog-base--wiz8--18a74ff61c65,004d4e78,direct,004d4480,C:\Projects\Wizardry 8\Engine Code\LevelFile.cpp,2340,fSuccess,
wiz8--gog-base--wiz8--18a74ff61c65,004d4eaa,direct,004d4480,C:\Projects\Wizardry 8\Engine Code\LevelFile.cpp,2353,fSuccess,
wiz8--gog-base--wiz8--18a74ff61c65,004d4ede,direct,004d4480,C:\Projects\Wizardry 8\Engine Code\LevelFile.cpp,2357,pProps[i1].pTrigger,
wiz8--gog-base--wiz8--18a74ff61c65,004d4f1a,direct,004d4480,C:\Projects\Wizardry 8\Engine Code\LevelFile.cpp,2360,fSuccess,
wiz8--gog-base--wiz8--18a74ff61c65,004d4f52,direct,004d4480,C:\Projects\Wizardry 8\Engine Code\LevelFile.cpp,2366,fSuccess,
wiz8--gog-base--wiz8--18a74ff61c65,004d4fe9,direct,004d4fc0,C:\Projects\Wizardry 8\Engine Code\LevelFile.cpp,2402,pProps,
wiz8--gog-base--wiz8--18a74ff61c65,004d5097,direct,004d4fc0,C:\Projects\Wizardry 8\Engine Code\LevelFile.cpp,2416,fSuccess,
wiz8--gog-base--wiz8--18a74ff61c65,004d50de,direct,004d4fc0,C:\Projects\Wizardry 8\Engine Code\LevelFile.cpp,2422,pProps[i1].usFrame_Pos,
wiz8--gog-base--wiz8--18a74ff61c65,004d5145,direct,004d4fc0,C:\Projects\Wizardry 8\Engine Code\LevelFile.cpp,2439,fSuccess,
wiz8--gog-base--wiz8--18a74ff61c65,004d5179,direct,004d4fc0,C:\Projects\Wizardry 8\Engine Code\LevelFile.cpp,2443,fSuccess,
wiz8--gog-base--wiz8--18a74ff61c65,004d51cb,direct,004d4fc0,C:\Projects\Wizardry 8\Engine Code\LevelFile.cpp,2451,fSuccess,
wiz8--gog-base--wiz8--18a74ff61c65,004d531b,direct,004d5240,C:\Projects\Wizardry 8\Engine Code\LevelFile.cpp,2563,fSuccess,Couldn't read particle system.
wiz8--gog-base--wiz8--18a74ff61c65,004d5421,direct,004d5240,C:\Projects\Wizardry 8\Engine Code\LevelFile.cpp,2602,fSuccess,Couldn't Write particle system.
wiz8--gog-base--wiz8--18a74ff61c65,004d5804,direct,004d57a0,C:\Projects\Wizardry 8\Engine Code\SoundEvent.cpp,112,pSndEvent,SoundEvent: Out of memory
wiz8--gog-base--wiz8--18a74ff61c65,004d5860,direct,004d57a0,C:\Projects\Wizardry 8\Engine Code\SoundEvent.cpp,121,pSndEvent->m_pacWaveName,SoundEvent: Out of memory
wiz8--gog-base--wiz8--18a74ff61c65,004d5e75,direct,004d5a10,C:\Projects\Wizardry 8\Engine Code\SoundEvent.cpp,289,vPos,
wiz8--gog-base--wiz8--18a74ff61c65,004d6d4c,register-indirect,004d6bf0,C:\Projects\Wizardry 8\Level Specific Code\MasterFunctionList.cpp,116,pTrigger,Missing trigger 'ChaosMolori'! It's not in the LVL file!
wiz8--gog-base--wiz8--18a74ff61c65,004d6d7f,register-indirect,004d6bf0,C:\Projects\Wizardry 8\Level Specific Code\MasterFunctionList.cpp,120,pTrigger,Missing trigger 'Maddmook'! It's not in the LVL file!
wiz8--gog-base--wiz8--18a74ff61c65,004d6db2,register-indirect,004d6bf0,C:\Projects\Wizardry 8\Level Specific Code\MasterFunctionList.cpp,124,pTrigger,Missing trigger 'CMbox'! It's not in the LVL file!
wiz8--gog-base--wiz8--18a74ff61c65,004d6de8,register-indirect,004d6bf0,C:\Projects\Wizardry 8\Level Specific Code\MasterFunctionList.cpp,128,pTrigger,Missing trigger 'AstralDominae'! It's not in the LVL file!
wiz8--gog-base--wiz8--18a74ff61c65,004d6e1e,register-indirect,004d6bf0,C:\Projects\Wizardry 8\Level Specific Code\MasterFunctionList.cpp,132,pTrigger,Missing trigger 'BallSlot'! It's not in the LVL file!
wiz8--gog-base--wiz8--18a74ff61c65,004d6e54,register-indirect,004d6bf0,C:\Projects\Wizardry 8\Level Specific Code\MasterFunctionList.cpp,136,pTrigger,Missing trigger 'Flightrecordertrigger'! It's not in the LVL file!
wiz8--gog-base--wiz8--18a74ff61c65,004d6e8a,register-indirect,004d6bf0,C:\Projects\Wizardry 8\Level Specific Code\MasterFunctionList.cpp,140,pTrigger,Missing trigger 'ULLspawn'! It's not in the LVL file!
wiz8--gog-base--wiz8--18a74ff61c65,004d6ec0,register-indirect,004d6bf0,C:\Projects\Wizardry 8\Level Specific Code\MasterFunctionList.cpp,144,pTrigger,Missing trigger 'Mookholo'! It's not in the LVL file!
wiz8--gog-base--wiz8--18a74ff61c65,004d6ef6,register-indirect,004d6bf0,C:\Projects\Wizardry 8\Level Specific Code\MasterFunctionList.cpp,156,pTrigger,Missing trigger 'MookFrontDoor'! It's not in the LVL file!
wiz8--gog-base--wiz8--18a74ff61c65,004d71c7,direct,004d6bf0,C:\Projects\Wizardry 8\Level Specific Code\MasterFunctionList.cpp,231,pTrigger,Missing trigger 'Liche'! It's not in the LVL file!
wiz8--gog-base--wiz8--18a74ff61c65,004d7210,register-indirect,004d6bf0,C:\Projects\Wizardry 8\Level Specific Code\MasterFunctionList.cpp,242,pTrigger,Missing trigger 'Triangle'! It's not in the LVL file!
wiz8--gog-base--wiz8--18a74ff61c65,004d7247,register-indirect,004d6bf0,C:\Projects\Wizardry 8\Level Specific Code\MasterFunctionList.cpp,246,pTrigger,Missing trigger 'Circle'! It's not in the LVL file!
wiz8--gog-base--wiz8--18a74ff61c65,004d7279,register-indirect,004d6bf0,C:\Projects\Wizardry 8\Level Specific Code\MasterFunctionList.cpp,250,pTrigger,Missing trigger 'Square'! It's not in the LVL file!
wiz8--gog-base--wiz8--18a74ff61c65,004d72ab,register-indirect,004d6bf0,C:\Projects\Wizardry 8\Level Specific Code\MasterFunctionList.cpp,254,pTrigger,Missing trigger 'Star'! It's not in the LVL file!
wiz8--gog-base--wiz8--18a74ff61c65,004d72dd,register-indirect,004d6bf0,C:\Projects\Wizardry 8\Level Specific Code\MasterFunctionList.cpp,258,pTrigger,Missing trigger 'ButtonBlocker'! It's not in the LVL file!
wiz8--gog-base--wiz8--18a74ff61c65,004d731d,register-indirect,004d6bf0,C:\Projects\Wizardry 8\Level Specific Code\MasterFunctionList.cpp,278,pTrigger,Missing trigger 'RampUp'! It's not in the LVL file!
wiz8--gog-base--wiz8--18a74ff61c65,004d7353,register-indirect,004d6bf0,C:\Projects\Wizardry 8\Level Specific Code\MasterFunctionList.cpp,282,pTrigger,Missing trigger 'ChaosATrigger'! It's not in the LVL file!
wiz8--gog-base--wiz8--18a74ff61c65,004d7389,register-indirect,004d6bf0,C:\Projects\Wizardry 8\Level Specific Code\MasterFunctionList.cpp,286,pTrigger,Missing trigger 'ChaosBTrigger'! It's not in the LVL file!
wiz8--gog-base--wiz8--18a74ff61c65,004d73bf,register-indirect,004d6bf0,C:\Projects\Wizardry 8\Level Specific Code\MasterFunctionList.cpp,290,pTrigger,Missing trigger 'LifeATrigger'! It's not in the LVL file!
wiz8--gog-base--wiz8--18a74ff61c65,004d73f5,register-indirect,004d6bf0,C:\Projects\Wizardry 8\Level Specific Code\MasterFunctionList.cpp,294,pTrigger,Missing trigger 'LifeBTrigger'! It's not in the LVL file!
wiz8--gog-base--wiz8--18a74ff61c65,004d742b,register-indirect,004d6bf0,C:\Projects\Wizardry 8\Level Specific Code\MasterFunctionList.cpp,298,pTrigger,Missing trigger 'KnowATrigger'! It's not in the LVL file!
wiz8--gog-base--wiz8--18a74ff61c65,004d7461,register-indirect,004d6bf0,C:\Projects\Wizardry 8\Level Specific Code\MasterFunctionList.cpp,302,pTrigger,Missing trigger 'KnowBTrigger'! It's not in the LVL file!
wiz8--gog-base--wiz8--18a74ff61c65,004d7497,register-indirect,004d6bf0,C:\Projects\Wizardry 8\Level Specific Code\MasterFunctionList.cpp,306,pTrigger,Missing trigger 'RampUp'! It's not in the LVL file!
wiz8--gog-base--wiz8--18a74ff61c65,004d74cd,register-indirect,004d6bf0,C:\Projects\Wizardry 8\Level Specific Code\MasterFunctionList.cpp,310,pTrigger,Missing trigger 'Path1Camera'! It's not in the LVL file!
wiz8--gog-base--wiz8--18a74ff61c65,004d7558,register-indirect,004d6bf0,C:\Projects\Wizardry 8\Level Specific Code\MasterFunctionList.cpp,324,pTrigger,Missing trigger 'MR109'! It's not in the LVL file!
wiz8--gog-base--wiz8--18a74ff61c65,004d75d8,register-indirect,004d6bf0,C:\Projects\Wizardry 8\Level Specific Code\MasterFunctionList.cpp,340,pTrigger,Missing trigger 'F-Handlock'! It's not in the LVL file!
wiz8--gog-base--wiz8--18a74ff61c65,004d760e,register-indirect,004d6bf0,C:\Projects\Wizardry 8\Level Specific Code\MasterFunctionList.cpp,344,pTrigger,Missing trigger 'ButtonGigas'! It's not in the LVL file!
wiz8--gog-base--wiz8--18a74ff61c65,004d7645,register-indirect,004d6bf0,C:\Projects\Wizardry 8\Level Specific Code\MasterFunctionList.cpp,348,pTrigger,Missing trigger 'ButtonTrang'! It's not in the LVL file!
wiz8--gog-base--wiz8--18a74ff61c65,004d767b,register-indirect,004d6bf0,C:\Projects\Wizardry 8\Level Specific Code\MasterFunctionList.cpp,352,pTrigger,Missing trigger 'ButtonRift'! It's not in the LVL file!
wiz8--gog-base--wiz8--18a74ff61c65,004d76b1,register-indirect,004d6bf0,C:\Projects\Wizardry 8\Level Specific Code\MasterFunctionList.cpp,356,pTrigger,Missing trigger 'ButtonMaten'! It's not in the LVL file!
wiz8--gog-base--wiz8--18a74ff61c65,004d76e7,register-indirect,004d6bf0,C:\Projects\Wizardry 8\Level Specific Code\MasterFunctionList.cpp,360,pTrigger,Missing trigger 'WireTrigger'! It's not in the LVL file!
wiz8--gog-base--wiz8--18a74ff61c65,004d771d,register-indirect,004d6bf0,C:\Projects\Wizardry 8\Level Specific Code\MasterFunctionList.cpp,364,pTrigger,Missing trigger 'ButtonGigas'! It's not in the LVL file!
wiz8--gog-base--wiz8--18a74ff61c65,004d78d8,register-indirect,004d6bf0,C:\Projects\Wizardry 8\Level Specific Code\MasterFunctionList.cpp,402,pTrigger,Missing trigger 'Arrowtraptrigger'! It's not in the LVL file!
wiz8--gog-base--wiz8--18a74ff61c65,004d790e,register-indirect,004d6bf0,C:\Projects\Wizardry 8\Level Specific Code\MasterFunctionList.cpp,406,pTrigger,Missing trigger 'Spikeballtrigger'! It's not in the LVL file!
wiz8--gog-base--wiz8--18a74ff61c65,004d7944,register-indirect,004d6bf0,C:\Projects\Wizardry 8\Level Specific Code\MasterFunctionList.cpp,410,pTrigger,Missing trigger 'DoorBolt'! It's not in the LVL file!
wiz8--gog-base--wiz8--18a74ff61c65,004d797a,register-indirect,004d6bf0,C:\Projects\Wizardry 8\Level Specific Code\MasterFunctionList.cpp,414,pTrigger,Missing trigger 'DummyLever'! It's not in the LVL file!
wiz8--gog-base--wiz8--18a74ff61c65,004d79b0,register-indirect,004d6bf0,C:\Projects\Wizardry 8\Level Specific Code\MasterFunctionList.cpp,418,pTrigger,Missing trigger 'Dummy'! It's not in the LVL file!
wiz8--gog-base--wiz8--18a74ff61c65,004d79e6,register-indirect,004d6bf0,C:\Projects\Wizardry 8\Level Specific Code\MasterFunctionList.cpp,422,pTrigger,Missing trigger 'PerfumeBox'! It's not in the LVL file!
wiz8--gog-base--wiz8--18a74ff61c65,004d7a1c,register-indirect,004d6bf0,C:\Projects\Wizardry 8\Level Specific Code\MasterFunctionList.cpp,426,pTrigger,Missing trigger 'StoneIdol'! It's not in the LVL file!
wiz8--gog-base--wiz8--18a74ff61c65,004d7a52,register-indirect,004d6bf0,C:\Projects\Wizardry 8\Level Specific Code\MasterFunctionList.cpp,430,pTrigger,Missing trigger 'BlueFlowers'! It's not in the LVL file!
wiz8--gog-base--wiz8--18a74ff61c65,004d7a88,register-indirect,004d6bf0,C:\Projects\Wizardry 8\Level Specific Code\MasterFunctionList.cpp,434,pTrigger,Missing trigger 'SquisherControls'! It's not in the LVL file!
wiz8--gog-base--wiz8--18a74ff61c65,004d7b03,register-indirect,004d6bf0,C:\Projects\Wizardry 8\Level Specific Code\MasterFunctionList.cpp,448,pTrigger,Missing trigger 'roach_trigger'! It's not in the LVL file!
wiz8--gog-base--wiz8--18a74ff61c65,004d7b39,register-indirect,004d6bf0,C:\Projects\Wizardry 8\Level Specific Code\MasterFunctionList.cpp,452,pTrigger,Missing trigger 'spider_trigger'! It's not in the LVL file!
wiz8--gog-base--wiz8--18a74ff61c65,004d7b6f,register-indirect,004d6bf0,C:\Projects\Wizardry 8\Level Specific Code\MasterFunctionList.cpp,456,pTrigger,Missing trigger 'Bartrigger'! It's not in the LVL file!
wiz8--gog-base--wiz8--18a74ff61c65,004d7ba5,register-indirect,004d6bf0,C:\Projects\Wizardry 8\Level Specific Code\MasterFunctionList.cpp,460,pTrigger,Missing trigger 'Coffinlide'! It's not in the LVL file!
wiz8--gog-base--wiz8--18a74ff61c65,004d7bdb,register-indirect,004d6bf0,C:\Projects\Wizardry 8\Level Specific Code\MasterFunctionList.cpp,464,pTrigger,Missing trigger 'Coffinlidg'! It's not in the LVL file!
wiz8--gog-base--wiz8--18a74ff61c65,004d7c1c,register-indirect,004d6bf0,C:\Projects\Wizardry 8\Level Specific Code\MasterFunctionList.cpp,1518,pTrigger,
wiz8--gog-base--wiz8--18a74ff61c65,004d7c5c,register-indirect,004d6bf0,C:\Projects\Wizardry 8\Level Specific Code\MasterFunctionList.cpp,472,pTrigger,Missing trigger 'bell_button'! It's not in the LVL file!
wiz8--gog-base--wiz8--18a74ff61c65,004d7c92,register-indirect,004d6bf0,C:\Projects\Wizardry 8\Level Specific Code\MasterFunctionList.cpp,476,pTrigger,Missing trigger 'micro_door2'! It's not in the LVL file!
wiz8--gog-base--wiz8--18a74ff61c65,004d7cd2,register-indirect,004d6bf0,C:\Projects\Wizardry 8\Level Specific Code\MasterFunctionList.cpp,482,pTrigger,Missing trigger '_VOC_EWAXXCANNON1'! It's not in the LVL file!
wiz8--gog-base--wiz8--18a74ff61c65,004d7d08,register-indirect,004d6bf0,C:\Projects\Wizardry 8\Level Specific Code\MasterFunctionList.cpp,490,pTrigger,Missing trigger 'EwaxxLanding'! It's not in the LVL file!
wiz8--gog-base--wiz8--18a74ff61c65,004d7d3e,register-indirect,004d6bf0,C:\Projects\Wizardry 8\Level Specific Code\MasterFunctionList.cpp,494,pTrigger,Missing trigger 'catchCord'! It's not in the LVL file!
wiz8--gog-base--wiz8--18a74ff61c65,004d7d74,register-indirect,004d6bf0,C:\Projects\Wizardry 8\Level Specific Code\MasterFunctionList.cpp,498,pTrigger,Missing trigger 'painActivatorTrigger'! It's not in the LVL file!
wiz8--gog-base--wiz8--18a74ff61c65,004d7daa,register-indirect,004d6bf0,C:\Projects\Wizardry 8\Level Specific Code\MasterFunctionList.cpp,502,pTrigger,Missing trigger '_VOC_EWAXXTOPDOOR2'! It's not in the LVL file!
wiz8--gog-base--wiz8--18a74ff61c65,004d7def,register-indirect,004d6bf0,C:\Projects\Wizardry 8\Level Specific Code\MasterFunctionList.cpp,511,pTrigger,Missing trigger '_VOC_EWAXXLIFT1'! It's not in the LVL file!
wiz8--gog-base--wiz8--18a74ff61c65,004d7e25,register-indirect,004d6bf0,C:\Projects\Wizardry 8\Level Specific Code\MasterFunctionList.cpp,515,pTrigger,Missing trigger 'crank'! It's not in the LVL file!
wiz8--gog-base--wiz8--18a74ff61c65,004d7e5b,register-indirect,004d6bf0,C:\Projects\Wizardry 8\Level Specific Code\MasterFunctionList.cpp,519,pTrigger,Missing trigger 'Security Button'! It's not in the LVL file!
wiz8--gog-base--wiz8--18a74ff61c65,004d7e91,register-indirect,004d6bf0,C:\Projects\Wizardry 8\Level Specific Code\MasterFunctionList.cpp,523,pTrigger,Missing trigger 'VOC_EWAXXSENTRYtrig'! It's not in the LVL file!
wiz8--gog-base--wiz8--18a74ff61c65,004d7ec7,register-indirect,004d6bf0,C:\Projects\Wizardry 8\Level Specific Code\MasterFunctionList.cpp,527,pTrigger,Missing trigger 'ewaxxdoortrigger03'! It's not in the LVL file!
wiz8--gog-base--wiz8--18a74ff61c65,004d7f08,register-indirect,004d6bf0,C:\Projects\Wizardry 8\Level Specific Code\MasterFunctionList.cpp,1518,pTrigger,
wiz8--gog-base--wiz8--18a74ff61c65,004d7f4d,register-indirect,004d6bf0,C:\Projects\Wizardry 8\Level Specific Code\MasterFunctionList.cpp,537,pTrigger,Missing trigger '_VOC_EWAXXLIFT1'! It's not in the LVL file!
wiz8--gog-base--wiz8--18a74ff61c65,004d7f83,register-indirect,004d6bf0,C:\Projects\Wizardry 8\Level Specific Code\MasterFunctionList.cpp,541,pTrigger,Missing trigger '_VOC_EWAXXLIFT2'! It's not in the LVL file!
wiz8--gog-base--wiz8--18a74ff61c65,004d7fb9,register-indirect,004d6bf0,C:\Projects\Wizardry 8\Level Specific Code\MasterFunctionList.cpp,545,pTrigger,Missing trigger '_VOC_EWAXXLIFT2'! It's not in the LVL file!
wiz8--gog-base--wiz8--18a74ff61c65,004d7fef,register-indirect,004d6bf0,C:\Projects\Wizardry 8\Level Specific Code\MasterFunctionList.cpp,549,pTrigger,Missing trigger 'mudWallTrigger'! It's not in the LVL file!
wiz8--gog-base--wiz8--18a74ff61c65,004d8034,register-indirect,004d6bf0,C:\Projects\Wizardry 8\Level Specific Code\MasterFunctionList.cpp,558,pTrigger,Missing trigger '_VOC_EWAXXTRAIN'! It's not in the LVL file!
wiz8--gog-base--wiz8--18a74ff61c65,004d806a,register-indirect,004d6bf0,C:\Projects\Wizardry 8\Level Specific Code\MasterFunctionList.cpp,562,pTrigger,Missing trigger 'redwire'! It's not in the LVL file!
wiz8--gog-base--wiz8--18a74ff61c65,004d80a0,register-indirect,004d6bf0,C:\Projects\Wizardry 8\Level Specific Code\MasterFunctionList.cpp,566,pTrigger,Missing trigger 'bluewire'! It's not in the LVL file!
wiz8--gog-base--wiz8--18a74ff61c65,004d80d6,register-indirect,004d6bf0,C:\Projects\Wizardry 8\Level Specific Code\MasterFunctionList.cpp,570,pTrigger,Missing trigger 'yellowwire'! It's not in the LVL file!
wiz8--gog-base--wiz8--18a74ff61c65,004d810c,register-indirect,004d6bf0,C:\Projects\Wizardry 8\Level Specific Code\MasterFunctionList.cpp,574,pTrigger,Missing trigger '_VOC_EWAXXLIFT3'! It's not in the LVL file!
wiz8--gog-base--wiz8--18a74ff61c65,004d8142,register-indirect,004d6bf0,C:\Projects\Wizardry 8\Level Specific Code\MasterFunctionList.cpp,578,pTrigger,Missing trigger '_VOC_EWAXXTOPDOOR1'! It's not in the LVL file!
wiz8--gog-base--wiz8--18a74ff61c65,004d8178,register-indirect,004d6bf0,C:\Projects\Wizardry 8\Level Specific Code\MasterFunctionList.cpp,582,pTrigger,Missing trigger '_VOC_EWAXXTOPDOOR1'! It's not in the LVL file!
wiz8--gog-base--wiz8--18a74ff61c65,004d81ae,register-indirect,004d6bf0,C:\Projects\Wizardry 8\Level Specific Code\MasterFunctionList.cpp,586,pTrigger,Missing trigger '_VOC_EWAXXTOPDOOR1'! It's not in the LVL file!
wiz8--gog-base--wiz8--18a74ff61c65,004d81e4,register-indirect,004d6bf0,C:\Projects\Wizardry 8\Level Specific Code\MasterFunctionList.cpp,590,pTrigger,Missing trigger 'triggerPlaneLaserAlarm'! It's not in the LVL file!
wiz8--gog-base--wiz8--18a74ff61c65,004d82c3,register-indirect,004d6bf0,C:\Projects\Wizardry 8\Level Specific Code\MasterFunctionList.cpp,634,pTrigger,Missing trigger 'Fireantspawn'! It's not in the LVL file!
wiz8--gog-base--wiz8--18a74ff61c65,004d82f9,register-indirect,004d6bf0,C:\Projects\Wizardry 8\Level Specific Code\MasterFunctionList.cpp,638,pTrigger,Missing trigger 'Sexspawn'! It's not in the LVL file!
wiz8--gog-base--wiz8--18a74ff61c65,004d832f,register-indirect,004d6bf0,C:\Projects\Wizardry 8\Level Specific Code\MasterFunctionList.cpp,642,pTrigger,Missing trigger 'Hotstuff'! It's not in the LVL file!
wiz8--gog-base--wiz8--18a74ff61c65,004d8365,register-indirect,004d6bf0,C:\Projects\Wizardry 8\Level Specific Code\MasterFunctionList.cpp,646,pTrigger,Missing trigger 'Gate'! It's not in the LVL file!
wiz8--gog-base--wiz8--18a74ff61c65,004d83a6,register-indirect,004d6bf0,C:\Projects\Wizardry 8\Level Specific Code\MasterFunctionList.cpp,1518,pTrigger,
wiz8--gog-base--wiz8--18a74ff61c65,004d83e7,register-indirect,004d6bf0,C:\Projects\Wizardry 8\Level Specific Code\MasterFunctionList.cpp,1518,pTrigger,
wiz8--gog-base--wiz8--18a74ff61c65,004d8427,register-indirect,004d6bf0,C:\Projects\Wizardry 8\Level Specific Code\MasterFunctionList.cpp,656,pTrigger,Missing trigger 'AirBox'! It's not in the LVL file!
wiz8--gog-base--wiz8--18a74ff61c65,004d845d,register-indirect,004d6bf0,C:\Projects\Wizardry 8\Level Specific Code\MasterFunctionList.cpp,660,pTrigger,Missing trigger 'DoorDone'! It's not in the LVL file!
wiz8--gog-base--wiz8--18a74ff61c65,004d849d,register-indirect,004d6bf0,C:\Projects\Wizardry 8\Level Specific Code\MasterFunctionList.cpp,668,pTrigger,Missing trigger 'AltarBox'! It's not in the LVL file!
wiz8--gog-base--wiz8--18a74ff61c65,004d84d3,register-indirect,004d6bf0,C:\Projects\Wizardry 8\Level Specific Code\MasterFunctionList.cpp,672,pTrigger,Missing trigger 'platformtrigger'! It's not in the LVL file!
wiz8--gog-base--wiz8--18a74ff61c65,004d8509,register-indirect,004d6bf0,C:\Projects\Wizardry 8\Level Specific Code\MasterFunctionList.cpp,676,pTrigger,Missing trigger 'platformtrigger01'! It's not in the LVL file!
wiz8--gog-base--wiz8--18a74ff61c65,004d853f,register-indirect,004d6bf0,C:\Projects\Wizardry 8\Level Specific Code\MasterFunctionList.cpp,680,pTrigger,Missing trigger 'platformtrigger02'! It's not in the LVL file!
wiz8--gog-base--wiz8--18a74ff61c65,004d859c,register-indirect,004d6bf0,C:\Projects\Wizardry 8\Level Specific Code\MasterFunctionList.cpp,689,pTrigger,Missing trigger 'HigardiChest01'! It's not in the LVL file!
wiz8--gog-base--wiz8--18a74ff61c65,004d85d2,register-indirect,004d6bf0,C:\Projects\Wizardry 8\Level Specific Code\MasterFunctionList.cpp,693,pTrigger,Missing trigger 'HigardiChest02'! It's not in the LVL file!
wiz8--gog-base--wiz8--18a74ff61c65,004d8608,register-indirect,004d6bf0,C:\Projects\Wizardry 8\Level Specific Code\MasterFunctionList.cpp,697,pTrigger,Missing trigger 'HigardiChest03'! It's not in the LVL file!
wiz8--gog-base--wiz8--18a74ff61c65,004d863e,register-indirect,004d6bf0,C:\Projects\Wizardry 8\Level Specific Code\MasterFunctionList.cpp,701,pTrigger,Missing trigger 'HigardiChest04'! It's not in the LVL file!
wiz8--gog-base--wiz8--18a74ff61c65,004d8674,register-indirect,004d6bf0,C:\Projects\Wizardry 8\Level Specific Code\MasterFunctionList.cpp,705,pTrigger,Missing trigger 'HigardiChest05'! It's not in the LVL file!
wiz8--gog-base--wiz8--18a74ff61c65,004d86b5,register-indirect,004d6bf0,C:\Projects\Wizardry 8\Level Specific Code\MasterFunctionList.cpp,1518,pTrigger,
wiz8--gog-base--wiz8--18a74ff61c65,004d86f5,register-indirect,004d6bf0,C:\Projects\Wizardry 8\Level Specific Code\MasterFunctionList.cpp,714,pTrigger,Missing trigger 'gas_trig_plane01'! It's not in the LVL file!
wiz8--gog-base--wiz8--18a74ff61c65,004d872c,register-indirect,004d6bf0,C:\Projects\Wizardry 8\Level Specific Code\MasterFunctionList.cpp,718,pTrigger,Missing trigger 'gas_trig_plane02'! It's not in the LVL file!
wiz8--gog-base--wiz8--18a74ff61c65,004d875e,register-indirect,004d6bf0,C:\Projects\Wizardry 8\Level Specific Code\MasterFunctionList.cpp,722,pTrigger,Missing trigger 'gas_trig_plane03'! It's not in the LVL file!
wiz8--gog-base--wiz8--18a74ff61c65,004d8790,register-indirect,004d6bf0,C:\Projects\Wizardry 8\Level Specific Code\MasterFunctionList.cpp,726,pTrigger,Missing trigger 'gas_trig_plane04'! It's not in the LVL file!
wiz8--gog-base--wiz8--18a74ff61c65,004d87c2,register-indirect,004d6bf0,C:\Projects\Wizardry 8\Level Specific Code\MasterFunctionList.cpp,730,pTrigger,Missing trigger 'gas_trig_plane05'! It's not in the LVL file!
wiz8--gog-base--wiz8--18a74ff61c65,004d87f4,register-indirect,004d6bf0,C:\Projects\Wizardry 8\Level Specific Code\MasterFunctionList.cpp,734,pTrigger,Missing trigger 'gas_trig_plane06'! It's not in the LVL file!
wiz8--gog-base--wiz8--18a74ff61c65,004d8826,register-indirect,004d6bf0,C:\Projects\Wizardry 8\Level Specific Code\MasterFunctionList.cpp,738,pTrigger,Missing trigger 'gas_trig_plane07'! It's not in the LVL file!
wiz8--gog-base--wiz8--18a74ff61c65,004d8858,register-indirect,004d6bf0,C:\Projects\Wizardry 8\Level Specific Code\MasterFunctionList.cpp,742,pTrigger,Missing trigger 'oil_pool'! It's not in the LVL file!
wiz8--gog-base--wiz8--18a74ff61c65,004d888e,register-indirect,004d6bf0,C:\Projects\Wizardry 8\Level Specific Code\MasterFunctionList.cpp,746,pTrigger,Missing trigger 'onelid'! It's not in the LVL file!
wiz8--gog-base--wiz8--18a74ff61c65,004d88cf,register-indirect,004d6bf0,C:\Projects\Wizardry 8\Level Specific Code\MasterFunctionList.cpp,1518,pTrigger,
wiz8--gog-base--wiz8--18a74ff61c65,004d8a78,direct,004d6bf0,C:\Projects\Wizardry 8\Level Specific Code\MasterFunctionList.cpp,762,pTrigger,Missing trigger 'Fount_randomFX'! It's not in the LVL file!
wiz8--gog-base--wiz8--18a74ff61c65,004d8ae8,register-indirect,004d6bf0,C:\Projects\Wizardry 8\Level Specific Code\MasterFunctionList.cpp,776,pTrigger,Missing trigger 'prisondoor06'! It's not in the LVL file!
wiz8--gog-base--wiz8--18a74ff61c65,004d8b1e,register-indirect,004d6bf0,C:\Projects\Wizardry 8\Level Specific Code\MasterFunctionList.cpp,780,pTrigger,Missing trigger 'prisondoor04'! It's not in the LVL file!
wiz8--gog-base--wiz8--18a74ff61c65,004d8b54,register-indirect,004d6bf0,C:\Projects\Wizardry 8\Level Specific Code\MasterFunctionList.cpp,784,pTrigger,Missing trigger 'prisondoor03'! It's not in the LVL file!
wiz8--gog-base--wiz8--18a74ff61c65,004d8b94,register-indirect,004d6bf0,C:\Projects\Wizardry 8\Level Specific Code\MasterFunctionList.cpp,794,pTrigger,Missing trigger 'GoodaVine_A'! It's not in the LVL file!
wiz8--gog-base--wiz8--18a74ff61c65,004d8bca,register-indirect,004d6bf0,C:\Projects\Wizardry 8\Level Specific Code\MasterFunctionList.cpp,798,pTrigger,Missing trigger 'GoodaVine_B'! It's not in the LVL file!
wiz8--gog-base--wiz8--18a74ff61c65,004d8c00,register-indirect,004d6bf0,C:\Projects\Wizardry 8\Level Specific Code\MasterFunctionList.cpp,802,pTrigger,Missing trigger 'Meat maker'! It's not in the LVL file!
wiz8--gog-base--wiz8--18a74ff61c65,004d8c36,register-indirect,004d6bf0,C:\Projects\Wizardry 8\Level Specific Code\MasterFunctionList.cpp,806,pTrigger,Missing trigger 'Meat_Box! It's not in the LVL file!
wiz8--gog-base--wiz8--18a74ff61c65,004d8c6c,register-indirect,004d6bf0,C:\Projects\Wizardry 8\Level Specific Code\MasterFunctionList.cpp,810,pTrigger,Missing trigger 'Give Zulu'! It's not in the LVL file!
wiz8--gog-base--wiz8--18a74ff61c65,004d8cad,register-indirect,004d6bf0,C:\Projects\Wizardry 8\Level Specific Code\MasterFunctionList.cpp,1518,pTrigger,
wiz8--gog-base--wiz8--18a74ff61c65,004d8cef,register-indirect,004d6bf0,C:\Projects\Wizardry 8\Level Specific Code\MasterFunctionList.cpp,1518,pTrigger,
wiz8--gog-base--wiz8--18a74ff61c65,004d8d2c,register-indirect,004d6bf0,C:\Projects\Wizardry 8\Level Specific Code\MasterFunctionList.cpp,1518,pTrigger,
wiz8--gog-base--wiz8--18a74ff61c65,004d8d69,register-indirect,004d6bf0,C:\Projects\Wizardry 8\Level Specific Code\MasterFunctionList.cpp,1518,pTrigger,
wiz8--gog-base--wiz8--18a74ff61c65,004d8da9,direct,004d6bf0,C:\Projects\Wizardry 8\Level Specific Code\MasterFunctionList.cpp,826,pTrigger,Missing trigger 'CC_TRIGGERPLANE1HEDRA'! It's not in the LVL file!
wiz8--gog-base--wiz8--18a74ff61c65,004d97c1,register-indirect,004d9740,C:\Projects\Wizardry 8\Level Specific Code\MasterFunctionList.cpp,1444,pChest,
wiz8--gog-base--wiz8--18a74ff61c65,004d97e3,register-indirect,004d9740,C:\Projects\Wizardry 8\Level Specific Code\MasterFunctionList.cpp,1446,pTrigger,
wiz8--gog-base--wiz8--18a74ff61c65,004d9807,register-indirect,004d9740,C:\Projects\Wizardry 8\Level Specific Code\MasterFunctionList.cpp,1448,pContainer,
wiz8--gog-base--wiz8--18a74ff61c65,004d9b0a,direct,004d9a70,C:\Projects\Wizardry 8\Level Specific Code\Cosmic Circle.cpp,25,pNPC,Cannot find VOC_SAVANT_CC1
wiz8--gog-base--wiz8--18a74ff61c65,004d9bba,register-indirect,004d9a70,C:\Projects\Wizardry 8\Level Specific Code\Cosmic Circle.cpp,65,uiMonsterID,Invalid Monster ID for CC end
wiz8--gog-base--wiz8--18a74ff61c65,004d9c33,register-indirect,004d9a70,C:\Projects\Wizardry 8\Level Specific Code\Cosmic Circle.cpp,83,uiMonsterID,Invalid Monster ID for CC end
wiz8--gog-base--wiz8--18a74ff61c65,004da6d2,register-indirect,004da670,C:\Projects\Wizardry 8\Level Specific Code\Trynnie1.cpp,18,"WorldGetNamedPosition(""VOC_SHAMAN_DYING"", vPos)",
wiz8--gog-base--wiz8--18a74ff61c65,004da71a,register-indirect,004da670,C:\Projects\Wizardry 8\Level Specific Code\Trynnie1.cpp,24,"CreateGroup(205, 1, vPos2, TRUE, FALSE, TRUE)",
wiz8--gog-base--wiz8--18a74ff61c65,004da8fb,register-indirect,004da740,C:\Projects\Wizardry 8\Level Specific Code\Trynnie1.cpp,104,iOldTable!=(-1),Can't find monster table 'Trynnies'
wiz8--gog-base--wiz8--18a74ff61c65,004da916,register-indirect,004da740,C:\Projects\Wizardry 8\Level Specific Code\Trynnie1.cpp,105,iNewTable!=(-1),Can't find monster table 'Dead Trynnies'
wiz8--gog-base--wiz8--18a74ff61c65,004db574,register-indirect,004db200,..\Engine Code\Include\Trigger.hpp,1005,m_bRepType == TRIGGER_REP_PROP,
wiz8--gog-base--wiz8--18a74ff61c65,004db5b9,register-indirect,004db200,..\Engine Code\Include\Trigger.hpp,1005,m_bRepType == TRIGGER_REP_PROP,
wiz8--gog-base--wiz8--18a74ff61c65,004db5fe,register-indirect,004db200,..\Engine Code\Include\Trigger.hpp,1005,m_bRepType == TRIGGER_REP_PROP,
wiz8--gog-base--wiz8--18a74ff61c65,004dbaef,direct,004dbab0,..\Engine Code\Include\Trigger.hpp,1005,m_bRepType == TRIGGER_REP_PROP,
wiz8--gog-base--wiz8--18a74ff61c65,004dbcbf,register-indirect,004dbab0,..\Engine Code\Include\Trigger.hpp,1005,m_bRepType == TRIGGER_REP_PROP,
wiz8--gog-base--wiz8--18a74ff61c65,004dbd0b,register-indirect,004dbab0,..\Engine Code\Include\Trigger.hpp,1005,m_bRepType == TRIGGER_REP_PROP,
wiz8--gog-base--wiz8--18a74ff61c65,004dbd89,register-indirect,004dbab0,..\Engine Code\Include\Trigger.hpp,1005,m_bRepType == TRIGGER_REP_PROP,
wiz8--gog-base--wiz8--18a74ff61c65,004dbdd5,register-indirect,004dbab0,..\Engine Code\Include\Trigger.hpp,1005,m_bRepType == TRIGGER_REP_PROP,
wiz8--gog-base--wiz8--18a74ff61c65,004dbf9b,register-indirect,004dbe30,C:\Projects\Wizardry 8\Level Specific Code\MtGigasOuter.cpp,84,pFlagTrigger,Missing trigger 'flag'! It's not in the LVL file!
wiz8--gog-base--wiz8--18a74ff61c65,004dbfba,register-indirect,004dbe30,..\Engine Code\Include\Trigger.hpp,1005,m_bRepType == TRIGGER_REP_PROP,
wiz8--gog-base--wiz8--18a74ff61c65,004dc159,register-indirect,004dbe30,C:\Projects\Wizardry 8\Level Specific Code\MtGigasOuter.cpp,149,pFlagTrigger,Missing trigger 'flag'! It's not in the LVL file!
wiz8--gog-base--wiz8--18a74ff61c65,004dc178,register-indirect,004dbe30,..\Engine Code\Include\Trigger.hpp,1005,m_bRepType == TRIGGER_REP_PROP,
wiz8--gog-base--wiz8--18a74ff61c65,004dc80f,register-indirect,004dc670,C:\Projects\Wizardry 8\Level Specific Code\Monastery2.cpp,33,pPropTrigger,
wiz8--gog-base--wiz8--18a74ff61c65,004dc843,register-indirect,004dc670,C:\Projects\Wizardry 8\Level Specific Code\Monastery2.cpp,36,pPropTrigger,
wiz8--gog-base--wiz8--18a74ff61c65,004de032,register-indirect,004dcd40,..\Engine Code\Include\Trigger.hpp,1005,m_bRepType == TRIGGER_REP_PROP,
wiz8--gog-base--wiz8--18a74ff61c65,004de06f,register-indirect,004dcd40,..\Engine Code\Include\Trigger.hpp,1005,m_bRepType == TRIGGER_REP_PROP,
wiz8--gog-base--wiz8--18a74ff61c65,004de300,register-indirect,004dcd40,..\Engine Code\Include\Trigger.hpp,1005,m_bRepType == TRIGGER_REP_PROP,
wiz8--gog-base--wiz8--18a74ff61c65,004de342,register-indirect,004dcd40,..\Engine Code\Include\Trigger.hpp,1005,m_bRepType == TRIGGER_REP_PROP,
wiz8--gog-base--wiz8--18a74ff61c65,004df5ed,register-indirect,004df5c0,C:\Projects\Wizardry 8\Level Specific Code\MartensBluff1.cpp,761,pTelTrigger,Missing trigger 'MR109'! It's not in the LVL file!
wiz8--gog-base--wiz8--18a74ff61c65,004df743,register-indirect,004df710,C:\Projects\Wizardry 8\Level Specific Code\MartensBluff1.cpp,809,pTelTrigger,Missing trigger 'MR109'! It's not in the LVL file!
wiz8--gog-base--wiz8--18a74ff61c65,004e074c,direct,004e06d0,..\Engine Code\Include\Trigger.hpp,1005,m_bRepType == TRIGGER_REP_PROP,
wiz8--gog-base--wiz8--18a74ff61c65,004e089f,direct,004e0880,..\Engine Code\Include\Trigger.hpp,1005,m_bRepType == TRIGGER_REP_PROP,
wiz8--gog-base--wiz8--18a74ff61c65,004e1065,direct,004e0880,C:\Projects\Wizardry 8\Level Specific Code\Arnika.cpp,494,pMookHolo,Missing trigger 'Mookholo'! It's not in the LVL file!
wiz8--gog-base--wiz8--18a74ff61c65,004e11a7,direct,004e1180,..\Engine Code\Include\Trigger.hpp,1005,m_bRepType == TRIGGER_REP_PROP,
wiz8--gog-base--wiz8--18a74ff61c65,004e13e3,register-indirect,004e13b0,C:\Projects\Wizardry 8\Level Specific Code\Arnika.cpp,752,gEl01.pElevator,Missing trigger 'Elevator-1'! It's not in the LVL file!
wiz8--gog-base--wiz8--18a74ff61c65,004e1412,register-indirect,004e13b0,C:\Projects\Wizardry 8\Level Specific Code\Arnika.cpp,754,gEl01.pLift,Missing trigger 'El1-Lift'! It's not in the LVL file!
wiz8--gog-base--wiz8--18a74ff61c65,004e1441,register-indirect,004e13b0,C:\Projects\Wizardry 8\Level Specific Code\Arnika.cpp,756,gEl01.pTopDoor,Missing trigger 'El1-TopGate'! It's not in the LVL file!
wiz8--gog-base--wiz8--18a74ff61c65,004e1470,register-indirect,004e13b0,C:\Projects\Wizardry 8\Level Specific Code\Arnika.cpp,758,gEl01.pBottomDoor,Missing trigger 'El1-BottomGate'! It's not in the LVL file!
wiz8--gog-base--wiz8--18a74ff61c65,004e149f,register-indirect,004e13b0,C:\Projects\Wizardry 8\Level Specific Code\Arnika.cpp,760,gEl01.pTopDoorCollide,Missing trigger 'El1-TopGateC'! It's not in the LVL file!
wiz8--gog-base--wiz8--18a74ff61c65,004e14ce,register-indirect,004e13b0,C:\Projects\Wizardry 8\Level Specific Code\Arnika.cpp,762,gEl01.pBottomDoorCollide,Missing trigger 'El1-BottomGateC'! It's not in the LVL file!
wiz8--gog-base--wiz8--18a74ff61c65,004e14fd,register-indirect,004e13b0,C:\Projects\Wizardry 8\Level Specific Code\Arnika.cpp,764,gEl01.pButton,Missing trigger 'RedButton'! It's not in the LVL file!
wiz8--gog-base--wiz8--18a74ff61c65,004e1809,direct,004e17c0,..\Engine Code\Include\Trigger.hpp,1005,m_bRepType == TRIGGER_REP_PROP,
wiz8--gog-base--wiz8--18a74ff61c65,004e1a43,register-indirect,004e1a10,C:\Projects\Wizardry 8\Level Specific Code\Arnika.cpp,1026,gEl02.pElevator,Missing trigger 'Elevator-02'! It's not in the LVL file!
wiz8--gog-base--wiz8--18a74ff61c65,004e1a72,register-indirect,004e1a10,C:\Projects\Wizardry 8\Level Specific Code\Arnika.cpp,1028,gEl02.pLift,Missing trigger 'El-02Lift'! It's not in the LVL file!
wiz8--gog-base--wiz8--18a74ff61c65,004e1aa1,register-indirect,004e1a10,C:\Projects\Wizardry 8\Level Specific Code\Arnika.cpp,1030,gEl02.pTopDoor,Missing trigger 'El-02TopDoor'! It's not in the LVL file!
wiz8--gog-base--wiz8--18a74ff61c65,004e1ad0,register-indirect,004e1a10,C:\Projects\Wizardry 8\Level Specific Code\Arnika.cpp,1032,gEl02.pBottomDoor,Missing trigger 'El-02BottomDoor'! It's not in the LVL file!
wiz8--gog-base--wiz8--18a74ff61c65,004e1aff,register-indirect,004e1a10,C:\Projects\Wizardry 8\Level Specific Code\Arnika.cpp,1034,gEl02.pTopDoorCollide,Missing trigger 'El-02TopDoorCollide'! It's not in the LVL file!
wiz8--gog-base--wiz8--18a74ff61c65,004e1b2e,register-indirect,004e1a10,C:\Projects\Wizardry 8\Level Specific Code\Arnika.cpp,1036,gEl02.pBottomDoorCollide,Missing trigger 'El-02BottomDoorCollide'! It's not in the LVL file!
wiz8--gog-base--wiz8--18a74ff61c65,004e1b5d,register-indirect,004e1a10,C:\Projects\Wizardry 8\Level Specific Code\Arnika.cpp,1038,gEl02.pButton,Missing trigger 'GreenButton'! It's not in the LVL file!
wiz8--gog-base--wiz8--18a74ff61c65,004e1e59,direct,004e1e10,..\Engine Code\Include\Trigger.hpp,1005,m_bRepType == TRIGGER_REP_PROP,
wiz8--gog-base--wiz8--18a74ff61c65,004e2056,direct,004e2010,..\Engine Code\Include\Trigger.hpp,1005,m_bRepType == TRIGGER_REP_PROP,
wiz8--gog-base--wiz8--18a74ff61c65,004e20ae,direct,004e2010,..\Engine Code\Include\Trigger.hpp,1005,m_bRepType == TRIGGER_REP_PROP,
wiz8--gog-base--wiz8--18a74ff61c65,004e20f9,direct,004e2010,..\Engine Code\Include\Trigger.hpp,1005,m_bRepType == TRIGGER_REP_PROP,
wiz8--gog-base--wiz8--18a74ff61c65,004e213a,direct,004e2010,..\Engine Code\Include\Trigger.hpp,1005,m_bRepType == TRIGGER_REP_PROP,
wiz8--gog-base--wiz8--18a74ff61c65,004e2192,direct,004e2010,..\Engine Code\Include\Trigger.hpp,1005,m_bRepType == TRIGGER_REP_PROP,
wiz8--gog-base--wiz8--18a74ff61c65,004e21da,direct,004e2010,..\Engine Code\Include\Trigger.hpp,1005,m_bRepType == TRIGGER_REP_PROP,
wiz8--gog-base--wiz8--18a74ff61c65,004e23fd,direct,004e2010,C:\Projects\Wizardry 8\Level Specific Code\Arnika.cpp,1469,pTrigger,Missing trigger 'CMBox'! It's not in the LVL file!
wiz8--gog-base--wiz8--18a74ff61c65,004e24b6,direct,004e2010,C:\Projects\Wizardry 8\Level Specific Code\Arnika.cpp,1520,pTrigger,Missing trigger 'AstralDominae'! It's not in the LVL file!
wiz8--gog-base--wiz8--18a74ff61c65,004e2540,direct,004e2010,C:\Projects\Wizardry 8\Level Specific Code\Arnika.cpp,1543,pTrigger,Missing trigger 'ChaosMolori'! It's not in the LVL file!
wiz8--gog-base--wiz8--18a74ff61c65,004e35d7,register-indirect,004e3340,C:\Projects\Wizardry 8\Local Code\Gameloop.cpp,630,gCurrentScreen.iScreenId == NO_SCREEN,
wiz8--gog-base--wiz8--18a74ff61c65,004e3840,register-indirect,004e3340,C:\Projects\Wizardry 8\Local Code\MonsterManager.cpp,92,gXStatus.plsMonsterGroupList != NULL,
wiz8--gog-base--wiz8--18a74ff61c65,004e385a,register-indirect,004e3340,C:\Projects\Wizardry 8\Local Code\MonsterManager.cpp,93,gXStatus.plsMonsterList != NULL,
wiz8--gog-base--wiz8--18a74ff61c65,004e3be7,direct,004e3930,C:\Projects\Wizardry 8\Local Code\MonsterManager.cpp,642,pMonsterInfo,
wiz8--gog-base--wiz8--18a74ff61c65,004e3c93,register-indirect,004e3c70,C:\Projects\Wizardry 8\Local Code\MonsterManager.cpp,372,pMonsterInfo != NULL,
wiz8--gog-base--wiz8--18a74ff61c65,004e3cbf,register-indirect,004e3c70,C:\Projects\Wizardry 8\Local Code\MonsterManager.cpp,1513,pMonsterInfo != NULL,
wiz8--gog-base--wiz8--18a74ff61c65,004e3d50,register-indirect,004e3c70,C:\Projects\Wizardry 8\Local Code\MonsterManager.cpp,400,"MonsterIsCycleSupported(pMonsterInfo->p3D, CYCLE_BIRTH)",Unborn monsters must have CYCLE_BIRTH!
wiz8--gog-base--wiz8--18a74ff61c65,004e3d8f,register-indirect,004e3c70,C:\Projects\Wizardry 8\Local Code\MonsterManager.cpp,406,"MonsterQuery(pMonsterInfo->p3D, QUERY_NUM_FRAMES) != -1",
wiz8--gog-base--wiz8--18a74ff61c65,004e3dfd,register-indirect,004e3c70,C:\Projects\Wizardry 8\Local Code\MonsterManager.cpp,420,"MonsterQuery(pMonsterInfo->p3D, QUERY_NUM_FRAMES) != -1",
wiz8--gog-base--wiz8--18a74ff61c65,004e3ee0,direct,004e3c70,C:\Projects\Wizardry 8\Local Code\MonsterManager.cpp,1513,pMonsterInfo != NULL,
wiz8--gog-base--wiz8--18a74ff61c65,004e3f05,direct,004e3c70,C:\Projects\Wizardry 8\Local Code\MonsterManager.cpp,1523,uiMonsterSpecies < MAX_MONSTERS_IN_DATABASE,
wiz8--gog-base--wiz8--18a74ff61c65,004e4009,register-indirect,004e3c70,C:\Projects\Wizardry 8\Local Code\MonsterManager.cpp,478,pMonsterInfo->plsVisMonToMon != NULL,
wiz8--gog-base--wiz8--18a74ff61c65,004e4074,register-indirect,004e4050,C:\Projects\Wizardry 8\Local Code\MonsterManager.cpp,501,pMonsterInfo != NULL,
wiz8--gog-base--wiz8--18a74ff61c65,004e4099,register-indirect,004e4050,C:\Projects\Wizardry 8\Local Code\MonsterManager.cpp,502,!pMonsterInfo->fActive,
wiz8--gog-base--wiz8--18a74ff61c65,004e40c0,register-indirect,004e4050,C:\Projects\Wizardry 8\Local Code\MonsterManager.cpp,1513,pMonsterInfo != NULL,
wiz8--gog-base--wiz8--18a74ff61c65,004e40e2,register-indirect,004e4050,C:\Projects\Wizardry 8\Local Code\MonsterManager.cpp,1523,uiMonsterSpecies < MAX_MONSTERS_IN_DATABASE,
wiz8--gog-base--wiz8--18a74ff61c65,004e4185,direct,004e4050,C:\Projects\Wizardry 8\Local Code\MonsterManager.cpp,527,fSuccess,ActivateMonster: ERROR - MonsterReadAllCycles failed
wiz8--gog-base--wiz8--18a74ff61c65,004e41cf,direct,004e4050,C:\Projects\Wizardry 8\Local Code\MonsterManager.cpp,522,fSuccess,ActivateMonster: ERROR - MonsterReadAllCycles failed
wiz8--gog-base--wiz8--18a74ff61c65,004e42a6,register-indirect,004e4280,C:\Projects\Wizardry 8\Local Code\MonsterManager.cpp,576,pMonsterInfo != NULL,
wiz8--gog-base--wiz8--18a74ff61c65,004e42c9,register-indirect,004e4280,C:\Projects\Wizardry 8\Local Code\MonsterManager.cpp,585,pMonsterInfo->p3D != NULL,
wiz8--gog-base--wiz8--18a74ff61c65,004e43b1,register-indirect,004e4390,C:\Projects\Wizardry 8\Local Code\MonsterManager.cpp,665,pMonsterInfo != NULL,
wiz8--gog-base--wiz8--18a74ff61c65,004e43ce,register-indirect,004e4390,C:\Projects\Wizardry 8\Local Code\MonsterManager.cpp,666,!pMonsterInfo->fInCombat,
wiz8--gog-base--wiz8--18a74ff61c65,004e43e7,register-indirect,004e4390,C:\Projects\Wizardry 8\Local Code\MonsterManager.cpp,759,pMonsterInfo != NULL,
wiz8--gog-base--wiz8--18a74ff61c65,004e447b,register-indirect,004e4390,C:\Projects\Wizardry 8\Local Code\MonsterManager.cpp,672,pMonsterInfo->pCombat != NULL,
wiz8--gog-base--wiz8--18a74ff61c65,004e4524,register-indirect,004e4390,C:\Projects\Wizardry 8\Local Code\MonsterManager.cpp,710,gXStatus.fCombatMode,
wiz8--gog-base--wiz8--18a74ff61c65,004e4541,register-indirect,004e4390,C:\Projects\Wizardry 8\Local Code\MonsterManager.cpp,711,pMonsterInfo != NULL,
wiz8--gog-base--wiz8--18a74ff61c65,004e455b,register-indirect,004e4390,C:\Projects\Wizardry 8\Local Code\MonsterManager.cpp,712,pMonsterInfo->fInCombat,
wiz8--gog-base--wiz8--18a74ff61c65,004e4619,direct,004e4600,C:\Projects\Wizardry 8\Local Code\MonsterManager.cpp,759,pMonsterInfo != NULL,
wiz8--gog-base--wiz8--18a74ff61c65,004e4710,direct,004e4690,C:\Projects\Wizardry 8\Local Code\MonsterManager.cpp,1513,pMonsterInfo != NULL,
wiz8--gog-base--wiz8--18a74ff61c65,004e4735,direct,004e4690,C:\Projects\Wizardry 8\Local Code\MonsterManager.cpp,1523,uiMonsterSpecies < MAX_MONSTERS_IN_DATABASE,
wiz8--gog-base--wiz8--18a74ff61c65,004e4815,direct,004e4690,C:\Projects\Wizardry 8\Local Code\MonsterManager.cpp,852,(iKilledByPC == BAD_INDEX) || VALID_CHAR(iKilledByPC),
wiz8--gog-base--wiz8--18a74ff61c65,004e48f5,direct,004e4690,C:\Projects\Wizardry 8\Local Code\MonsterManager.cpp,897,pKillerMonsterInfo != NULL,
wiz8--gog-base--wiz8--18a74ff61c65,004e4e6a,direct,004e4ab0,C:\Projects\Wizardry 8\Local Code\MonsterManager.cpp,1175,FALSE,
wiz8--gog-base--wiz8--18a74ff61c65,004e4ea0,direct,004e4ab0,C:\Projects\Wizardry 8\Local Code\MonsterManager.cpp,1188,FALSE,
wiz8--gog-base--wiz8--18a74ff61c65,004e4f62,direct,004e4ab0,C:\Projects\Wizardry 8\Local Code\MonsterManager.cpp,642,pMonsterInfo,
wiz8--gog-base--wiz8--18a74ff61c65,004e517a,register-indirect,004e5150,C:\Projects\Wizardry 8\Local Code\MonsterManager.cpp,1513,pMonsterInfo != NULL,
wiz8--gog-base--wiz8--18a74ff61c65,004e519b,register-indirect,004e5150,C:\Projects\Wizardry 8\Local Code\MonsterManager.cpp,1523,uiMonsterSpecies < MAX_MONSTERS_IN_DATABASE,
wiz8--gog-base--wiz8--18a74ff61c65,004e52f4,register-indirect,004e52c0,C:\Projects\Wizardry 8\Local Code\MonsterManager.cpp,1513,pMonsterInfo != NULL,
wiz8--gog-base--wiz8--18a74ff61c65,004e5315,register-indirect,004e52c0,C:\Projects\Wizardry 8\Local Code\MonsterManager.cpp,1523,uiMonsterSpecies < MAX_MONSTERS_IN_DATABASE,
wiz8--gog-base--wiz8--18a74ff61c65,004e5608,direct,004e52c0,C:\Projects\Wizardry 8\Local Code\MonsterManager.cpp,1473,FALSE,
wiz8--gog-base--wiz8--18a74ff61c65,004e5666,register-indirect,004e5620,C:\Projects\Wizardry 8\Local Code\MonsterManager.cpp,1489,(uiMonsterListIndex-10000) < (UINT32) PLLength(gXStatus.plsUnbornMonsterList),
wiz8--gog-base--wiz8--18a74ff61c65,004e56ce,register-indirect,004e5620,C:\Projects\Wizardry 8\Local Code\MonsterManager.cpp,1498,uiMonsterListIndex < (UINT32) PLLength(gXStatus.plsMonsterList),
wiz8--gog-base--wiz8--18a74ff61c65,004e570a,register-indirect,004e5620,C:\Projects\Wizardry 8\Local Code\MonsterManager.cpp,1502,pMonsterInfo != NULL,
wiz8--gog-base--wiz8--18a74ff61c65,004e5741,register-indirect,004e5720,C:\Projects\Wizardry 8\Local Code\MonsterManager.cpp,1513,pMonsterInfo != NULL,
wiz8--gog-base--wiz8--18a74ff61c65,004e5762,register-indirect,004e5720,C:\Projects\Wizardry 8\Local Code\MonsterManager.cpp,1523,uiMonsterSpecies < MAX_MONSTERS_IN_DATABASE,
wiz8--gog-base--wiz8--18a74ff61c65,004e57df,direct,004e57c0,C:\Projects\Wizardry 8\Local Code\MonsterManager.cpp,1523,uiMonsterSpecies < MAX_MONSTERS_IN_DATABASE,
wiz8--gog-base--wiz8--18a74ff61c65,004e589d,direct,004e5840,C:\Projects\Wizardry 8\Local Code\MonsterManager.cpp,1574,FALSE,
wiz8--gog-base--wiz8--18a74ff61c65,004e58f1,direct,004e5840,C:\Projects\Wizardry 8\Local Code\MonsterManager.cpp,1523,uiMonsterSpecies < MAX_MONSTERS_IN_DATABASE,
wiz8--gog-base--wiz8--18a74ff61c65,004e59b2,register-indirect,004e5990,C:\Projects\Wizardry 8\Local Code\MonsterManager.cpp,1513,pMonsterInfo != NULL,
wiz8--gog-base--wiz8--18a74ff61c65,004e59d3,register-indirect,004e5990,C:\Projects\Wizardry 8\Local Code\MonsterManager.cpp,1523,uiMonsterSpecies < MAX_MONSTERS_IN_DATABASE,
wiz8--gog-base--wiz8--18a74ff61c65,004e5a2f,register-indirect,004e5990,C:\Projects\Wizardry 8\Local Code\MonsterManager.cpp,1642,pMonsterDB,
wiz8--gog-base--wiz8--18a74ff61c65,004e5b0c,direct,004e5af0,C:\Projects\Wizardry 8\Local Code\MonsterManager.cpp,1721,pMonsterInfo,
wiz8--gog-base--wiz8--18a74ff61c65,004e5b6f,direct,004e5b50,C:\Projects\Wizardry 8\Local Code\MonsterManager.cpp,1523,uiMonsterSpecies < MAX_MONSTERS_IN_DATABASE,
wiz8--gog-base--wiz8--18a74ff61c65,004e5d1e,direct,004e5d00,C:\Projects\Wizardry 8\Local Code\MonsterManager.cpp,1513,pMonsterInfo != NULL,
wiz8--gog-base--wiz8--18a74ff61c65,004e5d43,direct,004e5d00,C:\Projects\Wizardry 8\Local Code\MonsterManager.cpp,1523,uiMonsterSpecies < MAX_MONSTERS_IN_DATABASE,
wiz8--gog-base--wiz8--18a74ff61c65,004e5dae,direct,004e5d00,C:\Projects\Wizardry 8\Local Code\MonsterManager.cpp,1933,uiMonsterAttribute < MONSTER_ATTR_COUNT,
wiz8--gog-base--wiz8--18a74ff61c65,004e5df7,direct,004e5d00,C:\Projects\Wizardry 8\Local Code\MonsterManager.cpp,1944,FALSE,ConvertMonsterAttribute: ERROR - Invalid monster attribute
wiz8--gog-base--wiz8--18a74ff61c65,004e5f7e,register-indirect,004e5d00,C:\Projects\Wizardry 8\Local Code\MonsterManager.cpp,642,pMonsterInfo,
wiz8--gog-base--wiz8--18a74ff61c65,004e603a,direct,004e6020,C:\Projects\Wizardry 8\Local Code\MonsterManager.cpp,2139,pMonsterInfo,
wiz8--gog-base--wiz8--18a74ff61c65,004e6149,direct,004e6020,C:\Projects\Wizardry 8\Local Code\MonsterManager.cpp,2232,pMonsterInfo,
wiz8--gog-base--wiz8--18a74ff61c65,004e63b3,direct,004e61e0,C:\Projects\Wizardry 8\Local Code\MonsterManager.cpp,1513,pMonsterInfo != NULL,
wiz8--gog-base--wiz8--18a74ff61c65,004e63d8,direct,004e61e0,C:\Projects\Wizardry 8\Local Code\MonsterManager.cpp,1523,uiMonsterSpecies < MAX_MONSTERS_IN_DATABASE,
wiz8--gog-base--wiz8--18a74ff61c65,004e64da,direct,004e61e0,C:\Projects\Wizardry 8\Local Code\MonsterManager.cpp,1513,pMonsterInfo != NULL,
wiz8--gog-base--wiz8--18a74ff61c65,004e64ff,direct,004e61e0,C:\Projects\Wizardry 8\Local Code\MonsterManager.cpp,1523,uiMonsterSpecies < MAX_MONSTERS_IN_DATABASE,
wiz8--gog-base--wiz8--18a74ff61c65,004e6635,register-indirect,004e65d0,C:\Projects\Wizardry 8\Local Code\MonsterManager.cpp,1513,pMonsterInfo != NULL,
wiz8--gog-base--wiz8--18a74ff61c65,004e6656,register-indirect,004e65d0,C:\Projects\Wizardry 8\Local Code\MonsterManager.cpp,1523,uiMonsterSpecies < MAX_MONSTERS_IN_DATABASE,
wiz8--gog-base--wiz8--18a74ff61c65,004e7862,direct,004e76f0,C:\Projects\Wizardry 8\Local Code\Combat.cpp,736,gXStatus.fItemSelectMode,
wiz8--gog-base--wiz8--18a74ff61c65,004e7902,direct,004e76f0,C:\Projects\Wizardry 8\Local Code\Combat.cpp,784,FALSE,
wiz8--gog-base--wiz8--18a74ff61c65,004e808e,direct,004e8000,C:\Projects\Wizardry 8\Local Code\Combat.cpp,1156,iAction < CHAR_ACTION_COUNT,
wiz8--gog-base--wiz8--18a74ff61c65,004e8855,direct,004e82e0,C:\Projects\Wizardry 8\Local Code\Combat.cpp,1510,FALSE,
wiz8--gog-base--wiz8--18a74ff61c65,004e897d,direct,004e82e0,C:\Projects\Wizardry 8\Local Code\Combat.cpp,1546,FALSE,
wiz8--gog-base--wiz8--18a74ff61c65,004e8e3f,direct,004e82e0,C:\Projects\Wizardry 8\Local Code\Combat.cpp,1837,gStatus.iSelectedCharacter != BAD_INDEX,
wiz8--gog-base--wiz8--18a74ff61c65,004e90f0,register-indirect,004e82e0,C:\Projects\Wizardry 8\Local Code\Combat.cpp,2017,gpCombat->iActionChar == BAD_INDEX,
wiz8--gog-base--wiz8--18a74ff61c65,004e9113,register-indirect,004e82e0,C:\Projects\Wizardry 8\Local Code\Combat.cpp,2018,gpCombat->pActionMonsterInfo == NULL,
wiz8--gog-base--wiz8--18a74ff61c65,004e91b1,direct,004e82e0,C:\Projects\Wizardry 8\Local Code\Combat.cpp,2053,FALSE,
wiz8--gog-base--wiz8--18a74ff61c65,004e94b7,direct,004e82e0,C:\Projects\Wizardry 8\Local Code\Combat.cpp,2127,gpCombat->eCombatActionStatus == COMBAT_ACTION_NONE,
wiz8--gog-base--wiz8--18a74ff61c65,004eae62,direct,004eae20,C:\Projects\Wizardry 8\Local Code\Combat.cpp,3588,gXStatus.fCombatMode,
wiz8--gog-base--wiz8--18a74ff61c65,004eb77f,direct,004eb5a0,C:\Projects\Wizardry 8\Local Code\Combat.cpp,4082,pMonsterInfo->fSpellReleased,
wiz8--gog-base--wiz8--18a74ff61c65,004ec21e,direct,004ec1e0,C:\Projects\Wizardry 8\Local Code\Combat.cpp,4499,pSource->iChar != BAD_INDEX,
wiz8--gog-base--wiz8--18a74ff61c65,004ec2e4,register-indirect,004ec1e0,C:\Projects\Wizardry 8\Local Code\Combat.cpp,4520,pSource->iType == SOURCE_TYPE_MONSTER,
wiz8--gog-base--wiz8--18a74ff61c65,004ec300,register-indirect,004ec1e0,C:\Projects\Wizardry 8\Local Code\Combat.cpp,4521,pSource->iMonsterID != BAD_INDEX,
wiz8--gog-base--wiz8--18a74ff61c65,004ec639,direct,004ec1e0,C:\Projects\Wizardry 8\Local Code\Combat.cpp,4676,gXStatus.fCombatMode,
wiz8--gog-base--wiz8--18a74ff61c65,004ecd3a,direct,004ecb40,C:\Projects\Wizardry 8\Local Code\Combat.cpp,5132,pTarget->iGroupID != -1,
wiz8--gog-base--wiz8--18a74ff61c65,004ecd91,direct,004ecb40,C:\Projects\Wizardry 8\Local Code\Combat.cpp,5118,pTarget->iMonsterID != -1,
wiz8--gog-base--wiz8--18a74ff61c65,004ecf75,direct,004ece00,C:\Projects\Wizardry 8\Local Code\Combat.cpp,5458,gXStatus.fCombatMode,
wiz8--gog-base--wiz8--18a74ff61c65,004ed3b2,direct,004ed390,C:\Projects\Wizardry 8\Local Code\Combat.cpp,5766,(iCharAction == CHAR_ACTION_DEFEND) || (iCharAction == CHAR_ACTION_PROTECT),
wiz8--gog-base--wiz8--18a74ff61c65,004ee0ff,direct,004ee000,C:\Projects\Wizardry 8\Local Code\GameplayCode.cpp,380,FALSE,CalcInitiative: ERROR - Invalid load category
wiz8--gog-base--wiz8--18a74ff61c65,004ee15d,direct,004ee000,C:\Projects\Wizardry 8\Local Code\GameplayCode.cpp,398,pPC != NULL,
wiz8--gog-base--wiz8--18a74ff61c65,004ee182,direct,004ee000,C:\Projects\Wizardry 8\Local Code\GameplayCode.cpp,399,(pPC->iProfession >= 0) && (pPC->iProfession < PROF_COUNT),
wiz8--gog-base--wiz8--18a74ff61c65,004ee1d9,direct,004ee000,C:\Projects\Wizardry 8\Local Code\GameplayCode.cpp,444,FALSE,CalcPhysCombatExperience: ERROR - Invalid profession
wiz8--gog-base--wiz8--18a74ff61c65,004ee4bb,direct,004ee220,C:\Projects\Wizardry 8\Local Code\GameplayCode.cpp,715,FALSE,CalcAttacks: ERROR - Invalid load category
wiz8--gog-base--wiz8--18a74ff61c65,004eecd0,register-indirect,004ee220,C:\Projects\Wizardry 8\Local Code\GameplayCode.cpp,1441,FALSE,CalcArmorClasses: ERROR - Invalid AC location
wiz8--gog-base--wiz8--18a74ff61c65,004ef0b1,register-indirect,004ef090,C:\Projects\Wizardry 8\Local Code\GameplayCode.cpp,1829,pPC != NULL,
wiz8--gog-base--wiz8--18a74ff61c65,004ef0d1,register-indirect,004ef090,C:\Projects\Wizardry 8\Local Code\GameplayCode.cpp,1830,pPC->uiExpLevel > 0,
wiz8--gog-base--wiz8--18a74ff61c65,004ef0f3,register-indirect,004ef090,C:\Projects\Wizardry 8\Local Code\GameplayCode.cpp,1831,(pPC->iProfession >= 0) && (pPC->iProfession < PROF_COUNT),
wiz8--gog-base--wiz8--18a74ff61c65,004ef663,direct,004ef610,C:\Projects\Wizardry 8\Local Code\GameplayCode.cpp,2197,!fSaveCharData || fCHAR_NPC(uiSlot),
wiz8--gog-base--wiz8--18a74ff61c65,004ef916,direct,004ef7e0,C:\Projects\Wizardry 8\Local Code\GameplayCode.cpp,2338,uiValue <= gStatus.uiPartyGold,
wiz8--gog-base--wiz8--18a74ff61c65,004ef96c,direct,004ef950,C:\Projects\Wizardry 8\Local Code\GameplayCode.cpp,2359,pPC->iRace < PC_RACE_COUNT,
wiz8--gog-base--wiz8--18a74ff61c65,004eff5e,register-indirect,004efad0,C:\Projects\Wizardry 8\Local Code\Combat Party Movement.cpp,410,( *puiPhase > 0 ) && ( *puiPhase <= PHASES_PER_ROUND ),
wiz8--gog-base--wiz8--18a74ff61c65,004eff89,register-indirect,004efad0,C:\Projects\Wizardry 8\Local Code\Combat Party Movement.cpp,186,( gpCombat->uiPartyActionPhase > 0 ) && ( gpCombat->uiPartyActionPhase <= PHASES_PER_ROUND ),
wiz8--gog-base--wiz8--18a74ff61c65,004f00ed,register-indirect,004effa0,C:\Projects\Wizardry 8\Local Code\Combat Party Movement.cpp,274,gpCombat->uiCurrentPartyActionStatus == ACTION_STATUS_IN_PROGRESS,
wiz8--gog-base--wiz8--18a74ff61c65,004f010c,register-indirect,004effa0,C:\Projects\Wizardry 8\Local Code\Combat Party Movement.cpp,275,gXStatus.fPartyMovementMode,
wiz8--gog-base--wiz8--18a74ff61c65,004f0135,register-indirect,004effa0,C:\Projects\Wizardry 8\Local Code\Combat Party Movement.cpp,276,gXStatus.flPartyMoveDistLimit > 0,
wiz8--gog-base--wiz8--18a74ff61c65,004f0189,register-indirect,004effa0,C:\Projects\Wizardry 8\Local Code\Combat Party Movement.cpp,288,uiTotalMovementPhases > 0,
wiz8--gog-base--wiz8--18a74ff61c65,004f0225,direct,004f01d0,C:\Projects\Wizardry 8\Local Code\Combat Party Movement.cpp,359,gXStatus.flPartyMoveDistLimit > 0.0f,
wiz8--gog-base--wiz8--18a74ff61c65,004f034b,direct,004f01d0,C:\Projects\Wizardry 8\Local Code\Combat Party Movement.cpp,359,gXStatus.flPartyMoveDistLimit > 0.0f,
wiz8--gog-base--wiz8--18a74ff61c65,004f04e9,direct,004f01d0,C:\Projects\Wizardry 8\Local Code\Combat Party Movement.cpp,410,( *puiPhase > 0 ) && ( *puiPhase <= PHASES_PER_ROUND ),
wiz8--gog-base--wiz8--18a74ff61c65,004f053a,direct,004f01d0,C:\Projects\Wizardry 8\Local Code\Combat Party Movement.cpp,435,gXStatus.fCombatMode,
wiz8--gog-base--wiz8--18a74ff61c65,004f057a,direct,004f01d0,C:\Projects\Wizardry 8\Local Code\Combat Party Movement.cpp,470,gXStatus.fCombatMode,
wiz8--gog-base--wiz8--18a74ff61c65,004f06de,register-indirect,004f01d0,C:\Projects\Wizardry 8\Local Code\Combat Party Movement.cpp,547,gpMGSV->iPartyMovementPercent >= 0,
wiz8--gog-base--wiz8--18a74ff61c65,004f0702,register-indirect,004f01d0,C:\Projects\Wizardry 8\Local Code\Combat Party Movement.cpp,548,gpMGSV->iPartyMovementPercent <= 100,
wiz8--gog-base--wiz8--18a74ff61c65,004f081a,direct,004f01d0,C:\Projects\Wizardry 8\Local Code\Combat Party Movement.cpp,613,gXStatus.fCombatMode,
wiz8--gog-base--wiz8--18a74ff61c65,004f0881,register-indirect,004f01d0,C:\Projects\Wizardry 8\Local Code\Combat Party Movement.cpp,643,gXStatus.fCombatMode,
wiz8--gog-base--wiz8--18a74ff61c65,004f09aa,direct,004f01d0,C:\Projects\Wizardry 8\Local Code\Combat Party Movement.cpp,674,gXStatus.fCombatMode,
wiz8--gog-base--wiz8--18a74ff61c65,004f0b0c,direct,004f0af0,C:\Projects\Wizardry 8\Local Code\Combat Party Movement.cpp,759,uiPartyAction != PARTY_ACTION_NONE,
wiz8--gog-base--wiz8--18a74ff61c65,004f0c5a,direct,004f0af0,C:\Projects\Wizardry 8\Local Code\Combat Party Movement.cpp,410,( *puiPhase > 0 ) && ( *puiPhase <= PHASES_PER_ROUND ),
wiz8--gog-base--wiz8--18a74ff61c65,004f0cef,direct,004f0af0,C:\Projects\Wizardry 8\Local Code\Combat Party Movement.cpp,410,( *puiPhase > 0 ) && ( *puiPhase <= PHASES_PER_ROUND ),
wiz8--gog-base--wiz8--18a74ff61c65,004f0d73,direct,004f0af0,C:\Projects\Wizardry 8\Local Code\Combat Party Movement.cpp,410,( *puiPhase > 0 ) && ( *puiPhase <= PHASES_PER_ROUND ),
wiz8--gog-base--wiz8--18a74ff61c65,004f0e2a,direct,004f0af0,C:\Projects\Wizardry 8\Local Code\Combat Party Movement.cpp,410,( *puiPhase > 0 ) && ( *puiPhase <= PHASES_PER_ROUND ),
wiz8--gog-base--wiz8--18a74ff61c65,004f2062,direct,004f16f0,C:\Projects\Wizardry 8\Local Code\RegionManager.cpp,470,uiRegionIndex < guiRegionCount,
wiz8--gog-base--wiz8--18a74ff61c65,004f21ff,direct,004f16f0,C:\Projects\Wizardry 8\Local Code\RegionManager.cpp,555,uiRegionSetIndex < guiRegsetCount,
wiz8--gog-base--wiz8--18a74ff61c65,004f223f,direct,004f16f0,C:\Projects\Wizardry 8\Local Code\RegionManager.cpp,564,uiRegionSetIndex < guiRegsetCount,
wiz8--gog-base--wiz8--18a74ff61c65,004f2287,register-indirect,004f16f0,C:\Projects\Wizardry 8\Local Code\RegionManager.cpp,575,uiRegionSetIndex < guiRegsetCount,
wiz8--gog-base--wiz8--18a74ff61c65,004f22ca,register-indirect,004f16f0,C:\Projects\Wizardry 8\Local Code\RegionManager.cpp,601,uiRegionIndex < guiRegionCount,
wiz8--gog-base--wiz8--18a74ff61c65,004f2317,register-indirect,004f16f0,C:\Projects\Wizardry 8\Local Code\RegionManager.cpp,589,uiRegionSetIndex < guiRegsetCount,
wiz8--gog-base--wiz8--18a74ff61c65,004f235a,register-indirect,004f16f0,C:\Projects\Wizardry 8\Local Code\RegionManager.cpp,610,uiRegionIndex < guiRegionCount,
wiz8--gog-base--wiz8--18a74ff61c65,004f239f,direct,004f16f0,C:\Projects\Wizardry 8\Local Code\RegionManager.cpp,601,uiRegionIndex < guiRegionCount,
wiz8--gog-base--wiz8--18a74ff61c65,004f23ef,direct,004f16f0,C:\Projects\Wizardry 8\Local Code\RegionManager.cpp,610,uiRegionIndex < guiRegionCount,
wiz8--gog-base--wiz8--18a74ff61c65,004f243f,direct,004f16f0,C:\Projects\Wizardry 8\Local Code\RegionManager.cpp,637,uiRegionIndex < guiRegionCount,
wiz8--gog-base--wiz8--18a74ff61c65,004f24af,direct,004f16f0,C:\Projects\Wizardry 8\Local Code\RegionManager.cpp,676,uiRegionIndex < guiRegionCount,
wiz8--gog-base--wiz8--18a74ff61c65,004f256f,direct,004f16f0,C:\Projects\Wizardry 8\Local Code\RegionManager.cpp,710,uiRegionIndex < guiRegionCount,
wiz8--gog-base--wiz8--18a74ff61c65,004f28a6,direct,004f27f0,C:\Projects\Wizardry 8\Local Code\RegionManager.cpp,1159,guiRegsetCount <= REGSET_LIMIT,
wiz8--gog-base--wiz8--18a74ff61c65,004f28ff,direct,004f27f0,C:\Projects\Wizardry 8\Local Code\RegionManager.cpp,1184,uiRegionSet < guiRegsetCount,
wiz8--gog-base--wiz8--18a74ff61c65,004f2947,register-indirect,004f27f0,C:\Projects\Wizardry 8\Local Code\RegionManager.cpp,1207,uiRegionSet < guiRegsetCount,
wiz8--gog-base--wiz8--18a74ff61c65,004f2994,register-indirect,004f27f0,C:\Projects\Wizardry 8\Local Code\RegionManager.cpp,1223,guiRegionCount <= REGION_LIMIT,
wiz8--gog-base--wiz8--18a74ff61c65,004f29df,direct,004f27f0,C:\Projects\Wizardry 8\Local Code\RegionManager.cpp,1247,uiRegionIndex <= guiRegionCount,
wiz8--gog-base--wiz8--18a74ff61c65,004f2a4f,direct,004f27f0,C:\Projects\Wizardry 8\Local Code\RegionManager.cpp,1286,uiRegionIndex <= guiRegionCount,
wiz8--gog-base--wiz8--18a74ff61c65,004f2bcf,direct,004f2a80,C:\Projects\Wizardry 8\Local Code\RegionManager.cpp,1368,uiRegionIndex <= guiRegionCount,
wiz8--gog-base--wiz8--18a74ff61c65,004f2c0f,direct,004f2a80,C:\Projects\Wizardry 8\Local Code\RegionManager.cpp,1375,uiRegionIndex <= guiRegionCount,
wiz8--gog-base--wiz8--18a74ff61c65,004f310b,direct,004f30f0,C:\Projects\Wizardry 8\Local Code\Controls.cpp,399,m_uiRegionSetId != REGSET_NULL,
wiz8--gog-base--wiz8--18a74ff61c65,004f3175,direct,004f3140,C:\Projects\Wizardry 8\Local Code\Controls.cpp,426,pControl,
wiz8--gog-base--wiz8--18a74ff61c65,004f486e,direct,004f4850,C:\Projects\Wizardry 8\Local Code\Controls.cpp,1849,m_pPanel != NULL,
wiz8--gog-base--wiz8--18a74ff61c65,004f5560,direct,004f54b0,C:\Projects\Wizardry 8\Local Code\Controls.cpp,2679,iSelected < m_lsButtons.Length(),
wiz8--gog-base--wiz8--18a74ff61c65,004f55fd,direct,004f55c0,C:\Projects\Wizardry 8\Local Code\Controls.cpp,2718,iIndex != -1,
wiz8--gog-base--wiz8--18a74ff61c65,004f6a73,register-indirect,004f69b0,C:\Projects\Wizardry 8\Local Code\ItemManager.cpp,294,gXStatus.plsItemList != NULL,
wiz8--gog-base--wiz8--18a74ff61c65,004f6ab8,register-indirect,004f69b0,C:\Projects\Wizardry 8\Local Code\ItemManager.cpp,961,uiItemListIndex < (UINT32) PLLength(gXStatus.plsItemList),
wiz8--gog-base--wiz8--18a74ff61c65,004f6af5,register-indirect,004f69b0,C:\Projects\Wizardry 8\Local Code\ItemManager.cpp,965,pItemInfo != NULL,
wiz8--gog-base--wiz8--18a74ff61c65,004f6ca7,direct,004f6b90,C:\Projects\Wizardry 8\Local Code\ItemManager.cpp,398,pItemInfo,
wiz8--gog-base--wiz8--18a74ff61c65,004f6d14,direct,004f6cf0,C:\Projects\Wizardry 8\Local Code\ItemManager.cpp,468,pItemInfo != NULL,
wiz8--gog-base--wiz8--18a74ff61c65,004f6d35,direct,004f6cf0,C:\Projects\Wizardry 8\Local Code\ItemManager.cpp,469,!pItemInfo->fActive,
wiz8--gog-base--wiz8--18a74ff61c65,004f6ea1,register-indirect,004f6cf0,C:\Projects\Wizardry 8\Local Code\ItemManager.cpp,493,FileExists(zItemFullPath),
wiz8--gog-base--wiz8--18a74ff61c65,004f6eea,register-indirect,004f6cf0,C:\Projects\Wizardry 8\Local Code\ItemManager.cpp,498,fSuccess,
wiz8--gog-base--wiz8--18a74ff61c65,004f6f03,register-indirect,004f6cf0,C:\Projects\Wizardry 8\Local Code\ItemManager.cpp,998,pItemInfo,
wiz8--gog-base--wiz8--18a74ff61c65,004f70f4,register-indirect,004f70d0,C:\Projects\Wizardry 8\Local Code\ItemManager.cpp,554,pItemInfo != NULL,
wiz8--gog-base--wiz8--18a74ff61c65,004f7111,register-indirect,004f70d0,C:\Projects\Wizardry 8\Local Code\ItemManager.cpp,555,pItemInfo->fActive,
wiz8--gog-base--wiz8--18a74ff61c65,004f712e,register-indirect,004f70d0,C:\Projects\Wizardry 8\Local Code\ItemManager.cpp,556,pItemInfo->p3D != NULL,
wiz8--gog-base--wiz8--18a74ff61c65,004f7226,register-indirect,004f70d0,C:\Projects\Wizardry 8\Local Code\ItemManager.cpp,961,uiItemListIndex < (UINT32) PLLength(gXStatus.plsItemList),
wiz8--gog-base--wiz8--18a74ff61c65,004f7262,register-indirect,004f70d0,C:\Projects\Wizardry 8\Local Code\ItemManager.cpp,965,pItemInfo != NULL,
wiz8--gog-base--wiz8--18a74ff61c65,004f729a,register-indirect,004f70d0,C:\Projects\Wizardry 8\Local Code\ItemManager.cpp,992,FALSE,
wiz8--gog-base--wiz8--18a74ff61c65,004f72c5,register-indirect,004f70d0,C:\Projects\Wizardry 8\Local Code\ItemManager.cpp,961,uiItemListIndex < (UINT32) PLLength(gXStatus.plsItemList),
wiz8--gog-base--wiz8--18a74ff61c65,004f7301,register-indirect,004f70d0,C:\Projects\Wizardry 8\Local Code\ItemManager.cpp,965,pItemInfo != NULL,
wiz8--gog-base--wiz8--18a74ff61c65,004f731d,register-indirect,004f70d0,C:\Projects\Wizardry 8\Local Code\ItemManager.cpp,627,pItem,
wiz8--gog-base--wiz8--18a74ff61c65,004f73c2,register-indirect,004f70d0,C:\Projects\Wizardry 8\Local Code\ItemManager.cpp,961,uiItemListIndex < (UINT32) PLLength(gXStatus.plsItemList),
wiz8--gog-base--wiz8--18a74ff61c65,004f73fe,register-indirect,004f70d0,C:\Projects\Wizardry 8\Local Code\ItemManager.cpp,965,pItemInfo != NULL,
wiz8--gog-base--wiz8--18a74ff61c65,004f74dd,register-indirect,004f7480,C:\Projects\Wizardry 8\Local Code\ItemManager.cpp,961,uiItemListIndex < (UINT32) PLLength(gXStatus.plsItemList),
wiz8--gog-base--wiz8--18a74ff61c65,004f7519,register-indirect,004f7480,C:\Projects\Wizardry 8\Local Code\ItemManager.cpp,965,pItemInfo != NULL,
wiz8--gog-base--wiz8--18a74ff61c65,004f75cf,register-indirect,004f7480,C:\Projects\Wizardry 8\Local Code\ItemManager.cpp,998,pItemInfo,
wiz8--gog-base--wiz8--18a74ff61c65,004f78f5,direct,004f7610,C:\Projects\Wizardry 8\Local Code\ItemManager.cpp,825,pItemInfo != NULL,
wiz8--gog-base--wiz8--18a74ff61c65,004f7976,register-indirect,004f7610,C:\Projects\Wizardry 8\Local Code\ItemManager.cpp,992,FALSE,
wiz8--gog-base--wiz8--18a74ff61c65,004f79a1,register-indirect,004f7610,C:\Projects\Wizardry 8\Local Code\ItemManager.cpp,961,uiItemListIndex < (UINT32) PLLength(gXStatus.plsItemList),
wiz8--gog-base--wiz8--18a74ff61c65,004f79e1,register-indirect,004f7610,C:\Projects\Wizardry 8\Local Code\ItemManager.cpp,965,pItemInfo != NULL,
wiz8--gog-base--wiz8--18a74ff61c65,004f79f3,register-indirect,004f7610,C:\Projects\Wizardry 8\Local Code\ItemManager.cpp,857,pItemInfo != NULL,
wiz8--gog-base--wiz8--18a74ff61c65,004f7a7c,register-indirect,004f7610,C:\Projects\Wizardry 8\Local Code\ItemManager.cpp,961,uiItemListIndex < (UINT32) PLLength(gXStatus.plsItemList),
wiz8--gog-base--wiz8--18a74ff61c65,004f7ab8,register-indirect,004f7610,C:\Projects\Wizardry 8\Local Code\ItemManager.cpp,965,pItemInfo != NULL,
wiz8--gog-base--wiz8--18a74ff61c65,004f7c85,register-indirect,004f7610,C:\Projects\Wizardry 8\Local Code\ItemManager.cpp,1115,pItemInfo,Bad ITEM_STRUCT in ItemInfoGetNumInGroup
wiz8--gog-base--wiz8--18a74ff61c65,004f7cc3,register-indirect,004f7610,C:\Projects\Wizardry 8\Local Code\ItemManager.cpp,1178,pItemInfo,Bad ITEM_STRUCT in ItemInfoGroupGetNext
wiz8--gog-base--wiz8--18a74ff61c65,004f7d3f,register-indirect,004f7610,C:\Projects\Wizardry 8\Local Code\ItemManager.cpp,961,uiItemListIndex < (UINT32) PLLength(gXStatus.plsItemList),
wiz8--gog-base--wiz8--18a74ff61c65,004f7d7c,register-indirect,004f7610,C:\Projects\Wizardry 8\Local Code\ItemManager.cpp,965,pItemInfo != NULL,
wiz8--gog-base--wiz8--18a74ff61c65,004f7db4,register-indirect,004f7610,C:\Projects\Wizardry 8\Local Code\ItemManager.cpp,992,FALSE,
wiz8--gog-base--wiz8--18a74ff61c65,004f7ddf,register-indirect,004f7610,C:\Projects\Wizardry 8\Local Code\ItemManager.cpp,961,uiItemListIndex < (UINT32) PLLength(gXStatus.plsItemList),
wiz8--gog-base--wiz8--18a74ff61c65,004f7e1b,register-indirect,004f7610,C:\Projects\Wizardry 8\Local Code\ItemManager.cpp,965,pItemInfo != NULL,
wiz8--gog-base--wiz8--18a74ff61c65,004f7e5a,register-indirect,004f7610,C:\Projects\Wizardry 8\Local Code\ItemManager.cpp,1115,pItemInfo,Bad ITEM_STRUCT in ItemInfoGetNumInGroup
wiz8--gog-base--wiz8--18a74ff61c65,004f8010,register-indirect,004f7610,C:\Projects\Wizardry 8\Local Code\ItemManager.cpp,961,uiItemListIndex < (UINT32) PLLength(gXStatus.plsItemList),
wiz8--gog-base--wiz8--18a74ff61c65,004f804d,register-indirect,004f7610,C:\Projects\Wizardry 8\Local Code\ItemManager.cpp,965,pItemInfo != NULL,
wiz8--gog-base--wiz8--18a74ff61c65,004f80a6,register-indirect,004f7610,C:\Projects\Wizardry 8\Local Code\ItemManager.cpp,961,uiItemListIndex < (UINT32) PLLength(gXStatus.plsItemList),
wiz8--gog-base--wiz8--18a74ff61c65,004f80e2,register-indirect,004f7610,C:\Projects\Wizardry 8\Local Code\ItemManager.cpp,965,pItemInfo != NULL,
wiz8--gog-base--wiz8--18a74ff61c65,004f811a,register-indirect,004f7610,C:\Projects\Wizardry 8\Local Code\ItemManager.cpp,992,FALSE,
wiz8--gog-base--wiz8--18a74ff61c65,004f8149,direct,004f8130,C:\Projects\Wizardry 8\Local Code\ItemManager.cpp,998,pItemInfo,
wiz8--gog-base--wiz8--18a74ff61c65,004f8189,direct,004f8170,C:\Projects\Wizardry 8\Local Code\ItemManager.cpp,1004,pItemInfo,
wiz8--gog-base--wiz8--18a74ff61c65,004f81d9,direct,004f81c0,C:\Projects\Wizardry 8\Local Code\ItemManager.cpp,1019,pItemInfo,
wiz8--gog-base--wiz8--18a74ff61c65,004f831d,direct,004f8300,C:\Projects\Wizardry 8\Local Code\ItemManager.cpp,1115,pItemInfo,Bad ITEM_STRUCT in ItemInfoGetNumInGroup
wiz8--gog-base--wiz8--18a74ff61c65,004f835d,direct,004f8340,C:\Projects\Wizardry 8\Local Code\ItemManager.cpp,1130,pItemInfo,Bad ITEM_STRUCT in ItemInfoAddToGroup
wiz8--gog-base--wiz8--18a74ff61c65,004f83bd,direct,004f83a0,C:\Projects\Wizardry 8\Local Code\ItemManager.cpp,1142,pItemInfo,Bad ITEM_STRUCT in ItemInfoRemoveFromGroup
wiz8--gog-base--wiz8--18a74ff61c65,004f842d,direct,004f8410,C:\Projects\Wizardry 8\Local Code\ItemManager.cpp,1178,pItemInfo,Bad ITEM_STRUCT in ItemInfoGroupGetNext
wiz8--gog-base--wiz8--18a74ff61c65,004f8460,direct,004f8440,C:\Projects\Wizardry 8\Local Code\ItemManager.cpp,1185,pItemInfo,Bad ITEM_STRUCT in ItemInfoMakeGroupList
wiz8--gog-base--wiz8--18a74ff61c65,004f89e5,direct,004f88f0,C:\Projects\Wizardry 8\Local Code\ItemManager.cpp,398,pItemInfo,
wiz8--gog-base--wiz8--18a74ff61c65,004f8c08,direct,004f88f0,C:\Projects\Wizardry 8\Local Code\ItemManager.cpp,398,pItemInfo,
wiz8--gog-base--wiz8--18a74ff61c65,004f8d4e,direct,004f8cb0,C:\Projects\Wizardry 8\Local Code\ItemManager.cpp,1459,pNPC,
wiz8--gog-base--wiz8--18a74ff61c65,004f8dc4,direct,004f8cb0,C:\Projects\Wizardry 8\Local Code\ItemManager.cpp,398,pItemInfo,
wiz8--gog-base--wiz8--18a74ff61c65,004f8f01,direct,004f8cb0,C:\Projects\Wizardry 8\Local Code\ItemManager.cpp,398,pItemInfo,
wiz8--gog-base--wiz8--18a74ff61c65,004f9008,direct,004f8cb0,C:\Projects\Wizardry 8\Local Code\ItemManager.cpp,398,pItemInfo,
wiz8--gog-base--wiz8--18a74ff61c65,004f9116,direct,004f8cb0,C:\Projects\Wizardry 8\Local Code\ItemManager.cpp,398,pItemInfo,
wiz8--gog-base--wiz8--18a74ff61c65,004f915c,direct,004f8cb0,C:\Projects\Wizardry 8\Local Code\ItemManager.cpp,1130,pItemInfo,Bad ITEM_STRUCT in ItemInfoAddToGroup
wiz8--gog-base--wiz8--18a74ff61c65,004f9505,register-indirect,004f93d0,C:\Projects\Wizardry 8\Local Code\ItemManager.cpp,961,uiItemListIndex < (UINT32) PLLength(gXStatus.plsItemList),
wiz8--gog-base--wiz8--18a74ff61c65,004f9541,register-indirect,004f93d0,C:\Projects\Wizardry 8\Local Code\ItemManager.cpp,965,pItemInfo != NULL,
wiz8--gog-base--wiz8--18a74ff61c65,004f97c3,register-indirect,004f97a0,C:\Projects\Wizardry 8\Local Code\Magic.cpp,164,pTarget != NULL,
wiz8--gog-base--wiz8--18a74ff61c65,004fa9ae,direct,004fa4d0,C:\Projects\Wizardry 8\Local Code\Magic.cpp,5352,FALSE,
wiz8--gog-base--wiz8--18a74ff61c65,004fabc0,direct,004fa4d0,C:\Projects\Wizardry 8\Local Code\Magic.cpp,981,uiUsagePoints >= 2,
wiz8--gog-base--wiz8--18a74ff61c65,004fb0f7,direct,004faec0,C:\Projects\Wizardry 8\Local Code\Magic.cpp,1132,FALSE,
wiz8--gog-base--wiz8--18a74ff61c65,004fb302,direct,004faec0,C:\Projects\Wizardry 8\Local Code\Magic.cpp,1389,FALSE,
wiz8--gog-base--wiz8--18a74ff61c65,004fbc1f,direct,004fb360,C:\Projects\Wizardry 8\Local Code\Magic.cpp,1714,pSource->iType == SOURCE_TYPE_3D_POINT,
wiz8--gog-base--wiz8--18a74ff61c65,004fcd9c,direct,004fb360,C:\Projects\Wizardry 8\Local Code\Magic.cpp,2242,pSource->iType == SOURCE_TYPE_CHAR,
wiz8--gog-base--wiz8--18a74ff61c65,004fcdc9,direct,004fb360,C:\Projects\Wizardry 8\Local Code\Magic.cpp,2246,pSource->iType == SOURCE_TYPE_CHAR,
wiz8--gog-base--wiz8--18a74ff61c65,004fce6c,direct,004fb360,C:\Projects\Wizardry 8\Local Code\Magic.cpp,5380,pOrigSource->iMonsterID != -1,
wiz8--gog-base--wiz8--18a74ff61c65,004fd1e7,direct,004fd030,C:\Projects\Wizardry 8\Local Code\Magic.cpp,2385,fVertextAvail,
wiz8--gog-base--wiz8--18a74ff61c65,004fe763,direct,004fe740,C:\Projects\Wizardry 8\Local Code\Magic.cpp,3063,!pSource->fBackfire,
wiz8--gog-base--wiz8--18a74ff61c65,004fe90f,direct,004fe740,C:\Projects\Wizardry 8\Local Code\Magic.cpp,3117,FALSE,
wiz8--gog-base--wiz8--18a74ff61c65,004fea0f,direct,004fe740,C:\Projects\Wizardry 8\Local Code\Magic.cpp,3154,FALSE,
wiz8--gog-base--wiz8--18a74ff61c65,004fea7d,register-indirect,004fea50,C:\Projects\Wizardry 8\Local Code\Magic.cpp,3192,(pSource->iType > SOURCE_TYPE_NONE) && (pSource->iType < SOURCE_TYPE_COUNT),
wiz8--gog-base--wiz8--18a74ff61c65,004feaaa,register-indirect,004fea50,C:\Projects\Wizardry 8\Local Code\Magic.cpp,3193,(pTarget->iType > TARGET_TYPE_NONE) && (pTarget->iType < TARGET_TYPE_COUNT),
wiz8--gog-base--wiz8--18a74ff61c65,004feac7,register-indirect,004fea50,C:\Projects\Wizardry 8\Local Code\Magic.cpp,3196,!pSource->fBackfire,
wiz8--gog-base--wiz8--18a74ff61c65,004fed84,direct,004fea50,C:\Projects\Wizardry 8\Local Code\Magic.cpp,3332,FALSE,
wiz8--gog-base--wiz8--18a74ff61c65,004feff7,direct,004fef90,C:\Projects\Wizardry 8\Local Code\Magic.cpp,3456,pSource->iType == SOURCE_TYPE_MONSTER,
wiz8--gog-base--wiz8--18a74ff61c65,004ff3d8,direct,004ff3b0,C:\Projects\Wizardry 8\Local Code\Magic.cpp,3603,iProfession != -1,
wiz8--gog-base--wiz8--18a74ff61c65,004ff621,direct,004ff3b0,C:\Projects\Wizardry 8\Local Code\Magic.cpp,3603,iProfession != -1,
wiz8--gog-base--wiz8--18a74ff61c65,004ff6ed,direct,004ff3b0,C:\Projects\Wizardry 8\Local Code\Magic.cpp,5352,FALSE,
wiz8--gog-base--wiz8--18a74ff61c65,004ffa57,direct,004ff7f0,C:\Projects\Wizardry 8\Local Code\Magic.cpp,3603,iProfession != -1,
wiz8--gog-base--wiz8--18a74ff61c65,004ffb20,direct,004ff7f0,C:\Projects\Wizardry 8\Local Code\Magic.cpp,5352,FALSE,
wiz8--gog-base--wiz8--18a74ff61c65,004ffbba,direct,004ff7f0,C:\Projects\Wizardry 8\Local Code\Magic.cpp,3881,(iHighestSkill != SKILL_NONE),
wiz8--gog-base--wiz8--18a74ff61c65,004ffbf6,register-indirect,004ffbd0,C:\Projects\Wizardry 8\Local Code\Magic.cpp,3603,iProfession != -1,
wiz8--gog-base--wiz8--18a74ff61c65,004ffc68,register-indirect,004ffbd0,C:\Projects\Wizardry 8\Local Code\Magic.cpp,3603,iProfession != -1,
wiz8--gog-base--wiz8--18a74ff61c65,004fff85,direct,004ffbd0,C:\Projects\Wizardry 8\Local Code\Magic.cpp,4060,wTempMsg,
wiz8--gog-base--wiz8--18a74ff61c65,00500095,direct,004ffbd0,C:\Projects\Wizardry 8\Local Code\Magic.cpp,4127,gpItemDB[pPCItem->iItemNo].ubSpellNumber != SPELL_NONE,
wiz8--gog-base--wiz8--18a74ff61c65,00500207,register-indirect,005001e0,C:\Projects\Wizardry 8\Local Code\Magic.cpp,4179,uiSpell < SPELL_COUNT,
wiz8--gog-base--wiz8--18a74ff61c65,0050023d,register-indirect,005001e0,C:\Projects\Wizardry 8\Local Code\Magic.cpp,4182,uiSpellUsableWhen < SPELL_USAGE_COUNT,
wiz8--gog-base--wiz8--18a74ff61c65,0050044e,direct,005001e0,C:\Projects\Wizardry 8\Local Code\Magic.cpp,4287,( uiPowerLevel >= 1 ) && ( uiPowerLevel <= 7 ),
wiz8--gog-base--wiz8--18a74ff61c65,00500c67,direct,00500930,C:\Projects\Wizardry 8\Local Code\Magic.cpp,5380,pOrigSource->iMonsterID != -1,
wiz8--gog-base--wiz8--18a74ff61c65,00501182,direct,005010f0,C:\Projects\Wizardry 8\Local Code\Magic.cpp,4851,FALSE,
wiz8--gog-base--wiz8--18a74ff61c65,0050121b,direct,005011c0,C:\Projects\Wizardry 8\Local Code\Magic.cpp,4889,FALSE,
wiz8--gog-base--wiz8--18a74ff61c65,005018b7,direct,005011c0,C:\Projects\Wizardry 8\Local Code\Magic.cpp,5320,CanCharReBreathe(uiChar),
wiz8--gog-base--wiz8--18a74ff61c65,0050193e,direct,005011c0,C:\Projects\Wizardry 8\Local Code\Magic.cpp,5352,FALSE,
wiz8--gog-base--wiz8--18a74ff61c65,005021f1,direct,00501fd0,C:\Projects\Wizardry 8\Local Code\GameplayTime.cpp,109,uiTurnsElapsed > 0,
wiz8--gog-base--wiz8--18a74ff61c65,00503207,direct,00503100,C:\Projects\Wizardry 8\Local Code\GameplayTime.cpp,819,FALSE,GameTurnsPassedChar: ERROR - Invalid condition
wiz8--gog-base--wiz8--18a74ff61c65,00504a1c,direct,00504730,C:\Projects\Wizardry 8\Local Code\Sight.cpp,94,flViewingDistance > 0,
wiz8--gog-base--wiz8--18a74ff61c65,00504d2b,direct,00504730,C:\Projects\Wizardry 8\Local Code\Sight.cpp,155,fFoundMissileVertex,
wiz8--gog-base--wiz8--18a74ff61c65,00504d6b,direct,00504730,C:\Projects\Wizardry 8\Local Code\Sight.cpp,163,fFoundSpellVertex,
wiz8--gog-base--wiz8--18a74ff61c65,00505065,direct,00504730,C:\Projects\Wizardry 8\Local Code\Sight.cpp,233,pNPC != NULL,
wiz8--gog-base--wiz8--18a74ff61c65,0050540a,direct,00504730,C:\Projects\Wizardry 8\Local Code\Sight.cpp,347,pNPC != NULL,
wiz8--gog-base--wiz8--18a74ff61c65,0050566e,direct,00504730,C:\Projects\Wizardry 8\Local Code\Sight.cpp,501,fFoundMissileVertex,
wiz8--gog-base--wiz8--18a74ff61c65,005056ad,direct,00504730,C:\Projects\Wizardry 8\Local Code\Sight.cpp,509,fFoundSpellVertex,
wiz8--gog-base--wiz8--18a74ff61c65,00505a73,direct,00505a40,C:\Projects\Wizardry 8\Local Code\Sight.cpp,780,flViewingDistance > 0,
wiz8--gog-base--wiz8--18a74ff61c65,00505c50,register-indirect,00505a40,C:\Projects\Wizardry 8\Local Code\Sight.cpp,968,pVisibility != NULL,
wiz8--gog-base--wiz8--18a74ff61c65,00505cd8,register-indirect,00505c80,C:\Projects\Wizardry 8\Local Code\Sight.cpp,990,pVisibility != NULL,
wiz8--gog-base--wiz8--18a74ff61c65,00505d46,register-indirect,00505c80,C:\Projects\Wizardry 8\Local Code\Sight.cpp,1020,pSourceMonsterInfo->fActive,
wiz8--gog-base--wiz8--18a74ff61c65,00505d67,register-indirect,00505c80,C:\Projects\Wizardry 8\Local Code\Sight.cpp,1021,pTargetMonsterInfo->fActive,
wiz8--gog-base--wiz8--18a74ff61c65,00505da5,register-indirect,00505c80,C:\Projects\Wizardry 8\Local Code\Sight.cpp,1030,FALSE,
wiz8--gog-base--wiz8--18a74ff61c65,00505fb5,register-indirect,00505f30,C:\Projects\Wizardry 8\Local Code\Sight.cpp,1020,pSourceMonsterInfo->fActive,
wiz8--gog-base--wiz8--18a74ff61c65,00505fd2,register-indirect,00505f30,C:\Projects\Wizardry 8\Local Code\Sight.cpp,1021,pTargetMonsterInfo->fActive,
wiz8--gog-base--wiz8--18a74ff61c65,00506010,register-indirect,00505f30,C:\Projects\Wizardry 8\Local Code\Sight.cpp,1030,FALSE,
wiz8--gog-base--wiz8--18a74ff61c65,005067d3,direct,00506310,C:\Projects\Wizardry 8\Local Code\NPC Scripting Facts.cpp,1556,pNPC,
wiz8--gog-base--wiz8--18a74ff61c65,00506d41,direct,00506310,C:\Projects\Wizardry 8\Local Code\NPC Scripting Facts.cpp,1590,pNPC,
wiz8--gog-base--wiz8--18a74ff61c65,00506d7e,direct,00506310,C:\Projects\Wizardry 8\Local Code\NPC Scripting Facts.cpp,1600,pTrigger,
wiz8--gog-base--wiz8--18a74ff61c65,00509e15,direct,00509890,C:\Projects\Wizardry 8\Local Code\NPC Manager.cpp,404,pNode,
wiz8--gog-base--wiz8--18a74ff61c65,0050a109,direct,00509fc0,C:\Projects\Wizardry 8\Local Code\NPC Manager.cpp,535,uiSize <= sizeof(*pNode->pPCData),
wiz8--gog-base--wiz8--18a74ff61c65,0050ba9a,direct,0050ba80,C:\Projects\Wizardry 8\Local Code\NPC Manager.cpp,1975,pNPC,
wiz8--gog-base--wiz8--18a74ff61c65,0050bf62,direct,0050bc90,C:\Projects\Wizardry 8\Local Code\NPC Manager.cpp,1956,pNPC,
wiz8--gog-base--wiz8--18a74ff61c65,0050d503,direct,0050d480,C:\Projects\Wizardry 8\Local Code\NPC Manager.cpp,3052,pNPC,Cannot find VOC_BELA_CC
wiz8--gog-base--wiz8--18a74ff61c65,0050e4e0,register-indirect,0050e4b0,C:\Projects\Wizardry 8\Local Code\NPC Manager.cpp,1956,pNPC,
wiz8--gog-base--wiz8--18a74ff61c65,0050f775,register-indirect,0050f720,C:\Projects\Wizardry 8\Local Code\MonsterGroup.cpp,957,pMonsterGroup != NULL,
wiz8--gog-base--wiz8--18a74ff61c65,0050f7a8,register-indirect,0050f720,C:\Projects\Wizardry 8\Local Code\MonsterGroup.cpp,1297,pMonsterGroup,
wiz8--gog-base--wiz8--18a74ff61c65,0050f82e,register-indirect,0050f720,C:\Projects\Wizardry 8\Local Code\MonsterGroup.cpp,2249,pMonsterGroup,
wiz8--gog-base--wiz8--18a74ff61c65,0050f8a3,register-indirect,0050f720,C:\Projects\Wizardry 8\Local Code\MonsterGroup.cpp,2091,pMonsterGroup,
wiz8--gog-base--wiz8--18a74ff61c65,0050faf2,register-indirect,0050f720,C:\Projects\Wizardry 8\Local Code\MonsterGroup.cpp,491,gXStatus.fCombatMode,
wiz8--gog-base--wiz8--18a74ff61c65,0050fb13,register-indirect,0050f720,C:\Projects\Wizardry 8\Local Code\MonsterGroup.cpp,492,pMonsterGroup->fInCombat,
wiz8--gog-base--wiz8--18a74ff61c65,00510168,direct,0050ffd0,C:\Projects\Wizardry 8\Local Code\MonsterGroup.cpp,946,FALSE,
wiz8--gog-base--wiz8--18a74ff61c65,00510199,direct,00510180,C:\Projects\Wizardry 8\Local Code\MonsterGroup.cpp,957,pMonsterGroup != NULL,
wiz8--gog-base--wiz8--18a74ff61c65,00510263,direct,00510180,C:\Projects\Wizardry 8\Local Code\MonsterGroup.cpp,988,pMonsterGroup != NULL,
wiz8--gog-base--wiz8--18a74ff61c65,005102a0,register-indirect,00510280,C:\Projects\Wizardry 8\Local Code\MonsterGroup.cpp,1003,pMonsterGroup != NULL,
wiz8--gog-base--wiz8--18a74ff61c65,005102b2,register-indirect,00510280,C:\Projects\Wizardry 8\Local Code\MonsterGroup.cpp,957,pMonsterGroup != NULL,
wiz8--gog-base--wiz8--18a74ff61c65,0051040f,register-indirect,005103e0,C:\Projects\Wizardry 8\Local Code\MonsterGroup.cpp,1080,pMonsterGroup,
wiz8--gog-base--wiz8--18a74ff61c65,00510434,register-indirect,005103e0,C:\Projects\Wizardry 8\Local Code\MonsterGroup.cpp,1081,ILLength(pMonsterGroup->plsMonsterIDList),
wiz8--gog-base--wiz8--18a74ff61c65,005105ba,register-indirect,00510590,C:\Projects\Wizardry 8\Local Code\MonsterGroup.cpp,1144,pMonsterGroup,
wiz8--gog-base--wiz8--18a74ff61c65,00510629,register-indirect,00510590,C:\Projects\Wizardry 8\Local Code\MonsterGroup.cpp,1154,pLeader,
wiz8--gog-base--wiz8--18a74ff61c65,00511275,register-indirect,00511050,C:\Projects\Wizardry 8\Local Code\MonsterGroup.cpp,957,pMonsterGroup != NULL,
wiz8--gog-base--wiz8--18a74ff61c65,005112df,register-indirect,00511050,C:\Projects\Wizardry 8\Local Code\MonsterGroup.cpp,1885,FALSE,
wiz8--gog-base--wiz8--18a74ff61c65,005113c2,register-indirect,00511050,C:\Projects\Wizardry 8\Local Code\MonsterGroup.cpp,957,pMonsterGroup != NULL,
wiz8--gog-base--wiz8--18a74ff61c65,005113e9,register-indirect,00511050,C:\Projects\Wizardry 8\Local Code\MonsterGroup.cpp,2091,pMonsterGroup,
wiz8--gog-base--wiz8--18a74ff61c65,005116ad,register-indirect,00511050,C:\Projects\Wizardry 8\Local Code\MonsterGroup.cpp,1003,pMonsterGroup != NULL,
wiz8--gog-base--wiz8--18a74ff61c65,005116bf,register-indirect,00511050,C:\Projects\Wizardry 8\Local Code\MonsterGroup.cpp,957,pMonsterGroup != NULL,
wiz8--gog-base--wiz8--18a74ff61c65,0051186a,direct,00511850,C:\Projects\Wizardry 8\Local Code\MonsterGroup.cpp,2091,pMonsterGroup,
wiz8--gog-base--wiz8--18a74ff61c65,005119a9,direct,00511990,C:\Projects\Wizardry 8\Local Code\MonsterGroup.cpp,2170,pMonsterGroup,
wiz8--gog-base--wiz8--18a74ff61c65,00512eb1,direct,00512e80,C:\Projects\Wizardry 8\Local Code\LoadSaveGame.cpp,870,"LevelFilesExist(ulLevel, &LevelName)",
wiz8--gog-base--wiz8--18a74ff61c65,00513a1d,direct,00513650,C:\Projects\Wizardry 8\Local Code\LoadSaveGame.cpp,870,"LevelFilesExist(ulLevel, &LevelName)",
wiz8--gog-base--wiz8--18a74ff61c65,00513c7f,direct,00513650,C:\Projects\Wizardry 8\Local Code\LoadSaveGame.cpp,1517,uiSize <= sizeof(*pMonsterGroup),
wiz8--gog-base--wiz8--18a74ff61c65,00513e5a,direct,00513d80,C:\Projects\Wizardry 8\Local Code\LoadSaveGame.cpp,1630,uiSize <= sizeof(*pMonsterInfo),
wiz8--gog-base--wiz8--18a74ff61c65,005157d6,register-indirect,005156c0,C:\Projects\Wizardry 8\Local Code\LoadSaveGame.cpp,2978,uiSize <= sizeof(*pPC),
wiz8--gog-base--wiz8--18a74ff61c65,00515d19,register-indirect,00515cf0,C:\Projects\Wizardry 8\Local Code\LoadSaveGame.cpp,3270,pStatus->Char != NULL,
wiz8--gog-base--wiz8--18a74ff61c65,00515d3e,register-indirect,00515cf0,C:\Projects\Wizardry 8\Local Code\LoadSaveGame.cpp,3271,pStatus->XChar != NULL,
wiz8--gog-base--wiz8--18a74ff61c65,00515d8d,register-indirect,00515cf0,C:\Projects\Wizardry 8\Local Code\LoadSaveGame.cpp,3277,uiSize <= sizeof(*pStatus),
wiz8--gog-base--wiz8--18a74ff61c65,00515e2b,direct,00515cf0,C:\Projects\Wizardry 8\Local Code\LoadSaveGame.cpp,3300,uiSize <= sizeof(*&pStatus->Char[uiChar]),
wiz8--gog-base--wiz8--18a74ff61c65,00515ec8,direct,00515cf0,C:\Projects\Wizardry 8\Local Code\LoadSaveGame.cpp,3314,uiSize <= sizeof(*&pStatus->XChar[uiChar]),
wiz8--gog-base--wiz8--18a74ff61c65,0051659d,direct,00516580,C:\Projects\Wizardry 8\Local Code\LoadSaveGame.cpp,3507,pLure,
wiz8--gog-base--wiz8--18a74ff61c65,00516e5b,direct,00516e20,C:\Projects\Wizardry 8\Local Code\search.cpp,293,pSearchable,
wiz8--gog-base--wiz8--18a74ff61c65,00516f3b,direct,00516f00,C:\Projects\Wizardry 8\Local Code\search.cpp,337,pSearchable,
wiz8--gog-base--wiz8--18a74ff61c65,0051712c,direct,00517080,..\Engine Code\Include\Trigger.hpp,1005,m_bRepType == TRIGGER_REP_PROP,
wiz8--gog-base--wiz8--18a74ff61c65,00517c87,direct,00517bd0,C:\Projects\Wizardry 8\Local Code\UtilityFunctions.cpp,315,_finite(flAngle),
wiz8--gog-base--wiz8--18a74ff61c65,00517d1b,register-indirect,00517bd0,C:\Projects\Wizardry 8\Local Code\UtilityFunctions.cpp,315,_finite(flAngle),
wiz8--gog-base--wiz8--18a74ff61c65,00517da5,register-indirect,00517bd0,C:\Projects\Wizardry 8\Local Code\UtilityFunctions.cpp,315,_finite(flAngle),
wiz8--gog-base--wiz8--18a74ff61c65,00517ee7,register-indirect,00517ec0,C:\Projects\Wizardry 8\Local Code\UtilityFunctions.cpp,456,pPC->fInParty,PCPtrToPCSlot: ERROR - called for non-party character
wiz8--gog-base--wiz8--18a74ff61c65,00517f1f,register-indirect,00517ec0,C:\Projects\Wizardry 8\Local Code\UtilityFunctions.cpp,465,FALSE,
wiz8--gog-base--wiz8--18a74ff61c65,00518349,direct,00518150,C:\Projects\Wizardry 8\Local Code\UtilityFunctions.cpp,901,FALSE,
wiz8--gog-base--wiz8--18a74ff61c65,00518391,register-indirect,00518150,C:\Projects\Wizardry 8\Local Code\Strings.cpp,74,hFile,Failed to open localization string table.
wiz8--gog-base--wiz8--18a74ff61c65,005183bf,register-indirect,00518150,C:\Projects\Wizardry 8\Local Code\Strings.cpp,79,giStringListLen,
wiz8--gog-base--wiz8--18a74ff61c65,005183f5,register-indirect,00518150,C:\Projects\Wizardry 8\Local Code\Strings.cpp,82,gppStringList,
wiz8--gog-base--wiz8--18a74ff61c65,0051845a,register-indirect,00518150,C:\Projects\Wizardry 8\Local Code\Strings.cpp,89,gppStringList[iCount],
wiz8--gog-base--wiz8--18a74ff61c65,005192d3,register-indirect,00519180,C:\Projects\Wizardry 8\Local Code\Combat Range.cpp,238,uiSpell != SPELL_NONE,
wiz8--gog-base--wiz8--18a74ff61c65,00519305,register-indirect,00519180,C:\Projects\Wizardry 8\Local Code\Combat Range.cpp,257,FALSE,
wiz8--gog-base--wiz8--18a74ff61c65,00519486,direct,00519180,C:\Projects\Wizardry 8\Local Code\Combat Range.cpp,416,pMonsterGroup != NULL,
wiz8--gog-base--wiz8--18a74ff61c65,005196ff,direct,005194e0,C:\Projects\Wizardry 8\Local Code\Combat Range.cpp,1123,FALSE,CalcRangeDistance: ERROR - Invalid range category
wiz8--gog-base--wiz8--18a74ff61c65,00519969,direct,005197c0,C:\Projects\Wizardry 8\Local Code\Combat Range.cpp,416,pMonsterGroup != NULL,
wiz8--gog-base--wiz8--18a74ff61c65,00519add,direct,005197c0,C:\Projects\Wizardry 8\Local Code\Combat Range.cpp,498,uiHand == HAND_ANY,
wiz8--gog-base--wiz8--18a74ff61c65,00519d4e,register-indirect,00519c00,C:\Projects\Wizardry 8\Local Code\Combat Range.cpp,949,uiAttack < MAX_MONSTER_ATTACKS,
wiz8--gog-base--wiz8--18a74ff61c65,00519d7c,register-indirect,00519c00,C:\Projects\Wizardry 8\Local Code\Combat Range.cpp,950,pMonsterDB->Attack[uiAttack].fHasAttack,
wiz8--gog-base--wiz8--18a74ff61c65,0051a043,register-indirect,00519c00,C:\Projects\Wizardry 8\Local Code\Combat Range.cpp,949,uiAttack < MAX_MONSTER_ATTACKS,
wiz8--gog-base--wiz8--18a74ff61c65,0051a071,register-indirect,00519c00,C:\Projects\Wizardry 8\Local Code\Combat Range.cpp,950,pMonsterDB->Attack[uiAttack].fHasAttack,
wiz8--gog-base--wiz8--18a74ff61c65,0051a3a4,register-indirect,0051a2f0,C:\Projects\Wizardry 8\Local Code\Combat Range.cpp,949,uiAttack < MAX_MONSTER_ATTACKS,
wiz8--gog-base--wiz8--18a74ff61c65,0051a3d2,register-indirect,0051a2f0,C:\Projects\Wizardry 8\Local Code\Combat Range.cpp,950,pMonsterDB->Attack[uiAttack].fHasAttack,
wiz8--gog-base--wiz8--18a74ff61c65,0051a498,register-indirect,0051a2f0,C:\Projects\Wizardry 8\Local Code\Combat Range.cpp,1123,FALSE,CalcRangeDistance: ERROR - Invalid range category
wiz8--gog-base--wiz8--18a74ff61c65,0051a5f6,register-indirect,0051a2f0,C:\Projects\Wizardry 8\Local Code\Combat Range.cpp,949,uiAttack < MAX_MONSTER_ATTACKS,
wiz8--gog-base--wiz8--18a74ff61c65,0051a621,register-indirect,0051a2f0,C:\Projects\Wizardry 8\Local Code\Combat Range.cpp,950,pMonsterDB->Attack[uiAttack].fHasAttack,
wiz8--gog-base--wiz8--18a74ff61c65,0051a6a8,register-indirect,0051a2f0,C:\Projects\Wizardry 8\Local Code\Combat Range.cpp,1123,FALSE,CalcRangeDistance: ERROR - Invalid range category
wiz8--gog-base--wiz8--18a74ff61c65,0051a76c,register-indirect,0051a2f0,C:\Projects\Wizardry 8\Local Code\Combat Range.cpp,949,uiAttack < MAX_MONSTER_ATTACKS,
wiz8--gog-base--wiz8--18a74ff61c65,0051a79a,register-indirect,0051a2f0,C:\Projects\Wizardry 8\Local Code\Combat Range.cpp,950,pMonsterDB->Attack[uiAttack].fHasAttack,
wiz8--gog-base--wiz8--18a74ff61c65,0051a9eb,direct,0051a2f0,C:\Projects\Wizardry 8\Local Code\Combat Range.cpp,1123,FALSE,CalcRangeDistance: ERROR - Invalid range category
wiz8--gog-base--wiz8--18a74ff61c65,0051aa82,register-indirect,0051a2f0,C:\Projects\Wizardry 8\Local Code\Combat Range.cpp,1123,FALSE,CalcRangeDistance: ERROR - Invalid range category
wiz8--gog-base--wiz8--18a74ff61c65,0051ab9b,direct,0051a2f0,C:\Projects\Wizardry 8\Local Code\Combat Range.cpp,1123,FALSE,CalcRangeDistance: ERROR - Invalid range category
wiz8--gog-base--wiz8--18a74ff61c65,0051af62,direct,0051aec0,C:\Projects\Wizardry 8\Local Code\Combat Range.cpp,1432,ubMonsterQuadrant != QUADRANT_CENTER,
wiz8--gog-base--wiz8--18a74ff61c65,0051b3db,direct,0051b0a0,C:\Projects\Wizardry 8\Local Code\Combat Range.cpp,1606,FALSE,
wiz8--gog-base--wiz8--18a74ff61c65,0051ba1a,direct,0051b580,C:\Projects\Wizardry 8\Local Code\PC Item.cpp,376,gStatus.fItemInCursor,
wiz8--gog-base--wiz8--18a74ff61c65,0051baa8,direct,0051b580,C:\Projects\Wizardry 8\Local Code\PC Item.cpp,404,gStatus.fGameStarted,
wiz8--gog-base--wiz8--18a74ff61c65,0051badc,direct,0051b580,C:\Projects\Wizardry 8\Local Code\PC Item.cpp,405,fCHAR_OCCUPIED(uiChar),
wiz8--gog-base--wiz8--18a74ff61c65,0051bc2d,register-indirect,0051b580,C:\Projects\Wizardry 8\Local Code\PC Item.cpp,404,gStatus.fGameStarted,
wiz8--gog-base--wiz8--18a74ff61c65,0051bc60,register-indirect,0051b580,C:\Projects\Wizardry 8\Local Code\PC Item.cpp,405,fCHAR_OCCUPIED(uiChar),
wiz8--gog-base--wiz8--18a74ff61c65,0051c057,direct,0051b580,C:\Projects\Wizardry 8\Local Code\PC Item.cpp,564,uiItemNo < gXStatus.uiItemsInDatabase,
wiz8--gog-base--wiz8--18a74ff61c65,0051c1d6,direct,0051b580,C:\Projects\Wizardry 8\Local Code\PC Item.cpp,578,uiMAX_DICE(pMulti) < 256,
wiz8--gog-base--wiz8--18a74ff61c65,0051c22e,direct,0051b580,C:\Projects\Wizardry 8\Local Code\PC Item.cpp,599,FALSE,InitNewItem: ERROR - Invalid multi code
wiz8--gog-base--wiz8--18a74ff61c65,0051c922,register-indirect,0051c5a0,C:\Projects\Wizardry 8\Local Code\PC Item.cpp,1021,uiRangedItem < gXStatus.uiItemsInDatabase,
wiz8--gog-base--wiz8--18a74ff61c65,0051c94e,register-indirect,0051c5a0,C:\Projects\Wizardry 8\Local Code\PC Item.cpp,1022,uiOtherItem < gXStatus.uiItemsInDatabase,
wiz8--gog-base--wiz8--18a74ff61c65,0051ce03,register-indirect,0051cde0,C:\Projects\Wizardry 8\Local Code\PC Item.cpp,1248,iChar != -1,
wiz8--gog-base--wiz8--18a74ff61c65,0051ce22,register-indirect,0051cde0,C:\Projects\Wizardry 8\Local Code\PC Item.cpp,1249,uiSlot < SLOT_COUNT,
wiz8--gog-base--wiz8--18a74ff61c65,0051d715,direct,0051d3b0,C:\Projects\Wizardry 8\Local Code\PC Item.cpp,1844,uiSpell != SPELL_NONE,
wiz8--gog-base--wiz8--18a74ff61c65,0051d77a,direct,0051d3b0,C:\Projects\Wizardry 8\Local Code\PC Item.cpp,1832,uiSpell != SPELL_NONE,
wiz8--gog-base--wiz8--18a74ff61c65,0051d822,register-indirect,0051d7a0,C:\Projects\Wizardry 8\Local Code\PC Item.cpp,1897,pPC,
wiz8--gog-base--wiz8--18a74ff61c65,0051d83f,register-indirect,0051d7a0,C:\Projects\Wizardry 8\Local Code\PC Item.cpp,1898,pPCItem,
wiz8--gog-base--wiz8--18a74ff61c65,0051d85a,register-indirect,0051d7a0,C:\Projects\Wizardry 8\Local Code\PC Item.cpp,1899,pPCItem->iItemNo >= -1,
wiz8--gog-base--wiz8--18a74ff61c65,0051d87a,register-indirect,0051d7a0,C:\Projects\Wizardry 8\Local Code\PC Item.cpp,1900,pPCItem->iItemNo < (INT32) gXStatus.uiItemsInDatabase,
wiz8--gog-base--wiz8--18a74ff61c65,0051e1ba,register-indirect,0051dde0,C:\Projects\Wizardry 8\Local Code\PC Item.cpp,2205,pNPC,
wiz8--gog-base--wiz8--18a74ff61c65,0051e1d6,register-indirect,0051dde0,C:\Projects\Wizardry 8\Local Code\PC Item.cpp,2206,pNPC->ubNPCDBaseID == NPC_RFS81A,
wiz8--gog-base--wiz8--18a74ff61c65,0051e482,register-indirect,0051dde0,C:\Projects\Wizardry 8\Local Code\PC Item.cpp,2310,pItemDB->ubUseType < USE_TYPE_COUNT,
wiz8--gog-base--wiz8--18a74ff61c65,0051e717,direct,0051dde0,C:\Projects\Wizardry 8\Local Code\PC Item.cpp,2356,FALSE,
wiz8--gog-base--wiz8--18a74ff61c65,0051ebee,direct,0051e9f0,C:\Projects\Wizardry 8\Local Code\PC Item.cpp,2642,pPCItem->iItemNo != -1,
wiz8--gog-base--wiz8--18a74ff61c65,0051f32f,register-indirect,0051f2b0,C:\Projects\Wizardry 8\Local Code\PC Item.cpp,2922,pMergePCItem->iItemNo != -1,
wiz8--gog-base--wiz8--18a74ff61c65,0051f357,register-indirect,0051f2b0,C:\Projects\Wizardry 8\Local Code\PC Item.cpp,2923,pIntoPCItem->iItemNo != -1,
wiz8--gog-base--wiz8--18a74ff61c65,0051f99c,direct,0051f870,C:\Projects\Wizardry 8\Local Code\PC Item.cpp,3371,FALSE,
wiz8--gog-base--wiz8--18a74ff61c65,0051fd4b,direct,0051fd20,C:\Projects\Wizardry 8\Local Code\PC Item.cpp,3516,(pPCItem1->iItemNo != -1) || (pPCItem2->iItemNo != -1),
wiz8--gog-base--wiz8--18a74ff61c65,0051fe67,register-indirect,0051fd20,C:\Projects\Wizardry 8\Local Code\PC Item.cpp,3558,pToPCItem != pFromPCItem,
wiz8--gog-base--wiz8--18a74ff61c65,0051fe87,register-indirect,0051fd20,C:\Projects\Wizardry 8\Local Code\PC Item.cpp,3560,pToPCItem->iItemNo == -1,
wiz8--gog-base--wiz8--18a74ff61c65,0051fea1,register-indirect,0051fd20,C:\Projects\Wizardry 8\Local Code\PC Item.cpp,3561,pFromPCItem->iItemNo != -1,
wiz8--gog-base--wiz8--18a74ff61c65,005201d3,register-indirect,005201b0,C:\Projects\Wizardry 8\Local Code\PC Item.cpp,3676,pPC != NULL,
wiz8--gog-base--wiz8--18a74ff61c65,005201f2,register-indirect,005201b0,C:\Projects\Wizardry 8\Local Code\PC Item.cpp,3677,uiSlot < SLOT_COUNT,
wiz8--gog-base--wiz8--18a74ff61c65,005205ca,direct,005201b0,C:\Projects\Wizardry 8\Local Code\PC Item.cpp,3795,gStatus.fGameStarted,
wiz8--gog-base--wiz8--18a74ff61c65,00520624,register-indirect,00520600,C:\Projects\Wizardry 8\Local Code\PC Item.cpp,3812,pPCItem1->iItemNo != BAD_INDEX,
wiz8--gog-base--wiz8--18a74ff61c65,00520643,register-indirect,00520600,C:\Projects\Wizardry 8\Local Code\PC Item.cpp,3813,pPCItem2->iItemNo != BAD_INDEX,
wiz8--gog-base--wiz8--18a74ff61c65,0052080e,register-indirect,005207e0,C:\Projects\Wizardry 8\Local Code\PC Item.cpp,4003,pPCItem->iItemNo != -1,
wiz8--gog-base--wiz8--18a74ff61c65,0052082e,register-indirect,005207e0,C:\Projects\Wizardry 8\Local Code\PC Item.cpp,4004,pPCItem->iItemNo < (INT32) gXStatus.uiItemsInDatabase,
wiz8--gog-base--wiz8--18a74ff61c65,005208a8,register-indirect,00520880,C:\Projects\Wizardry 8\Local Code\PC Item.cpp,4003,pPCItem->iItemNo != -1,
wiz8--gog-base--wiz8--18a74ff61c65,005208c8,register-indirect,00520880,C:\Projects\Wizardry 8\Local Code\PC Item.cpp,4004,pPCItem->iItemNo < (INT32) gXStatus.uiItemsInDatabase,
wiz8--gog-base--wiz8--18a74ff61c65,00520913,register-indirect,005208f0,C:\Projects\Wizardry 8\Local Code\PC Item.cpp,4014,pPCItem,
wiz8--gog-base--wiz8--18a74ff61c65,0052097b,register-indirect,005208f0,C:\Projects\Wizardry 8\Local Code\PC Item.cpp,2875,pPCItem,
wiz8--gog-base--wiz8--18a74ff61c65,00520a8c,direct,00520a70,C:\Projects\Wizardry 8\Local Code\PC Item.cpp,4113,pPCItem,
wiz8--gog-base--wiz8--18a74ff61c65,00520b9b,direct,00520a70,C:\Projects\Wizardry 8\Local Code\PC Item.cpp,2875,pPCItem,
wiz8--gog-base--wiz8--18a74ff61c65,005221a4,register-indirect,00522180,C:\Projects\Wizardry 8\Local Code\PC Item.cpp,5373,bSlotType >= 0,
wiz8--gog-base--wiz8--18a74ff61c65,005221bf,register-indirect,00522180,C:\Projects\Wizardry 8\Local Code\PC Item.cpp,5374,bSlotType < SLOT_TYPE_COUNT,
wiz8--gog-base--wiz8--18a74ff61c65,005221df,register-indirect,00522180,C:\Projects\Wizardry 8\Local Code\PC Item.cpp,5376,sSlotIndex >= 0,
wiz8--gog-base--wiz8--18a74ff61c65,00522212,register-indirect,00522180,C:\Projects\Wizardry 8\Local Code\PC Item.cpp,5389,sSlotIndex < MAX_PARTY_ITEM_SLOTS,
wiz8--gog-base--wiz8--18a74ff61c65,005222e9,direct,005222d0,C:\Projects\Wizardry 8\Local Code\PC Item.cpp,5403,pPCItem != NULL,
wiz8--gog-base--wiz8--18a74ff61c65,0052302c,direct,00522ef0,C:\Projects\Wizardry 8\Local Code\Conditions & Enchantments.cpp,42,fCHAR_OCCUPIED(uiChar),
wiz8--gog-base--wiz8--18a74ff61c65,00523054,direct,00522ef0,C:\Projects\Wizardry 8\Local Code\Conditions & Enchantments.cpp,45,(uiPoisonStrength == 0) || (uiCondition == COND_POISONED),
wiz8--gog-base--wiz8--18a74ff61c65,005233a4,register-indirect,00522ef0,C:\Projects\Wizardry 8\Local Code\Conditions & Enchantments.cpp,244,fCHAR_OCCUPIED(uiChar),
wiz8--gog-base--wiz8--18a74ff61c65,005233d2,register-indirect,00522ef0,C:\Projects\Wizardry 8\Local Code\Conditions & Enchantments.cpp,245,gStatus.Char[uiChar].uiCondition[uiCondition] > 0,
wiz8--gog-base--wiz8--18a74ff61c65,005236d5,register-indirect,00522ef0,C:\Projects\Wizardry 8\Local Code\Conditions & Enchantments.cpp,344,fCHAR_OCCUPIED(uiSlot),
wiz8--gog-base--wiz8--18a74ff61c65,00523718,register-indirect,00522ef0,C:\Projects\Wizardry 8\Local Code\Conditions & Enchantments.cpp,345,gStatus.Char[uiSlot].uiCondition[uiCondition] > 0,
wiz8--gog-base--wiz8--18a74ff61c65,0052381f,direct,00522ef0,C:\Projects\Wizardry 8\Local Code\Conditions & Enchantments.cpp,387,fCHAR_OCCUPIED(uiChar),
wiz8--gog-base--wiz8--18a74ff61c65,00523c26,direct,00523c00,C:\Projects\Wizardry 8\Local Code\Conditions & Enchantments.cpp,544,(uiPoisonStrength == 0) || (uiCondition == COND_POISONED),
wiz8--gog-base--wiz8--18a74ff61c65,00523f8c,direct,00523c00,C:\Projects\Wizardry 8\Local Code\Conditions & Enchantments.cpp,728,pMonsterInfo->uiCondition[uiCondition] > 0,
wiz8--gog-base--wiz8--18a74ff61c65,0052415d,direct,00523c00,C:\Projects\Wizardry 8\Local Code\Conditions & Enchantments.cpp,795,pMonsterInfo->uiCondition[uiCondition] > 0,
wiz8--gog-base--wiz8--18a74ff61c65,005247a4,register-indirect,00524780,C:\Projects\Wizardry 8\Local Code\Conditions & Enchantments.cpp,1095,uiChar < MAX_CHARS,
wiz8--gog-base--wiz8--18a74ff61c65,005247c3,register-indirect,00524780,C:\Projects\Wizardry 8\Local Code\Conditions & Enchantments.cpp,1096,uiDependence < DEPEND_COND_COUNT,
wiz8--gog-base--wiz8--18a74ff61c65,005247e2,register-indirect,00524780,C:\Projects\Wizardry 8\Local Code\Conditions & Enchantments.cpp,1097,iMonsterID != -1,
wiz8--gog-base--wiz8--18a74ff61c65,00527264,direct,00526e90,C:\Projects\Wizardry 8\Local Code\NPC Scripting.cpp,1974,pDoor,
wiz8--gog-base--wiz8--18a74ff61c65,0052a8db,direct,0052a820,C:\Projects\Wizardry 8\Local Code\Health Stamina Mana.cpp,403,fCHAR_OCCUPIED(uiChar),
wiz8--gog-base--wiz8--18a74ff61c65,0052ac38,direct,0052a820,C:\Projects\Wizardry 8\Local Code\Health Stamina Mana.cpp,561,fCHAR_OCCUPIED(uiChar),
wiz8--gog-base--wiz8--18a74ff61c65,0052ae16,direct,0052add0,C:\Projects\Wizardry 8\Local Code\Health Stamina Mana.cpp,661,fCHAR_OCCUPIED(uiChar),
wiz8--gog-base--wiz8--18a74ff61c65,0052afeb,direct,0052add0,C:\Projects\Wizardry 8\Local Code\Health Stamina Mana.cpp,813,FALSE,FatigueCharacter: ERROR - Invalid load category
wiz8--gog-base--wiz8--18a74ff61c65,0052b4c6,direct,0052b2f0,C:\Projects\Wizardry 8\Local Code\Health Stamina Mana.cpp,1067,pPC->iSPLeft[uiRealm] >= (INT32) uiSPs,
wiz8--gog-base--wiz8--18a74ff61c65,0052b652,direct,0052b550,C:\Projects\Wizardry 8\Local Code\Health Stamina Mana.cpp,1067,pPC->iSPLeft[uiRealm] >= (INT32) uiSPs,
wiz8--gog-base--wiz8--18a74ff61c65,0052b77e,direct,0052b550,C:\Projects\Wizardry 8\Local Code\Health Stamina Mana.cpp,1067,pPC->iSPLeft[uiRealm] >= (INT32) uiSPs,
wiz8--gog-base--wiz8--18a74ff61c65,0052b825,direct,0052b550,C:\Projects\Wizardry 8\Local Code\Health Stamina Mana.cpp,1186,fCHAR_OCCUPIED(uiChar),
wiz8--gog-base--wiz8--18a74ff61c65,0052c2d4,direct,0052c240,C:\Projects\Wizardry 8\Local Code\Health Stamina Mana.cpp,1774,FALSE,
wiz8--gog-base--wiz8--18a74ff61c65,00530287,register-indirect,00530150,C:\Projects\Wizardry 8\Local Code\MonsterAI.cpp,1840,pMonsterGroup,
wiz8--gog-base--wiz8--18a74ff61c65,005305ba,direct,00530560,C:\Projects\Wizardry 8\Local Code\MonsterAI.cpp,1145,pMonsterInfo,
wiz8--gog-base--wiz8--18a74ff61c65,0053071a,direct,00530560,C:\Projects\Wizardry 8\Local Code\MonsterAI.cpp,389,FALSE,DoMonsterRTAI: ERROR - Invalid disposition
wiz8--gog-base--wiz8--18a74ff61c65,00530875,direct,00530560,C:\Projects\Wizardry 8\Local Code\MonsterAI.cpp,457,ubAIDecision != RT_AI_MODE_CHARGE_PARTY,
wiz8--gog-base--wiz8--18a74ff61c65,00530f4b,direct,005308c0,C:\Projects\Wizardry 8\Local Code\MonsterAI.cpp,1145,pMonsterInfo,
wiz8--gog-base--wiz8--18a74ff61c65,0053102c,direct,005308c0,C:\Projects\Wizardry 8\Local Code\MonsterAI.cpp,810,pMonsterInfo->ubDisposition != DISP_HOSTILE,
wiz8--gog-base--wiz8--18a74ff61c65,0053177c,direct,00531540,C:\Projects\Wizardry 8\Local Code\MonsterAI.cpp,1052,fSuccess,
wiz8--gog-base--wiz8--18a74ff61c65,00531950,register-indirect,00531920,C:\Projects\Wizardry 8\Local Code\MonsterAI.cpp,1178,pMonsterGroup,
wiz8--gog-base--wiz8--18a74ff61c65,00531973,register-indirect,00531920,C:\Projects\Wizardry 8\Local Code\MonsterAI.cpp,3199,pMonsterGroup,
wiz8--gog-base--wiz8--18a74ff61c65,00531c36,direct,00531c00,C:\Projects\Wizardry 8\Local Code\MonsterAI.cpp,1272,pMonsterInfo->fInCombat,
wiz8--gog-base--wiz8--18a74ff61c65,00531d6d,direct,00531ce0,C:\Projects\Wizardry 8\Local Code\MonsterAI.cpp,1385,pMonsterInfo->pCombat->plsCombatActionList != NULL,
wiz8--gog-base--wiz8--18a74ff61c65,00531ffc,direct,00531ce0,C:\Projects\Wizardry 8\Local Code\MonsterAI.cpp,1510,pTarget->iChar != BAD_INDEX,
wiz8--gog-base--wiz8--18a74ff61c65,00532041,direct,00531ce0,C:\Projects\Wizardry 8\Local Code\MonsterAI.cpp,1519,pTarget->iMonsterID != BAD_INDEX,
wiz8--gog-base--wiz8--18a74ff61c65,005324d3,direct,005323f0,C:\Projects\Wizardry 8\Local Code\MonsterAI.cpp,1840,pMonsterGroup,
wiz8--gog-base--wiz8--18a74ff61c65,005332dc,direct,00533260,C:\Projects\Wizardry 8\Local Code\MonsterAI.cpp,2563,uiCastableSpellCnt > 0,
wiz8--gog-base--wiz8--18a74ff61c65,0053439b,direct,00534300,C:\Projects\Wizardry 8\Local Code\MonsterAI.cpp,3078,pMonsterGroup,
wiz8--gog-base--wiz8--18a74ff61c65,00534486,direct,00534300,C:\Projects\Wizardry 8\Local Code\MonsterAI.cpp,1840,pMonsterGroup,
wiz8--gog-base--wiz8--18a74ff61c65,00534585,direct,00534300,C:\Projects\Wizardry 8\Local Code\MonsterAI.cpp,3078,pMonsterGroup,
wiz8--gog-base--wiz8--18a74ff61c65,005347bc,direct,005347a0,C:\Projects\Wizardry 8\Local Code\MonsterAI.cpp,3199,pMonsterGroup,
wiz8--gog-base--wiz8--18a74ff61c65,00534df7,direct,00534dd0,C:\Projects\Wizardry 8\Local Code\MonsterAI.cpp,3524,pTargetMonsterGroup,
wiz8--gog-base--wiz8--18a74ff61c65,0053565d,direct,005355d0,C:\Projects\Wizardry 8\Local Code\MonsterAI.cpp,3199,pMonsterGroup,
wiz8--gog-base--wiz8--18a74ff61c65,00535715,direct,005355d0,C:\Projects\Wizardry 8\Local Code\MonsterAI.cpp,1840,pMonsterGroup,
wiz8--gog-base--wiz8--18a74ff61c65,00535af1,register-indirect,00535ad0,C:\Projects\Wizardry 8\Local Code\Factions.cpp,175,bFaction >= 0,
wiz8--gog-base--wiz8--18a74ff61c65,00535b0c,register-indirect,00535ad0,C:\Projects\Wizardry 8\Local Code\Factions.cpp,176,bFaction < FACTION_COUNT,
wiz8--gog-base--wiz8--18a74ff61c65,00535b64,register-indirect,00535b40,C:\Projects\Wizardry 8\Local Code\Factions.cpp,175,bFaction >= 0,
wiz8--gog-base--wiz8--18a74ff61c65,00535b7f,register-indirect,00535b40,C:\Projects\Wizardry 8\Local Code\Factions.cpp,176,bFaction < FACTION_COUNT,
wiz8--gog-base--wiz8--18a74ff61c65,00535c7a,register-indirect,00535b40,C:\Projects\Wizardry 8\Local Code\Factions.cpp,175,bFaction >= 0,
wiz8--gog-base--wiz8--18a74ff61c65,00535c95,register-indirect,00535b40,C:\Projects\Wizardry 8\Local Code\Factions.cpp,176,bFaction < FACTION_COUNT,
wiz8--gog-base--wiz8--18a74ff61c65,00535db9,register-indirect,00535d50,C:\Projects\Wizardry 8\Local Code\Factions.cpp,175,bFaction >= 0,
wiz8--gog-base--wiz8--18a74ff61c65,00535dd4,register-indirect,00535d50,C:\Projects\Wizardry 8\Local Code\Factions.cpp,176,bFaction < FACTION_COUNT,
wiz8--gog-base--wiz8--18a74ff61c65,00535edd,register-indirect,00535ea0,C:\Projects\Wizardry 8\Local Code\Factions.cpp,175,bFaction >= 0,
wiz8--gog-base--wiz8--18a74ff61c65,00535efc,register-indirect,00535ea0,C:\Projects\Wizardry 8\Local Code\Factions.cpp,176,bFaction < FACTION_COUNT,
wiz8--gog-base--wiz8--18a74ff61c65,00535f60,register-indirect,00535ea0,C:\Projects\Wizardry 8\Local Code\Factions.cpp,175,bFaction >= 0,
wiz8--gog-base--wiz8--18a74ff61c65,00535f7f,register-indirect,00535ea0,C:\Projects\Wizardry 8\Local Code\Factions.cpp,176,bFaction < FACTION_COUNT,
wiz8--gog-base--wiz8--18a74ff61c65,005361c6,direct,005360b0,C:\Projects\Wizardry 8\Local Code\Targeting.cpp,108,pTarget->iChar != BAD_INDEX,
wiz8--gog-base--wiz8--18a74ff61c65,00536230,direct,005360b0,C:\Projects\Wizardry 8\Local Code\Targeting.cpp,117,pTarget->iChar != BAD_INDEX,
wiz8--gog-base--wiz8--18a74ff61c65,005362ab,register-indirect,005360b0,C:\Projects\Wizardry 8\Local Code\Targeting.cpp,126,pTarget->iMonsterID != BAD_INDEX,
wiz8--gog-base--wiz8--18a74ff61c65,0053633c,register-indirect,005360b0,C:\Projects\Wizardry 8\Local Code\Targeting.cpp,153,pTarget->iGroupID != BAD_INDEX,
wiz8--gog-base--wiz8--18a74ff61c65,005363b7,direct,005360b0,C:\Projects\Wizardry 8\Local Code\Targeting.cpp,180,pTarget->pPCItem != NULL,
wiz8--gog-base--wiz8--18a74ff61c65,005366b2,register-indirect,00536400,C:\Projects\Wizardry 8\Local Code\Targeting.cpp,3163,FALSE,
wiz8--gog-base--wiz8--18a74ff61c65,005366f3,register-indirect,00536400,C:\Projects\Wizardry 8\Local Code\Targeting.cpp,252,pTarget,
wiz8--gog-base--wiz8--18a74ff61c65,00536be1,direct,00536400,C:\Projects\Wizardry 8\Local Code\Targeting.cpp,3163,FALSE,
wiz8--gog-base--wiz8--18a74ff61c65,00536e6b,direct,00536400,C:\Projects\Wizardry 8\Local Code\Targeting.cpp,3273,pSource != NULL,
wiz8--gog-base--wiz8--18a74ff61c65,00537037,direct,00536f60,C:\Projects\Wizardry 8\Local Code\Targeting.cpp,3163,FALSE,
wiz8--gog-base--wiz8--18a74ff61c65,00537433,direct,00536f60,C:\Projects\Wizardry 8\Local Code\Targeting.cpp,3163,FALSE,
wiz8--gog-base--wiz8--18a74ff61c65,005377ad,register-indirect,00536f60,C:\Projects\Wizardry 8\Local Code\Targeting.cpp,3299,pSource->iChar != BAD_INDEX,
wiz8--gog-base--wiz8--18a74ff61c65,005377f1,register-indirect,00536f60,C:\Projects\Wizardry 8\Local Code\Targeting.cpp,3320,pSource->iMonsterID != BAD_INDEX,
wiz8--gog-base--wiz8--18a74ff61c65,0053780c,register-indirect,00536f60,C:\Projects\Wizardry 8\Local Code\Targeting.cpp,835,pSource->iMonsterID != -1,
wiz8--gog-base--wiz8--18a74ff61c65,005378ae,register-indirect,00536f60,C:\Projects\Wizardry 8\Local Code\Targeting.cpp,3299,pSource->iChar != BAD_INDEX,
wiz8--gog-base--wiz8--18a74ff61c65,005378d8,register-indirect,00536f60,C:\Projects\Wizardry 8\Local Code\Targeting.cpp,3320,pSource->iMonsterID != BAD_INDEX,
wiz8--gog-base--wiz8--18a74ff61c65,00537936,direct,00536f60,C:\Projects\Wizardry 8\Local Code\Targeting.cpp,843,FALSE,
wiz8--gog-base--wiz8--18a74ff61c65,00537cd3,direct,00537b00,C:\Projects\Wizardry 8\Local Code\Targeting.cpp,3273,pSource != NULL,
wiz8--gog-base--wiz8--18a74ff61c65,00537e59,direct,00537d20,C:\Projects\Wizardry 8\Local Code\Targeting.cpp,3273,pSource != NULL,
wiz8--gog-base--wiz8--18a74ff61c65,00538014,direct,00537d20,C:\Projects\Wizardry 8\Local Code\Targeting.cpp,3273,pSource != NULL,
wiz8--gog-base--wiz8--18a74ff61c65,0053842f,direct,005383e0,C:\Projects\Wizardry 8\Local Code\Targeting.cpp,1177,pSortBuffer != NULL,
wiz8--gog-base--wiz8--18a74ff61c65,005388eb,direct,00538770,C:\Projects\Wizardry 8\Local Code\Targeting.cpp,3163,FALSE,
wiz8--gog-base--wiz8--18a74ff61c65,00538c97,direct,00538770,C:\Projects\Wizardry 8\Local Code\Targeting.cpp,1888,pMonster,
wiz8--gog-base--wiz8--18a74ff61c65,00538ead,direct,00538e00,C:\Projects\Wizardry 8\Local Code\Targeting.cpp,3273,pSource != NULL,
wiz8--gog-base--wiz8--18a74ff61c65,0053903b,direct,00538e00,C:\Projects\Wizardry 8\Local Code\Targeting.cpp,3285,pSource != NULL,
wiz8--gog-base--wiz8--18a74ff61c65,00539301,direct,005392e0,C:\Projects\Wizardry 8\Local Code\Targeting.cpp,1765,uiGroupID != BAD_INDEX,
wiz8--gog-base--wiz8--18a74ff61c65,00539672,direct,00539630,C:\Projects\Wizardry 8\Local Code\Targeting.cpp,1888,pMonster,
wiz8--gog-base--wiz8--18a74ff61c65,0053988c,direct,00539870,C:\Projects\Wizardry 8\Local Code\Targeting.cpp,2040,pMonsterInfo,
wiz8--gog-base--wiz8--18a74ff61c65,0053996e,direct,005398d0,C:\Projects\Wizardry 8\Local Code\Targeting.cpp,2040,pMonsterInfo,
wiz8--gog-base--wiz8--18a74ff61c65,00539a57,direct,00539a30,C:\Projects\Wizardry 8\Local Code\Targeting.cpp,3299,pSource->iChar != BAD_INDEX,
wiz8--gog-base--wiz8--18a74ff61c65,00539aa0,register-indirect,00539a30,C:\Projects\Wizardry 8\Local Code\Targeting.cpp,3320,pSource->iMonsterID != BAD_INDEX,
wiz8--gog-base--wiz8--18a74ff61c65,00539abc,register-indirect,00539a30,C:\Projects\Wizardry 8\Local Code\Targeting.cpp,2124,pSource->iMonsterID != -1,
wiz8--gog-base--wiz8--18a74ff61c65,00539b20,direct,00539a30,C:\Projects\Wizardry 8\Local Code\Targeting.cpp,2132,pSource->iType == SOURCE_TYPE_3D_POINT,
wiz8--gog-base--wiz8--18a74ff61c65,0053a5aa,direct,0053a320,C:\Projects\Wizardry 8\Local Code\Targeting.cpp,3273,pSource != NULL,
wiz8--gog-base--wiz8--18a74ff61c65,0053a9fe,direct,0053a930,C:\Projects\Wizardry 8\Local Code\Targeting.cpp,3273,pSource != NULL,
wiz8--gog-base--wiz8--18a74ff61c65,0053ab62,direct,0053a930,C:\Projects\Wizardry 8\Local Code\Targeting.cpp,1888,pMonster,
wiz8--gog-base--wiz8--18a74ff61c65,0053ace1,direct,0053ac30,C:\Projects\Wizardry 8\Local Code\Targeting.cpp,1888,pMonster,
wiz8--gog-base--wiz8--18a74ff61c65,0053adac,direct,0053ac30,C:\Projects\Wizardry 8\Local Code\Targeting.cpp,1888,pMonster,
wiz8--gog-base--wiz8--18a74ff61c65,0053b53e,direct,0053b480,C:\Projects\Wizardry 8\Local Code\Targeting.cpp,3273,pSource != NULL,
wiz8--gog-base--wiz8--18a74ff61c65,0053b741,direct,0053b660,C:\Projects\Wizardry 8\Local Code\Targeting.cpp,3273,pSource != NULL,
wiz8--gog-base--wiz8--18a74ff61c65,0053b8e5,direct,0053b660,C:\Projects\Wizardry 8\Local Code\Targeting.cpp,3119,FALSE,
wiz8--gog-base--wiz8--18a74ff61c65,0053b9ed,direct,0053b660,C:\Projects\Wizardry 8\Local Code\Targeting.cpp,3163,FALSE,
wiz8--gog-base--wiz8--18a74ff61c65,0053bb6a,direct,0053b660,C:\Projects\Wizardry 8\Local Code\Targeting.cpp,3163,FALSE,
wiz8--gog-base--wiz8--18a74ff61c65,0053bbb6,direct,0053b660,C:\Projects\Wizardry 8\Local Code\Targeting.cpp,3207,FALSE,
wiz8--gog-base--wiz8--18a74ff61c65,0053bdc7,direct,0053b660,C:\Projects\Wizardry 8\Local Code\Targeting.cpp,3163,FALSE,
wiz8--gog-base--wiz8--18a74ff61c65,0053be1a,direct,0053be00,C:\Projects\Wizardry 8\Local Code\Targeting.cpp,3273,pSource != NULL,
wiz8--gog-base--wiz8--18a74ff61c65,0053be6a,direct,0053be50,C:\Projects\Wizardry 8\Local Code\Targeting.cpp,3285,pSource != NULL,
wiz8--gog-base--wiz8--18a74ff61c65,0053bec2,direct,0053be50,C:\Projects\Wizardry 8\Local Code\Targeting.cpp,3299,pSource->iChar != BAD_INDEX,
wiz8--gog-base--wiz8--18a74ff61c65,0053beff,direct,0053be50,C:\Projects\Wizardry 8\Local Code\Targeting.cpp,3307,pSource->fBackfire || pSource->fReflection,
wiz8--gog-base--wiz8--18a74ff61c65,0053bf32,direct,0053be50,C:\Projects\Wizardry 8\Local Code\Targeting.cpp,3320,pSource->iMonsterID != BAD_INDEX,
wiz8--gog-base--wiz8--18a74ff61c65,0053bf6f,direct,0053be50,C:\Projects\Wizardry 8\Local Code\Targeting.cpp,3328,pSource->fBackfire || pSource->fReflection,
wiz8--gog-base--wiz8--18a74ff61c65,0053c342,direct,0053bf80,C:\Projects\Wizardry 8\Local Code\Targeting.cpp,3299,pSource->iChar != BAD_INDEX,
wiz8--gog-base--wiz8--18a74ff61c65,0053c37a,direct,0053bf80,C:\Projects\Wizardry 8\Local Code\Targeting.cpp,3307,pSource->fBackfire || pSource->fReflection,
wiz8--gog-base--wiz8--18a74ff61c65,0053c3a1,direct,0053bf80,C:\Projects\Wizardry 8\Local Code\Targeting.cpp,3320,pSource->iMonsterID != BAD_INDEX,
wiz8--gog-base--wiz8--18a74ff61c65,0053c3d6,direct,0053bf80,C:\Projects\Wizardry 8\Local Code\Targeting.cpp,3328,pSource->fBackfire || pSource->fReflection,
wiz8--gog-base--wiz8--18a74ff61c65,0053c412,direct,0053bf80,C:\Projects\Wizardry 8\Local Code\Targeting.cpp,3299,pSource->iChar != BAD_INDEX,
wiz8--gog-base--wiz8--18a74ff61c65,0053c448,direct,0053bf80,C:\Projects\Wizardry 8\Local Code\Targeting.cpp,3307,pSource->fBackfire || pSource->fReflection,
wiz8--gog-base--wiz8--18a74ff61c65,0053c4c9,register-indirect,0053bf80,C:\Projects\Wizardry 8\Local Code\Targeting.cpp,3299,pSource->iChar != BAD_INDEX,
wiz8--gog-base--wiz8--18a74ff61c65,0053c51a,register-indirect,0053bf80,C:\Projects\Wizardry 8\Local Code\Targeting.cpp,3320,pSource->iMonsterID != BAD_INDEX,
wiz8--gog-base--wiz8--18a74ff61c65,0053c619,direct,0053bf80,C:\Projects\Wizardry 8\Local Code\Targeting.cpp,3577,FALSE,
wiz8--gog-base--wiz8--18a74ff61c65,0053c885,direct,0053c720,C:\Projects\Wizardry 8\Local Code\Targeting.cpp,3756,pMonsterInfo->uiHPMax > 0,
wiz8--gog-base--wiz8--18a74ff61c65,0053cc1c,direct,0053c720,C:\Projects\Wizardry 8\Local Code\Targeting.cpp,3163,FALSE,
wiz8--gog-base--wiz8--18a74ff61c65,0053cc76,direct,0053c720,C:\Projects\Wizardry 8\Local Code\Targeting.cpp,3207,FALSE,
wiz8--gog-base--wiz8--18a74ff61c65,0053d153,direct,0053cdf0,C:\Projects\Wizardry 8\Local Code\Targeting.cpp,3273,pSource != NULL,
wiz8--gog-base--wiz8--18a74ff61c65,0053d2b8,direct,0053d2a0,C:\Projects\Wizardry 8\Local Code\Combat Attack.cpp,102,uiHand < HAND_COUNT,
wiz8--gog-base--wiz8--18a74ff61c65,0053d346,register-indirect,0053d2a0,C:\Projects\Wizardry 8\Local Code\Combat Attack.cpp,102,uiHand < HAND_COUNT,
wiz8--gog-base--wiz8--18a74ff61c65,0053d3d9,direct,0053d390,C:\Projects\Wizardry 8\Local Code\Combat Attack.cpp,102,uiHand < HAND_COUNT,
wiz8--gog-base--wiz8--18a74ff61c65,0053d4cb,direct,0053d4b0,C:\Projects\Wizardry 8\Local Code\Combat Attack.cpp,235,uiAttack < MAX_MONSTER_ATTACKS,
wiz8--gog-base--wiz8--18a74ff61c65,0053d6cb,direct,0053d680,C:\Projects\Wizardry 8\Local Code\Combat Attack.cpp,102,uiHand < HAND_COUNT,
wiz8--gog-base--wiz8--18a74ff61c65,0053d78d,direct,0053d680,C:\Projects\Wizardry 8\Local Code\Combat Attack.cpp,102,uiHand < HAND_COUNT,
wiz8--gog-base--wiz8--18a74ff61c65,0053d809,direct,0053d7f0,C:\Projects\Wizardry 8\Local Code\Combat Attack.cpp,102,uiHand < HAND_COUNT,
wiz8--gog-base--wiz8--18a74ff61c65,0053d88d,direct,0053d7f0,C:\Projects\Wizardry 8\Local Code\Combat Attack.cpp,436,uiChar < MAX_CHARS,
wiz8--gog-base--wiz8--18a74ff61c65,0053d8fb,direct,0053d7f0,C:\Projects\Wizardry 8\Local Code\Combat Attack.cpp,102,uiHand < HAND_COUNT,
wiz8--gog-base--wiz8--18a74ff61c65,0053df17,direct,0053d7f0,C:\Projects\Wizardry 8\Local Code\Combat Attack.cpp,640,CHAR_CURRENT_TARGET(uiChar).iType == TARGET_TYPE_CHAR,
wiz8--gog-base--wiz8--18a74ff61c65,0053df3d,direct,0053d7f0,C:\Projects\Wizardry 8\Local Code\Combat Attack.cpp,641,CHAR_CURRENT_TARGET(uiChar).iChar != BAD_INDEX,
wiz8--gog-base--wiz8--18a74ff61c65,0053e00a,direct,0053d7f0,C:\Projects\Wizardry 8\Local Code\Combat Attack.cpp,671,pPC->Hand[uiHand].uiHolds != HOLDS_NOTHING,
wiz8--gog-base--wiz8--18a74ff61c65,0053e554,direct,0053e250,C:\Projects\Wizardry 8\Local Code\Combat Attack.cpp,857,plsFumbleTargetList != NULL,
wiz8--gog-base--wiz8--18a74ff61c65,0053e5dc,direct,0053e250,C:\Projects\Wizardry 8\Local Code\Combat Attack.cpp,4560,uiNumTargets > 0,
wiz8--gog-base--wiz8--18a74ff61c65,0053e6f0,direct,0053e250,C:\Projects\Wizardry 8\Local Code\Combat Attack.cpp,4734,uiChoices > 0,
wiz8--gog-base--wiz8--18a74ff61c65,0053e71f,direct,0053e250,C:\Projects\Wizardry 8\Local Code\Combat Attack.cpp,4738,pListElement != NULL,
wiz8--gog-base--wiz8--18a74ff61c65,0053f865,direct,0053e250,C:\Projects\Wizardry 8\Local Code\Combat Attack.cpp,1553,pCmbt->uiSwingsRemaining > 0,
wiz8--gog-base--wiz8--18a74ff61c65,0053f8bf,direct,0053e250,C:\Projects\Wizardry 8\Local Code\Combat Attack.cpp,102,uiHand < HAND_COUNT,
wiz8--gog-base--wiz8--18a74ff61c65,0053fec3,register-indirect,0053fb00,C:\Projects\Wizardry 8\Local Code\Combat Attack.cpp,1780,pMonsterInfo != NULL,
wiz8--gog-base--wiz8--18a74ff61c65,0053fee0,register-indirect,0053fb00,C:\Projects\Wizardry 8\Local Code\Combat Attack.cpp,1781,pMonsterDB != NULL,
wiz8--gog-base--wiz8--18a74ff61c65,0053fefc,register-indirect,0053fb00,C:\Projects\Wizardry 8\Local Code\Combat Attack.cpp,1784,pCmbt != NULL,
wiz8--gog-base--wiz8--18a74ff61c65,00540118,direct,0053ffe0,C:\Projects\Wizardry 8\Local Code\Combat Attack.cpp,1864,FALSE,
wiz8--gog-base--wiz8--18a74ff61c65,0054038e,direct,0053ffe0,C:\Projects\Wizardry 8\Local Code\Combat Attack.cpp,2012,plsFumbleTargetList != NULL,
wiz8--gog-base--wiz8--18a74ff61c65,0054041a,direct,0053ffe0,C:\Projects\Wizardry 8\Local Code\Combat Attack.cpp,4560,uiNumTargets > 0,
wiz8--gog-base--wiz8--18a74ff61c65,005404d6,direct,0053ffe0,C:\Projects\Wizardry 8\Local Code\Combat Attack.cpp,4734,uiChoices > 0,
wiz8--gog-base--wiz8--18a74ff61c65,00540505,direct,0053ffe0,C:\Projects\Wizardry 8\Local Code\Combat Attack.cpp,4738,pListElement != NULL,
wiz8--gog-base--wiz8--18a74ff61c65,005405de,direct,0053ffe0,C:\Projects\Wizardry 8\Local Code\Combat Attack.cpp,2059,pMonsterInfo->fMissileReleased,
wiz8--gog-base--wiz8--18a74ff61c65,0054103c,direct,0053ffe0,C:\Projects\Wizardry 8\Local Code\Combat Attack.cpp,2384,pCmbt->uiSwingsRemaining > 0,
wiz8--gog-base--wiz8--18a74ff61c65,00541998,direct,00541630,C:\Projects\Wizardry 8\Local Code\Combat Attack.cpp,2769,pMonsterInfo->Target.iType == TARGET_TYPE_MONSTER,
wiz8--gog-base--wiz8--18a74ff61c65,00541b01,direct,00541630,C:\Projects\Wizardry 8\Local Code\Combat Attack.cpp,2813,pAttack->ubWeaponNameIndex != MON_WEAPON_NAME_UNARMED,
wiz8--gog-base--wiz8--18a74ff61c65,00542111,direct,005420b0,C:\Projects\Wizardry 8\Local Code\Combat Attack.cpp,3056,gpCombat->TargetHit.iMonsterID != BAD_INDEX,
wiz8--gog-base--wiz8--18a74ff61c65,0054219c,direct,005420b0,C:\Projects\Wizardry 8\Local Code\Combat Attack.cpp,3071,gpCombat->TargetHit.iChar != BAD_INDEX,
wiz8--gog-base--wiz8--18a74ff61c65,005423ca,direct,005420b0,C:\Projects\Wizardry 8\Local Code\Combat Attack.cpp,3164,pPC->Hand[uiHand].uiHolds != HOLDS_NOTHING,
wiz8--gog-base--wiz8--18a74ff61c65,00542468,direct,005420b0,C:\Projects\Wizardry 8\Local Code\Combat Attack.cpp,3152,pPC->Hand[uiHand].uiHolds == HOLDS_NOTHING,
wiz8--gog-base--wiz8--18a74ff61c65,00542518,direct,005420b0,C:\Projects\Wizardry 8\Local Code\Combat Attack.cpp,3157,pPC->Hand[uiHand].uiHolds == HOLDS_NOTHING,
wiz8--gog-base--wiz8--18a74ff61c65,005429a1,direct,00542960,C:\Projects\Wizardry 8\Local Code\Combat Attack.cpp,3387,gpCombat->TargetHit.iChar != BAD_INDEX,
wiz8--gog-base--wiz8--18a74ff61c65,00542a54,direct,00542960,C:\Projects\Wizardry 8\Local Code\Combat Attack.cpp,3400,gpCombat->TargetHit.iMonsterID != BAD_INDEX,
wiz8--gog-base--wiz8--18a74ff61c65,00542d0a,register-indirect,00542ca0,C:\Projects\Wizardry 8\Local Code\Combat Attack.cpp,3505,pPC->EquippedItem[uiWeaponSlot].iItemNo != -1,
wiz8--gog-base--wiz8--18a74ff61c65,00542d4d,register-indirect,00542ca0,C:\Projects\Wizardry 8\Local Code\Combat Attack.cpp,3510,fsAttackModes > 0,
wiz8--gog-base--wiz8--18a74ff61c65,00542d68,register-indirect,00542ca0,C:\Projects\Wizardry 8\Local Code\Combat Attack.cpp,3557,fsAttackModes != 0,
wiz8--gog-base--wiz8--18a74ff61c65,00542dcd,direct,00542db0,C:\Projects\Wizardry 8\Local Code\Combat Attack.cpp,3557,fsAttackModes != 0,
wiz8--gog-base--wiz8--18a74ff61c65,00542e8a,direct,00542db0,C:\Projects\Wizardry 8\Local Code\Combat Attack.cpp,3663,FALSE,AttackModeMod: ERROR - Invalid attack mode
wiz8--gog-base--wiz8--18a74ff61c65,00542f91,direct,00542db0,C:\Projects\Wizardry 8\Local Code\Combat Attack.cpp,3784,FALSE,
wiz8--gog-base--wiz8--18a74ff61c65,00543097,direct,00542fc0,C:\Projects\Wizardry 8\Local Code\Combat Attack.cpp,3834,FALSE,
wiz8--gog-base--wiz8--18a74ff61c65,0054324e,direct,00542fc0,C:\Projects\Wizardry 8\Local Code\Combat Attack.cpp,4006,FALSE,BlockedForSpecialReason: Unknown target type
wiz8--gog-base--wiz8--18a74ff61c65,0054331b,register-indirect,00543260,C:\Projects\Wizardry 8\Local Code\Combat Attack.cpp,4117,pTarget->iChar != BAD_INDEX,
wiz8--gog-base--wiz8--18a74ff61c65,00543349,register-indirect,00543260,C:\Projects\Wizardry 8\Local Code\Combat Attack.cpp,4118,fCHAR_OCCUPIED(pTarget->iChar),
wiz8--gog-base--wiz8--18a74ff61c65,0054339b,register-indirect,00543260,C:\Projects\Wizardry 8\Local Code\Combat Attack.cpp,4124,pTarget->iType == TARGET_TYPE_MONSTER,
wiz8--gog-base--wiz8--18a74ff61c65,005433b7,register-indirect,00543260,C:\Projects\Wizardry 8\Local Code\Combat Attack.cpp,4125,pTarget->iMonsterID != BAD_INDEX,
wiz8--gog-base--wiz8--18a74ff61c65,00543e31,register-indirect,00543260,C:\Projects\Wizardry 8\Local Code\Combat Attack.cpp,4706,pTarget,
wiz8--gog-base--wiz8--18a74ff61c65,00543eae,register-indirect,00543260,C:\Projects\Wizardry 8\Local Code\Combat Attack.cpp,4706,pTarget,
wiz8--gog-base--wiz8--18a74ff61c65,00543ee7,register-indirect,00543260,C:\Projects\Wizardry 8\Local Code\Combat Attack.cpp,4723,iListIndex != BAD_INDEX,
wiz8--gog-base--wiz8--18a74ff61c65,00543fb0,register-indirect,00543260,C:\Projects\Wizardry 8\Local Code\Combat Attack.cpp,4706,pTarget,
wiz8--gog-base--wiz8--18a74ff61c65,005440a6,register-indirect,00543260,C:\Projects\Wizardry 8\Local Code\Combat Attack.cpp,4706,pTarget,
wiz8--gog-base--wiz8--18a74ff61c65,005440df,register-indirect,00543260,C:\Projects\Wizardry 8\Local Code\Combat Attack.cpp,4723,iListIndex != BAD_INDEX,
wiz8--gog-base--wiz8--18a74ff61c65,00544173,register-indirect,00543260,C:\Projects\Wizardry 8\Local Code\Combat Attack.cpp,4706,pTarget,
wiz8--gog-base--wiz8--18a74ff61c65,005441ef,register-indirect,00543260,C:\Projects\Wizardry 8\Local Code\Combat Attack.cpp,4706,pTarget,
wiz8--gog-base--wiz8--18a74ff61c65,0054437b,direct,00544250,C:\Projects\Wizardry 8\Local Code\Combat Attack.cpp,4775,SourceIsMonster(pSource),
wiz8--gog-base--wiz8--18a74ff61c65,0054476c,direct,00544630,C:\Projects\Wizardry 8\Local Code\Combat Attack.cpp,4952,FALSE,FireMissileSourceToTarget: Unknown target type
wiz8--gog-base--wiz8--18a74ff61c65,005448ad,direct,00544630,C:\Projects\Wizardry 8\Local Code\Combat Attack.cpp,4998,pSource->iMonsterID != -1,
wiz8--gog-base--wiz8--18a74ff61c65,00544ab7,direct,00544630,C:\Projects\Wizardry 8\Local Code\Combat Attack.cpp,5097,pMissileFired,
wiz8--gog-base--wiz8--18a74ff61c65,00544b40,direct,00544630,C:\Projects\Wizardry 8\Local Code\Combat Attack.cpp,5050,FALSE,
wiz8--gog-base--wiz8--18a74ff61c65,005458f4,register-indirect,00545090,C:\Projects\Wizardry 8\Local Code\Combat Attack.cpp,102,uiHand < HAND_COUNT,
wiz8--gog-base--wiz8--18a74ff61c65,00545a70,direct,00545950,C:\Projects\Wizardry 8\Local Code\Combat Attack.cpp,5788,FALSE,
wiz8--gog-base--wiz8--18a74ff61c65,0054623d,direct,00545e50,C:\Projects\Wizardry 8\Local Code\Combat Attack.cpp,6170,FALSE,
wiz8--gog-base--wiz8--18a74ff61c65,0054639a,direct,00545e50,C:\Projects\Wizardry 8\Local Code\Combat Attack.cpp,6191,FALSE,
wiz8--gog-base--wiz8--18a74ff61c65,005464d3,direct,00545e50,C:\Projects\Wizardry 8\Local Code\Combat Attack.cpp,6205,FALSE,
wiz8--gog-base--wiz8--18a74ff61c65,005466ff,direct,00545e50,C:\Projects\Wizardry 8\Local Code\Combat Attack.cpp,6268,uiSuccessfulCnt > 0,
wiz8--gog-base--wiz8--18a74ff61c65,00546a5d,direct,005468d0,C:\Projects\Wizardry 8\Local Code\Combat Attack.cpp,6546,FALSE,
wiz8--gog-base--wiz8--18a74ff61c65,00546b63,register-indirect,00546b40,C:\Projects\Wizardry 8\Local Code\Combat Attack.cpp,6637,pTarget != NULL,
wiz8--gog-base--wiz8--18a74ff61c65,00546f61,direct,00546df0,C:\Projects\Wizardry 8\Local Code\Combat Hostility.cpp,105,FALSE,MonsterVsCharDisposition: ERROR - Invalid attack mode
wiz8--gog-base--wiz8--18a74ff61c65,0054734f,direct,00547120,C:\Projects\Wizardry 8\Local Code\Combat Hostility.cpp,450,iType < SPELL_COUNT,
wiz8--gog-base--wiz8--18a74ff61c65,005473e7,direct,00547120,C:\Projects\Wizardry 8\Local Code\Combat Hostility.cpp,450,iType < SPELL_COUNT,
wiz8--gog-base--wiz8--18a74ff61c65,00547475,direct,00547120,C:\Projects\Wizardry 8\Local Code\Combat Hostility.cpp,450,iType < SPELL_COUNT,
wiz8--gog-base--wiz8--18a74ff61c65,005474d1,direct,005474b0,C:\Projects\Wizardry 8\Local Code\Combat Hostility.cpp,450,iType < SPELL_COUNT,
wiz8--gog-base--wiz8--18a74ff61c65,00548fa7,direct,00548e60,C:\Projects\Wizardry 8\Local Code\VideoObjectManager.cpp,45,VideoObjectsInitialized(),
wiz8--gog-base--wiz8--18a74ff61c65,0054900a,direct,00548e60,C:\Projects\Wizardry 8\Local Code\VideoObjectManager.cpp,221,VideoObjectsInitialized(),
wiz8--gog-base--wiz8--18a74ff61c65,00549080,direct,00548e60,C:\Projects\Wizardry 8\Local Code\VideoObjectManager.cpp,62,fReturnCode,
wiz8--gog-base--wiz8--18a74ff61c65,005490b6,register-indirect,00548e60,C:\Projects\Wizardry 8\Local Code\VideoObjectManager.cpp,76,VideoObjectsInitialized(),
wiz8--gog-base--wiz8--18a74ff61c65,005490d5,register-indirect,00548e60,C:\Projects\Wizardry 8\Local Code\VideoObjectManager.cpp,212,VideoObjectsInitialized(),
wiz8--gog-base--wiz8--18a74ff61c65,00549129,register-indirect,00548e60,C:\Projects\Wizardry 8\Local Code\VideoObjectManager.cpp,221,VideoObjectsInitialized(),
wiz8--gog-base--wiz8--18a74ff61c65,005491e8,register-indirect,00548e60,C:\Projects\Wizardry 8\Local Code\VideoObjectManager.cpp,221,VideoObjectsInitialized(),
wiz8--gog-base--wiz8--18a74ff61c65,00549228,register-indirect,00548e60,C:\Projects\Wizardry 8\Local Code\VideoObjectManager.cpp,104,fReturnCode,
wiz8--gog-base--wiz8--18a74ff61c65,00549272,register-indirect,00548e60,C:\Projects\Wizardry 8\Local Code\VideoObjectManager.cpp,156,VideoObjectsInitialized(),
wiz8--gog-base--wiz8--18a74ff61c65,005492b4,register-indirect,00548e60,C:\Projects\Wizardry 8\Local Code\VideoObjectManager.cpp,133,fReturnCode,
wiz8--gog-base--wiz8--18a74ff61c65,00549302,register-indirect,00548e60,C:\Projects\Wizardry 8\Local Code\VideoObjectManager.cpp,175,VideoObjectsInitialized(),
wiz8--gog-base--wiz8--18a74ff61c65,005493aa,direct,00548e60,C:\Projects\Wizardry 8\Local Code\VideoObjectManager.cpp,230,VideoObjectsInitialized(),
wiz8--gog-base--wiz8--18a74ff61c65,005493fa,direct,00548e60,C:\Projects\Wizardry 8\Local Code\VideoObjectManager.cpp,242,VideoObjectsInitialized(),
wiz8--gog-base--wiz8--18a74ff61c65,00549444,register-indirect,00548e60,C:\Projects\Wizardry 8\Local Code\VideoObjectManager.cpp,253,VideoObjectsInitialized(),
wiz8--gog-base--wiz8--18a74ff61c65,00549475,register-indirect,00548e60,C:\Projects\Wizardry 8\Local Code\VideoObjectManager.cpp,221,VideoObjectsInitialized(),
wiz8--gog-base--wiz8--18a74ff61c65,005494bf,register-indirect,00548e60,C:\Projects\Wizardry 8\Local Code\VideoObjectManager.cpp,242,VideoObjectsInitialized(),
wiz8--gog-base--wiz8--18a74ff61c65,00549557,direct,005494f0,C:\Projects\Wizardry 8\Local Code\VideoObjectManager.cpp,221,VideoObjectsInitialized(),
wiz8--gog-base--wiz8--18a74ff61c65,005496ba,direct,00549660,C:\Projects\Wizardry 8\Local Code\VideoObjectManager.cpp,221,VideoObjectsInitialized(),
wiz8--gog-base--wiz8--18a74ff61c65,0054975a,direct,00549700,C:\Projects\Wizardry 8\Local Code\VideoObjectManager.cpp,221,VideoObjectsInitialized(),
wiz8--gog-base--wiz8--18a74ff61c65,0054980f,direct,005497c0,C:\Projects\Wizardry 8\Local Code\VideoObjectManager.cpp,413,VideoObjectsInitialized(),
wiz8--gog-base--wiz8--18a74ff61c65,005498c4,register-indirect,005497c0,C:\Projects\Wizardry 8\Local Code\VideoObjectManager.cpp,441,VideoObjectsInitialized(),
wiz8--gog-base--wiz8--18a74ff61c65,0054990b,register-indirect,005497c0,C:\Projects\Wizardry 8\Local Code\VideoObjectManager.cpp,221,VideoObjectsInitialized(),
wiz8--gog-base--wiz8--18a74ff61c65,00549995,direct,00549950,C:\Projects\Wizardry 8\Local Code\VideoObjectManager.cpp,221,VideoObjectsInitialized(),
wiz8--gog-base--wiz8--18a74ff61c65,00549a64,direct,00549950,C:\Projects\Wizardry 8\Local Code\Combat Sound.cpp,104,FileExists(zSoundFileName),
wiz8--gog-base--wiz8--18a74ff61c65,00549cae,register-indirect,00549b00,C:\Projects\Wizardry 8\Local Code\Combat Sound.cpp,227,(iRow == WPNSND_NUM_WEAPONS),Error reading the Attack Sounds portion of HitSounds.txt!
wiz8--gog-base--wiz8--18a74ff61c65,00549da4,register-indirect,00549b00,C:\Projects\Wizardry 8\Local Code\Combat Sound.cpp,254,(iRow >= 0) && (iRow < WPNSND_NUM_IMPACTS),"Error in HITSOUNDS.TXT file, bad row counter value"
wiz8--gog-base--wiz8--18a74ff61c65,00549dc6,register-indirect,00549b00,C:\Projects\Wizardry 8\Local Code\Combat Sound.cpp,255,(iColumn >= 0) && (iColumn < MATSND_NUM_SOUNDS),"Error in HITSOUNDS.TXT file, bad column counter value"
wiz8--gog-base--wiz8--18a74ff61c65,0054a00c,direct,00549e50,C:\Projects\Wizardry 8\Local Code\Combat Sound.cpp,168,FALSE,PCItemInACSlot: ERROR - Invalid AC location
wiz8--gog-base--wiz8--18a74ff61c65,0054a076,direct,00549e50,C:\Projects\Wizardry 8\Local Code\Combat Sound.cpp,415,FALSE,MakePCHitSound : Unknown target type
wiz8--gog-base--wiz8--18a74ff61c65,0054a175,direct,00549e50,C:\Projects\Wizardry 8\Local Code\Combat Sound.cpp,168,FALSE,PCItemInACSlot: ERROR - Invalid AC location
wiz8--gog-base--wiz8--18a74ff61c65,0054a1e0,direct,00549e50,C:\Projects\Wizardry 8\Local Code\Combat Sound.cpp,465,FALSE,MakePCHitSound : Unknown target type
wiz8--gog-base--wiz8--18a74ff61c65,0054a2fb,direct,00549e50,C:\Projects\Wizardry 8\Local Code\Combat Sound.cpp,168,FALSE,PCItemInACSlot: ERROR - Invalid AC location
wiz8--gog-base--wiz8--18a74ff61c65,0054a366,direct,00549e50,C:\Projects\Wizardry 8\Local Code\Combat Sound.cpp,504,FALSE,MakePCHitSound : Unknown target type
wiz8--gog-base--wiz8--18a74ff61c65,0054a8c3,direct,0054a760,C:\Projects\Wizardry 8\Local Code\GameplayDatabase.cpp,320,uiMonsterIndex < gXStatus.uiMonstersInDatabase,
wiz8--gog-base--wiz8--18a74ff61c65,0054a9ca,register-indirect,0054a760,C:\Projects\Wizardry 8\Local Code\GameplayDatabase.cpp,378,uiEndIndex < gXStatus.uiMonstersInDatabase,
wiz8--gog-base--wiz8--18a74ff61c65,0054a9e8,register-indirect,0054a760,C:\Projects\Wizardry 8\Local Code\GameplayDatabase.cpp,379,uiStartIndex <= uiEndIndex,
wiz8--gog-base--wiz8--18a74ff61c65,0054b95c,direct,0054b810,C:\Projects\Wizardry 8\Local Code\Configuration.cpp,217,FALSE,
wiz8--gog-base--wiz8--18a74ff61c65,0054bb51,direct,0054ba00,C:\Projects\Wizardry 8\Local Code\Magic Effects.cpp,3339,FALSE,
wiz8--gog-base--wiz8--18a74ff61c65,0054c067,direct,0054ba00,C:\Projects\Wizardry 8\Local Code\Magic Effects.cpp,450,SourceIsCharacter(&(pQueue->Source)),
wiz8--gog-base--wiz8--18a74ff61c65,0054c11c,register-indirect,0054ba00,C:\Projects\Wizardry 8\Local Code\Magic Effects.cpp,2186,iChar != -1,
wiz8--gog-base--wiz8--18a74ff61c65,0054c1db,direct,0054ba00,C:\Projects\Wizardry 8\Local Code\Magic Effects.cpp,2671,SourceIsCharacter(&(pQueue->Source)),
wiz8--gog-base--wiz8--18a74ff61c65,0054ca86,register-indirect,0054ba00,C:\Projects\Wizardry 8\Local Code\Magic Effects.cpp,700,pMonsterInfo,
wiz8--gog-base--wiz8--18a74ff61c65,0054cc8b,direct,0054cbf0,C:\Projects\Wizardry 8\Local Code\Magic Effects.cpp,793,fFound,
wiz8--gog-base--wiz8--18a74ff61c65,0054cd4b,direct,0054cbf0,C:\Projects\Wizardry 8\Local Code\Magic Effects.cpp,782,pMonsterInfo,
wiz8--gog-base--wiz8--18a74ff61c65,0054ce04,direct,0054cdd0,C:\Projects\Wizardry 8\Local Code\Magic Effects.cpp,809,gXStatus.fCombatMode,
wiz8--gog-base--wiz8--18a74ff61c65,0054ceb7,direct,0054cdd0,C:\Projects\Wizardry 8\Local Code\Magic Effects.cpp,863,fFound,
wiz8--gog-base--wiz8--18a74ff61c65,0054cfa8,direct,0054cdd0,C:\Projects\Wizardry 8\Local Code\Magic Effects.cpp,835,pMonsterInfo,
wiz8--gog-base--wiz8--18a74ff61c65,0054d122,direct,0054cdd0,C:\Projects\Wizardry 8\Local Code\Magic Effects.cpp,900,gXStatus.fCombatMode,
wiz8--gog-base--wiz8--18a74ff61c65,0054d28e,direct,0054cdd0,C:\Projects\Wizardry 8\Local Code\Magic Effects.cpp,936,pMonsterInfo,
wiz8--gog-base--wiz8--18a74ff61c65,0054d3ac,direct,0054d380,C:\Projects\Wizardry 8\Local Code\Magic Effects.cpp,965,gXStatus.fCombatMode,
wiz8--gog-base--wiz8--18a74ff61c65,0054d446,direct,0054d380,C:\Projects\Wizardry 8\Local Code\Magic Effects.cpp,1009,fFound,
wiz8--gog-base--wiz8--18a74ff61c65,0054d4fc,direct,0054d380,C:\Projects\Wizardry 8\Local Code\Magic Effects.cpp,985,pMonsterInfo,
wiz8--gog-base--wiz8--18a74ff61c65,0054d68f,direct,0054d5c0,C:\Projects\Wizardry 8\Local Code\Magic Effects.cpp,1036,iChar != -1,
wiz8--gog-base--wiz8--18a74ff61c65,0054d8cb,direct,0054d5c0,C:\Projects\Wizardry 8\Local Code\Magic Effects.cpp,1086,pMonsterInfo,
wiz8--gog-base--wiz8--18a74ff61c65,0054dcbb,direct,0054dbe0,C:\Projects\Wizardry 8\Local Code\Magic Effects.cpp,1215,iChar != -1,
wiz8--gog-base--wiz8--18a74ff61c65,0054de37,direct,0054dbe0,C:\Projects\Wizardry 8\Local Code\Magic Effects.cpp,1241,pMonsterInfo,
wiz8--gog-base--wiz8--18a74ff61c65,0054df86,direct,0054df00,C:\Projects\Wizardry 8\Local Code\Magic Effects.cpp,1281,iChar != -1,
wiz8--gog-base--wiz8--18a74ff61c65,0054e1f4,direct,0054df00,C:\Projects\Wizardry 8\Local Code\Magic Effects.cpp,1369,pMonsterInfo,
wiz8--gog-base--wiz8--18a74ff61c65,0054e497,direct,0054e3f0,C:\Projects\Wizardry 8\Local Code\Magic Effects.cpp,1458,iChar != -1,
wiz8--gog-base--wiz8--18a74ff61c65,0054e588,direct,0054e3f0,C:\Projects\Wizardry 8\Local Code\Magic Effects.cpp,1481,pMonsterInfo,
wiz8--gog-base--wiz8--18a74ff61c65,0054e688,direct,0054e610,C:\Projects\Wizardry 8\Local Code\Magic Effects.cpp,1518,(pQueue->Target.iType == TARGET_TYPE_CHAR),
wiz8--gog-base--wiz8--18a74ff61c65,0054e9d9,direct,0054e950,C:\Projects\Wizardry 8\Local Code\Magic Effects.cpp,1684,iChar != -1,
wiz8--gog-base--wiz8--18a74ff61c65,0054eb3c,direct,0054e950,C:\Projects\Wizardry 8\Local Code\Magic Effects.cpp,1709,pMonsterInfo,
wiz8--gog-base--wiz8--18a74ff61c65,0054ed0d,direct,0054ec80,C:\Projects\Wizardry 8\Local Code\Magic Effects.cpp,1768,iChar != -1,
wiz8--gog-base--wiz8--18a74ff61c65,0054ee9f,direct,0054ec80,C:\Projects\Wizardry 8\Local Code\Magic Effects.cpp,1797,pMonsterInfo,
wiz8--gog-base--wiz8--18a74ff61c65,0054f131,direct,0054ec80,C:\Projects\Wizardry 8\Local Code\Magic Effects.cpp,1849,pMonsterInfo,
wiz8--gog-base--wiz8--18a74ff61c65,0054f206,direct,0054ec80,C:\Projects\Wizardry 8\Local Code\Magic Effects.cpp,1886,iChar != -1,
wiz8--gog-base--wiz8--18a74ff61c65,0054f33b,direct,0054ec80,C:\Projects\Wizardry 8\Local Code\Magic Effects.cpp,1918,pMonsterInfo,
wiz8--gog-base--wiz8--18a74ff61c65,0054f588,direct,0054f520,C:\Projects\Wizardry 8\Local Code\Magic Effects.cpp,2017,iChar != -1,
wiz8--gog-base--wiz8--18a74ff61c65,0054f6d1,direct,0054f520,C:\Projects\Wizardry 8\Local Code\Magic Effects.cpp,2049,pMonsterInfo,
wiz8--gog-base--wiz8--18a74ff61c65,0054f903,register-indirect,0054f8c0,C:\Projects\Wizardry 8\Local Code\Magic Effects.cpp,2147,iChar != -1,
wiz8--gog-base--wiz8--18a74ff61c65,0054f9c7,register-indirect,0054f8c0,C:\Projects\Wizardry 8\Local Code\Magic Effects.cpp,2162,pMonsterInfo,
wiz8--gog-base--wiz8--18a74ff61c65,0054fb1d,direct,0054fa30,C:\Projects\Wizardry 8\Local Code\Magic Effects.cpp,2250,iChar != -1,
wiz8--gog-base--wiz8--18a74ff61c65,0054fd6b,direct,0054fa30,C:\Projects\Wizardry 8\Local Code\Magic Effects.cpp,2312,pMonsterInfo,
wiz8--gog-base--wiz8--18a74ff61c65,0055031c,direct,005500c0,C:\Projects\Wizardry 8\Local Code\Magic Effects.cpp,2572,pGroup,
wiz8--gog-base--wiz8--18a74ff61c65,005503f5,direct,005500c0,C:\Projects\Wizardry 8\Local Code\Magic Effects.cpp,4060,pMonsterInfo,
wiz8--gog-base--wiz8--18a74ff61c65,0055046a,direct,005500c0,C:\Projects\Wizardry 8\Local Code\Magic Effects.cpp,4060,pMonsterInfo,
wiz8--gog-base--wiz8--18a74ff61c65,00550729,direct,005500c0,C:\Projects\Wizardry 8\Local Code\Magic Effects.cpp,3339,FALSE,
wiz8--gog-base--wiz8--18a74ff61c65,005507fc,direct,005507d0,C:\Projects\Wizardry 8\Local Code\Magic Effects.cpp,2685,SourceIsCharacter(&(pQueue->Source)),
wiz8--gog-base--wiz8--18a74ff61c65,0055092e,register-indirect,005507d0,C:\Projects\Wizardry 8\Local Code\Magic Effects.cpp,2729,SourceIsCharacter(&(pQueue->Source)),
wiz8--gog-base--wiz8--18a74ff61c65,00550955,register-indirect,005507d0,C:\Projects\Wizardry 8\Local Code\Magic Effects.cpp,2730,pQueue->Target.iType == TARGET_TYPE_MONSTER,
wiz8--gog-base--wiz8--18a74ff61c65,00550a30,register-indirect,00550a00,C:\Projects\Wizardry 8\Local Code\Magic Effects.cpp,2766,pQueue->Target.iType == TARGET_TYPE_MONSTER,
wiz8--gog-base--wiz8--18a74ff61c65,00550a4f,register-indirect,00550a00,C:\Projects\Wizardry 8\Local Code\Magic Effects.cpp,2767,pQueue->Target.iMonsterID != -1,
wiz8--gog-base--wiz8--18a74ff61c65,00550c7b,direct,00550c10,C:\Projects\Wizardry 8\Local Code\Magic Effects.cpp,2847,iChar != -1,
wiz8--gog-base--wiz8--18a74ff61c65,00550e03,direct,00550c10,C:\Projects\Wizardry 8\Local Code\Magic Effects.cpp,2874,pMonsterInfo,
wiz8--gog-base--wiz8--18a74ff61c65,00551130,direct,005510b0,C:\Projects\Wizardry 8\Local Code\Magic Effects.cpp,2998,iChar != -1,
wiz8--gog-base--wiz8--18a74ff61c65,00551956,direct,00551500,C:\Projects\Wizardry 8\Local Code\Magic Effects.cpp,3339,FALSE,
wiz8--gog-base--wiz8--18a74ff61c65,00552147,register-indirect,00551eb0,C:\Projects\Wizardry 8\Local Code\Magic Effects.cpp,3791,pTarget->iType == TARGET_TYPE_CHAR,
wiz8--gog-base--wiz8--18a74ff61c65,00552163,register-indirect,00551eb0,C:\Projects\Wizardry 8\Local Code\Magic Effects.cpp,3792,pTarget->iChar != BAD_INDEX,
wiz8--gog-base--wiz8--18a74ff61c65,005527fc,direct,005526f0,C:\Projects\Wizardry 8\Local Code\Magic Effects.cpp,4463,0,
wiz8--gog-base--wiz8--18a74ff61c65,00553092,direct,00552ef0,C:\Projects\Wizardry 8\Local Code\Magic Effects.cpp,4519,pMonsterInfo,
wiz8--gog-base--wiz8--18a74ff61c65,005539cd,direct,00553770,C:\Projects\Wizardry 8\Local Code\Magic Effects.cpp,4746,0,
wiz8--gog-base--wiz8--18a74ff61c65,005547fd,direct,005545f0,C:\Projects\Wizardry 8\Local Code\Formation & Facing.cpp,190,bQuadrantSlot != -1,
wiz8--gog-base--wiz8--18a74ff61c65,005548d6,direct,005545f0,C:\Projects\Wizardry 8\Local Code\Formation & Facing.cpp,225,bQuadrantSlot != -1,
wiz8--gog-base--wiz8--18a74ff61c65,00554a3a,direct,005545f0,C:\Projects\Wizardry 8\Local Code\Formation & Facing.cpp,258,gXStatus.fCombatMode,
wiz8--gog-base--wiz8--18a74ff61c65,00554a7a,direct,005545f0,C:\Projects\Wizardry 8\Local Code\Formation & Facing.cpp,266,gXStatus.fCombatMode,
wiz8--gog-base--wiz8--18a74ff61c65,00554b5a,direct,005545f0,C:\Projects\Wizardry 8\Local Code\Formation & Facing.cpp,370,iChar == -1,
wiz8--gog-base--wiz8--18a74ff61c65,00554ba8,direct,005545f0,C:\Projects\Wizardry 8\Local Code\Formation & Facing.cpp,345,iChar != -1,
wiz8--gog-base--wiz8--18a74ff61c65,00554c18,direct,005545f0,C:\Projects\Wizardry 8\Local Code\Formation & Facing.cpp,398,pFormation->bOccupantChar[bOldQuadrant][bOldSlot] != -1,
wiz8--gog-base--wiz8--18a74ff61c65,00554c3a,direct,005545f0,C:\Projects\Wizardry 8\Local Code\Formation & Facing.cpp,399,pFormation->ubQuadrantOccupants[bOldQuadrant] > 0,
wiz8--gog-base--wiz8--18a74ff61c65,00554c86,direct,005545f0,C:\Projects\Wizardry 8\Local Code\Formation & Facing.cpp,413,pFormation->bOccupantChar[bNewQuadrant][bNewSlot] == -1,
wiz8--gog-base--wiz8--18a74ff61c65,00554ca7,direct,005545f0,C:\Projects\Wizardry 8\Local Code\Formation & Facing.cpp,414,pFormation->ubQuadrantOccupants[bNewQuadrant] < MAX_CHARS_PER_QUADRANT,
wiz8--gog-base--wiz8--18a74ff61c65,00554f1a,direct,005545f0,C:\Projects\Wizardry 8\Local Code\Formation & Facing.cpp,370,iChar == -1,
wiz8--gog-base--wiz8--18a74ff61c65,00554f72,direct,005545f0,C:\Projects\Wizardry 8\Local Code\Formation & Facing.cpp,345,iChar != -1,
wiz8--gog-base--wiz8--18a74ff61c65,00554fff,direct,005545f0,C:\Projects\Wizardry 8\Local Code\Formation & Facing.cpp,370,iChar == -1,
wiz8--gog-base--wiz8--18a74ff61c65,00555055,direct,005545f0,C:\Projects\Wizardry 8\Local Code\Formation & Facing.cpp,345,iChar != -1,
wiz8--gog-base--wiz8--18a74ff61c65,005550c2,direct,005545f0,C:\Projects\Wizardry 8\Local Code\Formation & Facing.cpp,370,iChar == -1,
wiz8--gog-base--wiz8--18a74ff61c65,0055510d,direct,005545f0,C:\Projects\Wizardry 8\Local Code\Formation & Facing.cpp,345,iChar != -1,
wiz8--gog-base--wiz8--18a74ff61c65,00555197,direct,00555160,C:\Projects\Wizardry 8\Local Code\Formation & Facing.cpp,662,uiChar1 != uiChar2,
wiz8--gog-base--wiz8--18a74ff61c65,00555251,direct,00555160,C:\Projects\Wizardry 8\Local Code\Formation & Facing.cpp,370,iChar == -1,
wiz8--gog-base--wiz8--18a74ff61c65,0055529c,direct,00555160,C:\Projects\Wizardry 8\Local Code\Formation & Facing.cpp,345,iChar != -1,
wiz8--gog-base--wiz8--18a74ff61c65,00555594,direct,0055557a,C:\Projects\Wizardry 8\Local Code\Formation & Facing.cpp,826,pTarget->iChar != BAD_INDEX,
wiz8--gog-base--wiz8--18a74ff61c65,005555ef,register-indirect,0055557a,C:\Projects\Wizardry 8\Local Code\Formation & Facing.cpp,831,pTarget->iMonsterID != BAD_INDEX,
wiz8--gog-base--wiz8--18a74ff61c65,005556a6,register-indirect,0055557a,C:\Projects\Wizardry 8\Local Code\Formation & Facing.cpp,1110,FALSE,
wiz8--gog-base--wiz8--18a74ff61c65,0055577e,direct,0055557a,C:\Projects\Wizardry 8\Local Code\Formation & Facing.cpp,1110,FALSE,
wiz8--gog-base--wiz8--18a74ff61c65,00555901,direct,00555820,C:\Projects\Wizardry 8\Local Code\Formation & Facing.cpp,1110,FALSE,
wiz8--gog-base--wiz8--18a74ff61c65,00555a39,direct,00555960,C:\Projects\Wizardry 8\Local Code\Formation & Facing.cpp,1110,FALSE,
wiz8--gog-base--wiz8--18a74ff61c65,00555d41,direct,00555c60,C:\Projects\Wizardry 8\Local Code\Formation & Facing.cpp,1110,FALSE,
wiz8--gog-base--wiz8--18a74ff61c65,00555eae,register-indirect,00555c60,C:\Projects\Wizardry 8\Local Code\Formation & Facing.cpp,1037,bSourceQuadrant != -1,
wiz8--gog-base--wiz8--18a74ff61c65,00556264,direct,005560a0,C:\Projects\Wizardry 8\Local Code\GroupAttacks.cpp,220,iTargetChar != BAD_INDEX,
wiz8--gog-base--wiz8--18a74ff61c65,00556615,direct,005560a0,C:\Projects\Wizardry 8\Local Code\GroupAttacks.cpp,361,iTargetMonsterID != BAD_INDEX,
wiz8--gog-base--wiz8--18a74ff61c65,00556b99,direct,005560a0,C:\Projects\Wizardry 8\Local Code\GroupAttacks.cpp,600,pGroup,
wiz8--gog-base--wiz8--18a74ff61c65,00557a10,direct,00557890,C:\Projects\Wizardry 8\Local Code\CharGeneration.cpp,896,iModifier < 0,
wiz8--gog-base--wiz8--18a74ff61c65,00557bef,direct,00557b20,C:\Projects\Wizardry 8\Local Code\CharGeneration.cpp,1096,iModifier < 0,
wiz8--gog-base--wiz8--18a74ff61c65,005587e9,direct,005586b0,C:\Projects\Wizardry 8\Local Code\ButtonSound.cpp,93,giSchemeStackTop < SCHEME_STACK_SIZE,
wiz8--gog-base--wiz8--18a74ff61c65,00559357,register-indirect,005592d0,C:\Projects\Wizardry 8\Local Code\Party Import.cpp,1122,FALSE,ConvertAttribute: ERROR - Invalid attribute
wiz8--gog-base--wiz8--18a74ff61c65,005593b4,register-indirect,005592d0,C:\Projects\Wizardry 8\Local Code\Party Import.cpp,1122,FALSE,ConvertAttribute: ERROR - Invalid attribute
wiz8--gog-base--wiz8--18a74ff61c65,00559ccf,register-indirect,00559650,C:\Projects\Wizardry 8\Local Code\Party Import.cpp,1203,FALSE,ConvertSkill: ERROR - Invalid skill
wiz8--gog-base--wiz8--18a74ff61c65,0055bee5,register-indirect,0055be80,C:\Projects\Wizardry 8\Local Code\chunk.cpp,496,pHead,
wiz8--gog-base--wiz8--18a74ff61c65,0055c059,direct,0055c000,C:\Projects\Wizardry 8\Local Code\chunk.cpp,496,pHead,
wiz8--gog-base--wiz8--18a74ff61c65,0055c0d9,direct,0055c080,C:\Projects\Wizardry 8\Local Code\chunk.cpp,496,pHead,
wiz8--gog-base--wiz8--18a74ff61c65,0055c175,direct,0055c100,C:\Projects\Wizardry 8\Local Code\chunk.cpp,669,m_fWriting,
wiz8--gog-base--wiz8--18a74ff61c65,0055c216,register-indirect,0055c1e0,C:\Projects\Wizardry 8\Local Code\chunk.cpp,516,pHead,
wiz8--gog-base--wiz8--18a74ff61c65,0055c3b2,direct,0055c390,C:\Projects\Wizardry 8\Local Code\chunk.cpp,310,pHead,
wiz8--gog-base--wiz8--18a74ff61c65,0055c44a,register-indirect,0055c3f0,C:\Projects\Wizardry 8\Local Code\chunk.cpp,389,pHead,
wiz8--gog-base--wiz8--18a74ff61c65,0055c4a6,register-indirect,0055c3f0,C:\Projects\Wizardry 8\Local Code\chunk.cpp,669,m_fWriting,
wiz8--gog-base--wiz8--18a74ff61c65,0055c4e9,register-indirect,0055c3f0,C:\Projects\Wizardry 8\Local Code\chunk.cpp,669,m_fWriting,
wiz8--gog-base--wiz8--18a74ff61c65,0055c60d,direct,0055c5a0,C:\Projects\Wizardry 8\Local Code\chunk.cpp,669,m_fWriting,
wiz8--gog-base--wiz8--18a74ff61c65,0055c67f,direct,0055c5a0,C:\Projects\Wizardry 8\Local Code\chunk.cpp,496,pHead,
wiz8--gog-base--wiz8--18a74ff61c65,0055c6af,direct,0055c5a0,C:\Projects\Wizardry 8\Local Code\chunk.cpp,516,pHead,
wiz8--gog-base--wiz8--18a74ff61c65,0055c715,register-indirect,0055c6d0,C:\Projects\Wizardry 8\Local Code\chunk.cpp,553,pHead,
wiz8--gog-base--wiz8--18a74ff61c65,0055c73d,register-indirect,0055c6d0,C:\Projects\Wizardry 8\Local Code\chunk.cpp,557,chunkID!=0,
wiz8--gog-base--wiz8--18a74ff61c65,0055c76c,register-indirect,0055c6d0,C:\Projects\Wizardry 8\Local Code\chunk.cpp,669,m_fWriting,
wiz8--gog-base--wiz8--18a74ff61c65,0055c79c,register-indirect,0055c6d0,C:\Projects\Wizardry 8\Local Code\chunk.cpp,669,m_fWriting,
wiz8--gog-base--wiz8--18a74ff61c65,0055c7cc,register-indirect,0055c6d0,C:\Projects\Wizardry 8\Local Code\chunk.cpp,669,m_fWriting,
wiz8--gog-base--wiz8--18a74ff61c65,0055c7ff,register-indirect,0055c6d0,C:\Projects\Wizardry 8\Local Code\chunk.cpp,669,m_fWriting,
wiz8--gog-base--wiz8--18a74ff61c65,0055c847,register-indirect,0055c6d0,C:\Projects\Wizardry 8\Local Code\chunk.cpp,640,!m_fWriting,
wiz8--gog-base--wiz8--18a74ff61c65,0055c87a,register-indirect,0055c6d0,C:\Projects\Wizardry 8\Local Code\chunk.cpp,640,!m_fWriting,
wiz8--gog-base--wiz8--18a74ff61c65,0055c8ad,register-indirect,0055c6d0,C:\Projects\Wizardry 8\Local Code\chunk.cpp,640,!m_fWriting,
wiz8--gog-base--wiz8--18a74ff61c65,0055c9b2,direct,0055c930,C:\Projects\Wizardry 8\Local Code\chunk.cpp,669,m_fWriting,
wiz8--gog-base--wiz8--18a74ff61c65,0055ca3c,direct,0055c930,C:\Projects\Wizardry 8\Local Code\chunk.cpp,640,!m_fWriting,
wiz8--gog-base--wiz8--18a74ff61c65,0055ca9c,direct,0055c930,C:\Projects\Wizardry 8\Local Code\chunk.cpp,669,m_fWriting,
wiz8--gog-base--wiz8--18a74ff61c65,0055cb7f,direct,0055c930,C:\Projects\Wizardry 8\Local Code\chunk.cpp,771,pHead,
wiz8--gog-base--wiz8--18a74ff61c65,0055d84a,direct,0055d800,C:\Projects\Wizardry 8\Local Code\InputMapper.cpp,478,hFile,
wiz8--gog-base--wiz8--18a74ff61c65,0055f09c,direct,0055ebb0,C:\Projects\Wizardry 8\Local Screens\Screens.cpp,397,gXStatus.iCurrentCursor != -1,
wiz8--gog-base--wiz8--18a74ff61c65,00560637,direct,0055f800,C:\Projects\Wizardry 8\Local Screens\MainGameScreen.cpp,4167,iNextChar != BAD_INDEX,
wiz8--gog-base--wiz8--18a74ff61c65,00567ad8,direct,00567800,C:\Projects\Wizardry 8\Local Screens\MainGameScreen.cpp,5851,gStatus.iSelectedCharacter != -1,
wiz8--gog-base--wiz8--18a74ff61c65,0056b164,direct,0056a5d0,C:\Projects\Wizardry 8\Local Screens\MainGameScreen.cpp,8317,FALSE,Error with handling main game action keyboard equivalent
wiz8--gog-base--wiz8--18a74ff61c65,0056b1c4,direct,0056a5d0,C:\Projects\Wizardry 8\Local Screens\MainGameScreen.cpp,8362,iActionState != -1,Error with handling main game action keyboard equivalent
wiz8--gog-base--wiz8--18a74ff61c65,0056b44f,direct,0056a5d0,C:\Projects\Wizardry 8\Local Screens\MainGameScreen.cpp,8529,FALSE,Error executing main game screen action
wiz8--gog-base--wiz8--18a74ff61c65,00579a22,direct,005792b2,C:\Projects\Wizardry 8\Local Screens\mipe.cpp,1765,pMonsterInfo && pMonsterInfo->p3D,
wiz8--gog-base--wiz8--18a74ff61c65,00579ad5,register-indirect,005792b2,C:\Projects\Wizardry 8\Local Screens\mipe.cpp,1797,pMonsterInfo,
wiz8--gog-base--wiz8--18a74ff61c65,00579af1,register-indirect,005792b2,C:\Projects\Wizardry 8\Local Screens\mipe.cpp,1799,pMonster,
wiz8--gog-base--wiz8--18a74ff61c65,0057aac3,direct,0057a800,C:\Projects\Wizardry 8\Local Screens\mipe.cpp,2596,pMongen,mipe.cpp: Out of memory creating monster generator
wiz8--gog-base--wiz8--18a74ff61c65,0057d843,direct,0057d5be,C:\Projects\Wizardry 8\Local Screens\mipe.cpp,3749,pTempMonsterDB,
wiz8--gog-base--wiz8--18a74ff61c65,0057d891,direct,0057d5be,C:\Projects\Wizardry 8\Local Screens\mipe.cpp,3755,pMonRec,
wiz8--gog-base--wiz8--18a74ff61c65,0057de84,direct,0057d5be,C:\Projects\Wizardry 8\Local Screens\mipe.cpp,4330,pMonsterInfo,
wiz8--gog-base--wiz8--18a74ff61c65,0057df58,direct,0057d5be,C:\Projects\Wizardry 8\Local Screens\mipe.cpp,4366,pMonsterInfo,
wiz8--gog-base--wiz8--18a74ff61c65,00581808,direct,00581460,C:\Projects\Wizardry 8\Local Screens\AutomapScreen.cpp,2229,gpAMSV,
wiz8--gog-base--wiz8--18a74ff61c65,00583bfb,direct,005839d0,C:\Projects\Wizardry 8\Local Screens\AutomapScreen.cpp,3333,gpstAutomapButtons,
wiz8--gog-base--wiz8--18a74ff61c65,0058ac6b,direct,0058a8c0,C:\Projects\Wizardry 8\Local Screens\MGSTextBox.cpp,348,uiFontPaletteIndex <= FONT_PALETTE_COUNT,
wiz8--gog-base--wiz8--18a74ff61c65,0058b396,direct,0058af60,C:\Projects\Wizardry 8\Local Screens\MGSTextBox.cpp,547,pTextLine->wString != NULL,
wiz8--gog-base--wiz8--18a74ff61c65,0058b431,direct,0058af60,C:\Projects\Wizardry 8\Local Screens\MGSTextBox.cpp,583,ubStopChar >= ubStartChar,
wiz8--gog-base--wiz8--18a74ff61c65,0058b4b6,direct,0058af60,C:\Projects\Wizardry 8\Local Screens\MGSTextBox.cpp,609,gStatus.uiTextBoxLinesUsed[iTextBuffer] > 0,
wiz8--gog-base--wiz8--18a74ff61c65,0058b4f9,direct,0058af60,C:\Projects\Wizardry 8\Local Screens\MGSTextBox.cpp,611,pTextLine->wString != NULL,
wiz8--gog-base--wiz8--18a74ff61c65,0058b54c,direct,0058af60,C:\Projects\Wizardry 8\Local Screens\MGSTextBox.cpp,631,gStatus.uiTextBoxLinesUsed[iTextBuffer] >= 2,
wiz8--gog-base--wiz8--18a74ff61c65,0058b624,direct,0058af60,C:\Projects\Wizardry 8\Local Screens\MGSTextBox.cpp,677,gStatus.uiTextBoxLinesShown[iTextBuffer] < MAX_TEXT_BOX_LINES,
wiz8--gog-base--wiz8--18a74ff61c65,0058c685,direct,0058c060,C:\Projects\Wizardry 8\Local Screens\MGSTextBox.cpp,1085,pTextLine->wString != NULL,
wiz8--gog-base--wiz8--18a74ff61c65,0058d2dd,direct,0058cc10,C:\Projects\Wizardry 8\Local Screens\MGSTextBox.cpp,1412,pTextLine->wString != NULL,
wiz8--gog-base--wiz8--18a74ff61c65,0058d4e7,direct,0058cc10,C:\Projects\Wizardry 8\Local Screens\MGSTextBox.cpp,1498,pTextLine->ubStopChar >= pTextLine->ubStartChar,
wiz8--gog-base--wiz8--18a74ff61c65,0058d5f5,direct,0058cc10,C:\Projects\Wizardry 8\Local Screens\MGSTextBox.cpp,1519,wcslen(pTextLine->wString) >= pTextLine->ubStopChar,
wiz8--gog-base--wiz8--18a74ff61c65,005906c7,direct,005905f0,C:\Projects\Wizardry 8\Local Screens\MGSTextBox.cpp,3986,gStatus.uiTextBoxLinesUsed[iTextBuffer] > 0,
wiz8--gog-base--wiz8--18a74ff61c65,00590709,direct,005905f0,C:\Projects\Wizardry 8\Local Screens\MGSTextBox.cpp,3988,pTextLine->wString != NULL,
wiz8--gog-base--wiz8--18a74ff61c65,00590839,direct,005905f0,C:\Projects\Wizardry 8\Local Screens\MGSTextBox.cpp,4009,gStatus.uiTextBoxLinesShown[iTextBuffer] > 0,
wiz8--gog-base--wiz8--18a74ff61c65,005908be,direct,005905f0,C:\Projects\Wizardry 8\Local Screens\MGSTextBox.cpp,4029,pTextLine->wString != NULL,
wiz8--gog-base--wiz8--18a74ff61c65,00590c5e,direct,005905f0,C:\Projects\Wizardry 8\Local Screens\MGSTextBox.cpp,4254,gStatus.uiTextBoxLinesUsed[iTextBuffer] > 0,
wiz8--gog-base--wiz8--18a74ff61c65,00590ca2,direct,005905f0,C:\Projects\Wizardry 8\Local Screens\MGSTextBox.cpp,4262,uiLastLineIndex >= uiGroupLine,
wiz8--gog-base--wiz8--18a74ff61c65,00590cec,direct,005905f0,C:\Projects\Wizardry 8\Local Screens\MGSTextBox.cpp,4269,pTextLine->wString != NULL,
wiz8--gog-base--wiz8--18a74ff61c65,00591343,register-indirect,005905f0,C:\Projects\Wizardry 8\Local Screens\PleaseWaitScreen.cpp,279,fVerify,
wiz8--gog-base--wiz8--18a74ff61c65,00591391,register-indirect,005905f0,C:\Projects\Wizardry 8\Local Screens\PleaseWaitScreen.cpp,293,fVerify,
wiz8--gog-base--wiz8--18a74ff61c65,005913c1,register-indirect,005905f0,C:\Projects\Wizardry 8\Local Screens\PleaseWaitScreen.cpp,296,fVerify,
wiz8--gog-base--wiz8--18a74ff61c65,0059149c,register-indirect,005905f0,C:\Projects\Wizardry 8\Local Screens\PleaseWaitScreen.cpp,320,fVerify,
wiz8--gog-base--wiz8--18a74ff61c65,005914d1,register-indirect,005905f0,C:\Projects\Wizardry 8\Local Screens\PleaseWaitScreen.cpp,332,GetWorld(),
wiz8--gog-base--wiz8--18a74ff61c65,005963fa,direct,00595fe0,C:\Projects\Wizardry 8\Local Screens\MGSButtons.cpp,1615,gpSubMenuPanel,
wiz8--gog-base--wiz8--18a74ff61c65,0059b9c5,direct,0059b940,C:\Projects\Wizardry 8\Local Screens\MGSPortraits.cpp,2272,gpLevelButtonsPanel,
wiz8--gog-base--wiz8--18a74ff61c65,0059ba70,direct,0059b940,C:\Projects\Wizardry 8\Local Screens\MGSPortraits.cpp,2295,gpLevelButtons[uiSlot],
wiz8--gog-base--wiz8--18a74ff61c65,0059bcd6,direct,0059bc10,C:\Projects\Wizardry 8\Local Screens\MGSPortraits.cpp,2440,fCHAR_OCCUPIED(giLevelUpChar),
wiz8--gog-base--wiz8--18a74ff61c65,0059be35,direct,0059bdb0,C:\Projects\Wizardry 8\Local Screens\MGSPortraits.cpp,2523,gpConditionButtonsPanel,
wiz8--gog-base--wiz8--18a74ff61c65,0059beee,direct,0059bdb0,C:\Projects\Wizardry 8\Local Screens\MGSPortraits.cpp,2540,gpConditionButtons[uiSlot],
wiz8--gog-base--wiz8--18a74ff61c65,0059bfda,direct,0059bf70,C:\Projects\Wizardry 8\Local Screens\MGSPortraits.cpp,2572,gConfig.uiCurrentLayout != LAYOUT_NORMAL,
wiz8--gog-base--wiz8--18a74ff61c65,0059cd20,register-indirect,0059cc40,C:\Projects\Wizardry 8\Local Screens\MGSUseItemSelect.cpp,496,!gXStatus.fCombatMode,
wiz8--gog-base--wiz8--18a74ff61c65,0059cd89,register-indirect,0059cc40,C:\Projects\Wizardry 8\Local Screens\MGSUseItemSelect.cpp,510,giReuseItemLineNumber != -1,
wiz8--gog-base--wiz8--18a74ff61c65,0059ce2b,register-indirect,0059cc40,C:\Projects\Wizardry 8\Local Screens\MGSUseItemSelect.cpp,534,!gXStatus.fCombatMode,
wiz8--gog-base--wiz8--18a74ff61c65,0059ce89,register-indirect,0059cc40,C:\Projects\Wizardry 8\Local Screens\MGSUseItemSelect.cpp,545,giReuseItemLineNumber != -1,
wiz8--gog-base--wiz8--18a74ff61c65,0059dde1,register-indirect,0059ddc0,C:\Projects\Wizardry 8\Local Screens\MGSUseItemSelect.cpp,1565,iTextLine >= 0,
wiz8--gog-base--wiz8--18a74ff61c65,0059ddff,register-indirect,0059ddc0,C:\Projects\Wizardry 8\Local Screens\MGSUseItemSelect.cpp,1566,iTextLine < (INT32) guiNumItemsInList,
wiz8--gog-base--wiz8--18a74ff61c65,0059e12b,direct,0059dfa0,C:\Projects\Wizardry 8\Local Screens\MGSUseItemSelect.cpp,1729,giUseItemChar != BAD_INDEX,
wiz8--gog-base--wiz8--18a74ff61c65,0059f910,register-indirect,0059f660,C:\Projects\Wizardry 8\Local Screens\MGSSpellCasting.cpp,824,gpSCSV->uiSpellToCast != SPELL_NONE,
wiz8--gog-base--wiz8--18a74ff61c65,0059f9f0,direct,0059f660,C:\Projects\Wizardry 8\Local Screens\MGSSpellCasting.cpp,771,gpSCSV->uiSpellToCast != SPELL_NONE,
wiz8--gog-base--wiz8--18a74ff61c65,0059ffce,register-indirect,0059fad0,C:\Projects\Wizardry 8\Local Screens\MGSSpellCasting.cpp,991,uiSpellIndex <= gpSCSV->uiSpellsInList,
wiz8--gog-base--wiz8--18a74ff61c65,005a0014,register-indirect,0059fad0,C:\Projects\Wizardry 8\Local Screens\MGSSpellCasting.cpp,1009,bAltColor != -1,
wiz8--gog-base--wiz8--18a74ff61c65,005a009e,register-indirect,005a0040,C:\Projects\Wizardry 8\Local Screens\MGSSpellCasting.cpp,1030,iSpellIndex >= 0,
wiz8--gog-base--wiz8--18a74ff61c65,005a00c2,register-indirect,005a0040,C:\Projects\Wizardry 8\Local Screens\MGSSpellCasting.cpp,1031,iSpellIndex <= (INT32) gpSCSV->uiSpellsInList,
wiz8--gog-base--wiz8--18a74ff61c65,005a11ef,direct,005a0270,C:\Projects\Wizardry 8\Local Screens\MGSSpellCasting.cpp,2100,iSpellPowerClass != BAD_INDEX,
wiz8--gog-base--wiz8--18a74ff61c65,005a19d6,register-indirect,005a1640,C:\Projects\Wizardry 8\Local Screens\MGSPartyMovement.cpp,246,gXStatus.fCombatMode,
wiz8--gog-base--wiz8--18a74ff61c65,005a1a0e,register-indirect,005a1640,C:\Projects\Wizardry 8\Local Screens\MGSPartyMovement.cpp,251,((gpCombat->uiCurrentPartyAction != PARTY_ACTION_NONE) && (gpCombat->uiCurrentPartyActionStatus != ACTION_STATUS_FINISHED)) || (gpCombat->uiNextPartyAction != PARTY_ACTION_NONE),
wiz8--gog-base--wiz8--18a74ff61c65,005a1f98,direct,005a1640,C:\Projects\Wizardry 8\Local Screens\MGSPartyMovement.cpp,681,FALSE,HandlePartyMovement: ERROR - Invalid load category
wiz8--gog-base--wiz8--18a74ff61c65,005a38e4,direct,005a3060,C:\Projects\Wizardry 8\Local Screens\ReviewCharacterScreen.cpp,367,fFoundEquipChar,
wiz8--gog-base--wiz8--18a74ff61c65,005a4ca8,register-indirect,005a4c70,C:\Projects\Wizardry 8\Local Screens\ReviewCharacterScreen.cpp,1253,pPCItem != NULL,
wiz8--gog-base--wiz8--18a74ff61c65,005a4cc7,register-indirect,005a4c70,C:\Projects\Wizardry 8\Local Screens\ReviewCharacterScreen.cpp,1254,uiSlotType < SLOT_TYPE_COUNT,
wiz8--gog-base--wiz8--18a74ff61c65,005a8f14,direct,005a8ed0,C:\Projects\Wizardry 8\Local Screens\OptionsScreen.cpp,1481,m_pMenuSet,
wiz8--gog-base--wiz8--18a74ff61c65,005ae675,direct,005ae040,C:\Projects\Wizardry 8\Local Screens\IntroScreen.cpp,98,gpVideo,
wiz8--gog-base--wiz8--18a74ff61c65,005aee2a,direct,005aec70,C:\Projects\Wizardry 8\Local Screens\MGSSpellIcons.cpp,348,pText,
wiz8--gog-base--wiz8--18a74ff61c65,005af39a,direct,005aefc0,C:\Projects\Wizardry 8\Local Screens\MGSSpellIcons.cpp,737,pText,
wiz8--gog-base--wiz8--18a74ff61c65,005af4b0,direct,005aefc0,C:\Projects\Wizardry 8\Local Screens\MGSSpellIcons.cpp,781,pText,
wiz8--gog-base--wiz8--18a74ff61c65,005b4885,register-indirect,005b34a0,C:\Projects\Wizardry 8\Local Screens\RCSCommon.cpp,883,gpReviewPC->uiHPMax,
wiz8--gog-base--wiz8--18a74ff61c65,005b48c3,register-indirect,005b34a0,C:\Projects\Wizardry 8\Local Screens\RCSCommon.cpp,887,gpReviewPC->uiStaminaMax,
wiz8--gog-base--wiz8--18a74ff61c65,005b648c,register-indirect,005b6400,C:\Projects\Wizardry 8\Local Screens\RCSCommon.cpp,2126,gpLevelUpPanel,
wiz8--gog-base--wiz8--18a74ff61c65,005b64ff,register-indirect,005b6400,C:\Projects\Wizardry 8\Local Screens\RCSCommon.cpp,2130,gpLevelUpButton,
wiz8--gog-base--wiz8--18a74ff61c65,005b665c,direct,005b6540,C:\Projects\Wizardry 8\Local Screens\RCSCommon.cpp,2184,fCHAR_OCCUPIED(giReviewCharSlot),
wiz8--gog-base--wiz8--18a74ff61c65,005b67cc,register-indirect,005b6740,C:\Projects\Wizardry 8\Local Screens\RCSCommon.cpp,2255,gpDismissPanel,
wiz8--gog-base--wiz8--18a74ff61c65,005b683f,register-indirect,005b6740,C:\Projects\Wizardry 8\Local Screens\RCSCommon.cpp,2259,gpDismissButton,
wiz8--gog-base--wiz8--18a74ff61c65,005b697b,direct,005b6880,C:\Projects\Wizardry 8\Local Screens\RCSCommon.cpp,2314,fCHAR_OCCUPIED(giReviewCharSlot),
wiz8--gog-base--wiz8--18a74ff61c65,005b6d4f,direct,005b6880,C:\Projects\Wizardry 8\Local Screens\RCSCommon.cpp,2476,gStatus.XChar[uiSlot].fOccupied,
wiz8--gog-base--wiz8--18a74ff61c65,005b9ff9,direct,005b9fd0,C:\Projects\Wizardry 8\Local Screens\RCSItemsPage.cpp,1348,FALSE,Info toggle error
wiz8--gog-base--wiz8--18a74ff61c65,005ba764,register-indirect,005ba2b0,C:\Projects\Wizardry 8\Local Screens\RCSItemsPage.cpp,1640,giCasterCharSlot >= 0,
wiz8--gog-base--wiz8--18a74ff61c65,005ba784,register-indirect,005ba2b0,C:\Projects\Wizardry 8\Local Screens\RCSItemsPage.cpp,1641,giCasterCharSlot < MAX_CHARS,
wiz8--gog-base--wiz8--18a74ff61c65,005ba7b4,register-indirect,005ba2b0,C:\Projects\Wizardry 8\Local Screens\RCSItemsPage.cpp,1642,fCHAR_OCCUPIED(giCasterCharSlot),
wiz8--gog-base--wiz8--18a74ff61c65,005ba905,register-indirect,005ba8e0,C:\Projects\Wizardry 8\Local Screens\RCSItemsPage.cpp,1682,uiTargetChar < MAX_CHARS,
wiz8--gog-base--wiz8--18a74ff61c65,005ba931,register-indirect,005ba8e0,C:\Projects\Wizardry 8\Local Screens\RCSItemsPage.cpp,1683,fCHAR_OCCUPIED(uiTargetChar),
wiz8--gog-base--wiz8--18a74ff61c65,005ba950,register-indirect,005ba8e0,C:\Projects\Wizardry 8\Local Screens\RCSItemsPage.cpp,1684,giCasterCharSlot >= 0,
wiz8--gog-base--wiz8--18a74ff61c65,005ba970,register-indirect,005ba8e0,C:\Projects\Wizardry 8\Local Screens\RCSItemsPage.cpp,1685,giCasterCharSlot < MAX_CHARS,
wiz8--gog-base--wiz8--18a74ff61c65,005ba9a1,register-indirect,005ba8e0,C:\Projects\Wizardry 8\Local Screens\RCSItemsPage.cpp,1686,fCHAR_OCCUPIED(giCasterCharSlot),
wiz8--gog-base--wiz8--18a74ff61c65,005bad91,direct,005baa10,C:\Projects\Wizardry 8\Local Screens\RCSItemsPage.cpp,1891,pItem,
wiz8--gog-base--wiz8--18a74ff61c65,005bbdb5,direct,005baa10,C:\Projects\Wizardry 8\Local Screens\RCSItemsPage.cpp,2682,ubSpell != SPELL_NONE,
wiz8--gog-base--wiz8--18a74ff61c65,005bc98d,direct,005bc810,C:\Projects\Wizardry 8\Local Screens\MainMenuScreen.cpp,135,gXStatus.uiMonstersInDatabase <= MAX_MONSTERS_IN_DATABASE,
wiz8--gog-base--wiz8--18a74ff61c65,005c435c,direct,005c4340,C:\Projects\Wizardry 8\Local Screens\mipeEdit.cpp,522,bVarSet < NUM_VAR_SETS,
wiz8--gog-base--wiz8--18a74ff61c65,005c87d4,direct,005c8730,C:\Projects\Wizardry 8\Local Screens\CGSSpellsPage.cpp,594,m_SpellData[uiSelected].fSelectable,
wiz8--gog-base--wiz8--18a74ff61c65,005c9374,direct,005c91c0,C:\Projects\Wizardry 8\Local Screens\CGSStatsPage.cpp,470,usItemsInList,
wiz8--gog-base--wiz8--18a74ff61c65,005ccea5,direct,005cc690,C:\Projects\Wizardry 8\Dialog Code\stListBox.cpp,757,pDialog,
wiz8--gog-base--wiz8--18a74ff61c65,005ccf57,direct,005ccf30,C:\Projects\Wizardry 8\Dialog Code\stListBox.cpp,773,pDialog,
wiz8--gog-base--wiz8--18a74ff61c65,005cd007,direct,005ccfe0,C:\Projects\Wizardry 8\Dialog Code\stListBox.cpp,810,pDialog,
wiz8--gog-base--wiz8--18a74ff61c65,005cd0b7,direct,005cd090,C:\Projects\Wizardry 8\Dialog Code\stListBox.cpp,844,pDialog,
wiz8--gog-base--wiz8--18a74ff61c65,005cd157,direct,005cd130,C:\Projects\Wizardry 8\Dialog Code\stListBox.cpp,879,pDialog,
wiz8--gog-base--wiz8--18a74ff61c65,005cd216,direct,005cd130,C:\Projects\Wizardry 8\Dialog Code\stListBox.cpp,920,pDialog,
wiz8--gog-base--wiz8--18a74ff61c65,005cf536,direct,005cf520,C:\Projects\Wizardry 8\Dialog Code\DialogInterface.cpp,102,pDialog,
wiz8--gog-base--wiz8--18a74ff61c65,005cf566,direct,005cf550,C:\Projects\Wizardry 8\Dialog Code\DialogInterface.cpp,116,pDialog,
wiz8--gog-base--wiz8--18a74ff61c65,005cf599,direct,005cf580,C:\Projects\Wizardry 8\Dialog Code\DialogInterface.cpp,152,pCDialog,
wiz8--gog-base--wiz8--18a74ff61c65,005d281e,direct,005d2800,C:\Projects\Wizardry 8\Dialog Code\stMessageDialog.cpp,131,pMessage,
wiz8--gog-base--wiz8--18a74ff61c65,005d2ac2,direct,005d2800,C:\Projects\Wizardry 8\Dialog Code\stMessageDialog.cpp,213,pRemainingText,
wiz8--gog-base--wiz8--18a74ff61c65,005d32e7,direct,005d32c0,C:\Projects\Wizardry 8\Dialog Code\stMessageDialog.cpp,615,pDialog,
wiz8--gog-base--wiz8--18a74ff61c65,005d3397,direct,005d3370,C:\Projects\Wizardry 8\Dialog Code\stMessageDialog.cpp,652,pDialog,
wiz8--gog-base--wiz8--18a74ff61c65,005d854c,direct,005d839c,C:\Projects\Wizardry 8\Dialog Code\AssayDialog.cpp,912,uiSpell != SPELL_NONE,
wiz8--gog-base--wiz8--18a74ff61c65,005d8e13,register-indirect,005d8850,C:\Projects\Wizardry 8\Dialog Code\AssayDialog.cpp,1681,usIndex < NUM_RPC_RACES,
wiz8--gog-base--wiz8--18a74ff61c65,005d9557,direct,005d9330,C:\Projects\Wizardry 8\Dialog Code\AssayDialog.cpp,1681,usIndex < NUM_RPC_RACES,
wiz8--gog-base--wiz8--18a74ff61c65,005db649,direct,005db620,C:\Projects\Wizardry 8\Dialog Code\stButton.cpp,407,pButton,
wiz8--gog-base--wiz8--18a74ff61c65,005dc324,direct,005dbee0,C:\Projects\Wizardry 8\Dialog Code\SpellInfoDialog.cpp,197,uiUnits == uiUnitsLvl,
wiz8--gog-base--wiz8--18a74ff61c65,005df11b,direct,005df0d0,C:\Projects\Wizardry 8\Dialog Code\ProfRaceInfoDialog.cpp,291,uiIndex < PROF_COUNT,
wiz8--gog-base--wiz8--18a74ff61c65,005df5bb,direct,005df570,C:\Projects\Wizardry 8\Dialog Code\ProfRaceInfoDialog.cpp,409,uiIndex < RACE_COUNT,
wiz8--gog-base--wiz8--18a74ff61c65,005dfcbb,direct,005dfc70,C:\Projects\Wizardry 8\Dialog Code\StatInfoDialogs.cpp,204,uiIndex < ATTR_COUNT,
wiz8--gog-base--wiz8--18a74ff61c65,005dfe8b,direct,005dfdb0,C:\Projects\Wizardry 8\Dialog Code\StatInfoDialogs.cpp,227,uiIndex < SKILL_COUNT,
wiz8--gog-base--wiz8--18a74ff61c65,005e01cb,direct,005e0180,C:\Projects\Wizardry 8\Dialog Code\StatInfoDialogs.cpp,278,uiIndex < ATTR_COUNT,
wiz8--gog-base--wiz8--18a74ff61c65,005e22ea,register-indirect,005e1cf0,C:\Projects\Wizardry 8\3D Code\PList.cpp,55,ppl,
wiz8--gog-base--wiz8--18a74ff61c65,005e230d,register-indirect,005e1cf0,C:\Projects\Wizardry 8\3D Code\PList.cpp,86,ppl,
wiz8--gog-base--wiz8--18a74ff61c65,005e2327,register-indirect,005e1cf0,C:\Projects\Wizardry 8\3D Code\PList.cpp,88,ppl->iNumUsed==0,
wiz8--gog-base--wiz8--18a74ff61c65,005e238e,register-indirect,005e2370,C:\Projects\Wizardry 8\3D Code\PList.cpp,86,ppl,
wiz8--gog-base--wiz8--18a74ff61c65,005e23a8,register-indirect,005e2370,C:\Projects\Wizardry 8\3D Code\PList.cpp,88,ppl->iNumUsed==0,
wiz8--gog-base--wiz8--18a74ff61c65,005e23fd,register-indirect,005e2370,C:\Projects\Wizardry 8\3D Code\PList.cpp,119,ppl,
wiz8--gog-base--wiz8--18a74ff61c65,005e240f,register-indirect,005e2370,C:\Projects\Wizardry 8\3D Code\PList.cpp,142,ppl,
wiz8--gog-base--wiz8--18a74ff61c65,005e2459,direct,005e2440,C:\Projects\Wizardry 8\3D Code\PList.cpp,142,ppl,
wiz8--gog-base--wiz8--18a74ff61c65,005e24ae,register-indirect,005e2480,C:\Projects\Wizardry 8\3D Code\PList.cpp,470,ppl,
wiz8--gog-base--wiz8--18a74ff61c65,005e24dd,register-indirect,005e2480,C:\Projects\Wizardry 8\3D Code\PList.cpp,473,pTemp,
wiz8--gog-base--wiz8--18a74ff61c65,005e2553,register-indirect,005e2530,C:\Projects\Wizardry 8\3D Code\PList.cpp,193,ppl,
wiz8--gog-base--wiz8--18a74ff61c65,005e2582,register-indirect,005e2530,C:\Projects\Wizardry 8\3D Code\PList.cpp,470,ppl,
wiz8--gog-base--wiz8--18a74ff61c65,005e25b1,register-indirect,005e2530,C:\Projects\Wizardry 8\3D Code\PList.cpp,473,pTemp,
wiz8--gog-base--wiz8--18a74ff61c65,005e26c9,direct,005e26b0,C:\Projects\Wizardry 8\3D Code\PList.cpp,346,ppl,
wiz8--gog-base--wiz8--18a74ff61c65,005e2703,register-indirect,005e26e0,C:\Projects\Wizardry 8\3D Code\PList.cpp,367,ppl,
wiz8--gog-base--wiz8--18a74ff61c65,005e27e3,register-indirect,005e26e0,C:\Projects\Wizardry 8\3D Code\PList.cpp,394,ppl,
wiz8--gog-base--wiz8--18a74ff61c65,005e2802,register-indirect,005e26e0,C:\Projects\Wizardry 8\3D Code\PList.cpp,395,iPosition < ppl->iNumUsed,
wiz8--gog-base--wiz8--18a74ff61c65,005e285d,register-indirect,005e26e0,C:\Projects\Wizardry 8\3D Code\PList.cpp,504,ppl,
wiz8--gog-base--wiz8--18a74ff61c65,005e28b2,register-indirect,005e2890,C:\Projects\Wizardry 8\3D Code\PList.cpp,540,ppl,
wiz8--gog-base--wiz8--18a74ff61c65,005e28cf,register-indirect,005e2890,C:\Projects\Wizardry 8\3D Code\PList.cpp,541,pEntry,
wiz8--gog-base--wiz8--18a74ff61c65,005e292a,register-indirect,005e2900,C:\Projects\Wizardry 8\3D Code\IList.cpp,69,pls,
wiz8--gog-base--wiz8--18a74ff61c65,005e294d,register-indirect,005e2900,C:\Projects\Wizardry 8\3D Code\IList.cpp,100,pls,
wiz8--gog-base--wiz8--18a74ff61c65,005e29b6,direct,005e29a0,C:\Projects\Wizardry 8\3D Code\IList.cpp,100,pls,
wiz8--gog-base--wiz8--18a74ff61c65,005e2a20,register-indirect,005e2a00,C:\Projects\Wizardry 8\3D Code\IList.cpp,131,pls,
wiz8--gog-base--wiz8--18a74ff61c65,005e2a32,register-indirect,005e2a00,C:\Projects\Wizardry 8\3D Code\IList.cpp,154,pls,
wiz8--gog-base--wiz8--18a74ff61c65,005e2a79,direct,005e2a60,C:\Projects\Wizardry 8\3D Code\IList.cpp,154,pls,
wiz8--gog-base--wiz8--18a74ff61c65,005e2ace,register-indirect,005e2aa0,C:\Projects\Wizardry 8\3D Code\IList.cpp,475,pls,
wiz8--gog-base--wiz8--18a74ff61c65,005e2afd,register-indirect,005e2aa0,C:\Projects\Wizardry 8\3D Code\IList.cpp,478,pTemp,
wiz8--gog-base--wiz8--18a74ff61c65,005e2b69,direct,005e2b50,C:\Projects\Wizardry 8\3D Code\IList.cpp,327,pls,
wiz8--gog-base--wiz8--18a74ff61c65,005e2ba3,register-indirect,005e2b80,C:\Projects\Wizardry 8\3D Code\IList.cpp,348,pls,
wiz8--gog-base--wiz8--18a74ff61c65,005e2c99,direct,005e2c80,C:\Projects\Wizardry 8\3D Code\IList.cpp,426,pls,
wiz8--gog-base--wiz8--18a74ff61c65,005e2cd9,direct,005e2cc0,C:\Projects\Wizardry 8\3D Code\IList.cpp,542,pls,
wiz8--gog-base--wiz8--18a74ff61c65,005e3861,direct,005e3800,C:\Projects\Wizardry 8\Local Code\Traps.cpp,148,iNumTargets > 0,
wiz8--gog-base--wiz8--18a74ff61c65,005e3b8c,direct,005e3ab0,..\Engine Code\Include\Trigger.hpp,1005,m_bRepType == TRIGGER_REP_PROP,
