claim_id,program,entity_kind,entity_key,predicate,value,origin,authority,confidence,reference,details
retail-folded:wiz8:004023a0:UnlockMouseBuffer,wiz8,function,004023a0,retail-folded-noop,UnlockMouseBuffer,sgp-source,source-backed,strong,retail:00402c4c;retail:004047e2;src/sgp/vsurface.c;src/sgp/video.c,MOUSE_BUFFER (-13) branches in UnlockVideoSurface and surface upload call the shared single RET. The released video.c unlock body is not retained behavior in Wizardry; its empty product definition belongs to Video2.cpp.
retail-folded:wiz8:004023a0:VideoCaptureToggle,wiz8,function,004023a0,retail-folded-noop,VideoCaptureToggle,sgp-source,source-backed,strong,retail:00401bb5;src/sgp/input.c;src/sgp/video.c,KeyboardHandler's inlined KeyUp sends Ctrl+Snapshot to the shared single RET and plain Snapshot to PrintScreen. Do not restore the released video-capture implementation at this retail entry.
retail-folded:wiz8:004023a0:PlayButtonSound,wiz8,function,004023a0,retail-folded-noop,"PlayButtonSound(INT32,INT32)",sgp-source,source-backed,strong,retail:0040db8c;retail:0040dc5e;src/sgp/Button System.c;src/sgp/Button Sound Control.c,"SGP button callback sound branches call the shared single RET. This is the two-argument SGP function, not Wizardry's one-argument PlayButtonSound. The released source body is ancestry, not proof of retained retail behavior."
retail-folded:wiz8:00405b00:DeleteList,wiz8,function,00405b00,retail-folded,DeleteList,sgp-source,source-backed,strong,retail:00405b00-00405b17;evidence/snapshots/sgp/harness.csv;src/sgp/Container.c,Shares DeleteStack's physical body: null returns false; otherwise calls free and returns true. This fold is not a no-op and does not justify removing deallocation. Existing accepted-alias evidence establishes list and stack consumers.
function-claim:wiz8:005e1c30:fid-variants,wiz8,function,005e1c30,fid-variants,rtm|sp3|sp4|sp5|sp6,fid,,,,
function-claim:wiz8:005e1ca0:fid-variants,wiz8,function,005e1ca0,fid-variants,rtm|sp3|sp4|sp5|sp6,fid,,,,
function-claim:wiz8:005e1cf0:fid-variants,wiz8,function,005e1cf0,fid-variants,rtm|sp3|sp4|sp5|sp6,fid,,,,
function-claim:wiz8:005e1da0:fid-variants,wiz8,function,005e1da0,fid-variants,rtm|sp3|sp4|sp5|sp6,fid,,,,
function-claim:wiz8:005e1dd0:fid-variants,wiz8,function,005e1dd0,fid-variants,rtm|sp3|sp4|sp5|sp6,fid,,,,
function-claim:wiz8:005e1def:fid-variants,wiz8,function,005e1def,fid-variants,rtm|sp3|sp4|sp5|sp6,fid,,,,
function-claim:wiz8:005e1e71:fid-variants,wiz8,function,005e1e71,fid-variants,rtm|sp3|sp4|sp5|sp6,fid,,,,
function-claim:wiz8:005e1ef1:fid-variants,wiz8,function,005e1ef1,fid-variants,rtm|sp3|sp4|sp5|sp6,fid,,,,
function-evidence:wiz8:00422240:canonical-callers,wiz8,function,00422240,behavior,,canonical-callers,,,name_origin=descriptive,Called once from the ported renderer-window bring-up as its device gate; loads the SurRender device and installs the assert handler
function-evidence:wiz8:00428ab0:original-runtime-string,wiz8,function,00428ab0,behavior,,original-runtime-string,,,name_origin=descriptive,"The retained strings at 0x006042f4 and 0x00604298 spell the developer notice and the assert-report format the handler emits; srAssertSetFunc has exactly one reference site, 0x004224e2, inside InitializeVideoDevice"
function-evidence:wiz8:004e6780:canonical-consumers,wiz8,function,004e6780,semantics,,cosmic-forge,external-semantic,strong,consumers:004e6d45;005d63fa;cosmic-forge:MonsterEditor:control-1101,"Cosmic Forge directly labels record +0x181 Experience. Retail GetMonsterExperience prefers nonzero +0x26b over that base; MonsterInfoDialog displays the effective value after the species reaches the post-combat known state, while the other canonical consumer uses it as an HP-weighted combat-difficulty proxy. Names are descriptive; no original Sir-Tech identifier is claimed."
function-evidence:wiz8:0058aad0:canonical-callers,wiz8,function,0058aad0,behavior,,canonical-callers,,,name_origin=descriptive,The byte-exact GetFact and SetFact bodies call 0x0058aad0 as the variadic wide log channel their recovered source declares as WriteGameLog
function-source:wiz8:00415820:ZAlloc,wiz8,function,00415820,accepted-identity,ZAlloc,sgp-source,source-backed,strong,evidence/snapshots/sgp/harness.csv;released-baseline:fdff790b,"Compression.obj immediately precedes the selected zlib objects; Unique relocation-masked candidate in every comparable build. Historical byte comparison identifies the source contribution, not unchanged authored source or relocation-target equivalence."
function-source:wiz8:00415840:ZFree,wiz8,function,00415840,accepted-identity,ZFree,sgp-source,source-backed,strong,evidence/snapshots/sgp/harness.csv;released-baseline:fdff790b,"Compression.obj immediately precedes the selected zlib objects; Unique relocation-masked candidate in every comparable build. Historical byte comparison identifies the source contribution, not unchanged authored source or relocation-target equivalence."
function-source:wiz8:00415850:DecompressInit,wiz8,function,00415850,accepted-identity,DecompressInit,sgp-source,source-backed,strong,evidence/snapshots/sgp/harness.csv;released-baseline:fdff790b,"Compression.obj immediately precedes the selected zlib objects; Unique relocation-masked candidate in every comparable build. Historical byte comparison identifies the source contribution, not unchanged authored source or relocation-target equivalence."
function-source:wiz8:004158b0:Decompress,wiz8,function,004158b0,accepted-identity,Decompress,sgp-source,source-backed,strong,evidence/snapshots/sgp/harness.csv;released-baseline:fdff790b,"Compression.obj immediately precedes the selected zlib objects; Unique relocation-masked candidate in every comparable build. Historical byte comparison identifies the source contribution, not unchanged authored source or relocation-target equivalence."
function-source:wiz8:004158f0:DecompressFini,wiz8,function,004158f0,accepted-identity,DecompressFini,sgp-source,source-backed,strong,evidence/snapshots/sgp/harness.csv;released-baseline:fdff790b,"Compression.obj immediately precedes the selected zlib objects; Sole masked candidate calls known inflateEnd at 00415960. Historical byte comparison identifies the source contribution, not unchanged authored source or relocation-target equivalence."
function-source:wiz8:00405970:CreateStack,wiz8,function,00405970,accepted-identity,CreateStack,sgp-source,source-backed,strong,evidence/snapshots/sgp/harness.csv;released-baseline:fdff790b,"First retained Container.c body; Unique relocation-masked candidate in every comparable build. Historical byte comparison identifies the source contribution, not unchanged authored source or relocation-target equivalence."
function-source:wiz8:004059b0:CreateList,wiz8,function,004059b0,accepted-identity,CreateList,sgp-source,source-backed,strong,evidence/snapshots/sgp/harness.csv;released-baseline:fdff790b,"Body collides with CreateQueue; List-sized callers and retained PeekList/AddtoList companions establish the identity. Historical byte comparison identifies the source contribution, not unchanged authored source or relocation-target equivalence."
function-source:wiz8:00405a00:Push,wiz8,function,00405a00,accepted-identity,Push,sgp-source,source-backed,strong,evidence/snapshots/sgp/harness.csv;released-baseline:fdff790b,"Retained stack family; Unique relocation-masked candidate in every comparable build. Historical byte comparison identifies the source contribution, not unchanged authored source or relocation-target equivalence."
function-source:wiz8:00405a70:Pop,wiz8,function,00405a70,accepted-identity,Pop,sgp-source,source-backed,strong,evidence/snapshots/sgp/harness.csv;released-baseline:fdff790b,"Retained stack family; Unique relocation-masked candidate in every comparable build. Historical byte comparison identifies the source contribution, not unchanged authored source or relocation-target equivalence."
function-source:wiz8:00405ac0:PeekStack,wiz8,function,00405ac0,accepted-identity,PeekStack,sgp-source,source-backed,strong,evidence/snapshots/sgp/harness.csv;released-baseline:fdff790b,"Retained stack family; Unique relocation-masked candidate in every comparable build. Historical byte comparison identifies the source contribution, not unchanged authored source or relocation-target equivalence."
function-source:wiz8:00405b00:DeleteStack,wiz8,function,00405b00,accepted-identity,DeleteStack,sgp-source,source-backed,strong,evidence/snapshots/sgp/harness.csv;released-baseline:fdff790b,"Identical referenced delete COMDATs folded; Stack callers and list callers both reach the sole physical body. Historical byte comparison identifies the source contribution, not unchanged authored source or relocation-target equivalence."
function-source:wiz8:00405b00:DeleteList,wiz8,function,00405b00,accepted-alias,DeleteList,sgp-source,source-backed,strong,evidence/snapshots/sgp/harness.csv;released-baseline:fdff790b,"Identical referenced delete COMDATs folded; Stack callers and list callers both reach the sole physical body. Historical byte comparison identifies the source contribution, not unchanged authored source or relocation-target equivalence."
function-source:wiz8:00405b20:PeekList,wiz8,function,00405b20,accepted-identity,PeekList,sgp-source,source-backed,strong,evidence/snapshots/sgp/harness.csv;released-baseline:fdff790b,"Retained list family; Unique relocation-masked candidate in every comparable build. Historical byte comparison identifies the source contribution, not unchanged authored source or relocation-target equivalence."
function-source:wiz8:00405b90:StoreListNode,wiz8,function,00405b90,accepted-identity,StoreListNode,sgp-source,source-backed,strong,evidence/snapshots/sgp/harness.csv;released-baseline:fdff790b,"Body collides with SwapListNode and source marks this as a Wizardry addition; Sole list caller and product-specific source comment establish the identity. Historical byte comparison identifies the source contribution, not unchanged authored source or relocation-target equivalence."
function-source:wiz8:00405c00:StackSize,wiz8,function,00405c00,accepted-identity,StackSize,sgp-source,source-backed,strong,evidence/snapshots/sgp/harness.csv;released-baseline:fdff790b,"Identical referenced size COMDATs folded; Stack callers and list callers both reach the sole physical body. Historical byte comparison identifies the source contribution, not unchanged authored source or relocation-target equivalence."
function-source:wiz8:00405c00:ListSize,wiz8,function,00405c00,accepted-alias,ListSize,sgp-source,source-backed,strong,evidence/snapshots/sgp/harness.csv;released-baseline:fdff790b,"Identical referenced size COMDATs folded; Stack callers and list callers both reach the sole physical body. Historical byte comparison identifies the source contribution, not unchanged authored source or relocation-target equivalence."
function-source:wiz8:00405c10:AddtoList,wiz8,function,00405c10,accepted-identity,AddtoList,sgp-source,source-backed,strong,evidence/snapshots/sgp/harness.csv;released-baseline:fdff790b,"Last retained Container.c physical body; Unique relocation-masked candidate in every comparable build. Historical byte comparison identifies the source contribution, not unchanged authored source or relocation-target equivalence."
function-source:wiz8:00404b00:DbgInitialize,wiz8,function,00404b00,accepted-identity,DbgInitialize,sgp-source,source-backed,strong,evidence/snapshots/sgp/harness.csv;released-baseline:fdff790b,"The retail _NO_DEBUG_TXT profile removes debug-file setup; Unique relocation-masked candidate in every comparable build. Historical byte comparison identifies the source contribution, not unchanged authored source or relocation-target equivalence."
function-source:wiz8:00404b50:String,wiz8,function,00404b50,accepted-identity,String,sgp-source,source-backed,strong,evidence/snapshots/sgp/harness.csv;released-baseline:fdff790b,"Only retained DEBUG.C callable and immediately precedes FileMan.c; Unique relocation-masked candidate with the source eight-slot 512-byte ring in every comparable build. Historical byte comparison identifies the source contribution, not unchanged authored source or relocation-target equivalence."
function-source:wiz8:00401570:InitializeStandardGamingPlatform,wiz8,function,00401570,accepted-identity,InitializeStandardGamingPlatform,sgp-source,source-backed,strong,evidence/snapshots/sgp/harness.csv;released-baseline:fdff790b,"Released Wizardry startup branch owns the complete initialization gate; Unique relocation-masked candidate in every comparable build. Historical byte comparison identifies the source contribution, not unchanged authored source or relocation-target equivalence."
function-source:wiz8:004018c0:GetRuntimeSettings,wiz8,function,004018c0,accepted-identity,GetRuntimeSettings,sgp-source,source-backed,strong,evidence/snapshots/sgp/harness.csv;released-baseline:fdff790b,"Reads PIXEL_DEPTH from the SGP ini file; Unique relocation-masked candidate in every comparable build. Historical byte comparison identifies the source contribution, not unchanged authored source or relocation-target equivalence."
function-source:wiz8:00401950:ProcessCommandLine,wiz8,function,00401950,accepted-identity,ProcessCommandLine,sgp-source,source-backed,strong,evidence/snapshots/sgp/harness.csv;released-baseline:fdff790b,"All eight Wizardry command switches agree; Unique relocation-masked candidate in every comparable build. Historical byte comparison identifies the source contribution, not unchanged authored source or relocation-target equivalence."
function-source:wiz8:00406b70:Clock,wiz8,function,00406b70,accepted-identity,Clock,sgp-source,source-backed,strong,evidence/snapshots/sgp/harness.csv;released-baseline:fdff790b,"SetTimer receives this callback address; Unique relocation-masked candidate in every comparable build. Historical byte comparison identifies the source contribution, not unchanged authored source or relocation-target equivalence."
function-source:wiz8:00406ba0:InitializeClockManager,wiz8,function,00406ba0,accepted-identity,InitializeClockManager,sgp-source,source-backed,strong,evidence/snapshots/sgp/harness.csv;released-baseline:fdff790b,"Called by the startup bring-up chain; Unique relocation-masked candidate in every comparable build. Historical byte comparison identifies the source contribution, not unchanged authored source or relocation-target equivalence."
function-source:wiz8:00406bd0:ShutdownClockManager,wiz8,function,00406bd0,accepted-identity,ShutdownClockManager,sgp-source,source-backed,strong,evidence/snapshots/sgp/harness.csv;released-baseline:fdff790b,"Calls KillTimer with the shared window and timer id; Unique relocation-masked candidate in every comparable build. Historical byte comparison identifies the source contribution, not unchanged authored source or relocation-target equivalence."
function-source:wiz8:00406be0:GetClock,wiz8,function,00406be0,accepted-identity,GetClock,sgp-source,source-backed,strong,evidence/snapshots/sgp/harness.csv;released-baseline:fdff790b,"Generic six-byte global getter has many raw collisions; Exact source neighbors bracket 00406be0 and its callers use the timer value. Historical byte comparison identifies the source contribution, not unchanged authored source or relocation-target equivalence."
function-source:wiz8:00406bf0:SetCountdownClock,wiz8,function,00406bf0,accepted-identity,SetCountdownClock,sgp-source,source-backed,strong,evidence/snapshots/sgp/harness.csv;released-baseline:fdff790b,"Adds an interval to the shared current-time global; Unique relocation-masked candidate in every comparable build. Historical byte comparison identifies the source contribution, not unchanged authored source or relocation-target equivalence."
function-source:wiz8:00406c00:ClockIsTicking,wiz8,function,00406c00,accepted-identity,ClockIsTicking,sgp-source,source-backed,strong,evidence/snapshots/sgp/harness.csv;released-baseline:fdff790b,"Returns the remaining interval or zero; Unique relocation-masked candidate in every comparable build. Historical byte comparison identifies the source contribution, not unchanged authored source or relocation-target equivalence."
function-source:wiz8:00401b30:KeyboardHandler,wiz8,function,00401b30,accepted-identity,KeyboardHandler,sgp-source,source-backed,strong,evidence/snapshots/sgp/harness.csv;released-baseline:fdff790b,"Installed as the WH_KEYBOARD callback; Unique relocation-masked candidate in every comparable build. Historical byte comparison identifies the source contribution, not unchanged authored source or relocation-target equivalence."
function-source:wiz8:00401c70:MouseHandler,wiz8,function,00401c70,accepted-identity,MouseHandler,sgp-source,source-backed,strong,evidence/snapshots/sgp/harness.csv;released-baseline:fdff790b,"Wizardry-specific windowed mouse path is retained; Unique relocation-masked candidate in every comparable build. Historical byte comparison identifies the source contribution, not unchanged authored source or relocation-target equivalence."
function-source:wiz8:00401ea0:InitializeInputManager,wiz8,function,00401ea0,accepted-identity,InitializeInputManager,sgp-source,source-backed,strong,evidence/snapshots/sgp/harness.csv;released-baseline:fdff790b,"Called by the startup bring-up chain and installs both callbacks; Unique relocation-masked candidate in every comparable build. Historical byte comparison identifies the source contribution, not unchanged authored source or relocation-target equivalence."
function-source:wiz8:00401f70:ShutdownInputManager,wiz8,function,00401f70,accepted-identity,ShutdownInputManager,sgp-source,source-backed,strong,evidence/snapshots/sgp/harness.csv;released-baseline:fdff790b,"Unhooks both input callbacks during teardown; Unique relocation-masked candidate in every comparable build. Historical byte comparison identifies the source contribution, not unchanged authored source or relocation-target equivalence."
function-source:wiz8:00401f90:QueueEvent,wiz8,function,00401f90,accepted-identity,QueueEvent,sgp-source,source-backed,strong,evidence/snapshots/sgp/harness.csv;released-baseline:fdff790b,"Event-ring accesses and double-click state agree; Unique relocation-masked candidate in every comparable build. Historical byte comparison identifies the source contribution, not unchanged authored source or relocation-target equivalence."
function-source:wiz8:00402140:DequeueEvent,wiz8,function,00402140,accepted-identity,DequeueEvent,sgp-source,source-backed,strong,evidence/snapshots/sgp/harness.csv;released-baseline:fdff790b,"Repeat handling is inlined before the ring dequeue; Unique relocation-masked candidate in every comparable build. Historical byte comparison identifies the source contribution, not unchanged authored source or relocation-target equivalence."
function-source:wiz8:00402750:FreeMouseCursor,wiz8,function,00402750,accepted-identity,FreeMouseCursor,sgp-source,source-backed,strong,evidence/snapshots/sgp/harness.csv;released-baseline:fdff790b,"Releases ClipCursor and clears the clip flag; Unique relocation-masked candidate in every comparable build. Historical byte comparison identifies the source contribution, not unchanged authored source or relocation-target equivalence."
function-source:wiz8:00402760:GetMouseWheelDeltaValue,wiz8,function,00402760,accepted-identity,GetMouseWheelDeltaValue,sgp-source,source-backed,strong,evidence/snapshots/sgp/harness.csv;released-baseline:fdff790b,"Wheel delta normalization is retained verbatim; Unique byte-exact candidate in every comparable build. Historical byte comparison identifies the source contribution, not unchanged authored source or relocation-target equivalence."
function-source:wiz8:0040b720:MSYS_AddRegionToList,wiz8,function,0040b720,accepted-identity,MSYS_AddRegionToList,sgp-source,source-backed,strong,evidence/snapshots/sgp/harness.csv;released-baseline:fdff790b,"Retained MouseSystem implementation; Unique source match in every comparable build. Historical byte comparison identifies the source contribution, not unchanged authored source or relocation-target equivalence."
function-source:wiz8:0040be10:MSYS_DefineRegion,wiz8,function,0040be10,accepted-identity,MSYS_DefineRegion,sgp-source,source-backed,strong,evidence/snapshots/sgp/harness.csv;released-baseline:fdff790b,"Retained MouseSystem implementation; Unique source match in every comparable build. Historical byte comparison identifies the source contribution, not unchanged authored source or relocation-target equivalence."
function-source:wiz8:0040b830:MSYS_DeleteRegionFromList,wiz8,function,0040b830,accepted-identity,MSYS_DeleteRegionFromList,sgp-source,source-backed,strong,evidence/snapshots/sgp/harness.csv;released-baseline:fdff790b,"Retained MouseSystem implementation; Unique source match in every comparable build. Historical byte comparison identifies the source contribution, not unchanged authored source or relocation-target equivalence."
function-source:wiz8:0040bf70:MSYS_DisableRegion,wiz8,function,0040bf70,accepted-identity,MSYS_DisableRegion,sgp-source,source-backed,strong,evidence/snapshots/sgp/harness.csv;released-baseline:fdff790b,"Retained MouseSystem implementation; Unique source match in every comparable build. Historical byte comparison identifies the source contribution, not unchanged authored source or relocation-target equivalence."
function-source:wiz8:0040bf60:MSYS_EnableRegion,wiz8,function,0040bf60,accepted-identity,MSYS_EnableRegion,sgp-source,source-backed,strong,evidence/snapshots/sgp/harness.csv;released-baseline:fdff790b,"Retained MouseSystem implementation; Unique source match in every comparable build. Historical byte comparison identifies the source contribution, not unchanged authored source or relocation-target equivalence."
function-source:wiz8:0040bfa0:MSYS_GetRegionUserData,wiz8,function,0040bfa0,accepted-identity,MSYS_GetRegionUserData,sgp-source,source-backed,strong,evidence/snapshots/sgp/harness.csv;released-baseline:fdff790b,"Retained MouseSystem implementation; Unique source match in every comparable build. Historical byte comparison identifies the source contribution, not unchanged authored source or relocation-target equivalence."
function-source:wiz8:0040bfc0:MSYS_GrabMouse,wiz8,function,0040bfc0,accepted-identity,MSYS_GrabMouse,sgp-source,source-backed,strong,evidence/snapshots/sgp/harness.csv;released-baseline:fdff790b,"Retained MouseSystem implementation; Unique source match in every comparable build. Historical byte comparison identifies the source contribution, not unchanged authored source or relocation-target equivalence."
function-source:wiz8:0040b290:MSYS_Init,wiz8,function,0040b290,accepted-identity,MSYS_Init,sgp-source,source-backed,strong,evidence/snapshots/sgp/harness.csv;released-baseline:fdff790b,"Retained MouseSystem implementation; Unique source match in every comparable build. Historical byte comparison identifies the source contribution, not unchanged authored source or relocation-target equivalence."
function-source:wiz8:0040c010:MSYS_ReleaseMouse,wiz8,function,0040c010,accepted-identity,MSYS_ReleaseMouse,sgp-source,source-backed,strong,evidence/snapshots/sgp/harness.csv;released-baseline:fdff790b,"Retained MouseSystem implementation; Unique source match in every comparable build. Historical byte comparison identifies the source contribution, not unchanged authored source or relocation-target equivalence."
function-source:wiz8:0040bee0:MSYS_RemoveRegion,wiz8,function,0040bee0,accepted-identity,MSYS_RemoveRegion,sgp-source,source-backed,strong,evidence/snapshots/sgp/harness.csv;released-baseline:fdff790b,"Retained MouseSystem implementation; Unique source match in every comparable build. Historical byte comparison identifies the source contribution, not unchanged authored source or relocation-target equivalence."
function-source:wiz8:0040bf80:MSYS_SetRegionUserData,wiz8,function,0040bf80,accepted-identity,MSYS_SetRegionUserData,sgp-source,source-backed,strong,evidence/snapshots/sgp/harness.csv;released-baseline:fdff790b,"Retained MouseSystem implementation; Unique source match in every comparable build. Historical byte comparison identifies the source contribution, not unchanged authored source or relocation-target equivalence."
function-source:wiz8:0040b510:MSYS_SGP_Mouse_Handler_Hook,wiz8,function,0040b510,accepted-identity,MSYS_SGP_Mouse_Handler_Hook,sgp-source,source-backed,strong,evidence/snapshots/sgp/harness.csv;released-baseline:fdff790b,"Retained MouseSystem implementation; Unique source match in every comparable build. Historical byte comparison identifies the source contribution, not unchanged authored source or relocation-target equivalence."
function-source:wiz8:0040b450:MSYS_Shutdown,wiz8,function,0040b450,accepted-identity,MSYS_Shutdown,sgp-source,source-backed,strong,evidence/snapshots/sgp/harness.csv;released-baseline:fdff790b,"Retained MouseSystem implementation; Unique source match in every comparable build. Historical byte comparison identifies the source contribution, not unchanged authored source or relocation-target equivalence."
function-source:wiz8:0040b900:MSYS_UpdateMouseRegion,wiz8,function,0040b900,accepted-identity,MSYS_UpdateMouseRegion,sgp-source,source-backed,strong,evidence/snapshots/sgp/harness.csv;released-baseline:fdff790b,"Retained MouseSystem implementation; Unique source match in every comparable build. Historical byte comparison identifies the source contribution, not unchanged authored source or relocation-target equivalence."
function-source:wiz8:0040c1f0:SetFastHelpDelay,wiz8,function,0040c1f0,accepted-identity,SetFastHelpDelay,sgp-source,source-backed,strong,evidence/snapshots/sgp/harness.csv;released-baseline:fdff790b,"Retained MouseSystem implementation; Unique source match in every comparable build. Historical byte comparison identifies the source contribution, not unchanged authored source or relocation-target equivalence."
function-source:wiz8:0040c040:SetRegionFastHelpText,wiz8,function,0040c040,accepted-identity,SetRegionFastHelpText,sgp-source,source-backed,strong,evidence/snapshots/sgp/harness.csv;released-baseline:fdff790b,"Retained MouseSystem implementation; Unique source match in every comparable build. Historical byte comparison identifies the source contribution, not unchanged authored source or relocation-target equivalence."
function-source:wiz8:0040c200:EnableMouseFastHelp,wiz8,function,0040c200,accepted-identity,EnableMouseFastHelp,sgp-source,source-backed,strong,evidence/snapshots/sgp/harness.csv;released-baseline:fdff790b,"One-store MouseSystem state toggle; Released source order and the owning global resolve the generic body. Historical byte comparison identifies the source contribution, not unchanged authored source or relocation-target equivalence."
function-source:wiz8:0040c210:DisableMouseFastHelp,wiz8,function,0040c210,accepted-identity,DisableMouseFastHelp,sgp-source,source-backed,strong,evidence/snapshots/sgp/harness.csv;released-baseline:fdff790b,"One-store MouseSystem state toggle; Released source order and the owning global resolve the generic body. Historical byte comparison identifies the source contribution, not unchanged authored source or relocation-target equivalence."
function-source:wiz8:0040c220:ResetClickedMode,wiz8,function,0040c220,accepted-identity,ResetClickedMode,sgp-source,source-backed,strong,evidence/snapshots/sgp/harness.csv;released-baseline:fdff790b,"One-store MouseSystem state toggle; Released source order and the owning global resolve the generic body. Historical byte comparison identifies the source contribution, not unchanged authored source or relocation-target equivalence."
function-source:wiz8:00407210:SetFont,wiz8,function,00407210,accepted-identity,SetFont,sgp-source,source-backed,strong,evidence/snapshots/sgp/harness.csv;released-baseline:fdff790b,"Pinned SGP implementation owns the retained Wizardry body; Unique relocation-masked candidate in every comparable build. Historical byte comparison identifies the source contribution, not unchanged authored source or relocation-target equivalence."
function-source:wiz8:00407d30:InitializeFontManager,wiz8,function,00407d30,accepted-identity,InitializeFontManager,sgp-source,source-backed,strong,evidence/snapshots/sgp/harness.csv;released-baseline:fdff790b,"Pinned SGP implementation owns the retained Wizardry body; Unique relocation-masked candidate in every comparable build. Historical byte comparison identifies the source contribution, not unchanged authored source or relocation-target equivalence."
function-source:wiz8:00407e30:ShutdownFontManager,wiz8,function,00407e30,accepted-identity,ShutdownFontManager,sgp-source,source-backed,strong,evidence/snapshots/sgp/harness.csv;released-baseline:fdff790b,"Pinned SGP implementation owns the retained Wizardry body; Unique relocation-masked candidate in every comparable build. Historical byte comparison identifies the source contribution, not unchanged authored source or relocation-target equivalence."
function-source:wiz8:0040a9a0:SoundSetMusic,wiz8,function,0040a9a0,accepted-identity,SoundSetMusic,sgp-source,source-backed,strong,evidence/snapshots/sgp/harness.csv;released-baseline:fdff790b,"Pinned SGP implementation owns the retained Wizardry body; Unique relocation-masked candidate in every comparable build. Historical byte comparison identifies the source contribution, not unchanged authored source or relocation-target equivalence."
function-source:wiz8:00405e60:InitializeVideoObjectManager,wiz8,function,00405e60,accepted-identity,InitializeVideoObjectManager,sgp-source,source-backed,strong,evidence/snapshots/sgp/harness.csv;released-baseline:fdff790b,"Pinned SGP implementation owns the retained Wizardry body; Unique relocation-masked candidate in every comparable build. Historical byte comparison identifies the source contribution, not unchanged authored source or relocation-target equivalence."
function-source:wiz8:00405e80:ShutdownVideoObjectManager,wiz8,function,00405e80,accepted-identity,ShutdownVideoObjectManager,sgp-source,source-backed,strong,evidence/snapshots/sgp/harness.csv;released-baseline:fdff790b,"Pinned SGP implementation owns the retained Wizardry body; Unique relocation-masked candidate in every comparable build. Historical byte comparison identifies the source contribution, not unchanged authored source or relocation-target equivalence."
function-source:wiz8:004068e0:SetObjectShade,wiz8,function,004068e0,accepted-identity,SetObjectShade,sgp-source,source-backed,strong,evidence/snapshots/sgp/harness.csv;released-baseline:fdff790b,"Pinned SGP implementation owns the retained Wizardry body; Unique relocation-masked candidate in every comparable build. Historical byte comparison identifies the source contribution, not unchanged authored source or relocation-target equivalence."
function-source:wiz8:00411820:GetClippingRect,wiz8,function,00411820,accepted-identity,GetClippingRect,sgp-source,source-backed,strong,evidence/snapshots/sgp/harness.csv;released-baseline:fdff790b,"Pinned SGP implementation owns the retained Wizardry body; Unique relocation-masked candidate in every comparable build. Historical byte comparison identifies the source contribution, not unchanged authored source or relocation-target equivalence."
function-source:wiz8:004114c0:Blt16BPPTo16BPPTrans,wiz8,function,004114c0,accepted-identity,Blt16BPPTo16BPPTrans,sgp-source,source-backed,strong,evidence/snapshots/sgp/harness.csv;released-baseline:fdff790b,"Pinned SGP implementation owns the retained Wizardry body; Unique relocation-masked candidate in every comparable build. Historical byte comparison identifies the source contribution, not unchanged authored source or relocation-target equivalence."
function-source:wiz8:00402970:InitializeVideoSurfaceManager,wiz8,function,00402970,accepted-identity,InitializeVideoSurfaceManager,sgp-source,source-backed,strong,evidence/snapshots/sgp/harness.csv;released-baseline:fdff790b,"Pinned SGP implementation owns the retained Wizardry body; Unique relocation-masked candidate in every comparable build. Historical byte comparison identifies the source contribution, not unchanged authored source or relocation-target equivalence."
function-source:wiz8:00402990:ShutdownVideoSurfaceManager,wiz8,function,00402990,accepted-identity,ShutdownVideoSurfaceManager,sgp-source,source-backed,strong,evidence/snapshots/sgp/harness.csv;released-baseline:fdff790b,"Pinned SGP implementation owns the retained Wizardry body; Unique relocation-masked candidate in every comparable build. Historical byte comparison identifies the source contribution, not unchanged authored source or relocation-target equivalence."
function-source:wiz8:00402e60:DeletePrimaryVideoSurfaces,wiz8,function,00402e60,accepted-identity,DeletePrimaryVideoSurfaces,sgp-source,source-backed,strong,evidence/snapshots/sgp/harness.csv;released-baseline:fdff790b,"Pinned SGP implementation owns the retained Wizardry body; Unique relocation-masked candidate in every comparable build. Historical byte comparison identifies the source contribution, not unchanged authored source or relocation-target equivalence."
function-source:wiz8:004044c0:CreateVideoSurfaceFromDDSurface,wiz8,function,004044c0,accepted-identity,CreateVideoSurfaceFromDDSurface,sgp-source,source-backed,strong,evidence/snapshots/sgp/harness.csv;released-baseline:fdff790b,"Pinned SGP implementation owns the retained Wizardry body; Unique relocation-masked candidate in every comparable build. Historical byte comparison identifies the source contribution, not unchanged authored source or relocation-target equivalence."
function-source:wiz8:0040f020:InitializeRegistryKeys,wiz8,function,0040f020,accepted-identity,InitializeRegistryKeys,sgp-source,source-backed,strong,evidence/snapshots/sgp/harness.csv;released-baseline:fdff790b,"Wizardry startup passes the released Wizardry8 and Wizardry8key literals; Unique relocation-masked candidate in every comparable build. Historical byte comparison identifies the source contribution, not unchanged authored source or relocation-target equivalence."
function-source:wiz8:0040c0b0:RenderFastHelp,wiz8,function,0040c0b0,accepted-identity,RenderFastHelp,sgp-source,source-backed,strong,evidence/snapshots/sgp/harness.csv;released-baseline:fdff790b,"Released source contains the explicit Wizardry fast-help branch; Correct gfRenderHilights and gfShowFastHelp ownership resolves the apparent product fork. Historical byte comparison identifies the source contribution, not unchanged authored source or relocation-target equivalence."
function-source:wiz8:00406dc0:SetFontObjectPalette16BPP,wiz8,function,00406dc0,accepted-identity,SetFontObjectPalette16BPP,sgp-source,source-backed,strong,evidence/snapshots/sgp/harness.csv;released-baseline:fdff790b,"Pinned SGP implementation owns the retained Wizardry body; Unique relocation-masked candidate in every comparable build. Historical byte comparison identifies the source contribution, not unchanged authored source or relocation-target equivalence."
function-source:wiz8:00406e00:LoadFontFile,wiz8,function,00406e00,accepted-identity,LoadFontFile,sgp-source,source-backed,strong,evidence/snapshots/sgp/harness.csv;released-baseline:fdff790b,"Pinned SGP implementation owns the retained Wizardry body; Unique relocation-masked candidate in every comparable build. Historical byte comparison identifies the source contribution, not unchanged authored source or relocation-target equivalence."
function-source:wiz8:00407260:mprintf,wiz8,function,00407260,accepted-identity,mprintf,sgp-source,source-backed,strong,evidence/snapshots/sgp/harness.csv;released-baseline:fdff790b,"Pinned SGP implementation owns the retained Wizardry body; Unique relocation-masked candidate in every comparable build. Historical byte comparison identifies the source contribution, not unchanged authored source or relocation-target equivalence."
function-source:wiz8:00407650:gprintf,wiz8,function,00407650,accepted-identity,gprintf,sgp-source,source-backed,strong,evidence/snapshots/sgp/harness.csv;released-baseline:fdff790b,"Pinned SGP implementation owns the retained Wizardry body; Unique relocation-masked candidate in every comparable build. Historical byte comparison identifies the source contribution, not unchanged authored source or relocation-target equivalence."
function-source:wiz8:00402b90:LockVideoSurface,wiz8,function,00402b90,accepted-identity,LockVideoSurface,sgp-source,source-backed,strong,evidence/snapshots/sgp/harness.csv;released-baseline:fdff790b,"Pinned SGP implementation owns the retained Wizardry body; Unique relocation-masked candidate in every comparable build. Historical byte comparison identifies the source contribution, not unchanged authored source or relocation-target equivalence."
function-source:wiz8:00402c30:UnLockVideoSurface,wiz8,function,00402c30,accepted-identity,UnLockVideoSurface,sgp-source,source-backed,strong,evidence/snapshots/sgp/harness.csv;released-baseline:fdff790b,"Pinned SGP implementation owns the retained Wizardry body; Unique relocation-masked candidate in every comparable build. Historical byte comparison identifies the source contribution, not unchanged authored source or relocation-target equivalence."
function-source:wiz8:00404ba0:InitializeMemoryManager,wiz8,function,00404ba0,accepted-identity,InitializeMemoryManager,sgp-source,source-backed,strong,evidence/snapshots/sgp/harness.csv;released-baseline:fdff790b,"Pinned SGP implementation owns the retained Wizardry body; Unique relocation-masked candidate in every comparable build. Historical byte comparison identifies the source contribution, not unchanged authored source or relocation-target equivalence."
function-source:wiz8:00404bd0:MemGetFree,wiz8,function,00404bd0,accepted-identity,MemGetFree,sgp-source,source-backed,strong,evidence/snapshots/sgp/harness.csv;released-baseline:fdff790b,"Pinned SGP implementation owns the retained Wizardry body; Unique relocation-masked candidate in every comparable build. Historical byte comparison identifies the source contribution, not unchanged authored source or relocation-target equivalence."
function-source:wiz8:00404bc0:ShutdownMemoryManager,wiz8,function,00404bc0,accepted-identity,ShutdownMemoryManager,sgp-source,source-backed,strong,evidence/snapshots/sgp/harness.csv;released-baseline:fdff790b,"Released shutdown clears fMemManagerInit in the startup and teardown owner sequence; Retail call order and the owned flag resolve the generic one-store body. Historical byte comparison identifies the source contribution, not unchanged authored source or relocation-target equivalence."
function-source:wiz8:0040e170:DrawDefaultOnButton,wiz8,function,0040e170,accepted-identity,DrawDefaultOnButton,sgp-source,source-backed,strong,evidence/snapshots/sgp/harness.csv;released-baseline:fdff790b,"Pinned SGP implementation owns the retained Wizardry body; Unique relocation-masked candidate in every comparable build. Historical byte comparison identifies the source contribution, not unchanged authored source or relocation-target equivalence."
function-source:wiz8:0040d070:RemoveButtonsMarkedForDeletion,wiz8,function,0040d070,accepted-identity,RemoveButtonsMarkedForDeletion,sgp-source,source-backed,strong,evidence/snapshots/sgp/harness.csv;released-baseline:fdff790b,"Pinned SGP implementation owns the retained Wizardry body; Unique relocation-masked candidate in every comparable build. Historical byte comparison identifies the source contribution, not unchanged authored source or relocation-target equivalence."
function-source:wiz8:0040c230:LoadButtonImage,wiz8,function,0040c230,accepted-identity,LoadButtonImage,sgp-source,source-backed,strong,evidence/snapshots/sgp/harness.csv;released-baseline:fdff790b,"Pinned SGP implementation owns the retained Wizardry body; Unique relocation-masked candidate in every comparable build. Historical byte comparison identifies the source contribution, not unchanged authored source or relocation-target equivalence."
function-source:wiz8:0040c4f0:UseVObjAsButtonImage,wiz8,function,0040c4f0,accepted-identity,UseVObjAsButtonImage,sgp-source,source-backed,strong,evidence/snapshots/sgp/harness.csv;released-baseline:fdff790b,"Pinned SGP implementation owns the retained Wizardry body; Unique relocation-masked candidate in every comparable build. Historical byte comparison identifies the source contribution, not unchanged authored source or relocation-target equivalence."
function-source:wiz8:0040c710:UnloadButtonImage,wiz8,function,0040c710,accepted-identity,UnloadButtonImage,sgp-source,source-backed,strong,evidence/snapshots/sgp/harness.csv;released-baseline:fdff790b,"Pinned SGP implementation owns the retained Wizardry body; Unique relocation-masked candidate in every comparable build. Historical byte comparison identifies the source contribution, not unchanged authored source or relocation-target equivalence."
function-source:wiz8:0040c7e0:DisableButton,wiz8,function,0040c7e0,accepted-identity,DisableButton,sgp-source,source-backed,strong,evidence/snapshots/sgp/harness.csv;released-baseline:fdff790b,"Pinned SGP implementation owns the retained Wizardry body; Unique relocation-masked candidate in every comparable build. Historical byte comparison identifies the source contribution, not unchanged authored source or relocation-target equivalence."
function-source:wiz8:0040c840:InitializeButtonImageManager,wiz8,function,0040c840,accepted-identity,InitializeButtonImageManager,sgp-source,source-backed,strong,evidence/snapshots/sgp/harness.csv;released-baseline:fdff790b,"Pinned SGP implementation owns the retained Wizardry body; Unique relocation-masked candidate in every comparable build. Historical byte comparison identifies the source contribution, not unchanged authored source or relocation-target equivalence."
function-source:wiz8:0040ca70:UnloadGenericButtonImage,wiz8,function,0040ca70,accepted-identity,UnloadGenericButtonImage,sgp-source,source-backed,strong,evidence/snapshots/sgp/harness.csv;released-baseline:fdff790b,"Pinned SGP implementation owns the retained Wizardry body; Unique relocation-masked candidate in every comparable build. Historical byte comparison identifies the source contribution, not unchanged authored source or relocation-target equivalence."
function-source:wiz8:0040cb70:LoadGenericButtonImages,wiz8,function,0040cb70,accepted-identity,LoadGenericButtonImages,sgp-source,source-backed,strong,evidence/snapshots/sgp/harness.csv;released-baseline:fdff790b,"Pinned SGP implementation owns the retained Wizardry body; Unique relocation-masked candidate in every comparable build. Historical byte comparison identifies the source contribution, not unchanged authored source or relocation-target equivalence."
function-source:wiz8:0040ce60:ShutdownButtonImageManager,wiz8,function,0040ce60,accepted-identity,ShutdownButtonImageManager,sgp-source,source-backed,strong,evidence/snapshots/sgp/harness.csv;released-baseline:fdff790b,"Pinned SGP implementation owns the retained Wizardry body; Unique relocation-masked candidate in every comparable build. Historical byte comparison identifies the source contribution, not unchanged authored source or relocation-target equivalence."
function-source:wiz8:0040cf60:InitButtonSystem,wiz8,function,0040cf60,accepted-identity,InitButtonSystem,sgp-source,source-backed,strong,evidence/snapshots/sgp/harness.csv;released-baseline:fdff790b,"Pinned SGP implementation owns the retained Wizardry body; Unique relocation-masked candidate in every comparable build. Historical byte comparison identifies the source contribution, not unchanged authored source or relocation-target equivalence."
function-source:wiz8:0040cf90:ShutdownButtonSystem,wiz8,function,0040cf90,accepted-identity,ShutdownButtonSystem,sgp-source,source-backed,strong,evidence/snapshots/sgp/harness.csv;released-baseline:fdff790b,"Pinned SGP implementation owns the retained Wizardry body; Unique relocation-masked candidate in every comparable build. Historical byte comparison identifies the source contribution, not unchanged authored source or relocation-target equivalence."
function-source:wiz8:0040d150:RemoveButton,wiz8,function,0040d150,accepted-identity,RemoveButton,sgp-source,source-backed,strong,evidence/snapshots/sgp/harness.csv;released-baseline:fdff790b,"Pinned SGP implementation owns the retained Wizardry body; Unique relocation-masked candidate in every comparable build. Historical byte comparison identifies the source contribution, not unchanged authored source or relocation-target equivalence."
function-source:wiz8:0040d210:ResizeButton,wiz8,function,0040d210,accepted-identity,ResizeButton,sgp-source,source-backed,strong,evidence/snapshots/sgp/harness.csv;released-baseline:fdff790b,"Pinned SGP implementation owns the retained Wizardry body; Unique relocation-masked candidate in every comparable build. Historical byte comparison identifies the source contribution, not unchanged authored source or relocation-target equivalence."
function-source:wiz8:0040d2b0:SetButtonPosition,wiz8,function,0040d2b0,accepted-identity,SetButtonPosition,sgp-source,source-backed,strong,evidence/snapshots/sgp/harness.csv;released-baseline:fdff790b,"Pinned SGP implementation owns the retained Wizardry body; Unique relocation-masked candidate in every comparable build. Historical byte comparison identifies the source contribution, not unchanged authored source or relocation-target equivalence."
function-source:wiz8:0040d350:CreateTextButton,wiz8,function,0040d350,accepted-identity,CreateTextButton,sgp-source,source-backed,strong,evidence/snapshots/sgp/harness.csv;released-baseline:fdff790b,"Pinned SGP implementation owns the retained Wizardry body; Unique relocation-masked candidate in every comparable build. Historical byte comparison identifies the source contribution, not unchanged authored source or relocation-target equivalence."
function-source:wiz8:0040d5e0:QuickCreateButton,wiz8,function,0040d5e0,accepted-identity,QuickCreateButton,sgp-source,source-backed,strong,evidence/snapshots/sgp/harness.csv;released-baseline:fdff790b,"Pinned SGP implementation owns the retained Wizardry body; Unique relocation-masked candidate in every comparable build. Historical byte comparison identifies the source contribution, not unchanged authored source or relocation-target equivalence."
function-source:wiz8:0040d850:SpecifyButtonText,wiz8,function,0040d850,accepted-identity,SpecifyButtonText,sgp-source,source-backed,strong,evidence/snapshots/sgp/harness.csv;released-baseline:fdff790b,"Pinned SGP implementation owns the retained Wizardry body; Unique relocation-masked candidate in every comparable build. Historical byte comparison identifies the source contribution, not unchanged authored source or relocation-target equivalence."
function-source:wiz8:0040d8c0:SpecifyButtonMultiColorFont,wiz8,function,0040d8c0,accepted-identity,SpecifyButtonMultiColorFont,sgp-source,source-backed,strong,evidence/snapshots/sgp/harness.csv;released-baseline:fdff790b,"Pinned SGP implementation owns the retained Wizardry body; Unique relocation-masked candidate in every comparable build. Historical byte comparison identifies the source contribution, not unchanged authored source or relocation-target equivalence."
function-source:wiz8:0040d8e0:SpecifyButtonTextOffsets,wiz8,function,0040d8e0,accepted-identity,SpecifyButtonTextOffsets,sgp-source,source-backed,strong,evidence/snapshots/sgp/harness.csv;released-baseline:fdff790b,"Pinned SGP implementation owns the retained Wizardry body; Unique relocation-masked candidate in every comparable build. Historical byte comparison identifies the source contribution, not unchanged authored source or relocation-target equivalence."
function-source:wiz8:0040d910:SetButtonFastHelpText,wiz8,function,0040d910,accepted-identity,SetButtonFastHelpText,sgp-source,source-backed,strong,evidence/snapshots/sgp/harness.csv;released-baseline:fdff790b,"Pinned SGP implementation owns the retained Wizardry body; Unique relocation-masked candidate in every comparable build. Historical byte comparison identifies the source contribution, not unchanged authored source or relocation-target equivalence."
function-source:wiz8:0040d940:QuickButtonCallbackMMove,wiz8,function,0040d940,accepted-identity,QuickButtonCallbackMMove,sgp-source,source-backed,strong,evidence/snapshots/sgp/harness.csv;released-baseline:fdff790b,"Pinned SGP implementation owns the retained Wizardry body; Unique relocation-masked candidate in every comparable build. Historical byte comparison identifies the source contribution, not unchanged authored source or relocation-target equivalence."
function-source:wiz8:0040da50:QuickButtonCallbackMButn,wiz8,function,0040da50,accepted-identity,QuickButtonCallbackMButn,sgp-source,source-backed,strong,evidence/snapshots/sgp/harness.csv;released-baseline:fdff790b,"Pinned SGP implementation owns the retained Wizardry body; Unique relocation-masked candidate in every comparable build. Historical byte comparison identifies the source contribution, not unchanged authored source or relocation-target equivalence."
function-source:wiz8:0040dc80:RenderButtons,wiz8,function,0040dc80,accepted-identity,RenderButtons,sgp-source,source-backed,strong,evidence/snapshots/sgp/harness.csv;released-baseline:fdff790b,"Pinned SGP implementation owns the retained Wizardry body; Unique relocation-masked candidate in every comparable build. Historical byte comparison identifies the source contribution, not unchanged authored source or relocation-target equivalence."
function-source:wiz8:0040de90:MarkButtonsDirty,wiz8,function,0040de90,accepted-identity,MarkButtonsDirty,sgp-source,source-backed,strong,evidence/snapshots/sgp/harness.csv;released-baseline:fdff790b,"Pinned SGP implementation owns the retained Wizardry body; Unique relocation-masked candidate in every comparable build. Historical byte comparison identifies the source contribution, not unchanged authored source or relocation-target equivalence."
function-source:wiz8:0040deb0:DrawButton,wiz8,function,0040deb0,accepted-identity,DrawButton,sgp-source,source-backed,strong,evidence/snapshots/sgp/harness.csv;released-baseline:fdff790b,"Pinned SGP implementation owns the retained Wizardry body; Unique relocation-masked candidate in every comparable build. Historical byte comparison identifies the source contribution, not unchanged authored source or relocation-target equivalence."
function-source:wiz8:0040e060:DrawQuickButton,wiz8,function,0040e060,accepted-identity,DrawQuickButton,sgp-source,source-backed,strong,evidence/snapshots/sgp/harness.csv;released-baseline:fdff790b,"Pinned SGP implementation owns the retained Wizardry body; Unique relocation-masked candidate in every comparable build. Historical byte comparison identifies the source contribution, not unchanged authored source or relocation-target equivalence."
function-source:wiz8:0040e890:DrawGenericButton,wiz8,function,0040e890,accepted-identity,DrawGenericButton,sgp-source,source-backed,strong,evidence/snapshots/sgp/harness.csv;released-baseline:fdff790b,"Pinned SGP implementation owns the retained Wizardry body; Unique relocation-masked candidate in every comparable build. Historical byte comparison identifies the source contribution, not unchanged authored source or relocation-target equivalence."
function-source:wiz8:0040e280:DrawCheckBoxButton,wiz8,function,0040e280,accepted-identity,DrawCheckBoxButton,sgp-source,source-backed,strong,evidence/snapshots/sgp/harness.csv;released-baseline:fdff790b,"Pinned SGP implementation owns the retained Wizardry body; Unique relocation-masked candidate in every comparable build. Historical byte comparison identifies the source contribution, not unchanged authored source or relocation-target equivalence."
function-source:wiz8:0040e3b0:DrawIconOnButton,wiz8,function,0040e3b0,accepted-identity,DrawIconOnButton,sgp-source,source-backed,strong,evidence/snapshots/sgp/harness.csv;released-baseline:fdff790b,"Pinned SGP implementation owns the retained Wizardry body; Unique relocation-masked candidate in every comparable build. Historical byte comparison identifies the source contribution, not unchanged authored source or relocation-target equivalence."
function-source:wiz8:0040e5d0:DrawTextOnButton,wiz8,function,0040e5d0,accepted-identity,DrawTextOnButton,sgp-source,source-backed,strong,evidence/snapshots/sgp/harness.csv;released-baseline:fdff790b,"Pinned SGP implementation owns the retained Wizardry body; Unique relocation-masked candidate in every comparable build. Historical byte comparison identifies the source contribution, not unchanged authored source or relocation-target equivalence."
function-source:wiz8:0040edc0:MSYS_SetBtnUserData,wiz8,function,0040edc0,accepted-identity,MSYS_SetBtnUserData,sgp-source,source-backed,strong,evidence/snapshots/sgp/harness.csv;released-baseline:fdff790b,"Pinned SGP implementation owns the retained Wizardry body; Unique relocation-masked candidate in every comparable build. Historical byte comparison identifies the source contribution, not unchanged authored source or relocation-target equivalence."
function-source:wiz8:0040edf0:MSYS_GetBtnUserData,wiz8,function,0040edf0,accepted-identity,MSYS_GetBtnUserData,sgp-source,source-backed,strong,evidence/snapshots/sgp/harness.csv;released-baseline:fdff790b,"Pinned SGP implementation owns the retained Wizardry body; Unique relocation-masked candidate in every comparable build. Historical byte comparison identifies the source contribution, not unchanged authored source or relocation-target equivalence."
function-source:wiz8:0040ee10:BtnGenericMouseMoveButtonCallback,wiz8,function,0040ee10,accepted-identity,BtnGenericMouseMoveButtonCallback,sgp-source,source-backed,strong,evidence/snapshots/sgp/harness.csv;released-baseline:fdff790b,"Pinned SGP implementation owns the retained Wizardry body; Unique relocation-masked candidate in every comparable build. Historical byte comparison identifies the source contribution, not unchanged authored source or relocation-target equivalence."
function-source:wiz8:0040ee80:HideButton,wiz8,function,0040ee80,accepted-identity,HideButton,sgp-source,source-backed,strong,evidence/snapshots/sgp/harness.csv;released-baseline:fdff790b,"Pinned SGP implementation owns the retained Wizardry body; Unique relocation-masked candidate in every comparable build. Historical byte comparison identifies the source contribution, not unchanged authored source or relocation-target equivalence."
function-source:wiz8:0040eea0:ShowButton,wiz8,function,0040eea0,accepted-identity,ShowButton,sgp-source,source-backed,strong,evidence/snapshots/sgp/harness.csv;released-baseline:fdff790b,"Pinned SGP implementation owns the retained Wizardry body; Unique relocation-masked candidate in every comparable build. Historical byte comparison identifies the source contribution, not unchanged authored source or relocation-target equivalence."
function-source:wiz8:0040eec0:GetButtonArea,wiz8,function,0040eec0,accepted-identity,GetButtonArea,sgp-source,source-backed,strong,evidence/snapshots/sgp/harness.csv;released-baseline:fdff790b,"Pinned SGP implementation owns the retained Wizardry body; Unique relocation-masked candidate in every comparable build. Historical byte comparison identifies the source contribution, not unchanged authored source or relocation-target equivalence."
function-source:wiz8:0040ef00:GetButtonWidth,wiz8,function,0040ef00,accepted-identity,GetButtonWidth,sgp-source,source-backed,strong,evidence/snapshots/sgp/harness.csv;released-baseline:fdff790b,"Pinned SGP implementation owns the retained Wizardry body; Unique relocation-masked candidate in every comparable build. Historical byte comparison identifies the source contribution, not unchanged authored source or relocation-target equivalence."
function-source:wiz8:0040ef20:GetButtonHeight,wiz8,function,0040ef20,accepted-identity,GetButtonHeight,sgp-source,source-backed,strong,evidence/snapshots/sgp/harness.csv;released-baseline:fdff790b,"Pinned SGP implementation owns the retained Wizardry body; Unique relocation-masked candidate in every comparable build. Historical byte comparison identifies the source contribution, not unchanged authored source or relocation-target equivalence."
function-source:wiz8:0040ef40:GetButtonX,wiz8,function,0040ef40,accepted-identity,GetButtonX,sgp-source,source-backed,strong,evidence/snapshots/sgp/harness.csv;released-baseline:fdff790b,"Pinned SGP implementation owns the retained Wizardry body; Unique relocation-masked candidate in every comparable build. Historical byte comparison identifies the source contribution, not unchanged authored source or relocation-target equivalence."
function-source:wiz8:0040ef60:GetButtonY,wiz8,function,0040ef60,accepted-identity,GetButtonY,sgp-source,source-backed,strong,evidence/snapshots/sgp/harness.csv;released-baseline:fdff790b,"Pinned SGP implementation owns the retained Wizardry body; Unique relocation-masked candidate in every comparable build. Historical byte comparison identifies the source contribution, not unchanged authored source or relocation-target equivalence."
function-source:wiz8:0040f850:CreateImage,wiz8,function,0040f850,accepted-identity,CreateImage,sgp-source,source-backed,strong,evidence/snapshots/sgp/harness.csv;released-baseline:fdff790b,"Pinned SGP implementation owns the retained Wizardry body; Unique relocation-masked candidate in every comparable build. Historical byte comparison identifies the source contribution, not unchanged authored source or relocation-target equivalence."
function-source:wiz8:0040f9f0:DestroyImage,wiz8,function,0040f9f0,accepted-identity,DestroyImage,sgp-source,source-backed,strong,evidence/snapshots/sgp/harness.csv;released-baseline:fdff790b,"Pinned SGP implementation owns the retained Wizardry body; Unique relocation-masked candidate in every comparable build. Historical byte comparison identifies the source contribution, not unchanged authored source or relocation-target equivalence."
function-source:wiz8:0040fa10:ReleaseImageData,wiz8,function,0040fa10,accepted-identity,ReleaseImageData,sgp-source,source-backed,strong,evidence/snapshots/sgp/harness.csv;released-baseline:fdff790b,"Pinned SGP implementation owns the retained Wizardry body; Unique relocation-masked candidate in every comparable build. Historical byte comparison identifies the source contribution, not unchanged authored source or relocation-target equivalence."
function-source:wiz8:0040fad0:CopyImageToBuffer,wiz8,function,0040fad0,accepted-identity,CopyImageToBuffer,sgp-source,source-backed,strong,evidence/snapshots/sgp/harness.csv;released-baseline:fdff790b,"Pinned SGP implementation owns the retained Wizardry body; Unique relocation-masked candidate in every comparable build. Historical byte comparison identifies the source contribution, not unchanged authored source or relocation-target equivalence."
function-source:wiz8:0040fba0:Copy8BPPCompressedImageTo8BPPBuffer,wiz8,function,0040fba0,accepted-identity,Copy8BPPCompressedImageTo8BPPBuffer,sgp-source,source-backed,strong,evidence/snapshots/sgp/harness.csv;released-baseline:fdff790b,"Pinned SGP implementation owns the retained Wizardry body; Unique relocation-masked candidate in every comparable build. Historical byte comparison identifies the source contribution, not unchanged authored source or relocation-target equivalence."
function-source:wiz8:0040fe40:Copy8BPPImageTo8BPPBuffer,wiz8,function,0040fe40,accepted-identity,Copy8BPPImageTo8BPPBuffer,sgp-source,source-backed,strong,evidence/snapshots/sgp/harness.csv;released-baseline:fdff790b,"Pinned SGP implementation owns the retained Wizardry body; Unique relocation-masked candidate in every comparable build. Historical byte comparison identifies the source contribution, not unchanged authored source or relocation-target equivalence."
function-source:wiz8:0040fca0:Copy8BPPCompressedImageTo16BPPBuffer,wiz8,function,0040fca0,accepted-identity,Copy8BPPCompressedImageTo16BPPBuffer,sgp-source,source-backed,strong,evidence/snapshots/sgp/harness.csv;released-baseline:fdff790b,"Pinned SGP implementation owns the retained Wizardry body; Unique relocation-masked candidate in every comparable build. Historical byte comparison identifies the source contribution, not unchanged authored source or relocation-target equivalence."
function-source:wiz8:00410050:Copy8BPPImageTo16BPPBuffer,wiz8,function,00410050,accepted-identity,Copy8BPPImageTo16BPPBuffer,sgp-source,source-backed,strong,evidence/snapshots/sgp/harness.csv;released-baseline:fdff790b,"Pinned SGP implementation owns the retained Wizardry body; Unique relocation-masked candidate in every comparable build. Historical byte comparison identifies the source contribution, not unchanged authored source or relocation-target equivalence."
function-source:wiz8:0040ff30:Copy16BPPImageTo16BPPBuffer,wiz8,function,0040ff30,accepted-identity,Copy16BPPImageTo16BPPBuffer,sgp-source,source-backed,strong,evidence/snapshots/sgp/harness.csv;released-baseline:fdff790b,"Pinned SGP implementation owns the retained Wizardry body; Unique relocation-masked candidate in every comparable build. Historical byte comparison identifies the source contribution, not unchanged authored source or relocation-target equivalence."
function-source:wiz8:00410580:GetETRLEImageData,wiz8,function,00410580,accepted-identity,GetETRLEImageData,sgp-source,source-backed,strong,evidence/snapshots/sgp/harness.csv;released-baseline:fdff790b,"Pinned SGP implementation owns the retained Wizardry body; Unique relocation-masked candidate in every comparable build. Historical byte comparison identifies the source contribution, not unchanged authored source or relocation-target equivalence."
function-source:wiz8:00410670:ConvertRGBDistribution565To655,wiz8,function,00410670,accepted-identity,ConvertRGBDistribution565To655,sgp-source,source-backed,strong,evidence/snapshots/sgp/harness.csv;released-baseline:fdff790b,"Pinned SGP implementation owns the retained Wizardry body; Unique relocation-masked candidate in every comparable build. Historical byte comparison identifies the source contribution, not unchanged authored source or relocation-target equivalence."
function-source:wiz8:004106c0:ConvertRGBDistribution565To556,wiz8,function,004106c0,accepted-identity,ConvertRGBDistribution565To556,sgp-source,source-backed,strong,evidence/snapshots/sgp/harness.csv;released-baseline:fdff790b,"Pinned SGP implementation owns the retained Wizardry body; Unique relocation-masked candidate in every comparable build. Historical byte comparison identifies the source contribution, not unchanged authored source or relocation-target equivalence."
function-source:wiz8:00410700:ConvertRGBDistribution565ToAny,wiz8,function,00410700,accepted-identity,ConvertRGBDistribution565ToAny,sgp-source,source-backed,strong,evidence/snapshots/sgp/harness.csv;released-baseline:fdff790b,"Pinned SGP implementation owns the retained Wizardry body; Unique relocation-masked candidate in every comparable build. Historical byte comparison identifies the source contribution, not unchanged authored source or relocation-target equivalence."
function-source:wiz8:00415250:STCILoadRGB,wiz8,function,00415250,accepted-identity,STCILoadRGB,sgp-source,source-backed,strong,evidence/snapshots/sgp/harness.csv;released-baseline:fdff790b,"Pinned SGP implementation owns the retained Wizardry body; Unique relocation-masked candidate in every comparable build. Historical byte comparison identifies the source contribution, not unchanged authored source or relocation-target equivalence."
function-source:wiz8:004153f0:STCILoadIndexed,wiz8,function,004153f0,accepted-identity,STCILoadIndexed,sgp-source,source-backed,strong,evidence/snapshots/sgp/harness.csv;released-baseline:fdff790b,"Pinned SGP implementation owns the retained Wizardry body; Unique relocation-masked candidate in every comparable build. Historical byte comparison identifies the source contribution, not unchanged authored source or relocation-target equivalence."
function-source:wiz8:00415130:LoadSTCIFileToImage,wiz8,function,00415130,accepted-identity,LoadSTCIFileToImage,sgp-source,source-backed,strong,evidence/snapshots/sgp/harness.csv;released-baseline:fdff790b,"Pinned SGP implementation owns the retained Wizardry body; Unique relocation-masked candidate in every comparable build. Historical byte comparison identifies the source contribution, not unchanged authored source or relocation-target equivalence."
function-source:wiz8:00414940:BlitPcxToBuffer,wiz8,function,00414940,accepted-identity,BlitPcxToBuffer,sgp-source,source-backed,strong,evidence/snapshots/sgp/harness.csv;released-baseline:fdff790b,"Pinned SGP implementation owns the retained Wizardry body; Unique relocation-masked candidate in every comparable build. Historical byte comparison identifies the source contribution, not unchanged authored source or relocation-target equivalence."
function-source:wiz8:00414810:LoadPcx,wiz8,function,00414810,accepted-identity,LoadPcx,sgp-source,source-backed,strong,evidence/snapshots/sgp/harness.csv;released-baseline:fdff790b,"Pinned SGP implementation owns the retained Wizardry body; Unique relocation-masked candidate in every comparable build. Historical byte comparison identifies the source contribution, not unchanged authored source or relocation-target equivalence."
function-source:wiz8:00414700:LoadPCXFileToImage,wiz8,function,00414700,accepted-identity,LoadPCXFileToImage,sgp-source,source-backed,strong,evidence/snapshots/sgp/harness.csv;released-baseline:fdff790b,"Pinned SGP implementation owns the retained Wizardry body; Unique relocation-masked candidate in every comparable build. Historical byte comparison identifies the source contribution, not unchanged authored source or relocation-target equivalence."
function-source:wiz8:00414d70:ReadUncompRGBImage,wiz8,function,00414d70,accepted-identity,ReadUncompRGBImage,sgp-source,source-backed,strong,evidence/snapshots/sgp/harness.csv;released-baseline:fdff790b,"Pinned SGP implementation owns the retained Wizardry body; Unique relocation-masked candidate in every comparable build. Historical byte comparison identifies the source contribution, not unchanged authored source or relocation-target equivalence."
function-source:wiz8:00414c60:LoadTGAFileToImage,wiz8,function,00414c60,accepted-identity,LoadTGAFileToImage,sgp-source,source-backed,strong,evidence/snapshots/sgp/harness.csv;released-baseline:fdff790b,"Pinned SGP implementation owns the retained Wizardry body; Unique relocation-masked candidate in every comparable build. Historical byte comparison identifies the source contribution, not unchanged authored source or relocation-target equivalence."
function-source:wiz8:00413fd0:SetClippingRegionAndImageWidth,wiz8,function,00413fd0,accepted-identity,SetClippingRegionAndImageWidth,sgp-source,source-backed,strong,evidence/snapshots/sgp/harness.csv;released-baseline:fdff790b,"Pinned SGP implementation owns the retained Wizardry body; Unique relocation-masked candidate in every comparable build. Historical byte comparison identifies the source contribution, not unchanged authored source or relocation-target equivalence."
function-source:wiz8:00414390:LineDraw,wiz8,function,00414390,accepted-identity,LineDraw,sgp-source,source-backed,strong,evidence/snapshots/sgp/harness.csv;released-baseline:fdff790b,"Pinned SGP implementation owns the retained Wizardry body; Unique relocation-masked candidate in every comparable build. Historical byte comparison identifies the source contribution, not unchanged authored source or relocation-target equivalence."
function-source:wiz8:00414010:Clip2D,wiz8,function,00414010,accepted-identity,Clip2D,sgp-source,source-backed,strong,evidence/snapshots/sgp/harness.csv;released-baseline:fdff790b,"Pinned SGP implementation owns the retained Wizardry body; Unique relocation-masked candidate in every comparable build. Historical byte comparison identifies the source contribution, not unchanged authored source or relocation-target equivalence."
function-source:wiz8:00413d60:BuildShadeTable,wiz8,function,00413d60,accepted-identity,BuildShadeTable,sgp-source,source-backed,strong,evidence/snapshots/sgp/harness.csv;released-baseline:fdff790b,"Pinned SGP implementation owns the retained Wizardry body; Unique relocation-masked candidate in every comparable build. Historical byte comparison identifies the source contribution, not unchanged authored source or relocation-target equivalence."
function-source:wiz8:00413e80:SetShadeTablePercent,wiz8,function,00413e80,accepted-identity,SetShadeTablePercent,sgp-source,source-backed,strong,evidence/snapshots/sgp/harness.csv;released-baseline:fdff790b,"Pinned SGP implementation owns the retained Wizardry body; Unique relocation-masked candidate in every comparable build. Historical byte comparison identifies the source contribution, not unchanged authored source or relocation-target equivalence."
function-source:wiz8:004146e0:DirectXZeroMem,wiz8,function,004146e0,accepted-identity,DirectXZeroMem,sgp-source,source-backed,strong,evidence/snapshots/sgp/harness.csv;released-baseline:fdff790b,"Pinned SGP implementation owns the retained Wizardry body; Unique relocation-masked candidate in every comparable build. Historical byte comparison identifies the source contribution, not unchanged authored source or relocation-target equivalence."
function-source:wiz8:004029f0:RestoreVideoSurfaces,wiz8,function,004029f0,accepted-identity,RestoreVideoSurfaces,sgp-source,source-backed,strong,released-baseline:fdff790b;historical-sgp-source-markers,"Preserves the previously reviewed SGP identity from the retired marker warehouse. Current byte identity is established by current object comparison, not this provenance record."
function-source:wiz8:00402a70:AddStandardVideoSurface,wiz8,function,00402a70,accepted-identity,AddStandardVideoSurface,sgp-source,source-backed,strong,released-baseline:fdff790b;historical-sgp-source-markers,"Preserves the previously reviewed SGP identity from the retired marker warehouse. Current byte identity is established by current object comparison, not this provenance record."
function-source:wiz8:00402e30:SetPrimaryVideoSurfaces,wiz8,function,00402e30,accepted-identity,SetPrimaryVideoSurfaces,sgp-source,source-backed,strong,released-baseline:fdff790b;historical-sgp-source-markers,"Preserves the previously reviewed SGP identity from the retired marker warehouse. Current byte identity is established by current object comparison, not this provenance record."
function-source:wiz8:00402ed0:BltVideoSurface,wiz8,function,00402ed0,accepted-identity,BltVideoSurface,sgp-source,source-backed,strong,released-baseline:fdff790b;historical-sgp-source-markers,"Preserves the previously reviewed SGP identity from the retired marker warehouse. Current byte identity is established by current object comparison, not this provenance record."
function-source:wiz8:00402fa0:ColorFillVideoSurfaceArea,wiz8,function,00402fa0,accepted-identity,ColorFillVideoSurfaceArea,sgp-source,source-backed,strong,released-baseline:fdff790b;historical-sgp-source-markers,"Preserves the previously reviewed SGP identity from the retired marker warehouse. Current byte identity is established by current object comparison, not this provenance record."
function-source:wiz8:004045b0:InternalShadowVideoSurfaceRect,wiz8,function,004045b0,accepted-identity,InternalShadowVideoSurfaceRect,sgp-source,source-backed,strong,released-baseline:fdff790b;historical-sgp-source-markers,"Preserves the previously reviewed SGP identity from the retired marker warehouse. Current byte identity is established by current object comparison, not this provenance record."
function-source:wiz8:004048a0:ShadowVideoSurfaceRect,wiz8,function,004048a0,accepted-identity,ShadowVideoSurfaceRect,sgp-source,source-backed,strong,released-baseline:fdff790b;historical-sgp-source-markers,"Preserves the previously reviewed SGP identity from the retired marker warehouse. Current byte identity is established by current object comparison, not this provenance record."
function-source:wiz8:00404bf0:FileExists,wiz8,function,00404bf0,accepted-identity,FileExists,sgp-source,source-backed,strong,released-baseline:fdff790b;historical-sgp-source-markers,"Preserves the previously reviewed SGP identity from the retired marker warehouse. Current byte identity is established by current object comparison, not this provenance record."
function-source:wiz8:00404c40:FileExistsNoDB,wiz8,function,00404c40,accepted-identity,FileExistsNoDB,sgp-source,source-backed,strong,released-baseline:fdff790b;historical-sgp-source-markers,"Preserves the previously reviewed SGP identity from the retired marker warehouse. Current byte identity is established by current object comparison, not this provenance record."
function-source:wiz8:00404c70:FileDelete,wiz8,function,00404c70,accepted-identity,FileDelete,sgp-source,source-backed,strong,released-baseline:fdff790b;historical-sgp-source-markers,"Preserves the previously reviewed SGP identity from the retired marker warehouse. Current byte identity is established by current object comparison, not this provenance record."
function-source:wiz8:00404c80:FileOpen,wiz8,function,00404c80,accepted-identity,FileOpen,sgp-source,source-backed,strong,released-baseline:fdff790b;historical-sgp-source-markers,"Preserves the previously reviewed SGP identity from the retired marker warehouse. Current byte identity is established by current object comparison, not this provenance record."
function-source:wiz8:00404fb0:FileWrite,wiz8,function,00404fb0,accepted-identity,FileWrite,sgp-source,source-backed,strong,released-baseline:fdff790b;historical-sgp-source-markers,"Preserves the previously reviewed SGP identity from the retired marker warehouse. Current byte identity is established by current object comparison, not this provenance record."
function-source:wiz8:00405030:FileSeek,wiz8,function,00405030,accepted-identity,FileSeek,sgp-source,source-backed,strong,released-baseline:fdff790b;historical-sgp-source-markers,"Preserves the previously reviewed SGP identity from the retired marker warehouse. Current byte identity is established by current object comparison, not this provenance record."
function-source:wiz8:00405150:FileGetSize,wiz8,function,00405150,accepted-identity,FileGetSize,sgp-source,source-backed,strong,released-baseline:fdff790b;historical-sgp-source-markers,"Preserves the previously reviewed SGP identity from the retired marker warehouse. Current byte identity is established by current object comparison, not this provenance record."
function-source:wiz8:004051d0:DirectoryExists,wiz8,function,004051d0,accepted-identity,DirectoryExists,sgp-source,source-backed,strong,released-baseline:fdff790b;historical-sgp-source-markers,"Preserves the previously reviewed SGP identity from the retired marker warehouse. Current byte identity is established by current object comparison, not this provenance record."
function-source:wiz8:004051f0:MakeFileManDirectory,wiz8,function,004051f0,accepted-identity,MakeFileManDirectory,sgp-source,source-backed,strong,released-baseline:fdff790b;historical-sgp-source-markers,"Preserves the previously reviewed SGP identity from the retired marker warehouse. Current byte identity is established by current object comparison, not this provenance record."
function-source:wiz8:00405200:GetExecutableDirectory,wiz8,function,00405200,accepted-identity,GetExecutableDirectory,sgp-source,source-backed,strong,released-baseline:fdff790b;historical-sgp-source-markers,"Preserves the previously reviewed SGP identity from the retired marker warehouse. Current byte identity is established by current object comparison, not this provenance record."
function-source:wiz8:00405270:GetFileFirst,wiz8,function,00405270,accepted-identity,GetFileFirst,sgp-source,source-backed,strong,released-baseline:fdff790b;historical-sgp-source-markers,"Preserves the previously reviewed SGP identity from the retired marker warehouse. Current byte identity is established by current object comparison, not this provenance record."
function-source:wiz8:00405300:GetFileNext,wiz8,function,00405300,accepted-identity,GetFileNext,sgp-source,source-backed,strong,released-baseline:fdff790b;historical-sgp-source-markers,"Preserves the previously reviewed SGP identity from the retired marker warehouse. Current byte identity is established by current object comparison, not this provenance record."
function-source:wiz8:00405350:GetFileClose,wiz8,function,00405350,accepted-identity,GetFileClose,sgp-source,source-backed,strong,released-baseline:fdff790b;historical-sgp-source-markers,"Preserves the previously reviewed SGP identity from the retired marker warehouse. Current byte identity is established by current object comparison, not this provenance record."
function-source:wiz8:00405390:W32toSGPFileFind,wiz8,function,00405390,accepted-identity,W32toSGPFileFind,sgp-source,source-backed,strong,released-baseline:fdff790b;historical-sgp-source-markers,"Preserves the previously reviewed SGP identity from the retired marker warehouse. Current byte identity is established by current object comparison, not this provenance record."
function-source:wiz8:004054d0:FileCopy,wiz8,function,004054d0,accepted-identity,FileCopy,sgp-source,source-backed,strong,released-baseline:fdff790b;historical-sgp-source-markers,"Preserves the previously reviewed SGP identity from the retired marker warehouse. Current byte identity is established by current object comparison, not this provenance record."
function-source:wiz8:004054f0:FileGetAttributes,wiz8,function,004054f0,accepted-identity,FileGetAttributes,sgp-source,source-backed,strong,released-baseline:fdff790b;historical-sgp-source-markers,"Preserves the previously reviewed SGP identity from the retired marker warehouse. Current byte identity is established by current object comparison, not this provenance record."
function-source:wiz8:00405550:FileClearAttributes,wiz8,function,00405550,accepted-identity,FileClearAttributes,sgp-source,source-backed,strong,released-baseline:fdff790b;historical-sgp-source-markers,"Preserves the previously reviewed SGP identity from the retired marker warehouse. Current byte identity is established by current object comparison, not this provenance record."
function-source:wiz8:00405630:GetFileManFileTime,wiz8,function,00405630,accepted-identity,GetFileManFileTime,sgp-source,source-backed,strong,released-baseline:fdff790b;historical-sgp-source-markers,"Preserves the previously reviewed SGP identity from the retired marker warehouse. Current byte identity is established by current object comparison, not this provenance record."
function-source:wiz8:00405720:CompareSGPFileTimes,wiz8,function,00405720,accepted-identity,CompareSGPFileTimes,sgp-source,source-backed,strong,released-baseline:fdff790b;historical-sgp-source-markers,"Preserves the previously reviewed SGP identity from the retired marker warehouse. Current byte identity is established by current object comparison, not this provenance record."
function-source:wiz8:00405ef0:AddStandardVideoObject,wiz8,function,00405ef0,accepted-identity,AddStandardVideoObject,sgp-source,source-backed,strong,released-baseline:fdff790b;historical-sgp-source-markers,"Preserves the previously reviewed SGP identity from the retired marker warehouse. Current byte identity is established by current object comparison, not this provenance record."
function-source:wiz8:00405ff0:BltVideoObjectFromIndex,wiz8,function,00405ff0,accepted-identity,BltVideoObjectFromIndex,sgp-source,source-backed,strong,released-baseline:fdff790b;historical-sgp-source-markers,"Preserves the previously reviewed SGP identity from the retired marker warehouse. Current byte identity is established by current object comparison, not this provenance record."
function-source:wiz8:00406180:CreateVideoObject,wiz8,function,00406180,accepted-identity,CreateVideoObject,sgp-source,source-backed,strong,released-baseline:fdff790b;historical-sgp-source-markers,"Preserves the previously reviewed SGP identity from the retired marker warehouse. Current byte identity is established by current object comparison, not this provenance record."
function-source:wiz8:00406de0:GetFontObjectPalette16BPP,wiz8,function,00406de0,accepted-identity,GetFontObjectPalette16BPP,sgp-source,source-backed,strong,released-baseline:fdff790b;historical-sgp-source-markers,"Preserves the previously reviewed SGP identity from the retired marker warehouse. Current byte identity is established by current object comparison, not this provenance record."
function-source:wiz8:00406df0:GetFontObject,wiz8,function,00406df0,accepted-identity,GetFontObject,sgp-source,source-backed,strong,released-baseline:fdff790b;historical-sgp-source-markers,"Preserves the previously reviewed SGP identity from the retired marker warehouse. Current byte identity is established by current object comparison, not this provenance record."
function-source:wiz8:00407010:StringPixLength,wiz8,function,00407010,accepted-identity,StringPixLength,sgp-source,source-backed,strong,released-baseline:fdff790b;historical-sgp-source-markers,"Preserves the previously reviewed SGP identity from the retired marker warehouse. Current byte identity is established by current object comparison, not this provenance record."
function-source:wiz8:00407090:SaveFontSettings,wiz8,function,00407090,accepted-identity,SaveFontSettings,sgp-source,source-backed,strong,released-baseline:fdff790b;historical-sgp-source-markers,"Preserves the previously reviewed SGP identity from the retired marker warehouse. Current byte identity is established by current object comparison, not this provenance record."
function-source:wiz8:00407140:RestoreFontSettings,wiz8,function,00407140,accepted-identity,RestoreFontSettings,sgp-source,source-backed,strong,released-baseline:fdff790b;historical-sgp-source-markers,"Preserves the previously reviewed SGP identity from the retired marker warehouse. Current byte identity is established by current object comparison, not this provenance record."
function-source:wiz8:004071f0:GetFontHeight,wiz8,function,004071f0,accepted-identity,GetFontHeight,sgp-source,source-backed,strong,released-baseline:fdff790b;historical-sgp-source-markers,"Preserves the previously reviewed SGP identity from the retired marker warehouse. Current byte identity is established by current object comparison, not this provenance record."
function-source:wiz8:00407220:SetFontDestBuffer,wiz8,function,00407220,accepted-identity,SetFontDestBuffer,sgp-source,source-backed,strong,released-baseline:fdff790b;historical-sgp-source-markers,"Preserves the previously reviewed SGP identity from the retired marker warehouse. Current byte identity is established by current object comparison, not this provenance record."
function-source:wiz8:00407a10:gprintf_buffer,wiz8,function,00407a10,accepted-identity,gprintf_buffer,sgp-source,source-backed,strong,released-baseline:fdff790b;historical-sgp-source-markers,"Preserves the previously reviewed SGP identity from the retired marker warehouse. Current byte identity is established by current object comparison, not this provenance record."
function-source:wiz8:00407b80:mprintf_buffer,wiz8,function,00407b80,accepted-identity,mprintf_buffer,sgp-source,source-backed,strong,released-baseline:fdff790b;historical-sgp-source-markers,"Preserves the previously reviewed SGP identity from the retired marker warehouse. Current byte identity is established by current object comparison, not this provenance record."
function-source:wiz8:004086c0:SoundEnableSound,wiz8,function,004086c0,accepted-identity,SoundEnableSound,sgp-source,source-backed,strong,released-baseline:fdff790b;historical-sgp-source-markers,"Preserves the previously reviewed SGP identity from the retired marker warehouse. Current byte identity is established by current object comparison, not this provenance record."
function-source:wiz8:00408ad0:SoundPlayStreamedFile,wiz8,function,00408ad0,accepted-identity,SoundPlayStreamedFile,sgp-source,source-backed,strong,released-baseline:fdff790b;historical-sgp-source-markers,"Preserves the previously reviewed SGP identity from the retired marker warehouse. Current byte identity is established by current object comparison, not this provenance record."
function-source:wiz8:00408d60:SoundPlayRandom,wiz8,function,00408d60,accepted-identity,SoundPlayRandom,sgp-source,source-backed,strong,released-baseline:fdff790b;historical-sgp-source-markers,"Preserves the previously reviewed SGP identity from the retired marker warehouse. Current byte identity is established by current object comparison, not this provenance record."
function-source:wiz8:00408ef0:SoundIsPlaying,wiz8,function,00408ef0,accepted-identity,SoundIsPlaying,sgp-source,source-backed,strong,released-baseline:fdff790b;historical-sgp-source-markers,"Preserves the previously reviewed SGP identity from the retired marker warehouse. Current byte identity is established by current object comparison, not this provenance record."
function-source:wiz8:00408f70:SoundStop,wiz8,function,00408f70,accepted-identity,SoundStop,sgp-source,source-backed,strong,released-baseline:fdff790b;historical-sgp-source-markers,"Preserves the previously reviewed SGP identity from the retired marker warehouse. Current byte identity is established by current object comparison, not this provenance record."
function-source:wiz8:00409120:SoundSetDefaultVolume,wiz8,function,00409120,accepted-identity,SoundSetDefaultVolume,sgp-source,source-backed,strong,released-baseline:fdff790b;historical-sgp-source-markers,"Preserves the previously reviewed SGP identity from the retired marker warehouse. Current byte identity is established by current object comparison, not this provenance record."
function-source:wiz8:00409140:SoundSetFadeVolume,wiz8,function,00409140,accepted-identity,SoundSetFadeVolume,sgp-source,source-backed,strong,released-baseline:fdff790b;historical-sgp-source-markers,"Preserves the previously reviewed SGP identity from the retired marker warehouse. Current byte identity is established by current object comparison, not this provenance record."
function-source:wiz8:00409210:SoundSetVolume,wiz8,function,00409210,accepted-identity,SoundSetVolume,sgp-source,source-backed,strong,released-baseline:fdff790b;historical-sgp-source-markers,"Preserves the previously reviewed SGP identity from the retired marker warehouse. Current byte identity is established by current object comparison, not this provenance record."
function-source:wiz8:00409310:SoundServiceRandom,wiz8,function,00409310,accepted-identity,SoundServiceRandom,sgp-source,source-backed,strong,released-baseline:fdff790b;historical-sgp-source-markers,"Preserves the previously reviewed SGP identity from the retired marker warehouse. Current byte identity is established by current object comparison, not this provenance record."
function-source:wiz8:004098d0:SoundSetCacheThreshhold,wiz8,function,004098d0,accepted-identity,SoundSetCacheThreshhold,sgp-source,source-backed,strong,released-baseline:fdff790b;historical-sgp-source-markers,"Preserves the previously reviewed SGP identity from the retired marker warehouse. Current byte identity is established by current object comparison, not this provenance record."
function-source:wiz8:0040a8a0:SoundGetDriverHandle,wiz8,function,0040a8a0,accepted-identity,SoundGetDriverHandle,sgp-source,source-backed,strong,released-baseline:fdff790b;historical-sgp-source-markers,"Preserves the previously reviewed SGP identity from the retired marker warehouse. Current byte identity is established by current object comparison, not this provenance record."
function-source:wiz8:0040a8e0:SoundRemoveSampleFlags,wiz8,function,0040a8e0,accepted-identity,SoundRemoveSampleFlags,sgp-source,source-backed,strong,released-baseline:fdff790b;historical-sgp-source-markers,"Preserves the previously reviewed SGP identity from the retired marker warehouse. Current byte identity is established by current object comparison, not this provenance record."
function-source:wiz8:0040a9d0:SoundStopMusic,wiz8,function,0040a9d0,accepted-identity,SoundStopMusic,sgp-source,source-backed,strong,released-baseline:fdff790b;historical-sgp-source-markers,"Preserves the previously reviewed SGP identity from the retired marker warehouse. Current byte identity is established by current object comparison, not this provenance record."
function-source:wiz8:0040abf0:Sound3DPlay,wiz8,function,0040abf0,accepted-identity,Sound3DPlay,sgp-source,source-backed,strong,released-baseline:fdff790b;historical-sgp-source-markers,"Preserves the previously reviewed SGP identity from the retired marker warehouse. Current byte identity is established by current object comparison, not this provenance record."
function-source:wiz8:00409020:SoundStopGroup,wiz8,function,00409020,accepted-identity,SoundStopGroup,sgp-source,source-backed,strong,src/sgp/soundman.c,Decompiled body matches released SoundStopGroup: scans the channel table for entries whose stored group/priority equals the argument and stops each playing channel.
function-source:wiz8:004093b0:SoundStartRandom,wiz8,function,004093b0,accepted-identity,SoundStartRandom,sgp-source,source-backed,strong,src/sgp/soundman.c,"Decompiled body matches released SoundStartRandom: takes a free channel, builds SOUNDPARMS with randomized volume/pan between the sample's min/max, starts the sample, and schedules its next random fire time."
function-source:wiz8:004092a0:SoundGetVolume,wiz8,function,004092a0,accepted-identity,SoundGetVolume,sgp-source,source-backed,strong,src/sgp/soundman.c,Decompiled body matches released SoundGetVolume: resolves the sound id to a channel and returns the sample/stream/3D volume.
function-source:wiz8:00409360:SoundRandomShouldPlay,wiz8,function,00409360,accepted-identity,SoundRandomShouldPlay,sgp-source,source-backed,strong,src/sgp/soundman.c,Decompiled body matches released SoundRandomShouldPlay: random-flagged sample whose next time has passed and whose live instance count is below the cap.
function-source:wiz8:00409550:SoundStopAllRandom,wiz8,function,00409550,accepted-identity,SoundStopAllRandom,sgp-source,source-backed,strong,src/sgp/soundman.c,"Decompiled body matches released SoundStopAllRandom: stops channels playing random-flagged samples, then clears SAMPLE_RANDOM|SAMPLE_LOCKED on every cached sample."
function-source:wiz8:004095b0:SoundServiceStreams,wiz8,function,004095b0,accepted-identity,SoundServiceStreams,sgp-source,source-backed,strong,src/sgp/soundman.c,"Decompiled body matches released SoundServiceStreams: services AIL streams, invokes stream callbacks, and steps per-channel fade volumes."
function-source:wiz8:0040a8b0:SoundSetSampleFlags,wiz8,function,0040a8b0,accepted-identity,SoundSetSampleFlags,sgp-source,source-backed,strong,src/sgp/soundman.c,Decompiled body matches released SoundSetSampleFlags: ORs the flag mask into an allocated sample's uiFlags.
function-source:wiz8:0040ab20:Sound3DSetPosition,wiz8,function,0040ab20,accepted-identity,Sound3DSetPosition,sgp-source,source-backed,strong,src/sgp/soundman.c,Decompiled body matches released Sound3DSetPosition: resolves the sound id to a channel and calls AIL_set_3D_position on the 3D handle.
function-source:wiz8:0040ab80:Sound3DSetDirection,wiz8,function,0040ab80,accepted-identity,Sound3DSetDirection,sgp-source,source-backed,strong,src/sgp/soundman.c,Decompiled body matches released Sound3DSetDirection: resolves the sound id to a channel and calls AIL_set_3D_orientation with facing and up vectors.
function-source:wiz8:0040b040:Sound3DStartRandom,wiz8,function,0040b040,accepted-identity,Sound3DStartRandom,sgp-source,source-backed,strong,src/sgp/soundman.c,"Decompiled body matches released Sound3DStartRandom: takes a free channel, builds SOUND3DPARMS from the sample and position, and starts the 3D instance."
function-source:wiz8:0040a910:SoundFileIsPlaying,wiz8,function,0040a910,accepted-identity,SoundFileIsPlaying,sgp-source,source-backed,strong,src/sgp/soundman.c,Decompiled body matches released SoundFileIsPlaying: scans the channel table and returns TRUE when a playing channel's sample name stricmp-matches the filename.
function-source:wiz8:0040ef80:InitializeRandom,wiz8,function,0040ef80,accepted-identity,InitializeRandom,sgp-source,source-backed,strong,released-baseline:fdff790b;historical-sgp-source-markers,"Preserves the previously reviewed SGP identity from the retired marker warehouse. Current byte identity is established by current object comparison, not this provenance record."
function-source:wiz8:0040efa0:Random,wiz8,function,0040efa0,accepted-identity,Random,sgp-source,source-backed,strong,released-baseline:fdff790b;historical-sgp-source-markers,"Preserves the previously reviewed SGP identity from the retired marker warehouse. Current byte identity is established by current object comparison, not this provenance record."
function-source:wiz8:0040efe0:Chance,wiz8,function,0040efe0,accepted-identity,Chance,sgp-source,source-backed,strong,released-baseline:fdff790b;historical-sgp-source-markers,"Preserves the previously reviewed SGP identity from the retired marker warehouse. Current byte identity is established by current object comparison, not this provenance record."
function-source:wiz8:0040f0b0:DDCreateSurface,wiz8,function,0040f0b0,accepted-identity,DDCreateSurface,sgp-source,source-backed,strong,released-baseline:fdff790b;historical-sgp-source-markers,"Preserves the previously reviewed SGP identity from the retired marker warehouse. Current byte identity is established by current object comparison, not this provenance record."
function-source:wiz8:0040f100:DDLockSurface,wiz8,function,0040f100,accepted-identity,DDLockSurface,sgp-source,source-backed,strong,released-baseline:fdff790b;historical-sgp-source-markers,"Preserves the previously reviewed SGP identity from the retired marker warehouse. Current byte identity is established by current object comparison, not this provenance record."
function-source:wiz8:0040f150:DDUnlockSurface,wiz8,function,0040f150,accepted-identity,DDUnlockSurface,sgp-source,source-backed,strong,released-baseline:fdff790b;historical-sgp-source-markers,"Preserves the previously reviewed SGP identity from the retired marker warehouse. Current byte identity is established by current object comparison, not this provenance record."
function-source:wiz8:0040f180:DDGetSurfaceDescription,wiz8,function,0040f180,accepted-identity,DDGetSurfaceDescription,sgp-source,source-backed,strong,released-baseline:fdff790b;historical-sgp-source-markers,"Preserves the previously reviewed SGP identity from the retired marker warehouse. Current byte identity is established by current object comparison, not this provenance record."
function-source:wiz8:0040f1c0:DDReleaseSurface,wiz8,function,0040f1c0,accepted-identity,DDReleaseSurface,sgp-source,source-backed,strong,released-baseline:fdff790b;historical-sgp-source-markers,"Preserves the previously reviewed SGP identity from the retired marker warehouse. Current byte identity is established by current object comparison, not this provenance record."
function-source:wiz8:0040f210:DDRestoreSurface,wiz8,function,0040f210,accepted-identity,DDRestoreSurface,sgp-source,source-backed,strong,released-baseline:fdff790b;historical-sgp-source-markers,"Preserves the previously reviewed SGP identity from the retired marker warehouse. Current byte identity is established by current object comparison, not this provenance record."
function-source:wiz8:0040f230:DDBltFastSurface,wiz8,function,0040f230,accepted-identity,DDBltFastSurface,sgp-source,source-backed,strong,released-baseline:fdff790b;historical-sgp-source-markers,"Preserves the previously reviewed SGP identity from the retired marker warehouse. Current byte identity is established by current object comparison, not this provenance record."
function-source:wiz8:0040f290:DDBltSurface,wiz8,function,0040f290,accepted-identity,DDBltSurface,sgp-source,source-backed,strong,released-baseline:fdff790b;historical-sgp-source-markers,"Preserves the previously reviewed SGP identity from the retired marker warehouse. Current byte identity is established by current object comparison, not this provenance record."
function-source:wiz8:0040f300:DDCreatePalette,wiz8,function,0040f300,accepted-identity,DDCreatePalette,sgp-source,source-backed,strong,released-baseline:fdff790b;historical-sgp-source-markers,"Preserves the previously reviewed SGP identity from the retired marker warehouse. Current byte identity is established by current object comparison, not this provenance record."
function-source:wiz8:0040f340:DDSetPaletteEntries,wiz8,function,0040f340,accepted-identity,DDSetPaletteEntries,sgp-source,source-backed,strong,released-baseline:fdff790b;historical-sgp-source-markers,"Preserves the previously reviewed SGP identity from the retired marker warehouse. Current byte identity is established by current object comparison, not this provenance record."
function-source:wiz8:0040f380:DDGetPaletteEntries,wiz8,function,0040f380,accepted-identity,DDGetPaletteEntries,sgp-source,source-backed,strong,released-baseline:fdff790b;historical-sgp-source-markers,"Preserves the previously reviewed SGP identity from the retired marker warehouse. Current byte identity is established by current object comparison, not this provenance record."
function-source:wiz8:0040f3c0:DDReleasePalette,wiz8,function,0040f3c0,accepted-identity,DDReleasePalette,sgp-source,source-backed,strong,released-baseline:fdff790b;historical-sgp-source-markers,"Preserves the previously reviewed SGP identity from the retired marker warehouse. Current byte identity is established by current object comparison, not this provenance record."
function-source:wiz8:0040f3e0:DDSetSurfaceColorKey,wiz8,function,0040f3e0,accepted-identity,DDSetSurfaceColorKey,sgp-source,source-backed,strong,released-baseline:fdff790b;historical-sgp-source-markers,"Preserves the previously reviewed SGP identity from the retired marker warehouse. Current byte identity is established by current object comparison, not this provenance record."
function-source:wiz8:004104b0:Get16BPPColor,wiz8,function,004104b0,accepted-identity,Get16BPPColor,sgp-source,source-backed,strong,released-baseline:fdff790b;historical-sgp-source-markers,"Preserves the previously reviewed SGP identity from the retired marker warehouse. Current byte identity is established by current object comparison, not this provenance record."
function-source:wiz8:00410750:Blt8BPPDataTo8BPPBufferMonoShadowClip,wiz8,function,00410750,accepted-identity,Blt8BPPDataTo8BPPBufferMonoShadowClip,sgp-source,source-backed,strong,released-baseline:fdff790b;historical-sgp-source-markers,"Preserves the previously reviewed SGP identity from the retired marker warehouse. Current byte identity is established by current object comparison, not this provenance record."
function-source:wiz8:004109f0:Blt8BPPDataTo8BPPBufferTransparentClip,wiz8,function,004109f0,accepted-identity,Blt8BPPDataTo8BPPBufferTransparentClip,sgp-source,source-backed,strong,released-baseline:fdff790b;historical-sgp-source-markers,"Preserves the previously reviewed SGP identity from the retired marker warehouse. Current byte identity is established by current object comparison, not this provenance record."
function-source:wiz8:00411190:Blt8BPPDataTo16BPPBufferMonoShadowClip,wiz8,function,00411190,accepted-identity,Blt8BPPDataTo16BPPBufferMonoShadowClip,sgp-source,source-backed,strong,released-baseline:fdff790b;historical-sgp-source-markers,"Preserves the previously reviewed SGP identity from the retired marker warehouse. Current byte identity is established by current object comparison, not this provenance record."
function-source:wiz8:00411730:Blt8BPPDataSubTo16BPPBuffer,wiz8,function,00411730,accepted-identity,Blt8BPPDataSubTo16BPPBuffer,sgp-source,source-backed,strong,released-baseline:fdff790b;historical-sgp-source-markers,"Preserves the previously reviewed SGP identity from the retired marker warehouse. Current byte identity is established by current object comparison, not this provenance record."
function-source:wiz8:00411de0:Blt8BPPDataTo16BPPBufferTransparentClip,wiz8,function,00411de0,accepted-identity,Blt8BPPDataTo16BPPBufferTransparentClip,sgp-source,source-backed,strong,released-baseline:fdff790b;historical-sgp-source-markers,"Preserves the previously reviewed SGP identity from the retired marker warehouse. Current byte identity is established by current object comparison, not this provenance record."
function-source:wiz8:004120b0:BltIsClipped,wiz8,function,004120b0,accepted-identity,BltIsClipped,sgp-source,source-backed,strong,released-baseline:fdff790b;historical-sgp-source-markers,"Preserves the previously reviewed SGP identity from the retired marker warehouse. Current byte identity is established by current object comparison, not this provenance record."
function-source:wiz8:004124a0:Blt16BPPBufferShadowRect,wiz8,function,004124a0,accepted-identity,Blt16BPPBufferShadowRect,sgp-source,source-backed,strong,released-baseline:fdff790b;historical-sgp-source-markers,"Preserves the previously reviewed SGP identity from the retired marker warehouse. Current byte identity is established by current object comparison, not this provenance record."
function-source:wiz8:00412570:Blt16BPPBufferShadowRectAlternateTable,wiz8,function,00412570,accepted-identity,Blt16BPPBufferShadowRectAlternateTable,sgp-source,source-backed,strong,released-baseline:fdff790b;historical-sgp-source-markers,"Preserves the previously reviewed SGP identity from the retired marker warehouse. Current byte identity is established by current object comparison, not this provenance record."
function-source:wiz8:00412b10:ShutDownFileDatabase,wiz8,function,00412b10,accepted-identity,ShutDownFileDatabase,sgp-source,source-backed,strong,released-baseline:fdff790b;historical-sgp-source-markers,"Preserves the previously reviewed SGP identity from the retired marker warehouse. Current byte identity is established by current object comparison, not this provenance record."
function-source:wiz8:00413110:CheckIfFileExistInLibrary,wiz8,function,00413110,accepted-identity,CheckIfFileExistInLibrary,sgp-source,source-backed,strong,src/sgp/LibraryDataBase.c,Decompiled body matches released CheckIfFileExistInLibrary: GetLibraryIDFromFileName lookup then a bsearch hit test over the library file-header table; VC6 inlines the released GetFileHeaderFromLibrary helper.
function-source:wiz8:004131b0:GetLibraryIDFromFileName,wiz8,function,004131b0,accepted-identity,GetLibraryIDFromFileName,sgp-source,source-backed,strong,src/sgp/LibraryDataBase.c,"Decompiled body matches released GetLibraryIDFromFileName: scans open libraries, skips patch libraries for pathed names, and returns the best prefix-matching library id."
function-source:wiz8:00413360:CompareFileNames,wiz8,function,00413360,accepted-identity,CompareFileNames,sgp-source,source-backed,strong,src/sgp/LibraryDataBase.c,"Decompiled body matches released CompareFileNames: bsearch comparator: builds the search key and the library-path-qualified header name, then _stricmp-compares them."
function-source:wiz8:004133d0:OpenFileFromLibrary,wiz8,function,004133d0,accepted-identity,OpenFileFromLibrary,sgp-source,source-backed,strong,src/sgp/LibraryDataBase.c,"Decompiled body matches released OpenFileFromLibrary: resolves the library by filename, bsearch-finds the file header, registers a free slot in pOpenFiles, and returns the packed library handle."
function-source:wiz8:00413750:CloseLibraryFile,wiz8,function,00413750,accepted-identity,CloseLibraryFile,sgp-source,source-backed,strong,src/sgp/LibraryDataBase.c,"Decompiled body matches released CloseLibraryFile: clears the open-file slot, seeks the library handle back to the recorded position, and decrements iNumFilesOpen."
function-source:wiz8:00413820:LibraryFileSeek,wiz8,function,00413820,accepted-identity,LibraryFileSeek,sgp-source,source-backed,strong,src/sgp/LibraryDataBase.c,Decompiled body matches released LibraryFileSeek: adjusts uiFilePosInFile by start/end/current mode after an inlined IsLibraryOpened guard.
function-source:wiz8:00413b10:IsLibraryOpened,wiz8,function,00413b10,accepted-identity,IsLibraryOpened,sgp-source,source-backed,strong,src/sgp/LibraryDataBase.c,"Decompiled body matches released IsLibraryOpened: checks fInitialized, the library-id bound, and fLibraryOpen."
function-source:wiz8:00413b50:GetLibraryFileTime,wiz8,function,00413b50,accepted-identity,GetLibraryFileTime,sgp-source,source-backed,strong,src/sgp/LibraryDataBase.c,Retail GetLibraryFileTime guards the whole released body with hFileMapping == NULL; memory-mapped libraries resolve file times through the mapped view. Source body reconstructed to the retail nested-guard shape.
function-source:wiz8:00413680:CreateRealFileHandle,wiz8,function,00413680,accepted-identity,CreateRealFileHandle,sgp-source,source-backed,strong,released-baseline:fdff790b;historical-sgp-source-markers,"Preserves the previously reviewed SGP identity from the retired marker warehouse. Current byte identity is established by current object comparison, not this provenance record."
function-source:wiz8:00413730:GetLibraryAndFileIDFromLibraryFileHandle,wiz8,function,00413730,accepted-identity,GetLibraryAndFileIDFromLibraryFileHandle,sgp-source,source-backed,strong,released-baseline:fdff790b;historical-sgp-source-markers,"Preserves the previously reviewed SGP identity from the retired marker warehouse. Current byte identity is established by current object comparison, not this provenance record."
function-source:wiz8:00413d00:CompareDirEntryFileNames,wiz8,function,00413d00,accepted-identity,CompareDirEntryFileNames,sgp-source,source-backed,strong,released-baseline:fdff790b;historical-sgp-source-markers,"Preserves the previously reviewed SGP identity from the retired marker warehouse. Current byte identity is established by current object comparison, not this provenance record."
function-source:wiz8:004033d0:CreateVideoSurface,wiz8,function,004033d0,accepted-identity,CreateVideoSurface,sgp-source,source-backed,strong,src/sgp/vsurface.c,"Decompiled body matches released CreateVideoSurface: ZEROMEM'd DDSURFACEDESC, DD palette/surface creation and VSURFACE_DESC-driven allocation; referenced as the callee inside AddStandardVideoSurface at 00402a70."
function-source:wiz8:00403a50:DeleteVideoSurface,wiz8,function,00403a50,accepted-identity,DeleteVideoSurface,sgp-source,source-backed,strong,src/sgp/vsurface.c,"Decompiled body matches released DeleteVideoSurface: releases attached palette and surfaces, frees the save stack and surface memory, and decrements giMemUsedInSurfaces; referenced as the callee inside DeletePrimaryVideoSurfaces at 00402e60."
function-source:wiz8:00403b10:BltVideoSurfaceToVideoSurface,wiz8,function,00403b10,accepted-identity,BltVideoSurfaceToVideoSurface,sgp-source,source-backed,strong,src/sgp/vsurface.c,Decompiled body matches released BltVideoSurfaceToVideoSurface: lock/blt/unlock dispatch over surface descriptors with the released flag handling; referenced as the callee inside BltVideoSurface at 00402ed0.
function-source:wiz8:00406d10:SetFontBackground,wiz8,function,00406d10,accepted-identity,SetFontBackground,sgp-source,source-backed,strong,src/sgp/Font.c,"Decompiled body matches released SetFontBackground: range-checks FontDefault, stores the 8-bit index and derives FontBackground16 through Get16BPPColor at 004104b0; referenced as the callee inside DrawTextOnButton at 0040e5d0."
function-source:wiz8:00410190:Create16BPPPalette,wiz8,function,00410190,accepted-identity,Create16BPPPalette,sgp-source,source-backed,strong,src/sgp/himage.c,Decompiled body matches released Create16BPPPalette: mallocs a 256-entry table and converts each SGPPaletteEntry through the 16-bit shift/mask globals; referenced as the callee inside CreateVideoSurfaceFromDDSurface at 004044c0 and LoadPCXFileToImage at 00414700.
function-source:wiz8:00410620:ConvertRGBDistribution565To555,wiz8,function,00410620,accepted-identity,ConvertRGBDistribution565To555,sgp-source,source-backed,strong,src/sgp/himage.c,Decompiled body matches released ConvertRGBDistribution565To555: per-pixel 565-to-555 redistribution preserving the alpha bit; referenced as the callee inside STCILoadRGB at 00415250.
function-source:wiz8:004117f0:SetClippingRect,wiz8,function,004117f0,accepted-identity,SetClippingRect,sgp-source,source-backed,strong,src/sgp/vobject_blitters.c,Decompiled body matches released SetClippingRect: stores the four SGPRect fields into the ClippingRect global at 00600078; referenced as the callee inside DrawIconOnButton at 0040e3b0.
function-source:wiz8:00403780:SetVideoSurfaceDataFromHImage,wiz8,function,00403780,accepted-identity,SetVideoSurfaceDataFromHImage,sgp-source,source-backed,strong,src/sgp/vsurface.c,Decompiled body matches released SetVideoSurfaceDataFromHImage; referenced as the callee inside CreateVideoSurface at 004033d0.
function-source:wiz8:00406110:BltVideoObject,wiz8,function,00406110,accepted-identity,BltVideoObject,sgp-source,source-backed,strong,src/sgp/vobject.c,Decompiled body matches released BltVideoObject; referenced as the callee inside DrawIconOnButton/DrawQuickButton/DrawCheckBoxButton.
function-source:wiz8:00406320:DeleteVideoObject,wiz8,function,00406320,accepted-identity,DeleteVideoObject,sgp-source,source-backed,strong,src/sgp/vobject.c,Decompiled body matches released DeleteVideoObject; referenced as the callee inside ShutdownVideoObjectManager/UnloadButtonImage/ShutdownFontManager.
function-source:wiz8:004066b0:BltVideoObjectToBuffer,wiz8,function,004066b0,accepted-identity,BltVideoObjectToBuffer,sgp-source,source-backed,strong,src/sgp/vobject.c,Decompiled body matches released BltVideoObjectToBuffer; referenced as the callee inside BltVideoObjectFromIndex at 00405ff0.
function-source:wiz8:00406c20:SetFontForeground,wiz8,function,00406c20,accepted-identity,SetFontForeground,sgp-source,source-backed,strong,src/sgp/Font.c,"Decompiled body matches released SetFontForeground: range-checks FontDefault, stores the 8-bit index and derives FontForeground16 through Get16BPPColor at 004104b0; referenced as the callee inside DrawTextOnButton at 0040e5d0."
function-source:wiz8:0040f410:BltFastDDSurfaceUsingSoftware,wiz8,function,0040f410,accepted-identity,BltFastDDSurfaceUsingSoftware,sgp-source,source-backed,strong,src/sgp/DirectDraw Calls.c,Decompiled body matches released BltFastDDSurfaceUsingSoftware: software BltFast fallback with lock/DirectXAttempt handling; referenced as the callee inside DDBltFastSurface at 0040f230.
function-source:wiz8:0040f5a0:BltDDSurfaceUsingSoftware,wiz8,function,0040f5a0,accepted-identity,BltDDSurfaceUsingSoftware,sgp-source,source-backed,strong,src/sgp/DirectDraw Calls.c,Decompiled body matches released BltDDSurfaceUsingSoftware: software Blt fallback; referenced as the callee inside DDBltSurface at 0040f290.
function-source:wiz8:00411540:Blt16BPPTo16BPPMirror,wiz8,function,00411540,accepted-identity,Blt16BPPTo16BPPMirror,sgp-source,source-backed,strong,src/sgp/vobject_blitters.c,Decompiled body matches released Blt16BPPTo16BPPMirror; referenced as the callee inside BltVideoSurfaceToVideoSurface at 00403b10.
function-source:wiz8:00411930:Blt16BPPBufferHatchRect,wiz8,function,00411930,accepted-identity,Blt16BPPBufferHatchRect,sgp-source,source-backed,strong,src/sgp/vobject_blitters.c,Decompiled body matches released Blt16BPPBufferHatchRect; referenced as the callee inside DrawButton at 0040deb0.
function-source:wiz8:00413fb0:SpecifyButtonSoundScheme,wiz8,function,00413fb0,accepted-identity,SpecifyButtonSoundScheme,sgp-source,source-backed,strong,src/sgp/Button Sound Control.c,Decompiled body matches released SpecifyButtonSoundScheme: stores the scheme id at GUI_BUTTON+0xac; referenced as the callee inside CreateTextButton/QuickCreateButton.
function-source:wiz8:00404470:UpdateBackupSurface,wiz8,function,00404470,accepted-identity,UpdateBackupSurface,sgp-source,source-backed,strong,src/sgp/vsurface.c,Decompiled body matches released UpdateBackupSurface (HVSURFACE variant); referenced as the callee inside BltVideoSurfaceToVideoSurface at 00403b10.
function-source:wiz8:00405fc0:GetVideoObject,wiz8,function,00405fc0,accepted-identity,GetVideoObject,sgp-source,source-backed,strong,src/sgp/vobject.c,Decompiled body matches released GetVideoObject; referenced as the callee inside DrawIconOnButton at 0040e3b0.
function-source:wiz8:00406c90:SetFontShadow,wiz8,function,00406c90,accepted-identity,SetFontShadow,sgp-source,source-backed,strong,src/sgp/Font.c,Decompiled body matches released SetFontShadow: stores the 8-bit index and derives FontShadow16 through Get16BPPColor at 004104b0; referenced as the callee inside DrawTextOnButton at 0040e5d0.
function-source:wiz8:00411850:Blt16BPPBufferPixelateRectWithColor,wiz8,function,00411850,accepted-identity,Blt16BPPBufferPixelateRectWithColor,sgp-source,source-backed,strong,src/sgp/vobject_blitters.c,Decompiled body matches released Blt16BPPBufferPixelateRectWithColor; referenced as the callee inside Blt16BPPBufferHatchRect at 00411930.
function-source:wiz8:004121e0:Blt8BPPDataTo16BPPBufferShadowClip,wiz8,function,004121e0,accepted-identity,Blt8BPPDataTo16BPPBufferShadowClip,sgp-source,source-backed,strong,src/sgp/vobject_blitters.c,Decompiled body matches released Blt8BPPDataTo16BPPBufferShadowClip; referenced as the callee inside BltVideoObjectToBuffer at 004066b0.
function-source:wiz8:004116c0:Blt8BPPTo8BPP,wiz8,function,004116c0,accepted-identity,Blt8BPPTo8BPP,sgp-source,source-backed,strong,src/sgp/vobject_blitters.c,Decompiled body matches released Blt8BPPTo8BPP: ten-parameter 8-to-8 blit; referenced as the callee inside BltVideoSurfaceToVideoSurface at 00403b10.
function-source:wiz8:00411a60:Blt8BPPDataTo16BPPBufferShadow,wiz8,function,00411a60,accepted-identity,Blt8BPPDataTo16BPPBufferShadow,sgp-source,source-backed,strong,src/sgp/vobject_blitters.c,Decompiled body matches released Blt8BPPDataTo16BPPBufferShadow; referenced as the callee inside BltVideoObjectToBuffer at 004066b0.
function-source:wiz8:00403150:ImageFillVideoSurfaceArea,wiz8,function,00403150,accepted-identity,ImageFillVideoSurfaceArea,sgp-source,source-backed,strong,src/sgp/vsurface.c,Decompiled body matches released ImageFillVideoSurfaceArea; referenced as the callee inside DrawGenericButton at 0040e890.
function-source:wiz8:00406900:GetETRLEPixelValue,wiz8,function,00406900,accepted-identity,GetETRLEPixelValue,sgp-source,source-backed,strong,src/sgp/vobject.c,Decompiled body matches released GetETRLEPixelValue: bounds-checks the ETRLE index then reads the packed pixel; referenced as the callee inside InitializeButtonImageManager/LoadGenericButtonImages.
function-source:wiz8:00411b80:Blt8BPPDataTo16BPPBufferTransparent,wiz8,function,00411b80,accepted-identity,Blt8BPPDataTo16BPPBufferTransparent,sgp-source,source-backed,strong,src/sgp/vobject_blitters.c,Decompiled body matches released Blt8BPPDataTo16BPPBufferTransparent; referenced as the callee inside BltVideoObjectToBuffer at 004066b0.
function-source:wiz8:00411cb0:Blt8BPPDataTo16BPPBufferTransparentClip,wiz8,function,00411cb0,accepted-identity,Blt8BPPDataTo16BPPBufferTransparentClip,sgp-source,source-backed,strong,src/sgp/vobject_blitters.c,Decompiled body matches released Blt8BPPDataTo16BPPBufferTransparentClip; referenced as the clip-path callee inside BltVideoObjectToBuffer at 004066b0.
function-source:wiz8:00411cb0:Blt8BPPDataTo16BPPBufferTransMirror,wiz8,function,00411cb0,accepted-identity,Blt8BPPDataTo16BPPBufferTransMirror,sgp-source,source-backed,strong,src/sgp/vobject_blitters.c,Decompiled body matches released Blt8BPPDataTo16BPPBufferTransMirror: ETRLE decode with mirrored X coordinate (width - x - 1); sits between the Transparent and TransparentClip blitters in the retail TU order.
function-source:wiz8:00410ed0:Blt8BPPDataTo8BPPBufferShadowClip,wiz8,function,00410ed0,accepted-identity,Blt8BPPDataTo8BPPBufferShadowClip,sgp-source,source-backed,strong,src/sgp/vobject_blitters.c,Decompiled body matches released Blt8BPPDataTo8BPPBufferShadowClip (7 params incl. clipregion); referenced as the 8bpp shadow-path callee inside BltVideoObjectToBuffer at 004066b0.
function-source:wiz8:00410db0:Blt8BPPDataTo8BPPBufferShadow,wiz8,function,00410db0,accepted-identity,Blt8BPPDataTo8BPPBufferShadow,sgp-source,source-backed,strong,src/sgp/vobject_blitters.c,Decompiled body matches released Blt8BPPDataTo8BPPBufferShadow; referenced as the unclipped 8bpp shadow-path callee inside BltVideoObjectToBuffer at 004066b0.
function-source:wiz8:00410ca0:Blt8BPPDataTo8BPPBufferTransparent,wiz8,function,00410ca0,accepted-identity,Blt8BPPDataTo8BPPBufferTransparent,sgp-source,source-backed,strong,src/sgp/vobject_blitters.c,Second call in the 8bpp transparent path of BltVideoObjectToBuffer (004066b0); matches released Blt8BPPDataTo8BPPBufferTransparent.
function-source:wiz8:00402d00:SetVideoSurfaceTransparency,wiz8,function,00402d00,accepted-identity,SetVideoSurfaceTransparency,sgp-source,source-backed,strong,src/sgp/vsurface.c,Decompiled body matches released SetVideoSurfaceTransparency: resolves the surface index through the inlined GetVideoSurface walk then installs the color key.
function-source:wiz8:00402db0:GetVideoSurface,wiz8,function,00402db0,accepted-identity,GetVideoSurface,sgp-source,source-backed,strong,src/sgp/vsurface.c,Decompiled body matches released GetVideoSurface: pseudo-handle constants and the gpVSurfaceHead node walk with HVSURFACE out-param.
function-source:wiz8:004039c0:DeleteVideoSurfaceFromIndex,wiz8,function,004039c0,accepted-identity,DeleteVideoSurfaceFromIndex,sgp-source,source-backed,strong,src/sgp/vsurface.c,"Decompiled body matches released DeleteVideoSurfaceFromIndex: finds the list node by index, calls DeleteVideoSurface, unlinks, frees, and decrements the count."
function-source:wiz8:00406080:DeleteVideoObjectFromIndex,wiz8,function,00406080,accepted-identity,DeleteVideoObjectFromIndex,sgp-source,source-backed,strong,src/sgp/vobject.c,Decompiled body matches released DeleteVideoObjectFromIndex: identical list-unlink shape on the gpVObjectHead list as DeleteVideoSurfaceFromIndex on the surface list.
function-source:wiz8:00405570:FileCheckEndOfFile,wiz8,function,00405570,accepted-identity,FileCheckEndOfFile,sgp-source,source-backed,strong,src/sgp/FileMan.c,Decompiled body matches released FileCheckEndOfFile: library/real-file split and SetFilePointer position-vs-end comparison.
function-source:wiz8:004048d0:MakeVSurfaceFromVObject,wiz8,function,004048d0,accepted-identity,MakeVSurfaceFromVObject,sgp-source,source-backed,strong,src/sgp/vsurface.c,"Decompiled body matches released MakeVSurfaceFromVObject: GetVideoObject, VSURFACE_DESC init, inlined AddVideoSurface list link, BltVideoObjectFromIndex with VO_BLT_SRCTRANSPARENCY, and DeleteVideoSurfaceFromIndex on failure."
function-source:wiz8:00406460:CreateObjectPaletteTables,wiz8,function,00406460,accepted-identity,CreateObjectPaletteTables,sgp-source,source-backed,strong,src/sgp/vobject.c,Decompiled body matches released CreateObjectPaletteTables: frees the 16-shade table then rebuilds the glow plus brighten/darken ramp via Create16BPPPaletteShaded.
function-source:wiz8:00406a50:GetVideoObjectETRLESubregionProperties,wiz8,function,00406a50,accepted-identity,GetVideoObjectETRLESubregionProperties,sgp-source,source-backed,strong,src/sgp/vobject.c,"Decompiled body matches released GetVideoObjectETRLESubregionProperties: handle walk, subregion bound check, width/height out-params from the ETRLE record."
function-source:wiz8:00406ad0:GetVideoObjectETRLEPropertiesFromIndex,wiz8,function,00406ad0,accepted-identity,GetVideoObjectETRLEPropertiesFromIndex,sgp-source,source-backed,strong,src/sgp/vobject.c,Decompiled body matches released GetVideoObjectETRLEPropertiesFromIndex: handle walk and 16-byte ETRLE record copy.
function-source:wiz8:00406b30:CopyVideoObjectPalette16BPP,wiz8,function,00406b30,accepted-identity,CopyVideoObjectPalette16BPP,sgp-source,source-backed,strong,src/sgp/vobject.c,Decompiled body matches released CopyVideoObjectPalette16BPP: handle walk then 512-byte copy from p16BPPPalette.
function-source:wiz8:00406ea0:StringPixLengthArg,wiz8,function,00406ea0,accepted-identity,StringPixLengthArg,sgp-source,source-backed,strong,src/sgp/Font.c,"Decompiled body matches released StringPixLengthArg: vswprintf into the 512-char buffer, uiCharCount clamp, then the translation-table scan."
function-source:wiz8:004077d0:gprintfDirty,wiz8,function,004077d0,accepted-identity,gprintfDirty,sgp-source,source-backed,strong,src/sgp/Font.c,Decompiled body matches released gprintfDirty: vswprintf then per-letter draw with dirty-region marking; sits between bound gprintf and gprintf_buffer in retail order.
function-source:wiz8:00409840:SoundGetMilliSecondPosition,wiz8,function,00409840,accepted-identity,SoundGetMilliSecondPosition,sgp-source,source-backed,strong,src/sgp/soundman.c,Decompiled body matches released SoundGetMilliSecondPosition: pSoundList scan by sound ID then AIL_sample_ms_position/AIL_stream_ms_position out-params.
function-source:wiz8:004097f0:SoundGetPosition,wiz8,function,004097f0,accepted-identity,SoundGetPosition,sgp-source,source-backed,strong,src/sgp/soundman.c,Decompiled body matches released SoundGetPosition: pSoundList scan by sound ID then GetTickCount minus uiTimeStamp with rollover handling.
function-source:wiz8:0040a2e0:SoundStartStream,wiz8,function,0040a2e0,accepted-identity,SoundStartStream,sgp-source,source-backed,strong,src/sgp/soundman.c,Decompiled body matches released SoundStartStream: AIL_open_stream plus channel bookkeeping.
function-source:wiz8:0040aad0:Sound3DSetProvider,wiz8,function,0040aad0,accepted-identity,Sound3DSetProvider,sgp-source,source-backed,strong,src/sgp/soundman.c,Decompiled body matches released Sound3DSetProvider: allocates and copies the provider name into gpProviderName.
function-source:wiz8:0040ad40:Sound3DStartSample,wiz8,function,0040ad40,accepted-identity,Sound3DStartSample,sgp-source,source-backed,strong,src/sgp/soundman.c,Decompiled body matches released Sound3DStartSample: rejects stereo and .MP3 samples then opens the 3D stream.
function-source:wiz8:004102c0:Create16BPPPaletteShaded,wiz8,function,004102c0,accepted-identity,Create16BPPPaletteShaded,sgp-source,source-backed,strong,src/sgp/himage.c,Five-parameter palette+R/G/B/scale+mono call signature inside CreateObjectPaletteTables matches released Create16BPPPaletteShaded.
function-source:wiz8:0040b210:Sound3DSetEnvironment,wiz8,function,0040b210,accepted-identity,Sound3DSetEnvironment,sgp-source,source-backed,strong,src/sgp/soundman.c,Decompiled body matches released Sound3DSetEnvironment: EAX_ENVIRONMENT_<name> sprintf into AIL_set_3D_provider_preference guarded by provider handle and gfEAX.
function-source:wiz8:00414660:RectangleDraw,wiz8,function,00414660,accepted-identity,RectangleDraw,sgp-source,source-backed,strong,src/sgp/line.c,Decompiled body matches released RectangleDraw: four LineDraw calls for the rectangle edges.
function-source:wiz8:00412640:FillRect16BPP,wiz8,function,00412640,accepted-identity,FillRect16BPP,sgp-source,source-backed,strong,src/sgp/vobject_blitters.c,Decompiled body matches released FillRect16BPP: seven-argument rect fill clamped to 639/479 over a 16-bit destination.
function-source:wiz8:00406a10:GetVideoObjectETRLEProperties,wiz8,function,00406a10,accepted-identity,GetVideoObjectETRLEProperties,sgp-source,source-backed,strong,src/sgp/vobject.c,Decompiled body matches released GetVideoObjectETRLEProperties: HVOBJECT ETRLE bounds check then 16-byte record copy into ETRLEObject out-param.
function-source:wiz8:00406d80:SetRGBFontShadow,wiz8,function,00406d80,accepted-identity,SetRGBFontShadow,sgp-source,source-backed,strong,src/sgp/Font.c,"Decompiled body matches released SetRGBFontShadow: FontDefault range check then FontShadow16 = Get16BPPColor(FROMRGB(r,g,b))."
function-source:wiz8:00406f90:StringNPixLength,wiz8,function,00406f90,accepted-identity,StringNPixLength,sgp-source,source-backed,strong,src/sgp/Font.c,Decompiled body matches released StringNPixLength: bounded translation-table walk accumulating character widths up to uiMaxCount.
function-source:wiz8:00407420:VarFindFontRightCoordinates,wiz8,function,00407420,accepted-identity,VarFindFontRightCoordinates,sgp-source,source-backed,strong,src/sgp/Font.c,Decompiled body matches released VarFindFontRightCoordinates: vswprintf into local 512-wide buffer then right-coordinate scan.
function-source:wiz8:00407530:VarFindFontCenterCoordinates,wiz8,function,00407530,accepted-identity,VarFindFontCenterCoordinates,sgp-source,source-backed,strong,src/sgp/Font.c,Decompiled body matches released VarFindFontCenterCoordinates: vswprintf into local 512-wide buffer then center-coordinate scan.
