program,address,claimed_name,owner,confidence,name_origin,authority,aliases,source_path,source_line
wiz8,00401000,__WinMainCRTStartup,msvc6-runtime,strong,descriptive,descriptive,,,
wiz8,0040115e,_XcptFilter,msvc6-runtime,exact,original-export,abi-backed,,,
wiz8,00401164,_initterm,msvc6-runtime,exact,original-export,abi-backed,,,
wiz8,00401180,_onexit,msvc6-runtime,strong,descriptive,descriptive,,,
wiz8,004011ac,atexit,msvc6-runtime,strong,descriptive,descriptive,,,
wiz8,004011c0,_except_handler3,msvc6-runtime,exact,original-export,abi-backed,,,
wiz8,004011e0,WindowProc,wiz8-engine-code,strong,descriptive,descriptive,,,
wiz8,004018c0,GetRuntimeSettings,sgp-shared,exact,sgp-source,source-backed,,sgp/sgp.c,813
wiz8,00401920,ShutdownWithErrorBox,sgp-shared,strong,sgp-source,source-backed,,,
wiz8,00401950,ProcessCommandLine,sgp-shared,exact,sgp-source,source-backed,,sgp/sgp.c,839
wiz8,00401b30,KeyboardHandler,sgp-shared,exact,sgp-source,source-backed,,sgp/input.c,104
wiz8,00401c70,MouseHandler,sgp-shared,exact,sgp-source,source-backed,,sgp/input.c,225
wiz8,00401ea0,InitializeInputManager,sgp-shared,exact,sgp-source,source-backed,,sgp/input.c,315
wiz8,00401f70,ShutdownInputManager,sgp-shared,exact,sgp-source,source-backed,,sgp/input.c,357
wiz8,00401f90,QueueEvent,sgp-shared,exact,sgp-source,source-backed,,sgp/input.c,400
wiz8,00402140,DequeueEvent,sgp-shared,exact,sgp-source,source-backed,,sgp/input.c,529
wiz8,00402750,FreeMouseCursor,sgp-shared,exact,sgp-source,source-backed,,sgp/input.c,1524
wiz8,00402760,GetMouseWheelDeltaValue,sgp-shared,exact,sgp-source,source-backed,,sgp/input.c,1648
wiz8,00404b50,String,sgp-shared,exact,sgp-source,source-backed,,sgp/DEBUG.C,609
wiz8,00404bf0,FileExists,sgp-shared,exact,sgp-source,source-backed,,sgp/FileMan.c,226
wiz8,00404c40,FileExistsNoDB,sgp-shared,exact,sgp-source,source-backed,,sgp/FileMan.c,276
wiz8,00404c80,FileOpen,sgp-shared,exact,sgp-source,source-backed,OpenVirtualFile,sgp/FileMan.c,348
wiz8,00404e10,CloseVirtualFile,wiz8-file-system,strong,descriptive,descriptive,,,
wiz8,00404ea0,ReadVirtualFile,wiz8-file-system,strong,descriptive,descriptive,,,
wiz8,00404fb0,FileWrite,sgp-shared,exact,sgp-source,source-backed,,sgp/FileMan.c,660
wiz8,00405030,FileSeek,sgp-shared,exact,sgp-source,source-backed,SeekVirtualFile,sgp/FileMan.c,823
wiz8,004051d0,DirectoryExists,sgp-shared,exact,sgp-source,source-backed,,sgp/FileMan.c,1309
wiz8,004051f0,MakeFileManDirectory,sgp-shared,exact,sgp-source,source-backed,,sgp/FileMan.c,1340
wiz8,00405200,GetExecutableDirectory,sgp-shared,exact,sgp-source,source-backed,,sgp/FileMan.c,1486
wiz8,00405270,GetFileFirst,sgp-shared,exact,sgp-source,source-backed,,sgp/FileMan.c,1512
wiz8,00405300,GetFileNext,sgp-shared,exact,sgp-source,source-backed,,sgp/FileMan.c,1546
wiz8,00405350,GetFileClose,sgp-shared,exact,sgp-source,source-backed,,sgp/FileMan.c,1558
wiz8,00405390,W32toSGPFileFind,sgp-shared,exact,sgp-source,source-backed,,sgp/FileMan.c,1570
wiz8,004054d0,FileCopy,sgp-shared,exact,sgp-source,source-backed,,sgp/FileMan.c,1631
wiz8,004054f0,FileGetAttributes,sgp-shared,exact,sgp-source,source-backed,,sgp/FileMan.c,1743
wiz8,00405550,FileClearAttributes,sgp-shared,exact,sgp-source,source-backed,,sgp/FileMan.c,1785
wiz8,00405970,CreateStack,sgp-shared,exact,sgp-source,source-backed,,sgp/Container.c,99
wiz8,004059b0,CreateList,sgp-shared,exact,sgp-source,source-backed,,sgp/Container.c,191
wiz8,00405a00,Push,sgp-shared,exact,sgp-source,source-backed,,sgp/Container.c,299
wiz8,00405a70,Pop,sgp-shared,exact,sgp-source,source-backed,,sgp/Container.c,361
wiz8,00405ac0,PeekStack,sgp-shared,exact,sgp-source,source-backed,,sgp/Container.c,415
wiz8,00405b00,DeleteStack,sgp-shared,exact,sgp-source,source-backed,DeleteList,sgp/Container.c,467
wiz8,00405b20,PeekList,sgp-shared,exact,sgp-source,source-backed,,sgp/Container.c,658
wiz8,00405b90,StoreListNode,sgp-shared,exact,sgp-source,source-backed,,sgp/Container.c,799
wiz8,00405c00,StackSize,sgp-shared,exact,sgp-source,source-backed,ListSize,sgp/Container.c,1152
wiz8,00405c10,AddtoList,sgp-shared,exact,sgp-source,source-backed,,sgp/Container.c,1251
wiz8,00406b70,Clock,sgp-shared,exact,sgp-source,source-backed,,sgp/timer.c,23
wiz8,00406ba0,InitializeClockManager,sgp-shared,exact,sgp-source,source-backed,,sgp/timer.c,36
wiz8,00406bd0,ShutdownClockManager,sgp-shared,exact,sgp-source,source-backed,,sgp/timer.c,47
wiz8,00406be0,GetClock,sgp-shared,exact,sgp-source,source-backed,,sgp/timer.c,55
wiz8,00406bf0,SetCountdownClock,sgp-shared,exact,sgp-source,source-backed,,sgp/timer.c,60
wiz8,00406c00,ClockIsTicking,sgp-shared,exact,sgp-source,source-backed,,sgp/timer.c,65
wiz8,00408860,PlaySound,fan-patch-oracle,strong,fan-patch-signature,external-semantic,,,
wiz8,0040ef80,InitializeRandom,sgp-shared,exact,sgp-source,source-backed,,sgp/Random.c,23
wiz8,0040efa0,Random,sgp-shared,exact,fan-patch-signature|sgp-source,source-backed,GetRandomNumber,sgp/Random.c,39
wiz8,0040efe0,Chance,sgp-shared,exact,sgp-source,source-backed,,sgp/Random.c,54
wiz8,0040f0b0,DDCreateSurface,sgp-shared,exact,sgp-source,source-backed,,sgp/DirectDraw Calls.c,16
wiz8,0040f100,DDLockSurface,sgp-shared,exact,sgp-source,source-backed,,sgp/DirectDraw Calls.c,83
wiz8,0040f150,DDUnlockSurface,sgp-shared,exact,sgp-source,source-backed,,sgp/DirectDraw Calls.c,103
wiz8,0040f180,DDGetSurfaceDescription,sgp-shared,exact,sgp-source,source-backed,,sgp/DirectDraw Calls.c,112
wiz8,0040f1c0,DDReleaseSurface,sgp-shared,exact,sgp-source,source-backed,,sgp/DirectDraw Calls.c,206
wiz8,0040f210,DDRestoreSurface,sgp-shared,exact,sgp-source,source-backed,,sgp/DirectDraw Calls.c,220
wiz8,0040f230,DDBltFastSurface,sgp-shared,exact,sgp-source,source-backed,,sgp/DirectDraw Calls.c,228
wiz8,0040f290,DDBltSurface,sgp-shared,exact,sgp-source,source-backed,,sgp/DirectDraw Calls.c,244
wiz8,0040f300,DDCreatePalette,sgp-shared,exact,sgp-source,source-backed,,sgp/DirectDraw Calls.c,262
wiz8,0040f340,DDSetPaletteEntries,sgp-shared,exact,sgp-source,source-backed,,sgp/DirectDraw Calls.c,290
wiz8,0040f380,DDGetPaletteEntries,sgp-shared,exact,sgp-source,source-backed,,sgp/DirectDraw Calls.c,300
wiz8,0040f3c0,DDReleasePalette,sgp-shared,exact,sgp-source,source-backed,,sgp/DirectDraw Calls.c,310
wiz8,0040f3e0,DDSetSurfaceColorKey,sgp-shared,exact,sgp-source,source-backed,,sgp/DirectDraw Calls.c,336
wiz8,004126f0,InitializeSlfArchives,wiz8-file-system,strong,descriptive,descriptive,,,
wiz8,00412a10,RefreshSlfArchives,wiz8-file-system,strong,descriptive,descriptive,,,
wiz8,00412b10,ShutDownFileDatabase,sgp-shared,exact,sgp-source,source-backed,,sgp/LibraryDataBase.c,161
wiz8,00412bb0,OpenSlfArchive,wiz8-file-system,strong,descriptive,descriptive,,,
wiz8,00413680,CreateRealFileHandle,sgp-shared,exact,sgp-source,source-backed,,sgp/LibraryDataBase.c,741
wiz8,00413730,GetLibraryAndFileIDFromLibraryFileHandle,sgp-shared,exact,sgp-source,source-backed,,sgp/LibraryDataBase.c,792
wiz8,00413d00,CompareDirEntryFileNames,sgp-shared,exact,sgp-source,source-backed,,sgp/LibraryDataBase.c,1109
wiz8,00415820,ZAlloc,sgp-compression,exact,sgp-source,source-backed,,,
wiz8,00415840,ZFree,sgp-compression,exact,sgp-source,source-backed,,,
wiz8,00415850,DecompressInit,sgp-compression,exact,sgp-source,source-backed,,,
wiz8,004158b0,Decompress,sgp-compression,exact,sgp-source,source-backed,,,
wiz8,004158f0,DecompressFini,sgp-compression,exact,sgp-source,source-backed,,,
wiz8,00415910,inflateReset,zlib-1.0.4,high,original-source,source-backed,,,
wiz8,00415960,inflateEnd,zlib-1.0.4,high,original-source,source-backed,,,
wiz8,004159c0,inflateInit2_,zlib-1.0.4,high,original-source,source-backed,,,
wiz8,00415ad0,inflateInit_,zlib-1.0.4,high,original-source,source-backed,,,
wiz8,00415af0,inflate,zlib-1.0.4,high,original-source,source-backed,,,
wiz8,00415f10,flush_pending,zlib-1.0.4,high,original-source,source-backed,,,
wiz8,00415f60,deflate_stored,zlib-1.0.4,high,original-source,source-backed,,,
wiz8,00416070,fill_window,zlib-1.0.4,high,original-source,source-backed,,,
wiz8,00416180,read_buf,zlib-1.0.4,high,original-source,source-backed,,,
wiz8,004161f0,deflate_fast,zlib-1.0.4,high,original-source,source-backed,,,
wiz8,00416450,longest_match,zlib-1.0.4,high,original-source,source-backed,,,
wiz8,004165c0,deflate_slow,zlib-1.0.4,high,original-source,source-backed,,,
wiz8,004168b0,inflate_blocks_reset,zlib-1.0.4,high,original-source,source-backed,,,
wiz8,00416940,inflate_blocks_new,zlib-1.0.4,high,original-source,source-backed,,,
wiz8,004169b0,inflate_blocks,zlib-1.0.4,high,original-source,source-backed,,,
wiz8,004177d0,inflate_blocks_free,zlib-1.0.4,high,original-source,source-backed,,,
wiz8,00417810,adler32,zlib-1.0.4,high,original-source,source-backed,,,
wiz8,00417940,zcalloc,zlib-1.0.4,high,original-source,source-backed,,,
wiz8,00417960,zcfree,zlib-1.0.4,high,original-source,source-backed,,,
wiz8,00417970,init_block,zlib-1.0.4,high,original-source,source-backed,,,
wiz8,004179e0,gen_codes,zlib-1.0.4,high,original-source,source-backed,,,
wiz8,00417a60,_tr_stored_block,zlib-1.0.4,high,original-source,source-backed,,,
wiz8,00417b20,_tr_flush_block,zlib-1.0.4,high,original-source,source-backed,,,
wiz8,00417d40,build_tree,zlib-1.0.4,high,original-source,source-backed,,,
wiz8,00417f50,pqdownheap,zlib-1.0.4,high,original-source,source-backed,,,
wiz8,00418000,gen_bitlen,zlib-1.0.4,high,original-source,source-backed,,,
wiz8,004181e0,build_bl_tree,zlib-1.0.4,high,original-source,source-backed,,,
wiz8,00418250,scan_tree,zlib-1.0.4,high,original-source,source-backed,,,
wiz8,00418340,send_all_trees,zlib-1.0.4,high,original-source,source-backed,,,
wiz8,004185a0,send_tree,zlib-1.0.4,high,original-source,source-backed,,,
wiz8,00418b20,_tr_tally,zlib-1.0.4,high,original-source,source-backed,,,
wiz8,00418c30,compress_block,zlib-1.0.4,high,original-source,source-backed,,,
wiz8,004190a0,set_data_type,zlib-1.0.4,high,original-source,source-backed,,,
wiz8,00419110,bi_reverse,zlib-1.0.4,high,original-source,source-backed,,,
wiz8,00419140,bi_windup,zlib-1.0.4,high,original-source,source-backed,,,
wiz8,004191a0,copy_block,zlib-1.0.4,high,original-source,source-backed,,,
wiz8,00419230,inflate_trees_bits,zlib-1.0.4,high,original-source,source-backed,,,
wiz8,00419290,huft_build,zlib-1.0.4,high,original-source,source-backed,,,
wiz8,00419760,inflate_trees_dynamic,zlib-1.0.4,high,original-source,source-backed,,,
wiz8,00419850,inflate_trees_fixed,zlib-1.0.4,high,original-source,source-backed,,,
wiz8,004199c0,inflate_trees_free,zlib-1.0.4,high,original-source,source-backed,,,
wiz8,00419a00,inflate_codes_new,zlib-1.0.4,high,original-source,source-backed,,,
wiz8,00419a40,inflate_codes,zlib-1.0.4,high,original-source,source-backed,,,
wiz8,0041a340,inflate_codes_free,zlib-1.0.4,high,original-source,source-backed,,,
wiz8,0041a360,inflate_flush,zlib-1.0.4,high,original-source,source-backed,,,
wiz8,0041a4a0,inflate_fast,zlib-1.0.4,high,original-source,source-backed,,,
wiz8,0041cf80,CopyLevelDataHandle,wiz8-engine-code,strong,descriptive,descriptive,,Engine Code\\GameData.cpp,
wiz8,0041e880,RepeatLevelDataCallback,wiz8-engine-code,strong,descriptive,descriptive,,Engine Code\\GameData.cpp,
wiz8,0041efb0,GetLevelDataFlag8,wiz8-engine-code,strong,descriptive,descriptive,,Engine Code\\GameData.cpp,
wiz8,0041efd0,ClearLevelDataFlag8,wiz8-engine-code,exact,descriptive,descriptive,,Engine Code\\GameData.cpp,
wiz8,0041efe0,SetLevelDataFlag8,wiz8-engine-code,exact,descriptive,descriptive,,Engine Code\\GameData.cpp,
wiz8,0041eff0,GetLevelDataFlag9,wiz8-engine-code,strong,descriptive,descriptive,,Engine Code\\GameData.cpp,
wiz8,0041f010,HasLevelDataVector,wiz8-engine-code,strong,descriptive,descriptive,,Engine Code\\GameData.cpp,
wiz8,0041f070,GetLevelDataFlag4,wiz8-engine-code,strong,descriptive,descriptive,,Engine Code\\GameData.cpp,
wiz8,0041f090,IsLevelDataFlag4EffectivelySet,wiz8-engine-code,strong,descriptive,descriptive,,Engine Code\\GameData.cpp,
wiz8,0041f0c0,ClearLevelDataFlags5To7,wiz8-engine-code,exact,descriptive,descriptive,,Engine Code\\GameData.cpp,
wiz8,0041f140,GetLevelDataFlag6,wiz8-engine-code,strong,descriptive,descriptive,,Engine Code\\GameData.cpp,
wiz8,0041f160,ClearLevelDataFlag6,wiz8-engine-code,exact,descriptive,descriptive,,Engine Code\\GameData.cpp,
wiz8,00421680,srVector3T<float>::method_00421680,surrender-template,exact,original-export,abi-backed,VectorFromThreeFloats,,
wiz8,004218b0,W8Object005EBCFC::scalar_deleting_destructor,wiz8-engine-code,exact,descriptive,descriptive,,,
wiz8,004218d0,W8Object005EBCFC::~W8Object005EBCFC,wiz8-engine-code,exact,descriptive,descriptive,,,
wiz8,00422240,InitializeVideoDevice,wiz8-engine-code,strong,descriptive,descriptive,,,
wiz8,00428ab0,AssertFailureHandler,wiz8-engine-code,strong,descriptive,descriptive,,,
wiz8,0042a260,W8Vector005EBFB4::W8Vector005EBFB4,wiz8-level-system,exact,descriptive,descriptive,,,
wiz8,0042a2c0,W8Vector005EBFB4::~W8Vector005EBFB4,wiz8-level-system,exact,descriptive,descriptive,,,
wiz8,0042a2e0,W8GrowableVector<W8VectorElement005EBFB4 *>::scalar_deleting_destructor,wiz8-level-system,exact,descriptive,descriptive,,,
wiz8,0042a310,W8Vector005EBFB4::scalar_deleting_destructor,wiz8-level-system,exact,descriptive,descriptive,,,
wiz8,0042a6f0,LoadLevel,fan-patch-oracle,strong,fan-patch-signature,external-semantic,,,
wiz8,0042b410,GetLocationIDFromCode,fan-patch-oracle,strong,fan-patch-signature,external-semantic,,,
wiz8,0042b550,LevelGetFolderNameByID,fan-patch-oracle,strong,fan-patch-signature,external-semantic,,,
wiz8,0042b580,GetLoadedLevelID,fan-patch-oracle,strong,fan-patch-signature,external-semantic,,,
wiz8,0042bbd0,W8GrowableVector<W8VectorElement005EC27C *>::scalar_deleting_destructor,wiz8-engine-code,exact,descriptive,descriptive,,,
wiz8,0042bc10,ReadOctFile,wiz8-octree-engine,strong,original-runtime-string,string-backed,,,
wiz8,0042e3e0,W8OctreeWalker_SetVisitedSet,wiz8-octree-engine,strong,descriptive,descriptive,,Engine Code\\Octree.cpp,
wiz8,0042e400,W8OctreeWalker_MarkVisited,wiz8-octree-engine,strong,descriptive,descriptive,,Engine Code\\Octree.cpp,
wiz8,0042e620,W8OctreeWalker_VisitPointCopy,wiz8-octree-engine,strong,descriptive,descriptive,,Engine Code\\Octree.cpp,
wiz8,0042e810,OctreeQueueKind13,wiz8-octree-engine,strong,descriptive,descriptive,,Engine Code\\Octree.cpp,
wiz8,0042ef00,OctreeTraverseKind12,wiz8-octree-engine,strong,descriptive,descriptive,,Engine Code\\Octree.cpp,
wiz8,00438c70,W8Vector005EC018::~W8Vector005EC018,wiz8-engine-code,exact,descriptive,descriptive,,,
wiz8,00438f40,W8GrowableVector<W8VectorElement005EC018 *>::scalar_deleting_destructor,wiz8-engine-code,exact,descriptive,descriptive,,,
wiz8,00438f70,W8Vector005EC018::scalar_deleting_destructor,wiz8-engine-code,exact,descriptive,descriptive,,,
wiz8,0043a910,W8Object0043A910::W8Object0043A910,wiz8-engine-code,exact,descriptive,descriptive,,,
wiz8,0043ad90,BitArray::FreeIndex,wiz8-bit-array,exact,original-runtime-string,string-backed,,Engine Code\\BitArray.cpp,
wiz8,0043ada0,BitArray::SetSize,wiz8-bit-array,strong,original-runtime-string,string-backed,,Engine Code\\BitArray.cpp,
wiz8,0043ae80,BitArray::CopyFrom,wiz8-bit-array,strong,original-runtime-string,string-backed,,Engine Code\\BitArray.cpp,
wiz8,0043b390,BitArray::Set,wiz8-bit-array,strong,original-runtime-string,string-backed,,Engine Code\\BitArray.cpp,
wiz8,0043b3d0,BitArray::SetAndGrow,wiz8-bit-array,strong,original-runtime-string,string-backed,,Engine Code\\BitArray.cpp,
wiz8,0043b420,BitArray::SetAll,wiz8-bit-array,exact,original-runtime-string,string-backed,,Engine Code\\BitArray.cpp,
wiz8,0043b450,BitArray::Clear,wiz8-bit-array,strong,original-runtime-string,string-backed,,Engine Code\\BitArray.cpp,
wiz8,0043b490,BitArray::ClearAll,wiz8-bit-array,exact,original-runtime-string,string-backed,,Engine Code\\BitArray.cpp,
wiz8,0043b4c0,BitArray::IntersectWith,wiz8-bit-array,exact,original-runtime-string,string-backed,,Engine Code\\BitArray.cpp,
wiz8,0043b510,BitArray::UnionWith,wiz8-bit-array,exact,original-runtime-string,string-backed,,Engine Code\\BitArray.cpp,
wiz8,0043b560,BitArray::SetToComplementOf,wiz8-bit-array,strong,original-runtime-string,string-backed,,Engine Code\\BitArray.cpp,
wiz8,0043b5f0,BitArray::CountSetBits,wiz8-bit-array,strong,original-runtime-string,string-backed,,Engine Code\\BitArray.cpp,
wiz8,0043b620,BitArray::Test,wiz8-bit-array,strong,original-runtime-string,string-backed,,Engine Code\\BitArray.cpp,
wiz8,0043b660,BitArray::NextSetBit,wiz8-bit-array,strong,original-runtime-string,string-backed,,Engine Code\\BitArray.cpp,
wiz8,0043b700,BitArray::Grow,wiz8-bit-array,strong,original-runtime-string,string-backed,,Engine Code\\BitArray.cpp,
wiz8,0043d940,RunTrigger,fan-patch-oracle,strong,fan-patch-signature,external-semantic,,,
wiz8,00443780,FindTriggerByName,fan-patch-oracle,strong,fan-patch-signature,external-semantic,,,
wiz8,00443dc0,CreateLocationVar,fan-patch-oracle,strong,fan-patch-signature,external-semantic,,,
wiz8,00444170,GetLocationVarIDByName,fan-patch-oracle,strong,fan-patch-signature,external-semantic,,,
wiz8,004445b0,ReleaseAllTriggers,wiz8-engine-code,strong,descriptive,descriptive,,Engine Code\\Trigger.cpp,
wiz8,004456e0,PrintNothingHappenedOrSpecialItemRequired,fan-patch-oracle,strong,fan-patch-signature,external-semantic,,,
wiz8,00445ff0,W8Vector005EC164::W8Vector005EC164,wiz8-engine-code,exact,descriptive,descriptive,,,
wiz8,00446050,W8Vector005EC164::~W8Vector005EC164,wiz8-engine-code,exact,descriptive,descriptive,,,
wiz8,00446090,W8Vector005EC16C::W8Vector005EC16C,wiz8-engine-code,exact,descriptive,descriptive,,,
wiz8,004460f0,W8Vector005EC16C::~W8Vector005EC16C,wiz8-engine-code,exact,descriptive,descriptive,,,
wiz8,00446110,srVector3T<float>::method_00446110,surrender-template,exact,original-export,abi-backed,Copy3DVector,,
wiz8,00446160,W8GrowableVector<W8VectorElement005EC164 *>::scalar_deleting_destructor,wiz8-engine-code,exact,descriptive,descriptive,,,
wiz8,00446190,W8Vector005EC164::scalar_deleting_destructor,wiz8-engine-code,exact,descriptive,descriptive,,,
wiz8,00446200,W8GrowableVector<W8VectorElement005EC16C *>::scalar_deleting_destructor,wiz8-engine-code,exact,descriptive,descriptive,,,
wiz8,00446230,W8Vector005EC16C::scalar_deleting_destructor,wiz8-engine-code,exact,descriptive,descriptive,,,
wiz8,0044ba00,W8PropOwnedPolymorphic::ToggleAnimation,wiz8-engine-code,strong,descriptive,descriptive,,Engine Code\\Prop.cpp,
wiz8,0044bae0,W8PropOwnedPolymorphic::FindSlotByCurrentTag,wiz8-engine-code,strong,descriptive,descriptive,,Engine Code\\Prop.cpp,
wiz8,0044bea0,W8Prop005EC1E0_ScalarDeletingDestructor,wiz8-engine-code,strong,descriptive,descriptive,,Engine Code\\Prop.cpp,
wiz8,0044bec0,W8Prop005EC1E0::~W8Prop005EC1E0,wiz8-engine-code,exact,descriptive,descriptive,,Engine Code\Prop.cpp,
wiz8,0044d4b0,W8Prop005EC1E0::SetSetting6C,wiz8-engine-code,strong,descriptive,descriptive,,Engine Code\\Prop.cpp,
wiz8,0044d4f0,W8Prop005EC1E0::GetSetting6C,wiz8-engine-code,exact,descriptive,descriptive,,Engine Code\\Prop.cpp,
wiz8,0044d500,W8Prop005EC1E0::ToggleRepAnimation,wiz8-engine-code,strong,descriptive,descriptive,,Engine Code\\Prop.cpp,
wiz8,0044d550,W8Prop005EC1E0::ToggleRepAnimationDefault,wiz8-engine-code,strong,descriptive,descriptive,,Engine Code\\Prop.cpp,
wiz8,0044d5a0,W8Prop005EC1E0::GetValue18,wiz8-engine-code,exact,descriptive,descriptive,,Engine Code\\Prop.cpp,
wiz8,0044d5b0,W8Prop005EC1E0::SetSetting66,wiz8-engine-code,exact,descriptive,descriptive,,Engine Code\\Prop.cpp,
wiz8,0044d5c0,W8Prop005EC1E0::PlayRepAnimation,wiz8-engine-code,strong,descriptive,descriptive,,Engine Code\\Prop.cpp,
wiz8,0044e0a0,W8Prop005EC1E0::GetGDPropValue24,wiz8-engine-code,exact,descriptive,descriptive,,Engine Code\\Prop.cpp,
wiz8,0044e0c0,W8Prop005EC1E0::CanBeUsedFrom,wiz8-engine-code,strong,descriptive,descriptive,,Engine Code\\Prop.cpp,
wiz8,0044e1c0,W8Prop005EC1E0::IsSetting6FTwo,wiz8-engine-code,strong,descriptive,descriptive,,Engine Code\\Prop.cpp,
wiz8,0044e1d0,W8Prop005EC1E0::ToggleSetting6E,wiz8-engine-code,exact,descriptive,descriptive,,Engine Code\\Prop.cpp,
wiz8,0044e1f0,W8Prop005EC1E0::SetSetting6E,wiz8-engine-code,strong,descriptive,descriptive,,Engine Code\\Prop.cpp,
wiz8,0044f3d0,srNode_ScalarDeletingDestructor,wiz8-engine-code,strong,descriptive,descriptive,,Engine Code\\3dapi.cpp,
wiz8,00450780,ReportAssertion,wiz8-engine-code,exact,descriptive,descriptive,,Engine Code\\3dapi.cpp,
wiz8,00451010,MarkRendererReady,wiz8-engine-code,exact,descriptive,descriptive,,Engine Code\\3dapi.cpp,
wiz8,00451110,Forward44F5F0,wiz8-engine-code,exact,descriptive,descriptive,,Engine Code\\3dapi.cpp,
wiz8,00451140,Forward44FAF0,wiz8-engine-code,exact,descriptive,descriptive,,Engine Code\\3dapi.cpp,
wiz8,00451280,GetWorld,fan-patch-oracle,strong,fan-patch-signature,external-semantic,,,
wiz8,004512c0,FindEntityByName,fan-patch-oracle,strong,fan-patch-signature,external-semantic,,,
wiz8,00451a40,W8Vector005EC2B8::W8Vector005EC2B8,wiz8-engine-code,exact,descriptive,descriptive,,,
wiz8,00451aa0,W8Vector005EC2B8::~W8Vector005EC2B8,wiz8-engine-code,exact,descriptive,descriptive,,,
wiz8,00451b00,W8Vector005EC27C::scalar_deleting_destructor,wiz8-engine-code,exact,descriptive,descriptive,,,
wiz8,00451b20,W8Vector005EC27C::~W8Vector005EC27C,wiz8-engine-code,exact,descriptive,descriptive,,,
wiz8,00451b40,W8GrowableVector<W8VectorElement005EC2B8 *>::scalar_deleting_destructor,wiz8-engine-code,exact,descriptive,descriptive,,,
wiz8,00451b70,W8Vector005EC2B8::scalar_deleting_destructor,wiz8-engine-code,exact,descriptive,descriptive,,,
wiz8,00451ce0,W8GrowableVector<W8VectorElement005EC294 *>::scalar_deleting_destructor,wiz8-engine-code,exact,descriptive,descriptive,,,
wiz8,00451d10,W8Vector005EC294::scalar_deleting_destructor,wiz8-engine-code,exact,descriptive,descriptive,,,
wiz8,00451d30,W8Vector005EC294::~W8Vector005EC294,wiz8-engine-code,exact,descriptive,descriptive,,,
wiz8,004534c0,W8MonsterMember18::GetPosition,wiz8-engine-code,strong,descriptive,descriptive,,Engine Code\Navigator.cpp,
wiz8,00456140,W8Vector005EC324::W8Vector005EC324,wiz8-engine-code,exact,descriptive,descriptive,,,
wiz8,004561a0,W8Vector005EC324::~W8Vector005EC324,wiz8-engine-code,exact,descriptive,descriptive,,,
wiz8,004561c0,W8GrowableVector<W8VectorElement005EC324 *>::scalar_deleting_destructor,wiz8-engine-code,exact,descriptive,descriptive,,,
wiz8,004561f0,W8Vector005EC324::scalar_deleting_destructor,wiz8-engine-code,exact,descriptive,descriptive,,,
wiz8,00459540,OctPath::WriteWaypointFile,wiz8-pathfinding,strong,descriptive,descriptive,,,
wiz8,00459650,OctPath::ReadWaypointFile,wiz8-pathfinding,strong,descriptive,descriptive,,,
wiz8,0046e580,WorldAddToList00,wiz8-engine-code,exact,descriptive,descriptive,,Engine Code\\3d.cpp,
wiz8,0046e5c0,WorldAddToList04,wiz8-engine-code,exact,descriptive,descriptive,,Engine Code\\3d.cpp,
wiz8,0046e5e0,WorldRemoveFromList04,wiz8-engine-code,exact,descriptive,descriptive,,Engine Code\\3d.cpp,
wiz8,0046e600,WorldGetPropCount,wiz8-engine-code,strong,descriptive,descriptive,,Engine Code\\3d.cpp,
wiz8,0046e620,WorldGetPropAt,wiz8-engine-code,exact,descriptive,descriptive,,Engine Code\\3d.cpp,
wiz8,0046e860,ForwardThroughMember3C_46E750,wiz8-engine-code,exact,descriptive,descriptive,,Engine Code\\3d.cpp,
wiz8,0046e880,ForwardThroughMember3C_46E640,wiz8-engine-code,exact,descriptive,descriptive,,Engine Code\\3d.cpp,
wiz8,0046f3f0,FreeThroughRenderHeap,wiz8-engine-code,strong,descriptive,descriptive,,Engine Code\\3d.cpp,
wiz8,0046f4f0,SetChainValue15C,wiz8-engine-code,exact,descriptive,descriptive,,Engine Code\\3d.cpp,
wiz8,004712d0,W8MeshModel::FindMappedIndex,wiz8-engine-code,strong,descriptive,descriptive,,Engine Code\\stMeshModel.cpp,
wiz8,00471aa0,W8MeshModel::GetVertex,wiz8-engine-code,exact,descriptive,descriptive,,Engine Code\\stMeshModel.cpp,
wiz8,00471d60,W8MeshModel::LinkTo,wiz8-engine-code,exact,descriptive,descriptive,,Engine Code\\stMeshModel.cpp,
wiz8,00473180,ReleaseMeshModel,wiz8-engine-code,strong,descriptive,descriptive,,Engine Code\\stMeshModel.cpp,
wiz8,00474be0,W8Vector005EC514::W8Vector005EC514,wiz8-engine-code,exact,descriptive,descriptive,,,
wiz8,00474c40,W8Vector005EC514::~W8Vector005EC514,wiz8-engine-code,exact,descriptive,descriptive,,,
wiz8,00474de0,W8GrowableVector<W8VectorElement005EC514 *>::scalar_deleting_destructor,wiz8-engine-code,exact,descriptive,descriptive,,,
wiz8,00474e10,W8Vector005EC514::scalar_deleting_destructor,wiz8-engine-code,exact,descriptive,descriptive,,,
wiz8,004826b0,ResetEnvironment,wiz8-engine-code,exact,descriptive,descriptive,,Engine Code\\Environment.cpp,
wiz8,00482750,SetViewDistance,wiz8-engine-code,exact,descriptive,descriptive,,Engine Code\\Environment.cpp,
wiz8,00482760,GetViewDistance,wiz8-engine-code,exact,descriptive,descriptive,,Engine Code\\Environment.cpp,
wiz8,00482a10,GetEnvironmentFlag0060A394,wiz8-engine-code,exact,descriptive,descriptive,,Engine Code\\Environment.cpp,
wiz8,00482e80,SetFogEnabled,wiz8-engine-code,exact,descriptive,descriptive,,Engine Code\\Environment.cpp,
wiz8,00482e90,IsFogEnabled,wiz8-engine-code,exact,descriptive,descriptive,,Engine Code\\Environment.cpp,
wiz8,00482f60,DisableSky,wiz8-engine-code,exact,descriptive,descriptive,,Engine Code\\Environment.cpp,
wiz8,00482f80,IsSkyEnabled,wiz8-engine-code,exact,descriptive,descriptive,,Engine Code\\Environment.cpp,
wiz8,00483650,SetLightDirection,wiz8-engine-code,strong,descriptive,descriptive,,Engine Code\\Environment.cpp,
wiz8,00483680,GetLightDirection,wiz8-engine-code,exact,descriptive,descriptive,,Engine Code\\Environment.cpp,
wiz8,00483ab0,GetWorldValue24,wiz8-engine-code,exact,descriptive,descriptive,,Engine Code\\Environment.cpp,
wiz8,00483e30,SetSkyNodeValue1D0,wiz8-engine-code,exact,descriptive,descriptive,,Engine Code\\Environment.cpp,
wiz8,00483e50,SetSkyNodeVisible,wiz8-engine-code,strong,descriptive,descriptive,,Engine Code\\Environment.cpp,
wiz8,00484870,W8Vector005EC294::W8Vector005EC294,wiz8-engine-code,exact,descriptive,descriptive,,,
wiz8,00489ed0,W8Vector005ECA5C::W8Vector005ECA5C,wiz8-engine-code,exact,descriptive,descriptive,,,
wiz8,00489f30,W8Vector005ECA5C::~W8Vector005ECA5C,wiz8-engine-code,exact,descriptive,descriptive,,,
wiz8,0048a110,W8GrowableVector<W8VectorElement005ECA5C *>::scalar_deleting_destructor,wiz8-engine-code,exact,descriptive,descriptive,,,
wiz8,0048a140,W8Vector005ECA5C::scalar_deleting_destructor,wiz8-engine-code,exact,descriptive,descriptive,,,
wiz8,0048a7a0,InitializeEncounterTables,wiz8-engine-code,strong,descriptive,descriptive,,,
wiz8,0048ad20,MonGen::GenerateEncounter,wiz8-engine-code,strong,original-runtime-string,string-backed,,,
wiz8,0048b9a0,SelectEncounterCandidates,wiz8-engine-code,strong,descriptive,descriptive,,,
wiz8,0048bdc0,FindMonGenByName,fan-patch-oracle,strong,fan-patch-signature,external-semantic,,,
wiz8,0048c110,MonGen::LoadAll,wiz8-engine-code,strong,original-runtime-string,string-backed,,,
wiz8,0048c810,UpdateRandomEncounterBudget,wiz8-engine-code,strong,descriptive,descriptive,,,
wiz8,0048c8e0,CullExpiredEncounters,wiz8-engine-code,strong,descriptive,descriptive,,,
wiz8,0048cda0,W8Vector005ECA98::W8Vector005ECA98,wiz8-engine-code,exact,descriptive,descriptive,,,
wiz8,0048ce00,W8Vector005ECA98::~W8Vector005ECA98,wiz8-engine-code,exact,descriptive,descriptive,,,
wiz8,0048ce20,W8Vector005ECAA0::W8Vector005ECAA0,wiz8-engine-code,exact,descriptive,descriptive,,,
wiz8,0048ce80,W8Vector005ECAA0::~W8Vector005ECAA0,wiz8-engine-code,exact,descriptive,descriptive,,,
wiz8,0048ced0,W8GrowableVector<W8VectorElement005ECA98 *>::scalar_deleting_destructor,wiz8-engine-code,exact,descriptive,descriptive,,,
wiz8,0048cf00,W8Vector005ECA98::scalar_deleting_destructor,wiz8-engine-code,exact,descriptive,descriptive,,,
wiz8,0048cf20,W8GrowableVector<W8VectorElement005ECAA0 *>::scalar_deleting_destructor,wiz8-engine-code,exact,descriptive,descriptive,,,
wiz8,0048cf50,W8Vector005ECAA0::scalar_deleting_destructor,wiz8-engine-code,exact,descriptive,descriptive,,,
wiz8,0048f190,W8Vector005ECAD0::W8Vector005ECAD0,wiz8-engine-code,exact,descriptive,descriptive,,,
wiz8,0048f1f0,W8Vector005ECAD0::~W8Vector005ECAD0,wiz8-engine-code,exact,descriptive,descriptive,,,
wiz8,0048f210,W8GrowableVector<W8VectorElement005ECAD0 *>::scalar_deleting_destructor,wiz8-engine-code,exact,descriptive,descriptive,,,
wiz8,0048f240,W8Vector005ECAD0::scalar_deleting_destructor,wiz8-engine-code,exact,descriptive,descriptive,,,
wiz8,0049f310,W8WorldEntity::SetFlags,wiz8-engine-item,strong,descriptive,descriptive,,Engine Code\\Item.cpp,
wiz8,004a4100,W8Missile::Release,wiz8-engine-code,strong,descriptive,descriptive,,Engine Code\\Missile.cpp,
wiz8,004a4110,W8Missile::ApplyLauncherSetting98,wiz8-engine-code,strong,descriptive,descriptive,,Engine Code\\Missile.cpp,
wiz8,004a4140,W8Missile::ResetLauncherCounters,wiz8-engine-code,strong,descriptive,descriptive,,Engine Code\\Missile.cpp,
wiz8,004a4570,W8Missile::GetActiveEmitter,wiz8-engine-code,exact,descriptive,descriptive,,Engine Code\\Missile.cpp,
wiz8,004a4590,W8Missile::GetEmitterCount,wiz8-engine-code,strong,descriptive,descriptive,,Engine Code\\Missile.cpp,
wiz8,004a45c0,W8Missile::GetActiveEmitterValue,wiz8-engine-code,exact,descriptive,descriptive,,Engine Code\\Missile.cpp,
wiz8,004a45e0,W8Missile::GetLauncher,wiz8-engine-code,exact,descriptive,descriptive,,Engine Code\\Missile.cpp,
wiz8,004a5c30,W8Vector005ECE60::W8Vector005ECE60,wiz8-engine-code,exact,descriptive,descriptive,,,
wiz8,004a5c90,W8Vector005ECE60::~W8Vector005ECE60,wiz8-engine-code,exact,descriptive,descriptive,,,
wiz8,004a5cf0,W8GrowableVector<W8VectorElement005ECE60 *>::scalar_deleting_destructor,wiz8-engine-code,exact,descriptive,descriptive,,,
wiz8,004a5d20,W8Vector005ECE60::scalar_deleting_destructor,wiz8-engine-code,exact,descriptive,descriptive,,,
wiz8,004a5e50,GrCycle::GrCycle,wiz8-engine-code,strong,original-source-path,string-backed,,,
wiz8,004a5f00,GrCycle::scalar_deleting_destructor,wiz8-engine-code,strong,original-source-path,string-backed,,,
wiz8,004a5f20,GrCycle::GrCycle,wiz8-engine-code,strong,original-source-path,string-backed,,,
wiz8,004a6610,GrCycle::~GrCycle,wiz8-engine-code,strong,original-source-path,string-backed,,,
wiz8,004a8430,GrCycle::SetSubCycle,wiz8-engine-code,exact,descriptive,descriptive,,Engine Code\GrCycle.cpp,
wiz8,004a8460,GrCycle::SetBehaviour,wiz8-engine-code,exact,descriptive,descriptive,,Engine Code\GrCycle.cpp,
wiz8,004a84c0,GrCycle::SetLights,wiz8-engine-code,exact,original-runtime-string,string-backed,,Engine Code\GrCycle.cpp,1656
wiz8,004a8530,GrCycle::AddVectorElement005ECED4,wiz8-engine-code,exact,descriptive,descriptive,,Engine Code\GrCycle.cpp,
wiz8,004a8650,GetGrCycleName,wiz8-engine-code,strong,descriptive,descriptive,,Engine Code\GrCycle.cpp,
wiz8,004a8700,IsSoleGrCycleForName,wiz8-engine-code,strong,descriptive,descriptive,,Engine Code\GrCycle.cpp,
wiz8,004a87a0,FindFirstGrCycleByName,wiz8-engine-code,strong,descriptive,descriptive,,Engine Code\GrCycle.cpp,
wiz8,004a8830,UnregisterGrCycle,wiz8-engine-code,strong,descriptive,descriptive,,Engine Code\GrCycle.cpp,1830
wiz8,004a89a0,RegisterGrCycle,wiz8-engine-code,strong,descriptive,descriptive,,Engine Code\GrCycle.cpp,1891
wiz8,004a8c50,DestroyVector005EC294,wiz8-engine-code,strong,descriptive,descriptive,,Engine Code\GrCycle.cpp,
wiz8,004a8d10,FindMappedIndexInMeshChain,wiz8-engine-code,exact,descriptive,descriptive,,Engine Code\GrCycle.cpp,
wiz8,004a8d50,GrCycle::CreateGroundShadow,wiz8-engine-code,strong,original-runtime-string,string-backed,,,
wiz8,004a8de0,GrCycle::SetGroundShadowVisible,wiz8-engine-code,exact,original-runtime-string,string-backed,,,
wiz8,004a8e70,W8Vector005ECEE4::W8Vector005ECEE4,wiz8-engine-code,exact,descriptive,descriptive,,,
wiz8,004a8ed0,W8Vector005ECEE4::~W8Vector005ECEE4,wiz8-engine-code,exact,descriptive,descriptive,,,
wiz8,004a8ef0,W8GrowableVector<W8VectorElement005ECEE4 *>::scalar_deleting_destructor,wiz8-engine-code,exact,descriptive,descriptive,,,
wiz8,004a8f20,W8Vector005ECEE4::scalar_deleting_destructor,wiz8-engine-code,exact,descriptive,descriptive,,,
wiz8,004a8f40,W8GrowableVector<W8VectorElement005ECED4 *>::scalar_deleting_destructor,wiz8-engine-code,exact,descriptive,descriptive,,Engine Code\GrCycle.cpp,
wiz8,004a8f70,W8Vector005ECED4::scalar_deleting_destructor,wiz8-engine-code,exact,descriptive,descriptive,,Engine Code\GrCycle.cpp,
wiz8,004a8f90,W8Vector005ECED4::~W8Vector005ECED4,wiz8-engine-code,exact,descriptive,descriptive,,Engine Code\GrCycle.cpp,
wiz8,004a9750,CreateRecord004A9750,wiz8-engine-code,exact,descriptive,descriptive,,,
wiz8,004aaac0,W8GrowableVector<W8VectorElement005ECF00 *>::scalar_deleting_destructor,wiz8-engine-code,exact,descriptive,descriptive,,,
wiz8,004aaaf0,W8Vector005ECF00::scalar_deleting_destructor,wiz8-engine-code,exact,descriptive,descriptive,,,
wiz8,004aab10,W8Vector005ECF00::~W8Vector005ECF00,wiz8-engine-code,exact,descriptive,descriptive,,,
wiz8,004aad00,SpellObject5ECF18_ScalarDeletingDestructor,wiz8-engine-code,exact,descriptive,descriptive,,Engine Code\\Spells.cpp,
wiz8,004ab290,W8SpellEmitterHost::SendToEmitter,wiz8-engine-code,exact,descriptive,descriptive,,Engine Code\\Spells.cpp,
wiz8,004ab310,W8SpellEmitterHost::StopEmitter,wiz8-engine-code,strong,descriptive,descriptive,,Engine Code\\Spells.cpp,
wiz8,004abce0,SpellObject5ECF40_ScalarDeletingDestructor,wiz8-engine-code,exact,descriptive,descriptive,,Engine Code\\Spells.cpp,
wiz8,004abdc0,W8SpellVisual::StartIfHostActive,wiz8-engine-code,strong,descriptive,descriptive,,Engine Code\\Spells.cpp,
wiz8,004ac360,W8SpellVisual::ApplyHostSetting98,wiz8-engine-code,strong,descriptive,descriptive,,Engine Code\\Spells.cpp,
wiz8,004ac820,W8SpellVisual::GetActiveEmitter,wiz8-engine-code,exact,descriptive,descriptive,,Engine Code\\Spells.cpp,
wiz8,004ac840,W8SpellVisual::GetEmitterCount,wiz8-engine-code,strong,descriptive,descriptive,,Engine Code\\Spells.cpp,
wiz8,004ac870,W8SpellVisual::GetActiveEmitterValue,wiz8-engine-code,exact,descriptive,descriptive,,Engine Code\\Spells.cpp,
wiz8,004ac890,W8SpellVisual::GetHost,wiz8-engine-code,exact,descriptive,descriptive,,Engine Code\\Spells.cpp,
wiz8,004ac9d0,GetSpellTargetType,wiz8-gameplay-database,strong,descriptive,descriptive,,,
wiz8,004aca00,IsSpellInSingledOutSet,wiz8-spell-system,exact,descriptive,descriptive,,Engine Code\\Spells.cpp,
wiz8,004aca60,CanSpellBackfire,wiz8-gameplay-database,strong,descriptive,descriptive,,,
wiz8,004acb40,MinimumCasterLevelForSpellLevel,wiz8-gameplay-database,strong,descriptive,descriptive,,,
wiz8,004acba0,GetMinimumCasterLevelForSpell,wiz8-gameplay-database,strong,descriptive,descriptive,,,
wiz8,004acc10,InitializeSpellDatabase,wiz8-gameplay-database,strong,descriptive,descriptive,,,
wiz8,004acd50,ReleaseSpellDatabase,wiz8-spell-system,exact,descriptive,descriptive,,Engine Code\\Spells.cpp,
wiz8,004addf0,W8GrowableVector<int>::Grow,wiz8-item-generation,exact,descriptive,descriptive,,,
wiz8,004af690,W8Vector005ED018::W8Vector005ED018,wiz8-engine-code,exact,descriptive,descriptive,,,
wiz8,004af6f0,W8Vector005ED018::~W8Vector005ED018,wiz8-engine-code,exact,descriptive,descriptive,,,
wiz8,004af710,W8GrowableVector<W8VectorElement005ED018 *>::scalar_deleting_destructor,wiz8-engine-code,exact,descriptive,descriptive,,,
wiz8,004af740,W8Vector005ED018::scalar_deleting_destructor,wiz8-engine-code,exact,descriptive,descriptive,,,
wiz8,004b6900,GrCycleBase004B6900::GrCycleBase004B6900,wiz8-engine-code,strong,descriptive,descriptive,,,
wiz8,004b6bd0,W8GrObject005ED090::AddSoundEvent,wiz8-engine-code,exact,descriptive,descriptive,,Engine Code\GrObject.cpp,
wiz8,004b6d90,W8GrowableVector<W8VectorElement005ED094 *>::scalar_deleting_destructor,wiz8-engine-code,exact,descriptive,descriptive,,Engine Code\GrObject.cpp,
wiz8,004b6dc0,W8SoundEventVector005ED094::scalar_deleting_destructor,wiz8-engine-code,exact,descriptive,descriptive,,Engine Code\GrObject.cpp,
wiz8,004b6de0,W8SoundEventVector005ED094::~W8SoundEventVector005ED094,wiz8-engine-code,exact,descriptive,descriptive,,Engine Code\GrObject.cpp,
wiz8,004b6e00,GDProp::GDProp,wiz8-engine-code,exact,original-source-path,string-backed,,Engine Code\GDProp.cpp,
wiz8,004b6ed0,GDProp::~GDProp,wiz8-engine-code,exact,original-source-path,string-backed,,Engine Code\GDProp.cpp,
wiz8,004bdfe0,W8Vector005ED1B8::~W8Vector005ED1B8,wiz8-engine-code,exact,descriptive,descriptive,,,
wiz8,004be000,W8GrowableVector<W8VectorElement005ED1B8 *>::scalar_deleting_destructor,wiz8-engine-code,exact,descriptive,descriptive,,,
wiz8,004be030,W8Vector005ED1B8::scalar_deleting_destructor,wiz8-engine-code,exact,descriptive,descriptive,,,
wiz8,004bea20,Monster::Monster,wiz8-engine-code,strong,original-source-path,string-backed,,,
wiz8,004beba0,Monster::scalar_deleting_destructor,wiz8-engine-code,strong,original-source-path,string-backed,,,
wiz8,004bebd0,Monster::Monster,wiz8-engine-code,strong,original-source-path,string-backed,,,
wiz8,004bee50,Monster::~Monster,wiz8-engine-code,strong,original-source-path,string-backed,,,
wiz8,004c3730,MonsterInstallVtable5ED290,wiz8-engine-code,strong,descriptive,descriptive,,Engine Code\\Monster.cpp,
wiz8,004c5710,MonsterHasPendingCycle,wiz8-engine-code,strong,descriptive,descriptive,,Engine Code\Monster.cpp,
wiz8,004c5770,MonsterUpdateMember18,wiz8-engine-code,strong,descriptive,descriptive,,Engine Code\\Monster.cpp,
wiz8,004c5780,MonsterGetScale,wiz8-engine-code,strong,descriptive,descriptive,,Engine Code\Monster.cpp,
wiz8,004c57a0,MonsterSetScale,wiz8-engine-code,strong,descriptive,descriptive,,Engine Code\Monster.cpp,
wiz8,004c57c0,MonsterGetScaleRange,wiz8-engine-code,strong,descriptive,descriptive,,Engine Code\Monster.cpp,
wiz8,004c57f0,MonsterGetCycle17State,wiz8-engine-code,strong,descriptive,descriptive,,Engine Code\Monster.cpp,
wiz8,004c5800,MonsterSetCycle17State,wiz8-engine-code,strong,descriptive,descriptive,,Engine Code\Monster.cpp,
wiz8,004c5820,MonsterGetRuntimeFlag5BC,wiz8-engine-code,strong,descriptive,descriptive,,Engine Code\Monster.cpp,
wiz8,004c5840,MonsterSetRuntimeFlag5BC,wiz8-engine-code,strong,descriptive,descriptive,,Engine Code\Monster.cpp,
wiz8,004c59b0,MonsterCallSlot10,wiz8-engine-code,strong,descriptive,descriptive,,Engine Code\\Monster.cpp,
wiz8,004c59e0,MonsterIsAnimating,wiz8-engine-code,strong,descriptive,descriptive,,Engine Code\Monster.cpp,
wiz8,004c5a00,MonsterSetAnimating,wiz8-engine-code,strong,original-runtime-string,string-backed,,Engine Code\Monster.cpp,4785
wiz8,004c5a80,MonsterIsCycleSupported,wiz8-engine-code,strong,original-runtime-string,string-backed,,Engine Code\Monster.cpp,
wiz8,004c5aa0,MonsterSetPendingCycle,wiz8-engine-code,strong,descriptive,descriptive,,Engine Code\Monster.cpp,
wiz8,004c5b30,MonsterGetObject0C,wiz8-engine-code,exact,descriptive,descriptive,,Engine Code\\Monster.cpp,
wiz8,004c5b40,MonsterQuery,wiz8-engine-code,strong,original-runtime-string,string-backed,,Engine Code\Monster.cpp,
wiz8,004c5e40,MonsterSetRuntimeBehaviour,wiz8-engine-code,strong,descriptive,descriptive,,Engine Code\Monster.cpp,135
wiz8,004c5ea0,MonsterForward4A84A0,wiz8-engine-code,strong,descriptive,descriptive,,Engine Code\\Monster.cpp,
wiz8,004c5ee0,MonsterHasCycle19Flag3,wiz8-engine-code,strong,descriptive,descriptive,,Engine Code\Monster.cpp,
wiz8,004c6140,MonsterForward4537E0,wiz8-engine-code,strong,descriptive,descriptive,,Engine Code\\Monster.cpp,
wiz8,004c6160,MonsterSetStateA0,wiz8-engine-code,strong,descriptive,descriptive,,Engine Code\Monster.cpp,
wiz8,004c6180,MonsterSetCycle,wiz8-engine-code,strong,descriptive,descriptive,,Engine Code\Monster.cpp,
wiz8,004c61a0,MonsterSetBehaviour,wiz8-engine-code,strong,descriptive,descriptive,,Engine Code\Monster.cpp,
wiz8,004c61c0,MonsterSetSubCycle,wiz8-engine-code,strong,descriptive,descriptive,,Engine Code\Monster.cpp,
wiz8,004ca4c0,Monster::IsDying,wiz8-engine-code,strong,descriptive,descriptive,,Engine Code\Monster.cpp,
wiz8,004cad00,W8Vector005ED2C8::W8Vector005ED2C8,wiz8-engine-code,exact,descriptive,descriptive,,,
wiz8,004cad60,W8Vector005ED2C8::~W8Vector005ED2C8,wiz8-engine-code,exact,descriptive,descriptive,,,
wiz8,004cad80,W8Vector005EC018::W8Vector005EC018,wiz8-engine-code,exact,descriptive,descriptive,,,
wiz8,004cade0,W8GrowableVector<W8VectorElement005ED2C8 *>::scalar_deleting_destructor,wiz8-engine-code,exact,descriptive,descriptive,,,
wiz8,004cae10,W8Vector005ED2C8::scalar_deleting_destructor,wiz8-engine-code,exact,descriptive,descriptive,,,
wiz8,004d6430,stGroundShadow::stGroundShadow,wiz8-engine-code,strong,descriptive,descriptive,,Engine Code\stGroundShadow.cpp,
wiz8,004d6540,stGroundShadow::traverse,wiz8-engine-code,strong,descriptive,descriptive,,Engine Code\stGroundShadow.cpp,
wiz8,004d6640,stGroundShadow::process,wiz8-engine-code,exact,descriptive,descriptive,,Engine Code\stGroundShadow.cpp,
wiz8,004d69a0,stGroundShadow::getClassID,wiz8-engine-code,exact,descriptive,descriptive,,Engine Code\stGroundShadow.cpp,
wiz8,004d69b0,stGroundShadow::getClassName,wiz8-engine-code,exact,original-runtime-string,string-backed,,Engine Code\stGroundShadow.cpp,
wiz8,004d69c0,stGroundShadow::getClassNode,wiz8-engine-code,exact,descriptive,descriptive,,Engine Code\stGroundShadow.cpp,
wiz8,004d6a30,stGroundShadow::vslot7,wiz8-engine-code,exact,descriptive,descriptive,,Engine Code\stGroundShadow.cpp,
wiz8,004d6bf0,stGroundShadow::vInstance,wiz8-engine-code,exact,descriptive,descriptive,,Engine Code\stGroundShadow.cpp,
wiz8,004d8f00,SpawnMonsters,fan-patch-oracle,strong,fan-patch-signature,external-semantic,,,
wiz8,004d8f80,CreateAndPlaySoundNode,fan-patch-oracle,strong,fan-patch-signature,external-semantic,,,
wiz8,004dcd40,TriggerArrowTrap,fan-patch-oracle,strong,fan-patch-signature,external-semantic,,,
wiz8,004e3930,CreateMonsterInfo,wiz8-monster-system,strong,descriptive,descriptive,,Local Code\MonsterManager.cpp,
wiz8,004e3af0,RemoveMonster,wiz8-monster-system,strong,original-runtime-string,string-backed,DestroyMonster,Local Code\MonsterManager.cpp,642
wiz8,004e4050,ActivateMonster,wiz8-monster-system,strong,original-runtime-string,string-backed,,Local Code\MonsterManager.cpp,501
wiz8,004e4280,DeactivateMonster,wiz8-monster-system,strong,original-runtime-string,string-backed,,Local Code\MonsterManager.cpp,576
wiz8,004e4600,Function4E4600,wiz8-monster-system,strong,descriptive,descriptive,,Local Code\MonsterManager.cpp,
wiz8,004e4690,MonsterStartsDying,wiz8-monster-system,exact,original-runtime-string,string-backed,,Local Code\MonsterManager.cpp,
wiz8,004e46f0,MonsterDies,wiz8-monster-system,strong,original-runtime-string,string-backed,,Local Code\MonsterManager.cpp,1513
wiz8,004e4db0,StartMonsterCycle,wiz8-monster-system,strong,original-runtime-string,string-backed,,Local Code\MonsterManager.cpp,1175
wiz8,004e5150,GetMonsterName,wiz8-monster-system,strong,descriptive,descriptive,,Local Code\MonsterManager.cpp,1513
wiz8,004e5550,MonsterGetIndexByLocationID,wiz8-monster-system,exact,fan-patch-signature,external-semantic,,Local Code\MonsterManager.cpp,
wiz8,004e5620,MonsterGetScriptPartByLocationIndex,wiz8-monster-system,strong,fan-patch-signature,external-semantic,,Local Code\MonsterManager.cpp,
wiz8,004e5720,GetMonsterDataForInfo,wiz8-monster-system,exact,descriptive,descriptive,,Local Code\MonsterManager.cpp,
wiz8,004e57c0,MonsterDBFromSpecies,wiz8-monster-system,exact,fan-patch-signature|official-demo|original-runtime-string,string-backed,GetMonsterDataByID,Local Code\MonsterManager.cpp,1523
wiz8,004e5840,MonsterInfoFromID,wiz8-monster-system,exact,original-runtime-string,string-backed,,Local Code\MonsterManager.cpp,
wiz8,004e58b0,GetMonsterDataByLocationID,wiz8-monster-system,strong,descriptive,descriptive,,Local Code\MonsterManager.cpp,
wiz8,004e5950,GetMonsterByLocationID,wiz8-monster-system,exact,descriptive,descriptive,,Local Code\MonsterManager.cpp,
wiz8,004e5990,GetMonsterRecordScaledFloat1BA,wiz8-monster-system,strong,descriptive,descriptive,,Local Code\MonsterManager.cpp,
wiz8,004e5a50,UpdateMonsterDamageAppearance,wiz8-monster-system,exact,descriptive,descriptive,,Local Code\MonsterManager.cpp,
wiz8,004e5aa0,GetNextMonsterInfo,wiz8-monster-system,exact,descriptive,descriptive,,Local Code\MonsterManager.cpp,
wiz8,004e5af0,GetMonsterQuadrant,wiz8-monster-system,exact,descriptive,descriptive,,Local Code\MonsterManager.cpp,
wiz8,004e5b50,Function4E5B50,wiz8-monster-system,exact,descriptive,descriptive,,Local Code\MonsterManager.cpp,
wiz8,004e5c00,ProcessMonstersAtCombatEnd,wiz8-monster-system,exact,descriptive,descriptive,,Local Code\MonsterManager.cpp,
wiz8,004e5d00,ConvertMonsterAttributes,wiz8-monster-system,exact,descriptive,descriptive,,Local Code\MonsterManager.cpp,
wiz8,004e5e50,FindMonsterInfoBySpecies,wiz8-monster-system,exact,descriptive,descriptive,,Local Code\MonsterManager.cpp,
wiz8,004e5ea0,ResetLivingMonstersAfterCombat,wiz8-monster-system,exact,descriptive,descriptive,,Local Code\MonsterManager.cpp,
wiz8,004e5f00,DestroyUngroupedMonsters,wiz8-monster-system,strong,descriptive,descriptive,,Local Code\MonsterManager.cpp,
wiz8,004e6020,SetMonsterControlState,wiz8-monster-system,exact,descriptive,descriptive,,Local Code\MonsterManager.cpp,2139
wiz8,004e60b0,MonsterInfoSetMotionless,wiz8-monster-system,exact,original-runtime-string,string-backed,,Local Code\MonsterManager.cpp,
wiz8,004e6130,MoveMonsterToLiveList,wiz8-monster-system,exact,descriptive,descriptive,,Local Code\MonsterManager.cpp,
wiz8,004e61e0,FindNearestMonsterInfo,wiz8-monster-system,strong,descriptive,descriptive,,Local Code\MonsterManager.cpp,
wiz8,004e6370,InitializeMonsterRuntimeStats,wiz8-monster-system,exact,descriptive,descriptive,,Local Code\MonsterManager.cpp,
wiz8,004e65d0,CalculateMonsterScale,wiz8-monster-system,exact,descriptive,descriptive,,Local Code\MonsterManager.cpp,
wiz8,004e6780,GetMonsterCombatValue,wiz8-monster-system,exact,descriptive,descriptive,,Local Code\MonsterManager.cpp,
wiz8,004e67a0,TryStartMonsterCycle2,wiz8-monster-system,exact,descriptive,descriptive,,Local Code\MonsterManager.cpp,
wiz8,004e68c0,AnyMonsterDying,wiz8-monster-system,exact,descriptive,descriptive,,Local Code\MonsterManager.cpp,
wiz8,004e6940,W8MonsterManagerState::~W8MonsterManagerState,wiz8-monster-system,exact,descriptive,descriptive,,Local Code\MonsterManager.cpp,
wiz8,004e6970,W8MonsterManagerState::W8MonsterManagerState,wiz8-monster-system,exact,descriptive,descriptive,,Local Code\MonsterManager.cpp,
wiz8,004e6a10,W8MonsterManagerEntry::~W8MonsterManagerEntry,wiz8-monster-system,exact,descriptive,descriptive,,Local Code\MonsterManager.cpp,
wiz8,004e6a30,W8MonsterManagerEntry::W8MonsterManagerEntry,wiz8-monster-system,exact,descriptive,descriptive,,Local Code\MonsterManager.cpp,
wiz8,004e7090,StartCombat,fan-patch-oracle,strong,fan-patch-signature,external-semantic,,,
wiz8,004e76f0,EndMonsterTurn,wiz8-monster-system,strong,descriptive,descriptive,,Local Code\\Combat.cpp,
wiz8,004e7ca0,AnyCharacterEngaged,wiz8-character-system,exact,descriptive,descriptive,,Local Code\\Combat.cpp,
wiz8,004e7e70,IsPartyEngaged,wiz8-character-system,strong,descriptive,descriptive,,Local Code\\Combat.cpp,
wiz8,004e8290,SetSlotAction,wiz8-character-system,strong,descriptive,descriptive,,Local Code\\Combat.cpp,
wiz8,004e82e0,DropCharacterFromRound,wiz8-character-system,strong,descriptive,descriptive,,Local Code\\Combat.cpp,
wiz8,004ea310,EndCombat,wiz8-local-code,strong,descriptive,descriptive,,Local Code\Combat.cpp,
wiz8,004eb7f0,EndMonsterAttack,wiz8-monster-system,strong,descriptive,descriptive,,Local Code\\Combat.cpp,
wiz8,004eb8c0,SetUpMonsterTurn,wiz8-monster-system,strong,descriptive,descriptive,,Local Code\\Combat.cpp,
wiz8,004ebc80,CanCharReBreathe,wiz8-character-system,strong,original-runtime-string,string-backed,,Local Code\\Combat.cpp,
wiz8,004ec860,GetCharacterTurnValue,wiz8-character-system,strong,descriptive,descriptive,,Local Code\\Combat.cpp,
wiz8,004ecaa0,NotifyNearbyMonsters,wiz8-monster-system,strong,descriptive,descriptive,,Local Code\\Combat.cpp,
wiz8,004ecdd0,RecordCharacterDeath,wiz8-character-system,exact,descriptive,descriptive,,Local Code\\Combat.cpp,
wiz8,004ece00,TryPanicWoundedCharacter,wiz8-character-system,strong,descriptive,descriptive,,Local Code\\Combat.cpp,
wiz8,004eceb0,CatchUpCombatActor,wiz8-character-system,exact,descriptive,descriptive,,Local Code\\Combat.cpp,
wiz8,004ecf00,BeginCombatRound,wiz8-character-system,strong,descriptive,descriptive,,Local Code\\Combat.cpp,
wiz8,004ed1c0,PartyAvoidsSurprise,wiz8-character-system,strong,descriptive,descriptive,,Local Code\\Combat.cpp,
wiz8,004ed260,CombatLog,wiz8-character-system,exact,descriptive,descriptive,,Local Code\\Combat.cpp,
wiz8,004ed2b0,GetEngagementCount,wiz8-character-system,exact,descriptive,descriptive,,Local Code\\Combat.cpp,
wiz8,004ed2d0,TryCharacterAction,wiz8-character-system,strong,descriptive,descriptive,,Local Code\\Combat.cpp,
wiz8,004ee130,CalcPhysCombatExperience,wiz8-character-system,strong,original-runtime-string,string-backed,,Local Code\\GameplayCode.cpp,
wiz8,004eed80,CalcCharacterLevelBand,wiz8-character-system,strong,descriptive,descriptive,,Local Code\\GameplayCode.cpp,
wiz8,004eee20,AnyMonsterEngaged,wiz8-monster-system,strong,descriptive,descriptive,,Local Code\\GameplayCode.cpp,
wiz8,004eee80,CountActiveCharacters,wiz8-character-system,strong,descriptive,descriptive,,Local Code\\GameplayCode.cpp,
wiz8,004eeec0,AnyCharacterActive,wiz8-character-system,strong,descriptive,descriptive,,Local Code\\GameplayCode.cpp,
wiz8,004ef010,AdvanceCharacterToLevel,wiz8-character-system,exact,descriptive,descriptive,,Local Code\\GameplayCode.cpp,
wiz8,004ef3c0,IsCharacterReadyToAdvance,wiz8-character-system,strong,descriptive,descriptive,,Local Code\\GameplayCode.cpp,
wiz8,004ef420,GetAveragePartyLevel,wiz8-item-generation,exact,descriptive,descriptive,,,
wiz8,004ef460,FindFreePartySlot,wiz8-character-system,exact,descriptive,descriptive,,Local Code\\GameplayCode.cpp,
wiz8,004ef950,CalcCharacterTableValue,wiz8-character-system,strong,descriptive,descriptive,,Local Code\\GameplayCode.cpp,
wiz8,004efbe0,BeginPartyMovement,wiz8-character-system,strong,descriptive,descriptive,,Local Code\\Combat Party Movement.cpp,
wiz8,004efd30,EndPartyMovementPhase,wiz8-character-system,strong,descriptive,descriptive,,Local Code\\Combat Party Movement.cpp,
wiz8,004effa0,GetPartyMovementSpeed,wiz8-character-system,strong,descriptive,descriptive,,Local Code\\Combat Party Movement.cpp,
wiz8,004f0480,RoundPhaseToStep,wiz8-character-system,strong,descriptive,descriptive,,Local Code\\Combat Party Movement.cpp,
wiz8,004f0500,GetPhaseStep,wiz8-character-system,exact,descriptive,descriptive,,Local Code\\Combat Party Movement.cpp,
wiz8,004f0520,SetPendingMoveKind,wiz8-character-system,exact,descriptive,descriptive,,Local Code\\Combat Party Movement.cpp,
wiz8,004f0630,BeginFreeTurnPhase,wiz8-character-system,strong,descriptive,descriptive,,Local Code\\Combat Party Movement.cpp,
wiz8,004f0800,CanPartyMove,wiz8-character-system,strong,descriptive,descriptive,,Local Code\\Combat Party Movement.cpp,
wiz8,004f0aa0,UpdatePartyMovementControl,wiz8-character-system,strong,descriptive,descriptive,,Local Code\\Combat Party Movement.cpp,
wiz8,004f21b0,ClearActiveRegionIfMatches,wiz8-region-system,exact,descriptive,descriptive,,Local Code\RegionManager.cpp,
wiz8,004f21d0,GetForcedRegion,wiz8-region-system,exact,descriptive,descriptive,,Local Code\RegionManager.cpp,
wiz8,004f21e0,RegionSetEnable,wiz8-region-system,exact,descriptive,descriptive,,Local Code\RegionManager.cpp,
wiz8,004f2220,RegionSetDisable,wiz8-region-system,exact,descriptive,descriptive,,Local Code\RegionManager.cpp,
wiz8,004f2260,ClearRegionSetModeBits,wiz8-region-system,exact,descriptive,descriptive,,Local Code\RegionManager.cpp,
wiz8,004f22f0,SetRegionSetMode4,wiz8-region-system,exact,descriptive,descriptive,,Local Code\RegionManager.cpp,
wiz8,004f2380,ClearRegionModeBits,wiz8-region-system,exact,descriptive,descriptive,,Local Code\RegionManager.cpp,
wiz8,004f23d0,SetRegionMode4,wiz8-region-system,exact,descriptive,descriptive,,Local Code\RegionManager.cpp,
wiz8,004f2420,SetRegionBounds,wiz8-region-system,exact,descriptive,descriptive,,Local Code\RegionManager.cpp,
wiz8,004f2490,RegionContainsPoint,wiz8-region-system,exact,descriptive,descriptive,,Local Code\RegionManager.cpp,
wiz8,004f2550,RegionHasFlags,wiz8-region-system,exact,descriptive,descriptive,,Local Code\RegionManager.cpp,
wiz8,004f25a0,UpdateRegionHelp,wiz8-region-system,exact,descriptive,descriptive,,Local Code\RegionManager.cpp,
wiz8,004f2650,ShowRegionHelp,wiz8-region-system,strong,descriptive,descriptive,,Local Code\RegionManager.cpp,
wiz8,004f2750,SetRegionHelpText,wiz8-region-system,exact,descriptive,descriptive,,Local Code\RegionManager.cpp,
wiz8,004f27f0,ResetRegionHelp,wiz8-region-system,exact,descriptive,descriptive,,Local Code\RegionManager.cpp,
wiz8,004f2880,CreateRegionSet,wiz8-region-system,exact,descriptive,descriptive,,Local Code\RegionManager.cpp,
wiz8,004f28e0,ResetRegionSet,wiz8-region-system,exact,descriptive,descriptive,,Local Code\RegionManager.cpp,
wiz8,004f2920,AddRegionToSet,wiz8-region-system,exact,descriptive,descriptive,,Local Code\RegionManager.cpp,
wiz8,004f29c0,SetRegionCallback,wiz8-region-system,exact,descriptive,descriptive,,Local Code\RegionManager.cpp,
wiz8,004f2a10,SetRegionOwner,wiz8-region-system,exact,descriptive,descriptive,,Local Code\RegionManager.cpp,
wiz8,004f2a30,SetRegionHelp,wiz8-region-system,exact,descriptive,descriptive,,Local Code\RegionManager.cpp,
wiz8,004f2bb0,EnableRegionHelp,wiz8-region-system,exact,descriptive,descriptive,,Local Code\RegionManager.cpp,
wiz8,004f2bf0,DisableRegionHelp,wiz8-region-system,exact,descriptive,descriptive,,Local Code\RegionManager.cpp,
wiz8,004f2c30,Controls::Controls,wiz8-local-code,strong,descriptive,descriptive,,Local Code\Controls.cpp,
wiz8,004f2ca0,Controls::Controls,wiz8-local-code,strong,descriptive,descriptive,,Local Code\Controls.cpp,
wiz8,004f2d30,Controls::~Controls,wiz8-local-code,exact,descriptive,descriptive,,Local Code\Controls.cpp,
wiz8,004f2d50,Controls::SetEnabled,wiz8-region-system,strong,descriptive,descriptive,,Local Code\Controls.cpp,
wiz8,004f2da0,Controls::RemoveControl,wiz8-region-system,strong,descriptive,descriptive,,Local Code\Controls.cpp,
wiz8,004f2df0,Controls::DestroyAllControls,wiz8-region-system,strong,descriptive,descriptive,,Local Code\Controls.cpp,
wiz8,004f2e50,Controls::Invalidate,wiz8-region-system,strong,descriptive,descriptive,,Local Code\Controls.cpp,
wiz8,004f2f00,Controls::InvalidateLayout,wiz8-region-system,exact,descriptive,descriptive,,Local Code\Controls.cpp,
wiz8,004f2f10,Controls::Redraw,wiz8-region-system,strong,descriptive,descriptive,,Local Code\Controls.cpp,
wiz8,004f3010,Controls::SetBounds,wiz8-region-system,strong,descriptive,descriptive,,Local Code\Controls.cpp,
wiz8,004f30c0,Controls::AcquireRegionSet,wiz8-region-system,exact,descriptive,descriptive,,Local Code\Controls.cpp,
wiz8,004f33a0,W8TextBuffer005ED5B8::W8TextBuffer005ED5B8,wiz8-local-code,exact,descriptive,descriptive,,Local Code\Controls.cpp,
wiz8,004f3480,W8TextBuffer005ED5B8::~W8TextBuffer005ED5B8,wiz8-local-code,strong,descriptive,descriptive,,Local Code\Controls.cpp,
wiz8,004f34a0,W8TextBuffer005ED5B8::SetLayoutMode,wiz8-local-code,exact,descriptive,descriptive,,Local Code\Controls.cpp,
wiz8,004f34d0,W8TextBuffer005ED5B8::SetText,wiz8-local-code,strong,descriptive,descriptive,,Local Code\Controls.cpp,
wiz8,004f3540,W8TextBuffer005ED5B8::SetLayoutBounds,wiz8-local-code,exact,descriptive,descriptive,,Local Code\Controls.cpp,
wiz8,004f35b0,W8TextBuffer005ED5B8::UpdateLayout,wiz8-local-code,strong,descriptive,descriptive,,Local Code\Controls.cpp,
wiz8,004f3710,W8TextBuffer005ED5B8::RenderText,wiz8-local-code,strong,descriptive,descriptive,,Local Code\Controls.cpp,
wiz8,004f3990,W8TextBuffer005ED5B8::CopyTextTo,wiz8-local-code,exact,descriptive,descriptive,,Local Code\Controls.cpp,
wiz8,004f3c00,W8TextBuffer005ED5B8::GetHorizontalPosition,wiz8-local-code,strong,descriptive,descriptive,,Local Code\Controls.cpp,
wiz8,004f3c50,W8TextBuffer005ED5B8::GetVerticalPosition,wiz8-local-code,strong,descriptive,descriptive,,Local Code\Controls.cpp,
wiz8,004f3cf0,W8TextBuffer005ED5B8::SetLineHeight,wiz8-local-code,exact,descriptive,descriptive,,Local Code\Controls.cpp,
wiz8,004f3d30,W8TextBuffer005ED5B8::GetLineHeight,wiz8-local-code,exact,descriptive,descriptive,,Local Code\Controls.cpp,
wiz8,004f3d50,W8TextBuffer005ED5B8::FillBounds,wiz8-local-code,exact,descriptive,descriptive,,Local Code\Controls.cpp,
wiz8,004f3d90,W8WidgetBase005ED5BC::scalar_deleting_destructor,wiz8-local-code,exact,descriptive,descriptive,,,
wiz8,004f3f10,W8WidgetBase005ED5BC::~W8WidgetBase005ED5BC,wiz8-local-code,exact,descriptive,descriptive,,Local Code\Controls.cpp,
wiz8,004f40a0,W8WidgetBase005ED5BC::Invalidate,wiz8-local-code,strong,descriptive,descriptive,,Local Code\Controls.cpp,
wiz8,004f40f0,W8WidgetBase005ED5BC::SetEnabled,wiz8-local-code,exact,descriptive,descriptive,,Local Code\Controls.cpp,
wiz8,004f4120,W8WidgetBase005ED5BC::EnableRegionHelp,wiz8-local-code,exact,descriptive,descriptive,,Local Code\Controls.cpp,
wiz8,004f4140,W8WidgetBase005ED5BC::DisableRegionHelp,wiz8-local-code,exact,descriptive,descriptive,,Local Code\Controls.cpp,
wiz8,004f4250,W8TextControl005ED604::W8TextControl005ED604,wiz8-local-code,strong,descriptive,descriptive,,Local Code\Controls.cpp,
wiz8,004f4460,W8TextControl005ED604::SetBoundsFromRect,wiz8-local-code,strong,descriptive,descriptive,,Local Code\Controls.cpp,
wiz8,004f44d0,W8TextControl005ED604::SetBounds,wiz8-local-code,strong,descriptive,descriptive,,Local Code\Controls.cpp,
wiz8,004f4600,W8TextControl005ED604::SetFlaggedRegionBounds,wiz8-local-code,strong,descriptive,descriptive,,Local Code\Controls.cpp,
wiz8,004f4650,W8TextControl005ED604::Invalidate,wiz8-local-code,exact,descriptive,descriptive,,Local Code\Controls.cpp,
wiz8,004f46a0,W8TextControl005ED604::AddLayoutFlags,wiz8-local-code,strong,descriptive,descriptive,,Local Code\Controls.cpp,
wiz8,004f4780,W8TextControl005ED604::RemoveLayoutFlags,wiz8-local-code,strong,descriptive,descriptive,,Local Code\Controls.cpp,
wiz8,004f4c40,W8TextControl005ED604::EnableSecondaryState,wiz8-local-code,exact,descriptive,descriptive,,Local Code\Controls.cpp,
wiz8,004f4cb0,W8TextControl005ED604::DisableSecondaryState,wiz8-local-code,exact,descriptive,descriptive,,Local Code\Controls.cpp,
wiz8,004f5070,W8TextControl005ED604::InvokeFocusCallback,wiz8-local-code,strong,descriptive,descriptive,,Local Code\Controls.cpp,
wiz8,004f5230,W8TextControl005ED604::ActivatePrimary,wiz8-local-code,strong,descriptive,descriptive,,Local Code\Controls.cpp,
wiz8,004f5310,W8TextControl005ED604::InvokeBlurCallback,wiz8-local-code,strong,descriptive,descriptive,,Local Code\Controls.cpp,
wiz8,004f5360,W8TextControl005ED604::ActivateSecondary,wiz8-local-code,strong,descriptive,descriptive,,Local Code\Controls.cpp,
wiz8,004f53b0,W8TextControl005ED604::UpdateTextBounds,wiz8-local-code,strong,descriptive,descriptive,,Local Code\Controls.cpp,
wiz8,004f5410,W8TextControl005ED604::SetVisible,wiz8-local-code,exact,descriptive,descriptive,,Local Code\Controls.cpp,
wiz8,004f5450,W8Control005ED654::W8Control005ED654,wiz8-region-system,exact,descriptive,descriptive,,Local Code\Controls.cpp,
wiz8,004f5710,W8HorizontalRangeThumb005ED66C::UpdatePixelPosition,wiz8-local-code,strong,descriptive,descriptive,,Local Code\Controls.cpp,
wiz8,004f5780,W8HorizontalRangeThumb005ED66C::BeginDrag,wiz8-local-code,strong,descriptive,descriptive,,Local Code\Controls.cpp,
wiz8,004f5880,W8HorizontalRangeThumb005ED66C::EndDrag,wiz8-local-code,exact,descriptive,descriptive,,Local Code\Controls.cpp,
wiz8,004f58d0,W8HorizontalRangeThumb005ED66C::ClearHover,wiz8-local-code,strong,descriptive,descriptive,,Local Code\Controls.cpp,
wiz8,004f5940,W8HorizontalRangeThumb005ED66C::UpdateDrag,wiz8-local-code,strong,descriptive,descriptive,,Local Code\Controls.cpp,
wiz8,004f5a80,W8HorizontalRangeThumb005ED66C::Redraw,wiz8-local-code,exact,descriptive,descriptive,,Local Code\Controls.cpp,
wiz8,004f5b20,W8VerticalRangeThumb005ED6B4::W8VerticalRangeThumb005ED6B4,wiz8-local-code,strong,descriptive,descriptive,,Local Code\Controls.cpp,
wiz8,004f5c00,W8VerticalRangeThumb005ED6B4::BeginDrag,wiz8-local-code,strong,descriptive,descriptive,,Local Code\Controls.cpp,
wiz8,004f5d30,W8VerticalRangeThumb005ED6B4::EndDrag,wiz8-local-code,exact,descriptive,descriptive,,Local Code\Controls.cpp,
wiz8,004f5d70,W8VerticalRangeThumb005ED6B4::UpdateDrag,wiz8-local-code,strong,descriptive,descriptive,,Local Code\Controls.cpp,
wiz8,004f5ef0,W8VerticalRangeThumb005ED6B4::AdjustValue,wiz8-local-code,strong,descriptive,descriptive,,Local Code\Controls.cpp,
wiz8,004f5f60,W8VerticalRangeThumb005ED6B4::Redraw,wiz8-local-code,strong,descriptive,descriptive,,Local Code\Controls.cpp,
wiz8,004f6030,W8TextControl005ED604::scalar_deleting_destructor,wiz8-local-code,exact,descriptive,descriptive,,Local Code\Controls.cpp,
wiz8,004f6050,W8RangeButton005ED6FC::HandlePress,wiz8-local-code,strong,descriptive,descriptive,,Local Code\Controls.cpp,
wiz8,004f60c0,W8RangeButton005ED6FC::ActivatePrimary,wiz8-local-code,strong,descriptive,descriptive,,Local Code\Controls.cpp,
wiz8,004f6180,W8RangeButton005ED6FC::AdjustValue,wiz8-local-code,strong,descriptive,descriptive,,Local Code\Controls.cpp,
wiz8,004f61f0,W8RangeControl005ED74C::W8RangeControl005ED74C,wiz8-local-code,strong,descriptive,descriptive,,Local Code\Controls.cpp,
wiz8,004f63c0,W8RangeControl005ED74C::~W8RangeControl005ED74C,wiz8-local-code,exact,descriptive,descriptive,,Local Code\Controls.cpp,
wiz8,004f6440,W8RangeControl005ED74C::SetRange,wiz8-local-code,exact,descriptive,descriptive,,Local Code\Controls.cpp,
wiz8,004f6470,W8RangeControl005ED74C::SetValue,wiz8-local-code,strong,descriptive,descriptive,,Local Code\Controls.cpp,
wiz8,004f6540,W8RangeControl005ED74C::Decrement,wiz8-local-code,exact,descriptive,descriptive,,Local Code\Controls.cpp,
wiz8,004f6570,W8RangeControl005ED74C::Increment,wiz8-local-code,exact,descriptive,descriptive,,Local Code\Controls.cpp,
wiz8,004f65a0,W8RangeControl005ED74C::SetEnabled,wiz8-local-code,exact,descriptive,descriptive,,Local Code\Controls.cpp,
wiz8,004f65e0,W8HelpTextControl005ED758::W8HelpTextControl005ED758,wiz8-local-code,exact,descriptive,descriptive,,Local Code\Controls.cpp,
wiz8,004f6640,W8TextControl005ED604::~W8TextControl005ED604,wiz8-local-code,strong,descriptive,descriptive,,Local Code\Controls.cpp,
wiz8,004f6680,W8HelpTextControl005ED758::SetRegionHelp,wiz8-local-code,exact,descriptive,descriptive,,Local Code\Controls.cpp,
wiz8,004f66b0,W8HelpTextControl005ED758::UpdateRegionHelp,wiz8-local-code,exact,descriptive,descriptive,,Local Code\Controls.cpp,
wiz8,004f6720,W8HelpTextControl005ED758::InvokeFocusCallback,wiz8-local-code,strong,descriptive,descriptive,,Local Code\Controls.cpp,
wiz8,004f6780,W8HelpTextControl005ED758::ActivateSecondary,wiz8-local-code,strong,descriptive,descriptive,,Local Code\Controls.cpp,
wiz8,004f6810,W8HelpTextControl005ED758::InvokeBlurCallback,wiz8-local-code,strong,descriptive,descriptive,,Local Code\Controls.cpp,
wiz8,004f6950,W8WidgetBase005ED5BC::SetVisible,wiz8-local-code,exact,descriptive,descriptive,,Local Code\Controls.cpp,
wiz8,004f6960,W8WidgetBase005ED5BC::SetBoundsFromRect,wiz8-local-code,strong,descriptive,descriptive,,Local Code\Controls.cpp,
wiz8,004f6980,W8WidgetBase005ED5BC::SetBounds,wiz8-local-code,exact,descriptive,descriptive,,Local Code\Controls.cpp,
wiz8,004f69a0,W8TextControl005ED604::SetAlternateTextEnabled,wiz8-local-code,exact,descriptive,descriptive,,Local Code\Controls.cpp,
wiz8,004f69b0,W8HorizontalRangeThumb005ED66C::scalar_deleting_destructor,wiz8-local-code,exact,descriptive,descriptive,,Local Code\Controls.cpp,
wiz8,004f69d0,W8HorizontalRangeThumb005ED66C::~W8HorizontalRangeThumb005ED66C,wiz8-local-code,strong,descriptive,descriptive,,Local Code\Controls.cpp,
wiz8,004f69f0,InitializeItemManagerState,wiz8-item-system,strong,descriptive,descriptive,,Local Code\ItemManager.cpp,
wiz8,004f6c50,SpawnItem,fan-patch-oracle,strong,fan-patch-signature,external-semantic,,,
wiz8,004f6cc0,FreeWorldItemGroup,wiz8-item-system,strong,descriptive,descriptive,,Local Code\\ItemManager.cpp,
wiz8,004f70d0,DeactivateWorldItem,wiz8-item-system,strong,descriptive,descriptive,,Local Code\\ItemManager.cpp,
wiz8,004f7fe0,ItemInfo,wiz8-item-system,exact,original-runtime-string,string-backed,,Local Code\\ItemManager.cpp,
wiz8,004f8060,ItemIndex,wiz8-item-system,strong,original-runtime-string,string-backed,,Local Code\\ItemManager.cpp,
wiz8,004f8130,ItemHasFlags,wiz8-item-system,exact,descriptive,descriptive,,Local Code\\ItemManager.cpp,
wiz8,004f8170,SetItemFlags,wiz8-item-system,exact,descriptive,descriptive,,Local Code\\ItemManager.cpp,
wiz8,004f81c0,SetItemAndEntityFlags,wiz8-item-system,exact,descriptive,descriptive,,Local Code\\ItemManager.cpp,
wiz8,004f8220,FindItemRecordByName,wiz8-item-system,strong,descriptive,descriptive,,Local Code\\ItemManager.cpp,
wiz8,004f82b0,GetNextWorldItem,wiz8-item-system,strong,descriptive,descriptive,,Local Code\\ItemManager.cpp,
wiz8,004f8300,ItemInfoGetNumInGroup,wiz8-item-system,exact,original-runtime-string,string-backed,,Local Code\\ItemManager.cpp,
wiz8,004f8340,ItemInfoAddToGroup,wiz8-item-system,exact,original-runtime-string,string-backed,,Local Code\\ItemManager.cpp,
wiz8,004f83a0,ItemInfoRemoveFromGroup,wiz8-item-system,strong,original-runtime-string,string-backed,,Local Code\\ItemManager.cpp,
wiz8,004f8410,ItemInfoGroupGetNext,wiz8-item-system,exact,original-runtime-string,string-backed,,Local Code\\ItemManager.cpp,
wiz8,004f8440,ItemInfoMakeGroupList,wiz8-item-system,strong,descriptive,descriptive,,Local Code\\ItemManager.cpp,
wiz8,004f8560,IsWorldItemWithinReach,wiz8-item-system,strong,descriptive,descriptive,,Local Code\\ItemManager.cpp,
wiz8,004f88a0,FindItemTableByName,wiz8-item-generation,strong,descriptive,descriptive,,,
wiz8,004f88f0,GenerateItemsFromTable,wiz8-item-generation,strong,descriptive,descriptive,,Local Code\ItemManager.cpp,398
wiz8,004f91e0,ItemInfoIsWorldPersistent,wiz8-item-system,strong,descriptive,descriptive,,Local Code\\ItemManager.cpp,
wiz8,004f9210,CopyWorldItemInstance,wiz8-item-system,strong,descriptive,descriptive,,Local Code\\ItemManager.cpp,
wiz8,004f93d0,SettleWorldItem,wiz8-item-system,strong,descriptive,descriptive,,Local Code\\ItemManager.cpp,
wiz8,004f94a0,SetWorldItemFlag02,wiz8-item-system,exact,descriptive,descriptive,,Local Code\\ItemManager.cpp,
wiz8,004f94c0,RebuildAllWorldItemInstances,wiz8-item-system,strong,descriptive,descriptive,,Local Code\\ItemManager.cpp,
wiz8,004f97a0,SpellTargetString,wiz8-spell-system,strong,original-runtime-string,string-backed,,Local Code\\Magic.cpp,
wiz8,004f9a20,SetCharacterSpell,wiz8-spell-system,strong,descriptive,descriptive,,Local Code\\Magic.cpp,
wiz8,004f9aa0,SetPartySlotSpell,wiz8-spell-system,strong,descriptive,descriptive,,Local Code\\Magic.cpp,
wiz8,004fae70,IsSpellBlockedForCharacter,wiz8-spell-system,strong,descriptive,descriptive,,Local Code\\Magic.cpp,
wiz8,004faec0,MonsterCastsSpell,wiz8-spell-system,strong,descriptive,descriptive,,Local Code\\Magic.cpp,
wiz8,004fb0a0,MonsterOKToCastSpell,wiz8-spell-system,strong,original-runtime-string,string-backed,,Local Code\\Magic.cpp,
wiz8,004fb1d0,IsSpellBlockedForMonster,wiz8-spell-system,strong,descriptive,descriptive,,Local Code\\Magic.cpp,
wiz8,004fb220,PointCastSpell,fan-patch-oracle,strong,fan-patch-signature|original-runtime-string,string-backed,CastSpellAtParty,Local Code\\Magic.cpp,
wiz8,004fb360,SpawnLureEffects,wiz8-spell-system,strong,descriptive,descriptive,,Local Code\\Magic.cpp,
wiz8,004fdf30,ChoosePowerLevelForDuration,wiz8-spell-system,strong,descriptive,descriptive,,Local Code\\Magic.cpp,
wiz8,004fe1c0,ChoosePowerLevelToRestore,wiz8-spell-system,strong,descriptive,descriptive,,Local Code\\Magic.cpp,
wiz8,004fe480,ChooseSpellPowerLevelForTarget,wiz8-spell-system,strong,descriptive,descriptive,,Local Code\\Magic.cpp,
wiz8,004ff3b0,GetProfessionCasterLevel,wiz8-character-system,strong,descriptive,descriptive,,,
wiz8,004ff410,GetSpellFailureChance,wiz8-spell-system,strong,descriptive,descriptive,,Local Code\\Magic.cpp,
wiz8,004ff4b0,GetSpellFailureChanceForCast,wiz8-spell-system,strong,descriptive,descriptive,,Local Code\\Magic.cpp,
wiz8,004ff7f0,GetBestSpellbookSkillForSpell,wiz8-spell-system,strong,descriptive,descriptive,,Local Code\\Magic.cpp,
wiz8,004ffbd0,GetTotalCasterLevel,wiz8-spell-system,strong,descriptive,descriptive,,Local Code\\Magic.cpp,
wiz8,004ffcb0,CanCharacterLearnSpell,wiz8-spell-system,strong,descriptive,descriptive,,Local Code\\Magic.cpp,
wiz8,004ffe70,LearnSpell,wiz8-spell-system,strong,descriptive,descriptive,,Local Code\\Magic.cpp,
wiz8,00500060,LearnSpellFromItem,wiz8-spell-system,strong,descriptive,descriptive,,Local Code\\Magic.cpp,
wiz8,005001e0,SpellUsableNow,wiz8-spell-system,strong,original-runtime-string,string-backed,,Local Code\\Magic.cpp,
wiz8,00500330,ChooseMonsterSpellPowerLevel,wiz8-spell-system,strong,descriptive,descriptive,,Local Code\\Magic.cpp,
wiz8,005008a0,AddSpellEffect,wiz8-spell-system,strong,descriptive,descriptive,,Local Code\\Magic.cpp,
wiz8,00500e50,AllSpellEffectsStillRunning,wiz8-spell-system,strong,descriptive,descriptive,,Local Code\\Magic.cpp,
wiz8,00500e90,TickSpellEffects,wiz8-spell-system,strong,descriptive,descriptive,,Local Code\\Magic.cpp,
wiz8,00500f30,FindMonsterControlSpellEffect,wiz8-spell-system,strong,descriptive,descriptive,,Local Code\\Magic.cpp,
wiz8,005010f0,GetTargetNeededForSpellFriendly,wiz8-spell-system,strong,original-runtime-string,string-backed,,Local Code\\Magic.cpp,
wiz8,005011c0,GetTargetNeededForSpellHostile,wiz8-spell-system,strong,original-runtime-string,string-backed,,Local Code\\Magic.cpp,
wiz8,00501250,CombatHasCondition,wiz8-spell-system,strong,descriptive,descriptive,,Local Code\\Magic.cpp,
wiz8,005012b0,PartyHasCondition,wiz8-spell-system,strong,descriptive,descriptive,,Local Code\\Magic.cpp,
wiz8,005012e0,CanPartySlotCastRecordedSpell,wiz8-spell-system,strong,descriptive,descriptive,,Local Code\\Magic.cpp,
wiz8,00501400,GetAffordableSpellPowerLevel,wiz8-spell-system,strong,descriptive,descriptive,,Local Code\\Magic.cpp,
wiz8,00501530,PartySlotSpellTargetStillValid,wiz8-spell-system,strong,descriptive,descriptive,,Local Code\\Magic.cpp,
wiz8,00501590,StartCharacterSpellCast,wiz8-spell-system,strong,descriptive,descriptive,,Local Code\\Magic.cpp,
wiz8,00501660,CanPartySlotUseRecordedItem,wiz8-spell-system,strong,descriptive,descriptive,,Local Code\\Magic.cpp,
wiz8,00501790,StartCharacterItemUse,wiz8-spell-system,strong,descriptive,descriptive,,Local Code\\Magic.cpp,
wiz8,00501860,CanPartySlotReBreathe,wiz8-spell-system,strong,descriptive,descriptive,,Local Code\\Magic.cpp,
wiz8,00501880,StartCharacterBreathAttack,wiz8-character-system,exact,descriptive,descriptive,,Local Code\\Magic.cpp,
wiz8,00501910,ScaleByCombatPace,wiz8-character-system,strong,descriptive,descriptive,,Local Code\\Magic.cpp,
wiz8,00501e50,W8Vector005EC27C::W8Vector005EC27C,wiz8-engine-code,exact,descriptive,descriptive,,,
wiz8,00501eb0,W8Vector005ED7D4::W8Vector005ED7D4,wiz8-engine-code,exact,descriptive,descriptive,,,
wiz8,00501f10,W8Vector005ED7D4::~W8Vector005ED7D4,wiz8-engine-code,exact,descriptive,descriptive,,,
wiz8,00501f30,W8GrowableVector<W8VectorElement005ED7D4 *>::scalar_deleting_destructor,wiz8-engine-code,exact,descriptive,descriptive,,,
wiz8,00501f60,W8Vector005ED7D4::scalar_deleting_destructor,wiz8-engine-code,exact,descriptive,descriptive,,,
wiz8,005048e0,ResetSight,wiz8-engine-code,strong,descriptive,descriptive,,Local Code\\Sight.cpp,
wiz8,00504910,IsSightRangeOverridden,wiz8-engine-code,exact,descriptive,descriptive,,Local Code\\Sight.cpp,
wiz8,00504930,AgeAllMonsterSight,wiz8-monster-system,strong,descriptive,descriptive,,Local Code\\Sight.cpp,
wiz8,00505760,RefreshMonsterSight,wiz8-engine-code,exact,descriptive,descriptive,,Local Code\\Sight.cpp,
wiz8,00505780,RefreshOutwardSightForAllMonsters,wiz8-engine-code,strong,descriptive,descriptive,,Local Code\\Sight.cpp,
wiz8,005057d0,RefreshInwardSightForAllMonsters,wiz8-engine-code,strong,descriptive,descriptive,,Local Code\\Sight.cpp,
wiz8,00505810,RefreshAllSight,wiz8-engine-code,strong,descriptive,descriptive,,Local Code\\Sight.cpp,
wiz8,00505ba0,ReleaseMonToMonVisibilityInfoAbout,wiz8-monster-system,exact,original-runtime-string,string-backed,,Local Code\\Sight.cpp,
wiz8,00505c80,ReleaseMonToMonVisibilityList,wiz8-monster-system,exact,original-runtime-string,string-backed,,Local Code\\Sight.cpp,
wiz8,00505d20,FindMonToMonVisibility,wiz8-monster-system,strong,descriptive,descriptive,,Local Code\\Sight.cpp,
wiz8,00505dd0,IsVisibleUnderConditions,wiz8-engine-code,strong,descriptive,descriptive,,Local Code\\Sight.cpp,
wiz8,00505e60,GetSightCondition37A,wiz8-engine-code,exact,descriptive,descriptive,,Local Code\\Sight.cpp,
wiz8,00505e80,GetSightCondition37CIndex,wiz8-engine-code,exact,descriptive,descriptive,,Local Code\\Sight.cpp,
wiz8,00505ea0,MonsterGroupHasVisibleThreat,wiz8-monster-system,strong,descriptive,descriptive,,Local Code\\Sight.cpp,
wiz8,005061a0,SetFact,fan-patch-oracle,strong,fan-patch-signature,external-semantic,,,
wiz8,00506280,GetFact,fan-patch-oracle,strong,fan-patch-signature,external-semantic,,,
wiz8,00506310,InitializeFactState,wiz8-game-state,strong,descriptive,descriptive,,,
wiz8,00506480,SaveFactState,wiz8-save-game,strong,descriptive,descriptive,,,
wiz8,005064a0,LoadFactState,wiz8-save-game,strong,descriptive,descriptive,,,
wiz8,00506670,HandleFactChange,wiz8-local-code,strong,descriptive,descriptive,,,
wiz8,005080f0,EvaluateFact,wiz8-local-code,strong,descriptive,descriptive,,,
wiz8,005090c0,MonsterKilled,fan-patch-oracle,strong,fan-patch-signature,external-semantic,,,
wiz8,00509aa0,CreateNpcRuntimeNode,wiz8-npc-system,strong,descriptive,descriptive,,,
wiz8,0050a3c0,GetNpcMonsterInfo,wiz8-npc-system,strong,descriptive,descriptive,,Local Code\\NPC Manager.cpp,
wiz8,0050a400,GetNpcMonster,wiz8-npc-system,exact,descriptive,descriptive,,Local Code\\NPC Manager.cpp,
wiz8,0050a500,GetNpcDispositionBand,wiz8-npc-system,strong,descriptive,descriptive,,Local Code\\NPC Manager.cpp,
wiz8,0050a520,SetNpcDispositionBand,wiz8-npc-system,strong,descriptive,descriptive,,Local Code\\NPC Manager.cpp,
wiz8,0050a9c0,WillNpcTradeForItem,wiz8-npc-system,strong,descriptive,descriptive,,Local Code\\NPC Manager.cpp,
wiz8,0050aa00,NpcRecordHasValue002,wiz8-npc-system,strong,descriptive,descriptive,,Local Code\\NPC Manager.cpp,
wiz8,0050b2d0,UpdateNpc,wiz8-npc-system,exact,descriptive,descriptive,,Local Code\\NPC Manager.cpp,
wiz8,0050b800,GetNpcState,wiz8-npc-system,strong,descriptive,descriptive,,Local Code\\NPC Manager.cpp,
wiz8,0050b830,GetNPCItemListByID,fan-patch-oracle,strong,fan-patch-signature,external-semantic,,,
wiz8,0050b870,GetNpcGroupEntry,wiz8-npc-system,exact,descriptive,descriptive,,Local Code\\NPC Manager.cpp,
wiz8,0050b9b0,CountLeadingPartySlots,wiz8-npc-system,strong,descriptive,descriptive,,Local Code\\NPC Manager.cpp,
wiz8,0050c140,AddNpcTopic,wiz8-npc-system,exact,descriptive,descriptive,,Local Code\\NPC Manager.cpp,
wiz8,0050c190,NpcHasTopic,wiz8-npc-system,exact,descriptive,descriptive,,Local Code\\NPC Manager.cpp,
wiz8,0050c770,GetNpcDisplayName,wiz8-npc-system,exact,descriptive,descriptive,,Local Code\\NPC Manager.cpp,
wiz8,0050c9e0,NpcOffersService,wiz8-npc-system,strong,descriptive,descriptive,,Local Code\\NPC Manager.cpp,
wiz8,0050ca30,MarkNpcOfKind,wiz8-npc-system,strong,descriptive,descriptive,,Local Code\\NPC Manager.cpp,
wiz8,0050dd10,NpcKnowsFact,wiz8-npc-system,strong,descriptive,descriptive,,Local Code\\NPC Manager.cpp,
wiz8,0050dd50,TellNpcFact,wiz8-npc-system,exact,descriptive,descriptive,,Local Code\\NPC Manager.cpp,
wiz8,0050dd80,FindNpcOfKind,wiz8-npc-system,strong,descriptive,descriptive,,Local Code\\NPC Manager.cpp,
wiz8,005100b0,GetMonsterGroupIndexByID,wiz8-monster-system,strong,descriptive,descriptive,,Local Code\MonsterGroup.cpp,
wiz8,005101b0,GetMonsterGroupByListIndex,wiz8-monster-system,strong,descriptive,descriptive,,Local Code\MonsterGroup.cpp,
wiz8,00510350,RecountActiveMonsterGroupMembers,wiz8-monster-system,strong,descriptive,descriptive,,Local Code\MonsterGroup.cpp,
wiz8,00510b60,FindFirstMonsterByID,fan-patch-oracle,strong,fan-patch-signature,external-semantic,,,
wiz8,00510bf0,FindNextExistingMonsterByID,fan-patch-oracle,strong,fan-patch-signature,external-semantic,,,
wiz8,00511250,MonsterGroupCalcDefaultDisposition,wiz8-local-code,strong,original-runtime-string,string-backed,,,
wiz8,00511990,GiveBirthToMonster,fan-patch-oracle,strong,fan-patch-signature,external-semantic,,,
wiz8,00512290,GetSaveGameLevel,wiz8-save-game,strong,official-demo|original-runtime-string,string-backed,,,
wiz8,005123f0,SaveGame,wiz8-save-game,strong,official-demo|original-runtime-string,string-backed,,,
wiz8,00512920,LoadGame,wiz8-save-game,strong,official-demo|original-runtime-string,string-backed,,,
wiz8,00512d00,VerifyDataSubdirs,wiz8-save-game,strong,official-demo|original-runtime-string,string-backed,,,
wiz8,00512f70,SaveSlotFileExists,wiz8-save-game,exact,descriptive,descriptive,,Local Code\\LoadSaveGame.cpp,
wiz8,00513090,LoadStatusHeader,wiz8-save-game,strong,official-demo|original-runtime-string,string-backed,,,
wiz8,00513260,SaveStatusHeader,wiz8-save-game,strong,official-demo|original-runtime-string,string-backed,,,
wiz8,00513650,LoadItemStatus,wiz8-save-game,strong,official-demo|original-runtime-string,string-backed,,,
wiz8,00513c20,LoadMonsterGroup,wiz8-save-game,strong,official-demo|original-runtime-string,string-backed,,,
wiz8,00513d80,LoadMonster,wiz8-save-game,strong,official-demo|original-runtime-string,string-backed,,,
wiz8,005145a0,SaveMonsterStatus,wiz8-save-game,strong,official-demo|original-runtime-string,string-backed,,,
wiz8,00514be0,SaveItemFile,wiz8-save-game,strong,official-demo|original-runtime-string,string-backed,,Local Code\LoadSaveGame.cpp,
wiz8,00514c80,LoadItem,wiz8-save-game,strong,official-demo|original-runtime-string,string-backed,,Local Code\LoadSaveGame.cpp,
wiz8,00514d50,ReadSaveChunks,wiz8-save-game,strong,descriptive,descriptive,,Local Code\\LoadSaveGame.cpp,
wiz8,00515090,SaveCharacter,wiz8-save-game,strong,official-demo|original-runtime-string,string-backed,,,
wiz8,005152b0,LoadCharacter,wiz8-save-game,strong,official-demo|original-runtime-string,string-backed,,,
wiz8,00515910,TakePendingSaveFlag,wiz8-save-game,exact,descriptive,descriptive,,Local Code\\LoadSaveGame.cpp,
wiz8,00515ac0,ReportSaveFailed,wiz8-save-game,exact,descriptive,descriptive,,Local Code\\LoadSaveGame.cpp,
wiz8,00517810,W8Vector005ED840::W8Vector005ED840,wiz8-engine-code,exact,descriptive,descriptive,,,
wiz8,00517870,W8Vector005ED840::~W8Vector005ED840,wiz8-engine-code,exact,descriptive,descriptive,,,
wiz8,00517890,W8GrowableVector<W8VectorElement005ED840 *>::scalar_deleting_destructor,wiz8-engine-code,exact,descriptive,descriptive,,,
wiz8,005178c0,W8Vector005ED840::scalar_deleting_destructor,wiz8-engine-code,exact,descriptive,descriptive,,,
wiz8,00517950,SetDice,wiz8-utility-functions,exact,descriptive,descriptive,,Local Code\UtilityFunctions.cpp,
wiz8,00517970,RollDice,wiz8-gameplay-database,exact,descriptive,descriptive,,Local Code\UtilityFunctions.cpp,
wiz8,005179b0,IntegerPower,wiz8-gameplay-database,exact,descriptive,descriptive,,Local Code\UtilityFunctions.cpp,
wiz8,005179d0,ClampInteger,wiz8-engine-code,exact,descriptive,descriptive,,Local Code\UtilityFunctions.cpp,
wiz8,005179f0,ClampUnsignedInteger,wiz8-utility-functions,exact,descriptive,descriptive,,Local Code\UtilityFunctions.cpp,
wiz8,00517a10,CompareUnsignedDescending,wiz8-utility-functions,exact,descriptive,descriptive,,Local Code\UtilityFunctions.cpp,
wiz8,00517a30,CompareSignedAscending,wiz8-utility-functions,exact,descriptive,descriptive,,Local Code\UtilityFunctions.cpp,
wiz8,00517a50,CompareSignedDescending,wiz8-utility-functions,exact,descriptive,descriptive,,Local Code\UtilityFunctions.cpp,
wiz8,00517a70,FormatString,wiz8-utility-functions,exact,descriptive,descriptive,,Local Code\UtilityFunctions.cpp,
wiz8,00517a90,FormatWideString,wiz8-utility-functions,exact,descriptive,descriptive,,Local Code\UtilityFunctions.cpp,
wiz8,00517ab0,ConvertStringToWide,wiz8-utility-functions,exact,descriptive,descriptive,,Local Code\UtilityFunctions.cpp,
wiz8,00517ad0,ConvertWideStringToString,wiz8-utility-functions,exact,descriptive,descriptive,,Local Code\UtilityFunctions.cpp,
wiz8,00517af0,FormatUnsignedIntegerWithCommas,wiz8-utility-functions,exact,descriptive,descriptive,,Local Code\UtilityFunctions.cpp,
wiz8,00517bd0,TitleCaseString,wiz8-utility-functions,exact,descriptive,descriptive,,Local Code\UtilityFunctions.cpp,
wiz8,00517c60,NormalizeAngle,wiz8-utility-functions,exact,descriptive,descriptive,,Local Code\UtilityFunctions.cpp,
wiz8,00517ce0,ShortestAngleDistance,wiz8-utility-functions,exact,descriptive,descriptive,,Local Code\UtilityFunctions.cpp,
wiz8,00517e20,UnionScreenRects,wiz8-utility-functions,exact,descriptive,descriptive,,Local Code\UtilityFunctions.cpp,
wiz8,00517e70,ScreenPointInRect,wiz8-utility-functions,exact,descriptive,descriptive,,Local Code\UtilityFunctions.cpp,
wiz8,00517ea0,StripMonsterNameSuffix,wiz8-gameplay-database,strong,descriptive,descriptive,,,
wiz8,00517ec0,CharacterPointerToPartySlot,fan-patch-oracle,strong,fan-patch-signature,external-semantic,,,
wiz8,00517f30,IsPartyCharacterPointer,wiz8-character-system,exact,descriptive,descriptive,,Local Code\UtilityFunctions.cpp,
wiz8,00517f60,AdjustByteByPercent,wiz8-utility-functions,exact,descriptive,descriptive,,Local Code\UtilityFunctions.cpp,
wiz8,00517f90,AdjustIntegerByPercent,wiz8-utility-functions,exact,descriptive,descriptive,,Local Code\UtilityFunctions.cpp,
wiz8,00518150,GetRandomCharacter,fan-patch-oracle,strong,fan-patch-signature,external-semantic,,,
wiz8,00518230,GetNextCharacter,wiz8-character-system,exact,descriptive,descriptive,,Local Code\UtilityFunctions.cpp,
wiz8,005182e0,FormatDebugMessage,wiz8-utility-functions,exact,descriptive,descriptive,,Local Code\UtilityFunctions.cpp,
wiz8,00518310,RPCPtrToPCSlot,wiz8-utility-functions,exact,original-runtime-string,string-backed,,Local Code\UtilityFunctions.cpp,
wiz8,005184b0,FreeStringTable,wiz8-utility-functions,exact,descriptive,descriptive,,Local Code\UtilityFunctions.cpp,
wiz8,00518b20,IsStringTableLoaded,wiz8-utility-functions,exact,descriptive,descriptive,,Local Code\UtilityFunctions.cpp,
wiz8,00519ba0,GetBestHandRangeCategory,wiz8-character-system,exact,descriptive,descriptive,,Local Code\\Combat Range.cpp,
wiz8,00519be0,RangeCategoryUsesSightCondition,wiz8-character-system,strong,descriptive,descriptive,,Local Code\\Combat Range.cpp,
wiz8,0051a730,GetMonsterActionRangeCategory,wiz8-monster-system,strong,descriptive,descriptive,,Local Code\\Combat Range.cpp,
wiz8,0051a800,GetBestMonsterAttackRange,wiz8-monster-system,strong,descriptive,descriptive,,Local Code\\Combat Range.cpp,
wiz8,0051a9a0,CalcRangeDistance,wiz8-character-system,strong,original-runtime-string,string-backed,,Local Code\\Combat Range.cpp,
wiz8,0051abe0,CloseFormationGap,wiz8-character-system,strong,descriptive,descriptive,,Local Code\\Combat Range.cpp,
wiz8,0051ae60,AnyoneStandsAhead,wiz8-character-system,strong,descriptive,descriptive,,Local Code\\Combat Range.cpp,
wiz8,0051b000,FrontRankScreens,wiz8-character-system,strong,descriptive,descriptive,,Local Code\\Combat Range.cpp,
wiz8,0051b300,GetRangeConstant5EC360,wiz8-character-system,exact,descriptive,descriptive,,Local Code\\Combat Range.cpp,
wiz8,0051b310,GetRangeConstant5EC35C,wiz8-character-system,exact,descriptive,descriptive,,Local Code\\Combat Range.cpp,
wiz8,0051b580,ReleaseGenericItemNames,wiz8-item-system,strong,descriptive,descriptive,,Local Code\\PC Item.cpp,
wiz8,0051b5c0,FormatItemDisplayName,wiz8-gameplay-database,strong,descriptive,descriptive,,,
wiz8,0051b7b0,GetItemDisplayName,wiz8-item-system,strong,descriptive,descriptive,,Local Code\\PC Item.cpp,
wiz8,0051b840,GetItemStackValue,wiz8-item-system,exact,descriptive,descriptive,,Local Code\\PC Item.cpp,
wiz8,0051b8b0,GetItemUnitWeight,wiz8-item-system,exact,descriptive,descriptive,,Local Code\\PC Item.cpp,
wiz8,0051b8e0,GetItemEquipClass,wiz8-item-system,exact,descriptive,descriptive,,Local Code\\PC Item.cpp,
wiz8,0051b910,GetItemUnidentifiedNameIndex,wiz8-item-system,exact,descriptive,descriptive,,Local Code\\PC Item.cpp,
wiz8,0051b940,ItemsShareEquipClass,wiz8-item-system,exact,descriptive,descriptive,,Local Code\\PC Item.cpp,
wiz8,0051b990,ItemsShareUnidentifiedName,wiz8-item-system,exact,descriptive,descriptive,,Local Code\\PC Item.cpp,
wiz8,0051b9e0,GetItemInHand,fan-patch-oracle,strong,fan-patch-signature,external-semantic,,,
wiz8,0051be50,DropItemInHand,wiz8-item-system,strong,descriptive,descriptive,,Local Code\\PC Item.cpp,
wiz8,0051bea0,AddPartyGold,wiz8-item-system,strong,descriptive,descriptive,,Local Code\\PC Item.cpp,
wiz8,0051bf40,SpendPartyGold,wiz8-item-system,exact,descriptive,descriptive,,Local Code\\PC Item.cpp,
wiz8,0051bf60,CreateItemIntoHandOrPool,wiz8-item-system,strong,descriptive,descriptive,,Local Code\\PC Item.cpp,
wiz8,0051bfd0,GetItemStackWeight,wiz8-item-system,exact,descriptive,descriptive,,Local Code\\PC Item.cpp,
wiz8,0051c020,ReplaceOrCreateItem,fan-patch-oracle,strong,fan-patch-signature,external-semantic,,,
wiz8,0051c280,StoreItemWithCharacterOrParty,wiz8-item-system,strong,descriptive,descriptive,,Local Code\\PC Item.cpp,
wiz8,0051c300,AddItemToCharacter,fan-patch-oracle,strong,fan-patch-signature,external-semantic,,,
wiz8,0051c4e0,GetItemDefaultEquipSlot,wiz8-item-system,exact,descriptive,descriptive,,Local Code\\PC Item.cpp,
wiz8,0051c850,GetItemEquipSlotGroup,wiz8-item-system,strong,descriptive,descriptive,,Local Code\\PC Item.cpp,
wiz8,0051c8b0,GetPairedEquipSlot,wiz8-item-system,exact,descriptive,descriptive,,Local Code\\PC Item.cpp,
wiz8,0051cc40,CanHoldItemsTogether,wiz8-item-system,strong,descriptive,descriptive,,Local Code\\PC Item.cpp,
wiz8,0051cce0,ItemHasSingledOutGenericName,wiz8-item-system,exact,descriptive,descriptive,,Local Code\\PC Item.cpp,
wiz8,0051cdb0,ItemHasQuantityKindFour,wiz8-item-system,strong,descriptive,descriptive,,Local Code\\PC Item.cpp,
wiz8,0051cea0,CanEquipItemInSlot,wiz8-item-system,strong,descriptive,descriptive,,Local Code\\PC Item.cpp,
wiz8,0051cf80,GetItemEquipSlotMask,wiz8-item-system,strong,descriptive,descriptive,,Local Code\\PC Item.cpp,
wiz8,0051d0d0,BindEquippedItem,wiz8-item-system,strong,descriptive,descriptive,,Local Code\\PC Item.cpp,
wiz8,0051d180,IsItemBoundToWearer,wiz8-item-system,exact,descriptive,descriptive,,Local Code\\PC Item.cpp,
wiz8,0051d1c0,CanUnequipSlotItem,wiz8-item-system,strong,descriptive,descriptive,,Local Code\\PC Item.cpp,
wiz8,0051d230,BindEveryPartyItem,wiz8-item-system,strong,descriptive,descriptive,,Local Code\\PC Item.cpp,
wiz8,0051d610,CanCharacterUseItem,wiz8-item-system,strong,descriptive,descriptive,,Local Code\\PC Item.cpp,
wiz8,0051d7a0,AnyPartyMemberCanUseItem,wiz8-item-system,strong,descriptive,descriptive,,Local Code\\PC Item.cpp,
wiz8,0051dcb0,GetItemSpellPresentation,wiz8-item-system,exact,descriptive,descriptive,,Local Code\\PC Item.cpp,
wiz8,0051e760,RemoveCharacterItem,fan-patch-oracle,strong,fan-patch-signature,external-semantic,,,
wiz8,0051e920,AddItemUses,wiz8-item-system,strong,descriptive,descriptive,,Local Code\\PC Item.cpp,
wiz8,0051e9f0,MergeItemUses,wiz8-item-system,strong,descriptive,descriptive,,Local Code\\PC Item.cpp,
wiz8,0051f2b0,CanItemLeaveItsSlot,wiz8-item-system,exact,descriptive,descriptive,,Local Code\\PC Item.cpp,
wiz8,0051f2f0,MergeItems,fan-patch-oracle,strong,fan-patch-signature,external-semantic,,,
wiz8,0051f870,CountUsableCharacterItems,wiz8-item-system,exact,descriptive,descriptive,,Local Code\\PC Item.cpp,
wiz8,0051f8d0,AreAllHandSlotsEmpty,wiz8-item-system,strong,descriptive,descriptive,,Local Code\\PC Item.cpp,
wiz8,005205b0,SortPartyItemPool,wiz8-item-system,strong,descriptive,descriptive,,Local Code\\PC Item.cpp,
wiz8,00520600,CompareItemsForPool,wiz8-item-system,strong,descriptive,descriptive,,Local Code\\PC Item.cpp,
wiz8,00520750,ItemHasHiddenProperties,wiz8-item-system,strong,descriptive,descriptive,,Local Code\\PC Item.cpp,
wiz8,005207c0,ItemClassNormalizesTarget,wiz8-item-system,strong,descriptive,descriptive,,Local Code\\PC Item.cpp,
wiz8,005207e0,GetItemSpellRange,wiz8-item-system,strong,descriptive,descriptive,,Local Code\\PC Item.cpp,
wiz8,00520880,GetItemSpell,wiz8-item-system,strong,descriptive,descriptive,,Local Code\\PC Item.cpp,
wiz8,005208f0,TryIdentifyItemFor,wiz8-item-system,strong,descriptive,descriptive,,Local Code\\PC Item.cpp,
wiz8,005209f0,PartyAttemptsToIdentifyItem,wiz8-item-system,strong,descriptive,descriptive,,Local Code\\PC Item.cpp,
wiz8,00520a70,CountIdentifyAttemptsNeeded,wiz8-item-system,strong,descriptive,descriptive,,Local Code\\PC Item.cpp,
wiz8,00520b40,ApplyIdentifyAttempt,wiz8-item-system,strong,descriptive,descriptive,,Local Code\\PC Item.cpp,
wiz8,00520bc0,RevealCharacterItemBindings,wiz8-item-system,strong,descriptive,descriptive,,Local Code\\PC Item.cpp,
wiz8,00520f20,IsItemWornByCharacter,wiz8-item-system,strong,descriptive,descriptive,,Local Code\\PC Item.cpp,
wiz8,00520f60,IsItemCarriedByCharacter,wiz8-item-system,exact,descriptive,descriptive,,Local Code\\PC Item.cpp,
wiz8,00520f90,FindItemOnCharacter,wiz8-item-system,exact,descriptive,descriptive,,Local Code\\PC Item.cpp,
wiz8,005211a0,CountItemOnCharacter,wiz8-item-system,strong,descriptive,descriptive,,Local Code\\PC Item.cpp,
wiz8,00521360,EveryCharacterHasItem,wiz8-item-system,strong,descriptive,descriptive,,Local Code\\PC Item.cpp,
wiz8,00521ef0,AddItemToParty,fan-patch-oracle,strong,fan-patch-signature,external-semantic,,,
wiz8,005222d0,GetOriginOfCharacterItem,fan-patch-oracle,strong,fan-patch-signature,external-semantic,,,
wiz8,00522640,UpdateFactsAfterAcquiringItem,fan-patch-oracle,strong,fan-patch-signature,external-semantic,,,
wiz8,00522fe0,SetCharacterCondition,fan-patch-oracle,strong,fan-patch-signature,external-semantic,,,
wiz8,00523330,RemoveCharacterCondition,fan-patch-oracle,strong,fan-patch-signature,external-semantic,,,
wiz8,00523a80,ClearCharacterEnchantmentSlot,wiz8-character-system,strong,descriptive,descriptive,,Local Code\\Conditions & Enchantments.cpp,
wiz8,005241e0,CopyCharacterConditionsToTarget,wiz8-character-system,strong,descriptive,descriptive,,Local Code\\Conditions & Enchantments.cpp,
wiz8,00524250,CopyMonsterConditionsToCharacter,wiz8-monster-system,strong,descriptive,descriptive,,Local Code\\Conditions & Enchantments.cpp,
wiz8,00524390,ClearMonsterEnchantmentSlot,wiz8-monster-system,strong,descriptive,descriptive,,Local Code\\Conditions & Enchantments.cpp,
wiz8,00524400,TickMonsterEnchantmentSlot,wiz8-monster-system,strong,descriptive,descriptive,,Local Code\\Conditions & Enchantments.cpp,
wiz8,005244a0,RemoveConditionFromEveryone,wiz8-character-system,strong,descriptive,descriptive,,Local Code\\Conditions & Enchantments.cpp,
wiz8,005246c0,RemoveConditionFromParty,wiz8-character-system,strong,descriptive,descriptive,,Local Code\\Conditions & Enchantments.cpp,
wiz8,00524720,RemoveAllConditionsFromParty,wiz8-character-system,strong,descriptive,descriptive,,Local Code\\Conditions & Enchantments.cpp,
wiz8,00528a80,AddLinesToMessageBox,fan-patch-oracle,strong,fan-patch-signature,external-semantic,,,
wiz8,005299b0,ShowString,fan-patch-oracle,strong,fan-patch-signature,external-semantic,,,
wiz8,0052a2f0,RecalculateCharacterHitPoints,wiz8-character-system,strong,descriptive,descriptive,,,
wiz8,0052a820,ApplyRolledHealthChangeToParty,wiz8-character-system,strong,descriptive,descriptive,,Local Code\\Health Stamina Mana.cpp,
wiz8,0052abf0,CharacterDies,wiz8-character-system,strong,descriptive,descriptive,,Local Code\\Health Stamina Mana.cpp,
wiz8,0052ad70,HealPartyByDice,wiz8-character-system,strong,descriptive,descriptive,,Local Code\\Health Stamina Mana.cpp,
wiz8,0052add0,HealCharacter,wiz8-character-system,strong,descriptive,descriptive,,Local Code\\Health Stamina Mana.cpp,
wiz8,0052af50,FatigueCharacter,wiz8-character-system,strong,original-runtime-string,string-backed,,Local Code\\Health Stamina Mana.cpp,
wiz8,0052b160,RestorePartyStaminaByDice,wiz8-character-system,strong,descriptive,descriptive,,Local Code\\Health Stamina Mana.cpp,
wiz8,0052b1c0,RestoreCharacterStamina,wiz8-character-system,strong,descriptive,descriptive,,Local Code\\Health Stamina Mana.cpp,
wiz8,0052b2f0,CharacterActionFatigueCost,wiz8-character-system,strong,descriptive,descriptive,,Local Code\\Health Stamina Mana.cpp,
wiz8,0052b480,SpendCharacterSpellPoints,wiz8-character-system,exact,descriptive,descriptive,,Local Code\\Health Stamina Mana.cpp,
wiz8,0052b4f0,RestoreCharacterRealmSpellPoints,wiz8-character-system,strong,descriptive,descriptive,,Local Code\\Health Stamina Mana.cpp,
wiz8,0052b550,DrainPartySpellPoints,wiz8-character-system,strong,descriptive,descriptive,,Local Code\\Health Stamina Mana.cpp,
wiz8,0052b590,DrainCharacterSpellPoints,wiz8-character-system,strong,descriptive,descriptive,,Local Code\\Health Stamina Mana.cpp,
wiz8,0052b6d0,DrainCharacterRealmSpellPoints,wiz8-character-system,strong,descriptive,descriptive,,Local Code\\Health Stamina Mana.cpp,
wiz8,0052b7e0,DamageCharacter,wiz8-character-system,strong,descriptive,descriptive,,Local Code\\Health Stamina Mana.cpp,
wiz8,0052b910,RestoreCharacterSpellPointsEvenly,wiz8-character-system,strong,descriptive,descriptive,,Local Code\\Health Stamina Mana.cpp,
wiz8,0052ba00,RestorePartySpellPoints,wiz8-character-system,strong,descriptive,descriptive,,Local Code\\Health Stamina Mana.cpp,
wiz8,0052beb0,MonsterReactsToBeingStruck,wiz8-monster-system,strong,descriptive,descriptive,,Local Code\\Health Stamina Mana.cpp,
wiz8,0052bfd0,HealMonster,wiz8-monster-system,strong,descriptive,descriptive,,Local Code\\Health Stamina Mana.cpp,
wiz8,0052c070,FatigueMonster,wiz8-monster-system,strong,descriptive,descriptive,,Local Code\\Health Stamina Mana.cpp,
wiz8,0052c140,RestoreMonsterStamina,wiz8-monster-system,strong,descriptive,descriptive,,Local Code\\Health Stamina Mana.cpp,
wiz8,0052c240,MonsterActionFatigueCost,wiz8-monster-system,strong,original-runtime-string,string-backed,,Local Code\\Health Stamina Mana.cpp,
wiz8,0052ff80,GetStringFromStringDatabase,fan-patch-oracle,strong,fan-patch-signature,external-semantic,,,
wiz8,005314f0,UpdateAllMonsterAI,wiz8-monster-system,strong,descriptive,descriptive,,Local Code\\MonsterAI.cpp,
wiz8,00532330,DestroyMonsterActionQueue,wiz8-monster-system,exact,descriptive,descriptive,,Local Code\\MonsterAI.cpp,
wiz8,00532360,QueueMonsterAction,wiz8-monster-system,strong,descriptive,descriptive,,Local Code\\MonsterAI.cpp,
wiz8,005324b0,GetGroupNearestDistance,wiz8-monster-system,strong,descriptive,descriptive,,Local Code\\MonsterAI.cpp,
wiz8,00534290,CanMonsterAimSpell,wiz8-monster-system,strong,descriptive,descriptive,,Local Code\\MonsterAI.cpp,
wiz8,00534cb0,AimFleeingMonster,wiz8-monster-system,strong,descriptive,descriptive,,Local Code\\MonsterAI.cpp,
wiz8,00534d50,IsMonsterControlPointInRange,wiz8-monster-system,strong,descriptive,descriptive,,Local Code\\MonsterAI.cpp,
wiz8,00535150,IsMonsterActionUsable,wiz8-monster-system,strong,descriptive,descriptive,,Local Code\\MonsterAI.cpp,
wiz8,00535ad0,GetFactionDisposition,wiz8-factions,strong,descriptive,descriptive,,,
wiz8,005360b0,FindFactionByName,wiz8-factions,exact,descriptive,descriptive,,Local Code\\Targeting.cpp,
wiz8,005360f0,GetFactionValue,wiz8-factions,exact,descriptive,descriptive,,Local Code\\Targeting.cpp,
wiz8,00536110,SetFactionFlag,wiz8-factions,exact,descriptive,descriptive,,Local Code\\Targeting.cpp,
wiz8,00536130,GetFactionFlag,wiz8-factions,exact,descriptive,descriptive,,Local Code\\Targeting.cpp,
wiz8,00536150,ResetTargetSource,wiz8-targeting,exact,descriptive,descriptive,,Local Code\\Targeting.cpp,
wiz8,00536170,ResetCombatSlot,wiz8-targeting,exact,descriptive,descriptive,,Local Code\\Targeting.cpp,
wiz8,00536190,IsTargetStillPresent,wiz8-targeting,strong,descriptive,descriptive,,Local Code\\Targeting.cpp,
wiz8,005369f0,ClearMonsterCombatSlot,wiz8-targeting,strong,descriptive,descriptive,,Local Code\\Targeting.cpp,
wiz8,00536a20,GetTargetNeededForAction,wiz8-targeting,strong,descriptive,descriptive,,Local Code\\Targeting.cpp,
wiz8,00536ad0,CanTargetMonster,wiz8-targeting,strong,descriptive,descriptive,,Local Code\\Targeting.cpp,
wiz8,00536d60,CanTargetMonsterGroup,wiz8-targeting,strong,descriptive,descriptive,,Local Code\\Targeting.cpp,
wiz8,00537160,TargetMatchesNeeded,wiz8-targeting,strong,descriptive,descriptive,,Local Code\\Targeting.cpp,
wiz8,00537220,IsSpellTargetStillValidIn,wiz8-targeting,strong,descriptive,descriptive,,Local Code\\Targeting.cpp,
wiz8,00537270,IsSpellTargetOfNeededKind,wiz8-targeting,strong,descriptive,descriptive,,Local Code\\Targeting.cpp,
wiz8,005372b0,IsItemTargetOfNeededKind,wiz8-targeting,strong,descriptive,descriptive,,Local Code\\Targeting.cpp,
wiz8,00537330,GetTargetNeededForItem,wiz8-targeting,strong,descriptive,descriptive,,Local Code\\Targeting.cpp,
wiz8,00537b00,AimAtMonsterGroupMember,wiz8-targeting,strong,descriptive,descriptive,,Local Code\\Targeting.cpp,
wiz8,00537ed0,PickNextTargetableGroup,wiz8-targeting,strong,descriptive,descriptive,,Local Code\\Targeting.cpp,
wiz8,00538280,PickNextTargetableGroupMember,wiz8-targeting,strong,descriptive,descriptive,,Local Code\\Targeting.cpp,
wiz8,005383e0,SelectNextGroupMemberByAngle,wiz8-targeting,strong,descriptive,descriptive,,Local Code\\Targeting.cpp,
wiz8,00538620,AimByKind,wiz8-targeting,exact,descriptive,descriptive,,Local Code\\Targeting.cpp,
wiz8,00538670,AimAtCharacter,wiz8-targeting,exact,descriptive,descriptive,,Local Code\\Targeting.cpp,
wiz8,00538710,AimAtPlace,wiz8-targeting,strong,descriptive,descriptive,,Local Code\\Targeting.cpp,
wiz8,00538c00,SetGroupHighlight,wiz8-targeting,strong,descriptive,descriptive,,Local Code\\Targeting.cpp,
wiz8,00538d10,SetTargetToCharacter,wiz8-targeting,exact,descriptive,descriptive,,Local Code\\Targeting.cpp,
wiz8,00538d60,SetTargetToMonster,wiz8-targeting,exact,descriptive,descriptive,,Local Code\\Targeting.cpp,
wiz8,00538db0,SetTargetToGroup,wiz8-targeting,exact,descriptive,descriptive,,Local Code\\Targeting.cpp,
wiz8,00539110,HighlightMonsterAsTarget,wiz8-targeting,strong,descriptive,descriptive,,Local Code\\Targeting.cpp,
wiz8,00539480,TintHighlightedMonster,wiz8-targeting,strong,descriptive,descriptive,,Local Code\\Targeting.cpp,
wiz8,00539570,UpdateAllMonsterHighlights,wiz8-targeting,strong,descriptive,descriptive,,Local Code\\Targeting.cpp,
wiz8,00539630,SetMonsterHighlight,wiz8-targeting,strong,descriptive,descriptive,,Local Code\\Targeting.cpp,
wiz8,00539870,ShowMonsterTargetMarker,wiz8-targeting,strong,descriptive,descriptive,,Local Code\\Targeting.cpp,
wiz8,00539e70,CollectMonstersWithinRadius,wiz8-targeting,strong,descriptive,descriptive,,Local Code\\Targeting.cpp,
wiz8,0053ac30,ClearTargetHighlights,wiz8-targeting,strong,descriptive,descriptive,,Local Code\\Targeting.cpp,
wiz8,0053b7f0,GetTargetBlockForContext,wiz8-targeting,strong,descriptive,descriptive,,Local Code\\Targeting.cpp,
wiz8,0053b920,ResolveTargetingContext,wiz8-targeting,strong,descriptive,descriptive,,Local Code\\Targeting.cpp,
wiz8,0053ba20,GetValidatedTargetingContext,wiz8-targeting,strong,descriptive,descriptive,,Local Code\\Targeting.cpp,
wiz8,0053bc10,GetCurrentTargetingContext,wiz8-targeting,strong,descriptive,descriptive,,Local Code\\Targeting.cpp,
wiz8,0053be00,SetTargetSourceToCharacter,wiz8-targeting,exact,descriptive,descriptive,,Local Code\\Targeting.cpp,
wiz8,0053be50,SetTargetSourceToMonster,wiz8-targeting,exact,descriptive,descriptive,,Local Code\\Targeting.cpp,
wiz8,0053c720,ChooseMonsterTarget,wiz8-targeting,strong,descriptive,descriptive,,Local Code\\Targeting.cpp,
wiz8,0053c920,CompareMonsterTargetCandidates,wiz8-targeting,exact,descriptive,descriptive,,Local Code\\Targeting.cpp,
wiz8,0053cdf0,SlotHasAnyValidTarget,wiz8-targeting,strong,descriptive,descriptive,,Local Code\\Targeting.cpp,
wiz8,0053d010,SpellHasAnyValidTarget,wiz8-targeting,strong,descriptive,descriptive,,Local Code\\Targeting.cpp,
wiz8,0053d2a0,CanHandReachTarget,wiz8-character-system,strong,descriptive,descriptive,,Local Code\\Combat Attack.cpp,
wiz8,0053d310,CanAnyHandReachTarget,wiz8-character-system,strong,descriptive,descriptive,,Local Code\\Combat Attack.cpp,
wiz8,0053d450,RateMonsterBestAttack,wiz8-monster-system,strong,descriptive,descriptive,,Local Code\\Combat Attack.cpp,
wiz8,0053d7f0,GetHandAttackValue,wiz8-character-system,exact,descriptive,descriptive,,Local Code\\Combat Attack.cpp,
wiz8,00542db0,ChooseAttackMode,wiz8-character-system,strong,descriptive,descriptive,,Local Code\\Combat Attack.cpp,
wiz8,00542e10,AttackModeMod,wiz8-character-system,strong,descriptive,descriptive,,Local Code\\Combat Attack.cpp,
wiz8,005430c0,NormalizeAttackMode,wiz8-character-system,exact,descriptive,descriptive,,Local Code\\Combat Attack.cpp,
wiz8,00543260,ClearAttackBlock,wiz8-character-system,exact,descriptive,descriptive,,Local Code\\Combat Attack.cpp,
wiz8,00545950,ApplyCharacterDamageReduction,wiz8-character-system,exact,descriptive,descriptive,,Local Code\\Combat Attack.cpp,
wiz8,005459b0,ApplyDamageReduction,wiz8-monster-system,strong,descriptive,descriptive,,Local Code\\Combat Attack.cpp,
wiz8,00545aa0,CanCharacterAttackItsTarget,wiz8-character-system,strong,descriptive,descriptive,,Local Code\\Combat Attack.cpp,
wiz8,00545b20,CanMonsterAttackItsTarget,wiz8-monster-system,strong,descriptive,descriptive,,Local Code\\Combat Attack.cpp,
wiz8,00545b80,CanCharacterAttack,wiz8-character-system,strong,descriptive,descriptive,,Local Code\\Combat Attack.cpp,
wiz8,00545bd0,CanMonsterAttack,wiz8-monster-system,strong,descriptive,descriptive,,Local Code\\Combat Attack.cpp,
wiz8,0054a400,InitializeItemDatabase,wiz8-gameplay-database,strong,descriptive,descriptive,,,
wiz8,0054a510,InitializeItemTables,wiz8-gameplay-database,strong,descriptive,descriptive,,,
wiz8,0054a8a0,LoadMonsterDatabaseRecord,wiz8-gameplay-database,strong,descriptive,descriptive,,,
wiz8,0054aac0,InitializeNpcDatabase,wiz8-gameplay-database,strong,descriptive,descriptive,,,
wiz8,0054ac90,DestroyNpcDatabase,wiz8-gameplay-database,strong,descriptive,descriptive,,,
wiz8,0054ad00,InitializeFactDatabase,wiz8-gameplay-database,strong,descriptive,descriptive,,,
wiz8,0054ae00,DestroyFactDatabase,wiz8-gameplay-database,strong,descriptive,descriptive,,,
wiz8,0054ae20,InitializeLevelDatabase,wiz8-gameplay-database,strong,descriptive,descriptive,,,
wiz8,00551900,GetConditionDisplaySlot,wiz8-spell-system,strong,descriptive,descriptive,,Local Code\\Magic Effects.cpp,
wiz8,005519c0,RollEffectDuration,wiz8-spell-system,strong,descriptive,descriptive,,Local Code\\Magic Effects.cpp,
wiz8,00551a20,RollEffectMagnitude,wiz8-spell-system,exact,descriptive,descriptive,,Local Code\\Magic Effects.cpp,
wiz8,00551a60,RecalculateCharacterResistances,wiz8-character-system,strong,descriptive,descriptive,,,
wiz8,00552070,AnnounceEffectResisted,wiz8-spell-system,strong,descriptive,descriptive,,Local Code\\Magic Effects.cpp,
wiz8,00552340,ApplyEffectAndAnnounce,wiz8-spell-system,strong,descriptive,descriptive,,Local Code\\Magic Effects.cpp,
wiz8,005523d0,ClearMonsterEffect2DE,wiz8-monster-system,exact,descriptive,descriptive,,Local Code\\Magic Effects.cpp,
wiz8,005524b0,ResetPartyEffectBlock,wiz8-spell-system,exact,descriptive,descriptive,,Local Code\\Magic Effects.cpp,
wiz8,005524e0,ClearEffectSlot,wiz8-spell-system,strong,descriptive,descriptive,,Local Code\\Magic Effects.cpp,
wiz8,00553d90,IsCharacterSkillAvailable,wiz8-character-system,strong,descriptive,descriptive,,,
wiz8,00553f10,PracticeCharacterSkill,wiz8-character-system,strong,descriptive,descriptive,,,
wiz8,005549e0,CanHoldFormationPlace,wiz8-character-system,strong,descriptive,descriptive,,Local Code\\Formation & Facing.cpp,
wiz8,00554a20,SaveCombatFormation,wiz8-character-system,strong,descriptive,descriptive,,Local Code\\Formation & Facing.cpp,
wiz8,00554a60,RestoreCombatFormation,wiz8-character-system,strong,descriptive,descriptive,,Local Code\\Formation & Facing.cpp,
wiz8,005553c0,TurnPartyTo,wiz8-character-system,strong,descriptive,descriptive,,Local Code\\Formation & Facing.cpp,
wiz8,00555420,TurnPartyToImmediate,wiz8-character-system,exact,descriptive,descriptive,,Local Code\\Formation & Facing.cpp,
wiz8,005557e0,FacePositionAsDecided,wiz8-character-system,strong,descriptive,descriptive,,Local Code\\Formation & Facing.cpp,
wiz8,00555920,PositionFacesAsDecided,wiz8-character-system,exact,descriptive,descriptive,,Local Code\\Formation & Facing.cpp,
wiz8,00555ba0,IsPartyLookingAt,wiz8-character-system,strong,descriptive,descriptive,,Local Code\\Formation & Facing.cpp,
wiz8,00555c20,PositionFacesOppositeToDecided,wiz8-character-system,strong,descriptive,descriptive,,Local Code\\Formation & Facing.cpp,
wiz8,00555d60,IsPartyLookingAwayFrom,wiz8-character-system,strong,descriptive,descriptive,,Local Code\\Formation & Facing.cpp,
wiz8,00555f30,GetQuadrantForPosition,wiz8-local-code,strong,descriptive,descriptive,,Local Code\Formation & Facing.cpp,
wiz8,00557350,DetermineEligibleProfessions,wiz8-character-system,strong,descriptive,descriptive,,,
wiz8,00557430,AddCharacterStartingEquipment,wiz8-character-system,strong,descriptive,descriptive,,,
wiz8,0055f800,MainGameScreenFunction0055F800,wiz8-screens,strong,descriptive,descriptive,,Local Screens\MainGameScreen.cpp,4167
wiz8,00560a20,LoadCurrentLevelData,wiz8-screens,strong,descriptive,descriptive,,Local Screens\\MainGameScreen.cpp,
wiz8,00561440,IsScreenIdle,wiz8-screens,exact,descriptive,descriptive,,Local Screens\\MainGameScreen.cpp,
wiz8,00561fa0,EnableMainRegionSet,wiz8-screens,exact,descriptive,descriptive,,Local Screens\\MainGameScreen.cpp,
wiz8,00561fb0,DisableMainRegionSet,wiz8-screens,exact,descriptive,descriptive,,Local Screens\\MainGameScreen.cpp,
wiz8,00562540,IsScreenInputBlocked,wiz8-screens,exact,descriptive,descriptive,,Local Screens\\MainGameScreen.cpp,
wiz8,00562a50,RequestRedraw,wiz8-screens,exact,descriptive,descriptive,,Local Screens\\MainGameScreen.cpp,
wiz8,005653f0,RequestRefreshPartyState,wiz8-screens,exact,descriptive,descriptive,,Local Screens\\MainGameScreen.cpp,
wiz8,00565420,RequestRedrawParty,wiz8-screens,exact,descriptive,descriptive,,Local Screens\\MainGameScreen.cpp,
wiz8,00565970,ClearScreenWait,wiz8-screens,exact,descriptive,descriptive,,Local Screens\\MainGameScreen.cpp,
wiz8,00567800,MainGameScreenFunction00567800,wiz8-screens,strong,descriptive,descriptive,,Local Screens\MainGameScreen.cpp,5851
wiz8,005690c0,DisableCombatRegions,wiz8-screens,exact,descriptive,descriptive,,Local Screens\\MainGameScreen.cpp,
wiz8,005698a0,OpenModal,wiz8-screens,exact,descriptive,descriptive,,Local Screens\\MainGameScreen.cpp,
wiz8,005699b0,RequestRedrawCombatBar,wiz8-screens,exact,descriptive,descriptive,,Local Screens\\MainGameScreen.cpp,
wiz8,00569c00,HitTestPartyPortrait,wiz8-screens,strong,descriptive,descriptive,,Local Screens\\MainGameScreen.cpp,
wiz8,00569c60,SetTooltipSubject,wiz8-screens,exact,descriptive,descriptive,,Local Screens\\MainGameScreen.cpp,
wiz8,0056a2a0,ClearHighlightIfItIs,wiz8-screens,exact,descriptive,descriptive,,Local Screens\\MainGameScreen.cpp,
wiz8,0056a5a0,ClearCombatSelection,wiz8-screens,exact,descriptive,descriptive,,Local Screens\\MainGameScreen.cpp,
wiz8,0056a5d0,MainGameScreenFunction0056A5D0,wiz8-screens,strong,descriptive,descriptive,,Local Screens\MainGameScreen.cpp,8317
wiz8,0056aa20,IsModalOpen,wiz8-screens,strong,descriptive,descriptive,,Local Screens\\MainGameScreen.cpp,
wiz8,0056af20,UpdateScreenOverlays,wiz8-screens,exact,descriptive,descriptive,,Local Screens\\MainGameScreen.cpp,
wiz8,0057e5d0,CreateList005EEA28,wiz8-engine-code,exact,descriptive,descriptive,,,
wiz8,00585340,W8Vector005ED1B8::W8Vector005ED1B8,wiz8-engine-code,exact,descriptive,descriptive,,,
wiz8,005853f0,W8GrowableVector<W8VectorElement005EEA28 *>::scalar_deleting_destructor,wiz8-engine-code,exact,descriptive,descriptive,,,
wiz8,00585420,W8Vector005EEA28::scalar_deleting_destructor,wiz8-engine-code,exact,descriptive,descriptive,,,
wiz8,00585440,W8Vector005EEA28::~W8Vector005EEA28,wiz8-engine-code,exact,descriptive,descriptive,,,
wiz8,0058a8c0,RedrawTextBoxComplete,wiz8-screens,strong,descriptive,descriptive,,Local Screens\\MGSTextBox.cpp,
wiz8,0058a8f0,TextBoxHandleKey,wiz8-screens,strong,descriptive,descriptive,,Local Screens\\MGSTextBox.cpp,
wiz8,0058a9c0,SetKnockKnockTarget,wiz8-screens,strong,descriptive,descriptive,,Local Screens\\MGSTextBox.cpp,
wiz8,0058aa00,RedrawTextBox,wiz8-screens,exact,descriptive,descriptive,,Local Screens\\MGSTextBox.cpp,
wiz8,0058aa10,GetTextBoxValue2E8,wiz8-screens,exact,descriptive,descriptive,,Local Screens\\MGSTextBox.cpp,
wiz8,0058aad0,WriteGameLog,wiz8-local-code,strong,descriptive,descriptive,,,
wiz8,0058b910,ScrollTextBoxToCursor,wiz8-screens,strong,descriptive,descriptive,,Local Screens\\MGSTextBox.cpp,
wiz8,0058b940,CurrentTextLineHasContent,wiz8-screens,strong,descriptive,descriptive,,Local Screens\\MGSTextBox.cpp,
wiz8,0058d760,FindStoppedTextLine,wiz8-screens,strong,descriptive,descriptive,,Local Screens\\MGSTextBox.cpp,
wiz8,0058d7c0,GetOpenDialogueFlag,wiz8-screens,exact,descriptive,descriptive,,Local Screens\\MGSTextBox.cpp,
wiz8,0058f960,ClearTextSlot1D8,wiz8-screens,exact,descriptive,descriptive,,Local Screens\\MGSTextBox.cpp,
wiz8,0058fa30,ClearTextSlot1E8,wiz8-screens,exact,descriptive,descriptive,,Local Screens\\MGSTextBox.cpp,
wiz8,0058fa60,GetTextSlot1E8,wiz8-screens,exact,descriptive,descriptive,,Local Screens\\MGSTextBox.cpp,
wiz8,0058fb30,GetTextBoxScrollRange,wiz8-screens,exact,descriptive,descriptive,,Local Screens\\MGSTextBox.cpp,
wiz8,005905c0,SetTextBoxMode,wiz8-screens,exact,descriptive,descriptive,,Local Screens\\MGSTextBox.cpp,
wiz8,005905e0,GetTextBoxMode,wiz8-screens,exact,descriptive,descriptive,,Local Screens\\MGSTextBox.cpp,
wiz8,005a3060,ReviewCharacterScreenFunction005A3060,wiz8-screens,strong,descriptive,descriptive,,Local Screens\ReviewCharacterScreen.cpp,367
wiz8,005a4c70,ReviewCharacterScreenFunction005A4C70,wiz8-screens,strong,descriptive,descriptive,,Local Screens\ReviewCharacterScreen.cpp,1253
wiz8,005a80a0,W8Dialog005A80A0::W8Dialog005A80A0,wiz8-dialog-code,exact,descriptive,descriptive,,,
wiz8,005a8170,W8Dialog005A80A0::scalar_deleting_destructor,wiz8-dialog-code,exact,descriptive,descriptive,,,
wiz8,005a8190,W8Dialog005A80A0::~W8Dialog005A80A0,wiz8-dialog-code,exact,descriptive,descriptive,,,
wiz8,005a81a0,W8Dialog005A80A0::Close,wiz8-dialog-code,exact,descriptive,descriptive,,,
wiz8,005acfc0,W8Vector005EF08C::W8Vector005EF08C,wiz8-engine-code,exact,descriptive,descriptive,,,
wiz8,005ad020,W8Vector005EF08C::~W8Vector005EF08C,wiz8-engine-code,exact,descriptive,descriptive,,,
wiz8,005ad180,W8GrowableVector<W8VectorElement005EF08C *>::scalar_deleting_destructor,wiz8-engine-code,exact,descriptive,descriptive,,,
wiz8,005ad1b0,W8Vector005EF08C::scalar_deleting_destructor,wiz8-engine-code,exact,descriptive,descriptive,,,
wiz8,005b6540,DestroyRcsPanelA,wiz8-screens,strong,descriptive,descriptive,,Local Screens\\RCSCommon.cpp,
wiz8,005b6590,RedrawRcsPanelA,wiz8-screens,exact,descriptive,descriptive,,Local Screens\\RCSCommon.cpp,
wiz8,005b6880,DestroyRcsPanelB,wiz8-screens,strong,descriptive,descriptive,,Local Screens\\RCSCommon.cpp,
wiz8,005b68d0,RedrawRcsPanelB,wiz8-screens,exact,descriptive,descriptive,,Local Screens\\RCSCommon.cpp,
wiz8,005b68e0,UpdateRcsPanelB,wiz8-screens,exact,descriptive,descriptive,,Local Screens\\RCSCommon.cpp,
wiz8,005bc810,MainMenuScreenFunction005BC810,wiz8-screens,strong,descriptive,descriptive,,Local Screens\MainMenuScreen.cpp,135
wiz8,005d1020,W8Object005EF894::~W8Object005EF894,wiz8-dialog-code,exact,descriptive,descriptive,,,
wiz8,005d1030,W8Object005EF894::scalar_deleting_destructor,wiz8-dialog-code,exact,descriptive,descriptive,,,
wiz8,005d14d0,W8DialogMember005D14D0::W8DialogMember005D14D0,wiz8-dialog-code,exact,descriptive,descriptive,,,
wiz8,005d1590,W8DialogMember005D14D0::~W8DialogMember005D14D0,wiz8-dialog-code,exact,descriptive,descriptive,,,
wiz8,005d2540,W8DialogPtrVector005EF898::~W8DialogPtrVector005EF898,wiz8-dialog-code,exact,descriptive,descriptive,,,
wiz8,005d2560,W8DialogPtrVectorBase005EF89C::scalar_deleting_destructor,wiz8-dialog-code,exact,descriptive,descriptive,,,
wiz8,005d2590,W8DialogPtrVector005EF898::scalar_deleting_destructor,wiz8-dialog-code,exact,descriptive,descriptive,,,
wiz8,005d25b0,W8DialogBase005D25B0::W8DialogBase005D25B0,wiz8-dialog-code,strong,descriptive,descriptive,,,
wiz8,005d25f0,W8DialogBase005D25B0::scalar_deleting_destructor,wiz8-dialog-code,exact,descriptive,descriptive,,,
wiz8,005d2610,W8DialogBase005D25B0::~W8DialogBase005D25B0,wiz8-dialog-code,exact,descriptive,descriptive,,,
wiz8,005d5e30,MonsterInfoDialog::MonsterInfoDialog,wiz8-dialog-code,strong,original-source-path,string-backed,,,
wiz8,005d5ee0,MonsterInfoDialog::scalar_deleting_destructor,wiz8-dialog-code,strong,original-source-path,string-backed,,,
wiz8,005d5f00,MonsterInfoDialog::~MonsterInfoDialog,wiz8-dialog-code,strong,original-source-path,string-backed,,,
wiz8,005db1b0,W8DialogMember005DB1B0::W8DialogMember005DB1B0,wiz8-dialog-code,exact,descriptive,descriptive,,,
wiz8,005db210,W8DialogMember005DB1B0::scalar_deleting_destructor,wiz8-dialog-code,strong,descriptive,descriptive,,,
wiz8,005db260,W8DialogMember005DB1B0::~W8DialogMember005DB1B0,wiz8-dialog-code,exact,descriptive,descriptive,,,
wiz8,005df0d0,ConstructProfessionInfoDialog,wiz8-ui,strong,descriptive,descriptive,,,
wiz8,005df250,PopulateProfessionInfoDialog,wiz8-ui,strong,descriptive,descriptive,,,
wiz8,005df570,ConstructRaceInfoDialog,wiz8-ui,strong,descriptive,descriptive,,,
wiz8,005df6f0,PopulateRaceInfoDialog,wiz8-ui,strong,descriptive,descriptive,,,
wiz8,005dfc70,W8StatInfoDialog005DFC70::W8StatInfoDialog005DFC70,wiz8-dialog-code,exact,original-source-path,string-backed,,Dialog Code\StatInfoDialogs.cpp,204
wiz8,005e0180,W8StatInfoDialog005E0180::W8StatInfoDialog005E0180,wiz8-dialog-code,exact,original-source-path,string-backed,,Dialog Code\StatInfoDialogs.cpp,278
wiz8,005e0c40,DialogMember005E0C40::DialogMember005E0C40,wiz8-dialog-code,strong,descriptive,descriptive,,,
wiz8,005e1c10,operator_delete,msvc6-runtime,strong,descriptive,descriptive,,,
wiz8,005e1c30,__aulldiv,msvc6-runtime,high,original-export,abi-backed,,,
wiz8,005e1ca0,__allmul,msvc6-runtime,high,original-export,abi-backed,,,
wiz8,005e1ce0,operator_new_import_thunk,msvc6-runtime,exact,original-export,abi-backed,,,
wiz8,005e1cf0,__alldiv,msvc6-runtime,high,original-export,abi-backed,,,
wiz8,005e1da0,__alloca_probe,msvc6-runtime,high,original-export,abi-backed,,,
wiz8,005e1dd0,__aullshr,msvc6-runtime,high,original-export,abi-backed,,,
wiz8,005e1def,??_L@YGXPAXIHP6EX0@Z1@Z,msvc6-runtime,high,original-export,abi-backed,,,
wiz8,005e1e71,??_M@YGXPAXIHP6EX0@Z@Z,msvc6-runtime,high,original-export,abi-backed,,,
wiz8,005e1ef1,?__ArrayUnwind@@YGXPAXIHP6EX0@Z@Z,msvc6-runtime,high,original-export,abi-backed,,,
wiz8,005e22c0,PListCreate,wiz8-foundation,exact,descriptive,descriptive,,3D Code\PList.cpp,
wiz8,005e2370,PListInit,wiz8-foundation,exact,descriptive,descriptive,,3D Code\PList.cpp,
wiz8,005e23e0,PListDestroy,wiz8-foundation,exact,descriptive,descriptive,,3D Code\PList.cpp,
wiz8,005e2440,PListFreeData,wiz8-foundation,exact,descriptive,descriptive,,3D Code\PList.cpp,
wiz8,005e2480,PListAdd,wiz8-foundation,exact,descriptive,descriptive,,3D Code\PList.cpp,
wiz8,005e2530,PListInsert,wiz8-foundation,exact,descriptive,descriptive,,3D Code\PList.cpp,
wiz8,005e26b0,PListClear,wiz8-foundation,exact,descriptive,descriptive,,3D Code\PList.cpp,
wiz8,005e26e0,PListRemove,wiz8-foundation,exact,descriptive,descriptive,,3D Code\PList.cpp,
wiz8,005e27c0,PListRemoveAt,wiz8-foundation,exact,descriptive,descriptive,,3D Code\PList.cpp,
wiz8,005e2870,PListGetAt,wiz8-foundation,exact,descriptive,descriptive,,3D Code\PList.cpp,
wiz8,005e2890,PListIndexOf,wiz8-foundation,exact,descriptive,descriptive,,3D Code\PList.cpp,
wiz8,005e2900,IListCreate,wiz8-foundation,exact,descriptive,descriptive,,3D Code\IList.cpp,
wiz8,005e29a0,IListInit,wiz8-foundation,exact,descriptive,descriptive,,3D Code\IList.cpp,
wiz8,005e2a00,IListDestroy,wiz8-foundation,exact,descriptive,descriptive,,3D Code\IList.cpp,
wiz8,005e2a60,IListFreeData,wiz8-foundation,exact,descriptive,descriptive,,3D Code\IList.cpp,
wiz8,005e2aa0,IListAdd,wiz8-foundation,exact,descriptive,descriptive,,3D Code\IList.cpp,
wiz8,005e2b50,IListClear,wiz8-foundation,exact,descriptive,descriptive,,3D Code\IList.cpp,
wiz8,005e2b80,IListRemove,wiz8-foundation,exact,descriptive,descriptive,,3D Code\IList.cpp,
wiz8,005e2c70,PListGetCount,wiz8-foundation,exact,descriptive,descriptive,,3D Code\PList.cpp,
wiz8,005e2c80,IListGetAt,wiz8-foundation,exact,descriptive,descriptive,,3D Code\IList.cpp,
wiz8,005e2cc0,IListIndexOf,wiz8-foundation,exact,descriptive,descriptive,,3D Code\IList.cpp,
