evidence_id,program,address,origin,kind,reference,details
function-evidence:wiz8:00401000:vc6-runtime,wiz8,00401000,vc6-runtime,identity-review,name_origin=descriptive,"The PE optional header's entry point in a subsystem-2 image, running the standard MSVC 6 GUI startup sequence: SEH frame, __setusermatherr, __getmainargs, both _initterm tables, _acmdln parsing, GetStartupInfoA, then WinMain and exit. The name is the toolchain's convention rather than anything the binary states, so it stays descriptive until a FID match against a pinned CRT snapshot corroborates it"
function-evidence:wiz8:00517950:canonical-behavior,wiz8,00517950,canonical-behavior,identity-review,name_origin=descriptive,The complete body writes count sides and signed base to the three fields of the caller's packed W8Dice without reading any prior state
function-evidence:wiz8:00517950:reccmp,wiz8,00517950,reccmp,exact-compile,match:f97c4883ecf6d96a,VC6 SP5 O2 G6 MD body is byte-exact; Local Code\UtilityFunctions.cpp
function-evidence:wiz8:00517970:reccmp,wiz8,00517970,reccmp,exact-compile,match:9e88bdc5744063e0,VC6 SP5 O2 G6 MD body is byte-exact after relocation masking in its original Local Code\UtilityFunctions.cpp ownership
function-evidence:wiz8:005179b0:reccmp,wiz8,005179b0,reccmp,exact-compile,match:4454e70e52316ed7,VC6 SP5 O2 G6 MD body is byte-exact in Local Code\UtilityFunctions.cpp
function-evidence:wiz8:005179d0:reccmp,wiz8,005179d0,reccmp,exact-compile,match:1375598580955744,VC6 SP5 O2 G6 MD body is byte-exact in Local Code\UtilityFunctions.cpp
function-evidence:wiz8:00517af0:canonical-behavior,wiz8,00517af0,canonical-behavior,identity-review,name_origin=descriptive,"The complete body emits decimal groups at powers 10^9 10^6 10^3 and 10^0, inserts comma separators and zero-pads later groups to three digits"
function-evidence:wiz8:00517af0:reccmp,wiz8,00517af0,reccmp,exact-compile,match:1daed9e40a7a316b,VC6 SP5 O2 G6 MD body is byte-exact after relocation masking; Local Code\UtilityFunctions.cpp
function-evidence:wiz8:00517bd0:canonical-behavior,wiz8,00517bd0,canonical-behavior,identity-review,name_origin=descriptive,The only caller passes a character name and the complete body uppercases each word start while lowercasing all other bytes in place
function-evidence:wiz8:00517bd0:reccmp,wiz8,00517bd0,reccmp,exact-compile,match:203ee6a78e0581d9,VC6 SP5 O2 G6 MD body and compiler-owned switch table are byte-exact through the reviewed boundary; Local Code\UtilityFunctions.cpp
function-evidence:wiz8:00518230:canonical-behavior,wiz8,00518230,canonical-behavior,identity-review,name_origin=descriptive,The three callers request the next occupied eligible party slot after an existing slot or -1 and the complete body wraps across all eight records before relaxing its two eligibility gates
function-evidence:wiz8:00518230:reccmp,wiz8,00518230,reccmp,exact-compile,match:965c700c8cceb70a,VC6 SP5 O2 G6 MD body is byte-exact after relocation masking; Local Code\UtilityFunctions.cpp
function-evidence:wiz8:005182e0:canonical-behavior,wiz8,005182e0,canonical-behavior,identity-review,name_origin=descriptive,The complete release body formats its variadic diagnostic into a 200-byte stack buffer and returns without retaining or emitting the result
function-evidence:wiz8:005182e0:reccmp,wiz8,005182e0,reccmp,exact-compile,match:d26b1c887abad341,VC6 SP5 O2 G6 MD body is byte-exact after relocation masking; Local Code\UtilityFunctions.cpp
function-evidence:wiz8:00517e20:canonical-behavior,wiz8,00517e20,canonical-behavior,identity-review,name_origin=descriptive,The four signed component comparisons compute min left and top plus max right and bottom
function-evidence:wiz8:005179f0:canonical-behavior,wiz8,005179f0,canonical-behavior,identity-review,name_origin=descriptive,The complete unsigned body stores maximum above the upper bound and minimum below the lower bound
function-evidence:wiz8:005179f0:reccmp,wiz8,005179f0,reccmp,exact-compile,match:88540beb33c43f52,VC6 SP5 O2 G6 MD body is byte-exact; Local Code\UtilityFunctions.cpp
function-evidence:wiz8:00517a70:canonical-behavior,wiz8,00517a70,canonical-behavior,identity-review,name_origin=descriptive,Direct vsprintf call receives the format first variadic argument and dedicated global narrow buffer then returns that buffer
function-evidence:wiz8:00517a70:reccmp,wiz8,00517a70,reccmp,exact-compile,match:41680d13e95f8d73,VC6 SP5 O2 G6 MD body is byte-exact after relocation masking; Local Code\UtilityFunctions.cpp
function-evidence:wiz8:00517a90:canonical-behavior,wiz8,00517a90,canonical-behavior,identity-review,name_origin=descriptive,Direct vswprintf call receives the format first variadic argument and shared global wide buffer then returns that buffer
function-evidence:wiz8:00517a90:reccmp,wiz8,00517a90,reccmp,exact-compile,match:41680d13e95f8d73,VC6 SP5 O2 G6 MD body is byte-exact after relocation masking; Local Code\UtilityFunctions.cpp
function-evidence:wiz8:00517ab0:canonical-behavior,wiz8,00517ab0,canonical-behavior,identity-review,name_origin=descriptive,The canonical wide %hs format and swprintf call prove narrow-to-wide conversion into the shared buffer
function-evidence:wiz8:00517ab0:reccmp,wiz8,00517ab0,reccmp,exact-compile,match:2b504b231343a12e,VC6 SP5 O2 G6 MD body is byte-exact after relocation masking; Local Code\UtilityFunctions.cpp
function-evidence:wiz8:00517ad0:canonical-behavior,wiz8,00517ad0,canonical-behavior,identity-review,name_origin=descriptive,The canonical narrow %ls format and sprintf call prove wide-to-narrow conversion into the shared buffer
function-evidence:wiz8:00517ad0:reccmp,wiz8,00517ad0,reccmp,exact-compile,match:2b504b231343a12e,VC6 SP5 O2 G6 MD body is byte-exact after relocation masking; Local Code\UtilityFunctions.cpp
function-evidence:wiz8:00517e20:reccmp,wiz8,00517e20,reccmp,exact-compile,match:86371ec728d66a87,VC6 SP5 O2 G6 MD body is byte-exact; Local Code\UtilityFunctions.cpp
function-evidence:wiz8:00517e70:canonical-behavior,wiz8,00517e70,canonical-behavior,identity-review,name_origin=descriptive,The complete null-safe body uses inclusive left and top plus exclusive right and bottom bounds
function-evidence:wiz8:00517e70:reccmp,wiz8,00517e70,reccmp,exact-compile,match:0183854acdf18059,VC6 SP5 O2 G6 MD body is byte-exact; Local Code\UtilityFunctions.cpp
function-evidence:wiz8:00517f30:canonical-behavior,wiz8,00517f30,canonical-behavior,identity-review,name_origin=descriptive,The complete loop compares against eight contiguous 0x1862-byte W8Character records beginning at g_party_characters
function-evidence:wiz8:00517f30:reccmp,wiz8,00517f30,reccmp,exact-compile,match:f584258fc2acbb60,VC6 SP5 O2 G6 MD body is byte-exact after masking the party-array relocation; Local Code\UtilityFunctions.cpp
function-evidence:wiz8:00517f60:canonical-behavior,wiz8,00517f60,canonical-behavior,identity-review,name_origin=descriptive,The unsigned multiply by percent plus 100 and addition of 50 implement nearest-integer byte scaling
function-evidence:wiz8:00517f60:reccmp,wiz8,00517f60,reccmp,exact-compile,match:20a4ec21ed09f298,VC6 SP5 O2 G6 MD body is byte-exact; Local Code\UtilityFunctions.cpp
function-evidence:wiz8:00517f90:canonical-behavior,wiz8,00517f90,canonical-behavior,identity-review,name_origin=descriptive,The complete body adds value times percent divided by 100 back into the unsigned value
function-evidence:wiz8:00517f90:reccmp,wiz8,00517f90,reccmp,exact-compile,match:c328875ef6bb64da,VC6 SP5 O2 G6 MD body is byte-exact; Local Code\UtilityFunctions.cpp
function-evidence:wiz8:00517a10:canonical-behavior,wiz8,00517a10,canonical-behavior,identity-review,name_origin=descriptive,The complete body returns minus one when the first unsigned integer is greater and one when it is smaller
function-evidence:wiz8:00517a10:reccmp,wiz8,00517a10,reccmp,exact-compile,match:349ee8868869e8c5,VC6 SP5 O2 G6 MD body is byte-exact; Local Code\UtilityFunctions.cpp
function-evidence:wiz8:00517a30:canonical-behavior,wiz8,00517a30,canonical-behavior,identity-review,name_origin=descriptive,The complete body returns minus one when the first signed integer is smaller and one when it is greater
function-evidence:wiz8:00517a30:reccmp,wiz8,00517a30,reccmp,exact-compile,match:5ef84fc478086a0a,VC6 SP5 O2 G6 MD body is byte-exact; Local Code\UtilityFunctions.cpp
function-evidence:wiz8:00517a50:canonical-behavior,wiz8,00517a50,canonical-behavior,identity-review,name_origin=descriptive,The complete body returns minus one when the first signed integer is greater and one when it is smaller
function-evidence:wiz8:00517a50:reccmp,wiz8,00517a50,reccmp,exact-compile,match:52e84e4075a4aafb,VC6 SP5 O2 G6 MD body is byte-exact; Local Code\UtilityFunctions.cpp
function-evidence:wiz8:00517c60:canonical-behavior,wiz8,00517c60,canonical-behavior,identity-review,name_origin=descriptive,The retained finite assertion and complete loop pair add or subtract two pi until the input lies in the canonical nonnegative turn
function-evidence:wiz8:00517c60:reccmp,wiz8,00517c60,reccmp,exact-compile,match:87b56f7e51776e8f,VC6 SP5 O2 G6 MD body is byte-exact; Local Code\UtilityFunctions.cpp
function-evidence:wiz8:00517ce0:canonical-behavior,wiz8,00517ce0,canonical-behavior,identity-review,name_origin=descriptive,The complete body normalizes both inputs computes each directed circular difference and returns the smaller result
function-evidence:wiz8:00517ce0:reccmp,wiz8,00517ce0,reccmp,exact-compile,match:cd8eb7eaf380ec89,VC6 SP5 O2 G6 MD body is byte-exact with both normalization bodies inlined; Local Code\UtilityFunctions.cpp
function-evidence:wiz8:00518310:runtime-string,wiz8,00518310,runtime-string,identity-review,name_origin=original-runtime-string,The retained RPCPtrToPCSlot diagnostic states the original function name
function-evidence:wiz8:00518310:reccmp,wiz8,00518310,reccmp,exact-compile,match:17f57565c56f666a,VC6 SP5 O2 G6 MD body is byte-exact; Local Code\UtilityFunctions.cpp
function-evidence:wiz8:005184b0:canonical-behavior,wiz8,005184b0,canonical-behavior,identity-review,name_origin=descriptive,The complete body frees every nonnull string-table entry then the table and clears the global pointer and count
function-evidence:wiz8:005184b0:reccmp,wiz8,005184b0,reccmp,exact-compile,match:68b9f811ce9418f4,VC6 SP5 O2 G6 MD body is byte-exact; Local Code\UtilityFunctions.cpp
function-evidence:wiz8:00518b20:canonical-behavior,wiz8,00518b20,canonical-behavior,identity-review,name_origin=descriptive,The complete body returns whether the string-table state global is nonzero
function-evidence:wiz8:00518b20:reccmp,wiz8,00518b20,reccmp,exact-compile,match:6f900695826e94fc,VC6 SP5 O2 G6 MD body is byte-exact; Local Code\UtilityFunctions.cpp
function-evidence:wiz8:004f21b0:canonical-behavior,wiz8,004f21b0,canonical-behavior,identity-review,name_origin=descriptive,The complete body conditionally clears both region selection globals and returns whether it did so
function-evidence:wiz8:004f21b0:reccmp,wiz8,004f21b0,reccmp,exact-compile,match:104b4a195b773197,VC6 SP5 O2 G6 MD body is byte-exact; Local Code\RegionManager.cpp
function-evidence:wiz8:004f21d0:canonical-behavior,wiz8,004f21d0,canonical-behavior,identity-review,name_origin=descriptive,The complete body returns the forced-region index global
function-evidence:wiz8:004f21d0:reccmp,wiz8,004f21d0,reccmp,exact-compile,match:76811197299fd721,VC6 SP5 O2 G6 MD body is byte-exact; Local Code\RegionManager.cpp
function-evidence:wiz8:004f21e0:controls-caller,wiz8,004f21e0,controls-caller,identity-review,name_origin=descriptive,Controls::EnableRegionSet calls this branch only when its enable argument is true
function-evidence:wiz8:004f21e0:reccmp,wiz8,004f21e0,reccmp,exact-compile,match:efdaf4ccb57e734f,VC6 SP5 O2 G6 MD body is byte-exact; Local Code\RegionManager.cpp
function-evidence:wiz8:004f2220:controls-caller,wiz8,004f2220,controls-caller,identity-review,name_origin=descriptive,Controls::EnableRegionSet calls this branch only when its enable argument is false
function-evidence:wiz8:004f2220:reccmp,wiz8,004f2220,reccmp,exact-compile,match:416cafdab2bb2949,VC6 SP5 O2 G6 MD body is byte-exact; Local Code\RegionManager.cpp
function-evidence:wiz8:004f2380:canonical-behavior,wiz8,004f2380,canonical-behavior,identity-review,name_origin=descriptive,The complete checked body clears exactly flags mask 0x0c in a 0x1c-byte region record
function-evidence:wiz8:004f2380:reccmp,wiz8,004f2380,reccmp,exact-compile,match:d4b20afcc6bd689d,VC6 SP5 O2 G6 MD body is byte-exact; Local Code\RegionManager.cpp
function-evidence:wiz8:004f23d0:canonical-behavior,wiz8,004f23d0,canonical-behavior,identity-review,name_origin=descriptive,The complete checked body clears flags mask 0x0c then selects bit 4 in a 0x1c-byte region record
function-evidence:wiz8:004f23d0:reccmp,wiz8,004f23d0,reccmp,exact-compile,match:ae176df927426d5f,VC6 SP5 O2 G6 MD body is byte-exact; Local Code\RegionManager.cpp
function-evidence:wiz8:004f2550:canonical-behavior,wiz8,004f2550,canonical-behavior,identity-review,name_origin=descriptive,The complete checked two-argument body returns whether a caller mask intersects the region flags
function-evidence:wiz8:004f2550:reccmp,wiz8,004f2550,reccmp,exact-compile,match:977bfbf2fb8adf72,VC6 SP5 O2 G6 MD body is byte-exact; Local Code\RegionManager.cpp
function-evidence:wiz8:004f2260:canonical-behavior,wiz8,004f2260,canonical-behavior,identity-review,name_origin=descriptive,The complete checked body clears mode mask 0x0c over one region set's inclusive first-to-last range
function-evidence:wiz8:004f2260:reccmp,wiz8,004f2260,reccmp,exact-compile,match:e5e99490b0c1bd97,VC6 SP5 O2 G6 MD body is byte-exact; Local Code\RegionManager.cpp
function-evidence:wiz8:004f22f0:canonical-behavior,wiz8,004f22f0,canonical-behavior,identity-review,name_origin=descriptive,The complete checked body selects mode 4 over one region set's inclusive first-to-last range
function-evidence:wiz8:004f22f0:reccmp,wiz8,004f22f0,reccmp,exact-compile,match:d684137dbbfe3d35,VC6 SP5 O2 G6 MD body is byte-exact; Local Code\RegionManager.cpp
function-evidence:wiz8:004f2420:canonical-behavior,wiz8,004f2420,canonical-behavior,identity-review,name_origin=descriptive,The complete checked body stores four ordered 16-bit geometry values in one validated region
function-evidence:wiz8:004f2420:reccmp,wiz8,004f2420,reccmp,exact-compile,match:365b34a55db0bc9c,VC6 SP5 O2 G6 MD body is byte-exact; Local Code\RegionManager.cpp
function-evidence:wiz8:004f2490:canonical-behavior,wiz8,004f2490,canonical-behavior,identity-review,name_origin=descriptive,The complete checked switch performs rectangular containment for mode 1 and circular containment for mode 2
function-evidence:wiz8:004f2490:reccmp,wiz8,004f2490,reccmp,exact-compile,match:a89c069cc92d56f2,VC6 SP5 O2 G6 MD body is byte-exact; Local Code\RegionManager.cpp
function-evidence:wiz8:004f2880:canonical-behavior,wiz8,004f2880,canonical-behavior,identity-review,name_origin=descriptive,The complete checked body returns the next region-set index and initializes its enabled and inclusive-range fields
function-evidence:wiz8:004f2880:reccmp,wiz8,004f2880,reccmp,exact-compile,match:bce3b0690e32ae2c,VC6 SP5 O2 G6 MD body is byte-exact; Local Code\RegionManager.cpp
function-evidence:wiz8:004f28e0:canonical-behavior,wiz8,004f28e0,canonical-behavior,identity-review,name_origin=descriptive,The complete checked body validates a region set and resets only its inclusive-range end marker
function-evidence:wiz8:004f28e0:reccmp,wiz8,004f28e0,reccmp,exact-compile,match:cd6e22f0973e4fec,VC6 SP5 O2 G6 MD body is byte-exact; Local Code\RegionManager.cpp
function-evidence:wiz8:004f2920:canonical-behavior,wiz8,004f2920,canonical-behavior,identity-review,name_origin=descriptive,The complete checked body advances a set's inclusive end and copies region zero when consuming a new global slot
function-evidence:wiz8:004f2920:reccmp,wiz8,004f2920,reccmp,exact-compile,match:106a77df2c135b58,VC6 SP5 O2 G6 MD body is byte-exact; Local Code\RegionManager.cpp
function-evidence:wiz8:004f29c0:reviewed-callers,wiz8,004f29c0,reviewed-callers,identity-review,name_origin=descriptive,Callers pass local code entry points and small per-control IDs to the two stored fields
function-evidence:wiz8:004f29c0:reccmp,wiz8,004f29c0,reccmp,exact-compile,match:e87cb4f407f91138,VC6 SP5 O2 G6 MD body is byte-exact; Local Code\RegionManager.cpp
function-evidence:wiz8:004f2a10:reviewed-callers,wiz8,004f2a10,reviewed-callers,identity-review,name_origin=descriptive,Control constructors pass their owning manager or control object to the stored pointer field
function-evidence:wiz8:004f2a10:reccmp,wiz8,004f2a10,reccmp,exact-compile,match:0bd1209dbbd51eb1,VC6 SP5 O2 G6 MD body is byte-exact; Local Code\RegionManager.cpp
function-evidence:wiz8:004f2a30:reviewed-callers,wiz8,004f2a30,reviewed-callers,identity-review,name_origin=descriptive,Reviewed callers use enabled one with a text ID and enabled zero with ID minus one; the consumer gates timed help rendering on these fields
function-evidence:wiz8:004f2a30:reccmp,wiz8,004f2a30,reccmp,exact-compile,match:b89e80bad1b3f6fb,VC6 SP5 O2 G6 MD body is byte-exact; Local Code\RegionManager.cpp
function-evidence:wiz8:004f25a0:canonical-behavior,wiz8,004f25a0,canonical-behavior,identity-review,name_origin=descriptive,The complete checked dispatcher selects the forced or active eligible region and invokes the help renderer after its countdown expires
function-evidence:wiz8:004f25a0:reccmp,wiz8,004f25a0,reccmp,exact-compile,match:d98f90c4c5959aa0,VC6 SP5 O2 G6 MD body is byte-exact; Local Code\RegionManager.cpp
function-evidence:wiz8:004f2650:canonical-behavior,wiz8,004f2650,canonical-behavior,identity-review,name_origin=descriptive,The complete body resolves override or indexed help text draws it at a screen-clamped position and marks the region help as visible
function-evidence:wiz8:004f2750:canonical-behavior,wiz8,004f2750,canonical-behavior,identity-review,name_origin=descriptive,The complete checked body deletes the previous owned wide string then allocates and copies the caller text
function-evidence:wiz8:004f2750:reccmp,wiz8,004f2750,reccmp,exact-compile,match:0fa557c3993c9c4f,VC6 SP5 O2 G6 MD body is byte-exact; Local Code\RegionManager.cpp
function-evidence:wiz8:004f27f0:canonical-behavior,wiz8,004f27f0,canonical-behavior,identity-review,name_origin=descriptive,The complete checked body hides active help clears its visible flag and either redraws immediately or restarts the delay
function-evidence:wiz8:004f27f0:reccmp,wiz8,004f27f0,reccmp,exact-compile,match:f80b471764cd398c,VC6 SP5 O2 G6 MD body is byte-exact; Local Code\RegionManager.cpp
function-evidence:wiz8:004f2bb0:canonical-behavior,wiz8,004f2bb0,canonical-behavior,identity-review,name_origin=descriptive,The complete checked body validates one region and sets its help-enabled byte to one
function-evidence:wiz8:004f2bb0:reccmp,wiz8,004f2bb0,reccmp,exact-compile,match:65ad6220c60dc56d,VC6 SP5 O2 G6 MD body is byte-exact; Local Code\RegionManager.cpp
function-evidence:wiz8:004f2bf0:canonical-behavior,wiz8,004f2bf0,canonical-behavior,identity-review,name_origin=descriptive,The complete checked body validates one region and clears its help-enabled byte
function-evidence:wiz8:004f2bf0:reccmp,wiz8,004f2bf0,reccmp,exact-compile,match:35cde21a2b1a7f5c,VC6 SP5 O2 G6 MD body is byte-exact; Local Code\RegionManager.cpp
function-evidence:wiz8:0040115e:vc6-runtime,wiz8,0040115e,vc6-runtime,identity-review,name_origin=original-export,"Six-byte linker import thunk; the MSVCRT import table names the target directly, so the name is read off the IAT rather than inferred (IAT slot 0x005EB10C)"
function-evidence:wiz8:00401164:vc6-runtime,wiz8,00401164,vc6-runtime,identity-review,name_origin=original-export,"Six-byte linker import thunk; the MSVCRT import table names the target directly, so the name is read off the IAT rather than inferred (IAT slot 0x005EB0FC); called twice from the CRT entry, for the C and C++ initializer tables"
function-evidence:wiz8:00401180:vc6-runtime,wiz8,00401180,vc6-runtime,identity-review,name_origin=descriptive,"Local CRT wrapper that forwards to the MSVCRT _onexit import at 0x005EB0F0 when the table pointers at 0x0069DA74/0x0069DA78 are uninitialised, otherwise appends through 0x004011CC. Name is the CRT's convention, not stated by the binary"
function-evidence:wiz8:004011ac:vc6-runtime,wiz8,004011ac,vc6-runtime,identity-review,name_origin=descriptive,"Calls 0x00401180 and normalises its result to a boolean with neg/sbb, which is the standard CRT atexit-over-_onexit shape. BringUpEngine uses it to register the shutdown handler at 0x004017F0"
function-evidence:wiz8:004011c0:vc6-runtime,wiz8,004011c0,vc6-runtime,identity-review,name_origin=original-export,"Six-byte linker import thunk; the MSVCRT import table names the target directly, so the name is read off the IAT rather than inferred (IAT slot 0x005EB0DC); installed as the CRT entry's SEH handler"
function-evidence:wiz8:004018c0:sgp,wiz8,004018c0,sgp,identity-review,sgp/sgp.c,VC6 SP5 common project profile relocation-masked body exact in every comparable build; reads PIXEL_DEPTH from sgp.ini
function-evidence:wiz8:00401950:sgp,wiz8,00401950,sgp,identity-review,sgp/sgp.c,VC6 SP5 common project profile relocation-masked body exact in every comparable build; all eight Wizardry command switches agree
function-evidence:wiz8:00401b30:sgp,wiz8,00401b30,sgp,identity-review,sgp/input.c,VC6 SP5 common project profile relocation-masked body exact in every comparable build; callback address is installed as WH_KEYBOARD
function-evidence:wiz8:00401c70:sgp,wiz8,00401c70,sgp,identity-review,sgp/input.c,VC6 SP5 common project profile relocation-masked body exact in every comparable build; callback address is installed as WH_MOUSE
function-evidence:wiz8:00401ea0:sgp,wiz8,00401ea0,sgp,identity-review,sgp/input.c,VC6 SP5 common project profile relocation-masked body exact in every comparable build; startup bring-up calls it directly
function-evidence:wiz8:00401f70:sgp,wiz8,00401f70,sgp,identity-review,sgp/input.c,VC6 SP5 common project profile relocation-masked body exact in every comparable build
function-evidence:wiz8:00401f90:sgp,wiz8,00401f90,sgp,identity-review,sgp/input.c,VC6 SP5 common project profile relocation-masked body exact in every comparable build; event-ring layout corroborates identity
function-evidence:wiz8:00402140:sgp,wiz8,00402140,sgp,identity-review,sgp/input.c,VC6 SP5 common project profile relocation-masked body exact in every comparable build; repeat handling is inlined
function-evidence:wiz8:00402750:sgp,wiz8,00402750,sgp,identity-review,sgp/input.c,VC6 SP5 common project profile relocation-masked body exact in every comparable build
function-evidence:wiz8:00402760:sgp,wiz8,00402760,sgp,identity-review,sgp/input.c,VC6 SP5 body is byte-exact in every comparable build
function-evidence:wiz8:00404b50:sgp,wiz8,00404b50,sgp,identity-review,sgp/DEBUG.C,VC6 SP5 common project profile relocation-masked body exact in every comparable build; source eight-slot formatter ring and 55 callers corroborate identity
function-evidence:wiz8:00404bf0:sgp,wiz8,00404bf0,sgp,identity-review,sgp/FileMan.c,VC6 SP5 common project profile relocation-masked body exact in every comparable build
function-evidence:wiz8:00404c40:sgp,wiz8,00404c40,sgp,identity-review,sgp/FileMan.c,VC6 SP5 common project profile relocation-masked body exact in every comparable build
function-evidence:wiz8:00404c80:formats,wiz8,00404c80,formats,identity-review,name_origin=sgp-source,Source name and complete body recovered from pinned SGP FileMan.c; opens a physical file or resolves a read-only member through the initialized SLF archive table; former descriptive name OpenVirtualFile
function-evidence:wiz8:00404c80:sgp,wiz8,00404c80,sgp,identity-review,sgp/FileMan.c,VC6 SP5 common project profile relocation-masked body exact in every comparable build; supersedes descriptive name
function-evidence:wiz8:00404e10:formats,wiz8,00404e10,formats,identity-review,name_origin=descriptive,Closes a physical handle or releases an SLF-backed virtual-file slot
function-evidence:wiz8:00404ea0:formats,wiz8,00404ea0,formats,identity-review,name_origin=descriptive,Reads bytes from either a physical handle or an SLF archive entry and reports the completed byte count
function-evidence:wiz8:00404fb0:sgp,wiz8,00404fb0,sgp,identity-review,sgp/FileMan.c,VC6 SP5 common project profile relocation-masked body exact in every comparable build
function-evidence:wiz8:00405030:formats,wiz8,00405030,formats,identity-review,name_origin=sgp-source,Source name and complete body recovered from pinned SGP FileMan.c; seeks a physical handle or SLF-backed entry using origin values 1 2 and 4; former descriptive name SeekVirtualFile
function-evidence:wiz8:00405030:sgp,wiz8,00405030,sgp,identity-review,sgp/FileMan.c,VC6 SP5 common project profile relocation-masked body exact in every comparable build; supersedes descriptive name
function-evidence:wiz8:004051d0:sgp,wiz8,004051d0,sgp,identity-review,sgp/FileMan.c,VC6 SP5 common project profile relocation-masked body exact in every comparable build
function-evidence:wiz8:004051f0:sgp,wiz8,004051f0,sgp,identity-review,sgp/FileMan.c,VC6 SP5 common project profile relocation-masked body exact in every comparable build
function-evidence:wiz8:00405200:sgp,wiz8,00405200,sgp,identity-review,sgp/FileMan.c,VC6 SP5 common project profile relocation-masked body exact in every comparable build
function-evidence:wiz8:00405270:sgp,wiz8,00405270,sgp,identity-review,sgp/FileMan.c,Exact in four comparable modules; Wiz8New.exe differs by the reviewed fFindInfoInUse assignment byte
function-evidence:wiz8:00405300:sgp,wiz8,00405300,sgp,identity-review,sgp/FileMan.c,VC6 SP5 common project profile relocation-masked body exact in every comparable build
function-evidence:wiz8:00405350:sgp,wiz8,00405350,sgp,identity-review,sgp/FileMan.c,VC6 SP5 common project profile relocation-masked body exact in every comparable build
function-evidence:wiz8:00405390:sgp,wiz8,00405390,sgp,identity-review,sgp/FileMan.c,VC6 SP5 common project profile relocation-masked body exact in every comparable build
function-evidence:wiz8:004054d0:sgp,wiz8,004054d0,sgp,identity-review,sgp/FileMan.c,VC6 SP5 common project profile relocation-masked body exact in every comparable build
function-evidence:wiz8:004054f0:sgp,wiz8,004054f0,sgp,identity-review,sgp/FileMan.c,VC6 SP5 common project profile relocation-masked body exact in every comparable build
function-evidence:wiz8:00405550:sgp,wiz8,00405550,sgp,identity-review,sgp/FileMan.c,VC6 SP5 common project profile relocation-masked body exact in every comparable build
function-evidence:wiz8:00405970:sgp,wiz8,00405970,sgp,identity-review,sgp/Container.c,VC6 SP5 common project profile relocation-masked body exact in every comparable build
function-evidence:wiz8:004059b0:sgp,wiz8,004059b0,sgp,identity-review,sgp/Container.c,Source body collides with CreateQueue; list-sized callers and the retained list API establish CreateList in every comparable build
function-evidence:wiz8:00405a00:sgp,wiz8,00405a00,sgp,identity-review,sgp/Container.c,VC6 SP5 common project profile relocation-masked body exact in every comparable build
function-evidence:wiz8:00405a70:sgp,wiz8,00405a70,sgp,identity-review,sgp/Container.c,VC6 SP5 common project profile relocation-masked body exact in every comparable build
function-evidence:wiz8:00405ac0:sgp,wiz8,00405ac0,sgp,identity-review,sgp/Container.c,VC6 SP5 common project profile relocation-masked body exact in every comparable build
function-evidence:wiz8:00405b00:sgp,wiz8,00405b00,sgp,identity-review,sgp/Container.c,VC6 folded the identical referenced stack and list delete bodies at one address in every comparable build
function-evidence:wiz8:00405b20:sgp,wiz8,00405b20,sgp,identity-review,sgp/Container.c,VC6 SP5 common project profile relocation-masked body exact in every comparable build
function-evidence:wiz8:00405b90:sgp,wiz8,00405b90,sgp,identity-review,sgp/Container.c,The identical generic body is used by a Wizardry list caller and the source marks StoreListNode as the Wizardry addition
function-evidence:wiz8:00405c00:sgp,wiz8,00405c00,sgp,identity-review,sgp/Container.c,VC6 folded the identical referenced stack and list size bodies at one address in every comparable build
function-evidence:wiz8:00405c10:sgp,wiz8,00405c10,sgp,identity-review,sgp/Container.c,VC6 SP5 common project profile relocation-masked body exact in every comparable build
function-evidence:wiz8:00406b70:sgp,wiz8,00406b70,sgp,identity-review,sgp/timer.c,VC6 SP5 common project profile relocation-masked body exact in every comparable build; timer callback address is passed to SetTimer
function-evidence:wiz8:00406ba0:sgp,wiz8,00406ba0,sgp,identity-review,sgp/timer.c,VC6 SP5 common project profile relocation-masked body exact in every comparable build; startup bring-up calls it directly
function-evidence:wiz8:00406bd0:sgp,wiz8,00406bd0,sgp,identity-review,sgp/timer.c,VC6 SP5 common project profile relocation-masked body exact in every comparable build
function-evidence:wiz8:00406be0:sgp,wiz8,00406be0,sgp,identity-review,sgp/timer.c,Generic getter body resolved by source order between exact neighboring timer functions
function-evidence:wiz8:00406bf0:sgp,wiz8,00406bf0,sgp,identity-review,sgp/timer.c,VC6 SP5 common project profile relocation-masked body exact in every comparable build
function-evidence:wiz8:00406c00:sgp,wiz8,00406c00,sgp,identity-review,sgp/timer.c,VC6 SP5 common project profile relocation-masked body exact in every comparable build
function-evidence:wiz8:00408860:cfagent-oracle,wiz8,00408860,cfagent-oracle,identity-review,name_origin=fan-patch-signature,CFAgent pW8FUNC_PlaySound English seed address verified by embedded expected bytes
function-evidence:wiz8:0040ef80:sgp,wiz8,0040ef80,sgp,identity-review,sgp/Random.c,VC6 SP5 /O2 /Ob2 /MD /G5 relocation-masked body exact in every unprotected build
function-evidence:wiz8:0040efa0:cfagent-oracle,wiz8,0040efa0,cfagent-oracle,identity-review,name_origin=fan-patch-signature|sgp-source,"CFAgent pW8FUNC_GetRandomNumber seed address, promoted by the exact SGP Random.c compile that names the body Random"
function-evidence:wiz8:0040efa0:sgp,wiz8,0040efa0,sgp,identity-review,sgp/Random.c,VC6 SP5 /O2 /Ob2 /MD /G5 relocation-masked body exact in every unprotected build; supersedes the CFAgent name for the same verified address
function-evidence:wiz8:0040efe0:sgp,wiz8,0040efe0,sgp,identity-review,sgp/Random.c,"VC6 SP5 /O2 /Ob2 /MD /G5 relocation-masked body exact in every unprotected build; Wizardry inlined Random into it, which plain /O2 does not do"
function-evidence:wiz8:0040f0b0:sgp,wiz8,0040f0b0,sgp,identity-review,sgp/DirectDraw Calls.c,VC6 SP5 relocation-masked body exact
function-evidence:wiz8:0040f100:sgp,wiz8,0040f100,sgp,identity-review,sgp/DirectDraw Calls.c,VC6 SP5 relocation-masked body exact
function-evidence:wiz8:0040f150:sgp,wiz8,0040f150,sgp,identity-review,sgp/DirectDraw Calls.c,VC6 SP5 relocation-masked body exact
function-evidence:wiz8:0040f180:sgp,wiz8,0040f180,sgp,identity-review,sgp/DirectDraw Calls.c,VC6 SP5 relocation-masked body exact
function-evidence:wiz8:0040f1c0:sgp,wiz8,0040f1c0,sgp,identity-review,sgp/DirectDraw Calls.c,VC6 SP5 relocation-masked body exact
function-evidence:wiz8:0040f210:sgp,wiz8,0040f210,sgp,identity-review,sgp/DirectDraw Calls.c,VC6 SP5 relocation-masked body exact
function-evidence:wiz8:0040f230:sgp,wiz8,0040f230,sgp,identity-review,sgp/DirectDraw Calls.c,VC6 SP5 relocation-masked body exact
function-evidence:wiz8:0040f290:sgp,wiz8,0040f290,sgp,identity-review,sgp/DirectDraw Calls.c,VC6 SP5 relocation-masked body exact
function-evidence:wiz8:0040f300:sgp,wiz8,0040f300,sgp,identity-review,sgp/DirectDraw Calls.c,VC6 SP5 relocation-masked body exact
function-evidence:wiz8:0040f340:sgp,wiz8,0040f340,sgp,identity-review,sgp/DirectDraw Calls.c,VC6 SP5 relocation-masked body exact
function-evidence:wiz8:0040f380:sgp,wiz8,0040f380,sgp,identity-review,sgp/DirectDraw Calls.c,VC6 SP5 relocation-masked body exact
function-evidence:wiz8:0040f3c0:sgp,wiz8,0040f3c0,sgp,identity-review,sgp/DirectDraw Calls.c,VC6 SP5 relocation-masked body exact
function-evidence:wiz8:0040f3e0:sgp,wiz8,0040f3e0,sgp,identity-review,sgp/DirectDraw Calls.c,VC6 SP5 relocation-masked body exact
function-evidence:wiz8:004126f0:formats,wiz8,004126f0,formats,identity-review,name_origin=descriptive,Allocates six 0x28-byte archive states and opens configured SLF files through 0x00412bb0
function-evidence:wiz8:00412a10:formats,wiz8,00412a10,formats,identity-review,name_origin=descriptive,Closes or reopens each of six configured SLF archives and recreates optional file mappings
function-evidence:wiz8:00412b10:sgp,wiz8,00412b10,sgp,identity-review,sgp/LibraryDataBase.c,VC6 SP5 common project profile relocation-masked body exact in every comparable build
function-evidence:wiz8:00412bb0:formats,wiz8,00412bb0,formats,identity-review,name_origin=descriptive,Reads the 0x214-byte header then the EOF directory as file_count 0x118-byte records and builds 0x0c-byte live entries
function-evidence:wiz8:00413680:sgp,wiz8,00413680,sgp,identity-review,sgp/LibraryDataBase.c,VC6 SP5 common project profile relocation-masked body exact in every comparable build
function-evidence:wiz8:00413730:sgp,wiz8,00413730,sgp,identity-review,sgp/LibraryDataBase.c,VC6 SP5 common project profile raw body exact in every comparable build
function-evidence:wiz8:00413d00:sgp,wiz8,00413d00,sgp,identity-review,sgp/LibraryDataBase.c,VC6 SP5 common project profile relocation-masked body exact in every comparable build
function-evidence:wiz8:00415820:zlib,wiz8,00415820,zlib,identity-review,name_origin=sgp-source,Name and body recovered from pinned SGP Compression.c; relocation-masked VC6 SP5 body is exact
function-evidence:wiz8:00415840:zlib,wiz8,00415840,zlib,identity-review,name_origin=sgp-source,Name and body recovered from pinned SGP Compression.c; relocation-masked VC6 SP5 body is exact
function-evidence:wiz8:00415850:zlib,wiz8,00415850,zlib,identity-review,name_origin=sgp-source,Name and body recovered from pinned SGP Compression.c; relocation-masked VC6 SP5 body is exact
function-evidence:wiz8:004158b0:zlib,wiz8,004158b0,zlib,identity-review,name_origin=sgp-source,Name and body recovered from pinned SGP Compression.c; relocation-masked VC6 SP5 body is exact
function-evidence:wiz8:004158f0:zlib,wiz8,004158f0,zlib,identity-review,name_origin=sgp-source,Name and body recovered from pinned SGP Compression.c; relocation-masked VC6 SP5 body is exact
function-evidence:wiz8:00415910:zlib,wiz8,00415910,zlib,identity-review,name_origin=original-source,State writes and inflate_blocks_reset call match inflate.c exactly
function-evidence:wiz8:00415960:zlib,wiz8,00415960,zlib,identity-review,name_origin=original-source,Frees the block state and inflate state through the configured allocator
function-evidence:wiz8:004159c0:zlib,wiz8,004159c0,zlib,identity-review,name_origin=original-source,Checks version 1.0.4 and z_stream size then allocates the inflate state and block window
function-evidence:wiz8:00415ad0:zlib,wiz8,00415ad0,zlib,identity-review,name_origin=original-source,Exact wrapper call to inflateInit2_ with MAX_WBITS 15
function-evidence:wiz8:00415af0:zlib,wiz8,00415af0,zlib,identity-review,name_origin=original-source,Unique inflate state machine and exact 1.0.4 error strings
function-evidence:wiz8:00415f10:zlib,wiz8,00415f10,zlib,identity-review,name_origin=original-source,Patched-build boundary plus exact pending-buffer copy semantics from deflate.c
function-evidence:wiz8:00415f60:zlib,wiz8,00415f60,zlib,identity-review,name_origin=original-source,Patched-build boundary plus exact stored-block loop and _tr_flush_block calls
function-evidence:wiz8:00416070:zlib,wiz8,00416070,zlib,identity-review,name_origin=original-source,Patched-build boundary plus window slide and hash-chain maintenance from deflate.c
function-evidence:wiz8:00416180:zlib,wiz8,00416180,zlib,identity-review,name_origin=original-source,Patched-build boundary plus input copy and optional Adler update
function-evidence:wiz8:004161f0:zlib,wiz8,004161f0,zlib,identity-review,name_origin=original-source,Patched-build boundary plus fast match/tally loop and deflate helper call graph
function-evidence:wiz8:00416450:zlib,wiz8,00416450,zlib,identity-review,name_origin=original-source,Patched-build boundary plus exact hash-chain match search
function-evidence:wiz8:004165c0:zlib,wiz8,004165c0,zlib,identity-review,name_origin=original-source,Patched-build boundary plus lazy match/tally loop and deflate helper call graph
function-evidence:wiz8:004168b0:zlib,wiz8,004168b0,zlib,identity-review,name_origin=original-source,Resets block mode bit buffer window cursors and checksum exactly as infblock.c
function-evidence:wiz8:00416940:zlib,wiz8,00416940,zlib,identity-review,name_origin=original-source,Allocates the 0x3c-byte block state and caller-sized window then resets it
function-evidence:wiz8:004169b0:zlib,wiz8,004169b0,zlib,identity-review,name_origin=original-source,Unique block decoder state machine and exact 1.0.4 block error strings
function-evidence:wiz8:004177d0:zlib,wiz8,004177d0,zlib,identity-review,name_origin=original-source,Resets then frees the block window and block state
function-evidence:wiz8:00417810:zlib,wiz8,00417810,zlib,identity-review,name_origin=original-source,Passed as the inflate block checksum callback and implements the Adler-32 5552-byte chunk loop
function-evidence:wiz8:00417940:zlib,wiz8,00417940,zlib,identity-review,name_origin=original-source,Exact default allocator wrapper around calloc
function-evidence:wiz8:00417960:zlib,wiz8,00417960,zlib,identity-review,name_origin=original-source,Exact default deallocator wrapper around free
function-evidence:wiz8:00417970:zlib,wiz8,00417970,zlib,identity-review,name_origin=original-source,Zeros literal distance and bit-length frequencies and resets block counters
function-evidence:wiz8:004179e0:zlib,wiz8,004179e0,zlib,identity-review,name_origin=original-source,Builds canonical Huffman codes and calls bi_reverse
function-evidence:wiz8:00417a60:zlib,wiz8,00417a60,zlib,identity-review,name_origin=original-source,Emits the stored-block header then calls copy_block
function-evidence:wiz8:00417b20:zlib,wiz8,00417b20,zlib,identity-review,name_origin=original-source,Selects stored static or dynamic trees and resets the block
function-evidence:wiz8:00417d40:zlib,wiz8,00417d40,zlib,identity-review,name_origin=original-source,Constructs a Huffman heap then calls pqdownheap gen_bitlen and gen_codes
function-evidence:wiz8:00417f50:zlib,wiz8,00417f50,zlib,identity-review,name_origin=original-source,Exact heap restoration over tree frequencies and depth tie-breaking
function-evidence:wiz8:00418000:zlib,wiz8,00418000,zlib,identity-review,name_origin=original-source,Computes optimal bit lengths and repairs overflow
function-evidence:wiz8:004181e0:zlib,wiz8,004181e0,zlib,identity-review,name_origin=original-source,Scans literal and distance trees then builds the bit-length tree
function-evidence:wiz8:00418250:zlib,wiz8,00418250,zlib,identity-review,name_origin=original-source,Counts repeated code lengths into REP_3_6 REPZ_3_10 and REPZ_11_138 frequencies
function-evidence:wiz8:00418340:zlib,wiz8,00418340,zlib,identity-review,name_origin=original-source,Emits HLIT HDIST and HCLEN then calls send_tree for both trees
function-evidence:wiz8:004185a0:zlib,wiz8,004185a0,zlib,identity-review,name_origin=original-source,Emits repeated code lengths using the three repeat symbols
function-evidence:wiz8:00418b20:zlib,wiz8,00418b20,zlib,identity-review,name_origin=original-source,Records literal or match tokens and updates literal/distance frequencies
function-evidence:wiz8:00418c30:zlib,wiz8,00418c30,zlib,identity-review,name_origin=original-source,Encodes the token buffers with literal length and distance trees
function-evidence:wiz8:004190a0:zlib,wiz8,004190a0,zlib,identity-review,name_origin=original-source,Compares ASCII and binary literal frequencies to set the stream data type
function-evidence:wiz8:00419110:zlib,wiz8,00419110,zlib,identity-review,name_origin=original-source,Exact bit-reversal loop used by gen_codes
function-evidence:wiz8:00419140:zlib,wiz8,00419140,zlib,identity-review,name_origin=original-source,Flushes the remaining bit buffer and resets bi_buf and bi_valid
function-evidence:wiz8:004191a0:zlib,wiz8,004191a0,zlib,identity-review,name_origin=original-source,Winds up bits writes optional LEN/NLEN and copies the stored bytes
function-evidence:wiz8:00419230:zlib,wiz8,00419230,zlib,identity-review,name_origin=original-source,Calls huft_build with the 19-code bit-length alphabet and exact error strings
function-evidence:wiz8:00419290:zlib,wiz8,00419290,zlib,identity-review,name_origin=original-source,Only inftrees.c routine called by all three tree constructors with matching allocator/free behavior
function-evidence:wiz8:00419760:zlib,wiz8,00419760,zlib,identity-review,name_origin=original-source,Builds literal/length and distance trees and emits exact dynamic-tree errors
function-evidence:wiz8:00419850:zlib,wiz8,00419850,zlib,identity-review,name_origin=original-source,Lazily constructs the fixed 288-entry literal and 30-entry distance trees
function-evidence:wiz8:004199c0:zlib,wiz8,004199c0,zlib,identity-review,name_origin=original-source,Walks and frees the linked Huffman allocation chain
function-evidence:wiz8:00419a00:zlib,wiz8,00419a00,zlib,identity-review,name_origin=original-source,Allocates and initializes the 0x1c-byte inflate code state
function-evidence:wiz8:00419a40:zlib,wiz8,00419a40,zlib,identity-review,name_origin=original-source,Unique literal length distance decoder and exact invalid-code strings
function-evidence:wiz8:0041a340:zlib,wiz8,0041a340,zlib,identity-review,name_origin=original-source,Exact configured-allocator free wrapper for the code state
function-evidence:wiz8:0041a360:zlib,wiz8,0041a360,zlib,identity-review,name_origin=original-source,Shared 39-call-site output-window flush routine from infutil.c
function-evidence:wiz8:0041a4a0:zlib,wiz8,0041a4a0,zlib,identity-review,name_origin=original-source,Fast decoder reached from inflate_codes with the same invalid-code strings
function-evidence:wiz8:00421680:surrender-export,wiz8,00421680,surrender-export,identity-review,name_origin=original-export,SR.DLL decorated exports and stream operator 0x10031970 prove srVector3T<float> and its contiguous x y z fields
function-evidence:wiz8:00421680:cfagent-oracle,wiz8,00421680,cfagent-oracle,identity-review,name_origin=fan-patch-signature,CFAgent pW8FUNC_3FloatsToVector English seed address verified by embedded expected bytes
function-evidence:wiz8:0042a6f0:cfagent-oracle,wiz8,0042a6f0,cfagent-oracle,identity-review,name_origin=fan-patch-signature,CFAgent pW8FUNC_LoadLevel English seed address verified by embedded expected bytes
function-evidence:wiz8:0042b410:cfagent-oracle,wiz8,0042b410,cfagent-oracle,identity-review,name_origin=fan-patch-signature,CFAgent pW8FUNC_GetLocationIDFromCode English seed address verified by embedded expected bytes
function-evidence:wiz8:0042b550:cfagent-oracle,wiz8,0042b550,cfagent-oracle,identity-review,name_origin=fan-patch-signature,CFAgent pW8FUNC_LevelGetFolderNameByID English seed address verified by embedded expected bytes
function-evidence:wiz8:0042b580:cfagent-oracle,wiz8,0042b580,cfagent-oracle,identity-review,name_origin=fan-patch-signature,CFAgent pW8FUNC_GetLoadedLevelID English seed address verified by embedded expected bytes
function-evidence:wiz8:0042bc10:formats,wiz8,0042bc10,formats,identity-review,name_origin=original-runtime-string,Embedded failure diagnostics identify ReadOctFile and enumerate its octree preregion mesh trigger and lookup sections
function-evidence:wiz8:0043d940:cfagent-oracle,wiz8,0043d940,cfagent-oracle,identity-review,name_origin=fan-patch-signature,CFAgent pW8FUNC_RunTrigger English seed address verified by embedded expected bytes
function-evidence:wiz8:00443780:cfagent-oracle,wiz8,00443780,cfagent-oracle,identity-review,name_origin=fan-patch-signature,CFAgent pW8FUNC_FindTriggerByName English seed address verified by embedded expected bytes
function-evidence:wiz8:00443dc0:cfagent-oracle,wiz8,00443dc0,cfagent-oracle,identity-review,name_origin=fan-patch-signature,CFAgent pW8FUNC_CreateLocationVar English seed address verified by embedded expected bytes
function-evidence:wiz8:00444170:cfagent-oracle,wiz8,00444170,cfagent-oracle,identity-review,name_origin=fan-patch-signature,CFAgent pW8FUNC_GetLocationVarIDByName English seed address verified by embedded expected bytes
function-evidence:wiz8:004456e0:cfagent-oracle,wiz8,004456e0,cfagent-oracle,identity-review,name_origin=fan-patch-signature,CFAgent pW8FUNC_PrintNothingHappenOrSpecItemReq English seed address verified by embedded expected bytes
function-evidence:wiz8:00446110:surrender-export,wiz8,00446110,surrender-export,identity-review,name_origin=original-export,SR.DLL stream operators 0x10031970 and 0x100319A0 prove the float and double srVector3T layouts converted by this body
function-evidence:wiz8:00446110:cfagent-oracle,wiz8,00446110,cfagent-oracle,identity-review,name_origin=fan-patch-signature,CFAgent pW8FUNC_Copy3DVector English seed address verified by embedded expected bytes
function-evidence:wiz8:00451280:cfagent-oracle,wiz8,00451280,cfagent-oracle,identity-review,name_origin=fan-patch-signature,CFAgent pW8FUNC_GetWorld English seed address verified by embedded expected bytes
function-evidence:wiz8:004512c0:cfagent-oracle,wiz8,004512c0,cfagent-oracle,identity-review,name_origin=fan-patch-signature,CFAgent pW8FUNC_FindEntityByName English seed address verified by embedded expected bytes
function-evidence:wiz8:00459540:formats,wiz8,00459540,formats,identity-review,name_origin=descriptive,OctPath.cpp writes a version-two WPT header followed by 0x10-byte waypoints and 0x0e-byte links
function-evidence:wiz8:00459650:formats,wiz8,00459650,formats,identity-review,name_origin=descriptive,OctPath.cpp reads WPT versions one and two then materializes the runtime adjacency and hash structures
function-evidence:wiz8:0048a7a0:formats,wiz8,0048a7a0,formats,identity-review,name_origin=descriptive,MonGen.cpp loads EncounterTables.dbs into 72 runtime tables with columnar species rarity time challenge and script-name data
function-evidence:wiz8:0048ad20:formats,wiz8,0048ad20,formats,identity-review,name_origin=original-runtime-string,The embedded diagnostic names MonGen GenerateEncounter and its canonical body rolls group size and two optional companion records
function-evidence:wiz8:0048b9a0:formats,wiz8,0048b9a0,formats,identity-review,name_origin=descriptive,Filters one encounter table by party challenge level weighted rarity and the recovered day night or any-time selector
function-evidence:wiz8:0048bdc0:cfagent-oracle,wiz8,0048bdc0,cfagent-oracle,identity-review,name_origin=fan-patch-signature,CFAgent pW8FUNC_FindMonGenByName English seed address verified by embedded expected bytes
function-evidence:wiz8:0048c110:formats,wiz8,0048c110,formats,identity-review,name_origin=original-runtime-string,The embedded diagnostic names MonGen LoadAll and the function restores encounter state then applies the current level's bounds
function-evidence:wiz8:0048c810:formats,wiz8,0048c810,formats,identity-review,name_origin=descriptive,Replenishes the current level's encounter budget by elapsed time and clamps both budget and active-encounter limit
function-evidence:wiz8:0048c8e0:formats,wiz8,0048c8e0,formats,identity-review,name_origin=descriptive,Compares active encounter ages with the configured culling time and removes sufficiently distant expired groups
function-evidence:wiz8:004a5e50:classes,wiz8,004a5e50,classes,identity-review,name_origin=original-source-path,Constructs base and secondary subobject then writes vtables 0x005ece78 and 0x005eceb8
function-evidence:wiz8:004a5f00:classes,wiz8,004a5f00,classes,identity-review,name_origin=original-source-path,Primary vtable slot zero calls 0x004a6610 then conditionally invokes operator delete
function-evidence:wiz8:004a5f20:classes,wiz8,004a5f20,classes,identity-review,name_origin=original-source-path,Copy constructor rebuilds the secondary subobject copies owned graphics state and installs both vtables
function-evidence:wiz8:004a6610:classes,wiz8,004a6610,classes,identity-review,name_origin=original-source-path,Restores both vtables releases owned cycle resources and destroys secondary and base subobjects
function-evidence:wiz8:004ac9d0:formats,wiz8,004ac9d0,formats,identity-review,name_origin=descriptive,Returns the target-type field at runtime offset 0x137 and optionally normalizes type one to zero
function-evidence:wiz8:004aca60:formats,wiz8,004aca60,formats,identity-review,name_origin=descriptive,The canonical casting failure path uses this target-type and spell-ID predicate to decide whether a failed spell can backfire
function-evidence:wiz8:004acb40:formats,wiz8,004acb40,formats,identity-review,name_origin=descriptive,Maps spell levels one through seven to minimum caster levels 1 3 5 8 11 14 and 18
function-evidence:wiz8:004acba0:formats,wiz8,004acba0,formats,identity-review,name_origin=descriptive,Loads a spell's level and returns the corresponding minimum caster level
function-evidence:wiz8:004acc10:formats,wiz8,004acc10,formats,identity-review,name_origin=descriptive,Reads the count and version from SpellTables.dbs then skips 0x101 and loads 0x1bf bytes for each spell
function-evidence:wiz8:004bea20:classes,wiz8,004bea20,classes,identity-review,name_origin=original-source-path,Constructs three 0x1b0-byte arrays initializes fields through 0x624 and writes vtable 0x005ed200
function-evidence:wiz8:004beba0:classes,wiz8,004beba0,classes,identity-review,name_origin=original-source-path,Vtable slot zero calls 0x004bee50 then conditionally invokes operator delete
function-evidence:wiz8:004bebd0:classes,wiz8,004bebd0,classes,identity-review,name_origin=original-source-path,Copy constructor rebuilds the same three arrays copies state from its source argument and writes vtable 0x005ed200
function-evidence:wiz8:004bee50:classes,wiz8,004bee50,classes,identity-review,name_origin=original-source-path,Destroys the three arrays in reverse order and tears down the base object
function-evidence:wiz8:004ca4c0:canonical-behavior,wiz8,004ca4c0,canonical-behavior,identity-review,name_origin=descriptive,Returns true when the current or queued cycle is 21; exact MonsterStartsDying selects cycle 21 before its kill-recording and list-removal sequence
function-evidence:wiz8:004a8430:canonical-behavior,wiz8,004a8430,canonical-behavior,identity-review,name_origin=descriptive,The complete body bounds the requested subcycle against the current animation count and writes it to the representation subcycle byte at +0x64
function-evidence:wiz8:004a8460:reccmp,wiz8,004a8460,reccmp,exact-compile,match:6d6e1243f0cc1bd8,VC6 SP5 O2 G6 MD body exact; the BEHAVIOUR_FIRST through BEHAVIOUR_LAST assertion and final byte store establish GrCycle::SetBehaviour
function-evidence:wiz8:004c5a00:official-demo,wiz8,004c5a00,official-demo,identity-review,name_origin=original-runtime-string,"The mapped demo body at 0x004c86f0 retains MonsterSetAnimating (ID %d) - Changed to %s after the same previous-state read, replacement, and timestamp update as retail 0x004c5a00"
function-evidence:wiz8:004c5a80:monster-manager-assertion,wiz8,004c5a80,monster-manager-assertion,identity-review,name_origin=original-runtime-string,The assertion immediately following the call at 0x004e3d30 spells MonsterIsCycleSupported(pMonsterInfo->p3D CYCLE_BIRTH) and the returned byte controls that assertion
function-evidence:wiz8:004c5aa0:canonical-behavior,wiz8,004c5aa0,canonical-behavior,identity-review,name_origin=descriptive,StartMonsterCycle stores its requested cycle through this wrapper while MonsterInfoSetMotionless passes -1 to cancel the same pending-cycle byte at representation +0xa7
function-evidence:wiz8:004c5b40:monster-manager-assertions,wiz8,004c5b40,monster-manager-assertions,identity-review,name_origin=original-runtime-string,Assertions immediately following calls at 0x004e3d71 and 0x004e3ddf spell MonsterQuery(pMonsterInfo->p3D QUERY_NUM_FRAMES) and compare the returned integer with -1
function-evidence:wiz8:004c6180:virtual-cycle-target,wiz8,004c6180,virtual-cycle-target,identity-review,name_origin=descriptive,The wrapper invokes virtual slot twelve with one argument; canonical target 0x004c3790 validates that argument as a cycle and performs the complete cycle transition
function-evidence:wiz8:004c61a0:set-behaviour-callee,wiz8,004c61a0,set-behaviour-callee,identity-review,name_origin=descriptive,The null-safe wrapper's only callee is byte-exact GrCycle::SetBehaviour at 0x004a8460
function-evidence:wiz8:004c61c0:set-subcycle-callee,wiz8,004c61c0,set-subcycle-callee,identity-review,name_origin=descriptive,The null-safe wrapper's only callee is GrCycle::SetSubCycle at 0x004a8430 and activation callers pass zero or a bounded random subcycle
function-evidence:wiz8:004e3af0:official-demo,wiz8,004e3af0,official-demo,identity-review,name_origin=original-runtime-string,The mapped 0x004e6ba0 demo body retains RemoveMonster failure text and DestroyMonster diagnostics across the optional destruction branch; all twenty callees map to the retail body
function-evidence:wiz8:004e4050:original-runtime-string,wiz8,004e4050,original-runtime-string,identity-review,name_origin=original-runtime-string,Both retail and demo bodies retain ActivateMonster: ERROR - MonsterReadAllCycles failed around the same cycle loading operation
function-evidence:wiz8:004e4280:official-demo,wiz8,004e4280,official-demo,identity-review,name_origin=original-runtime-string,The mapped demo body at 0x004e72f0 retains DeactivateMonster: ID %d and the same teardown call graph as retail 0x004e4280
function-evidence:wiz8:004d8f00:cfagent-oracle,wiz8,004d8f00,cfagent-oracle,identity-review,name_origin=fan-patch-signature,CFAgent pW8FUNC_SpawnMonsters English seed address verified by embedded expected bytes
function-evidence:wiz8:004d8f80:cfagent-oracle,wiz8,004d8f80,cfagent-oracle,identity-review,name_origin=fan-patch-signature,CFAgent pW8FUNC_CreateAndPlaySoundNode English seed address verified by embedded expected bytes
function-evidence:wiz8:004dcd40:cfagent-oracle,wiz8,004dcd40,cfagent-oracle,identity-review,name_origin=fan-patch-signature,CFAgent pW8FUNC_TrigFuncArrowTrap English seed address verified by embedded expected bytes
function-evidence:wiz8:004e4600:reccmp,wiz8,004e4600,reccmp,structural-compile,compare:134-of-142,All operations and branches agree; only the positional Monster member flag update differs because the candidate folds canonical load Monster+0x24 / add +0x18 / store member+0x0c into an in-place memory AND
function-evidence:wiz8:004e4690:reccmp,wiz8,004e4690,reccmp,exact-compile,match:927492090aa3ead1,VC6 SP5 O2 G6 MD body exact; nesting MonsterGetIndexByLocationID as the first 0x004e3af0 argument reproduces the canonical pre-pushed zero and split stack cleanup
function-evidence:wiz8:004e4690:canonical-callers,wiz8,004e4690,canonical-callers,identity-review,name_origin=descriptive,Called after lethal HP damage after a death-or-missing condition and by a level-script monster crusher; selects cycle 21 and invokes the helper containing the retained MonsterKilled call
function-evidence:wiz8:004e4690:official-demo,wiz8,004e4690,official-demo,identity-review,name_origin=original-runtime-string,The mapped demo body at 0x004e7770 retains MonsterStartsDying: ID %d then calls the mapped StartMonsterCycle DeactivateMonster death-recording and RemoveMonster functions
function-evidence:wiz8:004e46f0:official-demo,wiz8,004e46f0,official-demo,identity-review,name_origin=original-runtime-string,The mapped demo body at 0x004e77f0 retains MonsterDies: ID %d and matches the retail death-accounting call graph including MonsterKilled experience faction and kill-count updates
function-evidence:wiz8:004e4db0:official-demo,wiz8,004e4db0,official-demo,identity-review,name_origin=original-runtime-string,The mapped demo body at 0x004e7e40 retains StartMonsterCycle with ID cycle name behavior and current state; its call graph maps one-to-one to retail 0x004e4db0
function-evidence:wiz8:004e5150:canonical-behavior,wiz8,004e5150,canonical-behavior,identity-review,name_origin=descriptive,Complete body returns one of two three-form UTF-16 name arrays from the cached monster record and handles one special character-name record
function-evidence:wiz8:004e5550:cfagent-oracle,wiz8,004e5550,cfagent-oracle,identity-review,name_origin=fan-patch-signature,CFAgent pW8FUNC_MonsterGetIndexByLocID English seed address verified by embedded expected bytes
function-evidence:wiz8:004e5620:cfagent-oracle,wiz8,004e5620,cfagent-oracle,identity-review,name_origin=fan-patch-signature,CFAgent pW8FUNC_MonsterGetScriptPartByLocIndex English seed address verified by embedded expected bytes
function-evidence:wiz8:004e57c0:cfagent-oracle,wiz8,004e57c0,cfagent-oracle,identity-review,name_origin=fan-patch-signature,CFAgent pW8FUNC_GetMonsterDataByID English seed address verified by embedded expected bytes
function-evidence:wiz8:004e5550:reccmp,wiz8,004e5550,reccmp,exact-compile,match:f5e742af98349787,VC6 SP5 O2 G6 MD body exact; Local Code\MonsterManager.cpp
function-evidence:wiz8:004e5620:reccmp,wiz8,004e5620,reccmp,structural-compile,compare:259-of-245,Typed source reconstruction retained in its original translation unit; call sequence and block factoring still diverge
function-evidence:wiz8:004e5720:reccmp,wiz8,004e5720,reccmp,exact-compile,match:f7541febf4eb7876,VC6 SP5 O2 G6 MD body exact; Local Code\MonsterManager.cpp
function-evidence:wiz8:004e5720:canonical-behavior,wiz8,004e5720,canonical-behavior,identity-review,name_origin=descriptive,Complete body validates W8MonsterInfo and resolves its monster_species through the same lazy database cache as 0x004e57c0
function-evidence:wiz8:004e57c0:reccmp,wiz8,004e57c0,reccmp,exact-compile,match:5976911974dc4ad7,VC6 SP5 O2 G6 MD body exact; Local Code\MonsterManager.cpp
function-evidence:wiz8:004e57c0:official-demo,wiz8,004e57c0,official-demo,identity-review,name_origin=official-demo|original-runtime-string,The demo counterpart at 0x004e8820 retains MonsterDBFromSpecies warning allocation-failure and load-failure diagnostics; its uiMonsterSpecies assertion and position after the 117-caller W8MonsterInfo wrapper map it to canonical 0x004e57c0
function-evidence:wiz8:004e5840:reccmp,wiz8,004e5840,reccmp,exact-compile,match:ab5176e0a050c385,VC6 SP5 O2 G6 MD body exact; diagnostic string supplies the original function name
function-evidence:wiz8:004e58b0:reccmp,wiz8,004e58b0,reccmp,structural-compile,compare:150-of-152,All substantive instructions agree; only the null-return block placement differs
function-evidence:wiz8:004e5950:reccmp,wiz8,004e5950,reccmp,exact-compile,match:597955c6bd415083,VC6 SP5 O2 G6 MD body exact; returns the live Monster pointer from W8MonsterInfo +0x0c
function-evidence:wiz8:004e5990:reccmp,wiz8,004e5990,reccmp,structural-compile,compare:180-of-180,All 57 instructions agree; only the final commutative x87 multiply loads its operands in the opposite order
function-evidence:wiz8:004e5a50:reccmp,wiz8,004e5a50,reccmp,exact-compile,match:5636053d10822ec7,VC6 SP5 O2 G6 MD body exact; Local Code\MonsterManager.cpp; unaligned +0x27 and +0x2b accesses require the recovered packed 0x425-byte W8MonsterInfo layout
function-evidence:wiz8:004e5a50:canonical-callers,wiz8,004e5a50,canonical-callers,identity-review,name_origin=descriptive,Activation at 0x004e3c70 and hit-point damage at 0x0052bb60 both map the fraction of hp_max lost onto the live Monster representation count
function-evidence:wiz8:004e5aa0:reccmp,wiz8,004e5aa0,reccmp,exact-compile,match:f48175ec51ea1e68,VC6 SP5 O2 G6 MD body exact; Local Code\MonsterManager.cpp
function-evidence:wiz8:004e5af0:reccmp,wiz8,004e5af0,reccmp,exact-compile,match:0b722e24b52d5392,VC6 SP5 O2 G6 MD body exact; Local Code\MonsterManager.cpp; the 0x004534c0 structure-return thiscall and by-value 0x00555f30 argument reproduce all 29 instructions
function-evidence:wiz8:004e5af0:canonical-callers,wiz8,004e5af0,canonical-callers,identity-review,name_origin=descriptive,Combat Range.cpp stores the result as ubMonsterQuadrant and asserts it is not QUADRANT_CENTER; Targeting.cpp also consumes it as a quadrant
function-evidence:wiz8:004e5b50:reccmp,wiz8,004e5b50,reccmp,exact-compile,match:39ce10fb3b0241f2,VC6 SP5 O2 G6 MD body exact; Local Code\MonsterManager.cpp; address-based name retained because no original semantic name is yet proven
function-evidence:wiz8:004e5c00:reccmp,wiz8,004e5c00,reccmp,exact-compile,match:cf8106a7b2ef270d,VC6 SP5 O2 G6 MD body exact; Local Code\MonsterManager.cpp; typed packed fields reproduce all 83 instructions without casts around W8MonsterInfo
function-evidence:wiz8:004e5c00:canonical-caller,wiz8,004e5c00,canonical-caller,identity-review,name_origin=descriptive,EndCombat is the sole caller and invokes this before tearing down combat-owned systems; its forwarded forced-cleanup flag controls the notification and kill-transition branch
function-evidence:wiz8:004e5d00:reccmp,wiz8,004e5d00,reccmp,exact-compile,match:627afcab384dba57,VC6 SP5 O2 G6 MD reviewed 314-byte body exact; the COMDAT additionally owns the five-entry switch jump table and alignment after the function body
function-evidence:wiz8:004e5d00:original-runtime-string,wiz8,004e5d00,original-runtime-string,identity-review,name_origin=descriptive,Retained ConvertMonsterAttribute diagnostic and MONSTER_ATTR_COUNT assertion corroborate the five-iteration body and motivate the descriptive plural name
function-evidence:wiz8:004e5e50:reccmp,wiz8,004e5e50,reccmp,exact-compile,match:95a87cafd0822587,VC6 SP5 O2 G6 MD body exact; descriptive identity follows the complete linear species lookup
function-evidence:wiz8:004e5ea0:reccmp,wiz8,004e5ea0,reccmp,exact-compile,match:b9dd67943293c181,VC6 SP5 O2 G6 MD body exact; typed positional Monster member and W8MonsterInfo +0x255 reproduce all 35 canonical instructions
function-evidence:wiz8:004e5ea0:canonical-caller,wiz8,004e5ea0,canonical-caller,identity-review,name_origin=descriptive,EndCombat is the sole caller and invokes this after releasing the combat object; the body resets every living Monster and clears bounded runtime state +0x255
function-evidence:wiz8:004e6020:reccmp,wiz8,004e6020,reccmp,exact-compile,match:d07972e4470e61c3,VC6 SP5 O2 G6 MD body exact; the two-case switch and nested group calls reproduce all 41 canonical instructions
function-evidence:wiz8:004e6020:canonical-behavior,wiz8,004e6020,canonical-behavior,identity-review,name_origin=descriptive,The complete body transitions W8MonsterInfo +0x2fd resets positional state when leaving state one and invokes the selected MonsterGroup recomputation
function-evidence:wiz8:004e60b0:reccmp,wiz8,004e60b0,reccmp,exact-compile,match:019a49b096cfb70b,VC6 SP5 O2 G6 MD body exact; the typed W8MonsterCycle +0x0c pointer reproduces both canonical nested +0xa7 reads without casts
function-evidence:wiz8:004e60b0:official-demo,wiz8,004e60b0,official-demo,identity-review,name_origin=original-runtime-string,The mapped demo body at 0x004e9020 retains two MonsterInfoSetMotionless diagnostics around the same +0x24e field and cycle transitions
function-evidence:wiz8:004e60b0:canonical-callers,wiz8,004e60b0,canonical-callers,identity-review,name_origin=original-runtime-string,Condition add and remove callers pass true exactly when the highest active condition index is at least 14; Cosmic Forge names indices 14 through 19 web sleep unconsciousness paralyze death and missing
function-evidence:wiz8:004e6130:reccmp,wiz8,004e6130,reccmp,exact-compile,match:edd964dee6d6c8af,VC6 SP5 O2 G6 MD body exact; repeated monster_info->monster source accesses reproduce the canonical reloads and register allocation
function-evidence:wiz8:004e6130:canonical-behavior,wiz8,004e6130,canonical-behavior,identity-review,name_origin=descriptive,Exact body removes the entry from g_unborn_monster_list and adds it to g_monster_list before invoking still-unnamed Monster initialization operations
function-evidence:wiz8:004e6780:canonical-consumers,wiz8,004e6780,canonical-consumers,semantic-review,consumers:004e6d45;005d63fa,The result contributes to a live-HP-weighted combat-strength total and is formatted in MonsterInfoDialog; combat value is descriptive and no original name is claimed
function-evidence:wiz8:004e6780:reccmp,wiz8,004e6780,reccmp,exact-compile,match:9531ac3b79223b86,VC6 SP5 O2 G6 MD body exact; unsigned <= 0 reproduces the canonical JA branch
function-evidence:wiz8:004e68c0:reccmp,wiz8,004e68c0,reccmp,exact-compile,match:b5d69375d2e91ce8,VC6 SP5 O2 G6 MD body exact; shared W8Monster declaration preserves the real thiscall ABI without a free-function wrapper
function-evidence:wiz8:004e68c0:canonical-callers,wiz8,004e68c0,canonical-callers,identity-review,name_origin=descriptive,Every call is in the save and autosave eligibility paths and rejects saving while any live Monster reports cycle 21 through Monster::IsDying
function-evidence:wiz8:004e6940:reccmp,wiz8,004e6940,reccmp,exact-compile,match:42579817579125ed,VC6 SP5 O2 G6 MD body exact; member destruction and the array-destructor iterator reproduce the canonical body
function-evidence:wiz8:004e6970:reccmp,wiz8,004e6970,reccmp,exact-compile,match:cbe378eb6c76468c,VC6 SP5 O2 G6 MD body exact; explicit allocation-failure arms reproduce the duplicated canonical SEH epilogue
function-evidence:wiz8:004e6a10:reccmp,wiz8,004e6a10,reccmp,exact-compile,match:33757cd0a1cbc20e,VC6 SP5 O2 G6 MD body exact; inline pointer-vector member destruction reproduces the canonical body
function-evidence:wiz8:004e6a30:reccmp,wiz8,004e6a30,reccmp,exact-compile,match:0d057a8b8749b122,VC6 SP5 O2 G6 MD body exact; explicit allocation-failure arms reproduce the canonical branch shape
function-evidence:wiz8:004e7090:cfagent-oracle,wiz8,004e7090,cfagent-oracle,identity-review,name_origin=fan-patch-signature,CFAgent pW8FUNC_StartCombat English seed address verified by embedded expected bytes
function-evidence:wiz8:004ea310:canonical-lifecycle,wiz8,004ea310,canonical-lifecycle,identity-review,name_origin=descriptive,Combat.cpp body tears down combat-owned systems frees the combat object clears the active flag and finalizes surviving monsters; combat victory and manual termination use normal mode while load and shutdown use forced cleanup
function-evidence:wiz8:004f6c50:cfagent-oracle,wiz8,004f6c50,cfagent-oracle,identity-review,name_origin=fan-patch-signature,CFAgent pW8FUNC_SpawnItem English seed address verified by embedded expected bytes
function-evidence:wiz8:004f88a0:formats,wiz8,004f88a0,formats,identity-review,name_origin=descriptive,Case-insensitively searches the 114 named ItemTables.dbs records and returns the table index or minus one
function-evidence:wiz8:004f88f0:formats,wiz8,004f88f0,formats,identity-review,name_origin=descriptive,Filters forty packed table slots then performs weighted selection and creates up to the requested number of item instances
function-evidence:wiz8:004addf0:reccmp,wiz8,004addf0,reccmp,exact-compile,match:d261b168ea65cd55,VC6 SP5 O2 G6 MD body exact; candidate-index instantiation of the shared growable-vector template
function-evidence:wiz8:004ef420:reccmp,wiz8,004ef420,reccmp,exact-compile,match:db667d89c1616f48,VC6 SP5 O2 G6 MD body exact; averages the level field of occupied party slots
function-evidence:wiz8:004f88f0:reccmp,wiz8,004f88f0,reccmp,structural-compile,near-miss:1054/951,Source-owned Local Code\ItemManager.cpp body preserves every observed branch and call; the shared template model exposes a remaining output-specialization inlining difference plus allocation and loop shape differences
function-evidence:wiz8:004fb220:cfagent-oracle,wiz8,004fb220,cfagent-oracle,identity-review,name_origin=fan-patch-signature,CFAgent pW8FUNC_CastSpellAtTheParty English seed address verified by embedded expected bytes
function-evidence:wiz8:004ff3b0:formats,wiz8,004ff3b0,formats,identity-review,name_origin=descriptive,Returns the selected profession level plus its magic-level offset or minus one for the no-magic sentinel
function-evidence:wiz8:005061a0:cfagent-oracle,wiz8,005061a0,cfagent-oracle,identity-review,name_origin=fan-patch-signature,CFAgent pW8FUNC_SetFact English seed address verified by embedded expected bytes
function-evidence:wiz8:00506280:cfagent-oracle,wiz8,00506280,cfagent-oracle,identity-review,name_origin=fan-patch-signature,CFAgent pW8FUNC_GetFact English seed address verified by embedded expected bytes
function-evidence:wiz8:00506310:formats,wiz8,00506310,formats,identity-review,name_origin=descriptive,Clears exactly 1000 persisted fact bytes then installs the initial mode-dependent facts through SetFact
function-evidence:wiz8:00506480:formats,wiz8,00506480,formats,identity-review,name_origin=descriptive,Writes exactly 1000 fact-state bytes to the supplied save handle
function-evidence:wiz8:005064a0:formats,wiz8,005064a0,formats,identity-review,name_origin=descriptive,Reads exactly 1000 fact-state bytes and reconciles state-dependent NPC data and initial-mode facts
function-evidence:wiz8:00506670:formats,wiz8,00506670,formats,identity-review,name_origin=descriptive,The only caller is SetFact and the fact-ID switch performs corresponding world NPC faction trigger and location side effects
function-evidence:wiz8:005080f0:formats,wiz8,005080f0,formats,identity-review,name_origin=descriptive,Computes special and derived facts recursively and otherwise returns the persisted byte for the requested fact ID
function-evidence:wiz8:005090c0:cfagent-oracle,wiz8,005090c0,cfagent-oracle,identity-review,name_origin=fan-patch-signature,CFAgent pW8FUNC_MonsterKilled English seed address verified by embedded expected bytes
function-evidence:wiz8:00509aa0:formats,wiz8,00509aa0,formats,identity-review,name_origin=descriptive,Allocates a 0x13d-byte runtime node and binds the indexed NPC database record then conditionally initializes inventory and full RPC character state
function-evidence:wiz8:0050b830:cfagent-oracle,wiz8,0050b830,cfagent-oracle,identity-review,name_origin=fan-patch-signature,CFAgent pW8FUNC_GetNPCItemListByID English seed address verified by embedded expected bytes
function-evidence:wiz8:00510b60:cfagent-oracle,wiz8,00510b60,cfagent-oracle,identity-review,name_origin=fan-patch-signature,CFAgent pW8FUNC_FindMonsterFirstByID English seed address verified by embedded expected bytes
function-evidence:wiz8:00510bf0:cfagent-oracle,wiz8,00510bf0,cfagent-oracle,identity-review,name_origin=fan-patch-signature,CFAgent pW8FUNC_FindNextExistingMonsterByID English seed address verified by embedded expected bytes
function-evidence:wiz8:00511250:formats,wiz8,00511250,formats,identity-review,name_origin=original-runtime-string,The embedded assertion text names MonsterGroupCalcDefaultDisposition and the canonical body selects NPC faction or unaligned hostility disposition
function-evidence:wiz8:00511990:cfagent-oracle,wiz8,00511990,cfagent-oracle,identity-review,name_origin=fan-patch-signature,CFAgent pW8FUNC_GiveBirthToMonster English seed address verified by embedded expected bytes
function-evidence:wiz8:00512290:formats,wiz8,00512290,formats,identity-review,name_origin=official-demo|original-runtime-string,The demo diagnostic names the function and the canonical body opens the selected save and searches its GSTA section
function-evidence:wiz8:005123f0:formats,wiz8,005123f0,formats,identity-review,name_origin=official-demo|original-runtime-string,The demo diagnostics name the function and the canonical body writes the tagged game and level state sections
function-evidence:wiz8:00512920:formats,wiz8,00512920,formats,identity-review,name_origin=official-demo|original-runtime-string,The demo diagnostic names the function and the canonical body dispatches tagged sections from the selected save
function-evidence:wiz8:00512d00:formats,wiz8,00512d00,formats,identity-review,name_origin=official-demo|original-runtime-string,The demo diagnostics name the function and the canonical body validates Saves Characters and NPCs directories
function-evidence:wiz8:00513090:formats,wiz8,00513090,formats,identity-review,name_origin=official-demo|original-runtime-string,The demo diagnostics name the function and the canonical body reads and validates a fixed 0x314-byte versioned status header
function-evidence:wiz8:00513260:formats,wiz8,00513260,formats,identity-review,name_origin=official-demo|original-runtime-string,The demo diagnostics name the function and the canonical body writes the fixed status header and tagged level-state sections
function-evidence:wiz8:00513650:formats,wiz8,00513650,formats,identity-review,name_origin=official-demo|original-runtime-string,The demo diagnostic names the function and the canonical body selects one LVLS record then dispatches its nested status sections
function-evidence:wiz8:00513c20:formats,wiz8,00513c20,formats,identity-review,name_origin=official-demo|original-runtime-string,The demo diagnostics name the function and its size assertion names pMonsterGroup
function-evidence:wiz8:00513d80:formats,wiz8,00513d80,formats,identity-review,name_origin=official-demo|original-runtime-string,The demo diagnostics name the function and its size assertion names pMonsterInfo
function-evidence:wiz8:005145a0:formats,wiz8,005145a0,formats,identity-review,name_origin=official-demo|original-runtime-string,The demo diagnostics identify failed SaveMonster and SaveMonsterGroup calls in this canonical section writer
function-evidence:wiz8:00514be0:formats,wiz8,00514be0,formats,identity-review,name_origin=official-demo|original-runtime-string,The demo diagnostic names the function and the canonical body writes one serialized item
function-evidence:wiz8:00514c80:formats,wiz8,00514c80,formats,identity-review,name_origin=official-demo|original-runtime-string,The demo diagnostics name the function and the canonical body allocates and appends one serialized item
function-evidence:wiz8:00514be0:reccmp,wiz8,00514be0,reccmp,structural-compile,signatures:wiz8:00514be0,VC6 SP5 O2 G6 MD reproduces all 56 instructions in 148 bytes; the sole residual is the recurring ESI and EDI register-role swap in the entry pair
function-evidence:wiz8:00514c80:reccmp,wiz8,00514c80,reccmp,exact-compile,signatures:wiz8:00514c80,VC6 SP5 O2 G6 MD is byte-exact after masking four call relocations and two global operands
function-evidence:wiz8:00515090:formats,wiz8,00515090,formats,identity-review,name_origin=official-demo|original-runtime-string,The demo diagnostics name the function and identify separate Characters and NPCs paths
function-evidence:wiz8:005152b0:formats,wiz8,005152b0,formats,identity-review,name_origin=official-demo|original-runtime-string,The demo diagnostics name the function and identify separate Characters and NPCs paths
function-evidence:wiz8:00517970:formats,wiz8,00517970,formats,identity-review,name_origin=descriptive,Returns the signed base plus count independent rolls in the range one through sides
function-evidence:wiz8:005179b0:formats,wiz8,005179b0,formats,identity-review,name_origin=descriptive,Multiplies the integer base by itself exponent times and is used to derive the monster disposition cache duration
function-evidence:wiz8:005179d0:formats,wiz8,005179d0,formats,identity-review,name_origin=descriptive,Clamps an integer through a pointer to the inclusive minimum and maximum arguments
function-evidence:wiz8:00517ea0:formats,wiz8,00517ea0,formats,identity-review,name_origin=descriptive,Finds the first wide '#' in a monster name field and terminates the string there
function-evidence:wiz8:00517ec0:cfagent-oracle,wiz8,00517ec0,cfagent-oracle,identity-review,name_origin=fan-patch-signature,CFAgent pW8FUNC_PCPtrToPCSlot English seed address verified by embedded expected bytes
function-evidence:wiz8:00518150:cfagent-oracle,wiz8,00518150,cfagent-oracle,identity-review,name_origin=fan-patch-signature,CFAgent pW8FUNC_GetRandomCharacter English seed address verified by embedded expected bytes
function-evidence:wiz8:0051b5c0:formats,wiz8,0051b5c0,formats,identity-review,name_origin=descriptive,Selects identified or generic item text and optionally appends the stack count
function-evidence:wiz8:0051b9e0:cfagent-oracle,wiz8,0051b9e0,cfagent-oracle,identity-review,name_origin=fan-patch-signature,CFAgent pW8FUNC_GetItemInHand English seed address verified by embedded expected bytes
function-evidence:wiz8:0051c020:cfagent-oracle,wiz8,0051c020,cfagent-oracle,identity-review,name_origin=fan-patch-signature,CFAgent pW8FUNC_ReplaceOrCreateItem English seed address verified by embedded expected bytes
function-evidence:wiz8:0051c300:cfagent-oracle,wiz8,0051c300,cfagent-oracle,identity-review,name_origin=fan-patch-signature,CFAgent pW8FUNC_AddItemToCharacter English seed address verified by embedded expected bytes
function-evidence:wiz8:0051e760:cfagent-oracle,wiz8,0051e760,cfagent-oracle,identity-review,name_origin=fan-patch-signature,CFAgent pW8FUNC_RemoveCharItem English seed address verified by embedded expected bytes
function-evidence:wiz8:0051f2f0:cfagent-oracle,wiz8,0051f2f0,cfagent-oracle,identity-review,name_origin=fan-patch-signature,CFAgent pW8FUNC_MergeItems English seed address verified by embedded expected bytes
function-evidence:wiz8:00521ef0:cfagent-oracle,wiz8,00521ef0,cfagent-oracle,identity-review,name_origin=fan-patch-signature,CFAgent pW8FUNC_AddItemToParty English seed address verified by embedded expected bytes
function-evidence:wiz8:005222d0:cfagent-oracle,wiz8,005222d0,cfagent-oracle,identity-review,name_origin=fan-patch-signature,CFAgent pW8FUNC_GetOriginOfCharItem English seed address verified by embedded expected bytes
function-evidence:wiz8:00522640:cfagent-oracle,wiz8,00522640,cfagent-oracle,identity-review,name_origin=fan-patch-signature,CFAgent pW8FUNC_UpdateFactsAfterAcquiringItem English seed address verified by embedded expected bytes
function-evidence:wiz8:00522fe0:cfagent-oracle,wiz8,00522fe0,cfagent-oracle,identity-review,name_origin=fan-patch-signature,CFAgent pW8FUNC_SetCharCondition English seed address verified by embedded expected bytes
function-evidence:wiz8:00523330:cfagent-oracle,wiz8,00523330,cfagent-oracle,identity-review,name_origin=fan-patch-signature,CFAgent pW8FUNC_RemoveCharCondition English seed address verified by embedded expected bytes
function-evidence:wiz8:00528a80:cfagent-oracle,wiz8,00528a80,cfagent-oracle,identity-review,name_origin=fan-patch-signature,CFAgent pW8FUNC_AddLinesToMessageBox English seed address verified by embedded expected bytes
function-evidence:wiz8:005299b0:cfagent-oracle,wiz8,005299b0,cfagent-oracle,identity-review,name_origin=fan-patch-signature,CFAgent pW8FUNC_ShowString1 English seed address verified by embedded expected bytes
function-evidence:wiz8:0052a2f0:formats,wiz8,0052a2f0,formats,identity-review,name_origin=descriptive,Combines all fifteen profession levels with the corresponding hit-point factors then reconciles current and maximum hit points
function-evidence:wiz8:0052ff80:cfagent-oracle,wiz8,0052ff80,cfagent-oracle,identity-review,name_origin=fan-patch-signature,CFAgent pW8FUNC_GetStringFromStringDB English seed address verified by embedded expected bytes
function-evidence:wiz8:00535ad0:formats,wiz8,00535ad0,formats,identity-review,name_origin=descriptive,Asserts a faction ID from zero through twenty and maps its rating below 34 to hostile through 66 to neutral and above 66 to friendly
function-evidence:wiz8:0054a400:formats,wiz8,0054a400,formats,identity-review,name_origin=descriptive,Reads the Items.dbs count then allocates and loads contiguous 0x10d-byte records
function-evidence:wiz8:0054a510:formats,wiz8,0054a510,formats,identity-review,name_origin=descriptive,Loads 15 fixed category labels and 114 contiguous 0x1f1-byte item-generation tables
function-evidence:wiz8:0054a8a0:formats,wiz8,0054a8a0,formats,identity-review,name_origin=descriptive,Seeks to index times 0x297 plus the count header and reads one monster record
function-evidence:wiz8:0054aac0:formats,wiz8,0054aac0,formats,identity-review,name_origin=descriptive,Loads 146 fixed 0x309-byte NPC records and each version-two variable fact-rule tail
function-evidence:wiz8:0054ac90:formats,wiz8,0054ac90,formats,identity-review,name_origin=descriptive,Destroys each NPC record's runtime rule container then frees the fixed record array
function-evidence:wiz8:0054ad00:formats,wiz8,0054ad00,formats,identity-review,name_origin=descriptive,Reads the Fact.dbs count then allocates and loads contiguous 0x1d8-byte definition records
function-evidence:wiz8:0054ae00:formats,wiz8,0054ae00,formats,identity-review,name_origin=descriptive,Frees the fact definition array and clears its global pointer
function-evidence:wiz8:0054ae20:formats,wiz8,0054ae20,formats,identity-review,name_origin=descriptive,Reads the Levels.dbs count then allocates and loads contiguous 0xd8-byte records
function-evidence:wiz8:00551a60:formats,wiz8,00551a60,formats,identity-review,name_origin=descriptive,Builds six realm resistances then applies the selected race's six resistance adjustment records and character bonuses
function-evidence:wiz8:00553d90:formats,wiz8,00553d90,formats,identity-review,name_origin=descriptive,Checks the 41 by 15 profession skill matrix then bonus professional caster and expert-skill exceptions
function-evidence:wiz8:00553f10:formats,wiz8,00553f10,formats,identity-review,name_origin=descriptive,Consumes usage points to advance an available skill and dispatches the character skill-increase notification
function-evidence:wiz8:00557350:formats,wiz8,00557350,formats,identity-review,name_origin=descriptive,Compares seven current attributes and creation-budget adjustments against all fifteen profession minimum records
function-evidence:wiz8:00557430:formats,wiz8,00557430,formats,identity-review,name_origin=descriptive,Adds six profession item IDs or the dedicated Faerie replacement row and then applies profession-specific extras
function-evidence:wiz8:005d5e30:classes,wiz8,005d5e30,classes,identity-review,name_origin=original-source-path,Constructs three embedded members writes vtable 0x005ef910 and loads popup_monsterinfo.sti
function-evidence:wiz8:005d5ee0:classes,wiz8,005d5ee0,classes,identity-review,name_origin=original-source-path,Vtable slot zero calls 0x005d5f00 then conditionally invokes operator delete
function-evidence:wiz8:005d5f00:classes,wiz8,005d5f00,classes,identity-review,name_origin=original-source-path,Restores vtable 0x005ef910 and destroys members at offsets 0x58 0xa4 and 0xec
function-evidence:wiz8:005df0d0:formats,wiz8,005df0d0,formats,identity-review,name_origin=descriptive,ProfRaceInfoDialog constructor asserts PROF_COUNT and copies one profession's seven attribute minimums
function-evidence:wiz8:005df250:formats,wiz8,005df250,formats,identity-review,name_origin=descriptive,Displays three profession abilities plus the bonus and four professional skills from the canonical tables
function-evidence:wiz8:005df570:formats,wiz8,005df570,formats,identity-review,name_origin=descriptive,ProfRaceInfoDialog constructor asserts RACE_COUNT and copies seven attribute minimums for the eleven playable races
function-evidence:wiz8:005df6f0:formats,wiz8,005df6f0,formats,identity-review,name_origin=descriptive,Displays five race ability IDs from the sixteen-record race ability table
function-evidence:wiz8:005e1c10:vc6-runtime,wiz8,005e1c10,vc6-runtime,identity-review,name_origin=descriptive,Local C++ deallocation wrapper calls the six-byte free import thunk at 0x005E1C1D; compiler-generated destructors call this entry
function-evidence:wiz8:005e1c30:vc6-runtime,wiz8,005e1c30,vc6-runtime,identity-review,name_origin=original-export,All five pinned VC6 CRT snapshots produce the same symbol and matching body
function-evidence:wiz8:005e1ca0:vc6-runtime,wiz8,005e1ca0,vc6-runtime,identity-review,name_origin=original-export,All five pinned VC6 CRT snapshots produce the same symbol and matching body
function-evidence:wiz8:005e1ce0:vc6-runtime,wiz8,005e1ce0,vc6-runtime,identity-review,name_origin=original-export,Six-byte linker thunk through IAT slot 0x005EB1BC to the imported MSVCRT operator new export
function-evidence:wiz8:005e1cf0:vc6-runtime,wiz8,005e1cf0,vc6-runtime,identity-review,name_origin=original-export,All five pinned VC6 CRT snapshots produce the same symbol and matching body
function-evidence:wiz8:005e1da0:vc6-runtime,wiz8,005e1da0,vc6-runtime,identity-review,name_origin=original-export,All five pinned VC6 CRT snapshots produce the same symbol and matching body
function-evidence:wiz8:005e1dd0:vc6-runtime,wiz8,005e1dd0,vc6-runtime,identity-review,name_origin=original-export,All five pinned VC6 CRT snapshots produce the same symbol and matching body
function-evidence:wiz8:005e1def:vc6-runtime,wiz8,005e1def,vc6-runtime,identity-review,name_origin=original-export,Full FID match to the VC6 vector-constructor iterator in every pinned CRT snapshot
function-evidence:wiz8:005e1e71:vc6-runtime,wiz8,005e1e71,vc6-runtime,identity-review,name_origin=original-export,Full FID match to the VC6 vector-destructor iterator in every pinned CRT snapshot
function-evidence:wiz8:005e1ef1:vc6-runtime,wiz8,005e1ef1,vc6-runtime,identity-review,name_origin=original-export,Full FID match to the VC6 array-unwind helper in every pinned CRT snapshot
function-evidence:wiz8:005e22c0:reccmp,wiz8,005e22c0,reccmp,exact-compile,match:3cedc74fe1f67397,VC6 SP5 O2 G6 MD body exact; 3D Code\PList.cpp
function-evidence:wiz8:005e2370:reccmp,wiz8,005e2370,reccmp,exact-compile,match:21fc63a73a4c0b5b,VC6 SP5 O2 G6 MD body exact; 3D Code\PList.cpp
function-evidence:wiz8:005e23e0:reccmp,wiz8,005e23e0,reccmp,exact-compile,match:b3d1ccfe96365e2b,VC6 SP5 O2 G6 MD body exact; 3D Code\PList.cpp
function-evidence:wiz8:005e2440:reccmp,wiz8,005e2440,reccmp,exact-compile,match:5796b81a158c8b2b,VC6 SP5 O2 G6 MD body exact; 3D Code\PList.cpp
function-evidence:wiz8:005e2480:reccmp,wiz8,005e2480,reccmp,exact-compile,match:3c0174d5a21c0119,VC6 SP5 O2 G6 MD body exact; 3D Code\PList.cpp
function-evidence:wiz8:005e2530:reccmp,wiz8,005e2530,reccmp,exact-compile,match:caf4524e7846d14c,VC6 SP5 O2 G6 MD body exact; 3D Code\PList.cpp
function-evidence:wiz8:005e26b0:reccmp,wiz8,005e26b0,reccmp,exact-compile,match:1bfb747d8f021475,VC6 SP5 O2 G6 MD body exact; 3D Code\PList.cpp
function-evidence:wiz8:005e26e0:reccmp,wiz8,005e26e0,reccmp,exact-compile,match:ec94ce63ca41a69c,VC6 SP5 O2 G6 MD body exact; 3D Code\PList.cpp
function-evidence:wiz8:005e27c0:reccmp,wiz8,005e27c0,reccmp,exact-compile,match:9f81f0483e4c41c9,VC6 SP5 O2 G6 MD body exact; 3D Code\PList.cpp
function-evidence:wiz8:005e2870:reccmp,wiz8,005e2870,reccmp,exact-compile,match:edf5f04b20eb291f,VC6 SP5 O2 G6 MD body exact; 3D Code\PList.cpp
function-evidence:wiz8:005e2890:reccmp,wiz8,005e2890,reccmp,exact-compile,match:e0393a26c8db1c3f,VC6 SP5 O2 G6 MD body exact; 3D Code\PList.cpp assertions name ppl and pEntry
function-evidence:wiz8:005e2900:reccmp,wiz8,005e2900,reccmp,exact-compile,match:885eee927933a282,VC6 SP5 O2 G6 MD body exact; 3D Code\IList.cpp
function-evidence:wiz8:005e29a0:reccmp,wiz8,005e29a0,reccmp,exact-compile,match:a0691c614c01ccb9,VC6 SP5 O2 G6 MD body exact; 3D Code\IList.cpp
function-evidence:wiz8:005e2a00:reccmp,wiz8,005e2a00,reccmp,exact-compile,match:c979c29b2be33507,VC6 SP5 O2 G6 MD body exact; 3D Code\IList.cpp
function-evidence:wiz8:005e2a60:reccmp,wiz8,005e2a60,reccmp,exact-compile,match:4bfc0d875337a1a2,VC6 SP5 O2 G6 MD body exact; 3D Code\IList.cpp
function-evidence:wiz8:005e2aa0:reccmp,wiz8,005e2aa0,reccmp,exact-compile,match:8111e37b5c43ebc1,VC6 SP5 O2 G6 MD body exact; 3D Code\IList.cpp
function-evidence:wiz8:005e2b50:reccmp,wiz8,005e2b50,reccmp,exact-compile,match:1c0b510c4d35ce70,VC6 SP5 O2 G6 MD body exact; 3D Code\IList.cpp
function-evidence:wiz8:005e2b80:reccmp,wiz8,005e2b80,reccmp,exact-compile,match:98c6ea29d870c391,VC6 SP5 O2 G6 MD body exact; 3D Code\IList.cpp
function-evidence:wiz8:005e2c70:reccmp,wiz8,005e2c70,reccmp,exact-compile,match:b032c1545d695fa6,VC6 SP5 O2 G6 MD body exact; 3D Code\PList.cpp
function-evidence:wiz8:005e2c80:reccmp,wiz8,005e2c80,reccmp,exact-compile,match:167aad620d16007a,VC6 SP5 O2 G6 MD body exact; 3D Code\IList.cpp
function-evidence:wiz8:005e2cc0:reccmp,wiz8,005e2cc0,reccmp,exact-compile,match:3086c58e71669ce9,VC6 SP5 O2 G6 MD body exact; 3D Code\IList.cpp
function-evidence:wiz8:005d14d0:reccmp,wiz8,005d14d0,reccmp,exact-compile,match:dd010130f85a05fc,VC6 SP5 O2 G6 MD body exact; address-qualified dialog member constructor
function-evidence:wiz8:005d1590:reccmp,wiz8,005d1590,reccmp,exact-compile,match:aa1b4b27fda80d5d,VC6 SP5 O2 G6 MD body exact; address-qualified dialog member destructor
function-evidence:wiz8:005d2540:reccmp,wiz8,005d2540,reccmp,exact-compile,match:bef50ca4ac32aaae,VC6 SP5 O2 G6 MD body exact; suffix-sharing pointer-vector complete destructor
function-evidence:wiz8:005d2560:reccmp,wiz8,005d2560,reccmp,exact-compile,match:8367146956d1e36b,VC6 SP5 O2 G6 MD body exact; pointer-vector base scalar deleting destructor
function-evidence:wiz8:005d2590:reccmp,wiz8,005d2590,reccmp,exact-compile,match:b40481af87cc4bcd,VC6 SP5 O2 G6 MD body exact; pointer-vector derived scalar deleting destructor
function-evidence:wiz8:005db1b0:reccmp,wiz8,005db1b0,reccmp,exact-compile,match:da6df97276b2fdb8,VC6 SP5 O2 G6 MD body exact; address-qualified dialog member constructor
function-evidence:wiz8:005db260:reccmp,wiz8,005db260,reccmp,exact-compile,match:cfa31081cac4b91f,VC6 SP5 O2 G6 MD body exact; address-qualified dialog member destructor
function-evidence:wiz8:004534c0:canonical-behavior,wiz8,004534c0,canonical-behavior,identity-review,name_origin=descriptive,The 33-byte thiscall copies three consecutive floats from this +0x100 to the hidden return object and 138 callers consume that vector as an entity world position
function-evidence:wiz8:005100b0:original-runtime-string,wiz8,005100b0,original-runtime-string,identity-review,name_origin=descriptive,The retained GroupIndex ID diagnostic plus the complete two-list search establishes a group-ID to list-index lookup with caller provenance arguments
function-evidence:wiz8:005101b0:original-runtime-string,wiz8,005101b0,original-runtime-string,identity-review,name_origin=descriptive,The retained GroupInfo diagnostic and pMonsterGroup assertion establish that the normal and 10000-based input ranges are group list indices returning W8MonsterGroup pointers
function-evidence:wiz8:00510350:canonical-behavior,wiz8,00510350,canonical-behavior,identity-review,name_origin=descriptive,The complete body resolves every group member ID counts entries whose highest condition is below 13 and control state is not one then updates group +0x14 when that count changes
function-evidence:wiz8:00555f30:canonical-behavior,wiz8,00555f30,canonical-behavior,identity-review,name_origin=descriptive,The body converts its vector argument to a normalized relative heading and maps 360 degrees into four quadrants; GetMonsterQuadrant is its sole caller
function-evidence:wiz8:004c5780:canonical-behavior,wiz8,004c5780,canonical-behavior,identity-review,name_origin=descriptive,The body returns the float at live representation +0x5f0 and CalculateMonsterScale consumes it as the current scale
function-evidence:wiz8:004c57a0:canonical-behavior,wiz8,004c57a0,canonical-behavior,identity-review,name_origin=descriptive,The body stores its float argument at live representation +0x5f0 and both MonsterManager initialization paths use it as display scale
function-evidence:wiz8:004c57c0:canonical-behavior,wiz8,004c57c0,canonical-behavior,identity-review,name_origin=descriptive,The body copies live representation floats +0x5f4 and +0x5f8 to two output pointers used as scale interpolation bounds
function-evidence:wiz8:004e5f00:canonical-behavior,wiz8,004e5f00,canonical-behavior,identity-review,name_origin=descriptive,The complete two-list traversal removes only entries without group ownership and preserves world notification and destruction ordering
function-evidence:wiz8:004e5f00:reccmp,wiz8,004e5f00,reccmp,structural-compile,comparison:004e5f00,Complete behavior and control flow; compiled body is 274 bytes versus 277 because VC6 schedules shared stack cleanup and two flag-test registers differently
function-evidence:wiz8:004e61e0:canonical-behavior,wiz8,004e61e0,canonical-behavior,identity-review,name_origin=descriptive,The complete body scans both monster lists and returns the nearest live entry satisfying an optional maximum distance
function-evidence:wiz8:004e61e0:reccmp,wiz8,004e61e0,reccmp,structural-compile,comparison:004e61e0,The compiled body has the canonical 388 bytes and 138 instructions with seven register or equivalent LEA-versus-ADD differences
function-evidence:wiz8:004e6370:canonical-behavior,wiz8,004e6370,canonical-behavior,identity-review,name_origin=descriptive,The complete body initializes runtime dice values across both monster lists and applies calculated scale to each live Monster
function-evidence:wiz8:004e6370:reccmp,wiz8,004e6370,reccmp,exact-compile,match:dd98d985aa846a33,VC6 SP5 O2 G6 MD body is byte-exact in Local Code\MonsterManager.cpp
function-evidence:wiz8:004e65d0:canonical-behavior,wiz8,004e65d0,canonical-behavior,identity-review,name_origin=descriptive,The body interpolates scale from HP and applies a bounded plus-or-minus twenty-percent random variation
function-evidence:wiz8:004e65d0:reccmp,wiz8,004e65d0,reccmp,exact-compile,match:15b42f04df5b2dec,VC6 SP5 O2 G6 MD body is byte-exact in Local Code\MonsterManager.cpp
function-evidence:wiz8:004e67a0:canonical-behavior,wiz8,004e67a0,canonical-behavior,identity-review,name_origin=descriptive,The complete eligibility and group-scaled chance gates select cycle two behavior one
function-evidence:wiz8:004e67a0:reccmp,wiz8,004e67a0,reccmp,exact-compile,match:68f10667d96192a3,VC6 SP5 O2 G6 MD body is byte-exact in Local Code\MonsterManager.cpp
function-evidence:wiz8:00401920:sgp-source,wiz8,00401920,sgp-source,identity-review,name_origin=sgp-source,"sgp.c line 828 ShutdownWithErrorBox: strncpy into gzErrorMsg then gfIgnoreMessages=TRUE then exit(0); the binary widens the copy to 2047 characters, which is recorded as source drift rather than smoothed away"
function-evidence:wiz8:00428ab0:original-runtime-string,wiz8,00428ab0,original-runtime-string,behavior-review,name_origin=descriptive,"The retained strings at 0x006042f4 and 0x00604298 spell the developer notice and the assert-report format the handler emits; srAssertSetFunc has exactly one reference site, 0x004224e2, inside InitializeVideoDevice"
function-evidence:wiz8:0058aad0:canonical-callers,wiz8,0058aad0,canonical-callers,behavior-review,name_origin=descriptive,The byte-exact GetFact and SetFact bodies call 0x0058aad0 as the variadic wide log channel their recovered source declares as WriteGameLog
function-evidence:wiz8:00422240:canonical-callers,wiz8,00422240,canonical-callers,behavior-review,name_origin=descriptive,Called once from the ported renderer-window bring-up as its device gate; loads the SurRender device and installs the assert handler
function-evidence:wiz8:005a80a0:canonical-behavior,wiz8,005a80a0,canonical-behavior,identity-review,name_origin=descriptive,"Base-first construction order with the own vtable installed last, and two call sites that allocate exactly 0xa0 bytes immediately before calling it"
function-evidence:wiz8:005a8190:canonical-behavior,wiz8,005a8190,canonical-behavior,identity-review,name_origin=descriptive,Restores the class vtable then calls the base destructor - the MSVC complete-destructor shape
function-evidence:wiz8:005a8170:canonical-behavior,wiz8,005a8170,canonical-behavior,identity-review,name_origin=descriptive,Occupies vtable slot 0 and wraps the complete destructor with a conditional operator delete
function-evidence:wiz8:005a81a0:reccmp,wiz8,005a81a0,reccmp,identity-review,name_origin=descriptive,"61 of 61 bytes relocation-masked exact on the first build, which is the layout proof for the class"
function-evidence:wiz8:005a8190:reccmp,wiz8,005a8190,reccmp,identity-review,name_origin=descriptive,"11 of 11 bytes relocation-masked exact; an empty derived destructor emits exactly the vtable restore and the tail jump to the base destructor, which is what confirms the base relationship"
function-evidence:wiz8:005a8170:reccmp,wiz8,005a8170,reccmp,identity-review,name_origin=descriptive,"30 of 30 bytes relocation-masked exact; emitted by the compiler from the virtual destructor rather than written, so the match also confirms the class is polymorphic with its destructor in slot 0"
function-evidence:wiz8:005a80a0:reccmp,wiz8,005a80a0,reccmp,identity-review,name_origin=descriptive,"205 of 205 bytes relocation-masked exact; the match required the two own fields to be member initializers rather than body assignments, which is what places the implicit vptr store after them, so the original constructor used an initializer list"
function-evidence:wiz8:005d25b0:canonical-behavior,wiz8,005d25b0,canonical-behavior,identity-review,name_origin=descriptive,"Base-first construction with the class vtable installed among the field stores, and its two known construction sites both reach it through derived constructors"
function-evidence:wiz8:005d2610:reccmp,wiz8,005d2610,reccmp,identity-review,name_origin=descriptive,"79 of 79 bytes relocation-masked exact, which fixes the vptr offset and the 0x98 base extent"
function-evidence:wiz8:005d25f0:reccmp,wiz8,005d25f0,reccmp,identity-review,name_origin=descriptive,"30 of 30 bytes relocation-masked exact, generated by the compiler from the virtual destructor"
function-evidence:wiz8:005dfc70:reccmp,wiz8,005dfc70,reccmp,identity-review,name_origin=original-source-path,"143 of 143 bytes relocation-masked exact on the first build, which places the three tail fields at 0x140, 0x144 and 0x148"
function-evidence:wiz8:005e0180:reccmp,wiz8,005e0180,reccmp,identity-review,name_origin=original-source-path,"143 of 143 bytes relocation-masked exact on the first build, which places the three tail fields at 0x140, 0x144 and 0x148"
function-evidence:wiz8:0043a910:reccmp,wiz8,0043a910,reccmp,identity-review,name_origin=descriptive,"71 of 71 bytes relocation-masked exact on the first build, which places all eight own fields and fixes the base extent at 0x14"
function-evidence:wiz8:004f3d90:reccmp,wiz8,004f3d90,reccmp,identity-review,name_origin=descriptive,"52 of 52 bytes relocation-masked exact, which places flag_5 and region_18 and confirms VC6 folded the complete destructor into slot 0"
function-evidence:wiz8:004f5450:reccmp,wiz8,004f5450,reccmp,identity-review,name_origin=descriptive,"85 of 85 bytes relocation-masked exact; the match also proves the base destructor is implicit, since a declared one adds an unwind frame the canonical lacks"
function-evidence:wiz8:004218d0:reccmp,wiz8,004218d0,reccmp,identity-review,name_origin=descriptive,"11 of 11 bytes relocation-masked exact, which fixes the vptr offset and the base relationship"
function-evidence:wiz8:004218b0:reccmp,wiz8,004218b0,reccmp,identity-review,name_origin=descriptive,"30 of 30 bytes relocation-masked exact, generated by the compiler rather than written"
function-evidence:wiz8:005d1020:reccmp,wiz8,005d1020,reccmp,identity-review,name_origin=descriptive,"11 of 11 bytes relocation-masked exact, which fixes the vptr offset and the base relationship"
function-evidence:wiz8:005d1030:reccmp,wiz8,005d1030,reccmp,identity-review,name_origin=descriptive,"30 of 30 bytes relocation-masked exact, generated by the compiler rather than written"
function-evidence:wiz8:0044bec0:reccmp,wiz8,0044bec0,reccmp,identity-review,name_origin=descriptive,141 of 141 bytes relocation-masked exact; the match distinguishes three different destructor kinds among the owned members
function-evidence:wiz8:004b6bd0:reccmp,wiz8,004b6bd0,reccmp,identity-review,name_origin=descriptive,319 of 319 bytes relocation-masked exact
function-evidence:wiz8:004b6d90:reccmp,wiz8,004b6d90,reccmp,identity-review,name_origin=descriptive,44 of 44 bytes relocation-masked exact
function-evidence:wiz8:004b6dc0:reccmp,wiz8,004b6dc0,reccmp,identity-review,name_origin=descriptive,30 of 30 bytes relocation-masked exact
function-evidence:wiz8:004b6de0:reccmp,wiz8,004b6de0,reccmp,identity-review,name_origin=descriptive,17 of 17 bytes relocation-masked exact
function-evidence:wiz8:0042a260:reccmp,wiz8,0042a260,reccmp,identity-review,name_origin=descriptive,84 of 84 bytes relocation-masked exact
function-evidence:wiz8:0042a2c0:reccmp,wiz8,0042a2c0,reccmp,identity-review,name_origin=descriptive,17 of 17 bytes relocation-masked exact
function-evidence:wiz8:0042a2e0:reccmp,wiz8,0042a2e0,reccmp,identity-review,name_origin=descriptive,44 of 44 bytes relocation-masked exact
function-evidence:wiz8:0042a310:reccmp,wiz8,0042a310,reccmp,identity-review,name_origin=descriptive,30 of 30 bytes relocation-masked exact
function-evidence:wiz8:00446090:reccmp,wiz8,00446090,reccmp,identity-review,name_origin=descriptive,84 of 84 bytes relocation-masked exact
function-evidence:wiz8:004460f0:reccmp,wiz8,004460f0,reccmp,identity-review,name_origin=descriptive,17 of 17 bytes relocation-masked exact
function-evidence:wiz8:00446200:reccmp,wiz8,00446200,reccmp,identity-review,name_origin=descriptive,44 of 44 bytes relocation-masked exact
function-evidence:wiz8:00446230:reccmp,wiz8,00446230,reccmp,identity-review,name_origin=descriptive,30 of 30 bytes relocation-masked exact
function-evidence:wiz8:00451a40:reccmp,wiz8,00451a40,reccmp,identity-review,name_origin=descriptive,84 of 84 bytes relocation-masked exact
function-evidence:wiz8:00451aa0:reccmp,wiz8,00451aa0,reccmp,identity-review,name_origin=descriptive,17 of 17 bytes relocation-masked exact
function-evidence:wiz8:00451b40:reccmp,wiz8,00451b40,reccmp,identity-review,name_origin=descriptive,44 of 44 bytes relocation-masked exact
function-evidence:wiz8:00451b70:reccmp,wiz8,00451b70,reccmp,identity-review,name_origin=descriptive,30 of 30 bytes relocation-masked exact
function-evidence:wiz8:00456140:reccmp,wiz8,00456140,reccmp,identity-review,name_origin=descriptive,84 of 84 bytes relocation-masked exact
function-evidence:wiz8:004561a0:reccmp,wiz8,004561a0,reccmp,identity-review,name_origin=descriptive,17 of 17 bytes relocation-masked exact
function-evidence:wiz8:004561c0:reccmp,wiz8,004561c0,reccmp,identity-review,name_origin=descriptive,44 of 44 bytes relocation-masked exact
function-evidence:wiz8:004561f0:reccmp,wiz8,004561f0,reccmp,identity-review,name_origin=descriptive,30 of 30 bytes relocation-masked exact
function-evidence:wiz8:00474be0:reccmp,wiz8,00474be0,reccmp,identity-review,name_origin=descriptive,84 of 84 bytes relocation-masked exact
function-evidence:wiz8:00474c40:reccmp,wiz8,00474c40,reccmp,identity-review,name_origin=descriptive,17 of 17 bytes relocation-masked exact
function-evidence:wiz8:00474de0:reccmp,wiz8,00474de0,reccmp,identity-review,name_origin=descriptive,44 of 44 bytes relocation-masked exact
function-evidence:wiz8:00474e10:reccmp,wiz8,00474e10,reccmp,identity-review,name_origin=descriptive,30 of 30 bytes relocation-masked exact
function-evidence:wiz8:0048cda0:reccmp,wiz8,0048cda0,reccmp,identity-review,name_origin=descriptive,84 of 84 bytes relocation-masked exact
function-evidence:wiz8:0048ce00:reccmp,wiz8,0048ce00,reccmp,identity-review,name_origin=descriptive,17 of 17 bytes relocation-masked exact
function-evidence:wiz8:0048ced0:reccmp,wiz8,0048ced0,reccmp,identity-review,name_origin=descriptive,44 of 44 bytes relocation-masked exact
function-evidence:wiz8:0048cf00:reccmp,wiz8,0048cf00,reccmp,identity-review,name_origin=descriptive,30 of 30 bytes relocation-masked exact
function-evidence:wiz8:0048ce20:reccmp,wiz8,0048ce20,reccmp,identity-review,name_origin=descriptive,84 of 84 bytes relocation-masked exact
function-evidence:wiz8:0048ce80:reccmp,wiz8,0048ce80,reccmp,identity-review,name_origin=descriptive,17 of 17 bytes relocation-masked exact
function-evidence:wiz8:0048cf20:reccmp,wiz8,0048cf20,reccmp,identity-review,name_origin=descriptive,44 of 44 bytes relocation-masked exact
function-evidence:wiz8:0048cf50:reccmp,wiz8,0048cf50,reccmp,identity-review,name_origin=descriptive,30 of 30 bytes relocation-masked exact
function-evidence:wiz8:0048f190:reccmp,wiz8,0048f190,reccmp,identity-review,name_origin=descriptive,84 of 84 bytes relocation-masked exact
function-evidence:wiz8:0048f1f0:reccmp,wiz8,0048f1f0,reccmp,identity-review,name_origin=descriptive,17 of 17 bytes relocation-masked exact
function-evidence:wiz8:0048f210:reccmp,wiz8,0048f210,reccmp,identity-review,name_origin=descriptive,44 of 44 bytes relocation-masked exact
function-evidence:wiz8:0048f240:reccmp,wiz8,0048f240,reccmp,identity-review,name_origin=descriptive,30 of 30 bytes relocation-masked exact
function-evidence:wiz8:004a5c30:reccmp,wiz8,004a5c30,reccmp,identity-review,name_origin=descriptive,84 of 84 bytes relocation-masked exact
function-evidence:wiz8:004a5c90:reccmp,wiz8,004a5c90,reccmp,identity-review,name_origin=descriptive,17 of 17 bytes relocation-masked exact
function-evidence:wiz8:004a5cf0:reccmp,wiz8,004a5cf0,reccmp,identity-review,name_origin=descriptive,44 of 44 bytes relocation-masked exact
function-evidence:wiz8:004a5d20:reccmp,wiz8,004a5d20,reccmp,identity-review,name_origin=descriptive,30 of 30 bytes relocation-masked exact
function-evidence:wiz8:004a8e70:reccmp,wiz8,004a8e70,reccmp,identity-review,name_origin=descriptive,84 of 84 bytes relocation-masked exact
function-evidence:wiz8:004a8ed0:reccmp,wiz8,004a8ed0,reccmp,identity-review,name_origin=descriptive,17 of 17 bytes relocation-masked exact
function-evidence:wiz8:004a8ef0:reccmp,wiz8,004a8ef0,reccmp,identity-review,name_origin=descriptive,44 of 44 bytes relocation-masked exact
function-evidence:wiz8:004a8f20:reccmp,wiz8,004a8f20,reccmp,identity-review,name_origin=descriptive,30 of 30 bytes relocation-masked exact
function-evidence:wiz8:004af690:reccmp,wiz8,004af690,reccmp,identity-review,name_origin=descriptive,84 of 84 bytes relocation-masked exact
function-evidence:wiz8:004af6f0:reccmp,wiz8,004af6f0,reccmp,identity-review,name_origin=descriptive,17 of 17 bytes relocation-masked exact
function-evidence:wiz8:004af710:reccmp,wiz8,004af710,reccmp,identity-review,name_origin=descriptive,44 of 44 bytes relocation-masked exact
function-evidence:wiz8:004af740:reccmp,wiz8,004af740,reccmp,identity-review,name_origin=descriptive,30 of 30 bytes relocation-masked exact
function-evidence:wiz8:004cad00:reccmp,wiz8,004cad00,reccmp,identity-review,name_origin=descriptive,84 of 84 bytes relocation-masked exact
function-evidence:wiz8:004cad60:reccmp,wiz8,004cad60,reccmp,identity-review,name_origin=descriptive,17 of 17 bytes relocation-masked exact
function-evidence:wiz8:004cade0:reccmp,wiz8,004cade0,reccmp,identity-review,name_origin=descriptive,44 of 44 bytes relocation-masked exact
function-evidence:wiz8:004cae10:reccmp,wiz8,004cae10,reccmp,identity-review,name_origin=descriptive,30 of 30 bytes relocation-masked exact
function-evidence:wiz8:00501eb0:reccmp,wiz8,00501eb0,reccmp,identity-review,name_origin=descriptive,84 of 84 bytes relocation-masked exact
function-evidence:wiz8:00501f10:reccmp,wiz8,00501f10,reccmp,identity-review,name_origin=descriptive,17 of 17 bytes relocation-masked exact
function-evidence:wiz8:00501f30:reccmp,wiz8,00501f30,reccmp,identity-review,name_origin=descriptive,44 of 44 bytes relocation-masked exact
function-evidence:wiz8:00501f60:reccmp,wiz8,00501f60,reccmp,identity-review,name_origin=descriptive,30 of 30 bytes relocation-masked exact
function-evidence:wiz8:005acfc0:reccmp,wiz8,005acfc0,reccmp,identity-review,name_origin=descriptive,84 of 84 bytes relocation-masked exact
function-evidence:wiz8:005ad020:reccmp,wiz8,005ad020,reccmp,identity-review,name_origin=descriptive,17 of 17 bytes relocation-masked exact
function-evidence:wiz8:005ad180:reccmp,wiz8,005ad180,reccmp,identity-review,name_origin=descriptive,44 of 44 bytes relocation-masked exact
function-evidence:wiz8:005ad1b0:reccmp,wiz8,005ad1b0,reccmp,identity-review,name_origin=descriptive,30 of 30 bytes relocation-masked exact
function-evidence:wiz8:004cad80:reccmp,wiz8,004cad80,reccmp,identity-review,name_origin=descriptive,84 of 84 bytes relocation-masked exact
function-evidence:wiz8:00438c70:reccmp,wiz8,00438c70,reccmp,identity-review,name_origin=descriptive,17 of 17 bytes relocation-masked exact
function-evidence:wiz8:00438f40:reccmp,wiz8,00438f40,reccmp,identity-review,name_origin=descriptive,44 of 44 bytes relocation-masked exact
function-evidence:wiz8:00438f70:reccmp,wiz8,00438f70,reccmp,identity-review,name_origin=descriptive,30 of 30 bytes relocation-masked exact
function-evidence:wiz8:00585340:reccmp,wiz8,00585340,reccmp,identity-review,name_origin=descriptive,84 of 84 bytes relocation-masked exact
function-evidence:wiz8:004bdfe0:reccmp,wiz8,004bdfe0,reccmp,identity-review,name_origin=descriptive,17 of 17 bytes relocation-masked exact
function-evidence:wiz8:004be000:reccmp,wiz8,004be000,reccmp,identity-review,name_origin=descriptive,44 of 44 bytes relocation-masked exact
function-evidence:wiz8:004be030:reccmp,wiz8,004be030,reccmp,identity-review,name_origin=descriptive,30 of 30 bytes relocation-masked exact
function-evidence:wiz8:00445ff0:reccmp,wiz8,00445ff0,reccmp,identity-review,name_origin=descriptive,84 of 84 bytes relocation-masked exact
function-evidence:wiz8:00446050:reccmp,wiz8,00446050,reccmp,identity-review,name_origin=descriptive,17 of 17 bytes relocation-masked exact
function-evidence:wiz8:00446160:reccmp,wiz8,00446160,reccmp,identity-review,name_origin=descriptive,44 of 44 bytes relocation-masked exact
function-evidence:wiz8:00446190:reccmp,wiz8,00446190,reccmp,identity-review,name_origin=descriptive,30 of 30 bytes relocation-masked exact
function-evidence:wiz8:00489ed0:reccmp,wiz8,00489ed0,reccmp,identity-review,name_origin=descriptive,84 of 84 bytes relocation-masked exact
function-evidence:wiz8:00489f30:reccmp,wiz8,00489f30,reccmp,identity-review,name_origin=descriptive,17 of 17 bytes relocation-masked exact
function-evidence:wiz8:0048a110:reccmp,wiz8,0048a110,reccmp,identity-review,name_origin=descriptive,44 of 44 bytes relocation-masked exact
function-evidence:wiz8:0048a140:reccmp,wiz8,0048a140,reccmp,identity-review,name_origin=descriptive,30 of 30 bytes relocation-masked exact
function-evidence:wiz8:00484870:reccmp,wiz8,00484870,reccmp,identity-review,name_origin=descriptive,84 of 84 bytes relocation-masked exact
function-evidence:wiz8:00451d30:reccmp,wiz8,00451d30,reccmp,identity-review,name_origin=descriptive,17 of 17 bytes relocation-masked exact
function-evidence:wiz8:00451ce0:reccmp,wiz8,00451ce0,reccmp,identity-review,name_origin=descriptive,44 of 44 bytes relocation-masked exact
function-evidence:wiz8:00451d10:reccmp,wiz8,00451d10,reccmp,identity-review,name_origin=descriptive,30 of 30 bytes relocation-masked exact
function-evidence:wiz8:00501e50:reccmp,wiz8,00501e50,reccmp,identity-review,name_origin=descriptive,84 of 84 bytes relocation-masked exact
function-evidence:wiz8:00451b20:reccmp,wiz8,00451b20,reccmp,identity-review,name_origin=descriptive,17 of 17 bytes relocation-masked exact
function-evidence:wiz8:0042bbd0:reccmp,wiz8,0042bbd0,reccmp,identity-review,name_origin=descriptive,44 of 44 bytes relocation-masked exact
function-evidence:wiz8:00451b00:reccmp,wiz8,00451b00,reccmp,identity-review,name_origin=descriptive,30 of 30 bytes relocation-masked exact
