target|address|symbol|name|type|source_files|provenance|recomp_selector|selector_is_symbol
SREXT_JPEGIMPORTER|10014bb0||srJPEGPlugin::`scalar deleting destructor'|synthetic|src/srext_jpegimporter/plugin_classes.h|legacy-marker|srJPEGPlugin::`scalar deleting destructor'|false
SREXT_JPEGIMPORTER|10014bd0||srJPEGPlugin::~srJPEGPlugin|synthetic|src/srext_jpegimporter/plugin_classes.h|legacy-marker|srJPEGPlugin::~srJPEGPlugin|false
SREXT_JPEGIMPORTER|10014db0||srJPEGImporter::`scalar deleting destructor'|synthetic|src/srext_jpegimporter/plugin_classes.h|legacy-marker|srJPEGImporter::`scalar deleting destructor'|false
SREXT_JPEGIMPORTER|100151d0||srClientSupport<srColorSurface,12560>::`scalar deleting destructor'|synthetic|src/srext_jpegimporter/plugin_classes.h|legacy-marker|srClientSupport<srColorSurface,12560>::`scalar deleting destructor'|false
SREXT_JPEGIMPORTER|10015450||srClientSupport<srColorSurface,12560>::getClassID|template|src/srext_jpegimporter/plugin.cpp|legacy-marker|srClientSupport<srColorSurface,12560>::getClassID|false
SREXT_JPEGIMPORTER|10015460||srClientSupport<srColorSurface,12560>::getClassName|template|src/srext_jpegimporter/plugin.cpp|legacy-marker|srClientSupport<srColorSurface,12560>::getClassName|false
SREXT_JPEGIMPORTER|10015470||srClientSupport<srColorSurface,12560>::getClassNode|template|src/srext_jpegimporter/plugin.cpp|legacy-marker|srClientSupport<srColorSurface,12560>::getClassNode|false
SREXT_JPEGIMPORTER|100154e0||srClientSupport<srColorSurface,12560>::vClone|template|src/srext_jpegimporter/plugin.cpp|legacy-marker|srClientSupport<srColorSurface,12560>::vClone|false
SREXT_JPEGIMPORTER|100155e0||?getTypeName@srJPEGImporter@@W3BEPBDXZ|synthetic|src/srext_jpegimporter/plugin_classes.h|legacy-marker|?getTypeName@srJPEGImporter@@W3BEPBDXZ|true
SREXT_JPEGIMPORTER|100155f0||??_EsrJPEGImporter@@W3AEPAXI@Z|synthetic|src/srext_jpegimporter/plugin_classes.h|legacy-marker|??_EsrJPEGImporter@@W3AEPAXI@Z|true
SREXT_UNZIP|10011240||srZipOpener::~srZipOpener|synthetic|src/srext_unzip/plugin.cpp|legacy-marker|srZipOpener::~srZipOpener|false
SURRENDER|100014f0||srHuffman::Sampler copy constructor (implicit)|synthetic|src/surrender/huffman.cpp|legacy-marker|srHuffman::Sampler copy constructor (implicit)|false
SURRENDER|10001630||srHuffman::Sampler::operator= (implicit)|synthetic|src/surrender/huffman.cpp|legacy-marker|srHuffman::Sampler::operator= (implicit)|false
SURRENDER|100016f0||srHuffman::Sampler::~Sampler|synthetic|include/surrender/srHuffman.h|legacy-marker|srHuffman::Sampler::~Sampler|false
SURRENDER|10001740||srHuffman::Compressor::operator=|synthetic|include/surrender/srHuffman.h|legacy-marker|srHuffman::Compressor::operator=|false
SURRENDER|100027d0||srArray<T>::release|template|include/surrender/srArray.h|legacy-marker|srArray<srHuffman::Sampler::Symbol>::release|false
SURRENDER|10002ac0||srArray<T>::setCapacity|template|include/surrender/srArray.h|legacy-marker|srArray<srHuffman::Sampler::Symbol>::setCapacity|false
SURRENDER|10002b40||member pointer-pair destructor emission (EH unwind)|synthetic|src/surrender/huffman.cpp|legacy-marker|member pointer-pair destructor emission (EH unwind)|false
SURRENDER|10002b70||member pointer-pair destructor emission (EH unwind)|synthetic|src/surrender/huffman.cpp|legacy-marker|member pointer-pair destructor emission (EH unwind)|false
SURRENDER|10002ba0||srHashTableBase<Key,Value>::Grow|template|src/surrender/huffman.cpp|legacy-marker|srHashTableBase<unsigned long,int>::Grow|false
SURRENDER|10002cf0||srHashTableBase<Key,Value>::Grow|template|src/surrender/huffman.cpp|legacy-marker|srHashTableBase<unsigned long,srHuffman::Compressor::Node*>::Grow|false
SURRENDER|10003140||srExponentTable::operator=|synthetic|include/surrender/srExponentTable.h|legacy-marker|srExponentTable::operator=|false
SURRENDER|10003160||srExponentTable default constructor closure|synthetic|src/surrender/exponent_table.cpp|legacy-marker|srExponentTable default constructor closure|false
SURRENDER|10003180||srCachedExponentTable::operator=|synthetic|include/surrender/srExponentTable.h|legacy-marker|srCachedExponentTable::operator=|false
SURRENDER|100031a0||srCachedExponentTable default constructor closure|synthetic|src/surrender/exponent_table.cpp|legacy-marker|srCachedExponentTable default constructor closure|false
SURRENDER|100031c0||srBoxFilter global static-init block|synthetic|src/surrender/exponent_table.cpp|legacy-marker|srBoxFilter global static-init block|false
SURRENDER|100031d0||srBoxFilter global atexit registrar|synthetic|src/surrender/exponent_table.cpp|legacy-marker|srBoxFilter global atexit registrar|false
SURRENDER|10003200||srTriangleFilter global static-init block|synthetic|src/surrender/exponent_table.cpp|legacy-marker|srTriangleFilter global static-init block|false
SURRENDER|10003210||srTriangleFilter global atexit registrar|synthetic|src/surrender/exponent_table.cpp|legacy-marker|srTriangleFilter global atexit registrar|false
SURRENDER|10003240||srBellFilter global static-init block|synthetic|src/surrender/exponent_table.cpp|legacy-marker|srBellFilter global static-init block|false
SURRENDER|10003250||srBellFilter global atexit registrar|synthetic|src/surrender/exponent_table.cpp|legacy-marker|srBellFilter global atexit registrar|false
SURRENDER|10003280||srBSplineFilter global static-init block|synthetic|src/surrender/exponent_table.cpp|legacy-marker|srBSplineFilter global static-init block|false
SURRENDER|10003290||srBSplineFilter global atexit registrar|synthetic|src/surrender/exponent_table.cpp|legacy-marker|srBSplineFilter global atexit registrar|false
SURRENDER|10003300||??0srFilter@@QAE@XZ|synthetic|include/surrender/srFilter.h|legacy-marker|??0srFilter@@QAE@XZ|true
SURRENDER|10003310||??0srFilter@@QAE@ABV0@@Z|synthetic|include/surrender/srFilter.h|legacy-marker|??0srFilter@@QAE@ABV0@@Z|true
SURRENDER|10003330||??4srFilter@@QAEAAV0@ABV0@@Z|synthetic|include/surrender/srFilter.h|legacy-marker|??4srFilter@@QAEAAV0@ABV0@@Z|true
SURRENDER|100033a0||srFilter::`vector deleting destructor'|synthetic|src/surrender/filter.cpp|legacy-marker|srFilter::`vector deleting destructor'|false
SURRENDER|10003480||srBoxFilter::srBoxFilter()|synthetic|include/surrender/srFilter.h|legacy-marker|srBoxFilter::srBoxFilter()|false
SURRENDER|100034a0||srBoxFilter::srBoxFilter(const srBoxFilter&)|synthetic|include/surrender/srFilter.h|legacy-marker|srBoxFilter::srBoxFilter(const srBoxFilter&)|false
SURRENDER|10003520||srBoxFilter::operator=|synthetic|include/surrender/srFilter.h|legacy-marker|srBoxFilter::operator=|false
SURRENDER|10003530||srBoxFilter::~srBoxFilter|synthetic|include/surrender/srFilter.h|legacy-marker|srBoxFilter::~srBoxFilter|false
SURRENDER|10003540||srBoxFilter scalar deleting destructor|synthetic|src/surrender/filter.cpp|legacy-marker|srBoxFilter scalar deleting destructor|false
SURRENDER|10003570||srBoxFilter::`vector deleting destructor'|synthetic|src/surrender/filter.cpp|legacy-marker|srBoxFilter::`vector deleting destructor'|false
SURRENDER|100035e0||srBellFilter::srBellFilter()|synthetic|include/surrender/srFilter.h|legacy-marker|srBellFilter::srBellFilter()|false
SURRENDER|100035f0||srBellFilter::srBellFilter(const srBellFilter&)|synthetic|include/surrender/srFilter.h|legacy-marker|srBellFilter::srBellFilter(const srBellFilter&)|false
SURRENDER|10003600||srBellFilter::operator=|synthetic|include/surrender/srFilter.h|legacy-marker|srBellFilter::operator=|false
SURRENDER|10003610||srBellFilter::~srBellFilter|synthetic|include/surrender/srFilter.h|legacy-marker|srBellFilter::~srBellFilter|false
SURRENDER|10003620||srBellFilter scalar deleting destructor|synthetic|src/surrender/filter.cpp|legacy-marker|srBellFilter scalar deleting destructor|false
SURRENDER|10003640||srBellFilter::`vector deleting destructor'|synthetic|src/surrender/filter.cpp|legacy-marker|srBellFilter::`vector deleting destructor'|false
SURRENDER|100036b0||srTriangleFilter::srTriangleFilter()|synthetic|include/surrender/srFilter.h|legacy-marker|srTriangleFilter::srTriangleFilter()|false
SURRENDER|100036c0||srTriangleFilter::srTriangleFilter(const srTriangleFilter&)|synthetic|include/surrender/srFilter.h|legacy-marker|srTriangleFilter::srTriangleFilter(const srTriangleFilter&)|false
SURRENDER|100036d0||srTriangleFilter::operator=|synthetic|include/surrender/srFilter.h|legacy-marker|srTriangleFilter::operator=|false
SURRENDER|100036e0||srTriangleFilter::~srTriangleFilter|synthetic|include/surrender/srFilter.h|legacy-marker|srTriangleFilter::~srTriangleFilter|false
SURRENDER|100036f0||srTriangleFilter scalar deleting destructor|synthetic|src/surrender/filter.cpp|legacy-marker|srTriangleFilter scalar deleting destructor|false
SURRENDER|10003710||srTriangleFilter::`vector deleting destructor'|synthetic|src/surrender/filter.cpp|legacy-marker|srTriangleFilter::`vector deleting destructor'|false
SURRENDER|10003780||srBSplineFilter::srBSplineFilter()|synthetic|include/surrender/srFilter.h|legacy-marker|srBSplineFilter::srBSplineFilter()|false
SURRENDER|10003790||srBSplineFilter::srBSplineFilter(const srBSplineFilter&)|synthetic|include/surrender/srFilter.h|legacy-marker|srBSplineFilter::srBSplineFilter(const srBSplineFilter&)|false
SURRENDER|100037a0||srBSplineFilter::operator=|synthetic|include/surrender/srFilter.h|legacy-marker|srBSplineFilter::operator=|false
SURRENDER|100037b0||srBSplineFilter::~srBSplineFilter|synthetic|include/surrender/srFilter.h|legacy-marker|srBSplineFilter::~srBSplineFilter|false
SURRENDER|100037c0||srBSplineFilter scalar deleting destructor|synthetic|src/surrender/filter.cpp|legacy-marker|srBSplineFilter scalar deleting destructor|false
SURRENDER|100037e0||srBSplineFilter::`vector deleting destructor'|synthetic|src/surrender/filter.cpp|legacy-marker|srBSplineFilter::`vector deleting destructor'|false
SURRENDER|10003ac0||srStringTable::srStringTable(const srStringTable&)|synthetic|include/surrender/srStringTable.h|legacy-marker|srStringTable::srStringTable(const srStringTable&)|false
SURRENDER|10004080||srArray<T>::release|template|include/surrender/srArray.h|legacy-marker|srArray<char*>::release|false
SURRENDER|100042e0||srMemoryAllocator::operator= (implicit shallow copy)|synthetic|src/surrender/heap.cpp|legacy-marker|srMemoryAllocator::operator= (implicit shallow copy)|false
SURRENDER|100049d0||srClassSupport<srPalette,srClass,1,10496>::getClassID|template|src/surrender/palette.cpp|legacy-marker|srClassSupport<srPalette,srClass,1,10496>::getClassID|false
SURRENDER|100049f0||srClassSupport<srPalette,srClass,1,10496>::getClassNode|template|src/surrender/palette.cpp|legacy-marker|srClassSupport<srPalette,srClass,1,10496>::getClassNode|false
SURRENDER|10004a30||srClassSupport<srPalette, srClass, true, 0x2900>::vClone|template|src/surrender/palette.cpp|legacy-marker|srClassSupport<srPalette, srClass, true, 0x2900>::vClone|false
SURRENDER|10004a50||srClientSupport<srPalette, 0x2900>::~srClientSupport|template|src/surrender/palette.cpp|legacy-marker|srClientSupport<srPalette, 0x2900>::~srClientSupport|false
SURRENDER|10004ae0||member buffer destructor emission (EH unwind)|synthetic|src/surrender/palette.cpp|legacy-marker|member buffer destructor emission (EH unwind)|false
SURRENDER|10004b90||srPalette::Optimizer::operator= (implicit)|synthetic|src/surrender/palette.cpp|legacy-marker|srPalette::Optimizer::operator= (implicit)|false
SURRENDER|10004c40||srPalette::Sampler::operator= (implicit shallow copy)|synthetic|src/surrender/palette.cpp|legacy-marker|srPalette::Sampler::operator= (implicit shallow copy)|false
SURRENDER|10004cf0||srPalette::Sampler default constructor closure|synthetic|src/surrender/palette.cpp|legacy-marker|srPalette::Sampler default constructor closure|false
SURRENDER|10004dd0||srPalette::Quantizer::operator= (implicit)|synthetic|src/surrender/palette.cpp|legacy-marker|srPalette::Quantizer::operator= (implicit)|false
SURRENDER|10004ee0||srPalette::srPalette (implicit copy constructor)|synthetic|src/surrender/palette.cpp|legacy-marker|srPalette::srPalette (implicit copy constructor)|false
SURRENDER|10004f90||srPalette default constructor closure|synthetic|src/surrender/palette.cpp|legacy-marker|srPalette default constructor closure|false
SURRENDER|10004fd0||srPalette scalar deleting destructor|synthetic|src/surrender/palette.cpp|legacy-marker|srPalette scalar deleting destructor|false
SURRENDER|10004ff0||srPalette::`vector deleting destructor'|synthetic|src/surrender/palette.cpp|legacy-marker|srPalette::`vector deleting destructor'|false
SURRENDER|10005050||srClassSupport<srPalette,srClass,1,10496>::`scalar deleting destructor'|synthetic|src/surrender/palette.cpp|legacy-marker|srClassSupport<srPalette,srClass,1,10496>::`scalar deleting destructor'|false
SURRENDER|10005080||std::ios_base::Init global static-init block|synthetic|src/surrender/palette.cpp|legacy-marker|std::ios_base::Init global static-init block|false
SURRENDER|10005090||std::ios_base::Init global atexit registrar|synthetic|src/surrender/palette.cpp|legacy-marker|std::ios_base::Init global atexit registrar|false
SURRENDER|100050c0||std::_Winit global static-init block|synthetic|src/surrender/palette.cpp|legacy-marker|std::_Winit global static-init block|false
SURRENDER|100050d0||std::_Winit global atexit registrar|synthetic|src/surrender/palette.cpp|legacy-marker|std::_Winit global atexit registrar|false
SURRENDER|100050f0||srSurfaceIOManager::srSurfaceIOManager()|synthetic|include/surrender/srImporter.h|legacy-marker|srSurfaceIOManager::srSurfaceIOManager()|false
SURRENDER|10005110||??0SurfaceImporter@srSurfaceIOManager@@QAE@XZ|synthetic|include/surrender/srImporter.h|legacy-marker|??0SurfaceImporter@srSurfaceIOManager@@QAE@XZ|true
SURRENDER|10005120||??0SurfaceImporter@srSurfaceIOManager@@QAE@ABV01@@Z|synthetic|include/surrender/srImporter.h|legacy-marker|??0SurfaceImporter@srSurfaceIOManager@@QAE@ABV01@@Z|true
SURRENDER|10005130||??4SurfaceImporter@srSurfaceIOManager@@QAEAAV01@ABV01@@Z|synthetic|include/surrender/srImporter.h|legacy-marker|??4SurfaceImporter@srSurfaceIOManager@@QAEAAV01@ABV01@@Z|true
SURRENDER|10005140||??1SurfaceImporter@srSurfaceIOManager@@UAE@XZ|synthetic|include/surrender/srImporter.h|legacy-marker|??1SurfaceImporter@srSurfaceIOManager@@UAE@XZ|true
SURRENDER|10005150||??0SurfaceExporter@srSurfaceIOManager@@QAE@XZ|synthetic|include/surrender/srExporter.h|legacy-marker|??0SurfaceExporter@srSurfaceIOManager@@QAE@XZ|true
SURRENDER|10005160||??0SurfaceExporter@srSurfaceIOManager@@QAE@ABV01@@Z|synthetic|include/surrender/srExporter.h|legacy-marker|??0SurfaceExporter@srSurfaceIOManager@@QAE@ABV01@@Z|true
SURRENDER|10005170||??4SurfaceExporter@srSurfaceIOManager@@QAEAAV01@ABV01@@Z|synthetic|include/surrender/srExporter.h|legacy-marker|??4SurfaceExporter@srSurfaceIOManager@@QAEAAV01@ABV01@@Z|true
SURRENDER|10005180||??1SurfaceExporter@srSurfaceIOManager@@UAE@XZ|synthetic|include/surrender/srExporter.h|legacy-marker|??1SurfaceExporter@srSurfaceIOManager@@UAE@XZ|true
SURRENDER|10005190||??0srSurfaceIOManager@@QAE@ABV0@@Z|synthetic|include/surrender/srImporter.h|legacy-marker|??0srSurfaceIOManager@@QAE@ABV0@@Z|true
SURRENDER|100051d0||??4srSurfaceIOManager@@QAEAAV0@ABV0@@Z|synthetic|include/surrender/srImporter.h|legacy-marker|??4srSurfaceIOManager@@QAEAAV0@ABV0@@Z|true
SURRENDER|10005210||??1srSurfaceIOManager@@UAE@XZ|synthetic|include/surrender/srImporter.h|legacy-marker|??1srSurfaceIOManager@@UAE@XZ|true
SURRENDER|10005220||srSurfaceIOManager scalar deleting destructor|synthetic|src/surrender/palette.cpp|legacy-marker|srSurfaceIOManager scalar deleting destructor|false
SURRENDER|10005240||srSurfaceIOManager::`vector deleting destructor'|synthetic|src/surrender/palette.cpp|legacy-marker|srSurfaceIOManager::`vector deleting destructor'|false
SURRENDER|100052a0||SurfaceImporter scalar deleting destructor|synthetic|src/surrender/palette.cpp|legacy-marker|SurfaceImporter scalar deleting destructor|false
SURRENDER|10005320||SurfaceExporter scalar deleting destructor|synthetic|src/surrender/palette.cpp|legacy-marker|SurfaceExporter scalar deleting destructor|false
SURRENDER|100053b0||std::ios_base::Init global static-init block|synthetic|src/surrender/palette.cpp|legacy-marker|std::ios_base::Init global static-init block|false
SURRENDER|100053c0||std::ios_base::Init global atexit registrar|synthetic|src/surrender/palette.cpp|legacy-marker|std::ios_base::Init global atexit registrar|false
SURRENDER|100053f0||std::_Winit global static-init block|synthetic|src/surrender/palette.cpp|legacy-marker|std::_Winit global static-init block|false
SURRENDER|10005400||std::_Winit global atexit registrar|synthetic|src/surrender/palette.cpp|legacy-marker|std::_Winit global atexit registrar|false
SURRENDER|100075f0||rgbToYUV static-init thunk|synthetic|src/surrender/pixel_convert.cpp|legacy-marker|rgbToYUV static-init thunk|false
SURRENDER|10007600||rgbToYUV static-init body|synthetic|src/surrender/pixel_convert.cpp|legacy-marker|rgbToYUV static-init body|false
SURRENDER|100076b0||yuvToRGB static-init thunk|synthetic|src/surrender/pixel_convert.cpp|legacy-marker|yuvToRGB static-init thunk|false
SURRENDER|100076c0||yuvToRGB static-init body|synthetic|src/surrender/pixel_convert.cpp|legacy-marker|yuvToRGB static-init body|false
SURRENDER|10007770||format_table PixelFormat::flags array-init thunk|synthetic|src/surrender/pixel_convert.cpp|legacy-marker|format_table PixelFormat::flags array-init thunk|false
SURRENDER|10007780||format_table PixelFormat::flags array-init body|synthetic|src/surrender/pixel_convert.cpp|legacy-marker|format_table PixelFormat::flags array-init body|false
SURRENDER|1000e030||DotProduct<float>|template|src/surrender/pixel_convert.cpp|legacy-marker|DotProduct<float>|false
SURRENDER|1000e290||srClass::srClass|synthetic|include/surrender/srTypeRegistry.h|legacy-marker|srClass::srClass|false
SURRENDER|1000e2d0||srClass scalar deleting destructor|synthetic|src/surrender/type_registry.cpp|legacy-marker|srClass scalar deleting destructor|false
SURRENDER|1000e470||srRuntimeClass scalar deleting destructor|synthetic|src/surrender/type_registry.cpp|legacy-marker|srRuntimeClass scalar deleting destructor|false
SURRENDER|1000e8a0||std::ios_base::Init global static-init block|synthetic|src/surrender/type_registry.cpp|legacy-marker|std::ios_base::Init global static-init block|false
SURRENDER|1000e8b0||std::ios_base::Init global atexit registrar|synthetic|src/surrender/type_registry.cpp|legacy-marker|std::ios_base::Init global atexit registrar|false
SURRENDER|1000e8e0||std::_Winit global static-init block|synthetic|src/surrender/type_registry.cpp|legacy-marker|std::_Winit global static-init block|false
SURRENDER|1000e8f0||std::_Winit global atexit registrar|synthetic|src/surrender/type_registry.cpp|legacy-marker|std::_Winit global atexit registrar|false
SURRENDER|1000eba0||srRegistry::operator=|synthetic|src/surrender/type_registry.cpp|legacy-marker|srRegistry::operator=|false
SURRENDER|1000f4f0||unreferenced ClassNode name/ID consistency-check emission|synthetic|src/surrender/type_registry.cpp|legacy-marker|unreferenced ClassNode name/ID consistency-check emission|false
SURRENDER|100105f0||std::ios_base::Init global static-init block|synthetic|src/surrender/type_registry.cpp|legacy-marker|std::ios_base::Init global static-init block|false
SURRENDER|10010600||std::ios_base::Init global atexit registrar|synthetic|src/surrender/type_registry.cpp|legacy-marker|std::ios_base::Init global atexit registrar|false
SURRENDER|10010630||std::_Winit global static-init block|synthetic|src/surrender/type_registry.cpp|legacy-marker|std::_Winit global static-init block|false
SURRENDER|10010640||std::_Winit global atexit registrar|synthetic|src/surrender/type_registry.cpp|legacy-marker|std::_Winit global atexit registrar|false
SURRENDER|10010b40||srArray<T>::~srArray|template|src/surrender/type_registry.cpp|legacy-marker|srArray<srRegistry::ClassNode::IDIndex::InstanceLink*>::~srArray|false
SURRENDER|10010b60||srArray<T>::setCapacity|template|src/surrender/type_registry.cpp|legacy-marker|srArray<srRegistry::ClassNode::IDIndex::InstanceLink*>::setCapacity|false
SURRENDER|10010bd0||srHashTableBase<Key,Value>::Grow|template|src/surrender/type_registry.cpp|legacy-marker|srHashTableBase<unsigned long, srRegistry::ClassNode::IDIndex::InstanceLink*>::Grow|false
SURRENDER|10010d20||srHashTableBase<Key,Value>::Grow|template|src/surrender/type_registry.cpp|legacy-marker|srHashTableBase<unsigned long, srRegistry::ClassNode*>::Grow|false
SURRENDER|10011270||srHashTable<Key,Value>::~srHashTable|template|src/surrender/type_registry.cpp|legacy-marker|srHashTable<Key, Value>::~srHashTable|false
SURRENDER|100112a0||srHashTableBase<Key,Value>::Lookup|template|src/surrender/type_registry.cpp|legacy-marker|srHashTableBase<srRuntimeClass*, srRegistry::ClassNode::NameIndex::NameEntry*>::Lookup|false
SURRENDER|100112f0||srHashTableBase<Key,Value>::Remove|template|src/surrender/type_registry.cpp|legacy-marker|srHashTableBase<srRuntimeClass*, srRegistry::ClassNode::NameIndex::NameEntry*>::Remove|false
SURRENDER|10011380||srHashTableBase<Key,Value>::Clear|template|src/surrender/type_registry.cpp|legacy-marker|srHashTableBase<srRuntimeClass*, srRegistry::ClassNode::NameIndex::NameEntry*>::Clear|false
SURRENDER|100114d0||srHashTableBase<Key,Value>::Grow|template|src/surrender/type_registry.cpp|legacy-marker|srHashTableBase<srRuntimeClass*, srRegistry::ClassNode::NameIndex::NameEntry*>::Grow|false
SURRENDER|10011620||srHashTableBase<Key,Value>::AllocateEntry|template|src/surrender/type_registry.cpp|legacy-marker|srHashTableBase<srRuntimeClass*, srRegistry::ClassNode::NameIndex::NameEntry*>::AllocateEntry|false
SURRENDER|10011a10||srRuntimeClass::srRuntimeClass|synthetic|include/surrender/srTypeRegistry.h|legacy-marker|srRuntimeClass::srRuntimeClass|false
SURRENDER|10011a80||srRuntimeClass::operator=|synthetic|include/surrender/srTypeRegistry.h|legacy-marker|srRuntimeClass::operator=|false
SURRENDER|10011bf0||srRuntimeClass::`vector deleting destructor'|synthetic|src/surrender/type_registry.cpp|legacy-marker|srRuntimeClass::`vector deleting destructor'|false
SURRENDER|10011d00||std::ios_base::Init global static-init block|synthetic|src/surrender/type_registry.cpp|legacy-marker|std::ios_base::Init global static-init block|false
SURRENDER|10011d10||std::ios_base::Init global atexit registrar|synthetic|src/surrender/type_registry.cpp|legacy-marker|std::ios_base::Init global atexit registrar|false
SURRENDER|10011d40||std::_Winit global static-init block|synthetic|src/surrender/type_registry.cpp|legacy-marker|std::_Winit global static-init block|false
SURRENDER|10011d50||std::_Winit global atexit registrar|synthetic|src/surrender/type_registry.cpp|legacy-marker|std::_Winit global atexit registrar|false
SURRENDER|10011d80||srConfig global static-init block|synthetic|src/surrender/type_registry.cpp|legacy-marker|srConfig global static-init block|false
SURRENDER|10011d90||srConfig global atexit registrar|synthetic|src/surrender/type_registry.cpp|legacy-marker|srConfig global atexit registrar|false
SURRENDER|10012bf0||std::ios_base::Init global static-init block|synthetic|src/surrender/config.cpp|legacy-marker|std::ios_base::Init global static-init block|false
SURRENDER|10012c00||std::ios_base::Init global atexit registrar|synthetic|src/surrender/config.cpp|legacy-marker|std::ios_base::Init global atexit registrar|false
SURRENDER|10012c30||std::_Winit global static-init block|synthetic|src/surrender/config.cpp|legacy-marker|std::_Winit global static-init block|false
SURRENDER|10012c40||std::_Winit global atexit registrar|synthetic|src/surrender/config.cpp|legacy-marker|std::_Winit global atexit registrar|false
SURRENDER|10012c60||srArray<T>::~srArray<T>|template|include/surrender/srArray.h|legacy-marker|srArray<srConfig::Entry*>::~srArray<srConfig::Entry*>|false
SURRENDER|10012ea0||srArray<T>::setCapacity|template|include/surrender/srArray.h|legacy-marker|srArray<srConfig::Entry*>::setCapacity|false
SURRENDER|10013310||member pointer-pair destructor emission (EH unwind)|synthetic|src/surrender/config.cpp|legacy-marker|member pointer-pair destructor emission (EH unwind)|false
SURRENDER|10013ce0||std::ios_base::Init global static-init block|synthetic|src/surrender/extension.cpp|legacy-marker|std::ios_base::Init global static-init block|false
SURRENDER|10013cf0||std::ios_base::Init global atexit registrar|synthetic|src/surrender/extension.cpp|legacy-marker|std::ios_base::Init global atexit registrar|false
SURRENDER|10013d20||std::_Winit global static-init block|synthetic|src/surrender/extension.cpp|legacy-marker|std::_Winit global static-init block|false
SURRENDER|10013d30||std::_Winit global atexit registrar|synthetic|src/surrender/extension.cpp|legacy-marker|std::_Winit global atexit registrar|false
SURRENDER|10013d50||srExtension::operator=(srExtension const &)|synthetic|include/surrender/srExtension.h|legacy-marker|srExtension::operator=(srExtension const &)|false
SURRENDER|100142ba||catch-rethrow funclet emission|synthetic|src/surrender/scheduler.cpp|legacy-marker|catch-rethrow funclet emission|false
SURRENDER|100145f7||catch-rethrow funclet emission|synthetic|src/surrender/scheduler.cpp|legacy-marker|catch-rethrow funclet emission|false
SURRENDER|10014720||member pointer-pair destructor emission (EH unwind)|synthetic|src/surrender/scheduler.cpp|legacy-marker|member pointer-pair destructor emission (EH unwind)|false
SURRENDER|10014750||srHashTableBase<Key,Value>::Grow|template|include/surrender/srHash.h|legacy-marker|srHashTableBase<srScheduler::Job*, srScheduler::QueueEntry*>::Grow|false
SURRENDER|10014e20||ios_base::Init static-init call|synthetic|src/surrender/statistics.cpp|legacy-marker|ios_base::Init static-init call|false
SURRENDER|10014e30||ios_base::Init atexit registrar|synthetic|src/surrender/statistics.cpp|legacy-marker|ios_base::Init atexit registrar|false
SURRENDER|10014e60||_Winit static-init call|synthetic|src/surrender/statistics.cpp|legacy-marker|_Winit static-init call|false
SURRENDER|10014e70||_Winit atexit registrar|synthetic|src/surrender/statistics.cpp|legacy-marker|_Winit atexit registrar|false
SURRENDER|10015740||srCore::operator=|synthetic|include/surrender/srCore.h|legacy-marker|srCore::operator=|false
SURRENDER|10015770||srIOManager scalar deleting destructor|synthetic|src/surrender/core.cpp|legacy-marker|srIOManager scalar deleting destructor|false
SURRENDER|10015790||srIOManager global destruction callback|synthetic|src/surrender/core.cpp|legacy-marker|srIOManager global destruction callback|false
SURRENDER|10016020||srClassSupport<srMaterial,srMaterialIFace,0,8720>::getClassID|template|src/surrender/core.cpp|legacy-marker|srClassSupport<srMaterial,srMaterialIFace,0,8720>::getClassID|false
SURRENDER|10016040||srClassSupport<srMaterial,srMaterialIFace,0,8720>::getClassNode|template|src/surrender/core.cpp|legacy-marker|srClassSupport<srMaterial,srMaterialIFace,0,8720>::getClassNode|false
SURRENDER|100160a0||srClassSupport<srMaterial, srMaterialIFace, 0, 0x2210>::vClone|template|src/surrender/core.cpp|legacy-marker|srClassSupport<srMaterial, srMaterialIFace, 0, 0x2210>::vClone|false
SURRENDER|100160c0||srMaterial::~srMaterial|synthetic|src/surrender/core.cpp|legacy-marker|srMaterial::~srMaterial|false
SURRENDER|100161c0||srClassSupport<srMaterialIFace,srClass,1,8704>::getClassID|template|src/surrender/core.cpp|legacy-marker|srClassSupport<srMaterialIFace,srClass,1,8704>::getClassID|false
SURRENDER|100161e0||srClassSupport<srMaterialIFace,srClass,1,8704>::getClassNode|template|src/surrender/core.cpp|legacy-marker|srClassSupport<srMaterialIFace,srClass,1,8704>::getClassNode|false
SURRENDER|10016220||srClassSupport<srMaterialIFace, srClass, true, 0x2200>::vClone|template|src/surrender/core.cpp|legacy-marker|srClassSupport<srMaterialIFace, srClass, true, 0x2200>::vClone|false
SURRENDER|10016240||srClassSupport<srMaterialIFace,srClass,1,8704>::`scalar deleting destructor'|synthetic|src/surrender/core.cpp|legacy-marker|srClassSupport<srMaterialIFace,srClass,1,8704>::`scalar deleting destructor'|false
SURRENDER|10016260||srMaterialIFace::~srMaterialIFace|synthetic|src/surrender/core.cpp|legacy-marker|srMaterialIFace::~srMaterialIFace|false
SURRENDER|100162f0||srClassSupport<srMaterial,srMaterialIFace,0,8720>::`scalar deleting destructor'|synthetic|src/surrender/core.cpp|legacy-marker|srClassSupport<srMaterial,srMaterialIFace,0,8720>::`scalar deleting destructor'|false
SURRENDER|10016310||srMaterialIFace::~srMaterialIFace|synthetic|include/surrender/srMaterialIFace.h|legacy-marker|srMaterialIFace::~srMaterialIFace|false
SURRENDER|100163a0||srFileManager::Path::operator= (implicit shallow copy)|synthetic|src/surrender/file_stream.cpp|legacy-marker|srFileManager::Path::operator= (implicit shallow copy)|false
SURRENDER|100163c0||srFileManager::srFileManager(const srFileManager&)|synthetic|include/surrender/srFileManager.h|legacy-marker|srFileManager::srFileManager(const srFileManager&)|false
SURRENDER|100163e0||srFileManager::operator=|synthetic|include/surrender/srFileManager.h|legacy-marker|srFileManager::operator=|false
SURRENDER|100163f0||srFileManager scalar deleting destructor|synthetic|src/surrender/file_stream.cpp|legacy-marker|srFileManager scalar deleting destructor|false
SURRENDER|10016410||srFileManager::`vector deleting destructor'|synthetic|src/surrender/file_stream.cpp|legacy-marker|srFileManager::`vector deleting destructor'|false
SURRENDER|10016470||srHierarchyIOManager::srHierarchyIOManager()|synthetic|include/surrender/srImporter.h|legacy-marker|srHierarchyIOManager::srHierarchyIOManager()|false
SURRENDER|10016490||??4ImportInfo@srHierarchyIOManager@@QAEAAV01@ABV01@@Z|synthetic|include/surrender/srImporter.h|legacy-marker|??4ImportInfo@srHierarchyIOManager@@QAEAAV01@ABV01@@Z|true
SURRENDER|100164a0||??4ExportInfo@srHierarchyIOManager@@QAEAAV01@ABV01@@Z|synthetic|include/surrender/srImporter.h|legacy-marker|??4ExportInfo@srHierarchyIOManager@@QAEAAV01@ABV01@@Z|true
SURRENDER|100164b0||HierarchyImporter::HierarchyImporter()|synthetic|include/surrender/srImporter.h|legacy-marker|HierarchyImporter::HierarchyImporter()|false
SURRENDER|100164c0||??0HierarchyImporter@srHierarchyIOManager@@QAE@ABV01@@Z|synthetic|include/surrender/srImporter.h|legacy-marker|??0HierarchyImporter@srHierarchyIOManager@@QAE@ABV01@@Z|true
SURRENDER|100164d0||??4HierarchyImporter@srHierarchyIOManager@@QAEAAV01@ABV01@@Z|synthetic|include/surrender/srImporter.h|legacy-marker|??4HierarchyImporter@srHierarchyIOManager@@QAEAAV01@ABV01@@Z|true
SURRENDER|100164e0||??1HierarchyImporter@srHierarchyIOManager@@UAE@XZ|synthetic|include/surrender/srImporter.h|legacy-marker|??1HierarchyImporter@srHierarchyIOManager@@UAE@XZ|true
SURRENDER|100164f0||HierarchyExporter::HierarchyExporter()|synthetic|include/surrender/srExporter.h|legacy-marker|HierarchyExporter::HierarchyExporter()|false
SURRENDER|10016500||??0HierarchyExporter@srHierarchyIOManager@@QAE@ABV01@@Z|synthetic|include/surrender/srExporter.h|legacy-marker|??0HierarchyExporter@srHierarchyIOManager@@QAE@ABV01@@Z|true
SURRENDER|10016510||??4HierarchyExporter@srHierarchyIOManager@@QAEAAV01@ABV01@@Z|synthetic|include/surrender/srExporter.h|legacy-marker|??4HierarchyExporter@srHierarchyIOManager@@QAEAAV01@ABV01@@Z|true
SURRENDER|10016520||??1HierarchyExporter@srHierarchyIOManager@@UAE@XZ|synthetic|include/surrender/srExporter.h|legacy-marker|??1HierarchyExporter@srHierarchyIOManager@@UAE@XZ|true
SURRENDER|10016530||srHierarchyIOManager::srHierarchyIOManager(const srHierarchyIOManager&)|synthetic|include/surrender/srImporter.h|legacy-marker|srHierarchyIOManager::srHierarchyIOManager(const srHierarchyIOManager&)|false
SURRENDER|10016570||srHierarchyIOManager::operator=|synthetic|include/surrender/srImporter.h|legacy-marker|srHierarchyIOManager::operator=|false
SURRENDER|100165b0||srHierarchyIOManager::~srHierarchyIOManager|synthetic|include/surrender/srImporter.h|legacy-marker|srHierarchyIOManager::~srHierarchyIOManager|false
SURRENDER|100165c0||srHierarchyIOManager scalar deleting destructor|synthetic|src/surrender/io_managers.cpp|legacy-marker|srHierarchyIOManager scalar deleting destructor|false
SURRENDER|100165e0||srHierarchyIOManager::`vector deleting destructor'|synthetic|src/surrender/io_managers.cpp|legacy-marker|srHierarchyIOManager::`vector deleting destructor'|false
SURRENDER|10016640||srHierarchyIOManager::HierarchyImporter scalar deleting destructor|synthetic|src/surrender/io_managers.cpp|legacy-marker|srHierarchyIOManager::HierarchyImporter scalar deleting destructor|false
SURRENDER|100166c0||srHierarchyIOManager::HierarchyExporter scalar deleting destructor|synthetic|src/surrender/io_managers.cpp|legacy-marker|srHierarchyIOManager::HierarchyExporter scalar deleting destructor|false
SURRENDER|10016740||srClassSupport<srMaterialIFace, srClass, true, 0x2200>::srClassSupport|template|src/surrender/io_managers.cpp|legacy-marker|srClassSupport<srMaterialIFace, srClass, true, 0x2200>::srClassSupport|false
SURRENDER|100167d0||srClassSupport<srMaterial, srMaterialIFace, false, 0x2210>::sGetClassNode|template|src/surrender/io_managers.cpp|legacy-marker|srClassSupport<srMaterial, srMaterialIFace, false, 0x2210>::sGetClassNode|false
SURRENDER|10016830||srFStreamOpener scalar deleting destructor|synthetic|src/surrender/io_managers.cpp|legacy-marker|srFStreamOpener scalar deleting destructor|false
SURRENDER|10016850||srFStreamOpener::~srFStreamOpener|synthetic|include/surrender/srIStreamOpener.h|legacy-marker|srFStreamOpener::~srFStreamOpener|false
SURRENDER|10016860||srMaterial::`scalar deleting destructor'|synthetic|src/surrender/io_managers.cpp|legacy-marker|srMaterial::`scalar deleting destructor'|false
SURRENDER|10016980||srModelIOManager::srModelIOManager()|synthetic|include/surrender/srImporter.h|legacy-marker|srModelIOManager::srModelIOManager()|false
SURRENDER|100169a0||??4ImportInfo@srModelIOManager@@QAEAAV01@ABV01@@Z|synthetic|include/surrender/srImporter.h|legacy-marker|??4ImportInfo@srModelIOManager@@QAEAAV01@ABV01@@Z|true
SURRENDER|100169b0||??4ExportInfo@srModelIOManager@@QAEAAV01@ABV01@@Z|synthetic|include/surrender/srImporter.h|legacy-marker|??4ExportInfo@srModelIOManager@@QAEAAV01@ABV01@@Z|true
SURRENDER|100169c0||ModelImporter::ModelImporter()|synthetic|include/surrender/srImporter.h|legacy-marker|ModelImporter::ModelImporter()|false
SURRENDER|100169d0||??0ModelImporter@srModelIOManager@@QAE@ABV01@@Z|synthetic|include/surrender/srImporter.h|legacy-marker|??0ModelImporter@srModelIOManager@@QAE@ABV01@@Z|true
SURRENDER|100169e0||??4ModelImporter@srModelIOManager@@QAEAAV01@ABV01@@Z|synthetic|include/surrender/srImporter.h|legacy-marker|??4ModelImporter@srModelIOManager@@QAEAAV01@ABV01@@Z|true
SURRENDER|100169f0||??1ModelImporter@srModelIOManager@@UAE@XZ|synthetic|include/surrender/srImporter.h|legacy-marker|??1ModelImporter@srModelIOManager@@UAE@XZ|true
SURRENDER|10016a00||ModelExporter::ModelExporter()|synthetic|include/surrender/srExporter.h|legacy-marker|ModelExporter::ModelExporter()|false
SURRENDER|10016a10||??0ModelExporter@srModelIOManager@@QAE@ABV01@@Z|synthetic|include/surrender/srExporter.h|legacy-marker|??0ModelExporter@srModelIOManager@@QAE@ABV01@@Z|true
SURRENDER|10016a20||??4ModelExporter@srModelIOManager@@QAEAAV01@ABV01@@Z|synthetic|include/surrender/srExporter.h|legacy-marker|??4ModelExporter@srModelIOManager@@QAEAAV01@ABV01@@Z|true
SURRENDER|10016a30||??1ModelExporter@srModelIOManager@@UAE@XZ|synthetic|include/surrender/srExporter.h|legacy-marker|??1ModelExporter@srModelIOManager@@UAE@XZ|true
SURRENDER|10016a40||srModelIOManager::srModelIOManager(const srModelIOManager&)|synthetic|include/surrender/srImporter.h|legacy-marker|srModelIOManager::srModelIOManager(const srModelIOManager&)|false
SURRENDER|10016a80||srModelIOManager::operator=|synthetic|include/surrender/srImporter.h|legacy-marker|srModelIOManager::operator=|false
SURRENDER|10016ac0||srModelIOManager::~srModelIOManager|synthetic|include/surrender/srImporter.h|legacy-marker|srModelIOManager::~srModelIOManager|false
SURRENDER|10016ad0||srModelIOManager scalar deleting destructor|synthetic|src/surrender/io_managers.cpp|legacy-marker|srModelIOManager scalar deleting destructor|false
SURRENDER|10016af0||srModelIOManager::`vector deleting destructor'|synthetic|src/surrender/io_managers.cpp|legacy-marker|srModelIOManager::`vector deleting destructor'|false
SURRENDER|10016b50||ModelImporter scalar deleting destructor|synthetic|src/surrender/io_managers.cpp|legacy-marker|ModelImporter scalar deleting destructor|false
SURRENDER|10016bd0||ModelExporter scalar deleting destructor|synthetic|src/surrender/io_managers.cpp|legacy-marker|ModelExporter scalar deleting destructor|false
SURRENDER|10016cb0||srVideoManager::Stream default constructor closure|synthetic|src/surrender/video_manager.cpp|legacy-marker|srVideoManager::Stream default constructor closure|false
SURRENDER|10016d60||srDebugDD::~srDebugDD|synthetic|include/surrender/srDebugDD.h|legacy-marker|srDebugDD::~srDebugDD|false
SURRENDER|100177d0||??0srDebugDD@@QAE@ABV0@@Z|synthetic|include/surrender/srDebugDD.h|legacy-marker|??0srDebugDD@@QAE@ABV0@@Z|true
SURRENDER|10017830||??4srDebugDD@@QAEAAV0@ABV0@@Z|synthetic|include/surrender/srDebugDD.h|legacy-marker|??4srDebugDD@@QAEAAV0@ABV0@@Z|true
SURRENDER|100178a0||srDebugDD scalar deleting destructor|synthetic|src/surrender/debug_dd.cpp|legacy-marker|srDebugDD scalar deleting destructor|false
SURRENDER|100178c0||srDebugDD::`vector deleting destructor'|synthetic|src/surrender/debug_dd.cpp|legacy-marker|srDebugDD::`vector deleting destructor'|false
SURRENDER|1001b020||??0srGERD@@QAE@ABV0@@Z|synthetic|include/surrender/srGERD.h|legacy-marker|??0srGERD@@QAE@ABV0@@Z|true
SURRENDER|1001b4f0||srGERD scalar deleting destructor|synthetic|src/surrender/gerd.cpp|legacy-marker|srGERD scalar deleting destructor|false
SURRENDER|1001b510||srGERD::`vector deleting destructor'|synthetic|src/surrender/gerd.cpp|legacy-marker|srGERD::`vector deleting destructor'|false
SURRENDER|1001b720||srClass pointer member destructor emission (EH unwind)|synthetic|src/surrender/gerd.cpp|legacy-marker|srClass pointer member destructor emission (EH unwind)|false
SURRENDER|1001b730||global array destruction registrar|synthetic|src/surrender/gerd.cpp|legacy-marker|global array destruction registrar|false
SURRENDER|1001b750||member destructor emission (EH unwind)|synthetic|src/surrender/gerd.cpp|legacy-marker|member destructor emission (EH unwind)|false
SURRENDER|1001ba80||member pointer-pair destructor emission (EH unwind)|synthetic|src/surrender/gerd.cpp|legacy-marker|member pointer-pair destructor emission (EH unwind)|false
SURRENDER|1001ee90||srPtr<T>::~srPtr|template|include/surrender/srPtr.h|legacy-marker|srPtr<srTextureIFace>::~srPtr|false
SURRENDER|1001eec0||srArray<T> copy-assignment emission|template|src/surrender/gerd.cpp|legacy-marker|srArray<T> copy-assignment emission|false
SURRENDER|1001ef30||srArray<T>::release emission|template|src/surrender/gerd.cpp|legacy-marker|srArray<T>::release emission|false
SURRENDER|1001ef60||srArray<T>::release emission|template|src/surrender/gerd.cpp|legacy-marker|srArray<T>::release emission|false
SURRENDER|1001ef80||srHeapBuffer<T>::release emission|template|src/surrender/gerd.cpp|legacy-marker|srHeapBuffer<T>::release emission|false
SURRENDER|1001efb0||srHeapBuffer<T>::ensure emission|template|src/surrender/gerd.cpp|legacy-marker|srHeapBuffer<T>::ensure emission|false
SURRENDER|1001f030||std::ios_base::Init global static-init block|synthetic|src/surrender/gerd.cpp|legacy-marker|std::ios_base::Init global static-init block|false
SURRENDER|1001f040||std::ios_base::Init global atexit registrar|synthetic|src/surrender/gerd.cpp|legacy-marker|std::ios_base::Init global atexit registrar|false
SURRENDER|1001f070||std::_Winit global static-init block|synthetic|src/surrender/gerd.cpp|legacy-marker|std::_Winit global static-init block|false
SURRENDER|1001f080||std::_Winit global atexit registrar|synthetic|src/surrender/gerd.cpp|legacy-marker|std::_Winit global atexit registrar|false
SURRENDER|1001f160||srArray<T> copy-assignment emission|template|src/surrender/gerd.cpp|legacy-marker|srArray<T> copy-assignment emission|false
SURRENDER|1001f1d0||srArray<T>::release emission|template|src/surrender/gerd.cpp|legacy-marker|srArray<T>::release emission|false
SURRENDER|1001f1f0||srHeapBuffer<T> block-allocation emission|template|src/surrender/gerd.cpp|legacy-marker|srHeapBuffer<T> block-allocation emission|false
SURRENDER|1001f210||srArray<T>::reserve emission|template|src/surrender/gerd.cpp|legacy-marker|srArray<srGERD::Texture*>::reserve emission|false
SURRENDER|1001f280||srMatrix4T<float>::MultiplyBy emission|template|src/surrender/gerd.cpp|legacy-marker|srMatrix4T<float>::MultiplyBy emission|false
SURRENDER|1001f490||member pointer-pair destructor emission (EH unwind)|synthetic|src/surrender/gerd.cpp|legacy-marker|member pointer-pair destructor emission (EH unwind)|false
SURRENDER|1001f4c0||srHashTableBase<Key,Value>::Grow emission|template|src/surrender/gerd.cpp|legacy-marker|srHashTableBase<unsigned long, srGERD::Texture*>::Grow emission|false
SURRENDER|1001f730||srGERD::LockSurface::`scalar deleting destructor'|synthetic|src/surrender/gerd.cpp|legacy-marker|srGERD::LockSurface::`scalar deleting destructor'|false
SURRENDER|10020f60||srClassSupport<srColorSurfaceIFace,srClass,1,12544>::getClassID|template|src/surrender/gerd.cpp|legacy-marker|srClassSupport<srColorSurfaceIFace,srClass,1,12544>::getClassID|false
SURRENDER|10020f80||srClassSupport<srColorSurfaceIFace,srClass,1,12544>::getClassNode|template|src/surrender/gerd.cpp|legacy-marker|srClassSupport<srColorSurfaceIFace,srClass,1,12544>::getClassNode|false
SURRENDER|10020fc0||srClassSupport<srColorSurfaceIFace, srClass, true, 0x3100>::vClone|template|src/surrender/gerd.cpp|legacy-marker|srClassSupport<srColorSurfaceIFace, srClass, true, 0x3100>::vClone|false
SURRENDER|10020fe0||srClassSupport<srGERD::LockSurface,srColorSurfaceIFace,0,12561>::getClassID|template|src/surrender/gerd.cpp|legacy-marker|srClassSupport<srGERD::LockSurface,srColorSurfaceIFace,0,12561>::getClassID|false
SURRENDER|10020ff0||srClassSupport<srGERD::LockSurface,srColorSurfaceIFace,0,12561>::getClassName|template|src/surrender/gerd.cpp|legacy-marker|srClassSupport<srGERD::LockSurface,srColorSurfaceIFace,0,12561>::getClassName|false
SURRENDER|10021000||srClassSupport<srGERD::LockSurface,srColorSurfaceIFace,0,12561>::getClassNode|template|src/surrender/gerd.cpp|legacy-marker|srClassSupport<srGERD::LockSurface,srColorSurfaceIFace,0,12561>::getClassNode|false
SURRENDER|10021060||srClassSupport<srGERD::LockSurface, srColorSurfaceIFace, false, 0x3111>::vClone|template|src/surrender/gerd.cpp|legacy-marker|srClassSupport<srGERD::LockSurface, srColorSurfaceIFace, false, 0x3111>::vClone|false
SURRENDER|100210b0||srClassSupport<srGERD::LockSurface, srColorSurfaceIFace, false, 0x3111>::~srClassSupport|template|src/surrender/gerd.cpp|legacy-marker|srClassSupport<srGERD::LockSurface, srColorSurfaceIFace, false, 0x3111>::~srClassSupport|false
SURRENDER|100211b0||srClassSupport<srColorSurfaceIFace,srClass,1,12544>::`scalar deleting destructor'|synthetic|src/surrender/gerd.cpp|legacy-marker|srClassSupport<srColorSurfaceIFace,srClass,1,12544>::`scalar deleting destructor'|false
SURRENDER|100211d0||srClassSupport<srColorSurfaceIFace, srClass, true, 0x3100>::~srClassSupport|template|src/surrender/gerd.cpp|legacy-marker|srClassSupport<srColorSurfaceIFace, srClass, true, 0x3100>::~srClassSupport|false
SURRENDER|10021260||srColorSurfaceIFace::~srColorSurfaceIFace|synthetic|src/surrender/color_surface.cpp|legacy-marker|srColorSurfaceIFace::~srColorSurfaceIFace|false
SURRENDER|100212f0||srClassSupport<srGERD::LockSurface,srColorSurfaceIFace,0,12561>::`scalar deleting destructor'|synthetic|src/surrender/gerd.cpp|legacy-marker|srClassSupport<srGERD::LockSurface,srColorSurfaceIFace,0,12561>::`scalar deleting destructor'|false
SURRENDER|10021530||std::ios_base::Init global static-init block|synthetic|src/surrender/gerd.cpp|legacy-marker|std::ios_base::Init global static-init block|false
SURRENDER|10021540||std::ios_base::Init global atexit registrar|synthetic|src/surrender/gerd.cpp|legacy-marker|std::ios_base::Init global atexit registrar|false
SURRENDER|10021570||std::_Winit global static-init block|synthetic|src/surrender/gerd.cpp|legacy-marker|std::_Winit global static-init block|false
SURRENDER|10021580||std::_Winit global atexit registrar|synthetic|src/surrender/gerd.cpp|legacy-marker|std::_Winit global atexit registrar|false
SURRENDER|10023700||srVector3T<double>::srVector3T(double,double,double)|template|src/surrender/gerd.cpp|legacy-marker|srVector3T<double>::srVector3T(double,double,double)|false
SURRENDER|10023730||srVector4T<double>::srVector4T|template|src/surrender/gerd.cpp|legacy-marker|srVector4T<double>::srVector4T|false
SURRENDER|10023740||srMatrix4T<float>::Scale|template|src/surrender/gerd.cpp|legacy-marker|srMatrix4T<float>::Scale|false
SURRENDER|100237e0||srMatrix4T<float>::Det|template|src/surrender/gerd.cpp|legacy-marker|srMatrix4T<float>::Det|false
SURRENDER|10023910||srMatrix4T<float>::AdjugateFrom|template|src/surrender/gerd.cpp|legacy-marker|srMatrix4T<float>::AdjugateFrom|false
SURRENDER|10024ad0||srHeapBuffer<srGERD::Renderer::TexCoordQ>::srHeapBuffer|template|include/surrender/srArray.h|legacy-marker|srHeapBuffer<srGERD::Renderer::TexCoordQ>::srHeapBuffer|false
SURRENDER|10024ae0||srGERD::Renderer::IndexBatch::~IndexBatch|synthetic|src/surrender/renderer.cpp|legacy-marker|srGERD::Renderer::IndexBatch::~IndexBatch|false
SURRENDER|10024b30||srGERD::Renderer::VertexArrays::~VertexArrays|synthetic|src/surrender/renderer.cpp|legacy-marker|srGERD::Renderer::VertexArrays::~VertexArrays|false
SURRENDER|10024bf0||srGERD::Renderer::~Renderer|synthetic|src/surrender/renderer.cpp|legacy-marker|srGERD::Renderer::~Renderer|false
SURRENDER|10026dc0||srArray<T>::release emission|template|src/surrender/renderer.cpp|legacy-marker|srArray<T>::release emission|false
SURRENDER|10026de0||srArray<T>::release|template|include/surrender/srArray.h|legacy-marker|srArray<srGERD::Renderer::TextureSet>::release|false
SURRENDER|10026e00||srArray<T>::srArray|template|include/surrender/srArray.h|legacy-marker|srArray<srVector4T<float> >::srArray|false
SURRENDER|10026e30||srArray<T>::release emission|template|src/surrender/renderer.cpp|legacy-marker|srArray<T>::release emission|false
SURRENDER|10026e50||srArray<T>::release|template|include/surrender/srArray.h|legacy-marker|srArray<srVector4T<float> >::release|false
SURRENDER|10026e70||srArray<T>::operator[]|template|include/surrender/srArray.h|legacy-marker|srArray<srVector4T<float> >::operator[]|false
SURRENDER|10026ea0||srArray<T>::~srArray|template|include/surrender/srArray.h|legacy-marker|srArray<srVector2T<float> >::~srArray|false
SURRENDER|10026ec0||srArray<T>::release|template|include/surrender/srArray.h|legacy-marker|srArray<srVector2T<float> >::release|false
SURRENDER|10026ee0||srArray<T>::operator[]|template|include/surrender/srArray.h|legacy-marker|srArray<srVector2T<float> >::operator[]|false
SURRENDER|10026f10||srArray<T>::~srArray|template|include/surrender/srArray.h|legacy-marker|srArray<float>::~srArray|false
SURRENDER|10026f30||srArray<T>::release|template|include/surrender/srArray.h|legacy-marker|srArray<float>::release|false
SURRENDER|10026f50||srArray<T>::operator[]|template|include/surrender/srArray.h|legacy-marker|srArray<float>::operator[]|false
SURRENDER|10026fd0||srArray<T>::srArray|template|include/surrender/srArray.h|legacy-marker|srArray<unsigned char>::srArray|false
SURRENDER|10027020||srArray<T>::release|template|include/surrender/srArray.h|legacy-marker|srArray<unsigned char>::release|false
SURRENDER|10027040||srArray<T>::release emission|template|src/surrender/renderer.cpp|legacy-marker|srArray<T>::release emission|false
SURRENDER|10027060||srArray<T>::operator[]|template|include/surrender/srArray.h|legacy-marker|srArray<srVector3i>::operator[]|false
SURRENDER|10027090||srArray<T>::srArray|template|include/surrender/srArray.h|legacy-marker|srArray<unsigned long>::srArray|false
SURRENDER|100270e0||srArray<T>::release emission|template|src/surrender/renderer.cpp|legacy-marker|srArray<T>::release emission|false
SURRENDER|10027100||srArray<T>::release|template|include/surrender/srArray.h|legacy-marker|srArray<unsigned long>::release|false
SURRENDER|10027120||srArray<T>::operator[]|template|include/surrender/srArray.h|legacy-marker|srArray<unsigned long>::operator[]|false
SURRENDER|100271a0||srHeapBuffer<T>::release emission|template|src/surrender/renderer.cpp|legacy-marker|srHeapBuffer<T>::release emission|false
SURRENDER|100271d0||srHeapBuffer<unsigned char>::ensure|template|include/surrender/srArray.h|legacy-marker|srHeapBuffer<unsigned char>::ensure|false
SURRENDER|10027250||srHeapBuffer<T>::release emission|template|src/surrender/renderer.cpp|legacy-marker|srHeapBuffer<T>::release emission|false
SURRENDER|10027280||srHeapBuffer<unsigned long>::ensure|template|include/surrender/srArray.h|legacy-marker|srHeapBuffer<unsigned long>::ensure|false
SURRENDER|10027300||srHeapBuffer<srGERD::Renderer::TexCoordQ>::~srHeapBuffer|template|include/surrender/srArray.h|legacy-marker|srHeapBuffer<srGERD::Renderer::TexCoordQ>::~srHeapBuffer|false
SURRENDER|10027330||srArray<T>::reserve|template|include/surrender/srArray.h|legacy-marker|srArray<srVector4T<float> >::reserve|false
SURRENDER|10027390||srArray<T>::setCapacity|template|include/surrender/srArray.h|legacy-marker|srArray<srVector4T<float> >::setCapacity|false
SURRENDER|10027440||srArray<T>::setCapacity|template|include/surrender/srArray.h|legacy-marker|srArray<srVector2T<float> >::setCapacity|false
SURRENDER|100274e0||srArray<T>::setCapacity|template|include/surrender/srArray.h|legacy-marker|srArray<float>::setCapacity|false
SURRENDER|10027550||srArray<T>::setCapacity|template|include/surrender/srArray.h|legacy-marker|srArray<unsigned char>::setCapacity|false
SURRENDER|100275b0||srArray<T>::setCapacity|template|include/surrender/srArray.h|legacy-marker|srArray<srVector3i>::setCapacity|false
SURRENDER|10027650||srArray<T>::setCapacity|template|include/surrender/srArray.h|legacy-marker|srArray<unsigned long>::setCapacity|false
SURRENDER|100276c0||srHeapBuffer<unsigned char>::allocate|template|include/surrender/srArray.h|legacy-marker|srHeapBuffer<unsigned char>::allocate|false
SURRENDER|100276e0||srHeapBuffer<unsigned long>::allocate|template|include/surrender/srArray.h|legacy-marker|srHeapBuffer<unsigned long>::allocate|false
SURRENDER|10027700||srHeapBuffer<srGERD::Renderer::TexCoordQ>::allocate|template|include/surrender/srArray.h|legacy-marker|srHeapBuffer<srGERD::Renderer::TexCoordQ>::allocate|false
SURRENDER|10027720||srArray<T>::setCapacity|template|include/surrender/srArray.h|legacy-marker|srArray<srGERD::Renderer::TextureSet>::setCapacity|false
SURRENDER|10027840||srHashTable<Key,Value>::srHashTable|template|include/surrender/srHash.h|legacy-marker|srHashTable<srGERD::Renderer::TextureSetKey, unsigned long>::srHashTable|false
SURRENDER|10027860||srHashTable<Key,Value>::~srHashTable|template|include/surrender/srHash.h|legacy-marker|srHashTable<srGERD::Renderer::TextureSetKey, unsigned long>::~srHashTable|false
SURRENDER|10027890||srHashTableBase<Key,Value>::Clear|template|include/surrender/srHash.h|legacy-marker|srHashTableBase<srGERD::Renderer::TextureSetKey, unsigned long>::Clear|false
SURRENDER|100279e0||srHashTableBase<Key,Value>::Grow|template|include/surrender/srHash.h|legacy-marker|srHashTableBase<srGERD::Renderer::TextureSetKey, unsigned long>::Grow|false
SURRENDER|10027c10||member destructor emission (EH unwind)|synthetic|src/surrender/renderer.cpp|legacy-marker|member destructor emission (EH unwind)|false
SURRENDER|10027cd0||srArray<T>::srArray|template|include/surrender/srArray.h|legacy-marker|srArray<srVector2T<float> >::srArray|false
SURRENDER|10027ce0||srArray<T>::srArray|template|include/surrender/srArray.h|legacy-marker|srArray<float>::srArray|false
SURRENDER|10029380||srPtr<T>::retained emission|synthetic|src/surrender/gerd.cpp|legacy-marker|srPtr element destructor emission|false
SURRENDER|100296b0||srPtr<T>::retained emission|synthetic|src/surrender/gerd.cpp|legacy-marker|srPtr element destructor emission|false
SURRENDER|100296c0||srArray<T>::reserve emission|template|src/surrender/gerd.cpp|legacy-marker|srArray<srGERD::Texture*>::reserve emission|false
SURRENDER|10029f30||srTriangleCuller::operator=|synthetic|include/surrender/srTriangleCuller.h|legacy-marker|srTriangleCuller::operator=|false
SURRENDER|10029f50||std::ios_base::Init global static-init block|synthetic|src/surrender/triangle_culler.cpp|legacy-marker|std::ios_base::Init global static-init block|false
SURRENDER|10029f60||std::ios_base::Init global atexit registrar|synthetic|src/surrender/triangle_culler.cpp|legacy-marker|std::ios_base::Init global atexit registrar|false
SURRENDER|10029f90||std::_Winit global static-init block|synthetic|src/surrender/triangle_culler.cpp|legacy-marker|std::_Winit global static-init block|false
SURRENDER|10029fa0||std::_Winit global atexit registrar|synthetic|src/surrender/triangle_culler.cpp|legacy-marker|std::_Winit global atexit registrar|false
SURRENDER|1002aa30||srVector3T<float>::Set emission|template|src/surrender/triangle_culler.cpp|legacy-marker|srVector3T<float>::Set emission|false
SURRENDER|1002bb80||srVertexPipe::operator= (implicit shallow copy)|synthetic|src/surrender/vertex_pipe.cpp|legacy-marker|srVertexPipe::operator= (implicit shallow copy)|false
SURRENDER|1002c860||srHeapBuffer<T>::release emission|template|src/surrender/vertex_pipe.cpp|legacy-marker|srHeapBuffer<T>::release emission|false
SURRENDER|1002cc70||??4Error@srIOManager@@QAEAAV01@ABV01@@Z|synthetic|include/surrender/srIOManager.h|legacy-marker|??4Error@srIOManager@@QAEAAV01@ABV01@@Z|true
SURRENDER|1002cc80||srIOManager::Importer::Importer()|synthetic|include/surrender/srIOManager.h|legacy-marker|srIOManager::Importer::Importer()|false
SURRENDER|1002cc90||??0Importer@srIOManager@@QAE@ABV01@@Z|synthetic|include/surrender/srIOManager.h|legacy-marker|??0Importer@srIOManager@@QAE@ABV01@@Z|true
SURRENDER|1002cca0||??4Importer@srIOManager@@QAEAAV01@ABV01@@Z|synthetic|include/surrender/srIOManager.h|legacy-marker|??4Importer@srIOManager@@QAEAAV01@ABV01@@Z|true
SURRENDER|1002ccb0||srIOManager::Exporter::Exporter()|synthetic|include/surrender/srIOManager.h|legacy-marker|srIOManager::Exporter::Exporter()|false
SURRENDER|1002cd70||??0Exporter@srIOManager@@QAE@ABV01@@Z|synthetic|include/surrender/srIOManager.h|legacy-marker|??0Exporter@srIOManager@@QAE@ABV01@@Z|true
SURRENDER|1002cd80||??4Exporter@srIOManager@@QAEAAV01@ABV01@@Z|synthetic|include/surrender/srIOManager.h|legacy-marker|??4Exporter@srIOManager@@QAEAAV01@ABV01@@Z|true
SURRENDER|1002cd90||srIOManager::srIOManager(const srIOManager&)|synthetic|include/surrender/srIOManager.h|legacy-marker|srIOManager::srIOManager(const srIOManager&)|false
SURRENDER|1002cdd0||srIOManager::operator=|synthetic|include/surrender/srIOManager.h|legacy-marker|srIOManager::operator=|false
SURRENDER|1002d010||srIOManager scalar deleting destructor|synthetic|src/surrender/io_managers.cpp|legacy-marker|srIOManager scalar deleting destructor|false
SURRENDER|1002d030||srIOManager::`vector deleting destructor'|synthetic|src/surrender/io_managers.cpp|legacy-marker|srIOManager::`vector deleting destructor'|false
SURRENDER|1002d2a0||member destructor emission (EH unwind)|synthetic|src/surrender/io_managers.cpp|legacy-marker|member destructor emission (EH unwind)|false
SURRENDER|1002d3d0||std::ios_base::Init global static-init block|synthetic|src/surrender/io_managers.cpp|legacy-marker|std::ios_base::Init global static-init block|false
SURRENDER|1002d3e0||std::ios_base::Init global atexit registrar|synthetic|src/surrender/io_managers.cpp|legacy-marker|std::ios_base::Init global atexit registrar|false
SURRENDER|1002d410||std::_Winit global static-init block|synthetic|src/surrender/io_managers.cpp|legacy-marker|std::_Winit global static-init block|false
SURRENDER|1002d420||std::_Winit global atexit registrar|synthetic|src/surrender/io_managers.cpp|legacy-marker|std::_Winit global atexit registrar|false
SURRENDER|1002d640||srBinOFStream::`vbase destructor'|synthetic|include/surrender/srBinFStream.h|legacy-marker|srBinOFStream::`vbase destructor'|false
SURRENDER|1002d660||vtordisp deleting-destructor funclet emission|synthetic|src/surrender/io_managers.cpp|legacy-marker|vtordisp deleting-destructor funclet emission|false
SURRENDER|1002dff0||srVideoManager::Stream scalar deleting destructor|synthetic|src/surrender/video_manager.cpp|legacy-marker|srVideoManager::Stream scalar deleting destructor|false
SURRENDER|1002e460||srBinIFStream::`vbase destructor'|synthetic|include/surrender/srBinFStream.h|legacy-marker|srBinIFStream::`vbase destructor'|false
SURRENDER|1002e480||srBinIFStream::~srBinIFStream (vtordisp adjustor thunk)|synthetic|include/surrender/srBinFStream.h|legacy-marker|srBinIFStream::~srBinIFStream (vtordisp adjustor thunk)|false
SURRENDER|1002e5df||catch funclet emission|synthetic|src/surrender/file_stream.cpp|legacy-marker|catch funclet emission|false
SURRENDER|1002e770||std::ios_base::Init global static-init block|synthetic|src/surrender/file_stream.cpp|legacy-marker|std::ios_base::Init global static-init block|false
SURRENDER|1002e780||std::ios_base::Init global atexit registrar|synthetic|src/surrender/file_stream.cpp|legacy-marker|std::ios_base::Init global atexit registrar|false
SURRENDER|1002e7b0||std::_Winit global static-init block|synthetic|src/surrender/file_stream.cpp|legacy-marker|std::_Winit global static-init block|false
SURRENDER|1002e7c0||std::_Winit global atexit registrar|synthetic|src/surrender/file_stream.cpp|legacy-marker|std::_Winit global atexit registrar|false
SURRENDER|1002ec50||ReadJob scalar deleting destructor|synthetic|src/surrender/file_stream.cpp|legacy-marker|ReadJob scalar deleting destructor|false
SURRENDER|1002ed90||base subobject destructor emission (vtable restore)|synthetic|src/surrender/file_stream.cpp|legacy-marker|base subobject destructor emission (vtable restore)|false
SURRENDER|1002edc0||??0srBinIAsyncStream@@QAE@ABV0@@Z|synthetic|include/surrender/srBinIAsyncStream.h|legacy-marker|??0srBinIAsyncStream@@QAE@ABV0@@Z|true
SURRENDER|1002ee70||srBinIAsyncStream::`vbase destructor'|synthetic|include/surrender/srBinIAsyncStream.h|legacy-marker|srBinIAsyncStream::`vbase destructor'|false
SURRENDER|1002eec0||srBinIAsyncStream vector deleting destructor for virtual stream base|synthetic|include/surrender/srBinIAsyncStream.h|Retail 1002eec0: deleting flags select array destruction with stride 0x34 and vbase destructor 1002ee70; receiver adjustment -0x24; conditional operator delete.|??_EsrBinIAsyncStream@@UAEPAXI@Z|true
SURRENDER|1002ef30||srBinIStream::~srBinIStream|synthetic|include/surrender/srBinIStream.h|legacy-marker|srBinIStream::~srBinIStream|false
SURRENDER|1002f430||??0srBinFStream@@QAE@ABV0@@Z|synthetic|include/surrender/srBinFStream.h|legacy-marker|??0srBinFStream@@QAE@ABV0@@Z|true
SURRENDER|1002f530||srBinFStream::operator=|synthetic|include/surrender/srBinFStream.h|legacy-marker|srBinFStream::operator=|false
SURRENDER|1002f5f0||srBinFStream::`vbase destructor'|synthetic|include/surrender/srBinFStream.h|legacy-marker|srBinFStream::`vbase destructor'|false
SURRENDER|1002f640||srBinFStream::`vector deleting destructor'|synthetic|src/surrender/file_stream.cpp|legacy-marker|srBinFStream::`vector deleting destructor'|false
SURRENDER|1002f8d0||??0srBinIFStream@@QAE@ABV0@@Z|synthetic|include/surrender/srBinFStream.h|legacy-marker|??0srBinIFStream@@QAE@ABV0@@Z|true
SURRENDER|1002fa20||srBinIFStream::operator=|synthetic|include/surrender/srBinFStream.h|legacy-marker|srBinIFStream::operator=|false
SURRENDER|1002fb90||srBinIFStream vector deleting destructor for virtual stream base|synthetic|include/surrender/srBinFStream.h|Retail 1002fb90: deleting flags select array destruction with stride 0x34 and vbase destructor 1002e460; receiver adjustment -0x24; conditional operator delete.|??_EsrBinIFStream@@UAEPAXI@Z|true
SURRENDER|1002ff00||??0srBinIOFStream@@QAE@ABV0@@Z|synthetic|include/surrender/srBinFStream.h|legacy-marker|??0srBinIOFStream@@QAE@ABV0@@Z|true
SURRENDER|10030070||srBinIOFStream::operator=|synthetic|include/surrender/srBinFStream.h|legacy-marker|srBinIOFStream::operator=|false
SURRENDER|100301e0||srBinIOFStream::~srBinIOFStream (vtordisp adjustor thunk)|synthetic|include/surrender/srBinFStream.h|legacy-marker|srBinIOFStream::~srBinIOFStream (vtordisp adjustor thunk)|false
SURRENDER|100301f0||srBinIOFStream::`vbase destructor'|synthetic|include/surrender/srBinFStream.h|legacy-marker|srBinIOFStream::`vbase destructor'|false
SURRENDER|10030240||srBinIOFStream vector deleting destructor for virtual stream base|synthetic|include/surrender/srBinFStream.h|Retail 10030240: deleting flags select array destruction with stride 0x3c and vbase destructor 100301f0; receiver adjustment -0x2c; conditional operator delete.|??_EsrBinIOFStream@@UAEPAXI@Z|true
SURRENDER|100302b0||srBinOStream::~srBinOStream|synthetic|include/surrender/srBinOStream.h|legacy-marker|srBinOStream::~srBinOStream|false
SURRENDER|100305d0||srBinOFStream::srBinOFStream|synthetic|include/surrender/srBinFStream.h|legacy-marker|srBinOFStream::srBinOFStream|false
SURRENDER|10030760||srBinOFStream::operator=|synthetic|include/surrender/srBinFStream.h|legacy-marker|srBinOFStream::operator=|false
SURRENDER|100308c0||srBinOFStream::~srBinOFStream|synthetic|include/surrender/srBinFStream.h|legacy-marker|srBinOFStream::~srBinOFStream|false
SURRENDER|10030900||srBinOFStream vector deleting destructor for virtual stream base|synthetic|include/surrender/srBinFStream.h|Retail 10030900: deleting flags select array destruction with stride 0x3c and vbase destructor 1002d640; receiver adjustment -0x08; conditional operator delete.|??_EsrBinOFStream@@UAEPAXI@Z|true
SURRENDER|10030bb0||??0srBinIMStream@@QAE@ABV0@@Z|synthetic|include/surrender/srBinIStream.h|legacy-marker|??0srBinIMStream@@QAE@ABV0@@Z|true
SURRENDER|10030c50||srBinIMStream::operator=|synthetic|include/surrender/srBinIStream.h|legacy-marker|srBinIMStream::operator=|false
SURRENDER|10030ce0||srBinIMStream::~srBinIMStream|synthetic|include/surrender/srBinIStream.h|legacy-marker|srBinIMStream::~srBinIMStream|false
SURRENDER|10030cf0||srBinIMStream::`vbase destructor'|synthetic|include/surrender/srBinIStream.h|legacy-marker|srBinIMStream::`vbase destructor'|false
SURRENDER|10030d40||srBinIMStream vector deleting destructor for virtual stream base|synthetic|include/surrender/srBinIStream.h|Retail 10030d40: deleting flags select array destruction with stride 0x28 and vbase destructor 10030cf0; receiver adjustment -0x18; conditional operator delete.|??_EsrBinIMStream@@UAEPAXI@Z|true
SURRENDER|10031100||srArray<T>::release emission|template|src/surrender/stream.cpp|legacy-marker|srArray<T>::release emission|false
SURRENDER|10031120||srBinOMStream::srBinOMStream(const srBinOMStream&)|synthetic|include/surrender/srBinOStream.h|legacy-marker|srBinOMStream::srBinOMStream(const srBinOMStream&)|false
SURRENDER|10031250||srBinOMStream::operator=|synthetic|include/surrender/srBinOStream.h|legacy-marker|srBinOMStream::operator=|false
SURRENDER|10031330||srBinOMStream::~srBinOMStream|synthetic|include/surrender/srBinOStream.h|legacy-marker|srBinOMStream::~srBinOMStream|false
SURRENDER|10031380||srBinOMStream::`vbase destructor'|synthetic|include/surrender/srBinOStream.h|legacy-marker|srBinOMStream::`vbase destructor'|false
SURRENDER|100313d0||srBinOMStream vector deleting destructor for virtual stream base|synthetic|include/surrender/srBinOStream.h|Retail 100313d0: deleting flags select array destruction with stride 0x2c and vbase destructor 10031380; receiver adjustment -0x1c; conditional operator delete.|??_EsrBinOMStream@@UAEPAXI@Z|true
SURRENDER|10031c40||srBinIStream::srBinIStream()|synthetic|include/surrender/srBinIStream.h|legacy-marker|srBinIStream::srBinIStream()|false
SURRENDER|10031c80||srBinIStream::srBinIStream(const srBinIStream&)|synthetic|include/surrender/srBinIStream.h|legacy-marker|srBinIStream::srBinIStream(const srBinIStream&)|false
SURRENDER|10031ce0||srBinIStream::operator=|synthetic|include/surrender/srBinIStream.h|legacy-marker|srBinIStream::operator=|false
SURRENDER|10031d30||srBinIStream::`vbase destructor'|synthetic|include/surrender/srBinIStream.h|legacy-marker|srBinIStream::`vbase destructor'|false
SURRENDER|10031d40||srBinIStream::`vector deleting destructor'|synthetic|src/surrender/stream.cpp|legacy-marker|srBinIStream::`vector deleting destructor'|false
SURRENDER|10032020||srBinOStream::srBinOStream()|synthetic|include/surrender/srBinOStream.h|legacy-marker|srBinOStream::srBinOStream()|false
SURRENDER|10032060||srBinOStream::srBinOStream(const srBinOStream&)|synthetic|include/surrender/srBinOStream.h|legacy-marker|srBinOStream::srBinOStream(const srBinOStream&)|false
SURRENDER|100320c0||srBinOStream::operator=|synthetic|include/surrender/srBinOStream.h|legacy-marker|srBinOStream::operator=|false
SURRENDER|10032110||srBinOStream::`vbase destructor'|synthetic|include/surrender/srBinOStream.h|legacy-marker|srBinOStream::`vbase destructor'|false
SURRENDER|10032120||srBinOStream::`vector deleting destructor'|synthetic|src/surrender/stream.cpp|legacy-marker|srBinOStream::`vector deleting destructor'|false
SURRENDER|10032240||srBinStream::srBinStream|synthetic|include/surrender/srBinStream.h|legacy-marker|srBinStream::srBinStream|false
SURRENDER|10032280||srBinStream::operator=|synthetic|include/surrender/srBinStream.h|legacy-marker|srBinStream::operator=|false
SURRENDER|100322e0||srBinStream::`vector deleting destructor'|synthetic|include/surrender/srBinStream.h|legacy-marker|srBinStream::`vector deleting destructor'|false
SURRENDER|10032450||srFStreamOpener::operator=|synthetic|include/surrender/srIStreamOpener.h|legacy-marker|srFStreamOpener::operator=|false
SURRENDER|10032460||srFStreamOpener::`vector deleting destructor'|synthetic|src/surrender/stream.cpp|legacy-marker|srFStreamOpener::`vector deleting destructor'|false
SURRENDER|10032740||srIStreamOpener::operator= (implicit shallow copy)|synthetic|src/surrender/stream.cpp|legacy-marker|srIStreamOpener::operator= (implicit shallow copy)|false
SURRENDER|10033080||srDummyStreamBuf::~srDummyStreamBuf|synthetic|include/surrender/srDebug.h|legacy-marker|srDummyStreamBuf::~srDummyStreamBuf|false
SURRENDER|100330d0||srDummyStreamBuf scalar deleting destructor|synthetic|src/surrender/debug.cpp|legacy-marker|srDummyStreamBuf scalar deleting destructor|false
SURRENDER|100330f0||srDummyStreamBuf::`vector deleting destructor'|synthetic|include/surrender/srDebug.h|legacy-marker|srDummyStreamBuf::`vector deleting destructor'|false
SURRENDER|10033160||srDummyStreamBuf global static-init block|synthetic|src/surrender/debug.cpp|legacy-marker|srDummyStreamBuf global static-init block|false
SURRENDER|10033170||srDummyStreamBuf global atexit registrar|synthetic|src/surrender/debug.cpp|legacy-marker|srDummyStreamBuf global atexit registrar|false
SURRENDER|100331a0||srOStream_withassign global static-init block|synthetic|src/surrender/debug.cpp|legacy-marker|srOStream_withassign global static-init block|false
SURRENDER|100331c0||srOStream_withassign global atexit registrar|synthetic|src/surrender/debug.cpp|legacy-marker|srOStream_withassign global atexit registrar|false
SURRENDER|10033200||srOStream_withassign global static-init block|synthetic|src/surrender/debug.cpp|legacy-marker|srOStream_withassign global static-init block|false
SURRENDER|10033220||srOStream_withassign global atexit registrar|synthetic|src/surrender/debug.cpp|legacy-marker|srOStream_withassign global atexit registrar|false
SURRENDER|10033260||srOStream_withassign global static-init block|synthetic|src/surrender/debug.cpp|legacy-marker|srOStream_withassign global static-init block|false
SURRENDER|10033280||srOStream_withassign global atexit registrar|synthetic|src/surrender/debug.cpp|legacy-marker|srOStream_withassign global atexit registrar|false
SURRENDER|100332c0||srOStream_withassign global static-init block|synthetic|src/surrender/debug.cpp|legacy-marker|srOStream_withassign global static-init block|false
SURRENDER|100332e0||srOStream_withassign global atexit registrar|synthetic|src/surrender/debug.cpp|legacy-marker|srOStream_withassign global atexit registrar|false
SURRENDER|10033460||std::ios_base::Init global static-init block|synthetic|src/surrender/debug.cpp|legacy-marker|std::ios_base::Init global static-init block|false
SURRENDER|10033470||std::ios_base::Init global atexit registrar|synthetic|src/surrender/debug.cpp|legacy-marker|std::ios_base::Init global atexit registrar|false
SURRENDER|100334a0||std::_Winit global static-init block|synthetic|src/surrender/debug.cpp|legacy-marker|std::_Winit global static-init block|false
SURRENDER|100334b0||std::_Winit global atexit registrar|synthetic|src/surrender/debug.cpp|legacy-marker|std::_Winit global atexit registrar|false
SURRENDER|10033590||srOStream_withassign::`scalar deleting destructor'|synthetic|include/surrender/srDebug.h|legacy-marker|srOStream_withassign::`scalar deleting destructor'|false
SURRENDER|100335c0||srOStream_withassign::~srOStream_withassign|synthetic|include/surrender/srDebug.h|legacy-marker|srOStream_withassign::~srOStream_withassign|false
SURRENDER|100344b0||srMaterial::srMaterial (implicit copy constructor)|synthetic|src/surrender/material.cpp|legacy-marker|srMaterial::srMaterial (implicit copy constructor)|false
SURRENDER|100345e0||srMaterial::`vector deleting destructor'|synthetic|src/surrender/material.cpp|legacy-marker|srMaterial::`vector deleting destructor'|false
SURRENDER|100347f0||srClassSupport<srMaterialIFace, srClass, true, 0x2200>::sGetClassNode|template|src/surrender/material.cpp|legacy-marker|srClassSupport<srMaterialIFace, srClass, true, 0x2200>::sGetClassNode|false
SURRENDER|10034b70||std::ios_base::Init global static-init block|synthetic|src/surrender/material.cpp|legacy-marker|std::ios_base::Init global static-init block|false
SURRENDER|10034b80||std::ios_base::Init global atexit registrar|synthetic|src/surrender/material.cpp|legacy-marker|std::ios_base::Init global atexit registrar|false
SURRENDER|10034bb0||std::_Winit global static-init block|synthetic|src/surrender/material.cpp|legacy-marker|std::_Winit global static-init block|false
SURRENDER|10034bc0||std::_Winit global atexit registrar|synthetic|src/surrender/material.cpp|legacy-marker|std::_Winit global atexit registrar|false
SURRENDER|10034be0||srMaterialIFace::srMaterialIFace()|synthetic|include/surrender/srMaterialIFace.h|legacy-marker|srMaterialIFace::srMaterialIFace()|false
SURRENDER|10034c70||srMaterialIFace::srMaterialIFace(const srMaterialIFace&)|synthetic|include/surrender/srMaterialIFace.h|legacy-marker|srMaterialIFace::srMaterialIFace(const srMaterialIFace&)|false
SURRENDER|10034d00||srMaterialIFace::`scalar deleting destructor'|synthetic|src/surrender/material.cpp|legacy-marker|srMaterialIFace::`scalar deleting destructor'|false
SURRENDER|10034d80||srMaterialIFace::operator=|synthetic|include/surrender/srMaterialIFace.h|legacy-marker|srMaterialIFace::operator=|false
SURRENDER|10035230||std::ios_base::Init global static-init block|synthetic|src/surrender/material.cpp|legacy-marker|std::ios_base::Init global static-init block|false
SURRENDER|10035240||std::ios_base::Init global atexit registrar|synthetic|src/surrender/material.cpp|legacy-marker|std::ios_base::Init global atexit registrar|false
SURRENDER|10035270||std::_Winit global static-init block|synthetic|src/surrender/material.cpp|legacy-marker|std::_Winit global static-init block|false
SURRENDER|10035280||std::_Winit global atexit registrar|synthetic|src/surrender/material.cpp|legacy-marker|std::_Winit global atexit registrar|false
SURRENDER|100352b0||srEnvironmentMapper global static-init block|synthetic|src/surrender/material.cpp|legacy-marker|srEnvironmentMapper global static-init block|false
SURRENDER|100352c0||srEnvironmentMapper global atexit registrar|synthetic|src/surrender/material.cpp|legacy-marker|srEnvironmentMapper global atexit registrar|false
SURRENDER|10035430||srEnvironmentMapper::srEnvironmentMapper()|synthetic|include/surrender/srEnvironmentMapper.h|legacy-marker|srEnvironmentMapper::srEnvironmentMapper()|false
SURRENDER|10035440||srEnvironmentMapper::srEnvironmentMapper(const srEnvironmentMapper&)|synthetic|include/surrender/srEnvironmentMapper.h|legacy-marker|srEnvironmentMapper::srEnvironmentMapper(const srEnvironmentMapper&)|false
SURRENDER|10035450||srEnvironmentMapper::operator=|synthetic|include/surrender/srEnvironmentMapper.h|legacy-marker|srEnvironmentMapper::operator=|false
SURRENDER|10035460||srEnvironmentMapper::~srEnvironmentMapper|synthetic|include/surrender/srEnvironmentMapper.h|legacy-marker|srEnvironmentMapper::~srEnvironmentMapper|false
SURRENDER|10035490||srVertexProcessor::`scalar deleting destructor'|synthetic|src/surrender/environment_mapper.cpp|legacy-marker|srVertexProcessor::`scalar deleting destructor'|false
SURRENDER|100354b0||srEnvironmentMapper scalar deleting destructor|synthetic|src/surrender/environment_mapper.cpp|legacy-marker|srEnvironmentMapper scalar deleting destructor|false
SURRENDER|100354d0||srEnvironmentMapper::`vector deleting destructor'|synthetic|src/surrender/environment_mapper.cpp|legacy-marker|srEnvironmentMapper::`vector deleting destructor'|false
SURRENDER|100358d0||~srGlobalRecycler EH-unwind emission: drains critical_section_8c|synthetic|src/surrender/global_recycler.cpp|legacy-marker|~srGlobalRecycler EH-unwind emission: drains critical_section_8c|false
SURRENDER|10035990||srHeap global static-init call|synthetic|src/surrender/heap.cpp|legacy-marker|srHeap global static-init call|false
SURRENDER|100359a0||srHeap global atexit registrar|synthetic|src/surrender/heap.cpp|legacy-marker|srHeap global atexit registrar|false
SURRENDER|100359b0||srHeap global atexit dtor thunk|synthetic|src/surrender/heap.cpp|legacy-marker|srHeap global atexit dtor thunk|false
SURRENDER|10036490||std::ios_base::Init global static-init block|synthetic|src/surrender/heap.cpp|legacy-marker|std::ios_base::Init global static-init block|false
SURRENDER|100364a0||std::ios_base::Init global atexit registrar|synthetic|src/surrender/heap.cpp|legacy-marker|std::ios_base::Init global atexit registrar|false
SURRENDER|100364d0||std::_Winit global static-init block|synthetic|src/surrender/heap.cpp|legacy-marker|std::_Winit global static-init block|false
SURRENDER|100364e0||std::_Winit global atexit registrar|synthetic|src/surrender/heap.cpp|legacy-marker|std::_Winit global atexit registrar|false
SURRENDER|100367e0||std::ios_base::Init global static-init block|synthetic|src/surrender/heap.cpp|legacy-marker|std::ios_base::Init global static-init block|false
SURRENDER|100367f0||std::ios_base::Init global atexit registrar|synthetic|src/surrender/heap.cpp|legacy-marker|std::ios_base::Init global atexit registrar|false
SURRENDER|10036820||std::_Winit global static-init block|synthetic|src/surrender/heap.cpp|legacy-marker|std::_Winit global static-init block|false
SURRENDER|10036830||std::_Winit global atexit registrar|synthetic|src/surrender/heap.cpp|legacy-marker|std::_Winit global atexit registrar|false
SURRENDER|10036a80||srMemoryPool::operator=|synthetic|include/surrender/srMemoryPool.h|legacy-marker|srMemoryPool::operator=|false
SURRENDER|10037040||std::ios_base::Init global static-init block|synthetic|src/surrender/memory_pool.cpp|legacy-marker|std::ios_base::Init global static-init block|false
SURRENDER|10037050||std::ios_base::Init global atexit registrar|synthetic|src/surrender/memory_pool.cpp|legacy-marker|std::ios_base::Init global atexit registrar|false
SURRENDER|10037080||std::_Winit global static-init block|synthetic|src/surrender/memory_pool.cpp|legacy-marker|std::_Winit global static-init block|false
SURRENDER|10037090||std::_Winit global atexit registrar|synthetic|src/surrender/memory_pool.cpp|legacy-marker|std::_Winit global atexit registrar|false
SURRENDER|10037c10||??0Triangle@srModeler@@QAE@ABV01@@Z|synthetic|include/surrender/srModeler.h|legacy-marker|??0Triangle@srModeler@@QAE@ABV01@@Z|true
SURRENDER|10037c70||??4Triangle@srModeler@@QAEAAV01@ABV01@@Z|synthetic|include/surrender/srModeler.h|legacy-marker|??4Triangle@srModeler@@QAEAAV01@ABV01@@Z|true
SURRENDER|10037cf0||??0Polygon@srModeler@@QAE@ABV01@@Z|synthetic|include/surrender/srModeler.h|legacy-marker|??0Polygon@srModeler@@QAE@ABV01@@Z|true
SURRENDER|10037d40||??4Polygon@srModeler@@QAEAAV01@ABV01@@Z|synthetic|include/surrender/srModeler.h|legacy-marker|??4Polygon@srModeler@@QAEAAV01@ABV01@@Z|true
SURRENDER|10037da0||??4MappingInfo@srModeler@@QAEAAU01@ABU01@@Z|synthetic|include/surrender/srModeler.h|legacy-marker|??4MappingInfo@srModeler@@QAEAAU01@ABU01@@Z|true
SURRENDER|10037dc0||srModeler::MappingInfo default constructor closure|synthetic|src/surrender/modeler.cpp|legacy-marker|srModeler::MappingInfo default constructor closure|false
SURRENDER|10037de0||??0srModeler@@QAE@ABV0@@Z|synthetic|include/surrender/srModeler.h|legacy-marker|??0srModeler@@QAE@ABV0@@Z|true
SURRENDER|10037f90||srModeler::operator=|synthetic|include/surrender/srModeler.h|legacy-marker|srModeler::operator=|false
SURRENDER|100380a0||srModeler::`scalar deleting destructor'|synthetic|src/surrender/modeler.cpp|Retail calls srModeler::~srModeler then conditionally operator delete when the low flag bit is set; returns this with ret 4.|srModeler::`scalar deleting destructor'|false
SURRENDER|100380c0||srModeler::`vector deleting destructor'|synthetic|src/surrender/modeler.cpp|legacy-marker|srModeler::`vector deleting destructor'|false
SURRENDER|10038120||srArray<T>::reserve|template|include/surrender/srArray.h|legacy-marker|srArray<srModeler::Triangle>::reserve|false
SURRENDER|10038730||srModeler::Vertex::operator=|synthetic|include/surrender/srModeler.h|legacy-marker|srModeler::Vertex::operator=|false
SURRENDER|1003bcb0||srTriangulator::operator= (implicit shallow copy)|synthetic|src/surrender/triangulator.cpp|legacy-marker|srTriangulator::operator= (implicit shallow copy)|false
SURRENDER|1003bce0||srTriangulator::~srTriangulator (implicit list-member teardown)|synthetic|src/surrender/triangulator.cpp|legacy-marker|srTriangulator::~srTriangulator (implicit list-member teardown)|false
SURRENDER|1003bcf0||srArray<T>::setCapacity|template|include/surrender/srArray.h|legacy-marker|srArray<srModeler::Triangle>::setCapacity|false
SURRENDER|1003be80||srArray<T>::release|template|include/surrender/srArray.h|legacy-marker|srArray<srModeler::Triangle>::release|false
SURRENDER|1003c630||srClassSupport<srModel,srClass,1,8192>::getClassID|template|src/surrender/model.cpp|legacy-marker|srClassSupport<srModel,srClass,1,8192>::getClassID|false
SURRENDER|1003c640||srClassSupport<srModel,srClass,1,8192>::getClassName|template|src/surrender/model.cpp|legacy-marker|srClassSupport<srModel,srClass,1,8192>::getClassName|false
SURRENDER|1003c650||srClassSupport<srModel,srClass,1,8192>::getClassNode|template|src/surrender/model.cpp|legacy-marker|srClassSupport<srModel,srClass,1,8192>::getClassNode|false
SURRENDER|1003c690||srClassSupport<srModel, srClass, true, 0x2000>::vClone|template|src/surrender/model.cpp|legacy-marker|srClassSupport<srModel, srClass, true, 0x2000>::vClone|false
SURRENDER|1003c6b0||srPtr<T>::retained emission|synthetic|src/surrender/model.cpp|legacy-marker|srPtr element destructor emission|false
SURRENDER|1003c710||srModel::Client::Client(const Client&)|synthetic|include/surrender/srModel.h|legacy-marker|srModel::Client::Client(const Client&)|false
SURRENDER|1003c750||srModel::Client::operator=|synthetic|include/surrender/srModel.h|legacy-marker|srModel::Client::operator=|false
SURRENDER|1003c7b0||srModel::srModel(const srModel&)|synthetic|include/surrender/srModel.h|legacy-marker|srModel::srModel(const srModel&)|false
SURRENDER|1003c850||Client scalar deleting destructor|synthetic|src/surrender/model.cpp|legacy-marker|Client scalar deleting destructor|false
SURRENDER|1003c870||srModel::Client::`vector deleting destructor'|synthetic|src/surrender/model.cpp|legacy-marker|srModel::Client::`vector deleting destructor'|false
SURRENDER|1003c8d0||srModel scalar deleting destructor|synthetic|src/surrender/model.cpp|legacy-marker|srModel scalar deleting destructor|false
SURRENDER|1003c8f0||srModel::`vector deleting destructor'|synthetic|src/surrender/model.cpp|legacy-marker|srModel::`vector deleting destructor'|false
SURRENDER|1003c950||srClassSupport<srModel,srClass,1,8192>::`scalar deleting destructor'|synthetic|src/surrender/model.cpp|legacy-marker|srClassSupport<srModel,srClass,1,8192>::`scalar deleting destructor'|false
SURRENDER|1003c970||srClientSupport<srModel, 0x2000>::~srClientSupport|template|src/surrender/model.cpp|legacy-marker|srClientSupport<srModel, 0x2000>::~srClientSupport|false
SURRENDER|1003ca10||std::ios_base::Init global static-init block|synthetic|src/surrender/model.cpp|legacy-marker|std::ios_base::Init global static-init block|false
SURRENDER|1003ca20||std::ios_base::Init global atexit registrar|synthetic|src/surrender/model.cpp|legacy-marker|std::ios_base::Init global atexit registrar|false
SURRENDER|1003ca50||std::_Winit global static-init block|synthetic|src/surrender/model.cpp|legacy-marker|std::_Winit global static-init block|false
SURRENDER|1003ca60||std::_Winit global atexit registrar|synthetic|src/surrender/model.cpp|legacy-marker|std::_Winit global atexit registrar|false
SURRENDER|1003ffb0||srVector3i implicit copy-assignment emission|synthetic|src/surrender/mesh_model.cpp|legacy-marker|srVector3i implicit copy-assignment emission|false
SURRENDER|10041bf0||srMeshModel::srMeshModel (implicit copy constructor)|synthetic|src/surrender/mesh_model.cpp|legacy-marker|srMeshModel::srMeshModel (implicit copy constructor)|false
SURRENDER|100425a0||srMeshModel default constructor closure|synthetic|src/surrender/mesh_model.cpp|legacy-marker|srMeshModel default constructor closure|false
SURRENDER|100425b0||srMeshModel scalar deleting destructor|synthetic|src/surrender/mesh_model.cpp|legacy-marker|srMeshModel scalar deleting destructor|false
SURRENDER|100425d0||srMeshModel::`vector deleting destructor'|synthetic|src/surrender/mesh_model.cpp|legacy-marker|srMeshModel::`vector deleting destructor'|false
SURRENDER|10042630||member copy-assignment emission|synthetic|src/surrender/mesh_model.cpp|legacy-marker|member copy-assignment emission|false
SURRENDER|10042990||srClassSupport<srMeshModel,srModel,0,8208>::getClassID|template|src/surrender/mesh_model.cpp|legacy-marker|srClassSupport<srMeshModel,srModel,0,8208>::getClassID|false
SURRENDER|100429a0||srClassSupport<srMeshModel,srModel,0,8208>::getClassName|template|src/surrender/mesh_model.cpp|legacy-marker|srClassSupport<srMeshModel,srModel,0,8208>::getClassName|false
SURRENDER|100429b0||srClassSupport<srMeshModel,srModel,0,8208>::getClassNode|template|src/surrender/mesh_model.cpp|legacy-marker|srClassSupport<srMeshModel,srModel,0,8208>::getClassNode|false
SURRENDER|10042a10||srClassSupport<srMeshModel, srModel, 0, 0x2010>::vClone|template|src/surrender/mesh_model.cpp|legacy-marker|srClassSupport<srMeshModel, srModel, 0, 0x2010>::vClone|false
SURRENDER|10042a30||srClassSupport<srMeshModel, srModel, 0, 0x2010>::~srClassSupport|template|src/surrender/mesh_model.cpp|legacy-marker|srClassSupport<srMeshModel, srModel, 0, 0x2010>::~srClassSupport|false
SURRENDER|10042b00||srPtr<T>::~srPtr|template|include/surrender/srPtr.h|legacy-marker|srPtr<srMaterialIFace>::~srPtr|false
SURRENDER|10042b10||srMeshModel::MeshTable<T>::~MeshTable|template|include/surrender/srMeshModel.h|legacy-marker|srMeshModel::MeshTable<srPtr<srTextureIFace> >::~MeshTable|false
SURRENDER|10042b70||srMeshModel::MeshTable<T>::Release|template|include/surrender/srMeshModel.h|legacy-marker|srMeshModel::MeshTable<srPtr<srTextureIFace> >::Release|false
SURRENDER|10042bd0||srMeshModel::MeshTable<T>::Resize|template|include/surrender/srMeshModel.h|legacy-marker|srMeshModel::MeshTable<srPtr<srTextureIFace> >::Resize|false
SURRENDER|10042d00||srMeshModel::MeshTable<T>::~MeshTable|template|include/surrender/srMeshModel.h|legacy-marker|srMeshModel::MeshTable<srShader>::~MeshTable|false
SURRENDER|10042d30||srMeshModel::MeshTable<T>::Release|template|include/surrender/srMeshModel.h|legacy-marker|srMeshModel::MeshTable<srShader>::Release|false
SURRENDER|10042d60||srMeshModel::MeshTable<T>::Resize|template|include/surrender/srMeshModel.h|legacy-marker|srMeshModel::MeshTable<srShader>::Resize|false
SURRENDER|10042df0||srMeshModel::MeshTable<T>::~MeshTable|template|include/surrender/srMeshModel.h|legacy-marker|srMeshModel::MeshTable<srPtr<srMaterialIFace> >::~MeshTable|false
SURRENDER|10042e50||srMeshModel::MeshTable<T>::Release|template|include/surrender/srMeshModel.h|legacy-marker|srMeshModel::MeshTable<srPtr<srMaterialIFace> >::Release|false
SURRENDER|10042eb0||srMeshModel::MeshTable<T>::Resize|template|include/surrender/srMeshModel.h|legacy-marker|srMeshModel::MeshTable<srPtr<srMaterialIFace> >::Resize|false
SURRENDER|10042fe0||srMeshModel::MeshTable<T>::~MeshTable|template|include/surrender/srMeshModel.h|legacy-marker|srMeshModel::MeshTable<srVector3i>::~MeshTable|false
SURRENDER|10043010||srMeshModel::MeshTable<T>::operator=|template|include/surrender/srMeshModel.h|legacy-marker|srMeshModel::MeshTable<srVector3i>::operator=|false
SURRENDER|10043100||srMeshModel::MeshTable<T>::Release|template|include/surrender/srMeshModel.h|legacy-marker|srMeshModel::MeshTable<srVector3i>::Release|false
SURRENDER|10043130||srMeshModel::MeshTable<T>::Resize|template|include/surrender/srMeshModel.h|legacy-marker|srMeshModel::MeshTable<srVector3i>::Resize|false
SURRENDER|100431e0||srMeshModel::MeshTable<T>::~MeshTable|template|include/surrender/srMeshModel.h|legacy-marker|srMeshModel::MeshTable<srVector4T<float> >::~MeshTable|false
SURRENDER|10043210||srMeshModel::MeshTable<T>::operator=|template|include/surrender/srMeshModel.h|legacy-marker|srMeshModel::MeshTable<srVector4T<float> >::operator=|false
SURRENDER|10043300||srMeshModel::MeshTable<T>::Release|template|include/surrender/srMeshModel.h|legacy-marker|srMeshModel::MeshTable<srVector4T<float> >::Release|false
SURRENDER|10043330||srMeshModel::MeshTable<T>::Resize|template|include/surrender/srMeshModel.h|legacy-marker|srMeshModel::MeshTable<srVector4T<float> >::Resize|false
SURRENDER|100433f0||srMeshModel::MeshTable<T>::~MeshTable|template|include/surrender/srMeshModel.h|legacy-marker|srMeshModel::MeshTable<srVector2T<float> >::~MeshTable|false
SURRENDER|10043420||srMeshModel::MeshTable<T>::operator=|template|include/surrender/srMeshModel.h|legacy-marker|srMeshModel::MeshTable<srVector2T<float> >::operator=|false
SURRENDER|100434e0||srMeshModel::MeshTable<T>::Release|template|include/surrender/srMeshModel.h|legacy-marker|srMeshModel::MeshTable<srVector2T<float> >::Release|false
SURRENDER|10043510||srMeshModel::MeshTable<T>::Resize|template|include/surrender/srMeshModel.h|legacy-marker|srMeshModel::MeshTable<srVector2T<float> >::Resize|false
SURRENDER|100435b0||srMeshModel::MeshTable<T>::~MeshTable|template|include/surrender/srMeshModel.h|legacy-marker|srMeshModel::MeshTable<srVector3T<float> >::~MeshTable|false
SURRENDER|100435e0||srMeshModel::MeshTable<T>::operator=|template|include/surrender/srMeshModel.h|legacy-marker|srMeshModel::MeshTable<srVector3T<float> >::operator=|false
SURRENDER|100436d0||srMeshModel::MeshTable<T>::Release|template|include/surrender/srMeshModel.h|legacy-marker|srMeshModel::MeshTable<srVector3T<float> >::Release|false
SURRENDER|10043700||srMeshModel::MeshTable<T>::Resize|template|include/surrender/srMeshModel.h|legacy-marker|srMeshModel::MeshTable<srVector3T<float> >::Resize|false
SURRENDER|100437b0||srMeshModel::MeshTable<T>::~MeshTable|template|include/surrender/srMeshModel.h|legacy-marker|srMeshModel::MeshTable<unsigned long>::~MeshTable|false
SURRENDER|100437e0||srMeshModel::MeshTable<T>::operator=|template|include/surrender/srMeshModel.h|legacy-marker|srMeshModel::MeshTable<unsigned long>::operator=|false
SURRENDER|100438a0||srMeshModel::MeshTable<T>::Release|template|include/surrender/srMeshModel.h|legacy-marker|srMeshModel::MeshTable<unsigned long>::Release|false
SURRENDER|100438d0||srMeshModel::MeshTable<T>::Resize|template|include/surrender/srMeshModel.h|legacy-marker|srMeshModel::MeshTable<unsigned long>::Resize|false
SURRENDER|10043970||std::ios_base::Init global static-init block|synthetic|src/surrender/mesh_model.cpp|legacy-marker|std::ios_base::Init global static-init block|false
SURRENDER|10043990||std::ios_base::Init global atexit registrar|synthetic|src/surrender/mesh_model.cpp|legacy-marker|std::ios_base::Init global atexit registrar|false
SURRENDER|100439b0||std::_Winit global static-init block|synthetic|src/surrender/mesh_model.cpp|legacy-marker|std::_Winit global static-init block|false
SURRENDER|100439d0||std::_Winit global atexit registrar|synthetic|src/surrender/mesh_model.cpp|legacy-marker|std::_Winit global atexit registrar|false
SURRENDER|100439f0||srClassSupport<srMeshModel,srModel,0,8208>::`scalar deleting destructor'|synthetic|src/surrender/mesh_model.cpp|legacy-marker|srClassSupport<srMeshModel,srModel,0,8208>::`scalar deleting destructor'|false
SURRENDER|10043a10||srPtr<T> element destructor emission|synthetic|src/surrender/mesh_model.cpp|legacy-marker|srPtr<srTextureIFace> element destructor emission|false
SURRENDER|10043a40||srPtr<T> element destructor emission|synthetic|src/surrender/mesh_model.cpp|legacy-marker|srPtr<srMaterialIFace> element destructor emission|false
SURRENDER|10043a70||srClassSupport<srModel, srClass, true, 0x2000>::sGetClassNode|template|src/surrender/mesh_model.cpp|legacy-marker|srClassSupport<srModel, srClass, true, 0x2000>::sGetClassNode|false
SURRENDER|10043ab0||srMeshModel::MeshTable<T>::Copy|template|include/surrender/srMeshModel.h|legacy-marker|srMeshModel::MeshTable<srPtr<srTextureIFace> >::Copy|false
SURRENDER|10043b10||srMeshModel::MeshTable<T>::Allocate|template|include/surrender/srMeshModel.h|legacy-marker|srMeshModel::MeshTable<srPtr<srTextureIFace> >::Allocate|false
SURRENDER|10043b50||srMeshModel::MeshTable<T>::Copy|template|include/surrender/srMeshModel.h|legacy-marker|srMeshModel::MeshTable<srShader>::Copy|false
SURRENDER|10043b80||srMeshModel::MeshTable<T>::Allocate|template|include/surrender/srMeshModel.h|legacy-marker|srMeshModel::MeshTable<srShader>::Allocate|false
SURRENDER|10043bc0||srMeshModel::MeshTable<T>::Copy|template|include/surrender/srMeshModel.h|legacy-marker|srMeshModel::MeshTable<srPtr<srMaterialIFace> >::Copy|false
SURRENDER|10043c20||srMeshModel::MeshTable<T>::Allocate|template|include/surrender/srMeshModel.h|legacy-marker|srMeshModel::MeshTable<srPtr<srMaterialIFace> >::Allocate|false
SURRENDER|10043c60||srMeshModel::MeshTable<T>::Copy|template|include/surrender/srMeshModel.h|legacy-marker|srMeshModel::MeshTable<srVector3i>::Copy|false
SURRENDER|10043ca0||srMeshModel::MeshTable<T>::Allocate|template|include/surrender/srMeshModel.h|legacy-marker|srMeshModel::MeshTable<srVector3i>::Allocate|false
SURRENDER|10043cc0||srMeshModel::MeshTable<T>::Copy|template|include/surrender/srMeshModel.h|legacy-marker|srMeshModel::MeshTable<srVector4T<float> >::Copy|false
SURRENDER|10043d00||srMeshModel::MeshTable<T>::Allocate|template|include/surrender/srMeshModel.h|legacy-marker|srMeshModel::MeshTable<srVector4T<float> >::Allocate|false
SURRENDER|10043d20||srMeshModel::MeshTable<T>::Copy|template|include/surrender/srMeshModel.h|legacy-marker|srMeshModel::MeshTable<srVector2T<float> >::Copy|false
SURRENDER|10043d50||srMeshModel::MeshTable<T>::Allocate|template|include/surrender/srMeshModel.h|legacy-marker|srMeshModel::MeshTable<srVector2T<float> >::Allocate|false
SURRENDER|10043d70||srMeshModel::MeshTable<T>::Copy|template|include/surrender/srMeshModel.h|legacy-marker|srMeshModel::MeshTable<srVector3T<float> >::Copy|false
SURRENDER|10043db0||srMeshModel::MeshTable<T>::Allocate|template|include/surrender/srMeshModel.h|legacy-marker|srMeshModel::MeshTable<srVector3T<float> >::Allocate|false
SURRENDER|10043dd0||srMeshModel::MeshTable<T>::Copy|template|include/surrender/srMeshModel.h|legacy-marker|srMeshModel::MeshTable<unsigned long>::Copy|false
SURRENDER|10043f90||srHeapBuffer<T>::ensure emission|template|src/surrender/mesh_model.cpp|legacy-marker|srHeapBuffer<T>::ensure emission|false
SURRENDER|10044010||srArray<T>::release emission|template|src/surrender/mesh_model.cpp|legacy-marker|srArray<T>::release emission|false
SURRENDER|10044030||srArray<T>::release emission|template|src/surrender/mesh_model.cpp|legacy-marker|srArray<T>::release emission|false
SURRENDER|10044050||srArray<T>::release emission|template|src/surrender/mesh_model.cpp|legacy-marker|srArray<T>::release emission|false
SURRENDER|10044080||srTriMeshPipeline::`scalar deleting destructor'|synthetic|src/surrender/mesh_model.cpp|legacy-marker|srTriMeshPipeline::`scalar deleting destructor'|false
SURRENDER|10044df0||srVector3T<float>::Set|template|include/surrender/srMath.h|legacy-marker|srVector3T<float>::Set|false
SURRENDER|10044e10||srMeshModel::MeshTable<T>::Allocate|template|include/surrender/srMeshModel.h|legacy-marker|srMeshModel::MeshTable<unsigned long>::Allocate|false
SURRENDER|10044e30||srArray<T>::operator[]|template|include/surrender/srArray.h|legacy-marker|srArray<srTriMeshPipeline::Record>::operator[]|false
SURRENDER|10044e60||srArray<T>::setCapacity|template|include/surrender/srArray.h|legacy-marker|srArray<srVertexArray>::setCapacity|false
SURRENDER|10044ee0||srArray<T>::setCapacity|template|include/surrender/srArray.h|legacy-marker|srArray<srTriMeshPipeline::Record>::setCapacity|false
SURRENDER|10045030||srArray<T>::setCapacity|template|include/surrender/srArray.h|legacy-marker|srArray<srTriMeshPipeline::Pass>::setCapacity|false
SURRENDER|10045130||permuteTable<srVector4T<float> >|template|src/surrender/mesh_model.cpp|legacy-marker|permuteTable<srVector4T<float> >|false
SURRENDER|100451e0||permuteTable<srVector3i>|template|src/surrender/mesh_model.cpp|legacy-marker|permuteTable<srVector3i>|false
SURRENDER|10045280||permuteObjects<srShader>|template|src/surrender/mesh_model.cpp|legacy-marker|permuteObjects<srShader>|false
SURRENDER|10045300||permuteObjects<srPtr<T> >|template|src/surrender/mesh_model.cpp|legacy-marker|permuteObjects<srPtr<srTextureIFace> >|false
SURRENDER|10045450||permuteTable<srVector3T<float> >|template|src/surrender/mesh_model.cpp|legacy-marker|permuteTable<srVector3T<float> >|false
SURRENDER|100454f0||permuteObjects<srPtr<T> >|template|src/surrender/mesh_model.cpp|legacy-marker|permuteObjects<srPtr<srMaterialIFace> >|false
SURRENDER|10045640||permuteTable<srVector2T<float> >|template|src/surrender/mesh_model.cpp|legacy-marker|permuteTable<srVector2T<float> >|false
SURRENDER|10045890||srDynamicLibrary::operator=(srDynamicLibrary const &)|synthetic|include/surrender/srDynamicLibrary.h|legacy-marker|srDynamicLibrary::operator=(srDynamicLibrary const &)|false
SURRENDER|100458a0||srWindow::operator= (implicit)|synthetic|src/surrender/window.cpp|legacy-marker|srWindow::operator= (implicit)|false
SURRENDER|100458c0||srThread::operator= (implicit)|synthetic|src/surrender/thread.cpp|legacy-marker|srThread::operator= (implicit)|false
SURRENDER|100458d0||srMutex::srMutex(const srMutex&)|synthetic|include/surrender/srMutex.h|legacy-marker|srMutex::srMutex(const srMutex&)|false
SURRENDER|100458f0||srMutex::operator=|synthetic|include/surrender/srMutex.h|legacy-marker|srMutex::operator=|false
SURRENDER|10045910||srMutex scalar deleting destructor|synthetic|src/surrender/mutex.cpp|legacy-marker|srMutex scalar deleting destructor|false
SURRENDER|10045930||srMutex::`vector deleting destructor'|synthetic|src/surrender/mutex.cpp|legacy-marker|srMutex::`vector deleting destructor'|false
SURRENDER|10046770||std::ios_base::Init global static-init block|synthetic|src/surrender/debug.cpp|legacy-marker|std::ios_base::Init global static-init block|false
SURRENDER|10046780||std::ios_base::Init global atexit registrar|synthetic|src/surrender/debug.cpp|legacy-marker|std::ios_base::Init global atexit registrar|false
SURRENDER|100467b0||std::_Winit global static-init block|synthetic|src/surrender/debug.cpp|legacy-marker|std::_Winit global static-init block|false
SURRENDER|100467c0||std::_Winit global atexit registrar|synthetic|src/surrender/debug.cpp|legacy-marker|std::_Winit global atexit registrar|false
SURRENDER|10047650||srWindowOutStreamBuf scalar deleting destructor|synthetic|src/surrender/window_out.cpp|legacy-marker|srWindowOutStreamBuf scalar deleting destructor|false
SURRENDER|100479a0||std::ios_base::Init global static-init block|synthetic|src/surrender/window_out.cpp|legacy-marker|std::ios_base::Init global static-init block|false
SURRENDER|100479b0||std::ios_base::Init global atexit registrar|synthetic|src/surrender/window_out.cpp|legacy-marker|std::ios_base::Init global atexit registrar|false
SURRENDER|100479e0||std::_Winit global static-init block|synthetic|src/surrender/window_out.cpp|legacy-marker|std::_Winit global static-init block|false
SURRENDER|100479f0||std::_Winit global atexit registrar|synthetic|src/surrender/window_out.cpp|legacy-marker|std::_Winit global atexit registrar|false
SURRENDER|10047a10||??0srWindowOut@@QAE@ABV0@@Z|synthetic|include/surrender/srWindowOut.h|legacy-marker|??0srWindowOut@@QAE@ABV0@@Z|true
SURRENDER|10047b00||srWindowOut::operator=|synthetic|include/surrender/srWindowOut.h|legacy-marker|srWindowOut::operator=|false
SURRENDER|10047ba0||srWindowOut::`vbase destructor'|synthetic|include/surrender/srWindowOut.h|legacy-marker|srWindowOut::`vbase destructor'|false
SURRENDER|10047bf0||srWindowOut::`vector deleting destructor'|synthetic|include/surrender/srWindowOut.h|legacy-marker|srWindowOut::`vector deleting destructor'|false
SURRENDER|10047c60||srArray<T>::release emission|template|src/surrender/window_out.cpp|legacy-marker|srArray<T>::release emission|false
SURRENDER|10047cf0||std::ios_base::Init global static-init block|synthetic|src/surrender/window_out.cpp|legacy-marker|std::ios_base::Init global static-init block|false
SURRENDER|10047d00||std::ios_base::Init global atexit registrar|synthetic|src/surrender/window_out.cpp|legacy-marker|std::ios_base::Init global atexit registrar|false
SURRENDER|10047d30||std::_Winit global static-init block|synthetic|src/surrender/window_out.cpp|legacy-marker|std::_Winit global static-init block|false
SURRENDER|10047d40||std::_Winit global atexit registrar|synthetic|src/surrender/window_out.cpp|legacy-marker|std::_Winit global atexit registrar|false
SURRENDER|10048090||srCamera::srCamera(const srCamera&)|synthetic|include/surrender/srCamera.h|legacy-marker|srCamera::srCamera(const srCamera&)|false
SURRENDER|100481f0||srCamera::~srCamera|synthetic|include/surrender/srCamera.h|legacy-marker|srCamera::~srCamera|false
SURRENDER|100482b0||srCamera default constructor closure|synthetic|src/surrender/camera.cpp|legacy-marker|srCamera default constructor closure|false
SURRENDER|100482c0||srCamera::`scalar deleting destructor'|synthetic|src/surrender/camera.cpp|legacy-marker|srCamera::`scalar deleting destructor'|false
SURRENDER|10048310||srCamera::`vector deleting destructor'|synthetic|src/surrender/camera.cpp|legacy-marker|srCamera::`vector deleting destructor'|false
SURRENDER|10048370||srCamera::operator=|synthetic|include/surrender/srCamera.h|legacy-marker|srCamera::operator=|false
SURRENDER|10049380||srClassSupport<srCamera,srNode,0,5120>::getClassID|template|src/surrender/camera.cpp|legacy-marker|srClassSupport<srCamera,srNode,0,5120>::getClassID|false
SURRENDER|10049390||srClassSupport<srCamera,srNode,0,5120>::getClassName|template|src/surrender/camera.cpp|legacy-marker|srClassSupport<srCamera,srNode,0,5120>::getClassName|false
SURRENDER|100493a0||srClassSupport<srCamera,srNode,0,5120>::getClassNode|template|src/surrender/camera.cpp|legacy-marker|srClassSupport<srCamera,srNode,0,5120>::getClassNode|false
SURRENDER|10049400||srClassSupport<srCamera, srNode, 0, 0x1400>::vClone|template|src/surrender/camera.cpp|legacy-marker|srClassSupport<srCamera, srNode, 0, 0x1400>::vClone|false
SURRENDER|10049420||srClassSupport<srCamera, srNode, 0, 0x1400>::getClassNode|template|src/surrender/camera.cpp|legacy-marker|srClassSupport<srCamera, srNode, 0, 0x1400>::getClassNode|false
SURRENDER|100494f0||std::ios_base::Init global static-init block|synthetic|src/surrender/camera.cpp|legacy-marker|std::ios_base::Init global static-init block|false
SURRENDER|10049500||std::ios_base::Init global atexit registrar|synthetic|src/surrender/camera.cpp|legacy-marker|std::ios_base::Init global atexit registrar|false
SURRENDER|10049530||std::_Winit global static-init block|synthetic|src/surrender/camera.cpp|legacy-marker|std::_Winit global static-init block|false
SURRENDER|10049540||std::_Winit global atexit registrar|synthetic|src/surrender/camera.cpp|legacy-marker|std::_Winit global atexit registrar|false
SURRENDER|10049560||srClassSupport<srCamera,srNode,0,5120>::`scalar deleting destructor'|synthetic|src/surrender/camera.cpp|legacy-marker|srClassSupport<srCamera,srNode,0,5120>::`scalar deleting destructor'|false
SURRENDER|10049580||srMatrix4T<double>::Scale|template|src/surrender/camera.cpp|legacy-marker|srMatrix4T<double>::Scale|false
SURRENDER|10049620||srMatrix4T<double>::Det|template|src/surrender/camera.cpp|legacy-marker|srMatrix4T<double>::Det|false
SURRENDER|10049780||srMatrix4T<double>::AdjugateFrom|template|src/surrender/camera.cpp|legacy-marker|srMatrix4T<double>::AdjugateFrom|false
SURRENDER|10049c90||srClipPlane::operator=|synthetic|include/surrender/srClipPlane.h|legacy-marker|srClipPlane::operator=|false
SURRENDER|10049f40||srClassSupport<srClipPlane,srNode,0,5376>::getClassID|template|src/surrender/clipplane.cpp|legacy-marker|srClassSupport<srClipPlane,srNode,0,5376>::getClassID|false
SURRENDER|10049f50||srClassSupport<srClipPlane,srNode,0,5376>::getClassName|template|src/surrender/clipplane.cpp|legacy-marker|srClassSupport<srClipPlane,srNode,0,5376>::getClassName|false
SURRENDER|10049f60||srClassSupport<srClipPlane,srNode,0,5376>::getClassNode|template|src/surrender/clipplane.cpp|legacy-marker|srClassSupport<srClipPlane,srNode,0,5376>::getClassNode|false
SURRENDER|10049fc0||srClassSupport<srClipPlane, srNode, 0, 0x1500>::vClone|template|src/surrender/clipplane.cpp|legacy-marker|srClassSupport<srClipPlane, srNode, 0, 0x1500>::vClone|false
SURRENDER|10049fe0||srClassSupport<srClipPlane, srNode, 0, 0x1500>::~srClassSupport|template|src/surrender/clipplane.cpp|legacy-marker|srClassSupport<srClipPlane, srNode, 0, 0x1500>::~srClassSupport|false
SURRENDER|1004a1c0||srClipPlane::srClipPlane(const srClipPlane&)|synthetic|include/surrender/srClipPlane.h|legacy-marker|srClipPlane::srClipPlane(const srClipPlane&)|false
SURRENDER|1004a2c0||srClipPlane::~srClipPlane|synthetic|include/surrender/srClipPlane.h|legacy-marker|srClipPlane::~srClipPlane|false
SURRENDER|1004a380||srClipPlane default constructor closure|synthetic|src/surrender/clipplane.cpp|legacy-marker|srClipPlane default constructor closure|false
SURRENDER|1004a390||srClipPlane scalar deleting destructor|synthetic|src/surrender/clipplane.cpp|legacy-marker|srClipPlane scalar deleting destructor|false
SURRENDER|1004a3b0||srClipPlane::`vector deleting destructor'|synthetic|src/surrender/clipplane.cpp|legacy-marker|srClipPlane::`vector deleting destructor'|false
SURRENDER|1004a410||srClassSupport<srClipPlane,srNode,0,5376>::`scalar deleting destructor'|synthetic|src/surrender/clipplane.cpp|legacy-marker|srClassSupport<srClipPlane,srNode,0,5376>::`scalar deleting destructor'|false
SURRENDER|1004a430||srArray<T>::setCapacity|template|include/surrender/srArray.h|legacy-marker|srArray<srNode*>::setCapacity|false
SURRENDER|1004a4a0||srArray<T>::setCapacity|template|include/surrender/srArray.h|legacy-marker|srArray<srNode::TraverseInfo::Entry>::setCapacity|false
SURRENDER|1004a530||std::ios_base::Init global static-init block|synthetic|src/surrender/clipplane.cpp|legacy-marker|std::ios_base::Init global static-init block|false
SURRENDER|1004a540||std::ios_base::Init global atexit registrar|synthetic|src/surrender/clipplane.cpp|legacy-marker|std::ios_base::Init global atexit registrar|false
SURRENDER|1004a570||std::_Winit global static-init block|synthetic|src/surrender/clipplane.cpp|legacy-marker|std::_Winit global static-init block|false
SURRENDER|1004a580||std::_Winit global atexit registrar|synthetic|src/surrender/clipplane.cpp|legacy-marker|std::_Winit global atexit registrar|false
SURRENDER|1004af10||srClassSupport<srBounder,srNode,0,5632>::getClassID|template|src/surrender/bounder.cpp|legacy-marker|srClassSupport<srBounder,srNode,0,5632>::getClassID|false
SURRENDER|1004af20||srClassSupport<srBounder,srNode,0,5632>::getClassName|template|src/surrender/bounder.cpp|legacy-marker|srClassSupport<srBounder,srNode,0,5632>::getClassName|false
SURRENDER|1004af30||srClassSupport<srBounder,srNode,0,5632>::getClassNode|template|src/surrender/bounder.cpp|legacy-marker|srClassSupport<srBounder,srNode,0,5632>::getClassNode|false
SURRENDER|1004af90||srClassSupport<srBounder, srNode, false, 0x1600>::vClone|template|src/surrender/bounder.cpp|legacy-marker|srClassSupport<srBounder, srNode, false, 0x1600>::vClone|false
SURRENDER|1004afb0||srClassSupport<srBounder, srNode, false, 0x1600>::~srClassSupport|template|src/surrender/bounder.cpp|legacy-marker|srClassSupport<srBounder, srNode, false, 0x1600>::~srClassSupport|false
SURRENDER|1004b1e0||srBounder::srBounder (implicit copy constructor)|synthetic|src/surrender/bounder.cpp|legacy-marker|srBounder::srBounder (implicit copy constructor)|false
SURRENDER|1004b2e0||srBounder::~srBounder|synthetic|include/surrender/srBounder.h|legacy-marker|srBounder::~srBounder|false
SURRENDER|1004b3a0||srBounder default constructor closure|synthetic|src/surrender/bounder.cpp|legacy-marker|srBounder default constructor closure|false
SURRENDER|1004b3b0||srBounder scalar deleting destructor|synthetic|src/surrender/bounder.cpp|legacy-marker|srBounder scalar deleting destructor|false
SURRENDER|1004b3d0||srBounder::`vector deleting destructor'|synthetic|src/surrender/bounder.cpp|legacy-marker|srBounder::`vector deleting destructor'|false
SURRENDER|1004b440||std::ios_base::Init global static-init block|synthetic|src/surrender/bounder.cpp|legacy-marker|std::ios_base::Init global static-init block|false
SURRENDER|1004b450||std::ios_base::Init global atexit registrar|synthetic|src/surrender/bounder.cpp|legacy-marker|std::ios_base::Init global atexit registrar|false
SURRENDER|1004b480||std::_Winit global static-init block|synthetic|src/surrender/bounder.cpp|legacy-marker|std::_Winit global static-init block|false
SURRENDER|1004b490||std::_Winit global atexit registrar|synthetic|src/surrender/bounder.cpp|legacy-marker|std::_Winit global atexit registrar|false
SURRENDER|1004b4b0||srClassSupport<srBounder,srNode,0,5632>::`scalar deleting destructor'|synthetic|src/surrender/bounder.cpp|legacy-marker|srClassSupport<srBounder,srNode,0,5632>::`scalar deleting destructor'|false
SURRENDER|1004b4d0||srMatrix4T<float>::Multiply|template|include/surrender/srMath.h|legacy-marker|srMatrix4T<float>::Multiply|false
SURRENDER|1004bca0||srFog::operator=|synthetic|include/surrender/srFog.h|legacy-marker|srFog::operator=|false
SURRENDER|1004bdf0||srClassSupport<srFog,srIlluminator,0,4624>::getClassID|template|src/surrender/fog.cpp|Retail class ID 0x1210, srFog assignment in clone, and support-phase construction/destruction establish the fog registry layer above srIlluminator.|srClassSupport<srFog,srIlluminator,0,4624>::getClassID|false
SURRENDER|1004be00||srClassSupport<srFog,srIlluminator,0,4624>::getClassName|template|src/surrender/fog.cpp|Retail class ID 0x1210, srFog assignment in clone, and support-phase construction/destruction establish the fog registry layer above srIlluminator.|srClassSupport<srFog,srIlluminator,0,4624>::getClassName|false
SURRENDER|1004be10||srClassSupport<srFog,srIlluminator,0,4624>::getClassNode|template|src/surrender/fog.cpp|Retail class ID 0x1210, srFog assignment in clone, and support-phase construction/destruction establish the fog registry layer above srIlluminator.|srClassSupport<srFog,srIlluminator,0,4624>::getClassNode|false
SURRENDER|1004bea0||srClassSupport<srFog,srIlluminator,0,4624>::vClone|template|src/surrender/fog.cpp|Retail class ID 0x1210, srFog assignment in clone, and support-phase construction/destruction establish the fog registry layer above srIlluminator.|srClassSupport<srFog,srIlluminator,0,4624>::vClone|false
SURRENDER|1004bec0||srClassSupport<srFog,srIlluminator,0,4624>::~srClassSupport|template|src/surrender/fog.cpp|Retail class ID 0x1210, srFog assignment in clone, and support-phase construction/destruction establish the fog registry layer above srIlluminator.|srClassSupport<srFog,srIlluminator,0,4624>::~srClassSupport|false
SURRENDER|1004c040||srClassSupport<srIlluminator,srNode,0,4608>::getClassID|template|src/surrender/fog.cpp|legacy-marker|srClassSupport<srIlluminator,srNode,0,4608>::getClassID|false
SURRENDER|1004c060||srClassSupport<srIlluminator,srNode,0,4608>::getClassNode|template|src/surrender/fog.cpp|legacy-marker|srClassSupport<srIlluminator,srNode,0,4608>::getClassNode|false
SURRENDER|1004c0c0||srClassSupport<srIlluminator, srNode, false, 0x1200>::vClone|template|src/surrender/fog.cpp|legacy-marker|srClassSupport<srIlluminator, srNode, false, 0x1200>::vClone|false
SURRENDER|1004c4d0||srFog default constructor closure|synthetic|src/surrender/fog.cpp|legacy-marker|srFog default constructor closure|false
SURRENDER|1004c4e0||srFog scalar deleting destructor|synthetic|src/surrender/fog.cpp|legacy-marker|srFog scalar deleting destructor|false
SURRENDER|1004c500||srFog::`vector deleting destructor'|synthetic|src/surrender/fog.cpp|legacy-marker|srFog::`vector deleting destructor'|false
SURRENDER|1004c570||std::ios_base::Init global static-init block|synthetic|src/surrender/fog.cpp|legacy-marker|std::ios_base::Init global static-init block|false
SURRENDER|1004c580||std::ios_base::Init global atexit registrar|synthetic|src/surrender/fog.cpp|legacy-marker|std::ios_base::Init global atexit registrar|false
SURRENDER|1004c5b0||std::_Winit global static-init block|synthetic|src/surrender/fog.cpp|legacy-marker|std::_Winit global static-init block|false
SURRENDER|1004c5c0||std::_Winit global atexit registrar|synthetic|src/surrender/fog.cpp|legacy-marker|std::_Winit global atexit registrar|false
SURRENDER|1004c5e0||srClassSupport<srIlluminator,srNode,0,4608>::`scalar deleting destructor'|synthetic|src/surrender/fog.cpp|legacy-marker|srClassSupport<srIlluminator,srNode,0,4608>::`scalar deleting destructor'|false
SURRENDER|1004c600||srClientSupport<srIlluminator, 0x1200>::~srClientSupport|template|src/surrender/fog.cpp|legacy-marker|srClientSupport<srIlluminator, 0x1200>::~srClientSupport|false
SURRENDER|1004c6c0||srClassSupport<srFog,srIlluminator,0,4624>::`scalar deleting destructor'|synthetic|src/surrender/fog.cpp|Retail class ID 0x1210, srFog assignment in clone, and support-phase construction/destruction establish the fog registry layer above srIlluminator.|srClassSupport<srFog,srIlluminator,0,4624>::`scalar deleting destructor'|false
SURRENDER|1004c6e0||srIlluminator::~srIlluminator|synthetic|include/surrender/srIlluminator.h|legacy-marker|srIlluminator::~srIlluminator|false
SURRENDER|1004c7c0||srFog::`vector deleting destructor'`adjustor{312}'|synthetic|src/surrender/illuminator.cpp|legacy-marker|srFog::`vector deleting destructor'`adjustor{312}'|false
SURRENDER|1004cb10||srVertexProcessor subobject destructor emission (vtable restore)|synthetic|src/surrender/illuminator.cpp|legacy-marker|srVertexProcessor subobject destructor emission (vtable restore)|false
SURRENDER|1004cb20||srIlluminator::srIlluminator (implicit copy constructor)|synthetic|src/surrender/illuminator.cpp|legacy-marker|srIlluminator::srIlluminator (implicit copy constructor)|false
SURRENDER|1004cc20||srIlluminator default constructor closure|synthetic|src/surrender/illuminator.cpp|legacy-marker|srIlluminator default constructor closure|false
SURRENDER|1004cc30||srIlluminator scalar deleting destructor|synthetic|src/surrender/illuminator.cpp|legacy-marker|srIlluminator scalar deleting destructor|false
SURRENDER|1004cc50||srIlluminator::`vector deleting destructor'|synthetic|src/surrender/illuminator.cpp|legacy-marker|srIlluminator::`vector deleting destructor'|false
SURRENDER|1004ccb0||srIlluminator::`vector deleting destructor'`adjustor{312}'|synthetic|src/surrender/illuminator.cpp|legacy-marker|srIlluminator::`vector deleting destructor'`adjustor{312}'|false
SURRENDER|1004eab0||srLight::srLight (implicit copy constructor)|synthetic|src/surrender/light.cpp|legacy-marker|srLight::srLight (implicit copy constructor)|false
SURRENDER|1004ed70||srLight::~srLight|synthetic|include/surrender/srLight.h|legacy-marker|srLight::~srLight|false
SURRENDER|1004eef0||srLight default constructor closure|synthetic|src/surrender/light.cpp|legacy-marker|srLight default constructor closure|false
SURRENDER|1004ef00||srLight scalar deleting destructor|synthetic|src/surrender/light.cpp|legacy-marker|srLight scalar deleting destructor|false
SURRENDER|1004ef20||srLight::`vector deleting destructor'|synthetic|src/surrender/light.cpp|legacy-marker|srLight::`vector deleting destructor'|false
SURRENDER|1004ef80||srClassSupport<srLight,srIlluminator,0,4640>::getClassID|template|src/surrender/light.cpp|legacy-marker|srClassSupport<srLight,srIlluminator,0,4640>::getClassID|false
SURRENDER|1004ef90||srClassSupport<srLight,srIlluminator,0,4640>::getClassName|template|src/surrender/light.cpp|legacy-marker|srClassSupport<srLight,srIlluminator,0,4640>::getClassName|false
SURRENDER|1004efa0||srClassSupport<srLight,srIlluminator,0,4640>::getClassNode|template|src/surrender/light.cpp|legacy-marker|srClassSupport<srLight,srIlluminator,0,4640>::getClassNode|false
SURRENDER|1004f030||srClassSupport<srLight, srIlluminator, false, 0x1220>::vClone|template|src/surrender/light.cpp|legacy-marker|srClassSupport<srLight, srIlluminator, false, 0x1220>::vClone|false
SURRENDER|1004f050||srClientSupport<srLight, 0x1220>::~srClientSupport|template|src/surrender/light.cpp|legacy-marker|srClientSupport<srLight, 0x1220>::~srClientSupport|false
SURRENDER|1004f1e0||std::ios_base::Init global static-init block|synthetic|src/surrender/light.cpp|legacy-marker|std::ios_base::Init global static-init block|false
SURRENDER|1004f1f0||std::ios_base::Init global atexit registrar|synthetic|src/surrender/light.cpp|legacy-marker|std::ios_base::Init global atexit registrar|false
SURRENDER|1004f220||std::_Winit global static-init block|synthetic|src/surrender/light.cpp|legacy-marker|std::_Winit global static-init block|false
SURRENDER|1004f230||std::_Winit global atexit registrar|synthetic|src/surrender/light.cpp|legacy-marker|std::_Winit global atexit registrar|false
SURRENDER|1004f250||srClassSupport<srLight,srIlluminator,0,4640>::`scalar deleting destructor'|synthetic|src/surrender/light.cpp|legacy-marker|srClassSupport<srLight,srIlluminator,0,4640>::`scalar deleting destructor'|false
SURRENDER|1004f270||srClientSupport<srLight, 0x1220>::sGetClassNode|template|src/surrender/light.cpp|legacy-marker|srClientSupport<srLight, 0x1220>::sGetClassNode|false
SURRENDER|1004f300||srClassSupport<srLight,srIlluminator,0,4640>::`vector deleting destructor'`adjustor{312}'|synthetic|src/surrender/light.cpp|legacy-marker|srClassSupport<srLight,srIlluminator,0,4640>::`vector deleting destructor'`adjustor{312}'|false
SURRENDER|1004f310||srLight::`vector deleting destructor'`adjustor{312}'|synthetic|src/surrender/light.cpp|legacy-marker|srLight::`vector deleting destructor'`adjustor{312}'|false
SURRENDER|1004fd00||srClassSupport<srModelInstance,srNode,0,4352>::getClassID|template|src/surrender/model_instance.cpp|legacy-marker|srClassSupport<srModelInstance,srNode,0,4352>::getClassID|false
SURRENDER|1004fd10||srClassSupport<srModelInstance,srNode,0,4352>::getClassName|template|src/surrender/model_instance.cpp|legacy-marker|srClassSupport<srModelInstance,srNode,0,4352>::getClassName|false
SURRENDER|1004fd20||srClassSupport<srModelInstance,srNode,0,4352>::getClassNode|template|src/surrender/model_instance.cpp|legacy-marker|srClassSupport<srModelInstance,srNode,0,4352>::getClassNode|false
SURRENDER|1004fd80||srClassSupport<srModelInstance, srNode, 0, 0x1100>::vClone|template|src/surrender/model_instance.cpp|legacy-marker|srClassSupport<srModelInstance, srNode, 0, 0x1100>::vClone|false
SURRENDER|1004fda0||srClassSupport<srModelInstance, srNode, 0, 0x1100>::~srClassSupport|template|src/surrender/model_instance.cpp|legacy-marker|srClassSupport<srModelInstance, srNode, 0, 0x1100>::~srClassSupport|false
SURRENDER|10050010||srModelInstance::srModelInstance (implicit copy constructor)|synthetic|src/surrender/model_instance.cpp|legacy-marker|srModelInstance::srModelInstance (implicit copy constructor)|false
SURRENDER|10050170||srModelInstance default constructor closure|synthetic|src/surrender/model_instance.cpp|legacy-marker|srModelInstance default constructor closure|false
SURRENDER|10050180||srModelInstance scalar deleting destructor|synthetic|src/surrender/model_instance.cpp|legacy-marker|srModelInstance scalar deleting destructor|false
SURRENDER|100501a0||srModelInstance::`vector deleting destructor'|synthetic|src/surrender/model_instance.cpp|legacy-marker|srModelInstance::`vector deleting destructor'|false
SURRENDER|10050200||srClassSupport<srModelInstance,srNode,0,4352>::`scalar deleting destructor'|synthetic|src/surrender/model_instance.cpp|legacy-marker|srClassSupport<srModelInstance,srNode,0,4352>::`scalar deleting destructor'|false
SURRENDER|10050240||std::ios_base::Init global atexit registrar|synthetic|src/surrender/model_instance.cpp|legacy-marker|std::ios_base::Init global atexit registrar|false
SURRENDER|10050280||std::_Winit global atexit registrar|synthetic|src/surrender/model_instance.cpp|legacy-marker|std::_Winit global atexit registrar|false
SURRENDER|100502a0||srModelInstance::`vector deleting destructor'`adjustor{312}'|synthetic|src/surrender/model_instance.cpp|legacy-marker|srModelInstance::`vector deleting destructor'`adjustor{312}'|false
SURRENDER|100502e0||srNode::sceneGraphCSect global constructor emission|synthetic|src/surrender/node.cpp|legacy-marker|srNode::sceneGraphCSect global constructor emission|false
SURRENDER|100502f0||srNode::sceneGraphCSect global atexit registrar|synthetic|src/surrender/node.cpp|legacy-marker|srNode::sceneGraphCSect global atexit registrar|false
SURRENDER|10051aa0||srNode::srNode (implicit copy constructor)|synthetic|src/surrender/node.cpp|legacy-marker|srNode::srNode (implicit copy constructor)|false
SURRENDER|10051bc0||srNode default constructor closure|synthetic|src/surrender/node.cpp|legacy-marker|srNode default constructor closure|false
SURRENDER|10051bd0||srNode scalar deleting destructor|synthetic|src/surrender/node.cpp|legacy-marker|srNode scalar deleting destructor|false
SURRENDER|10051bf0||srNode::`vector deleting destructor'|synthetic|src/surrender/node.cpp|legacy-marker|srNode::`vector deleting destructor'|false
SURRENDER|100553e0||srVector3T<double>::srVector3T|template|src/surrender/node.cpp|legacy-marker|srVector3T<double>::srVector3T|false
SURRENDER|100553f0||srVector3T<double>::Set|template|src/surrender/node.cpp|legacy-marker|srVector3T<double>::Set|false
SURRENDER|10055420||srVector3T<double>::operator-=|template|src/surrender/node.cpp|legacy-marker|srVector3T<double>::operator-=|false
SURRENDER|10055450||srVector3T<double>::Length|template|src/surrender/node.cpp|legacy-marker|srVector3T<double>::Length|false
SURRENDER|10055480||srVector3T<double>::operator*= (double-lane arithmetic)|template|include/surrender/srMath.h|legacy-marker|??X?$srVector3T@N@@QAEAAV0@ABV0@@Z|true
SURRENDER|100554b0||srClassSupport<srNode,srClass,1,4096>::getClassID|template|src/surrender/node.cpp|legacy-marker|srClassSupport<srNode,srClass,1,4096>::getClassID|false
SURRENDER|100554d0||srClassSupport<srNode,srClass,1,4096>::getClassNode|template|src/surrender/node.cpp|legacy-marker|srClassSupport<srNode,srClass,1,4096>::getClassNode|false
SURRENDER|10055510||srClassSupport<srNode, srClass, true, 0x1000>::vClone|template|src/surrender/node.cpp|legacy-marker|srClassSupport<srNode, srClass, true, 0x1000>::vClone|false
SURRENDER|10055530||srClassSupport<srNode, srClass, true, 0x1000>::~srClassSupport|template|src/surrender/node.cpp|legacy-marker|srClassSupport<srNode, srClass, true, 0x1000>::~srClassSupport|false
SURRENDER|100555c0||srMatrix3T<double>::TransformTransposed|template|src/surrender/node.cpp|legacy-marker|srMatrix3T<double>::TransformTransposed|false
SURRENDER|10055650||std::ios_base::Init global atexit registrar|synthetic|src/surrender/node.cpp|legacy-marker|std::ios_base::Init global atexit registrar|false
SURRENDER|10055690||std::_Winit global atexit registrar|synthetic|src/surrender/node.cpp|legacy-marker|std::_Winit global atexit registrar|false
SURRENDER|100556b0||srClassSupport<srNode,srClass,1,4096>::`scalar deleting destructor'|synthetic|src/surrender/node.cpp|legacy-marker|srClassSupport<srNode,srClass,1,4096>::`scalar deleting destructor'|false
SURRENDER|100556d0||srClassSupport<srNode, srClass, true, 0x1000>::sGetClassNode|template|src/surrender/node.cpp|legacy-marker|srClassSupport<srNode, srClass, true, 0x1000>::sGetClassNode|false
SURRENDER|10055710||srMatrix4x3T<double>::SetIdentity|template|include/surrender/srMath.h|legacy-marker|srMatrix4x3T<double>::SetIdentity|false
SURRENDER|10055770||srMatrix4x3T<float>::SetIdentity|template|include/surrender/srMath.h|legacy-marker|srMatrix4x3T<float>::SetIdentity|false
SURRENDER|100557a0||srMatrix3T<double>::RotateAboutX(double angle)|template|src/surrender/node.cpp|legacy-marker|srMatrix3T<double>::RotateAboutX(double angle)|false
SURRENDER|10055930||srMatrix3T<double>::MultiplyBy|template|src/surrender/node.cpp|legacy-marker|srMatrix3T<double>::MultiplyBy|false
SURRENDER|10055a60||srMatrix4T<double>::MultiplyBy|template|include/surrender/srMath.h|legacy-marker|srMatrix4T<double>::MultiplyBy|false
SURRENDER|10055c70||operator*(const srVector3T<double>&, double)|template|src/surrender/node.cpp|legacy-marker|operator*(const srVector3T<double>&, double)|false
SURRENDER|10055cb0||DotProduct(const srVector3T<double>&, const srVector3T<double>&)|template|src/surrender/node.cpp|legacy-marker|DotProduct(const srVector3T<double>&, const srVector3T<double>&)|false
SURRENDER|10055cd0||srVector3T<double>::operator*=(double)|template|src/surrender/node.cpp|legacy-marker|srVector3T<double>::operator*=(double)|false
SURRENDER|10055d00||srMatrix3T<double>::SetRows|template|src/surrender/node.cpp|legacy-marker|srMatrix3T<double>::SetRows|false
SURRENDER|10055d40||srMatrix3T<double>::RotateAroundAxis(double sine, double cosine, const srVector3T<double>&)|template|src/surrender/node.cpp|legacy-marker|srMatrix3T<double>::RotateAroundAxis(double sine, double cosine, const srVector3T<double>&)|false
SURRENDER|10055f00||srMatrix3T<double>::RotateAboutX(double sine, double cosine)|template|src/surrender/node.cpp|legacy-marker|srMatrix3T<double>::RotateAboutX(double sine, double cosine)|false
SURRENDER|10056080||srMatrix3T<double>::RotateAboutY(double sine, double cosine)|template|src/surrender/node.cpp|legacy-marker|srMatrix3T<double>::RotateAboutY(double sine, double cosine)|false
SURRENDER|10056980||member pointer-pair destructor emission (EH unwind)|synthetic|src/surrender/scene.cpp|legacy-marker|member pointer-pair destructor emission (EH unwind)|false
SURRENDER|100569a0||srArray<T>::srArray|template|include/surrender/srArray.h|legacy-marker|srArray<srNode::TraverseInfo::Entry>::srArray|false
SURRENDER|100569f0||srClassSupport<srScene,srNode,0,4112>::getClassID|template|src/surrender/scene.cpp|legacy-marker|srClassSupport<srScene,srNode,0,4112>::getClassID|false
SURRENDER|10056a00||srClassSupport<srScene,srNode,0,4112>::getClassName|template|src/surrender/scene.cpp|legacy-marker|srClassSupport<srScene,srNode,0,4112>::getClassName|false
SURRENDER|10056a10||srClassSupport<srScene,srNode,0,4112>::getClassNode|template|src/surrender/scene.cpp|legacy-marker|srClassSupport<srScene,srNode,0,4112>::getClassNode|false
SURRENDER|10056a70||srClassSupport<srScene, srNode, 0, 0x1010>::vClone|template|src/surrender/scene.cpp|legacy-marker|srClassSupport<srScene, srNode, 0, 0x1010>::vClone|false
SURRENDER|10056a90||srClientSupport<srScene, 0x1010>::~srClientSupport|template|src/surrender/scene.cpp|legacy-marker|srClientSupport<srScene, 0x1010>::~srClientSupport|false
SURRENDER|10056d60||srScene::srScene (implicit copy constructor)|synthetic|src/surrender/scene.cpp|legacy-marker|srScene::srScene (implicit copy constructor)|false
SURRENDER|10056f90||srScene::~srScene|synthetic|include/surrender/srScene.h|legacy-marker|srScene::~srScene|false
SURRENDER|10057080||srScene default constructor closure|synthetic|src/surrender/scene.cpp|legacy-marker|srScene default constructor closure|false
SURRENDER|10057090||srScene scalar deleting destructor|synthetic|src/surrender/scene.cpp|legacy-marker|srScene scalar deleting destructor|false
SURRENDER|100570b0||srScene::`vector deleting destructor'|synthetic|src/surrender/scene.cpp|legacy-marker|srScene::`vector deleting destructor'|false
SURRENDER|10057110||member destructor emission (EH unwind)|synthetic|src/surrender/scene.cpp|legacy-marker|member destructor emission (EH unwind)|false
SURRENDER|10057150||srClassSupport<srScene,srNode,0,4112>::`scalar deleting destructor'|synthetic|src/surrender/scene.cpp|legacy-marker|srClassSupport<srScene,srNode,0,4112>::`scalar deleting destructor'|false
SURRENDER|10057180||std::ios_base::Init global static-init block|synthetic|src/surrender/scene.cpp|legacy-marker|std::ios_base::Init global static-init block|false
SURRENDER|10057190||std::ios_base::Init global atexit registrar|synthetic|src/surrender/scene.cpp|legacy-marker|std::ios_base::Init global atexit registrar|false
SURRENDER|100571c0||std::_Winit global static-init block|synthetic|src/surrender/scene.cpp|legacy-marker|std::_Winit global static-init block|false
SURRENDER|100571d0||std::_Winit global atexit registrar|synthetic|src/surrender/scene.cpp|legacy-marker|std::_Winit global atexit registrar|false
SURRENDER|1005a1d0||srColorSurfaceIFace scalar deleting destructor|synthetic|src/surrender/color_surface.cpp|legacy-marker|srColorSurfaceIFace scalar deleting destructor|false
SURRENDER|1005b4e0||std::ios_base::Init global static-init block|synthetic|src/surrender/color_surface.cpp|legacy-marker|std::ios_base::Init global static-init block|false
SURRENDER|1005b4f0||std::ios_base::Init global atexit registrar|synthetic|src/surrender/color_surface.cpp|legacy-marker|std::ios_base::Init global atexit registrar|false
SURRENDER|1005b520||std::_Winit global static-init block|synthetic|src/surrender/color_surface.cpp|legacy-marker|std::_Winit global static-init block|false
SURRENDER|1005b530||std::_Winit global atexit registrar|synthetic|src/surrender/color_surface.cpp|legacy-marker|std::_Winit global atexit registrar|false
SURRENDER|1005de30||srColorSurface::srColorSurface (implicit copy constructor)|synthetic|src/surrender/color_surface.cpp|legacy-marker|srColorSurface::srColorSurface (implicit copy constructor)|false
SURRENDER|1005df30||srColorSurface scalar deleting destructor|synthetic|src/surrender/color_surface.cpp|legacy-marker|srColorSurface scalar deleting destructor|false
SURRENDER|1005df50||srColorSurface::`vector deleting destructor'|synthetic|src/surrender/color_surface.cpp|legacy-marker|srColorSurface::`vector deleting destructor'|false
SURRENDER|1005dfb0||srClassSupport<srColorSurface,srColorSurfaceIFace,0,12560>::getClassID|template|src/surrender/color_surface.cpp|legacy-marker|srClassSupport<srColorSurface,srColorSurfaceIFace,0,12560>::getClassID|false
SURRENDER|1005dfd0||srClassSupport<srColorSurface,srColorSurfaceIFace,0,12560>::getClassNode|template|src/surrender/color_surface.cpp|legacy-marker|srClassSupport<srColorSurface,srColorSurfaceIFace,0,12560>::getClassNode|false
SURRENDER|1005e030||srClassSupport<srColorSurface, srColorSurfaceIFace, 0, 0x3110>::vClone|synthetic|src/surrender/color_surface.cpp|legacy-marker|srClassSupport<srColorSurface, srColorSurfaceIFace, 0, 0x3110>::vClone|false
SURRENDER|1005e050||srClassSupport<srColorSurface, srColorSurfaceIFace, 0, 0x3110>::~srClassSupport|template|src/surrender/color_surface.cpp|legacy-marker|srClassSupport<srColorSurface, srColorSurfaceIFace, 0, 0x3110>::~srClassSupport|false
SURRENDER|1005e150||srClassSupport<srColorSurface,srColorSurfaceIFace,0,12560>::`scalar deleting destructor'|synthetic|src/surrender/color_surface.cpp|legacy-marker|srClassSupport<srColorSurface,srColorSurfaceIFace,0,12560>::`scalar deleting destructor'|false
SURRENDER|1005e170||srClassSupport<srColorSurfaceIFace, srClass, true, 0x3100>::sGetClassNode|template|src/surrender/color_surface.cpp|legacy-marker|srClassSupport<srColorSurfaceIFace, srClass, true, 0x3100>::sGetClassNode|false
SURRENDER|1005e1c0||std::ios_base::Init global static-init block|synthetic|src/surrender/color_surface.cpp|legacy-marker|std::ios_base::Init global static-init block|false
SURRENDER|1005e1d0||std::ios_base::Init global atexit registrar|synthetic|src/surrender/color_surface.cpp|legacy-marker|std::ios_base::Init global atexit registrar|false
SURRENDER|1005e200||std::_Winit global static-init block|synthetic|src/surrender/color_surface.cpp|legacy-marker|std::_Winit global static-init block|false
SURRENDER|1005e210||std::_Winit global atexit registrar|synthetic|src/surrender/color_surface.cpp|legacy-marker|std::_Winit global atexit registrar|false
SURRENDER|1005ef80||srClassSupport<srTextureIFace, srClass, true, 0x2100>::vClone|template|src/surrender/texture.cpp|legacy-marker|srClassSupport<srTextureIFace, srClass, true, 0x2100>::vClone|false
SURRENDER|1005f020||srClassSupport<srTexture, srTextureIFace, false, 0x2110>::vClone|template|src/surrender/texture.cpp|legacy-marker|srClassSupport<srTexture, srTextureIFace, false, 0x2110>::vClone|false
SURRENDER|1005f040||srClientSupport<srTexture, 0x2110>::~srClientSupport|template|src/surrender/texture.cpp|legacy-marker|srClientSupport<srTexture, 0x2110>::~srClientSupport|false
SURRENDER|1005f150||srTexture::srTexture(const srTexture&)|synthetic|include/surrender/srTexture.h|legacy-marker|srTexture::srTexture(const srTexture&)|false
SURRENDER|1005f290||srTexture scalar deleting destructor|synthetic|src/surrender/texture.cpp|legacy-marker|srTexture scalar deleting destructor|false
SURRENDER|1005f310||srClientSupport<srTextureIFace, 0x2100> scalar deleting destructor|synthetic|src/surrender/texture.cpp|legacy-marker|srClientSupport<srTextureIFace, 0x2100> scalar deleting destructor|false
SURRENDER|1005f330||srClientSupport<srTextureIFace, 0x2100>::~srClientSupport|template|src/surrender/texture.cpp|legacy-marker|srClientSupport<srTextureIFace, 0x2100>::~srClientSupport|false
SURRENDER|1005f3c0||srClientSupport<srTexture, 0x2110> scalar deleting destructor|synthetic|src/surrender/texture.cpp|legacy-marker|srClientSupport<srTexture, 0x2110> scalar deleting destructor|false
SURRENDER|1005f3e0||srTextureIFace::~srTextureIFace|synthetic|include/surrender/srTextureIFace.h|legacy-marker|srTextureIFace::~srTextureIFace|false
SURRENDER|1005f470||srClassSupport<srTextureIFace, srClass, true, 0x2100>::sGetClassNode|template|src/surrender/texture.cpp|legacy-marker|srClassSupport<srTextureIFace, srClass, true, 0x2100>::sGetClassNode|false
SURRENDER|1005f4b0||srClassSupport<srTextureIFace, srClass, true, 0x2100>::srClassSupport|template|src/surrender/texture.cpp|legacy-marker|srClassSupport<srTextureIFace, srClass, true, 0x2100>::srClassSupport|false
SURRENDER|1005f540||std::ios_base::Init global static-init block|synthetic|src/surrender/texture.cpp|legacy-marker|std::ios_base::Init global static-init block|false
SURRENDER|1005f550||std::ios_base::Init global atexit registrar|synthetic|src/surrender/texture.cpp|legacy-marker|std::ios_base::Init global atexit registrar|false
SURRENDER|1005f580||std::_Winit global static-init block|synthetic|src/surrender/texture.cpp|legacy-marker|std::_Winit global static-init block|false
SURRENDER|1005f590||std::_Winit global atexit registrar|synthetic|src/surrender/texture.cpp|legacy-marker|std::_Winit global atexit registrar|false
SURRENDER|1005f5c0||srTextureIFace::operator=|synthetic|include/surrender/srTextureIFace.h|legacy-marker|srTextureIFace::operator=|false
SURRENDER|1005f5e0||srTextureIFace::srTextureIFace()|synthetic|include/surrender/srTextureIFace.h|legacy-marker|srTextureIFace::srTextureIFace()|false
SURRENDER|1005f660||srTextureIFace::srTextureIFace(const srTextureIFace&)|synthetic|include/surrender/srTextureIFace.h|legacy-marker|srTextureIFace::srTextureIFace(const srTextureIFace&)|false
SURRENDER|1005f700||srTextureIFace scalar deleting destructor|synthetic|src/surrender/texture.cpp|legacy-marker|srTextureIFace scalar deleting destructor|false
SURRENDER|1005f840||catch funclet emission|synthetic|src/surrender/texture_file.cpp|legacy-marker|catch funclet emission|false
SURRENDER|1005f854||catch funclet emission|synthetic|src/surrender/texture_file.cpp|legacy-marker|catch funclet emission|false
SURRENDER|1005f86d||catch-body continuation funclet emission|synthetic|src/surrender/texture_file.cpp|legacy-marker|catch-body continuation funclet emission|false
SURRENDER|1005fd40||srClassSupport<srTextureFile,srTexture,0,8466>::getClassID|template|src/surrender/texture_file.cpp|legacy-marker|srClassSupport<srTextureFile,srTexture,0,8466>::getClassID|false
SURRENDER|1005fd50||srClassSupport<srTextureFile,srTexture,0,8466>::getClassName|template|src/surrender/texture_file.cpp|legacy-marker|srClassSupport<srTextureFile,srTexture,0,8466>::getClassName|false
SURRENDER|1005fd60||srClassSupport<srTextureFile,srTexture,0,8466>::getClassNode|template|src/surrender/texture_file.cpp|legacy-marker|srClassSupport<srTextureFile,srTexture,0,8466>::getClassNode|false
SURRENDER|1005fdf0||srClassSupport<srTextureFile, srTexture, 0, 0x2112>::vClone|template|src/surrender/texture_file.cpp|legacy-marker|srClassSupport<srTextureFile, srTexture, 0, 0x2112>::vClone|false
SURRENDER|1005fe10||srClientSupport<srTextureFile, 0x2112>::~srClientSupport|template|src/surrender/texture_file.cpp|legacy-marker|srClientSupport<srTextureFile, 0x2112>::~srClientSupport|false
SURRENDER|1005ff80||srTextureFile::srTextureFile (implicit copy constructor)|synthetic|src/surrender/texture_file.cpp|legacy-marker|srTextureFile::srTextureFile (implicit copy constructor)|false
SURRENDER|10060090||srTextureFile default constructor closure|synthetic|src/surrender/texture_file.cpp|legacy-marker|srTextureFile default constructor closure|false
SURRENDER|100600a0||srTextureFile scalar deleting destructor|synthetic|src/surrender/texture_file.cpp|legacy-marker|srTextureFile scalar deleting destructor|false
SURRENDER|100600c0||srTextureFile::`vector deleting destructor'|synthetic|src/surrender/texture_file.cpp|legacy-marker|srTextureFile::`vector deleting destructor'|false
SURRENDER|10060120||srClassSupport<srTextureFile,srTexture,0,8466>::`scalar deleting destructor'|synthetic|src/surrender/texture_file.cpp|legacy-marker|srClassSupport<srTextureFile,srTexture,0,8466>::`scalar deleting destructor'|false
SURRENDER|10060150||std::ios_base::Init global static-init block|synthetic|src/surrender/texture_file.cpp|legacy-marker|std::ios_base::Init global static-init block|false
SURRENDER|10060160||std::ios_base::Init global atexit registrar|synthetic|src/surrender/texture_file.cpp|legacy-marker|std::ios_base::Init global atexit registrar|false
SURRENDER|10060190||std::_Winit global static-init block|synthetic|src/surrender/texture_file.cpp|legacy-marker|std::_Winit global static-init block|false
SURRENDER|100601a0||std::_Winit global atexit registrar|synthetic|src/surrender/texture_file.cpp|legacy-marker|std::_Winit global atexit registrar|false
SURRENDER|100605a0||srClassSupport<srTextureMap,srTexture,0,8465>::getClassID|template|src/surrender/texture_map.cpp|legacy-marker|srClassSupport<srTextureMap,srTexture,0,8465>::getClassID|false
SURRENDER|100605b0||srClassSupport<srTextureMap,srTexture,0,8465>::getClassName|template|src/surrender/texture_map.cpp|legacy-marker|srClassSupport<srTextureMap,srTexture,0,8465>::getClassName|false
SURRENDER|100605c0||srClassSupport<srTextureMap,srTexture,0,8465>::getClassNode|template|src/surrender/texture_map.cpp|legacy-marker|srClassSupport<srTextureMap,srTexture,0,8465>::getClassNode|false
SURRENDER|10060650||srClassSupport<srTextureMap, srTexture, 0, 0x2111>::vClone|template|src/surrender/texture_map.cpp|legacy-marker|srClassSupport<srTextureMap, srTexture, 0, 0x2111>::vClone|false
SURRENDER|10060670||srClientSupport<srTextureMap, 0x2111>::~srClientSupport|template|src/surrender/texture_map.cpp|legacy-marker|srClientSupport<srTextureMap, 0x2111>::~srClientSupport|false
SURRENDER|10060760||srPtr<T>::retained emission|synthetic|src/surrender/texture_map.cpp|legacy-marker|srPtr element destructor emission|false
SURRENDER|100607e0||srTextureMap::srTextureMap (implicit copy constructor)|synthetic|src/surrender/texture_map.cpp|legacy-marker|srTextureMap::srTextureMap (implicit copy constructor)|false
SURRENDER|100608c0||srTextureMap default constructor closure|synthetic|src/surrender/texture_map.cpp|legacy-marker|srTextureMap default constructor closure|false
SURRENDER|100608d0||srTextureMap scalar deleting destructor|synthetic|src/surrender/texture_map.cpp|legacy-marker|srTextureMap scalar deleting destructor|false
SURRENDER|100608f0||srTextureMap::`vector deleting destructor'|synthetic|src/surrender/texture_map.cpp|legacy-marker|srTextureMap::`vector deleting destructor'|false
SURRENDER|10060950||srClassSupport<srTextureMap,srTexture,0,8465>::`scalar deleting destructor'|synthetic|src/surrender/texture_map.cpp|legacy-marker|srClassSupport<srTextureMap,srTexture,0,8465>::`scalar deleting destructor'|false
SURRENDER|10060980||std::ios_base::Init global static-init block|synthetic|src/surrender/texture_map.cpp|legacy-marker|std::ios_base::Init global static-init block|false
SURRENDER|10060990||std::ios_base::Init global atexit registrar|synthetic|src/surrender/texture_map.cpp|legacy-marker|std::ios_base::Init global atexit registrar|false
SURRENDER|100609c0||std::_Winit global static-init block|synthetic|src/surrender/texture_map.cpp|legacy-marker|std::_Winit global static-init block|false
SURRENDER|100609d0||std::_Winit global atexit registrar|synthetic|src/surrender/texture_map.cpp|legacy-marker|std::_Winit global atexit registrar|false
SURRENDER|10060b10||srTimer scalar deleting destructor|synthetic|src/surrender/timer.cpp|legacy-marker|srTimer scalar deleting destructor|false
SURRENDER|10060b30||srTimer::`vector deleting destructor'|synthetic|src/surrender/timer.cpp|legacy-marker|srTimer::`vector deleting destructor'|false
SURRENDER|100621d0||srTimer default constructor closure|synthetic|src/surrender/timer.cpp|legacy-marker|srTimer default constructor closure|false
SURRENDER|10063250||std::ios_base::Init global static-init block|synthetic|src/surrender/timer.cpp|legacy-marker|std::ios_base::Init global static-init block|false
SURRENDER|10063260||std::ios_base::Init global atexit registrar|synthetic|src/surrender/timer.cpp|legacy-marker|std::ios_base::Init global atexit registrar|false
SURRENDER|10063290||std::_Winit global static-init block|synthetic|src/surrender/timer.cpp|legacy-marker|std::_Winit global static-init block|false
SURRENDER|100632a0||std::_Winit global atexit registrar|synthetic|src/surrender/timer.cpp|legacy-marker|std::_Winit global atexit registrar|false
SURRENDER|100633d0||srVariableTimer scalar deleting destructor|synthetic|src/surrender/variable_timer.cpp|legacy-marker|srVariableTimer scalar deleting destructor|false
SURRENDER|100633f0||srVariableTimer::`vector deleting destructor'|synthetic|src/surrender/variable_timer.cpp|legacy-marker|srVariableTimer::`vector deleting destructor'|false
SURRENDER|10063f40||srVariableTimer::~srVariableTimer|synthetic|include/surrender/srVariableTimer.h|legacy-marker|srVariableTimer::~srVariableTimer|false
SURRENDER|10063f50||srVariableTimer default constructor closure|synthetic|src/surrender/variable_timer.cpp|legacy-marker|srVariableTimer default constructor closure|false
SURRENDER|10064300||std::ios_base::Init global static-init block|synthetic|src/surrender/variable_timer.cpp|legacy-marker|std::ios_base::Init global static-init block|false
SURRENDER|10064310||std::ios_base::Init global atexit registrar|synthetic|src/surrender/variable_timer.cpp|legacy-marker|std::ios_base::Init global atexit registrar|false
SURRENDER|10064340||std::_Winit global static-init block|synthetic|src/surrender/variable_timer.cpp|legacy-marker|std::_Winit global static-init block|false
SURRENDER|10064350||std::_Winit global atexit registrar|synthetic|src/surrender/variable_timer.cpp|legacy-marker|std::_Winit global atexit registrar|false
SURRENDER|10065810||std::ios_base::Init global static-init block|synthetic|src/surrender/vector_processor.cpp|legacy-marker|std::ios_base::Init global static-init block|false
SURRENDER|10065820||std::ios_base::Init global atexit registrar|synthetic|src/surrender/vector_processor.cpp|legacy-marker|std::ios_base::Init global atexit registrar|false
SURRENDER|10065850||std::_Winit global static-init block|synthetic|src/surrender/vector_processor.cpp|legacy-marker|std::_Winit global static-init block|false
SURRENDER|10065860||std::_Winit global atexit registrar|synthetic|src/surrender/vector_processor.cpp|legacy-marker|std::_Winit global atexit registrar|false
SURRENDER|100658b0||srVP_generic::`scalar deleting destructor'|synthetic|include/surrender/srVP_generic.h|legacy-marker|srVP_generic::`scalar deleting destructor'|false
SURRENDER|100658d0||srVP_generic::~srVP_generic|synthetic|src/surrender/generic_vp.cpp|legacy-marker|srVP_generic::~srVP_generic|false
SURRENDER|1006fc80||srDebugVP::`scalar deleting destructor'|synthetic|include/surrender/srDebugVP.h|legacy-marker|srDebugVP::`scalar deleting destructor'|false
SURRENDER|1006fca0||srDebugVP::~srDebugVP|synthetic|include/surrender/srDebugVP.h|legacy-marker|srDebugVP::~srDebugVP|false
SURRENDER|1006fcc0||std::ios_base::Init global static-init block|synthetic|src/surrender/debug_vp.cpp|legacy-marker|std::ios_base::Init global static-init block|false
SURRENDER|1006fcd0||std::ios_base::Init global atexit registrar|synthetic|src/surrender/debug_vp.cpp|legacy-marker|std::ios_base::Init global atexit registrar|false
SURRENDER|1006fd00||std::_Winit global static-init block|synthetic|src/surrender/debug_vp.cpp|legacy-marker|std::_Winit global static-init block|false
SURRENDER|1006fd10||std::_Winit global atexit registrar|synthetic|src/surrender/debug_vp.cpp|legacy-marker|std::_Winit global atexit registrar|false
SURRENDER|1006fe6e||VerQueryValueA import thunk|synthetic|src/surrender/vc6_runtime.cpp|legacy-marker|VerQueryValueA import thunk|false
SURRENDER|1006fe74||GetFileVersionInfoA import thunk|synthetic|src/surrender/vc6_runtime.cpp|legacy-marker|GetFileVersionInfoA import thunk|false
SURRENDER|1006fe7a||GetFileVersionInfoSizeA import thunk|synthetic|src/surrender/vc6_runtime.cpp|legacy-marker|GetFileVersionInfoSizeA import thunk|false
SURRENDER|1006fe80||GetSaveFileNameA import thunk|synthetic|src/surrender/vc6_runtime.cpp|legacy-marker|GetSaveFileNameA import thunk|false
SURRENDER|1006feb6||operator_new import thunk|synthetic|src/surrender/vc6_runtime.cpp|legacy-marker|operator_new import thunk|false
SURRENDER|1006febc||operator_delete import thunk|synthetic|src/surrender/vc6_runtime.cpp|legacy-marker|operator_delete import thunk|false
SURRENDER|1006fed0||_CIpow import thunk|synthetic|src/surrender/vc6_runtime.cpp|legacy-marker|_CIpow import thunk|false
SURRENDER|100700e6||??_L@YGXPAXIHP6EX0@Z1@Z unwind funclet|synthetic|src/surrender/vc6_runtime.cpp|legacy-marker|??_L@YGXPAXIHP6EX0@Z1@Z unwind funclet|true
SURRENDER|10076a18|??_8srBinIAsyncStream@@7B@|??_8srBinIAsyncStream@@7B@|global|include/surrender/srBinIAsyncStream.h|Canonical SR.DLL decorated vbtable export and signed offsets in evidence/snapshots/surrender-abi/vbtable-entries.csv; compiler-owned virtual-base layout data.|??_8srBinIAsyncStream@@7B@|true
SURRENDER|10076a60|??_8srBinFStream@@7B@|??_8srBinFStream@@7B@|global|include/surrender/srBinFStream.h|Canonical SR.DLL decorated vbtable export and signed offsets in evidence/snapshots/surrender-abi/vbtable-entries.csv; compiler-owned virtual-base layout data.|??_8srBinFStream@@7B@|true
SURRENDER|10076a98|??_8srBinIFStream@@7BsrBinIStream@@@|??_8srBinIFStream@@7BsrBinIStream@@@|global|include/surrender/srBinFStream.h|Canonical SR.DLL decorated vbtable export and signed offsets in evidence/snapshots/surrender-abi/vbtable-entries.csv; compiler-owned virtual-base layout data.|??_8srBinIFStream@@7BsrBinIStream@@@|true
SURRENDER|10076aa0|??_8srBinIFStream@@7BsrBinFStream@@@|??_8srBinIFStream@@7BsrBinFStream@@@|global|include/surrender/srBinFStream.h|Canonical SR.DLL decorated vbtable export and signed offsets in evidence/snapshots/surrender-abi/vbtable-entries.csv; compiler-owned virtual-base layout data.|??_8srBinIFStream@@7BsrBinFStream@@@|true
SURRENDER|10076aa8|??_8srBinIStream@@7B@|??_8srBinIStream@@7B@|global|include/surrender/srBinIStream.h|Canonical SR.DLL decorated vbtable export and signed offsets in evidence/snapshots/surrender-abi/vbtable-entries.csv; compiler-owned virtual-base layout data.|??_8srBinIStream@@7B@|true
SURRENDER|10076b04|??_8srBinIOFStream@@7BsrBinOStream@@@|??_8srBinIOFStream@@7BsrBinOStream@@@|global|include/surrender/srBinFStream.h|Canonical SR.DLL decorated vbtable export and signed offsets in evidence/snapshots/surrender-abi/vbtable-entries.csv; compiler-owned virtual-base layout data.|??_8srBinIOFStream@@7BsrBinOStream@@@|true
SURRENDER|10076b0c|??_8srBinIOFStream@@7BsrBinIStream@@@|??_8srBinIOFStream@@7BsrBinIStream@@@|global|include/surrender/srBinFStream.h|Canonical SR.DLL decorated vbtable export and signed offsets in evidence/snapshots/surrender-abi/vbtable-entries.csv; compiler-owned virtual-base layout data.|??_8srBinIOFStream@@7BsrBinIStream@@@|true
SURRENDER|10076b14|??_8srBinIOFStream@@7BsrBinFStream@@@|??_8srBinIOFStream@@7BsrBinFStream@@@|global|include/surrender/srBinFStream.h|Canonical SR.DLL decorated vbtable export and signed offsets in evidence/snapshots/surrender-abi/vbtable-entries.csv; compiler-owned virtual-base layout data.|??_8srBinIOFStream@@7BsrBinFStream@@@|true
SURRENDER|10076b1c|??_8srBinOStream@@7B@|??_8srBinOStream@@7B@|global|include/surrender/srBinOStream.h|Canonical SR.DLL decorated vbtable export and signed offsets in evidence/snapshots/surrender-abi/vbtable-entries.csv; compiler-owned virtual-base layout data.|??_8srBinOStream@@7B@|true
SURRENDER|10076b58|??_8srBinOFStream@@7BsrBinFStream@@@|??_8srBinOFStream@@7BsrBinFStream@@@|global|include/surrender/srBinFStream.h|Canonical SR.DLL decorated vbtable export and signed offsets in evidence/snapshots/surrender-abi/vbtable-entries.csv; compiler-owned virtual-base layout data.|??_8srBinOFStream@@7BsrBinFStream@@@|true
SURRENDER|10076b60|??_8srBinOFStream@@7BsrBinOStream@@@|??_8srBinOFStream@@7BsrBinOStream@@@|global|include/surrender/srBinFStream.h|Canonical SR.DLL decorated vbtable export and signed offsets in evidence/snapshots/surrender-abi/vbtable-entries.csv; compiler-owned virtual-base layout data.|??_8srBinOFStream@@7BsrBinOStream@@@|true
SURRENDER|10076b68|??_8srBinOFStream@@7B0@@|??_8srBinOFStream@@7B0@@|global|include/surrender/srBinFStream.h|Canonical SR.DLL decorated vbtable export and signed offsets in evidence/snapshots/surrender-abi/vbtable-entries.csv; compiler-owned virtual-base layout data.|??_8srBinOFStream@@7B0@@|true
SURRENDER|10076b9c|??_8srBinIMStream@@7B@|??_8srBinIMStream@@7B@|global|include/surrender/srBinIStream.h|Canonical SR.DLL decorated vbtable export and signed offsets in evidence/snapshots/surrender-abi/vbtable-entries.csv; compiler-owned virtual-base layout data.|??_8srBinIMStream@@7B@|true
SURRENDER|10076bcc|??_8srBinOMStream@@7B@|??_8srBinOMStream@@7B@|global|include/surrender/srBinOStream.h|Canonical SR.DLL decorated vbtable export and signed offsets in evidence/snapshots/surrender-abi/vbtable-entries.csv; compiler-owned virtual-base layout data.|??_8srBinOMStream@@7B@|true
SURRENDER|10076e24|??_8srWindowOut@@7B@|??_8srWindowOut@@7B@|global|include/surrender/srWindowOut.h|Canonical SR.DLL decorated vbtable export and signed offsets in evidence/snapshots/surrender-abi/vbtable-entries.csv; compiler-owned virtual-base layout data.|??_8srWindowOut@@7B@|true
WIZ8|0040115e||_XcptFilter|synthetic||legacy-marker|_XcptFilter|false
WIZ8|00401164||_initterm|synthetic||legacy-marker|_initterm|false
WIZ8|0040117f||NoOp (compiler-folded empty; called from __WinMainCRTStartup)|synthetic||legacy-marker|NoOp (compiler-folded empty; called from __WinMainCRTStartup)|false
WIZ8|004011c0||_except_handler3|synthetic||legacy-marker|_except_handler3|false
WIZ8|004011c6||_controlfp_import_thunk (MSVCRT.DLL)|synthetic||legacy-marker|_controlfp_import_thunk (MSVCRT.DLL)|false
WIZ8|004011cc||__dllonexit_import_thunk (MSVCRT.DLL)|synthetic||legacy-marker|__dllonexit_import_thunk (MSVCRT.DLL)|false
WIZ8|004023a0||NoOp (compiler-folded empty)|synthetic||legacy-marker|NoOp (compiler-folded empty)|false
WIZ8|0041a810||_AIL_shutdown@0_import_thunk (MSS32.DLL)|synthetic||legacy-marker|_AIL_shutdown@0_import_thunk (MSS32.DLL)|false
WIZ8|0041bd50||`dynamic atexit destructor for 's_prop_hit_plane_00652d90''|synthetic|src/wiz8/engine_code/GameData.cpp|legacy-marker|`dynamic atexit destructor for 's_prop_hit_plane_00652d90''|false
WIZ8|0041e8b0||`dynamic atexit destructor for 's_first_normal_00652d80''|synthetic|src/wiz8/engine_code/GameData.cpp|legacy-marker|`dynamic atexit destructor for 's_first_normal_00652d80''|false
WIZ8|0041e8c0||`dynamic atexit destructor for 's_second_normal_00652d68''|synthetic|src/wiz8/engine_code/GameData.cpp|legacy-marker|`dynamic atexit destructor for 's_second_normal_00652d68''|false
WIZ8|0041e8d0||`dynamic atexit destructor for 's_entry_direction_00652d50''|synthetic|src/wiz8/engine_code/GameData.cpp|legacy-marker|`dynamic atexit destructor for 's_entry_direction_00652d50''|false
WIZ8|00421650||srVector3T<float>::srVector3T(float,float,float)|template|include/surrender/srMath.h|legacy-marker|srVector3T<float>::srVector3T(float,float,float)|false
WIZ8|00421670||srVector3T<float>::SetZero|template|include/surrender/srMath.h|legacy-marker|srVector3T<float>::SetZero|false
WIZ8|00421680||srVector3T<float>::Set|template|include/surrender/srMath.h|legacy-marker|srVector3T<float>::Set|false
WIZ8|004216a0||srVector3T<float>::operator+=|template|include/surrender/srMath.h|legacy-marker|srVector3T<float>::operator+=|false
WIZ8|004216d0||srVector3T<float>::operator-=|template|include/surrender/srMath.h|legacy-marker|srVector3T<float>::operator-=|false
WIZ8|00421700||srVector3T<float>::Length|template|include/surrender/srMath.h|legacy-marker|srVector3T<float>::Length|false
WIZ8|00421730||srVector3T<float>::LengthSquared|template|include/surrender/srMath.h|legacy-marker|srVector3T<float>::LengthSquared|false
WIZ8|00421750||srVector3T<float>::SetLength|template|include/surrender/srMath.h|legacy-marker|srVector3T<float>::SetLength|false
WIZ8|00421890||W8LevelDataRecord::~W8LevelDataRecord|synthetic|src/wiz8/engine_code/GameData.cpp|legacy-marker|W8LevelDataRecord::~W8LevelDataRecord|false
WIZ8|004218b0||W8IntervalGate::`scalar deleting destructor'|synthetic|src/wiz8/engine_code/IntervalGate.cpp|legacy-marker|W8IntervalGate::`scalar deleting destructor'|false
WIZ8|004218d0||W8IntervalGate::~W8IntervalGate|synthetic|src/wiz8/engine_code/IntervalGate.cpp|legacy-marker|W8IntervalGate::~W8IntervalGate|false
WIZ8|004218e0||DotProduct<float>|template|include/surrender/srMath.h|legacy-marker|DotProduct<float>|false
WIZ8|00421900||operator*<float>(srVector3T<float> const &,double)|template|include/surrender/srMath.h|legacy-marker|operator*<float>(srVector3T<float> const &,double)|false
WIZ8|00421950||operator/<float>(srVector3T<float> const &,double)|template|include/surrender/srMath.h|legacy-marker|operator/<float>(srVector3T<float> const &,double)|false
WIZ8|004219a0||operator-<float>(srVector3T<float> const &,srVector3T<float> const &)|template|include/surrender/srMath.h|legacy-marker|operator-<float>(srVector3T<float> const &,srVector3T<float> const &)|false
WIZ8|004219f0||srMatrix3T<float>::SetRows|template|include/surrender/srMath.h|legacy-marker|srMatrix3T<float>::SetRows|false
WIZ8|00421a40||srMatrix3T<float>::MultiplyBy|template|include/surrender/srMath.h|legacy-marker|srMatrix3T<float>::MultiplyBy|false
WIZ8|004229c0||RenderFrame (tail-jump thunk)|synthetic|src/wiz8/engine_code/Video2.cpp|legacy-marker|RenderFrame (tail-jump thunk)|false
WIZ8|00423e50||material imported-destructor and srHeap deallocation wrapper|synthetic|src/wiz8/engine_code/Video2.cpp|Retail calls imported srMaterial destructor and conditionally srHeap deallocation. Selector identifies the matching consumer emission, not original template spelling.|srClientSupport<srMaterial,8720>::`scalar deleting destructor'|false
WIZ8|00423e80||srCamera::`scalar deleting destructor'|synthetic|src/wiz8/engine_code/Video2.cpp|legacy-marker|srCamera::`scalar deleting destructor'|false
WIZ8|00423eb0||srScene::`scalar deleting destructor'|synthetic|src/wiz8/engine_code/Video2.cpp|legacy-marker|srScene::`scalar deleting destructor'|false
WIZ8|00423ee0||srModeler::`scalar deleting destructor'|synthetic|src/wiz8/engine_code/Video2.cpp|legacy-marker|srModeler::`scalar deleting destructor'|false
WIZ8|00423f00||srColorSurface::`scalar deleting destructor'|synthetic|src/wiz8/engine_code/Video2.cpp|legacy-marker|srColorSurface::`scalar deleting destructor'|false
WIZ8|00424a50||srMeshModel::`scalar deleting destructor'|synthetic|src/wiz8/engine_code/Video2.cpp|legacy-marker|srMeshModel::`scalar deleting destructor'|false
WIZ8|00424a80||srVertexProcessor::MaterialInfo::MaterialInfo (Video2.cpp emission)|synthetic|src/wiz8/engine_code/Video2.cpp|legacy-marker|srVertexProcessor::MaterialInfo::MaterialInfo (Video2.cpp emission)|false
WIZ8|00424b70||srTextureMap::`scalar deleting destructor'|synthetic|src/wiz8/engine_code/Video2.cpp|legacy-marker|srTextureMap::`scalar deleting destructor'|false
WIZ8|004258b0||srVector3T<float>::SetSaturated|template|include/surrender/srMath.h|legacy-marker|srVector3T<float>::SetSaturated|false
WIZ8|00429a40||srClientSupport<srColorSurface,12560>::getClassID|template|src/wiz8/engine_code/Video2.cpp|legacy-marker|srClientSupport<srColorSurface,12560>::getClassID|false
WIZ8|00429a50||srClientSupport<srColorSurface,12560>::getClassName|template|src/wiz8/engine_code/Video2.cpp|legacy-marker|srClientSupport<srColorSurface,12560>::getClassName|false
WIZ8|00429a60||srClientSupport<srColorSurface,12560>::getClassNode|template|src/wiz8/engine_code/Video2.cpp|legacy-marker|srClientSupport<srColorSurface,12560>::getClassNode|false
WIZ8|00429ad0||srClientSupport<srColorSurface,12560>::clone|template|src/wiz8/engine_code/Video2.cpp|legacy-marker|srClientSupport<srColorSurface,12560>::vClone|false
WIZ8|00429b00||srPtr<T>::retained emission|template|include/surrender/srPtr.h;src/wiz8/engine_code/Video2.cpp|legacy-marker|srPtr assignment emission: release the held interface, addref and store the new one|false
WIZ8|00429b30||srClientSupport<srMeshModel,8208>::getClassID|template|src/wiz8/engine_code/Video2.cpp|legacy-marker|srClientSupport<srMeshModel,8208>::getClassID|false
WIZ8|00429b40||srClientSupport<srMeshModel,8208>::getClassName|template|src/wiz8/engine_code/Video2.cpp|legacy-marker|srClientSupport<srMeshModel,8208>::getClassName|false
WIZ8|00429b50||srClientSupport<srMeshModel,8208>::getClassNode|template|src/wiz8/engine_code/Video2.cpp|legacy-marker|srClientSupport<srMeshModel,8208>::getClassNode|false
WIZ8|00429bc0||srClientSupport<srMeshModel,8208>::clone|template|src/wiz8/engine_code/Video2.cpp|legacy-marker|srClientSupport<srMeshModel,8208>::vClone|false
WIZ8|00429be0||srClientSupport<srTextureMap,8465>::getClassID|template|src/wiz8/engine_code/Video2.cpp|legacy-marker|srClientSupport<srTextureMap,8465>::getClassID|false
WIZ8|00429bf0||srClientSupport<srTextureMap,8465>::getClassName|template|src/wiz8/engine_code/Video2.cpp|legacy-marker|srClientSupport<srTextureMap,8465>::getClassName|false
WIZ8|00429c00||srClientSupport<srTextureMap,8465>::getClassNode|template|src/wiz8/engine_code/Video2.cpp|legacy-marker|srClientSupport<srTextureMap,8465>::getClassNode|false
WIZ8|00429ca0||srClientSupport<srTextureMap,8465>::clone|template|src/wiz8/engine_code/Video2.cpp|legacy-marker|srClientSupport<srTextureMap,8465>::vClone|false
WIZ8|00429cc0||srClientSupport<srMaterial,8720>::getClassID|template|src/wiz8/engine_code/Video2.cpp|legacy-marker|srClientSupport<srMaterial,8720>::getClassID|false
WIZ8|00429cd0||srClientSupport<srMaterial,8720>::getClassName|template|src/wiz8/engine_code/Video2.cpp|legacy-marker|srClientSupport<srMaterial,8720>::getClassName|false
WIZ8|00429ce0||srClientSupport<srMaterial,8720>::getClassNode|template|src/wiz8/engine_code/Video2.cpp|legacy-marker|srClientSupport<srMaterial,8720>::getClassNode|false
WIZ8|00429d50||srClientSupport<srMaterial,8720>::clone|template|src/wiz8/engine_code/Video2.cpp|legacy-marker|srClientSupport<srMaterial,8720>::vClone|false
WIZ8|00429d70||srClientSupport<srMaterial,8720>::srClientSupport|template|src/wiz8/engine_code/Video2.cpp|legacy-marker|srClientSupport<srMaterial,8720>::srClientSupport|false
WIZ8|00429e80||srClassSupport<srMaterialIFace,srClass,1,8704>::getClassID|template|src/wiz8/engine_code/Video2.cpp|legacy-marker|srClassSupport<srMaterialIFace,srClass,1,8704>::getClassID|false
WIZ8|00429ee0||srClassSupport<srMaterialIFace,srClass,1,8704>::clone|template|src/wiz8/engine_code/Video2.cpp|legacy-marker|srClassSupport<srMaterialIFace,srClass,1,8704>::vClone|false
WIZ8|00429f00||material class-support destructor (0x2210 and 0x2200 registry layers)|template|include/surrender/srTypeRegistry.h|Retail restores both support vtables, unregisters each node through imported unregisterInstance, then calls srClass::~srClass; exact template spelling is not established.|material class-support destructor (0x2210 and 0x2200 registry layers)|false
WIZ8|0042a010||srClientSupport<srCamera,5120>::getClassID|template|src/wiz8/engine_code/Video2.cpp|legacy-marker|srClientSupport<srCamera,5120>::getClassID|false
WIZ8|0042a020||srClientSupport<srCamera,5120>::getClassName|template|src/wiz8/engine_code/Video2.cpp|legacy-marker|srClientSupport<srCamera,5120>::getClassName|false
WIZ8|0042a030||srClientSupport<srCamera,5120>::getClassNode|template|src/wiz8/engine_code/Video2.cpp|legacy-marker|srClientSupport<srCamera,5120>::getClassNode|false
WIZ8|0042a0a0||srClientSupport<srCamera,5120>::clone|template|src/wiz8/engine_code/Video2.cpp|legacy-marker|srClientSupport<srCamera,5120>::vClone|false
WIZ8|0042a0c0||srClientSupport<srScene,4112>::getClassID|template|src/wiz8/engine_code/Video2.cpp|legacy-marker|srClientSupport<srScene,4112>::getClassID|false
WIZ8|0042a0d0||srClientSupport<srScene,4112>::getClassName|template|src/wiz8/engine_code/Video2.cpp|legacy-marker|srClientSupport<srScene,4112>::getClassName|false
WIZ8|0042a0e0||srClientSupport<srScene,4112>::getClassNode|template|src/wiz8/engine_code/Video2.cpp|legacy-marker|srClientSupport<srScene,4112>::getClassNode|false
WIZ8|0042a150||srClientSupport<srScene,4112>::clone|template|src/wiz8/engine_code/Video2.cpp|legacy-marker|srClientSupport<srScene,4112>::vClone|false
WIZ8|0042a170||srClassSupport<srMaterialIFace,srClass,1,8704>::`scalar deleting destructor'|synthetic|src/wiz8/engine_code/Video2.cpp|legacy-marker|srClassSupport<srMaterialIFace,srClass,1,8704>::`scalar deleting destructor'|false
WIZ8|0042a1a0||srClassSupport<srMaterialIFace,srClass,1,8704>::~srClassSupport|template|src/wiz8/engine_code/Video2.cpp|legacy-marker|srClassSupport<srMaterialIFace,srClass,1,8704>::~srClassSupport|false
WIZ8|0042a230||material support-layer deleting destructor (0x2210 and 0x2200)|synthetic|src/wiz8/engine_code/Video2.cpp|Calls 0x00429f00, which unregisters both support layers before srClass destruction; this is not the imported srMaterial client destructor.|material support-layer deleting destructor (0x2210 and 0x2200)|false
WIZ8|0042a260||W8Vector<T>::W8Vector|template|include/wiz8/vector.h|legacy-marker|W8Vector<srClass*>::W8Vector|false
WIZ8|0042a2c0||W8Vector<T>::~W8Vector|template|include/wiz8/vector.h|legacy-marker|W8Vector::~W8Vector|false
WIZ8|0042a2e0||W8GrowableVector<T>::`scalar deleting destructor'|synthetic|include/wiz8/vector.h|legacy-marker|W8GrowableVector<srClass*>::`scalar deleting destructor'|false
WIZ8|0042a310||W8Vector<T>::`scalar deleting destructor'|synthetic|include/wiz8/vector.h|legacy-marker|W8Vector<srClass*>::`scalar deleting destructor'|false
WIZ8|0042a360||srVertexProcessor::~srVertexProcessor trivial body|synthetic|src/wiz8/engine_code/Video2.cpp|legacy-marker|srVertexProcessor::~srVertexProcessor trivial body|false
WIZ8|0042b890||srVertexProcessor scalar deleting destructor|synthetic|include/surrender/srVertexProcessor.h;src/wiz8/engine_code/Video2.cpp|legacy-marker|srVertexProcessor scalar deleting destructor|false
WIZ8|0042b910||srMatrix3T<float>::RotateAroundAxis(double, double, const srVector3T<float>&)|template|include/surrender/srMath.h|legacy-marker|srMatrix3T<float>::RotateAroundAxis(double, double, const srVector3T<float>&)|false
WIZ8|0042bac0||W8SpellEffectEntry::~W8SpellEffectEntry|synthetic|src/wiz8/local_code/Magic.cpp|legacy-marker|W8SpellEffectEntry::~W8SpellEffectEntry|false
WIZ8|0042bb40||W8GrowableVector<T>::`scalar deleting destructor'|synthetic|include/wiz8/vector.h|legacy-marker|W8GrowableVector<W8SpellDamageReport*>::`scalar deleting destructor'|false
WIZ8|0042bb70||W8GrowableVector<T>::retained emission|synthetic|include/wiz8/vector.h|legacy-marker|??_G?$W8GrowableVector@H@@UAEPAXI@Z|true
WIZ8|0042bba0||W8GrowableVector<T>::`scalar deleting destructor'|synthetic|include/wiz8/vector.h|legacy-marker|W8GrowableVector<W8SpellVisual*>::`scalar deleting destructor'|false
WIZ8|0042bbd0||W8GrowableVector<T>::`scalar deleting destructor'|synthetic|include/wiz8/vector.h|legacy-marker|W8GrowableVector<W8Missile*>::`scalar deleting destructor'|false
WIZ8|00438c00||operator+<float>(srVector3T<float> const &,srVector3T<float> const &)|template|include/surrender/srMath.h|legacy-marker|operator+<float>(srVector3T<float> const &,srVector3T<float> const &)|false
WIZ8|00438c50||W8GrowableVector<T>::~W8GrowableVector (Octree.cpp emission)|template|include/wiz8/vector.h|legacy-marker|W8GrowableVector::~W8GrowableVector (Octree.cpp emission)|false
WIZ8|00438c70||W8Vector<T>::~W8Vector|template|include/wiz8/vector.h|legacy-marker|W8Vector::~W8Vector|false
WIZ8|00438c90||W8HashTable<Key,Value>::Remove|template|src/wiz8/engine_code/Octree.cpp|legacy-marker|W8HashTable<unsigned int,int>::Remove|false
WIZ8|00438d50||W8HashTable<Key,Value>::FindNextEntry|template|src/wiz8/engine_code/Octree.cpp|legacy-marker|W8HashTable<unsigned int,int>::FindNextEntry|false
WIZ8|00438dd0||W8HashTable<Key,Value>::RemoveAt|template|include/wiz8/engine_code/stHash.hpp|legacy-marker|W8HashTable<unsigned int,int>::RemoveAt|false
WIZ8|00438f40||W8GrowableVector<T>::`scalar deleting destructor'|synthetic|include/wiz8/vector.h|legacy-marker|W8GrowableVector<stModelInstance*>::`scalar deleting destructor'|false
WIZ8|00438f70||W8Vector<T>::`scalar deleting destructor'|synthetic|include/wiz8/vector.h|legacy-marker|W8Vector<stModelInstance*>::`scalar deleting destructor'|false
WIZ8|00438f90||srMatrix3T<float>::RotateAboutY|template|include/surrender/srMath.h|legacy-marker|srMatrix3T<float>::RotateAboutY|false
WIZ8|004390f0||W8GrowableVector<T>::W8GrowableVector (four-byte capacity)|template|include/wiz8/vector.h|legacy-marker|??0?$W8GrowableVector@PAVstModelInstance@@@@QAE@H@Z|true
WIZ8|00439140||W8HashTable<Key,Value>::Grow|template|src/wiz8/engine_code/Octree.cpp|legacy-marker|W8HashTable<unsigned int,short>::Grow|false
WIZ8|00439290||W8HashTable<Key,Value>::Grow|template|src/wiz8/engine_code/Octree.cpp|legacy-marker|W8HashTable<unsigned int,int>::Grow|false
WIZ8|004393e0||W8HashTable<Key,Value>::AllocateEntry|template|src/wiz8/engine_code/Octree.cpp|legacy-marker|W8HashTable<unsigned int,int>::AllocateEntry|false
WIZ8|00439750||W8GameTimer::`scalar deleting destructor'|synthetic|src/wiz8/engine_code/game_timer.cpp|legacy-marker|W8GameTimer::`scalar deleting destructor'|false
WIZ8|004397d0||srTimer::`scalar deleting destructor' (slot 0 of the local 0x005ec078 vtable)|synthetic|src/wiz8/engine_code/game_timer.cpp|legacy-marker|srTimer::`scalar deleting destructor' (slot 0 of the local 0x005ec078 vtable)|false
WIZ8|0043ac40||W8GameTimeAccumulator::`scalar deleting destructor'|synthetic|src/wiz8/engine_code/GameTimeAccumulator.cpp|legacy-marker|W8GameTimeAccumulator::`scalar deleting destructor'|false
WIZ8|0043ac60||W8GameTimeAccumulator::~W8GameTimeAccumulator|synthetic|src/wiz8/engine_code/GameTimeAccumulator.cpp|legacy-marker|W8GameTimeAccumulator::~W8GameTimeAccumulator|false
WIZ8|0043bc70||Trigger::`scalar deleting destructor'|synthetic|src/wiz8/engine_code/Trigger.cpp|legacy-marker|Trigger::`scalar deleting destructor'|false
WIZ8|0043c7f0||W8TriggerActionData::`scalar deleting destructor'|synthetic|src/wiz8/engine_code/Trigger.cpp|legacy-marker|W8TriggerActionData::`scalar deleting destructor'|false
WIZ8|00440980||W8TriggerEvent::`scalar deleting destructor'|synthetic|src/wiz8/engine_code/Trigger.cpp|legacy-marker|W8TriggerEvent::`scalar deleting destructor'|false
WIZ8|00443730||W8StringTriggerActionData::`scalar deleting destructor'|synthetic|src/wiz8/engine_code/Trigger.cpp|legacy-marker|W8StringTriggerActionData::`scalar deleting destructor'|false
WIZ8|00445ad0||srClassSupport<Trigger,srClass,1,65544>::getClassID|template|src/wiz8/engine_code/Trigger.cpp|legacy-marker|srClassSupport<Trigger,srClass,1,65544>::getClassID|false
WIZ8|00445ae0||srClassSupport<Trigger,srClass,1,65544>::getClassName|template|src/wiz8/engine_code/Trigger.cpp|legacy-marker|srClassSupport<Trigger,srClass,1,65544>::getClassName|false
WIZ8|00445af0||srClassSupport<Trigger,srClass,1,65544>::vClone|template|src/wiz8/engine_code/Trigger.cpp|legacy-marker|srClassSupport<Trigger,srClass,1,65544>::vClone|false
WIZ8|00445e00||srClassSupport<Trigger,srClass,1,65544>::~srClassSupport<Trigger,srClass,1,65544>|template|src/wiz8/engine_code/Trigger.cpp|legacy-marker|srClassSupport<Trigger,srClass,1,65544>::~srClassSupport<Trigger,srClass,1,65544>|false
WIZ8|00445e90||srClassSupport<Trigger,srClass,1,65544>::`scalar deleting destructor'|synthetic|src/wiz8/engine_code/Trigger.cpp|legacy-marker|srClassSupport<Trigger,srClass,1,65544>::`scalar deleting destructor'|false
WIZ8|00445ec0||W8DoorTriggerActionData::`scalar deleting destructor'|synthetic|src/wiz8/engine_code/Trigger.cpp|legacy-marker|W8DoorTriggerActionData::`scalar deleting destructor'|false
WIZ8|00445ef0||srClientSupport<srNode,4096>::getClassNode|template|src/wiz8/engine_code/Trigger.cpp|legacy-marker|srClientSupport<srNode,4096>::getClassNode|false
WIZ8|00445f30||srClassSupport<Trigger,srClass,1,65544>::getClassNode|template|src/wiz8/engine_code/Trigger.cpp|legacy-marker|srClassSupport<Trigger,srClass,1,65544>::getClassNode|false
WIZ8|00445f70||W8GrowableVector<T>::Add|template|include/wiz8/vector.h|legacy-marker|W8GrowableVector<T*>::Add|false
WIZ8|00445ff0||W8Vector<T>::W8Vector<T>|template|include/wiz8/vector.h|legacy-marker|W8Vector<W8EncounterScriptName*>::W8Vector<W8EncounterScriptName*>|false
WIZ8|00446050||W8Vector<T>::~W8Vector|template|include/wiz8/vector.h|legacy-marker|W8Vector::~W8Vector|false
WIZ8|00446070||W8Vector<T>::~W8Vector|template|include/wiz8/vector.h|legacy-marker|W8Vector::~W8Vector|false
WIZ8|00446090||W8GrowableVector<T>::W8GrowableVector|template|include/wiz8/vector.h|legacy-marker|W8GrowableVector<W8TriggerEvent*>::W8GrowableVector|false
WIZ8|004460f0||W8GrowableVector<T>::~W8GrowableVector|template|include/wiz8/vector.h|legacy-marker|W8GrowableVector::~W8GrowableVector|false
WIZ8|00446110||srVector3T<float>::SetFromDouble|template|include/surrender/srMath.h|legacy-marker|srVector3T<float>::SetFromDouble|false
WIZ8|00446130||W8GrowableVector<T>::`scalar deleting destructor' (Trigger.cpp table 0x005EC0E0)|synthetic|include/wiz8/vector.h|legacy-marker|W8GrowableVector<int>::`scalar deleting destructor' (Trigger.cpp table 0x005EC0E0)|false
WIZ8|00446160||W8GrowableVector<T>::`scalar deleting destructor'|synthetic|include/wiz8/vector.h|legacy-marker|W8GrowableVector<W8EncounterScriptName*>::`scalar deleting destructor'|false
WIZ8|00446190||W8Vector<T>::`scalar deleting destructor'|synthetic|include/wiz8/vector.h|legacy-marker|W8Vector<W8EncounterScriptName*>::`scalar deleting destructor'|false
WIZ8|004461b0||W8GrowableVector<T>::`scalar deleting destructor'|synthetic|include/wiz8/vector.h|legacy-marker|W8GrowableVector<W8WorldItem*>::`scalar deleting destructor'|false
WIZ8|004461e0||W8Vector<T>::`scalar deleting destructor'|synthetic|include/wiz8/vector.h|legacy-marker|W8Vector<W8WorldItem*>::`scalar deleting destructor'|false
WIZ8|00446200||W8GrowableVector<T>::`scalar deleting destructor' (companion table 0x005EC170)|synthetic|include/wiz8/vector.h|legacy-marker|W8GrowableVector<W8TriggerEvent*>::`scalar deleting destructor' (companion table 0x005EC170)|false
WIZ8|00446230||W8GrowableVector<T>::`scalar deleting destructor'|synthetic|include/wiz8/vector.h|legacy-marker|W8GrowableVector<W8TriggerEvent*>::`scalar deleting destructor'|false
WIZ8|004467d0||W8OctBuildNode::`scalar deleting destructor'|synthetic|src/wiz8/engine_code/OctBuildTree.cpp|legacy-marker|W8OctBuildNode::`scalar deleting destructor'|false
WIZ8|0044902e||W8GameData::W8GameData shared constructor entry|synthetic|src/wiz8/engine_code/GDFileIO.cpp|legacy-marker|W8GameData::W8GameData shared constructor entry|false
WIZ8|0044acf0||W8PropRepresentation::`scalar deleting destructor'|synthetic|src/wiz8/engine_code/Prop.cpp|legacy-marker|W8PropRepresentation::`scalar deleting destructor'|false
WIZ8|0044bea0||W8Prop::`scalar deleting destructor'|synthetic|src/wiz8/engine_code/Prop.cpp|legacy-marker|W8Prop::`scalar deleting destructor'|false
WIZ8|0044ec60||srVector3T<float>::operator==|template|include/surrender/srMath.h|legacy-marker|srVector3T<float>::operator==|false
WIZ8|0044ee50||W8AnimRepBase::`scalar deleting destructor'|synthetic|src/wiz8/engine_code/AnimRep.cpp|legacy-marker|W8AnimRepBase::`scalar deleting destructor'|false
WIZ8|0044ee70||operator-<float>(srVector3T<float> const &)|template|include/surrender/srMath.h|legacy-marker|operator-<float>(srVector3T<float> const &)|false
WIZ8|0044eeb0||operator*<float>(double, srVector3T<float> const &)|template|include/surrender/srMath.h|legacy-marker|operator*<float>(double, srVector3T<float> const &)|false
WIZ8|0044ef00||W8Vector<T>::~W8Vector<T>|template|src/wiz8/engine_code/Prop.cpp|legacy-marker|W8Vector<W8PropAnimationSegment*>::~W8Vector<W8PropAnimationSegment*>|false
WIZ8|0044ef20||W8AnimRep::~W8AnimRep|synthetic|src/wiz8/engine_code/AnimRep.cpp|legacy-marker|W8AnimRep::~W8AnimRep|false
WIZ8|0044ef30||W8GrowableVector<T>::`scalar deleting destructor'|synthetic|src/wiz8/engine_code/Prop.cpp|legacy-marker|W8GrowableVector<W8PropAnimationSegment*>::`scalar deleting destructor'|false
WIZ8|0044ef60||W8Vector<T>::`scalar deleting destructor'|synthetic|src/wiz8/engine_code/Prop.cpp|legacy-marker|W8Vector<W8PropAnimationSegment*>::`scalar deleting destructor'|false
WIZ8|0044efe0||W8GrowableVector<T>::W8GrowableVector (four-byte capacity)|template|src/wiz8/engine_code/Prop.cpp|legacy-marker|??0?$W8GrowableVector@PAUW8PropAnimationSegment@@@@QAE@H@Z|true
WIZ8|0044f3d0||srClientSupport<srNode,4096>::`scalar deleting destructor'|synthetic|src/wiz8/engine_code/3dapi.cpp|legacy-marker|srClientSupport<srNode,4096>::`scalar deleting destructor'|false
WIZ8|00450060||`dynamic atexit destructor for 's_saved_camera_rotation''|synthetic|src/wiz8/engine_code/3dapi.cpp|legacy-marker|`dynamic atexit destructor for 's_saved_camera_rotation''|false
WIZ8|00450070||`dynamic atexit destructor for 's_last_automap_refresh_position''|synthetic|src/wiz8/engine_code/3dapi.cpp|legacy-marker|`dynamic atexit destructor for 's_last_automap_refresh_position''|false
WIZ8|004519d0||srClientSupport<srNode,4096>::getClassID|template|src/wiz8/engine_code/3dapi.cpp|legacy-marker|srClientSupport<srNode,4096>::getClassID|false
WIZ8|004519f0||srClientSupport<srNode,4096>::vClone|template|src/wiz8/engine_code/3dapi.cpp|legacy-marker|srClientSupport<srNode,4096>::vClone|false
WIZ8|00451a10||srVector3T<float>::RotateAboutY|template|include/surrender/srMath.h|legacy-marker|srVector3T<float>::RotateAboutY|false
WIZ8|00451a40||W8GrowableVector<T>::W8GrowableVector|template|include/wiz8/vector.h|legacy-marker|W8GrowableVector<W8World*>::W8GrowableVector|false
WIZ8|00451aa0||W8GrowableVector<T>::~W8GrowableVector|template|include/wiz8/vector.h|legacy-marker|W8GrowableVector::~W8GrowableVector|false
WIZ8|00451ac0||W8Vector<T>::`scalar deleting destructor'|synthetic|include/wiz8/vector.h|legacy-marker|W8Vector<W8SpellVisual*>::`scalar deleting destructor'|false
WIZ8|00451ae0||W8Vector<T>::~W8Vector|template|include/wiz8/vector.h|legacy-marker|W8Vector::~W8Vector|false
WIZ8|00451b00||W8Vector<T>::`scalar deleting destructor'|synthetic|include/wiz8/vector.h|legacy-marker|W8Vector<W8Missile*>::`scalar deleting destructor'|false
WIZ8|00451b20||W8Vector<T>::~W8Vector|template|include/wiz8/vector.h|legacy-marker|W8Vector::~W8Vector|false
WIZ8|00451b40||W8GrowableVector<T>::`scalar deleting destructor' (companion table 0x005EC2BC)|synthetic|include/wiz8/vector.h|legacy-marker|W8GrowableVector<W8World*>::`scalar deleting destructor' (companion table 0x005EC2BC)|false
WIZ8|00451b70||W8GrowableVector<T>::`scalar deleting destructor'|synthetic|include/wiz8/vector.h|legacy-marker|W8GrowableVector<W8World*>::`scalar deleting destructor'|false
WIZ8|00451b90||W8GrowableVector<T>::`scalar deleting destructor'|synthetic|include/wiz8/vector.h|legacy-marker|W8GrowableVector<Trigger*>::`scalar deleting destructor'|false
WIZ8|00451bc0||W8Vector<T>::`scalar deleting destructor'|synthetic|include/wiz8/vector.h|legacy-marker|W8Vector<Trigger*>::`scalar deleting destructor'|false
WIZ8|00451be0||W8Vector<T>::~W8Vector|template|include/wiz8/vector.h|legacy-marker|W8Vector::~W8Vector|false
WIZ8|00451c00||W8GrowableVector<T>::`scalar deleting destructor'|synthetic|include/wiz8/vector.h|legacy-marker|W8GrowableVector<stParticle*>::`scalar deleting destructor'|false
WIZ8|00451c30||W8Vector<T>::`scalar deleting destructor'|synthetic|include/wiz8/vector.h|legacy-marker|W8Vector<stParticle*>::`scalar deleting destructor'|false
WIZ8|00451c50||W8Vector<T>::~W8Vector|template|include/wiz8/vector.h|legacy-marker|W8Vector::~W8Vector|false
WIZ8|00451c70||W8GrowableVector<T>::`scalar deleting destructor'|synthetic|include/wiz8/vector.h|legacy-marker|W8GrowableVector<W8NamedPosition*>::`scalar deleting destructor'|false
WIZ8|00451ca0||W8Vector<T>::`scalar deleting destructor'|synthetic|include/wiz8/vector.h|legacy-marker|W8Vector<W8NamedPosition*>::`scalar deleting destructor'|false
WIZ8|00451cc0||W8Vector<T>::~W8Vector|template|include/wiz8/vector.h|legacy-marker|W8Vector::~W8Vector|false
WIZ8|00451ce0||W8GrowableVector<T>::`scalar deleting destructor'|synthetic|include/wiz8/vector.h|legacy-marker|W8GrowableVector<stLight*>::`scalar deleting destructor'|false
WIZ8|00451d10||W8Vector<T>::`scalar deleting destructor'|synthetic|include/wiz8/vector.h|legacy-marker|W8Vector<stLight*>::`scalar deleting destructor'|false
WIZ8|00451d30||W8Vector<T>::~W8Vector|template|include/wiz8/vector.h|legacy-marker|W8Vector::~W8Vector|false
WIZ8|00451d50||W8GrowableVector<T>::`scalar deleting destructor'|synthetic|include/wiz8/vector.h|legacy-marker|W8GrowableVector<W8Prop*>::`scalar deleting destructor'|false
WIZ8|00451d80||W8Vector<T>::`scalar deleting destructor'|synthetic|include/wiz8/vector.h|legacy-marker|W8Vector<W8Prop*>::`scalar deleting destructor'|false
WIZ8|00451da0||W8Vector<T>::~W8Vector|template|include/wiz8/vector.h|legacy-marker|W8Vector::~W8Vector|false
WIZ8|00451dc0||W8GrowableVector<T>::`scalar deleting destructor'|synthetic|include/wiz8/vector.h|legacy-marker|W8GrowableVector<MonGen*>::`scalar deleting destructor'|false
WIZ8|00451df0||W8Vector<T>::`scalar deleting destructor'|synthetic|include/wiz8/vector.h|legacy-marker|W8Vector<MonGen*>::`scalar deleting destructor'|false
WIZ8|00451e10||W8Vector<T>::~W8Vector|template|include/wiz8/vector.h|legacy-marker|W8Vector::~W8Vector|false
WIZ8|00452100||W8Navigator::`scalar deleting destructor'|synthetic|src/wiz8/engine_code/Navigator.cpp|legacy-marker|W8Navigator::`scalar deleting destructor'|false
WIZ8|004527ad||W8Navigator::LinkToNavigator mid-body continuation|synthetic|src/wiz8/engine_code/Navigator.cpp|legacy-marker|W8Navigator::LinkToNavigator mid-body continuation|false
WIZ8|00456140||W8GrowableVector<T>::W8GrowableVector|template|include/wiz8/vector.h|legacy-marker|W8GrowableVector<W8Navigator*>::W8GrowableVector|false
WIZ8|004561a0||W8GrowableVector<T>::~W8GrowableVector|template|include/wiz8/vector.h|legacy-marker|W8GrowableVector::~W8GrowableVector|false
WIZ8|004561c0||W8GrowableVector<T>::`scalar deleting destructor' (companion table 0x005EC328)|synthetic|include/wiz8/vector.h|legacy-marker|W8GrowableVector<W8Navigator*>::`scalar deleting destructor' (companion table 0x005EC328)|false
WIZ8|004561f0||W8GrowableVector<T>::`scalar deleting destructor'|synthetic|include/wiz8/vector.h|legacy-marker|W8GrowableVector<W8Navigator*>::`scalar deleting destructor'|false
WIZ8|00467310||srMatrix3T<float>::SetIdentity|template|include/surrender/srMath.h|legacy-marker|srMatrix3T<float>::SetIdentity|false
WIZ8|004673b0||srMatrix3T<float>::Transform (return-by-value emission)|template|src/wiz8/engine_code/OctPath.cpp|legacy-marker|srMatrix3T<float>::Transform (return-by-value emission)|false
WIZ8|00467430||srMatrix3T<float>::RotateAboutY|template|src/wiz8/engine_code/OctPath.cpp|legacy-marker|srMatrix3T<float>::RotateAboutY|false
WIZ8|004675b0||stHeap<W8PathHeapEntry>::Insert|template|src/wiz8/engine_code/OctPath.cpp|legacy-marker|stHeap<W8PathHeapEntry>::Insert|false
WIZ8|00467640||QuickSortByKey<unsigned long>|template|src/wiz8/engine_code/OctPreTree.cpp|legacy-marker|QuickSortByKey<unsigned long>|false
WIZ8|004677a0||QuickSortByKey<unsigned short>|template|src/wiz8/engine_code/OctPreTree.cpp|legacy-marker|QuickSortByKey<unsigned short>|false
WIZ8|00467910||stHeap<W8PathHeapEntry>::SiftDown|template|src/wiz8/engine_code/OctPath.cpp|legacy-marker|stHeap<W8PathHeapEntry>::SiftDown|false
WIZ8|00467990||stHeap<W8PathHeapEntry>::SiftUp|template|src/wiz8/engine_code/OctPath.cpp|legacy-marker|stHeap<W8PathHeapEntry>::SiftUp|false
WIZ8|0046a490||srVector3T<float>::operator=|template|src/wiz8/engine_code/OctPreTree.cpp|legacy-marker|srVector3T<float>::operator=|false
WIZ8|0046ca50||QuickSortByKey<srVector3i>|template|src/wiz8/engine_code/OctPreTree.cpp|legacy-marker|QuickSortByKey<srVector3i>|false
WIZ8|0046cc50||W8Octree::`scalar deleting destructor'|synthetic|src/wiz8/engine_code/OctPreTree.cpp|legacy-marker|W8Octree::`scalar deleting destructor'|false
WIZ8|0046cc80||W8OctSpatialState::`scalar deleting destructor'|synthetic|src/wiz8/engine_code/OctPreTree.cpp|legacy-marker|W8OctSpatialState::`scalar deleting destructor'|false
WIZ8|0046cca0||W8GrowableVector<T>::~W8GrowableVector|template|src/wiz8/engine_code/OctPreTree.cpp|legacy-marker|W8GrowableVector<GDProp*>::~W8GrowableVector|false
WIZ8|0046e490||GetCameraYawRadians|synthetic|src/wiz8/engine_code/3d.cpp|legacy-marker|GetCameraYawRadians|false
WIZ8|004700d0||srArray<T>::setCapacity|template|src/wiz8/engine_code/stMeshModel.cpp|legacy-marker|srArray<srVector3T<float> >::setCapacity|false
WIZ8|004701b0||srArray<T>::release|template|src/wiz8/engine_code/3d.cpp|legacy-marker|srArray<T>::release|false
WIZ8|004701d0||srArray<T>::release|template|src/wiz8/engine_code/stMeshModel.cpp|legacy-marker|srArray<srVector3T<float> >::release|false
WIZ8|00470200||srMatrix4T<float>::Set|template|src/wiz8/engine_code/3d.cpp|legacy-marker|srMatrix4T<float>::Set|false
WIZ8|00470e90||stMeshModel::`scalar deleting destructor'|synthetic|src/wiz8/engine_code/stMeshModel.cpp|legacy-marker|stMeshModel::`scalar deleting destructor'|false
WIZ8|004741b0||srHeapBuffer<T>::release (null-checked; four-byte-element instantiations)|template|src/wiz8/engine_code/stMeshModel.cpp|legacy-marker|srHeapBuffer<T>::release (null-checked; four-byte-element instantiations)|false
WIZ8|004741e0||srClassSupport<stMeshModel,srMeshModel,0,65539>::getClassID|template|src/wiz8/engine_code/stMeshModel.cpp|legacy-marker|srClassSupport<stMeshModel,srMeshModel,0,65539>::getClassID|false
WIZ8|004741f0||srClassSupport<stMeshModel,srMeshModel,0,65539>::getClassName|template|src/wiz8/engine_code/stMeshModel.cpp|legacy-marker|srClassSupport<stMeshModel,srMeshModel,0,65539>::getClassName|false
WIZ8|00474200||srClassSupport<stMeshModel,srMeshModel,0,65539>::vClone|template|src/wiz8/engine_code/stMeshModel.cpp|legacy-marker|srClassSupport<stMeshModel,srMeshModel,0,65539>::vClone|false
WIZ8|004744a0||srHeapBuffer<srVector3T<float> >::setCapacity (preserving two-argument emission)|template|src/wiz8/engine_code/stMeshModel.cpp|legacy-marker|srHeapBuffer<srVector3T<float> >::setCapacity (preserving two-argument emission)|false
WIZ8|00474560||srClassSupport<stMeshModel,srMeshModel,0,65539>::~srClassSupport<stMeshModel,srMeshModel,0,65539>|template|src/wiz8/engine_code/stMeshModel.cpp|legacy-marker|srClassSupport<stMeshModel,srMeshModel,0,65539>::~srClassSupport<stMeshModel,srMeshModel,0,65539>|false
WIZ8|00474650||srHeapBuffer<float>::setCapacity (preserving two-argument emission)|template|src/wiz8/engine_code/stMeshModel.cpp|legacy-marker|srHeapBuffer<float>::setCapacity (preserving two-argument emission)|false
WIZ8|00474760||srClassSupport<stMeshModel,srMeshModel,0,65539>::`scalar deleting destructor'|synthetic|src/wiz8/engine_code/stMeshModel.cpp|legacy-marker|srClassSupport<stMeshModel,srMeshModel,0,65539>::`scalar deleting destructor'|false
WIZ8|00474790||srVector3T<float> elementwise copy (clone member-copy emission)|template|src/wiz8/engine_code/stMeshModel.cpp|legacy-marker|srVector3T<float> elementwise copy (clone member-copy emission)|false
WIZ8|004747d0||srHeapBuffer<srVector3T<float> >::allocate|template|src/wiz8/engine_code/stMeshModel.cpp|legacy-marker|srHeapBuffer<srVector3T<float> >::allocate|false
WIZ8|00474820||srClassSupport<stMeshModel,srMeshModel,0,65539>::getClassNode|template|src/wiz8/engine_code/stMeshModel.cpp|legacy-marker|srClassSupport<stMeshModel,srMeshModel,0,65539>::getClassNode|false
WIZ8|00474930||srArray<T>::setCapacity|template|src/wiz8/engine_code/stMeshModel.cpp|legacy-marker|srArray<srTriMeshPipeline::Record>::setCapacity|false
WIZ8|00474a80||srArray<T>::setCapacity|template|src/wiz8/engine_code/stMeshModel.cpp|legacy-marker|srArray<srTriMeshPipeline::Pass>::setCapacity|false
WIZ8|00474b80||W8GrowableVector<T>::~W8GrowableVector<T>|template|src/wiz8/engine_code/stMeshModel.cpp|legacy-marker|W8GrowableVector<int>::~W8GrowableVector<int>|false
WIZ8|00474ba0||W8GrowableVector<T>::~W8GrowableVector<T>|template|src/wiz8/engine_code/stMeshModel.cpp|legacy-marker|W8GrowableVector<srPtr<srTextureIFace>*>::~W8GrowableVector<srPtr<srTextureIFace>*>|false
WIZ8|00474bc0||W8GrowableVector<T>::~W8GrowableVector<T>|template|src/wiz8/engine_code/stMeshModel.cpp|legacy-marker|W8GrowableVector<short>::~W8GrowableVector<short>|false
WIZ8|00474be0||W8GrowableVector<T>::W8GrowableVector|template|include/wiz8/vector.h|legacy-marker|W8GrowableVector<stMeshModel*>::W8GrowableVector|false
WIZ8|00474c40||W8GrowableVector<T>::~W8GrowableVector|template|include/wiz8/vector.h|legacy-marker|W8GrowableVector::~W8GrowableVector|false
WIZ8|00474c60||W8GrowableVector<T>::W8GrowableVector (one-byte default)|template|include/wiz8/vector.h|legacy-marker|??0?$W8GrowableVector@E@@QAE@XZ|true
WIZ8|00474ca0||W8GrowableVector<T>::Add|template|include/wiz8/vector.h|legacy-marker|W8GrowableVector<unsigned char>::Add|false
WIZ8|00474d20||W8GrowableVector<T>::RemoveAt|template|src/wiz8/engine_code/stMeshModel.cpp|legacy-marker|W8GrowableVector<unsigned char>::RemoveAt|false
WIZ8|00474d60||W8GrowableVector<T>::`scalar deleting destructor'|synthetic|src/wiz8/engine_code/stMeshModel.cpp|legacy-marker|W8GrowableVector<srPtr<srTextureIFace>*>::`scalar deleting destructor'|false
WIZ8|00474d90||W8GrowableVector<T>::`scalar deleting destructor' (out-of-line destructor emission)|synthetic|src/wiz8/engine_code/stMeshModel.cpp|legacy-marker|W8GrowableVector<srPtr<srTextureIFace>*>::`scalar deleting destructor' (out-of-line destructor emission)|false
WIZ8|00474db0||W8GrowableVector<T>::`scalar deleting destructor'|synthetic|src/wiz8/engine_code/stMeshModel.cpp|legacy-marker|W8GrowableVector<short>::`scalar deleting destructor'|false
WIZ8|00474de0||W8GrowableVector<T>::`scalar deleting destructor'|synthetic|src/wiz8/engine_code/stMeshModel.cpp|legacy-marker|W8GrowableVector<W8VectorElement005EC514*>::`scalar deleting destructor'|false
WIZ8|00474e10||W8GrowableVector<T>::`scalar deleting destructor'|synthetic|include/wiz8/vector.h|legacy-marker|W8GrowableVector<stMeshModel*>::`scalar deleting destructor'|false
WIZ8|00474e30||W8GrowableVector<T>::`scalar deleting destructor'|synthetic|include/wiz8/vector.h|legacy-marker|W8GrowableVector<unsigned char>::`scalar deleting destructor'|false
WIZ8|00474e60||W8GrowableVector<T>::`scalar deleting destructor'|synthetic|src/wiz8/engine_code/stMeshModel.cpp|legacy-marker|W8GrowableVector<unsigned long*>::`scalar deleting destructor'|false
WIZ8|00474e90||W8GrowableVector<T>::`scalar deleting destructor'|synthetic|src/wiz8/engine_code/stMeshModel.cpp|legacy-marker|W8GrowableVector<int>::`scalar deleting destructor'|false
WIZ8|00474ec0||W8GrowableVector<T>::operator= (four-byte-element emission)|template|src/wiz8/engine_code/stMeshModel.cpp|legacy-marker|W8GrowableVector<T>::operator= (four-byte-element emission)|false
WIZ8|00474f60||W8GrowableVector<T>::W8GrowableVector (capacity emission)|template|src/wiz8/engine_code/stMeshModel.cpp|legacy-marker|W8GrowableVector<srPtr<srTextureIFace>*>::W8GrowableVector (capacity emission)|false
WIZ8|00474fb0||W8GrowableVector<T>::W8GrowableVector<T>|template|include/wiz8/vector.h|legacy-marker|W8GrowableVector<W8EncounterScriptName*>::W8GrowableVector<W8EncounterScriptName*>|false
WIZ8|00475000||W8GrowableVector<T>::operator= (two-byte-element emission)|template|src/wiz8/engine_code/stMeshModel.cpp|legacy-marker|W8GrowableVector<short>::operator= (two-byte-element emission)|false
WIZ8|00475240||srHeapBuffer<srVertexProcessor*>::ensure (folded four-byte-element instantiations)|template|src/wiz8/engine_code/stMeshModel.cpp|legacy-marker|srHeapBuffer<srVertexProcessor*>::ensure (folded four-byte-element instantiations)|false
WIZ8|004752d0||srTriMeshPipeline::`scalar deleting destructor'|synthetic|src/wiz8/engine_code/stMeshModel.cpp|legacy-marker|srTriMeshPipeline::`scalar deleting destructor'|false
WIZ8|00476080||unresolved generic srHeap allocator instantiation for four-byte elements|template|src/wiz8/engine_code/stMeshModel.cpp|legacy-marker|unresolved generic srHeap allocator instantiation for four-byte elements|false
WIZ8|004760a0||srArray<T>::setCapacity|template|src/wiz8/engine_code/stMeshModel.cpp|legacy-marker|srArray<srVertexArray>::setCapacity|false
WIZ8|00478eb0||srMatrix3T<float>::RotateAboutX|template|include/surrender/srMath.h;src/wiz8/engine_code/GDCamera.cpp|legacy-marker|srMatrix3T<float>::RotateAboutX|false
WIZ8|0047a780||W8AmbientSound::~W8AmbientSound (implicit timer-member teardown)|synthetic|src/wiz8/engine_code/AmbientSound.cpp|legacy-marker|W8AmbientSound::~W8AmbientSound (implicit timer-member teardown)|false
WIZ8|0047c5c0||srClientSupport<srPalette,10496>::`scalar deleting destructor'|synthetic|src/wiz8/engine_code/stTextureFile.cpp|legacy-marker|srClientSupport<srPalette,10496>::`scalar deleting destructor'|false
WIZ8|0047c800||stTextureFile::`scalar deleting destructor'|synthetic|src/wiz8/engine_code/stTextureFile.cpp|legacy-marker|stTextureFile::`scalar deleting destructor'|false
WIZ8|0047cb20||W8VirtualFileStreamOpener::W8VirtualFileStreamOpener|synthetic|src/wiz8/virtual_file_stream.cpp|legacy-marker|W8VirtualFileStreamOpener::W8VirtualFileStreamOpener|false
WIZ8|0047cbb0||W8VirtualFileStreamOpener::`scalar deleting destructor'|synthetic|src/wiz8/virtual_file_stream.cpp|legacy-marker|W8VirtualFileStreamOpener::`scalar deleting destructor'|false
WIZ8|0047d290||intrusive-list head init emission|template|include/wiz8/vector.h|legacy-marker|intrusive-list head init emission|false
WIZ8|0047d650||srClientSupport<srPalette,10496>::getClassID|template|src/wiz8/engine_code/stTextureFile.cpp|legacy-marker|srClientSupport<srPalette,10496>::getClassID|false
WIZ8|0047d660||srClientSupport<srPalette,10496>::getClassName|template|src/wiz8/engine_code/stTextureFile.cpp|legacy-marker|srClientSupport<srPalette,10496>::getClassName|false
WIZ8|0047d670||srClientSupport<srPalette,10496>::getClassNode|template|src/wiz8/engine_code/stTextureFile.cpp|legacy-marker|srClientSupport<srPalette,10496>::getClassNode|false
WIZ8|0047d6b0||srClientSupport<srPalette,10496>::vClone|template|src/wiz8/engine_code/stTextureFile.cpp|legacy-marker|srClientSupport<srPalette,10496>::vClone|false
WIZ8|0047d6d0||srClassSupport<stTextureFile,srTexture,0,65537>::getClassID|template|src/wiz8/engine_code/stTextureFile.cpp|legacy-marker|srClassSupport<stTextureFile,srTexture,0,65537>::getClassID|false
WIZ8|0047d6e0||srClassSupport<stTextureFile,srTexture,0,65537>::getClassName|template|src/wiz8/engine_code/stTextureFile.cpp|legacy-marker|srClassSupport<stTextureFile,srTexture,0,65537>::getClassName|false
WIZ8|0047d6f0||srClassSupport<stTextureFile,srTexture,0,65537>::getClassNode|template|src/wiz8/engine_code/stTextureFile.cpp|legacy-marker|srClassSupport<stTextureFile,srTexture,0,65537>::getClassNode|false
WIZ8|0047d790||srClassSupport<stTextureFile,srTexture,0,65537>::vClone|template|src/wiz8/engine_code/stTextureFile.cpp|legacy-marker|srClassSupport<stTextureFile,srTexture,0,65537>::vClone|false
WIZ8|0047d870||srClassSupport<stTextureFile,srTexture,0,65537>::~srClassSupport<stTextureFile,srTexture,0,65537>|template|src/wiz8/engine_code/stTextureFile.cpp|legacy-marker|srClassSupport<stTextureFile,srTexture,0,65537>::~srClassSupport<stTextureFile,srTexture,0,65537>|false
WIZ8|0047d970||srClassSupport<stTextureFile,srTexture,0,65537>::`scalar deleting destructor'|synthetic|src/wiz8/engine_code/stTextureFile.cpp|legacy-marker|srClassSupport<stTextureFile,srTexture,0,65537>::`scalar deleting destructor'|false
WIZ8|0047d9a0||srClassSupport<srTexture,srTextureIFace,false,8464>::sGetClassNode|template|src/wiz8/engine_code/stTextureFile.cpp|legacy-marker|srClassSupport<srTexture,srTextureIFace,false,8464>::sGetClassNode|false
WIZ8|0047da10||W8VirtualFileBinIStream::`scalar deleting destructor'`vtordisp{-4, 0}'|synthetic|src/wiz8/virtual_file_stream.cpp|legacy-marker|W8VirtualFileBinIStream::`scalar deleting destructor'`vtordisp{-4, 0}'|false
WIZ8|0047da20||W8VirtualFileBinIStream::`scalar deleting destructor'|synthetic|src/wiz8/virtual_file_stream.cpp|legacy-marker|W8VirtualFileBinIStream::`scalar deleting destructor'|false
WIZ8|0047da50||W8VirtualFileBinIStream::seek(2)`vtordisp{-4, 0}'|synthetic|src/wiz8/virtual_file_stream.cpp|legacy-marker|W8VirtualFileBinIStream::seek(2)`vtordisp{-4, 0}'|false
WIZ8|0047da60||W8VirtualFileBinIStream::seek(1)`vtordisp{-4, 0}'|synthetic|src/wiz8/virtual_file_stream.cpp|legacy-marker|W8VirtualFileBinIStream::seek(1)`vtordisp{-4, 0}'|false
WIZ8|0047da70||W8VirtualFileBinIStream::tell`vtordisp{-4, 0}'|synthetic|src/wiz8/virtual_file_stream.cpp|legacy-marker|W8VirtualFileBinIStream::tell`vtordisp{-4, 0}'|false
WIZ8|0047dfc0||stSurface2D::`scalar deleting destructor'|synthetic|src/wiz8/surface2d.cpp|legacy-marker|stSurface2D::`scalar deleting destructor'|false
WIZ8|0047e5d0||stTexture2D::`scalar deleting destructor'|synthetic|src/wiz8/surface2d.cpp|legacy-marker|stTexture2D::`scalar deleting destructor'|false
WIZ8|0047e7d0||srClassSupport<stTexture2D,srTexture,0,65551>::getClassID|template|src/wiz8/surface2d.cpp|legacy-marker|srClassSupport<stTexture2D,srTexture,0,65551>::getClassID|false
WIZ8|0047e7e0||srClassSupport<stTexture2D,srTexture,0,65551>::getClassName|template|src/wiz8/surface2d.cpp|legacy-marker|srClassSupport<stTexture2D,srTexture,0,65551>::getClassName|false
WIZ8|0047e7f0||srClassSupport<stTexture2D,srTexture,0,65551>::vClone|template|src/wiz8/surface2d.cpp|legacy-marker|srClassSupport<stTexture2D,srTexture,0,65551>::vClone|false
WIZ8|0047e830||srClassSupport<stTexture2D,srTexture,0,65551>::~srClassSupport<stTexture2D,srTexture,0,65551>|template|src/wiz8/surface2d.cpp|legacy-marker|srClassSupport<stTexture2D,srTexture,0,65551>::~srClassSupport<stTexture2D,srTexture,0,65551>|false
WIZ8|0047e930||srClassSupport<stSurface2D,srNode,0,65550>::getClassID|template|src/wiz8/surface2d.cpp|legacy-marker|srClassSupport<stSurface2D,srNode,0,65550>::getClassID|false
WIZ8|0047e940||srClassSupport<stSurface2D,srNode,0,65550>::getClassName|template|src/wiz8/surface2d.cpp|legacy-marker|srClassSupport<stSurface2D,srNode,0,65550>::getClassName|false
WIZ8|0047e950||srClassSupport<stSurface2D,srNode,0,65550>::getClassNode|template|src/wiz8/surface2d.cpp|legacy-marker|srClassSupport<stSurface2D,srNode,0,65550>::getClassNode|false
WIZ8|0047e9c0||srClassSupport<stSurface2D,srNode,0,65550>::vClone|template|src/wiz8/surface2d.cpp|legacy-marker|srClassSupport<stSurface2D,srNode,0,65550>::vClone|false
WIZ8|0047eac0||srClassSupport<stSurface2D,srNode,0,65550>::~srClassSupport<stSurface2D,srNode,0,65550>|template|src/wiz8/surface2d.cpp|legacy-marker|srClassSupport<stSurface2D,srNode,0,65550>::~srClassSupport<stSurface2D,srNode,0,65550>|false
WIZ8|0047eb80||srClassSupport<stTexture2D,srTexture,0,65551>::`scalar deleting destructor'|synthetic|src/wiz8/surface2d.cpp|legacy-marker|srClassSupport<stTexture2D,srTexture,0,65551>::`scalar deleting destructor'|false
WIZ8|0047ebb0||srClassSupport<stSurface2D,srNode,0,65550>::`scalar deleting destructor'|synthetic|src/wiz8/surface2d.cpp|legacy-marker|srClassSupport<stSurface2D,srNode,0,65550>::`scalar deleting destructor'|false
WIZ8|0047ebe0||srClassSupport<stTexture2D,srTexture,0,65551>::getClassNode|template|src/wiz8/surface2d.cpp|legacy-marker|srClassSupport<stTexture2D,srTexture,0,65551>::getClassNode|false
WIZ8|0047edc0||stModelInstance::`scalar deleting destructor'|synthetic|src/wiz8/engine_code/stModelInstance.cpp|legacy-marker|stModelInstance::`scalar deleting destructor'|false
WIZ8|0047f260||stModelInstance2D::`scalar deleting destructor'|synthetic|src/wiz8/engine_code/stModelInstance.cpp|legacy-marker|stModelInstance2D::`scalar deleting destructor'|false
WIZ8|004817e0||srVector4T<float>::Set (double arguments; no source caller retains it)|template|include/surrender/srMath.h|legacy-marker|srVector4T<float>::Set (double arguments; no source caller retains it)|false
WIZ8|00481860||srClassSupport<stModelInstance,srModelInstance,0,65540>::getClassID|template|src/wiz8/engine_code/stModelInstance.cpp|legacy-marker|srClassSupport<stModelInstance,srModelInstance,0,65540>::getClassID|false
WIZ8|00481870||srClassSupport<stModelInstance,srModelInstance,0,65540>::getClassName|template|src/wiz8/engine_code/stModelInstance.cpp|legacy-marker|srClassSupport<stModelInstance,srModelInstance,0,65540>::getClassName|false
WIZ8|00481880||srClassSupport<stModelInstance,srModelInstance,0,65540>::getClassNode|template|src/wiz8/engine_code/stModelInstance.cpp|legacy-marker|srClassSupport<stModelInstance,srModelInstance,0,65540>::getClassNode|false
WIZ8|00481920||srClassSupport<stModelInstance,srModelInstance,0,65540>::clone|template|src/wiz8/engine_code/stModelInstance.cpp|legacy-marker|srClassSupport<stModelInstance,srModelInstance,0,65540>::vClone|false
WIZ8|00481940||srClassSupport<stModelInstance,srModelInstance,0,65540>::~srClassSupport<stModelInstance,srModelInstance,0,65540>|template|src/wiz8/engine_code/stModelInstance.cpp|legacy-marker|srClassSupport<stModelInstance,srModelInstance,0,65540>::~srClassSupport<stModelInstance,srModelInstance,0,65540>|false
WIZ8|00481a40||srClassSupport<stModelInstance2D,srModelInstance,0,65541>::getClassID|template|src/wiz8/engine_code/stModelInstance.cpp|legacy-marker|srClassSupport<stModelInstance2D,srModelInstance,0,65541>::getClassID|false
WIZ8|00481a50||srClassSupport<stModelInstance2D,srModelInstance,0,65541>::getClassName|template|src/wiz8/engine_code/stModelInstance.cpp|legacy-marker|srClassSupport<stModelInstance2D,srModelInstance,0,65541>::getClassName|false
WIZ8|00481a60||srClassSupport<stModelInstance2D,srModelInstance,0,65541>::getClassNode|template|src/wiz8/engine_code/stModelInstance.cpp|legacy-marker|srClassSupport<stModelInstance2D,srModelInstance,0,65541>::getClassNode|false
WIZ8|00481b00||srClassSupport<stModelInstance2D,srModelInstance,0,65541>::clone|template|src/wiz8/engine_code/stModelInstance.cpp|legacy-marker|srClassSupport<stModelInstance2D,srModelInstance,0,65541>::vClone|false
WIZ8|00481b20||srClassSupport<stModelInstance2D,srModelInstance,0,65541>::~srClassSupport<stModelInstance2D,srModelInstance,0,65541>|template|src/wiz8/engine_code/stModelInstance.cpp|legacy-marker|srClassSupport<stModelInstance2D,srModelInstance,0,65541>::~srClassSupport<stModelInstance2D,srModelInstance,0,65541>|false
WIZ8|00481c20||srClassSupport<stModelInstance,srModelInstance,0,65540>::`scalar deleting destructor'|synthetic|src/wiz8/engine_code/stModelInstance.cpp|legacy-marker|srClassSupport<stModelInstance,srModelInstance,0,65540>::`scalar deleting destructor'|false
WIZ8|00481c50||srClassSupport<stModelInstance2D,srModelInstance,0,65541>::`scalar deleting destructor'|synthetic|src/wiz8/engine_code/stModelInstance.cpp|legacy-marker|srClassSupport<stModelInstance2D,srModelInstance,0,65541>::`scalar deleting destructor'|false
WIZ8|00481c80||srArray<T>::setCapacity|template|src/wiz8/engine_code/stModelInstance.cpp|legacy-marker|srArray<srNode::TraverseInfo::Entry>::setCapacity|false
WIZ8|00481d00||srClassSupport<srModelInstance,srNode,0,4352>::sGetClassNode|template|src/wiz8/engine_code/stModelInstance.cpp|legacy-marker|srClassSupport<srModelInstance,srNode,0,4352>::sGetClassNode|false
WIZ8|00481d70||srArray<T>::operator[]|template|src/wiz8/engine_code/stModelInstance.cpp|legacy-marker|srArray<srTriMeshPipeline::Record>::operator[]|false
WIZ8|00481da0||srArray<T>::operator[]|template|src/wiz8/engine_code/stModelInstance.cpp|legacy-marker|srArray<srTriMeshPipeline::Pass>::operator[]|false
WIZ8|00482250||`dynamic initializer for 'g_environment_lights''|synthetic|src/wiz8/engine_code/Environment.cpp|legacy-marker|`dynamic initializer for 'g_environment_lights''|false
WIZ8|00482270||`dynamic atexit destructor for 'g_environment_lights''|synthetic|src/wiz8/engine_code/Environment.cpp|legacy-marker|`dynamic atexit destructor for 'g_environment_lights''|false
WIZ8|004846d0||srVector3T<float>::operator*=|template|include/surrender/srMath.h|legacy-marker|srVector3T<float>::operator*=|false
WIZ8|00484700||srClientSupport<srFog,4624>::getClassID|template|src/wiz8/engine_code/Environment.cpp|legacy-marker|srClientSupport<srFog,4624>::getClassID|false
WIZ8|00484710||srClientSupport<srFog,4624>::getClassName|template|src/wiz8/engine_code/Environment.cpp|legacy-marker|srClientSupport<srFog,4624>::getClassName|false
WIZ8|00484720||srClientSupport<srFog,4624>::getClassNode|template|src/wiz8/engine_code/Environment.cpp|legacy-marker|srClientSupport<srFog,4624>::getClassNode|false
WIZ8|004847c0||srClientSupport<srFog,4624>::vClone|template|src/wiz8/engine_code/Environment.cpp|legacy-marker|srClientSupport<srFog,4624>::vClone|false
WIZ8|00484840||srClientSupport<srFog,4624>::`scalar deleting destructor'|synthetic|src/wiz8/engine_code/Environment.cpp|legacy-marker|srClientSupport<srFog,4624>::`scalar deleting destructor'|false
WIZ8|00484870||W8Vector<T>::W8Vector (four-byte capacity)|template|include/wiz8/vector.h|legacy-marker|??0?$W8Vector@PAVstLight@@@@QAE@H@Z|true
WIZ8|004848d0||srMatrix3T<float>::RotateAboutY(double,double)|template|src/wiz8/engine_code/Environment.cpp|legacy-marker|srMatrix3T<float>::RotateAboutY(double,double)|false
WIZ8|00485040||stTextureAnim::`scalar deleting destructor'|synthetic|src/wiz8/engine_code/stTextureAnim.cpp|legacy-marker|stTextureAnim::`scalar deleting destructor'|false
WIZ8|004857f0||srClassSupport<stTextureAnim,srTexture,0,65536>::getClassID|template|src/wiz8/engine_code/stTextureAnim.cpp|legacy-marker|srClassSupport<stTextureAnim,srTexture,0,65536>::getClassID|false
WIZ8|00485800||srClassSupport<stTextureAnim,srTexture,0,65536>::getClassName|template|src/wiz8/engine_code/stTextureAnim.cpp|legacy-marker|srClassSupport<stTextureAnim,srTexture,0,65536>::getClassName|false
WIZ8|00485810||srClassSupport<stTextureAnim,srTexture,0,65536>::getClassNode|template|src/wiz8/engine_code/stTextureAnim.cpp|legacy-marker|srClassSupport<stTextureAnim,srTexture,0,65536>::getClassNode|false
WIZ8|004858b0||srClassSupport<stTextureAnim,srTexture,0,65536>::vClone|template|src/wiz8/engine_code/stTextureAnim.cpp|legacy-marker|srClassSupport<stTextureAnim,srTexture,0,65536>::vClone|false
WIZ8|00485910||srClassSupport<stTextureAnim,srTexture,0,65536>::~srClassSupport<stTextureAnim,srTexture,0,65536>|template|src/wiz8/engine_code/stTextureAnim.cpp|legacy-marker|srClassSupport<stTextureAnim,srTexture,0,65536>::~srClassSupport<stTextureAnim,srTexture,0,65536>|false
WIZ8|00485a10||srClassSupport<stTextureAnim,srTexture,0,65536>::`scalar deleting destructor'|synthetic|src/wiz8/engine_code/stTextureAnim.cpp|legacy-marker|srClassSupport<stTextureAnim,srTexture,0,65536>::`scalar deleting destructor'|false
WIZ8|00485a40||srClassSupport<srTextureIFace,srClass,1,8448>::sGetClassNode|template|src/wiz8/engine_code/stTextureAnim.cpp|legacy-marker|srClassSupport<srTextureIFace,srClass,1,8448>::sGetClassNode|false
WIZ8|00485a80||W8GrowableVector<T>::`scalar deleting destructor' (companion table 0x005EC9BC)|synthetic|src/wiz8/engine_code/stTextureAnim.cpp|legacy-marker|W8GrowableVector<srTextureIFace*>::`scalar deleting destructor' (companion table 0x005EC9BC)|false
WIZ8|00485ab0||W8Vector<T>::`scalar deleting destructor'|synthetic|src/wiz8/engine_code/stTextureAnim.cpp|legacy-marker|W8Vector<srTextureIFace*>::`scalar deleting destructor'|false
WIZ8|00485ad0||W8GrowableVector<T>::~W8GrowableVector|template|src/wiz8/engine_code/stTextureAnim.cpp|legacy-marker|W8GrowableVector<srTextureIFace*>::~W8GrowableVector|false
WIZ8|00489b70||srClassSupport<srModel,srClass,1,8192>::sGetClassNode|template|src/wiz8/engine_code/ReadMesh.cpp|legacy-marker|srClassSupport<srModel,srClass,1,8192>::sGetClassNode|false
WIZ8|00489bb0||W8GrowableVector<T>::W8GrowableVector|template|src/wiz8/engine_code/ReadMesh.cpp|legacy-marker|W8GrowableVector<srShader>::W8GrowableVector|false
WIZ8|00489bf0||SortByKey<W8MeshStripPolygon>|template|src/wiz8/engine_code/ReadMesh.cpp|legacy-marker|SortByKey<W8MeshStripPolygon>|false
WIZ8|00489ed0||W8GrowableVector<T>::W8GrowableVector|template|include/wiz8/vector.h|legacy-marker|W8GrowableVector<srMaterialIFace*>::W8GrowableVector|false
WIZ8|00489f30||W8GrowableVector<T>::~W8GrowableVector|template|include/wiz8/vector.h|legacy-marker|W8GrowableVector::~W8GrowableVector|false
WIZ8|00489f50||W8GrowableVector<T>::~W8GrowableVector|template|src/wiz8/engine_code/ReadMesh.cpp|legacy-marker|W8GrowableVector<srShader>::~W8GrowableVector|false
WIZ8|00489f70||W8GrowableVector<T>::Add|template|src/wiz8/engine_code/ReadMesh.cpp|legacy-marker|W8GrowableVector<srShader>::Add|false
WIZ8|00489fb0||W8GrowableVector<T>::IndexOf|template|src/wiz8/engine_code/ReadMesh.cpp|legacy-marker|W8GrowableVector<srShader>::IndexOf|false
WIZ8|00489fe0||W8HashTable<Key,Value>::W8HashTable|template|src/wiz8/engine_code/ReadMesh.cpp|legacy-marker|W8HashTable<unsigned int,W8MeshStripPolygon*>::W8HashTable|false
WIZ8|0048a110||W8GrowableVector<T>::`scalar deleting destructor' (construction-phase copy)|synthetic|include/wiz8/vector.h|legacy-marker|W8GrowableVector<srMaterialIFace*>::`scalar deleting destructor' (construction-phase copy)|false
WIZ8|0048a140||W8GrowableVector<T>::`scalar deleting destructor'|synthetic|include/wiz8/vector.h|legacy-marker|W8GrowableVector<srMaterialIFace*>::`scalar deleting destructor'|false
WIZ8|0048a160||W8Vector<T>::`scalar deleting destructor'|synthetic|src/wiz8/engine_code/ReadMesh.cpp|legacy-marker|W8Vector<srMaterialIFace*>::`scalar deleting destructor'|false
WIZ8|0048a190||QuickSortByKey<W8MeshStripPolygon>|template|src/wiz8/engine_code/ReadMesh.cpp|legacy-marker|QuickSortByKey<W8MeshStripPolygon>|false
WIZ8|0048a330||InsertionSortByKey<unsigned long>|template|src/wiz8/engine_code/ReadMesh.cpp|legacy-marker|InsertionSortByKey<unsigned long>|false
WIZ8|0048a3d0||QuickSortByKey<unsigned long>|template|src/wiz8/engine_code/ReadMesh.cpp|legacy-marker|QuickSortByKey<unsigned long>|false
WIZ8|0048a530||W8GrowableVector<T>::Grow|template|src/wiz8/engine_code/ReadMesh.cpp|legacy-marker|W8GrowableVector<srShader>::Grow|false
WIZ8|0048cd60||W8GrowableVector<T>::~W8GrowableVector|template|include/wiz8/vector.h|legacy-marker|W8GrowableVector::~W8GrowableVector|false
WIZ8|0048cd80||W8GrowableVector<T>::~W8GrowableVector|template|include/wiz8/vector.h|legacy-marker|W8GrowableVector::~W8GrowableVector|false
WIZ8|0048cda0||W8GrowableVector<T>::W8GrowableVector|template|include/wiz8/vector.h|legacy-marker|W8GrowableVector<W8MonsterGroup*>::W8GrowableVector|false
WIZ8|0048ce00||W8GrowableVector<T>::~W8GrowableVector|template|include/wiz8/vector.h|legacy-marker|W8GrowableVector::~W8GrowableVector|false
WIZ8|0048ce20||W8GrowableVector<T>::W8GrowableVector|template|include/wiz8/vector.h|legacy-marker|W8GrowableVector<W8EncounterTableRuntime*>::W8GrowableVector|false
WIZ8|0048ce80||W8GrowableVector<T>::~W8GrowableVector|template|include/wiz8/vector.h|legacy-marker|W8GrowableVector::~W8GrowableVector|false
WIZ8|0048cea0||W8GrowableVector<T>::`scalar deleting destructor'|synthetic|include/wiz8/vector.h|legacy-marker|W8GrowableVector<unsigned short>::`scalar deleting destructor'|false
WIZ8|0048ced0||W8GrowableVector<T>::`scalar deleting destructor' (companion table 0x005ECA9C)|synthetic|include/wiz8/vector.h|legacy-marker|W8GrowableVector<W8MonsterGroup*>::`scalar deleting destructor' (companion table 0x005ECA9C)|false
WIZ8|0048cf00||W8GrowableVector<T>::`scalar deleting destructor'|synthetic|include/wiz8/vector.h|legacy-marker|W8GrowableVector<W8MonsterGroup*>::`scalar deleting destructor'|false
WIZ8|0048cf20||W8GrowableVector<T>::`scalar deleting destructor' (companion table 0x005ECAA4)|synthetic|include/wiz8/vector.h|legacy-marker|W8GrowableVector<W8EncounterTableRuntime*>::`scalar deleting destructor' (companion table 0x005ECAA4)|false
WIZ8|0048cf50||W8GrowableVector<T>::`scalar deleting destructor'|synthetic|include/wiz8/vector.h|legacy-marker|W8GrowableVector<W8EncounterTableRuntime*>::`scalar deleting destructor'|false
WIZ8|0048cf70||W8GrowableVector<T>::Grow (shared two-byte storage; signedness unresolved)|template|include/wiz8/vector.h|legacy-marker|W8GrowableVector::Grow (shared two-byte storage; signedness unresolved)|false
WIZ8|0048cfd0||W8GrowableVector<T>::W8GrowableVector (four-byte copy)|template|include/wiz8/vector.h|legacy-marker|??0?$W8GrowableVector@PAUMonGen@@@@QAE@ABV0@@Z|true
WIZ8|0048d070||CreateWorldCursorCube (tail-jump thunk)|synthetic|src/wiz8/engine_code/stCube.cpp|legacy-marker|CreateWorldCursorCube (tail-jump thunk)|false
WIZ8|0048f190||W8GrowableVector<T>::W8GrowableVector|template|include/wiz8/vector.h|legacy-marker|W8GrowableVector<W8WorldCursorNode*>::W8GrowableVector|false
WIZ8|0048f1f0||W8GrowableVector<T>::~W8GrowableVector|template|include/wiz8/vector.h|legacy-marker|W8GrowableVector::~W8GrowableVector|false
WIZ8|0048f210||W8GrowableVector<T>::`scalar deleting destructor' (construction-phase copy)|synthetic|include/wiz8/vector.h|legacy-marker|W8GrowableVector<W8WorldCursorNode*>::`scalar deleting destructor' (construction-phase copy)|false
WIZ8|0048f240||W8GrowableVector<T>::`scalar deleting destructor'|synthetic|include/wiz8/vector.h|legacy-marker|W8GrowableVector<W8WorldCursorNode*>::`scalar deleting destructor'|false
WIZ8|0048f260||W8WorldCursorNode::`scalar deleting destructor'|synthetic|src/wiz8/engine_code/stCube.cpp|legacy-marker|W8WorldCursorNode::`scalar deleting destructor'|false
WIZ8|004926f0||stMaterial::`scalar deleting destructor'|synthetic|src/wiz8/engine_code/materials.cpp|legacy-marker|stMaterial::`scalar deleting destructor'|false
WIZ8|00492940||srClassSupport<stMaterial,srMaterial,0,65538>::getClassID|template|src/wiz8/engine_code/materials.cpp|legacy-marker|srClassSupport<stMaterial,srMaterial,0,65538>::getClassID|false
WIZ8|00492950||srClassSupport<stMaterial,srMaterial,0,65538>::getClassName|template|src/wiz8/engine_code/materials.cpp|legacy-marker|srClassSupport<stMaterial,srMaterial,0,65538>::getClassName|false
WIZ8|00492960||srClassSupport<stMaterial,srMaterial,0,65538>::getClassNode|template|src/wiz8/engine_code/materials.cpp|legacy-marker|srClassSupport<stMaterial,srMaterial,0,65538>::getClassNode|false
WIZ8|00492a30||srClassSupport<stMaterial,srMaterial,0,65538>::~srClassSupport<stMaterial,srMaterial,0,65538>|template|src/wiz8/engine_code/materials.cpp|legacy-marker|srClassSupport<stMaterial,srMaterial,0,65538>::~srClassSupport<stMaterial,srMaterial,0,65538>|false
WIZ8|00492c40||srClassSupport<stMaterial,srMaterial,0,65538>::`scalar deleting destructor'|synthetic|src/wiz8/engine_code/materials.cpp|legacy-marker|srClassSupport<stMaterial,srMaterial,0,65538>::`scalar deleting destructor'|false
WIZ8|00492c70||srClassSupport<srMaterialIFace,srClass,1,8704>::srClassSupport|template|src/wiz8/engine_code/materials.cpp|legacy-marker|srClassSupport<srMaterialIFace,srClass,1,8704>::srClassSupport|false
WIZ8|00498150||stParticle::`scalar deleting destructor'|synthetic|src/wiz8/engine_code/stParticle.cpp|legacy-marker|stParticle::`scalar deleting destructor'|false
WIZ8|0049b510||srVector3T<float>::operator/=|template|include/surrender/srMath.h|legacy-marker|srVector3T<float>::operator/=|false
WIZ8|0049b540||srClassSupport<stParticle,srNode,0,65545>::getClassID|template|src/wiz8/engine_code/stParticle.cpp|legacy-marker|srClassSupport<stParticle,srNode,0,65545>::getClassID|false
WIZ8|0049b550||srClassSupport<stParticle,srNode,0,65545>::getClassName|template|src/wiz8/engine_code/stParticle.cpp|legacy-marker|srClassSupport<stParticle,srNode,0,65545>::getClassName|false
WIZ8|0049b560||srClassSupport<stParticle,srNode,0,65545>::getClassNode|template|src/wiz8/engine_code/stParticle.cpp|legacy-marker|srClassSupport<stParticle,srNode,0,65545>::getClassNode|false
WIZ8|0049b5d0||srClassSupport<stParticle,srNode,0,65545>::vClone|template|src/wiz8/engine_code/stParticle.cpp|legacy-marker|srClassSupport<stParticle,srNode,0,65545>::vClone|false
WIZ8|0049b990||srClassSupport<stParticle,srNode,0,65545>::~srClassSupport<stParticle,srNode,0,65545>|template|src/wiz8/engine_code/stParticle.cpp|legacy-marker|srClassSupport<stParticle,srNode,0,65545>::~srClassSupport<stParticle,srNode,0,65545>|false
WIZ8|0049ba50||srClassSupport<stParticle,srNode,0,65545>::`scalar deleting destructor'|synthetic|src/wiz8/engine_code/stParticle.cpp|legacy-marker|srClassSupport<stParticle,srNode,0,65545>::`scalar deleting destructor'|false
WIZ8|0049ba80||srVector3T<float>::RotateAboutX|template|include/surrender/srMath.h|legacy-marker|srVector3T<float>::RotateAboutX|false
WIZ8|0049bab0||srMatrix4T<float>::Invert|template|include/surrender/srMath.h|legacy-marker|srMatrix4T<float>::Invert|false
WIZ8|0049bd50||srMatrix4T<float>::Scale|template|include/surrender/srMath.h|legacy-marker|srMatrix4T<float>::Scale|false
WIZ8|0049bdf0||srMatrix4T<float>::Det|template|include/surrender/srMath.h|legacy-marker|srMatrix4T<float>::Det|false
WIZ8|0049bf20||srMatrix4T<float>::AdjugateFrom|template|include/surrender/srMath.h|legacy-marker|srMatrix4T<float>::AdjugateFrom|false
WIZ8|0049db10||srClassSupport<srIlluminator,srNode,0,4608>::getClassID|template|src/wiz8/engine_code/stLight.cpp|legacy-marker|srClassSupport<srIlluminator,srNode,0,4608>::getClassID|false
WIZ8|0049db30||srClassSupport<srIlluminator,srNode,0,4608>::getClassNode|template|src/wiz8/engine_code/stLight.cpp|legacy-marker|srClassSupport<srIlluminator,srNode,0,4608>::getClassNode|false
WIZ8|0049dba0||srClassSupport<srIlluminator,srNode,0,4608>::vClone|template|src/wiz8/engine_code/stLight.cpp|legacy-marker|srClassSupport<srIlluminator,srNode,0,4608>::vClone|false
WIZ8|0049dc20||srClassSupport<srLight,srIlluminator,0,4640>::getClassID|template|src/wiz8/engine_code/MonsterLight.cpp|legacy-marker|srClassSupport<srLight,srIlluminator,0,4640>::getClassID|false
WIZ8|0049dc30||srClassSupport<srLight,srIlluminator,0,4640>::getClassName|template|src/wiz8/engine_code/MonsterLight.cpp|legacy-marker|srClassSupport<srLight,srIlluminator,0,4640>::getClassName|false
WIZ8|0049dc40||srClassSupport<srLight,srIlluminator,0,4640>::vClone|template|src/wiz8/engine_code/MonsterLight.cpp|legacy-marker|srClassSupport<srLight,srIlluminator,0,4640>::vClone|false
WIZ8|0049dc60||srClassSupport<stLight,srLight,0,65542>::getClassID|template|src/wiz8/engine_code/stLight.cpp|legacy-marker|srClassSupport<stLight,srLight,0,65542>::getClassID|false
WIZ8|0049dc70||srClassSupport<stLight,srLight,0,65542>::getClassName|template|src/wiz8/engine_code/stLight.cpp|legacy-marker|srClassSupport<stLight,srLight,0,65542>::getClassName|false
WIZ8|0049dc80||srClassSupport<stLight,srLight,0,65542>::getClassNode|template|src/wiz8/engine_code/stLight.cpp|legacy-marker|srClassSupport<stLight,srLight,0,65542>::getClassNode|false
WIZ8|0049dd60||srClassSupport<stLight,srLight,0,65542>::vClone|template|src/wiz8/engine_code/stLight.cpp|legacy-marker|srClassSupport<stLight,srLight,0,65542>::vClone|false
WIZ8|0049dd80||srClassSupport<stLight,srLight,0,65542>::~srClassSupport|template|src/wiz8/engine_code/stLight.cpp|legacy-marker|srClassSupport<stLight,srLight,0,65542>::~srClassSupport|false
WIZ8|0049dfb0||srClassSupport<srIlluminator,srNode,0,4608>::`scalar deleting destructor'|synthetic|src/wiz8/engine_code/stLight.cpp|legacy-marker|srClassSupport<srIlluminator,srNode,0,4608>::`scalar deleting destructor'|false
WIZ8|0049dfe0||srClassSupport<srIlluminator,srNode,0,4608>::~srClassSupport|template|src/wiz8/engine_code/stLight.cpp|legacy-marker|srClassSupport<srIlluminator,srNode,0,4608>::~srClassSupport|false
WIZ8|0049e0a0||MonsterLight::`scalar deleting destructor'|synthetic|src/wiz8/engine_code/MonsterLight.cpp|legacy-marker|MonsterLight::`scalar deleting destructor'|false
WIZ8|0049e0d0||MonsterLight::~MonsterLight|synthetic|src/wiz8/engine_code/MonsterLight.cpp|legacy-marker|MonsterLight::~MonsterLight|false
WIZ8|0049e260||srClassSupport<stLight,srLight,0,65542>::`scalar deleting destructor'|synthetic|src/wiz8/engine_code/stLight.cpp|legacy-marker|srClassSupport<stLight,srLight,0,65542>::`scalar deleting destructor'|false
WIZ8|0049e290||srArray<T>::setCapacity|template|src/wiz8/engine_code/stLight.cpp|legacy-marker|srArray<srNode*>::setCapacity|false
WIZ8|0049e300||srClassSupport<srLight,srIlluminator,0,4640>::getClassNode|template|src/wiz8/engine_code/MonsterLight.cpp|legacy-marker|srClassSupport<srLight,srIlluminator,0,4640>::getClassNode|false
WIZ8|0049e400||stLight::`scalar deleting destructor'|synthetic|src/wiz8/engine_code/stLight.cpp|legacy-marker|stLight::`scalar deleting destructor'|false
WIZ8|0049e440||MonsterLight::`vector deleting destructor'`adjustor{312}'|synthetic|src/wiz8/engine_code/MonsterLight.cpp|legacy-marker|MonsterLight::`vector deleting destructor'`adjustor{312}'|false
WIZ8|0049e450||stLight::`scalar deleting destructor'`adjustor{312}'|synthetic|src/wiz8/engine_code/stLight.cpp|legacy-marker|stLight::`scalar deleting destructor'`adjustor{312}'|false
WIZ8|0049f100||W8ItemRep::`scalar deleting destructor'|synthetic|src/wiz8/engine_code/Item.cpp|legacy-marker|W8ItemRep::`scalar deleting destructor'|false
WIZ8|0049f420||W8Item::`scalar deleting destructor'|synthetic|src/wiz8/engine_code/Item.cpp|legacy-marker|W8Item::`scalar deleting destructor'|false
WIZ8|004a2060||W8GrowableVector<T>::~W8GrowableVector (array free)|template|include/wiz8/vector.h|legacy-marker|??1?$W8GrowableVector@M@@UAE@XZ|true
WIZ8|004a2080||W8GrowableVector<T>::W8GrowableVector (twelve-byte default)|template|src/wiz8/engine_code/Monster.cpp|legacy-marker|??0?$W8GrowableVector@V?$srVector3T@M@@@@QAE@XZ|true
WIZ8|004a20c0||W8GrowableVector<T>::retained emission|synthetic|include/wiz8/vector.h|legacy-marker|??_G?$W8GrowableVector@M@@UAEPAXI@Z|true
WIZ8|004a2110||W8GrowableVector<T>::`scalar deleting destructor'|synthetic|src/wiz8/engine_code/Monster.cpp|legacy-marker|W8GrowableVector<srVector3T<float> >::`scalar deleting destructor'|false
WIZ8|004a2200||stParametricLightDefinition::`scalar deleting destructor'|synthetic|src/wiz8/engine_code/stLight.cpp|legacy-marker|stParametricLightDefinition::`scalar deleting destructor'|false
WIZ8|004a2500||W8GrowableVector<T>::W8GrowableVector|template|src/wiz8/engine_code/AnimObj.cpp|legacy-marker|W8GrowableVector<int>::W8GrowableVector|false
WIZ8|004a2540||W8GrowableVector<T>::W8GrowableVector (four-byte default)|template|src/wiz8/engine_code/AnimObj.cpp|legacy-marker|??0?$W8GrowableVector@M@@QAE@XZ|true
WIZ8|004a25c0||stKeyframedLightDefinition::`scalar deleting destructor'|synthetic|src/wiz8/engine_code/AnimObj.cpp|legacy-marker|stKeyframedLightDefinition::`scalar deleting destructor'|false
WIZ8|004a25e0||stKeyframedLightDefinition::~stKeyframedLightDefinition|synthetic|src/wiz8/engine_code/AnimObj.cpp|legacy-marker|stKeyframedLightDefinition::~stKeyframedLightDefinition|false
WIZ8|004a2670||W8GrowableVector<T>::Grow|template|src/wiz8/engine_code/AnimObj.cpp|legacy-marker|W8GrowableVector<srVector3T<float>>::Grow|false
WIZ8|004a2d80||W8MissileRep::`scalar deleting destructor'|synthetic|src/wiz8/engine_code/Missile.cpp|legacy-marker|W8MissileRep::`scalar deleting destructor'|false
WIZ8|004a3e30||W8Missile::`vector deleting destructor'|synthetic|src/wiz8/engine_code/Missile.cpp|legacy-marker|W8Missile::`vector deleting destructor'|false
WIZ8|004a4440||W8Missile::SetCycle mid-body continuation|synthetic|src/wiz8/engine_code/Missile.cpp|legacy-marker|W8Missile::SetCycle mid-body continuation|false
WIZ8|004a5ab0||srMatrix3T<float>::RotateAboutX|template|src/wiz8/engine_code/Missile.cpp|legacy-marker|srMatrix3T<float>::RotateAboutX|false
WIZ8|004a5c30||W8GrowableVector<T>::W8GrowableVector|template|include/wiz8/vector.h|legacy-marker|W8GrowableVector<W8GrowableVector<stLight*>*>::W8GrowableVector|false
WIZ8|004a5c90||W8GrowableVector<T>::~W8GrowableVector|template|include/wiz8/vector.h|legacy-marker|W8GrowableVector::~W8GrowableVector|false
WIZ8|004a5cb0||W8Vector<T>::`scalar deleting destructor'|synthetic|include/wiz8/vector.h|legacy-marker|W8Vector<W8SpellDamageReport*>::`scalar deleting destructor'|false
WIZ8|004a5cd0||W8Vector<T>::~W8Vector|template|include/wiz8/vector.h|legacy-marker|W8Vector::~W8Vector|false
WIZ8|004a5cf0||W8GrowableVector<T>::`scalar deleting destructor' (Missile.cpp emission)|synthetic|include/wiz8/vector.h|legacy-marker|W8GrowableVector<W8GrowableVector<stLight*>*>::`scalar deleting destructor' (Missile.cpp emission)|false
WIZ8|004a5d20||W8GrowableVector<T>::`scalar deleting destructor'|synthetic|include/wiz8/vector.h|legacy-marker|W8GrowableVector<W8GrowableVector<stLight*>*>::`scalar deleting destructor'|false
WIZ8|004a5da0||W8Missile::`vector deleting destructor'`adjustor{24}'|synthetic|src/wiz8/engine_code/Missile.cpp|legacy-marker|W8Missile::`vector deleting destructor'`adjustor{24}'|false
WIZ8|004a5db0||W8SpellEffectResult::~W8SpellEffectResult (reports member at +0x58)|synthetic|include/wiz8/vector.h|legacy-marker|W8SpellEffectResult::~W8SpellEffectResult (reports member at +0x58)|false
WIZ8|004a5f00||W8GrCycle::`scalar deleting destructor'|synthetic|src/wiz8/engine_code/GrCycle.cpp|legacy-marker|W8GrCycle::`scalar deleting destructor'|false
WIZ8|004a8e70||W8GrowableVector<T>::W8GrowableVector|template|include/wiz8/vector.h|legacy-marker|W8GrowableVector<W8GrowableVector<W8GrCycle*>*>::W8GrowableVector|false
WIZ8|004a8ed0||W8GrowableVector<T>::~W8GrowableVector|template|include/wiz8/vector.h|legacy-marker|W8GrowableVector::~W8GrowableVector|false
WIZ8|004a8ef0||W8GrowableVector<T>::`scalar deleting destructor' (companion table 0x005ECEE8)|synthetic|include/wiz8/vector.h|legacy-marker|W8GrowableVector<W8GrowableVector<W8GrCycle*>*>::`scalar deleting destructor' (companion table 0x005ECEE8)|false
WIZ8|004a8f20||W8GrowableVector<T>::`scalar deleting destructor'|synthetic|include/wiz8/vector.h|legacy-marker|W8GrowableVector<W8GrowableVector<W8GrCycle*>*>::`scalar deleting destructor'|false
WIZ8|004a8f40||W8GrowableVector<T>::`scalar deleting destructor'|synthetic|src/wiz8/engine_code/GrCycle.cpp|legacy-marker|W8GrowableVector<W8CameraShakeEffect*>::`scalar deleting destructor'|false
WIZ8|004a8f70||W8Vector<T>::`scalar deleting destructor'|synthetic|src/wiz8/engine_code/GrCycle.cpp|legacy-marker|W8Vector<W8CameraShakeEffect*>::`scalar deleting destructor'|false
WIZ8|004a8f90||W8Vector<T>::~W8Vector<T>|template|src/wiz8/engine_code/GrCycle.cpp|legacy-marker|W8Vector<W8CameraShakeEffect*>::~W8Vector<W8CameraShakeEffect*>|false
WIZ8|004a8fb0||W8GrowableVector<T>::`scalar deleting destructor'|synthetic|src/wiz8/engine_code/GrCycle.cpp|legacy-marker|W8GrowableVector<W8GrCycleParticleAttachment*>::`scalar deleting destructor'|false
WIZ8|004a8fe0||W8Vector<T>::`scalar deleting destructor'|synthetic|src/wiz8/engine_code/GrCycle.cpp|legacy-marker|W8Vector<W8GrCycleParticleAttachment*>::`scalar deleting destructor'|false
WIZ8|004a9000||W8Vector<T>::~W8Vector<T>|template|src/wiz8/engine_code/GrCycle.cpp|legacy-marker|W8Vector<W8GrCycleParticleAttachment*>::~W8Vector<W8GrCycleParticleAttachment*>|false
WIZ8|004a9020||W8GrowableVector<T>::`scalar deleting destructor' (companion table 0x005ECEE0)|synthetic|src/wiz8/engine_code/GrCycle.cpp|legacy-marker|W8GrowableVector<W8GrCycle*>::`scalar deleting destructor' (companion table 0x005ECEE0)|false
WIZ8|004a9050||W8GrowableVector<T>::`scalar deleting destructor'|synthetic|src/wiz8/engine_code/GrCycle.cpp|legacy-marker|W8GrowableVector<W8GrCycle*>::`scalar deleting destructor'|false
WIZ8|004a9070||W8GrowableVector<T>::~W8GrowableVector<T>|template|src/wiz8/engine_code/GrCycle.cpp|legacy-marker|W8GrowableVector<W8GrCycle*>::~W8GrowableVector<W8GrCycle*>|false
WIZ8|004a9090||W8GrowableVector<T>::W8GrowableVector<T>|template|src/wiz8/engine_code/GrCycle.cpp|legacy-marker|W8GrowableVector<stLight*>::W8GrowableVector<stLight*>|false
WIZ8|004a90e0||srVector3T<double>::SetFromFloat|template|src/wiz8/engine_code/GrCycle.cpp|legacy-marker|srVector3T<double>::SetFromFloat|false
WIZ8|004a9100||W8GrCycle::`vector deleting destructor'`adjustor{24}'|synthetic|src/wiz8/engine_code/GrCycle.cpp|legacy-marker|W8GrCycle::`vector deleting destructor'`adjustor{24}'|false
WIZ8|004aaac0||W8GrowableVector<T>::`scalar deleting destructor'|synthetic|include/wiz8/vector.h|legacy-marker|W8GrowableVector<srVector3T<float>*>::`scalar deleting destructor'|false
WIZ8|004aaaf0||W8Vector<T>::`scalar deleting destructor'|synthetic|include/wiz8/vector.h|legacy-marker|W8Vector<srVector3T<float>*>::`scalar deleting destructor'|false
WIZ8|004aab10||W8Vector<T>::~W8Vector|template|include/wiz8/vector.h|legacy-marker|W8Vector::~W8Vector|false
WIZ8|004aab30||W8GrowableVector<T>::W8GrowableVector|template|include/wiz8/vector.h|legacy-marker|W8GrowableVector<srVector3T<float>*>::W8GrowableVector|false
WIZ8|004aad00||W8SpellEmitterHost::`scalar deleting destructor'|synthetic|src/wiz8/engine_code/Spells.cpp|legacy-marker|W8SpellEmitterHost::`scalar deleting destructor'|false
WIZ8|004abce0||W8SpellVisual::`scalar deleting destructor'|synthetic|src/wiz8/engine_code/Spells.cpp|legacy-marker|W8SpellVisual::`scalar deleting destructor'|false
WIZ8|004addf0||W8GrowableVector<T>::Grow (shared four-byte storage)|template|include/wiz8/vector.h|legacy-marker|W8GrowableVector::Grow (shared four-byte storage)|false
WIZ8|004ade60||W8SpellVisual::`scalar deleting destructor'`adjustor{24}'|synthetic|src/wiz8/engine_code/Spells.cpp|legacy-marker|W8SpellVisual::`scalar deleting destructor'`adjustor{24}'|false
WIZ8|004ae070||W8CameraShakeEffect::~W8CameraShakeEffect|synthetic|src/wiz8/engine_code/GrCycle.cpp|legacy-marker|W8CameraShakeEffect::~W8CameraShakeEffect|false
WIZ8|004aea70||stSound3D::`scalar deleting destructor'|synthetic|src/wiz8/engine_code/Spells.cpp|legacy-marker|stSound3D::`scalar deleting destructor'|false
WIZ8|004af3d0||srClassSupport<stSound3D,srNode,0,65547>::getClassID|template|src/wiz8/engine_code/Spells.cpp|legacy-marker|srClassSupport<stSound3D,srNode,0,65547>::getClassID|false
WIZ8|004af3e0||srClassSupport<stSound3D,srNode,0,65547>::getClassName|template|src/wiz8/engine_code/Spells.cpp|legacy-marker|srClassSupport<stSound3D,srNode,0,65547>::getClassName|false
WIZ8|004af3f0||srClassSupport<stSound3D,srNode,0,65547>::getClassNode|template|src/wiz8/engine_code/Spells.cpp|legacy-marker|srClassSupport<stSound3D,srNode,0,65547>::getClassNode|false
WIZ8|004af460||srClassSupport<stSound3D,srNode,0,65547>::vClone|template|src/wiz8/engine_code/Spells.cpp|legacy-marker|srClassSupport<stSound3D,srNode,0,65547>::vClone|false
WIZ8|004af5a0||srClassSupport<stSound3D,srNode,0,65547>::~srClassSupport<stSound3D,srNode,0,65547>|template|src/wiz8/engine_code/Spells.cpp|legacy-marker|srClassSupport<stSound3D,srNode,0,65547>::~srClassSupport<stSound3D,srNode,0,65547>|false
WIZ8|004af660||srClassSupport<stSound3D,srNode,0,65547>::`scalar deleting destructor'|synthetic|src/wiz8/engine_code/Spells.cpp|legacy-marker|srClassSupport<stSound3D,srNode,0,65547>::`scalar deleting destructor'|false
WIZ8|004af690||W8GrowableVector<T>::W8GrowableVector|template|include/wiz8/vector.h|legacy-marker|W8GrowableVector<stSound3D*>::W8GrowableVector|false
WIZ8|004af6f0||W8GrowableVector<T>::~W8GrowableVector|template|include/wiz8/vector.h|legacy-marker|W8GrowableVector::~W8GrowableVector|false
WIZ8|004af710||W8GrowableVector<T>::`scalar deleting destructor' (Spells.cpp emission)|synthetic|include/wiz8/vector.h|legacy-marker|W8GrowableVector<stSound3D*>::`scalar deleting destructor' (Spells.cpp emission)|false
WIZ8|004af740||W8GrowableVector<T>::`scalar deleting destructor'|synthetic|include/wiz8/vector.h|legacy-marker|W8GrowableVector<stSound3D*>::`scalar deleting destructor'|false
WIZ8|004b4bd0||W8HashTable<Key,Value>::Lookup (region-path owner)|template|src/wiz8/engine_code/OctBuildPreTree.cpp|legacy-marker|W8HashTable::Lookup (region-path owner)|false
WIZ8|004b4c30||W8HashTable<Key,Value>::Insert (region-map owner)|template|src/wiz8/engine_code/OctBuildPreTree.cpp|legacy-marker|W8HashTable::Insert (region-map owner)|false
WIZ8|004b4dd0||W8HashTable<Key,Value>::Remove (region-map owner)|template|src/wiz8/engine_code/OctBuildPreTree.cpp|legacy-marker|W8HashTable::Remove (region-map owner)|false
WIZ8|004b4e70||W8HashTable<Key,Value>::Grow (region-path owner)|template|src/wiz8/engine_code/OctBuildPreTree.cpp|legacy-marker|W8HashTable::Grow (region-path owner)|false
WIZ8|004b4fc0||W8HashTable<Key,Value>::AllocateEntry (region-path owner)|template|src/wiz8/engine_code/OctBuildPreTree.cpp|legacy-marker|W8HashTable::AllocateEntry (region-path owner)|false
WIZ8|004b5130||W8HashTable<Key,Value>::Grow (region-map owner)|template|src/wiz8/engine_code/OctBuildPreTree.cpp|legacy-marker|W8HashTable::Grow (region-map owner)|false
WIZ8|004b5270||W8HashTable<Key,Value>::AllocateEntry (region-map owner)|template|src/wiz8/engine_code/OctBuildPreTree.cpp|legacy-marker|W8HashTable::AllocateEntry (region-map owner)|false
WIZ8|004b5660||W8EmitterHost::`scalar deleting destructor'|synthetic|src/wiz8/engine_code/AnimRep.cpp|legacy-marker|W8EmitterHost::`scalar deleting destructor'|false
WIZ8|004b56f0||W8EmitterHost::~W8EmitterHost|synthetic|src/wiz8/engine_code/AnimRep.cpp|legacy-marker|W8EmitterHost::~W8EmitterHost|false
WIZ8|004b5760||W8AnimRep::`scalar deleting destructor'|synthetic|src/wiz8/engine_code/AnimRep.cpp|legacy-marker|W8AnimRep::`scalar deleting destructor'|false
WIZ8|004b6920||W8GrObject::`scalar deleting destructor'|synthetic|src/wiz8/engine_code/GrObject.cpp|legacy-marker|W8GrObject::`scalar deleting destructor'|false
WIZ8|004b6d90||W8GrowableVector<T>::`scalar deleting destructor'|synthetic|src/wiz8/engine_code/GrObject.cpp|legacy-marker|W8GrowableVector<W8SoundEvent*>::`scalar deleting destructor'|false
WIZ8|004b6dc0||W8Vector<T>::`scalar deleting destructor'|synthetic|src/wiz8/engine_code/GrObject.cpp|legacy-marker|W8Vector<W8SoundEvent*>::`scalar deleting destructor'|false
WIZ8|004b6de0||W8Vector<T>::~W8Vector<T>|template|src/wiz8/engine_code/GrObject.cpp|legacy-marker|W8Vector<W8SoundEvent*>::~W8Vector<W8SoundEvent*>|false
WIZ8|004b8660||srMatrix4x3T<float>::SetTranslation|template|src/wiz8/engine_code/GDProp.cpp|legacy-marker|srMatrix4x3T<float>::SetTranslation|false
WIZ8|004b8680||srMatrix4x3T<float>::Scale|template|src/wiz8/engine_code/GDProp.cpp|legacy-marker|srMatrix4x3T<float>::Scale|false
WIZ8|004b89a0||W8NormalTexcoordMapper::W8NormalTexcoordMapper (implicit)|synthetic|src/wiz8/engine_code/materials.cpp|legacy-marker|W8NormalTexcoordMapper::W8NormalTexcoordMapper (implicit)|false
WIZ8|004b8a50||W8NormalTexcoordMapper::`scalar deleting destructor'|synthetic|src/wiz8/engine_code/materials.cpp|legacy-marker|W8NormalTexcoordMapper::`scalar deleting destructor'|false
WIZ8|004b9ce0||stLevel::`scalar deleting destructor'|synthetic|src/wiz8/engine_code/ReadLevel.cpp|legacy-marker|stLevel::`scalar deleting destructor'|false
WIZ8|004b9d10||stLevel::~stLevel|synthetic|src/wiz8/engine_code/ReadLevel.cpp|legacy-marker|stLevel::~stLevel|false
WIZ8|004ba1b0||srClassSupport<stLevel,srNode,0,65543>::getClassID|template|src/wiz8/engine_code/ReadLevel.cpp|legacy-marker|srClassSupport<stLevel,srNode,0,65543>::getClassID|false
WIZ8|004ba1c0||srClassSupport<stLevel,srNode,0,65543>::getClassName|template|src/wiz8/engine_code/ReadLevel.cpp|legacy-marker|srClassSupport<stLevel,srNode,0,65543>::getClassName|false
WIZ8|004ba1d0||srClassSupport<stLevel,srNode,0,65543>::getClassNode|template|src/wiz8/engine_code/ReadLevel.cpp|legacy-marker|srClassSupport<stLevel,srNode,0,65543>::getClassNode|false
WIZ8|004ba240||srClassSupport<stLevel,srNode,0,65543>::vClone|template|src/wiz8/engine_code/ReadLevel.cpp|legacy-marker|srClassSupport<stLevel,srNode,0,65543>::vClone|false
WIZ8|004ba280||srClassSupport<stLevel,srNode,0,65543>::~srClassSupport|template|src/wiz8/engine_code/ReadLevel.cpp|legacy-marker|srClassSupport<stLevel,srNode,0,65543>::~srClassSupport|false
WIZ8|004ba3a0||srClassSupport<stLevel,srNode,0,65543>::`scalar deleting destructor'|synthetic|src/wiz8/engine_code/ReadLevel.cpp|legacy-marker|srClassSupport<stLevel,srNode,0,65543>::`scalar deleting destructor'|false
WIZ8|004bdf00||srClientSupport<srClipPlane,5376>::getClassID|template|src/wiz8/engine_code/ReadLevel.cpp|legacy-marker|srClientSupport<srClipPlane,5376>::getClassID|false
WIZ8|004bdf10||srClientSupport<srClipPlane,5376>::getClassName|template|src/wiz8/engine_code/ReadLevel.cpp|legacy-marker|srClientSupport<srClipPlane,5376>::getClassName|false
WIZ8|004bdf20||srClientSupport<srClipPlane,5376>::getClassNode|template|src/wiz8/engine_code/ReadLevel.cpp|legacy-marker|srClientSupport<srClipPlane,5376>::getClassNode|false
WIZ8|004bdf90||srClientSupport<srClipPlane,5376>::vClone|template|src/wiz8/engine_code/ReadLevel.cpp|legacy-marker|srClientSupport<srClipPlane,5376>::vClone|false
WIZ8|004bdfb0||srClientSupport<srClipPlane,5376>::`scalar deleting destructor'|synthetic|src/wiz8/engine_code/ReadLevel.cpp|legacy-marker|srClientSupport<srClipPlane,5376>::`scalar deleting destructor'|false
WIZ8|004bdfe0||W8GrowableVector<T>::~W8GrowableVector|template|include/wiz8/vector.h|legacy-marker|W8GrowableVector::~W8GrowableVector|false
WIZ8|004be000||W8GrowableVector<T>::`scalar deleting destructor'|synthetic|include/wiz8/vector.h|legacy-marker|W8GrowableVector<W8VectorElement005ED1B8*>::`scalar deleting destructor'|false
WIZ8|004be030||W8GrowableVector<T>::`scalar deleting destructor'|synthetic|include/wiz8/vector.h|legacy-marker|W8GrowableVector<srClientSupport<srClipPlane,5376>*>::`scalar deleting destructor'|false
WIZ8|004be050||W8GrowableVector<T>::W8GrowableVector|template|include/wiz8/vector.h|legacy-marker|W8GrowableVector<srClientSupport<srClipPlane,5376>*>::W8GrowableVector|false
WIZ8|004beba0||W8MonsterRep::`scalar deleting destructor'|synthetic|src/wiz8/engine_code/Monster.cpp|legacy-marker|W8MonsterRep::`scalar deleting destructor'|false
WIZ8|004bfde0||W8Monster::`scalar deleting destructor'|synthetic|src/wiz8/engine_code/Monster.cpp|legacy-marker|W8Monster::`scalar deleting destructor'|false
WIZ8|004c3710||W8MonsterShakeCallback::`scalar deleting destructor'|synthetic|src/wiz8/engine_code/Monster.cpp|legacy-marker|W8MonsterShakeCallback::`scalar deleting destructor'|false
WIZ8|004c3730||W8MonsterShakeCallback::~W8MonsterShakeCallback|synthetic|src/wiz8/engine_code/Monster.cpp|legacy-marker|W8MonsterShakeCallback::~W8MonsterShakeCallback|false
WIZ8|004ca880||srFlags<int>::set|template|src/wiz8/engine_code/Monster.cpp|legacy-marker|srFlags<int>::set|false
WIZ8|004ca8b0||srClassSupport<stLight,srLight,0,65542>::srClassSupport|template|src/wiz8/engine_code/Monster.cpp|legacy-marker|srClassSupport<stLight,srLight,0,65542>::srClassSupport|false
WIZ8|004cab40||W8MonsterShakeCallbackBase::`scalar deleting destructor'|synthetic|src/wiz8/engine_code/Monster.cpp|legacy-marker|W8MonsterShakeCallbackBase::`scalar deleting destructor'|false
WIZ8|004cab60||srMatrix3T<float>::RotateAboutZ|template|include/surrender/srMath.h|legacy-marker|srMatrix3T<float>::RotateAboutZ|false
WIZ8|004cace0||W8GrowableVector<T>::~W8GrowableVector (Monster +0x29C owner; element spelling unresolved)|template|include/wiz8/vector.h|legacy-marker|W8GrowableVector::~W8GrowableVector (Monster +0x29C owner; element spelling unresolved)|false
WIZ8|004cad00||W8GrowableVector<T>::W8GrowableVector|template|include/wiz8/vector.h|legacy-marker|W8GrowableVector<W8AnimObj*>::W8GrowableVector|false
WIZ8|004cad60||W8GrowableVector<T>::~W8GrowableVector|template|include/wiz8/vector.h|legacy-marker|W8GrowableVector::~W8GrowableVector|false
WIZ8|004cad80||W8Vector<T>::W8Vector (four-byte capacity)|template|include/wiz8/vector.h|legacy-marker|??0?$W8Vector@PAVstModelInstance@@@@QAE@H@Z|true
WIZ8|004cade0||W8GrowableVector<T>::`scalar deleting destructor' (construction-phase copy)|synthetic|include/wiz8/vector.h|legacy-marker|W8GrowableVector<W8AnimObj*>::`scalar deleting destructor' (construction-phase copy)|false
WIZ8|004cae10||W8GrowableVector<T>::`scalar deleting destructor'|synthetic|include/wiz8/vector.h|legacy-marker|W8GrowableVector<W8AnimObj*>::`scalar deleting destructor'|false
WIZ8|004cae30||W8Monster::`vector deleting destructor'`adjustor{24}'|synthetic|src/wiz8/engine_code/Monster.cpp|legacy-marker|W8Monster::`vector deleting destructor'`adjustor{24}'|false
WIZ8|004ceca0||W8HashTable<Key,Value>::Grow|template|src/wiz8/engine_code/OctPrePath.cpp|legacy-marker|W8HashTable<unsigned int,unsigned char>::Grow|false
WIZ8|004cedf0||InsertionSort|template|src/wiz8/engine_code/OctPrePath.cpp|legacy-marker|InsertionSort|false
WIZ8|004cf020||stScript::stScript|synthetic|src/wiz8/engine_code/stScript.cpp|legacy-marker|stScript::stScript|false
WIZ8|004cf230||stScript::`scalar deleting destructor'|synthetic|src/wiz8/engine_code/stScript.cpp|legacy-marker|stScript::`scalar deleting destructor'|false
WIZ8|004cf7c0||srClassSupport<stScript,srClass,1,65549>::getClassID|template|src/wiz8/engine_code/stScript.cpp|legacy-marker|srClassSupport<stScript,srClass,1,65549>::getClassID|false
WIZ8|004cf7d0||srClassSupport<stScript,srClass,1,65549>::getClassName|template|src/wiz8/engine_code/stScript.cpp|legacy-marker|srClassSupport<stScript,srClass,1,65549>::getClassName|false
WIZ8|004cf7e0||srClassSupport<stScript,srClass,1,65549>::getClassNode|template|src/wiz8/engine_code/stScript.cpp|legacy-marker|srClassSupport<stScript,srClass,1,65549>::getClassNode|false
WIZ8|004cf820||srClassSupport<stScript,srClass,1,65549>::vClone|template|src/wiz8/engine_code/stScript.cpp|legacy-marker|srClassSupport<stScript,srClass,1,65549>::vClone|false
WIZ8|004cf940||srClassSupport<stScript,srClass,1,65549>::~srClassSupport<stScript,srClass,1,65549>|template|src/wiz8/engine_code/stScript.cpp|legacy-marker|srClassSupport<stScript,srClass,1,65549>::~srClassSupport<stScript,srClass,1,65549>|false
WIZ8|004cf9d0||srClassSupport<stScript,srClass,1,65549>::`scalar deleting destructor'|synthetic|src/wiz8/engine_code/stScript.cpp|legacy-marker|srClassSupport<stScript,srClass,1,65549>::`scalar deleting destructor'|false
WIZ8|004cfa00||W8GrowableVector<T>::~W8GrowableVector for the 0x005ED354 table (stScript.cpp emission)|template|include/wiz8/vector.h|legacy-marker|W8GrowableVector<stScriptLine*>::~W8GrowableVector (stScript.cpp emission)|false
WIZ8|004cfa20||W8GrowableVector<T>::~W8GrowableVector for the 0x005ED34C table (stScript.cpp emission)|template|include/wiz8/vector.h|legacy-marker|W8GrowableVector<stScriptLabel*>::~W8GrowableVector (stScript.cpp emission)|false
WIZ8|004cfa40||W8GrowableVector<stScriptLine*>::`scalar deleting destructor'|synthetic|include/wiz8/vector.h|legacy-marker|W8GrowableVector<stScriptLine*>::`scalar deleting destructor'|false
WIZ8|004cfa70||W8Vector<stScriptLine*>::`scalar deleting destructor'|synthetic|include/wiz8/vector.h|legacy-marker|W8Vector<stScriptLine*>::`scalar deleting destructor'|false
WIZ8|004cfa90||W8GrowableVector<stScriptLabel*>::`scalar deleting destructor'|synthetic|include/wiz8/vector.h|legacy-marker|W8GrowableVector<stScriptLabel*>::`scalar deleting destructor'|false
WIZ8|004cfac0||W8Vector<stScriptLabel*>::`scalar deleting destructor'|synthetic|include/wiz8/vector.h|legacy-marker|W8Vector<stScriptLabel*>::`scalar deleting destructor'|false
WIZ8|004d6030||W8GrowableVector<T>::W8GrowableVector|template|src/wiz8/engine_code/SoundEvent.cpp|legacy-marker|W8GrowableVector<W8SoundEvent*>::W8GrowableVector|false
WIZ8|004d6180||W8GroundShadowMapper::W8GroundShadowMapper (implicit)|synthetic|src/wiz8/engine_code/stGroundShadow.cpp|legacy-marker|W8GroundShadowMapper::W8GroundShadowMapper (implicit)|false
WIZ8|004d6340||stGroundShadow::`scalar deleting destructor'|synthetic|src/wiz8/engine_code/stGroundShadow.cpp|legacy-marker|stGroundShadow::`scalar deleting destructor'|false
WIZ8|004d6370||stGroundShadow::~stGroundShadow|synthetic|src/wiz8/engine_code/stGroundShadow.cpp|legacy-marker|stGroundShadow::~stGroundShadow|false
WIZ8|004d6930||srVector2T<float>::srVector2T (folded with srVector3T<float> and srVector4T<float>)|template|include/surrender/srMath.h|legacy-marker|srVector2T<float>::srVector2T (folded with srVector3T<float> and srVector4T<float>)|false
WIZ8|004d69a0||srClassSupport<stGroundShadow,srNode,0,65552>::getClassID|template|src/wiz8/engine_code/stGroundShadow.cpp|legacy-marker|srClassSupport<stGroundShadow,srNode,0,65552>::getClassID|false
WIZ8|004d69b0||srClassSupport<stGroundShadow,srNode,0,65552>::getClassName|template|src/wiz8/engine_code/stGroundShadow.cpp|legacy-marker|srClassSupport<stGroundShadow,srNode,0,65552>::getClassName|false
WIZ8|004d69c0||srClassSupport<stGroundShadow,srNode,0,65552>::getClassNode|template|src/wiz8/engine_code/stGroundShadow.cpp|legacy-marker|srClassSupport<stGroundShadow,srNode,0,65552>::getClassNode|false
WIZ8|004d6a30||srClassSupport<stGroundShadow,srNode,0,65552>::vClone|template|src/wiz8/engine_code/stGroundShadow.cpp|legacy-marker|srClassSupport<stGroundShadow,srNode,0,65552>::vClone|false
WIZ8|004d6a70||srClassSupport<stGroundShadow,srNode,0,65552>::~srClassSupport|template|src/wiz8/engine_code/stGroundShadow.cpp|legacy-marker|srClassSupport<stGroundShadow,srNode,0,65552>::~srClassSupport|false
WIZ8|004d6b30||srVector4T<float>::Set|template|include/surrender/srMath.h|legacy-marker|srVector4T<float>::Set|false
WIZ8|004d6b50||srClassSupport<stGroundShadow,srNode,0,65552>::`scalar deleting destructor'|synthetic|src/wiz8/engine_code/stGroundShadow.cpp|legacy-marker|srClassSupport<stGroundShadow,srNode,0,65552>::`scalar deleting destructor'|false
WIZ8|004d6b80||srMatrix2T<float>::MultiplyBy|template|include/surrender/srMath.h|legacy-marker|srMatrix2T<float>::MultiplyBy|false
WIZ8|004d99e0||W8GrowableVector<T>::RemoveAt (shared four-byte storage)|template|include/wiz8/vector.h|legacy-marker|W8GrowableVector::RemoveAt (shared four-byte storage)|false
WIZ8|004d9a20||W8Vector<T>::`scalar deleting destructor'|synthetic|include/wiz8/vector.h|legacy-marker|W8Vector<W8MasterFunction>::`scalar deleting destructor'|false
WIZ8|004d9a40||W8GrowableVector<T>::`scalar deleting destructor'|synthetic|include/wiz8/vector.h|legacy-marker|W8GrowableVector<W8MasterFunction>::`scalar deleting destructor'|false
WIZ8|004d9a70||W8GrowableVector<T>::W8GrowableVector<T> (MasterFunctionList.cpp emission)|template|include/wiz8/vector.h|legacy-marker|W8GrowableVector<W8MasterFunction>::W8GrowableVector<W8MasterFunction> (MasterFunctionList.cpp emission)|false
WIZ8|004daa8a||SwampGasFireSpawn post-guard continuation|synthetic|src/wiz8/level_specific_code/Swamp.cpp|legacy-marker|SwampGasFireSpawn post-guard continuation|false
WIZ8|004de500||`dynamic atexit destructor for 'crusher_lower''|synthetic|src/wiz8/level_specific_code/MartensBluff2.cpp|legacy-marker|`dynamic atexit destructor for 'crusher_lower''|false
WIZ8|004de510||`dynamic atexit destructor for 'crusher_upper''|synthetic|src/wiz8/level_specific_code/MartensBluff2.cpp|legacy-marker|`dynamic atexit destructor for 'crusher_upper''|false
WIZ8|004de940||srMatrix3T<float>::RotateAroundAxis(double, const srVector3T<float>&) (MartensBluff2.cpp emission)|template|include/surrender/srMath.h;src/wiz8/level_specific_code/MartensBluff2.cpp|legacy-marker|srMatrix3T<float>::RotateAroundAxis(double, const srVector3T<float>&) (MartensBluff2.cpp emission)|false
WIZ8|004df800||AscensionPeakInit thunk -> AscensionPeakInit|synthetic|src/wiz8/level_specific_code/Ascension.cpp|legacy-marker|AscensionPeakInit thunk -> AscensionPeakInit|false
WIZ8|004e6940||W8XStatus::~W8XStatus (implicit member teardown)|synthetic|src/wiz8/local_code/MonsterManager.cpp|legacy-marker|W8XStatus::~W8XStatus (implicit member teardown)|false
WIZ8|004e6970||W8XStatus::W8XStatus (implicit member construction)|synthetic|src/wiz8/local_code/MonsterManager.cpp|legacy-marker|W8XStatus::W8XStatus (implicit member construction)|false
WIZ8|004e6a10||W8MonsterManagerEntry::~W8MonsterManagerEntry (implicit member teardown)|synthetic|src/wiz8/local_code/MonsterManager.cpp|legacy-marker|W8MonsterManagerEntry::~W8MonsterManagerEntry (implicit member teardown)|false
WIZ8|004e6a30||W8MonsterManagerEntry::W8MonsterManagerEntry (implicit member construction)|synthetic|src/wiz8/local_code/MonsterManager.cpp|legacy-marker|W8MonsterManagerEntry::W8MonsterManagerEntry (implicit member construction)|false
WIZ8|004ed900||W8GrowableVector<T>::W8GrowableVector (four-byte copy)|template|include/wiz8/vector.h|legacy-marker|??0?$W8GrowableVector@H@@QAE@ABV0@@Z|true
WIZ8|004ed950||srMatrix3T<float>::TransformTransposed|template|include/surrender/srMath.h;include/wiz8/vector.h|legacy-marker|srMatrix3T<float>::TransformTransposed|false
WIZ8|004f3370||W8TextBuffer::`scalar deleting destructor'|synthetic|src/wiz8/local_code/Controls.cpp|legacy-marker|W8TextBuffer::`scalar deleting destructor'|false
WIZ8|004f3d90||W8Widget::`scalar deleting destructor'|synthetic|src/wiz8/local_code/Controls.cpp|legacy-marker|W8Widget::`scalar deleting destructor'|false
WIZ8|004f6030||W8TextControl::`scalar deleting destructor'|synthetic|include/wiz8/local_code/TextControl.h|legacy-marker|W8TextControl::`scalar deleting destructor'|false
WIZ8|004f6640||W8TextControl::~W8TextControl|synthetic|include/wiz8/local_code/TextControl.h|legacy-marker|W8TextControl::~W8TextControl|false
WIZ8|004f6870||W8GrowableVector<T>::`scalar deleting destructor'|synthetic|include/wiz8/vector.h|legacy-marker|W8GrowableVector<W8Widget*>::`scalar deleting destructor'|false
WIZ8|004f68a0||W8Vector<T>::`scalar deleting destructor'|synthetic|src/wiz8/local_code/Controls.cpp|legacy-marker|W8Vector<W8Widget*>::`scalar deleting destructor'|false
WIZ8|004f68c0||W8Vector<T>::~W8Vector<T>|template|src/wiz8/local_code/Controls.cpp|legacy-marker|W8Vector<W8Widget*>::~W8Vector<W8Widget*>|false
WIZ8|004f68e0||W8GrowableVector<T>::`scalar deleting destructor'|synthetic|include/wiz8/vector.h|legacy-marker|W8GrowableVector<W8TextControl*>::`scalar deleting destructor'|false
WIZ8|004f6910||W8Vector<T>::`scalar deleting destructor'|synthetic|src/wiz8/local_code/Controls.cpp|legacy-marker|W8Vector<W8TextControl*>::`scalar deleting destructor'|false
WIZ8|004f6930||W8Vector<T>::~W8Vector<T>|template|src/wiz8/local_code/Controls.cpp|legacy-marker|W8Vector<W8TextControl*>::~W8Vector<W8TextControl*>|false
WIZ8|004f69b0||W8HorizontalRangeThumb::`scalar deleting destructor'|synthetic|src/wiz8/local_code/Controls.cpp|legacy-marker|W8HorizontalRangeThumb::`scalar deleting destructor'|false
WIZ8|004f69d0||W8HorizontalRangeThumb::~W8HorizontalRangeThumb|synthetic|src/wiz8/local_code/Controls.cpp|legacy-marker|W8HorizontalRangeThumb::~W8HorizontalRangeThumb|false
WIZ8|004f9580||W8GrowableVector<T>::W8GrowableVector|template|src/wiz8/local_code/ItemManager.cpp|legacy-marker|W8GrowableVector<W8WorldItem*>::W8GrowableVector|false
WIZ8|00501e50||W8Vector<T>::W8Vector (four-byte capacity)|template|include/wiz8/vector.h|legacy-marker|??0?$W8Vector@PAVW8Missile@@@@QAE@H@Z|true
WIZ8|00501eb0||W8GrowableVector<T>::W8GrowableVector|template|include/wiz8/vector.h|legacy-marker|W8GrowableVector<W8SpellEffectEntry*>::W8GrowableVector|false
WIZ8|00501f10||W8GrowableVector<T>::~W8GrowableVector|template|include/wiz8/vector.h|legacy-marker|W8GrowableVector::~W8GrowableVector|false
WIZ8|00501f30||W8GrowableVector<T>::`scalar deleting destructor' (Magic.cpp emission)|synthetic|include/wiz8/vector.h|legacy-marker|W8GrowableVector<W8SpellEffectEntry*>::`scalar deleting destructor' (Magic.cpp emission)|false
WIZ8|00501f60||W8GrowableVector<T>::`scalar deleting destructor'|synthetic|include/wiz8/vector.h|legacy-marker|W8GrowableVector<W8SpellEffectEntry*>::`scalar deleting destructor'|false
WIZ8|00501f80||W8GrowableVector<T>::W8GrowableVector (four-byte capacity)|template|include/wiz8/vector.h|legacy-marker|??0?$W8GrowableVector@PAVW8SpellVisual@@@@QAE@H@Z|true
WIZ8|00501fd0||Record constructor (reports vector at +0x5A; enclosing record type unresolved)|synthetic|include/wiz8/vector.h|legacy-marker|Record constructor (reports vector at +0x5A; enclosing record type unresolved)|false
WIZ8|00509a80||W8GrowableVector<T>::~W8GrowableVector<T>|template|src/wiz8/local_code/NPC Manager.cpp|legacy-marker|W8GrowableVector<W8NpcState*>::~W8GrowableVector<W8NpcState*>|false
WIZ8|0050e510||W8GrowableVector<T>::`scalar deleting destructor'|synthetic|include/wiz8/vector.h|legacy-marker|W8GrowableVector<W8NpcState*>::`scalar deleting destructor'|false
WIZ8|00516950||W8GrowableVector<T>::W8GrowableVector (four-byte capacity)|template|include/wiz8/vector.h|legacy-marker|??0?$W8GrowableVector@PAUW8SpellDamageReport@@@@QAE@H@Z|true
WIZ8|005169a0||W8GrowableVector<T>::Grow|template|src/wiz8/local_code/LoadSaveGame.cpp|legacy-marker|W8GrowableVector<unsigned char>::Grow|false
WIZ8|00516a00||W8GrowableVector<T> erase-and-delete emission (LoadSaveGame.cpp span)|template|include/wiz8/vector.h|legacy-marker|W8GrowableVector<W8SpellEffectEntry*> erase-and-delete emission (LoadSaveGame.cpp span)|false
WIZ8|00517810||W8Vector<T>::W8Vector (four-byte capacity)|template|include/wiz8/vector.h|legacy-marker|??0?$W8Vector@PAUW8Searchable@@@@QAE@H@Z|true
WIZ8|00517870||W8Vector<T>::~W8Vector|template|include/wiz8/vector.h|legacy-marker|W8Vector::~W8Vector|false
WIZ8|00517890||W8GrowableVector<T>::`scalar deleting destructor'|synthetic|include/wiz8/vector.h|legacy-marker|W8GrowableVector<W8Searchable*>::`scalar deleting destructor'|false
WIZ8|005178c0||W8Vector<T>::`scalar deleting destructor'|synthetic|include/wiz8/vector.h|legacy-marker|W8Vector<W8Searchable*>::`scalar deleting destructor'|false
WIZ8|00524a70||`dynamic initializer for 'g_npc_scripting''|synthetic|src/wiz8/local_code/npc_interaction.cpp|legacy-marker|`dynamic initializer for 'g_npc_scripting''|false
WIZ8|00524a90||`dynamic atexit destructor for 'g_npc_scripting''|synthetic|src/wiz8/local_code/npc_interaction.cpp|legacy-marker|`dynamic atexit destructor for 'g_npc_scripting''|false
WIZ8|00524aa0||W8NpcScriptingState::~W8NpcScriptingState|synthetic|src/wiz8/local_code/npc_interaction.cpp|legacy-marker|W8NpcScriptingState::~W8NpcScriptingState|false
WIZ8|00524ae0||W8NpcScriptingState::W8NpcScriptingState|synthetic|src/wiz8/local_code/npc_interaction.cpp|legacy-marker|W8NpcScriptingState::W8NpcScriptingState|false
WIZ8|0052a1d0||W8GrowableVector<T>::~W8GrowableVector|template|include/wiz8/vector.h|legacy-marker|W8GrowableVector::~W8GrowableVector|false
WIZ8|0052a1f0||W8GrowableVector<T>::InsertAt|template|include/wiz8/vector.h|legacy-marker|W8GrowableVector<int*>::InsertAt|false
WIZ8|0052a290||W8GrowableVector<T>::`scalar deleting destructor'|synthetic|include/wiz8/vector.h|legacy-marker|W8GrowableVector<W8MessageBoxLine*>::`scalar deleting destructor'|false
WIZ8|0052a2c0||W8GrowableVector<T>::`scalar deleting destructor'|synthetic|include/wiz8/vector.h|legacy-marker|W8GrowableVector<int*>::`scalar deleting destructor'|false
WIZ8|0052e4d0||W8GrowableVector<T>::Remove|template|include/wiz8/vector.h|legacy-marker|W8GrowableVector<W8CharacterEvent*>::Remove|false
WIZ8|0052e520||W8Vector<T>::~W8Vector|template|include/wiz8/vector.h|legacy-marker|W8Vector::~W8Vector|false
WIZ8|0052e540||W8GrowableVector<T>::`scalar deleting destructor'|synthetic|include/wiz8/vector.h|legacy-marker|W8GrowableVector<W8CharacterEvent*>::`scalar deleting destructor'|false
WIZ8|0052e570||W8Vector<T>::`scalar deleting destructor'|synthetic|include/wiz8/vector.h|legacy-marker|W8Vector<W8CharacterEvent*>::`scalar deleting destructor'|false
WIZ8|005358d0||W8GrowableVector<T>::~W8GrowableVector<T>|template|src/wiz8/local_code/MonsterAI.cpp|legacy-marker|W8GrowableVector<W8CombatSlot>::~W8GrowableVector<W8CombatSlot>|false
WIZ8|005358f0||W8GrowableVector<T>::`scalar deleting destructor'|synthetic|src/wiz8/local_code/MonsterAI.cpp|legacy-marker|W8GrowableVector<W8CombatSlot>::`scalar deleting destructor'|false
WIZ8|00546da0||W8GrowableVector<T>::~W8GrowableVector|template|include/wiz8/vector.h|legacy-marker|W8GrowableVector::~W8GrowableVector|false
WIZ8|00546dc0||W8GrowableVector<T>::`scalar deleting destructor'|synthetic|include/wiz8/vector.h|legacy-marker|W8GrowableVector<W8TargetSource>::`scalar deleting destructor'|false
WIZ8|00546df0||W8GrowableVector<T>::Grow|template|include/wiz8/vector.h|legacy-marker|W8GrowableVector<W8TargetSource>::Grow|false
WIZ8|00558c10||W8GrowableVector<T>::`scalar deleting destructor'|synthetic|include/wiz8/vector.h|legacy-marker|W8GrowableVector<W8JournalEntry>::`scalar deleting destructor'|false
WIZ8|0055ada0||unresolved owning PL teardown emission|template|src/wiz8/local_code/GameplayDatabase.cpp|legacy-marker|unresolved owning PL teardown emission|false
WIZ8|0055bde0||W8Chunk::~W8Chunk|synthetic|src/wiz8/local_code/chunk.cpp|legacy-marker|W8Chunk::~W8Chunk|false
WIZ8|0055cb90||W8Vector<T>::~W8Vector|template|include/wiz8/vector.h|legacy-marker|W8Vector::~W8Vector|false
WIZ8|0055cbb0||W8GrowableVector<T>::`scalar deleting destructor'|synthetic|include/wiz8/vector.h|legacy-marker|W8GrowableVector<W8ChunkHead*>::`scalar deleting destructor'|false
WIZ8|0055cbe0||W8Vector<T>::`scalar deleting destructor'|synthetic|include/wiz8/vector.h|legacy-marker|W8Vector<W8ChunkHead*>::`scalar deleting destructor'|false
WIZ8|0055cfd0||MGSKeyboard::MGSKeyboard (implicit member construction)|synthetic|src/wiz8/local_screens/MGSKeyboard.cpp|legacy-marker|MGSKeyboard::MGSKeyboard (implicit member construction)|false
WIZ8|0055d160||MGSKeyboard::`scalar deleting destructor'|synthetic|src/wiz8/local_screens/MGSKeyboard.cpp|legacy-marker|MGSKeyboard::`scalar deleting destructor'|false
WIZ8|0055db60||W8GrowableVector<T>::~W8GrowableVector|template|include/wiz8/vector.h|legacy-marker|W8GrowableVector::~W8GrowableVector|false
WIZ8|0055db80||W8HashTable<Key,Value>::~W8HashTable|template|src/wiz8/engine_code/ReadMesh.cpp|legacy-marker|W8HashTable<unsigned int,int>::~W8HashTable|false
WIZ8|0055dbb0||W8HashTable<Key,Value>::Insert|template|src/wiz8/engine_code/Octree.cpp|legacy-marker|W8HashTable<unsigned int,int>::Insert|false
WIZ8|0055dd60||W8HashTable<Key,Value>::Remove (second emission)|template|src/wiz8/engine_code/Octree.cpp|legacy-marker|W8HashTable<unsigned int,int>::Remove (second emission)|false
WIZ8|0055ddf0||W8GrowableVector<T>::`scalar deleting destructor'|synthetic|include/wiz8/vector.h|legacy-marker|W8GrowableVector<MGSKeyBinding*>::`scalar deleting destructor'|false
WIZ8|0055de20||W8Vector<T>::`scalar deleting destructor'|synthetic|include/wiz8/vector.h|legacy-marker|W8Vector<MGSKeyBinding*>::`scalar deleting destructor'|false
WIZ8|0055e5b0||W8NpcDialogueScrollWidget::`scalar deleting destructor'|synthetic|include/wiz8/local_screens/MainGameScreen.h|legacy-marker|W8NpcDialogueScrollWidget::`scalar deleting destructor'|false
WIZ8|0055e5d0||W8NpcDialogueScrollWidget::~W8NpcDialogueScrollWidget thunk -> W8Widget::~W8Widget|synthetic|src/wiz8/local_screens/MainGameScreen.cpp|legacy-marker|W8NpcDialogueScrollWidget::~W8NpcDialogueScrollWidget thunk -> W8Widget::~W8Widget|false
WIZ8|0056b960||W8NpcInteractionState::~W8NpcInteractionState|synthetic|src/wiz8/local_screens/NPCInteractionSubscreen.cpp|legacy-marker|W8NpcInteractionState::~W8NpcInteractionState|false
WIZ8|0056b9a0||W8NpcInteractionState::W8NpcInteractionState|synthetic|src/wiz8/local_screens/NPCInteractionSubscreen.cpp|legacy-marker|W8NpcInteractionState::W8NpcInteractionState|false
WIZ8|00577a80||W8GrowableVector<T>::~W8GrowableVector<T>|template|src/wiz8/local_screens/NPCInteractionSubscreen.cpp|legacy-marker|W8GrowableVector<W8DialogueTranscriptRecord*>::~W8GrowableVector<W8DialogueTranscriptRecord*>|false
WIZ8|00577aa0||W8GrowableVector<T>::`scalar deleting destructor'|synthetic|src/wiz8/local_screens/NPCInteractionSubscreen.cpp|legacy-marker|W8GrowableVector<unsigned short*>::`scalar deleting destructor'|false
WIZ8|00577ad0||W8GrowableVector<T>::`scalar deleting destructor'|synthetic|src/wiz8/local_screens/NPCInteractionSubscreen.cpp|legacy-marker|W8GrowableVector<W8DialogueTranscriptRecord*>::`scalar deleting destructor'|false
WIZ8|00577b00||W8Vector<T>::`scalar deleting destructor'|synthetic|src/wiz8/local_screens/NPCInteractionSubscreen.cpp|legacy-marker|W8Vector<W8DialogueTranscriptRecord*>::`scalar deleting destructor'|false
WIZ8|00577b20||W8GrowableVector<T>::`scalar deleting destructor'|synthetic|src/wiz8/local_screens/NPCInteractionSubscreen.cpp|legacy-marker|W8GrowableVector<W8PendingNoticeLine*>::`scalar deleting destructor'|false
WIZ8|00577b50||W8Vector<T>::`scalar deleting destructor'|synthetic|src/wiz8/local_screens/NPCInteractionSubscreen.cpp|legacy-marker|W8Vector<W8PendingNoticeLine*>::`scalar deleting destructor'|false
WIZ8|00577b70||W8GrowableVector<T>::~W8GrowableVector<T>|template|src/wiz8/local_screens/NPCInteractionSubscreen.cpp|legacy-marker|W8GrowableVector<W8PendingNoticeLine*>::~W8GrowableVector<W8PendingNoticeLine*>|false
WIZ8|00577b90||W8GrowableVector<T>::`scalar deleting destructor'|synthetic|src/wiz8/local_screens/NPCInteractionSubscreen.cpp|legacy-marker|W8GrowableVector<W8GrowableVector<W8GrowableVector<unsigned short*>*>*>::`scalar deleting destructor'|false
WIZ8|00577bc0||W8GrowableVector<T>::`scalar deleting destructor'|synthetic|src/wiz8/local_screens/NPCInteractionSubscreen.cpp|legacy-marker|W8GrowableVector<W8GrowableVector<unsigned short*>*>::`scalar deleting destructor'|false
WIZ8|00585340||W8GrowableVector<T>::W8GrowableVector|template|include/wiz8/vector.h|legacy-marker|W8GrowableVector<srClientSupport<srClipPlane,5376>*>::W8GrowableVector|false
WIZ8|005853a0||W8HashTable<Key,Value>::Lookup|template|include/wiz8/vector.h|legacy-marker|W8HashTable<unsigned int,int>::Lookup|false
WIZ8|005853f0||W8GrowableVector<T>::`scalar deleting destructor'|synthetic|include/wiz8/vector.h|legacy-marker|W8GrowableVector<W8AutomapNote*>::`scalar deleting destructor'|false
WIZ8|00585420||W8Vector<T>::`scalar deleting destructor'|synthetic|include/wiz8/vector.h|legacy-marker|W8Vector<W8AutomapNote*>::`scalar deleting destructor'|false
WIZ8|00585440||W8Vector<T>::~W8Vector|template|include/wiz8/vector.h|legacy-marker|W8Vector::~W8Vector|false
WIZ8|00585460||W8GrowableVector<T>::W8GrowableVector (four-byte capacity)|template|include/wiz8/vector.h|legacy-marker|??0?$W8GrowableVector@PAVsrClass@@@@QAE@H@Z|true
WIZ8|005858a0||W8LockTumblerPanel::`scalar deleting destructor'|synthetic|include/wiz8/local_screens/MainGameScreen.h|legacy-marker|W8LockTumblerPanel::`scalar deleting destructor'|false
WIZ8|00585e00||W8LockInfoPanel::`scalar deleting destructor'|synthetic|include/wiz8/local_screens/MainGameScreen.h|legacy-marker|W8LockInfoPanel::`scalar deleting destructor'|false
WIZ8|00586680||W8LockInteraction::`scalar deleting destructor'|synthetic|include/wiz8/local_screens/MainGameScreen.h|legacy-marker|W8LockInteraction::`scalar deleting destructor'|false
WIZ8|00587e30||W8MainGameTextKeyHandler::`scalar deleting destructor'|synthetic|src/wiz8/local_screens/MainGameScreen.cpp|legacy-marker|W8MainGameTextKeyHandler::`scalar deleting destructor'|false
WIZ8|00587e50||W8MainGameTextKeyHandler::~W8MainGameTextKeyHandler|synthetic|src/wiz8/local_screens/MainGameScreen.cpp|legacy-marker|W8MainGameTextKeyHandler::~W8MainGameTextKeyHandler|false
WIZ8|00588350||W8MainGameTextEntry::`scalar deleting destructor'|synthetic|src/wiz8/local_screens/MainGameScreen.cpp|legacy-marker|W8MainGameTextEntry::`scalar deleting destructor'|false
WIZ8|00588370||W8MainGameTextEntry::~W8MainGameTextEntry|synthetic|src/wiz8/local_screens/MainGameScreen.cpp|legacy-marker|W8MainGameTextEntry::~W8MainGameTextEntry|false
WIZ8|00588770||W8MainGameTextPanel::`scalar deleting destructor'|synthetic|src/wiz8/local_screens/MainGameScreen.cpp|legacy-marker|W8MainGameTextPanel::`scalar deleting destructor'|false
WIZ8|00588d90||W8MainGameStatusPanel::`scalar deleting destructor'|synthetic|src/wiz8/local_screens/MainGameScreen.cpp|legacy-marker|W8MainGameStatusPanel::`scalar deleting destructor'|false
WIZ8|0058a840||W8MainGameScreen::`scalar deleting destructor'|synthetic|src/wiz8/local_screens/MainGameScreen.cpp|legacy-marker|W8MainGameScreen::`scalar deleting destructor'|false
WIZ8|005991a0||W8ConditionButton::`scalar deleting destructor'|synthetic|src/wiz8/local_screens/MGSPortraits.cpp|legacy-marker|W8ConditionButton::`scalar deleting destructor'|false
WIZ8|005991c0||W8ConditionButton::~W8ConditionButton|synthetic|src/wiz8/local_screens/MGSPortraits.cpp|legacy-marker|W8ConditionButton::~W8ConditionButton|false
WIZ8|005a20d0||W8GrowableVector<T>::W8GrowableVector|template|include/wiz8/vector.h|legacy-marker|W8GrowableVector<stModelInstance2D*>::W8GrowableVector|false
WIZ8|005a4080||Controls::~Controls thunk -> Controls::~Controls|synthetic|src/wiz8/local_screens/OptionsScreen.cpp|legacy-marker|Controls::~Controls thunk -> Controls::~Controls|false
WIZ8|005a74f0||W8OptionsMenuButton::`scalar deleting destructor'|synthetic|src/wiz8/local_screens/OptionsScreen.cpp|legacy-marker|W8OptionsMenuButton::`scalar deleting destructor'|false
WIZ8|005a7510||W8OptionsMenuButton::~W8OptionsMenuButton|synthetic|src/wiz8/local_screens/OptionsScreen.cpp|legacy-marker|W8OptionsMenuButton::~W8OptionsMenuButton|false
WIZ8|005a7600||W8OptionsCheckbox::`scalar deleting destructor'|synthetic|src/wiz8/local_screens/OptionsScreen.cpp|legacy-marker|W8OptionsCheckbox::`scalar deleting destructor'|false
WIZ8|005a7620||W8OptionsCheckbox::~W8OptionsCheckbox|synthetic|src/wiz8/local_screens/OptionsScreen.cpp|legacy-marker|W8OptionsCheckbox::~W8OptionsCheckbox|false
WIZ8|005a76b0||W8TextControl subclass 0x005EEDDC::`scalar deleting destructor'|synthetic|src/wiz8/local_screens/OptionsScreen.cpp|legacy-marker|W8TextControl subclass 0x005EEDDC::`scalar deleting destructor'|false
WIZ8|005a76d0||W8TextControl subclass 0x005EEDDC::~subclass (emitted)|synthetic|src/wiz8/local_screens/OptionsScreen.cpp|legacy-marker|W8TextControl subclass 0x005EEDDC::~subclass (emitted)|false
WIZ8|005a7730||W8OptionsSaveRow::`scalar deleting destructor'|synthetic|src/wiz8/local_screens/OptionsScreen.cpp|legacy-marker|W8OptionsSaveRow::`scalar deleting destructor'|false
WIZ8|005a7750||W8OptionsSaveRow::~W8OptionsSaveRow|synthetic|src/wiz8/local_screens/OptionsScreen.cpp|legacy-marker|W8OptionsSaveRow::~W8OptionsSaveRow|false
WIZ8|005a7c00||W8OptionsButton::`scalar deleting destructor'|synthetic|src/wiz8/local_screens/OptionsScreen.cpp|legacy-marker|W8OptionsButton::`scalar deleting destructor'|false
WIZ8|005a7c20||W8OptionsButton::~W8OptionsButton|synthetic|src/wiz8/local_screens/OptionsScreen.cpp|legacy-marker|W8OptionsButton::~W8OptionsButton|false
WIZ8|005a7d40||W8OptionsKeyButton::`scalar deleting destructor'|synthetic|src/wiz8/local_screens/OptionsScreen.cpp|legacy-marker|W8OptionsKeyButton::`scalar deleting destructor'|false
WIZ8|005a7d60||W8OptionsKeyButton::~W8OptionsKeyButton|synthetic|src/wiz8/local_screens/OptionsScreen.cpp|legacy-marker|W8OptionsKeyButton::~W8OptionsKeyButton|false
WIZ8|005a7f30||W8OptionsSlider::`scalar deleting destructor'|synthetic|src/wiz8/local_screens/OptionsScreen.cpp|legacy-marker|W8OptionsSlider::`scalar deleting destructor'|false
WIZ8|005a7f50||W8OptionsSlider::~W8OptionsSlider|synthetic|src/wiz8/local_screens/OptionsScreen.cpp|legacy-marker|W8OptionsSlider::~W8OptionsSlider|false
WIZ8|005a8050||W8OptionsTextEditor::`scalar deleting destructor'|synthetic|src/wiz8/local_screens/OptionsScreen.cpp|legacy-marker|W8OptionsTextEditor::`scalar deleting destructor'|false
WIZ8|005a8170||W8NotificationDialog::`scalar deleting destructor'|synthetic|src/wiz8/dialog_code/NotificationDialog.cpp|legacy-marker|W8NotificationDialog::`scalar deleting destructor'|false
WIZ8|005a8190||W8NotificationDialog::~W8NotificationDialog|synthetic|src/wiz8/dialog_code/NotificationDialog.cpp|legacy-marker|W8NotificationDialog::~W8NotificationDialog|false
WIZ8|005a8300||W8OptionsPanel::`scalar deleting destructor'|synthetic|src/wiz8/local_screens/OptionsScreen.cpp|legacy-marker|W8OptionsPanel::`scalar deleting destructor'|false
WIZ8|005a8b30||W8OptionsSelection::`scalar deleting destructor'|synthetic|src/wiz8/local_screens/OptionsScreen.cpp|legacy-marker|W8OptionsSelection::`scalar deleting destructor'|false
WIZ8|005a8e40||W8OptionsMenuSet::`scalar deleting destructor'|synthetic|src/wiz8/local_screens/OptionsScreen.cpp|legacy-marker|W8OptionsMenuSet::`scalar deleting destructor'|false
WIZ8|005a9380||W8ControlSelection::`scalar deleting destructor'|synthetic|src/wiz8/local_screens/OptionsScreen.cpp|legacy-marker|W8ControlSelection::`scalar deleting destructor'|false
WIZ8|005a93a0||W8ControlSelection::~W8ControlSelection|synthetic|src/wiz8/local_screens/OptionsScreen.cpp|legacy-marker|W8ControlSelection::~W8ControlSelection|false
WIZ8|005ab7f0||W8OptionsKeyboardPanel::`scalar deleting destructor'|synthetic|src/wiz8/local_screens/OptionsScreen.cpp|legacy-marker|W8OptionsKeyboardPanel::`scalar deleting destructor'|false
WIZ8|005ab810||W8OptionsKeyboardPanel::~W8OptionsKeyboardPanel|synthetic|src/wiz8/local_screens/OptionsScreen.cpp|legacy-marker|W8OptionsKeyboardPanel::~W8OptionsKeyboardPanel|false
WIZ8|005ac540||W8OptionsUnavailablePanel::`scalar deleting destructor'|synthetic|src/wiz8/local_screens/OptionsScreen.cpp|legacy-marker|W8OptionsUnavailablePanel::`scalar deleting destructor'|false
WIZ8|005ac560||W8OptionsUnavailablePanel::~W8OptionsUnavailablePanel|synthetic|src/wiz8/local_screens/OptionsScreen.cpp|legacy-marker|W8OptionsUnavailablePanel::~W8OptionsUnavailablePanel|false
WIZ8|005ac680||W8OptionsGamePanel::`scalar deleting destructor'|synthetic|src/wiz8/local_screens/OptionsScreen.cpp|legacy-marker|W8OptionsGamePanel::`scalar deleting destructor'|false
WIZ8|005ac6a0||W8OptionsGamePanel::~W8OptionsGamePanel|synthetic|src/wiz8/local_screens/OptionsScreen.cpp|legacy-marker|W8OptionsGamePanel::~W8OptionsGamePanel|false
WIZ8|005ac7c0||W8OptionsMousePanel::`scalar deleting destructor'|synthetic|src/wiz8/local_screens/OptionsScreen.cpp|legacy-marker|W8OptionsMousePanel::`scalar deleting destructor'|false
WIZ8|005ac7e0||W8OptionsMousePanel::~W8OptionsMousePanel|synthetic|src/wiz8/local_screens/OptionsScreen.cpp|legacy-marker|W8OptionsMousePanel::~W8OptionsMousePanel|false
WIZ8|005ac900||W8OptionsInterfacePanel::`scalar deleting destructor'|synthetic|src/wiz8/local_screens/OptionsScreen.cpp|legacy-marker|W8OptionsInterfacePanel::`scalar deleting destructor'|false
WIZ8|005ac920||W8OptionsInterfacePanel::~W8OptionsInterfacePanel|synthetic|src/wiz8/local_screens/OptionsScreen.cpp|legacy-marker|W8OptionsInterfacePanel::~W8OptionsInterfacePanel|false
WIZ8|005aca40||W8OptionsGraphicsPanel::`scalar deleting destructor'|synthetic|src/wiz8/local_screens/OptionsScreen.cpp|legacy-marker|W8OptionsGraphicsPanel::`scalar deleting destructor'|false
WIZ8|005aca60||W8OptionsGraphicsPanel::~W8OptionsGraphicsPanel|synthetic|src/wiz8/local_screens/OptionsScreen.cpp|legacy-marker|W8OptionsGraphicsPanel::~W8OptionsGraphicsPanel|false
WIZ8|005acb80||W8OptionsAdvancedGraphicsPanel::`scalar deleting destructor'|synthetic|src/wiz8/local_screens/OptionsScreen.cpp|legacy-marker|W8OptionsAdvancedGraphicsPanel::`scalar deleting destructor'|false
WIZ8|005acba0||W8OptionsAdvancedGraphicsPanel::~W8OptionsAdvancedGraphicsPanel|synthetic|src/wiz8/local_screens/OptionsScreen.cpp|legacy-marker|W8OptionsAdvancedGraphicsPanel::~W8OptionsAdvancedGraphicsPanel|false
WIZ8|005accc0||W8OptionsAudioPanel::`scalar deleting destructor'|synthetic|src/wiz8/local_screens/OptionsScreen.cpp|legacy-marker|W8OptionsAudioPanel::`scalar deleting destructor'|false
WIZ8|005acce0||W8OptionsAudioPanel::~W8OptionsAudioPanel|synthetic|src/wiz8/local_screens/OptionsScreen.cpp|legacy-marker|W8OptionsAudioPanel::~W8OptionsAudioPanel|false
WIZ8|005ace00||W8OptionsSaveLoadPanel::`scalar deleting destructor'|synthetic|src/wiz8/local_screens/OptionsScreen.cpp|legacy-marker|W8OptionsSaveLoadPanel::`scalar deleting destructor'|false
WIZ8|005ace20||W8OptionsSaveLoadPanel::~W8OptionsSaveLoadPanel|synthetic|src/wiz8/local_screens/OptionsScreen.cpp|legacy-marker|W8OptionsSaveLoadPanel::~W8OptionsSaveLoadPanel|false
WIZ8|005acf40||W8GrowableVector<T>::~W8GrowableVector|template|include/wiz8/vector.h|legacy-marker|W8GrowableVector::~W8GrowableVector|false
WIZ8|005acf60||W8GrowableVector<T>::~W8GrowableVector|template|include/wiz8/vector.h|legacy-marker|W8GrowableVector::~W8GrowableVector|false
WIZ8|005acf80||W8GrowableVector<T>::~W8GrowableVector|template|include/wiz8/vector.h|legacy-marker|W8GrowableVector::~W8GrowableVector|false
WIZ8|005acfa0||W8GrowableVector<T>::~W8GrowableVector|template|include/wiz8/vector.h|legacy-marker|W8GrowableVector::~W8GrowableVector|false
WIZ8|005acfc0||W8Vector<T>::W8Vector|template|include/wiz8/vector.h|legacy-marker|W8Vector<W8OptionsSaveRow*>::W8Vector|false
WIZ8|005ad020||W8GrowableVector<T>::~W8GrowableVector|template|include/wiz8/vector.h|legacy-marker|W8GrowableVector::~W8GrowableVector|false
WIZ8|005ad040||W8GrowableVector<T>::`scalar deleting destructor'|synthetic|include/wiz8/vector.h|legacy-marker|W8GrowableVector<W8TextBuffer*>::`scalar deleting destructor'|false
WIZ8|005ad070||W8Vector<T>::`scalar deleting destructor'|synthetic|include/wiz8/vector.h|legacy-marker|W8Vector<W8TextBuffer*>::`scalar deleting destructor'|false
WIZ8|005ad090||W8GrowableVector<T>::`scalar deleting destructor'|synthetic|include/wiz8/vector.h|legacy-marker|W8GrowableVector<W8OptionsSelection*>::`scalar deleting destructor'|false
WIZ8|005ad0c0||W8Vector<T>::`scalar deleting destructor'|synthetic|include/wiz8/vector.h|legacy-marker|W8Vector<W8OptionsSelection*>::`scalar deleting destructor'|false
WIZ8|005ad0e0||W8GrowableVector<T>::`scalar deleting destructor'|synthetic|include/wiz8/vector.h|legacy-marker|W8GrowableVector<W8OptionsPanel*>::`scalar deleting destructor'|false
WIZ8|005ad110||W8Vector<T>::`scalar deleting destructor'|synthetic|include/wiz8/vector.h|legacy-marker|W8Vector<W8OptionsPanel*>::`scalar deleting destructor'|false
WIZ8|005ad130||W8GrowableVector<T>::`scalar deleting destructor'|synthetic|include/wiz8/vector.h|legacy-marker|W8GrowableVector<W8SaveSlot*>::`scalar deleting destructor'|false
WIZ8|005ad160||W8Vector<T>::`scalar deleting destructor'|synthetic|include/wiz8/vector.h|legacy-marker|W8Vector<W8SaveSlot*>::`scalar deleting destructor'|false
WIZ8|005ad180||W8GrowableVector<T>::`scalar deleting destructor'|synthetic|include/wiz8/vector.h|legacy-marker|W8GrowableVector<W8OptionsSaveRow*>::`scalar deleting destructor'|false
WIZ8|005ad1b0||W8Vector<T>::`scalar deleting destructor'|synthetic|include/wiz8/vector.h|legacy-marker|W8Vector<W8OptionsSaveRow*>::`scalar deleting destructor'|false
WIZ8|005ad1d0||W8GrowableVector<T>::W8GrowableVector (OptionsScreen.cpp emission)|template|include/wiz8/vector.h|legacy-marker|W8GrowableVector<W8OptionsPanel*>::W8GrowableVector (OptionsScreen.cpp emission)|false
WIZ8|005ad220||W8GrowableVector<T>::W8GrowableVector (OptionsScreen.cpp emission)|template|include/wiz8/vector.h|legacy-marker|W8GrowableVector<W8OptionsSaveRow*>::W8GrowableVector (OptionsScreen.cpp emission)|false
WIZ8|005af990||W8CharacterPageEntry::`scalar deleting destructor'|synthetic|src/wiz8/local_screens/CharacterPages.cpp|legacy-marker|W8CharacterPageEntry::`scalar deleting destructor'|false
WIZ8|005afe20||W8CharacterPage::`scalar deleting destructor'|synthetic|src/wiz8/local_screens/CharacterPages.cpp|legacy-marker|W8CharacterPage::`scalar deleting destructor'|false
WIZ8|005b1b70||W8GrowableVector<T>::~W8GrowableVector<T>|template|src/wiz8/local_screens/MGSSpellIcons.cpp|legacy-marker|W8GrowableVector<W8CharacterPageEntry*>::~W8GrowableVector<W8CharacterPageEntry*>|false
WIZ8|005b1b90||W8GrowableVector<T>::`scalar deleting destructor'|synthetic|src/wiz8/local_screens/RCSCommon.cpp|legacy-marker|W8GrowableVector<W8CharacterPageEntry*>::`scalar deleting destructor'|false
WIZ8|005b1bc0||W8Vector<T>::`scalar deleting destructor'|synthetic|include/wiz8/vector.h|legacy-marker|W8Vector<W8CharacterPageEntry*>::`scalar deleting destructor'|false
WIZ8|005b7c20||W8CampInfoLabel::`scalar deleting destructor'|synthetic|src/wiz8/local_screens/RCSItemsPage.cpp|legacy-marker|W8CampInfoLabel::`scalar deleting destructor'|false
WIZ8|005b7c40||W8CampInfoLabel::~W8CampInfoLabel|synthetic|src/wiz8/local_screens/RCSItemsPage.cpp|legacy-marker|W8CampInfoLabel::~W8CampInfoLabel|false
WIZ8|005bc7d0||W8GrowableVector<T>::`scalar deleting destructor'|synthetic|include/wiz8/vector.h|legacy-marker|W8GrowableVector<W8CreditLine>::`scalar deleting destructor'|false
WIZ8|005bd7d0||W8JournalPanel::`scalar deleting destructor'|synthetic|include/wiz8/local_screens/JournalScreen.h|legacy-marker|W8JournalPanel::`scalar deleting destructor'|false
WIZ8|005be1f0||W8GrowableVector<T>::Grow|template|include/wiz8/vector.h|legacy-marker|W8GrowableVector<W8JournalEntry>::Grow|false
WIZ8|005be930||W8PartySelectionCharacterRow::`scalar deleting destructor'|synthetic|src/wiz8/local_screens/PartySelectionScreen.cpp|legacy-marker|W8PartySelectionCharacterRow::`scalar deleting destructor'|false
WIZ8|005be950||W8PartySelectionCharacterRow::~W8PartySelectionCharacterRow|synthetic|src/wiz8/local_screens/PartySelectionScreen.cpp|legacy-marker|W8PartySelectionCharacterRow::~W8PartySelectionCharacterRow|false
WIZ8|005bedd0||W8PartySelectionCharacterPanel::`scalar deleting destructor'|synthetic|src/wiz8/local_screens/PartySelectionScreen.cpp|legacy-marker|W8PartySelectionCharacterPanel::`scalar deleting destructor'|false
WIZ8|005bf200||W8PartySelectionPartySlotRow::`scalar deleting destructor'|synthetic|src/wiz8/local_screens/PartySelectionScreen.cpp|legacy-marker|W8PartySelectionPartySlotRow::`scalar deleting destructor'|false
WIZ8|005bf220||W8PartySelectionPartySlotRow::~W8PartySelectionPartySlotRow|synthetic|src/wiz8/local_screens/PartySelectionScreen.cpp|legacy-marker|W8PartySelectionPartySlotRow::~W8PartySelectionPartySlotRow|false
WIZ8|005bf620||W8PartySelectionPartySlotPanel::`scalar deleting destructor'|synthetic|src/wiz8/local_screens/PartySelectionScreen.cpp|legacy-marker|W8PartySelectionPartySlotPanel::`scalar deleting destructor'|false
WIZ8|005bf7c0||W8PartySelectionCharacterGridPanel::`scalar deleting destructor'|synthetic|src/wiz8/local_screens/PartySelectionScreen.cpp|legacy-marker|W8PartySelectionCharacterGridPanel::`scalar deleting destructor'|false
WIZ8|005bff20||W8PartySelectionListControl::`scalar deleting destructor'|synthetic|src/wiz8/local_screens/PartySelectionScreen.cpp|legacy-marker|W8PartySelectionListControl::`scalar deleting destructor'|false
WIZ8|005bff40||W8PartySelectionListControl::~W8PartySelectionListControl|synthetic|src/wiz8/local_screens/PartySelectionScreen.cpp|legacy-marker|W8PartySelectionListControl::~W8PartySelectionListControl|false
WIZ8|005c0460||W8PartySelectionOptionPanel::`scalar deleting destructor'|synthetic|src/wiz8/local_screens/PartySelectionScreen.cpp|legacy-marker|W8PartySelectionOptionPanel::`scalar deleting destructor'|false
WIZ8|005c0e20||W8PartySelectionInputHandler::`scalar deleting destructor'|synthetic|src/wiz8/local_screens/PartySelectionScreen.cpp|legacy-marker|W8PartySelectionInputHandler::`scalar deleting destructor'|false
WIZ8|005c1560||W8PartySelectionCharacterSummaryPanel::`scalar deleting destructor'|synthetic|src/wiz8/local_screens/PartySelectionScreen.cpp|legacy-marker|W8PartySelectionCharacterSummaryPanel::`scalar deleting destructor'|false
WIZ8|005c1580||W8PartySelectionCharacterSummaryPanel::~W8PartySelectionCharacterSummaryPanel|synthetic|src/wiz8/local_screens/PartySelectionScreen.cpp|legacy-marker|W8PartySelectionCharacterSummaryPanel::~W8PartySelectionCharacterSummaryPanel|false
WIZ8|005c3490||W8GrowableVector<T>::SetAt|template|include/wiz8/vector.h|legacy-marker|W8GrowableVector<int>::SetAt|false
WIZ8|005c34b0||W8GrowableVector<T>::~W8GrowableVector|template|include/wiz8/vector.h|legacy-marker|W8GrowableVector::~W8GrowableVector|false
WIZ8|005c3740||W8GrowableVector<T>::`scalar deleting destructor'|synthetic|include/wiz8/vector.h|legacy-marker|W8GrowableVector<W8Character*>::`scalar deleting destructor'|false
WIZ8|005c3770||W8Vector<T>::`scalar deleting destructor'|synthetic|include/wiz8/vector.h|legacy-marker|W8Vector<W8Character*>::`scalar deleting destructor'|false
WIZ8|005c3790||W8GrowableVector<T>::GetAt|template|include/wiz8/vector.h|legacy-marker|W8GrowableVector<int>::GetAt|false
WIZ8|005c37b0||W8GrowableVector<T>::W8GrowableVector (four-byte capacity)|template|include/wiz8/vector.h|legacy-marker|??0?$W8GrowableVector@PAUW8Character@@@@QAE@H@Z|true
WIZ8|005c4780||W8CampStatsControls::`scalar deleting destructor'|synthetic|src/wiz8/local_screens/RCSStatsPage.cpp|legacy-marker|W8CampStatsControls::`scalar deleting destructor'|false
WIZ8|005c74c0||W8CharacterPersonalityPage::`scalar deleting destructor'|synthetic|src/wiz8/local_screens/RCSStatsPage.cpp|legacy-marker|W8CharacterPersonalityPage::`scalar deleting destructor'|false
WIZ8|005c74e0||W8CharacterPersonalityPage::~W8CharacterPersonalityPage|synthetic|src/wiz8/local_screens/RCSStatsPage.cpp|legacy-marker|W8CharacterPersonalityPage::~W8CharacterPersonalityPage|false
WIZ8|005c7d40||W8CharacterSkillsPage::`scalar deleting destructor'|synthetic|src/wiz8/local_screens/RCSStatsPage.cpp|legacy-marker|W8CharacterSkillsPage::`scalar deleting destructor'|false
WIZ8|005c7d60||W8CharacterSkillsPage::~W8CharacterSkillsPage|synthetic|src/wiz8/local_screens/RCSStatsPage.cpp|legacy-marker|W8CharacterSkillsPage::~W8CharacterSkillsPage|false
WIZ8|005c7d80||W8CharacterSpellList::`scalar deleting destructor'|synthetic|src/wiz8/local_screens/CGSSpellsPage.cpp|legacy-marker|W8CharacterSpellList::`scalar deleting destructor'|false
WIZ8|005c8350||W8CharacterSpellsPage::`scalar deleting destructor'|synthetic|src/wiz8/local_screens/CGSSpellsPage.cpp|legacy-marker|W8CharacterSpellsPage::`scalar deleting destructor'|false
WIZ8|005c8370||W8CharacterSpellsPage::~W8CharacterSpellsPage|synthetic|src/wiz8/local_screens/CGSSpellsPage.cpp|legacy-marker|W8CharacterSpellsPage::~W8CharacterSpellsPage|false
WIZ8|005c8f40||W8CharacterStatsValue::`scalar deleting destructor'|synthetic|src/wiz8/local_screens/CGSStatsPage.cpp|legacy-marker|W8CharacterStatsValue::`scalar deleting destructor'|false
WIZ8|005c8f60||W8CharacterStatsValue::~W8CharacterStatsValue (emitted)|synthetic|src/wiz8/local_screens/CGSStatsPage.cpp|legacy-marker|W8CharacterStatsValue::~W8CharacterStatsValue (emitted)|false
WIZ8|005c91a0||W8CharacterStatsRecordControl::`scalar deleting destructor'|synthetic|src/wiz8/local_screens/CGSStatsPage.cpp|legacy-marker|W8CharacterStatsRecordControl::`scalar deleting destructor'|false
WIZ8|005c91c0||W8CharacterStatsRecordControl::~W8CharacterStatsRecordControl (emitted)|synthetic|src/wiz8/local_screens/CGSStatsPage.cpp|legacy-marker|W8CharacterStatsRecordControl::~W8CharacterStatsRecordControl (emitted)|false
WIZ8|005c9ac0||W8CharacterStatsPage::`scalar deleting destructor'|synthetic|src/wiz8/local_screens/CGSStatsPage.cpp|legacy-marker|W8CharacterStatsPage::`scalar deleting destructor'|false
WIZ8|005cbcc0||W8ListBoxDialog::`scalar deleting destructor'|synthetic|src/wiz8/dialog_code/DialogFactoryDialogs.cpp|legacy-marker|W8ListBoxDialog::`scalar deleting destructor'|false
WIZ8|005cd6c0||W8GrowableVector<T>::~W8GrowableVector|template|include/wiz8/vector.h|legacy-marker|W8GrowableVector::~W8GrowableVector|false
WIZ8|005cd6e0||W8GrowableVector<T>::~W8GrowableVector|template|include/wiz8/vector.h|legacy-marker|W8GrowableVector::~W8GrowableVector|false
WIZ8|005cd800||W8TriggerItemPickerDialog::`scalar deleting destructor'|synthetic|src/wiz8/dialog_code/DialogFactoryDialogs.cpp|legacy-marker|W8TriggerItemPickerDialog::`scalar deleting destructor'|false
WIZ8|005cf200||W8GrowableVector<T>::SetAt|template|src/wiz8/dialog_code/DialogFactoryDialogs.cpp|legacy-marker|W8GrowableVector<unsigned char>::SetAt|false
WIZ8|005cf220||W8GrowableVector<T>::GetAt|template|src/wiz8/dialog_code/DialogFactoryDialogs.cpp|legacy-marker|W8GrowableVector<unsigned char>::GetAt|false
WIZ8|005d1020||W8DialogTextEntry::~W8DialogTextEntry|synthetic|src/wiz8/dialog_code/DialogTextEntry.cpp|legacy-marker|W8DialogTextEntry::~W8DialogTextEntry|false
WIZ8|005d1030||W8DialogTextEntry::`scalar deleting destructor'|synthetic|src/wiz8/dialog_code/DialogTextEntry.cpp|legacy-marker|W8DialogTextEntry::`scalar deleting destructor'|false
WIZ8|005d2540||W8Vector<T>::~W8Vector<T>|template|src/wiz8/dialog_code/DialogTextArea.cpp|legacy-marker|W8Vector<W8DialogTextEntry*>::~W8Vector<W8DialogTextEntry*>|false
WIZ8|005d2560||W8GrowableVector<T>::`scalar deleting destructor'|synthetic|src/wiz8/dialog_code/DialogTextArea.cpp|legacy-marker|W8GrowableVector<W8DialogTextEntry*>::`scalar deleting destructor'|false
WIZ8|005d2590||W8Vector<T>::`scalar deleting destructor'|synthetic|src/wiz8/dialog_code/DialogTextArea.cpp|legacy-marker|W8Vector<W8DialogTextEntry*>::`scalar deleting destructor'|false
WIZ8|005d25f0||W8MessageDialogBase::`scalar deleting destructor'|synthetic|src/wiz8/dialog_code/stMessageDialog.cpp|legacy-marker|W8MessageDialogBase::`scalar deleting destructor'|false
WIZ8|005d5ee0||W8MonsterInfoDialog::`scalar deleting destructor'|synthetic|src/wiz8/dialog_code/MonsterInfoDialog.cpp|legacy-marker|W8MonsterInfoDialog::`scalar deleting destructor'|false
WIZ8|005d7070||W8AssayDialog::`scalar deleting destructor'|synthetic|src/wiz8/dialog_code/AssayDialog.cpp|legacy-marker|W8AssayDialog::`scalar deleting destructor'|false
WIZ8|005d87f0||`dynamic initializer for '__ioinit''|synthetic|src/wiz8/dialog_code/AssayDialog.cpp|legacy-marker|`dynamic initializer for '__ioinit''|false
WIZ8|005d8810||`dynamic atexit destructor for '__ioinit''|synthetic|src/wiz8/dialog_code/AssayDialog.cpp|legacy-marker|`dynamic atexit destructor for '__ioinit''|false
WIZ8|005d8820||`dynamic initializer for '__winit''|synthetic|src/wiz8/dialog_code/AssayDialog.cpp|legacy-marker|`dynamic initializer for '__winit''|false
WIZ8|005d8840||`dynamic atexit destructor for '__winit''|synthetic|src/wiz8/dialog_code/AssayDialog.cpp|legacy-marker|`dynamic atexit destructor for '__winit''|false
WIZ8|005d9870||W8SplitAmountDialog::`scalar deleting destructor'|synthetic|src/wiz8/dialog_code/DialogFactoryDialogs.cpp|legacy-marker|W8SplitAmountDialog::`scalar deleting destructor'|false
WIZ8|005da840||W8NpcDialog::`scalar deleting destructor'|synthetic|src/wiz8/dialog_code/NpcDialog.cpp|legacy-marker|W8NpcDialog::`scalar deleting destructor'|false
WIZ8|005db210||W8DialogButton::`scalar deleting destructor'|synthetic|src/wiz8/dialog_code/stButton.cpp|legacy-marker|W8DialogButton::`scalar deleting destructor'|false
WIZ8|005dbc30||W8SpellInfoDialog::`scalar deleting destructor'|synthetic|src/wiz8/dialog_code/SpellInfoDialog.cpp|legacy-marker|W8SpellInfoDialog::`scalar deleting destructor'|false
WIZ8|005dc810||W8DialogBase::`scalar deleting destructor'|synthetic|src/wiz8/dialog_code/DialogBase.cpp|legacy-marker|W8DialogBase::`scalar deleting destructor'|false
WIZ8|005dd010||W8SplitItemDialog::`scalar deleting destructor'|synthetic|src/wiz8/dialog_code/SplitItemDialog.cpp|legacy-marker|W8SplitItemDialog::`scalar deleting destructor'|false
WIZ8|005deb90||W8ProfRaceInfoDialogBase::`scalar deleting destructor'|synthetic|src/wiz8/dialog_code/ProfRaceInfoDialog.cpp|legacy-marker|W8ProfRaceInfoDialogBase::`scalar deleting destructor'|false
WIZ8|005df1a0||W8ProfessionInfoDialog::`scalar deleting destructor'|synthetic|src/wiz8/dialog_code/ProfRaceInfoDialog.cpp|legacy-marker|W8ProfessionInfoDialog::`scalar deleting destructor'|false
WIZ8|005df1c0||W8ProfessionInfoDialog::~W8ProfessionInfoDialog|synthetic|src/wiz8/dialog_code/ProfRaceInfoDialog.cpp|legacy-marker|W8ProfessionInfoDialog::~W8ProfessionInfoDialog|false
WIZ8|005df640||W8RaceInfoDialog::`scalar deleting destructor'|synthetic|src/wiz8/dialog_code/ProfRaceInfoDialog.cpp|legacy-marker|W8RaceInfoDialog::`scalar deleting destructor'|false
WIZ8|005df660||W8RaceInfoDialog::~W8RaceInfoDialog|synthetic|src/wiz8/dialog_code/ProfRaceInfoDialog.cpp|legacy-marker|W8RaceInfoDialog::~W8RaceInfoDialog|false
WIZ8|005df920||W8StatInfoDialogBase::`scalar deleting destructor'|synthetic|src/wiz8/dialog_code/StatInfoDialogs.cpp|legacy-marker|W8StatInfoDialogBase::`scalar deleting destructor'|false
WIZ8|005dfd00||W8AttributeInfoDialog::`scalar deleting destructor'|synthetic|src/wiz8/dialog_code/StatInfoDialogs.cpp|legacy-marker|W8AttributeInfoDialog::`scalar deleting destructor'|false
WIZ8|005dfef0||W8SkillInfoDialog::`scalar deleting destructor'|synthetic|src/wiz8/dialog_code/StatInfoDialogs.cpp|legacy-marker|W8SkillInfoDialog::`scalar deleting destructor'|false
WIZ8|005e0210||W8SecondaryAttributeInfoDialog::`scalar deleting destructor'|synthetic|src/wiz8/dialog_code/StatInfoDialogs.cpp|legacy-marker|W8SecondaryAttributeInfoDialog::`scalar deleting destructor'|false
WIZ8|005e03f0||W8CharacterSummaryDialog::`scalar deleting destructor'|synthetic|src/wiz8/dialog_code/CharacterSummaryDialog.cpp|legacy-marker|W8CharacterSummaryDialog::`scalar deleting destructor'|false
WIZ8|005e1c1c||free_import_thunk|synthetic||legacy-marker|free_import_thunk|false
WIZ8|005e1c22||ftol_import_thunk (MSVCRT.DLL)|synthetic||legacy-marker|ftol_import_thunk (MSVCRT.DLL)|false
WIZ8|005e1cd4||calloc_import_thunk (MSVCRT.DLL)|synthetic||legacy-marker|calloc_import_thunk (MSVCRT.DLL)|false
WIZ8|005e1ce0||operator_new_import_thunk|synthetic||legacy-marker|operator_new_import_thunk|false
WIZ8|005e1ce6||_CIacos_import_thunk (MSVCRT.DLL)|synthetic||legacy-marker|_CIacos_import_thunk (MSVCRT.DLL)|false
WIZ8|005e1d9a||purecall_import_thunk (MSVCRT.DLL)|synthetic||legacy-marker|purecall_import_thunk (MSVCRT.DLL)|false
WIZ8|005e1e59||FID_conflict:$L315 (CxxFrameHandler unwind funclet; Ghidra FID artifact name)|synthetic||legacy-marker|FID_conflict:$L315 (CxxFrameHandler unwind funclet; Ghidra FID artifact name)|false
WIZ8|005e1ed9||FID_conflict:$L16506 (CxxFrameHandler unwind funclet; Ghidra FID artifact name)|synthetic||legacy-marker|FID_conflict:$L16506 (CxxFrameHandler unwind funclet; Ghidra FID artifact name)|false
WIZ8|005e1f66||_CIasin_import_thunk (MSVCRT.DLL)|synthetic||legacy-marker|_CIasin_import_thunk (MSVCRT.DLL)|false
WIZ8|005e1f6c||_CIpow_import_thunk (MSVCRT.DLL)|synthetic||legacy-marker|_CIpow_import_thunk (MSVCRT.DLL)|false
WIZ8|005e1fc0||srNode::processSignal_import_thunk (SR.DLL)|synthetic||legacy-marker|srNode::processSignal_import_thunk (SR.DLL)|false
WIZ8|005e1fc6||srNode::updateBounds_import_thunk (SR.DLL)|synthetic||legacy-marker|srNode::updateBounds_import_thunk (SR.DLL)|false
WIZ8|005e1fcc||srNode::getLocalBounds_import_thunk (SR.DLL)|synthetic||legacy-marker|srNode::getLocalBounds_import_thunk (SR.DLL)|false
WIZ8|005e2062||srColorSurface::blit_import_thunk (SR.DLL)|synthetic||legacy-marker|srColorSurface::blit_import_thunk (SR.DLL)|false
WIZ8|005e207a||srColorSurface::setVLine_import_thunk (SR.DLL)|synthetic||legacy-marker|srColorSurface::setVLine_import_thunk (SR.DLL)|false
WIZ8|005e2080||srColorSurface::setHLine_import_thunk (SR.DLL)|synthetic||legacy-marker|srColorSurface::setHLine_import_thunk (SR.DLL)|false
WIZ8|005e2086||srColorSurface::fill_import_thunk (SR.DLL)|synthetic||legacy-marker|srColorSurface::fill_import_thunk (SR.DLL)|false
WIZ8|005e20a4||srColorSurface::getDataPtr_import_thunk (SR.DLL)|synthetic||legacy-marker|srColorSurface::getDataPtr_import_thunk (SR.DLL)|false
WIZ8|005e20aa||srColorSurface::setPalette_import_thunk (SR.DLL)|synthetic||legacy-marker|srColorSurface::setPalette_import_thunk (SR.DLL)|false
WIZ8|005e20f8||srClass::verify_import_thunk (SR.DLL)|synthetic||legacy-marker|srClass::verify_import_thunk (SR.DLL)|false
WIZ8|005e213a||srModel::updateAllClients_import_thunk (SR.DLL)|synthetic||legacy-marker|srModel::updateAllClients_import_thunk (SR.DLL)|false
WIZ8|005e21b8||srTimer::getUTime_import_thunk (SR.DLL)|synthetic||legacy-marker|srTimer::getUTime_import_thunk (SR.DLL)|false
WIZ8|005e21f4||srNode::dump_import_thunk (SR.DLL)|synthetic||legacy-marker|srNode::dump_import_thunk (SR.DLL)|false
WIZ8|005e22b4||DirectDrawCreate_import_thunk (DDRAW.DLL)|synthetic||legacy-marker|DirectDrawCreate_import_thunk (DDRAW.DLL)|false
WIZ8|005e3c80||Unwind@005e3c80|synthetic||legacy-marker|Unwind@005e3c80|false
WIZ8|005e3c88||Unwind@005e3c88|synthetic||legacy-marker|Unwind@005e3c88|false
WIZ8|005e3ca0||Unwind@005e3ca0|synthetic||legacy-marker|Unwind@005e3ca0|false
WIZ8|005e3cc0||Unwind@005e3cc0|synthetic||legacy-marker|Unwind@005e3cc0|false
WIZ8|005e3ce0||Unwind@005e3ce0|synthetic||legacy-marker|Unwind@005e3ce0|false
WIZ8|005e3d00||Unwind@005e3d00|synthetic||legacy-marker|Unwind@005e3d00|false
WIZ8|005e3d20||Unwind@005e3d20|synthetic||legacy-marker|Unwind@005e3d20|false
WIZ8|005e3d40||Unwind@005e3d40|synthetic||legacy-marker|Unwind@005e3d40|false
WIZ8|005e3d60||Unwind@005e3d60|synthetic||legacy-marker|Unwind@005e3d60|false
WIZ8|005e3d6e||Unwind@005e3d6e|synthetic||legacy-marker|Unwind@005e3d6e|false
WIZ8|005e3d7c||Unwind@005e3d7c|synthetic||legacy-marker|Unwind@005e3d7c|false
WIZ8|005e3d8a||Unwind@005e3d8a|synthetic||legacy-marker|Unwind@005e3d8a|false
WIZ8|005e3d98||Unwind@005e3d98|synthetic||legacy-marker|Unwind@005e3d98|false
WIZ8|005e3da6||Unwind@005e3da6|synthetic||legacy-marker|Unwind@005e3da6|false
WIZ8|005e3db4||Unwind@005e3db4|synthetic||legacy-marker|Unwind@005e3db4|false
WIZ8|005e3dc2||Unwind@005e3dc2|synthetic||legacy-marker|Unwind@005e3dc2|false
WIZ8|005e3dd0||Unwind@005e3dd0|synthetic||legacy-marker|Unwind@005e3dd0|false
WIZ8|005e3dde||Unwind@005e3dde|synthetic||legacy-marker|Unwind@005e3dde|false
WIZ8|005e3dec||Unwind@005e3dec|synthetic||legacy-marker|Unwind@005e3dec|false
WIZ8|005e3dfa||Unwind@005e3dfa|synthetic||legacy-marker|Unwind@005e3dfa|false
WIZ8|005e3e08||Unwind@005e3e08|synthetic||legacy-marker|Unwind@005e3e08|false
WIZ8|005e3e13||Unwind@005e3e13|synthetic||legacy-marker|Unwind@005e3e13|false
WIZ8|005e3e21||Unwind@005e3e21|synthetic||legacy-marker|Unwind@005e3e21|false
WIZ8|005e3e40||Unwind@005e3e40|synthetic||legacy-marker|Unwind@005e3e40|false
WIZ8|005e3e4b||Unwind@005e3e4b|synthetic||legacy-marker|Unwind@005e3e4b|false
WIZ8|005e3e56||Unwind@005e3e56|synthetic||legacy-marker|Unwind@005e3e56|false
WIZ8|005e3e70||Unwind@005e3e70|synthetic||legacy-marker|Unwind@005e3e70|false
WIZ8|005e3e90||Unwind@005e3e90|synthetic||legacy-marker|Unwind@005e3e90|false
WIZ8|005e3eb0||Unwind@005e3eb0|synthetic||legacy-marker|Unwind@005e3eb0|false
WIZ8|005e3ebb||Unwind@005e3ebb|synthetic||legacy-marker|Unwind@005e3ebb|false
WIZ8|005e3ec6||Unwind@005e3ec6|synthetic||legacy-marker|Unwind@005e3ec6|false
WIZ8|005e3ece||Unwind@005e3ece|synthetic||legacy-marker|Unwind@005e3ece|false
WIZ8|005e3ef0||Unwind@005e3ef0|synthetic||legacy-marker|Unwind@005e3ef0|false
WIZ8|005e3f10||Unwind@005e3f10|synthetic||legacy-marker|Unwind@005e3f10|false
WIZ8|005e3f18||Unwind@005e3f18|synthetic||legacy-marker|Unwind@005e3f18|false
WIZ8|005e3f20||Unwind@005e3f20|synthetic||legacy-marker|Unwind@005e3f20|false
WIZ8|005e3f2b||Unwind@005e3f2b|synthetic||legacy-marker|Unwind@005e3f2b|false
WIZ8|005e3f40||Unwind@005e3f40|synthetic||legacy-marker|Unwind@005e3f40|false
WIZ8|005e3f4b||Unwind@005e3f4b|synthetic||legacy-marker|Unwind@005e3f4b|false
WIZ8|005e3f56||Unwind@005e3f56|synthetic||legacy-marker|Unwind@005e3f56|false
WIZ8|005e3f70||Unwind@005e3f70|synthetic||legacy-marker|Unwind@005e3f70|false
WIZ8|005e3f7b||Unwind@005e3f7b|synthetic||legacy-marker|Unwind@005e3f7b|false
WIZ8|005e3f90||Unwind@005e3f90|synthetic||legacy-marker|Unwind@005e3f90|false
WIZ8|005e3fb0||Unwind@005e3fb0|synthetic||legacy-marker|Unwind@005e3fb0|false
WIZ8|005e3fbb||Unwind@005e3fbb|synthetic||legacy-marker|Unwind@005e3fbb|false
WIZ8|005e3fc6||Unwind@005e3fc6|synthetic||legacy-marker|Unwind@005e3fc6|false
WIZ8|005e3fd1||Unwind@005e3fd1|synthetic||legacy-marker|Unwind@005e3fd1|false
WIZ8|005e3ff0||Unwind@005e3ff0|synthetic||legacy-marker|Unwind@005e3ff0|false
WIZ8|005e3ff9||Unwind@005e3ff9|synthetic||legacy-marker|Unwind@005e3ff9|false
WIZ8|005e4010||Unwind@005e4010|synthetic||legacy-marker|Unwind@005e4010|false
WIZ8|005e4019||Unwind@005e4019|synthetic||legacy-marker|Unwind@005e4019|false
WIZ8|005e4030||Unwind@005e4030|synthetic||legacy-marker|Unwind@005e4030|false
WIZ8|005e4050||Unwind@005e4050|synthetic||legacy-marker|Unwind@005e4050|false
WIZ8|005e4070||Unwind@005e4070|synthetic||legacy-marker|Unwind@005e4070|false
WIZ8|005e407b||Unwind@005e407b|synthetic||legacy-marker|Unwind@005e407b|false
WIZ8|005e4089||Unwind@005e4089|synthetic||legacy-marker|Unwind@005e4089|false
WIZ8|005e4097||Unwind@005e4097|synthetic||legacy-marker|Unwind@005e4097|false
WIZ8|005e40a5||Unwind@005e40a5|synthetic||legacy-marker|Unwind@005e40a5|false
WIZ8|005e40c0||Unwind@005e40c0|synthetic||legacy-marker|Unwind@005e40c0|false
WIZ8|005e40cb||Unwind@005e40cb|synthetic||legacy-marker|Unwind@005e40cb|false
WIZ8|005e40d6||Unwind@005e40d6|synthetic||legacy-marker|Unwind@005e40d6|false
WIZ8|005e40e1||Unwind@005e40e1|synthetic||legacy-marker|Unwind@005e40e1|false
WIZ8|005e40ec||Unwind@005e40ec|synthetic||legacy-marker|Unwind@005e40ec|false
WIZ8|005e40f7||Unwind@005e40f7|synthetic||legacy-marker|Unwind@005e40f7|false
WIZ8|005e4102||Unwind@005e4102|synthetic||legacy-marker|Unwind@005e4102|false
WIZ8|005e410d||Unwind@005e410d|synthetic||legacy-marker|Unwind@005e410d|false
WIZ8|005e4118||Unwind@005e4118|synthetic||legacy-marker|Unwind@005e4118|false
WIZ8|005e4123||Unwind@005e4123|synthetic||legacy-marker|Unwind@005e4123|false
WIZ8|005e412e||Unwind@005e412e|synthetic||legacy-marker|Unwind@005e412e|false
WIZ8|005e4139||Unwind@005e4139|synthetic||legacy-marker|Unwind@005e4139|false
WIZ8|005e4144||Unwind@005e4144|synthetic||legacy-marker|Unwind@005e4144|false
WIZ8|005e414f||Unwind@005e414f|synthetic||legacy-marker|Unwind@005e414f|false
WIZ8|005e415a||Unwind@005e415a|synthetic||legacy-marker|Unwind@005e415a|false
WIZ8|005e4165||Unwind@005e4165|synthetic||legacy-marker|Unwind@005e4165|false
WIZ8|005e4170||Unwind@005e4170|synthetic||legacy-marker|Unwind@005e4170|false
WIZ8|005e417b||Unwind@005e417b|synthetic||legacy-marker|Unwind@005e417b|false
WIZ8|005e4186||Unwind@005e4186|synthetic||legacy-marker|Unwind@005e4186|false
WIZ8|005e41a0||Unwind@005e41a0|synthetic||legacy-marker|Unwind@005e41a0|false
WIZ8|005e41c0||Unwind@005e41c0|synthetic||legacy-marker|Unwind@005e41c0|false
WIZ8|005e41e0||Unwind@005e41e0|synthetic||legacy-marker|Unwind@005e41e0|false
WIZ8|005e41eb||Unwind@005e41eb|synthetic||legacy-marker|Unwind@005e41eb|false
WIZ8|005e4200||Unwind@005e4200|synthetic||legacy-marker|Unwind@005e4200|false
WIZ8|005e4220||Unwind@005e4220|synthetic||legacy-marker|Unwind@005e4220|false
WIZ8|005e4240||Unwind@005e4240|synthetic||legacy-marker|Unwind@005e4240|false
WIZ8|005e4260||Unwind@005e4260|synthetic||legacy-marker|Unwind@005e4260|false
WIZ8|005e426b||Unwind@005e426b|synthetic||legacy-marker|Unwind@005e426b|false
WIZ8|005e4280||Unwind@005e4280|synthetic||legacy-marker|Unwind@005e4280|false
WIZ8|005e42a0||Unwind@005e42a0|synthetic||legacy-marker|Unwind@005e42a0|false
WIZ8|005e42c0||Unwind@005e42c0|synthetic||legacy-marker|Unwind@005e42c0|false
WIZ8|005e42cc||Unwind@005e42cc|synthetic||legacy-marker|Unwind@005e42cc|false
WIZ8|005e42f0||Unwind@005e42f0|synthetic||legacy-marker|Unwind@005e42f0|false
WIZ8|005e42fc||Unwind@005e42fc|synthetic||legacy-marker|Unwind@005e42fc|false
WIZ8|005e4305||Unwind@005e4305|synthetic||legacy-marker|Unwind@005e4305|false
WIZ8|005e4311||Unwind@005e4311|synthetic||legacy-marker|Unwind@005e4311|false
WIZ8|005e431d||Unwind@005e431d|synthetic||legacy-marker|Unwind@005e431d|false
WIZ8|005e4328||Unwind@005e4328|synthetic||legacy-marker|Unwind@005e4328|false
WIZ8|005e4337||Unwind@005e4337|synthetic||legacy-marker|Unwind@005e4337|false
WIZ8|005e4346||Unwind@005e4346|synthetic||legacy-marker|Unwind@005e4346|false
WIZ8|005e4360||Unwind@005e4360|synthetic||legacy-marker|Unwind@005e4360|false
WIZ8|005e4380||Unwind@005e4380|synthetic||legacy-marker|Unwind@005e4380|false
WIZ8|005e43a0||Unwind@005e43a0|synthetic||legacy-marker|Unwind@005e43a0|false
WIZ8|005e43a8||Unwind@005e43a8|synthetic||legacy-marker|Unwind@005e43a8|false
WIZ8|005e43c0||Unwind@005e43c0|synthetic||legacy-marker|Unwind@005e43c0|false
WIZ8|005e43e0||Unwind@005e43e0|synthetic||legacy-marker|Unwind@005e43e0|false
WIZ8|005e4400||Unwind@005e4400|synthetic||legacy-marker|Unwind@005e4400|false
WIZ8|005e4420||Unwind@005e4420|synthetic||legacy-marker|Unwind@005e4420|false
WIZ8|005e442e||Unwind@005e442e|synthetic||legacy-marker|Unwind@005e442e|false
WIZ8|005e443c||Unwind@005e443c|synthetic||legacy-marker|Unwind@005e443c|false
WIZ8|005e444a||Unwind@005e444a|synthetic||legacy-marker|Unwind@005e444a|false
WIZ8|005e4458||Unwind@005e4458|synthetic||legacy-marker|Unwind@005e4458|false
WIZ8|005e4466||Unwind@005e4466|synthetic||legacy-marker|Unwind@005e4466|false
WIZ8|005e4474||Unwind@005e4474|synthetic||legacy-marker|Unwind@005e4474|false
WIZ8|005e4482||Unwind@005e4482|synthetic||legacy-marker|Unwind@005e4482|false
WIZ8|005e4490||Unwind@005e4490|synthetic||legacy-marker|Unwind@005e4490|false
WIZ8|005e449e||Unwind@005e449e|synthetic||legacy-marker|Unwind@005e449e|false
WIZ8|005e44c0||Unwind@005e44c0|synthetic||legacy-marker|Unwind@005e44c0|false
WIZ8|005e44ce||Unwind@005e44ce|synthetic||legacy-marker|Unwind@005e44ce|false
WIZ8|005e44f0||Unwind@005e44f0|synthetic||legacy-marker|Unwind@005e44f0|false
WIZ8|005e4510||Unwind@005e4510|synthetic||legacy-marker|Unwind@005e4510|false
WIZ8|005e451b||Unwind@005e451b|synthetic||legacy-marker|Unwind@005e451b|false
WIZ8|005e4530||Unwind@005e4530|synthetic||legacy-marker|Unwind@005e4530|false
WIZ8|005e4550||Unwind@005e4550|synthetic||legacy-marker|Unwind@005e4550|false
WIZ8|005e4570||Unwind@005e4570|synthetic||legacy-marker|Unwind@005e4570|false
WIZ8|005e4590||Unwind@005e4590|synthetic||legacy-marker|Unwind@005e4590|false
WIZ8|005e45b0||Unwind@005e45b0|synthetic||legacy-marker|Unwind@005e45b0|false
WIZ8|005e45d0||Unwind@005e45d0|synthetic||legacy-marker|Unwind@005e45d0|false
WIZ8|005e45db||Unwind@005e45db|synthetic||legacy-marker|Unwind@005e45db|false
WIZ8|005e4600||Unwind@005e4600|synthetic||legacy-marker|Unwind@005e4600|false
WIZ8|005e460b||Unwind@005e460b|synthetic||legacy-marker|Unwind@005e460b|false
WIZ8|005e4630||Unwind@005e4630|synthetic||legacy-marker|Unwind@005e4630|false
WIZ8|005e4650||Unwind@005e4650|synthetic||legacy-marker|Unwind@005e4650|false
WIZ8|005e4670||Unwind@005e4670|synthetic||legacy-marker|Unwind@005e4670|false
WIZ8|005e4690||Unwind@005e4690|synthetic||legacy-marker|Unwind@005e4690|false
WIZ8|005e469b||Unwind@005e469b|synthetic||legacy-marker|Unwind@005e469b|false
WIZ8|005e46b0||Unwind@005e46b0|synthetic||legacy-marker|Unwind@005e46b0|false
WIZ8|005e46d0||Unwind@005e46d0|synthetic||legacy-marker|Unwind@005e46d0|false
WIZ8|005e46db||Unwind@005e46db|synthetic||legacy-marker|Unwind@005e46db|false
WIZ8|005e46f0||Unwind@005e46f0|synthetic||legacy-marker|Unwind@005e46f0|false
WIZ8|005e4710||Unwind@005e4710|synthetic||legacy-marker|Unwind@005e4710|false
WIZ8|005e471b||Unwind@005e471b|synthetic||legacy-marker|Unwind@005e471b|false
WIZ8|005e4730||Unwind@005e4730|synthetic||legacy-marker|Unwind@005e4730|false
WIZ8|005e4738||Unwind@005e4738|synthetic||legacy-marker|Unwind@005e4738|false
WIZ8|005e4750||Unwind@005e4750|synthetic||legacy-marker|Unwind@005e4750|false
WIZ8|005e4758||Unwind@005e4758|synthetic||legacy-marker|Unwind@005e4758|false
WIZ8|005e4770||Unwind@005e4770|synthetic||legacy-marker|Unwind@005e4770|false
WIZ8|005e4778||Unwind@005e4778|synthetic||legacy-marker|Unwind@005e4778|false
WIZ8|005e4783||Unwind@005e4783|synthetic||legacy-marker|Unwind@005e4783|false
WIZ8|005e478b||Unwind@005e478b|synthetic||legacy-marker|Unwind@005e478b|false
WIZ8|005e47a0||Unwind@005e47a0|synthetic||legacy-marker|Unwind@005e47a0|false
WIZ8|005e47c0||Unwind@005e47c0|synthetic||legacy-marker|Unwind@005e47c0|false
WIZ8|005e47e0||Unwind@005e47e0|synthetic||legacy-marker|Unwind@005e47e0|false
WIZ8|005e4800||Unwind@005e4800|synthetic||legacy-marker|Unwind@005e4800|false
WIZ8|005e480b||Unwind@005e480b|synthetic||legacy-marker|Unwind@005e480b|false
WIZ8|005e4820||Unwind@005e4820|synthetic||legacy-marker|Unwind@005e4820|false
WIZ8|005e4840||Unwind@005e4840|synthetic||legacy-marker|Unwind@005e4840|false
WIZ8|005e4860||Unwind@005e4860|synthetic||legacy-marker|Unwind@005e4860|false
WIZ8|005e4880||Unwind@005e4880|synthetic||legacy-marker|Unwind@005e4880|false
WIZ8|005e488b||Unwind@005e488b|synthetic||legacy-marker|Unwind@005e488b|false
WIZ8|005e4896||Unwind@005e4896|synthetic||legacy-marker|Unwind@005e4896|false
WIZ8|005e48b0||Unwind@005e48b0|synthetic||legacy-marker|Unwind@005e48b0|false
WIZ8|005e48d0||Unwind@005e48d0|synthetic||legacy-marker|Unwind@005e48d0|false
WIZ8|005e48db||Unwind@005e48db|synthetic||legacy-marker|Unwind@005e48db|false
WIZ8|005e48e6||Unwind@005e48e6|synthetic||legacy-marker|Unwind@005e48e6|false
WIZ8|005e48f1||Unwind@005e48f1|synthetic||legacy-marker|Unwind@005e48f1|false
WIZ8|005e48fc||Unwind@005e48fc|synthetic||legacy-marker|Unwind@005e48fc|false
WIZ8|005e4907||Unwind@005e4907|synthetic||legacy-marker|Unwind@005e4907|false
WIZ8|005e4912||Unwind@005e4912|synthetic||legacy-marker|Unwind@005e4912|false
WIZ8|005e491d||Unwind@005e491d|synthetic||legacy-marker|Unwind@005e491d|false
WIZ8|005e4940||Unwind@005e4940|synthetic||legacy-marker|Unwind@005e4940|false
WIZ8|005e494e||Unwind@005e494e|synthetic||legacy-marker|Unwind@005e494e|false
WIZ8|005e4970||Unwind@005e4970|synthetic||legacy-marker|Unwind@005e4970|false
WIZ8|005e4990||Unwind@005e4990|synthetic||legacy-marker|Unwind@005e4990|false
WIZ8|005e499e||Unwind@005e499e|synthetic||legacy-marker|Unwind@005e499e|false
WIZ8|005e49c0||Unwind@005e49c0|synthetic||legacy-marker|Unwind@005e49c0|false
WIZ8|005e49e0||Unwind@005e49e0|synthetic||legacy-marker|Unwind@005e49e0|false
WIZ8|005e49eb||Unwind@005e49eb|synthetic||legacy-marker|Unwind@005e49eb|false
WIZ8|005e49f6||Unwind@005e49f6|synthetic||legacy-marker|Unwind@005e49f6|false
WIZ8|005e4a01||Unwind@005e4a01|synthetic||legacy-marker|Unwind@005e4a01|false
WIZ8|005e4a20||Unwind@005e4a20|synthetic||legacy-marker|Unwind@005e4a20|false
WIZ8|005e4a2e||Unwind@005e4a2e|synthetic||legacy-marker|Unwind@005e4a2e|false
WIZ8|005e4a50||Unwind@005e4a50|synthetic||legacy-marker|Unwind@005e4a50|false
WIZ8|005e4a5e||Unwind@005e4a5e|synthetic||legacy-marker|Unwind@005e4a5e|false
WIZ8|005e4a80||Unwind@005e4a80|synthetic||legacy-marker|Unwind@005e4a80|false
WIZ8|005e4aa0||Unwind@005e4aa0|synthetic||legacy-marker|Unwind@005e4aa0|false
WIZ8|005e4aab||Unwind@005e4aab|synthetic||legacy-marker|Unwind@005e4aab|false
WIZ8|005e4ab6||Unwind@005e4ab6|synthetic||legacy-marker|Unwind@005e4ab6|false
WIZ8|005e4ad0||Unwind@005e4ad0|synthetic||legacy-marker|Unwind@005e4ad0|false
WIZ8|005e4af0||Unwind@005e4af0|synthetic||legacy-marker|Unwind@005e4af0|false
WIZ8|005e4af8||Unwind@005e4af8|synthetic||legacy-marker|Unwind@005e4af8|false
WIZ8|005e4b10||Unwind@005e4b10|synthetic||legacy-marker|Unwind@005e4b10|false
WIZ8|005e4b30||Unwind@005e4b30|synthetic||legacy-marker|Unwind@005e4b30|false
WIZ8|005e4b3b||Unwind@005e4b3b|synthetic||legacy-marker|Unwind@005e4b3b|false
WIZ8|005e4b50||Unwind@005e4b50|synthetic||legacy-marker|Unwind@005e4b50|false
WIZ8|005e4b5b||Unwind@005e4b5b|synthetic||legacy-marker|Unwind@005e4b5b|false
WIZ8|005e4b66||Unwind@005e4b66|synthetic||legacy-marker|Unwind@005e4b66|false
WIZ8|005e4b74||Unwind@005e4b74|synthetic||legacy-marker|Unwind@005e4b74|false
WIZ8|005e4b82||Unwind@005e4b82|synthetic||legacy-marker|Unwind@005e4b82|false
WIZ8|005e4ba0||Unwind@005e4ba0|synthetic||legacy-marker|Unwind@005e4ba0|false
WIZ8|005e4bab||Unwind@005e4bab|synthetic||legacy-marker|Unwind@005e4bab|false
WIZ8|005e4bc0||Unwind@005e4bc0|synthetic||legacy-marker|Unwind@005e4bc0|false
WIZ8|005e4be0||Unwind@005e4be0|synthetic||legacy-marker|Unwind@005e4be0|false
WIZ8|005e4beb||Unwind@005e4beb|synthetic||legacy-marker|Unwind@005e4beb|false
WIZ8|005e4c00||Unwind@005e4c00|synthetic||legacy-marker|Unwind@005e4c00|false
WIZ8|005e4c20||Unwind@005e4c20|synthetic||legacy-marker|Unwind@005e4c20|false
WIZ8|005e4c40||Unwind@005e4c40|synthetic||legacy-marker|Unwind@005e4c40|false
WIZ8|005e4c49||Unwind@005e4c49|synthetic||legacy-marker|Unwind@005e4c49|false
WIZ8|005e4c51||Unwind@005e4c51|synthetic||legacy-marker|Unwind@005e4c51|false
WIZ8|005e4c69||Unwind@005e4c69|synthetic||legacy-marker|Unwind@005e4c69|false
WIZ8|005e4c77||Unwind@005e4c77|synthetic||legacy-marker|Unwind@005e4c77|false
WIZ8|005e4c85||Unwind@005e4c85|synthetic||legacy-marker|Unwind@005e4c85|false
WIZ8|005e4c93||Unwind@005e4c93|synthetic||legacy-marker|Unwind@005e4c93|false
WIZ8|005e4ca1||Unwind@005e4ca1|synthetic||legacy-marker|Unwind@005e4ca1|false
WIZ8|005e4caf||Unwind@005e4caf|synthetic||legacy-marker|Unwind@005e4caf|false
WIZ8|005e4cd0||Unwind@005e4cd0|synthetic||legacy-marker|Unwind@005e4cd0|false
WIZ8|005e4cd8||Unwind@005e4cd8|synthetic||legacy-marker|Unwind@005e4cd8|false
WIZ8|005e4cf0||Unwind@005e4cf0|synthetic||legacy-marker|Unwind@005e4cf0|false
WIZ8|005e4cfe||Unwind@005e4cfe|synthetic||legacy-marker|Unwind@005e4cfe|false
WIZ8|005e4d0c||Unwind@005e4d0c|synthetic||legacy-marker|Unwind@005e4d0c|false
WIZ8|005e4d1a||Unwind@005e4d1a|synthetic||legacy-marker|Unwind@005e4d1a|false
WIZ8|005e4d28||Unwind@005e4d28|synthetic||legacy-marker|Unwind@005e4d28|false
WIZ8|005e4d36||Unwind@005e4d36|synthetic||legacy-marker|Unwind@005e4d36|false
WIZ8|005e4d44||Unwind@005e4d44|synthetic||legacy-marker|Unwind@005e4d44|false
WIZ8|005e4d60||Unwind@005e4d60|synthetic||legacy-marker|Unwind@005e4d60|false
WIZ8|005e4d6b||Unwind@005e4d6b|synthetic||legacy-marker|Unwind@005e4d6b|false
WIZ8|005e4d76||Unwind@005e4d76|synthetic||legacy-marker|Unwind@005e4d76|false
WIZ8|005e4d81||Unwind@005e4d81|synthetic||legacy-marker|Unwind@005e4d81|false
WIZ8|005e4da0||Unwind@005e4da0|synthetic||legacy-marker|Unwind@005e4da0|false
WIZ8|005e4dc0||Unwind@005e4dc0|synthetic||legacy-marker|Unwind@005e4dc0|false
WIZ8|005e4de0||Unwind@005e4de0|synthetic||legacy-marker|Unwind@005e4de0|false
WIZ8|005e4deb||Unwind@005e4deb|synthetic||legacy-marker|Unwind@005e4deb|false
WIZ8|005e4df6||Unwind@005e4df6|synthetic||legacy-marker|Unwind@005e4df6|false
WIZ8|005e4e01||Unwind@005e4e01|synthetic||legacy-marker|Unwind@005e4e01|false
WIZ8|005e4e0f||Unwind@005e4e0f|synthetic||legacy-marker|Unwind@005e4e0f|false
WIZ8|005e4e1d||Unwind@005e4e1d|synthetic||legacy-marker|Unwind@005e4e1d|false
WIZ8|005e4e2b||Unwind@005e4e2b|synthetic||legacy-marker|Unwind@005e4e2b|false
WIZ8|005e4e40||Unwind@005e4e40|synthetic||legacy-marker|Unwind@005e4e40|false
WIZ8|005e4e4b||Unwind@005e4e4b|synthetic||legacy-marker|Unwind@005e4e4b|false
WIZ8|005e4e56||Unwind@005e4e56|synthetic||legacy-marker|Unwind@005e4e56|false
WIZ8|005e4e64||Unwind@005e4e64|synthetic||legacy-marker|Unwind@005e4e64|false
WIZ8|005e4e72||Unwind@005e4e72|synthetic||legacy-marker|Unwind@005e4e72|false
WIZ8|005e4e90||Unwind@005e4e90|synthetic||legacy-marker|Unwind@005e4e90|false
WIZ8|005e4eb0||Unwind@005e4eb0|synthetic||legacy-marker|Unwind@005e4eb0|false
WIZ8|005e4ed0||Unwind@005e4ed0|synthetic||legacy-marker|Unwind@005e4ed0|false
WIZ8|005e4ef0||Unwind@005e4ef0|synthetic||legacy-marker|Unwind@005e4ef0|false
WIZ8|005e4efe||Unwind@005e4efe|synthetic||legacy-marker|Unwind@005e4efe|false
WIZ8|005e4f0c||Unwind@005e4f0c|synthetic||legacy-marker|Unwind@005e4f0c|false
WIZ8|005e4f1a||Unwind@005e4f1a|synthetic||legacy-marker|Unwind@005e4f1a|false
WIZ8|005e4f28||Unwind@005e4f28|synthetic||legacy-marker|Unwind@005e4f28|false
WIZ8|005e4f36||Unwind@005e4f36|synthetic||legacy-marker|Unwind@005e4f36|false
WIZ8|005e4f44||Unwind@005e4f44|synthetic||legacy-marker|Unwind@005e4f44|false
WIZ8|005e4f52||Unwind@005e4f52|synthetic||legacy-marker|Unwind@005e4f52|false
WIZ8|005e4f70||Unwind@005e4f70|synthetic||legacy-marker|Unwind@005e4f70|false
WIZ8|005e4f79||Unwind@005e4f79|synthetic||legacy-marker|Unwind@005e4f79|false
WIZ8|005e4f90||Unwind@005e4f90|synthetic||legacy-marker|Unwind@005e4f90|false
WIZ8|005e4fb0||Unwind@005e4fb0|synthetic||legacy-marker|Unwind@005e4fb0|false
WIZ8|005e4fb8||Unwind@005e4fb8|synthetic||legacy-marker|Unwind@005e4fb8|false
WIZ8|005e4fd0||Unwind@005e4fd0|synthetic||legacy-marker|Unwind@005e4fd0|false
WIZ8|005e4ff0||Unwind@005e4ff0|synthetic||legacy-marker|Unwind@005e4ff0|false
WIZ8|005e500b||Unwind@005e500b|synthetic||legacy-marker|Unwind@005e500b|false
WIZ8|005e5017||Unwind@005e5017|synthetic||legacy-marker|Unwind@005e5017|false
WIZ8|005e501f||Unwind@005e501f|synthetic||legacy-marker|Unwind@005e501f|false
WIZ8|005e5027||Unwind@005e5027|synthetic||legacy-marker|Unwind@005e5027|false
WIZ8|005e5040||Unwind@005e5040|synthetic||legacy-marker|Unwind@005e5040|false
WIZ8|005e5048||Unwind@005e5048|synthetic||legacy-marker|Unwind@005e5048|false
WIZ8|005e5050||Unwind@005e5050|synthetic||legacy-marker|Unwind@005e5050|false
WIZ8|005e5058||Unwind@005e5058|synthetic||legacy-marker|Unwind@005e5058|false
WIZ8|005e5060||Unwind@005e5060|synthetic||legacy-marker|Unwind@005e5060|false
WIZ8|005e5080||Unwind@005e5080|synthetic||legacy-marker|Unwind@005e5080|false
WIZ8|005e5088||Unwind@005e5088|synthetic||legacy-marker|Unwind@005e5088|false
WIZ8|005e50b0||Unwind@005e50b0|synthetic||legacy-marker|Unwind@005e50b0|false
WIZ8|005e50d0||Unwind@005e50d0|synthetic||legacy-marker|Unwind@005e50d0|false
WIZ8|005e50d9||Unwind@005e50d9|synthetic||legacy-marker|Unwind@005e50d9|false
WIZ8|005e50e1||Unwind@005e50e1|synthetic||legacy-marker|Unwind@005e50e1|false
WIZ8|005e50ec||Unwind@005e50ec|synthetic||legacy-marker|Unwind@005e50ec|false
WIZ8|005e50f5||Unwind@005e50f5|synthetic||legacy-marker|Unwind@005e50f5|false
WIZ8|005e5110||Unwind@005e5110|synthetic||legacy-marker|Unwind@005e5110|false
WIZ8|005e511b||Unwind@005e511b|synthetic||legacy-marker|Unwind@005e511b|false
WIZ8|005e5124||Unwind@005e5124|synthetic||legacy-marker|Unwind@005e5124|false
WIZ8|005e5140||Unwind@005e5140|synthetic||legacy-marker|Unwind@005e5140|false
WIZ8|005e5148||Unwind@005e5148|synthetic||legacy-marker|Unwind@005e5148|false
WIZ8|005e5160||Unwind@005e5160|synthetic||legacy-marker|Unwind@005e5160|false
WIZ8|005e5168||Unwind@005e5168|synthetic||legacy-marker|Unwind@005e5168|false
WIZ8|005e5180||Unwind@005e5180|synthetic||legacy-marker|Unwind@005e5180|false
WIZ8|005e51a0||Unwind@005e51a0|synthetic||legacy-marker|Unwind@005e51a0|false
WIZ8|005e51c0||Unwind@005e51c0|synthetic||legacy-marker|Unwind@005e51c0|false
WIZ8|005e51c9||Unwind@005e51c9|synthetic||legacy-marker|Unwind@005e51c9|false
WIZ8|005e51d1||Unwind@005e51d1|synthetic||legacy-marker|Unwind@005e51d1|false
WIZ8|005e51f0||Unwind@005e51f0|synthetic||legacy-marker|Unwind@005e51f0|false
WIZ8|005e51f8||Unwind@005e51f8|synthetic||legacy-marker|Unwind@005e51f8|false
WIZ8|005e5206||Unwind@005e5206|synthetic||legacy-marker|Unwind@005e5206|false
WIZ8|005e5220||Unwind@005e5220|synthetic||legacy-marker|Unwind@005e5220|false
WIZ8|005e5229||Unwind@005e5229|synthetic||legacy-marker|Unwind@005e5229|false
WIZ8|005e5240||Unwind@005e5240|synthetic||legacy-marker|Unwind@005e5240|false
WIZ8|005e5248||Unwind@005e5248|synthetic||legacy-marker|Unwind@005e5248|false
WIZ8|005e5260||Unwind@005e5260|synthetic||legacy-marker|Unwind@005e5260|false
WIZ8|005e526e||Unwind@005e526e|synthetic||legacy-marker|Unwind@005e526e|false
WIZ8|005e5279||Unwind@005e5279|synthetic||legacy-marker|Unwind@005e5279|false
WIZ8|005e52a0||Unwind@005e52a0|synthetic||legacy-marker|Unwind@005e52a0|false
WIZ8|005e52c0||Unwind@005e52c0|synthetic||legacy-marker|Unwind@005e52c0|false
WIZ8|005e52cb||Unwind@005e52cb|synthetic||legacy-marker|Unwind@005e52cb|false
WIZ8|005e52e0||Unwind@005e52e0|synthetic||legacy-marker|Unwind@005e52e0|false
WIZ8|005e5300||Unwind@005e5300|synthetic||legacy-marker|Unwind@005e5300|false
WIZ8|005e5320||Unwind@005e5320|synthetic||legacy-marker|Unwind@005e5320|false
WIZ8|005e5340||Unwind@005e5340|synthetic||legacy-marker|Unwind@005e5340|false
WIZ8|005e534b||Unwind@005e534b|synthetic||legacy-marker|Unwind@005e534b|false
WIZ8|005e5354||Unwind@005e5354|synthetic||legacy-marker|Unwind@005e5354|false
WIZ8|005e5370||Unwind@005e5370|synthetic||legacy-marker|Unwind@005e5370|false
WIZ8|005e537b||Unwind@005e537b|synthetic||legacy-marker|Unwind@005e537b|false
WIZ8|005e5390||Unwind@005e5390|synthetic||legacy-marker|Unwind@005e5390|false
WIZ8|005e5399||Unwind@005e5399|synthetic||legacy-marker|Unwind@005e5399|false
WIZ8|005e53a1||Unwind@005e53a1|synthetic||legacy-marker|Unwind@005e53a1|false
WIZ8|005e53c0||Unwind@005e53c0|synthetic||legacy-marker|Unwind@005e53c0|false
WIZ8|005e53cb||Unwind@005e53cb|synthetic||legacy-marker|Unwind@005e53cb|false
WIZ8|005e53d4||Unwind@005e53d4|synthetic||legacy-marker|Unwind@005e53d4|false
WIZ8|005e53dc||Unwind@005e53dc|synthetic||legacy-marker|Unwind@005e53dc|false
WIZ8|005e5400||Unwind@005e5400|synthetic||legacy-marker|Unwind@005e5400|false
WIZ8|005e5409||Unwind@005e5409|synthetic||legacy-marker|Unwind@005e5409|false
WIZ8|005e5411||Unwind@005e5411|synthetic||legacy-marker|Unwind@005e5411|false
WIZ8|005e5430||Unwind@005e5430|synthetic||legacy-marker|Unwind@005e5430|false
WIZ8|005e5438||Unwind@005e5438|synthetic||legacy-marker|Unwind@005e5438|false
WIZ8|005e5450||Unwind@005e5450|synthetic||legacy-marker|Unwind@005e5450|false
WIZ8|005e5470||Unwind@005e5470|synthetic||legacy-marker|Unwind@005e5470|false
WIZ8|005e547b||Unwind@005e547b|synthetic||legacy-marker|Unwind@005e547b|false
WIZ8|005e5490||Unwind@005e5490|synthetic||legacy-marker|Unwind@005e5490|false
WIZ8|005e549b||Unwind@005e549b|synthetic||legacy-marker|Unwind@005e549b|false
WIZ8|005e54a3||Unwind@005e54a3|synthetic||legacy-marker|Unwind@005e54a3|false
WIZ8|005e54c0||Unwind@005e54c0|synthetic||legacy-marker|Unwind@005e54c0|false
WIZ8|005e54e0||Unwind@005e54e0|synthetic||legacy-marker|Unwind@005e54e0|false
WIZ8|005e54ee||Unwind@005e54ee|synthetic||legacy-marker|Unwind@005e54ee|false
WIZ8|005e54f9||Unwind@005e54f9|synthetic||legacy-marker|Unwind@005e54f9|false
WIZ8|005e550f||Unwind@005e550f|synthetic||legacy-marker|Unwind@005e550f|false
WIZ8|005e551a||Unwind@005e551a|synthetic||legacy-marker|Unwind@005e551a|false
WIZ8|005e5525||Unwind@005e5525|synthetic||legacy-marker|Unwind@005e5525|false
WIZ8|005e553b||Unwind@005e553b|synthetic||legacy-marker|Unwind@005e553b|false
WIZ8|005e5551||Unwind@005e5551|synthetic||legacy-marker|Unwind@005e5551|false
WIZ8|005e555f||Unwind@005e555f|synthetic||legacy-marker|Unwind@005e555f|false
WIZ8|005e556d||Unwind@005e556d|synthetic||legacy-marker|Unwind@005e556d|false
WIZ8|005e5590||Unwind@005e5590|synthetic||legacy-marker|Unwind@005e5590|false
WIZ8|005e559e||Unwind@005e559e|synthetic||legacy-marker|Unwind@005e559e|false
WIZ8|005e55a9||Unwind@005e55a9|synthetic||legacy-marker|Unwind@005e55a9|false
WIZ8|005e55b7||Unwind@005e55b7|synthetic||legacy-marker|Unwind@005e55b7|false
WIZ8|005e55c5||Unwind@005e55c5|synthetic||legacy-marker|Unwind@005e55c5|false
WIZ8|005e55e0||Unwind@005e55e0|synthetic||legacy-marker|Unwind@005e55e0|false
WIZ8|005e5600||Unwind@005e5600|synthetic||legacy-marker|Unwind@005e5600|false
WIZ8|005e5620||Unwind@005e5620|synthetic||legacy-marker|Unwind@005e5620|false
WIZ8|005e5640||Unwind@005e5640|synthetic||legacy-marker|Unwind@005e5640|false
WIZ8|005e5660||Unwind@005e5660|synthetic||legacy-marker|Unwind@005e5660|false
WIZ8|005e5669||Unwind@005e5669|synthetic||legacy-marker|Unwind@005e5669|false
WIZ8|005e5675||Unwind@005e5675|synthetic||legacy-marker|Unwind@005e5675|false
WIZ8|005e5680||Unwind@005e5680|synthetic||legacy-marker|Unwind@005e5680|false
WIZ8|005e568b||Unwind@005e568b|synthetic||legacy-marker|Unwind@005e568b|false
WIZ8|005e5696||Unwind@005e5696|synthetic||legacy-marker|Unwind@005e5696|false
WIZ8|005e569e||Unwind@005e569e|synthetic||legacy-marker|Unwind@005e569e|false
WIZ8|005e56a9||Unwind@005e56a9|synthetic||legacy-marker|Unwind@005e56a9|false
WIZ8|005e56b4||Unwind@005e56b4|synthetic||legacy-marker|Unwind@005e56b4|false
WIZ8|005e56d0||Unwind@005e56d0|synthetic||legacy-marker|Unwind@005e56d0|false
WIZ8|005e56f0||Unwind@005e56f0|synthetic||legacy-marker|Unwind@005e56f0|false
WIZ8|005e56fb||Unwind@005e56fb|synthetic||legacy-marker|Unwind@005e56fb|false
WIZ8|005e5710||Unwind@005e5710|synthetic||legacy-marker|Unwind@005e5710|false
WIZ8|005e5719||Unwind@005e5719|synthetic||legacy-marker|Unwind@005e5719|false
WIZ8|005e5721||Unwind@005e5721|synthetic||legacy-marker|Unwind@005e5721|false
WIZ8|005e5740||Unwind@005e5740|synthetic||legacy-marker|Unwind@005e5740|false
WIZ8|005e5748||Unwind@005e5748|synthetic||legacy-marker|Unwind@005e5748|false
WIZ8|005e5751||Unwind@005e5751|synthetic||legacy-marker|Unwind@005e5751|false
WIZ8|005e575a||Unwind@005e575a|synthetic||legacy-marker|Unwind@005e575a|false
WIZ8|005e5770||Unwind@005e5770|synthetic||legacy-marker|Unwind@005e5770|false
WIZ8|005e5779||Unwind@005e5779|synthetic||legacy-marker|Unwind@005e5779|false
WIZ8|005e5782||Unwind@005e5782|synthetic||legacy-marker|Unwind@005e5782|false
WIZ8|005e57a0||Unwind@005e57a0|synthetic||legacy-marker|Unwind@005e57a0|false
WIZ8|005e57c0||Unwind@005e57c0|synthetic||legacy-marker|Unwind@005e57c0|false
WIZ8|005e57cb||Unwind@005e57cb|synthetic||legacy-marker|Unwind@005e57cb|false
WIZ8|005e57d4||Unwind@005e57d4|synthetic||legacy-marker|Unwind@005e57d4|false
WIZ8|005e57dc||Unwind@005e57dc|synthetic||legacy-marker|Unwind@005e57dc|false
WIZ8|005e57f0||Unwind@005e57f0|synthetic||legacy-marker|Unwind@005e57f0|false
WIZ8|005e57fb||Unwind@005e57fb|synthetic||legacy-marker|Unwind@005e57fb|false
WIZ8|005e5809||Unwind@005e5809|synthetic||legacy-marker|Unwind@005e5809|false
WIZ8|005e5830||Unwind@005e5830|synthetic||legacy-marker|Unwind@005e5830|false
WIZ8|005e5850||Unwind@005e5850|synthetic||legacy-marker|Unwind@005e5850|false
WIZ8|005e585e||Unwind@005e585e|synthetic||legacy-marker|Unwind@005e585e|false
WIZ8|005e5880||Unwind@005e5880|synthetic||legacy-marker|Unwind@005e5880|false
WIZ8|005e5889||Unwind@005e5889|synthetic||legacy-marker|Unwind@005e5889|false
WIZ8|005e58a0||Unwind@005e58a0|synthetic||legacy-marker|Unwind@005e58a0|false
WIZ8|005e58c0||Unwind@005e58c0|synthetic||legacy-marker|Unwind@005e58c0|false
WIZ8|005e58cc||Unwind@005e58cc|synthetic||legacy-marker|Unwind@005e58cc|false
WIZ8|005e58f0||Unwind@005e58f0|synthetic||legacy-marker|Unwind@005e58f0|false
WIZ8|005e58f8||Unwind@005e58f8|synthetic||legacy-marker|Unwind@005e58f8|false
WIZ8|005e5910||Unwind@005e5910|synthetic||legacy-marker|Unwind@005e5910|false
WIZ8|005e5930||Unwind@005e5930|synthetic||legacy-marker|Unwind@005e5930|false
WIZ8|005e5950||Unwind@005e5950|synthetic||legacy-marker|Unwind@005e5950|false
WIZ8|005e5959||Unwind@005e5959|synthetic||legacy-marker|Unwind@005e5959|false
WIZ8|005e5970||Unwind@005e5970|synthetic||legacy-marker|Unwind@005e5970|false
WIZ8|005e5978||Unwind@005e5978|synthetic||legacy-marker|Unwind@005e5978|false
WIZ8|005e5981||Unwind@005e5981|synthetic||legacy-marker|Unwind@005e5981|false
WIZ8|005e598a||Unwind@005e598a|synthetic||legacy-marker|Unwind@005e598a|false
WIZ8|005e59a0||Unwind@005e59a0|synthetic||legacy-marker|Unwind@005e59a0|false
WIZ8|005e59c0||Unwind@005e59c0|synthetic||legacy-marker|Unwind@005e59c0|false
WIZ8|005e59c9||Unwind@005e59c9|synthetic||legacy-marker|Unwind@005e59c9|false
WIZ8|005e59e0||Unwind@005e59e0|synthetic||legacy-marker|Unwind@005e59e0|false
WIZ8|005e59e9||Unwind@005e59e9|synthetic||legacy-marker|Unwind@005e59e9|false
WIZ8|005e59f2||Unwind@005e59f2|synthetic||legacy-marker|Unwind@005e59f2|false
WIZ8|005e5a10||Unwind@005e5a10|synthetic||legacy-marker|Unwind@005e5a10|false
WIZ8|005e5a30||Unwind@005e5a30|synthetic||legacy-marker|Unwind@005e5a30|false
WIZ8|005e5a39||Unwind@005e5a39|synthetic||legacy-marker|Unwind@005e5a39|false
WIZ8|005e5a50||Unwind@005e5a50|synthetic||legacy-marker|Unwind@005e5a50|false
WIZ8|005e5a70||Unwind@005e5a70|synthetic||legacy-marker|Unwind@005e5a70|false
WIZ8|005e5a7b||Unwind@005e5a7b|synthetic||legacy-marker|Unwind@005e5a7b|false
WIZ8|005e5a90||Unwind@005e5a90|synthetic||legacy-marker|Unwind@005e5a90|false
WIZ8|005e5ab0||Unwind@005e5ab0|synthetic||legacy-marker|Unwind@005e5ab0|false
WIZ8|005e5ab8||Unwind@005e5ab8|synthetic||legacy-marker|Unwind@005e5ab8|false
WIZ8|005e5ad0||Unwind@005e5ad0|synthetic||legacy-marker|Unwind@005e5ad0|false
WIZ8|005e5af0||Unwind@005e5af0|synthetic||legacy-marker|Unwind@005e5af0|false
WIZ8|005e5afb||Unwind@005e5afb|synthetic||legacy-marker|Unwind@005e5afb|false
WIZ8|005e5b03||Unwind@005e5b03|synthetic||legacy-marker|Unwind@005e5b03|false
WIZ8|005e5b20||Unwind@005e5b20|synthetic||legacy-marker|Unwind@005e5b20|false
WIZ8|005e5b2e||Unwind@005e5b2e|synthetic||legacy-marker|Unwind@005e5b2e|false
WIZ8|005e5b39||Unwind@005e5b39|synthetic||legacy-marker|Unwind@005e5b39|false
WIZ8|005e5b47||Unwind@005e5b47|synthetic||legacy-marker|Unwind@005e5b47|false
WIZ8|005e5b55||Unwind@005e5b55|synthetic||legacy-marker|Unwind@005e5b55|false
WIZ8|005e5b70||Unwind@005e5b70|synthetic||legacy-marker|Unwind@005e5b70|false
WIZ8|005e5b7b||Unwind@005e5b7b|synthetic||legacy-marker|Unwind@005e5b7b|false
WIZ8|005e5b83||Unwind@005e5b83|synthetic||legacy-marker|Unwind@005e5b83|false
WIZ8|005e5b8e||Unwind@005e5b8e|synthetic||legacy-marker|Unwind@005e5b8e|false
WIZ8|005e5b99||Unwind@005e5b99|synthetic||legacy-marker|Unwind@005e5b99|false
WIZ8|005e5ba4||Unwind@005e5ba4|synthetic||legacy-marker|Unwind@005e5ba4|false
WIZ8|005e5bc0||Unwind@005e5bc0|synthetic||legacy-marker|Unwind@005e5bc0|false
WIZ8|005e5bc8||Unwind@005e5bc8|synthetic||legacy-marker|Unwind@005e5bc8|false
WIZ8|005e5bd3||Unwind@005e5bd3|synthetic||legacy-marker|Unwind@005e5bd3|false
WIZ8|005e5bde||Unwind@005e5bde|synthetic||legacy-marker|Unwind@005e5bde|false
WIZ8|005e5c00||Unwind@005e5c00|synthetic||legacy-marker|Unwind@005e5c00|false
WIZ8|005e5c08||Unwind@005e5c08|synthetic||legacy-marker|Unwind@005e5c08|false
WIZ8|005e5c20||Unwind@005e5c20|synthetic||legacy-marker|Unwind@005e5c20|false
WIZ8|005e5c2b||Unwind@005e5c2b|synthetic||legacy-marker|Unwind@005e5c2b|false
WIZ8|005e5c36||Unwind@005e5c36|synthetic||legacy-marker|Unwind@005e5c36|false
WIZ8|005e5c3f||Unwind@005e5c3f|synthetic||legacy-marker|Unwind@005e5c3f|false
WIZ8|005e5c60||Unwind@005e5c60|synthetic||legacy-marker|Unwind@005e5c60|false
WIZ8|005e5c68||Unwind@005e5c68|synthetic||legacy-marker|Unwind@005e5c68|false
WIZ8|005e5c90||Unwind@005e5c90|synthetic||legacy-marker|Unwind@005e5c90|false
WIZ8|005e5cb0||Unwind@005e5cb0|synthetic||legacy-marker|Unwind@005e5cb0|false
WIZ8|005e5cbe||Unwind@005e5cbe|synthetic||legacy-marker|Unwind@005e5cbe|false
WIZ8|005e5ce0||Unwind@005e5ce0|synthetic||legacy-marker|Unwind@005e5ce0|false
WIZ8|005e5ce8||Unwind@005e5ce8|synthetic||legacy-marker|Unwind@005e5ce8|false
WIZ8|005e5cf6||Unwind@005e5cf6|synthetic||legacy-marker|Unwind@005e5cf6|false
WIZ8|005e5d01||Unwind@005e5d01|synthetic||legacy-marker|Unwind@005e5d01|false
WIZ8|005e5d20||Unwind@005e5d20|synthetic||legacy-marker|Unwind@005e5d20|false
WIZ8|005e5d28||Unwind@005e5d28|synthetic||legacy-marker|Unwind@005e5d28|false
WIZ8|005e5d40||Unwind@005e5d40|synthetic||legacy-marker|Unwind@005e5d40|false
WIZ8|005e5d48||Unwind@005e5d48|synthetic||legacy-marker|Unwind@005e5d48|false
WIZ8|005e5d60||Unwind@005e5d60|synthetic||legacy-marker|Unwind@005e5d60|false
WIZ8|005e5d80||Unwind@005e5d80|synthetic||legacy-marker|Unwind@005e5d80|false
WIZ8|005e5da0||Unwind@005e5da0|synthetic||legacy-marker|Unwind@005e5da0|false
WIZ8|005e5da8||Unwind@005e5da8|synthetic||legacy-marker|Unwind@005e5da8|false
WIZ8|005e5db3||Unwind@005e5db3|synthetic||legacy-marker|Unwind@005e5db3|false
WIZ8|005e5dbe||Unwind@005e5dbe|synthetic||legacy-marker|Unwind@005e5dbe|false
WIZ8|005e5dc9||Unwind@005e5dc9|synthetic||legacy-marker|Unwind@005e5dc9|false
WIZ8|005e5dd2||Unwind@005e5dd2|synthetic||legacy-marker|Unwind@005e5dd2|false
WIZ8|005e5dda||Unwind@005e5dda|synthetic||legacy-marker|Unwind@005e5dda|false
WIZ8|005e5de5||Unwind@005e5de5|synthetic||legacy-marker|Unwind@005e5de5|false
WIZ8|005e5df0||Unwind@005e5df0|synthetic||legacy-marker|Unwind@005e5df0|false
WIZ8|005e5dfb||Unwind@005e5dfb|synthetic||legacy-marker|Unwind@005e5dfb|false
WIZ8|005e5e06||Unwind@005e5e06|synthetic||legacy-marker|Unwind@005e5e06|false
WIZ8|005e5e11||Unwind@005e5e11|synthetic||legacy-marker|Unwind@005e5e11|false
WIZ8|005e5e30||Unwind@005e5e30|synthetic||legacy-marker|Unwind@005e5e30|false
WIZ8|005e5e38||Unwind@005e5e38|synthetic||legacy-marker|Unwind@005e5e38|false
WIZ8|005e5e70||Unwind@005e5e70|synthetic||legacy-marker|Unwind@005e5e70|false
WIZ8|005e5e7b||Unwind@005e5e7b|synthetic||legacy-marker|Unwind@005e5e7b|false
WIZ8|005e5e83||Unwind@005e5e83|synthetic||legacy-marker|Unwind@005e5e83|false
WIZ8|005e5e8e||Unwind@005e5e8e|synthetic||legacy-marker|Unwind@005e5e8e|false
WIZ8|005e5e99||Unwind@005e5e99|synthetic||legacy-marker|Unwind@005e5e99|false
WIZ8|005e5eb0||Unwind@005e5eb0|synthetic||legacy-marker|Unwind@005e5eb0|false
WIZ8|005e5ed0||Unwind@005e5ed0|synthetic||legacy-marker|Unwind@005e5ed0|false
WIZ8|005e5ef0||Unwind@005e5ef0|synthetic||legacy-marker|Unwind@005e5ef0|false
WIZ8|005e5f10||Unwind@005e5f10|synthetic||legacy-marker|Unwind@005e5f10|false
WIZ8|005e5f30||Unwind@005e5f30|synthetic||legacy-marker|Unwind@005e5f30|false
WIZ8|005e5f50||Unwind@005e5f50|synthetic||legacy-marker|Unwind@005e5f50|false
WIZ8|005e5f70||Unwind@005e5f70|synthetic||legacy-marker|Unwind@005e5f70|false
WIZ8|005e5f78||Unwind@005e5f78|synthetic||legacy-marker|Unwind@005e5f78|false
WIZ8|005e5f90||Unwind@005e5f90|synthetic||legacy-marker|Unwind@005e5f90|false
WIZ8|005e5f9b||Unwind@005e5f9b|synthetic||legacy-marker|Unwind@005e5f9b|false
WIZ8|005e5fa6||Unwind@005e5fa6|synthetic||legacy-marker|Unwind@005e5fa6|false
WIZ8|005e5faf||Unwind@005e5faf|synthetic||legacy-marker|Unwind@005e5faf|false
WIZ8|005e5fd0||Unwind@005e5fd0|synthetic||legacy-marker|Unwind@005e5fd0|false
WIZ8|005e5fd8||Unwind@005e5fd8|synthetic||legacy-marker|Unwind@005e5fd8|false
WIZ8|005e6000||Unwind@005e6000|synthetic||legacy-marker|Unwind@005e6000|false
WIZ8|005e6020||Unwind@005e6020|synthetic||legacy-marker|Unwind@005e6020|false
WIZ8|005e602e||Unwind@005e602e|synthetic||legacy-marker|Unwind@005e602e|false
WIZ8|005e6039||Unwind@005e6039|synthetic||legacy-marker|Unwind@005e6039|false
WIZ8|005e6060||Unwind@005e6060|synthetic||legacy-marker|Unwind@005e6060|false
WIZ8|005e6068||Unwind@005e6068|synthetic||legacy-marker|Unwind@005e6068|false
WIZ8|005e6073||Unwind@005e6073|synthetic||legacy-marker|Unwind@005e6073|false
WIZ8|005e6090||Unwind@005e6090|synthetic||legacy-marker|Unwind@005e6090|false
WIZ8|005e60b0||Unwind@005e60b0|synthetic||legacy-marker|Unwind@005e60b0|false
WIZ8|005e60d0||Unwind@005e60d0|synthetic||legacy-marker|Unwind@005e60d0|false
WIZ8|005e60db||Unwind@005e60db|synthetic||legacy-marker|Unwind@005e60db|false
WIZ8|005e60e6||Unwind@005e60e6|synthetic||legacy-marker|Unwind@005e60e6|false
WIZ8|005e6100||Unwind@005e6100|synthetic||legacy-marker|Unwind@005e6100|false
WIZ8|005e6120||Unwind@005e6120|synthetic||legacy-marker|Unwind@005e6120|false
WIZ8|005e6129||Unwind@005e6129|synthetic||legacy-marker|Unwind@005e6129|false
WIZ8|005e6140||Unwind@005e6140|synthetic||legacy-marker|Unwind@005e6140|false
WIZ8|005e614b||Unwind@005e614b|synthetic||legacy-marker|Unwind@005e614b|false
WIZ8|005e6154||Unwind@005e6154|synthetic||legacy-marker|Unwind@005e6154|false
WIZ8|005e6170||Unwind@005e6170|synthetic||legacy-marker|Unwind@005e6170|false
WIZ8|005e6190||Unwind@005e6190|synthetic||legacy-marker|Unwind@005e6190|false
WIZ8|005e61b0||Unwind@005e61b0|synthetic||legacy-marker|Unwind@005e61b0|false
WIZ8|005e61bb||Unwind@005e61bb|synthetic||legacy-marker|Unwind@005e61bb|false
WIZ8|005e61e0||Unwind@005e61e0|synthetic||legacy-marker|Unwind@005e61e0|false
WIZ8|005e61eb||Unwind@005e61eb|synthetic||legacy-marker|Unwind@005e61eb|false
WIZ8|005e6210||Unwind@005e6210|synthetic||legacy-marker|Unwind@005e6210|false
WIZ8|005e621b||Unwind@005e621b|synthetic||legacy-marker|Unwind@005e621b|false
WIZ8|005e6240||Unwind@005e6240|synthetic||legacy-marker|Unwind@005e6240|false
WIZ8|005e6260||Unwind@005e6260|synthetic||legacy-marker|Unwind@005e6260|false
WIZ8|005e626b||Unwind@005e626b|synthetic||legacy-marker|Unwind@005e626b|false
WIZ8|005e6279||Unwind@005e6279|synthetic||legacy-marker|Unwind@005e6279|false
WIZ8|005e6287||Unwind@005e6287|synthetic||legacy-marker|Unwind@005e6287|false
WIZ8|005e62a0||Unwind@005e62a0|synthetic||legacy-marker|Unwind@005e62a0|false
WIZ8|005e62c0||Unwind@005e62c0|synthetic||legacy-marker|Unwind@005e62c0|false
WIZ8|005e62e0||Unwind@005e62e0|synthetic||legacy-marker|Unwind@005e62e0|false
WIZ8|005e6300||Unwind@005e6300|synthetic||legacy-marker|Unwind@005e6300|false
WIZ8|005e6320||Unwind@005e6320|synthetic||legacy-marker|Unwind@005e6320|false
WIZ8|005e632b||Unwind@005e632b|synthetic||legacy-marker|Unwind@005e632b|false
WIZ8|005e6340||Unwind@005e6340|synthetic||legacy-marker|Unwind@005e6340|false
WIZ8|005e6360||Unwind@005e6360|synthetic||legacy-marker|Unwind@005e6360|false
WIZ8|005e6380||Unwind@005e6380|synthetic||legacy-marker|Unwind@005e6380|false
WIZ8|005e63a0||Unwind@005e63a0|synthetic||legacy-marker|Unwind@005e63a0|false
WIZ8|005e63c0||Unwind@005e63c0|synthetic||legacy-marker|Unwind@005e63c0|false
WIZ8|005e63e0||Unwind@005e63e0|synthetic||legacy-marker|Unwind@005e63e0|false
WIZ8|005e6400||Unwind@005e6400|synthetic||legacy-marker|Unwind@005e6400|false
WIZ8|005e640e||Unwind@005e640e|synthetic||legacy-marker|Unwind@005e640e|false
WIZ8|005e6430||Unwind@005e6430|synthetic||legacy-marker|Unwind@005e6430|false
WIZ8|005e6450||Unwind@005e6450|synthetic||legacy-marker|Unwind@005e6450|false
WIZ8|005e6459||Unwind@005e6459|synthetic||legacy-marker|Unwind@005e6459|false
WIZ8|005e6470||Unwind@005e6470|synthetic||legacy-marker|Unwind@005e6470|false
WIZ8|005e6490||Unwind@005e6490|synthetic||legacy-marker|Unwind@005e6490|false
WIZ8|005e64b0||Unwind@005e64b0|synthetic||legacy-marker|Unwind@005e64b0|false
WIZ8|005e64bb||Unwind@005e64bb|synthetic||legacy-marker|Unwind@005e64bb|false
WIZ8|005e64c4||Unwind@005e64c4|synthetic||legacy-marker|Unwind@005e64c4|false
WIZ8|005e64e0||Unwind@005e64e0|synthetic||legacy-marker|Unwind@005e64e0|false
WIZ8|005e6500||Unwind@005e6500|synthetic||legacy-marker|Unwind@005e6500|false
WIZ8|005e650b||Unwind@005e650b|synthetic||legacy-marker|Unwind@005e650b|false
WIZ8|005e6520||Unwind@005e6520|synthetic||legacy-marker|Unwind@005e6520|false
WIZ8|005e6540||Unwind@005e6540|synthetic||legacy-marker|Unwind@005e6540|false
WIZ8|005e6548||Unwind@005e6548|synthetic||legacy-marker|Unwind@005e6548|false
WIZ8|005e6560||Unwind@005e6560|synthetic||legacy-marker|Unwind@005e6560|false
WIZ8|005e6578||Unwind@005e6578|synthetic||legacy-marker|Unwind@005e6578|false
WIZ8|005e65a0||Unwind@005e65a0|synthetic||legacy-marker|Unwind@005e65a0|false
WIZ8|005e65a8||Unwind@005e65a8|synthetic||legacy-marker|Unwind@005e65a8|false
WIZ8|005e65c0||Unwind@005e65c0|synthetic||legacy-marker|Unwind@005e65c0|false
WIZ8|005e65d8||Unwind@005e65d8|synthetic||legacy-marker|Unwind@005e65d8|false
WIZ8|005e65f0||Unwind@005e65f0|synthetic||legacy-marker|Unwind@005e65f0|false
WIZ8|005e65fe||Unwind@005e65fe|synthetic||legacy-marker|Unwind@005e65fe|false
WIZ8|005e6620||Unwind@005e6620|synthetic||legacy-marker|Unwind@005e6620|false
WIZ8|005e6628||Unwind@005e6628|synthetic||legacy-marker|Unwind@005e6628|false
WIZ8|005e6640||Unwind@005e6640|synthetic||legacy-marker|Unwind@005e6640|false
WIZ8|005e6658||Unwind@005e6658|synthetic||legacy-marker|Unwind@005e6658|false
WIZ8|005e6670||Unwind@005e6670|synthetic||legacy-marker|Unwind@005e6670|false
WIZ8|005e667e||Unwind@005e667e|synthetic||legacy-marker|Unwind@005e667e|false
WIZ8|005e6687||Unwind@005e6687|synthetic||legacy-marker|Unwind@005e6687|false
WIZ8|005e66a0||Unwind@005e66a0|synthetic||legacy-marker|Unwind@005e66a0|false
WIZ8|005e66ab||Unwind@005e66ab|synthetic||legacy-marker|Unwind@005e66ab|false
WIZ8|005e66b6||Unwind@005e66b6|synthetic||legacy-marker|Unwind@005e66b6|false
WIZ8|005e66d0||Unwind@005e66d0|synthetic||legacy-marker|Unwind@005e66d0|false
WIZ8|005e66f0||Unwind@005e66f0|synthetic||legacy-marker|Unwind@005e66f0|false
WIZ8|005e66f8||Unwind@005e66f8|synthetic||legacy-marker|Unwind@005e66f8|false
WIZ8|005e6706||Unwind@005e6706|synthetic||legacy-marker|Unwind@005e6706|false
WIZ8|005e6714||Unwind@005e6714|synthetic||legacy-marker|Unwind@005e6714|false
WIZ8|005e6722||Unwind@005e6722|synthetic||legacy-marker|Unwind@005e6722|false
WIZ8|005e6730||Unwind@005e6730|synthetic||legacy-marker|Unwind@005e6730|false
WIZ8|005e673e||Unwind@005e673e|synthetic||legacy-marker|Unwind@005e673e|false
WIZ8|005e674c||Unwind@005e674c|synthetic||legacy-marker|Unwind@005e674c|false
WIZ8|005e6770||Unwind@005e6770|synthetic||legacy-marker|Unwind@005e6770|false
WIZ8|005e6778||Unwind@005e6778|synthetic||legacy-marker|Unwind@005e6778|false
WIZ8|005e6786||Unwind@005e6786|synthetic||legacy-marker|Unwind@005e6786|false
WIZ8|005e6794||Unwind@005e6794|synthetic||legacy-marker|Unwind@005e6794|false
WIZ8|005e67a2||Unwind@005e67a2|synthetic||legacy-marker|Unwind@005e67a2|false
WIZ8|005e67b0||Unwind@005e67b0|synthetic||legacy-marker|Unwind@005e67b0|false
WIZ8|005e67be||Unwind@005e67be|synthetic||legacy-marker|Unwind@005e67be|false
WIZ8|005e67e0||Unwind@005e67e0|synthetic||legacy-marker|Unwind@005e67e0|false
WIZ8|005e67e8||Unwind@005e67e8|synthetic||legacy-marker|Unwind@005e67e8|false
WIZ8|005e67f6||Unwind@005e67f6|synthetic||legacy-marker|Unwind@005e67f6|false
WIZ8|005e6804||Unwind@005e6804|synthetic||legacy-marker|Unwind@005e6804|false
WIZ8|005e6812||Unwind@005e6812|synthetic||legacy-marker|Unwind@005e6812|false
WIZ8|005e6820||Unwind@005e6820|synthetic||legacy-marker|Unwind@005e6820|false
WIZ8|005e682e||Unwind@005e682e|synthetic||legacy-marker|Unwind@005e682e|false
WIZ8|005e6850||Unwind@005e6850|synthetic||legacy-marker|Unwind@005e6850|false
WIZ8|005e685e||Unwind@005e685e|synthetic||legacy-marker|Unwind@005e685e|false
WIZ8|005e6869||Unwind@005e6869|synthetic||legacy-marker|Unwind@005e6869|false
WIZ8|005e6874||Unwind@005e6874|synthetic||legacy-marker|Unwind@005e6874|false
WIZ8|005e6882||Unwind@005e6882|synthetic||legacy-marker|Unwind@005e6882|false
WIZ8|005e68a0||Unwind@005e68a0|synthetic||legacy-marker|Unwind@005e68a0|false
WIZ8|005e68ab||Unwind@005e68ab|synthetic||legacy-marker|Unwind@005e68ab|false
WIZ8|005e68c0||Unwind@005e68c0|synthetic||legacy-marker|Unwind@005e68c0|false
WIZ8|005e68e0||Unwind@005e68e0|synthetic||legacy-marker|Unwind@005e68e0|false
WIZ8|005e6900||Unwind@005e6900|synthetic||legacy-marker|Unwind@005e6900|false
WIZ8|005e6920||Unwind@005e6920|synthetic||legacy-marker|Unwind@005e6920|false
WIZ8|005e6940||Unwind@005e6940|synthetic||legacy-marker|Unwind@005e6940|false
WIZ8|005e6960||Unwind@005e6960|synthetic||legacy-marker|Unwind@005e6960|false
WIZ8|005e696e||Unwind@005e696e|synthetic||legacy-marker|Unwind@005e696e|false
WIZ8|005e697c||Unwind@005e697c|synthetic||legacy-marker|Unwind@005e697c|false
WIZ8|005e698a||Unwind@005e698a|synthetic||legacy-marker|Unwind@005e698a|false
WIZ8|005e69a0||Unwind@005e69a0|synthetic||legacy-marker|Unwind@005e69a0|false
WIZ8|005e69c0||Unwind@005e69c0|synthetic||legacy-marker|Unwind@005e69c0|false
WIZ8|005e69e0||Unwind@005e69e0|synthetic||legacy-marker|Unwind@005e69e0|false
WIZ8|005e6a00||Unwind@005e6a00|synthetic||legacy-marker|Unwind@005e6a00|false
WIZ8|005e6a20||Unwind@005e6a20|synthetic||legacy-marker|Unwind@005e6a20|false
WIZ8|005e6a40||Unwind@005e6a40|synthetic||legacy-marker|Unwind@005e6a40|false
WIZ8|005e6a60||Unwind@005e6a60|synthetic||legacy-marker|Unwind@005e6a60|false
WIZ8|005e6a6e||Unwind@005e6a6e|synthetic||legacy-marker|Unwind@005e6a6e|false
WIZ8|005e6a7c||Unwind@005e6a7c|synthetic||legacy-marker|Unwind@005e6a7c|false
WIZ8|005e6aa0||Unwind@005e6aa0|synthetic||legacy-marker|Unwind@005e6aa0|false
WIZ8|005e6aab||Unwind@005e6aab|synthetic||legacy-marker|Unwind@005e6aab|false
WIZ8|005e6ac0||Unwind@005e6ac0|synthetic||legacy-marker|Unwind@005e6ac0|false
WIZ8|005e6ae0||Unwind@005e6ae0|synthetic||legacy-marker|Unwind@005e6ae0|false
WIZ8|005e6ae9||Unwind@005e6ae9|synthetic||legacy-marker|Unwind@005e6ae9|false
WIZ8|005e6af1||Unwind@005e6af1|synthetic||legacy-marker|Unwind@005e6af1|false
WIZ8|005e6b10||Unwind@005e6b10|synthetic||legacy-marker|Unwind@005e6b10|false
WIZ8|005e6b1b||Unwind@005e6b1b|synthetic||legacy-marker|Unwind@005e6b1b|false
WIZ8|005e6b24||Unwind@005e6b24|synthetic||legacy-marker|Unwind@005e6b24|false
WIZ8|005e6b2c||Unwind@005e6b2c|synthetic||legacy-marker|Unwind@005e6b2c|false
WIZ8|005e6b50||Unwind@005e6b50|synthetic||legacy-marker|Unwind@005e6b50|false
WIZ8|005e6b58||Unwind@005e6b58|synthetic||legacy-marker|Unwind@005e6b58|false
WIZ8|005e6b63||Unwind@005e6b63|synthetic||legacy-marker|Unwind@005e6b63|false
WIZ8|005e6b6e||Unwind@005e6b6e|synthetic||legacy-marker|Unwind@005e6b6e|false
WIZ8|005e6b90||Unwind@005e6b90|synthetic||legacy-marker|Unwind@005e6b90|false
WIZ8|005e6bb0||Unwind@005e6bb0|synthetic||legacy-marker|Unwind@005e6bb0|false
WIZ8|005e6bb9||Unwind@005e6bb9|synthetic||legacy-marker|Unwind@005e6bb9|false
WIZ8|005e6bc1||Unwind@005e6bc1|synthetic||legacy-marker|Unwind@005e6bc1|false
WIZ8|005e6bcc||Unwind@005e6bcc|synthetic||legacy-marker|Unwind@005e6bcc|false
WIZ8|005e6be0||Unwind@005e6be0|synthetic||legacy-marker|Unwind@005e6be0|false
WIZ8|005e6c00||Unwind@005e6c00|synthetic||legacy-marker|Unwind@005e6c00|false
WIZ8|005e6c09||Unwind@005e6c09|synthetic||legacy-marker|Unwind@005e6c09|false
WIZ8|005e6c20||Unwind@005e6c20|synthetic||legacy-marker|Unwind@005e6c20|false
WIZ8|005e6c40||Unwind@005e6c40|synthetic||legacy-marker|Unwind@005e6c40|false
WIZ8|005e6c60||Unwind@005e6c60|synthetic||legacy-marker|Unwind@005e6c60|false
WIZ8|005e6c80||Unwind@005e6c80|synthetic||legacy-marker|Unwind@005e6c80|false
WIZ8|005e6ca0||Unwind@005e6ca0|synthetic||legacy-marker|Unwind@005e6ca0|false
WIZ8|005e6cc0||Unwind@005e6cc0|synthetic||legacy-marker|Unwind@005e6cc0|false
WIZ8|005e6ce0||Unwind@005e6ce0|synthetic||legacy-marker|Unwind@005e6ce0|false
WIZ8|005e6d00||Unwind@005e6d00|synthetic||legacy-marker|Unwind@005e6d00|false
WIZ8|005e6d20||Unwind@005e6d20|synthetic||legacy-marker|Unwind@005e6d20|false
WIZ8|005e6d40||Unwind@005e6d40|synthetic||legacy-marker|Unwind@005e6d40|false
WIZ8|005e6d60||Unwind@005e6d60|synthetic||legacy-marker|Unwind@005e6d60|false
WIZ8|005e6d80||Unwind@005e6d80|synthetic||legacy-marker|Unwind@005e6d80|false
WIZ8|005e6d8b||Unwind@005e6d8b|synthetic||legacy-marker|Unwind@005e6d8b|false
WIZ8|005e6da0||Unwind@005e6da0|synthetic||legacy-marker|Unwind@005e6da0|false
WIZ8|005e6dc0||Unwind@005e6dc0|synthetic||legacy-marker|Unwind@005e6dc0|false
WIZ8|005e6dc8||Unwind@005e6dc8|synthetic||legacy-marker|Unwind@005e6dc8|false
WIZ8|005e6dd0||Unwind@005e6dd0|synthetic||legacy-marker|Unwind@005e6dd0|false
WIZ8|005e6df0||Unwind@005e6df0|synthetic||legacy-marker|Unwind@005e6df0|false
WIZ8|005e6dfb||Unwind@005e6dfb|synthetic||legacy-marker|Unwind@005e6dfb|false
WIZ8|005e6e10||Unwind@005e6e10|synthetic||legacy-marker|Unwind@005e6e10|false
WIZ8|005e6e18||Unwind@005e6e18|synthetic||legacy-marker|Unwind@005e6e18|false
WIZ8|005e6e20||Unwind@005e6e20|synthetic||legacy-marker|Unwind@005e6e20|false
WIZ8|005e6e40||Unwind@005e6e40|synthetic||legacy-marker|Unwind@005e6e40|false
WIZ8|005e6e48||Unwind@005e6e48|synthetic||legacy-marker|Unwind@005e6e48|false
WIZ8|005e6e60||Unwind@005e6e60|synthetic||legacy-marker|Unwind@005e6e60|false
WIZ8|005e6e68||Unwind@005e6e68|synthetic||legacy-marker|Unwind@005e6e68|false
WIZ8|005e6e73||Unwind@005e6e73|synthetic||legacy-marker|Unwind@005e6e73|false
WIZ8|005e6e7e||Unwind@005e6e7e|synthetic||legacy-marker|Unwind@005e6e7e|false
WIZ8|005e6ea0||Unwind@005e6ea0|synthetic||legacy-marker|Unwind@005e6ea0|false
WIZ8|005e6ec0||Unwind@005e6ec0|synthetic||legacy-marker|Unwind@005e6ec0|false
WIZ8|005e6ec8||Unwind@005e6ec8|synthetic||legacy-marker|Unwind@005e6ec8|false
WIZ8|005e6ee0||Unwind@005e6ee0|synthetic||legacy-marker|Unwind@005e6ee0|false
WIZ8|005e6eeb||Unwind@005e6eeb|synthetic||legacy-marker|Unwind@005e6eeb|false
WIZ8|005e6ef6||Unwind@005e6ef6|synthetic||legacy-marker|Unwind@005e6ef6|false
WIZ8|005e6f04||Unwind@005e6f04|synthetic||legacy-marker|Unwind@005e6f04|false
WIZ8|005e6f15||Unwind@005e6f15|synthetic||legacy-marker|Unwind@005e6f15|false
WIZ8|005e6f26||Unwind@005e6f26|synthetic||legacy-marker|Unwind@005e6f26|false
WIZ8|005e6f37||Unwind@005e6f37|synthetic||legacy-marker|Unwind@005e6f37|false
WIZ8|005e6f60||Unwind@005e6f60|synthetic||legacy-marker|Unwind@005e6f60|false
WIZ8|005e6f80||Unwind@005e6f80|synthetic||legacy-marker|Unwind@005e6f80|false
WIZ8|005e6fa0||Unwind@005e6fa0|synthetic||legacy-marker|Unwind@005e6fa0|false
WIZ8|005e6fc0||Unwind@005e6fc0|synthetic||legacy-marker|Unwind@005e6fc0|false
WIZ8|005e6fe0||Unwind@005e6fe0|synthetic||legacy-marker|Unwind@005e6fe0|false
WIZ8|005e6feb||Unwind@005e6feb|synthetic||legacy-marker|Unwind@005e6feb|false
WIZ8|005e6ff6||Unwind@005e6ff6|synthetic||legacy-marker|Unwind@005e6ff6|false
WIZ8|005e7010||Unwind@005e7010|synthetic||legacy-marker|Unwind@005e7010|false
WIZ8|005e7030||Unwind@005e7030|synthetic||legacy-marker|Unwind@005e7030|false
WIZ8|005e7050||Unwind@005e7050|synthetic||legacy-marker|Unwind@005e7050|false
WIZ8|005e7070||Unwind@005e7070|synthetic||legacy-marker|Unwind@005e7070|false
WIZ8|005e7090||Unwind@005e7090|synthetic||legacy-marker|Unwind@005e7090|false
WIZ8|005e709b||Unwind@005e709b|synthetic||legacy-marker|Unwind@005e709b|false
WIZ8|005e70c0||Unwind@005e70c0|synthetic||legacy-marker|Unwind@005e70c0|false
WIZ8|005e70e0||Unwind@005e70e0|synthetic||legacy-marker|Unwind@005e70e0|false
WIZ8|005e7100||Unwind@005e7100|synthetic||legacy-marker|Unwind@005e7100|false
WIZ8|005e7120||Unwind@005e7120|synthetic||legacy-marker|Unwind@005e7120|false
WIZ8|005e7140||Unwind@005e7140|synthetic||legacy-marker|Unwind@005e7140|false
WIZ8|005e7160||Unwind@005e7160|synthetic||legacy-marker|Unwind@005e7160|false
WIZ8|005e716b||Unwind@005e716b|synthetic||legacy-marker|Unwind@005e716b|false
WIZ8|005e7179||Unwind@005e7179|synthetic||legacy-marker|Unwind@005e7179|false
WIZ8|005e7187||Unwind@005e7187|synthetic||legacy-marker|Unwind@005e7187|false
WIZ8|005e7195||Unwind@005e7195|synthetic||legacy-marker|Unwind@005e7195|false
WIZ8|005e71b0||Unwind@005e71b0|synthetic||legacy-marker|Unwind@005e71b0|false
WIZ8|005e71d0||Unwind@005e71d0|synthetic||legacy-marker|Unwind@005e71d0|false
WIZ8|005e71f0||Unwind@005e71f0|synthetic||legacy-marker|Unwind@005e71f0|false
WIZ8|005e71f8||Unwind@005e71f8|synthetic||legacy-marker|Unwind@005e71f8|false
WIZ8|005e7203||Unwind@005e7203|synthetic||legacy-marker|Unwind@005e7203|false
WIZ8|005e720e||Unwind@005e720e|synthetic||legacy-marker|Unwind@005e720e|false
WIZ8|005e7219||Unwind@005e7219|synthetic||legacy-marker|Unwind@005e7219|false
WIZ8|005e7230||Unwind@005e7230|synthetic||legacy-marker|Unwind@005e7230|false
WIZ8|005e7250||Unwind@005e7250|synthetic||legacy-marker|Unwind@005e7250|false
WIZ8|005e7270||Unwind@005e7270|synthetic||legacy-marker|Unwind@005e7270|false
WIZ8|005e7278||Unwind@005e7278|synthetic||legacy-marker|Unwind@005e7278|false
WIZ8|005e7290||Unwind@005e7290|synthetic||legacy-marker|Unwind@005e7290|false
WIZ8|005e7298||Unwind@005e7298|synthetic||legacy-marker|Unwind@005e7298|false
WIZ8|005e72b0||Unwind@005e72b0|synthetic||legacy-marker|Unwind@005e72b0|false
WIZ8|005e72d0||Unwind@005e72d0|synthetic||legacy-marker|Unwind@005e72d0|false
WIZ8|005e72d8||Unwind@005e72d8|synthetic||legacy-marker|Unwind@005e72d8|false
WIZ8|005e72f0||Unwind@005e72f0|synthetic||legacy-marker|Unwind@005e72f0|false
WIZ8|005e7310||Unwind@005e7310|synthetic||legacy-marker|Unwind@005e7310|false
WIZ8|005e7330||Unwind@005e7330|synthetic||legacy-marker|Unwind@005e7330|false
WIZ8|005e7350||Unwind@005e7350|synthetic||legacy-marker|Unwind@005e7350|false
WIZ8|005e7358||Unwind@005e7358|synthetic||legacy-marker|Unwind@005e7358|false
WIZ8|005e7370||Unwind@005e7370|synthetic||legacy-marker|Unwind@005e7370|false
WIZ8|005e7390||Unwind@005e7390|synthetic||legacy-marker|Unwind@005e7390|false
WIZ8|005e73b0||Unwind@005e73b0|synthetic||legacy-marker|Unwind@005e73b0|false
WIZ8|005e73d0||Unwind@005e73d0|synthetic||legacy-marker|Unwind@005e73d0|false
WIZ8|005e73f0||Unwind@005e73f0|synthetic||legacy-marker|Unwind@005e73f0|false
WIZ8|005e73fb||Unwind@005e73fb|synthetic||legacy-marker|Unwind@005e73fb|false
WIZ8|005e7410||Unwind@005e7410|synthetic||legacy-marker|Unwind@005e7410|false
WIZ8|005e741b||Unwind@005e741b|synthetic||legacy-marker|Unwind@005e741b|false
WIZ8|005e7430||Unwind@005e7430|synthetic||legacy-marker|Unwind@005e7430|false
WIZ8|005e7450||Unwind@005e7450|synthetic||legacy-marker|Unwind@005e7450|false
WIZ8|005e7470||Unwind@005e7470|synthetic||legacy-marker|Unwind@005e7470|false
WIZ8|005e747b||Unwind@005e747b|synthetic||legacy-marker|Unwind@005e747b|false
WIZ8|005e7490||Unwind@005e7490|synthetic||legacy-marker|Unwind@005e7490|false
WIZ8|005e74b0||Unwind@005e74b0|synthetic||legacy-marker|Unwind@005e74b0|false
WIZ8|005e74d0||Unwind@005e74d0|synthetic||legacy-marker|Unwind@005e74d0|false
WIZ8|005e74f0||Unwind@005e74f0|synthetic||legacy-marker|Unwind@005e74f0|false
WIZ8|005e74f8||Unwind@005e74f8|synthetic||legacy-marker|Unwind@005e74f8|false
WIZ8|005e7510||Unwind@005e7510|synthetic||legacy-marker|Unwind@005e7510|false
WIZ8|005e7530||Unwind@005e7530|synthetic||legacy-marker|Unwind@005e7530|false
WIZ8|005e753b||Unwind@005e753b|synthetic||legacy-marker|Unwind@005e753b|false
WIZ8|005e7546||Unwind@005e7546|synthetic||legacy-marker|Unwind@005e7546|false
WIZ8|005e7560||Unwind@005e7560|synthetic||legacy-marker|Unwind@005e7560|false
WIZ8|005e7580||Unwind@005e7580|synthetic||legacy-marker|Unwind@005e7580|false
WIZ8|005e75a0||Unwind@005e75a0|synthetic||legacy-marker|Unwind@005e75a0|false
WIZ8|005e75ab||Unwind@005e75ab|synthetic||legacy-marker|Unwind@005e75ab|false
WIZ8|005e75c0||Unwind@005e75c0|synthetic||legacy-marker|Unwind@005e75c0|false
WIZ8|005e75c8||Unwind@005e75c8|synthetic||legacy-marker|Unwind@005e75c8|false
WIZ8|005e75e0||Unwind@005e75e0|synthetic||legacy-marker|Unwind@005e75e0|false
WIZ8|005e7600||Unwind@005e7600|synthetic||legacy-marker|Unwind@005e7600|false
WIZ8|005e760b||Unwind@005e760b|synthetic||legacy-marker|Unwind@005e760b|false
WIZ8|005e7620||Unwind@005e7620|synthetic||legacy-marker|Unwind@005e7620|false
WIZ8|005e7640||Unwind@005e7640|synthetic||legacy-marker|Unwind@005e7640|false
WIZ8|005e7660||Unwind@005e7660|synthetic||legacy-marker|Unwind@005e7660|false
WIZ8|005e766b||Unwind@005e766b|synthetic||legacy-marker|Unwind@005e766b|false
WIZ8|005e7680||Unwind@005e7680|synthetic||legacy-marker|Unwind@005e7680|false
WIZ8|005e768b||Unwind@005e768b|synthetic||legacy-marker|Unwind@005e768b|false
WIZ8|005e7696||Unwind@005e7696|synthetic||legacy-marker|Unwind@005e7696|false
WIZ8|005e76a1||Unwind@005e76a1|synthetic||legacy-marker|Unwind@005e76a1|false
WIZ8|005e76ac||Unwind@005e76ac|synthetic||legacy-marker|Unwind@005e76ac|false
WIZ8|005e76b7||Unwind@005e76b7|synthetic||legacy-marker|Unwind@005e76b7|false
WIZ8|005e76c2||Unwind@005e76c2|synthetic||legacy-marker|Unwind@005e76c2|false
WIZ8|005e76cd||Unwind@005e76cd|synthetic||legacy-marker|Unwind@005e76cd|false
WIZ8|005e76d8||Unwind@005e76d8|synthetic||legacy-marker|Unwind@005e76d8|false
WIZ8|005e76e3||Unwind@005e76e3|synthetic||legacy-marker|Unwind@005e76e3|false
WIZ8|005e76ee||Unwind@005e76ee|synthetic||legacy-marker|Unwind@005e76ee|false
WIZ8|005e76f9||Unwind@005e76f9|synthetic||legacy-marker|Unwind@005e76f9|false
WIZ8|005e7704||Unwind@005e7704|synthetic||legacy-marker|Unwind@005e7704|false
WIZ8|005e770f||Unwind@005e770f|synthetic||legacy-marker|Unwind@005e770f|false
WIZ8|005e771a||Unwind@005e771a|synthetic||legacy-marker|Unwind@005e771a|false
WIZ8|005e7725||Unwind@005e7725|synthetic||legacy-marker|Unwind@005e7725|false
WIZ8|005e7730||Unwind@005e7730|synthetic||legacy-marker|Unwind@005e7730|false
WIZ8|005e773b||Unwind@005e773b|synthetic||legacy-marker|Unwind@005e773b|false
WIZ8|005e7746||Unwind@005e7746|synthetic||legacy-marker|Unwind@005e7746|false
WIZ8|005e7751||Unwind@005e7751|synthetic||legacy-marker|Unwind@005e7751|false
WIZ8|005e775c||Unwind@005e775c|synthetic||legacy-marker|Unwind@005e775c|false
WIZ8|005e7767||Unwind@005e7767|synthetic||legacy-marker|Unwind@005e7767|false
WIZ8|005e7772||Unwind@005e7772|synthetic||legacy-marker|Unwind@005e7772|false
WIZ8|005e777d||Unwind@005e777d|synthetic||legacy-marker|Unwind@005e777d|false
WIZ8|005e7788||Unwind@005e7788|synthetic||legacy-marker|Unwind@005e7788|false
WIZ8|005e7793||Unwind@005e7793|synthetic||legacy-marker|Unwind@005e7793|false
WIZ8|005e779e||Unwind@005e779e|synthetic||legacy-marker|Unwind@005e779e|false
WIZ8|005e77a9||Unwind@005e77a9|synthetic||legacy-marker|Unwind@005e77a9|false
WIZ8|005e77b4||Unwind@005e77b4|synthetic||legacy-marker|Unwind@005e77b4|false
WIZ8|005e77bf||Unwind@005e77bf|synthetic||legacy-marker|Unwind@005e77bf|false
WIZ8|005e77ca||Unwind@005e77ca|synthetic||legacy-marker|Unwind@005e77ca|false
WIZ8|005e77d5||Unwind@005e77d5|synthetic||legacy-marker|Unwind@005e77d5|false
WIZ8|005e77e0||Unwind@005e77e0|synthetic||legacy-marker|Unwind@005e77e0|false
WIZ8|005e77eb||Unwind@005e77eb|synthetic||legacy-marker|Unwind@005e77eb|false
WIZ8|005e77f6||Unwind@005e77f6|synthetic||legacy-marker|Unwind@005e77f6|false
WIZ8|005e7801||Unwind@005e7801|synthetic||legacy-marker|Unwind@005e7801|false
WIZ8|005e780c||Unwind@005e780c|synthetic||legacy-marker|Unwind@005e780c|false
WIZ8|005e7817||Unwind@005e7817|synthetic||legacy-marker|Unwind@005e7817|false
WIZ8|005e7822||Unwind@005e7822|synthetic||legacy-marker|Unwind@005e7822|false
WIZ8|005e782d||Unwind@005e782d|synthetic||legacy-marker|Unwind@005e782d|false
WIZ8|005e7838||Unwind@005e7838|synthetic||legacy-marker|Unwind@005e7838|false
WIZ8|005e7843||Unwind@005e7843|synthetic||legacy-marker|Unwind@005e7843|false
WIZ8|005e784e||Unwind@005e784e|synthetic||legacy-marker|Unwind@005e784e|false
WIZ8|005e7870||Unwind@005e7870|synthetic||legacy-marker|Unwind@005e7870|false
WIZ8|005e7890||Unwind@005e7890|synthetic||legacy-marker|Unwind@005e7890|false
WIZ8|005e78b0||Unwind@005e78b0|synthetic||legacy-marker|Unwind@005e78b0|false
WIZ8|005e78d0||Unwind@005e78d0|synthetic||legacy-marker|Unwind@005e78d0|false
WIZ8|005e78f0||Unwind@005e78f0|synthetic||legacy-marker|Unwind@005e78f0|false
WIZ8|005e7910||Unwind@005e7910|synthetic||legacy-marker|Unwind@005e7910|false
WIZ8|005e7930||Unwind@005e7930|synthetic||legacy-marker|Unwind@005e7930|false
WIZ8|005e7938||Unwind@005e7938|synthetic||legacy-marker|Unwind@005e7938|false
WIZ8|005e7946||Unwind@005e7946|synthetic||legacy-marker|Unwind@005e7946|false
WIZ8|005e7951||Unwind@005e7951|synthetic||legacy-marker|Unwind@005e7951|false
WIZ8|005e7970||Unwind@005e7970|synthetic||legacy-marker|Unwind@005e7970|false
WIZ8|005e7990||Unwind@005e7990|synthetic||legacy-marker|Unwind@005e7990|false
WIZ8|005e7998||Unwind@005e7998|synthetic||legacy-marker|Unwind@005e7998|false
WIZ8|005e79a3||Unwind@005e79a3|synthetic||legacy-marker|Unwind@005e79a3|false
WIZ8|005e79ae||Unwind@005e79ae|synthetic||legacy-marker|Unwind@005e79ae|false
WIZ8|005e79d0||Unwind@005e79d0|synthetic||legacy-marker|Unwind@005e79d0|false
WIZ8|005e79f0||Unwind@005e79f0|synthetic||legacy-marker|Unwind@005e79f0|false
WIZ8|005e7a10||Unwind@005e7a10|synthetic||legacy-marker|Unwind@005e7a10|false
WIZ8|005e7a1b||Unwind@005e7a1b|synthetic||legacy-marker|Unwind@005e7a1b|false
WIZ8|005e7a26||Unwind@005e7a26|synthetic||legacy-marker|Unwind@005e7a26|false
WIZ8|005e7a31||Unwind@005e7a31|synthetic||legacy-marker|Unwind@005e7a31|false
WIZ8|005e7a3c||Unwind@005e7a3c|synthetic||legacy-marker|Unwind@005e7a3c|false
WIZ8|005e7a47||Unwind@005e7a47|synthetic||legacy-marker|Unwind@005e7a47|false
WIZ8|005e7a60||Unwind@005e7a60|synthetic||legacy-marker|Unwind@005e7a60|false
WIZ8|005e7a80||Unwind@005e7a80|synthetic||legacy-marker|Unwind@005e7a80|false
WIZ8|005e7aa0||Unwind@005e7aa0|synthetic||legacy-marker|Unwind@005e7aa0|false
WIZ8|005e7ac0||Unwind@005e7ac0|synthetic||legacy-marker|Unwind@005e7ac0|false
WIZ8|005e7ae0||Unwind@005e7ae0|synthetic||legacy-marker|Unwind@005e7ae0|false
WIZ8|005e7aeb||Unwind@005e7aeb|synthetic||legacy-marker|Unwind@005e7aeb|false
WIZ8|005e7af6||Unwind@005e7af6|synthetic||legacy-marker|Unwind@005e7af6|false
WIZ8|005e7b01||Unwind@005e7b01|synthetic||legacy-marker|Unwind@005e7b01|false
WIZ8|005e7b0c||Unwind@005e7b0c|synthetic||legacy-marker|Unwind@005e7b0c|false
WIZ8|005e7b17||Unwind@005e7b17|synthetic||legacy-marker|Unwind@005e7b17|false
WIZ8|005e7b30||Unwind@005e7b30|synthetic||legacy-marker|Unwind@005e7b30|false
WIZ8|005e7b38||Unwind@005e7b38|synthetic||legacy-marker|Unwind@005e7b38|false
WIZ8|005e7b43||Unwind@005e7b43|synthetic||legacy-marker|Unwind@005e7b43|false
WIZ8|005e7b51||Unwind@005e7b51|synthetic||legacy-marker|Unwind@005e7b51|false
WIZ8|005e7b5f||Unwind@005e7b5f|synthetic||legacy-marker|Unwind@005e7b5f|false
WIZ8|005e7b80||Unwind@005e7b80|synthetic||legacy-marker|Unwind@005e7b80|false
WIZ8|005e7b88||Unwind@005e7b88|synthetic||legacy-marker|Unwind@005e7b88|false
WIZ8|005e7b93||Unwind@005e7b93|synthetic||legacy-marker|Unwind@005e7b93|false
WIZ8|005e7ba1||Unwind@005e7ba1|synthetic||legacy-marker|Unwind@005e7ba1|false
WIZ8|005e7bc0||Unwind@005e7bc0|synthetic||legacy-marker|Unwind@005e7bc0|false
WIZ8|005e7bc8||Unwind@005e7bc8|synthetic||legacy-marker|Unwind@005e7bc8|false
WIZ8|005e7bd3||Unwind@005e7bd3|synthetic||legacy-marker|Unwind@005e7bd3|false
WIZ8|005e7bde||Unwind@005e7bde|synthetic||legacy-marker|Unwind@005e7bde|false
WIZ8|005e7be9||Unwind@005e7be9|synthetic||legacy-marker|Unwind@005e7be9|false
WIZ8|005e7bf4||Unwind@005e7bf4|synthetic||legacy-marker|Unwind@005e7bf4|false
WIZ8|005e7bff||Unwind@005e7bff|synthetic||legacy-marker|Unwind@005e7bff|false
WIZ8|005e7c0a||Unwind@005e7c0a|synthetic||legacy-marker|Unwind@005e7c0a|false
WIZ8|005e7c20||Unwind@005e7c20|synthetic||legacy-marker|Unwind@005e7c20|false
WIZ8|005e7c40||Unwind@005e7c40|synthetic||legacy-marker|Unwind@005e7c40|false
WIZ8|005e7c4e||Unwind@005e7c4e|synthetic||legacy-marker|Unwind@005e7c4e|false
WIZ8|005e7c59||Unwind@005e7c59|synthetic||legacy-marker|Unwind@005e7c59|false
WIZ8|005e7c64||Unwind@005e7c64|synthetic||legacy-marker|Unwind@005e7c64|false
WIZ8|005e7c6f||Unwind@005e7c6f|synthetic||legacy-marker|Unwind@005e7c6f|false
WIZ8|005e7c7a||Unwind@005e7c7a|synthetic||legacy-marker|Unwind@005e7c7a|false
WIZ8|005e7c85||Unwind@005e7c85|synthetic||legacy-marker|Unwind@005e7c85|false
WIZ8|005e7c90||Unwind@005e7c90|synthetic||legacy-marker|Unwind@005e7c90|false
WIZ8|005e7cb0||Unwind@005e7cb0|synthetic||legacy-marker|Unwind@005e7cb0|false
WIZ8|005e7cd0||Unwind@005e7cd0|synthetic||legacy-marker|Unwind@005e7cd0|false
WIZ8|005e7cf0||Unwind@005e7cf0|synthetic||legacy-marker|Unwind@005e7cf0|false
WIZ8|005e7cf8||Unwind@005e7cf8|synthetic||legacy-marker|Unwind@005e7cf8|false
WIZ8|005e7d10||Unwind@005e7d10|synthetic||legacy-marker|Unwind@005e7d10|false
WIZ8|005e7d30||Unwind@005e7d30|synthetic||legacy-marker|Unwind@005e7d30|false
WIZ8|005e7d50||Unwind@005e7d50|synthetic||legacy-marker|Unwind@005e7d50|false
WIZ8|005e7d70||Unwind@005e7d70|synthetic||legacy-marker|Unwind@005e7d70|false
WIZ8|005e7d78||Unwind@005e7d78|synthetic||legacy-marker|Unwind@005e7d78|false
WIZ8|005e7d86||Unwind@005e7d86|synthetic||legacy-marker|Unwind@005e7d86|false
WIZ8|005e7d94||Unwind@005e7d94|synthetic||legacy-marker|Unwind@005e7d94|false
WIZ8|005e7da2||Unwind@005e7da2|synthetic||legacy-marker|Unwind@005e7da2|false
WIZ8|005e7dad||Unwind@005e7dad|synthetic||legacy-marker|Unwind@005e7dad|false
WIZ8|005e7dd0||Unwind@005e7dd0|synthetic||legacy-marker|Unwind@005e7dd0|false
WIZ8|005e7dd8||Unwind@005e7dd8|synthetic||legacy-marker|Unwind@005e7dd8|false
WIZ8|005e7de6||Unwind@005e7de6|synthetic||legacy-marker|Unwind@005e7de6|false
WIZ8|005e7df4||Unwind@005e7df4|synthetic||legacy-marker|Unwind@005e7df4|false
WIZ8|005e7e10||Unwind@005e7e10|synthetic||legacy-marker|Unwind@005e7e10|false
WIZ8|005e7e18||Unwind@005e7e18|synthetic||legacy-marker|Unwind@005e7e18|false
WIZ8|005e7e23||Unwind@005e7e23|synthetic||legacy-marker|Unwind@005e7e23|false
WIZ8|005e7e2e||Unwind@005e7e2e|synthetic||legacy-marker|Unwind@005e7e2e|false
WIZ8|005e7e39||Unwind@005e7e39|synthetic||legacy-marker|Unwind@005e7e39|false
WIZ8|005e7e44||Unwind@005e7e44|synthetic||legacy-marker|Unwind@005e7e44|false
WIZ8|005e7e4f||Unwind@005e7e4f|synthetic||legacy-marker|Unwind@005e7e4f|false
WIZ8|005e7e5a||Unwind@005e7e5a|synthetic||legacy-marker|Unwind@005e7e5a|false
WIZ8|005e7e70||Unwind@005e7e70|synthetic||legacy-marker|Unwind@005e7e70|false
WIZ8|005e7e90||Unwind@005e7e90|synthetic||legacy-marker|Unwind@005e7e90|false
WIZ8|005e7e9e||Unwind@005e7e9e|synthetic||legacy-marker|Unwind@005e7e9e|false
WIZ8|005e7ea9||Unwind@005e7ea9|synthetic||legacy-marker|Unwind@005e7ea9|false
WIZ8|005e7eb4||Unwind@005e7eb4|synthetic||legacy-marker|Unwind@005e7eb4|false
WIZ8|005e7ebf||Unwind@005e7ebf|synthetic||legacy-marker|Unwind@005e7ebf|false
WIZ8|005e7eca||Unwind@005e7eca|synthetic||legacy-marker|Unwind@005e7eca|false
WIZ8|005e7ed5||Unwind@005e7ed5|synthetic||legacy-marker|Unwind@005e7ed5|false
WIZ8|005e7ee0||Unwind@005e7ee0|synthetic||legacy-marker|Unwind@005e7ee0|false
WIZ8|005e7eeb||Unwind@005e7eeb|synthetic||legacy-marker|Unwind@005e7eeb|false
WIZ8|005e7f00||Unwind@005e7f00|synthetic||legacy-marker|Unwind@005e7f00|false
WIZ8|005e7f20||Unwind@005e7f20|synthetic||legacy-marker|Unwind@005e7f20|false
WIZ8|005e7f40||Unwind@005e7f40|synthetic||legacy-marker|Unwind@005e7f40|false
WIZ8|005e7f60||Unwind@005e7f60|synthetic||legacy-marker|Unwind@005e7f60|false
WIZ8|005e7f80||Unwind@005e7f80|synthetic||legacy-marker|Unwind@005e7f80|false
WIZ8|005e7f8b||Unwind@005e7f8b|synthetic||legacy-marker|Unwind@005e7f8b|false
WIZ8|005e7f96||Unwind@005e7f96|synthetic||legacy-marker|Unwind@005e7f96|false
WIZ8|005e7fb0||Unwind@005e7fb0|synthetic||legacy-marker|Unwind@005e7fb0|false
WIZ8|005e7fd0||Unwind@005e7fd0|synthetic||legacy-marker|Unwind@005e7fd0|false
WIZ8|005e7fdb||Unwind@005e7fdb|synthetic||legacy-marker|Unwind@005e7fdb|false
WIZ8|005e7fe6||Unwind@005e7fe6|synthetic||legacy-marker|Unwind@005e7fe6|false
WIZ8|005e8000||Unwind@005e8000|synthetic||legacy-marker|Unwind@005e8000|false
WIZ8|005e8020||Unwind@005e8020|synthetic||legacy-marker|Unwind@005e8020|false
WIZ8|005e8040||Unwind@005e8040|synthetic||legacy-marker|Unwind@005e8040|false
WIZ8|005e8060||Unwind@005e8060|synthetic||legacy-marker|Unwind@005e8060|false
WIZ8|005e8080||Unwind@005e8080|synthetic||legacy-marker|Unwind@005e8080|false
WIZ8|005e80a0||Unwind@005e80a0|synthetic||legacy-marker|Unwind@005e80a0|false
WIZ8|005e80c0||Unwind@005e80c0|synthetic||legacy-marker|Unwind@005e80c0|false
WIZ8|005e80e0||Unwind@005e80e0|synthetic||legacy-marker|Unwind@005e80e0|false
WIZ8|005e8100||Unwind@005e8100|synthetic||legacy-marker|Unwind@005e8100|false
WIZ8|005e8120||Unwind@005e8120|synthetic||legacy-marker|Unwind@005e8120|false
WIZ8|005e812b||Unwind@005e812b|synthetic||legacy-marker|Unwind@005e812b|false
WIZ8|005e8140||Unwind@005e8140|synthetic||legacy-marker|Unwind@005e8140|false
WIZ8|005e814b||Unwind@005e814b|synthetic||legacy-marker|Unwind@005e814b|false
WIZ8|005e8160||Unwind@005e8160|synthetic||legacy-marker|Unwind@005e8160|false
WIZ8|005e816b||Unwind@005e816b|synthetic||legacy-marker|Unwind@005e816b|false
WIZ8|005e8176||Unwind@005e8176|synthetic||legacy-marker|Unwind@005e8176|false
WIZ8|005e8181||Unwind@005e8181|synthetic||legacy-marker|Unwind@005e8181|false
WIZ8|005e818c||Unwind@005e818c|synthetic||legacy-marker|Unwind@005e818c|false
WIZ8|005e8197||Unwind@005e8197|synthetic||legacy-marker|Unwind@005e8197|false
WIZ8|005e81a2||Unwind@005e81a2|synthetic||legacy-marker|Unwind@005e81a2|false
WIZ8|005e81ad||Unwind@005e81ad|synthetic||legacy-marker|Unwind@005e81ad|false
WIZ8|005e81b8||Unwind@005e81b8|synthetic||legacy-marker|Unwind@005e81b8|false
WIZ8|005e81c3||Unwind@005e81c3|synthetic||legacy-marker|Unwind@005e81c3|false
WIZ8|005e81ce||Unwind@005e81ce|synthetic||legacy-marker|Unwind@005e81ce|false
WIZ8|005e81d9||Unwind@005e81d9|synthetic||legacy-marker|Unwind@005e81d9|false
WIZ8|005e81e4||Unwind@005e81e4|synthetic||legacy-marker|Unwind@005e81e4|false
WIZ8|005e81ef||Unwind@005e81ef|synthetic||legacy-marker|Unwind@005e81ef|false
WIZ8|005e81fa||Unwind@005e81fa|synthetic||legacy-marker|Unwind@005e81fa|false
WIZ8|005e8210||Unwind@005e8210|synthetic||legacy-marker|Unwind@005e8210|false
WIZ8|005e8230||Unwind@005e8230|synthetic||legacy-marker|Unwind@005e8230|false
WIZ8|005e823b||Unwind@005e823b|synthetic||legacy-marker|Unwind@005e823b|false
WIZ8|005e8246||Unwind@005e8246|synthetic||legacy-marker|Unwind@005e8246|false
WIZ8|005e8251||Unwind@005e8251|synthetic||legacy-marker|Unwind@005e8251|false
WIZ8|005e825c||Unwind@005e825c|synthetic||legacy-marker|Unwind@005e825c|false
WIZ8|005e8267||Unwind@005e8267|synthetic||legacy-marker|Unwind@005e8267|false
WIZ8|005e8272||Unwind@005e8272|synthetic||legacy-marker|Unwind@005e8272|false
WIZ8|005e827d||Unwind@005e827d|synthetic||legacy-marker|Unwind@005e827d|false
WIZ8|005e8288||Unwind@005e8288|synthetic||legacy-marker|Unwind@005e8288|false
WIZ8|005e8293||Unwind@005e8293|synthetic||legacy-marker|Unwind@005e8293|false
WIZ8|005e829e||Unwind@005e829e|synthetic||legacy-marker|Unwind@005e829e|false
WIZ8|005e82a9||Unwind@005e82a9|synthetic||legacy-marker|Unwind@005e82a9|false
WIZ8|005e82b4||Unwind@005e82b4|synthetic||legacy-marker|Unwind@005e82b4|false
WIZ8|005e82bf||Unwind@005e82bf|synthetic||legacy-marker|Unwind@005e82bf|false
WIZ8|005e82ca||Unwind@005e82ca|synthetic||legacy-marker|Unwind@005e82ca|false
WIZ8|005e82d5||Unwind@005e82d5|synthetic||legacy-marker|Unwind@005e82d5|false
WIZ8|005e82e0||Unwind@005e82e0|synthetic||legacy-marker|Unwind@005e82e0|false
WIZ8|005e82eb||Unwind@005e82eb|synthetic||legacy-marker|Unwind@005e82eb|false
WIZ8|005e82f6||Unwind@005e82f6|synthetic||legacy-marker|Unwind@005e82f6|false
WIZ8|005e8301||Unwind@005e8301|synthetic||legacy-marker|Unwind@005e8301|false
WIZ8|005e830c||Unwind@005e830c|synthetic||legacy-marker|Unwind@005e830c|false
WIZ8|005e8317||Unwind@005e8317|synthetic||legacy-marker|Unwind@005e8317|false
WIZ8|005e8322||Unwind@005e8322|synthetic||legacy-marker|Unwind@005e8322|false
WIZ8|005e832d||Unwind@005e832d|synthetic||legacy-marker|Unwind@005e832d|false
WIZ8|005e8338||Unwind@005e8338|synthetic||legacy-marker|Unwind@005e8338|false
WIZ8|005e8343||Unwind@005e8343|synthetic||legacy-marker|Unwind@005e8343|false
WIZ8|005e8360||Unwind@005e8360|synthetic||legacy-marker|Unwind@005e8360|false
WIZ8|005e8380||Unwind@005e8380|synthetic||legacy-marker|Unwind@005e8380|false
WIZ8|005e838b||Unwind@005e838b|synthetic||legacy-marker|Unwind@005e838b|false
WIZ8|005e8396||Unwind@005e8396|synthetic||legacy-marker|Unwind@005e8396|false
WIZ8|005e83a1||Unwind@005e83a1|synthetic||legacy-marker|Unwind@005e83a1|false
WIZ8|005e83c0||Unwind@005e83c0|synthetic||legacy-marker|Unwind@005e83c0|false
WIZ8|005e83e0||Unwind@005e83e0|synthetic||legacy-marker|Unwind@005e83e0|false
WIZ8|005e83eb||Unwind@005e83eb|synthetic||legacy-marker|Unwind@005e83eb|false
WIZ8|005e83f6||Unwind@005e83f6|synthetic||legacy-marker|Unwind@005e83f6|false
WIZ8|005e8401||Unwind@005e8401|synthetic||legacy-marker|Unwind@005e8401|false
WIZ8|005e840c||Unwind@005e840c|synthetic||legacy-marker|Unwind@005e840c|false
WIZ8|005e8417||Unwind@005e8417|synthetic||legacy-marker|Unwind@005e8417|false
WIZ8|005e8430||Unwind@005e8430|synthetic||legacy-marker|Unwind@005e8430|false
WIZ8|005e8450||Unwind@005e8450|synthetic||legacy-marker|Unwind@005e8450|false
WIZ8|005e8458||Unwind@005e8458|synthetic||legacy-marker|Unwind@005e8458|false
WIZ8|005e8463||Unwind@005e8463|synthetic||legacy-marker|Unwind@005e8463|false
WIZ8|005e8480||Unwind@005e8480|synthetic||legacy-marker|Unwind@005e8480|false
WIZ8|005e84a0||Unwind@005e84a0|synthetic||legacy-marker|Unwind@005e84a0|false
WIZ8|005e84c0||Unwind@005e84c0|synthetic||legacy-marker|Unwind@005e84c0|false
WIZ8|005e84e0||Unwind@005e84e0|synthetic||legacy-marker|Unwind@005e84e0|false
WIZ8|005e8500||Unwind@005e8500|synthetic||legacy-marker|Unwind@005e8500|false
WIZ8|005e8520||Unwind@005e8520|synthetic||legacy-marker|Unwind@005e8520|false
WIZ8|005e8540||Unwind@005e8540|synthetic||legacy-marker|Unwind@005e8540|false
WIZ8|005e8560||Unwind@005e8560|synthetic||legacy-marker|Unwind@005e8560|false
WIZ8|005e8580||Unwind@005e8580|synthetic||legacy-marker|Unwind@005e8580|false
WIZ8|005e8588||Unwind@005e8588|synthetic||legacy-marker|Unwind@005e8588|false
WIZ8|005e8593||Unwind@005e8593|synthetic||legacy-marker|Unwind@005e8593|false
WIZ8|005e85b0||Unwind@005e85b0|synthetic||legacy-marker|Unwind@005e85b0|false
WIZ8|005e85b8||Unwind@005e85b8|synthetic||legacy-marker|Unwind@005e85b8|false
WIZ8|005e85c3||Unwind@005e85c3|synthetic||legacy-marker|Unwind@005e85c3|false
WIZ8|005e85e0||Unwind@005e85e0|synthetic||legacy-marker|Unwind@005e85e0|false
WIZ8|005e85eb||Unwind@005e85eb|synthetic||legacy-marker|Unwind@005e85eb|false
WIZ8|005e85f6||Unwind@005e85f6|synthetic||legacy-marker|Unwind@005e85f6|false
WIZ8|005e8610||Unwind@005e8610|synthetic||legacy-marker|Unwind@005e8610|false
WIZ8|005e861b||Unwind@005e861b|synthetic||legacy-marker|Unwind@005e861b|false
WIZ8|005e8626||Unwind@005e8626|synthetic||legacy-marker|Unwind@005e8626|false
WIZ8|005e8640||Unwind@005e8640|synthetic||legacy-marker|Unwind@005e8640|false
WIZ8|005e864b||Unwind@005e864b|synthetic||legacy-marker|Unwind@005e864b|false
WIZ8|005e8660||Unwind@005e8660|synthetic||legacy-marker|Unwind@005e8660|false
WIZ8|005e866b||Unwind@005e866b|synthetic||legacy-marker|Unwind@005e866b|false
WIZ8|005e8680||Unwind@005e8680|synthetic||legacy-marker|Unwind@005e8680|false
WIZ8|005e8688||Unwind@005e8688|synthetic||legacy-marker|Unwind@005e8688|false
WIZ8|005e8693||Unwind@005e8693|synthetic||legacy-marker|Unwind@005e8693|false
WIZ8|005e869e||Unwind@005e869e|synthetic||legacy-marker|Unwind@005e869e|false
WIZ8|005e86c0||Unwind@005e86c0|synthetic||legacy-marker|Unwind@005e86c0|false
WIZ8|005e86e0||Unwind@005e86e0|synthetic||legacy-marker|Unwind@005e86e0|false
WIZ8|005e8700||Unwind@005e8700|synthetic||legacy-marker|Unwind@005e8700|false
WIZ8|005e870b||Unwind@005e870b|synthetic||legacy-marker|Unwind@005e870b|false
WIZ8|005e8720||Unwind@005e8720|synthetic||legacy-marker|Unwind@005e8720|false
WIZ8|005e8740||Unwind@005e8740|synthetic||legacy-marker|Unwind@005e8740|false
WIZ8|005e8760||Unwind@005e8760|synthetic||legacy-marker|Unwind@005e8760|false
WIZ8|005e876b||Unwind@005e876b|synthetic||legacy-marker|Unwind@005e876b|false
WIZ8|005e8776||Unwind@005e8776|synthetic||legacy-marker|Unwind@005e8776|false
WIZ8|005e8781||Unwind@005e8781|synthetic||legacy-marker|Unwind@005e8781|false
WIZ8|005e87a0||Unwind@005e87a0|synthetic||legacy-marker|Unwind@005e87a0|false
WIZ8|005e87c0||Unwind@005e87c0|synthetic||legacy-marker|Unwind@005e87c0|false
WIZ8|005e87e0||Unwind@005e87e0|synthetic||legacy-marker|Unwind@005e87e0|false
WIZ8|005e87eb||Unwind@005e87eb|synthetic||legacy-marker|Unwind@005e87eb|false
WIZ8|005e87f3||Unwind@005e87f3|synthetic||legacy-marker|Unwind@005e87f3|false
WIZ8|005e87fe||Unwind@005e87fe|synthetic||legacy-marker|Unwind@005e87fe|false
WIZ8|005e8820||Unwind@005e8820|synthetic||legacy-marker|Unwind@005e8820|false
WIZ8|005e882e||Unwind@005e882e|synthetic||legacy-marker|Unwind@005e882e|false
WIZ8|005e8850||Unwind@005e8850|synthetic||legacy-marker|Unwind@005e8850|false
WIZ8|005e8858||Unwind@005e8858|synthetic||legacy-marker|Unwind@005e8858|false
WIZ8|005e8863||Unwind@005e8863|synthetic||legacy-marker|Unwind@005e8863|false
WIZ8|005e8880||Unwind@005e8880|synthetic||legacy-marker|Unwind@005e8880|false
WIZ8|005e888b||Unwind@005e888b|synthetic||legacy-marker|Unwind@005e888b|false
WIZ8|005e8896||Unwind@005e8896|synthetic||legacy-marker|Unwind@005e8896|false
WIZ8|005e88a1||Unwind@005e88a1|synthetic||legacy-marker|Unwind@005e88a1|false
WIZ8|005e88a9||Unwind@005e88a9|synthetic||legacy-marker|Unwind@005e88a9|false
WIZ8|005e88b1||Unwind@005e88b1|synthetic||legacy-marker|Unwind@005e88b1|false
WIZ8|005e88bc||Unwind@005e88bc|synthetic||legacy-marker|Unwind@005e88bc|false
WIZ8|005e88d0||Unwind@005e88d0|synthetic||legacy-marker|Unwind@005e88d0|false
WIZ8|005e88db||Unwind@005e88db|synthetic||legacy-marker|Unwind@005e88db|false
WIZ8|005e88e6||Unwind@005e88e6|synthetic||legacy-marker|Unwind@005e88e6|false
WIZ8|005e88f1||Unwind@005e88f1|synthetic||legacy-marker|Unwind@005e88f1|false
WIZ8|005e88fc||Unwind@005e88fc|synthetic||legacy-marker|Unwind@005e88fc|false
WIZ8|005e8907||Unwind@005e8907|synthetic||legacy-marker|Unwind@005e8907|false
WIZ8|005e8912||Unwind@005e8912|synthetic||legacy-marker|Unwind@005e8912|false
WIZ8|005e891d||Unwind@005e891d|synthetic||legacy-marker|Unwind@005e891d|false
WIZ8|005e8925||Unwind@005e8925|synthetic||legacy-marker|Unwind@005e8925|false
WIZ8|005e8930||Unwind@005e8930|synthetic||legacy-marker|Unwind@005e8930|false
WIZ8|005e893b||Unwind@005e893b|synthetic||legacy-marker|Unwind@005e893b|false
WIZ8|005e8943||Unwind@005e8943|synthetic||legacy-marker|Unwind@005e8943|false
WIZ8|005e8951||Unwind@005e8951|synthetic||legacy-marker|Unwind@005e8951|false
WIZ8|005e895c||Unwind@005e895c|synthetic||legacy-marker|Unwind@005e895c|false
WIZ8|005e8967||Unwind@005e8967|synthetic||legacy-marker|Unwind@005e8967|false
WIZ8|005e8972||Unwind@005e8972|synthetic||legacy-marker|Unwind@005e8972|false
WIZ8|005e897a||Unwind@005e897a|synthetic||legacy-marker|Unwind@005e897a|false
WIZ8|005e89a0||Unwind@005e89a0|synthetic||legacy-marker|Unwind@005e89a0|false
WIZ8|005e89a8||Unwind@005e89a8|synthetic||legacy-marker|Unwind@005e89a8|false
WIZ8|005e89b3||Unwind@005e89b3|synthetic||legacy-marker|Unwind@005e89b3|false
WIZ8|005e89d0||Unwind@005e89d0|synthetic||legacy-marker|Unwind@005e89d0|false
WIZ8|005e89d8||Unwind@005e89d8|synthetic||legacy-marker|Unwind@005e89d8|false
WIZ8|005e89e3||Unwind@005e89e3|synthetic||legacy-marker|Unwind@005e89e3|false
WIZ8|005e8a00||Unwind@005e8a00|synthetic||legacy-marker|Unwind@005e8a00|false
WIZ8|005e8a08||Unwind@005e8a08|synthetic||legacy-marker|Unwind@005e8a08|false
WIZ8|005e8a13||Unwind@005e8a13|synthetic||legacy-marker|Unwind@005e8a13|false
WIZ8|005e8a30||Unwind@005e8a30|synthetic||legacy-marker|Unwind@005e8a30|false
WIZ8|005e8a38||Unwind@005e8a38|synthetic||legacy-marker|Unwind@005e8a38|false
WIZ8|005e8a43||Unwind@005e8a43|synthetic||legacy-marker|Unwind@005e8a43|false
WIZ8|005e8a60||Unwind@005e8a60|synthetic||legacy-marker|Unwind@005e8a60|false
WIZ8|005e8a68||Unwind@005e8a68|synthetic||legacy-marker|Unwind@005e8a68|false
WIZ8|005e8a73||Unwind@005e8a73|synthetic||legacy-marker|Unwind@005e8a73|false
WIZ8|005e8a90||Unwind@005e8a90|synthetic||legacy-marker|Unwind@005e8a90|false
WIZ8|005e8a98||Unwind@005e8a98|synthetic||legacy-marker|Unwind@005e8a98|false
WIZ8|005e8aa3||Unwind@005e8aa3|synthetic||legacy-marker|Unwind@005e8aa3|false
WIZ8|005e8ac0||Unwind@005e8ac0|synthetic||legacy-marker|Unwind@005e8ac0|false
WIZ8|005e8ac8||Unwind@005e8ac8|synthetic||legacy-marker|Unwind@005e8ac8|false
WIZ8|005e8ad3||Unwind@005e8ad3|synthetic||legacy-marker|Unwind@005e8ad3|false
WIZ8|005e8af0||Unwind@005e8af0|synthetic||legacy-marker|Unwind@005e8af0|false
WIZ8|005e8af8||Unwind@005e8af8|synthetic||legacy-marker|Unwind@005e8af8|false
WIZ8|005e8b03||Unwind@005e8b03|synthetic||legacy-marker|Unwind@005e8b03|false
WIZ8|005e8b20||Unwind@005e8b20|synthetic||legacy-marker|Unwind@005e8b20|false
WIZ8|005e8b2b||Unwind@005e8b2b|synthetic||legacy-marker|Unwind@005e8b2b|false
WIZ8|005e8b36||Unwind@005e8b36|synthetic||legacy-marker|Unwind@005e8b36|false
WIZ8|005e8b50||Unwind@005e8b50|synthetic||legacy-marker|Unwind@005e8b50|false
WIZ8|005e8b70||Unwind@005e8b70|synthetic||legacy-marker|Unwind@005e8b70|false
WIZ8|005e8b7b||Unwind@005e8b7b|synthetic||legacy-marker|Unwind@005e8b7b|false
WIZ8|005e8b86||Unwind@005e8b86|synthetic||legacy-marker|Unwind@005e8b86|false
WIZ8|005e8ba0||Unwind@005e8ba0|synthetic||legacy-marker|Unwind@005e8ba0|false
WIZ8|005e8bc0||Unwind@005e8bc0|synthetic||legacy-marker|Unwind@005e8bc0|false
WIZ8|005e8bcb||Unwind@005e8bcb|synthetic||legacy-marker|Unwind@005e8bcb|false
WIZ8|005e8be0||Unwind@005e8be0|synthetic||legacy-marker|Unwind@005e8be0|false
WIZ8|005e8beb||Unwind@005e8beb|synthetic||legacy-marker|Unwind@005e8beb|false
WIZ8|005e8bf6||Unwind@005e8bf6|synthetic||legacy-marker|Unwind@005e8bf6|false
WIZ8|005e8c01||Unwind@005e8c01|synthetic||legacy-marker|Unwind@005e8c01|false
WIZ8|005e8c0c||Unwind@005e8c0c|synthetic||legacy-marker|Unwind@005e8c0c|false
WIZ8|005e8c17||Unwind@005e8c17|synthetic||legacy-marker|Unwind@005e8c17|false
WIZ8|005e8c30||Unwind@005e8c30|synthetic||legacy-marker|Unwind@005e8c30|false
WIZ8|005e8c50||Unwind@005e8c50|synthetic||legacy-marker|Unwind@005e8c50|false
WIZ8|005e8c58||Unwind@005e8c58|synthetic||legacy-marker|Unwind@005e8c58|false
WIZ8|005e8c70||Unwind@005e8c70|synthetic||legacy-marker|Unwind@005e8c70|false
WIZ8|005e8c7b||Unwind@005e8c7b|synthetic||legacy-marker|Unwind@005e8c7b|false
WIZ8|005e8c86||Unwind@005e8c86|synthetic||legacy-marker|Unwind@005e8c86|false
WIZ8|005e8c91||Unwind@005e8c91|synthetic||legacy-marker|Unwind@005e8c91|false
WIZ8|005e8c9c||Unwind@005e8c9c|synthetic||legacy-marker|Unwind@005e8c9c|false
WIZ8|005e8ca7||Unwind@005e8ca7|synthetic||legacy-marker|Unwind@005e8ca7|false
WIZ8|005e8cc0||Unwind@005e8cc0|synthetic||legacy-marker|Unwind@005e8cc0|false
WIZ8|005e8ce0||Unwind@005e8ce0|synthetic||legacy-marker|Unwind@005e8ce0|false
WIZ8|005e8d00||Unwind@005e8d00|synthetic||legacy-marker|Unwind@005e8d00|false
WIZ8|005e8d20||Unwind@005e8d20|synthetic||legacy-marker|Unwind@005e8d20|false
WIZ8|005e8d40||Unwind@005e8d40|synthetic||legacy-marker|Unwind@005e8d40|false
WIZ8|005e8d60||Unwind@005e8d60|synthetic||legacy-marker|Unwind@005e8d60|false
WIZ8|005e8d6b||Unwind@005e8d6b|synthetic||legacy-marker|Unwind@005e8d6b|false
WIZ8|005e8d80||Unwind@005e8d80|synthetic||legacy-marker|Unwind@005e8d80|false
WIZ8|005e8da0||Unwind@005e8da0|synthetic||legacy-marker|Unwind@005e8da0|false
WIZ8|005e8dc0||Unwind@005e8dc0|synthetic||legacy-marker|Unwind@005e8dc0|false
WIZ8|005e8de0||Unwind@005e8de0|synthetic||legacy-marker|Unwind@005e8de0|false
WIZ8|005e8deb||Unwind@005e8deb|synthetic||legacy-marker|Unwind@005e8deb|false
WIZ8|005e8df6||Unwind@005e8df6|synthetic||legacy-marker|Unwind@005e8df6|false
WIZ8|005e8e01||Unwind@005e8e01|synthetic||legacy-marker|Unwind@005e8e01|false
WIZ8|005e8e0c||Unwind@005e8e0c|synthetic||legacy-marker|Unwind@005e8e0c|false
WIZ8|005e8e17||Unwind@005e8e17|synthetic||legacy-marker|Unwind@005e8e17|false
WIZ8|005e8e30||Unwind@005e8e30|synthetic||legacy-marker|Unwind@005e8e30|false
WIZ8|005e8e38||Unwind@005e8e38|synthetic||legacy-marker|Unwind@005e8e38|false
WIZ8|005e8e43||Unwind@005e8e43|synthetic||legacy-marker|Unwind@005e8e43|false
WIZ8|005e8e4e||Unwind@005e8e4e|synthetic||legacy-marker|Unwind@005e8e4e|false
WIZ8|005e8e59||Unwind@005e8e59|synthetic||legacy-marker|Unwind@005e8e59|false
WIZ8|005e8e64||Unwind@005e8e64|synthetic||legacy-marker|Unwind@005e8e64|false
WIZ8|005e8e6f||Unwind@005e8e6f|synthetic||legacy-marker|Unwind@005e8e6f|false
WIZ8|005e8e90||Unwind@005e8e90|synthetic||legacy-marker|Unwind@005e8e90|false
WIZ8|005e8eb0||Unwind@005e8eb0|synthetic||legacy-marker|Unwind@005e8eb0|false
WIZ8|005e8ebb||Unwind@005e8ebb|synthetic||legacy-marker|Unwind@005e8ebb|false
WIZ8|005e8ec6||Unwind@005e8ec6|synthetic||legacy-marker|Unwind@005e8ec6|false
WIZ8|005e8ed1||Unwind@005e8ed1|synthetic||legacy-marker|Unwind@005e8ed1|false
WIZ8|005e8edc||Unwind@005e8edc|synthetic||legacy-marker|Unwind@005e8edc|false
WIZ8|005e8ee7||Unwind@005e8ee7|synthetic||legacy-marker|Unwind@005e8ee7|false
WIZ8|005e8ef2||Unwind@005e8ef2|synthetic||legacy-marker|Unwind@005e8ef2|false
WIZ8|005e8efd||Unwind@005e8efd|synthetic||legacy-marker|Unwind@005e8efd|false
WIZ8|005e8f08||Unwind@005e8f08|synthetic||legacy-marker|Unwind@005e8f08|false
WIZ8|005e8f13||Unwind@005e8f13|synthetic||legacy-marker|Unwind@005e8f13|false
WIZ8|005e8f1e||Unwind@005e8f1e|synthetic||legacy-marker|Unwind@005e8f1e|false
WIZ8|005e8f29||Unwind@005e8f29|synthetic||legacy-marker|Unwind@005e8f29|false
WIZ8|005e8f34||Unwind@005e8f34|synthetic||legacy-marker|Unwind@005e8f34|false
WIZ8|005e8f3f||Unwind@005e8f3f|synthetic||legacy-marker|Unwind@005e8f3f|false
WIZ8|005e8f60||Unwind@005e8f60|synthetic||legacy-marker|Unwind@005e8f60|false
WIZ8|005e8f6b||Unwind@005e8f6b|synthetic||legacy-marker|Unwind@005e8f6b|false
WIZ8|005e8f80||Unwind@005e8f80|synthetic||legacy-marker|Unwind@005e8f80|false
WIZ8|005e8f8b||Unwind@005e8f8b|synthetic||legacy-marker|Unwind@005e8f8b|false
WIZ8|005e8fa0||Unwind@005e8fa0|synthetic||legacy-marker|Unwind@005e8fa0|false
WIZ8|005e8fc0||Unwind@005e8fc0|synthetic||legacy-marker|Unwind@005e8fc0|false
WIZ8|005e8fe0||Unwind@005e8fe0|synthetic||legacy-marker|Unwind@005e8fe0|false
WIZ8|005e9000||Unwind@005e9000|synthetic||legacy-marker|Unwind@005e9000|false
WIZ8|005e9020||Unwind@005e9020|synthetic||legacy-marker|Unwind@005e9020|false
WIZ8|005e9040||Unwind@005e9040|synthetic||legacy-marker|Unwind@005e9040|false
WIZ8|005e9060||Unwind@005e9060|synthetic||legacy-marker|Unwind@005e9060|false
WIZ8|005e906b||Unwind@005e906b|synthetic||legacy-marker|Unwind@005e906b|false
WIZ8|005e9076||Unwind@005e9076|synthetic||legacy-marker|Unwind@005e9076|false
WIZ8|005e9090||Unwind@005e9090|synthetic||legacy-marker|Unwind@005e9090|false
WIZ8|005e909b||Unwind@005e909b|synthetic||legacy-marker|Unwind@005e909b|false
WIZ8|005e90a6||Unwind@005e90a6|synthetic||legacy-marker|Unwind@005e90a6|false
WIZ8|005e90b1||Unwind@005e90b1|synthetic||legacy-marker|Unwind@005e90b1|false
WIZ8|005e90bc||Unwind@005e90bc|synthetic||legacy-marker|Unwind@005e90bc|false
WIZ8|005e90c7||Unwind@005e90c7|synthetic||legacy-marker|Unwind@005e90c7|false
WIZ8|005e90d2||Unwind@005e90d2|synthetic||legacy-marker|Unwind@005e90d2|false
WIZ8|005e90dd||Unwind@005e90dd|synthetic||legacy-marker|Unwind@005e90dd|false
WIZ8|005e9100||Unwind@005e9100|synthetic||legacy-marker|Unwind@005e9100|false
WIZ8|005e910b||Unwind@005e910b|synthetic||legacy-marker|Unwind@005e910b|false
WIZ8|005e9116||Unwind@005e9116|synthetic||legacy-marker|Unwind@005e9116|false
WIZ8|005e9121||Unwind@005e9121|synthetic||legacy-marker|Unwind@005e9121|false
WIZ8|005e912c||Unwind@005e912c|synthetic||legacy-marker|Unwind@005e912c|false
WIZ8|005e9137||Unwind@005e9137|synthetic||legacy-marker|Unwind@005e9137|false
WIZ8|005e9142||Unwind@005e9142|synthetic||legacy-marker|Unwind@005e9142|false
WIZ8|005e914d||Unwind@005e914d|synthetic||legacy-marker|Unwind@005e914d|false
WIZ8|005e9158||Unwind@005e9158|synthetic||legacy-marker|Unwind@005e9158|false
WIZ8|005e9170||Unwind@005e9170|synthetic||legacy-marker|Unwind@005e9170|false
WIZ8|005e917b||Unwind@005e917b|synthetic||legacy-marker|Unwind@005e917b|false
WIZ8|005e9190||Unwind@005e9190|synthetic||legacy-marker|Unwind@005e9190|false
WIZ8|005e91b0||Unwind@005e91b0|synthetic||legacy-marker|Unwind@005e91b0|false
WIZ8|005e91d0||Unwind@005e91d0|synthetic||legacy-marker|Unwind@005e91d0|false
WIZ8|005e91f0||Unwind@005e91f0|synthetic||legacy-marker|Unwind@005e91f0|false
WIZ8|005e9210||Unwind@005e9210|synthetic||legacy-marker|Unwind@005e9210|false
WIZ8|005e9230||Unwind@005e9230|synthetic||legacy-marker|Unwind@005e9230|false
WIZ8|005e9238||Unwind@005e9238|synthetic||legacy-marker|Unwind@005e9238|false
WIZ8|005e9243||Unwind@005e9243|synthetic||legacy-marker|Unwind@005e9243|false
WIZ8|005e924e||Unwind@005e924e|synthetic||legacy-marker|Unwind@005e924e|false
WIZ8|005e9259||Unwind@005e9259|synthetic||legacy-marker|Unwind@005e9259|false
WIZ8|005e9264||Unwind@005e9264|synthetic||legacy-marker|Unwind@005e9264|false
WIZ8|005e9280||Unwind@005e9280|synthetic||legacy-marker|Unwind@005e9280|false
WIZ8|005e92a0||Unwind@005e92a0|synthetic||legacy-marker|Unwind@005e92a0|false
WIZ8|005e92ab||Unwind@005e92ab|synthetic||legacy-marker|Unwind@005e92ab|false
WIZ8|005e92c0||Unwind@005e92c0|synthetic||legacy-marker|Unwind@005e92c0|false
WIZ8|005e92c8||Unwind@005e92c8|synthetic||legacy-marker|Unwind@005e92c8|false
WIZ8|005e92e0||Unwind@005e92e0|synthetic||legacy-marker|Unwind@005e92e0|false
WIZ8|005e9300||Unwind@005e9300|synthetic||legacy-marker|Unwind@005e9300|false
WIZ8|005e9308||Unwind@005e9308|synthetic||legacy-marker|Unwind@005e9308|false
WIZ8|005e9313||Unwind@005e9313|synthetic||legacy-marker|Unwind@005e9313|false
WIZ8|005e931e||Unwind@005e931e|synthetic||legacy-marker|Unwind@005e931e|false
WIZ8|005e9330||Unwind@005e9330|synthetic||legacy-marker|Unwind@005e9330|false
WIZ8|005e9338||Unwind@005e9338|synthetic||legacy-marker|Unwind@005e9338|false
WIZ8|005e9350||Unwind@005e9350|synthetic||legacy-marker|Unwind@005e9350|false
WIZ8|005e9370||Unwind@005e9370|synthetic||legacy-marker|Unwind@005e9370|false
WIZ8|005e9390||Unwind@005e9390|synthetic||legacy-marker|Unwind@005e9390|false
WIZ8|005e9398||Unwind@005e9398|synthetic||legacy-marker|Unwind@005e9398|false
WIZ8|005e93a3||Unwind@005e93a3|synthetic||legacy-marker|Unwind@005e93a3|false
WIZ8|005e93c0||Unwind@005e93c0|synthetic||legacy-marker|Unwind@005e93c0|false
WIZ8|005e93c8||Unwind@005e93c8|synthetic||legacy-marker|Unwind@005e93c8|false
WIZ8|005e93e0||Unwind@005e93e0|synthetic||legacy-marker|Unwind@005e93e0|false
WIZ8|005e93e8||Unwind@005e93e8|synthetic||legacy-marker|Unwind@005e93e8|false
WIZ8|005e9400||Unwind@005e9400|synthetic||legacy-marker|Unwind@005e9400|false
WIZ8|005e9420||Unwind@005e9420|synthetic||legacy-marker|Unwind@005e9420|false
WIZ8|005e942b||Unwind@005e942b|synthetic||legacy-marker|Unwind@005e942b|false
WIZ8|005e9440||Unwind@005e9440|synthetic||legacy-marker|Unwind@005e9440|false
WIZ8|005e9448||Unwind@005e9448|synthetic||legacy-marker|Unwind@005e9448|false
WIZ8|005e9453||Unwind@005e9453|synthetic||legacy-marker|Unwind@005e9453|false
WIZ8|005e945e||Unwind@005e945e|synthetic||legacy-marker|Unwind@005e945e|false
WIZ8|005e9469||Unwind@005e9469|synthetic||legacy-marker|Unwind@005e9469|false
WIZ8|005e9474||Unwind@005e9474|synthetic||legacy-marker|Unwind@005e9474|false
WIZ8|005e9490||Unwind@005e9490|synthetic||legacy-marker|Unwind@005e9490|false
WIZ8|005e9498||Unwind@005e9498|synthetic||legacy-marker|Unwind@005e9498|false
WIZ8|005e94a3||Unwind@005e94a3|synthetic||legacy-marker|Unwind@005e94a3|false
WIZ8|005e94c0||Unwind@005e94c0|synthetic||legacy-marker|Unwind@005e94c0|false
WIZ8|005e94cb||Unwind@005e94cb|synthetic||legacy-marker|Unwind@005e94cb|false
WIZ8|005e94d6||Unwind@005e94d6|synthetic||legacy-marker|Unwind@005e94d6|false
WIZ8|005e94e1||Unwind@005e94e1|synthetic||legacy-marker|Unwind@005e94e1|false
WIZ8|005e94ec||Unwind@005e94ec|synthetic||legacy-marker|Unwind@005e94ec|false
WIZ8|005e94f7||Unwind@005e94f7|synthetic||legacy-marker|Unwind@005e94f7|false
WIZ8|005e9502||Unwind@005e9502|synthetic||legacy-marker|Unwind@005e9502|false
WIZ8|005e950d||Unwind@005e950d|synthetic||legacy-marker|Unwind@005e950d|false
WIZ8|005e9518||Unwind@005e9518|synthetic||legacy-marker|Unwind@005e9518|false
WIZ8|005e9523||Unwind@005e9523|synthetic||legacy-marker|Unwind@005e9523|false
WIZ8|005e9540||Unwind@005e9540|synthetic||legacy-marker|Unwind@005e9540|false
WIZ8|005e954b||Unwind@005e954b|synthetic||legacy-marker|Unwind@005e954b|false
WIZ8|005e9556||Unwind@005e9556|synthetic||legacy-marker|Unwind@005e9556|false
WIZ8|005e9561||Unwind@005e9561|synthetic||legacy-marker|Unwind@005e9561|false
WIZ8|005e956c||Unwind@005e956c|synthetic||legacy-marker|Unwind@005e956c|false
WIZ8|005e9577||Unwind@005e9577|synthetic||legacy-marker|Unwind@005e9577|false
WIZ8|005e9582||Unwind@005e9582|synthetic||legacy-marker|Unwind@005e9582|false
WIZ8|005e958d||Unwind@005e958d|synthetic||legacy-marker|Unwind@005e958d|false
WIZ8|005e9598||Unwind@005e9598|synthetic||legacy-marker|Unwind@005e9598|false
WIZ8|005e95a3||Unwind@005e95a3|synthetic||legacy-marker|Unwind@005e95a3|false
WIZ8|005e95ae||Unwind@005e95ae|synthetic||legacy-marker|Unwind@005e95ae|false
WIZ8|005e95b9||Unwind@005e95b9|synthetic||legacy-marker|Unwind@005e95b9|false
WIZ8|005e95c4||Unwind@005e95c4|synthetic||legacy-marker|Unwind@005e95c4|false
WIZ8|005e95cf||Unwind@005e95cf|synthetic||legacy-marker|Unwind@005e95cf|false
WIZ8|005e95da||Unwind@005e95da|synthetic||legacy-marker|Unwind@005e95da|false
WIZ8|005e95e5||Unwind@005e95e5|synthetic||legacy-marker|Unwind@005e95e5|false
WIZ8|005e95f0||Unwind@005e95f0|synthetic||legacy-marker|Unwind@005e95f0|false
WIZ8|005e95fb||Unwind@005e95fb|synthetic||legacy-marker|Unwind@005e95fb|false
WIZ8|005e9610||Unwind@005e9610|synthetic||legacy-marker|Unwind@005e9610|false
WIZ8|005e9630||Unwind@005e9630|synthetic||legacy-marker|Unwind@005e9630|false
WIZ8|005e963b||Unwind@005e963b|synthetic||legacy-marker|Unwind@005e963b|false
WIZ8|005e9650||Unwind@005e9650|synthetic||legacy-marker|Unwind@005e9650|false
WIZ8|005e9670||Unwind@005e9670|synthetic||legacy-marker|Unwind@005e9670|false
WIZ8|005e9678||Unwind@005e9678|synthetic||legacy-marker|Unwind@005e9678|false
WIZ8|005e9683||Unwind@005e9683|synthetic||legacy-marker|Unwind@005e9683|false
WIZ8|005e968e||Unwind@005e968e|synthetic||legacy-marker|Unwind@005e968e|false
WIZ8|005e96b0||Unwind@005e96b0|synthetic||legacy-marker|Unwind@005e96b0|false
WIZ8|005e96d0||Unwind@005e96d0|synthetic||legacy-marker|Unwind@005e96d0|false
WIZ8|005e96f0||Unwind@005e96f0|synthetic||legacy-marker|Unwind@005e96f0|false
WIZ8|005e96fb||Unwind@005e96fb|synthetic||legacy-marker|Unwind@005e96fb|false
WIZ8|005e9706||Unwind@005e9706|synthetic||legacy-marker|Unwind@005e9706|false
WIZ8|005e9711||Unwind@005e9711|synthetic||legacy-marker|Unwind@005e9711|false
WIZ8|005e971c||Unwind@005e971c|synthetic||legacy-marker|Unwind@005e971c|false
WIZ8|005e9727||Unwind@005e9727|synthetic||legacy-marker|Unwind@005e9727|false
WIZ8|005e9732||Unwind@005e9732|synthetic||legacy-marker|Unwind@005e9732|false
WIZ8|005e9750||Unwind@005e9750|synthetic||legacy-marker|Unwind@005e9750|false
WIZ8|005e975b||Unwind@005e975b|synthetic||legacy-marker|Unwind@005e975b|false
WIZ8|005e9766||Unwind@005e9766|synthetic||legacy-marker|Unwind@005e9766|false
WIZ8|005e9780||Unwind@005e9780|synthetic||legacy-marker|Unwind@005e9780|false
WIZ8|005e978b||Unwind@005e978b|synthetic||legacy-marker|Unwind@005e978b|false
WIZ8|005e9793||Unwind@005e9793|synthetic||legacy-marker|Unwind@005e9793|false
WIZ8|005e97a1||Unwind@005e97a1|synthetic||legacy-marker|Unwind@005e97a1|false
WIZ8|005e97c0||Unwind@005e97c0|synthetic||legacy-marker|Unwind@005e97c0|false
WIZ8|005e97c8||Unwind@005e97c8|synthetic||legacy-marker|Unwind@005e97c8|false
WIZ8|005e97d6||Unwind@005e97d6|synthetic||legacy-marker|Unwind@005e97d6|false
WIZ8|005e97f0||Unwind@005e97f0|synthetic||legacy-marker|Unwind@005e97f0|false
WIZ8|005e9810||Unwind@005e9810|synthetic||legacy-marker|Unwind@005e9810|false
WIZ8|005e981b||Unwind@005e981b|synthetic||legacy-marker|Unwind@005e981b|false
WIZ8|005e9830||Unwind@005e9830|synthetic||legacy-marker|Unwind@005e9830|false
WIZ8|005e9850||Unwind@005e9850|synthetic||legacy-marker|Unwind@005e9850|false
WIZ8|005e9870||Unwind@005e9870|synthetic||legacy-marker|Unwind@005e9870|false
WIZ8|005e9890||Unwind@005e9890|synthetic||legacy-marker|Unwind@005e9890|false
WIZ8|005e98b0||Unwind@005e98b0|synthetic||legacy-marker|Unwind@005e98b0|false
WIZ8|005e98d0||Unwind@005e98d0|synthetic||legacy-marker|Unwind@005e98d0|false
WIZ8|005e98f0||Unwind@005e98f0|synthetic||legacy-marker|Unwind@005e98f0|false
WIZ8|005e98fb||Unwind@005e98fb|synthetic||legacy-marker|Unwind@005e98fb|false
WIZ8|005e9910||Unwind@005e9910|synthetic||legacy-marker|Unwind@005e9910|false
WIZ8|005e9930||Unwind@005e9930|synthetic||legacy-marker|Unwind@005e9930|false
WIZ8|005e9950||Unwind@005e9950|synthetic||legacy-marker|Unwind@005e9950|false
WIZ8|005e9970||Unwind@005e9970|synthetic||legacy-marker|Unwind@005e9970|false
WIZ8|005e9990||Unwind@005e9990|synthetic||legacy-marker|Unwind@005e9990|false
WIZ8|005e999b||Unwind@005e999b|synthetic||legacy-marker|Unwind@005e999b|false
WIZ8|005e99a6||Unwind@005e99a6|synthetic||legacy-marker|Unwind@005e99a6|false
WIZ8|005e99c0||Unwind@005e99c0|synthetic||legacy-marker|Unwind@005e99c0|false
WIZ8|005e99cb||Unwind@005e99cb|synthetic||legacy-marker|Unwind@005e99cb|false
WIZ8|005e99e0||Unwind@005e99e0|synthetic||legacy-marker|Unwind@005e99e0|false
WIZ8|005e9a00||Unwind@005e9a00|synthetic||legacy-marker|Unwind@005e9a00|false
WIZ8|005e9a0b||Unwind@005e9a0b|synthetic||legacy-marker|Unwind@005e9a0b|false
WIZ8|005e9a20||Unwind@005e9a20|synthetic||legacy-marker|Unwind@005e9a20|false
WIZ8|005e9a40||Unwind@005e9a40|synthetic||legacy-marker|Unwind@005e9a40|false
WIZ8|005e9a60||Unwind@005e9a60|synthetic||legacy-marker|Unwind@005e9a60|false
WIZ8|005e9a68||Unwind@005e9a68|synthetic||legacy-marker|Unwind@005e9a68|false
WIZ8|005e9a80||Unwind@005e9a80|synthetic||legacy-marker|Unwind@005e9a80|false
WIZ8|005e9a88||Unwind@005e9a88|synthetic||legacy-marker|Unwind@005e9a88|false
WIZ8|005e9a93||Unwind@005e9a93|synthetic||legacy-marker|Unwind@005e9a93|false
WIZ8|005e9ab0||Unwind@005e9ab0|synthetic||legacy-marker|Unwind@005e9ab0|false
WIZ8|005e9ab8||Unwind@005e9ab8|synthetic||legacy-marker|Unwind@005e9ab8|false
WIZ8|005e9ac3||Unwind@005e9ac3|synthetic||legacy-marker|Unwind@005e9ac3|false
WIZ8|005e9ae0||Unwind@005e9ae0|synthetic||legacy-marker|Unwind@005e9ae0|false
WIZ8|005e9ae8||Unwind@005e9ae8|synthetic||legacy-marker|Unwind@005e9ae8|false
WIZ8|005e9af3||Unwind@005e9af3|synthetic||legacy-marker|Unwind@005e9af3|false
WIZ8|005e9b10||Unwind@005e9b10|synthetic||legacy-marker|Unwind@005e9b10|false
WIZ8|005e9b30||Unwind@005e9b30|synthetic||legacy-marker|Unwind@005e9b30|false
WIZ8|005e9b50||Unwind@005e9b50|synthetic||legacy-marker|Unwind@005e9b50|false
WIZ8|005e9b5b||Unwind@005e9b5b|synthetic||legacy-marker|Unwind@005e9b5b|false
WIZ8|005e9b66||Unwind@005e9b66|synthetic||legacy-marker|Unwind@005e9b66|false
WIZ8|005e9b71||Unwind@005e9b71|synthetic||legacy-marker|Unwind@005e9b71|false
WIZ8|005e9b90||Unwind@005e9b90|synthetic||legacy-marker|Unwind@005e9b90|false
WIZ8|005e9bb0||Unwind@005e9bb0|synthetic||legacy-marker|Unwind@005e9bb0|false
WIZ8|005e9bd0||Unwind@005e9bd0|synthetic||legacy-marker|Unwind@005e9bd0|false
WIZ8|005e9bdb||Unwind@005e9bdb|synthetic||legacy-marker|Unwind@005e9bdb|false
WIZ8|005e9bf0||Unwind@005e9bf0|synthetic||legacy-marker|Unwind@005e9bf0|false
WIZ8|005e9bfb||Unwind@005e9bfb|synthetic||legacy-marker|Unwind@005e9bfb|false
WIZ8|005e9c10||Unwind@005e9c10|synthetic||legacy-marker|Unwind@005e9c10|false
WIZ8|005e9c30||Unwind@005e9c30|synthetic||legacy-marker|Unwind@005e9c30|false
WIZ8|005e9c38||Unwind@005e9c38|synthetic||legacy-marker|Unwind@005e9c38|false
WIZ8|005e9c43||Unwind@005e9c43|synthetic||legacy-marker|Unwind@005e9c43|false
WIZ8|005e9c51||Unwind@005e9c51|synthetic||legacy-marker|Unwind@005e9c51|false
WIZ8|005e9c70||Unwind@005e9c70|synthetic||legacy-marker|Unwind@005e9c70|false
WIZ8|005e9c78||Unwind@005e9c78|synthetic||legacy-marker|Unwind@005e9c78|false
WIZ8|005e9c83||Unwind@005e9c83|synthetic||legacy-marker|Unwind@005e9c83|false
WIZ8|005e9c91||Unwind@005e9c91|synthetic||legacy-marker|Unwind@005e9c91|false
WIZ8|005e9cb0||Unwind@005e9cb0|synthetic||legacy-marker|Unwind@005e9cb0|false
WIZ8|005e9cb8||Unwind@005e9cb8|synthetic||legacy-marker|Unwind@005e9cb8|false
WIZ8|005e9cc6||Unwind@005e9cc6|synthetic||legacy-marker|Unwind@005e9cc6|false
WIZ8|005e9ce0||Unwind@005e9ce0|synthetic||legacy-marker|Unwind@005e9ce0|false
WIZ8|005e9ce8||Unwind@005e9ce8|synthetic||legacy-marker|Unwind@005e9ce8|false
WIZ8|005e9cf6||Unwind@005e9cf6|synthetic||legacy-marker|Unwind@005e9cf6|false
WIZ8|005e9d10||Unwind@005e9d10|synthetic||legacy-marker|Unwind@005e9d10|false
WIZ8|005e9d30||Unwind@005e9d30|synthetic||legacy-marker|Unwind@005e9d30|false
WIZ8|005e9d50||Unwind@005e9d50|synthetic||legacy-marker|Unwind@005e9d50|false
WIZ8|005e9d70||Unwind@005e9d70|synthetic||legacy-marker|Unwind@005e9d70|false
WIZ8|005e9d90||Unwind@005e9d90|synthetic||legacy-marker|Unwind@005e9d90|false
WIZ8|005e9db0||Unwind@005e9db0|synthetic||legacy-marker|Unwind@005e9db0|false
WIZ8|005e9dd0||Unwind@005e9dd0|synthetic||legacy-marker|Unwind@005e9dd0|false
WIZ8|005e9df0||Unwind@005e9df0|synthetic||legacy-marker|Unwind@005e9df0|false
WIZ8|005e9e10||Unwind@005e9e10|synthetic||legacy-marker|Unwind@005e9e10|false
WIZ8|005e9e30||Unwind@005e9e30|synthetic||legacy-marker|Unwind@005e9e30|false
WIZ8|005e9e50||Unwind@005e9e50|synthetic||legacy-marker|Unwind@005e9e50|false
WIZ8|005e9e5e||Unwind@005e9e5e|synthetic||legacy-marker|Unwind@005e9e5e|false
WIZ8|005e9e6c||Unwind@005e9e6c|synthetic||legacy-marker|Unwind@005e9e6c|false
WIZ8|005e9e7a||Unwind@005e9e7a|synthetic||legacy-marker|Unwind@005e9e7a|false
WIZ8|005e9e88||Unwind@005e9e88|synthetic||legacy-marker|Unwind@005e9e88|false
WIZ8|005e9e96||Unwind@005e9e96|synthetic||legacy-marker|Unwind@005e9e96|false
WIZ8|005e9ea4||Unwind@005e9ea4|synthetic||legacy-marker|Unwind@005e9ea4|false
WIZ8|005e9ec0||Unwind@005e9ec0|synthetic||legacy-marker|Unwind@005e9ec0|false
WIZ8|005e9ec8||Unwind@005e9ec8|synthetic||legacy-marker|Unwind@005e9ec8|false
WIZ8|005e9ed3||Unwind@005e9ed3|synthetic||legacy-marker|Unwind@005e9ed3|false
WIZ8|005e9ee1||Unwind@005e9ee1|synthetic||legacy-marker|Unwind@005e9ee1|false
WIZ8|005e9eef||Unwind@005e9eef|synthetic||legacy-marker|Unwind@005e9eef|false
WIZ8|005e9f10||Unwind@005e9f10|synthetic||legacy-marker|Unwind@005e9f10|false
WIZ8|005e9f18||Unwind@005e9f18|synthetic||legacy-marker|Unwind@005e9f18|false
WIZ8|005e9f23||Unwind@005e9f23|synthetic||legacy-marker|Unwind@005e9f23|false
WIZ8|005e9f31||Unwind@005e9f31|synthetic||legacy-marker|Unwind@005e9f31|false
WIZ8|005e9f3f||Unwind@005e9f3f|synthetic||legacy-marker|Unwind@005e9f3f|false
WIZ8|005e9f60||Unwind@005e9f60|synthetic||legacy-marker|Unwind@005e9f60|false
WIZ8|005e9f80||Unwind@005e9f80|synthetic||legacy-marker|Unwind@005e9f80|false
WIZ8|005e9fa0||Unwind@005e9fa0|synthetic||legacy-marker|Unwind@005e9fa0|false
WIZ8|005e9fc0||Unwind@005e9fc0|synthetic||legacy-marker|Unwind@005e9fc0|false
WIZ8|005e9fe0||Unwind@005e9fe0|synthetic||legacy-marker|Unwind@005e9fe0|false
WIZ8|005ea000||Unwind@005ea000|synthetic||legacy-marker|Unwind@005ea000|false
WIZ8|005ea008||Unwind@005ea008|synthetic||legacy-marker|Unwind@005ea008|false
WIZ8|005ea016||Unwind@005ea016|synthetic||legacy-marker|Unwind@005ea016|false
WIZ8|005ea024||Unwind@005ea024|synthetic||legacy-marker|Unwind@005ea024|false
WIZ8|005ea040||Unwind@005ea040|synthetic||legacy-marker|Unwind@005ea040|false
WIZ8|005ea048||Unwind@005ea048|synthetic||legacy-marker|Unwind@005ea048|false
WIZ8|005ea056||Unwind@005ea056|synthetic||legacy-marker|Unwind@005ea056|false
WIZ8|005ea064||Unwind@005ea064|synthetic||legacy-marker|Unwind@005ea064|false
WIZ8|005ea080||Unwind@005ea080|synthetic||legacy-marker|Unwind@005ea080|false
WIZ8|005ea0a0||Unwind@005ea0a0|synthetic||legacy-marker|Unwind@005ea0a0|false
WIZ8|005ea0c0||Unwind@005ea0c0|synthetic||legacy-marker|Unwind@005ea0c0|false
WIZ8|005ea0c8||Unwind@005ea0c8|synthetic||legacy-marker|Unwind@005ea0c8|false
WIZ8|005ea0d6||Unwind@005ea0d6|synthetic||legacy-marker|Unwind@005ea0d6|false
WIZ8|005ea0e4||Unwind@005ea0e4|synthetic||legacy-marker|Unwind@005ea0e4|false
WIZ8|005ea100||Unwind@005ea100|synthetic||legacy-marker|Unwind@005ea100|false
WIZ8|005ea120||Unwind@005ea120|synthetic||legacy-marker|Unwind@005ea120|false
WIZ8|005ea128||Unwind@005ea128|synthetic||legacy-marker|Unwind@005ea128|false
WIZ8|005ea136||Unwind@005ea136|synthetic||legacy-marker|Unwind@005ea136|false
WIZ8|005ea144||Unwind@005ea144|synthetic||legacy-marker|Unwind@005ea144|false
WIZ8|005ea160||Unwind@005ea160|synthetic||legacy-marker|Unwind@005ea160|false
WIZ8|005ea168||Unwind@005ea168|synthetic||legacy-marker|Unwind@005ea168|false
WIZ8|005ea173||Unwind@005ea173|synthetic||legacy-marker|Unwind@005ea173|false
WIZ8|005ea181||Unwind@005ea181|synthetic||legacy-marker|Unwind@005ea181|false
WIZ8|005ea1a0||Unwind@005ea1a0|synthetic||legacy-marker|Unwind@005ea1a0|false
WIZ8|005ea1a8||Unwind@005ea1a8|synthetic||legacy-marker|Unwind@005ea1a8|false
WIZ8|005ea1b3||Unwind@005ea1b3|synthetic||legacy-marker|Unwind@005ea1b3|false
WIZ8|005ea1c1||Unwind@005ea1c1|synthetic||legacy-marker|Unwind@005ea1c1|false
WIZ8|005ea1e0||Unwind@005ea1e0|synthetic||legacy-marker|Unwind@005ea1e0|false
WIZ8|005ea200||Unwind@005ea200|synthetic||legacy-marker|Unwind@005ea200|false
WIZ8|005ea208||Unwind@005ea208|synthetic||legacy-marker|Unwind@005ea208|false
WIZ8|005ea213||Unwind@005ea213|synthetic||legacy-marker|Unwind@005ea213|false
WIZ8|005ea221||Unwind@005ea221|synthetic||legacy-marker|Unwind@005ea221|false
WIZ8|005ea240||Unwind@005ea240|synthetic||legacy-marker|Unwind@005ea240|false
WIZ8|005ea260||Unwind@005ea260|synthetic||legacy-marker|Unwind@005ea260|false
WIZ8|005ea268||Unwind@005ea268|synthetic||legacy-marker|Unwind@005ea268|false
WIZ8|005ea273||Unwind@005ea273|synthetic||legacy-marker|Unwind@005ea273|false
WIZ8|005ea281||Unwind@005ea281|synthetic||legacy-marker|Unwind@005ea281|false
WIZ8|005ea2a0||Unwind@005ea2a0|synthetic||legacy-marker|Unwind@005ea2a0|false
WIZ8|005ea2c0||Unwind@005ea2c0|synthetic||legacy-marker|Unwind@005ea2c0|false
WIZ8|005ea2c8||Unwind@005ea2c8|synthetic||legacy-marker|Unwind@005ea2c8|false
WIZ8|005ea2d3||Unwind@005ea2d3|synthetic||legacy-marker|Unwind@005ea2d3|false
WIZ8|005ea2e1||Unwind@005ea2e1|synthetic||legacy-marker|Unwind@005ea2e1|false
WIZ8|005ea300||Unwind@005ea300|synthetic||legacy-marker|Unwind@005ea300|false
WIZ8|005ea308||Unwind@005ea308|synthetic||legacy-marker|Unwind@005ea308|false
WIZ8|005ea320||Unwind@005ea320|synthetic||legacy-marker|Unwind@005ea320|false
WIZ8|005ea328||Unwind@005ea328|synthetic||legacy-marker|Unwind@005ea328|false
WIZ8|005ea340||Unwind@005ea340|synthetic||legacy-marker|Unwind@005ea340|false
WIZ8|005ea34b||Unwind@005ea34b|synthetic||legacy-marker|Unwind@005ea34b|false
WIZ8|005ea356||Unwind@005ea356|synthetic||legacy-marker|Unwind@005ea356|false
WIZ8|005ea370||Unwind@005ea370|synthetic||legacy-marker|Unwind@005ea370|false
SURRENDER|1004c210||srFog::srFog (implicit copy constructor)|synthetic|include/surrender/srFog.h|Retail constructs the 0x1210 support layer, assigns srFog there, then copies the fog members before installing final vtables.|??0srFog@@QAE@ABV0@@Z|true
