program,funcinfo,state,to_state,kind,frame_offset,target,import_slot,import_name,import_signature,element_destructor
wiz8--demo--wiz8--8acda50afe39,005fbee8,0,-1,object,-44,0043c090,,,,
wiz8--demo--wiz8--8acda50afe39,005fbee8,1,0,pointer,-48,00472100,,,,
wiz8--demo--wiz8--8acda50afe39,005fbf18,0,-1,pointer,-16,005eadb0,,,,
wiz8--demo--wiz8--8acda50afe39,005fbf40,0,-1,pointer,-16,005eadb0,,,,
wiz8--demo--wiz8--8acda50afe39,005fbf68,0,-1,pointer,-28,005eadb0,,,,
wiz8--demo--wiz8--8acda50afe39,005fbf90,0,-1,pointer,-84,005eadb0,,,,
wiz8--demo--wiz8--8acda50afe39,005fbfb8,0,-1,pointer,-16,005eadb0,,,,
wiz8--demo--wiz8--8acda50afe39,005fbfe0,0,-1,object-import,-324,,005f7aa8,sr.dll!??1srStringTable@@QAE@XZ,public: __thiscall srStringTable::~srStringTable(void),
wiz8--demo--wiz8--8acda50afe39,005fc008,0,-1,pointer,-284,005eadb0,,,,
wiz8--demo--wiz8--8acda50afe39,005fc008,1,-1,pointer,-284,00472100,,,,
wiz8--demo--wiz8--8acda50afe39,005fc008,2,-1,pointer,-284,00472100,,,,
wiz8--demo--wiz8--8acda50afe39,005fc008,3,-1,pointer,-284,00472100,,,,
wiz8--demo--wiz8--8acda50afe39,005fc008,4,-1,pointer,-284,00472100,,,,
wiz8--demo--wiz8--8acda50afe39,005fc008,5,-1,pointer,-284,00472100,,,,
wiz8--demo--wiz8--8acda50afe39,005fc008,6,-1,pointer,-284,00472100,,,,
wiz8--demo--wiz8--8acda50afe39,005fc008,7,-1,pointer,-284,00472100,,,,
wiz8--demo--wiz8--8acda50afe39,005fc008,8,-1,pointer,-284,00472100,,,,
wiz8--demo--wiz8--8acda50afe39,005fc008,9,-1,pointer,-284,00472100,,,,
wiz8--demo--wiz8--8acda50afe39,005fc008,10,-1,pointer,-284,00472100,,,,
wiz8--demo--wiz8--8acda50afe39,005fc008,11,-1,pointer,-284,00472100,,,,
wiz8--demo--wiz8--8acda50afe39,005fc008,12,11,pointer,-284,0042a360,,,,
wiz8--demo--wiz8--8acda50afe39,005fc008,13,-1,pointer,-284,00472100,,,,
wiz8--demo--wiz8--8acda50afe39,005fc008,14,-1,pointer,-284,00472100,,,,
wiz8--demo--wiz8--8acda50afe39,005fc0a0,0,-1,pointer,-20,00472100,,,,
wiz8--demo--wiz8--8acda50afe39,005fc0a0,1,-1,pointer,-20,00472100,,,,
wiz8--demo--wiz8--8acda50afe39,005fc0a0,2,-1,pointer,-20,00472100,,,,
wiz8--demo--wiz8--8acda50afe39,005fc0d8,0,-1,pointer,-84,00472100,,,,
wiz8--demo--wiz8--8acda50afe39,005fc100,0,-1,pointer,-32,00472100,,,,
wiz8--demo--wiz8--8acda50afe39,005fc128,0,-1,pointer,-60,00472100,,,,
wiz8--demo--wiz8--8acda50afe39,005fc128,1,-1,pointer,-60,00472100,,,,
wiz8--demo--wiz8--8acda50afe39,005fc128,2,1,pointer,-60,0042a360,,,,
wiz8--demo--wiz8--8acda50afe39,005fc128,3,-1,pointer,12,00472100,,,,
wiz8--demo--wiz8--8acda50afe39,005fc168,0,-1,pointer,-16,00472100,,,,
wiz8--demo--wiz8--8acda50afe39,005fc190,0,-1,object,-48,0048c490,,,,
wiz8--demo--wiz8--8acda50afe39,005fc190,1,-1,object,-56,00425090,,,,
wiz8--demo--wiz8--8acda50afe39,005fc190,2,1,pointer,-92,00472100,,,,
wiz8--demo--wiz8--8acda50afe39,005fc190,3,1,pointer,16,00472100,,,,
wiz8--demo--wiz8--8acda50afe39,005fc1d0,0,-1,pointer,-52,00472100,,,,
wiz8--demo--wiz8--8acda50afe39,005fc1d0,1,-1,pointer,44,00472100,,,,
wiz8--demo--wiz8--8acda50afe39,005fc1d0,2,-1,pointer,44,00472100,,,,
wiz8--demo--wiz8--8acda50afe39,005fc208,0,-1,pointer,-60,00472100,,,,
wiz8--demo--wiz8--8acda50afe39,005fc208,1,-1,pointer,24,00472100,,,,
wiz8--demo--wiz8--8acda50afe39,005fc238,0,-1,pointer,-20,00472100,,,,
wiz8--demo--wiz8--8acda50afe39,005fc260,0,-1,pointer,-40,00472100,,,,
wiz8--demo--wiz8--8acda50afe39,005fc260,1,-1,pointer,-36,00472100,,,,
wiz8--demo--wiz8--8acda50afe39,005fc260,2,-1,pointer,-36,00472100,,,,
wiz8--demo--wiz8--8acda50afe39,005fc260,3,-1,pointer,-36,00472100,,,,
wiz8--demo--wiz8--8acda50afe39,005fc2a0,0,-1,pointer-import,-16,,005f76fc,sr.dll!??1srClass@@MAE@XZ,protected: virtual __thiscall srClass::~srClass(void),
wiz8--demo--wiz8--8acda50afe39,005fc2a0,1,-1,pointer-import,-16,,005f76f8,sr.dll!??1srMaterialIFace@@UAE@XZ,public: virtual __thiscall srMaterialIFace::~srMaterialIFace(void),
wiz8--demo--wiz8--8acda50afe39,005fc2d0,0,-1,pointer-import,-16,,005f76f8,sr.dll!??1srMaterialIFace@@UAE@XZ,public: virtual __thiscall srMaterialIFace::~srMaterialIFace(void),
wiz8--demo--wiz8--8acda50afe39,005fc2d0,1,-1,pointer-import,-16,,005f76fc,sr.dll!??1srClass@@MAE@XZ,protected: virtual __thiscall srClass::~srClass(void),
wiz8--demo--wiz8--8acda50afe39,005fc300,0,-1,pointer-import,-16,,005f76fc,sr.dll!??1srClass@@MAE@XZ,protected: virtual __thiscall srClass::~srClass(void),
wiz8--demo--wiz8--8acda50afe39,005fc328,0,-1,pointer,-1160,00472100,,,,
wiz8--demo--wiz8--8acda50afe39,005fc350,0,-1,pointer,-1128,005eadb0,,,,
wiz8--demo--wiz8--8acda50afe39,005fc378,0,-1,pointer,-520,0046fab0,,,,
wiz8--demo--wiz8--8acda50afe39,005fc378,1,0,pointer,-524,005eadb0,,,,
wiz8--demo--wiz8--8acda50afe39,005fc378,2,0,pointer,-524,005eadb0,,,,
wiz8--demo--wiz8--8acda50afe39,005fc378,3,0,pointer,-524,005eadb0,,,,
wiz8--demo--wiz8--8acda50afe39,005fc378,4,0,pointer,-524,005eadb0,,,,
wiz8--demo--wiz8--8acda50afe39,005fc3c0,0,-1,pointer,4,005eadb0,,,,
wiz8--demo--wiz8--8acda50afe39,005fc3c0,1,-1,pointer,4,005eadb0,,,,
wiz8--demo--wiz8--8acda50afe39,005fc3c0,2,-1,pointer,4,005eadb0,,,,
wiz8--demo--wiz8--8acda50afe39,005fc3c0,3,-1,pointer,4,005eadb0,,,,
wiz8--demo--wiz8--8acda50afe39,005fc3c0,4,-1,pointer,4,005eadb0,,,,
wiz8--demo--wiz8--8acda50afe39,005fc3c0,5,-1,pointer,4,005eadb0,,,,
wiz8--demo--wiz8--8acda50afe39,005fc3c0,6,-1,pointer,4,005eadb0,,,,
wiz8--demo--wiz8--8acda50afe39,005fc3c0,7,-1,pointer,4,005eadb0,,,,
wiz8--demo--wiz8--8acda50afe39,005fc3c0,8,-1,pointer,4,005eadb0,,,,
wiz8--demo--wiz8--8acda50afe39,005fc3c0,9,-1,pointer,4,005eadb0,,,,
wiz8--demo--wiz8--8acda50afe39,005fc3c0,10,-1,pointer,4,005eadb0,,,,
wiz8--demo--wiz8--8acda50afe39,005fc3c0,11,-1,pointer,4,005eadb0,,,,
wiz8--demo--wiz8--8acda50afe39,005fc3c0,12,-1,pointer,4,005eadb0,,,,
wiz8--demo--wiz8--8acda50afe39,005fc3c0,13,-1,pointer,4,005eadb0,,,,
wiz8--demo--wiz8--8acda50afe39,005fc3c0,14,-1,pointer,4,005eadb0,,,,
wiz8--demo--wiz8--8acda50afe39,005fc3c0,15,-1,pointer,-24,005eadb0,,,,
wiz8--demo--wiz8--8acda50afe39,005fc3c0,16,15,pointer,-20,005eadb0,,,,
wiz8--demo--wiz8--8acda50afe39,005fc3c0,17,15,pointer,-20,005eadb0,,,,
wiz8--demo--wiz8--8acda50afe39,005fc3c0,18,-1,pointer,-20,005eadb0,,,,
wiz8--demo--wiz8--8acda50afe39,005fc478,0,-1,pointer,-16,0046fab0,,,,
wiz8--demo--wiz8--8acda50afe39,005fc4a0,0,-1,pointer,-420,005eadb0,,,,
wiz8--demo--wiz8--8acda50afe39,005fc4c8,0,-1,object,-352,0043a100,,,,
wiz8--demo--wiz8--8acda50afe39,005fc4c8,1,0,object,-384,0043a0e0,,,,
wiz8--demo--wiz8--8acda50afe39,005fc4f8,0,-1,pointer,-288,005eadb0,,,,
wiz8--demo--wiz8--8acda50afe39,005fc520,0,-1,object,-168,0046fab0,,,,
wiz8--demo--wiz8--8acda50afe39,005fc548,0,-1,object,-168,0046fab0,,,,
wiz8--demo--wiz8--8acda50afe39,005fc570,0,-1,pointer,-20,005eadb0,,,,
wiz8--demo--wiz8--8acda50afe39,005fc570,1,-1,pointer,-16,005eadb0,,,,
wiz8--demo--wiz8--8acda50afe39,005fc5a0,0,-1,pointer,-20,005eadb0,,,,
wiz8--demo--wiz8--8acda50afe39,005fc5c8,0,-1,pointer,-20,005eadb0,,,,
wiz8--demo--wiz8--8acda50afe39,005fc5f0,0,-1,object-import,-1500,,005f7774,sr.dll!??_DsrBinIMStream@@QAEXXZ,public: void __thiscall srBinIMStream::`vbase dtor'(void),
wiz8--demo--wiz8--8acda50afe39,005fc5f0,1,0,object-import,-1320,,005f777c,sr.dll!??1Decompressor@srHuffman@@QAE@XZ,public: __thiscall srHuffman::Decompressor::~Decompressor(void),
wiz8--demo--wiz8--8acda50afe39,005fc620,0,-1,object-import,-208,,005f779c,sr.dll!??_DsrBinOMStream@@QAEXXZ,public: void __thiscall srBinOMStream::`vbase dtor'(void),
wiz8--demo--wiz8--8acda50afe39,005fc620,1,0,object-import,-96,,005f77a8,sr.dll!??1BitOStream@srHuffman@@QAE@XZ,public: __thiscall srHuffman::BitOStream::~BitOStream(void),
wiz8--demo--wiz8--8acda50afe39,005fc620,2,1,object-import,-164,,005f7798,sr.dll!??1Sampler@srHuffman@@QAE@XZ,public: __thiscall srHuffman::Sampler::~Sampler(void),
wiz8--demo--wiz8--8acda50afe39,005fc620,3,2,object-import,-136,,005f77ac,sr.dll!??1Compressor@srHuffman@@QAE@XZ,public: __thiscall srHuffman::Compressor::~Compressor(void),
wiz8--demo--wiz8--8acda50afe39,005fc620,4,1,object,-164,0049a460,,,,
wiz8--demo--wiz8--8acda50afe39,005fc620,5,-1,pointer-import,-220,,005f7794,sr.dll!??1srBinOStream@@UAE@XZ,public: virtual __thiscall srBinOStream::~srBinOStream(void),
wiz8--demo--wiz8--8acda50afe39,005fc620,6,-1,pointer-import,-220,,005f7794,sr.dll!??1srBinOStream@@UAE@XZ,public: virtual __thiscall srBinOStream::~srBinOStream(void),
wiz8--demo--wiz8--8acda50afe39,005fc620,7,-1,pointer-import,-220,,005f7794,sr.dll!??1srBinOStream@@UAE@XZ,public: virtual __thiscall srBinOStream::~srBinOStream(void),
wiz8--demo--wiz8--8acda50afe39,005fc680,0,-1,pointer-import,-16,,005f76fc,sr.dll!??1srClass@@MAE@XZ,protected: virtual __thiscall srClass::~srClass(void),
wiz8--demo--wiz8--8acda50afe39,005fc6a8,0,-1,pointer,-16,00447190,,,,
wiz8--demo--wiz8--8acda50afe39,005fc6a8,1,-1,pointer-import,-16,,005f76fc,sr.dll!??1srClass@@MAE@XZ,protected: virtual __thiscall srClass::~srClass(void),
wiz8--demo--wiz8--8acda50afe39,005fc6d8,0,-1,pointer,-16,005eadb0,,,,
wiz8--demo--wiz8--8acda50afe39,005fc700,0,-1,pointer,-144,00472100,,,,
wiz8--demo--wiz8--8acda50afe39,005fc728,0,-1,pointer,-176,00472100,,,,
wiz8--demo--wiz8--8acda50afe39,005fc750,0,-1,pointer,-328,005eadb0,,,,
wiz8--demo--wiz8--8acda50afe39,005fc750,1,-1,pointer,-328,005eadb0,,,,
wiz8--demo--wiz8--8acda50afe39,005fc750,2,-1,pointer,-328,005eadb0,,,,
wiz8--demo--wiz8--8acda50afe39,005fc750,3,-1,pointer,-288,005eadb0,,,,
wiz8--demo--wiz8--8acda50afe39,005fc750,4,-1,pointer,-288,005eadb0,,,,
wiz8--demo--wiz8--8acda50afe39,005fc750,5,-1,pointer,-328,005eadb0,,,,
wiz8--demo--wiz8--8acda50afe39,005fc750,6,-1,pointer,-288,005eadb0,,,,
wiz8--demo--wiz8--8acda50afe39,005fc750,7,-1,pointer,-328,005eadb0,,,,
wiz8--demo--wiz8--8acda50afe39,005fc750,8,-1,pointer,-328,005eadb0,,,,
wiz8--demo--wiz8--8acda50afe39,005fc750,9,-1,pointer,-328,005eadb0,,,,
wiz8--demo--wiz8--8acda50afe39,005fc7c0,0,-1,pointer,-2504,00472100,,,,
wiz8--demo--wiz8--8acda50afe39,005fc7c0,1,-1,pointer,-2512,005eadb0,,,,
wiz8--demo--wiz8--8acda50afe39,005fc7f0,0,-1,pointer,-40,005eadb0,,,,
wiz8--demo--wiz8--8acda50afe39,005fc818,0,-1,pointer,-16,005eadb0,,,,
wiz8--demo--wiz8--8acda50afe39,005fc818,1,-1,pointer,4,005eadb0,,,,
wiz8--demo--wiz8--8acda50afe39,005fc848,0,-1,object,-28,00447400,,,,
wiz8--demo--wiz8--8acda50afe39,005fc870,0,-1,pointer,8,00472100,,,,
wiz8--demo--wiz8--8acda50afe39,005fc898,0,-1,pointer,-528,005eadb0,,,,
wiz8--demo--wiz8--8acda50afe39,005fc8c0,0,-1,pointer-import,-16,,005f76fc,sr.dll!??1srClass@@MAE@XZ,protected: virtual __thiscall srClass::~srClass(void),
wiz8--demo--wiz8--8acda50afe39,005fc8e8,0,-1,pointer,-16,00472100,,,,
wiz8--demo--wiz8--8acda50afe39,005fc910,0,-1,pointer,-16,0046fab0,,,,
wiz8--demo--wiz8--8acda50afe39,005fc938,0,-1,pointer,-16,0046fab0,,,,
wiz8--demo--wiz8--8acda50afe39,005fc960,0,-1,object,-168,0046fab0,,,,
wiz8--demo--wiz8--8acda50afe39,005fc960,1,0,pointer,-208,005eadb0,,,,
wiz8--demo--wiz8--8acda50afe39,005fc990,0,-1,object,-168,0046fab0,,,,
wiz8--demo--wiz8--8acda50afe39,005fc990,1,0,pointer,-200,005eadb0,,,,
wiz8--demo--wiz8--8acda50afe39,005fc9c0,0,-1,object,-168,0046fab0,,,,
wiz8--demo--wiz8--8acda50afe39,005fc9e8,0,-1,object,-192,0046fab0,,,,
wiz8--demo--wiz8--8acda50afe39,005fca10,0,-1,pointer,4,005eadb0,,,,
wiz8--demo--wiz8--8acda50afe39,005fca38,0,-1,pointer,-16,005eadb0,,,,
wiz8--demo--wiz8--8acda50afe39,005fca38,1,-1,pointer,-16,005eadb0,,,,
wiz8--demo--wiz8--8acda50afe39,005fca68,0,-1,pointer,8,005eadb0,,,,
wiz8--demo--wiz8--8acda50afe39,005fca90,0,-1,pointer,-120,005eadb0,,,,
wiz8--demo--wiz8--8acda50afe39,005fca90,1,-1,pointer,-120,005eadb0,,,,
wiz8--demo--wiz8--8acda50afe39,005fcac0,0,-1,pointer,4,005eadb0,,,,
wiz8--demo--wiz8--8acda50afe39,005fcae8,0,-1,object,-1072,0049a460,,,,
wiz8--demo--wiz8--8acda50afe39,005fcae8,1,0,object,-1052,0049a460,,,,
wiz8--demo--wiz8--8acda50afe39,005fcb18,0,-1,pointer,-16,00450280,,,,
wiz8--demo--wiz8--8acda50afe39,005fcb18,1,0,pointer,-16,00450260,,,,
wiz8--demo--wiz8--8acda50afe39,005fcb48,0,-1,pointer,-16,00450280,,,,
wiz8--demo--wiz8--8acda50afe39,005fcb48,1,0,pointer,-16,00450260,,,,
wiz8--demo--wiz8--8acda50afe39,005fcb78,0,-1,pointer,-32,004b9590,,,,
wiz8--demo--wiz8--8acda50afe39,005fcb78,1,0,pointer,-28,005eadb0,,,,
wiz8--demo--wiz8--8acda50afe39,005fcb78,2,1,pointer,-28,00450280,,,,
wiz8--demo--wiz8--8acda50afe39,005fcb78,3,0,pointer,-28,005eadb0,,,,
wiz8--demo--wiz8--8acda50afe39,005fcbb8,0,-1,pointer,-16,004b9590,,,,
wiz8--demo--wiz8--8acda50afe39,005fcbe0,0,-1,pointer,4,005eadb0,,,,
wiz8--demo--wiz8--8acda50afe39,005fcc08,0,-1,pointer,-16,005eadb0,,,,
wiz8--demo--wiz8--8acda50afe39,005fcc30,0,-1,pointer,8,005eadb0,,,,
wiz8--demo--wiz8--8acda50afe39,005fcc30,1,-1,pointer,4,005eadb0,,,,
wiz8--demo--wiz8--8acda50afe39,005fcc60,0,-1,pointer,-16,005eadb0,,,,
wiz8--demo--wiz8--8acda50afe39,005fcc88,0,-1,pointer,-16,005eadb0,,,,
wiz8--demo--wiz8--8acda50afe39,005fccb0,0,-1,pointer,-16,005eadb0,,,,
wiz8--demo--wiz8--8acda50afe39,005fccd8,0,-1,pointer,-16,00472100,,,,
wiz8--demo--wiz8--8acda50afe39,005fccd8,1,-1,pointer,-16,00472100,,,,
wiz8--demo--wiz8--8acda50afe39,005fccd8,2,-1,pointer,-16,00472100,,,,
wiz8--demo--wiz8--8acda50afe39,005fcd10,0,-1,pointer,-6160,005eadb0,,,,
wiz8--demo--wiz8--8acda50afe39,005fcd38,0,-1,pointer,4,005eadb0,,,,
wiz8--demo--wiz8--8acda50afe39,005fcd38,1,-1,pointer,4,005eadb0,,,,
wiz8--demo--wiz8--8acda50afe39,005fcd38,2,-1,pointer,4,005eadb0,,,,
wiz8--demo--wiz8--8acda50afe39,005fcd38,3,-1,pointer,4,005eadb0,,,,
wiz8--demo--wiz8--8acda50afe39,005fcd38,4,-1,pointer,4,005eadb0,,,,
wiz8--demo--wiz8--8acda50afe39,005fcd38,5,-1,pointer,4,005eadb0,,,,
wiz8--demo--wiz8--8acda50afe39,005fcd38,6,-1,pointer,4,005eadb0,,,,
wiz8--demo--wiz8--8acda50afe39,005fcd38,7,-1,pointer,4,005eadb0,,,,
wiz8--demo--wiz8--8acda50afe39,005fcd98,0,-1,pointer,-20,00458910,,,,
wiz8--demo--wiz8--8acda50afe39,005fcd98,1,0,pointer,-16,00472100,,,,
wiz8--demo--wiz8--8acda50afe39,005fcdc8,0,-1,pointer,-16,00458910,,,,
wiz8--demo--wiz8--8acda50afe39,005fcdf0,0,-1,pointer,-40,00458910,,,,
wiz8--demo--wiz8--8acda50afe39,005fcdf0,1,0,pointer,4,00472100,,,,
wiz8--demo--wiz8--8acda50afe39,005fce20,0,-1,pointer,-28,005eadb0,,,,
wiz8--demo--wiz8--8acda50afe39,005fce48,0,-1,pointer,-16,005eadb0,,,,
wiz8--demo--wiz8--8acda50afe39,005fce48,1,-1,pointer,-16,005eadb0,,,,
wiz8--demo--wiz8--8acda50afe39,005fce48,2,-1,pointer,-16,005eadb0,,,,
wiz8--demo--wiz8--8acda50afe39,005fce48,3,-1,pointer,-16,005eadb0,,,,
wiz8--demo--wiz8--8acda50afe39,005fce88,0,-1,pointer,-296,005eadb0,,,,
wiz8--demo--wiz8--8acda50afe39,005fce88,1,-1,pointer,-296,005eadb0,,,,
wiz8--demo--wiz8--8acda50afe39,005fceb8,0,-1,pointer,-300,005eadb0,,,,
wiz8--demo--wiz8--8acda50afe39,005fceb8,1,0,pointer,-284,005eadb0,,,,
wiz8--demo--wiz8--8acda50afe39,005fcee8,0,-1,pointer,-20,00472100,,,,
wiz8--demo--wiz8--8acda50afe39,005fcf10,0,-1,pointer,-28,005eadb0,,,,
wiz8--demo--wiz8--8acda50afe39,005fcf10,1,-1,pointer,-28,005eadb0,,,,
wiz8--demo--wiz8--8acda50afe39,005fcf10,2,-1,pointer,-28,005eadb0,,,,
wiz8--demo--wiz8--8acda50afe39,005fcf48,0,-1,object,-108,00457780,,,,
wiz8--demo--wiz8--8acda50afe39,005fcf70,0,-1,pointer,-20,0042e640,,,,
wiz8--demo--wiz8--8acda50afe39,005fcf70,1,0,pointer,-16,005eadb0,,,,
wiz8--demo--wiz8--8acda50afe39,005fcfa0,0,-1,pointer,-16,0042e640,,,,
wiz8--demo--wiz8--8acda50afe39,005fcfc8,0,-1,pointer,-32,005eadb0,,,,
wiz8--demo--wiz8--8acda50afe39,005fcfc8,1,-1,pointer,-32,005eadb0,,,,
wiz8--demo--wiz8--8acda50afe39,005fcff8,0,-1,object,-1116,0049a460,,,,
wiz8--demo--wiz8--8acda50afe39,005fcff8,1,0,object,-1064,0049a460,,,,
wiz8--demo--wiz8--8acda50afe39,005fcff8,2,1,pointer,-1084,005eadb0,,,,
wiz8--demo--wiz8--8acda50afe39,005fcff8,3,1,pointer,-1084,005eadb0,,,,
wiz8--demo--wiz8--8acda50afe39,005fcff8,4,1,pointer,-1084,005eadb0,,,,
wiz8--demo--wiz8--8acda50afe39,005fd040,0,-1,pointer,-44,005eadb0,,,,
wiz8--demo--wiz8--8acda50afe39,005fd040,1,-1,pointer,-44,005eadb0,,,,
wiz8--demo--wiz8--8acda50afe39,005fd070,0,-1,pointer,-16,00472100,,,,
wiz8--demo--wiz8--8acda50afe39,005fd098,0,-1,pointer,8,00472100,,,,
wiz8--demo--wiz8--8acda50afe39,005fd098,1,-1,pointer,8,00472100,,,,
wiz8--demo--wiz8--8acda50afe39,005fd0c8,0,-1,pointer,4,00472100,,,,
wiz8--demo--wiz8--8acda50afe39,005fd0f0,0,-1,pointer,4,00472100,,,,
wiz8--demo--wiz8--8acda50afe39,005fd118,0,-1,pointer-import,-16,,005f76d4,sr.dll!??1srMeshModel@@MAE@XZ,protected: virtual __thiscall srMeshModel::~srMeshModel(void),
wiz8--demo--wiz8--8acda50afe39,005fd118,1,-1,pointer,-16,00477500,,,,
wiz8--demo--wiz8--8acda50afe39,005fd118,2,1,pointer,-16,005eb011,,,,00477730
wiz8--demo--wiz8--8acda50afe39,005fd118,3,2,pointer,-16,00477730,,,,
wiz8--demo--wiz8--8acda50afe39,005fd118,4,3,pointer,-16,00477ab0,,,,
wiz8--demo--wiz8--8acda50afe39,005fd118,5,4,pointer,-16,00477ad0,,,,
wiz8--demo--wiz8--8acda50afe39,005fd118,6,5,pointer,-16,00447300,,,,
wiz8--demo--wiz8--8acda50afe39,005fd118,7,6,pointer,-16,00477af0,,,,
wiz8--demo--wiz8--8acda50afe39,005fd118,8,7,pointer,-16,00477af0,,,,
wiz8--demo--wiz8--8acda50afe39,005fd180,0,-1,pointer,-16,00477500,,,,
wiz8--demo--wiz8--8acda50afe39,005fd180,1,0,pointer,-16,005eb011,,,,00477730
wiz8--demo--wiz8--8acda50afe39,005fd180,2,1,pointer,-16,00477730,,,,
wiz8--demo--wiz8--8acda50afe39,005fd180,3,2,pointer,-16,00477ab0,,,,
wiz8--demo--wiz8--8acda50afe39,005fd180,4,3,pointer,-16,00477ad0,,,,
wiz8--demo--wiz8--8acda50afe39,005fd180,5,4,pointer,-16,00447300,,,,
wiz8--demo--wiz8--8acda50afe39,005fd180,6,5,pointer,-16,00477af0,,,,
wiz8--demo--wiz8--8acda50afe39,005fd180,7,6,pointer,-16,00477af0,,,,
wiz8--demo--wiz8--8acda50afe39,005fd180,8,-1,pointer-import,-16,,005f76d4,sr.dll!??1srMeshModel@@MAE@XZ,protected: virtual __thiscall srMeshModel::~srMeshModel(void),
wiz8--demo--wiz8--8acda50afe39,005fd1e8,0,-1,pointer,-24,005eadb0,,,,
wiz8--demo--wiz8--8acda50afe39,005fd1e8,1,-1,pointer,4,005eadb0,,,,
wiz8--demo--wiz8--8acda50afe39,005fd1e8,2,-1,pointer,4,005eadb0,,,,
wiz8--demo--wiz8--8acda50afe39,005fd1e8,3,-1,pointer,4,005eadb0,,,,
wiz8--demo--wiz8--8acda50afe39,005fd228,0,-1,pointer-import,-16,,005f76d4,sr.dll!??1srMeshModel@@MAE@XZ,protected: virtual __thiscall srMeshModel::~srMeshModel(void),
wiz8--demo--wiz8--8acda50afe39,005fd250,0,-1,pointer,-16,00472100,,,,
wiz8--demo--wiz8--8acda50afe39,005fd278,0,-1,pointer,4,005eadb0,,,,
wiz8--demo--wiz8--8acda50afe39,005fd278,1,0,pointer,4,00477730,,,,
wiz8--demo--wiz8--8acda50afe39,005fd278,2,1,pointer,4,00477730,,,,
wiz8--demo--wiz8--8acda50afe39,005fd278,3,2,pointer,4,00473060,,,,
wiz8--demo--wiz8--8acda50afe39,005fd278,4,3,pointer,4,00473060,,,,
wiz8--demo--wiz8--8acda50afe39,005fd278,5,4,pointer,4,00473060,,,,
wiz8--demo--wiz8--8acda50afe39,005fd278,6,5,pointer,-16,005eadb0,,,,
wiz8--demo--wiz8--8acda50afe39,005fd2d0,0,-1,pointer,-16,00477730,,,,
wiz8--demo--wiz8--8acda50afe39,005fd2d0,1,0,pointer,-16,00477730,,,,
wiz8--demo--wiz8--8acda50afe39,005fd2d0,2,1,pointer,-16,00473060,,,,
wiz8--demo--wiz8--8acda50afe39,005fd2d0,3,2,pointer,-16,00473060,,,,
wiz8--demo--wiz8--8acda50afe39,005fd2d0,4,3,pointer,-16,00473060,,,,
wiz8--demo--wiz8--8acda50afe39,005fd318,0,-1,pointer,-40,005eadb0,,,,
wiz8--demo--wiz8--8acda50afe39,005fd340,0,-1,pointer,-72,00472100,,,,
wiz8--demo--wiz8--8acda50afe39,005fd368,0,-1,pointer,-16,005eadb0,,,,
wiz8--demo--wiz8--8acda50afe39,005fd390,0,-1,none,,,,,,
wiz8--demo--wiz8--8acda50afe39,005fd390,1,-1,none,,,,,,
wiz8--demo--wiz8--8acda50afe39,005fd3e8,0,-1,pointer-import,-16,,005f78d0,sr.dll!??1srTexture@@MAE@XZ,protected: virtual __thiscall srTexture::~srTexture(void),
wiz8--demo--wiz8--8acda50afe39,005fd3e8,1,-1,pointer,-16,0047fd50,,,,
wiz8--demo--wiz8--8acda50afe39,005fd418,0,-1,pointer,-16,0047fd50,,,,
wiz8--demo--wiz8--8acda50afe39,005fd418,1,-1,pointer-import,-16,,005f78d0,sr.dll!??1srTexture@@MAE@XZ,protected: virtual __thiscall srTexture::~srTexture(void),
wiz8--demo--wiz8--8acda50afe39,005fd448,0,-1,pointer,-16,005eadb0,,,,
wiz8--demo--wiz8--8acda50afe39,005fd470,0,-1,pointer-import,-56,,005f78ec,sr.dll!??1srBinStream@@UAE@XZ,public: virtual __thiscall srBinStream::~srBinStream(void),
wiz8--demo--wiz8--8acda50afe39,005fd470,1,0,pointer-import,-52,,005f78e8,sr.dll!??1srBinIStream@@UAE@XZ,public: virtual __thiscall srBinIStream::~srBinIStream(void),
wiz8--demo--wiz8--8acda50afe39,005fd470,2,1,object,-36,0047f2d0,,,,
wiz8--demo--wiz8--8acda50afe39,005fd470,3,2,object,-24,0047f2d0,,,,
wiz8--demo--wiz8--8acda50afe39,005fd470,4,3,object,-48,0047f2d0,,,,
wiz8--demo--wiz8--8acda50afe39,005fd4b8,0,-1,object,-24,0047f2d0,,,,
wiz8--demo--wiz8--8acda50afe39,005fd4b8,1,0,object,-36,0047f2d0,,,,
wiz8--demo--wiz8--8acda50afe39,005fd4b8,2,0,object,-36,0047f2d0,,,,
wiz8--demo--wiz8--8acda50afe39,005fd4b8,3,0,object,-36,0047f2d0,,,,
wiz8--demo--wiz8--8acda50afe39,005fd4b8,4,0,object,-36,0047f2d0,,,,
wiz8--demo--wiz8--8acda50afe39,005fd500,0,-1,pointer,-28,0047f2d0,,,,
wiz8--demo--wiz8--8acda50afe39,005fd500,1,0,object,-24,0047f2d0,,,,
wiz8--demo--wiz8--8acda50afe39,005fd530,0,-1,pointer-import,-16,,005f78d0,sr.dll!??1srTexture@@MAE@XZ,protected: virtual __thiscall srTexture::~srTexture(void),
wiz8--demo--wiz8--8acda50afe39,005fd558,0,-1,pointer,-16,00472100,,,,
wiz8--demo--wiz8--8acda50afe39,005fd580,0,-1,pointer-import,-20,,005f77f0,sr.dll!??1srNode@@MAE@XZ,protected: virtual __thiscall srNode::~srNode(void),
wiz8--demo--wiz8--8acda50afe39,005fd580,1,-1,pointer,-20,00481020,,,,
wiz8--demo--wiz8--8acda50afe39,005fd580,2,1,pointer,-16,00472100,,,,
wiz8--demo--wiz8--8acda50afe39,005fd580,3,2,pointer-import,-16,,005f78d0,sr.dll!??1srTexture@@MAE@XZ,protected: virtual __thiscall srTexture::~srTexture(void),
wiz8--demo--wiz8--8acda50afe39,005fd580,4,2,pointer,-16,00480d90,,,,
wiz8--demo--wiz8--8acda50afe39,005fd5c8,0,-1,pointer,-16,00481020,,,,
wiz8--demo--wiz8--8acda50afe39,005fd5c8,1,-1,pointer-import,-16,,005f77f0,sr.dll!??1srNode@@MAE@XZ,protected: virtual __thiscall srNode::~srNode(void),
wiz8--demo--wiz8--8acda50afe39,005fd5f8,0,-1,pointer,-16,00480d90,,,,
wiz8--demo--wiz8--8acda50afe39,005fd5f8,1,-1,pointer-import,-16,,005f78d0,sr.dll!??1srTexture@@MAE@XZ,protected: virtual __thiscall srTexture::~srTexture(void),
wiz8--demo--wiz8--8acda50afe39,005fd628,0,-1,pointer-import,-16,,005f78d0,sr.dll!??1srTexture@@MAE@XZ,protected: virtual __thiscall srTexture::~srTexture(void),
wiz8--demo--wiz8--8acda50afe39,005fd650,0,-1,pointer-import,-16,,005f77f0,sr.dll!??1srNode@@MAE@XZ,protected: virtual __thiscall srNode::~srNode(void),
wiz8--demo--wiz8--8acda50afe39,005fd678,0,-1,pointer,-16,00472100,,,,
wiz8--demo--wiz8--8acda50afe39,005fd678,1,0,pointer-import,-16,,005f78d0,sr.dll!??1srTexture@@MAE@XZ,protected: virtual __thiscall srTexture::~srTexture(void),
wiz8--demo--wiz8--8acda50afe39,005fd678,2,0,pointer,-16,00480d90,,,,
wiz8--demo--wiz8--8acda50afe39,005fd6b0,0,-1,pointer-import,-16,,005f7954,sr.dll!??1srModelInstance@@MAE@XZ,protected: virtual __thiscall srModelInstance::~srModelInstance(void),
wiz8--demo--wiz8--8acda50afe39,005fd6b0,1,-1,pointer,-16,00483f10,,,,
wiz8--demo--wiz8--8acda50afe39,005fd6b0,2,1,pointer,-16,00477730,,,,
wiz8--demo--wiz8--8acda50afe39,005fd6e8,0,-1,pointer,-16,00483f10,,,,
wiz8--demo--wiz8--8acda50afe39,005fd6e8,1,0,pointer,-16,00477730,,,,
wiz8--demo--wiz8--8acda50afe39,005fd6e8,2,-1,pointer-import,-16,,005f7954,sr.dll!??1srModelInstance@@MAE@XZ,protected: virtual __thiscall srModelInstance::~srModelInstance(void),
wiz8--demo--wiz8--8acda50afe39,005fd720,0,-1,pointer-import,-16,,005f7954,sr.dll!??1srModelInstance@@MAE@XZ,protected: virtual __thiscall srModelInstance::~srModelInstance(void),
wiz8--demo--wiz8--8acda50afe39,005fd720,1,-1,pointer,-16,004840f0,,,,
wiz8--demo--wiz8--8acda50afe39,005fd750,0,-1,pointer,-16,004840f0,,,,
wiz8--demo--wiz8--8acda50afe39,005fd750,1,-1,pointer-import,-16,,005f7954,sr.dll!??1srModelInstance@@MAE@XZ,protected: virtual __thiscall srModelInstance::~srModelInstance(void),
wiz8--demo--wiz8--8acda50afe39,005fd780,0,-1,pointer,-452,00472100,,,,
wiz8--demo--wiz8--8acda50afe39,005fd780,1,0,pointer,-452,0042a360,,,,
wiz8--demo--wiz8--8acda50afe39,005fd780,2,-1,pointer,-596,005eadb0,,,,
wiz8--demo--wiz8--8acda50afe39,005fd7b8,0,-1,pointer,-516,00472100,,,,
wiz8--demo--wiz8--8acda50afe39,005fd7e0,0,-1,pointer,-48,00472100,,,,
wiz8--demo--wiz8--8acda50afe39,005fd7e0,1,-1,pointer,-48,005eadb0,,,,
wiz8--demo--wiz8--8acda50afe39,005fd810,0,-1,pointer-import,-16,,005f7954,sr.dll!??1srModelInstance@@MAE@XZ,protected: virtual __thiscall srModelInstance::~srModelInstance(void),
wiz8--demo--wiz8--8acda50afe39,005fd838,0,-1,pointer-import,-16,,005f7954,sr.dll!??1srModelInstance@@MAE@XZ,protected: virtual __thiscall srModelInstance::~srModelInstance(void),
wiz8--demo--wiz8--8acda50afe39,005fd860,0,-1,pointer,-16,00472100,,,,
wiz8--demo--wiz8--8acda50afe39,005fd888,0,-1,pointer,-16,00472100,,,,
wiz8--demo--wiz8--8acda50afe39,005fd888,1,0,pointer-import,-16,,005f7954,sr.dll!??1srModelInstance@@MAE@XZ,protected: virtual __thiscall srModelInstance::~srModelInstance(void),
wiz8--demo--wiz8--8acda50afe39,005fd888,2,0,pointer,-16,004840f0,,,,
wiz8--demo--wiz8--8acda50afe39,005fd8c0,0,-1,pointer,4,00472100,,,,
wiz8--demo--wiz8--8acda50afe39,005fd8c0,1,-1,pointer,4,00472100,,,,
wiz8--demo--wiz8--8acda50afe39,005fd8f0,0,-1,pointer-import,-16,,005f78d0,sr.dll!??1srTexture@@MAE@XZ,protected: virtual __thiscall srTexture::~srTexture(void),
wiz8--demo--wiz8--8acda50afe39,005fd8f0,1,-1,pointer,-16,00487ec0,,,,
wiz8--demo--wiz8--8acda50afe39,005fd8f0,2,1,pointer,-20,005eadb0,,,,
wiz8--demo--wiz8--8acda50afe39,005fd928,0,-1,pointer-import,-16,,005f78d0,sr.dll!??1srTexture@@MAE@XZ,protected: virtual __thiscall srTexture::~srTexture(void),
wiz8--demo--wiz8--8acda50afe39,005fd928,1,-1,pointer,-16,00487ec0,,,,
wiz8--demo--wiz8--8acda50afe39,005fd928,2,1,pointer,-20,005eadb0,,,,
wiz8--demo--wiz8--8acda50afe39,005fd960,0,-1,pointer,-16,00487ec0,,,,
wiz8--demo--wiz8--8acda50afe39,005fd960,1,-1,pointer-import,-16,,005f78d0,sr.dll!??1srTexture@@MAE@XZ,protected: virtual __thiscall srTexture::~srTexture(void),
wiz8--demo--wiz8--8acda50afe39,005fd990,0,-1,pointer-import,-16,,005f78d0,sr.dll!??1srTexture@@MAE@XZ,protected: virtual __thiscall srTexture::~srTexture(void),
wiz8--demo--wiz8--8acda50afe39,005fd9b8,0,-1,pointer,-16,00472100,,,,
wiz8--demo--wiz8--8acda50afe39,005fd9b8,1,0,pointer-import,-16,,005f78d0,sr.dll!??1srTexture@@MAE@XZ,protected: virtual __thiscall srTexture::~srTexture(void),
wiz8--demo--wiz8--8acda50afe39,005fd9b8,2,0,pointer,-16,00487ec0,,,,
wiz8--demo--wiz8--8acda50afe39,005fd9b8,3,2,pointer,-20,005eadb0,,,,
wiz8--demo--wiz8--8acda50afe39,005fd9f8,0,-1,object,-248,00477af0,,,,
wiz8--demo--wiz8--8acda50afe39,005fd9f8,1,0,object,-232,00477af0,,,,
wiz8--demo--wiz8--8acda50afe39,005fda28,0,-1,pointer,-44,005eadb0,,,,
wiz8--demo--wiz8--8acda50afe39,005fda28,1,-1,object,-28,0049a460,,,,
wiz8--demo--wiz8--8acda50afe39,005fda28,2,-1,object,-40,0048a270,,,,
wiz8--demo--wiz8--8acda50afe39,005fda60,0,-1,object,-84,004a0cc0,,,,
wiz8--demo--wiz8--8acda50afe39,005fda88,0,-1,pointer,-880,005eadb0,,,,
wiz8--demo--wiz8--8acda50afe39,005fda88,1,-1,object,-800,0048c900,,,,
wiz8--demo--wiz8--8acda50afe39,005fda88,2,1,object,-140,005eb011,,,,0049a460
wiz8--demo--wiz8--8acda50afe39,005fda88,3,2,object,-816,00477af0,,,,
wiz8--demo--wiz8--8acda50afe39,005fda88,4,3,object,-832,00477af0,,,,
wiz8--demo--wiz8--8acda50afe39,005fda88,5,4,object,-428,005eb011,,,,0043a0e0
wiz8--demo--wiz8--8acda50afe39,005fda88,6,5,object,-268,005eb011,,,,0043a0e0
wiz8--demo--wiz8--8acda50afe39,005fda88,7,6,pointer,-880,005eadb0,,,,
wiz8--demo--wiz8--8acda50afe39,005fda88,8,6,pointer,-880,005eadb0,,,,
wiz8--demo--wiz8--8acda50afe39,005fda88,9,6,pointer,-880,00472100,,,,
wiz8--demo--wiz8--8acda50afe39,005fdaf8,0,-1,pointer,-1568,005eadb0,,,,
wiz8--demo--wiz8--8acda50afe39,005fdaf8,1,0,pointer,-1568,0048f6f0,,,,
wiz8--demo--wiz8--8acda50afe39,005fdaf8,2,1,pointer,-1568,0048f6d0,,,,
wiz8--demo--wiz8--8acda50afe39,005fdaf8,3,2,pointer,-1568,0048f6d0,,,,
wiz8--demo--wiz8--8acda50afe39,005fdaf8,4,3,pointer,-1568,0048f6d0,,,,
wiz8--demo--wiz8--8acda50afe39,005fdb40,0,-1,object,-28,00477ab0,,,,
wiz8--demo--wiz8--8acda50afe39,005fdb68,0,-1,pointer,-24,005eadb0,,,,
wiz8--demo--wiz8--8acda50afe39,005fdb90,0,-1,pointer,-48,005eadb0,,,,
wiz8--demo--wiz8--8acda50afe39,005fdbb8,0,-1,object,-28,004531a0,,,,
wiz8--demo--wiz8--8acda50afe39,005fdbe0,0,-1,object-import,-68,,005f7530,sr.dll!??1srModeler@@UAE@XZ,public: virtual __thiscall srModeler::~srModeler(void),
wiz8--demo--wiz8--8acda50afe39,005fdbe0,1,0,object-import,-232,,005f79c8,sr.dll!??1Polygon@srModeler@@QAE@XZ,public: __thiscall srModeler::Polygon::~Polygon(void),
wiz8--demo--wiz8--8acda50afe39,005fdbe0,2,1,pointer,-16,00472100,,,,
wiz8--demo--wiz8--8acda50afe39,005fdbe0,3,1,pointer,-16,00472100,,,,
wiz8--demo--wiz8--8acda50afe39,005fdbe0,4,1,pointer,-16,00472100,,,,
wiz8--demo--wiz8--8acda50afe39,005fdbe0,5,4,pointer,-16,0042a360,,,,
wiz8--demo--wiz8--8acda50afe39,005fdbe0,6,1,pointer,-16,005eadb0,,,,
wiz8--demo--wiz8--8acda50afe39,005fdbe0,7,1,pointer,-16,00472100,,,,
wiz8--demo--wiz8--8acda50afe39,005fdbe0,8,1,pointer,-16,00472100,,,,
wiz8--demo--wiz8--8acda50afe39,005fdc48,0,-1,pointer,-16,00472100,,,,
wiz8--demo--wiz8--8acda50afe39,005fdc70,0,-1,pointer,-96,00472100,,,,
wiz8--demo--wiz8--8acda50afe39,005fdc70,1,0,pointer,-96,0042a360,,,,
wiz8--demo--wiz8--8acda50afe39,005fdca0,0,-1,pointer-import,-16,,005f76f8,sr.dll!??1srMaterialIFace@@UAE@XZ,public: virtual __thiscall srMaterialIFace::~srMaterialIFace(void),
wiz8--demo--wiz8--8acda50afe39,005fdca0,1,-1,pointer,-16,0042a360,,,,
wiz8--demo--wiz8--8acda50afe39,005fdca0,2,-1,pointer-import,-16,,005f771c,sr.dll!??1srMaterial@@MAE@XZ,protected: virtual __thiscall srMaterial::~srMaterial(void),
wiz8--demo--wiz8--8acda50afe39,005fdcd8,0,-1,pointer,-16,004953c0,,,,
wiz8--demo--wiz8--8acda50afe39,005fdcd8,1,-1,pointer-import,-16,,005f771c,sr.dll!??1srMaterial@@MAE@XZ,protected: virtual __thiscall srMaterial::~srMaterial(void),
wiz8--demo--wiz8--8acda50afe39,005fdcd8,2,-1,pointer-import,-16,,005f76f8,sr.dll!??1srMaterialIFace@@UAE@XZ,public: virtual __thiscall srMaterialIFace::~srMaterialIFace(void),
wiz8--demo--wiz8--8acda50afe39,005fdcd8,3,-1,pointer-import,-16,,005f76fc,sr.dll!??1srClass@@MAE@XZ,protected: virtual __thiscall srClass::~srClass(void),
wiz8--demo--wiz8--8acda50afe39,005fdd18,0,-1,pointer-import,-16,,005f771c,sr.dll!??1srMaterial@@MAE@XZ,protected: virtual __thiscall srMaterial::~srMaterial(void),
wiz8--demo--wiz8--8acda50afe39,005fdd18,1,-1,pointer-import,-16,,005f76f8,sr.dll!??1srMaterialIFace@@UAE@XZ,public: virtual __thiscall srMaterialIFace::~srMaterialIFace(void),
wiz8--demo--wiz8--8acda50afe39,005fdd18,2,-1,pointer-import,-16,,005f76fc,sr.dll!??1srClass@@MAE@XZ,protected: virtual __thiscall srClass::~srClass(void),
wiz8--demo--wiz8--8acda50afe39,005fdd50,0,-1,pointer-import,-16,,005f76fc,sr.dll!??1srClass@@MAE@XZ,protected: virtual __thiscall srClass::~srClass(void),
wiz8--demo--wiz8--8acda50afe39,005fdd78,0,-1,pointer,-16,00472100,,,,
wiz8--demo--wiz8--8acda50afe39,005fdd78,1,0,pointer-import,-16,,005f76f8,sr.dll!??1srMaterialIFace@@UAE@XZ,public: virtual __thiscall srMaterialIFace::~srMaterialIFace(void),
wiz8--demo--wiz8--8acda50afe39,005fdd78,2,0,pointer,-16,0042a360,,,,
wiz8--demo--wiz8--8acda50afe39,005fdd78,3,0,pointer-import,-16,,005f771c,sr.dll!??1srMaterial@@MAE@XZ,protected: virtual __thiscall srMaterial::~srMaterial(void),
wiz8--demo--wiz8--8acda50afe39,005fddb8,0,-1,object,-1200,0049a460,,,,
wiz8--demo--wiz8--8acda50afe39,005fddb8,1,0,pointer,-1208,005eadb0,,,,
wiz8--demo--wiz8--8acda50afe39,005fddb8,2,0,pointer,-1228,005eadb0,,,,
wiz8--demo--wiz8--8acda50afe39,005fddf0,0,-1,object,-1164,0049a460,,,,
wiz8--demo--wiz8--8acda50afe39,005fde18,0,-1,pointer,-4120,005eadb0,,,,
wiz8--demo--wiz8--8acda50afe39,005fde18,1,-1,pointer,-4120,00472100,,,,
wiz8--demo--wiz8--8acda50afe39,005fde48,0,-1,pointer-import,-60,,005f77f0,sr.dll!??1srNode@@MAE@XZ,protected: virtual __thiscall srNode::~srNode(void),
wiz8--demo--wiz8--8acda50afe39,005fde48,1,-1,pointer,-60,0049e1c0,,,,
wiz8--demo--wiz8--8acda50afe39,005fde78,0,-1,pointer-import,-180,,005f77f0,sr.dll!??1srNode@@MAE@XZ,protected: virtual __thiscall srNode::~srNode(void),
wiz8--demo--wiz8--8acda50afe39,005fde78,1,-1,pointer,-180,0049e1c0,,,,
wiz8--demo--wiz8--8acda50afe39,005fdea8,0,-1,pointer,-16,0049e1c0,,,,
wiz8--demo--wiz8--8acda50afe39,005fdea8,1,-1,pointer-import,-16,,005f77f0,sr.dll!??1srNode@@MAE@XZ,protected: virtual __thiscall srNode::~srNode(void),
wiz8--demo--wiz8--8acda50afe39,005fded8,0,-1,pointer,4,00472100,,,,
wiz8--demo--wiz8--8acda50afe39,005fdf00,0,-1,pointer-import,-16,,005f77f0,sr.dll!??1srNode@@MAE@XZ,protected: virtual __thiscall srNode::~srNode(void),
wiz8--demo--wiz8--8acda50afe39,005fdf28,0,-1,pointer,-16,00472100,,,,
wiz8--demo--wiz8--8acda50afe39,005fdf50,0,-1,pointer-import,-20,,005f7a08,sr.dll!??1srLight@@UAE@XZ,public: virtual __thiscall srLight::~srLight(void),
wiz8--demo--wiz8--8acda50afe39,005fdf50,1,-1,pointer,-20,004a05e0,,,,
wiz8--demo--wiz8--8acda50afe39,005fdf80,0,-1,pointer,-16,004a05e0,,,,
wiz8--demo--wiz8--8acda50afe39,005fdf80,1,-1,pointer-import,-16,,005f7a08,sr.dll!??1srLight@@UAE@XZ,public: virtual __thiscall srLight::~srLight(void),
wiz8--demo--wiz8--8acda50afe39,005fdf80,2,-1,pointer-import,-16,,005f7a10,sr.dll!??1srIlluminator@@UAE@XZ,public: virtual __thiscall srIlluminator::~srIlluminator(void),
wiz8--demo--wiz8--8acda50afe39,005fdf80,3,-1,pointer-import,-16,,005f77f0,sr.dll!??1srNode@@MAE@XZ,protected: virtual __thiscall srNode::~srNode(void),
wiz8--demo--wiz8--8acda50afe39,005fdfc0,0,-1,pointer-import,-28,,005f7a08,sr.dll!??1srLight@@UAE@XZ,public: virtual __thiscall srLight::~srLight(void),
wiz8--demo--wiz8--8acda50afe39,005fdfe8,0,-1,pointer-import,-16,,005f7a10,sr.dll!??1srIlluminator@@UAE@XZ,public: virtual __thiscall srIlluminator::~srIlluminator(void),
wiz8--demo--wiz8--8acda50afe39,005fdfe8,1,-1,pointer-import,-16,,005f7a08,sr.dll!??1srLight@@UAE@XZ,public: virtual __thiscall srLight::~srLight(void),
wiz8--demo--wiz8--8acda50afe39,005fe018,0,-1,pointer-import,-16,,005f7a08,sr.dll!??1srLight@@UAE@XZ,public: virtual __thiscall srLight::~srLight(void),
wiz8--demo--wiz8--8acda50afe39,005fe018,1,-1,pointer-import,-16,,005f7a10,sr.dll!??1srIlluminator@@UAE@XZ,public: virtual __thiscall srIlluminator::~srIlluminator(void),
wiz8--demo--wiz8--8acda50afe39,005fe018,2,-1,pointer-import,-16,,005f77f0,sr.dll!??1srNode@@MAE@XZ,protected: virtual __thiscall srNode::~srNode(void),
wiz8--demo--wiz8--8acda50afe39,005fe050,0,-1,pointer-import,-16,,005f77f0,sr.dll!??1srNode@@MAE@XZ,protected: virtual __thiscall srNode::~srNode(void),
wiz8--demo--wiz8--8acda50afe39,005fe078,0,-1,pointer-import,-16,,005f7a10,sr.dll!??1srIlluminator@@UAE@XZ,public: virtual __thiscall srIlluminator::~srIlluminator(void),
wiz8--demo--wiz8--8acda50afe39,005fe078,1,-1,pointer-import,-16,,005f77f0,sr.dll!??1srNode@@MAE@XZ,protected: virtual __thiscall srNode::~srNode(void),
wiz8--demo--wiz8--8acda50afe39,005fe0a8,0,-1,pointer,-16,00472100,,,,
wiz8--demo--wiz8--8acda50afe39,005fe0d0,0,-1,pointer,-20,00472100,,,,
wiz8--demo--wiz8--8acda50afe39,005fe0d0,1,-1,pointer,-20,00472100,,,,
wiz8--demo--wiz8--8acda50afe39,005fe100,0,-1,pointer,-16,00450280,,,,
wiz8--demo--wiz8--8acda50afe39,005fe128,0,-1,pointer,-24,004b9590,,,,
wiz8--demo--wiz8--8acda50afe39,005fe128,1,0,pointer,-20,005eadb0,,,,
wiz8--demo--wiz8--8acda50afe39,005fe158,0,-1,pointer,-16,004b9590,,,,
wiz8--demo--wiz8--8acda50afe39,005fe180,0,-1,pointer,-24,005eadb0,,,,
wiz8--demo--wiz8--8acda50afe39,005fe180,1,0,pointer,-24,004b9590,,,,
wiz8--demo--wiz8--8acda50afe39,005fe180,2,1,pointer,-20,005eadb0,,,,
wiz8--demo--wiz8--8acda50afe39,005fe1b8,0,-1,pointer,-132,005eadb0,,,,
wiz8--demo--wiz8--8acda50afe39,005fe1b8,1,0,pointer,-132,004a4980,,,,
wiz8--demo--wiz8--8acda50afe39,005fe1b8,2,1,pointer,-132,00477ab0,,,,
wiz8--demo--wiz8--8acda50afe39,005fe1b8,3,2,pointer,-132,00477ab0,,,,
wiz8--demo--wiz8--8acda50afe39,005fe1b8,4,3,pointer,-132,004a4820,,,,
wiz8--demo--wiz8--8acda50afe39,005fe200,0,-1,pointer,-32,005eadb0,,,,
wiz8--demo--wiz8--8acda50afe39,005fe200,1,0,pointer,-32,004a4980,,,,
wiz8--demo--wiz8--8acda50afe39,005fe200,2,1,pointer,-32,00477ab0,,,,
wiz8--demo--wiz8--8acda50afe39,005fe200,3,2,pointer,-32,00477ab0,,,,
wiz8--demo--wiz8--8acda50afe39,005fe200,4,3,pointer,-32,004a4820,,,,
wiz8--demo--wiz8--8acda50afe39,005fe200,5,-1,pointer,-28,00472100,,,,
wiz8--demo--wiz8--8acda50afe39,005fe250,0,-1,pointer,-16,004a4980,,,,
wiz8--demo--wiz8--8acda50afe39,005fe250,1,0,pointer,-16,00477ab0,,,,
wiz8--demo--wiz8--8acda50afe39,005fe250,2,1,pointer,-16,00477ab0,,,,
wiz8--demo--wiz8--8acda50afe39,005fe250,3,2,pointer,-16,004a4820,,,,
wiz8--demo--wiz8--8acda50afe39,005fe290,0,-1,pointer,-36,004b8140,,,,
wiz8--demo--wiz8--8acda50afe39,005fe290,1,0,pointer,-36,005eb011,,,,004a85d0
wiz8--demo--wiz8--8acda50afe39,005fe290,2,1,pointer,-52,005eadb0,,,,
wiz8--demo--wiz8--8acda50afe39,005fe290,3,1,pointer,-28,00472100,,,,
wiz8--demo--wiz8--8acda50afe39,005fe290,4,3,pointer-import,-28,,005f7a08,sr.dll!??1srLight@@UAE@XZ,public: virtual __thiscall srLight::~srLight(void),
wiz8--demo--wiz8--8acda50afe39,005fe290,5,3,pointer,-28,004a05e0,,,,
wiz8--demo--wiz8--8acda50afe39,005fe2e0,0,-1,pointer,-16,004b8140,,,,
wiz8--demo--wiz8--8acda50afe39,005fe2e0,1,0,pointer,-16,005eb011,,,,004a85d0
wiz8--demo--wiz8--8acda50afe39,005fe310,0,-1,pointer,-16,005eadb0,,,,
wiz8--demo--wiz8--8acda50afe39,005fe338,0,-1,pointer,-772,005eadb0,,,,
wiz8--demo--wiz8--8acda50afe39,005fe338,1,-1,pointer,-780,005eadb0,,,,
wiz8--demo--wiz8--8acda50afe39,005fe368,0,-1,pointer,-20,004a8f80,,,,
wiz8--demo--wiz8--8acda50afe39,005fe368,1,0,pointer,-20,004a8720,,,,
wiz8--demo--wiz8--8acda50afe39,005fe368,2,1,pointer,-16,005eadb0,,,,
wiz8--demo--wiz8--8acda50afe39,005fe368,3,2,pointer,-16,004b8140,,,,
wiz8--demo--wiz8--8acda50afe39,005fe3a8,0,-1,pointer,-16,004a8f80,,,,
wiz8--demo--wiz8--8acda50afe39,005fe3a8,1,0,pointer,-16,004a8720,,,,
wiz8--demo--wiz8--8acda50afe39,005fe3d8,0,-1,pointer,-16,004a8f80,,,,
wiz8--demo--wiz8--8acda50afe39,005fe3d8,1,0,pointer,-16,004a8720,,,,
wiz8--demo--wiz8--8acda50afe39,005fe408,0,-1,pointer,-16,005eadb0,,,,
wiz8--demo--wiz8--8acda50afe39,005fe430,0,-1,pointer,-16,004b9590,,,,
wiz8--demo--wiz8--8acda50afe39,005fe458,0,-1,pointer,-32,004b9590,,,,
wiz8--demo--wiz8--8acda50afe39,005fe458,1,0,pointer,-32,004534b0,,,,
wiz8--demo--wiz8--8acda50afe39,005fe458,2,1,pointer,-40,005eadb0,,,,
wiz8--demo--wiz8--8acda50afe39,005fe458,3,1,pointer,-40,00472100,,,,
wiz8--demo--wiz8--8acda50afe39,005fe458,4,3,pointer-import,-40,,005f7a08,sr.dll!??1srLight@@UAE@XZ,public: virtual __thiscall srLight::~srLight(void),
wiz8--demo--wiz8--8acda50afe39,005fe458,5,3,pointer,-40,004a05e0,,,,
wiz8--demo--wiz8--8acda50afe39,005fe458,6,1,pointer,-40,005eadb0,,,,
wiz8--demo--wiz8--8acda50afe39,005fe458,7,1,pointer,-40,005eadb0,,,,
wiz8--demo--wiz8--8acda50afe39,005fe458,8,1,pointer,-40,005eadb0,,,,
wiz8--demo--wiz8--8acda50afe39,005fe458,9,1,pointer,-44,005eadb0,,,,
wiz8--demo--wiz8--8acda50afe39,005fe458,10,9,pointer,-28,00472100,,,,
wiz8--demo--wiz8--8acda50afe39,005fe458,11,1,pointer,4,00472100,,,,
wiz8--demo--wiz8--8acda50afe39,005fe4d8,0,-1,pointer,-16,004b9590,,,,
wiz8--demo--wiz8--8acda50afe39,005fe4d8,1,0,pointer,-16,005f2757,,,,
wiz8--demo--wiz8--8acda50afe39,005fe508,0,-1,pointer,-56,005eadb0,,,,
wiz8--demo--wiz8--8acda50afe39,005fe508,1,-1,pointer,-56,005eadb0,,,,
wiz8--demo--wiz8--8acda50afe39,005fe508,2,-1,pointer,-56,005eadb0,,,,
wiz8--demo--wiz8--8acda50afe39,005fe508,3,-1,object,-52,00452fe0,,,,
wiz8--demo--wiz8--8acda50afe39,005fe508,4,3,pointer,-56,005eadb0,,,,
wiz8--demo--wiz8--8acda50afe39,005fe550,0,-1,pointer,-16,005eadb0,,,,
wiz8--demo--wiz8--8acda50afe39,005fe578,0,-1,pointer,4,005eadb0,,,,
wiz8--demo--wiz8--8acda50afe39,005fe5a0,0,-1,pointer,-16,00472100,,,,
wiz8--demo--wiz8--8acda50afe39,005fe5c8,0,-1,pointer,-100,005eadb0,,,,
wiz8--demo--wiz8--8acda50afe39,005fe5f0,0,-1,pointer,-16,005eadb0,,,,
wiz8--demo--wiz8--8acda50afe39,005fe618,0,-1,pointer,-16,005eadb0,,,,
wiz8--demo--wiz8--8acda50afe39,005fe640,0,-1,pointer,-36,004b8140,,,,
wiz8--demo--wiz8--8acda50afe39,005fe640,1,0,pointer,-36,005eb011,,,,004a85d0
wiz8--demo--wiz8--8acda50afe39,005fe640,2,1,pointer,-52,005eadb0,,,,
wiz8--demo--wiz8--8acda50afe39,005fe640,3,1,pointer,-28,00472100,,,,
wiz8--demo--wiz8--8acda50afe39,005fe640,4,3,pointer-import,-28,,005f7a08,sr.dll!??1srLight@@UAE@XZ,public: virtual __thiscall srLight::~srLight(void),
wiz8--demo--wiz8--8acda50afe39,005fe640,5,3,pointer,-28,004a05e0,,,,
wiz8--demo--wiz8--8acda50afe39,005fe690,0,-1,pointer,-16,004b8140,,,,
wiz8--demo--wiz8--8acda50afe39,005fe690,1,0,pointer,-16,005eb011,,,,004a85d0
wiz8--demo--wiz8--8acda50afe39,005fe6c0,0,-1,pointer,-16,005eadb0,,,,
wiz8--demo--wiz8--8acda50afe39,005fe6e8,0,-1,pointer,-772,005eadb0,,,,
wiz8--demo--wiz8--8acda50afe39,005fe6e8,1,0,pointer,-772,004a8f80,,,,
wiz8--demo--wiz8--8acda50afe39,005fe6e8,2,-1,pointer,-776,005eadb0,,,,
wiz8--demo--wiz8--8acda50afe39,005fe720,0,-1,pointer,-20,004a8f80,,,,
wiz8--demo--wiz8--8acda50afe39,005fe720,1,0,pointer,-16,005eadb0,,,,
wiz8--demo--wiz8--8acda50afe39,005fe720,2,1,pointer,-16,004b8140,,,,
wiz8--demo--wiz8--8acda50afe39,005fe758,0,-1,pointer,-16,004a8f80,,,,
wiz8--demo--wiz8--8acda50afe39,005fe780,0,-1,pointer,-16,005eadb0,,,,
wiz8--demo--wiz8--8acda50afe39,005fe7a8,0,-1,pointer,-16,005eadb0,,,,
wiz8--demo--wiz8--8acda50afe39,005fe7d0,0,-1,pointer,-16,005eadb0,,,,
wiz8--demo--wiz8--8acda50afe39,005fe7f8,0,-1,pointer,-16,0043ad00,,,,
wiz8--demo--wiz8--8acda50afe39,005fe7f8,1,0,pointer,12,005eadb0,,,,
wiz8--demo--wiz8--8acda50afe39,005fe7f8,2,0,pointer,12,005eadb0,,,,
wiz8--demo--wiz8--8acda50afe39,005fe830,0,-1,pointer,-16,005eadb0,,,,
wiz8--demo--wiz8--8acda50afe39,005fe858,0,-1,pointer-import,-16,,005f77f0,sr.dll!??1srNode@@MAE@XZ,protected: virtual __thiscall srNode::~srNode(void),
wiz8--demo--wiz8--8acda50afe39,005fe858,1,-1,pointer,-16,004b1dd0,,,,
wiz8--demo--wiz8--8acda50afe39,005fe888,0,-1,pointer-import,-16,,005f77f0,sr.dll!??1srNode@@MAE@XZ,protected: virtual __thiscall srNode::~srNode(void),
wiz8--demo--wiz8--8acda50afe39,005fe8b0,0,-1,pointer-import,-16,,005f77f0,sr.dll!??1srNode@@MAE@XZ,protected: virtual __thiscall srNode::~srNode(void),
wiz8--demo--wiz8--8acda50afe39,005fe8d8,0,-1,pointer,-16,00472100,,,,
wiz8--demo--wiz8--8acda50afe39,005fe8d8,1,0,pointer-import,-16,,005f77f0,sr.dll!??1srNode@@MAE@XZ,protected: virtual __thiscall srNode::~srNode(void),
wiz8--demo--wiz8--8acda50afe39,005fe8d8,2,0,pointer,-16,004b1dd0,,,,
wiz8--demo--wiz8--8acda50afe39,005fe910,0,-1,object,-168,0046fab0,,,,
wiz8--demo--wiz8--8acda50afe39,005fe910,1,0,pointer,-172,005eadb0,,,,
wiz8--demo--wiz8--8acda50afe39,005fe940,0,-1,object,-204,0046fab0,,,,
wiz8--demo--wiz8--8acda50afe39,005fe940,1,0,pointer,-208,005eadb0,,,,
wiz8--demo--wiz8--8acda50afe39,005fe970,0,-1,object,-168,0046fab0,,,,
wiz8--demo--wiz8--8acda50afe39,005fe970,1,0,pointer,-172,005eadb0,,,,
wiz8--demo--wiz8--8acda50afe39,005fe9a0,0,-1,object,-168,0046fab0,,,,
wiz8--demo--wiz8--8acda50afe39,005fe9c8,0,-1,object,-424,0046fab0,,,,
wiz8--demo--wiz8--8acda50afe39,005fe9c8,1,0,pointer,-428,005eadb0,,,,
wiz8--demo--wiz8--8acda50afe39,005fe9c8,2,0,pointer,-428,005eadb0,,,,
wiz8--demo--wiz8--8acda50afe39,005fe9c8,3,0,pointer,-428,005eadb0,,,,
wiz8--demo--wiz8--8acda50afe39,005fea08,0,-1,object,-184,0046fab0,,,,
wiz8--demo--wiz8--8acda50afe39,005fea30,0,-1,object,-248,0046fab0,,,,
wiz8--demo--wiz8--8acda50afe39,005fea58,0,-1,pointer,-10140,005eadb0,,,,
wiz8--demo--wiz8--8acda50afe39,005fea80,0,-1,pointer,-104,005eadb0,,,,
wiz8--demo--wiz8--8acda50afe39,005feaa8,0,-1,pointer,-28,005eadb0,,,,
wiz8--demo--wiz8--8acda50afe39,005feaa8,1,-1,pointer,-28,005eadb0,,,,
wiz8--demo--wiz8--8acda50afe39,005fead8,0,-1,pointer,-16,00450280,,,,
wiz8--demo--wiz8--8acda50afe39,005feb00,0,-1,pointer,-16,00450280,,,,
wiz8--demo--wiz8--8acda50afe39,005feb28,0,-1,pointer,-16,005eadb0,,,,
wiz8--demo--wiz8--8acda50afe39,005feb50,0,-1,pointer,-16,005eadb0,,,,
wiz8--demo--wiz8--8acda50afe39,005feb78,0,-1,pointer,-1752,00472100,,,,
wiz8--demo--wiz8--8acda50afe39,005feba0,0,-1,pointer,12,00472100,,,,
wiz8--demo--wiz8--8acda50afe39,005febc8,0,-1,pointer,-276,00472100,,,,
wiz8--demo--wiz8--8acda50afe39,005febc8,1,-1,pointer,-276,00472100,,,,
wiz8--demo--wiz8--8acda50afe39,005febf8,0,-1,pointer,-276,00472100,,,,
wiz8--demo--wiz8--8acda50afe39,005fec20,0,-1,pointer-import,-16,,005f77f0,sr.dll!??1srNode@@MAE@XZ,protected: virtual __thiscall srNode::~srNode(void),
wiz8--demo--wiz8--8acda50afe39,005fec20,1,-1,pointer,-16,004bcd50,,,,
wiz8--demo--wiz8--8acda50afe39,005fec50,0,-1,pointer-import,-16,,005f77f0,sr.dll!??1srNode@@MAE@XZ,protected: virtual __thiscall srNode::~srNode(void),
wiz8--demo--wiz8--8acda50afe39,005fec78,0,-1,pointer-import,-16,,005f77f0,sr.dll!??1srNode@@MAE@XZ,protected: virtual __thiscall srNode::~srNode(void),
wiz8--demo--wiz8--8acda50afe39,005feca0,0,-1,pointer,-16,00472100,,,,
wiz8--demo--wiz8--8acda50afe39,005feca0,1,0,pointer-import,-16,,005f77f0,sr.dll!??1srNode@@MAE@XZ,protected: virtual __thiscall srNode::~srNode(void),
wiz8--demo--wiz8--8acda50afe39,005feca0,2,0,pointer,-16,004bcd50,,,,
wiz8--demo--wiz8--8acda50afe39,005fecd8,0,-1,object,-52,0043a100,,,,
wiz8--demo--wiz8--8acda50afe39,005fed00,0,-1,object,-148,004c0cd0,,,,
wiz8--demo--wiz8--8acda50afe39,005fed00,1,0,pointer,-104,00472100,,,,
wiz8--demo--wiz8--8acda50afe39,005fed30,0,-1,pointer,-944,00472100,,,,
wiz8--demo--wiz8--8acda50afe39,005fed58,0,-1,pointer,-16,004b8140,,,,
wiz8--demo--wiz8--8acda50afe39,005fed58,1,0,pointer,-16,005eb011,,,,004cdb60
wiz8--demo--wiz8--8acda50afe39,005fed58,2,1,pointer,-16,005eb011,,,,004a4820
wiz8--demo--wiz8--8acda50afe39,005fed58,3,2,pointer,-16,005eb011,,,,004a85d0
wiz8--demo--wiz8--8acda50afe39,005fed98,0,-1,pointer,-16,004b8140,,,,
wiz8--demo--wiz8--8acda50afe39,005fed98,1,0,pointer,-16,005eb011,,,,004cdb60
wiz8--demo--wiz8--8acda50afe39,005fed98,2,1,pointer,-16,005eb011,,,,004a4820
wiz8--demo--wiz8--8acda50afe39,005fed98,3,2,pointer,-16,005eb011,,,,004a85d0
wiz8--demo--wiz8--8acda50afe39,005fed98,4,3,pointer,-16,0043a100,,,,
wiz8--demo--wiz8--8acda50afe39,005fed98,5,4,pointer,4,005eadb0,,,,
wiz8--demo--wiz8--8acda50afe39,005fede8,0,-1,pointer,-16,004b8140,,,,
wiz8--demo--wiz8--8acda50afe39,005fede8,1,0,pointer,-16,005eb011,,,,004cdb60
wiz8--demo--wiz8--8acda50afe39,005fede8,2,1,pointer,-16,005eb011,,,,004a4820
wiz8--demo--wiz8--8acda50afe39,005fede8,3,2,pointer,-16,005eb011,,,,004a85d0
wiz8--demo--wiz8--8acda50afe39,005fede8,4,3,pointer,-16,0043a100,,,,
wiz8--demo--wiz8--8acda50afe39,005fede8,5,4,pointer-import,-20,,005f7a10,sr.dll!??1srIlluminator@@UAE@XZ,public: virtual __thiscall srIlluminator::~srIlluminator(void),
wiz8--demo--wiz8--8acda50afe39,005fede8,6,4,pointer-import,-20,,005f77f0,sr.dll!??1srNode@@MAE@XZ,protected: virtual __thiscall srNode::~srNode(void),
wiz8--demo--wiz8--8acda50afe39,005fee40,0,-1,pointer,-44,005eadb0,,,,
wiz8--demo--wiz8--8acda50afe39,005fee40,1,-1,pointer,-52,00472100,,,,
wiz8--demo--wiz8--8acda50afe39,005fee40,2,1,pointer,-52,004a05e0,,,,
wiz8--demo--wiz8--8acda50afe39,005fee78,0,-1,pointer,-16,005eadb0,,,,
wiz8--demo--wiz8--8acda50afe39,005feea0,0,-1,pointer,-32,004a8f80,,,,
wiz8--demo--wiz8--8acda50afe39,005feea0,1,0,pointer,-32,0048f6d0,,,,
wiz8--demo--wiz8--8acda50afe39,005feea0,2,1,pointer,-32,0043ad00,,,,
wiz8--demo--wiz8--8acda50afe39,005feea0,3,2,pointer,-32,004cdae0,,,,
wiz8--demo--wiz8--8acda50afe39,005feea0,4,3,pointer,-32,0043ad00,,,,
wiz8--demo--wiz8--8acda50afe39,005feea0,5,4,pointer,-32,0043ad00,,,,
wiz8--demo--wiz8--8acda50afe39,005feea0,6,5,pointer,-32,0043a0e0,,,,
wiz8--demo--wiz8--8acda50afe39,005feea0,7,6,pointer,-28,005eadb0,,,,
wiz8--demo--wiz8--8acda50afe39,005fef00,0,-1,pointer,-28,004a8f80,,,,
wiz8--demo--wiz8--8acda50afe39,005fef00,1,0,pointer,-28,0048f6d0,,,,
wiz8--demo--wiz8--8acda50afe39,005fef00,2,1,pointer,-28,0043ad00,,,,
wiz8--demo--wiz8--8acda50afe39,005fef00,3,2,pointer,-28,004cdae0,,,,
wiz8--demo--wiz8--8acda50afe39,005fef00,4,3,pointer,-28,0043ad00,,,,
wiz8--demo--wiz8--8acda50afe39,005fef00,5,4,pointer,-28,0043ad00,,,,
wiz8--demo--wiz8--8acda50afe39,005fef00,6,5,pointer,-28,0043a0e0,,,,
wiz8--demo--wiz8--8acda50afe39,005fef58,0,-1,pointer,-16,004a8f80,,,,
wiz8--demo--wiz8--8acda50afe39,005fef58,1,0,pointer,-16,0048f6d0,,,,
wiz8--demo--wiz8--8acda50afe39,005fef58,2,1,pointer,-16,0043ad00,,,,
wiz8--demo--wiz8--8acda50afe39,005fef58,3,2,pointer,-16,004cdae0,,,,
wiz8--demo--wiz8--8acda50afe39,005fef58,4,3,pointer,-16,0043ad00,,,,
wiz8--demo--wiz8--8acda50afe39,005fef58,5,4,pointer,-16,0043ad00,,,,
wiz8--demo--wiz8--8acda50afe39,005fef58,6,5,pointer,-16,0043a0e0,,,,
wiz8--demo--wiz8--8acda50afe39,005fefb0,0,-1,pointer,-3012,005eadb0,,,,
wiz8--demo--wiz8--8acda50afe39,005fefb0,1,-1,object,-2892,0043a100,,,,
wiz8--demo--wiz8--8acda50afe39,005fefb0,2,-1,object,-2908,0043a100,,,,
wiz8--demo--wiz8--8acda50afe39,005fefb0,3,-1,pointer,-2876,005eadb0,,,,
wiz8--demo--wiz8--8acda50afe39,005fefb0,4,-1,pointer,-2876,005eadb0,,,,
wiz8--demo--wiz8--8acda50afe39,005feff8,0,-1,pointer,-28,00472100,,,,
wiz8--demo--wiz8--8acda50afe39,005feff8,1,-1,pointer,8,005eadb0,,,,
wiz8--demo--wiz8--8acda50afe39,005ff028,0,-1,object,-228,0043a100,,,,
wiz8--demo--wiz8--8acda50afe39,005ff050,0,-1,object,-156,0043a100,,,,
wiz8--demo--wiz8--8acda50afe39,005ff078,0,-1,object,-28,0043a100,,,,
wiz8--demo--wiz8--8acda50afe39,005ff0a0,0,-1,object,-28,0043a100,,,,
wiz8--demo--wiz8--8acda50afe39,005ff0c8,0,-1,object,-28,0043a100,,,,
wiz8--demo--wiz8--8acda50afe39,005ff0f0,0,-1,pointer,-252,00472100,,,,
wiz8--demo--wiz8--8acda50afe39,005ff0f0,1,-1,pointer,-252,00472100,,,,
wiz8--demo--wiz8--8acda50afe39,005ff0f0,2,-1,pointer,-252,00472100,,,,
wiz8--demo--wiz8--8acda50afe39,005ff0f0,3,2,pointer,-252,0042a360,,,,
wiz8--demo--wiz8--8acda50afe39,005ff130,0,-1,pointer,-276,00472100,,,,
wiz8--demo--wiz8--8acda50afe39,005ff158,0,-1,pointer,-564,00472100,,,,
wiz8--demo--wiz8--8acda50afe39,005ff180,0,-1,object,-568,004a4820,,,,
wiz8--demo--wiz8--8acda50afe39,005ff1a8,0,-1,pointer-import,-16,,005f7a08,sr.dll!??1srLight@@UAE@XZ,public: virtual __thiscall srLight::~srLight(void),
wiz8--demo--wiz8--8acda50afe39,005ff1d0,0,-1,pointer,-16,005eadb0,,,,
wiz8--demo--wiz8--8acda50afe39,005ff1f8,0,-1,pointer,-16,00458ef0,,,,
wiz8--demo--wiz8--8acda50afe39,005ff220,0,-1,pointer,-1120,005eadb0,,,,
wiz8--demo--wiz8--8acda50afe39,005ff220,1,-1,pointer,-1120,005eadb0,,,,
wiz8--demo--wiz8--8acda50afe39,005ff220,2,-1,pointer,-1120,005eadb0,,,,
wiz8--demo--wiz8--8acda50afe39,005ff258,0,-1,object,-1112,0043a0e0,,,,
wiz8--demo--wiz8--8acda50afe39,005ff258,1,0,object,-1132,0049a460,,,,
wiz8--demo--wiz8--8acda50afe39,005ff288,0,-1,pointer,-140024,005eadb0,,,,
wiz8--demo--wiz8--8acda50afe39,005ff2b0,0,-1,pointer-import,-16,,005f76fc,sr.dll!??1srClass@@MAE@XZ,protected: virtual __thiscall srClass::~srClass(void),
wiz8--demo--wiz8--8acda50afe39,005ff2b0,1,-1,pointer,-16,004d25c0,,,,
wiz8--demo--wiz8--8acda50afe39,005ff2b0,2,1,pointer,-16,004d26e0,,,,
wiz8--demo--wiz8--8acda50afe39,005ff2e8,0,-1,pointer,-16,004d25c0,,,,
wiz8--demo--wiz8--8acda50afe39,005ff2e8,1,0,pointer,-16,004d26e0,,,,
wiz8--demo--wiz8--8acda50afe39,005ff2e8,2,1,pointer,-16,004d2700,,,,
wiz8--demo--wiz8--8acda50afe39,005ff2e8,3,-1,pointer-import,-16,,005f76fc,sr.dll!??1srClass@@MAE@XZ,protected: virtual __thiscall srClass::~srClass(void),
wiz8--demo--wiz8--8acda50afe39,005ff328,0,-1,pointer-import,-16,,005f76fc,sr.dll!??1srClass@@MAE@XZ,protected: virtual __thiscall srClass::~srClass(void),
wiz8--demo--wiz8--8acda50afe39,005ff350,0,-1,pointer,-16,00472100,,,,
wiz8--demo--wiz8--8acda50afe39,005ff350,1,0,pointer-import,-16,,005f76fc,sr.dll!??1srClass@@MAE@XZ,protected: virtual __thiscall srClass::~srClass(void),
wiz8--demo--wiz8--8acda50afe39,005ff350,2,0,pointer,-16,004d25c0,,,,
wiz8--demo--wiz8--8acda50afe39,005ff350,3,2,pointer,-16,004d26e0,,,,
wiz8--demo--wiz8--8acda50afe39,005ff390,0,-1,pointer-import,-16,,005f77f0,sr.dll!??1srNode@@MAE@XZ,protected: virtual __thiscall srNode::~srNode(void),
wiz8--demo--wiz8--8acda50afe39,005ff390,1,-1,pointer,-16,004d9770,,,,
wiz8--demo--wiz8--8acda50afe39,005ff390,2,1,pointer,4,00472100,,,,
wiz8--demo--wiz8--8acda50afe39,005ff390,3,2,pointer,4,0042a360,,,,
wiz8--demo--wiz8--8acda50afe39,005ff3d0,0,-1,pointer-import,-16,,005f77f0,sr.dll!??1srNode@@MAE@XZ,protected: virtual __thiscall srNode::~srNode(void),
wiz8--demo--wiz8--8acda50afe39,005ff3f8,0,-1,pointer-import,-16,,005f77f0,sr.dll!??1srNode@@MAE@XZ,protected: virtual __thiscall srNode::~srNode(void),
wiz8--demo--wiz8--8acda50afe39,005ff3f8,1,-1,pointer,-16,004d9770,,,,
wiz8--demo--wiz8--8acda50afe39,005ff428,0,-1,pointer-import,-16,,005f77f0,sr.dll!??1srNode@@MAE@XZ,protected: virtual __thiscall srNode::~srNode(void),
wiz8--demo--wiz8--8acda50afe39,005ff450,0,-1,pointer,-16,00472100,,,,
wiz8--demo--wiz8--8acda50afe39,005ff478,0,-1,pointer,-40,00472100,,,,
wiz8--demo--wiz8--8acda50afe39,005ff4a0,0,-1,object,-28,00447400,,,,
wiz8--demo--wiz8--8acda50afe39,005ff4c8,0,-1,pointer,4,005eadb0,,,,
wiz8--demo--wiz8--8acda50afe39,005ff4f0,0,-1,pointer,-28,005eadb0,,,,
wiz8--demo--wiz8--8acda50afe39,005ff518,0,-1,pointer,4,005eadb0,,,,
wiz8--demo--wiz8--8acda50afe39,005ff540,0,-1,pointer,-148,005eadb0,,,,
wiz8--demo--wiz8--8acda50afe39,005ff568,0,-1,pointer,4,005eadb0,,,,
wiz8--demo--wiz8--8acda50afe39,005ff590,0,-1,pointer,4,005eadb0,,,,
wiz8--demo--wiz8--8acda50afe39,005ff5b8,0,-1,pointer,4,005eadb0,,,,
wiz8--demo--wiz8--8acda50afe39,005ff5e0,0,-1,pointer,4,005eadb0,,,,
wiz8--demo--wiz8--8acda50afe39,005ff5e0,1,-1,pointer,4,005eadb0,,,,
wiz8--demo--wiz8--8acda50afe39,005ff610,0,-1,pointer,-16,005eb011,,,,004e9880
wiz8--demo--wiz8--8acda50afe39,005ff638,0,-1,object,-80,0043a0e0,,,,
wiz8--demo--wiz8--8acda50afe39,005ff638,1,0,object,-96,0043a0e0,,,,
wiz8--demo--wiz8--8acda50afe39,005ff638,2,1,pointer,4,0043a0e0,,,,
wiz8--demo--wiz8--8acda50afe39,005ff670,0,-1,object,-140,0043a0e0,,,,
wiz8--demo--wiz8--8acda50afe39,005ff670,1,0,object,-156,0043a0e0,,,,
wiz8--demo--wiz8--8acda50afe39,005ff6a0,0,-1,object,-80,0043a0e0,,,,
wiz8--demo--wiz8--8acda50afe39,005ff6a0,1,0,object,-96,0043a0e0,,,,
wiz8--demo--wiz8--8acda50afe39,005ff6a0,2,1,pointer,4,0043a0e0,,,,
wiz8--demo--wiz8--8acda50afe39,005ff6d8,0,-1,pointer,-32,004f7260,,,,
wiz8--demo--wiz8--8acda50afe39,005ff6d8,1,0,pointer,-32,004f67d0,,,,
wiz8--demo--wiz8--8acda50afe39,005ff708,0,-1,pointer,-16,004f6080,,,,
wiz8--demo--wiz8--8acda50afe39,005ff708,1,0,pointer,4,005eadb0,,,,
wiz8--demo--wiz8--8acda50afe39,005ff708,2,0,pointer,4,005eadb0,,,,
wiz8--demo--wiz8--8acda50afe39,005ff708,3,0,pointer,4,005eadb0,,,,
wiz8--demo--wiz8--8acda50afe39,005ff748,0,-1,pointer,-16,004f6080,,,,
wiz8--demo--wiz8--8acda50afe39,005ff770,0,-1,object,-80,0043a0e0,,,,
wiz8--demo--wiz8--8acda50afe39,005ff770,1,0,object,-96,0043a0e0,,,,
wiz8--demo--wiz8--8acda50afe39,005ff7a0,0,-1,object,-216,0043a0e0,,,,
wiz8--demo--wiz8--8acda50afe39,005ff7a0,1,0,object,-200,0043a0e0,,,,
wiz8--demo--wiz8--8acda50afe39,005ff7a0,2,1,pointer,-220,005eadb0,,,,
wiz8--demo--wiz8--8acda50afe39,005ff7a0,3,2,pointer,-220,0043a0e0,,,,
wiz8--demo--wiz8--8acda50afe39,005ff7a0,4,3,pointer,-220,0043a0e0,,,,
wiz8--demo--wiz8--8acda50afe39,005ff7a0,5,4,pointer,-220,00452e70,,,,
wiz8--demo--wiz8--8acda50afe39,005ff7a0,6,5,pointer,-220,00452eb0,,,,
wiz8--demo--wiz8--8acda50afe39,005ff7f8,0,-1,pointer,-16,005eadb0,,,,
wiz8--demo--wiz8--8acda50afe39,005ff820,0,-1,object,-28,00477ab0,,,,
wiz8--demo--wiz8--8acda50afe39,005ff848,0,-1,object,-19548,00561670,,,,
wiz8--demo--wiz8--8acda50afe39,005ff870,0,-1,object,-19228,00561670,,,,
wiz8--demo--wiz8--8acda50afe39,005ff898,0,-1,object,-440,00561670,,,,
wiz8--demo--wiz8--8acda50afe39,005ff898,1,0,object,-344,00561670,,,,
wiz8--demo--wiz8--8acda50afe39,005ff898,2,1,pointer,-448,00472100,,,,
wiz8--demo--wiz8--8acda50afe39,005ff8d0,0,-1,object,-344,00561670,,,,
wiz8--demo--wiz8--8acda50afe39,005ff8f8,0,-1,object,-84,00561670,,,,
wiz8--demo--wiz8--8acda50afe39,005ff920,0,-1,object,-84,00561670,,,,
wiz8--demo--wiz8--8acda50afe39,005ff948,0,-1,object,-1460,00561670,,,,
wiz8--demo--wiz8--8acda50afe39,005ff970,0,-1,object,-156,0048f6d0,,,,
wiz8--demo--wiz8--8acda50afe39,005ff970,1,0,pointer,-140,00472100,,,,
wiz8--demo--wiz8--8acda50afe39,005ff9a0,0,-1,object,-148,00561670,,,,
wiz8--demo--wiz8--8acda50afe39,005ff9c8,0,-1,object,-148,00561670,,,,
wiz8--demo--wiz8--8acda50afe39,005ff9f0,0,-1,object,-148,00561670,,,,
wiz8--demo--wiz8--8acda50afe39,005ffa18,0,-1,pointer,4,00472100,,,,
wiz8--demo--wiz8--8acda50afe39,005ffa40,0,-1,object,-84,00561670,,,,
wiz8--demo--wiz8--8acda50afe39,005ffa68,0,-1,pointer,-16,005eadb0,,,,
wiz8--demo--wiz8--8acda50afe39,005ffa68,1,0,pointer,-16,0043a0e0,,,,
wiz8--demo--wiz8--8acda50afe39,005ffa68,2,1,pointer,-16,0043a0e0,,,,
wiz8--demo--wiz8--8acda50afe39,005ffa68,3,2,pointer,-16,00452e70,,,,
wiz8--demo--wiz8--8acda50afe39,005ffa68,4,3,pointer,-16,00452eb0,,,,
wiz8--demo--wiz8--8acda50afe39,005ffab0,0,-1,pointer,-4540,005eadb0,,,,
wiz8--demo--wiz8--8acda50afe39,005ffad8,0,-1,pointer,-16,0052e380,,,,
wiz8--demo--wiz8--8acda50afe39,005ffb00,0,-1,pointer,-16,005328f0,,,,
wiz8--demo--wiz8--8acda50afe39,005ffb00,1,0,pointer,-16,005328f0,,,,
wiz8--demo--wiz8--8acda50afe39,005ffb00,2,1,pointer,-16,005328f0,,,,
wiz8--demo--wiz8--8acda50afe39,005ffb00,3,2,pointer,-16,005328f0,,,,
wiz8--demo--wiz8--8acda50afe39,005ffb00,4,3,pointer,-16,005328f0,,,,
wiz8--demo--wiz8--8acda50afe39,005ffb48,0,-1,object,-28,00539d00,,,,
wiz8--demo--wiz8--8acda50afe39,005ffb70,0,-1,object,-28,00539d00,,,,
wiz8--demo--wiz8--8acda50afe39,005ffb98,0,-1,object,-120,0043a0e0,,,,
wiz8--demo--wiz8--8acda50afe39,005ffb98,1,0,object,-136,0043a0e0,,,,
wiz8--demo--wiz8--8acda50afe39,005ffbc8,0,-1,object,-96,0043a0e0,,,,
wiz8--demo--wiz8--8acda50afe39,005ffbc8,1,0,object,-80,0043a0e0,,,,
wiz8--demo--wiz8--8acda50afe39,005ffbf8,0,-1,object,-28,00539d00,,,,
wiz8--demo--wiz8--8acda50afe39,005ffc20,0,-1,object,-80,0043a0e0,,,,
wiz8--demo--wiz8--8acda50afe39,005ffc20,1,0,object,-96,0043a0e0,,,,
wiz8--demo--wiz8--8acda50afe39,005ffc50,0,-1,object,-28,0043a0e0,,,,
wiz8--demo--wiz8--8acda50afe39,005ffc78,0,-1,object,-28,0043a0e0,,,,
wiz8--demo--wiz8--8acda50afe39,005ffca0,0,-1,object,-80,0043a0e0,,,,
wiz8--demo--wiz8--8acda50afe39,005ffcc8,0,-1,object,-128,0043a0e0,,,,
wiz8--demo--wiz8--8acda50afe39,005ffcc8,1,0,object,-112,0043a0e0,,,,
wiz8--demo--wiz8--8acda50afe39,005ffcf8,0,-1,object,-112,0043a0e0,,,,
wiz8--demo--wiz8--8acda50afe39,005ffd20,0,-1,object,-300,004a8720,,,,
wiz8--demo--wiz8--8acda50afe39,005ffd48,0,-1,object,-248,004a8720,,,,
wiz8--demo--wiz8--8acda50afe39,005ffd70,0,-1,object,-176,004a8720,,,,
wiz8--demo--wiz8--8acda50afe39,005ffd98,0,-1,object,-320,0054b3e0,,,,
wiz8--demo--wiz8--8acda50afe39,005ffd98,1,0,object,-304,0054b3e0,,,,
wiz8--demo--wiz8--8acda50afe39,005ffdc8,0,-1,pointer,-16,005eadb0,,,,
wiz8--demo--wiz8--8acda50afe39,005ffdc8,1,-1,pointer,-16,005eadb0,,,,
wiz8--demo--wiz8--8acda50afe39,005ffdf8,0,-1,object,-144,00561670,,,,
wiz8--demo--wiz8--8acda50afe39,005ffe20,0,-1,object,-144,00561670,,,,
wiz8--demo--wiz8--8acda50afe39,005ffe48,0,-1,object,-308,0043a0e0,,,,
wiz8--demo--wiz8--8acda50afe39,005ffe48,1,0,object,-240,004a8720,,,,
wiz8--demo--wiz8--8acda50afe39,005ffe78,0,-1,object,-176,004a8720,,,,
wiz8--demo--wiz8--8acda50afe39,005ffea0,0,-1,object,-176,004a8720,,,,
wiz8--demo--wiz8--8acda50afe39,005ffec8,0,-1,object,-176,004a8720,,,,
wiz8--demo--wiz8--8acda50afe39,005ffef0,0,-1,object,32,0043a0e0,,,,
wiz8--demo--wiz8--8acda50afe39,005ffef0,1,0,object,16,0043a0e0,,,,
wiz8--demo--wiz8--8acda50afe39,005fff20,0,-1,pointer,-16,005eadb0,,,,
wiz8--demo--wiz8--8acda50afe39,005fff48,0,-1,pointer,-16,00562420,,,,
wiz8--demo--wiz8--8acda50afe39,005fff48,1,0,pointer,-16,00477ab0,,,,
wiz8--demo--wiz8--8acda50afe39,005fff48,2,1,pointer,-16,00477ab0,,,,
wiz8--demo--wiz8--8acda50afe39,005fff80,0,-1,pointer,4,005eadb0,,,,
wiz8--demo--wiz8--8acda50afe39,005fffa8,0,-1,pointer,-20,005633d0,,,,
wiz8--demo--wiz8--8acda50afe39,005fffd0,0,-1,pointer,-16,005633d0,,,,
wiz8--demo--wiz8--8acda50afe39,005fffd0,1,0,pointer,-16,0049a460,,,,
wiz8--demo--wiz8--8acda50afe39,00600000,0,-1,pointer,-32,004f6080,,,,
wiz8--demo--wiz8--8acda50afe39,00600000,1,0,pointer,-32,005dac80,,,,
wiz8--demo--wiz8--8acda50afe39,00600030,0,-1,pointer,4,005eadb0,,,,
wiz8--demo--wiz8--8acda50afe39,00600058,0,-1,pointer,8,005eadb0,,,,
wiz8--demo--wiz8--8acda50afe39,00600058,1,-1,pointer,8,005eadb0,,,,
wiz8--demo--wiz8--8acda50afe39,00600088,0,-1,pointer,-16,0057d530,,,,
wiz8--demo--wiz8--8acda50afe39,006000b0,0,-1,pointer,-4020,005eadb0,,,,
wiz8--demo--wiz8--8acda50afe39,006000d8,0,-1,pointer,-16,005eadb0,,,,
wiz8--demo--wiz8--8acda50afe39,006000d8,1,-1,pointer,-16,005eadb0,,,,
wiz8--demo--wiz8--8acda50afe39,00600108,0,-1,pointer,-16,005eadb0,,,,
wiz8--demo--wiz8--8acda50afe39,00600108,1,-1,pointer,-16,005eadb0,,,,
wiz8--demo--wiz8--8acda50afe39,00600108,2,-1,pointer,-16,005eadb0,,,,
wiz8--demo--wiz8--8acda50afe39,00600108,3,-1,pointer,-16,005eadb0,,,,
wiz8--demo--wiz8--8acda50afe39,00600108,4,-1,pointer,-16,005eadb0,,,,
wiz8--demo--wiz8--8acda50afe39,00600108,5,-1,pointer,-16,005eadb0,,,,
wiz8--demo--wiz8--8acda50afe39,00600108,6,-1,pointer,-16,005eadb0,,,,
wiz8--demo--wiz8--8acda50afe39,00600108,7,-1,pointer,-16,005eadb0,,,,
wiz8--demo--wiz8--8acda50afe39,00600108,8,-1,pointer,-16,005eadb0,,,,
wiz8--demo--wiz8--8acda50afe39,00600108,9,-1,pointer,-16,005eadb0,,,,
wiz8--demo--wiz8--8acda50afe39,00600108,10,-1,pointer,-16,005eadb0,,,,
wiz8--demo--wiz8--8acda50afe39,00600108,11,-1,pointer,-16,005eadb0,,,,
wiz8--demo--wiz8--8acda50afe39,00600108,12,-1,pointer,-16,005eadb0,,,,
wiz8--demo--wiz8--8acda50afe39,00600108,13,-1,pointer,-16,005eadb0,,,,
wiz8--demo--wiz8--8acda50afe39,00600108,14,-1,pointer,-16,005eadb0,,,,
wiz8--demo--wiz8--8acda50afe39,00600108,15,-1,pointer,-16,005eadb0,,,,
wiz8--demo--wiz8--8acda50afe39,00600108,16,-1,pointer,-16,005eadb0,,,,
wiz8--demo--wiz8--8acda50afe39,00600108,17,-1,pointer,-16,005eadb0,,,,
wiz8--demo--wiz8--8acda50afe39,00600108,18,-1,pointer,-16,005eadb0,,,,
wiz8--demo--wiz8--8acda50afe39,00600108,19,-1,pointer,-16,005eadb0,,,,
wiz8--demo--wiz8--8acda50afe39,00600108,20,-1,pointer,-16,005eadb0,,,,
wiz8--demo--wiz8--8acda50afe39,00600108,21,-1,pointer,-16,005eadb0,,,,
wiz8--demo--wiz8--8acda50afe39,00600108,22,-1,pointer,-16,005eadb0,,,,
wiz8--demo--wiz8--8acda50afe39,00600108,23,-1,pointer,-16,005eadb0,,,,
wiz8--demo--wiz8--8acda50afe39,00600108,24,-1,pointer,-16,005eadb0,,,,
wiz8--demo--wiz8--8acda50afe39,00600108,25,-1,pointer,-16,005eadb0,,,,
wiz8--demo--wiz8--8acda50afe39,00600108,26,-1,pointer,-16,005eadb0,,,,
wiz8--demo--wiz8--8acda50afe39,00600108,27,-1,pointer,-16,005eadb0,,,,
wiz8--demo--wiz8--8acda50afe39,00600108,28,-1,pointer,-16,005eadb0,,,,
wiz8--demo--wiz8--8acda50afe39,00600108,29,-1,pointer,-16,005eadb0,,,,
wiz8--demo--wiz8--8acda50afe39,00600108,30,-1,pointer,-16,005eadb0,,,,
wiz8--demo--wiz8--8acda50afe39,00600108,31,-1,pointer,-16,005eadb0,,,,
wiz8--demo--wiz8--8acda50afe39,00600108,32,-1,pointer,-16,005eadb0,,,,
wiz8--demo--wiz8--8acda50afe39,00600108,33,-1,pointer,-16,005eadb0,,,,
wiz8--demo--wiz8--8acda50afe39,00600108,34,-1,pointer,-16,005eadb0,,,,
wiz8--demo--wiz8--8acda50afe39,00600108,35,-1,pointer,-16,005eadb0,,,,
wiz8--demo--wiz8--8acda50afe39,00600108,36,-1,pointer,-16,005eadb0,,,,
wiz8--demo--wiz8--8acda50afe39,00600108,37,-1,pointer,-16,005eadb0,,,,
wiz8--demo--wiz8--8acda50afe39,00600108,38,-1,pointer,-16,005eadb0,,,,
wiz8--demo--wiz8--8acda50afe39,00600108,39,-1,pointer,-16,005eadb0,,,,
wiz8--demo--wiz8--8acda50afe39,00600108,40,-1,pointer,-16,005eadb0,,,,
wiz8--demo--wiz8--8acda50afe39,00600108,41,-1,pointer,-16,005eadb0,,,,
wiz8--demo--wiz8--8acda50afe39,00600108,42,-1,pointer,-16,005eadb0,,,,
wiz8--demo--wiz8--8acda50afe39,00600280,0,-1,pointer,-216,005eadb0,,,,
wiz8--demo--wiz8--8acda50afe39,006002a8,0,-1,pointer,-16,005eadb0,,,,
wiz8--demo--wiz8--8acda50afe39,006002d0,0,-1,pointer,-16,005eadb0,,,,
wiz8--demo--wiz8--8acda50afe39,006002f8,0,-1,pointer,-16,005eadb0,,,,
wiz8--demo--wiz8--8acda50afe39,00600320,0,-1,pointer,4,005eadb0,,,,
wiz8--demo--wiz8--8acda50afe39,00600348,0,-1,pointer,-16,005eadb0,,,,
wiz8--demo--wiz8--8acda50afe39,00600370,0,-1,object,-68,004d1ee0,,,,
wiz8--demo--wiz8--8acda50afe39,00600370,1,0,pointer,-132,00472100,,,,
wiz8--demo--wiz8--8acda50afe39,00600370,2,0,object,-148,00447300,,,,
wiz8--demo--wiz8--8acda50afe39,00600370,3,2,pointer,-72,00472100,,,,
wiz8--demo--wiz8--8acda50afe39,006003b0,0,-1,object,-28,0043a100,,,,
wiz8--demo--wiz8--8acda50afe39,006003d8,0,-1,object,-80,0043a100,,,,
wiz8--demo--wiz8--8acda50afe39,006003d8,1,0,object,-144,00473060,,,,
wiz8--demo--wiz8--8acda50afe39,006003d8,2,1,object,-136,00473160,,,,
wiz8--demo--wiz8--8acda50afe39,006003d8,3,2,pointer,-148,00472100,,,,
wiz8--demo--wiz8--8acda50afe39,00600418,0,-1,pointer,-48,00472100,,,,
wiz8--demo--wiz8--8acda50afe39,00600440,0,-1,pointer,-16,00472100,,,,
wiz8--demo--wiz8--8acda50afe39,00600468,0,-1,pointer,-48,005eadb0,,,,
wiz8--demo--wiz8--8acda50afe39,00600468,1,-1,pointer,-48,00472100,,,,
wiz8--demo--wiz8--8acda50afe39,00600468,2,-1,pointer,-48,00472100,,,,
wiz8--demo--wiz8--8acda50afe39,00600468,3,-1,pointer,-48,00472100,,,,
wiz8--demo--wiz8--8acda50afe39,00600468,4,-1,pointer,-48,00472100,,,,
wiz8--demo--wiz8--8acda50afe39,00600468,5,-1,pointer,-48,00472100,,,,
wiz8--demo--wiz8--8acda50afe39,006004b8,0,-1,pointer,-100,00472100,,,,
wiz8--demo--wiz8--8acda50afe39,006004e0,0,-1,pointer,-148,00472100,,,,
wiz8--demo--wiz8--8acda50afe39,00600508,0,-1,pointer,-72,00472100,,,,
wiz8--demo--wiz8--8acda50afe39,00600530,0,-1,pointer,-16,005eadb0,,,,
wiz8--demo--wiz8--8acda50afe39,00600558,0,-1,pointer,-16,005eadb0,,,,
wiz8--demo--wiz8--8acda50afe39,00600558,1,-1,pointer,-16,005eadb0,,,,
wiz8--demo--wiz8--8acda50afe39,00600558,2,-1,pointer,-16,005eadb0,,,,
wiz8--demo--wiz8--8acda50afe39,00600558,3,-1,pointer,-16,005eadb0,,,,
wiz8--demo--wiz8--8acda50afe39,00600558,4,-1,pointer,-16,005eadb0,,,,
wiz8--demo--wiz8--8acda50afe39,00600558,5,-1,pointer,-20,005eadb0,,,,
wiz8--demo--wiz8--8acda50afe39,006005a8,0,-1,pointer,-20,004f6080,,,,
wiz8--demo--wiz8--8acda50afe39,006005a8,1,0,pointer,-20,0043ad00,,,,
wiz8--demo--wiz8--8acda50afe39,006005a8,2,1,pointer,-20,0043ad00,,,,
wiz8--demo--wiz8--8acda50afe39,006005a8,3,2,pointer,-20,0043ad00,,,,
wiz8--demo--wiz8--8acda50afe39,006005a8,4,3,pointer,-16,005eadb0,,,,
wiz8--demo--wiz8--8acda50afe39,006005f0,0,-1,pointer,-16,004f6080,,,,
wiz8--demo--wiz8--8acda50afe39,006005f0,1,0,pointer,-16,0043ad00,,,,
wiz8--demo--wiz8--8acda50afe39,006005f0,2,1,pointer,-16,0043ad00,,,,
wiz8--demo--wiz8--8acda50afe39,006005f0,3,2,pointer,-16,0043ad00,,,,
wiz8--demo--wiz8--8acda50afe39,00600630,0,-1,pointer,-32,004f6080,,,,
wiz8--demo--wiz8--8acda50afe39,00600630,1,0,pointer,4,005eadb0,,,,
wiz8--demo--wiz8--8acda50afe39,00600630,2,0,pointer,4,005eadb0,,,,
wiz8--demo--wiz8--8acda50afe39,00600630,3,0,pointer,4,005eadb0,,,,
wiz8--demo--wiz8--8acda50afe39,00600630,4,0,pointer,4,005eadb0,,,,
wiz8--demo--wiz8--8acda50afe39,00600630,5,0,pointer,4,005eadb0,,,,
wiz8--demo--wiz8--8acda50afe39,00600630,6,0,pointer,4,005eadb0,,,,
wiz8--demo--wiz8--8acda50afe39,00600630,7,0,pointer,4,005eadb0,,,,
wiz8--demo--wiz8--8acda50afe39,00600690,0,-1,pointer,-16,004f6080,,,,
wiz8--demo--wiz8--8acda50afe39,006006b8,0,-1,pointer,-20,0043ad00,,,,
wiz8--demo--wiz8--8acda50afe39,006006b8,1,0,pointer,4,005eadb0,,,,
wiz8--demo--wiz8--8acda50afe39,006006b8,2,0,pointer,4,005eadb0,,,,
wiz8--demo--wiz8--8acda50afe39,006006b8,3,0,pointer,4,005eadb0,,,,
wiz8--demo--wiz8--8acda50afe39,006006b8,4,0,pointer,4,005eadb0,,,,
wiz8--demo--wiz8--8acda50afe39,006006b8,5,0,pointer,4,005eadb0,,,,
wiz8--demo--wiz8--8acda50afe39,006006b8,6,0,pointer,4,005eadb0,,,,
wiz8--demo--wiz8--8acda50afe39,006006b8,7,0,pointer,4,005eadb0,,,,
wiz8--demo--wiz8--8acda50afe39,00600718,0,-1,pointer,-16,0043ad00,,,,
wiz8--demo--wiz8--8acda50afe39,00600740,0,-1,pointer,4,005eadb0,,,,
wiz8--demo--wiz8--8acda50afe39,00600768,0,-1,pointer,-16,004f7260,,,,
wiz8--demo--wiz8--8acda50afe39,00600768,1,0,pointer,-16,004f9710,,,,
wiz8--demo--wiz8--8acda50afe39,00600798,0,-1,pointer,-16,004f7260,,,,
wiz8--demo--wiz8--8acda50afe39,006007c0,0,-1,pointer,-16,004f9990,,,,
wiz8--demo--wiz8--8acda50afe39,006007e8,0,-1,pointer,-16,004f7260,,,,
wiz8--demo--wiz8--8acda50afe39,00600810,0,-1,pointer,-16,004f6080,,,,
wiz8--demo--wiz8--8acda50afe39,00600810,1,0,pointer,-16,0043ad00,,,,
wiz8--demo--wiz8--8acda50afe39,00600810,2,1,pointer,-16,004f67d0,,,,
wiz8--demo--wiz8--8acda50afe39,00600810,3,2,pointer,-16,0043ad00,,,,
wiz8--demo--wiz8--8acda50afe39,00600810,4,3,pointer,-20,005eadb0,,,,
wiz8--demo--wiz8--8acda50afe39,00600810,5,3,pointer,-20,005eadb0,,,,
wiz8--demo--wiz8--8acda50afe39,00600860,0,-1,pointer,-16,004f6080,,,,
wiz8--demo--wiz8--8acda50afe39,00600860,1,0,pointer,-16,0043ad00,,,,
wiz8--demo--wiz8--8acda50afe39,00600860,2,1,pointer,-16,004f67d0,,,,
wiz8--demo--wiz8--8acda50afe39,00600860,3,2,pointer,-16,0043ad00,,,,
wiz8--demo--wiz8--8acda50afe39,006008a0,0,-1,pointer,-36,004f6080,,,,
wiz8--demo--wiz8--8acda50afe39,006008a0,1,0,pointer,-32,005eadb0,,,,
wiz8--demo--wiz8--8acda50afe39,006008a0,2,0,pointer,-32,005eadb0,,,,
wiz8--demo--wiz8--8acda50afe39,006008a0,3,0,pointer,-32,005eadb0,,,,
wiz8--demo--wiz8--8acda50afe39,006008a0,4,0,pointer,-32,005eadb0,,,,
wiz8--demo--wiz8--8acda50afe39,006008a0,5,0,pointer,-32,005eadb0,,,,
wiz8--demo--wiz8--8acda50afe39,006008a0,6,0,pointer,-32,005eadb0,,,,
wiz8--demo--wiz8--8acda50afe39,006008a0,7,0,pointer,-32,005eadb0,,,,
wiz8--demo--wiz8--8acda50afe39,00600900,0,-1,pointer,-16,004f6080,,,,
wiz8--demo--wiz8--8acda50afe39,00600928,0,-1,pointer,-16,0043ad00,,,,
wiz8--demo--wiz8--8acda50afe39,00600928,1,0,pointer,4,005eadb0,,,,
wiz8--demo--wiz8--8acda50afe39,00600928,2,0,pointer,4,005eadb0,,,,
wiz8--demo--wiz8--8acda50afe39,00600928,3,0,pointer,4,005eadb0,,,,
wiz8--demo--wiz8--8acda50afe39,00600928,4,0,pointer,4,005eadb0,,,,
wiz8--demo--wiz8--8acda50afe39,00600928,5,0,pointer,4,005eadb0,,,,
wiz8--demo--wiz8--8acda50afe39,00600928,6,0,pointer,4,005eadb0,,,,
wiz8--demo--wiz8--8acda50afe39,00600928,7,0,pointer,4,005eadb0,,,,
wiz8--demo--wiz8--8acda50afe39,00600928,8,0,pointer,4,005eadb0,,,,
wiz8--demo--wiz8--8acda50afe39,00600990,0,-1,pointer,-16,0043ad00,,,,
wiz8--demo--wiz8--8acda50afe39,006009b8,0,-1,pointer,4,005eadb0,,,,
wiz8--demo--wiz8--8acda50afe39,006009e0,0,-1,pointer,4,005eadb0,,,,
wiz8--demo--wiz8--8acda50afe39,00600a08,0,-1,pointer,-7248,005eadb0,,,,
wiz8--demo--wiz8--8acda50afe39,00600a08,1,-1,pointer,-7248,005eadb0,,,,
wiz8--demo--wiz8--8acda50afe39,00600a38,0,-1,pointer,-16,005eadb0,,,,
wiz8--demo--wiz8--8acda50afe39,00600a60,0,-1,pointer,-404,005eadb0,,,,
wiz8--demo--wiz8--8acda50afe39,00600a88,0,-1,pointer,-276,005eadb0,,,,
wiz8--demo--wiz8--8acda50afe39,00600ab0,0,-1,pointer,-36,005eadb0,,,,
wiz8--demo--wiz8--8acda50afe39,00600ab0,1,-1,pointer,-16,005eadb0,,,,
wiz8--demo--wiz8--8acda50afe39,00600ab0,2,-1,pointer,-16,005eadb0,,,,
wiz8--demo--wiz8--8acda50afe39,00600ae8,0,-1,pointer,-16,005eadb0,,,,
wiz8--demo--wiz8--8acda50afe39,00600b10,0,-1,pointer,-20,005eadb0,,,,
wiz8--demo--wiz8--8acda50afe39,00600b10,1,-1,pointer,-16,005eadb0,,,,
wiz8--demo--wiz8--8acda50afe39,00600b10,2,-1,pointer,-16,005eadb0,,,,
wiz8--demo--wiz8--8acda50afe39,00600b48,0,-1,pointer,-16,005eadb0,,,,
wiz8--demo--wiz8--8acda50afe39,00600b70,0,-1,pointer,-16,005eadb0,,,,
wiz8--demo--wiz8--8acda50afe39,00600b98,0,-1,pointer,-16,005eadb0,,,,
wiz8--demo--wiz8--8acda50afe39,00600bc0,0,-1,pointer,-16,005eadb0,,,,
wiz8--demo--wiz8--8acda50afe39,00600be8,0,-1,pointer,-16,005eadb0,,,,
wiz8--demo--wiz8--8acda50afe39,00600c10,0,-1,pointer,-16,005eadb0,,,,
wiz8--demo--wiz8--8acda50afe39,00600c38,0,-1,pointer,-16,004f7260,,,,
wiz8--demo--wiz8--8acda50afe39,00600c60,0,-1,object,-92,004f67d0,,,,
wiz8--demo--wiz8--8acda50afe39,00600c88,0,-1,object,-92,004f67d0,,,,
wiz8--demo--wiz8--8acda50afe39,00600cb0,0,-1,pointer,-20,005eadb0,,,,
wiz8--demo--wiz8--8acda50afe39,00600cb0,1,-1,pointer,-16,005eadb0,,,,
wiz8--demo--wiz8--8acda50afe39,00600ce0,0,-1,pointer,-20,005eadb0,,,,
wiz8--demo--wiz8--8acda50afe39,00600ce0,1,-1,pointer,-16,005eadb0,,,,
wiz8--demo--wiz8--8acda50afe39,00600d10,0,-1,pointer,-16,005eadb0,,,,
wiz8--demo--wiz8--8acda50afe39,00600d10,1,-1,pointer,-16,005eadb0,,,,
wiz8--demo--wiz8--8acda50afe39,00600d10,2,-1,pointer,-16,005eadb0,,,,
wiz8--demo--wiz8--8acda50afe39,00600d10,3,-1,pointer,-16,005eadb0,,,,
wiz8--demo--wiz8--8acda50afe39,00600d10,4,-1,pointer,-16,005eadb0,,,,
wiz8--demo--wiz8--8acda50afe39,00600d10,5,-1,pointer,-16,005eadb0,,,,
wiz8--demo--wiz8--8acda50afe39,00600d10,6,-1,pointer,-16,005eadb0,,,,
wiz8--demo--wiz8--8acda50afe39,00600d10,7,-1,pointer,-16,005eadb0,,,,
wiz8--demo--wiz8--8acda50afe39,00600d10,8,-1,pointer,-16,005eadb0,,,,
wiz8--demo--wiz8--8acda50afe39,00600d10,9,-1,pointer,-16,005eadb0,,,,
wiz8--demo--wiz8--8acda50afe39,00600d10,10,-1,pointer,-16,005eadb0,,,,
wiz8--demo--wiz8--8acda50afe39,00600d10,11,-1,pointer,-16,005eadb0,,,,
wiz8--demo--wiz8--8acda50afe39,00600d10,12,-1,pointer,-16,005eadb0,,,,
wiz8--demo--wiz8--8acda50afe39,00600d10,13,-1,pointer,-16,005eadb0,,,,
wiz8--demo--wiz8--8acda50afe39,00600d10,14,-1,pointer,-16,005eadb0,,,,
wiz8--demo--wiz8--8acda50afe39,00600da8,0,-1,pointer,-16,005eadb0,,,,
wiz8--demo--wiz8--8acda50afe39,00600dd0,0,-1,pointer,-16,005eadb0,,,,
wiz8--demo--wiz8--8acda50afe39,00600dd0,1,-1,pointer,-16,005eadb0,,,,
wiz8--demo--wiz8--8acda50afe39,00600dd0,2,-1,pointer,-16,005eadb0,,,,
wiz8--demo--wiz8--8acda50afe39,00600dd0,3,-1,pointer,-16,005eadb0,,,,
wiz8--demo--wiz8--8acda50afe39,00600dd0,4,-1,pointer,-16,005eadb0,,,,
wiz8--demo--wiz8--8acda50afe39,00600dd0,5,-1,pointer,-16,005eadb0,,,,
wiz8--demo--wiz8--8acda50afe39,00600dd0,6,-1,pointer,-16,005eadb0,,,,
wiz8--demo--wiz8--8acda50afe39,00600dd0,7,-1,pointer,-16,005eadb0,,,,
wiz8--demo--wiz8--8acda50afe39,00600dd0,8,-1,pointer,-16,005eadb0,,,,
wiz8--demo--wiz8--8acda50afe39,00600dd0,9,-1,pointer,-16,005eadb0,,,,
wiz8--demo--wiz8--8acda50afe39,00600dd0,10,-1,pointer,-16,005eadb0,,,,
wiz8--demo--wiz8--8acda50afe39,00600dd0,11,-1,pointer,-16,005eadb0,,,,
wiz8--demo--wiz8--8acda50afe39,00600dd0,12,-1,pointer,-16,005eadb0,,,,
wiz8--demo--wiz8--8acda50afe39,00600dd0,13,-1,pointer,-16,005eadb0,,,,
wiz8--demo--wiz8--8acda50afe39,00600dd0,14,-1,pointer,-16,005eadb0,,,,
wiz8--demo--wiz8--8acda50afe39,00600dd0,15,-1,pointer,-16,005eadb0,,,,
wiz8--demo--wiz8--8acda50afe39,00600dd0,16,-1,pointer,-16,005eadb0,,,,
wiz8--demo--wiz8--8acda50afe39,00600dd0,17,-1,pointer,-16,005eadb0,,,,
wiz8--demo--wiz8--8acda50afe39,00600dd0,18,-1,pointer,-16,005eadb0,,,,
wiz8--demo--wiz8--8acda50afe39,00600dd0,19,-1,pointer,-16,005eadb0,,,,
wiz8--demo--wiz8--8acda50afe39,00600dd0,20,-1,pointer,-16,005eadb0,,,,
wiz8--demo--wiz8--8acda50afe39,00600dd0,21,-1,pointer,-16,005eadb0,,,,
wiz8--demo--wiz8--8acda50afe39,00600dd0,22,-1,pointer,-16,005eadb0,,,,
wiz8--demo--wiz8--8acda50afe39,00600dd0,23,-1,pointer,-16,005eadb0,,,,
wiz8--demo--wiz8--8acda50afe39,00600dd0,24,-1,pointer,-16,005eadb0,,,,
wiz8--demo--wiz8--8acda50afe39,00600dd0,25,-1,pointer,-16,005eadb0,,,,
wiz8--demo--wiz8--8acda50afe39,00600ec0,0,-1,pointer,4,005eadb0,,,,
wiz8--demo--wiz8--8acda50afe39,00600ee8,0,-1,pointer,-32,005eadb0,,,,
wiz8--demo--wiz8--8acda50afe39,00600ee8,1,-1,pointer,-32,005eadb0,,,,
wiz8--demo--wiz8--8acda50afe39,00600ee8,2,-1,pointer,-32,005eadb0,,,,
wiz8--demo--wiz8--8acda50afe39,00600ee8,3,-1,pointer,-32,005eadb0,,,,
wiz8--demo--wiz8--8acda50afe39,00600f28,0,-1,pointer,-48,00472100,,,,
wiz8--demo--wiz8--8acda50afe39,00600f50,0,-1,pointer,-20,005eadb0,,,,
wiz8--demo--wiz8--8acda50afe39,00600f50,1,0,pointer,-16,005eadb0,,,,
wiz8--demo--wiz8--8acda50afe39,00600f50,2,-1,pointer,-16,005eadb0,,,,
wiz8--demo--wiz8--8acda50afe39,00600f50,3,-1,pointer,-16,005eadb0,,,,
wiz8--demo--wiz8--8acda50afe39,00600f50,4,-1,pointer,-16,005eadb0,,,,
wiz8--demo--wiz8--8acda50afe39,00600f50,5,-1,pointer,-16,005eadb0,,,,
wiz8--demo--wiz8--8acda50afe39,00600fa0,0,-1,object,-1116,004f67d0,,,,
wiz8--demo--wiz8--8acda50afe39,00600fc8,0,-1,pointer,-16,004f9990,,,,
wiz8--demo--wiz8--8acda50afe39,00600fc8,1,0,pointer,8,005eadb0,,,,
wiz8--demo--wiz8--8acda50afe39,00600fc8,2,0,pointer,8,005eadb0,,,,
wiz8--demo--wiz8--8acda50afe39,00601000,0,-1,pointer,-16,004f7260,,,,
wiz8--demo--wiz8--8acda50afe39,00601028,0,-1,pointer,-16,004f7260,,,,
wiz8--demo--wiz8--8acda50afe39,00601050,0,-1,pointer,-16,004f7260,,,,
wiz8--demo--wiz8--8acda50afe39,00601078,0,-1,pointer,-16,004f7260,,,,
wiz8--demo--wiz8--8acda50afe39,006010a0,0,-1,pointer,4,00472100,,,,
wiz8--demo--wiz8--8acda50afe39,006010c8,0,-1,pointer,-16,004f7260,,,,
wiz8--demo--wiz8--8acda50afe39,006010f0,0,-1,pointer,-16,004f7260,,,,
wiz8--demo--wiz8--8acda50afe39,00601118,0,-1,pointer,-16,005dbd00,,,,
wiz8--demo--wiz8--8acda50afe39,00601140,0,-1,pointer,-16,004f6080,,,,
wiz8--demo--wiz8--8acda50afe39,00601140,1,0,pointer,-16,005b5980,,,,
wiz8--demo--wiz8--8acda50afe39,00601140,2,1,pointer,-16,005b59a0,,,,
wiz8--demo--wiz8--8acda50afe39,00601178,0,-1,pointer,-16,004f6080,,,,
wiz8--demo--wiz8--8acda50afe39,00601178,1,0,pointer,-16,005b5980,,,,
wiz8--demo--wiz8--8acda50afe39,00601178,2,1,pointer,-16,005b59a0,,,,
wiz8--demo--wiz8--8acda50afe39,006011b0,0,-1,pointer,-32,005eadb0,,,,
wiz8--demo--wiz8--8acda50afe39,006011b0,1,-1,pointer,4,005eadb0,,,,
wiz8--demo--wiz8--8acda50afe39,006011b0,2,1,pointer,4,004f9990,,,,
wiz8--demo--wiz8--8acda50afe39,006011e8,0,-1,pointer,-32,005eadb0,,,,
wiz8--demo--wiz8--8acda50afe39,006011e8,1,-1,pointer,4,005eadb0,,,,
wiz8--demo--wiz8--8acda50afe39,006011e8,2,1,pointer,4,004f9990,,,,
wiz8--demo--wiz8--8acda50afe39,00601220,0,-1,pointer,-32,005eadb0,,,,
wiz8--demo--wiz8--8acda50afe39,00601220,1,-1,pointer,4,005eadb0,,,,
wiz8--demo--wiz8--8acda50afe39,00601250,0,-1,pointer,-32,005eadb0,,,,
wiz8--demo--wiz8--8acda50afe39,00601250,1,-1,pointer,4,005eadb0,,,,
wiz8--demo--wiz8--8acda50afe39,00601280,0,-1,pointer,-16,004f6080,,,,
wiz8--demo--wiz8--8acda50afe39,00601280,1,0,pointer,4,005eadb0,,,,
wiz8--demo--wiz8--8acda50afe39,00601280,2,0,pointer,4,005eadb0,,,,
wiz8--demo--wiz8--8acda50afe39,00601280,3,0,pointer,4,005eadb0,,,,
wiz8--demo--wiz8--8acda50afe39,006012c0,0,-1,pointer,-16,004f6080,,,,
wiz8--demo--wiz8--8acda50afe39,006012e8,0,-1,pointer,-16,005b59e0,,,,
wiz8--demo--wiz8--8acda50afe39,00601310,0,-1,pointer,-20,005b59e0,,,,
wiz8--demo--wiz8--8acda50afe39,00601310,1,0,pointer,-16,005b59c0,,,,
wiz8--demo--wiz8--8acda50afe39,00601340,0,-1,pointer,4,005eadb0,,,,
wiz8--demo--wiz8--8acda50afe39,00601368,0,-1,pointer,-16,005eadb0,,,,
wiz8--demo--wiz8--8acda50afe39,00601390,0,-1,pointer,-16,005eadb0,,,,
wiz8--demo--wiz8--8acda50afe39,00601390,1,-1,pointer,-16,005eadb0,,,,
wiz8--demo--wiz8--8acda50afe39,00601390,2,-1,pointer,-16,005eadb0,,,,
wiz8--demo--wiz8--8acda50afe39,00601390,3,-1,pointer,-16,005eadb0,,,,
wiz8--demo--wiz8--8acda50afe39,006013d0,0,-1,pointer,-16,005eadb0,,,,
wiz8--demo--wiz8--8acda50afe39,006013f8,0,-1,pointer,-32,005eadb0,,,,
wiz8--demo--wiz8--8acda50afe39,00601420,0,-1,pointer,-16,005eadb0,,,,
wiz8--demo--wiz8--8acda50afe39,00601420,1,0,pointer,-16,004f9990,,,,
wiz8--demo--wiz8--8acda50afe39,00601420,2,-1,pointer,-16,005eadb0,,,,
wiz8--demo--wiz8--8acda50afe39,00601420,3,-1,pointer,-16,005eadb0,,,,
wiz8--demo--wiz8--8acda50afe39,00601460,0,-1,pointer,-276,005eadb0,,,,
wiz8--demo--wiz8--8acda50afe39,00601460,1,-1,pointer,-276,005eadb0,,,,
wiz8--demo--wiz8--8acda50afe39,00601490,0,-1,pointer,-16,004f6080,,,,
wiz8--demo--wiz8--8acda50afe39,00601490,1,0,pointer,-16,005b5980,,,,
wiz8--demo--wiz8--8acda50afe39,00601490,2,1,pointer,-16,005b59a0,,,,
wiz8--demo--wiz8--8acda50afe39,006014c8,0,-1,pointer,-52,005eadb0,,,,
wiz8--demo--wiz8--8acda50afe39,006014c8,1,-1,pointer,-56,005eadb0,,,,
wiz8--demo--wiz8--8acda50afe39,006014c8,2,-1,pointer,-48,005eadb0,,,,
wiz8--demo--wiz8--8acda50afe39,006014c8,3,2,pointer,-48,004f9990,,,,
wiz8--demo--wiz8--8acda50afe39,006014c8,4,2,pointer,-48,005b0700,,,,
wiz8--demo--wiz8--8acda50afe39,006014c8,5,-1,pointer,-48,005eadb0,,,,
wiz8--demo--wiz8--8acda50afe39,006014c8,6,5,pointer,-48,004f9990,,,,
wiz8--demo--wiz8--8acda50afe39,00601520,0,-1,pointer,12,005eadb0,,,,
wiz8--demo--wiz8--8acda50afe39,00601520,1,-1,pointer,12,005eadb0,,,,
wiz8--demo--wiz8--8acda50afe39,00601520,2,-1,pointer,12,005eadb0,,,,
wiz8--demo--wiz8--8acda50afe39,00601520,3,-1,pointer,12,005eadb0,,,,
wiz8--demo--wiz8--8acda50afe39,00601520,4,-1,pointer,12,005eadb0,,,,
wiz8--demo--wiz8--8acda50afe39,00601520,5,-1,pointer,12,005eadb0,,,,
wiz8--demo--wiz8--8acda50afe39,00601520,6,-1,pointer,12,005eadb0,,,,
wiz8--demo--wiz8--8acda50afe39,00601520,7,6,pointer,12,005b0e00,,,,
wiz8--demo--wiz8--8acda50afe39,00601520,8,-1,pointer,12,005eadb0,,,,
wiz8--demo--wiz8--8acda50afe39,00601520,9,-1,pointer,12,005eadb0,,,,
wiz8--demo--wiz8--8acda50afe39,00601520,10,9,pointer,12,005b0e00,,,,
wiz8--demo--wiz8--8acda50afe39,00601520,11,10,pointer,12,005b5a60,,,,
wiz8--demo--wiz8--8acda50afe39,00601520,12,-1,pointer,12,005eadb0,,,,
wiz8--demo--wiz8--8acda50afe39,00601520,13,-1,pointer,12,005eadb0,,,,
wiz8--demo--wiz8--8acda50afe39,00601520,14,-1,pointer,12,005eadb0,,,,
wiz8--demo--wiz8--8acda50afe39,00601520,15,14,pointer,12,005b0e00,,,,
wiz8--demo--wiz8--8acda50afe39,00601520,16,15,pointer,12,005b5a60,,,,
wiz8--demo--wiz8--8acda50afe39,006015c8,0,-1,pointer,-16,004f6080,,,,
wiz8--demo--wiz8--8acda50afe39,006015c8,1,0,pointer,-16,005b5980,,,,
wiz8--demo--wiz8--8acda50afe39,006015c8,2,1,pointer,-16,005b59a0,,,,
wiz8--demo--wiz8--8acda50afe39,00601600,0,-1,pointer,-16,004f6080,,,,
wiz8--demo--wiz8--8acda50afe39,00601600,1,0,pointer,-16,005b5980,,,,
wiz8--demo--wiz8--8acda50afe39,00601600,2,1,pointer,-16,005b59a0,,,,
wiz8--demo--wiz8--8acda50afe39,00601638,0,-1,pointer,-16,004f6080,,,,
wiz8--demo--wiz8--8acda50afe39,00601638,1,0,pointer,-16,005b5980,,,,
wiz8--demo--wiz8--8acda50afe39,00601638,2,1,pointer,-16,005b59a0,,,,
wiz8--demo--wiz8--8acda50afe39,00601670,0,-1,pointer,-16,004f6080,,,,
wiz8--demo--wiz8--8acda50afe39,00601670,1,0,pointer,-16,005b5980,,,,
wiz8--demo--wiz8--8acda50afe39,00601670,2,1,pointer,-16,005b59a0,,,,
wiz8--demo--wiz8--8acda50afe39,006016a8,0,-1,pointer,-16,004f6080,,,,
wiz8--demo--wiz8--8acda50afe39,006016a8,1,0,pointer,-16,005b5980,,,,
wiz8--demo--wiz8--8acda50afe39,006016a8,2,1,pointer,-16,005b59a0,,,,
wiz8--demo--wiz8--8acda50afe39,006016e0,0,-1,pointer,-16,004f6080,,,,
wiz8--demo--wiz8--8acda50afe39,006016e0,1,0,pointer,-16,005b5980,,,,
wiz8--demo--wiz8--8acda50afe39,006016e0,2,1,pointer,-16,005b59a0,,,,
wiz8--demo--wiz8--8acda50afe39,00601718,0,-1,pointer,-16,004f6080,,,,
wiz8--demo--wiz8--8acda50afe39,00601718,1,0,pointer,-16,005b5980,,,,
wiz8--demo--wiz8--8acda50afe39,00601718,2,1,pointer,-16,005b59a0,,,,
wiz8--demo--wiz8--8acda50afe39,00601750,0,-1,pointer,-16,004f6080,,,,
wiz8--demo--wiz8--8acda50afe39,00601750,1,0,pointer,-16,005b5980,,,,
wiz8--demo--wiz8--8acda50afe39,00601750,2,1,pointer,-16,005b59a0,,,,
wiz8--demo--wiz8--8acda50afe39,00601788,0,-1,pointer,-16,005eadb0,,,,
wiz8--demo--wiz8--8acda50afe39,00601788,1,-1,pointer,-16,005eadb0,,,,
wiz8--demo--wiz8--8acda50afe39,00601788,2,-1,pointer,-16,005eadb0,,,,
wiz8--demo--wiz8--8acda50afe39,006017c0,0,-1,pointer,-516,005eadb0,,,,
wiz8--demo--wiz8--8acda50afe39,006017e8,0,-1,pointer,-16,005eadb0,,,,
wiz8--demo--wiz8--8acda50afe39,006017e8,1,-1,pointer,-16,005eadb0,,,,
wiz8--demo--wiz8--8acda50afe39,006017e8,2,-1,pointer,-16,005eadb0,,,,
wiz8--demo--wiz8--8acda50afe39,00601820,0,-1,pointer,-16,005eadb0,,,,
wiz8--demo--wiz8--8acda50afe39,00601848,0,-1,pointer,-16,005eadb0,,,,
wiz8--demo--wiz8--8acda50afe39,00601848,1,-1,pointer,-16,005eadb0,,,,
wiz8--demo--wiz8--8acda50afe39,00601878,0,-1,pointer,16,005eadb0,,,,
wiz8--demo--wiz8--8acda50afe39,00601878,1,-1,pointer,16,005eadb0,,,,
wiz8--demo--wiz8--8acda50afe39,00601878,2,-1,pointer,16,005eadb0,,,,
wiz8--demo--wiz8--8acda50afe39,00601878,3,-1,pointer,16,005eadb0,,,,
wiz8--demo--wiz8--8acda50afe39,00601878,4,-1,pointer,16,005eadb0,,,,
wiz8--demo--wiz8--8acda50afe39,00601878,5,-1,pointer,16,005eadb0,,,,
wiz8--demo--wiz8--8acda50afe39,006018c8,0,-1,pointer,-16,004f6080,,,,
wiz8--demo--wiz8--8acda50afe39,006018f0,0,-1,pointer,-16,004f6080,,,,
wiz8--demo--wiz8--8acda50afe39,006018f0,1,0,pointer,-16,005ba770,,,,
wiz8--demo--wiz8--8acda50afe39,00601920,0,-1,pointer,-16,005eadb0,,,,
wiz8--demo--wiz8--8acda50afe39,00601920,1,-1,pointer,-16,005eadb0,,,,
wiz8--demo--wiz8--8acda50afe39,00601920,2,-1,pointer,-16,005eadb0,,,,
wiz8--demo--wiz8--8acda50afe39,00601920,3,-1,pointer,-16,005eadb0,,,,
wiz8--demo--wiz8--8acda50afe39,00601920,4,-1,pointer,-16,005eadb0,,,,
wiz8--demo--wiz8--8acda50afe39,00601920,5,-1,pointer,-16,005eadb0,,,,
wiz8--demo--wiz8--8acda50afe39,00601970,0,-1,pointer,-16,005eadb0,,,,
wiz8--demo--wiz8--8acda50afe39,00601998,0,-1,pointer,-16,005eadb0,,,,
wiz8--demo--wiz8--8acda50afe39,006019c0,0,-1,pointer,-16,005eadb0,,,,
wiz8--demo--wiz8--8acda50afe39,006019e8,0,-1,pointer,-16,005eadb0,,,,
wiz8--demo--wiz8--8acda50afe39,00601a10,0,-1,pointer,-16,005eadb0,,,,
wiz8--demo--wiz8--8acda50afe39,00601a38,0,-1,pointer,4,005eadb0,,,,
wiz8--demo--wiz8--8acda50afe39,00601a38,1,-1,pointer,4,005eadb0,,,,
wiz8--demo--wiz8--8acda50afe39,00601a68,0,-1,object,-92,004f67d0,,,,
wiz8--demo--wiz8--8acda50afe39,00601a90,0,-1,pointer,-16,005eadb0,,,,
wiz8--demo--wiz8--8acda50afe39,00601ab8,0,-1,pointer,-16,005eadb0,,,,
wiz8--demo--wiz8--8acda50afe39,00601ae0,0,-1,pointer,-16,005eadb0,,,,
wiz8--demo--wiz8--8acda50afe39,00601ae0,1,-1,pointer,-16,005eadb0,,,,
wiz8--demo--wiz8--8acda50afe39,00601ae0,2,-1,pointer,-16,005eadb0,,,,
wiz8--demo--wiz8--8acda50afe39,00601ae0,3,-1,pointer,-16,005eadb0,,,,
wiz8--demo--wiz8--8acda50afe39,00601ae0,4,-1,pointer,-16,005eadb0,,,,
wiz8--demo--wiz8--8acda50afe39,00601ae0,5,-1,pointer,-16,005eadb0,,,,
wiz8--demo--wiz8--8acda50afe39,00601b30,0,-1,pointer,-20,004f6080,,,,
wiz8--demo--wiz8--8acda50afe39,00601b30,1,0,pointer,-16,005eadb0,,,,
wiz8--demo--wiz8--8acda50afe39,00601b30,2,0,pointer,-16,005eadb0,,,,
wiz8--demo--wiz8--8acda50afe39,00601b30,3,0,pointer,-16,005eadb0,,,,
wiz8--demo--wiz8--8acda50afe39,00601b30,4,0,pointer,-16,005eadb0,,,,
wiz8--demo--wiz8--8acda50afe39,00601b30,5,0,pointer,-16,005eadb0,,,,
wiz8--demo--wiz8--8acda50afe39,00601b30,6,0,pointer,-16,005eadb0,,,,
wiz8--demo--wiz8--8acda50afe39,00601b88,0,-1,pointer,-32,005eadb0,,,,
wiz8--demo--wiz8--8acda50afe39,00601bb0,0,-1,pointer,-16,005eadb0,,,,
wiz8--demo--wiz8--8acda50afe39,00601bb0,1,-1,pointer,-16,005eadb0,,,,
wiz8--demo--wiz8--8acda50afe39,00601bb0,2,-1,pointer,-16,005eadb0,,,,
wiz8--demo--wiz8--8acda50afe39,00601bb0,3,-1,pointer,-16,005eadb0,,,,
wiz8--demo--wiz8--8acda50afe39,00601bb0,4,-1,pointer,-16,005eadb0,,,,
wiz8--demo--wiz8--8acda50afe39,00601bb0,5,-1,pointer,-16,005eadb0,,,,
wiz8--demo--wiz8--8acda50afe39,00601bb0,6,-1,pointer,-16,005eadb0,,,,
wiz8--demo--wiz8--8acda50afe39,00601bb0,7,-1,pointer,-16,005eadb0,,,,
wiz8--demo--wiz8--8acda50afe39,00601bb0,8,-1,pointer,-16,005eadb0,,,,
wiz8--demo--wiz8--8acda50afe39,00601bb0,9,-1,pointer,-16,005eadb0,,,,
wiz8--demo--wiz8--8acda50afe39,00601bb0,10,-1,pointer,-16,005eadb0,,,,
wiz8--demo--wiz8--8acda50afe39,00601bb0,11,-1,pointer,-16,005eadb0,,,,
wiz8--demo--wiz8--8acda50afe39,00601bb0,12,-1,pointer,-16,005eadb0,,,,
wiz8--demo--wiz8--8acda50afe39,00601bb0,13,-1,pointer,-16,005eadb0,,,,
wiz8--demo--wiz8--8acda50afe39,00601c40,0,-1,pointer,-16,005eadb0,,,,
wiz8--demo--wiz8--8acda50afe39,00601c40,1,-1,pointer,-16,005eadb0,,,,
wiz8--demo--wiz8--8acda50afe39,00601c70,0,-1,pointer,-16,005eadb0,,,,
wiz8--demo--wiz8--8acda50afe39,00601c70,1,-1,pointer,-16,005eadb0,,,,
wiz8--demo--wiz8--8acda50afe39,00601ca0,0,-1,object,-92,004f67d0,,,,
wiz8--demo--wiz8--8acda50afe39,00601cc8,0,-1,object,-92,004f67d0,,,,
wiz8--demo--wiz8--8acda50afe39,00601cf0,0,-1,object,-92,004f67d0,,,,
wiz8--demo--wiz8--8acda50afe39,00601d18,0,-1,pointer,4,005eadb0,,,,
wiz8--demo--wiz8--8acda50afe39,00601d40,0,-1,pointer,-16,005eadb0,,,,
wiz8--demo--wiz8--8acda50afe39,00601d68,0,-1,pointer,-16,004f7260,,,,
wiz8--demo--wiz8--8acda50afe39,00601d90,0,-1,pointer,-16,005eadb0,,,,
wiz8--demo--wiz8--8acda50afe39,00601d90,1,-1,pointer,-16,005eadb0,,,,
wiz8--demo--wiz8--8acda50afe39,00601d90,2,-1,pointer,-16,005eadb0,,,,
wiz8--demo--wiz8--8acda50afe39,00601dc8,0,-1,pointer,-16,005eadb0,,,,
wiz8--demo--wiz8--8acda50afe39,00601dc8,1,-1,pointer,-16,005eadb0,,,,
wiz8--demo--wiz8--8acda50afe39,00601dc8,2,-1,pointer,-16,005eadb0,,,,
wiz8--demo--wiz8--8acda50afe39,00601dc8,3,-1,pointer,-16,005eadb0,,,,
wiz8--demo--wiz8--8acda50afe39,00601dc8,4,-1,pointer,-16,005eadb0,,,,
wiz8--demo--wiz8--8acda50afe39,00601dc8,5,-1,pointer,-16,005eadb0,,,,
wiz8--demo--wiz8--8acda50afe39,00601dc8,6,-1,pointer,-16,005eadb0,,,,
wiz8--demo--wiz8--8acda50afe39,00601dc8,7,-1,pointer,-16,005eadb0,,,,
wiz8--demo--wiz8--8acda50afe39,00601e28,0,-1,pointer,-20,005eadb0,,,,
wiz8--demo--wiz8--8acda50afe39,00601e28,1,-1,pointer,-20,005eadb0,,,,
wiz8--demo--wiz8--8acda50afe39,00601e28,2,-1,pointer,-20,005eadb0,,,,
wiz8--demo--wiz8--8acda50afe39,00601e28,3,-1,pointer,-20,005eadb0,,,,
wiz8--demo--wiz8--8acda50afe39,00601e28,4,-1,pointer,-16,005eadb0,,,,
wiz8--demo--wiz8--8acda50afe39,00601e28,5,-1,pointer,-16,005eadb0,,,,
wiz8--demo--wiz8--8acda50afe39,00601e28,6,-1,pointer,-16,005eadb0,,,,
wiz8--demo--wiz8--8acda50afe39,00601e28,7,-1,pointer,-16,005eadb0,,,,
wiz8--demo--wiz8--8acda50afe39,00601e28,8,-1,pointer,-16,005eadb0,,,,
wiz8--demo--wiz8--8acda50afe39,00601e90,0,-1,pointer,4,005eadb0,,,,
wiz8--demo--wiz8--8acda50afe39,00601e90,1,-1,pointer,4,005eadb0,,,,
wiz8--demo--wiz8--8acda50afe39,00601ec0,0,-1,pointer,-16,005eadb0,,,,
wiz8--demo--wiz8--8acda50afe39,00601ee8,0,-1,pointer,-16,005eadb0,,,,
wiz8--demo--wiz8--8acda50afe39,00601f10,0,-1,pointer,4,005eadb0,,,,
wiz8--demo--wiz8--8acda50afe39,00601f38,0,-1,pointer,8,005eadb0,,,,
wiz8--demo--wiz8--8acda50afe39,00601f60,0,-1,pointer,-276,005eadb0,,,,
wiz8--demo--wiz8--8acda50afe39,00601f88,0,-1,pointer,-16,004f6080,,,,
wiz8--demo--wiz8--8acda50afe39,00601f88,1,0,pointer,4,005eadb0,,,,
wiz8--demo--wiz8--8acda50afe39,00601f88,2,0,pointer,4,005eadb0,,,,
wiz8--demo--wiz8--8acda50afe39,00601f88,3,0,pointer,4,005eadb0,,,,
wiz8--demo--wiz8--8acda50afe39,00601f88,4,0,pointer,4,005eadb0,,,,
wiz8--demo--wiz8--8acda50afe39,00601f88,5,0,pointer,4,005eadb0,,,,
wiz8--demo--wiz8--8acda50afe39,00601fd8,0,-1,pointer,-16,004f6080,,,,
wiz8--demo--wiz8--8acda50afe39,00602000,0,-1,pointer,-16,005eadb0,,,,
wiz8--demo--wiz8--8acda50afe39,00602000,1,-1,pointer,-16,005eadb0,,,,
wiz8--demo--wiz8--8acda50afe39,00602030,0,-1,pointer,-16,005cc740,,,,
wiz8--demo--wiz8--8acda50afe39,00602030,1,0,pointer,-16,00447300,,,,
wiz8--demo--wiz8--8acda50afe39,00602060,0,-1,pointer,-16,004f7260,,,,
wiz8--demo--wiz8--8acda50afe39,00602088,0,-1,pointer,-20,004f6080,,,,
wiz8--demo--wiz8--8acda50afe39,00602088,1,0,pointer,-20,005b1e80,,,,
wiz8--demo--wiz8--8acda50afe39,00602088,2,1,pointer,-16,005eadb0,,,,
wiz8--demo--wiz8--8acda50afe39,00602088,3,2,pointer,-16,004f9990,,,,
wiz8--demo--wiz8--8acda50afe39,006020c8,0,-1,pointer,-16,004f6080,,,,
wiz8--demo--wiz8--8acda50afe39,006020c8,1,0,pointer,-16,005b1e80,,,,
wiz8--demo--wiz8--8acda50afe39,006020f8,0,-1,pointer,-16,004f9990,,,,
wiz8--demo--wiz8--8acda50afe39,00602120,0,-1,pointer,-16,004f7260,,,,
wiz8--demo--wiz8--8acda50afe39,00602148,0,-1,pointer,-16,004f6080,,,,
wiz8--demo--wiz8--8acda50afe39,00602148,1,0,pointer,-16,005b1e80,,,,
wiz8--demo--wiz8--8acda50afe39,00602148,2,1,pointer,-20,005eadb0,,,,
wiz8--demo--wiz8--8acda50afe39,00602180,0,-1,pointer,-16,004f6080,,,,
wiz8--demo--wiz8--8acda50afe39,00602180,1,0,pointer,-16,005b1e80,,,,
wiz8--demo--wiz8--8acda50afe39,006021b0,0,-1,pointer,-20,004f6080,,,,
wiz8--demo--wiz8--8acda50afe39,006021b0,1,0,pointer,-16,005eadb0,,,,
wiz8--demo--wiz8--8acda50afe39,006021e0,0,-1,pointer,-16,004f6080,,,,
wiz8--demo--wiz8--8acda50afe39,00602208,0,-1,object,-172,004f67d0,,,,
wiz8--demo--wiz8--8acda50afe39,00602208,1,-1,object,-92,004f67d0,,,,
wiz8--demo--wiz8--8acda50afe39,00602238,0,-1,pointer,-20,004f6080,,,,
wiz8--demo--wiz8--8acda50afe39,00602238,1,0,pointer,-20,005b1e80,,,,
wiz8--demo--wiz8--8acda50afe39,00602238,2,1,pointer,-20,005b5980,,,,
wiz8--demo--wiz8--8acda50afe39,00602238,3,2,pointer,-16,005eadb0,,,,
wiz8--demo--wiz8--8acda50afe39,00602238,4,2,pointer,-16,005eadb0,,,,
wiz8--demo--wiz8--8acda50afe39,00602238,5,2,pointer,-16,005eadb0,,,,
wiz8--demo--wiz8--8acda50afe39,00602288,0,-1,pointer,-16,004f6080,,,,
wiz8--demo--wiz8--8acda50afe39,00602288,1,0,pointer,-16,005b1e80,,,,
wiz8--demo--wiz8--8acda50afe39,00602288,2,1,pointer,-16,005b5980,,,,
wiz8--demo--wiz8--8acda50afe39,006022c0,0,-1,pointer,4,005eadb0,,,,
wiz8--demo--wiz8--8acda50afe39,006022c0,1,-1,pointer,4,005eadb0,,,,
wiz8--demo--wiz8--8acda50afe39,006022c0,2,-1,pointer,4,005eadb0,,,,
wiz8--demo--wiz8--8acda50afe39,006022c0,3,-1,pointer,4,005eadb0,,,,
wiz8--demo--wiz8--8acda50afe39,006022c0,4,-1,pointer,4,005eadb0,,,,
wiz8--demo--wiz8--8acda50afe39,006022c0,5,-1,pointer,4,005eadb0,,,,
wiz8--demo--wiz8--8acda50afe39,006022c0,6,-1,pointer,4,005eadb0,,,,
wiz8--demo--wiz8--8acda50afe39,006022c0,7,-1,pointer,4,005eadb0,,,,
wiz8--demo--wiz8--8acda50afe39,006022c0,8,-1,pointer,4,005eadb0,,,,
wiz8--demo--wiz8--8acda50afe39,006022c0,9,-1,pointer,4,005eadb0,,,,
wiz8--demo--wiz8--8acda50afe39,00602330,0,-1,pointer,-32,005eadb0,,,,
wiz8--demo--wiz8--8acda50afe39,00602330,1,-1,pointer,-32,005eadb0,,,,
wiz8--demo--wiz8--8acda50afe39,00602330,2,-1,pointer,-32,005eadb0,,,,
wiz8--demo--wiz8--8acda50afe39,00602330,3,-1,pointer,-32,005eadb0,,,,
wiz8--demo--wiz8--8acda50afe39,00602330,4,-1,pointer,-32,005eadb0,,,,
wiz8--demo--wiz8--8acda50afe39,00602330,5,-1,pointer,-32,005eadb0,,,,
wiz8--demo--wiz8--8acda50afe39,00602330,6,-1,pointer,-32,005eadb0,,,,
wiz8--demo--wiz8--8acda50afe39,00602330,7,-1,pointer,-32,005eadb0,,,,
wiz8--demo--wiz8--8acda50afe39,00602330,8,-1,pointer,-32,005eadb0,,,,
wiz8--demo--wiz8--8acda50afe39,00602330,9,-1,pointer,-32,005eadb0,,,,
wiz8--demo--wiz8--8acda50afe39,00602330,10,-1,pointer,-32,005eadb0,,,,
wiz8--demo--wiz8--8acda50afe39,00602330,11,-1,pointer,-32,005eadb0,,,,
wiz8--demo--wiz8--8acda50afe39,00602330,12,-1,pointer,-32,005eadb0,,,,
wiz8--demo--wiz8--8acda50afe39,00602330,13,-1,pointer,-32,005eadb0,,,,
wiz8--demo--wiz8--8acda50afe39,00602330,14,-1,pointer,-32,005eadb0,,,,
wiz8--demo--wiz8--8acda50afe39,00602330,15,-1,pointer,-32,005eadb0,,,,
wiz8--demo--wiz8--8acda50afe39,00602330,16,-1,pointer,-32,005eadb0,,,,
wiz8--demo--wiz8--8acda50afe39,00602330,17,-1,pointer,-32,005eadb0,,,,
wiz8--demo--wiz8--8acda50afe39,006023e0,0,-1,pointer,12,005eadb0,,,,
wiz8--demo--wiz8--8acda50afe39,00602408,0,-1,pointer,-16,005eadb0,,,,
wiz8--demo--wiz8--8acda50afe39,00602408,1,0,pointer,-16,005cc740,,,,
wiz8--demo--wiz8--8acda50afe39,00602438,0,-1,pointer,-16,005eadb0,,,,
wiz8--demo--wiz8--8acda50afe39,00602460,0,-1,pointer,-20,004f6080,,,,
wiz8--demo--wiz8--8acda50afe39,00602460,1,0,pointer,-16,005eadb0,,,,
wiz8--demo--wiz8--8acda50afe39,00602460,2,0,pointer,-16,005eadb0,,,,
wiz8--demo--wiz8--8acda50afe39,00602460,3,0,pointer,-16,005eadb0,,,,
wiz8--demo--wiz8--8acda50afe39,006024a0,0,-1,pointer,-16,004f6080,,,,
wiz8--demo--wiz8--8acda50afe39,006024c8,0,-1,pointer,4,005eadb0,,,,
wiz8--demo--wiz8--8acda50afe39,006024f0,0,-1,pointer,12,005eadb0,,,,
wiz8--demo--wiz8--8acda50afe39,006024f0,1,-1,pointer,12,005eadb0,,,,
wiz8--demo--wiz8--8acda50afe39,006024f0,2,-1,pointer,12,005eadb0,,,,
wiz8--demo--wiz8--8acda50afe39,006024f0,3,-1,pointer,12,005eadb0,,,,
wiz8--demo--wiz8--8acda50afe39,006024f0,4,-1,pointer,12,005eadb0,,,,
wiz8--demo--wiz8--8acda50afe39,006024f0,5,-1,pointer,12,005eadb0,,,,
wiz8--demo--wiz8--8acda50afe39,006024f0,6,-1,pointer,12,005eadb0,,,,
wiz8--demo--wiz8--8acda50afe39,00602548,0,-1,object,-268,004f67d0,,,,
wiz8--demo--wiz8--8acda50afe39,00602548,1,-1,object,-172,004f67d0,,,,
wiz8--demo--wiz8--8acda50afe39,00602548,2,-1,object,-92,004f67d0,,,,
wiz8--demo--wiz8--8acda50afe39,00602580,0,-1,pointer,-16,005eadb0,,,,
wiz8--demo--wiz8--8acda50afe39,00602580,1,0,pointer,-16,005b88a0,,,,
wiz8--demo--wiz8--8acda50afe39,00602580,2,1,pointer,-16,005b1e80,,,,
wiz8--demo--wiz8--8acda50afe39,00602580,3,2,pointer,-16,005b1e80,,,,
wiz8--demo--wiz8--8acda50afe39,006025c0,0,-1,pointer,-16,005b88a0,,,,
wiz8--demo--wiz8--8acda50afe39,006025c0,1,0,pointer,-16,005b1e80,,,,
wiz8--demo--wiz8--8acda50afe39,006025c0,2,1,pointer,-16,005b1e80,,,,
wiz8--demo--wiz8--8acda50afe39,006025f8,0,-1,pointer,8,005eadb0,,,,
wiz8--demo--wiz8--8acda50afe39,00602620,0,-1,object,-172,004f67d0,,,,
wiz8--demo--wiz8--8acda50afe39,00602620,1,-1,object,-92,004f67d0,,,,
wiz8--demo--wiz8--8acda50afe39,00602650,0,-1,pointer,-16,005eadb0,,,,
wiz8--demo--wiz8--8acda50afe39,00602678,0,-1,pointer,-16,004f7260,,,,
wiz8--demo--wiz8--8acda50afe39,006026a0,0,-1,pointer,-16,005eadb0,,,,
wiz8--demo--wiz8--8acda50afe39,006026c8,0,-1,pointer,-16,005b88a0,,,,
wiz8--demo--wiz8--8acda50afe39,006026f0,0,-1,pointer,-16,005eadb0,,,,
wiz8--demo--wiz8--8acda50afe39,00602718,0,-1,object,-92,004f67d0,,,,
wiz8--demo--wiz8--8acda50afe39,00602740,0,-1,pointer,-16,005eadb0,,,,
wiz8--demo--wiz8--8acda50afe39,00602740,1,0,pointer,-16,005b88a0,,,,
wiz8--demo--wiz8--8acda50afe39,00602770,0,-1,pointer,-16,004f9990,,,,
wiz8--demo--wiz8--8acda50afe39,00602798,0,-1,pointer,-16,004f7260,,,,
wiz8--demo--wiz8--8acda50afe39,006027c0,0,-1,pointer,-16,004f9990,,,,
wiz8--demo--wiz8--8acda50afe39,006027e8,0,-1,pointer,-16,004f7260,,,,
wiz8--demo--wiz8--8acda50afe39,00602810,0,-1,pointer,20,005eadb0,,,,
wiz8--demo--wiz8--8acda50afe39,00602810,1,-1,pointer,20,005eadb0,,,,
wiz8--demo--wiz8--8acda50afe39,00602810,2,-1,pointer,20,005eadb0,,,,
wiz8--demo--wiz8--8acda50afe39,00602848,0,-1,pointer,-16,005eadb0,,,,
wiz8--demo--wiz8--8acda50afe39,00602848,1,-1,pointer,-16,005eadb0,,,,
wiz8--demo--wiz8--8acda50afe39,00602878,0,-1,pointer,-16,005b88a0,,,,
wiz8--demo--wiz8--8acda50afe39,006028a0,0,-1,pointer,-16,005eadb0,,,,
wiz8--demo--wiz8--8acda50afe39,006028a0,1,-1,pointer,12,005eadb0,,,,
wiz8--demo--wiz8--8acda50afe39,006028d0,0,-1,object,-128,004f67d0,,,,
wiz8--demo--wiz8--8acda50afe39,006028f8,0,-1,pointer,-16,005eadb0,,,,
wiz8--demo--wiz8--8acda50afe39,00602920,0,-1,pointer,-16,005e59e0,,,,
wiz8--demo--wiz8--8acda50afe39,00602920,1,0,pointer,-16,005d6d80,,,,
wiz8--demo--wiz8--8acda50afe39,00602950,0,-1,pointer,-16,005e59e0,,,,
wiz8--demo--wiz8--8acda50afe39,00602950,1,0,pointer,-16,005d6d80,,,,
wiz8--demo--wiz8--8acda50afe39,00602950,2,1,pointer,-16,004dc740,,,,
wiz8--demo--wiz8--8acda50afe39,00602988,0,-1,pointer,-16,005e59e0,,,,
wiz8--demo--wiz8--8acda50afe39,00602988,1,0,pointer,-16,00447400,,,,
wiz8--demo--wiz8--8acda50afe39,00602988,2,1,pointer,-16,0048f6d0,,,,
wiz8--demo--wiz8--8acda50afe39,006029c0,0,-1,pointer,-16,005e59e0,,,,
wiz8--demo--wiz8--8acda50afe39,006029c0,1,0,pointer,-16,00447400,,,,
wiz8--demo--wiz8--8acda50afe39,006029c0,2,1,pointer,-16,0048f6d0,,,,
wiz8--demo--wiz8--8acda50afe39,006029f8,0,-1,pointer,-16,005eadb0,,,,
wiz8--demo--wiz8--8acda50afe39,00602a20,0,-1,pointer,-16,005eadb0,,,,
wiz8--demo--wiz8--8acda50afe39,00602a48,0,-1,pointer,4,005eadb0,,,,
wiz8--demo--wiz8--8acda50afe39,00602a48,1,-1,pointer,4,005eadb0,,,,
wiz8--demo--wiz8--8acda50afe39,00602a48,2,-1,pointer,4,005eadb0,,,,
wiz8--demo--wiz8--8acda50afe39,00602a48,3,-1,pointer,4,005eadb0,,,,
wiz8--demo--wiz8--8acda50afe39,00602a88,0,-1,pointer,-16,004f67d0,,,,
wiz8--demo--wiz8--8acda50afe39,00602ab0,0,-1,pointer,-16,005dbc30,,,,
wiz8--demo--wiz8--8acda50afe39,00602ad8,0,-1,pointer,-16,005dbc30,,,,
wiz8--demo--wiz8--8acda50afe39,00602ad8,1,0,pointer,-16,005dbc30,,,,
wiz8--demo--wiz8--8acda50afe39,00602b08,0,-1,pointer,-16,005eadb0,,,,
wiz8--demo--wiz8--8acda50afe39,00602b08,1,-1,pointer,-16,005eadb0,,,,
wiz8--demo--wiz8--8acda50afe39,00602b38,0,-1,pointer,-16,005e59e0,,,,
wiz8--demo--wiz8--8acda50afe39,00602b60,0,-1,pointer,-16,005e59e0,,,,
wiz8--demo--wiz8--8acda50afe39,00602b60,1,0,pointer,-16,004023a0,,,,
wiz8--demo--wiz8--8acda50afe39,00602b60,2,1,pointer,-16,005e43c0,,,,
wiz8--demo--wiz8--8acda50afe39,00602b60,3,2,pointer,-16,005dac80,,,,
wiz8--demo--wiz8--8acda50afe39,00602ba0,0,-1,pointer,-16,005e59e0,,,,
wiz8--demo--wiz8--8acda50afe39,00602ba0,1,0,pointer,-16,004023a0,,,,
wiz8--demo--wiz8--8acda50afe39,00602ba0,2,1,pointer,-16,005e43c0,,,,
wiz8--demo--wiz8--8acda50afe39,00602ba0,3,2,pointer,-16,005dac80,,,,
wiz8--demo--wiz8--8acda50afe39,00602be0,0,-1,pointer,-16,005e59e0,,,,
wiz8--demo--wiz8--8acda50afe39,00602be0,1,0,pointer,-16,004023a0,,,,
wiz8--demo--wiz8--8acda50afe39,00602be0,2,1,pointer,-16,005dac80,,,,
wiz8--demo--wiz8--8acda50afe39,00602c18,0,-1,pointer,-16,005e59e0,,,,
wiz8--demo--wiz8--8acda50afe39,00602c18,1,0,pointer,-16,004023a0,,,,
wiz8--demo--wiz8--8acda50afe39,00602c18,2,1,pointer,-16,005dac80,,,,
wiz8--demo--wiz8--8acda50afe39,00602c50,0,-1,pointer,-16,005eadb0,,,,
wiz8--demo--wiz8--8acda50afe39,00602c78,0,-1,pointer,-36,005eadb0,,,,
wiz8--demo--wiz8--8acda50afe39,00602ca0,0,-1,pointer,-16,005e59e0,,,,
wiz8--demo--wiz8--8acda50afe39,00602cc8,0,-1,pointer,-16,005e59e0,,,,
wiz8--demo--wiz8--8acda50afe39,00602cf0,0,-1,pointer,-16,005e59e0,,,,
wiz8--demo--wiz8--8acda50afe39,00602d18,0,-1,pointer,-16,005eadb0,,,,
wiz8--demo--wiz8--8acda50afe39,00602d40,0,-1,pointer,-32,005eadb0,,,,
wiz8--demo--wiz8--8acda50afe39,00602d68,0,-1,pointer,-32,005eadb0,,,,
wiz8--demo--wiz8--8acda50afe39,00602d90,0,-1,pointer,-2064,005e59e0,,,,
wiz8--demo--wiz8--8acda50afe39,00602db8,0,-1,pointer,-16,005e59e0,,,,
wiz8--demo--wiz8--8acda50afe39,00602de0,0,-1,pointer,-2096,005eadb0,,,,
wiz8--demo--wiz8--8acda50afe39,00602de0,1,-1,pointer,-2096,005eadb0,,,,
wiz8--demo--wiz8--8acda50afe39,00602de0,2,-1,pointer,-2096,005eadb0,,,,
wiz8--demo--wiz8--8acda50afe39,00602de0,3,-1,pointer,-2096,005eadb0,,,,
wiz8--demo--wiz8--8acda50afe39,00602de0,4,-1,pointer,-2096,005eadb0,,,,
wiz8--demo--wiz8--8acda50afe39,00602de0,5,-1,pointer,-2096,005eadb0,,,,
wiz8--demo--wiz8--8acda50afe39,00602de0,6,-1,pointer,-2096,005eadb0,,,,
wiz8--demo--wiz8--8acda50afe39,00602e38,0,-1,pointer,-16,005e59e0,,,,
wiz8--demo--wiz8--8acda50afe39,00602e38,1,0,pointer,-16,004023a0,,,,
wiz8--demo--wiz8--8acda50afe39,00602e38,2,1,pointer,-16,005e43c0,,,,
wiz8--demo--wiz8--8acda50afe39,00602e38,3,2,pointer,-16,005dac80,,,,
wiz8--demo--wiz8--8acda50afe39,00602e38,4,3,pointer,-16,0043ad00,,,,
wiz8--demo--wiz8--8acda50afe39,00602e80,0,-1,pointer,-16,005e59e0,,,,
wiz8--demo--wiz8--8acda50afe39,00602e80,1,0,pointer,-16,004023a0,,,,
wiz8--demo--wiz8--8acda50afe39,00602e80,2,1,pointer,-16,005e43c0,,,,
wiz8--demo--wiz8--8acda50afe39,00602e80,3,2,pointer,-16,005dac80,,,,
wiz8--demo--wiz8--8acda50afe39,00602e80,4,3,pointer,-16,0043ad00,,,,
wiz8--demo--wiz8--8acda50afe39,00602ec8,0,-1,pointer,-16,005e59e0,,,,
wiz8--demo--wiz8--8acda50afe39,00602ef0,0,-1,pointer,-16,005e59e0,,,,
wiz8--demo--wiz8--8acda50afe39,00602f18,0,-1,pointer,-16,005eadb0,,,,
wiz8--demo--wiz8--8acda50afe39,00602f40,0,-1,pointer,-32,005eadb0,,,,
wiz8--demo--wiz8--8acda50afe39,00602f68,0,-1,pointer,-32,005eadb0,,,,
wiz8--demo--wiz8--8acda50afe39,00602f90,0,-1,pointer,-16,005e59e0,,,,
wiz8--demo--wiz8--8acda50afe39,00602f90,1,0,pointer,-16,004023a0,,,,
wiz8--demo--wiz8--8acda50afe39,00602f90,2,1,pointer,-16,005e43c0,,,,
wiz8--demo--wiz8--8acda50afe39,00602f90,3,2,pointer,-16,005dac80,,,,
wiz8--demo--wiz8--8acda50afe39,00602fd0,0,-1,pointer,-16,005e59e0,,,,
wiz8--demo--wiz8--8acda50afe39,00602fd0,1,0,pointer,-16,004023a0,,,,
wiz8--demo--wiz8--8acda50afe39,00602fd0,2,1,pointer,-16,005e43c0,,,,
wiz8--demo--wiz8--8acda50afe39,00602fd0,3,2,pointer,-16,005dac80,,,,
wiz8--demo--wiz8--8acda50afe39,00603010,0,-1,object,-92,004f67d0,,,,
wiz8--demo--wiz8--8acda50afe39,00603038,0,-1,pointer,-16,005e7d30,,,,
wiz8--demo--wiz8--8acda50afe39,00603060,0,-1,pointer,-16,005e59e0,,,,
wiz8--demo--wiz8--8acda50afe39,00603060,1,0,pointer,-16,004023a0,,,,
wiz8--demo--wiz8--8acda50afe39,00603060,2,1,pointer,-16,005e43c0,,,,
wiz8--demo--wiz8--8acda50afe39,00603060,3,2,pointer,-16,005dac80,,,,
wiz8--demo--wiz8--8acda50afe39,006030a0,0,-1,pointer,-16,005e7d30,,,,
wiz8--demo--wiz8--8acda50afe39,006030c8,0,-1,pointer,-16,005e59e0,,,,
wiz8--demo--wiz8--8acda50afe39,006030c8,1,0,pointer,-16,004023a0,,,,
wiz8--demo--wiz8--8acda50afe39,006030c8,2,1,pointer,-16,005e43c0,,,,
wiz8--demo--wiz8--8acda50afe39,006030c8,3,2,pointer,-16,005dac80,,,,
wiz8--demo--wiz8--8acda50afe39,00603108,0,-1,pointer,-16,005e59e0,,,,
wiz8--demo--wiz8--8acda50afe39,00603108,1,0,pointer,-16,004023a0,,,,
wiz8--demo--wiz8--8acda50afe39,00603108,2,1,pointer,-16,005e43c0,,,,
wiz8--demo--wiz8--8acda50afe39,00603108,3,2,pointer,-16,005dac80,,,,
wiz8--demo--wiz8--8acda50afe39,00603148,0,-1,pointer,-16,005e59e0,,,,
wiz8--demo--wiz8--8acda50afe39,00603148,1,0,pointer,-16,004023a0,,,,
wiz8--demo--wiz8--8acda50afe39,00603148,2,1,pointer,-16,005e43c0,,,,
wiz8--demo--wiz8--8acda50afe39,00603148,3,2,pointer,-16,005dac80,,,,
wiz8--demo--wiz8--8acda50afe39,00603188,0,-1,pointer,-16,005e8ac0,,,,
wiz8--demo--wiz8--8acda50afe39,006031b0,0,-1,pointer,-16,005e59e0,,,,
wiz8--demo--wiz8--8acda50afe39,006031b0,1,0,pointer,-16,004023a0,,,,
wiz8--demo--wiz8--8acda50afe39,006031b0,2,1,pointer,-16,005e43c0,,,,
wiz8--demo--wiz8--8acda50afe39,006031b0,3,2,pointer,-16,005dac80,,,,
wiz8--demo--wiz8--8acda50afe39,006031f0,0,-1,pointer,-16,005e8ac0,,,,
wiz8--demo--wiz8--8acda50afe39,00603218,0,-1,pointer,-16,005e59e0,,,,
wiz8--demo--wiz8--8acda50afe39,00603218,1,0,pointer,-16,004023a0,,,,
wiz8--demo--wiz8--8acda50afe39,00603218,2,1,pointer,-16,005e43c0,,,,
wiz8--demo--wiz8--8acda50afe39,00603218,3,2,pointer,-16,005dac80,,,,
wiz8--demo--wiz8--8acda50afe39,00603258,0,-1,pointer,-16,005e8ac0,,,,
wiz8--demo--wiz8--8acda50afe39,00603280,0,-1,pointer,-16,005e59e0,,,,
wiz8--demo--wiz8--8acda50afe39,00603280,1,0,pointer,-16,004023a0,,,,
wiz8--demo--wiz8--8acda50afe39,00603280,2,1,pointer,-16,005e43c0,,,,
wiz8--demo--wiz8--8acda50afe39,00603280,3,2,pointer,-16,005dac80,,,,
wiz8--demo--wiz8--8acda50afe39,006032c0,0,-1,pointer,-16,005e59e0,,,,
wiz8--demo--wiz8--8acda50afe39,006032c0,1,0,pointer,-16,004e9880,,,,
wiz8--demo--wiz8--8acda50afe39,006032f0,0,-1,pointer,-16,005e59e0,,,,
wiz8--demo--wiz8--8acda50afe39,006032f0,1,0,pointer,-16,004e9880,,,,
wiz8--demo--wiz8--8acda50afe39,00603320,0,-1,pointer,-32,005eadb0,,,,
wiz8--demo--wiz8--8acda50afe39,00603320,1,-1,pointer,-32,005eadb0,,,,
wiz8--demo--wiz8--8acda50afe39,00603320,2,-1,pointer,-32,005eadb0,,,,
wiz8--demo--wiz8--8acda50afe39,00603358,0,-1,object,-112,0043a0e0,,,,
wiz8--gog-1261--wiz8new--57a3072c2f83,005efea8,0,-1,object,-44,0043ad90,,,,
wiz8--gog-1261--wiz8new--57a3072c2f83,005efea8,1,0,pointer,-48,0046f3f0,,,,
wiz8--gog-1261--wiz8new--57a3072c2f83,005efed8,0,-1,pointer,-16,005e1c10,,,,
wiz8--gog-1261--wiz8new--57a3072c2f83,005eff00,0,-1,pointer,-16,005e1c10,,,,
wiz8--gog-1261--wiz8new--57a3072c2f83,005eff28,0,-1,pointer,-28,005e1c10,,,,
wiz8--gog-1261--wiz8new--57a3072c2f83,005eff50,0,-1,pointer,-96,005e1c10,,,,
wiz8--gog-1261--wiz8new--57a3072c2f83,005eff78,0,-1,pointer,-16,005e1c10,,,,
wiz8--gog-1261--wiz8new--57a3072c2f83,005effa0,0,-1,object-import,-324,,005eba88,SR.DLL!??1srStringTable@@QAE@XZ,public: __thiscall srStringTable::~srStringTable(void),
wiz8--gog-1261--wiz8new--57a3072c2f83,005effc8,0,-1,pointer,-284,005e1c10,,,,
wiz8--gog-1261--wiz8new--57a3072c2f83,005effc8,1,-1,pointer,-284,0046f3f0,,,,
wiz8--gog-1261--wiz8new--57a3072c2f83,005effc8,2,-1,pointer,-284,0046f3f0,,,,
wiz8--gog-1261--wiz8new--57a3072c2f83,005effc8,3,-1,pointer,-284,0046f3f0,,,,
wiz8--gog-1261--wiz8new--57a3072c2f83,005effc8,4,-1,pointer,-284,0046f3f0,,,,
wiz8--gog-1261--wiz8new--57a3072c2f83,005effc8,5,-1,pointer,-284,0046f3f0,,,,
wiz8--gog-1261--wiz8new--57a3072c2f83,005effc8,6,-1,pointer,-284,0046f3f0,,,,
wiz8--gog-1261--wiz8new--57a3072c2f83,005effc8,7,-1,pointer,-284,0046f3f0,,,,
wiz8--gog-1261--wiz8new--57a3072c2f83,005effc8,8,-1,pointer,-284,0046f3f0,,,,
wiz8--gog-1261--wiz8new--57a3072c2f83,005effc8,9,-1,pointer,-284,0046f3f0,,,,
wiz8--gog-1261--wiz8new--57a3072c2f83,005effc8,10,-1,pointer,-284,0046f3f0,,,,
wiz8--gog-1261--wiz8new--57a3072c2f83,005effc8,11,-1,pointer,-284,0046f3f0,,,,
wiz8--gog-1261--wiz8new--57a3072c2f83,005effc8,12,11,pointer,-284,00429f00,,,,
wiz8--gog-1261--wiz8new--57a3072c2f83,005effc8,13,-1,pointer,-284,0046f3f0,,,,
wiz8--gog-1261--wiz8new--57a3072c2f83,005effc8,14,-1,pointer,-284,0046f3f0,,,,
wiz8--gog-1261--wiz8new--57a3072c2f83,005f0060,0,-1,pointer,-20,0046f3f0,,,,
wiz8--gog-1261--wiz8new--57a3072c2f83,005f0060,1,-1,pointer,-20,0046f3f0,,,,
wiz8--gog-1261--wiz8new--57a3072c2f83,005f0060,2,-1,pointer,-20,0046f3f0,,,,
wiz8--gog-1261--wiz8new--57a3072c2f83,005f0098,0,-1,pointer,-84,0046f3f0,,,,
wiz8--gog-1261--wiz8new--57a3072c2f83,005f00c0,0,-1,pointer,-32,0046f3f0,,,,
wiz8--gog-1261--wiz8new--57a3072c2f83,005f00e8,0,-1,pointer,-60,0046f3f0,,,,
wiz8--gog-1261--wiz8new--57a3072c2f83,005f00e8,1,-1,pointer,-60,0046f3f0,,,,
wiz8--gog-1261--wiz8new--57a3072c2f83,005f00e8,2,1,pointer,-60,00429f00,,,,
wiz8--gog-1261--wiz8new--57a3072c2f83,005f00e8,3,-1,pointer,12,0046f3f0,,,,
wiz8--gog-1261--wiz8new--57a3072c2f83,005f0128,0,-1,pointer,-16,0046f3f0,,,,
wiz8--gog-1261--wiz8new--57a3072c2f83,005f0150,0,-1,object,-48,00429af0,,,,
wiz8--gog-1261--wiz8new--57a3072c2f83,005f0150,1,-1,object,-56,00424ea0,,,,
wiz8--gog-1261--wiz8new--57a3072c2f83,005f0150,2,1,pointer,-92,0046f3f0,,,,
wiz8--gog-1261--wiz8new--57a3072c2f83,005f0150,3,1,pointer,16,0046f3f0,,,,
wiz8--gog-1261--wiz8new--57a3072c2f83,005f0190,0,-1,pointer,-52,0046f3f0,,,,
wiz8--gog-1261--wiz8new--57a3072c2f83,005f0190,1,-1,pointer,44,0046f3f0,,,,
wiz8--gog-1261--wiz8new--57a3072c2f83,005f0190,2,-1,pointer,44,0046f3f0,,,,
wiz8--gog-1261--wiz8new--57a3072c2f83,005f01c8,0,-1,pointer,-60,0046f3f0,,,,
wiz8--gog-1261--wiz8new--57a3072c2f83,005f01c8,1,-1,pointer,24,0046f3f0,,,,
wiz8--gog-1261--wiz8new--57a3072c2f83,005f01f8,0,-1,pointer,-20,0046f3f0,,,,
wiz8--gog-1261--wiz8new--57a3072c2f83,005f0220,0,-1,pointer,-40,0046f3f0,,,,
wiz8--gog-1261--wiz8new--57a3072c2f83,005f0220,1,-1,pointer,-36,0046f3f0,,,,
wiz8--gog-1261--wiz8new--57a3072c2f83,005f0220,2,-1,pointer,-36,0046f3f0,,,,
wiz8--gog-1261--wiz8new--57a3072c2f83,005f0220,3,-1,pointer,-36,0046f3f0,,,,
wiz8--gog-1261--wiz8new--57a3072c2f83,005f0260,0,-1,pointer-import,-16,,005eb6d8,SR.DLL!??1srClass@@MAE@XZ,protected: virtual __thiscall srClass::~srClass(void),
wiz8--gog-1261--wiz8new--57a3072c2f83,005f0260,1,-1,pointer-import,-16,,005eb6d4,SR.DLL!??1srMaterialIFace@@UAE@XZ,public: virtual __thiscall srMaterialIFace::~srMaterialIFace(void),
wiz8--gog-1261--wiz8new--57a3072c2f83,005f0290,0,-1,pointer-import,-16,,005eb6d4,SR.DLL!??1srMaterialIFace@@UAE@XZ,public: virtual __thiscall srMaterialIFace::~srMaterialIFace(void),
wiz8--gog-1261--wiz8new--57a3072c2f83,005f0290,1,-1,pointer-import,-16,,005eb6d8,SR.DLL!??1srClass@@MAE@XZ,protected: virtual __thiscall srClass::~srClass(void),
wiz8--gog-1261--wiz8new--57a3072c2f83,005f02c0,0,-1,pointer-import,-16,,005eb6d8,SR.DLL!??1srClass@@MAE@XZ,protected: virtual __thiscall srClass::~srClass(void),
wiz8--gog-1261--wiz8new--57a3072c2f83,005f02e8,0,-1,pointer,-1160,0046f3f0,,,,
wiz8--gog-1261--wiz8new--57a3072c2f83,005f0310,0,-1,pointer,-520,0046cdd0,,,,
wiz8--gog-1261--wiz8new--57a3072c2f83,005f0310,1,0,pointer,-524,005e1c10,,,,
wiz8--gog-1261--wiz8new--57a3072c2f83,005f0310,2,0,pointer,-524,005e1c10,,,,
wiz8--gog-1261--wiz8new--57a3072c2f83,005f0310,3,0,pointer,-524,005e1c10,,,,
wiz8--gog-1261--wiz8new--57a3072c2f83,005f0310,4,0,pointer,-524,005e1c10,,,,
wiz8--gog-1261--wiz8new--57a3072c2f83,005f0358,0,-1,pointer,4,005e1c10,,,,
wiz8--gog-1261--wiz8new--57a3072c2f83,005f0358,1,-1,pointer,4,005e1c10,,,,
wiz8--gog-1261--wiz8new--57a3072c2f83,005f0358,2,-1,pointer,4,005e1c10,,,,
wiz8--gog-1261--wiz8new--57a3072c2f83,005f0358,3,-1,pointer,4,005e1c10,,,,
wiz8--gog-1261--wiz8new--57a3072c2f83,005f0358,4,-1,pointer,4,005e1c10,,,,
wiz8--gog-1261--wiz8new--57a3072c2f83,005f0358,5,-1,pointer,4,005e1c10,,,,
wiz8--gog-1261--wiz8new--57a3072c2f83,005f0358,6,-1,pointer,4,005e1c10,,,,
wiz8--gog-1261--wiz8new--57a3072c2f83,005f0358,7,-1,pointer,4,005e1c10,,,,
wiz8--gog-1261--wiz8new--57a3072c2f83,005f0358,8,-1,pointer,4,005e1c10,,,,
wiz8--gog-1261--wiz8new--57a3072c2f83,005f0358,9,-1,pointer,4,005e1c10,,,,
wiz8--gog-1261--wiz8new--57a3072c2f83,005f0358,10,-1,pointer,4,005e1c10,,,,
wiz8--gog-1261--wiz8new--57a3072c2f83,005f0358,11,-1,pointer,4,005e1c10,,,,
wiz8--gog-1261--wiz8new--57a3072c2f83,005f0358,12,-1,pointer,4,005e1c10,,,,
wiz8--gog-1261--wiz8new--57a3072c2f83,005f0358,13,-1,pointer,4,005e1c10,,,,
wiz8--gog-1261--wiz8new--57a3072c2f83,005f0358,14,-1,pointer,4,005e1c10,,,,
wiz8--gog-1261--wiz8new--57a3072c2f83,005f0358,15,-1,pointer,-24,005e1c10,,,,
wiz8--gog-1261--wiz8new--57a3072c2f83,005f0358,16,15,pointer,-20,005e1c10,,,,
wiz8--gog-1261--wiz8new--57a3072c2f83,005f0358,17,15,pointer,-20,005e1c10,,,,
wiz8--gog-1261--wiz8new--57a3072c2f83,005f0358,18,-1,pointer,-20,005e1c10,,,,
wiz8--gog-1261--wiz8new--57a3072c2f83,005f0410,0,-1,pointer,-16,0046cdd0,,,,
wiz8--gog-1261--wiz8new--57a3072c2f83,005f0438,0,-1,pointer,-420,005e1c10,,,,
wiz8--gog-1261--wiz8new--57a3072c2f83,005f0460,0,-1,object,-352,00438c70,,,,
wiz8--gog-1261--wiz8new--57a3072c2f83,005f0460,1,0,object,-384,00438c50,,,,
wiz8--gog-1261--wiz8new--57a3072c2f83,005f0490,0,-1,pointer,-288,005e1c10,,,,
wiz8--gog-1261--wiz8new--57a3072c2f83,005f04b8,0,-1,object,-168,0046cdd0,,,,
wiz8--gog-1261--wiz8new--57a3072c2f83,005f04e0,0,-1,object,-168,0046cdd0,,,,
wiz8--gog-1261--wiz8new--57a3072c2f83,005f0508,0,-1,pointer,-20,005e1c10,,,,
wiz8--gog-1261--wiz8new--57a3072c2f83,005f0508,1,-1,pointer,-16,005e1c10,,,,
wiz8--gog-1261--wiz8new--57a3072c2f83,005f0538,0,-1,pointer,-20,005e1c10,,,,
wiz8--gog-1261--wiz8new--57a3072c2f83,005f0560,0,-1,pointer,-20,005e1c10,,,,
wiz8--gog-1261--wiz8new--57a3072c2f83,005f0588,0,-1,object-import,-1500,,005eb744,SR.DLL!??_DsrBinIMStream@@QAEXXZ,public: void __thiscall srBinIMStream::`vbase dtor'(void),
wiz8--gog-1261--wiz8new--57a3072c2f83,005f0588,1,0,object-import,-1320,,005eb74c,SR.DLL!??1Decompressor@srHuffman@@QAE@XZ,public: __thiscall srHuffman::Decompressor::~Decompressor(void),
wiz8--gog-1261--wiz8new--57a3072c2f83,005f05b8,0,-1,object-import,-208,,005eb76c,SR.DLL!??_DsrBinOMStream@@QAEXXZ,public: void __thiscall srBinOMStream::`vbase dtor'(void),
wiz8--gog-1261--wiz8new--57a3072c2f83,005f05b8,1,0,object-import,-96,,005eb778,SR.DLL!??1BitOStream@srHuffman@@QAE@XZ,public: __thiscall srHuffman::BitOStream::~BitOStream(void),
wiz8--gog-1261--wiz8new--57a3072c2f83,005f05b8,2,1,object-import,-164,,005eb768,SR.DLL!??1Sampler@srHuffman@@QAE@XZ,public: __thiscall srHuffman::Sampler::~Sampler(void),
wiz8--gog-1261--wiz8new--57a3072c2f83,005f05b8,3,2,object-import,-136,,005eb77c,SR.DLL!??1Compressor@srHuffman@@QAE@XZ,public: __thiscall srHuffman::Compressor::~Compressor(void),
wiz8--gog-1261--wiz8new--57a3072c2f83,005f05b8,4,1,object,-164,0055db80,,,,
wiz8--gog-1261--wiz8new--57a3072c2f83,005f05b8,5,-1,pointer-import,-220,,005eb764,SR.DLL!??1srBinOStream@@UAE@XZ,public: virtual __thiscall srBinOStream::~srBinOStream(void),
wiz8--gog-1261--wiz8new--57a3072c2f83,005f05b8,6,-1,pointer-import,-220,,005eb764,SR.DLL!??1srBinOStream@@UAE@XZ,public: virtual __thiscall srBinOStream::~srBinOStream(void),
wiz8--gog-1261--wiz8new--57a3072c2f83,005f05b8,7,-1,pointer-import,-220,,005eb764,SR.DLL!??1srBinOStream@@UAE@XZ,public: virtual __thiscall srBinOStream::~srBinOStream(void),
wiz8--gog-1261--wiz8new--57a3072c2f83,005f0618,0,-1,pointer-import,-16,,005eb6d8,SR.DLL!??1srClass@@MAE@XZ,protected: virtual __thiscall srClass::~srClass(void),
wiz8--gog-1261--wiz8new--57a3072c2f83,005f0640,0,-1,pointer,-16,0046f3f0,,,,
wiz8--gog-1261--wiz8new--57a3072c2f83,005f0668,0,-1,pointer,-16,00445e00,,,,
wiz8--gog-1261--wiz8new--57a3072c2f83,005f0668,1,-1,pointer-import,-16,,005eb6d8,SR.DLL!??1srClass@@MAE@XZ,protected: virtual __thiscall srClass::~srClass(void),
wiz8--gog-1261--wiz8new--57a3072c2f83,005f0698,0,-1,pointer,-16,005e1c10,,,,
wiz8--gog-1261--wiz8new--57a3072c2f83,005f06c0,0,-1,pointer,-144,0046f3f0,,,,
wiz8--gog-1261--wiz8new--57a3072c2f83,005f06e8,0,-1,pointer,-176,0046f3f0,,,,
wiz8--gog-1261--wiz8new--57a3072c2f83,005f0710,0,-1,pointer,-328,005e1c10,,,,
wiz8--gog-1261--wiz8new--57a3072c2f83,005f0710,1,-1,pointer,-328,005e1c10,,,,
wiz8--gog-1261--wiz8new--57a3072c2f83,005f0710,2,-1,pointer,-328,005e1c10,,,,
wiz8--gog-1261--wiz8new--57a3072c2f83,005f0710,3,-1,pointer,-288,005e1c10,,,,
wiz8--gog-1261--wiz8new--57a3072c2f83,005f0710,4,-1,pointer,-288,005e1c10,,,,
wiz8--gog-1261--wiz8new--57a3072c2f83,005f0710,5,-1,pointer,-328,005e1c10,,,,
wiz8--gog-1261--wiz8new--57a3072c2f83,005f0710,6,-1,pointer,-288,005e1c10,,,,
wiz8--gog-1261--wiz8new--57a3072c2f83,005f0710,7,-1,pointer,-328,005e1c10,,,,
wiz8--gog-1261--wiz8new--57a3072c2f83,005f0710,8,-1,pointer,-328,005e1c10,,,,
wiz8--gog-1261--wiz8new--57a3072c2f83,005f0710,9,-1,pointer,-328,005e1c10,,,,
wiz8--gog-1261--wiz8new--57a3072c2f83,005f0780,0,-1,pointer,-2504,0046f3f0,,,,
wiz8--gog-1261--wiz8new--57a3072c2f83,005f0780,1,-1,pointer,-2512,005e1c10,,,,
wiz8--gog-1261--wiz8new--57a3072c2f83,005f07b0,0,-1,pointer,-40,005e1c10,,,,
wiz8--gog-1261--wiz8new--57a3072c2f83,005f07d8,0,-1,pointer,-16,005e1c10,,,,
wiz8--gog-1261--wiz8new--57a3072c2f83,005f07d8,1,-1,pointer,4,005e1c10,,,,
wiz8--gog-1261--wiz8new--57a3072c2f83,005f0808,0,-1,object,-28,00446070,,,,
wiz8--gog-1261--wiz8new--57a3072c2f83,005f0830,0,-1,pointer,8,0046f3f0,,,,
wiz8--gog-1261--wiz8new--57a3072c2f83,005f0858,0,-1,pointer-import,-16,,005eb6d8,SR.DLL!??1srClass@@MAE@XZ,protected: virtual __thiscall srClass::~srClass(void),
wiz8--gog-1261--wiz8new--57a3072c2f83,005f0880,0,-1,pointer,-16,0046cdd0,,,,
wiz8--gog-1261--wiz8new--57a3072c2f83,005f08a8,0,-1,pointer,-16,0046cdd0,,,,
wiz8--gog-1261--wiz8new--57a3072c2f83,005f08d0,0,-1,object,-168,0046cdd0,,,,
wiz8--gog-1261--wiz8new--57a3072c2f83,005f08d0,1,0,pointer,-208,005e1c10,,,,
wiz8--gog-1261--wiz8new--57a3072c2f83,005f0900,0,-1,object,-168,0046cdd0,,,,
wiz8--gog-1261--wiz8new--57a3072c2f83,005f0900,1,0,pointer,-200,005e1c10,,,,
wiz8--gog-1261--wiz8new--57a3072c2f83,005f0930,0,-1,object,-168,0046cdd0,,,,
wiz8--gog-1261--wiz8new--57a3072c2f83,005f0958,0,-1,object,-192,0046cdd0,,,,
wiz8--gog-1261--wiz8new--57a3072c2f83,005f0980,0,-1,pointer,4,005e1c10,,,,
wiz8--gog-1261--wiz8new--57a3072c2f83,005f09a8,0,-1,pointer,-16,005e1c10,,,,
wiz8--gog-1261--wiz8new--57a3072c2f83,005f09a8,1,-1,pointer,-16,005e1c10,,,,
wiz8--gog-1261--wiz8new--57a3072c2f83,005f09d8,0,-1,pointer,8,005e1c10,,,,
wiz8--gog-1261--wiz8new--57a3072c2f83,005f0a00,0,-1,pointer,-120,005e1c10,,,,
wiz8--gog-1261--wiz8new--57a3072c2f83,005f0a00,1,-1,pointer,-120,005e1c10,,,,
wiz8--gog-1261--wiz8new--57a3072c2f83,005f0a30,0,-1,pointer,4,005e1c10,,,,
wiz8--gog-1261--wiz8new--57a3072c2f83,005f0a58,0,-1,object,-1072,0055db80,,,,
wiz8--gog-1261--wiz8new--57a3072c2f83,005f0a58,1,0,object,-1052,0055db80,,,,
wiz8--gog-1261--wiz8new--57a3072c2f83,005f0a88,0,-1,pointer,-16,0044ef20,,,,
wiz8--gog-1261--wiz8new--57a3072c2f83,005f0a88,1,0,pointer,-16,0044ef00,,,,
wiz8--gog-1261--wiz8new--57a3072c2f83,005f0ab8,0,-1,pointer,-16,0044ef20,,,,
wiz8--gog-1261--wiz8new--57a3072c2f83,005f0ab8,1,0,pointer,-16,0044ef00,,,,
wiz8--gog-1261--wiz8new--57a3072c2f83,005f0ae8,0,-1,pointer,-32,004b6b60,,,,
wiz8--gog-1261--wiz8new--57a3072c2f83,005f0ae8,1,0,pointer,-28,005e1c10,,,,
wiz8--gog-1261--wiz8new--57a3072c2f83,005f0ae8,2,1,pointer,-28,0044ef20,,,,
wiz8--gog-1261--wiz8new--57a3072c2f83,005f0ae8,3,0,pointer,-28,005e1c10,,,,
wiz8--gog-1261--wiz8new--57a3072c2f83,005f0b28,0,-1,pointer,-16,004b6b60,,,,
wiz8--gog-1261--wiz8new--57a3072c2f83,005f0b50,0,-1,pointer,4,005e1c10,,,,
wiz8--gog-1261--wiz8new--57a3072c2f83,005f0b78,0,-1,pointer,-16,005e1c10,,,,
wiz8--gog-1261--wiz8new--57a3072c2f83,005f0ba0,0,-1,pointer,8,005e1c10,,,,
wiz8--gog-1261--wiz8new--57a3072c2f83,005f0ba0,1,-1,pointer,4,005e1c10,,,,
wiz8--gog-1261--wiz8new--57a3072c2f83,005f0bd0,0,-1,pointer,-16,005e1c10,,,,
wiz8--gog-1261--wiz8new--57a3072c2f83,005f0bf8,0,-1,pointer,-16,005e1c10,,,,
wiz8--gog-1261--wiz8new--57a3072c2f83,005f0c20,0,-1,pointer,-16,005e1c10,,,,
wiz8--gog-1261--wiz8new--57a3072c2f83,005f0c48,0,-1,pointer,-16,0046f3f0,,,,
wiz8--gog-1261--wiz8new--57a3072c2f83,005f0c48,1,-1,pointer,-16,0046f3f0,,,,
wiz8--gog-1261--wiz8new--57a3072c2f83,005f0c48,2,-1,pointer,-16,0046f3f0,,,,
wiz8--gog-1261--wiz8new--57a3072c2f83,005f0c80,0,-1,pointer,-6160,005e1c10,,,,
wiz8--gog-1261--wiz8new--57a3072c2f83,005f0ca8,0,-1,pointer,4,005e1c10,,,,
wiz8--gog-1261--wiz8new--57a3072c2f83,005f0ca8,1,-1,pointer,4,005e1c10,,,,
wiz8--gog-1261--wiz8new--57a3072c2f83,005f0ca8,2,-1,pointer,4,005e1c10,,,,
wiz8--gog-1261--wiz8new--57a3072c2f83,005f0ca8,3,-1,pointer,4,005e1c10,,,,
wiz8--gog-1261--wiz8new--57a3072c2f83,005f0ca8,4,-1,pointer,4,005e1c10,,,,
wiz8--gog-1261--wiz8new--57a3072c2f83,005f0ca8,5,-1,pointer,4,005e1c10,,,,
wiz8--gog-1261--wiz8new--57a3072c2f83,005f0ca8,6,-1,pointer,4,005e1c10,,,,
wiz8--gog-1261--wiz8new--57a3072c2f83,005f0ca8,7,-1,pointer,4,005e1c10,,,,
wiz8--gog-1261--wiz8new--57a3072c2f83,005f0d08,0,-1,pointer,-20,00457530,,,,
wiz8--gog-1261--wiz8new--57a3072c2f83,005f0d08,1,0,pointer,-16,0046f3f0,,,,
wiz8--gog-1261--wiz8new--57a3072c2f83,005f0d38,0,-1,pointer,-16,00457530,,,,
wiz8--gog-1261--wiz8new--57a3072c2f83,005f0d60,0,-1,pointer,-40,00457530,,,,
wiz8--gog-1261--wiz8new--57a3072c2f83,005f0d60,1,0,pointer,4,0046f3f0,,,,
wiz8--gog-1261--wiz8new--57a3072c2f83,005f0d90,0,-1,pointer,-28,005e1c10,,,,
wiz8--gog-1261--wiz8new--57a3072c2f83,005f0db8,0,-1,pointer,-16,005e1c10,,,,
wiz8--gog-1261--wiz8new--57a3072c2f83,005f0db8,1,-1,pointer,-16,005e1c10,,,,
wiz8--gog-1261--wiz8new--57a3072c2f83,005f0db8,2,-1,pointer,-16,005e1c10,,,,
wiz8--gog-1261--wiz8new--57a3072c2f83,005f0db8,3,-1,pointer,-16,005e1c10,,,,
wiz8--gog-1261--wiz8new--57a3072c2f83,005f0df8,0,-1,pointer,-296,005e1c10,,,,
wiz8--gog-1261--wiz8new--57a3072c2f83,005f0df8,1,-1,pointer,-296,005e1c10,,,,
wiz8--gog-1261--wiz8new--57a3072c2f83,005f0e28,0,-1,pointer,-300,005e1c10,,,,
wiz8--gog-1261--wiz8new--57a3072c2f83,005f0e28,1,0,pointer,-284,005e1c10,,,,
wiz8--gog-1261--wiz8new--57a3072c2f83,005f0e58,0,-1,pointer,-20,0046f3f0,,,,
wiz8--gog-1261--wiz8new--57a3072c2f83,005f0e80,0,-1,pointer,-28,005e1c10,,,,
wiz8--gog-1261--wiz8new--57a3072c2f83,005f0e80,1,-1,pointer,-28,005e1c10,,,,
wiz8--gog-1261--wiz8new--57a3072c2f83,005f0e80,2,-1,pointer,-28,005e1c10,,,,
wiz8--gog-1261--wiz8new--57a3072c2f83,005f0eb8,0,-1,object,-108,004563a0,,,,
wiz8--gog-1261--wiz8new--57a3072c2f83,005f0ee0,0,-1,pointer,-20,0042de60,,,,
wiz8--gog-1261--wiz8new--57a3072c2f83,005f0ee0,1,0,pointer,-16,005e1c10,,,,
wiz8--gog-1261--wiz8new--57a3072c2f83,005f0f10,0,-1,pointer,-16,0042de60,,,,
wiz8--gog-1261--wiz8new--57a3072c2f83,005f0f38,0,-1,pointer,-32,005e1c10,,,,
wiz8--gog-1261--wiz8new--57a3072c2f83,005f0f38,1,-1,pointer,-32,005e1c10,,,,
wiz8--gog-1261--wiz8new--57a3072c2f83,005f0f68,0,-1,object,-1116,0055db80,,,,
wiz8--gog-1261--wiz8new--57a3072c2f83,005f0f68,1,0,object,-1064,0055db80,,,,
wiz8--gog-1261--wiz8new--57a3072c2f83,005f0f68,2,1,pointer,-1084,005e1c10,,,,
wiz8--gog-1261--wiz8new--57a3072c2f83,005f0f68,3,1,pointer,-1084,005e1c10,,,,
wiz8--gog-1261--wiz8new--57a3072c2f83,005f0f68,4,1,pointer,-1084,005e1c10,,,,
wiz8--gog-1261--wiz8new--57a3072c2f83,005f0fb0,0,-1,pointer,-44,005e1c10,,,,
wiz8--gog-1261--wiz8new--57a3072c2f83,005f0fb0,1,-1,pointer,-44,005e1c10,,,,
wiz8--gog-1261--wiz8new--57a3072c2f83,005f0fe0,0,-1,pointer,-16,0046f3f0,,,,
wiz8--gog-1261--wiz8new--57a3072c2f83,005f1008,0,-1,pointer,8,0046f3f0,,,,
wiz8--gog-1261--wiz8new--57a3072c2f83,005f1008,1,-1,pointer,8,0046f3f0,,,,
wiz8--gog-1261--wiz8new--57a3072c2f83,005f1038,0,-1,pointer,4,0046f3f0,,,,
wiz8--gog-1261--wiz8new--57a3072c2f83,005f1060,0,-1,pointer,4,0046f3f0,,,,
wiz8--gog-1261--wiz8new--57a3072c2f83,005f1088,0,-1,pointer-import,-16,,005eb584,SR.DLL!??1srMeshModel@@MAE@XZ,protected: virtual __thiscall srMeshModel::~srMeshModel(void),
wiz8--gog-1261--wiz8new--57a3072c2f83,005f1088,1,-1,pointer,-16,00474560,,,,
wiz8--gog-1261--wiz8new--57a3072c2f83,005f1088,2,1,pointer,-16,005e1e71,,,,004741b0
wiz8--gog-1261--wiz8new--57a3072c2f83,005f1088,3,2,pointer,-16,004741b0,,,,
wiz8--gog-1261--wiz8new--57a3072c2f83,005f1088,4,3,pointer,-16,00474b80,,,,
wiz8--gog-1261--wiz8new--57a3072c2f83,005f1088,5,4,pointer,-16,00474ba0,,,,
wiz8--gog-1261--wiz8new--57a3072c2f83,005f1088,6,5,pointer,-16,00446050,,,,
wiz8--gog-1261--wiz8new--57a3072c2f83,005f1088,7,6,pointer,-16,00474bc0,,,,
wiz8--gog-1261--wiz8new--57a3072c2f83,005f1088,8,7,pointer,-16,00474bc0,,,,
wiz8--gog-1261--wiz8new--57a3072c2f83,005f10f0,0,-1,pointer,-16,00474560,,,,
wiz8--gog-1261--wiz8new--57a3072c2f83,005f10f0,1,0,pointer,-16,005e1e71,,,,004741b0
wiz8--gog-1261--wiz8new--57a3072c2f83,005f10f0,2,1,pointer,-16,004741b0,,,,
wiz8--gog-1261--wiz8new--57a3072c2f83,005f10f0,3,2,pointer,-16,00474b80,,,,
wiz8--gog-1261--wiz8new--57a3072c2f83,005f10f0,4,3,pointer,-16,00474ba0,,,,
wiz8--gog-1261--wiz8new--57a3072c2f83,005f10f0,5,4,pointer,-16,00446050,,,,
wiz8--gog-1261--wiz8new--57a3072c2f83,005f10f0,6,5,pointer,-16,00474bc0,,,,
wiz8--gog-1261--wiz8new--57a3072c2f83,005f10f0,7,6,pointer,-16,00474bc0,,,,
wiz8--gog-1261--wiz8new--57a3072c2f83,005f10f0,8,-1,pointer-import,-16,,005eb584,SR.DLL!??1srMeshModel@@MAE@XZ,protected: virtual __thiscall srMeshModel::~srMeshModel(void),
wiz8--gog-1261--wiz8new--57a3072c2f83,005f1158,0,-1,pointer,-24,005e1c10,,,,
wiz8--gog-1261--wiz8new--57a3072c2f83,005f1158,1,-1,pointer,4,005e1c10,,,,
wiz8--gog-1261--wiz8new--57a3072c2f83,005f1158,2,-1,pointer,4,005e1c10,,,,
wiz8--gog-1261--wiz8new--57a3072c2f83,005f1158,3,-1,pointer,4,005e1c10,,,,
wiz8--gog-1261--wiz8new--57a3072c2f83,005f1198,0,-1,pointer-import,-16,,005eb584,SR.DLL!??1srMeshModel@@MAE@XZ,protected: virtual __thiscall srMeshModel::~srMeshModel(void),
wiz8--gog-1261--wiz8new--57a3072c2f83,005f11c0,0,-1,pointer,-16,0046f3f0,,,,
wiz8--gog-1261--wiz8new--57a3072c2f83,005f11e8,0,-1,pointer,4,005e1c10,,,,
wiz8--gog-1261--wiz8new--57a3072c2f83,005f11e8,1,0,pointer,4,004741b0,,,,
wiz8--gog-1261--wiz8new--57a3072c2f83,005f11e8,2,1,pointer,4,004741b0,,,,
wiz8--gog-1261--wiz8new--57a3072c2f83,005f11e8,3,2,pointer,4,004701b0,,,,
wiz8--gog-1261--wiz8new--57a3072c2f83,005f11e8,4,3,pointer,4,004701b0,,,,
wiz8--gog-1261--wiz8new--57a3072c2f83,005f11e8,5,4,pointer,4,004701b0,,,,
wiz8--gog-1261--wiz8new--57a3072c2f83,005f11e8,6,5,pointer,-16,005e1c10,,,,
wiz8--gog-1261--wiz8new--57a3072c2f83,005f1240,0,-1,pointer,-16,004741b0,,,,
wiz8--gog-1261--wiz8new--57a3072c2f83,005f1240,1,0,pointer,-16,004741b0,,,,
wiz8--gog-1261--wiz8new--57a3072c2f83,005f1240,2,1,pointer,-16,004701b0,,,,
wiz8--gog-1261--wiz8new--57a3072c2f83,005f1240,3,2,pointer,-16,004701b0,,,,
wiz8--gog-1261--wiz8new--57a3072c2f83,005f1240,4,3,pointer,-16,004701b0,,,,
wiz8--gog-1261--wiz8new--57a3072c2f83,005f1288,0,-1,pointer,-40,005e1c10,,,,
wiz8--gog-1261--wiz8new--57a3072c2f83,005f12b0,0,-1,pointer,-72,0046f3f0,,,,
wiz8--gog-1261--wiz8new--57a3072c2f83,005f12d8,0,-1,pointer,-16,005e1c10,,,,
wiz8--gog-1261--wiz8new--57a3072c2f83,005f1300,0,-1,pointer,-1044,0046f3f0,,,,
wiz8--gog-1261--wiz8new--57a3072c2f83,005f1300,1,-1,pointer,-1044,0046f3f0,,,,
wiz8--gog-1261--wiz8new--57a3072c2f83,005f1300,2,-1,pointer,-1044,0046f3f0,,,,
wiz8--gog-1261--wiz8new--57a3072c2f83,005f1300,3,-1,pointer,-1044,0046f3f0,,,,
wiz8--gog-1261--wiz8new--57a3072c2f83,005f1300,4,-1,pointer,-1044,0046f3f0,,,,
wiz8--gog-1261--wiz8new--57a3072c2f83,005f1300,5,-1,pointer,-1044,0046f3f0,,,,
wiz8--gog-1261--wiz8new--57a3072c2f83,005f1300,6,-1,pointer,-1044,0046f3f0,,,,
wiz8--gog-1261--wiz8new--57a3072c2f83,005f1300,7,-1,pointer,-1044,0046f3f0,,,,
wiz8--gog-1261--wiz8new--57a3072c2f83,005f1360,0,-1,pointer-import,-16,,005eb8ac,SR.DLL!??1srTexture@@MAE@XZ,protected: virtual __thiscall srTexture::~srTexture(void),
wiz8--gog-1261--wiz8new--57a3072c2f83,005f1360,1,-1,pointer,-16,0047d870,,,,
wiz8--gog-1261--wiz8new--57a3072c2f83,005f1390,0,-1,pointer,-16,0046f3f0,,,,
wiz8--gog-1261--wiz8new--57a3072c2f83,005f13b8,0,-1,pointer,-16,0047d870,,,,
wiz8--gog-1261--wiz8new--57a3072c2f83,005f13b8,1,-1,pointer-import,-16,,005eb8ac,SR.DLL!??1srTexture@@MAE@XZ,protected: virtual __thiscall srTexture::~srTexture(void),
wiz8--gog-1261--wiz8new--57a3072c2f83,005f13e8,0,-1,pointer,-16,005e1c10,,,,
wiz8--gog-1261--wiz8new--57a3072c2f83,005f1410,0,-1,pointer-import,-56,,005eb8c8,SR.DLL!??1srBinStream@@UAE@XZ,public: virtual __thiscall srBinStream::~srBinStream(void),
wiz8--gog-1261--wiz8new--57a3072c2f83,005f1410,1,0,pointer-import,-52,,005eb8c4,SR.DLL!??1srBinIStream@@UAE@XZ,public: virtual __thiscall srBinIStream::~srBinIStream(void),
wiz8--gog-1261--wiz8new--57a3072c2f83,005f1410,2,1,object,-36,0047cdd0,,,,
wiz8--gog-1261--wiz8new--57a3072c2f83,005f1410,3,2,object,-24,0047cdd0,,,,
wiz8--gog-1261--wiz8new--57a3072c2f83,005f1410,4,3,object,-48,0047cdd0,,,,
wiz8--gog-1261--wiz8new--57a3072c2f83,005f1458,0,-1,object,-24,0047cdd0,,,,
wiz8--gog-1261--wiz8new--57a3072c2f83,005f1458,1,0,object,-36,0047cdd0,,,,
wiz8--gog-1261--wiz8new--57a3072c2f83,005f1458,2,0,object,-36,0047cdd0,,,,
wiz8--gog-1261--wiz8new--57a3072c2f83,005f1458,3,0,object,-36,0047cdd0,,,,
wiz8--gog-1261--wiz8new--57a3072c2f83,005f1458,4,0,object,-36,0047cdd0,,,,
wiz8--gog-1261--wiz8new--57a3072c2f83,005f14a0,0,-1,pointer,-28,0047cdd0,,,,
wiz8--gog-1261--wiz8new--57a3072c2f83,005f14a0,1,0,object,-24,0047cdd0,,,,
wiz8--gog-1261--wiz8new--57a3072c2f83,005f14d0,0,-1,pointer-import,-16,,005eb8ac,SR.DLL!??1srTexture@@MAE@XZ,protected: virtual __thiscall srTexture::~srTexture(void),
wiz8--gog-1261--wiz8new--57a3072c2f83,005f14f8,0,-1,pointer-import,-20,,005eb7c0,SR.DLL!??1srNode@@MAE@XZ,protected: virtual __thiscall srNode::~srNode(void),
wiz8--gog-1261--wiz8new--57a3072c2f83,005f14f8,1,-1,pointer,-20,0047eac0,,,,
wiz8--gog-1261--wiz8new--57a3072c2f83,005f14f8,2,1,pointer,-16,0046f3f0,,,,
wiz8--gog-1261--wiz8new--57a3072c2f83,005f14f8,3,2,pointer-import,-16,,005eb8ac,SR.DLL!??1srTexture@@MAE@XZ,protected: virtual __thiscall srTexture::~srTexture(void),
wiz8--gog-1261--wiz8new--57a3072c2f83,005f14f8,4,2,pointer,-16,0047e830,,,,
wiz8--gog-1261--wiz8new--57a3072c2f83,005f1540,0,-1,pointer,-16,0046f3f0,,,,
wiz8--gog-1261--wiz8new--57a3072c2f83,005f1540,1,0,pointer-import,-16,,005eb8ac,SR.DLL!??1srTexture@@MAE@XZ,protected: virtual __thiscall srTexture::~srTexture(void),
wiz8--gog-1261--wiz8new--57a3072c2f83,005f1540,2,0,pointer,-16,0047e830,,,,
wiz8--gog-1261--wiz8new--57a3072c2f83,005f1578,0,-1,pointer,-16,0047eac0,,,,
wiz8--gog-1261--wiz8new--57a3072c2f83,005f1578,1,-1,pointer-import,-16,,005eb7c0,SR.DLL!??1srNode@@MAE@XZ,protected: virtual __thiscall srNode::~srNode(void),
wiz8--gog-1261--wiz8new--57a3072c2f83,005f15a8,0,-1,pointer,-16,0047e830,,,,
wiz8--gog-1261--wiz8new--57a3072c2f83,005f15a8,1,-1,pointer-import,-16,,005eb8ac,SR.DLL!??1srTexture@@MAE@XZ,protected: virtual __thiscall srTexture::~srTexture(void),
wiz8--gog-1261--wiz8new--57a3072c2f83,005f15d8,0,-1,pointer-import,-16,,005eb8ac,SR.DLL!??1srTexture@@MAE@XZ,protected: virtual __thiscall srTexture::~srTexture(void),
wiz8--gog-1261--wiz8new--57a3072c2f83,005f1600,0,-1,pointer-import,-16,,005eb7c0,SR.DLL!??1srNode@@MAE@XZ,protected: virtual __thiscall srNode::~srNode(void),
wiz8--gog-1261--wiz8new--57a3072c2f83,005f1628,0,-1,pointer-import,-16,,005eb938,SR.DLL!??1srModelInstance@@MAE@XZ,protected: virtual __thiscall srModelInstance::~srModelInstance(void),
wiz8--gog-1261--wiz8new--57a3072c2f83,005f1628,1,-1,pointer,-16,00481940,,,,
wiz8--gog-1261--wiz8new--57a3072c2f83,005f1628,2,1,pointer,-16,004741b0,,,,
wiz8--gog-1261--wiz8new--57a3072c2f83,005f1660,0,-1,pointer,-16,00481940,,,,
wiz8--gog-1261--wiz8new--57a3072c2f83,005f1660,1,0,pointer,-16,004741b0,,,,
wiz8--gog-1261--wiz8new--57a3072c2f83,005f1660,2,-1,pointer-import,-16,,005eb938,SR.DLL!??1srModelInstance@@MAE@XZ,protected: virtual __thiscall srModelInstance::~srModelInstance(void),
wiz8--gog-1261--wiz8new--57a3072c2f83,005f1698,0,-1,pointer-import,-16,,005eb938,SR.DLL!??1srModelInstance@@MAE@XZ,protected: virtual __thiscall srModelInstance::~srModelInstance(void),
wiz8--gog-1261--wiz8new--57a3072c2f83,005f1698,1,-1,pointer,-16,00481b20,,,,
wiz8--gog-1261--wiz8new--57a3072c2f83,005f16c8,0,-1,pointer,-16,00481b20,,,,
wiz8--gog-1261--wiz8new--57a3072c2f83,005f16c8,1,-1,pointer-import,-16,,005eb938,SR.DLL!??1srModelInstance@@MAE@XZ,protected: virtual __thiscall srModelInstance::~srModelInstance(void),
wiz8--gog-1261--wiz8new--57a3072c2f83,005f16f8,0,-1,pointer,-452,0046f3f0,,,,
wiz8--gog-1261--wiz8new--57a3072c2f83,005f16f8,1,0,pointer,-452,00429f00,,,,
wiz8--gog-1261--wiz8new--57a3072c2f83,005f16f8,2,-1,pointer,-596,005e1c10,,,,
wiz8--gog-1261--wiz8new--57a3072c2f83,005f1730,0,-1,pointer,-520,0046f3f0,,,,
wiz8--gog-1261--wiz8new--57a3072c2f83,005f1758,0,-1,pointer,-48,0046f3f0,,,,
wiz8--gog-1261--wiz8new--57a3072c2f83,005f1758,1,-1,pointer,-48,005e1c10,,,,
wiz8--gog-1261--wiz8new--57a3072c2f83,005f1788,0,-1,pointer-import,-16,,005eb938,SR.DLL!??1srModelInstance@@MAE@XZ,protected: virtual __thiscall srModelInstance::~srModelInstance(void),
wiz8--gog-1261--wiz8new--57a3072c2f83,005f17b0,0,-1,pointer-import,-16,,005eb938,SR.DLL!??1srModelInstance@@MAE@XZ,protected: virtual __thiscall srModelInstance::~srModelInstance(void),
wiz8--gog-1261--wiz8new--57a3072c2f83,005f17d8,0,-1,pointer,-16,0046f3f0,,,,
wiz8--gog-1261--wiz8new--57a3072c2f83,005f1800,0,-1,pointer,-16,0046f3f0,,,,
wiz8--gog-1261--wiz8new--57a3072c2f83,005f1800,1,0,pointer-import,-16,,005eb938,SR.DLL!??1srModelInstance@@MAE@XZ,protected: virtual __thiscall srModelInstance::~srModelInstance(void),
wiz8--gog-1261--wiz8new--57a3072c2f83,005f1800,2,0,pointer,-16,00481b20,,,,
wiz8--gog-1261--wiz8new--57a3072c2f83,005f1838,0,-1,pointer,4,0046f3f0,,,,
wiz8--gog-1261--wiz8new--57a3072c2f83,005f1838,1,-1,pointer,4,0046f3f0,,,,
wiz8--gog-1261--wiz8new--57a3072c2f83,005f1868,0,-1,pointer-import,-16,,005eb8ac,SR.DLL!??1srTexture@@MAE@XZ,protected: virtual __thiscall srTexture::~srTexture(void),
wiz8--gog-1261--wiz8new--57a3072c2f83,005f1868,1,-1,pointer,-16,00485910,,,,
wiz8--gog-1261--wiz8new--57a3072c2f83,005f1868,2,1,pointer,-20,005e1c10,,,,
wiz8--gog-1261--wiz8new--57a3072c2f83,005f18a0,0,-1,pointer,-16,0046f3f0,,,,
wiz8--gog-1261--wiz8new--57a3072c2f83,005f18a0,1,0,pointer-import,-16,,005eb8ac,SR.DLL!??1srTexture@@MAE@XZ,protected: virtual __thiscall srTexture::~srTexture(void),
wiz8--gog-1261--wiz8new--57a3072c2f83,005f18a0,2,0,pointer,-16,00485910,,,,
wiz8--gog-1261--wiz8new--57a3072c2f83,005f18a0,3,2,pointer,-20,005e1c10,,,,
wiz8--gog-1261--wiz8new--57a3072c2f83,005f18e0,0,-1,pointer-import,-16,,005eb8ac,SR.DLL!??1srTexture@@MAE@XZ,protected: virtual __thiscall srTexture::~srTexture(void),
wiz8--gog-1261--wiz8new--57a3072c2f83,005f18e0,1,-1,pointer,-16,00485910,,,,
wiz8--gog-1261--wiz8new--57a3072c2f83,005f18e0,2,1,pointer,-20,005e1c10,,,,
wiz8--gog-1261--wiz8new--57a3072c2f83,005f1918,0,-1,pointer,-16,00485910,,,,
wiz8--gog-1261--wiz8new--57a3072c2f83,005f1918,1,-1,pointer-import,-16,,005eb8ac,SR.DLL!??1srTexture@@MAE@XZ,protected: virtual __thiscall srTexture::~srTexture(void),
wiz8--gog-1261--wiz8new--57a3072c2f83,005f1948,0,-1,pointer-import,-16,,005eb8ac,SR.DLL!??1srTexture@@MAE@XZ,protected: virtual __thiscall srTexture::~srTexture(void),
wiz8--gog-1261--wiz8new--57a3072c2f83,005f1970,0,-1,object,-248,00474bc0,,,,
wiz8--gog-1261--wiz8new--57a3072c2f83,005f1970,1,0,object,-232,00474bc0,,,,
wiz8--gog-1261--wiz8new--57a3072c2f83,005f19a0,0,-1,pointer,-44,005e1c10,,,,
wiz8--gog-1261--wiz8new--57a3072c2f83,005f19a0,1,-1,object,-28,0055db80,,,,
wiz8--gog-1261--wiz8new--57a3072c2f83,005f19a0,2,-1,object,-40,00487980,,,,
wiz8--gog-1261--wiz8new--57a3072c2f83,005f19d8,0,-1,object,-84,0049e500,,,,
wiz8--gog-1261--wiz8new--57a3072c2f83,005f1a00,0,-1,pointer,-880,005e1c10,,,,
wiz8--gog-1261--wiz8new--57a3072c2f83,005f1a00,1,-1,object,-800,00489f50,,,,
wiz8--gog-1261--wiz8new--57a3072c2f83,005f1a00,2,1,object,-140,005e1e71,,,,0055db80
wiz8--gog-1261--wiz8new--57a3072c2f83,005f1a00,3,2,object,-816,00474bc0,,,,
wiz8--gog-1261--wiz8new--57a3072c2f83,005f1a00,4,3,object,-832,00474bc0,,,,
wiz8--gog-1261--wiz8new--57a3072c2f83,005f1a00,5,4,object,-428,005e1e71,,,,00438c50
wiz8--gog-1261--wiz8new--57a3072c2f83,005f1a00,6,5,object,-268,005e1e71,,,,00438c50
wiz8--gog-1261--wiz8new--57a3072c2f83,005f1a00,7,6,pointer,-880,005e1c10,,,,
wiz8--gog-1261--wiz8new--57a3072c2f83,005f1a00,8,6,pointer,-880,005e1c10,,,,
wiz8--gog-1261--wiz8new--57a3072c2f83,005f1a00,9,6,pointer,-880,0046f3f0,,,,
wiz8--gog-1261--wiz8new--57a3072c2f83,005f1a70,0,-1,pointer,-1568,005e1c10,,,,
wiz8--gog-1261--wiz8new--57a3072c2f83,005f1a70,1,0,pointer,-1568,0048cd80,,,,
wiz8--gog-1261--wiz8new--57a3072c2f83,005f1a70,2,1,pointer,-1568,0048cd60,,,,
wiz8--gog-1261--wiz8new--57a3072c2f83,005f1a70,3,2,pointer,-1568,0048cd60,,,,
wiz8--gog-1261--wiz8new--57a3072c2f83,005f1a70,4,3,pointer,-1568,0048cd60,,,,
wiz8--gog-1261--wiz8new--57a3072c2f83,005f1ab8,0,-1,object,-28,00474b80,,,,
wiz8--gog-1261--wiz8new--57a3072c2f83,005f1ae0,0,-1,pointer,-24,005e1c10,,,,
wiz8--gog-1261--wiz8new--57a3072c2f83,005f1b08,0,-1,pointer,-48,005e1c10,,,,
wiz8--gog-1261--wiz8new--57a3072c2f83,005f1b30,0,-1,object,-28,00451e10,,,,
wiz8--gog-1261--wiz8new--57a3072c2f83,005f1b58,0,-1,object-import,-68,,005eb514,SR.DLL!??1srModeler@@UAE@XZ,public: virtual __thiscall srModeler::~srModeler(void),
wiz8--gog-1261--wiz8new--57a3072c2f83,005f1b58,1,0,object-import,-240,,005eb9ac,SR.DLL!??1Polygon@srModeler@@QAE@XZ,public: __thiscall srModeler::Polygon::~Polygon(void),
wiz8--gog-1261--wiz8new--57a3072c2f83,005f1b58,2,1,pointer,-16,0046f3f0,,,,
wiz8--gog-1261--wiz8new--57a3072c2f83,005f1b58,3,1,pointer,-16,0046f3f0,,,,
wiz8--gog-1261--wiz8new--57a3072c2f83,005f1b58,4,1,pointer,-16,0046f3f0,,,,
wiz8--gog-1261--wiz8new--57a3072c2f83,005f1b58,5,4,pointer,-16,00429f00,,,,
wiz8--gog-1261--wiz8new--57a3072c2f83,005f1b58,6,1,pointer,-16,005e1c10,,,,
wiz8--gog-1261--wiz8new--57a3072c2f83,005f1b58,7,1,pointer,-16,0046f3f0,,,,
wiz8--gog-1261--wiz8new--57a3072c2f83,005f1b58,8,1,pointer,-16,0046f3f0,,,,
wiz8--gog-1261--wiz8new--57a3072c2f83,005f1bc0,0,-1,pointer,-16,0046f3f0,,,,
wiz8--gog-1261--wiz8new--57a3072c2f83,005f1be8,0,-1,pointer,-96,0046f3f0,,,,
wiz8--gog-1261--wiz8new--57a3072c2f83,005f1be8,1,0,pointer,-96,00429f00,,,,
wiz8--gog-1261--wiz8new--57a3072c2f83,005f1c18,0,-1,pointer-import,-16,,005eb6d4,SR.DLL!??1srMaterialIFace@@UAE@XZ,public: virtual __thiscall srMaterialIFace::~srMaterialIFace(void),
wiz8--gog-1261--wiz8new--57a3072c2f83,005f1c18,1,-1,pointer,-16,00429f00,,,,
wiz8--gog-1261--wiz8new--57a3072c2f83,005f1c18,2,-1,pointer-import,-16,,005eb508,SR.DLL!??1srMaterial@@MAE@XZ,protected: virtual __thiscall srMaterial::~srMaterial(void),
wiz8--gog-1261--wiz8new--57a3072c2f83,005f1c50,0,-1,pointer,-16,00492a30,,,,
wiz8--gog-1261--wiz8new--57a3072c2f83,005f1c50,1,-1,pointer-import,-16,,005eb508,SR.DLL!??1srMaterial@@MAE@XZ,protected: virtual __thiscall srMaterial::~srMaterial(void),
wiz8--gog-1261--wiz8new--57a3072c2f83,005f1c50,2,-1,pointer-import,-16,,005eb6d4,SR.DLL!??1srMaterialIFace@@UAE@XZ,public: virtual __thiscall srMaterialIFace::~srMaterialIFace(void),
wiz8--gog-1261--wiz8new--57a3072c2f83,005f1c50,3,-1,pointer-import,-16,,005eb6d8,SR.DLL!??1srClass@@MAE@XZ,protected: virtual __thiscall srClass::~srClass(void),
wiz8--gog-1261--wiz8new--57a3072c2f83,005f1c90,0,-1,pointer-import,-16,,005eb508,SR.DLL!??1srMaterial@@MAE@XZ,protected: virtual __thiscall srMaterial::~srMaterial(void),
wiz8--gog-1261--wiz8new--57a3072c2f83,005f1c90,1,-1,pointer-import,-16,,005eb6d4,SR.DLL!??1srMaterialIFace@@UAE@XZ,public: virtual __thiscall srMaterialIFace::~srMaterialIFace(void),
wiz8--gog-1261--wiz8new--57a3072c2f83,005f1c90,2,-1,pointer-import,-16,,005eb6d8,SR.DLL!??1srClass@@MAE@XZ,protected: virtual __thiscall srClass::~srClass(void),
wiz8--gog-1261--wiz8new--57a3072c2f83,005f1cc8,0,-1,pointer-import,-16,,005eb6d8,SR.DLL!??1srClass@@MAE@XZ,protected: virtual __thiscall srClass::~srClass(void),
wiz8--gog-1261--wiz8new--57a3072c2f83,005f1cf0,0,-1,pointer,-16,0046f3f0,,,,
wiz8--gog-1261--wiz8new--57a3072c2f83,005f1cf0,1,0,pointer-import,-16,,005eb6d4,SR.DLL!??1srMaterialIFace@@UAE@XZ,public: virtual __thiscall srMaterialIFace::~srMaterialIFace(void),
wiz8--gog-1261--wiz8new--57a3072c2f83,005f1cf0,2,0,pointer,-16,00429f00,,,,
wiz8--gog-1261--wiz8new--57a3072c2f83,005f1cf0,3,0,pointer-import,-16,,005eb508,SR.DLL!??1srMaterial@@MAE@XZ,protected: virtual __thiscall srMaterial::~srMaterial(void),
wiz8--gog-1261--wiz8new--57a3072c2f83,005f1d30,0,-1,object,-1200,0055db80,,,,
wiz8--gog-1261--wiz8new--57a3072c2f83,005f1d30,1,0,pointer,-1208,005e1c10,,,,
wiz8--gog-1261--wiz8new--57a3072c2f83,005f1d30,2,0,pointer,-1228,005e1c10,,,,
wiz8--gog-1261--wiz8new--57a3072c2f83,005f1d68,0,-1,object,-1164,0055db80,,,,
wiz8--gog-1261--wiz8new--57a3072c2f83,005f1d90,0,-1,pointer,-4120,005e1c10,,,,
wiz8--gog-1261--wiz8new--57a3072c2f83,005f1d90,1,-1,pointer,-4120,0046f3f0,,,,
wiz8--gog-1261--wiz8new--57a3072c2f83,005f1dc0,0,-1,pointer-import,-60,,005eb7c0,SR.DLL!??1srNode@@MAE@XZ,protected: virtual __thiscall srNode::~srNode(void),
wiz8--gog-1261--wiz8new--57a3072c2f83,005f1dc0,1,-1,pointer,-60,0049b990,,,,
wiz8--gog-1261--wiz8new--57a3072c2f83,005f1df0,0,-1,pointer,-16,0046f3f0,,,,
wiz8--gog-1261--wiz8new--57a3072c2f83,005f1e18,0,-1,pointer-import,-180,,005eb7c0,SR.DLL!??1srNode@@MAE@XZ,protected: virtual __thiscall srNode::~srNode(void),
wiz8--gog-1261--wiz8new--57a3072c2f83,005f1e18,1,-1,pointer,-180,0049b990,,,,
wiz8--gog-1261--wiz8new--57a3072c2f83,005f1e48,0,-1,pointer,-16,0049b990,,,,
wiz8--gog-1261--wiz8new--57a3072c2f83,005f1e48,1,-1,pointer-import,-16,,005eb7c0,SR.DLL!??1srNode@@MAE@XZ,protected: virtual __thiscall srNode::~srNode(void),
wiz8--gog-1261--wiz8new--57a3072c2f83,005f1e78,0,-1,pointer,4,0046f3f0,,,,
wiz8--gog-1261--wiz8new--57a3072c2f83,005f1ea0,0,-1,pointer-import,-16,,005eb7c0,SR.DLL!??1srNode@@MAE@XZ,protected: virtual __thiscall srNode::~srNode(void),
wiz8--gog-1261--wiz8new--57a3072c2f83,005f1ec8,0,-1,pointer-import,-20,,005eb9ec,SR.DLL!??1srLight@@UAE@XZ,public: virtual __thiscall srLight::~srLight(void),
wiz8--gog-1261--wiz8new--57a3072c2f83,005f1ec8,1,-1,pointer,-20,0049dd80,,,,
wiz8--gog-1261--wiz8new--57a3072c2f83,005f1ef8,0,-1,pointer,-16,0049dd80,,,,
wiz8--gog-1261--wiz8new--57a3072c2f83,005f1ef8,1,-1,pointer-import,-16,,005eb9ec,SR.DLL!??1srLight@@UAE@XZ,public: virtual __thiscall srLight::~srLight(void),
wiz8--gog-1261--wiz8new--57a3072c2f83,005f1ef8,2,-1,pointer-import,-16,,005eb9f4,SR.DLL!??1srIlluminator@@UAE@XZ,public: virtual __thiscall srIlluminator::~srIlluminator(void),
wiz8--gog-1261--wiz8new--57a3072c2f83,005f1ef8,3,-1,pointer-import,-16,,005eb7c0,SR.DLL!??1srNode@@MAE@XZ,protected: virtual __thiscall srNode::~srNode(void),
wiz8--gog-1261--wiz8new--57a3072c2f83,005f1f38,0,-1,pointer-import,-28,,005eb9ec,SR.DLL!??1srLight@@UAE@XZ,public: virtual __thiscall srLight::~srLight(void),
wiz8--gog-1261--wiz8new--57a3072c2f83,005f1f60,0,-1,pointer-import,-16,,005eb9f4,SR.DLL!??1srIlluminator@@UAE@XZ,public: virtual __thiscall srIlluminator::~srIlluminator(void),
wiz8--gog-1261--wiz8new--57a3072c2f83,005f1f60,1,-1,pointer-import,-16,,005eb9ec,SR.DLL!??1srLight@@UAE@XZ,public: virtual __thiscall srLight::~srLight(void),
wiz8--gog-1261--wiz8new--57a3072c2f83,005f1f90,0,-1,pointer-import,-16,,005eb9ec,SR.DLL!??1srLight@@UAE@XZ,public: virtual __thiscall srLight::~srLight(void),
wiz8--gog-1261--wiz8new--57a3072c2f83,005f1f90,1,-1,pointer-import,-16,,005eb9f4,SR.DLL!??1srIlluminator@@UAE@XZ,public: virtual __thiscall srIlluminator::~srIlluminator(void),
wiz8--gog-1261--wiz8new--57a3072c2f83,005f1f90,2,-1,pointer-import,-16,,005eb7c0,SR.DLL!??1srNode@@MAE@XZ,protected: virtual __thiscall srNode::~srNode(void),
wiz8--gog-1261--wiz8new--57a3072c2f83,005f1fc8,0,-1,pointer-import,-16,,005eb7c0,SR.DLL!??1srNode@@MAE@XZ,protected: virtual __thiscall srNode::~srNode(void),
wiz8--gog-1261--wiz8new--57a3072c2f83,005f1ff0,0,-1,pointer-import,-16,,005eb9f4,SR.DLL!??1srIlluminator@@UAE@XZ,public: virtual __thiscall srIlluminator::~srIlluminator(void),
wiz8--gog-1261--wiz8new--57a3072c2f83,005f1ff0,1,-1,pointer-import,-16,,005eb7c0,SR.DLL!??1srNode@@MAE@XZ,protected: virtual __thiscall srNode::~srNode(void),
wiz8--gog-1261--wiz8new--57a3072c2f83,005f2020,0,-1,pointer,-16,0046f3f0,,,,
wiz8--gog-1261--wiz8new--57a3072c2f83,005f2048,0,-1,pointer,-20,0046f3f0,,,,
wiz8--gog-1261--wiz8new--57a3072c2f83,005f2048,1,-1,pointer,-20,0046f3f0,,,,
wiz8--gog-1261--wiz8new--57a3072c2f83,005f2078,0,-1,pointer,-16,0044ef20,,,,
wiz8--gog-1261--wiz8new--57a3072c2f83,005f20a0,0,-1,pointer,-24,004b6b60,,,,
wiz8--gog-1261--wiz8new--57a3072c2f83,005f20a0,1,0,pointer,-20,005e1c10,,,,
wiz8--gog-1261--wiz8new--57a3072c2f83,005f20d0,0,-1,pointer,-16,004b6b60,,,,
wiz8--gog-1261--wiz8new--57a3072c2f83,005f20f8,0,-1,pointer,-24,005e1c10,,,,
wiz8--gog-1261--wiz8new--57a3072c2f83,005f20f8,1,0,pointer,-24,004b6b60,,,,
wiz8--gog-1261--wiz8new--57a3072c2f83,005f20f8,2,1,pointer,-20,005e1c10,,,,
wiz8--gog-1261--wiz8new--57a3072c2f83,005f2130,0,-1,pointer,-132,005e1c10,,,,
wiz8--gog-1261--wiz8new--57a3072c2f83,005f2130,1,0,pointer,-132,004a2220,,,,
wiz8--gog-1261--wiz8new--57a3072c2f83,005f2130,2,1,pointer,-132,00474b80,,,,
wiz8--gog-1261--wiz8new--57a3072c2f83,005f2130,3,2,pointer,-132,00474b80,,,,
wiz8--gog-1261--wiz8new--57a3072c2f83,005f2130,4,3,pointer,-132,004a2060,,,,
wiz8--gog-1261--wiz8new--57a3072c2f83,005f2178,0,-1,pointer,-32,005e1c10,,,,
wiz8--gog-1261--wiz8new--57a3072c2f83,005f2178,1,0,pointer,-32,004a2220,,,,
wiz8--gog-1261--wiz8new--57a3072c2f83,005f2178,2,1,pointer,-32,00474b80,,,,
wiz8--gog-1261--wiz8new--57a3072c2f83,005f2178,3,2,pointer,-32,00474b80,,,,
wiz8--gog-1261--wiz8new--57a3072c2f83,005f2178,4,3,pointer,-32,004a2060,,,,
wiz8--gog-1261--wiz8new--57a3072c2f83,005f2178,5,-1,pointer,-28,0046f3f0,,,,
wiz8--gog-1261--wiz8new--57a3072c2f83,005f21c8,0,-1,pointer,-16,004a2220,,,,
wiz8--gog-1261--wiz8new--57a3072c2f83,005f21c8,1,0,pointer,-16,00474b80,,,,
wiz8--gog-1261--wiz8new--57a3072c2f83,005f21c8,2,1,pointer,-16,00474b80,,,,
wiz8--gog-1261--wiz8new--57a3072c2f83,005f21c8,3,2,pointer,-16,004a2060,,,,
wiz8--gog-1261--wiz8new--57a3072c2f83,005f2208,0,-1,pointer,-36,004b56f0,,,,
wiz8--gog-1261--wiz8new--57a3072c2f83,005f2208,1,0,pointer,-36,005e1e71,,,,004a5c90
wiz8--gog-1261--wiz8new--57a3072c2f83,005f2208,2,1,pointer,-52,005e1c10,,,,
wiz8--gog-1261--wiz8new--57a3072c2f83,005f2208,3,1,pointer,-28,0046f3f0,,,,
wiz8--gog-1261--wiz8new--57a3072c2f83,005f2208,4,3,pointer-import,-28,,005eb9ec,SR.DLL!??1srLight@@UAE@XZ,public: virtual __thiscall srLight::~srLight(void),
wiz8--gog-1261--wiz8new--57a3072c2f83,005f2208,5,3,pointer,-28,0049dd80,,,,
wiz8--gog-1261--wiz8new--57a3072c2f83,005f2258,0,-1,pointer,-16,004b56f0,,,,
wiz8--gog-1261--wiz8new--57a3072c2f83,005f2258,1,0,pointer,-16,005e1e71,,,,004a5c90
wiz8--gog-1261--wiz8new--57a3072c2f83,005f2288,0,-1,pointer,-16,005e1c10,,,,
wiz8--gog-1261--wiz8new--57a3072c2f83,005f22b0,0,-1,pointer,-772,005e1c10,,,,
wiz8--gog-1261--wiz8new--57a3072c2f83,005f22b0,1,-1,pointer,-780,005e1c10,,,,
wiz8--gog-1261--wiz8new--57a3072c2f83,005f22e0,0,-1,pointer,-20,004a6610,,,,
wiz8--gog-1261--wiz8new--57a3072c2f83,005f22e0,1,0,pointer,-20,004a5db0,,,,
wiz8--gog-1261--wiz8new--57a3072c2f83,005f22e0,2,1,pointer,-16,005e1c10,,,,
wiz8--gog-1261--wiz8new--57a3072c2f83,005f22e0,3,2,pointer,-16,004b56f0,,,,
wiz8--gog-1261--wiz8new--57a3072c2f83,005f2320,0,-1,pointer,-16,004a6610,,,,
wiz8--gog-1261--wiz8new--57a3072c2f83,005f2320,1,0,pointer,-16,004a5db0,,,,
wiz8--gog-1261--wiz8new--57a3072c2f83,005f2350,0,-1,pointer,-16,004a6610,,,,
wiz8--gog-1261--wiz8new--57a3072c2f83,005f2350,1,0,pointer,-16,004a5db0,,,,
wiz8--gog-1261--wiz8new--57a3072c2f83,005f2380,0,-1,pointer,-16,005e1c10,,,,
wiz8--gog-1261--wiz8new--57a3072c2f83,005f23a8,0,-1,pointer,-16,004b6b60,,,,
wiz8--gog-1261--wiz8new--57a3072c2f83,005f23d0,0,-1,pointer,-32,004b6b60,,,,
wiz8--gog-1261--wiz8new--57a3072c2f83,005f23d0,1,0,pointer,-32,00452120,,,,
wiz8--gog-1261--wiz8new--57a3072c2f83,005f23d0,2,1,pointer,-40,005e1c10,,,,
wiz8--gog-1261--wiz8new--57a3072c2f83,005f23d0,3,1,pointer,-40,0046f3f0,,,,
wiz8--gog-1261--wiz8new--57a3072c2f83,005f23d0,4,3,pointer-import,-40,,005eb9ec,SR.DLL!??1srLight@@UAE@XZ,public: virtual __thiscall srLight::~srLight(void),
wiz8--gog-1261--wiz8new--57a3072c2f83,005f23d0,5,3,pointer,-40,0049dd80,,,,
wiz8--gog-1261--wiz8new--57a3072c2f83,005f23d0,6,1,pointer,-40,005e1c10,,,,
wiz8--gog-1261--wiz8new--57a3072c2f83,005f23d0,7,1,pointer,-40,005e1c10,,,,
wiz8--gog-1261--wiz8new--57a3072c2f83,005f23d0,8,1,pointer,-40,005e1c10,,,,
wiz8--gog-1261--wiz8new--57a3072c2f83,005f23d0,9,1,pointer,-44,005e1c10,,,,
wiz8--gog-1261--wiz8new--57a3072c2f83,005f23d0,10,9,pointer,-28,0046f3f0,,,,
wiz8--gog-1261--wiz8new--57a3072c2f83,005f23d0,11,1,pointer,4,0046f3f0,,,,
wiz8--gog-1261--wiz8new--57a3072c2f83,005f2450,0,-1,pointer,-16,004b6b60,,,,
wiz8--gog-1261--wiz8new--57a3072c2f83,005f2450,1,0,pointer,-16,005e5e57,,,,
wiz8--gog-1261--wiz8new--57a3072c2f83,005f2480,0,-1,pointer,-56,005e1c10,,,,
wiz8--gog-1261--wiz8new--57a3072c2f83,005f2480,1,-1,pointer,-56,005e1c10,,,,
wiz8--gog-1261--wiz8new--57a3072c2f83,005f2480,2,-1,pointer,-56,005e1c10,,,,
wiz8--gog-1261--wiz8new--57a3072c2f83,005f2480,3,-1,object,-52,00451c50,,,,
wiz8--gog-1261--wiz8new--57a3072c2f83,005f2480,4,3,pointer,-56,005e1c10,,,,
wiz8--gog-1261--wiz8new--57a3072c2f83,005f24c8,0,-1,pointer,-16,005e1c10,,,,
wiz8--gog-1261--wiz8new--57a3072c2f83,005f24f0,0,-1,pointer,4,005e1c10,,,,
wiz8--gog-1261--wiz8new--57a3072c2f83,005f2518,0,-1,pointer,-16,0046f3f0,,,,
wiz8--gog-1261--wiz8new--57a3072c2f83,005f2540,0,-1,pointer,-100,005e1c10,,,,
wiz8--gog-1261--wiz8new--57a3072c2f83,005f2568,0,-1,pointer,-16,005e1c10,,,,
wiz8--gog-1261--wiz8new--57a3072c2f83,005f2590,0,-1,pointer,-16,005e1c10,,,,
wiz8--gog-1261--wiz8new--57a3072c2f83,005f25b8,0,-1,pointer,-36,004b56f0,,,,
wiz8--gog-1261--wiz8new--57a3072c2f83,005f25b8,1,0,pointer,-36,005e1e71,,,,004a5c90
wiz8--gog-1261--wiz8new--57a3072c2f83,005f25b8,2,1,pointer,-52,005e1c10,,,,
wiz8--gog-1261--wiz8new--57a3072c2f83,005f25b8,3,1,pointer,-28,0046f3f0,,,,
wiz8--gog-1261--wiz8new--57a3072c2f83,005f25b8,4,3,pointer-import,-28,,005eb9ec,SR.DLL!??1srLight@@UAE@XZ,public: virtual __thiscall srLight::~srLight(void),
wiz8--gog-1261--wiz8new--57a3072c2f83,005f25b8,5,3,pointer,-28,0049dd80,,,,
wiz8--gog-1261--wiz8new--57a3072c2f83,005f2608,0,-1,pointer,-16,004b56f0,,,,
wiz8--gog-1261--wiz8new--57a3072c2f83,005f2608,1,0,pointer,-16,005e1e71,,,,004a5c90
wiz8--gog-1261--wiz8new--57a3072c2f83,005f2638,0,-1,pointer,-16,005e1c10,,,,
wiz8--gog-1261--wiz8new--57a3072c2f83,005f2660,0,-1,pointer,-772,005e1c10,,,,
wiz8--gog-1261--wiz8new--57a3072c2f83,005f2660,1,0,pointer,-772,004a6610,,,,
wiz8--gog-1261--wiz8new--57a3072c2f83,005f2660,2,-1,pointer,-776,005e1c10,,,,
wiz8--gog-1261--wiz8new--57a3072c2f83,005f2698,0,-1,pointer,-20,004a6610,,,,
wiz8--gog-1261--wiz8new--57a3072c2f83,005f2698,1,0,pointer,-16,005e1c10,,,,
wiz8--gog-1261--wiz8new--57a3072c2f83,005f2698,2,1,pointer,-16,004b56f0,,,,
wiz8--gog-1261--wiz8new--57a3072c2f83,005f26d0,0,-1,pointer,-16,004a6610,,,,
wiz8--gog-1261--wiz8new--57a3072c2f83,005f26f8,0,-1,pointer,-16,005e1c10,,,,
wiz8--gog-1261--wiz8new--57a3072c2f83,005f2720,0,-1,pointer,-16,00439a00,,,,
wiz8--gog-1261--wiz8new--57a3072c2f83,005f2720,1,0,pointer,12,005e1c10,,,,
wiz8--gog-1261--wiz8new--57a3072c2f83,005f2720,2,0,pointer,12,005e1c10,,,,
wiz8--gog-1261--wiz8new--57a3072c2f83,005f2758,0,-1,pointer,-16,005e1c10,,,,
wiz8--gog-1261--wiz8new--57a3072c2f83,005f2780,0,-1,pointer-import,-16,,005eb7c0,SR.DLL!??1srNode@@MAE@XZ,protected: virtual __thiscall srNode::~srNode(void),
wiz8--gog-1261--wiz8new--57a3072c2f83,005f2780,1,-1,pointer,-16,004af5a0,,,,
wiz8--gog-1261--wiz8new--57a3072c2f83,005f27b0,0,-1,pointer,-16,0046f3f0,,,,
wiz8--gog-1261--wiz8new--57a3072c2f83,005f27b0,1,0,pointer-import,-16,,005eb7c0,SR.DLL!??1srNode@@MAE@XZ,protected: virtual __thiscall srNode::~srNode(void),
wiz8--gog-1261--wiz8new--57a3072c2f83,005f27b0,2,0,pointer,-16,004af5a0,,,,
wiz8--gog-1261--wiz8new--57a3072c2f83,005f27e8,0,-1,pointer-import,-16,,005eb7c0,SR.DLL!??1srNode@@MAE@XZ,protected: virtual __thiscall srNode::~srNode(void),
wiz8--gog-1261--wiz8new--57a3072c2f83,005f2810,0,-1,pointer-import,-16,,005eb7c0,SR.DLL!??1srNode@@MAE@XZ,protected: virtual __thiscall srNode::~srNode(void),
wiz8--gog-1261--wiz8new--57a3072c2f83,005f2838,0,-1,object,-168,0046cdd0,,,,
wiz8--gog-1261--wiz8new--57a3072c2f83,005f2838,1,0,pointer,-172,005e1c10,,,,
wiz8--gog-1261--wiz8new--57a3072c2f83,005f2868,0,-1,object,-204,0046cdd0,,,,
wiz8--gog-1261--wiz8new--57a3072c2f83,005f2868,1,0,pointer,-208,005e1c10,,,,
wiz8--gog-1261--wiz8new--57a3072c2f83,005f2898,0,-1,object,-168,0046cdd0,,,,
wiz8--gog-1261--wiz8new--57a3072c2f83,005f2898,1,0,pointer,-172,005e1c10,,,,
wiz8--gog-1261--wiz8new--57a3072c2f83,005f28c8,0,-1,object,-168,0046cdd0,,,,
wiz8--gog-1261--wiz8new--57a3072c2f83,005f28f0,0,-1,object,-424,0046cdd0,,,,
wiz8--gog-1261--wiz8new--57a3072c2f83,005f28f0,1,0,pointer,-428,005e1c10,,,,
wiz8--gog-1261--wiz8new--57a3072c2f83,005f28f0,2,0,pointer,-428,005e1c10,,,,
wiz8--gog-1261--wiz8new--57a3072c2f83,005f28f0,3,0,pointer,-428,005e1c10,,,,
wiz8--gog-1261--wiz8new--57a3072c2f83,005f2930,0,-1,object,-184,0046cdd0,,,,
wiz8--gog-1261--wiz8new--57a3072c2f83,005f2958,0,-1,object,-248,0046cdd0,,,,
wiz8--gog-1261--wiz8new--57a3072c2f83,005f2980,0,-1,pointer,-10140,005e1c10,,,,
wiz8--gog-1261--wiz8new--57a3072c2f83,005f29a8,0,-1,pointer,-104,005e1c10,,,,
wiz8--gog-1261--wiz8new--57a3072c2f83,005f29d0,0,-1,pointer,-28,005e1c10,,,,
wiz8--gog-1261--wiz8new--57a3072c2f83,005f29d0,1,-1,pointer,-28,005e1c10,,,,
wiz8--gog-1261--wiz8new--57a3072c2f83,005f2a00,0,-1,pointer,-16,0044ef20,,,,
wiz8--gog-1261--wiz8new--57a3072c2f83,005f2a28,0,-1,pointer,-16,0044ef20,,,,
wiz8--gog-1261--wiz8new--57a3072c2f83,005f2a50,0,-1,pointer,-16,005e1c10,,,,
wiz8--gog-1261--wiz8new--57a3072c2f83,005f2a78,0,-1,pointer,-16,005e1c10,,,,
wiz8--gog-1261--wiz8new--57a3072c2f83,005f2aa0,0,-1,pointer,-1752,0046f3f0,,,,
wiz8--gog-1261--wiz8new--57a3072c2f83,005f2ac8,0,-1,pointer,12,0046f3f0,,,,
wiz8--gog-1261--wiz8new--57a3072c2f83,005f2af0,0,-1,pointer,-276,0046f3f0,,,,
wiz8--gog-1261--wiz8new--57a3072c2f83,005f2af0,1,-1,pointer,-276,0046f3f0,,,,
wiz8--gog-1261--wiz8new--57a3072c2f83,005f2b20,0,-1,pointer,-276,0046f3f0,,,,
wiz8--gog-1261--wiz8new--57a3072c2f83,005f2b48,0,-1,pointer-import,-16,,005eb7c0,SR.DLL!??1srNode@@MAE@XZ,protected: virtual __thiscall srNode::~srNode(void),
wiz8--gog-1261--wiz8new--57a3072c2f83,005f2b48,1,-1,pointer,-16,004ba280,,,,
wiz8--gog-1261--wiz8new--57a3072c2f83,005f2b78,0,-1,pointer-import,-16,,005eb7c0,SR.DLL!??1srNode@@MAE@XZ,protected: virtual __thiscall srNode::~srNode(void),
wiz8--gog-1261--wiz8new--57a3072c2f83,005f2ba0,0,-1,pointer-import,-16,,005eb7c0,SR.DLL!??1srNode@@MAE@XZ,protected: virtual __thiscall srNode::~srNode(void),
wiz8--gog-1261--wiz8new--57a3072c2f83,005f2bc8,0,-1,pointer,-16,0046f3f0,,,,
wiz8--gog-1261--wiz8new--57a3072c2f83,005f2bc8,1,0,pointer-import,-16,,005eb7c0,SR.DLL!??1srNode@@MAE@XZ,protected: virtual __thiscall srNode::~srNode(void),
wiz8--gog-1261--wiz8new--57a3072c2f83,005f2bc8,2,0,pointer,-16,004ba280,,,,
wiz8--gog-1261--wiz8new--57a3072c2f83,005f2c00,0,-1,object,-52,00438c70,,,,
wiz8--gog-1261--wiz8new--57a3072c2f83,005f2c28,0,-1,object,-148,004bdfe0,,,,
wiz8--gog-1261--wiz8new--57a3072c2f83,005f2c28,1,0,pointer,-104,0046f3f0,,,,
wiz8--gog-1261--wiz8new--57a3072c2f83,005f2c58,0,-1,pointer,-944,0046f3f0,,,,
wiz8--gog-1261--wiz8new--57a3072c2f83,005f2c80,0,-1,pointer,-16,004b56f0,,,,
wiz8--gog-1261--wiz8new--57a3072c2f83,005f2c80,1,0,pointer,-16,005e1e71,,,,004cad60
wiz8--gog-1261--wiz8new--57a3072c2f83,005f2c80,2,1,pointer,-16,005e1e71,,,,004a2060
wiz8--gog-1261--wiz8new--57a3072c2f83,005f2c80,3,2,pointer,-16,005e1e71,,,,004a5c90
wiz8--gog-1261--wiz8new--57a3072c2f83,005f2cc0,0,-1,pointer,-16,004b56f0,,,,
wiz8--gog-1261--wiz8new--57a3072c2f83,005f2cc0,1,0,pointer,-16,005e1e71,,,,004cad60
wiz8--gog-1261--wiz8new--57a3072c2f83,005f2cc0,2,1,pointer,-16,005e1e71,,,,004a2060
wiz8--gog-1261--wiz8new--57a3072c2f83,005f2cc0,3,2,pointer,-16,005e1e71,,,,004a5c90
wiz8--gog-1261--wiz8new--57a3072c2f83,005f2cc0,4,3,pointer,-16,00438c70,,,,
wiz8--gog-1261--wiz8new--57a3072c2f83,005f2cc0,5,4,pointer,4,005e1c10,,,,
wiz8--gog-1261--wiz8new--57a3072c2f83,005f2d10,0,-1,pointer,-16,004b56f0,,,,
wiz8--gog-1261--wiz8new--57a3072c2f83,005f2d10,1,0,pointer,-16,005e1e71,,,,004cad60
wiz8--gog-1261--wiz8new--57a3072c2f83,005f2d10,2,1,pointer,-16,005e1e71,,,,004a2060
wiz8--gog-1261--wiz8new--57a3072c2f83,005f2d10,3,2,pointer,-16,005e1e71,,,,004a5c90
wiz8--gog-1261--wiz8new--57a3072c2f83,005f2d10,4,3,pointer,-16,00438c70,,,,
wiz8--gog-1261--wiz8new--57a3072c2f83,005f2d10,5,4,pointer-import,-20,,005eb9f4,SR.DLL!??1srIlluminator@@UAE@XZ,public: virtual __thiscall srIlluminator::~srIlluminator(void),
wiz8--gog-1261--wiz8new--57a3072c2f83,005f2d10,6,4,pointer-import,-20,,005eb7c0,SR.DLL!??1srNode@@MAE@XZ,protected: virtual __thiscall srNode::~srNode(void),
wiz8--gog-1261--wiz8new--57a3072c2f83,005f2d68,0,-1,pointer,-44,005e1c10,,,,
wiz8--gog-1261--wiz8new--57a3072c2f83,005f2d68,1,-1,pointer,-52,0046f3f0,,,,
wiz8--gog-1261--wiz8new--57a3072c2f83,005f2d68,2,1,pointer,-52,0049dd80,,,,
wiz8--gog-1261--wiz8new--57a3072c2f83,005f2da0,0,-1,pointer,-16,005e1c10,,,,
wiz8--gog-1261--wiz8new--57a3072c2f83,005f2dc8,0,-1,pointer,-32,004a6610,,,,
wiz8--gog-1261--wiz8new--57a3072c2f83,005f2dc8,1,0,pointer,-32,0048cd60,,,,
wiz8--gog-1261--wiz8new--57a3072c2f83,005f2dc8,2,1,pointer,-32,00439a00,,,,
wiz8--gog-1261--wiz8new--57a3072c2f83,005f2dc8,3,2,pointer,-32,004cace0,,,,
wiz8--gog-1261--wiz8new--57a3072c2f83,005f2dc8,4,3,pointer,-32,00439a00,,,,
wiz8--gog-1261--wiz8new--57a3072c2f83,005f2dc8,5,4,pointer,-32,00439a00,,,,
wiz8--gog-1261--wiz8new--57a3072c2f83,005f2dc8,6,5,pointer,-32,00438c50,,,,
wiz8--gog-1261--wiz8new--57a3072c2f83,005f2dc8,7,6,pointer,-28,005e1c10,,,,
wiz8--gog-1261--wiz8new--57a3072c2f83,005f2e28,0,-1,pointer,-28,004a6610,,,,
wiz8--gog-1261--wiz8new--57a3072c2f83,005f2e28,1,0,pointer,-28,0048cd60,,,,
wiz8--gog-1261--wiz8new--57a3072c2f83,005f2e28,2,1,pointer,-28,00439a00,,,,
wiz8--gog-1261--wiz8new--57a3072c2f83,005f2e28,3,2,pointer,-28,004cace0,,,,
wiz8--gog-1261--wiz8new--57a3072c2f83,005f2e28,4,3,pointer,-28,00439a00,,,,
wiz8--gog-1261--wiz8new--57a3072c2f83,005f2e28,5,4,pointer,-28,00439a00,,,,
wiz8--gog-1261--wiz8new--57a3072c2f83,005f2e28,6,5,pointer,-28,00438c50,,,,
wiz8--gog-1261--wiz8new--57a3072c2f83,005f2e80,0,-1,pointer,-16,004a6610,,,,
wiz8--gog-1261--wiz8new--57a3072c2f83,005f2e80,1,0,pointer,-16,0048cd60,,,,
wiz8--gog-1261--wiz8new--57a3072c2f83,005f2e80,2,1,pointer,-16,00439a00,,,,
wiz8--gog-1261--wiz8new--57a3072c2f83,005f2e80,3,2,pointer,-16,004cace0,,,,
wiz8--gog-1261--wiz8new--57a3072c2f83,005f2e80,4,3,pointer,-16,00439a00,,,,
wiz8--gog-1261--wiz8new--57a3072c2f83,005f2e80,5,4,pointer,-16,00439a00,,,,
wiz8--gog-1261--wiz8new--57a3072c2f83,005f2e80,6,5,pointer,-16,00438c50,,,,
wiz8--gog-1261--wiz8new--57a3072c2f83,005f2ed8,0,-1,pointer,-3012,005e1c10,,,,
wiz8--gog-1261--wiz8new--57a3072c2f83,005f2ed8,1,-1,object,-2892,00438c70,,,,
wiz8--gog-1261--wiz8new--57a3072c2f83,005f2ed8,2,-1,object,-2908,00438c70,,,,
wiz8--gog-1261--wiz8new--57a3072c2f83,005f2ed8,3,-1,pointer,-2876,005e1c10,,,,
wiz8--gog-1261--wiz8new--57a3072c2f83,005f2ed8,4,-1,pointer,-2876,005e1c10,,,,
wiz8--gog-1261--wiz8new--57a3072c2f83,005f2f20,0,-1,pointer,-28,0046f3f0,,,,
wiz8--gog-1261--wiz8new--57a3072c2f83,005f2f20,1,-1,pointer,8,005e1c10,,,,
wiz8--gog-1261--wiz8new--57a3072c2f83,005f2f50,0,-1,object,-228,00438c70,,,,
wiz8--gog-1261--wiz8new--57a3072c2f83,005f2f78,0,-1,object,-156,00438c70,,,,
wiz8--gog-1261--wiz8new--57a3072c2f83,005f2fa0,0,-1,object,-28,00438c70,,,,
wiz8--gog-1261--wiz8new--57a3072c2f83,005f2fc8,0,-1,object,-28,00438c70,,,,
wiz8--gog-1261--wiz8new--57a3072c2f83,005f2ff0,0,-1,object,-28,00438c70,,,,
wiz8--gog-1261--wiz8new--57a3072c2f83,005f3018,0,-1,pointer,-252,0046f3f0,,,,
wiz8--gog-1261--wiz8new--57a3072c2f83,005f3018,1,-1,pointer,-252,0046f3f0,,,,
wiz8--gog-1261--wiz8new--57a3072c2f83,005f3018,2,-1,pointer,-252,0046f3f0,,,,
wiz8--gog-1261--wiz8new--57a3072c2f83,005f3018,3,2,pointer,-252,00429f00,,,,
wiz8--gog-1261--wiz8new--57a3072c2f83,005f3058,0,-1,pointer,-276,0046f3f0,,,,
wiz8--gog-1261--wiz8new--57a3072c2f83,005f3080,0,-1,pointer,-564,0046f3f0,,,,
wiz8--gog-1261--wiz8new--57a3072c2f83,005f30a8,0,-1,object,-568,004a2060,,,,
wiz8--gog-1261--wiz8new--57a3072c2f83,005f30d0,0,-1,pointer-import,-16,,005eb9ec,SR.DLL!??1srLight@@UAE@XZ,public: virtual __thiscall srLight::~srLight(void),
wiz8--gog-1261--wiz8new--57a3072c2f83,005f30f8,0,-1,pointer,-16,005e1c10,,,,
wiz8--gog-1261--wiz8new--57a3072c2f83,005f3120,0,-1,pointer,-16,00457b10,,,,
wiz8--gog-1261--wiz8new--57a3072c2f83,005f3148,0,-1,pointer,-1120,005e1c10,,,,
wiz8--gog-1261--wiz8new--57a3072c2f83,005f3148,1,-1,pointer,-1120,005e1c10,,,,
wiz8--gog-1261--wiz8new--57a3072c2f83,005f3148,2,-1,pointer,-1120,005e1c10,,,,
wiz8--gog-1261--wiz8new--57a3072c2f83,005f3180,0,-1,object,-1112,00438c50,,,,
wiz8--gog-1261--wiz8new--57a3072c2f83,005f3180,1,0,object,-1132,0055db80,,,,
wiz8--gog-1261--wiz8new--57a3072c2f83,005f31b0,0,-1,pointer,-140024,005e1c10,,,,
wiz8--gog-1261--wiz8new--57a3072c2f83,005f31d8,0,-1,pointer-import,-16,,005eb6d8,SR.DLL!??1srClass@@MAE@XZ,protected: virtual __thiscall srClass::~srClass(void),
wiz8--gog-1261--wiz8new--57a3072c2f83,005f31d8,1,-1,pointer,-16,004cf940,,,,
wiz8--gog-1261--wiz8new--57a3072c2f83,005f31d8,2,1,pointer,-16,004cfa00,,,,
wiz8--gog-1261--wiz8new--57a3072c2f83,005f3210,0,-1,pointer,-16,0046f3f0,,,,
wiz8--gog-1261--wiz8new--57a3072c2f83,005f3210,1,0,pointer-import,-16,,005eb6d8,SR.DLL!??1srClass@@MAE@XZ,protected: virtual __thiscall srClass::~srClass(void),
wiz8--gog-1261--wiz8new--57a3072c2f83,005f3210,2,0,pointer,-16,004cf940,,,,
wiz8--gog-1261--wiz8new--57a3072c2f83,005f3210,3,2,pointer,-16,004cfa00,,,,
wiz8--gog-1261--wiz8new--57a3072c2f83,005f3250,0,-1,pointer,-16,004cf940,,,,
wiz8--gog-1261--wiz8new--57a3072c2f83,005f3250,1,0,pointer,-16,004cfa00,,,,
wiz8--gog-1261--wiz8new--57a3072c2f83,005f3250,2,1,pointer,-16,004cfa20,,,,
wiz8--gog-1261--wiz8new--57a3072c2f83,005f3250,3,-1,pointer-import,-16,,005eb6d8,SR.DLL!??1srClass@@MAE@XZ,protected: virtual __thiscall srClass::~srClass(void),
wiz8--gog-1261--wiz8new--57a3072c2f83,005f3290,0,-1,pointer-import,-16,,005eb6d8,SR.DLL!??1srClass@@MAE@XZ,protected: virtual __thiscall srClass::~srClass(void),
wiz8--gog-1261--wiz8new--57a3072c2f83,005f32b8,0,-1,pointer-import,-16,,005eb7c0,SR.DLL!??1srNode@@MAE@XZ,protected: virtual __thiscall srNode::~srNode(void),
wiz8--gog-1261--wiz8new--57a3072c2f83,005f32b8,1,-1,pointer,-16,004d6a70,,,,
wiz8--gog-1261--wiz8new--57a3072c2f83,005f32b8,2,1,pointer,4,0046f3f0,,,,
wiz8--gog-1261--wiz8new--57a3072c2f83,005f32b8,3,2,pointer,4,00429f00,,,,
wiz8--gog-1261--wiz8new--57a3072c2f83,005f32f8,0,-1,pointer-import,-16,,005eb7c0,SR.DLL!??1srNode@@MAE@XZ,protected: virtual __thiscall srNode::~srNode(void),
wiz8--gog-1261--wiz8new--57a3072c2f83,005f3320,0,-1,pointer-import,-16,,005eb7c0,SR.DLL!??1srNode@@MAE@XZ,protected: virtual __thiscall srNode::~srNode(void),
wiz8--gog-1261--wiz8new--57a3072c2f83,005f3320,1,-1,pointer,-16,004d6a70,,,,
wiz8--gog-1261--wiz8new--57a3072c2f83,005f3350,0,-1,pointer-import,-16,,005eb7c0,SR.DLL!??1srNode@@MAE@XZ,protected: virtual __thiscall srNode::~srNode(void),
wiz8--gog-1261--wiz8new--57a3072c2f83,005f3378,0,-1,pointer,-16,0046f3f0,,,,
wiz8--gog-1261--wiz8new--57a3072c2f83,005f33a0,0,-1,pointer,-40,0046f3f0,,,,
wiz8--gog-1261--wiz8new--57a3072c2f83,005f33c8,0,-1,object,-28,00446070,,,,
wiz8--gog-1261--wiz8new--57a3072c2f83,005f33f0,0,-1,pointer,4,005e1c10,,,,
wiz8--gog-1261--wiz8new--57a3072c2f83,005f3418,0,-1,pointer,-28,005e1c10,,,,
wiz8--gog-1261--wiz8new--57a3072c2f83,005f3440,0,-1,pointer,4,005e1c10,,,,
wiz8--gog-1261--wiz8new--57a3072c2f83,005f3468,0,-1,pointer,-148,005e1c10,,,,
wiz8--gog-1261--wiz8new--57a3072c2f83,005f3490,0,-1,pointer,4,005e1c10,,,,
wiz8--gog-1261--wiz8new--57a3072c2f83,005f34b8,0,-1,pointer,4,005e1c10,,,,
wiz8--gog-1261--wiz8new--57a3072c2f83,005f34e0,0,-1,pointer,4,005e1c10,,,,
wiz8--gog-1261--wiz8new--57a3072c2f83,005f3508,0,-1,pointer,4,005e1c10,,,,
wiz8--gog-1261--wiz8new--57a3072c2f83,005f3508,1,-1,pointer,4,005e1c10,,,,
wiz8--gog-1261--wiz8new--57a3072c2f83,005f3538,0,-1,pointer,-16,005e1e71,,,,004e6a10
wiz8--gog-1261--wiz8new--57a3072c2f83,005f3560,0,-1,object,-80,00438c50,,,,
wiz8--gog-1261--wiz8new--57a3072c2f83,005f3560,1,0,object,-96,00438c50,,,,
wiz8--gog-1261--wiz8new--57a3072c2f83,005f3560,2,1,pointer,4,00438c50,,,,
wiz8--gog-1261--wiz8new--57a3072c2f83,005f3598,0,-1,object,-140,00438c50,,,,
wiz8--gog-1261--wiz8new--57a3072c2f83,005f3598,1,0,object,-156,00438c50,,,,
wiz8--gog-1261--wiz8new--57a3072c2f83,005f35c8,0,-1,object,-80,00438c50,,,,
wiz8--gog-1261--wiz8new--57a3072c2f83,005f35c8,1,0,object,-96,00438c50,,,,
wiz8--gog-1261--wiz8new--57a3072c2f83,005f35c8,2,1,pointer,4,00438c50,,,,
wiz8--gog-1261--wiz8new--57a3072c2f83,005f3600,0,-1,pointer,-32,004f3f10,,,,
wiz8--gog-1261--wiz8new--57a3072c2f83,005f3600,1,0,pointer,-32,004f3480,,,,
wiz8--gog-1261--wiz8new--57a3072c2f83,005f3630,0,-1,pointer,-16,004f2d30,,,,
wiz8--gog-1261--wiz8new--57a3072c2f83,005f3630,1,0,pointer,4,005e1c10,,,,
wiz8--gog-1261--wiz8new--57a3072c2f83,005f3630,2,0,pointer,4,005e1c10,,,,
wiz8--gog-1261--wiz8new--57a3072c2f83,005f3630,3,0,pointer,4,005e1c10,,,,
wiz8--gog-1261--wiz8new--57a3072c2f83,005f3670,0,-1,pointer,-16,004f2d30,,,,
wiz8--gog-1261--wiz8new--57a3072c2f83,005f3698,0,-1,object,-80,00438c50,,,,
wiz8--gog-1261--wiz8new--57a3072c2f83,005f3698,1,0,object,-96,00438c50,,,,
wiz8--gog-1261--wiz8new--57a3072c2f83,005f36c8,0,-1,object,-216,00438c50,,,,
wiz8--gog-1261--wiz8new--57a3072c2f83,005f36c8,1,0,object,-200,00438c50,,,,
wiz8--gog-1261--wiz8new--57a3072c2f83,005f36c8,2,1,pointer,-220,005e1c10,,,,
wiz8--gog-1261--wiz8new--57a3072c2f83,005f36c8,3,2,pointer,-220,00438c50,,,,
wiz8--gog-1261--wiz8new--57a3072c2f83,005f36c8,4,3,pointer,-220,00438c50,,,,
wiz8--gog-1261--wiz8new--57a3072c2f83,005f36c8,5,4,pointer,-220,00451ae0,,,,
wiz8--gog-1261--wiz8new--57a3072c2f83,005f36c8,6,5,pointer,-220,00451b20,,,,
wiz8--gog-1261--wiz8new--57a3072c2f83,005f3720,0,-1,pointer,-16,005e1c10,,,,
wiz8--gog-1261--wiz8new--57a3072c2f83,005f3748,0,-1,object,-28,00474b80,,,,
wiz8--gog-1261--wiz8new--57a3072c2f83,005f3770,0,-1,object,-19548,0055bde0,,,,
wiz8--gog-1261--wiz8new--57a3072c2f83,005f3798,0,-1,object,-19228,0055bde0,,,,
wiz8--gog-1261--wiz8new--57a3072c2f83,005f37c0,0,-1,object,-452,0055bde0,,,,
wiz8--gog-1261--wiz8new--57a3072c2f83,005f37c0,1,0,object,-344,0055bde0,,,,
wiz8--gog-1261--wiz8new--57a3072c2f83,005f37c0,2,1,pointer,-460,0046f3f0,,,,
wiz8--gog-1261--wiz8new--57a3072c2f83,005f37f8,0,-1,object,-344,0055bde0,,,,
wiz8--gog-1261--wiz8new--57a3072c2f83,005f3820,0,-1,object,-84,0055bde0,,,,
wiz8--gog-1261--wiz8new--57a3072c2f83,005f3848,0,-1,object,-84,0055bde0,,,,
wiz8--gog-1261--wiz8new--57a3072c2f83,005f3870,0,-1,object,-1460,0055bde0,,,,
wiz8--gog-1261--wiz8new--57a3072c2f83,005f3898,0,-1,object,-156,0048cd60,,,,
wiz8--gog-1261--wiz8new--57a3072c2f83,005f3898,1,0,pointer,-140,0046f3f0,,,,
wiz8--gog-1261--wiz8new--57a3072c2f83,005f38c8,0,-1,object,-148,0055bde0,,,,
wiz8--gog-1261--wiz8new--57a3072c2f83,005f38f0,0,-1,object,-148,0055bde0,,,,
wiz8--gog-1261--wiz8new--57a3072c2f83,005f3918,0,-1,object,-148,0055bde0,,,,
wiz8--gog-1261--wiz8new--57a3072c2f83,005f3940,0,-1,pointer,4,0046f3f0,,,,
wiz8--gog-1261--wiz8new--57a3072c2f83,005f3968,0,-1,object,-84,0055bde0,,,,
wiz8--gog-1261--wiz8new--57a3072c2f83,005f3990,0,-1,pointer,-16,005e1c10,,,,
wiz8--gog-1261--wiz8new--57a3072c2f83,005f3990,1,0,pointer,-16,00438c50,,,,
wiz8--gog-1261--wiz8new--57a3072c2f83,005f3990,2,1,pointer,-16,00438c50,,,,
wiz8--gog-1261--wiz8new--57a3072c2f83,005f3990,3,2,pointer,-16,00451ae0,,,,
wiz8--gog-1261--wiz8new--57a3072c2f83,005f3990,4,3,pointer,-16,00451b20,,,,
wiz8--gog-1261--wiz8new--57a3072c2f83,005f39d8,0,-1,pointer,-4540,005e1c10,,,,
wiz8--gog-1261--wiz8new--57a3072c2f83,005f3a00,0,-1,pointer,-16,0052a1d0,,,,
wiz8--gog-1261--wiz8new--57a3072c2f83,005f3a28,0,-1,pointer,-16,0052e520,,,,
wiz8--gog-1261--wiz8new--57a3072c2f83,005f3a28,1,0,pointer,-16,0052e520,,,,
wiz8--gog-1261--wiz8new--57a3072c2f83,005f3a28,2,1,pointer,-16,0052e520,,,,
wiz8--gog-1261--wiz8new--57a3072c2f83,005f3a28,3,2,pointer,-16,0052e520,,,,
wiz8--gog-1261--wiz8new--57a3072c2f83,005f3a28,4,3,pointer,-16,0052e520,,,,
wiz8--gog-1261--wiz8new--57a3072c2f83,005f3a70,0,-1,object,-28,005358d0,,,,
wiz8--gog-1261--wiz8new--57a3072c2f83,005f3a98,0,-1,object,-28,005358d0,,,,
wiz8--gog-1261--wiz8new--57a3072c2f83,005f3ac0,0,-1,object,-120,00438c50,,,,
wiz8--gog-1261--wiz8new--57a3072c2f83,005f3ac0,1,0,object,-136,00438c50,,,,
wiz8--gog-1261--wiz8new--57a3072c2f83,005f3af0,0,-1,object,-96,00438c50,,,,
wiz8--gog-1261--wiz8new--57a3072c2f83,005f3af0,1,0,object,-80,00438c50,,,,
wiz8--gog-1261--wiz8new--57a3072c2f83,005f3b20,0,-1,object,-28,005358d0,,,,
wiz8--gog-1261--wiz8new--57a3072c2f83,005f3b48,0,-1,object,-80,00438c50,,,,
wiz8--gog-1261--wiz8new--57a3072c2f83,005f3b48,1,0,object,-96,00438c50,,,,
wiz8--gog-1261--wiz8new--57a3072c2f83,005f3b78,0,-1,object,-28,00438c50,,,,
wiz8--gog-1261--wiz8new--57a3072c2f83,005f3ba0,0,-1,object,-28,00438c50,,,,
wiz8--gog-1261--wiz8new--57a3072c2f83,005f3bc8,0,-1,object,-80,00438c50,,,,
wiz8--gog-1261--wiz8new--57a3072c2f83,005f3bf0,0,-1,object,-128,00438c50,,,,
wiz8--gog-1261--wiz8new--57a3072c2f83,005f3bf0,1,0,object,-112,00438c50,,,,
wiz8--gog-1261--wiz8new--57a3072c2f83,005f3c20,0,-1,object,-112,00438c50,,,,
wiz8--gog-1261--wiz8new--57a3072c2f83,005f3c48,0,-1,object,-300,004a5db0,,,,
wiz8--gog-1261--wiz8new--57a3072c2f83,005f3c70,0,-1,object,-248,004a5db0,,,,
wiz8--gog-1261--wiz8new--57a3072c2f83,005f3c98,0,-1,object,-176,004a5db0,,,,
wiz8--gog-1261--wiz8new--57a3072c2f83,005f3cc0,0,-1,object,-320,00546da0,,,,
wiz8--gog-1261--wiz8new--57a3072c2f83,005f3cc0,1,0,object,-304,00546da0,,,,
wiz8--gog-1261--wiz8new--57a3072c2f83,005f3cf0,0,-1,pointer,-16,005e1c10,,,,
wiz8--gog-1261--wiz8new--57a3072c2f83,005f3cf0,1,-1,pointer,-16,005e1c10,,,,
wiz8--gog-1261--wiz8new--57a3072c2f83,005f3d20,0,-1,object,-144,0055bde0,,,,
wiz8--gog-1261--wiz8new--57a3072c2f83,005f3d48,0,-1,object,-144,0055bde0,,,,
wiz8--gog-1261--wiz8new--57a3072c2f83,005f3d70,0,-1,object,-308,00438c50,,,,
wiz8--gog-1261--wiz8new--57a3072c2f83,005f3d70,1,0,object,-240,004a5db0,,,,
wiz8--gog-1261--wiz8new--57a3072c2f83,005f3da0,0,-1,object,-176,004a5db0,,,,
wiz8--gog-1261--wiz8new--57a3072c2f83,005f3dc8,0,-1,object,-176,004a5db0,,,,
wiz8--gog-1261--wiz8new--57a3072c2f83,005f3df0,0,-1,object,-176,004a5db0,,,,
wiz8--gog-1261--wiz8new--57a3072c2f83,005f3e18,0,-1,object,32,00438c50,,,,
wiz8--gog-1261--wiz8new--57a3072c2f83,005f3e18,1,0,object,16,00438c50,,,,
wiz8--gog-1261--wiz8new--57a3072c2f83,005f3e48,0,-1,pointer,-16,005e1c10,,,,
wiz8--gog-1261--wiz8new--57a3072c2f83,005f3e70,0,-1,pointer,-16,0055cb90,,,,
wiz8--gog-1261--wiz8new--57a3072c2f83,005f3e70,1,0,pointer,-16,00474b80,,,,
wiz8--gog-1261--wiz8new--57a3072c2f83,005f3e70,2,1,pointer,-16,00474b80,,,,
wiz8--gog-1261--wiz8new--57a3072c2f83,005f3ea8,0,-1,pointer,4,005e1c10,,,,
wiz8--gog-1261--wiz8new--57a3072c2f83,005f3ed0,0,-1,pointer,-20,0055db60,,,,
wiz8--gog-1261--wiz8new--57a3072c2f83,005f3ef8,0,-1,pointer,-16,0055db60,,,,
wiz8--gog-1261--wiz8new--57a3072c2f83,005f3ef8,1,0,pointer,-16,0055db80,,,,
wiz8--gog-1261--wiz8new--57a3072c2f83,005f3f28,0,-1,pointer,-32,004f2d30,,,,
wiz8--gog-1261--wiz8new--57a3072c2f83,005f3f28,1,0,pointer,-32,005d1590,,,,
wiz8--gog-1261--wiz8new--57a3072c2f83,005f3f58,0,-1,pointer,4,005e1c10,,,,
wiz8--gog-1261--wiz8new--57a3072c2f83,005f3f80,0,-1,pointer,8,005e1c10,,,,
wiz8--gog-1261--wiz8new--57a3072c2f83,005f3f80,1,-1,pointer,8,005e1c10,,,,
wiz8--gog-1261--wiz8new--57a3072c2f83,005f3fb0,0,-1,pointer,-16,00577a80,,,,
wiz8--gog-1261--wiz8new--57a3072c2f83,005f3fd8,0,-1,pointer,-4020,005e1c10,,,,
wiz8--gog-1261--wiz8new--57a3072c2f83,005f4000,0,-1,pointer,-16,005e1c10,,,,
wiz8--gog-1261--wiz8new--57a3072c2f83,005f4000,1,-1,pointer,-16,005e1c10,,,,
wiz8--gog-1261--wiz8new--57a3072c2f83,005f4030,0,-1,pointer,-16,005e1c10,,,,
wiz8--gog-1261--wiz8new--57a3072c2f83,005f4030,1,-1,pointer,-16,005e1c10,,,,
wiz8--gog-1261--wiz8new--57a3072c2f83,005f4030,2,-1,pointer,-16,005e1c10,,,,
wiz8--gog-1261--wiz8new--57a3072c2f83,005f4030,3,-1,pointer,-16,005e1c10,,,,
wiz8--gog-1261--wiz8new--57a3072c2f83,005f4030,4,-1,pointer,-16,005e1c10,,,,
wiz8--gog-1261--wiz8new--57a3072c2f83,005f4030,5,-1,pointer,-16,005e1c10,,,,
wiz8--gog-1261--wiz8new--57a3072c2f83,005f4030,6,-1,pointer,-16,005e1c10,,,,
wiz8--gog-1261--wiz8new--57a3072c2f83,005f4030,7,-1,pointer,-16,005e1c10,,,,
wiz8--gog-1261--wiz8new--57a3072c2f83,005f4030,8,-1,pointer,-16,005e1c10,,,,
wiz8--gog-1261--wiz8new--57a3072c2f83,005f4030,9,-1,pointer,-16,005e1c10,,,,
wiz8--gog-1261--wiz8new--57a3072c2f83,005f4030,10,-1,pointer,-16,005e1c10,,,,
wiz8--gog-1261--wiz8new--57a3072c2f83,005f4030,11,-1,pointer,-16,005e1c10,,,,
wiz8--gog-1261--wiz8new--57a3072c2f83,005f4030,12,-1,pointer,-16,005e1c10,,,,
wiz8--gog-1261--wiz8new--57a3072c2f83,005f4030,13,-1,pointer,-16,005e1c10,,,,
wiz8--gog-1261--wiz8new--57a3072c2f83,005f4030,14,-1,pointer,-16,005e1c10,,,,
wiz8--gog-1261--wiz8new--57a3072c2f83,005f4030,15,-1,pointer,-16,005e1c10,,,,
wiz8--gog-1261--wiz8new--57a3072c2f83,005f4030,16,-1,pointer,-16,005e1c10,,,,
wiz8--gog-1261--wiz8new--57a3072c2f83,005f4030,17,-1,pointer,-16,005e1c10,,,,
wiz8--gog-1261--wiz8new--57a3072c2f83,005f4030,18,-1,pointer,-16,005e1c10,,,,
wiz8--gog-1261--wiz8new--57a3072c2f83,005f4030,19,-1,pointer,-16,005e1c10,,,,
wiz8--gog-1261--wiz8new--57a3072c2f83,005f4030,20,-1,pointer,-16,005e1c10,,,,
wiz8--gog-1261--wiz8new--57a3072c2f83,005f4030,21,-1,pointer,-16,005e1c10,,,,
wiz8--gog-1261--wiz8new--57a3072c2f83,005f4030,22,-1,pointer,-16,005e1c10,,,,
wiz8--gog-1261--wiz8new--57a3072c2f83,005f4030,23,-1,pointer,-16,005e1c10,,,,
wiz8--gog-1261--wiz8new--57a3072c2f83,005f4030,24,-1,pointer,-16,005e1c10,,,,
wiz8--gog-1261--wiz8new--57a3072c2f83,005f4030,25,-1,pointer,-16,005e1c10,,,,
wiz8--gog-1261--wiz8new--57a3072c2f83,005f4030,26,-1,pointer,-16,005e1c10,,,,
wiz8--gog-1261--wiz8new--57a3072c2f83,005f4030,27,-1,pointer,-16,005e1c10,,,,
wiz8--gog-1261--wiz8new--57a3072c2f83,005f4030,28,-1,pointer,-16,005e1c10,,,,
wiz8--gog-1261--wiz8new--57a3072c2f83,005f4030,29,-1,pointer,-16,005e1c10,,,,
wiz8--gog-1261--wiz8new--57a3072c2f83,005f4030,30,-1,pointer,-16,005e1c10,,,,
wiz8--gog-1261--wiz8new--57a3072c2f83,005f4030,31,-1,pointer,-16,005e1c10,,,,
wiz8--gog-1261--wiz8new--57a3072c2f83,005f4030,32,-1,pointer,-16,005e1c10,,,,
wiz8--gog-1261--wiz8new--57a3072c2f83,005f4030,33,-1,pointer,-16,005e1c10,,,,
wiz8--gog-1261--wiz8new--57a3072c2f83,005f4030,34,-1,pointer,-16,005e1c10,,,,
wiz8--gog-1261--wiz8new--57a3072c2f83,005f4030,35,-1,pointer,-16,005e1c10,,,,
wiz8--gog-1261--wiz8new--57a3072c2f83,005f4030,36,-1,pointer,-16,005e1c10,,,,
wiz8--gog-1261--wiz8new--57a3072c2f83,005f4030,37,-1,pointer,-16,005e1c10,,,,
wiz8--gog-1261--wiz8new--57a3072c2f83,005f4030,38,-1,pointer,-16,005e1c10,,,,
wiz8--gog-1261--wiz8new--57a3072c2f83,005f4030,39,-1,pointer,-16,005e1c10,,,,
wiz8--gog-1261--wiz8new--57a3072c2f83,005f4030,40,-1,pointer,-16,005e1c10,,,,
wiz8--gog-1261--wiz8new--57a3072c2f83,005f4030,41,-1,pointer,-16,005e1c10,,,,
wiz8--gog-1261--wiz8new--57a3072c2f83,005f4030,42,-1,pointer,-16,005e1c10,,,,
wiz8--gog-1261--wiz8new--57a3072c2f83,005f41a8,0,-1,pointer,-216,005e1c10,,,,
wiz8--gog-1261--wiz8new--57a3072c2f83,005f41d0,0,-1,pointer,-16,005e1c10,,,,
wiz8--gog-1261--wiz8new--57a3072c2f83,005f41f8,0,-1,pointer,-16,005e1c10,,,,
wiz8--gog-1261--wiz8new--57a3072c2f83,005f4220,0,-1,pointer,-16,005e1c10,,,,
wiz8--gog-1261--wiz8new--57a3072c2f83,005f4248,0,-1,pointer,4,005e1c10,,,,
wiz8--gog-1261--wiz8new--57a3072c2f83,005f4270,0,-1,pointer,-16,005e1c10,,,,
wiz8--gog-1261--wiz8new--57a3072c2f83,005f4298,0,-1,object,-68,004cf260,,,,
wiz8--gog-1261--wiz8new--57a3072c2f83,005f4298,1,0,pointer,-144,0046f3f0,,,,
wiz8--gog-1261--wiz8new--57a3072c2f83,005f4298,2,0,object,-160,00446050,,,,
wiz8--gog-1261--wiz8new--57a3072c2f83,005f4298,3,2,pointer,-72,0046f3f0,,,,
wiz8--gog-1261--wiz8new--57a3072c2f83,005f42d8,0,-1,object,-28,00438c70,,,,
wiz8--gog-1261--wiz8new--57a3072c2f83,005f4300,0,-1,object,-80,00438c70,,,,
wiz8--gog-1261--wiz8new--57a3072c2f83,005f4300,1,0,object,-144,004701b0,,,,
wiz8--gog-1261--wiz8new--57a3072c2f83,005f4300,2,1,object,-136,004701d0,,,,
wiz8--gog-1261--wiz8new--57a3072c2f83,005f4300,3,2,pointer,-148,0046f3f0,,,,
wiz8--gog-1261--wiz8new--57a3072c2f83,005f4340,0,-1,pointer,-48,0046f3f0,,,,
wiz8--gog-1261--wiz8new--57a3072c2f83,005f4368,0,-1,pointer,-16,0046f3f0,,,,
wiz8--gog-1261--wiz8new--57a3072c2f83,005f4390,0,-1,pointer,-48,005e1c10,,,,
wiz8--gog-1261--wiz8new--57a3072c2f83,005f4390,1,-1,pointer,-48,0046f3f0,,,,
wiz8--gog-1261--wiz8new--57a3072c2f83,005f4390,2,-1,pointer,-48,0046f3f0,,,,
wiz8--gog-1261--wiz8new--57a3072c2f83,005f4390,3,-1,pointer,-48,0046f3f0,,,,
wiz8--gog-1261--wiz8new--57a3072c2f83,005f4390,4,-1,pointer,-48,0046f3f0,,,,
wiz8--gog-1261--wiz8new--57a3072c2f83,005f4390,5,-1,pointer,-48,0046f3f0,,,,
wiz8--gog-1261--wiz8new--57a3072c2f83,005f43e0,0,-1,pointer,-100,0046f3f0,,,,
wiz8--gog-1261--wiz8new--57a3072c2f83,005f4408,0,-1,pointer,-148,0046f3f0,,,,
wiz8--gog-1261--wiz8new--57a3072c2f83,005f4430,0,-1,pointer,-72,0046f3f0,,,,
wiz8--gog-1261--wiz8new--57a3072c2f83,005f4458,0,-1,pointer,-16,005e1c10,,,,
wiz8--gog-1261--wiz8new--57a3072c2f83,005f4480,0,-1,pointer,-16,005e1c10,,,,
wiz8--gog-1261--wiz8new--57a3072c2f83,005f4480,1,-1,pointer,-16,005e1c10,,,,
wiz8--gog-1261--wiz8new--57a3072c2f83,005f4480,2,-1,pointer,-16,005e1c10,,,,
wiz8--gog-1261--wiz8new--57a3072c2f83,005f4480,3,-1,pointer,-16,005e1c10,,,,
wiz8--gog-1261--wiz8new--57a3072c2f83,005f4480,4,-1,pointer,-16,005e1c10,,,,
wiz8--gog-1261--wiz8new--57a3072c2f83,005f4480,5,-1,pointer,-20,005e1c10,,,,
wiz8--gog-1261--wiz8new--57a3072c2f83,005f44d0,0,-1,pointer,-20,004f2d30,,,,
wiz8--gog-1261--wiz8new--57a3072c2f83,005f44d0,1,0,pointer,-20,00439a00,,,,
wiz8--gog-1261--wiz8new--57a3072c2f83,005f44d0,2,1,pointer,-20,00439a00,,,,
wiz8--gog-1261--wiz8new--57a3072c2f83,005f44d0,3,2,pointer,-20,00439a00,,,,
wiz8--gog-1261--wiz8new--57a3072c2f83,005f44d0,4,3,pointer,-16,005e1c10,,,,
wiz8--gog-1261--wiz8new--57a3072c2f83,005f4518,0,-1,pointer,-16,004f2d30,,,,
wiz8--gog-1261--wiz8new--57a3072c2f83,005f4518,1,0,pointer,-16,00439a00,,,,
wiz8--gog-1261--wiz8new--57a3072c2f83,005f4518,2,1,pointer,-16,00439a00,,,,
wiz8--gog-1261--wiz8new--57a3072c2f83,005f4518,3,2,pointer,-16,00439a00,,,,
wiz8--gog-1261--wiz8new--57a3072c2f83,005f4558,0,-1,pointer,-32,004f2d30,,,,
wiz8--gog-1261--wiz8new--57a3072c2f83,005f4558,1,0,pointer,4,005e1c10,,,,
wiz8--gog-1261--wiz8new--57a3072c2f83,005f4558,2,0,pointer,4,005e1c10,,,,
wiz8--gog-1261--wiz8new--57a3072c2f83,005f4558,3,0,pointer,4,005e1c10,,,,
wiz8--gog-1261--wiz8new--57a3072c2f83,005f4558,4,0,pointer,4,005e1c10,,,,
wiz8--gog-1261--wiz8new--57a3072c2f83,005f4558,5,0,pointer,4,005e1c10,,,,
wiz8--gog-1261--wiz8new--57a3072c2f83,005f4558,6,0,pointer,4,005e1c10,,,,
wiz8--gog-1261--wiz8new--57a3072c2f83,005f4558,7,0,pointer,4,005e1c10,,,,
wiz8--gog-1261--wiz8new--57a3072c2f83,005f45b8,0,-1,pointer,-16,004f2d30,,,,
wiz8--gog-1261--wiz8new--57a3072c2f83,005f45e0,0,-1,pointer,-20,00439a00,,,,
wiz8--gog-1261--wiz8new--57a3072c2f83,005f45e0,1,0,pointer,4,005e1c10,,,,
wiz8--gog-1261--wiz8new--57a3072c2f83,005f45e0,2,0,pointer,4,005e1c10,,,,
wiz8--gog-1261--wiz8new--57a3072c2f83,005f45e0,3,0,pointer,4,005e1c10,,,,
wiz8--gog-1261--wiz8new--57a3072c2f83,005f45e0,4,0,pointer,4,005e1c10,,,,
wiz8--gog-1261--wiz8new--57a3072c2f83,005f45e0,5,0,pointer,4,005e1c10,,,,
wiz8--gog-1261--wiz8new--57a3072c2f83,005f45e0,6,0,pointer,4,005e1c10,,,,
wiz8--gog-1261--wiz8new--57a3072c2f83,005f45e0,7,0,pointer,4,005e1c10,,,,
wiz8--gog-1261--wiz8new--57a3072c2f83,005f4640,0,-1,pointer,-16,00439a00,,,,
wiz8--gog-1261--wiz8new--57a3072c2f83,005f4668,0,-1,pointer,4,005e1c10,,,,
wiz8--gog-1261--wiz8new--57a3072c2f83,005f4690,0,-1,pointer,-16,004f3f10,,,,
wiz8--gog-1261--wiz8new--57a3072c2f83,005f4690,1,0,pointer,-16,004f63c0,,,,
wiz8--gog-1261--wiz8new--57a3072c2f83,005f46c0,0,-1,pointer,-16,004f3f10,,,,
wiz8--gog-1261--wiz8new--57a3072c2f83,005f46e8,0,-1,pointer,-16,004f6640,,,,
wiz8--gog-1261--wiz8new--57a3072c2f83,005f4710,0,-1,pointer,-16,004f3f10,,,,
wiz8--gog-1261--wiz8new--57a3072c2f83,005f4738,0,-1,pointer,-16,004f2d30,,,,
wiz8--gog-1261--wiz8new--57a3072c2f83,005f4738,1,0,pointer,-16,00439a00,,,,
wiz8--gog-1261--wiz8new--57a3072c2f83,005f4738,2,1,pointer,-16,004f3480,,,,
wiz8--gog-1261--wiz8new--57a3072c2f83,005f4738,3,2,pointer,-16,00439a00,,,,
wiz8--gog-1261--wiz8new--57a3072c2f83,005f4738,4,3,pointer,-20,005e1c10,,,,
wiz8--gog-1261--wiz8new--57a3072c2f83,005f4738,5,3,pointer,-20,005e1c10,,,,
wiz8--gog-1261--wiz8new--57a3072c2f83,005f4788,0,-1,pointer,-16,004f2d30,,,,
wiz8--gog-1261--wiz8new--57a3072c2f83,005f4788,1,0,pointer,-16,00439a00,,,,
wiz8--gog-1261--wiz8new--57a3072c2f83,005f4788,2,1,pointer,-16,004f3480,,,,
wiz8--gog-1261--wiz8new--57a3072c2f83,005f4788,3,2,pointer,-16,00439a00,,,,
wiz8--gog-1261--wiz8new--57a3072c2f83,005f47c8,0,-1,pointer,-36,004f2d30,,,,
wiz8--gog-1261--wiz8new--57a3072c2f83,005f47c8,1,0,pointer,-32,005e1c10,,,,
wiz8--gog-1261--wiz8new--57a3072c2f83,005f47c8,2,0,pointer,-32,005e1c10,,,,
wiz8--gog-1261--wiz8new--57a3072c2f83,005f47c8,3,0,pointer,-32,005e1c10,,,,
wiz8--gog-1261--wiz8new--57a3072c2f83,005f47c8,4,0,pointer,-32,005e1c10,,,,
wiz8--gog-1261--wiz8new--57a3072c2f83,005f47c8,5,0,pointer,-32,005e1c10,,,,
wiz8--gog-1261--wiz8new--57a3072c2f83,005f47c8,6,0,pointer,-32,005e1c10,,,,
wiz8--gog-1261--wiz8new--57a3072c2f83,005f47c8,7,0,pointer,-32,005e1c10,,,,
wiz8--gog-1261--wiz8new--57a3072c2f83,005f4828,0,-1,pointer,-16,004f2d30,,,,
wiz8--gog-1261--wiz8new--57a3072c2f83,005f4850,0,-1,pointer,-16,00439a00,,,,
wiz8--gog-1261--wiz8new--57a3072c2f83,005f4850,1,0,pointer,4,005e1c10,,,,
wiz8--gog-1261--wiz8new--57a3072c2f83,005f4850,2,0,pointer,4,005e1c10,,,,
wiz8--gog-1261--wiz8new--57a3072c2f83,005f4850,3,0,pointer,4,005e1c10,,,,
wiz8--gog-1261--wiz8new--57a3072c2f83,005f4850,4,0,pointer,4,005e1c10,,,,
wiz8--gog-1261--wiz8new--57a3072c2f83,005f4850,5,0,pointer,4,005e1c10,,,,
wiz8--gog-1261--wiz8new--57a3072c2f83,005f4850,6,0,pointer,4,005e1c10,,,,
wiz8--gog-1261--wiz8new--57a3072c2f83,005f4850,7,0,pointer,4,005e1c10,,,,
wiz8--gog-1261--wiz8new--57a3072c2f83,005f4850,8,0,pointer,4,005e1c10,,,,
wiz8--gog-1261--wiz8new--57a3072c2f83,005f48b8,0,-1,pointer,-16,00439a00,,,,
wiz8--gog-1261--wiz8new--57a3072c2f83,005f48e0,0,-1,pointer,4,005e1c10,,,,
wiz8--gog-1261--wiz8new--57a3072c2f83,005f4908,0,-1,pointer,4,005e1c10,,,,
wiz8--gog-1261--wiz8new--57a3072c2f83,005f4930,0,-1,pointer,-16,005e1c10,,,,
wiz8--gog-1261--wiz8new--57a3072c2f83,005f4958,0,-1,pointer,-36,005e1c10,,,,
wiz8--gog-1261--wiz8new--57a3072c2f83,005f4958,1,-1,pointer,-16,005e1c10,,,,
wiz8--gog-1261--wiz8new--57a3072c2f83,005f4958,2,-1,pointer,-16,005e1c10,,,,
wiz8--gog-1261--wiz8new--57a3072c2f83,005f4990,0,-1,pointer,-16,005e1c10,,,,
wiz8--gog-1261--wiz8new--57a3072c2f83,005f49b8,0,-1,pointer,-20,005e1c10,,,,
wiz8--gog-1261--wiz8new--57a3072c2f83,005f49b8,1,-1,pointer,-16,005e1c10,,,,
wiz8--gog-1261--wiz8new--57a3072c2f83,005f49b8,2,-1,pointer,-16,005e1c10,,,,
wiz8--gog-1261--wiz8new--57a3072c2f83,005f49f0,0,-1,pointer,-16,005e1c10,,,,
wiz8--gog-1261--wiz8new--57a3072c2f83,005f4a18,0,-1,pointer,-16,005e1c10,,,,
wiz8--gog-1261--wiz8new--57a3072c2f83,005f4a40,0,-1,pointer,-16,005e1c10,,,,
wiz8--gog-1261--wiz8new--57a3072c2f83,005f4a68,0,-1,pointer,-16,005e1c10,,,,
wiz8--gog-1261--wiz8new--57a3072c2f83,005f4a90,0,-1,pointer,-16,005e1c10,,,,
wiz8--gog-1261--wiz8new--57a3072c2f83,005f4ab8,0,-1,pointer,-16,005e1c10,,,,
wiz8--gog-1261--wiz8new--57a3072c2f83,005f4ae0,0,-1,pointer,-16,004f3f10,,,,
wiz8--gog-1261--wiz8new--57a3072c2f83,005f4b08,0,-1,object,-92,004f3480,,,,
wiz8--gog-1261--wiz8new--57a3072c2f83,005f4b30,0,-1,object,-92,004f3480,,,,
wiz8--gog-1261--wiz8new--57a3072c2f83,005f4b58,0,-1,pointer,-20,005e1c10,,,,
wiz8--gog-1261--wiz8new--57a3072c2f83,005f4b58,1,-1,pointer,-16,005e1c10,,,,
wiz8--gog-1261--wiz8new--57a3072c2f83,005f4b88,0,-1,pointer,-20,005e1c10,,,,
wiz8--gog-1261--wiz8new--57a3072c2f83,005f4b88,1,-1,pointer,-16,005e1c10,,,,
wiz8--gog-1261--wiz8new--57a3072c2f83,005f4bb8,0,-1,pointer,-16,005e1c10,,,,
wiz8--gog-1261--wiz8new--57a3072c2f83,005f4bb8,1,-1,pointer,-16,005e1c10,,,,
wiz8--gog-1261--wiz8new--57a3072c2f83,005f4bb8,2,-1,pointer,-16,005e1c10,,,,
wiz8--gog-1261--wiz8new--57a3072c2f83,005f4bb8,3,-1,pointer,-16,005e1c10,,,,
wiz8--gog-1261--wiz8new--57a3072c2f83,005f4bb8,4,-1,pointer,-16,005e1c10,,,,
wiz8--gog-1261--wiz8new--57a3072c2f83,005f4bb8,5,-1,pointer,-16,005e1c10,,,,
wiz8--gog-1261--wiz8new--57a3072c2f83,005f4bb8,6,-1,pointer,-16,005e1c10,,,,
wiz8--gog-1261--wiz8new--57a3072c2f83,005f4bb8,7,-1,pointer,-16,005e1c10,,,,
wiz8--gog-1261--wiz8new--57a3072c2f83,005f4bb8,8,-1,pointer,-16,005e1c10,,,,
wiz8--gog-1261--wiz8new--57a3072c2f83,005f4bb8,9,-1,pointer,-16,005e1c10,,,,
wiz8--gog-1261--wiz8new--57a3072c2f83,005f4bb8,10,-1,pointer,-16,005e1c10,,,,
wiz8--gog-1261--wiz8new--57a3072c2f83,005f4bb8,11,-1,pointer,-16,005e1c10,,,,
wiz8--gog-1261--wiz8new--57a3072c2f83,005f4bb8,12,-1,pointer,-16,005e1c10,,,,
wiz8--gog-1261--wiz8new--57a3072c2f83,005f4bb8,13,-1,pointer,-16,005e1c10,,,,
wiz8--gog-1261--wiz8new--57a3072c2f83,005f4bb8,14,-1,pointer,-16,005e1c10,,,,
wiz8--gog-1261--wiz8new--57a3072c2f83,005f4c50,0,-1,pointer,-16,005e1c10,,,,
wiz8--gog-1261--wiz8new--57a3072c2f83,005f4c78,0,-1,pointer,-16,005e1c10,,,,
wiz8--gog-1261--wiz8new--57a3072c2f83,005f4c78,1,-1,pointer,-16,005e1c10,,,,
wiz8--gog-1261--wiz8new--57a3072c2f83,005f4c78,2,-1,pointer,-16,005e1c10,,,,
wiz8--gog-1261--wiz8new--57a3072c2f83,005f4c78,3,-1,pointer,-16,005e1c10,,,,
wiz8--gog-1261--wiz8new--57a3072c2f83,005f4c78,4,-1,pointer,-16,005e1c10,,,,
wiz8--gog-1261--wiz8new--57a3072c2f83,005f4c78,5,-1,pointer,-16,005e1c10,,,,
wiz8--gog-1261--wiz8new--57a3072c2f83,005f4c78,6,-1,pointer,-16,005e1c10,,,,
wiz8--gog-1261--wiz8new--57a3072c2f83,005f4c78,7,-1,pointer,-16,005e1c10,,,,
wiz8--gog-1261--wiz8new--57a3072c2f83,005f4c78,8,-1,pointer,-16,005e1c10,,,,
wiz8--gog-1261--wiz8new--57a3072c2f83,005f4c78,9,-1,pointer,-16,005e1c10,,,,
wiz8--gog-1261--wiz8new--57a3072c2f83,005f4c78,10,-1,pointer,-16,005e1c10,,,,
wiz8--gog-1261--wiz8new--57a3072c2f83,005f4c78,11,-1,pointer,-16,005e1c10,,,,
wiz8--gog-1261--wiz8new--57a3072c2f83,005f4c78,12,-1,pointer,-16,005e1c10,,,,
wiz8--gog-1261--wiz8new--57a3072c2f83,005f4c78,13,-1,pointer,-16,005e1c10,,,,
wiz8--gog-1261--wiz8new--57a3072c2f83,005f4c78,14,-1,pointer,-16,005e1c10,,,,
wiz8--gog-1261--wiz8new--57a3072c2f83,005f4c78,15,-1,pointer,-16,005e1c10,,,,
wiz8--gog-1261--wiz8new--57a3072c2f83,005f4c78,16,-1,pointer,-16,005e1c10,,,,
wiz8--gog-1261--wiz8new--57a3072c2f83,005f4c78,17,-1,pointer,-16,005e1c10,,,,
wiz8--gog-1261--wiz8new--57a3072c2f83,005f4c78,18,-1,pointer,-16,005e1c10,,,,
wiz8--gog-1261--wiz8new--57a3072c2f83,005f4c78,19,-1,pointer,-16,005e1c10,,,,
wiz8--gog-1261--wiz8new--57a3072c2f83,005f4c78,20,-1,pointer,-16,005e1c10,,,,
wiz8--gog-1261--wiz8new--57a3072c2f83,005f4c78,21,-1,pointer,-16,005e1c10,,,,
wiz8--gog-1261--wiz8new--57a3072c2f83,005f4c78,22,-1,pointer,-16,005e1c10,,,,
wiz8--gog-1261--wiz8new--57a3072c2f83,005f4c78,23,-1,pointer,-16,005e1c10,,,,
wiz8--gog-1261--wiz8new--57a3072c2f83,005f4c78,24,-1,pointer,-16,005e1c10,,,,
wiz8--gog-1261--wiz8new--57a3072c2f83,005f4c78,25,-1,pointer,-16,005e1c10,,,,
wiz8--gog-1261--wiz8new--57a3072c2f83,005f4d68,0,-1,pointer,4,005e1c10,,,,
wiz8--gog-1261--wiz8new--57a3072c2f83,005f4d90,0,-1,pointer,-32,005e1c10,,,,
wiz8--gog-1261--wiz8new--57a3072c2f83,005f4d90,1,-1,pointer,-32,005e1c10,,,,
wiz8--gog-1261--wiz8new--57a3072c2f83,005f4d90,2,-1,pointer,-32,005e1c10,,,,
wiz8--gog-1261--wiz8new--57a3072c2f83,005f4d90,3,-1,pointer,-32,005e1c10,,,,
wiz8--gog-1261--wiz8new--57a3072c2f83,005f4dd0,0,-1,pointer,-48,0046f3f0,,,,
wiz8--gog-1261--wiz8new--57a3072c2f83,005f4df8,0,-1,pointer,-20,005e1c10,,,,
wiz8--gog-1261--wiz8new--57a3072c2f83,005f4df8,1,0,pointer,-16,005e1c10,,,,
wiz8--gog-1261--wiz8new--57a3072c2f83,005f4df8,2,-1,pointer,-16,005e1c10,,,,
wiz8--gog-1261--wiz8new--57a3072c2f83,005f4df8,3,-1,pointer,-16,005e1c10,,,,
wiz8--gog-1261--wiz8new--57a3072c2f83,005f4df8,4,-1,pointer,-16,005e1c10,,,,
wiz8--gog-1261--wiz8new--57a3072c2f83,005f4df8,5,-1,pointer,-16,005e1c10,,,,
wiz8--gog-1261--wiz8new--57a3072c2f83,005f4e48,0,-1,object,-1116,004f3480,,,,
wiz8--gog-1261--wiz8new--57a3072c2f83,005f4e70,0,-1,pointer,-16,004f6640,,,,
wiz8--gog-1261--wiz8new--57a3072c2f83,005f4e70,1,0,pointer,8,005e1c10,,,,
wiz8--gog-1261--wiz8new--57a3072c2f83,005f4e70,2,0,pointer,8,005e1c10,,,,
wiz8--gog-1261--wiz8new--57a3072c2f83,005f4ea8,0,-1,pointer,-16,004f3f10,,,,
wiz8--gog-1261--wiz8new--57a3072c2f83,005f4ed0,0,-1,pointer,-16,004f3f10,,,,
wiz8--gog-1261--wiz8new--57a3072c2f83,005f4ef8,0,-1,pointer,-16,004f3f10,,,,
wiz8--gog-1261--wiz8new--57a3072c2f83,005f4f20,0,-1,pointer,-16,004f3f10,,,,
wiz8--gog-1261--wiz8new--57a3072c2f83,005f4f48,0,-1,pointer,4,0046f3f0,,,,
wiz8--gog-1261--wiz8new--57a3072c2f83,005f4f70,0,-1,pointer,-16,004f3f10,,,,
wiz8--gog-1261--wiz8new--57a3072c2f83,005f4f98,0,-1,pointer,-16,004f3f10,,,,
wiz8--gog-1261--wiz8new--57a3072c2f83,005f4fc0,0,-1,pointer,-16,005d2610,,,,
wiz8--gog-1261--wiz8new--57a3072c2f83,005f4fe8,0,-1,pointer,-16,004f2d30,,,,
wiz8--gog-1261--wiz8new--57a3072c2f83,005f4fe8,1,0,pointer,-16,005acf40,,,,
wiz8--gog-1261--wiz8new--57a3072c2f83,005f4fe8,2,1,pointer,-16,005acf60,,,,
wiz8--gog-1261--wiz8new--57a3072c2f83,005f5020,0,-1,pointer,-16,004f2d30,,,,
wiz8--gog-1261--wiz8new--57a3072c2f83,005f5020,1,0,pointer,-16,005acf40,,,,
wiz8--gog-1261--wiz8new--57a3072c2f83,005f5020,2,1,pointer,-16,005acf60,,,,
wiz8--gog-1261--wiz8new--57a3072c2f83,005f5058,0,-1,pointer,-32,005e1c10,,,,
wiz8--gog-1261--wiz8new--57a3072c2f83,005f5058,1,-1,pointer,4,005e1c10,,,,
wiz8--gog-1261--wiz8new--57a3072c2f83,005f5058,2,1,pointer,4,004f6640,,,,
wiz8--gog-1261--wiz8new--57a3072c2f83,005f5090,0,-1,pointer,-32,005e1c10,,,,
wiz8--gog-1261--wiz8new--57a3072c2f83,005f5090,1,-1,pointer,4,005e1c10,,,,
wiz8--gog-1261--wiz8new--57a3072c2f83,005f5090,2,1,pointer,4,004f6640,,,,
wiz8--gog-1261--wiz8new--57a3072c2f83,005f50c8,0,-1,pointer,-32,005e1c10,,,,
wiz8--gog-1261--wiz8new--57a3072c2f83,005f50c8,1,-1,pointer,4,005e1c10,,,,
wiz8--gog-1261--wiz8new--57a3072c2f83,005f50f8,0,-1,pointer,-32,005e1c10,,,,
wiz8--gog-1261--wiz8new--57a3072c2f83,005f50f8,1,-1,pointer,4,005e1c10,,,,
wiz8--gog-1261--wiz8new--57a3072c2f83,005f5128,0,-1,pointer,-16,004f2d30,,,,
wiz8--gog-1261--wiz8new--57a3072c2f83,005f5128,1,0,pointer,4,005e1c10,,,,
wiz8--gog-1261--wiz8new--57a3072c2f83,005f5128,2,0,pointer,4,005e1c10,,,,
wiz8--gog-1261--wiz8new--57a3072c2f83,005f5128,3,0,pointer,4,005e1c10,,,,
wiz8--gog-1261--wiz8new--57a3072c2f83,005f5168,0,-1,pointer,-16,004f2d30,,,,
wiz8--gog-1261--wiz8new--57a3072c2f83,005f5190,0,-1,pointer,-16,005acfa0,,,,
wiz8--gog-1261--wiz8new--57a3072c2f83,005f51b8,0,-1,pointer,-20,005acfa0,,,,
wiz8--gog-1261--wiz8new--57a3072c2f83,005f51b8,1,0,pointer,-16,005acf80,,,,
wiz8--gog-1261--wiz8new--57a3072c2f83,005f51e8,0,-1,pointer,4,005e1c10,,,,
wiz8--gog-1261--wiz8new--57a3072c2f83,005f5210,0,-1,pointer,-16,005e1c10,,,,
wiz8--gog-1261--wiz8new--57a3072c2f83,005f5238,0,-1,pointer,-16,005e1c10,,,,
wiz8--gog-1261--wiz8new--57a3072c2f83,005f5238,1,-1,pointer,-16,005e1c10,,,,
wiz8--gog-1261--wiz8new--57a3072c2f83,005f5238,2,-1,pointer,-16,005e1c10,,,,
wiz8--gog-1261--wiz8new--57a3072c2f83,005f5238,3,-1,pointer,-16,005e1c10,,,,
wiz8--gog-1261--wiz8new--57a3072c2f83,005f5278,0,-1,pointer,-16,005e1c10,,,,
wiz8--gog-1261--wiz8new--57a3072c2f83,005f52a0,0,-1,pointer,-32,005e1c10,,,,
wiz8--gog-1261--wiz8new--57a3072c2f83,005f52c8,0,-1,pointer,-16,005e1c10,,,,
wiz8--gog-1261--wiz8new--57a3072c2f83,005f52c8,1,0,pointer,-16,004f6640,,,,
wiz8--gog-1261--wiz8new--57a3072c2f83,005f52c8,2,-1,pointer,-16,005e1c10,,,,
wiz8--gog-1261--wiz8new--57a3072c2f83,005f52c8,3,-1,pointer,-16,005e1c10,,,,
wiz8--gog-1261--wiz8new--57a3072c2f83,005f5308,0,-1,pointer,-276,005e1c10,,,,
wiz8--gog-1261--wiz8new--57a3072c2f83,005f5308,1,-1,pointer,-276,005e1c10,,,,
wiz8--gog-1261--wiz8new--57a3072c2f83,005f5338,0,-1,pointer,-16,004f2d30,,,,
wiz8--gog-1261--wiz8new--57a3072c2f83,005f5338,1,0,pointer,-16,005acf40,,,,
wiz8--gog-1261--wiz8new--57a3072c2f83,005f5338,2,1,pointer,-16,005acf60,,,,
wiz8--gog-1261--wiz8new--57a3072c2f83,005f5370,0,-1,pointer,-52,005e1c10,,,,
wiz8--gog-1261--wiz8new--57a3072c2f83,005f5370,1,-1,pointer,-56,005e1c10,,,,
wiz8--gog-1261--wiz8new--57a3072c2f83,005f5370,2,-1,pointer,-48,005e1c10,,,,
wiz8--gog-1261--wiz8new--57a3072c2f83,005f5370,3,2,pointer,-48,004f6640,,,,
wiz8--gog-1261--wiz8new--57a3072c2f83,005f5370,4,2,pointer,-48,005a7c20,,,,
wiz8--gog-1261--wiz8new--57a3072c2f83,005f5370,5,-1,pointer,-48,005e1c10,,,,
wiz8--gog-1261--wiz8new--57a3072c2f83,005f5370,6,5,pointer,-48,004f6640,,,,
wiz8--gog-1261--wiz8new--57a3072c2f83,005f53c8,0,-1,pointer,12,005e1c10,,,,
wiz8--gog-1261--wiz8new--57a3072c2f83,005f53c8,1,-1,pointer,12,005e1c10,,,,
wiz8--gog-1261--wiz8new--57a3072c2f83,005f53c8,2,-1,pointer,12,005e1c10,,,,
wiz8--gog-1261--wiz8new--57a3072c2f83,005f53c8,3,-1,pointer,12,005e1c10,,,,
wiz8--gog-1261--wiz8new--57a3072c2f83,005f53c8,4,-1,pointer,12,005e1c10,,,,
wiz8--gog-1261--wiz8new--57a3072c2f83,005f53c8,5,-1,pointer,12,005e1c10,,,,
wiz8--gog-1261--wiz8new--57a3072c2f83,005f53c8,6,-1,pointer,12,005e1c10,,,,
wiz8--gog-1261--wiz8new--57a3072c2f83,005f53c8,7,6,pointer,12,005a8320,,,,
wiz8--gog-1261--wiz8new--57a3072c2f83,005f53c8,8,-1,pointer,12,005e1c10,,,,
wiz8--gog-1261--wiz8new--57a3072c2f83,005f53c8,9,-1,pointer,12,005e1c10,,,,
wiz8--gog-1261--wiz8new--57a3072c2f83,005f53c8,10,9,pointer,12,005a8320,,,,
wiz8--gog-1261--wiz8new--57a3072c2f83,005f53c8,11,10,pointer,12,005ad020,,,,
wiz8--gog-1261--wiz8new--57a3072c2f83,005f53c8,12,-1,pointer,12,005e1c10,,,,
wiz8--gog-1261--wiz8new--57a3072c2f83,005f53c8,13,-1,pointer,12,005e1c10,,,,
wiz8--gog-1261--wiz8new--57a3072c2f83,005f53c8,14,-1,pointer,12,005e1c10,,,,
wiz8--gog-1261--wiz8new--57a3072c2f83,005f53c8,15,14,pointer,12,005a8320,,,,
wiz8--gog-1261--wiz8new--57a3072c2f83,005f53c8,16,15,pointer,12,005ad020,,,,
wiz8--gog-1261--wiz8new--57a3072c2f83,005f5470,0,-1,pointer,-16,004f2d30,,,,
wiz8--gog-1261--wiz8new--57a3072c2f83,005f5470,1,0,pointer,-16,005acf40,,,,
wiz8--gog-1261--wiz8new--57a3072c2f83,005f5470,2,1,pointer,-16,005acf60,,,,
wiz8--gog-1261--wiz8new--57a3072c2f83,005f54a8,0,-1,pointer,-16,004f2d30,,,,
wiz8--gog-1261--wiz8new--57a3072c2f83,005f54a8,1,0,pointer,-16,005acf40,,,,
wiz8--gog-1261--wiz8new--57a3072c2f83,005f54a8,2,1,pointer,-16,005acf60,,,,
wiz8--gog-1261--wiz8new--57a3072c2f83,005f54e0,0,-1,pointer,-16,004f2d30,,,,
wiz8--gog-1261--wiz8new--57a3072c2f83,005f54e0,1,0,pointer,-16,005acf40,,,,
wiz8--gog-1261--wiz8new--57a3072c2f83,005f54e0,2,1,pointer,-16,005acf60,,,,
wiz8--gog-1261--wiz8new--57a3072c2f83,005f5518,0,-1,pointer,-16,004f2d30,,,,
wiz8--gog-1261--wiz8new--57a3072c2f83,005f5518,1,0,pointer,-16,005acf40,,,,
wiz8--gog-1261--wiz8new--57a3072c2f83,005f5518,2,1,pointer,-16,005acf60,,,,
wiz8--gog-1261--wiz8new--57a3072c2f83,005f5550,0,-1,pointer,-16,004f2d30,,,,
wiz8--gog-1261--wiz8new--57a3072c2f83,005f5550,1,0,pointer,-16,005acf40,,,,
wiz8--gog-1261--wiz8new--57a3072c2f83,005f5550,2,1,pointer,-16,005acf60,,,,
wiz8--gog-1261--wiz8new--57a3072c2f83,005f5588,0,-1,pointer,-16,004f2d30,,,,
wiz8--gog-1261--wiz8new--57a3072c2f83,005f5588,1,0,pointer,-16,005acf40,,,,
wiz8--gog-1261--wiz8new--57a3072c2f83,005f5588,2,1,pointer,-16,005acf60,,,,
wiz8--gog-1261--wiz8new--57a3072c2f83,005f55c0,0,-1,pointer,-16,004f2d30,,,,
wiz8--gog-1261--wiz8new--57a3072c2f83,005f55c0,1,0,pointer,-16,005acf40,,,,
wiz8--gog-1261--wiz8new--57a3072c2f83,005f55c0,2,1,pointer,-16,005acf60,,,,
wiz8--gog-1261--wiz8new--57a3072c2f83,005f55f8,0,-1,pointer,-16,004f2d30,,,,
wiz8--gog-1261--wiz8new--57a3072c2f83,005f55f8,1,0,pointer,-16,005acf40,,,,
wiz8--gog-1261--wiz8new--57a3072c2f83,005f55f8,2,1,pointer,-16,005acf60,,,,
wiz8--gog-1261--wiz8new--57a3072c2f83,005f5630,0,-1,pointer,-16,005e1c10,,,,
wiz8--gog-1261--wiz8new--57a3072c2f83,005f5630,1,-1,pointer,-16,005e1c10,,,,
wiz8--gog-1261--wiz8new--57a3072c2f83,005f5630,2,-1,pointer,-16,005e1c10,,,,
wiz8--gog-1261--wiz8new--57a3072c2f83,005f5668,0,-1,pointer,-516,005e1c10,,,,
wiz8--gog-1261--wiz8new--57a3072c2f83,005f5690,0,-1,pointer,-16,005e1c10,,,,
wiz8--gog-1261--wiz8new--57a3072c2f83,005f5690,1,-1,pointer,-16,005e1c10,,,,
wiz8--gog-1261--wiz8new--57a3072c2f83,005f5690,2,-1,pointer,-16,005e1c10,,,,
wiz8--gog-1261--wiz8new--57a3072c2f83,005f56c8,0,-1,pointer,-16,005e1c10,,,,
wiz8--gog-1261--wiz8new--57a3072c2f83,005f56f0,0,-1,pointer,-16,005e1c10,,,,
wiz8--gog-1261--wiz8new--57a3072c2f83,005f56f0,1,-1,pointer,-16,005e1c10,,,,
wiz8--gog-1261--wiz8new--57a3072c2f83,005f5720,0,-1,pointer,16,005e1c10,,,,
wiz8--gog-1261--wiz8new--57a3072c2f83,005f5720,1,-1,pointer,16,005e1c10,,,,
wiz8--gog-1261--wiz8new--57a3072c2f83,005f5720,2,-1,pointer,16,005e1c10,,,,
wiz8--gog-1261--wiz8new--57a3072c2f83,005f5720,3,-1,pointer,16,005e1c10,,,,
wiz8--gog-1261--wiz8new--57a3072c2f83,005f5720,4,-1,pointer,16,005e1c10,,,,
wiz8--gog-1261--wiz8new--57a3072c2f83,005f5720,5,-1,pointer,16,005e1c10,,,,
wiz8--gog-1261--wiz8new--57a3072c2f83,005f5770,0,-1,pointer,-16,004f2d30,,,,
wiz8--gog-1261--wiz8new--57a3072c2f83,005f5798,0,-1,pointer,-16,004f2d30,,,,
wiz8--gog-1261--wiz8new--57a3072c2f83,005f5798,1,0,pointer,-16,005b1b70,,,,
wiz8--gog-1261--wiz8new--57a3072c2f83,005f57c8,0,-1,pointer,-16,005e1c10,,,,
wiz8--gog-1261--wiz8new--57a3072c2f83,005f57c8,1,-1,pointer,-16,005e1c10,,,,
wiz8--gog-1261--wiz8new--57a3072c2f83,005f57c8,2,-1,pointer,-16,005e1c10,,,,
wiz8--gog-1261--wiz8new--57a3072c2f83,005f57c8,3,-1,pointer,-16,005e1c10,,,,
wiz8--gog-1261--wiz8new--57a3072c2f83,005f57c8,4,-1,pointer,-16,005e1c10,,,,
wiz8--gog-1261--wiz8new--57a3072c2f83,005f57c8,5,-1,pointer,-16,005e1c10,,,,
wiz8--gog-1261--wiz8new--57a3072c2f83,005f5818,0,-1,pointer,-16,005e1c10,,,,
wiz8--gog-1261--wiz8new--57a3072c2f83,005f5840,0,-1,pointer,-16,005e1c10,,,,
wiz8--gog-1261--wiz8new--57a3072c2f83,005f5868,0,-1,pointer,-16,005e1c10,,,,
wiz8--gog-1261--wiz8new--57a3072c2f83,005f5890,0,-1,pointer,-16,005e1c10,,,,
wiz8--gog-1261--wiz8new--57a3072c2f83,005f58b8,0,-1,pointer,-16,005e1c10,,,,
wiz8--gog-1261--wiz8new--57a3072c2f83,005f58e0,0,-1,pointer,4,005e1c10,,,,
wiz8--gog-1261--wiz8new--57a3072c2f83,005f58e0,1,-1,pointer,4,005e1c10,,,,
wiz8--gog-1261--wiz8new--57a3072c2f83,005f5910,0,-1,object,-92,004f3480,,,,
wiz8--gog-1261--wiz8new--57a3072c2f83,005f5938,0,-1,pointer,-16,005e1c10,,,,
wiz8--gog-1261--wiz8new--57a3072c2f83,005f5960,0,-1,pointer,-16,005e1c10,,,,
wiz8--gog-1261--wiz8new--57a3072c2f83,005f5988,0,-1,pointer,-16,005e1c10,,,,
wiz8--gog-1261--wiz8new--57a3072c2f83,005f5988,1,-1,pointer,-16,005e1c10,,,,
wiz8--gog-1261--wiz8new--57a3072c2f83,005f5988,2,-1,pointer,-16,005e1c10,,,,
wiz8--gog-1261--wiz8new--57a3072c2f83,005f5988,3,-1,pointer,-16,005e1c10,,,,
wiz8--gog-1261--wiz8new--57a3072c2f83,005f5988,4,-1,pointer,-16,005e1c10,,,,
wiz8--gog-1261--wiz8new--57a3072c2f83,005f5988,5,-1,pointer,-16,005e1c10,,,,
wiz8--gog-1261--wiz8new--57a3072c2f83,005f59d8,0,-1,pointer,-20,004f2d30,,,,
wiz8--gog-1261--wiz8new--57a3072c2f83,005f59d8,1,0,pointer,-16,005e1c10,,,,
wiz8--gog-1261--wiz8new--57a3072c2f83,005f59d8,2,0,pointer,-16,005e1c10,,,,
wiz8--gog-1261--wiz8new--57a3072c2f83,005f59d8,3,0,pointer,-16,005e1c10,,,,
wiz8--gog-1261--wiz8new--57a3072c2f83,005f59d8,4,0,pointer,-16,005e1c10,,,,
wiz8--gog-1261--wiz8new--57a3072c2f83,005f59d8,5,0,pointer,-16,005e1c10,,,,
wiz8--gog-1261--wiz8new--57a3072c2f83,005f59d8,6,0,pointer,-16,005e1c10,,,,
wiz8--gog-1261--wiz8new--57a3072c2f83,005f5a30,0,-1,pointer,-32,005e1c10,,,,
wiz8--gog-1261--wiz8new--57a3072c2f83,005f5a58,0,-1,pointer,-16,005e1c10,,,,
wiz8--gog-1261--wiz8new--57a3072c2f83,005f5a58,1,-1,pointer,-16,005e1c10,,,,
wiz8--gog-1261--wiz8new--57a3072c2f83,005f5a58,2,-1,pointer,-16,005e1c10,,,,
wiz8--gog-1261--wiz8new--57a3072c2f83,005f5a58,3,-1,pointer,-16,005e1c10,,,,
wiz8--gog-1261--wiz8new--57a3072c2f83,005f5a58,4,-1,pointer,-16,005e1c10,,,,
wiz8--gog-1261--wiz8new--57a3072c2f83,005f5a58,5,-1,pointer,-16,005e1c10,,,,
wiz8--gog-1261--wiz8new--57a3072c2f83,005f5a58,6,-1,pointer,-16,005e1c10,,,,
wiz8--gog-1261--wiz8new--57a3072c2f83,005f5a58,7,-1,pointer,-16,005e1c10,,,,
wiz8--gog-1261--wiz8new--57a3072c2f83,005f5a58,8,-1,pointer,-16,005e1c10,,,,
wiz8--gog-1261--wiz8new--57a3072c2f83,005f5a58,9,-1,pointer,-16,005e1c10,,,,
wiz8--gog-1261--wiz8new--57a3072c2f83,005f5a58,10,-1,pointer,-16,005e1c10,,,,
wiz8--gog-1261--wiz8new--57a3072c2f83,005f5a58,11,-1,pointer,-16,005e1c10,,,,
wiz8--gog-1261--wiz8new--57a3072c2f83,005f5a58,12,-1,pointer,-16,005e1c10,,,,
wiz8--gog-1261--wiz8new--57a3072c2f83,005f5a58,13,-1,pointer,-16,005e1c10,,,,
wiz8--gog-1261--wiz8new--57a3072c2f83,005f5ae8,0,-1,pointer,-16,005e1c10,,,,
wiz8--gog-1261--wiz8new--57a3072c2f83,005f5ae8,1,-1,pointer,-16,005e1c10,,,,
wiz8--gog-1261--wiz8new--57a3072c2f83,005f5b18,0,-1,pointer,-16,005e1c10,,,,
wiz8--gog-1261--wiz8new--57a3072c2f83,005f5b18,1,-1,pointer,-16,005e1c10,,,,
wiz8--gog-1261--wiz8new--57a3072c2f83,005f5b48,0,-1,object,-92,004f3480,,,,
wiz8--gog-1261--wiz8new--57a3072c2f83,005f5b70,0,-1,object,-92,004f3480,,,,
wiz8--gog-1261--wiz8new--57a3072c2f83,005f5b98,0,-1,object,-92,004f3480,,,,
wiz8--gog-1261--wiz8new--57a3072c2f83,005f5bc0,0,-1,pointer,4,005e1c10,,,,
wiz8--gog-1261--wiz8new--57a3072c2f83,005f5be8,0,-1,pointer,-16,005e1c10,,,,
wiz8--gog-1261--wiz8new--57a3072c2f83,005f5c10,0,-1,pointer,-16,004f3f10,,,,
wiz8--gog-1261--wiz8new--57a3072c2f83,005f5c38,0,-1,pointer,-16,005e1c10,,,,
wiz8--gog-1261--wiz8new--57a3072c2f83,005f5c38,1,-1,pointer,-16,005e1c10,,,,
wiz8--gog-1261--wiz8new--57a3072c2f83,005f5c38,2,-1,pointer,-16,005e1c10,,,,
wiz8--gog-1261--wiz8new--57a3072c2f83,005f5c70,0,-1,pointer,-16,005e1c10,,,,
wiz8--gog-1261--wiz8new--57a3072c2f83,005f5c70,1,-1,pointer,-16,005e1c10,,,,
wiz8--gog-1261--wiz8new--57a3072c2f83,005f5c70,2,-1,pointer,-16,005e1c10,,,,
wiz8--gog-1261--wiz8new--57a3072c2f83,005f5c70,3,-1,pointer,-16,005e1c10,,,,
wiz8--gog-1261--wiz8new--57a3072c2f83,005f5c70,4,-1,pointer,-16,005e1c10,,,,
wiz8--gog-1261--wiz8new--57a3072c2f83,005f5c70,5,-1,pointer,-16,005e1c10,,,,
wiz8--gog-1261--wiz8new--57a3072c2f83,005f5c70,6,-1,pointer,-16,005e1c10,,,,
wiz8--gog-1261--wiz8new--57a3072c2f83,005f5c70,7,-1,pointer,-16,005e1c10,,,,
wiz8--gog-1261--wiz8new--57a3072c2f83,005f5cd0,0,-1,pointer,-20,005e1c10,,,,
wiz8--gog-1261--wiz8new--57a3072c2f83,005f5cd0,1,-1,pointer,-20,005e1c10,,,,
wiz8--gog-1261--wiz8new--57a3072c2f83,005f5cd0,2,-1,pointer,-20,005e1c10,,,,
wiz8--gog-1261--wiz8new--57a3072c2f83,005f5cd0,3,-1,pointer,-20,005e1c10,,,,
wiz8--gog-1261--wiz8new--57a3072c2f83,005f5cd0,4,-1,pointer,-16,005e1c10,,,,
wiz8--gog-1261--wiz8new--57a3072c2f83,005f5cd0,5,-1,pointer,-16,005e1c10,,,,
wiz8--gog-1261--wiz8new--57a3072c2f83,005f5cd0,6,-1,pointer,-16,005e1c10,,,,
wiz8--gog-1261--wiz8new--57a3072c2f83,005f5cd0,7,-1,pointer,-16,005e1c10,,,,
wiz8--gog-1261--wiz8new--57a3072c2f83,005f5cd0,8,-1,pointer,-16,005e1c10,,,,
wiz8--gog-1261--wiz8new--57a3072c2f83,005f5d38,0,-1,pointer,4,005e1c10,,,,
wiz8--gog-1261--wiz8new--57a3072c2f83,005f5d38,1,-1,pointer,4,005e1c10,,,,
wiz8--gog-1261--wiz8new--57a3072c2f83,005f5d68,0,-1,pointer,-16,005e1c10,,,,
wiz8--gog-1261--wiz8new--57a3072c2f83,005f5d90,0,-1,pointer,-16,005e1c10,,,,
wiz8--gog-1261--wiz8new--57a3072c2f83,005f5db8,0,-1,pointer,4,005e1c10,,,,
wiz8--gog-1261--wiz8new--57a3072c2f83,005f5de0,0,-1,pointer,8,005e1c10,,,,
wiz8--gog-1261--wiz8new--57a3072c2f83,005f5e08,0,-1,pointer,-276,005e1c10,,,,
wiz8--gog-1261--wiz8new--57a3072c2f83,005f5e30,0,-1,pointer,-16,004f2d30,,,,
wiz8--gog-1261--wiz8new--57a3072c2f83,005f5e30,1,0,pointer,4,005e1c10,,,,
wiz8--gog-1261--wiz8new--57a3072c2f83,005f5e30,2,0,pointer,4,005e1c10,,,,
wiz8--gog-1261--wiz8new--57a3072c2f83,005f5e30,3,0,pointer,4,005e1c10,,,,
wiz8--gog-1261--wiz8new--57a3072c2f83,005f5e30,4,0,pointer,4,005e1c10,,,,
wiz8--gog-1261--wiz8new--57a3072c2f83,005f5e30,5,0,pointer,4,005e1c10,,,,
wiz8--gog-1261--wiz8new--57a3072c2f83,005f5e80,0,-1,pointer,-16,004f2d30,,,,
wiz8--gog-1261--wiz8new--57a3072c2f83,005f5ea8,0,-1,pointer,-28,005e1c10,,,,
wiz8--gog-1261--wiz8new--57a3072c2f83,005f5ea8,1,-1,pointer,-28,005e1c10,,,,
wiz8--gog-1261--wiz8new--57a3072c2f83,005f5ed8,0,-1,pointer,-16,005c34b0,,,,
wiz8--gog-1261--wiz8new--57a3072c2f83,005f5ed8,1,0,pointer,-16,00446050,,,,
wiz8--gog-1261--wiz8new--57a3072c2f83,005f5f08,0,-1,pointer,-16,004f3f10,,,,
wiz8--gog-1261--wiz8new--57a3072c2f83,005f5f30,0,-1,pointer,-20,004f2d30,,,,
wiz8--gog-1261--wiz8new--57a3072c2f83,005f5f30,1,0,pointer,-20,005a93a0,,,,
wiz8--gog-1261--wiz8new--57a3072c2f83,005f5f30,2,1,pointer,-16,005e1c10,,,,
wiz8--gog-1261--wiz8new--57a3072c2f83,005f5f30,3,2,pointer,-16,004f6640,,,,
wiz8--gog-1261--wiz8new--57a3072c2f83,005f5f70,0,-1,pointer,-16,004f2d30,,,,
wiz8--gog-1261--wiz8new--57a3072c2f83,005f5f70,1,0,pointer,-16,005a93a0,,,,
wiz8--gog-1261--wiz8new--57a3072c2f83,005f5fa0,0,-1,pointer,-16,004f6640,,,,
wiz8--gog-1261--wiz8new--57a3072c2f83,005f5fc8,0,-1,pointer,-16,004f3f10,,,,
wiz8--gog-1261--wiz8new--57a3072c2f83,005f5ff0,0,-1,pointer,-16,004f2d30,,,,
wiz8--gog-1261--wiz8new--57a3072c2f83,005f5ff0,1,0,pointer,-16,005a93a0,,,,
wiz8--gog-1261--wiz8new--57a3072c2f83,005f5ff0,2,1,pointer,-20,005e1c10,,,,
wiz8--gog-1261--wiz8new--57a3072c2f83,005f6028,0,-1,pointer,-16,004f2d30,,,,
wiz8--gog-1261--wiz8new--57a3072c2f83,005f6028,1,0,pointer,-16,005a93a0,,,,
wiz8--gog-1261--wiz8new--57a3072c2f83,005f6058,0,-1,pointer,-20,004f2d30,,,,
wiz8--gog-1261--wiz8new--57a3072c2f83,005f6058,1,0,pointer,-16,005e1c10,,,,
wiz8--gog-1261--wiz8new--57a3072c2f83,005f6088,0,-1,pointer,-16,004f2d30,,,,
wiz8--gog-1261--wiz8new--57a3072c2f83,005f60b0,0,-1,object,-172,004f3480,,,,
wiz8--gog-1261--wiz8new--57a3072c2f83,005f60b0,1,-1,object,-92,004f3480,,,,
wiz8--gog-1261--wiz8new--57a3072c2f83,005f60e0,0,-1,pointer,-20,004f2d30,,,,
wiz8--gog-1261--wiz8new--57a3072c2f83,005f60e0,1,0,pointer,-20,005a93a0,,,,
wiz8--gog-1261--wiz8new--57a3072c2f83,005f60e0,2,1,pointer,-20,005acf40,,,,
wiz8--gog-1261--wiz8new--57a3072c2f83,005f60e0,3,2,pointer,-16,005e1c10,,,,
wiz8--gog-1261--wiz8new--57a3072c2f83,005f60e0,4,2,pointer,-16,005e1c10,,,,
wiz8--gog-1261--wiz8new--57a3072c2f83,005f60e0,5,2,pointer,-16,005e1c10,,,,
wiz8--gog-1261--wiz8new--57a3072c2f83,005f6130,0,-1,pointer,-16,004f2d30,,,,
wiz8--gog-1261--wiz8new--57a3072c2f83,005f6130,1,0,pointer,-16,005a93a0,,,,
wiz8--gog-1261--wiz8new--57a3072c2f83,005f6130,2,1,pointer,-16,005acf40,,,,
wiz8--gog-1261--wiz8new--57a3072c2f83,005f6168,0,-1,pointer,4,005e1c10,,,,
wiz8--gog-1261--wiz8new--57a3072c2f83,005f6168,1,-1,pointer,4,005e1c10,,,,
wiz8--gog-1261--wiz8new--57a3072c2f83,005f6168,2,-1,pointer,4,005e1c10,,,,
wiz8--gog-1261--wiz8new--57a3072c2f83,005f6168,3,-1,pointer,4,005e1c10,,,,
wiz8--gog-1261--wiz8new--57a3072c2f83,005f6168,4,-1,pointer,4,005e1c10,,,,
wiz8--gog-1261--wiz8new--57a3072c2f83,005f6168,5,-1,pointer,4,005e1c10,,,,
wiz8--gog-1261--wiz8new--57a3072c2f83,005f6168,6,-1,pointer,4,005e1c10,,,,
wiz8--gog-1261--wiz8new--57a3072c2f83,005f6168,7,-1,pointer,4,005e1c10,,,,
wiz8--gog-1261--wiz8new--57a3072c2f83,005f6168,8,-1,pointer,4,005e1c10,,,,
wiz8--gog-1261--wiz8new--57a3072c2f83,005f6168,9,-1,pointer,4,005e1c10,,,,
wiz8--gog-1261--wiz8new--57a3072c2f83,005f61d8,0,-1,pointer,-32,005e1c10,,,,
wiz8--gog-1261--wiz8new--57a3072c2f83,005f61d8,1,-1,pointer,-32,005e1c10,,,,
wiz8--gog-1261--wiz8new--57a3072c2f83,005f61d8,2,-1,pointer,-32,005e1c10,,,,
wiz8--gog-1261--wiz8new--57a3072c2f83,005f61d8,3,-1,pointer,-32,005e1c10,,,,
wiz8--gog-1261--wiz8new--57a3072c2f83,005f61d8,4,-1,pointer,-32,005e1c10,,,,
wiz8--gog-1261--wiz8new--57a3072c2f83,005f61d8,5,-1,pointer,-32,005e1c10,,,,
wiz8--gog-1261--wiz8new--57a3072c2f83,005f61d8,6,-1,pointer,-32,005e1c10,,,,
wiz8--gog-1261--wiz8new--57a3072c2f83,005f61d8,7,-1,pointer,-32,005e1c10,,,,
wiz8--gog-1261--wiz8new--57a3072c2f83,005f61d8,8,-1,pointer,-32,005e1c10,,,,
wiz8--gog-1261--wiz8new--57a3072c2f83,005f61d8,9,-1,pointer,-32,005e1c10,,,,
wiz8--gog-1261--wiz8new--57a3072c2f83,005f61d8,10,-1,pointer,-32,005e1c10,,,,
wiz8--gog-1261--wiz8new--57a3072c2f83,005f61d8,11,-1,pointer,-32,005e1c10,,,,
wiz8--gog-1261--wiz8new--57a3072c2f83,005f61d8,12,-1,pointer,-32,005e1c10,,,,
wiz8--gog-1261--wiz8new--57a3072c2f83,005f61d8,13,-1,pointer,-32,005e1c10,,,,
wiz8--gog-1261--wiz8new--57a3072c2f83,005f61d8,14,-1,pointer,-32,005e1c10,,,,
wiz8--gog-1261--wiz8new--57a3072c2f83,005f61d8,15,-1,pointer,-32,005e1c10,,,,
wiz8--gog-1261--wiz8new--57a3072c2f83,005f61d8,16,-1,pointer,-32,005e1c10,,,,
wiz8--gog-1261--wiz8new--57a3072c2f83,005f61d8,17,-1,pointer,-32,005e1c10,,,,
wiz8--gog-1261--wiz8new--57a3072c2f83,005f6288,0,-1,pointer,12,005e1c10,,,,
wiz8--gog-1261--wiz8new--57a3072c2f83,005f62b0,0,-1,pointer,-16,005e1c10,,,,
wiz8--gog-1261--wiz8new--57a3072c2f83,005f62b0,1,0,pointer,-16,005c34b0,,,,
wiz8--gog-1261--wiz8new--57a3072c2f83,005f62e0,0,-1,pointer,-16,005e1c10,,,,
wiz8--gog-1261--wiz8new--57a3072c2f83,005f6308,0,-1,pointer,-20,004f2d30,,,,
wiz8--gog-1261--wiz8new--57a3072c2f83,005f6308,1,0,pointer,-16,005e1c10,,,,
wiz8--gog-1261--wiz8new--57a3072c2f83,005f6308,2,0,pointer,-16,005e1c10,,,,
wiz8--gog-1261--wiz8new--57a3072c2f83,005f6308,3,0,pointer,-16,005e1c10,,,,
wiz8--gog-1261--wiz8new--57a3072c2f83,005f6348,0,-1,pointer,-16,004f2d30,,,,
wiz8--gog-1261--wiz8new--57a3072c2f83,005f6370,0,-1,pointer,4,005e1c10,,,,
wiz8--gog-1261--wiz8new--57a3072c2f83,005f6398,0,-1,pointer,12,005e1c10,,,,
wiz8--gog-1261--wiz8new--57a3072c2f83,005f6398,1,-1,pointer,12,005e1c10,,,,
wiz8--gog-1261--wiz8new--57a3072c2f83,005f6398,2,-1,pointer,12,005e1c10,,,,
wiz8--gog-1261--wiz8new--57a3072c2f83,005f6398,3,-1,pointer,12,005e1c10,,,,
wiz8--gog-1261--wiz8new--57a3072c2f83,005f6398,4,-1,pointer,12,005e1c10,,,,
wiz8--gog-1261--wiz8new--57a3072c2f83,005f6398,5,-1,pointer,12,005e1c10,,,,
wiz8--gog-1261--wiz8new--57a3072c2f83,005f6398,6,-1,pointer,12,005e1c10,,,,
wiz8--gog-1261--wiz8new--57a3072c2f83,005f63f0,0,-1,object,-268,004f3480,,,,
wiz8--gog-1261--wiz8new--57a3072c2f83,005f63f0,1,-1,object,-172,004f3480,,,,
wiz8--gog-1261--wiz8new--57a3072c2f83,005f63f0,2,-1,object,-92,004f3480,,,,
wiz8--gog-1261--wiz8new--57a3072c2f83,005f6428,0,-1,pointer,-16,005e1c10,,,,
wiz8--gog-1261--wiz8new--57a3072c2f83,005f6428,1,0,pointer,-16,005afe40,,,,
wiz8--gog-1261--wiz8new--57a3072c2f83,005f6428,2,1,pointer,-16,005a93a0,,,,
wiz8--gog-1261--wiz8new--57a3072c2f83,005f6428,3,2,pointer,-16,005a93a0,,,,
wiz8--gog-1261--wiz8new--57a3072c2f83,005f6468,0,-1,pointer,-16,005afe40,,,,
wiz8--gog-1261--wiz8new--57a3072c2f83,005f6468,1,0,pointer,-16,005a93a0,,,,
wiz8--gog-1261--wiz8new--57a3072c2f83,005f6468,2,1,pointer,-16,005a93a0,,,,
wiz8--gog-1261--wiz8new--57a3072c2f83,005f64a0,0,-1,pointer,8,005e1c10,,,,
wiz8--gog-1261--wiz8new--57a3072c2f83,005f64c8,0,-1,object,-172,004f3480,,,,
wiz8--gog-1261--wiz8new--57a3072c2f83,005f64c8,1,-1,object,-92,004f3480,,,,
wiz8--gog-1261--wiz8new--57a3072c2f83,005f64f8,0,-1,pointer,-16,005e1c10,,,,
wiz8--gog-1261--wiz8new--57a3072c2f83,005f6520,0,-1,pointer,-16,004f3f10,,,,
wiz8--gog-1261--wiz8new--57a3072c2f83,005f6548,0,-1,pointer,-16,005e1c10,,,,
wiz8--gog-1261--wiz8new--57a3072c2f83,005f6570,0,-1,pointer,-16,005afe40,,,,
wiz8--gog-1261--wiz8new--57a3072c2f83,005f6598,0,-1,pointer,-16,005e1c10,,,,
wiz8--gog-1261--wiz8new--57a3072c2f83,005f65c0,0,-1,object,-92,004f3480,,,,
wiz8--gog-1261--wiz8new--57a3072c2f83,005f65e8,0,-1,pointer,-16,005e1c10,,,,
wiz8--gog-1261--wiz8new--57a3072c2f83,005f65e8,1,0,pointer,-16,005afe40,,,,
wiz8--gog-1261--wiz8new--57a3072c2f83,005f6618,0,-1,pointer,-16,004f6640,,,,
wiz8--gog-1261--wiz8new--57a3072c2f83,005f6640,0,-1,pointer,-16,004f3f10,,,,
wiz8--gog-1261--wiz8new--57a3072c2f83,005f6668,0,-1,pointer,-16,004f6640,,,,
wiz8--gog-1261--wiz8new--57a3072c2f83,005f6690,0,-1,pointer,-16,004f3f10,,,,
wiz8--gog-1261--wiz8new--57a3072c2f83,005f66b8,0,-1,pointer,20,005e1c10,,,,
wiz8--gog-1261--wiz8new--57a3072c2f83,005f66b8,1,-1,pointer,20,005e1c10,,,,
wiz8--gog-1261--wiz8new--57a3072c2f83,005f66b8,2,-1,pointer,20,005e1c10,,,,
wiz8--gog-1261--wiz8new--57a3072c2f83,005f66f0,0,-1,pointer,-16,005e1c10,,,,
wiz8--gog-1261--wiz8new--57a3072c2f83,005f66f0,1,-1,pointer,-16,005e1c10,,,,
wiz8--gog-1261--wiz8new--57a3072c2f83,005f6720,0,-1,pointer,-16,005afe40,,,,
wiz8--gog-1261--wiz8new--57a3072c2f83,005f6748,0,-1,pointer,-16,005e1c10,,,,
wiz8--gog-1261--wiz8new--57a3072c2f83,005f6748,1,-1,pointer,12,005e1c10,,,,
wiz8--gog-1261--wiz8new--57a3072c2f83,005f6778,0,-1,object,-128,004f3480,,,,
wiz8--gog-1261--wiz8new--57a3072c2f83,005f67a0,0,-1,pointer,-16,005e1c10,,,,
wiz8--gog-1261--wiz8new--57a3072c2f83,005f67c8,0,-1,pointer,-16,005dc860,,,,
wiz8--gog-1261--wiz8new--57a3072c2f83,005f67c8,1,0,pointer,-16,005cd6c0,,,,
wiz8--gog-1261--wiz8new--57a3072c2f83,005f67f8,0,-1,pointer,-16,005dc860,,,,
wiz8--gog-1261--wiz8new--57a3072c2f83,005f67f8,1,0,pointer,-16,005cd6c0,,,,
wiz8--gog-1261--wiz8new--57a3072c2f83,005f67f8,2,1,pointer,-16,005cd6e0,,,,
wiz8--gog-1261--wiz8new--57a3072c2f83,005f6830,0,-1,pointer,-16,005dc860,,,,
wiz8--gog-1261--wiz8new--57a3072c2f83,005f6830,1,0,pointer,-16,00446070,,,,
wiz8--gog-1261--wiz8new--57a3072c2f83,005f6830,2,1,pointer,-16,0048cd60,,,,
wiz8--gog-1261--wiz8new--57a3072c2f83,005f6868,0,-1,pointer,-16,005dc860,,,,
wiz8--gog-1261--wiz8new--57a3072c2f83,005f6868,1,0,pointer,-16,00446070,,,,
wiz8--gog-1261--wiz8new--57a3072c2f83,005f6868,2,1,pointer,-16,0048cd60,,,,
wiz8--gog-1261--wiz8new--57a3072c2f83,005f68a0,0,-1,pointer,-16,005e1c10,,,,
wiz8--gog-1261--wiz8new--57a3072c2f83,005f68c8,0,-1,pointer,-16,005e1c10,,,,
wiz8--gog-1261--wiz8new--57a3072c2f83,005f68f0,0,-1,pointer,4,005e1c10,,,,
wiz8--gog-1261--wiz8new--57a3072c2f83,005f68f0,1,-1,pointer,4,005e1c10,,,,
wiz8--gog-1261--wiz8new--57a3072c2f83,005f68f0,2,-1,pointer,4,005e1c10,,,,
wiz8--gog-1261--wiz8new--57a3072c2f83,005f68f0,3,-1,pointer,4,005e1c10,,,,
wiz8--gog-1261--wiz8new--57a3072c2f83,005f6930,0,-1,pointer,-16,004f3480,,,,
wiz8--gog-1261--wiz8new--57a3072c2f83,005f6958,0,-1,pointer,-16,005d2540,,,,
wiz8--gog-1261--wiz8new--57a3072c2f83,005f6980,0,-1,pointer,-16,005d2540,,,,
wiz8--gog-1261--wiz8new--57a3072c2f83,005f6980,1,0,pointer,-16,005d2540,,,,
wiz8--gog-1261--wiz8new--57a3072c2f83,005f69b0,0,-1,pointer,-16,005e1c10,,,,
wiz8--gog-1261--wiz8new--57a3072c2f83,005f69b0,1,-1,pointer,-16,005e1c10,,,,
wiz8--gog-1261--wiz8new--57a3072c2f83,005f69e0,0,-1,pointer,-16,005dc860,,,,
wiz8--gog-1261--wiz8new--57a3072c2f83,005f6a08,0,-1,pointer,-16,005dc860,,,,
wiz8--gog-1261--wiz8new--57a3072c2f83,005f6a08,1,0,pointer,-16,004023a0,,,,
wiz8--gog-1261--wiz8new--57a3072c2f83,005f6a08,2,1,pointer,-16,005db260,,,,
wiz8--gog-1261--wiz8new--57a3072c2f83,005f6a08,3,2,pointer,-16,005d1590,,,,
wiz8--gog-1261--wiz8new--57a3072c2f83,005f6a48,0,-1,pointer,-16,005dc860,,,,
wiz8--gog-1261--wiz8new--57a3072c2f83,005f6a48,1,0,pointer,-16,004023a0,,,,
wiz8--gog-1261--wiz8new--57a3072c2f83,005f6a48,2,1,pointer,-16,005db260,,,,
wiz8--gog-1261--wiz8new--57a3072c2f83,005f6a48,3,2,pointer,-16,005d1590,,,,
wiz8--gog-1261--wiz8new--57a3072c2f83,005f6a88,0,-1,pointer,-16,005dc860,,,,
wiz8--gog-1261--wiz8new--57a3072c2f83,005f6a88,1,0,pointer,-16,004023a0,,,,
wiz8--gog-1261--wiz8new--57a3072c2f83,005f6a88,2,1,pointer,-16,005d1590,,,,
wiz8--gog-1261--wiz8new--57a3072c2f83,005f6ac0,0,-1,pointer,-16,005dc860,,,,
wiz8--gog-1261--wiz8new--57a3072c2f83,005f6ac0,1,0,pointer,-16,004023a0,,,,
wiz8--gog-1261--wiz8new--57a3072c2f83,005f6ac0,2,1,pointer,-16,005d1590,,,,
wiz8--gog-1261--wiz8new--57a3072c2f83,005f6af8,0,-1,pointer,-16,005e1c10,,,,
wiz8--gog-1261--wiz8new--57a3072c2f83,005f6b20,0,-1,pointer,-36,005e1c10,,,,
wiz8--gog-1261--wiz8new--57a3072c2f83,005f6b48,0,-1,pointer,-16,005dc860,,,,
wiz8--gog-1261--wiz8new--57a3072c2f83,005f6b70,0,-1,pointer,-16,005dc860,,,,
wiz8--gog-1261--wiz8new--57a3072c2f83,005f6b98,0,-1,pointer,-16,005dc860,,,,
wiz8--gog-1261--wiz8new--57a3072c2f83,005f6bc0,0,-1,pointer,-16,005e1c10,,,,
wiz8--gog-1261--wiz8new--57a3072c2f83,005f6be8,0,-1,pointer,-32,005e1c10,,,,
wiz8--gog-1261--wiz8new--57a3072c2f83,005f6c10,0,-1,pointer,-32,005e1c10,,,,
wiz8--gog-1261--wiz8new--57a3072c2f83,005f6c38,0,-1,pointer,-2064,005dc860,,,,
wiz8--gog-1261--wiz8new--57a3072c2f83,005f6c60,0,-1,pointer,-16,005dc860,,,,
wiz8--gog-1261--wiz8new--57a3072c2f83,005f6c88,0,-1,pointer,-2096,005e1c10,,,,
wiz8--gog-1261--wiz8new--57a3072c2f83,005f6c88,1,-1,pointer,-2096,005e1c10,,,,
wiz8--gog-1261--wiz8new--57a3072c2f83,005f6c88,2,-1,pointer,-2096,005e1c10,,,,
wiz8--gog-1261--wiz8new--57a3072c2f83,005f6c88,3,-1,pointer,-2096,005e1c10,,,,
wiz8--gog-1261--wiz8new--57a3072c2f83,005f6c88,4,-1,pointer,-2096,005e1c10,,,,
wiz8--gog-1261--wiz8new--57a3072c2f83,005f6c88,5,-1,pointer,-2096,005e1c10,,,,
wiz8--gog-1261--wiz8new--57a3072c2f83,005f6c88,6,-1,pointer,-2096,005e1c10,,,,
wiz8--gog-1261--wiz8new--57a3072c2f83,005f6ce0,0,-1,pointer,-16,005dc860,,,,
wiz8--gog-1261--wiz8new--57a3072c2f83,005f6ce0,1,0,pointer,-16,004023a0,,,,
wiz8--gog-1261--wiz8new--57a3072c2f83,005f6ce0,2,1,pointer,-16,005db260,,,,
wiz8--gog-1261--wiz8new--57a3072c2f83,005f6ce0,3,2,pointer,-16,005d1590,,,,
wiz8--gog-1261--wiz8new--57a3072c2f83,005f6ce0,4,3,pointer,-16,00439a00,,,,
wiz8--gog-1261--wiz8new--57a3072c2f83,005f6d28,0,-1,pointer,-16,005dc860,,,,
wiz8--gog-1261--wiz8new--57a3072c2f83,005f6d28,1,0,pointer,-16,004023a0,,,,
wiz8--gog-1261--wiz8new--57a3072c2f83,005f6d28,2,1,pointer,-16,005db260,,,,
wiz8--gog-1261--wiz8new--57a3072c2f83,005f6d28,3,2,pointer,-16,005d1590,,,,
wiz8--gog-1261--wiz8new--57a3072c2f83,005f6d28,4,3,pointer,-16,00439a00,,,,
wiz8--gog-1261--wiz8new--57a3072c2f83,005f6d70,0,-1,pointer,-16,005dc860,,,,
wiz8--gog-1261--wiz8new--57a3072c2f83,005f6d98,0,-1,pointer,-16,005dc860,,,,
wiz8--gog-1261--wiz8new--57a3072c2f83,005f6dc0,0,-1,pointer,-16,005e1c10,,,,
wiz8--gog-1261--wiz8new--57a3072c2f83,005f6de8,0,-1,pointer,-32,005e1c10,,,,
wiz8--gog-1261--wiz8new--57a3072c2f83,005f6e10,0,-1,pointer,-32,005e1c10,,,,
wiz8--gog-1261--wiz8new--57a3072c2f83,005f6e38,0,-1,pointer,-16,005dc860,,,,
wiz8--gog-1261--wiz8new--57a3072c2f83,005f6e38,1,0,pointer,-16,004023a0,,,,
wiz8--gog-1261--wiz8new--57a3072c2f83,005f6e38,2,1,pointer,-16,005db260,,,,
wiz8--gog-1261--wiz8new--57a3072c2f83,005f6e38,3,2,pointer,-16,005d1590,,,,
wiz8--gog-1261--wiz8new--57a3072c2f83,005f6e78,0,-1,pointer,-16,005dc860,,,,
wiz8--gog-1261--wiz8new--57a3072c2f83,005f6e78,1,0,pointer,-16,004023a0,,,,
wiz8--gog-1261--wiz8new--57a3072c2f83,005f6e78,2,1,pointer,-16,005db260,,,,
wiz8--gog-1261--wiz8new--57a3072c2f83,005f6e78,3,2,pointer,-16,005d1590,,,,
wiz8--gog-1261--wiz8new--57a3072c2f83,005f6eb8,0,-1,object,-92,004f3480,,,,
wiz8--gog-1261--wiz8new--57a3072c2f83,005f6ee0,0,-1,pointer,-16,005debb0,,,,
wiz8--gog-1261--wiz8new--57a3072c2f83,005f6f08,0,-1,pointer,-16,005dc860,,,,
wiz8--gog-1261--wiz8new--57a3072c2f83,005f6f08,1,0,pointer,-16,004023a0,,,,
wiz8--gog-1261--wiz8new--57a3072c2f83,005f6f08,2,1,pointer,-16,005db260,,,,
wiz8--gog-1261--wiz8new--57a3072c2f83,005f6f08,3,2,pointer,-16,005d1590,,,,
wiz8--gog-1261--wiz8new--57a3072c2f83,005f6f48,0,-1,pointer,-16,005debb0,,,,
wiz8--gog-1261--wiz8new--57a3072c2f83,005f6f70,0,-1,pointer,-16,005dc860,,,,
wiz8--gog-1261--wiz8new--57a3072c2f83,005f6f70,1,0,pointer,-16,004023a0,,,,
wiz8--gog-1261--wiz8new--57a3072c2f83,005f6f70,2,1,pointer,-16,005db260,,,,
wiz8--gog-1261--wiz8new--57a3072c2f83,005f6f70,3,2,pointer,-16,005d1590,,,,
wiz8--gog-1261--wiz8new--57a3072c2f83,005f6fb0,0,-1,pointer,-16,005dc860,,,,
wiz8--gog-1261--wiz8new--57a3072c2f83,005f6fb0,1,0,pointer,-16,004023a0,,,,
wiz8--gog-1261--wiz8new--57a3072c2f83,005f6fb0,2,1,pointer,-16,005db260,,,,
wiz8--gog-1261--wiz8new--57a3072c2f83,005f6fb0,3,2,pointer,-16,005d1590,,,,
wiz8--gog-1261--wiz8new--57a3072c2f83,005f6ff0,0,-1,pointer,-16,005dc860,,,,
wiz8--gog-1261--wiz8new--57a3072c2f83,005f6ff0,1,0,pointer,-16,004023a0,,,,
wiz8--gog-1261--wiz8new--57a3072c2f83,005f6ff0,2,1,pointer,-16,005db260,,,,
wiz8--gog-1261--wiz8new--57a3072c2f83,005f6ff0,3,2,pointer,-16,005d1590,,,,
wiz8--gog-1261--wiz8new--57a3072c2f83,005f7030,0,-1,pointer,-16,005df940,,,,
wiz8--gog-1261--wiz8new--57a3072c2f83,005f7058,0,-1,pointer,-16,005dc860,,,,
wiz8--gog-1261--wiz8new--57a3072c2f83,005f7058,1,0,pointer,-16,004023a0,,,,
wiz8--gog-1261--wiz8new--57a3072c2f83,005f7058,2,1,pointer,-16,005db260,,,,
wiz8--gog-1261--wiz8new--57a3072c2f83,005f7058,3,2,pointer,-16,005d1590,,,,
wiz8--gog-1261--wiz8new--57a3072c2f83,005f7098,0,-1,pointer,-16,005df940,,,,
wiz8--gog-1261--wiz8new--57a3072c2f83,005f70c0,0,-1,pointer,-16,005dc860,,,,
wiz8--gog-1261--wiz8new--57a3072c2f83,005f70c0,1,0,pointer,-16,004023a0,,,,
wiz8--gog-1261--wiz8new--57a3072c2f83,005f70c0,2,1,pointer,-16,005db260,,,,
wiz8--gog-1261--wiz8new--57a3072c2f83,005f70c0,3,2,pointer,-16,005d1590,,,,
wiz8--gog-1261--wiz8new--57a3072c2f83,005f7100,0,-1,pointer,-16,005df940,,,,
wiz8--gog-1261--wiz8new--57a3072c2f83,005f7128,0,-1,pointer,-16,005dc860,,,,
wiz8--gog-1261--wiz8new--57a3072c2f83,005f7128,1,0,pointer,-16,004023a0,,,,
wiz8--gog-1261--wiz8new--57a3072c2f83,005f7128,2,1,pointer,-16,005db260,,,,
wiz8--gog-1261--wiz8new--57a3072c2f83,005f7128,3,2,pointer,-16,005d1590,,,,
wiz8--gog-1261--wiz8new--57a3072c2f83,005f7168,0,-1,pointer,-16,005dc860,,,,
wiz8--gog-1261--wiz8new--57a3072c2f83,005f7168,1,0,pointer,-16,004e6a10,,,,
wiz8--gog-1261--wiz8new--57a3072c2f83,005f7198,0,-1,pointer,-16,005dc860,,,,
wiz8--gog-1261--wiz8new--57a3072c2f83,005f7198,1,0,pointer,-16,004e6a10,,,,
wiz8--gog-1261--wiz8new--57a3072c2f83,005f71c8,0,-1,pointer,-32,005e1c10,,,,
wiz8--gog-1261--wiz8new--57a3072c2f83,005f71c8,1,-1,pointer,-32,005e1c10,,,,
wiz8--gog-1261--wiz8new--57a3072c2f83,005f71c8,2,-1,pointer,-32,005e1c10,,,,
wiz8--gog-1261--wiz8new--57a3072c2f83,005f7200,0,-1,object,-112,00438c50,,,,
wiz8--gog-base--wiz8--18a74ff61c65,005efea8,0,-1,object,-44,0043ad90,,,,
wiz8--gog-base--wiz8--18a74ff61c65,005efea8,1,0,pointer,-48,0046f3f0,,,,
wiz8--gog-base--wiz8--18a74ff61c65,005efed8,0,-1,pointer,-16,005e1c10,,,,
wiz8--gog-base--wiz8--18a74ff61c65,005eff00,0,-1,pointer,-16,005e1c10,,,,
wiz8--gog-base--wiz8--18a74ff61c65,005eff28,0,-1,pointer,-28,005e1c10,,,,
wiz8--gog-base--wiz8--18a74ff61c65,005eff50,0,-1,pointer,-96,005e1c10,,,,
wiz8--gog-base--wiz8--18a74ff61c65,005eff78,0,-1,pointer,-16,005e1c10,,,,
wiz8--gog-base--wiz8--18a74ff61c65,005effa0,0,-1,object-import,-324,,005eba88,SR.DLL!??1srStringTable@@QAE@XZ,public: __thiscall srStringTable::~srStringTable(void),
wiz8--gog-base--wiz8--18a74ff61c65,005effc8,0,-1,pointer,-284,005e1c10,,,,
wiz8--gog-base--wiz8--18a74ff61c65,005effc8,1,-1,pointer,-284,0046f3f0,,,,
wiz8--gog-base--wiz8--18a74ff61c65,005effc8,2,-1,pointer,-284,0046f3f0,,,,
wiz8--gog-base--wiz8--18a74ff61c65,005effc8,3,-1,pointer,-284,0046f3f0,,,,
wiz8--gog-base--wiz8--18a74ff61c65,005effc8,4,-1,pointer,-284,0046f3f0,,,,
wiz8--gog-base--wiz8--18a74ff61c65,005effc8,5,-1,pointer,-284,0046f3f0,,,,
wiz8--gog-base--wiz8--18a74ff61c65,005effc8,6,-1,pointer,-284,0046f3f0,,,,
wiz8--gog-base--wiz8--18a74ff61c65,005effc8,7,-1,pointer,-284,0046f3f0,,,,
wiz8--gog-base--wiz8--18a74ff61c65,005effc8,8,-1,pointer,-284,0046f3f0,,,,
wiz8--gog-base--wiz8--18a74ff61c65,005effc8,9,-1,pointer,-284,0046f3f0,,,,
wiz8--gog-base--wiz8--18a74ff61c65,005effc8,10,-1,pointer,-284,0046f3f0,,,,
wiz8--gog-base--wiz8--18a74ff61c65,005effc8,11,-1,pointer,-284,0046f3f0,,,,
wiz8--gog-base--wiz8--18a74ff61c65,005effc8,12,11,pointer,-284,00429f00,,,,
wiz8--gog-base--wiz8--18a74ff61c65,005effc8,13,-1,pointer,-284,0046f3f0,,,,
wiz8--gog-base--wiz8--18a74ff61c65,005effc8,14,-1,pointer,-284,0046f3f0,,,,
wiz8--gog-base--wiz8--18a74ff61c65,005f0060,0,-1,pointer,-20,0046f3f0,,,,
wiz8--gog-base--wiz8--18a74ff61c65,005f0060,1,-1,pointer,-20,0046f3f0,,,,
wiz8--gog-base--wiz8--18a74ff61c65,005f0060,2,-1,pointer,-20,0046f3f0,,,,
wiz8--gog-base--wiz8--18a74ff61c65,005f0098,0,-1,pointer,-84,0046f3f0,,,,
wiz8--gog-base--wiz8--18a74ff61c65,005f00c0,0,-1,pointer,-32,0046f3f0,,,,
wiz8--gog-base--wiz8--18a74ff61c65,005f00e8,0,-1,pointer,-60,0046f3f0,,,,
wiz8--gog-base--wiz8--18a74ff61c65,005f00e8,1,-1,pointer,-60,0046f3f0,,,,
wiz8--gog-base--wiz8--18a74ff61c65,005f00e8,2,1,pointer,-60,00429f00,,,,
wiz8--gog-base--wiz8--18a74ff61c65,005f00e8,3,-1,pointer,12,0046f3f0,,,,
wiz8--gog-base--wiz8--18a74ff61c65,005f0128,0,-1,pointer,-16,0046f3f0,,,,
wiz8--gog-base--wiz8--18a74ff61c65,005f0150,0,-1,object,-48,00429af0,,,,
wiz8--gog-base--wiz8--18a74ff61c65,005f0150,1,-1,object,-56,00424ea0,,,,
wiz8--gog-base--wiz8--18a74ff61c65,005f0150,2,1,pointer,-92,0046f3f0,,,,
wiz8--gog-base--wiz8--18a74ff61c65,005f0150,3,1,pointer,16,0046f3f0,,,,
wiz8--gog-base--wiz8--18a74ff61c65,005f0190,0,-1,pointer,-52,0046f3f0,,,,
wiz8--gog-base--wiz8--18a74ff61c65,005f0190,1,-1,pointer,44,0046f3f0,,,,
wiz8--gog-base--wiz8--18a74ff61c65,005f0190,2,-1,pointer,44,0046f3f0,,,,
wiz8--gog-base--wiz8--18a74ff61c65,005f01c8,0,-1,pointer,-60,0046f3f0,,,,
wiz8--gog-base--wiz8--18a74ff61c65,005f01c8,1,-1,pointer,24,0046f3f0,,,,
wiz8--gog-base--wiz8--18a74ff61c65,005f01f8,0,-1,pointer,-20,0046f3f0,,,,
wiz8--gog-base--wiz8--18a74ff61c65,005f0220,0,-1,pointer,-40,0046f3f0,,,,
wiz8--gog-base--wiz8--18a74ff61c65,005f0220,1,-1,pointer,-36,0046f3f0,,,,
wiz8--gog-base--wiz8--18a74ff61c65,005f0220,2,-1,pointer,-36,0046f3f0,,,,
wiz8--gog-base--wiz8--18a74ff61c65,005f0220,3,-1,pointer,-36,0046f3f0,,,,
wiz8--gog-base--wiz8--18a74ff61c65,005f0260,0,-1,pointer-import,-16,,005eb6d8,SR.DLL!??1srClass@@MAE@XZ,protected: virtual __thiscall srClass::~srClass(void),
wiz8--gog-base--wiz8--18a74ff61c65,005f0260,1,-1,pointer-import,-16,,005eb6d4,SR.DLL!??1srMaterialIFace@@UAE@XZ,public: virtual __thiscall srMaterialIFace::~srMaterialIFace(void),
wiz8--gog-base--wiz8--18a74ff61c65,005f0290,0,-1,pointer-import,-16,,005eb6d4,SR.DLL!??1srMaterialIFace@@UAE@XZ,public: virtual __thiscall srMaterialIFace::~srMaterialIFace(void),
wiz8--gog-base--wiz8--18a74ff61c65,005f0290,1,-1,pointer-import,-16,,005eb6d8,SR.DLL!??1srClass@@MAE@XZ,protected: virtual __thiscall srClass::~srClass(void),
wiz8--gog-base--wiz8--18a74ff61c65,005f02c0,0,-1,pointer-import,-16,,005eb6d8,SR.DLL!??1srClass@@MAE@XZ,protected: virtual __thiscall srClass::~srClass(void),
wiz8--gog-base--wiz8--18a74ff61c65,005f02e8,0,-1,pointer,-1160,0046f3f0,,,,
wiz8--gog-base--wiz8--18a74ff61c65,005f0310,0,-1,pointer,-520,0046cdd0,,,,
wiz8--gog-base--wiz8--18a74ff61c65,005f0310,1,0,pointer,-524,005e1c10,,,,
wiz8--gog-base--wiz8--18a74ff61c65,005f0310,2,0,pointer,-524,005e1c10,,,,
wiz8--gog-base--wiz8--18a74ff61c65,005f0310,3,0,pointer,-524,005e1c10,,,,
wiz8--gog-base--wiz8--18a74ff61c65,005f0310,4,0,pointer,-524,005e1c10,,,,
wiz8--gog-base--wiz8--18a74ff61c65,005f0358,0,-1,pointer,4,005e1c10,,,,
wiz8--gog-base--wiz8--18a74ff61c65,005f0358,1,-1,pointer,4,005e1c10,,,,
wiz8--gog-base--wiz8--18a74ff61c65,005f0358,2,-1,pointer,4,005e1c10,,,,
wiz8--gog-base--wiz8--18a74ff61c65,005f0358,3,-1,pointer,4,005e1c10,,,,
wiz8--gog-base--wiz8--18a74ff61c65,005f0358,4,-1,pointer,4,005e1c10,,,,
wiz8--gog-base--wiz8--18a74ff61c65,005f0358,5,-1,pointer,4,005e1c10,,,,
wiz8--gog-base--wiz8--18a74ff61c65,005f0358,6,-1,pointer,4,005e1c10,,,,
wiz8--gog-base--wiz8--18a74ff61c65,005f0358,7,-1,pointer,4,005e1c10,,,,
wiz8--gog-base--wiz8--18a74ff61c65,005f0358,8,-1,pointer,4,005e1c10,,,,
wiz8--gog-base--wiz8--18a74ff61c65,005f0358,9,-1,pointer,4,005e1c10,,,,
wiz8--gog-base--wiz8--18a74ff61c65,005f0358,10,-1,pointer,4,005e1c10,,,,
wiz8--gog-base--wiz8--18a74ff61c65,005f0358,11,-1,pointer,4,005e1c10,,,,
wiz8--gog-base--wiz8--18a74ff61c65,005f0358,12,-1,pointer,4,005e1c10,,,,
wiz8--gog-base--wiz8--18a74ff61c65,005f0358,13,-1,pointer,4,005e1c10,,,,
wiz8--gog-base--wiz8--18a74ff61c65,005f0358,14,-1,pointer,4,005e1c10,,,,
wiz8--gog-base--wiz8--18a74ff61c65,005f0358,15,-1,pointer,-24,005e1c10,,,,
wiz8--gog-base--wiz8--18a74ff61c65,005f0358,16,15,pointer,-20,005e1c10,,,,
wiz8--gog-base--wiz8--18a74ff61c65,005f0358,17,15,pointer,-20,005e1c10,,,,
wiz8--gog-base--wiz8--18a74ff61c65,005f0358,18,-1,pointer,-20,005e1c10,,,,
wiz8--gog-base--wiz8--18a74ff61c65,005f0410,0,-1,pointer,-16,0046cdd0,,,,
wiz8--gog-base--wiz8--18a74ff61c65,005f0438,0,-1,pointer,-420,005e1c10,,,,
wiz8--gog-base--wiz8--18a74ff61c65,005f0460,0,-1,object,-352,00438c70,,,,
wiz8--gog-base--wiz8--18a74ff61c65,005f0460,1,0,object,-384,00438c50,,,,
wiz8--gog-base--wiz8--18a74ff61c65,005f0490,0,-1,pointer,-288,005e1c10,,,,
wiz8--gog-base--wiz8--18a74ff61c65,005f04b8,0,-1,object,-168,0046cdd0,,,,
wiz8--gog-base--wiz8--18a74ff61c65,005f04e0,0,-1,object,-168,0046cdd0,,,,
wiz8--gog-base--wiz8--18a74ff61c65,005f0508,0,-1,pointer,-20,005e1c10,,,,
wiz8--gog-base--wiz8--18a74ff61c65,005f0508,1,-1,pointer,-16,005e1c10,,,,
wiz8--gog-base--wiz8--18a74ff61c65,005f0538,0,-1,pointer,-20,005e1c10,,,,
wiz8--gog-base--wiz8--18a74ff61c65,005f0560,0,-1,pointer,-20,005e1c10,,,,
wiz8--gog-base--wiz8--18a74ff61c65,005f0588,0,-1,object-import,-1500,,005eb744,SR.DLL!??_DsrBinIMStream@@QAEXXZ,public: void __thiscall srBinIMStream::`vbase dtor'(void),
wiz8--gog-base--wiz8--18a74ff61c65,005f0588,1,0,object-import,-1320,,005eb74c,SR.DLL!??1Decompressor@srHuffman@@QAE@XZ,public: __thiscall srHuffman::Decompressor::~Decompressor(void),
wiz8--gog-base--wiz8--18a74ff61c65,005f05b8,0,-1,object-import,-208,,005eb76c,SR.DLL!??_DsrBinOMStream@@QAEXXZ,public: void __thiscall srBinOMStream::`vbase dtor'(void),
wiz8--gog-base--wiz8--18a74ff61c65,005f05b8,1,0,object-import,-96,,005eb778,SR.DLL!??1BitOStream@srHuffman@@QAE@XZ,public: __thiscall srHuffman::BitOStream::~BitOStream(void),
wiz8--gog-base--wiz8--18a74ff61c65,005f05b8,2,1,object-import,-164,,005eb768,SR.DLL!??1Sampler@srHuffman@@QAE@XZ,public: __thiscall srHuffman::Sampler::~Sampler(void),
wiz8--gog-base--wiz8--18a74ff61c65,005f05b8,3,2,object-import,-136,,005eb77c,SR.DLL!??1Compressor@srHuffman@@QAE@XZ,public: __thiscall srHuffman::Compressor::~Compressor(void),
wiz8--gog-base--wiz8--18a74ff61c65,005f05b8,4,1,object,-164,0055db80,,,,
wiz8--gog-base--wiz8--18a74ff61c65,005f05b8,5,-1,pointer-import,-220,,005eb764,SR.DLL!??1srBinOStream@@UAE@XZ,public: virtual __thiscall srBinOStream::~srBinOStream(void),
wiz8--gog-base--wiz8--18a74ff61c65,005f05b8,6,-1,pointer-import,-220,,005eb764,SR.DLL!??1srBinOStream@@UAE@XZ,public: virtual __thiscall srBinOStream::~srBinOStream(void),
wiz8--gog-base--wiz8--18a74ff61c65,005f05b8,7,-1,pointer-import,-220,,005eb764,SR.DLL!??1srBinOStream@@UAE@XZ,public: virtual __thiscall srBinOStream::~srBinOStream(void),
wiz8--gog-base--wiz8--18a74ff61c65,005f0618,0,-1,pointer-import,-16,,005eb6d8,SR.DLL!??1srClass@@MAE@XZ,protected: virtual __thiscall srClass::~srClass(void),
wiz8--gog-base--wiz8--18a74ff61c65,005f0640,0,-1,pointer,-16,0046f3f0,,,,
wiz8--gog-base--wiz8--18a74ff61c65,005f0668,0,-1,pointer,-16,00445e00,,,,
wiz8--gog-base--wiz8--18a74ff61c65,005f0668,1,-1,pointer-import,-16,,005eb6d8,SR.DLL!??1srClass@@MAE@XZ,protected: virtual __thiscall srClass::~srClass(void),
wiz8--gog-base--wiz8--18a74ff61c65,005f0698,0,-1,pointer,-16,005e1c10,,,,
wiz8--gog-base--wiz8--18a74ff61c65,005f06c0,0,-1,pointer,-144,0046f3f0,,,,
wiz8--gog-base--wiz8--18a74ff61c65,005f06e8,0,-1,pointer,-176,0046f3f0,,,,
wiz8--gog-base--wiz8--18a74ff61c65,005f0710,0,-1,pointer,-328,005e1c10,,,,
wiz8--gog-base--wiz8--18a74ff61c65,005f0710,1,-1,pointer,-328,005e1c10,,,,
wiz8--gog-base--wiz8--18a74ff61c65,005f0710,2,-1,pointer,-328,005e1c10,,,,
wiz8--gog-base--wiz8--18a74ff61c65,005f0710,3,-1,pointer,-288,005e1c10,,,,
wiz8--gog-base--wiz8--18a74ff61c65,005f0710,4,-1,pointer,-288,005e1c10,,,,
wiz8--gog-base--wiz8--18a74ff61c65,005f0710,5,-1,pointer,-328,005e1c10,,,,
wiz8--gog-base--wiz8--18a74ff61c65,005f0710,6,-1,pointer,-288,005e1c10,,,,
wiz8--gog-base--wiz8--18a74ff61c65,005f0710,7,-1,pointer,-328,005e1c10,,,,
wiz8--gog-base--wiz8--18a74ff61c65,005f0710,8,-1,pointer,-328,005e1c10,,,,
wiz8--gog-base--wiz8--18a74ff61c65,005f0710,9,-1,pointer,-328,005e1c10,,,,
wiz8--gog-base--wiz8--18a74ff61c65,005f0780,0,-1,pointer,-2504,0046f3f0,,,,
wiz8--gog-base--wiz8--18a74ff61c65,005f0780,1,-1,pointer,-2512,005e1c10,,,,
wiz8--gog-base--wiz8--18a74ff61c65,005f07b0,0,-1,pointer,-40,005e1c10,,,,
wiz8--gog-base--wiz8--18a74ff61c65,005f07d8,0,-1,pointer,-16,005e1c10,,,,
wiz8--gog-base--wiz8--18a74ff61c65,005f07d8,1,-1,pointer,4,005e1c10,,,,
wiz8--gog-base--wiz8--18a74ff61c65,005f0808,0,-1,object,-28,00446070,,,,
wiz8--gog-base--wiz8--18a74ff61c65,005f0830,0,-1,pointer,8,0046f3f0,,,,
wiz8--gog-base--wiz8--18a74ff61c65,005f0858,0,-1,pointer-import,-16,,005eb6d8,SR.DLL!??1srClass@@MAE@XZ,protected: virtual __thiscall srClass::~srClass(void),
wiz8--gog-base--wiz8--18a74ff61c65,005f0880,0,-1,pointer,-16,0046cdd0,,,,
wiz8--gog-base--wiz8--18a74ff61c65,005f08a8,0,-1,pointer,-16,0046cdd0,,,,
wiz8--gog-base--wiz8--18a74ff61c65,005f08d0,0,-1,object,-168,0046cdd0,,,,
wiz8--gog-base--wiz8--18a74ff61c65,005f08d0,1,0,pointer,-208,005e1c10,,,,
wiz8--gog-base--wiz8--18a74ff61c65,005f0900,0,-1,object,-168,0046cdd0,,,,
wiz8--gog-base--wiz8--18a74ff61c65,005f0900,1,0,pointer,-200,005e1c10,,,,
wiz8--gog-base--wiz8--18a74ff61c65,005f0930,0,-1,object,-168,0046cdd0,,,,
wiz8--gog-base--wiz8--18a74ff61c65,005f0958,0,-1,object,-192,0046cdd0,,,,
wiz8--gog-base--wiz8--18a74ff61c65,005f0980,0,-1,pointer,4,005e1c10,,,,
wiz8--gog-base--wiz8--18a74ff61c65,005f09a8,0,-1,pointer,-16,005e1c10,,,,
wiz8--gog-base--wiz8--18a74ff61c65,005f09a8,1,-1,pointer,-16,005e1c10,,,,
wiz8--gog-base--wiz8--18a74ff61c65,005f09d8,0,-1,pointer,8,005e1c10,,,,
wiz8--gog-base--wiz8--18a74ff61c65,005f0a00,0,-1,pointer,-120,005e1c10,,,,
wiz8--gog-base--wiz8--18a74ff61c65,005f0a00,1,-1,pointer,-120,005e1c10,,,,
wiz8--gog-base--wiz8--18a74ff61c65,005f0a30,0,-1,pointer,4,005e1c10,,,,
wiz8--gog-base--wiz8--18a74ff61c65,005f0a58,0,-1,object,-1072,0055db80,,,,
wiz8--gog-base--wiz8--18a74ff61c65,005f0a58,1,0,object,-1052,0055db80,,,,
wiz8--gog-base--wiz8--18a74ff61c65,005f0a88,0,-1,pointer,-16,0044ef20,,,,
wiz8--gog-base--wiz8--18a74ff61c65,005f0a88,1,0,pointer,-16,0044ef00,,,,
wiz8--gog-base--wiz8--18a74ff61c65,005f0ab8,0,-1,pointer,-16,0044ef20,,,,
wiz8--gog-base--wiz8--18a74ff61c65,005f0ab8,1,0,pointer,-16,0044ef00,,,,
wiz8--gog-base--wiz8--18a74ff61c65,005f0ae8,0,-1,pointer,-32,004b6b60,,,,
wiz8--gog-base--wiz8--18a74ff61c65,005f0ae8,1,0,pointer,-28,005e1c10,,,,
wiz8--gog-base--wiz8--18a74ff61c65,005f0ae8,2,1,pointer,-28,0044ef20,,,,
wiz8--gog-base--wiz8--18a74ff61c65,005f0ae8,3,0,pointer,-28,005e1c10,,,,
wiz8--gog-base--wiz8--18a74ff61c65,005f0b28,0,-1,pointer,-16,004b6b60,,,,
wiz8--gog-base--wiz8--18a74ff61c65,005f0b50,0,-1,pointer,4,005e1c10,,,,
wiz8--gog-base--wiz8--18a74ff61c65,005f0b78,0,-1,pointer,-16,005e1c10,,,,
wiz8--gog-base--wiz8--18a74ff61c65,005f0ba0,0,-1,pointer,8,005e1c10,,,,
wiz8--gog-base--wiz8--18a74ff61c65,005f0ba0,1,-1,pointer,4,005e1c10,,,,
wiz8--gog-base--wiz8--18a74ff61c65,005f0bd0,0,-1,pointer,-16,005e1c10,,,,
wiz8--gog-base--wiz8--18a74ff61c65,005f0bf8,0,-1,pointer,-16,005e1c10,,,,
wiz8--gog-base--wiz8--18a74ff61c65,005f0c20,0,-1,pointer,-16,005e1c10,,,,
wiz8--gog-base--wiz8--18a74ff61c65,005f0c48,0,-1,pointer,-16,0046f3f0,,,,
wiz8--gog-base--wiz8--18a74ff61c65,005f0c48,1,-1,pointer,-16,0046f3f0,,,,
wiz8--gog-base--wiz8--18a74ff61c65,005f0c48,2,-1,pointer,-16,0046f3f0,,,,
wiz8--gog-base--wiz8--18a74ff61c65,005f0c80,0,-1,pointer,-6160,005e1c10,,,,
wiz8--gog-base--wiz8--18a74ff61c65,005f0ca8,0,-1,pointer,4,005e1c10,,,,
wiz8--gog-base--wiz8--18a74ff61c65,005f0ca8,1,-1,pointer,4,005e1c10,,,,
wiz8--gog-base--wiz8--18a74ff61c65,005f0ca8,2,-1,pointer,4,005e1c10,,,,
wiz8--gog-base--wiz8--18a74ff61c65,005f0ca8,3,-1,pointer,4,005e1c10,,,,
wiz8--gog-base--wiz8--18a74ff61c65,005f0ca8,4,-1,pointer,4,005e1c10,,,,
wiz8--gog-base--wiz8--18a74ff61c65,005f0ca8,5,-1,pointer,4,005e1c10,,,,
wiz8--gog-base--wiz8--18a74ff61c65,005f0ca8,6,-1,pointer,4,005e1c10,,,,
wiz8--gog-base--wiz8--18a74ff61c65,005f0ca8,7,-1,pointer,4,005e1c10,,,,
wiz8--gog-base--wiz8--18a74ff61c65,005f0d08,0,-1,pointer,-20,00457530,,,,
wiz8--gog-base--wiz8--18a74ff61c65,005f0d08,1,0,pointer,-16,0046f3f0,,,,
wiz8--gog-base--wiz8--18a74ff61c65,005f0d38,0,-1,pointer,-16,00457530,,,,
wiz8--gog-base--wiz8--18a74ff61c65,005f0d60,0,-1,pointer,-40,00457530,,,,
wiz8--gog-base--wiz8--18a74ff61c65,005f0d60,1,0,pointer,4,0046f3f0,,,,
wiz8--gog-base--wiz8--18a74ff61c65,005f0d90,0,-1,pointer,-28,005e1c10,,,,
wiz8--gog-base--wiz8--18a74ff61c65,005f0db8,0,-1,pointer,-16,005e1c10,,,,
wiz8--gog-base--wiz8--18a74ff61c65,005f0db8,1,-1,pointer,-16,005e1c10,,,,
wiz8--gog-base--wiz8--18a74ff61c65,005f0db8,2,-1,pointer,-16,005e1c10,,,,
wiz8--gog-base--wiz8--18a74ff61c65,005f0db8,3,-1,pointer,-16,005e1c10,,,,
wiz8--gog-base--wiz8--18a74ff61c65,005f0df8,0,-1,pointer,-296,005e1c10,,,,
wiz8--gog-base--wiz8--18a74ff61c65,005f0df8,1,-1,pointer,-296,005e1c10,,,,
wiz8--gog-base--wiz8--18a74ff61c65,005f0e28,0,-1,pointer,-300,005e1c10,,,,
wiz8--gog-base--wiz8--18a74ff61c65,005f0e28,1,0,pointer,-284,005e1c10,,,,
wiz8--gog-base--wiz8--18a74ff61c65,005f0e58,0,-1,pointer,-20,0046f3f0,,,,
wiz8--gog-base--wiz8--18a74ff61c65,005f0e80,0,-1,pointer,-28,005e1c10,,,,
wiz8--gog-base--wiz8--18a74ff61c65,005f0e80,1,-1,pointer,-28,005e1c10,,,,
wiz8--gog-base--wiz8--18a74ff61c65,005f0e80,2,-1,pointer,-28,005e1c10,,,,
wiz8--gog-base--wiz8--18a74ff61c65,005f0eb8,0,-1,object,-108,004563a0,,,,
wiz8--gog-base--wiz8--18a74ff61c65,005f0ee0,0,-1,pointer,-20,0042de60,,,,
wiz8--gog-base--wiz8--18a74ff61c65,005f0ee0,1,0,pointer,-16,005e1c10,,,,
wiz8--gog-base--wiz8--18a74ff61c65,005f0f10,0,-1,pointer,-16,0042de60,,,,
wiz8--gog-base--wiz8--18a74ff61c65,005f0f38,0,-1,pointer,-32,005e1c10,,,,
wiz8--gog-base--wiz8--18a74ff61c65,005f0f38,1,-1,pointer,-32,005e1c10,,,,
wiz8--gog-base--wiz8--18a74ff61c65,005f0f68,0,-1,object,-1116,0055db80,,,,
wiz8--gog-base--wiz8--18a74ff61c65,005f0f68,1,0,object,-1064,0055db80,,,,
wiz8--gog-base--wiz8--18a74ff61c65,005f0f68,2,1,pointer,-1084,005e1c10,,,,
wiz8--gog-base--wiz8--18a74ff61c65,005f0f68,3,1,pointer,-1084,005e1c10,,,,
wiz8--gog-base--wiz8--18a74ff61c65,005f0f68,4,1,pointer,-1084,005e1c10,,,,
wiz8--gog-base--wiz8--18a74ff61c65,005f0fb0,0,-1,pointer,-44,005e1c10,,,,
wiz8--gog-base--wiz8--18a74ff61c65,005f0fb0,1,-1,pointer,-44,005e1c10,,,,
wiz8--gog-base--wiz8--18a74ff61c65,005f0fe0,0,-1,pointer,-16,0046f3f0,,,,
wiz8--gog-base--wiz8--18a74ff61c65,005f1008,0,-1,pointer,8,0046f3f0,,,,
wiz8--gog-base--wiz8--18a74ff61c65,005f1008,1,-1,pointer,8,0046f3f0,,,,
wiz8--gog-base--wiz8--18a74ff61c65,005f1038,0,-1,pointer,4,0046f3f0,,,,
wiz8--gog-base--wiz8--18a74ff61c65,005f1060,0,-1,pointer,4,0046f3f0,,,,
wiz8--gog-base--wiz8--18a74ff61c65,005f1088,0,-1,pointer-import,-16,,005eb584,SR.DLL!??1srMeshModel@@MAE@XZ,protected: virtual __thiscall srMeshModel::~srMeshModel(void),
wiz8--gog-base--wiz8--18a74ff61c65,005f1088,1,-1,pointer,-16,00474560,,,,
wiz8--gog-base--wiz8--18a74ff61c65,005f1088,2,1,pointer,-16,005e1e71,,,,004741b0
wiz8--gog-base--wiz8--18a74ff61c65,005f1088,3,2,pointer,-16,004741b0,,,,
wiz8--gog-base--wiz8--18a74ff61c65,005f1088,4,3,pointer,-16,00474b80,,,,
wiz8--gog-base--wiz8--18a74ff61c65,005f1088,5,4,pointer,-16,00474ba0,,,,
wiz8--gog-base--wiz8--18a74ff61c65,005f1088,6,5,pointer,-16,00446050,,,,
wiz8--gog-base--wiz8--18a74ff61c65,005f1088,7,6,pointer,-16,00474bc0,,,,
wiz8--gog-base--wiz8--18a74ff61c65,005f1088,8,7,pointer,-16,00474bc0,,,,
wiz8--gog-base--wiz8--18a74ff61c65,005f10f0,0,-1,pointer,-16,00474560,,,,
wiz8--gog-base--wiz8--18a74ff61c65,005f10f0,1,0,pointer,-16,005e1e71,,,,004741b0
wiz8--gog-base--wiz8--18a74ff61c65,005f10f0,2,1,pointer,-16,004741b0,,,,
wiz8--gog-base--wiz8--18a74ff61c65,005f10f0,3,2,pointer,-16,00474b80,,,,
wiz8--gog-base--wiz8--18a74ff61c65,005f10f0,4,3,pointer,-16,00474ba0,,,,
wiz8--gog-base--wiz8--18a74ff61c65,005f10f0,5,4,pointer,-16,00446050,,,,
wiz8--gog-base--wiz8--18a74ff61c65,005f10f0,6,5,pointer,-16,00474bc0,,,,
wiz8--gog-base--wiz8--18a74ff61c65,005f10f0,7,6,pointer,-16,00474bc0,,,,
wiz8--gog-base--wiz8--18a74ff61c65,005f10f0,8,-1,pointer-import,-16,,005eb584,SR.DLL!??1srMeshModel@@MAE@XZ,protected: virtual __thiscall srMeshModel::~srMeshModel(void),
wiz8--gog-base--wiz8--18a74ff61c65,005f1158,0,-1,pointer,-24,005e1c10,,,,
wiz8--gog-base--wiz8--18a74ff61c65,005f1158,1,-1,pointer,4,005e1c10,,,,
wiz8--gog-base--wiz8--18a74ff61c65,005f1158,2,-1,pointer,4,005e1c10,,,,
wiz8--gog-base--wiz8--18a74ff61c65,005f1158,3,-1,pointer,4,005e1c10,,,,
wiz8--gog-base--wiz8--18a74ff61c65,005f1198,0,-1,pointer-import,-16,,005eb584,SR.DLL!??1srMeshModel@@MAE@XZ,protected: virtual __thiscall srMeshModel::~srMeshModel(void),
wiz8--gog-base--wiz8--18a74ff61c65,005f11c0,0,-1,pointer,-16,0046f3f0,,,,
wiz8--gog-base--wiz8--18a74ff61c65,005f11e8,0,-1,pointer,4,005e1c10,,,,
wiz8--gog-base--wiz8--18a74ff61c65,005f11e8,1,0,pointer,4,004741b0,,,,
wiz8--gog-base--wiz8--18a74ff61c65,005f11e8,2,1,pointer,4,004741b0,,,,
wiz8--gog-base--wiz8--18a74ff61c65,005f11e8,3,2,pointer,4,004701b0,,,,
wiz8--gog-base--wiz8--18a74ff61c65,005f11e8,4,3,pointer,4,004701b0,,,,
wiz8--gog-base--wiz8--18a74ff61c65,005f11e8,5,4,pointer,4,004701b0,,,,
wiz8--gog-base--wiz8--18a74ff61c65,005f11e8,6,5,pointer,-16,005e1c10,,,,
wiz8--gog-base--wiz8--18a74ff61c65,005f1240,0,-1,pointer,-16,004741b0,,,,
wiz8--gog-base--wiz8--18a74ff61c65,005f1240,1,0,pointer,-16,004741b0,,,,
wiz8--gog-base--wiz8--18a74ff61c65,005f1240,2,1,pointer,-16,004701b0,,,,
wiz8--gog-base--wiz8--18a74ff61c65,005f1240,3,2,pointer,-16,004701b0,,,,
wiz8--gog-base--wiz8--18a74ff61c65,005f1240,4,3,pointer,-16,004701b0,,,,
wiz8--gog-base--wiz8--18a74ff61c65,005f1288,0,-1,pointer,-40,005e1c10,,,,
wiz8--gog-base--wiz8--18a74ff61c65,005f12b0,0,-1,pointer,-72,0046f3f0,,,,
wiz8--gog-base--wiz8--18a74ff61c65,005f12d8,0,-1,pointer,-16,005e1c10,,,,
wiz8--gog-base--wiz8--18a74ff61c65,005f1300,0,-1,pointer,-1044,0046f3f0,,,,
wiz8--gog-base--wiz8--18a74ff61c65,005f1300,1,-1,pointer,-1044,0046f3f0,,,,
wiz8--gog-base--wiz8--18a74ff61c65,005f1300,2,-1,pointer,-1044,0046f3f0,,,,
wiz8--gog-base--wiz8--18a74ff61c65,005f1300,3,-1,pointer,-1044,0046f3f0,,,,
wiz8--gog-base--wiz8--18a74ff61c65,005f1300,4,-1,pointer,-1044,0046f3f0,,,,
wiz8--gog-base--wiz8--18a74ff61c65,005f1300,5,-1,pointer,-1044,0046f3f0,,,,
wiz8--gog-base--wiz8--18a74ff61c65,005f1300,6,-1,pointer,-1044,0046f3f0,,,,
wiz8--gog-base--wiz8--18a74ff61c65,005f1300,7,-1,pointer,-1044,0046f3f0,,,,
wiz8--gog-base--wiz8--18a74ff61c65,005f1360,0,-1,pointer-import,-16,,005eb8ac,SR.DLL!??1srTexture@@MAE@XZ,protected: virtual __thiscall srTexture::~srTexture(void),
wiz8--gog-base--wiz8--18a74ff61c65,005f1360,1,-1,pointer,-16,0047d870,,,,
wiz8--gog-base--wiz8--18a74ff61c65,005f1390,0,-1,pointer,-16,0046f3f0,,,,
wiz8--gog-base--wiz8--18a74ff61c65,005f13b8,0,-1,pointer,-16,0047d870,,,,
wiz8--gog-base--wiz8--18a74ff61c65,005f13b8,1,-1,pointer-import,-16,,005eb8ac,SR.DLL!??1srTexture@@MAE@XZ,protected: virtual __thiscall srTexture::~srTexture(void),
wiz8--gog-base--wiz8--18a74ff61c65,005f13e8,0,-1,pointer,-16,005e1c10,,,,
wiz8--gog-base--wiz8--18a74ff61c65,005f1410,0,-1,pointer-import,-56,,005eb8c8,SR.DLL!??1srBinStream@@UAE@XZ,public: virtual __thiscall srBinStream::~srBinStream(void),
wiz8--gog-base--wiz8--18a74ff61c65,005f1410,1,0,pointer-import,-52,,005eb8c4,SR.DLL!??1srBinIStream@@UAE@XZ,public: virtual __thiscall srBinIStream::~srBinIStream(void),
wiz8--gog-base--wiz8--18a74ff61c65,005f1410,2,1,object,-36,0047cdd0,,,,
wiz8--gog-base--wiz8--18a74ff61c65,005f1410,3,2,object,-24,0047cdd0,,,,
wiz8--gog-base--wiz8--18a74ff61c65,005f1410,4,3,object,-48,0047cdd0,,,,
wiz8--gog-base--wiz8--18a74ff61c65,005f1458,0,-1,object,-24,0047cdd0,,,,
wiz8--gog-base--wiz8--18a74ff61c65,005f1458,1,0,object,-36,0047cdd0,,,,
wiz8--gog-base--wiz8--18a74ff61c65,005f1458,2,0,object,-36,0047cdd0,,,,
wiz8--gog-base--wiz8--18a74ff61c65,005f1458,3,0,object,-36,0047cdd0,,,,
wiz8--gog-base--wiz8--18a74ff61c65,005f1458,4,0,object,-36,0047cdd0,,,,
wiz8--gog-base--wiz8--18a74ff61c65,005f14a0,0,-1,pointer,-28,0047cdd0,,,,
wiz8--gog-base--wiz8--18a74ff61c65,005f14a0,1,0,object,-24,0047cdd0,,,,
wiz8--gog-base--wiz8--18a74ff61c65,005f14d0,0,-1,pointer-import,-16,,005eb8ac,SR.DLL!??1srTexture@@MAE@XZ,protected: virtual __thiscall srTexture::~srTexture(void),
wiz8--gog-base--wiz8--18a74ff61c65,005f14f8,0,-1,pointer-import,-20,,005eb7c0,SR.DLL!??1srNode@@MAE@XZ,protected: virtual __thiscall srNode::~srNode(void),
wiz8--gog-base--wiz8--18a74ff61c65,005f14f8,1,-1,pointer,-20,0047eac0,,,,
wiz8--gog-base--wiz8--18a74ff61c65,005f14f8,2,1,pointer,-16,0046f3f0,,,,
wiz8--gog-base--wiz8--18a74ff61c65,005f14f8,3,2,pointer-import,-16,,005eb8ac,SR.DLL!??1srTexture@@MAE@XZ,protected: virtual __thiscall srTexture::~srTexture(void),
wiz8--gog-base--wiz8--18a74ff61c65,005f14f8,4,2,pointer,-16,0047e830,,,,
wiz8--gog-base--wiz8--18a74ff61c65,005f1540,0,-1,pointer,-16,0046f3f0,,,,
wiz8--gog-base--wiz8--18a74ff61c65,005f1540,1,0,pointer-import,-16,,005eb8ac,SR.DLL!??1srTexture@@MAE@XZ,protected: virtual __thiscall srTexture::~srTexture(void),
wiz8--gog-base--wiz8--18a74ff61c65,005f1540,2,0,pointer,-16,0047e830,,,,
wiz8--gog-base--wiz8--18a74ff61c65,005f1578,0,-1,pointer,-16,0047eac0,,,,
wiz8--gog-base--wiz8--18a74ff61c65,005f1578,1,-1,pointer-import,-16,,005eb7c0,SR.DLL!??1srNode@@MAE@XZ,protected: virtual __thiscall srNode::~srNode(void),
wiz8--gog-base--wiz8--18a74ff61c65,005f15a8,0,-1,pointer,-16,0047e830,,,,
wiz8--gog-base--wiz8--18a74ff61c65,005f15a8,1,-1,pointer-import,-16,,005eb8ac,SR.DLL!??1srTexture@@MAE@XZ,protected: virtual __thiscall srTexture::~srTexture(void),
wiz8--gog-base--wiz8--18a74ff61c65,005f15d8,0,-1,pointer-import,-16,,005eb8ac,SR.DLL!??1srTexture@@MAE@XZ,protected: virtual __thiscall srTexture::~srTexture(void),
wiz8--gog-base--wiz8--18a74ff61c65,005f1600,0,-1,pointer-import,-16,,005eb7c0,SR.DLL!??1srNode@@MAE@XZ,protected: virtual __thiscall srNode::~srNode(void),
wiz8--gog-base--wiz8--18a74ff61c65,005f1628,0,-1,pointer-import,-16,,005eb938,SR.DLL!??1srModelInstance@@MAE@XZ,protected: virtual __thiscall srModelInstance::~srModelInstance(void),
wiz8--gog-base--wiz8--18a74ff61c65,005f1628,1,-1,pointer,-16,00481940,,,,
wiz8--gog-base--wiz8--18a74ff61c65,005f1628,2,1,pointer,-16,004741b0,,,,
wiz8--gog-base--wiz8--18a74ff61c65,005f1660,0,-1,pointer,-16,00481940,,,,
wiz8--gog-base--wiz8--18a74ff61c65,005f1660,1,0,pointer,-16,004741b0,,,,
wiz8--gog-base--wiz8--18a74ff61c65,005f1660,2,-1,pointer-import,-16,,005eb938,SR.DLL!??1srModelInstance@@MAE@XZ,protected: virtual __thiscall srModelInstance::~srModelInstance(void),
wiz8--gog-base--wiz8--18a74ff61c65,005f1698,0,-1,pointer-import,-16,,005eb938,SR.DLL!??1srModelInstance@@MAE@XZ,protected: virtual __thiscall srModelInstance::~srModelInstance(void),
wiz8--gog-base--wiz8--18a74ff61c65,005f1698,1,-1,pointer,-16,00481b20,,,,
wiz8--gog-base--wiz8--18a74ff61c65,005f16c8,0,-1,pointer,-16,00481b20,,,,
wiz8--gog-base--wiz8--18a74ff61c65,005f16c8,1,-1,pointer-import,-16,,005eb938,SR.DLL!??1srModelInstance@@MAE@XZ,protected: virtual __thiscall srModelInstance::~srModelInstance(void),
wiz8--gog-base--wiz8--18a74ff61c65,005f16f8,0,-1,pointer,-452,0046f3f0,,,,
wiz8--gog-base--wiz8--18a74ff61c65,005f16f8,1,0,pointer,-452,00429f00,,,,
wiz8--gog-base--wiz8--18a74ff61c65,005f16f8,2,-1,pointer,-596,005e1c10,,,,
wiz8--gog-base--wiz8--18a74ff61c65,005f1730,0,-1,pointer,-520,0046f3f0,,,,
wiz8--gog-base--wiz8--18a74ff61c65,005f1758,0,-1,pointer,-48,0046f3f0,,,,
wiz8--gog-base--wiz8--18a74ff61c65,005f1758,1,-1,pointer,-48,005e1c10,,,,
wiz8--gog-base--wiz8--18a74ff61c65,005f1788,0,-1,pointer-import,-16,,005eb938,SR.DLL!??1srModelInstance@@MAE@XZ,protected: virtual __thiscall srModelInstance::~srModelInstance(void),
wiz8--gog-base--wiz8--18a74ff61c65,005f17b0,0,-1,pointer-import,-16,,005eb938,SR.DLL!??1srModelInstance@@MAE@XZ,protected: virtual __thiscall srModelInstance::~srModelInstance(void),
wiz8--gog-base--wiz8--18a74ff61c65,005f17d8,0,-1,pointer,-16,0046f3f0,,,,
wiz8--gog-base--wiz8--18a74ff61c65,005f1800,0,-1,pointer,-16,0046f3f0,,,,
wiz8--gog-base--wiz8--18a74ff61c65,005f1800,1,0,pointer-import,-16,,005eb938,SR.DLL!??1srModelInstance@@MAE@XZ,protected: virtual __thiscall srModelInstance::~srModelInstance(void),
wiz8--gog-base--wiz8--18a74ff61c65,005f1800,2,0,pointer,-16,00481b20,,,,
wiz8--gog-base--wiz8--18a74ff61c65,005f1838,0,-1,pointer,4,0046f3f0,,,,
wiz8--gog-base--wiz8--18a74ff61c65,005f1838,1,-1,pointer,4,0046f3f0,,,,
wiz8--gog-base--wiz8--18a74ff61c65,005f1868,0,-1,pointer-import,-16,,005eb8ac,SR.DLL!??1srTexture@@MAE@XZ,protected: virtual __thiscall srTexture::~srTexture(void),
wiz8--gog-base--wiz8--18a74ff61c65,005f1868,1,-1,pointer,-16,00485910,,,,
wiz8--gog-base--wiz8--18a74ff61c65,005f1868,2,1,pointer,-20,005e1c10,,,,
wiz8--gog-base--wiz8--18a74ff61c65,005f18a0,0,-1,pointer,-16,0046f3f0,,,,
wiz8--gog-base--wiz8--18a74ff61c65,005f18a0,1,0,pointer-import,-16,,005eb8ac,SR.DLL!??1srTexture@@MAE@XZ,protected: virtual __thiscall srTexture::~srTexture(void),
wiz8--gog-base--wiz8--18a74ff61c65,005f18a0,2,0,pointer,-16,00485910,,,,
wiz8--gog-base--wiz8--18a74ff61c65,005f18a0,3,2,pointer,-20,005e1c10,,,,
wiz8--gog-base--wiz8--18a74ff61c65,005f18e0,0,-1,pointer-import,-16,,005eb8ac,SR.DLL!??1srTexture@@MAE@XZ,protected: virtual __thiscall srTexture::~srTexture(void),
wiz8--gog-base--wiz8--18a74ff61c65,005f18e0,1,-1,pointer,-16,00485910,,,,
wiz8--gog-base--wiz8--18a74ff61c65,005f18e0,2,1,pointer,-20,005e1c10,,,,
wiz8--gog-base--wiz8--18a74ff61c65,005f1918,0,-1,pointer,-16,00485910,,,,
wiz8--gog-base--wiz8--18a74ff61c65,005f1918,1,-1,pointer-import,-16,,005eb8ac,SR.DLL!??1srTexture@@MAE@XZ,protected: virtual __thiscall srTexture::~srTexture(void),
wiz8--gog-base--wiz8--18a74ff61c65,005f1948,0,-1,pointer-import,-16,,005eb8ac,SR.DLL!??1srTexture@@MAE@XZ,protected: virtual __thiscall srTexture::~srTexture(void),
wiz8--gog-base--wiz8--18a74ff61c65,005f1970,0,-1,object,-248,00474bc0,,,,
wiz8--gog-base--wiz8--18a74ff61c65,005f1970,1,0,object,-232,00474bc0,,,,
wiz8--gog-base--wiz8--18a74ff61c65,005f19a0,0,-1,pointer,-44,005e1c10,,,,
wiz8--gog-base--wiz8--18a74ff61c65,005f19a0,1,-1,object,-28,0055db80,,,,
wiz8--gog-base--wiz8--18a74ff61c65,005f19a0,2,-1,object,-40,00487980,,,,
wiz8--gog-base--wiz8--18a74ff61c65,005f19d8,0,-1,object,-84,0049e500,,,,
wiz8--gog-base--wiz8--18a74ff61c65,005f1a00,0,-1,pointer,-880,005e1c10,,,,
wiz8--gog-base--wiz8--18a74ff61c65,005f1a00,1,-1,object,-800,00489f50,,,,
wiz8--gog-base--wiz8--18a74ff61c65,005f1a00,2,1,object,-140,005e1e71,,,,0055db80
wiz8--gog-base--wiz8--18a74ff61c65,005f1a00,3,2,object,-816,00474bc0,,,,
wiz8--gog-base--wiz8--18a74ff61c65,005f1a00,4,3,object,-832,00474bc0,,,,
wiz8--gog-base--wiz8--18a74ff61c65,005f1a00,5,4,object,-428,005e1e71,,,,00438c50
wiz8--gog-base--wiz8--18a74ff61c65,005f1a00,6,5,object,-268,005e1e71,,,,00438c50
wiz8--gog-base--wiz8--18a74ff61c65,005f1a00,7,6,pointer,-880,005e1c10,,,,
wiz8--gog-base--wiz8--18a74ff61c65,005f1a00,8,6,pointer,-880,005e1c10,,,,
wiz8--gog-base--wiz8--18a74ff61c65,005f1a00,9,6,pointer,-880,0046f3f0,,,,
wiz8--gog-base--wiz8--18a74ff61c65,005f1a70,0,-1,pointer,-1568,005e1c10,,,,
wiz8--gog-base--wiz8--18a74ff61c65,005f1a70,1,0,pointer,-1568,0048cd80,,,,
wiz8--gog-base--wiz8--18a74ff61c65,005f1a70,2,1,pointer,-1568,0048cd60,,,,
wiz8--gog-base--wiz8--18a74ff61c65,005f1a70,3,2,pointer,-1568,0048cd60,,,,
wiz8--gog-base--wiz8--18a74ff61c65,005f1a70,4,3,pointer,-1568,0048cd60,,,,
wiz8--gog-base--wiz8--18a74ff61c65,005f1ab8,0,-1,object,-28,00474b80,,,,
wiz8--gog-base--wiz8--18a74ff61c65,005f1ae0,0,-1,pointer,-24,005e1c10,,,,
wiz8--gog-base--wiz8--18a74ff61c65,005f1b08,0,-1,pointer,-48,005e1c10,,,,
wiz8--gog-base--wiz8--18a74ff61c65,005f1b30,0,-1,object,-28,00451e10,,,,
wiz8--gog-base--wiz8--18a74ff61c65,005f1b58,0,-1,object-import,-68,,005eb514,SR.DLL!??1srModeler@@UAE@XZ,public: virtual __thiscall srModeler::~srModeler(void),
wiz8--gog-base--wiz8--18a74ff61c65,005f1b58,1,0,object-import,-240,,005eb9ac,SR.DLL!??1Polygon@srModeler@@QAE@XZ,public: __thiscall srModeler::Polygon::~Polygon(void),
wiz8--gog-base--wiz8--18a74ff61c65,005f1b58,2,1,pointer,-16,0046f3f0,,,,
wiz8--gog-base--wiz8--18a74ff61c65,005f1b58,3,1,pointer,-16,0046f3f0,,,,
wiz8--gog-base--wiz8--18a74ff61c65,005f1b58,4,1,pointer,-16,0046f3f0,,,,
wiz8--gog-base--wiz8--18a74ff61c65,005f1b58,5,4,pointer,-16,00429f00,,,,
wiz8--gog-base--wiz8--18a74ff61c65,005f1b58,6,1,pointer,-16,005e1c10,,,,
wiz8--gog-base--wiz8--18a74ff61c65,005f1b58,7,1,pointer,-16,0046f3f0,,,,
wiz8--gog-base--wiz8--18a74ff61c65,005f1b58,8,1,pointer,-16,0046f3f0,,,,
wiz8--gog-base--wiz8--18a74ff61c65,005f1bc0,0,-1,pointer,-16,0046f3f0,,,,
wiz8--gog-base--wiz8--18a74ff61c65,005f1be8,0,-1,pointer,-96,0046f3f0,,,,
wiz8--gog-base--wiz8--18a74ff61c65,005f1be8,1,0,pointer,-96,00429f00,,,,
wiz8--gog-base--wiz8--18a74ff61c65,005f1c18,0,-1,pointer-import,-16,,005eb6d4,SR.DLL!??1srMaterialIFace@@UAE@XZ,public: virtual __thiscall srMaterialIFace::~srMaterialIFace(void),
wiz8--gog-base--wiz8--18a74ff61c65,005f1c18,1,-1,pointer,-16,00429f00,,,,
wiz8--gog-base--wiz8--18a74ff61c65,005f1c18,2,-1,pointer-import,-16,,005eb508,SR.DLL!??1srMaterial@@MAE@XZ,protected: virtual __thiscall srMaterial::~srMaterial(void),
wiz8--gog-base--wiz8--18a74ff61c65,005f1c50,0,-1,pointer,-16,00492a30,,,,
wiz8--gog-base--wiz8--18a74ff61c65,005f1c50,1,-1,pointer-import,-16,,005eb508,SR.DLL!??1srMaterial@@MAE@XZ,protected: virtual __thiscall srMaterial::~srMaterial(void),
wiz8--gog-base--wiz8--18a74ff61c65,005f1c50,2,-1,pointer-import,-16,,005eb6d4,SR.DLL!??1srMaterialIFace@@UAE@XZ,public: virtual __thiscall srMaterialIFace::~srMaterialIFace(void),
wiz8--gog-base--wiz8--18a74ff61c65,005f1c50,3,-1,pointer-import,-16,,005eb6d8,SR.DLL!??1srClass@@MAE@XZ,protected: virtual __thiscall srClass::~srClass(void),
wiz8--gog-base--wiz8--18a74ff61c65,005f1c90,0,-1,pointer-import,-16,,005eb508,SR.DLL!??1srMaterial@@MAE@XZ,protected: virtual __thiscall srMaterial::~srMaterial(void),
wiz8--gog-base--wiz8--18a74ff61c65,005f1c90,1,-1,pointer-import,-16,,005eb6d4,SR.DLL!??1srMaterialIFace@@UAE@XZ,public: virtual __thiscall srMaterialIFace::~srMaterialIFace(void),
wiz8--gog-base--wiz8--18a74ff61c65,005f1c90,2,-1,pointer-import,-16,,005eb6d8,SR.DLL!??1srClass@@MAE@XZ,protected: virtual __thiscall srClass::~srClass(void),
wiz8--gog-base--wiz8--18a74ff61c65,005f1cc8,0,-1,pointer-import,-16,,005eb6d8,SR.DLL!??1srClass@@MAE@XZ,protected: virtual __thiscall srClass::~srClass(void),
wiz8--gog-base--wiz8--18a74ff61c65,005f1cf0,0,-1,pointer,-16,0046f3f0,,,,
wiz8--gog-base--wiz8--18a74ff61c65,005f1cf0,1,0,pointer-import,-16,,005eb6d4,SR.DLL!??1srMaterialIFace@@UAE@XZ,public: virtual __thiscall srMaterialIFace::~srMaterialIFace(void),
wiz8--gog-base--wiz8--18a74ff61c65,005f1cf0,2,0,pointer,-16,00429f00,,,,
wiz8--gog-base--wiz8--18a74ff61c65,005f1cf0,3,0,pointer-import,-16,,005eb508,SR.DLL!??1srMaterial@@MAE@XZ,protected: virtual __thiscall srMaterial::~srMaterial(void),
wiz8--gog-base--wiz8--18a74ff61c65,005f1d30,0,-1,object,-1200,0055db80,,,,
wiz8--gog-base--wiz8--18a74ff61c65,005f1d30,1,0,pointer,-1208,005e1c10,,,,
wiz8--gog-base--wiz8--18a74ff61c65,005f1d30,2,0,pointer,-1228,005e1c10,,,,
wiz8--gog-base--wiz8--18a74ff61c65,005f1d68,0,-1,object,-1164,0055db80,,,,
wiz8--gog-base--wiz8--18a74ff61c65,005f1d90,0,-1,pointer,-4120,005e1c10,,,,
wiz8--gog-base--wiz8--18a74ff61c65,005f1d90,1,-1,pointer,-4120,0046f3f0,,,,
wiz8--gog-base--wiz8--18a74ff61c65,005f1dc0,0,-1,pointer-import,-60,,005eb7c0,SR.DLL!??1srNode@@MAE@XZ,protected: virtual __thiscall srNode::~srNode(void),
wiz8--gog-base--wiz8--18a74ff61c65,005f1dc0,1,-1,pointer,-60,0049b990,,,,
wiz8--gog-base--wiz8--18a74ff61c65,005f1df0,0,-1,pointer,-16,0046f3f0,,,,
wiz8--gog-base--wiz8--18a74ff61c65,005f1e18,0,-1,pointer-import,-180,,005eb7c0,SR.DLL!??1srNode@@MAE@XZ,protected: virtual __thiscall srNode::~srNode(void),
wiz8--gog-base--wiz8--18a74ff61c65,005f1e18,1,-1,pointer,-180,0049b990,,,,
wiz8--gog-base--wiz8--18a74ff61c65,005f1e48,0,-1,pointer,-16,0049b990,,,,
wiz8--gog-base--wiz8--18a74ff61c65,005f1e48,1,-1,pointer-import,-16,,005eb7c0,SR.DLL!??1srNode@@MAE@XZ,protected: virtual __thiscall srNode::~srNode(void),
wiz8--gog-base--wiz8--18a74ff61c65,005f1e78,0,-1,pointer,4,0046f3f0,,,,
wiz8--gog-base--wiz8--18a74ff61c65,005f1ea0,0,-1,pointer-import,-16,,005eb7c0,SR.DLL!??1srNode@@MAE@XZ,protected: virtual __thiscall srNode::~srNode(void),
wiz8--gog-base--wiz8--18a74ff61c65,005f1ec8,0,-1,pointer-import,-20,,005eb9ec,SR.DLL!??1srLight@@UAE@XZ,public: virtual __thiscall srLight::~srLight(void),
wiz8--gog-base--wiz8--18a74ff61c65,005f1ec8,1,-1,pointer,-20,0049dd80,,,,
wiz8--gog-base--wiz8--18a74ff61c65,005f1ef8,0,-1,pointer,-16,0049dd80,,,,
wiz8--gog-base--wiz8--18a74ff61c65,005f1ef8,1,-1,pointer-import,-16,,005eb9ec,SR.DLL!??1srLight@@UAE@XZ,public: virtual __thiscall srLight::~srLight(void),
wiz8--gog-base--wiz8--18a74ff61c65,005f1ef8,2,-1,pointer-import,-16,,005eb9f4,SR.DLL!??1srIlluminator@@UAE@XZ,public: virtual __thiscall srIlluminator::~srIlluminator(void),
wiz8--gog-base--wiz8--18a74ff61c65,005f1ef8,3,-1,pointer-import,-16,,005eb7c0,SR.DLL!??1srNode@@MAE@XZ,protected: virtual __thiscall srNode::~srNode(void),
wiz8--gog-base--wiz8--18a74ff61c65,005f1f38,0,-1,pointer-import,-28,,005eb9ec,SR.DLL!??1srLight@@UAE@XZ,public: virtual __thiscall srLight::~srLight(void),
wiz8--gog-base--wiz8--18a74ff61c65,005f1f60,0,-1,pointer-import,-16,,005eb9f4,SR.DLL!??1srIlluminator@@UAE@XZ,public: virtual __thiscall srIlluminator::~srIlluminator(void),
wiz8--gog-base--wiz8--18a74ff61c65,005f1f60,1,-1,pointer-import,-16,,005eb9ec,SR.DLL!??1srLight@@UAE@XZ,public: virtual __thiscall srLight::~srLight(void),
wiz8--gog-base--wiz8--18a74ff61c65,005f1f90,0,-1,pointer-import,-16,,005eb9ec,SR.DLL!??1srLight@@UAE@XZ,public: virtual __thiscall srLight::~srLight(void),
wiz8--gog-base--wiz8--18a74ff61c65,005f1f90,1,-1,pointer-import,-16,,005eb9f4,SR.DLL!??1srIlluminator@@UAE@XZ,public: virtual __thiscall srIlluminator::~srIlluminator(void),
wiz8--gog-base--wiz8--18a74ff61c65,005f1f90,2,-1,pointer-import,-16,,005eb7c0,SR.DLL!??1srNode@@MAE@XZ,protected: virtual __thiscall srNode::~srNode(void),
wiz8--gog-base--wiz8--18a74ff61c65,005f1fc8,0,-1,pointer-import,-16,,005eb7c0,SR.DLL!??1srNode@@MAE@XZ,protected: virtual __thiscall srNode::~srNode(void),
wiz8--gog-base--wiz8--18a74ff61c65,005f1ff0,0,-1,pointer-import,-16,,005eb9f4,SR.DLL!??1srIlluminator@@UAE@XZ,public: virtual __thiscall srIlluminator::~srIlluminator(void),
wiz8--gog-base--wiz8--18a74ff61c65,005f1ff0,1,-1,pointer-import,-16,,005eb7c0,SR.DLL!??1srNode@@MAE@XZ,protected: virtual __thiscall srNode::~srNode(void),
wiz8--gog-base--wiz8--18a74ff61c65,005f2020,0,-1,pointer,-16,0046f3f0,,,,
wiz8--gog-base--wiz8--18a74ff61c65,005f2048,0,-1,pointer,-20,0046f3f0,,,,
wiz8--gog-base--wiz8--18a74ff61c65,005f2048,1,-1,pointer,-20,0046f3f0,,,,
wiz8--gog-base--wiz8--18a74ff61c65,005f2078,0,-1,pointer,-16,0044ef20,,,,
wiz8--gog-base--wiz8--18a74ff61c65,005f20a0,0,-1,pointer,-24,004b6b60,,,,
wiz8--gog-base--wiz8--18a74ff61c65,005f20a0,1,0,pointer,-20,005e1c10,,,,
wiz8--gog-base--wiz8--18a74ff61c65,005f20d0,0,-1,pointer,-16,004b6b60,,,,
wiz8--gog-base--wiz8--18a74ff61c65,005f20f8,0,-1,pointer,-24,005e1c10,,,,
wiz8--gog-base--wiz8--18a74ff61c65,005f20f8,1,0,pointer,-24,004b6b60,,,,
wiz8--gog-base--wiz8--18a74ff61c65,005f20f8,2,1,pointer,-20,005e1c10,,,,
wiz8--gog-base--wiz8--18a74ff61c65,005f2130,0,-1,pointer,-132,005e1c10,,,,
wiz8--gog-base--wiz8--18a74ff61c65,005f2130,1,0,pointer,-132,004a2220,,,,
wiz8--gog-base--wiz8--18a74ff61c65,005f2130,2,1,pointer,-132,00474b80,,,,
wiz8--gog-base--wiz8--18a74ff61c65,005f2130,3,2,pointer,-132,00474b80,,,,
wiz8--gog-base--wiz8--18a74ff61c65,005f2130,4,3,pointer,-132,004a2060,,,,
wiz8--gog-base--wiz8--18a74ff61c65,005f2178,0,-1,pointer,-32,005e1c10,,,,
wiz8--gog-base--wiz8--18a74ff61c65,005f2178,1,0,pointer,-32,004a2220,,,,
wiz8--gog-base--wiz8--18a74ff61c65,005f2178,2,1,pointer,-32,00474b80,,,,
wiz8--gog-base--wiz8--18a74ff61c65,005f2178,3,2,pointer,-32,00474b80,,,,
wiz8--gog-base--wiz8--18a74ff61c65,005f2178,4,3,pointer,-32,004a2060,,,,
wiz8--gog-base--wiz8--18a74ff61c65,005f2178,5,-1,pointer,-28,0046f3f0,,,,
wiz8--gog-base--wiz8--18a74ff61c65,005f21c8,0,-1,pointer,-16,004a2220,,,,
wiz8--gog-base--wiz8--18a74ff61c65,005f21c8,1,0,pointer,-16,00474b80,,,,
wiz8--gog-base--wiz8--18a74ff61c65,005f21c8,2,1,pointer,-16,00474b80,,,,
wiz8--gog-base--wiz8--18a74ff61c65,005f21c8,3,2,pointer,-16,004a2060,,,,
wiz8--gog-base--wiz8--18a74ff61c65,005f2208,0,-1,pointer,-36,004b56f0,,,,
wiz8--gog-base--wiz8--18a74ff61c65,005f2208,1,0,pointer,-36,005e1e71,,,,004a5c90
wiz8--gog-base--wiz8--18a74ff61c65,005f2208,2,1,pointer,-52,005e1c10,,,,
wiz8--gog-base--wiz8--18a74ff61c65,005f2208,3,1,pointer,-28,0046f3f0,,,,
wiz8--gog-base--wiz8--18a74ff61c65,005f2208,4,3,pointer-import,-28,,005eb9ec,SR.DLL!??1srLight@@UAE@XZ,public: virtual __thiscall srLight::~srLight(void),
wiz8--gog-base--wiz8--18a74ff61c65,005f2208,5,3,pointer,-28,0049dd80,,,,
wiz8--gog-base--wiz8--18a74ff61c65,005f2258,0,-1,pointer,-16,004b56f0,,,,
wiz8--gog-base--wiz8--18a74ff61c65,005f2258,1,0,pointer,-16,005e1e71,,,,004a5c90
wiz8--gog-base--wiz8--18a74ff61c65,005f2288,0,-1,pointer,-16,005e1c10,,,,
wiz8--gog-base--wiz8--18a74ff61c65,005f22b0,0,-1,pointer,-772,005e1c10,,,,
wiz8--gog-base--wiz8--18a74ff61c65,005f22b0,1,-1,pointer,-780,005e1c10,,,,
wiz8--gog-base--wiz8--18a74ff61c65,005f22e0,0,-1,pointer,-20,004a6610,,,,
wiz8--gog-base--wiz8--18a74ff61c65,005f22e0,1,0,pointer,-20,004a5db0,,,,
wiz8--gog-base--wiz8--18a74ff61c65,005f22e0,2,1,pointer,-16,005e1c10,,,,
wiz8--gog-base--wiz8--18a74ff61c65,005f22e0,3,2,pointer,-16,004b56f0,,,,
wiz8--gog-base--wiz8--18a74ff61c65,005f2320,0,-1,pointer,-16,004a6610,,,,
wiz8--gog-base--wiz8--18a74ff61c65,005f2320,1,0,pointer,-16,004a5db0,,,,
wiz8--gog-base--wiz8--18a74ff61c65,005f2350,0,-1,pointer,-16,004a6610,,,,
wiz8--gog-base--wiz8--18a74ff61c65,005f2350,1,0,pointer,-16,004a5db0,,,,
wiz8--gog-base--wiz8--18a74ff61c65,005f2380,0,-1,pointer,-16,005e1c10,,,,
wiz8--gog-base--wiz8--18a74ff61c65,005f23a8,0,-1,pointer,-16,004b6b60,,,,
wiz8--gog-base--wiz8--18a74ff61c65,005f23d0,0,-1,pointer,-32,004b6b60,,,,
wiz8--gog-base--wiz8--18a74ff61c65,005f23d0,1,0,pointer,-32,00452120,,,,
wiz8--gog-base--wiz8--18a74ff61c65,005f23d0,2,1,pointer,-40,005e1c10,,,,
wiz8--gog-base--wiz8--18a74ff61c65,005f23d0,3,1,pointer,-40,0046f3f0,,,,
wiz8--gog-base--wiz8--18a74ff61c65,005f23d0,4,3,pointer-import,-40,,005eb9ec,SR.DLL!??1srLight@@UAE@XZ,public: virtual __thiscall srLight::~srLight(void),
wiz8--gog-base--wiz8--18a74ff61c65,005f23d0,5,3,pointer,-40,0049dd80,,,,
wiz8--gog-base--wiz8--18a74ff61c65,005f23d0,6,1,pointer,-40,005e1c10,,,,
wiz8--gog-base--wiz8--18a74ff61c65,005f23d0,7,1,pointer,-40,005e1c10,,,,
wiz8--gog-base--wiz8--18a74ff61c65,005f23d0,8,1,pointer,-40,005e1c10,,,,
wiz8--gog-base--wiz8--18a74ff61c65,005f23d0,9,1,pointer,-44,005e1c10,,,,
wiz8--gog-base--wiz8--18a74ff61c65,005f23d0,10,9,pointer,-28,0046f3f0,,,,
wiz8--gog-base--wiz8--18a74ff61c65,005f23d0,11,1,pointer,4,0046f3f0,,,,
wiz8--gog-base--wiz8--18a74ff61c65,005f2450,0,-1,pointer,-16,004b6b60,,,,
wiz8--gog-base--wiz8--18a74ff61c65,005f2450,1,0,pointer,-16,005e5e57,,,,
wiz8--gog-base--wiz8--18a74ff61c65,005f2480,0,-1,pointer,-56,005e1c10,,,,
wiz8--gog-base--wiz8--18a74ff61c65,005f2480,1,-1,pointer,-56,005e1c10,,,,
wiz8--gog-base--wiz8--18a74ff61c65,005f2480,2,-1,pointer,-56,005e1c10,,,,
wiz8--gog-base--wiz8--18a74ff61c65,005f2480,3,-1,object,-52,00451c50,,,,
wiz8--gog-base--wiz8--18a74ff61c65,005f2480,4,3,pointer,-56,005e1c10,,,,
wiz8--gog-base--wiz8--18a74ff61c65,005f24c8,0,-1,pointer,-16,005e1c10,,,,
wiz8--gog-base--wiz8--18a74ff61c65,005f24f0,0,-1,pointer,4,005e1c10,,,,
wiz8--gog-base--wiz8--18a74ff61c65,005f2518,0,-1,pointer,-16,0046f3f0,,,,
wiz8--gog-base--wiz8--18a74ff61c65,005f2540,0,-1,pointer,-100,005e1c10,,,,
wiz8--gog-base--wiz8--18a74ff61c65,005f2568,0,-1,pointer,-16,005e1c10,,,,
wiz8--gog-base--wiz8--18a74ff61c65,005f2590,0,-1,pointer,-16,005e1c10,,,,
wiz8--gog-base--wiz8--18a74ff61c65,005f25b8,0,-1,pointer,-36,004b56f0,,,,
wiz8--gog-base--wiz8--18a74ff61c65,005f25b8,1,0,pointer,-36,005e1e71,,,,004a5c90
wiz8--gog-base--wiz8--18a74ff61c65,005f25b8,2,1,pointer,-52,005e1c10,,,,
wiz8--gog-base--wiz8--18a74ff61c65,005f25b8,3,1,pointer,-28,0046f3f0,,,,
wiz8--gog-base--wiz8--18a74ff61c65,005f25b8,4,3,pointer-import,-28,,005eb9ec,SR.DLL!??1srLight@@UAE@XZ,public: virtual __thiscall srLight::~srLight(void),
wiz8--gog-base--wiz8--18a74ff61c65,005f25b8,5,3,pointer,-28,0049dd80,,,,
wiz8--gog-base--wiz8--18a74ff61c65,005f2608,0,-1,pointer,-16,004b56f0,,,,
wiz8--gog-base--wiz8--18a74ff61c65,005f2608,1,0,pointer,-16,005e1e71,,,,004a5c90
wiz8--gog-base--wiz8--18a74ff61c65,005f2638,0,-1,pointer,-16,005e1c10,,,,
wiz8--gog-base--wiz8--18a74ff61c65,005f2660,0,-1,pointer,-772,005e1c10,,,,
wiz8--gog-base--wiz8--18a74ff61c65,005f2660,1,0,pointer,-772,004a6610,,,,
wiz8--gog-base--wiz8--18a74ff61c65,005f2660,2,-1,pointer,-776,005e1c10,,,,
wiz8--gog-base--wiz8--18a74ff61c65,005f2698,0,-1,pointer,-20,004a6610,,,,
wiz8--gog-base--wiz8--18a74ff61c65,005f2698,1,0,pointer,-16,005e1c10,,,,
wiz8--gog-base--wiz8--18a74ff61c65,005f2698,2,1,pointer,-16,004b56f0,,,,
wiz8--gog-base--wiz8--18a74ff61c65,005f26d0,0,-1,pointer,-16,004a6610,,,,
wiz8--gog-base--wiz8--18a74ff61c65,005f26f8,0,-1,pointer,-16,005e1c10,,,,
wiz8--gog-base--wiz8--18a74ff61c65,005f2720,0,-1,pointer,-16,00439a00,,,,
wiz8--gog-base--wiz8--18a74ff61c65,005f2720,1,0,pointer,12,005e1c10,,,,
wiz8--gog-base--wiz8--18a74ff61c65,005f2720,2,0,pointer,12,005e1c10,,,,
wiz8--gog-base--wiz8--18a74ff61c65,005f2758,0,-1,pointer,-16,005e1c10,,,,
wiz8--gog-base--wiz8--18a74ff61c65,005f2780,0,-1,pointer-import,-16,,005eb7c0,SR.DLL!??1srNode@@MAE@XZ,protected: virtual __thiscall srNode::~srNode(void),
wiz8--gog-base--wiz8--18a74ff61c65,005f2780,1,-1,pointer,-16,004af5a0,,,,
wiz8--gog-base--wiz8--18a74ff61c65,005f27b0,0,-1,pointer,-16,0046f3f0,,,,
wiz8--gog-base--wiz8--18a74ff61c65,005f27b0,1,0,pointer-import,-16,,005eb7c0,SR.DLL!??1srNode@@MAE@XZ,protected: virtual __thiscall srNode::~srNode(void),
wiz8--gog-base--wiz8--18a74ff61c65,005f27b0,2,0,pointer,-16,004af5a0,,,,
wiz8--gog-base--wiz8--18a74ff61c65,005f27e8,0,-1,pointer-import,-16,,005eb7c0,SR.DLL!??1srNode@@MAE@XZ,protected: virtual __thiscall srNode::~srNode(void),
wiz8--gog-base--wiz8--18a74ff61c65,005f2810,0,-1,pointer-import,-16,,005eb7c0,SR.DLL!??1srNode@@MAE@XZ,protected: virtual __thiscall srNode::~srNode(void),
wiz8--gog-base--wiz8--18a74ff61c65,005f2838,0,-1,object,-168,0046cdd0,,,,
wiz8--gog-base--wiz8--18a74ff61c65,005f2838,1,0,pointer,-172,005e1c10,,,,
wiz8--gog-base--wiz8--18a74ff61c65,005f2868,0,-1,object,-204,0046cdd0,,,,
wiz8--gog-base--wiz8--18a74ff61c65,005f2868,1,0,pointer,-208,005e1c10,,,,
wiz8--gog-base--wiz8--18a74ff61c65,005f2898,0,-1,object,-168,0046cdd0,,,,
wiz8--gog-base--wiz8--18a74ff61c65,005f2898,1,0,pointer,-172,005e1c10,,,,
wiz8--gog-base--wiz8--18a74ff61c65,005f28c8,0,-1,object,-168,0046cdd0,,,,
wiz8--gog-base--wiz8--18a74ff61c65,005f28f0,0,-1,object,-424,0046cdd0,,,,
wiz8--gog-base--wiz8--18a74ff61c65,005f28f0,1,0,pointer,-428,005e1c10,,,,
wiz8--gog-base--wiz8--18a74ff61c65,005f28f0,2,0,pointer,-428,005e1c10,,,,
wiz8--gog-base--wiz8--18a74ff61c65,005f28f0,3,0,pointer,-428,005e1c10,,,,
wiz8--gog-base--wiz8--18a74ff61c65,005f2930,0,-1,object,-184,0046cdd0,,,,
wiz8--gog-base--wiz8--18a74ff61c65,005f2958,0,-1,object,-248,0046cdd0,,,,
wiz8--gog-base--wiz8--18a74ff61c65,005f2980,0,-1,pointer,-10140,005e1c10,,,,
wiz8--gog-base--wiz8--18a74ff61c65,005f29a8,0,-1,pointer,-104,005e1c10,,,,
wiz8--gog-base--wiz8--18a74ff61c65,005f29d0,0,-1,pointer,-28,005e1c10,,,,
wiz8--gog-base--wiz8--18a74ff61c65,005f29d0,1,-1,pointer,-28,005e1c10,,,,
wiz8--gog-base--wiz8--18a74ff61c65,005f2a00,0,-1,pointer,-16,0044ef20,,,,
wiz8--gog-base--wiz8--18a74ff61c65,005f2a28,0,-1,pointer,-16,0044ef20,,,,
wiz8--gog-base--wiz8--18a74ff61c65,005f2a50,0,-1,pointer,-16,005e1c10,,,,
wiz8--gog-base--wiz8--18a74ff61c65,005f2a78,0,-1,pointer,-16,005e1c10,,,,
wiz8--gog-base--wiz8--18a74ff61c65,005f2aa0,0,-1,pointer,-1752,0046f3f0,,,,
wiz8--gog-base--wiz8--18a74ff61c65,005f2ac8,0,-1,pointer,12,0046f3f0,,,,
wiz8--gog-base--wiz8--18a74ff61c65,005f2af0,0,-1,pointer,-276,0046f3f0,,,,
wiz8--gog-base--wiz8--18a74ff61c65,005f2af0,1,-1,pointer,-276,0046f3f0,,,,
wiz8--gog-base--wiz8--18a74ff61c65,005f2b20,0,-1,pointer,-276,0046f3f0,,,,
wiz8--gog-base--wiz8--18a74ff61c65,005f2b48,0,-1,pointer-import,-16,,005eb7c0,SR.DLL!??1srNode@@MAE@XZ,protected: virtual __thiscall srNode::~srNode(void),
wiz8--gog-base--wiz8--18a74ff61c65,005f2b48,1,-1,pointer,-16,004ba280,,,,
wiz8--gog-base--wiz8--18a74ff61c65,005f2b78,0,-1,pointer-import,-16,,005eb7c0,SR.DLL!??1srNode@@MAE@XZ,protected: virtual __thiscall srNode::~srNode(void),
wiz8--gog-base--wiz8--18a74ff61c65,005f2ba0,0,-1,pointer-import,-16,,005eb7c0,SR.DLL!??1srNode@@MAE@XZ,protected: virtual __thiscall srNode::~srNode(void),
wiz8--gog-base--wiz8--18a74ff61c65,005f2bc8,0,-1,pointer,-16,0046f3f0,,,,
wiz8--gog-base--wiz8--18a74ff61c65,005f2bc8,1,0,pointer-import,-16,,005eb7c0,SR.DLL!??1srNode@@MAE@XZ,protected: virtual __thiscall srNode::~srNode(void),
wiz8--gog-base--wiz8--18a74ff61c65,005f2bc8,2,0,pointer,-16,004ba280,,,,
wiz8--gog-base--wiz8--18a74ff61c65,005f2c00,0,-1,object,-52,00438c70,,,,
wiz8--gog-base--wiz8--18a74ff61c65,005f2c28,0,-1,object,-148,004bdfe0,,,,
wiz8--gog-base--wiz8--18a74ff61c65,005f2c28,1,0,pointer,-104,0046f3f0,,,,
wiz8--gog-base--wiz8--18a74ff61c65,005f2c58,0,-1,pointer,-944,0046f3f0,,,,
wiz8--gog-base--wiz8--18a74ff61c65,005f2c80,0,-1,pointer,-16,004b56f0,,,,
wiz8--gog-base--wiz8--18a74ff61c65,005f2c80,1,0,pointer,-16,005e1e71,,,,004cad60
wiz8--gog-base--wiz8--18a74ff61c65,005f2c80,2,1,pointer,-16,005e1e71,,,,004a2060
wiz8--gog-base--wiz8--18a74ff61c65,005f2c80,3,2,pointer,-16,005e1e71,,,,004a5c90
wiz8--gog-base--wiz8--18a74ff61c65,005f2cc0,0,-1,pointer,-16,004b56f0,,,,
wiz8--gog-base--wiz8--18a74ff61c65,005f2cc0,1,0,pointer,-16,005e1e71,,,,004cad60
wiz8--gog-base--wiz8--18a74ff61c65,005f2cc0,2,1,pointer,-16,005e1e71,,,,004a2060
wiz8--gog-base--wiz8--18a74ff61c65,005f2cc0,3,2,pointer,-16,005e1e71,,,,004a5c90
wiz8--gog-base--wiz8--18a74ff61c65,005f2cc0,4,3,pointer,-16,00438c70,,,,
wiz8--gog-base--wiz8--18a74ff61c65,005f2cc0,5,4,pointer,4,005e1c10,,,,
wiz8--gog-base--wiz8--18a74ff61c65,005f2d10,0,-1,pointer,-16,004b56f0,,,,
wiz8--gog-base--wiz8--18a74ff61c65,005f2d10,1,0,pointer,-16,005e1e71,,,,004cad60
wiz8--gog-base--wiz8--18a74ff61c65,005f2d10,2,1,pointer,-16,005e1e71,,,,004a2060
wiz8--gog-base--wiz8--18a74ff61c65,005f2d10,3,2,pointer,-16,005e1e71,,,,004a5c90
wiz8--gog-base--wiz8--18a74ff61c65,005f2d10,4,3,pointer,-16,00438c70,,,,
wiz8--gog-base--wiz8--18a74ff61c65,005f2d10,5,4,pointer-import,-20,,005eb9f4,SR.DLL!??1srIlluminator@@UAE@XZ,public: virtual __thiscall srIlluminator::~srIlluminator(void),
wiz8--gog-base--wiz8--18a74ff61c65,005f2d10,6,4,pointer-import,-20,,005eb7c0,SR.DLL!??1srNode@@MAE@XZ,protected: virtual __thiscall srNode::~srNode(void),
wiz8--gog-base--wiz8--18a74ff61c65,005f2d68,0,-1,pointer,-44,005e1c10,,,,
wiz8--gog-base--wiz8--18a74ff61c65,005f2d68,1,-1,pointer,-52,0046f3f0,,,,
wiz8--gog-base--wiz8--18a74ff61c65,005f2d68,2,1,pointer,-52,0049dd80,,,,
wiz8--gog-base--wiz8--18a74ff61c65,005f2da0,0,-1,pointer,-16,005e1c10,,,,
wiz8--gog-base--wiz8--18a74ff61c65,005f2dc8,0,-1,pointer,-32,004a6610,,,,
wiz8--gog-base--wiz8--18a74ff61c65,005f2dc8,1,0,pointer,-32,0048cd60,,,,
wiz8--gog-base--wiz8--18a74ff61c65,005f2dc8,2,1,pointer,-32,00439a00,,,,
wiz8--gog-base--wiz8--18a74ff61c65,005f2dc8,3,2,pointer,-32,004cace0,,,,
wiz8--gog-base--wiz8--18a74ff61c65,005f2dc8,4,3,pointer,-32,00439a00,,,,
wiz8--gog-base--wiz8--18a74ff61c65,005f2dc8,5,4,pointer,-32,00439a00,,,,
wiz8--gog-base--wiz8--18a74ff61c65,005f2dc8,6,5,pointer,-32,00438c50,,,,
wiz8--gog-base--wiz8--18a74ff61c65,005f2dc8,7,6,pointer,-28,005e1c10,,,,
wiz8--gog-base--wiz8--18a74ff61c65,005f2e28,0,-1,pointer,-28,004a6610,,,,
wiz8--gog-base--wiz8--18a74ff61c65,005f2e28,1,0,pointer,-28,0048cd60,,,,
wiz8--gog-base--wiz8--18a74ff61c65,005f2e28,2,1,pointer,-28,00439a00,,,,
wiz8--gog-base--wiz8--18a74ff61c65,005f2e28,3,2,pointer,-28,004cace0,,,,
wiz8--gog-base--wiz8--18a74ff61c65,005f2e28,4,3,pointer,-28,00439a00,,,,
wiz8--gog-base--wiz8--18a74ff61c65,005f2e28,5,4,pointer,-28,00439a00,,,,
wiz8--gog-base--wiz8--18a74ff61c65,005f2e28,6,5,pointer,-28,00438c50,,,,
wiz8--gog-base--wiz8--18a74ff61c65,005f2e80,0,-1,pointer,-16,004a6610,,,,
wiz8--gog-base--wiz8--18a74ff61c65,005f2e80,1,0,pointer,-16,0048cd60,,,,
wiz8--gog-base--wiz8--18a74ff61c65,005f2e80,2,1,pointer,-16,00439a00,,,,
wiz8--gog-base--wiz8--18a74ff61c65,005f2e80,3,2,pointer,-16,004cace0,,,,
wiz8--gog-base--wiz8--18a74ff61c65,005f2e80,4,3,pointer,-16,00439a00,,,,
wiz8--gog-base--wiz8--18a74ff61c65,005f2e80,5,4,pointer,-16,00439a00,,,,
wiz8--gog-base--wiz8--18a74ff61c65,005f2e80,6,5,pointer,-16,00438c50,,,,
wiz8--gog-base--wiz8--18a74ff61c65,005f2ed8,0,-1,pointer,-3012,005e1c10,,,,
wiz8--gog-base--wiz8--18a74ff61c65,005f2ed8,1,-1,object,-2892,00438c70,,,,
wiz8--gog-base--wiz8--18a74ff61c65,005f2ed8,2,-1,object,-2908,00438c70,,,,
wiz8--gog-base--wiz8--18a74ff61c65,005f2ed8,3,-1,pointer,-2876,005e1c10,,,,
wiz8--gog-base--wiz8--18a74ff61c65,005f2ed8,4,-1,pointer,-2876,005e1c10,,,,
wiz8--gog-base--wiz8--18a74ff61c65,005f2f20,0,-1,pointer,-28,0046f3f0,,,,
wiz8--gog-base--wiz8--18a74ff61c65,005f2f20,1,-1,pointer,8,005e1c10,,,,
wiz8--gog-base--wiz8--18a74ff61c65,005f2f50,0,-1,object,-228,00438c70,,,,
wiz8--gog-base--wiz8--18a74ff61c65,005f2f78,0,-1,object,-156,00438c70,,,,
wiz8--gog-base--wiz8--18a74ff61c65,005f2fa0,0,-1,object,-28,00438c70,,,,
wiz8--gog-base--wiz8--18a74ff61c65,005f2fc8,0,-1,object,-28,00438c70,,,,
wiz8--gog-base--wiz8--18a74ff61c65,005f2ff0,0,-1,object,-28,00438c70,,,,
wiz8--gog-base--wiz8--18a74ff61c65,005f3018,0,-1,pointer,-252,0046f3f0,,,,
wiz8--gog-base--wiz8--18a74ff61c65,005f3018,1,-1,pointer,-252,0046f3f0,,,,
wiz8--gog-base--wiz8--18a74ff61c65,005f3018,2,-1,pointer,-252,0046f3f0,,,,
wiz8--gog-base--wiz8--18a74ff61c65,005f3018,3,2,pointer,-252,00429f00,,,,
wiz8--gog-base--wiz8--18a74ff61c65,005f3058,0,-1,pointer,-276,0046f3f0,,,,
wiz8--gog-base--wiz8--18a74ff61c65,005f3080,0,-1,pointer,-564,0046f3f0,,,,
wiz8--gog-base--wiz8--18a74ff61c65,005f30a8,0,-1,object,-568,004a2060,,,,
wiz8--gog-base--wiz8--18a74ff61c65,005f30d0,0,-1,pointer-import,-16,,005eb9ec,SR.DLL!??1srLight@@UAE@XZ,public: virtual __thiscall srLight::~srLight(void),
wiz8--gog-base--wiz8--18a74ff61c65,005f30f8,0,-1,pointer,-16,005e1c10,,,,
wiz8--gog-base--wiz8--18a74ff61c65,005f3120,0,-1,pointer,-16,00457b10,,,,
wiz8--gog-base--wiz8--18a74ff61c65,005f3148,0,-1,pointer,-1120,005e1c10,,,,
wiz8--gog-base--wiz8--18a74ff61c65,005f3148,1,-1,pointer,-1120,005e1c10,,,,
wiz8--gog-base--wiz8--18a74ff61c65,005f3148,2,-1,pointer,-1120,005e1c10,,,,
wiz8--gog-base--wiz8--18a74ff61c65,005f3180,0,-1,object,-1112,00438c50,,,,
wiz8--gog-base--wiz8--18a74ff61c65,005f3180,1,0,object,-1132,0055db80,,,,
wiz8--gog-base--wiz8--18a74ff61c65,005f31b0,0,-1,pointer,-140024,005e1c10,,,,
wiz8--gog-base--wiz8--18a74ff61c65,005f31d8,0,-1,pointer-import,-16,,005eb6d8,SR.DLL!??1srClass@@MAE@XZ,protected: virtual __thiscall srClass::~srClass(void),
wiz8--gog-base--wiz8--18a74ff61c65,005f31d8,1,-1,pointer,-16,004cf940,,,,
wiz8--gog-base--wiz8--18a74ff61c65,005f31d8,2,1,pointer,-16,004cfa00,,,,
wiz8--gog-base--wiz8--18a74ff61c65,005f3210,0,-1,pointer,-16,0046f3f0,,,,
wiz8--gog-base--wiz8--18a74ff61c65,005f3210,1,0,pointer-import,-16,,005eb6d8,SR.DLL!??1srClass@@MAE@XZ,protected: virtual __thiscall srClass::~srClass(void),
wiz8--gog-base--wiz8--18a74ff61c65,005f3210,2,0,pointer,-16,004cf940,,,,
wiz8--gog-base--wiz8--18a74ff61c65,005f3210,3,2,pointer,-16,004cfa00,,,,
wiz8--gog-base--wiz8--18a74ff61c65,005f3250,0,-1,pointer,-16,004cf940,,,,
wiz8--gog-base--wiz8--18a74ff61c65,005f3250,1,0,pointer,-16,004cfa00,,,,
wiz8--gog-base--wiz8--18a74ff61c65,005f3250,2,1,pointer,-16,004cfa20,,,,
wiz8--gog-base--wiz8--18a74ff61c65,005f3250,3,-1,pointer-import,-16,,005eb6d8,SR.DLL!??1srClass@@MAE@XZ,protected: virtual __thiscall srClass::~srClass(void),
wiz8--gog-base--wiz8--18a74ff61c65,005f3290,0,-1,pointer-import,-16,,005eb6d8,SR.DLL!??1srClass@@MAE@XZ,protected: virtual __thiscall srClass::~srClass(void),
wiz8--gog-base--wiz8--18a74ff61c65,005f32b8,0,-1,pointer-import,-16,,005eb7c0,SR.DLL!??1srNode@@MAE@XZ,protected: virtual __thiscall srNode::~srNode(void),
wiz8--gog-base--wiz8--18a74ff61c65,005f32b8,1,-1,pointer,-16,004d6a70,,,,
wiz8--gog-base--wiz8--18a74ff61c65,005f32b8,2,1,pointer,4,0046f3f0,,,,
wiz8--gog-base--wiz8--18a74ff61c65,005f32b8,3,2,pointer,4,00429f00,,,,
wiz8--gog-base--wiz8--18a74ff61c65,005f32f8,0,-1,pointer-import,-16,,005eb7c0,SR.DLL!??1srNode@@MAE@XZ,protected: virtual __thiscall srNode::~srNode(void),
wiz8--gog-base--wiz8--18a74ff61c65,005f3320,0,-1,pointer-import,-16,,005eb7c0,SR.DLL!??1srNode@@MAE@XZ,protected: virtual __thiscall srNode::~srNode(void),
wiz8--gog-base--wiz8--18a74ff61c65,005f3320,1,-1,pointer,-16,004d6a70,,,,
wiz8--gog-base--wiz8--18a74ff61c65,005f3350,0,-1,pointer-import,-16,,005eb7c0,SR.DLL!??1srNode@@MAE@XZ,protected: virtual __thiscall srNode::~srNode(void),
wiz8--gog-base--wiz8--18a74ff61c65,005f3378,0,-1,pointer,-16,0046f3f0,,,,
wiz8--gog-base--wiz8--18a74ff61c65,005f33a0,0,-1,pointer,-40,0046f3f0,,,,
wiz8--gog-base--wiz8--18a74ff61c65,005f33c8,0,-1,object,-28,00446070,,,,
wiz8--gog-base--wiz8--18a74ff61c65,005f33f0,0,-1,pointer,4,005e1c10,,,,
wiz8--gog-base--wiz8--18a74ff61c65,005f3418,0,-1,pointer,-28,005e1c10,,,,
wiz8--gog-base--wiz8--18a74ff61c65,005f3440,0,-1,pointer,4,005e1c10,,,,
wiz8--gog-base--wiz8--18a74ff61c65,005f3468,0,-1,pointer,-148,005e1c10,,,,
wiz8--gog-base--wiz8--18a74ff61c65,005f3490,0,-1,pointer,4,005e1c10,,,,
wiz8--gog-base--wiz8--18a74ff61c65,005f34b8,0,-1,pointer,4,005e1c10,,,,
wiz8--gog-base--wiz8--18a74ff61c65,005f34e0,0,-1,pointer,4,005e1c10,,,,
wiz8--gog-base--wiz8--18a74ff61c65,005f3508,0,-1,pointer,4,005e1c10,,,,
wiz8--gog-base--wiz8--18a74ff61c65,005f3508,1,-1,pointer,4,005e1c10,,,,
wiz8--gog-base--wiz8--18a74ff61c65,005f3538,0,-1,pointer,-16,005e1e71,,,,004e6a10
wiz8--gog-base--wiz8--18a74ff61c65,005f3560,0,-1,object,-80,00438c50,,,,
wiz8--gog-base--wiz8--18a74ff61c65,005f3560,1,0,object,-96,00438c50,,,,
wiz8--gog-base--wiz8--18a74ff61c65,005f3560,2,1,pointer,4,00438c50,,,,
wiz8--gog-base--wiz8--18a74ff61c65,005f3598,0,-1,object,-140,00438c50,,,,
wiz8--gog-base--wiz8--18a74ff61c65,005f3598,1,0,object,-156,00438c50,,,,
wiz8--gog-base--wiz8--18a74ff61c65,005f35c8,0,-1,object,-80,00438c50,,,,
wiz8--gog-base--wiz8--18a74ff61c65,005f35c8,1,0,object,-96,00438c50,,,,
wiz8--gog-base--wiz8--18a74ff61c65,005f35c8,2,1,pointer,4,00438c50,,,,
wiz8--gog-base--wiz8--18a74ff61c65,005f3600,0,-1,pointer,-32,004f3f10,,,,
wiz8--gog-base--wiz8--18a74ff61c65,005f3600,1,0,pointer,-32,004f3480,,,,
wiz8--gog-base--wiz8--18a74ff61c65,005f3630,0,-1,pointer,-16,004f2d30,,,,
wiz8--gog-base--wiz8--18a74ff61c65,005f3630,1,0,pointer,4,005e1c10,,,,
wiz8--gog-base--wiz8--18a74ff61c65,005f3630,2,0,pointer,4,005e1c10,,,,
wiz8--gog-base--wiz8--18a74ff61c65,005f3630,3,0,pointer,4,005e1c10,,,,
wiz8--gog-base--wiz8--18a74ff61c65,005f3670,0,-1,pointer,-16,004f2d30,,,,
wiz8--gog-base--wiz8--18a74ff61c65,005f3698,0,-1,object,-80,00438c50,,,,
wiz8--gog-base--wiz8--18a74ff61c65,005f3698,1,0,object,-96,00438c50,,,,
wiz8--gog-base--wiz8--18a74ff61c65,005f36c8,0,-1,object,-216,00438c50,,,,
wiz8--gog-base--wiz8--18a74ff61c65,005f36c8,1,0,object,-200,00438c50,,,,
wiz8--gog-base--wiz8--18a74ff61c65,005f36c8,2,1,pointer,-220,005e1c10,,,,
wiz8--gog-base--wiz8--18a74ff61c65,005f36c8,3,2,pointer,-220,00438c50,,,,
wiz8--gog-base--wiz8--18a74ff61c65,005f36c8,4,3,pointer,-220,00438c50,,,,
wiz8--gog-base--wiz8--18a74ff61c65,005f36c8,5,4,pointer,-220,00451ae0,,,,
wiz8--gog-base--wiz8--18a74ff61c65,005f36c8,6,5,pointer,-220,00451b20,,,,
wiz8--gog-base--wiz8--18a74ff61c65,005f3720,0,-1,pointer,-16,005e1c10,,,,
wiz8--gog-base--wiz8--18a74ff61c65,005f3748,0,-1,object,-28,00474b80,,,,
wiz8--gog-base--wiz8--18a74ff61c65,005f3770,0,-1,object,-19548,0055bde0,,,,
wiz8--gog-base--wiz8--18a74ff61c65,005f3798,0,-1,object,-19228,0055bde0,,,,
wiz8--gog-base--wiz8--18a74ff61c65,005f37c0,0,-1,object,-452,0055bde0,,,,
wiz8--gog-base--wiz8--18a74ff61c65,005f37c0,1,0,object,-344,0055bde0,,,,
wiz8--gog-base--wiz8--18a74ff61c65,005f37c0,2,1,pointer,-460,0046f3f0,,,,
wiz8--gog-base--wiz8--18a74ff61c65,005f37f8,0,-1,object,-344,0055bde0,,,,
wiz8--gog-base--wiz8--18a74ff61c65,005f3820,0,-1,object,-84,0055bde0,,,,
wiz8--gog-base--wiz8--18a74ff61c65,005f3848,0,-1,object,-84,0055bde0,,,,
wiz8--gog-base--wiz8--18a74ff61c65,005f3870,0,-1,object,-1460,0055bde0,,,,
wiz8--gog-base--wiz8--18a74ff61c65,005f3898,0,-1,object,-156,0048cd60,,,,
wiz8--gog-base--wiz8--18a74ff61c65,005f3898,1,0,pointer,-140,0046f3f0,,,,
wiz8--gog-base--wiz8--18a74ff61c65,005f38c8,0,-1,object,-148,0055bde0,,,,
wiz8--gog-base--wiz8--18a74ff61c65,005f38f0,0,-1,object,-148,0055bde0,,,,
wiz8--gog-base--wiz8--18a74ff61c65,005f3918,0,-1,object,-148,0055bde0,,,,
wiz8--gog-base--wiz8--18a74ff61c65,005f3940,0,-1,pointer,4,0046f3f0,,,,
wiz8--gog-base--wiz8--18a74ff61c65,005f3968,0,-1,object,-84,0055bde0,,,,
wiz8--gog-base--wiz8--18a74ff61c65,005f3990,0,-1,pointer,-16,005e1c10,,,,
wiz8--gog-base--wiz8--18a74ff61c65,005f3990,1,0,pointer,-16,00438c50,,,,
wiz8--gog-base--wiz8--18a74ff61c65,005f3990,2,1,pointer,-16,00438c50,,,,
wiz8--gog-base--wiz8--18a74ff61c65,005f3990,3,2,pointer,-16,00451ae0,,,,
wiz8--gog-base--wiz8--18a74ff61c65,005f3990,4,3,pointer,-16,00451b20,,,,
wiz8--gog-base--wiz8--18a74ff61c65,005f39d8,0,-1,pointer,-4540,005e1c10,,,,
wiz8--gog-base--wiz8--18a74ff61c65,005f3a00,0,-1,pointer,-16,0052a1d0,,,,
wiz8--gog-base--wiz8--18a74ff61c65,005f3a28,0,-1,pointer,-16,0052e520,,,,
wiz8--gog-base--wiz8--18a74ff61c65,005f3a28,1,0,pointer,-16,0052e520,,,,
wiz8--gog-base--wiz8--18a74ff61c65,005f3a28,2,1,pointer,-16,0052e520,,,,
wiz8--gog-base--wiz8--18a74ff61c65,005f3a28,3,2,pointer,-16,0052e520,,,,
wiz8--gog-base--wiz8--18a74ff61c65,005f3a28,4,3,pointer,-16,0052e520,,,,
wiz8--gog-base--wiz8--18a74ff61c65,005f3a70,0,-1,object,-28,005358d0,,,,
wiz8--gog-base--wiz8--18a74ff61c65,005f3a98,0,-1,object,-28,005358d0,,,,
wiz8--gog-base--wiz8--18a74ff61c65,005f3ac0,0,-1,object,-120,00438c50,,,,
wiz8--gog-base--wiz8--18a74ff61c65,005f3ac0,1,0,object,-136,00438c50,,,,
wiz8--gog-base--wiz8--18a74ff61c65,005f3af0,0,-1,object,-96,00438c50,,,,
wiz8--gog-base--wiz8--18a74ff61c65,005f3af0,1,0,object,-80,00438c50,,,,
wiz8--gog-base--wiz8--18a74ff61c65,005f3b20,0,-1,object,-28,005358d0,,,,
wiz8--gog-base--wiz8--18a74ff61c65,005f3b48,0,-1,object,-80,00438c50,,,,
wiz8--gog-base--wiz8--18a74ff61c65,005f3b48,1,0,object,-96,00438c50,,,,
wiz8--gog-base--wiz8--18a74ff61c65,005f3b78,0,-1,object,-28,00438c50,,,,
wiz8--gog-base--wiz8--18a74ff61c65,005f3ba0,0,-1,object,-28,00438c50,,,,
wiz8--gog-base--wiz8--18a74ff61c65,005f3bc8,0,-1,object,-80,00438c50,,,,
wiz8--gog-base--wiz8--18a74ff61c65,005f3bf0,0,-1,object,-128,00438c50,,,,
wiz8--gog-base--wiz8--18a74ff61c65,005f3bf0,1,0,object,-112,00438c50,,,,
wiz8--gog-base--wiz8--18a74ff61c65,005f3c20,0,-1,object,-112,00438c50,,,,
wiz8--gog-base--wiz8--18a74ff61c65,005f3c48,0,-1,object,-300,004a5db0,,,,
wiz8--gog-base--wiz8--18a74ff61c65,005f3c70,0,-1,object,-248,004a5db0,,,,
wiz8--gog-base--wiz8--18a74ff61c65,005f3c98,0,-1,object,-176,004a5db0,,,,
wiz8--gog-base--wiz8--18a74ff61c65,005f3cc0,0,-1,object,-320,00546da0,,,,
wiz8--gog-base--wiz8--18a74ff61c65,005f3cc0,1,0,object,-304,00546da0,,,,
wiz8--gog-base--wiz8--18a74ff61c65,005f3cf0,0,-1,pointer,-16,005e1c10,,,,
wiz8--gog-base--wiz8--18a74ff61c65,005f3cf0,1,-1,pointer,-16,005e1c10,,,,
wiz8--gog-base--wiz8--18a74ff61c65,005f3d20,0,-1,object,-144,0055bde0,,,,
wiz8--gog-base--wiz8--18a74ff61c65,005f3d48,0,-1,object,-144,0055bde0,,,,
wiz8--gog-base--wiz8--18a74ff61c65,005f3d70,0,-1,object,-308,00438c50,,,,
wiz8--gog-base--wiz8--18a74ff61c65,005f3d70,1,0,object,-240,004a5db0,,,,
wiz8--gog-base--wiz8--18a74ff61c65,005f3da0,0,-1,object,-176,004a5db0,,,,
wiz8--gog-base--wiz8--18a74ff61c65,005f3dc8,0,-1,object,-176,004a5db0,,,,
wiz8--gog-base--wiz8--18a74ff61c65,005f3df0,0,-1,object,-176,004a5db0,,,,
wiz8--gog-base--wiz8--18a74ff61c65,005f3e18,0,-1,object,32,00438c50,,,,
wiz8--gog-base--wiz8--18a74ff61c65,005f3e18,1,0,object,16,00438c50,,,,
wiz8--gog-base--wiz8--18a74ff61c65,005f3e48,0,-1,pointer,-16,005e1c10,,,,
wiz8--gog-base--wiz8--18a74ff61c65,005f3e70,0,-1,pointer,-16,0055cb90,,,,
wiz8--gog-base--wiz8--18a74ff61c65,005f3e70,1,0,pointer,-16,00474b80,,,,
wiz8--gog-base--wiz8--18a74ff61c65,005f3e70,2,1,pointer,-16,00474b80,,,,
wiz8--gog-base--wiz8--18a74ff61c65,005f3ea8,0,-1,pointer,4,005e1c10,,,,
wiz8--gog-base--wiz8--18a74ff61c65,005f3ed0,0,-1,pointer,-20,0055db60,,,,
wiz8--gog-base--wiz8--18a74ff61c65,005f3ef8,0,-1,pointer,-16,0055db60,,,,
wiz8--gog-base--wiz8--18a74ff61c65,005f3ef8,1,0,pointer,-16,0055db80,,,,
wiz8--gog-base--wiz8--18a74ff61c65,005f3f28,0,-1,pointer,-32,004f2d30,,,,
wiz8--gog-base--wiz8--18a74ff61c65,005f3f28,1,0,pointer,-32,005d1590,,,,
wiz8--gog-base--wiz8--18a74ff61c65,005f3f58,0,-1,pointer,4,005e1c10,,,,
wiz8--gog-base--wiz8--18a74ff61c65,005f3f80,0,-1,pointer,8,005e1c10,,,,
wiz8--gog-base--wiz8--18a74ff61c65,005f3f80,1,-1,pointer,8,005e1c10,,,,
wiz8--gog-base--wiz8--18a74ff61c65,005f3fb0,0,-1,pointer,-16,00577a80,,,,
wiz8--gog-base--wiz8--18a74ff61c65,005f3fd8,0,-1,pointer,-4020,005e1c10,,,,
wiz8--gog-base--wiz8--18a74ff61c65,005f4000,0,-1,pointer,-16,005e1c10,,,,
wiz8--gog-base--wiz8--18a74ff61c65,005f4000,1,-1,pointer,-16,005e1c10,,,,
wiz8--gog-base--wiz8--18a74ff61c65,005f4030,0,-1,pointer,-16,005e1c10,,,,
wiz8--gog-base--wiz8--18a74ff61c65,005f4030,1,-1,pointer,-16,005e1c10,,,,
wiz8--gog-base--wiz8--18a74ff61c65,005f4030,2,-1,pointer,-16,005e1c10,,,,
wiz8--gog-base--wiz8--18a74ff61c65,005f4030,3,-1,pointer,-16,005e1c10,,,,
wiz8--gog-base--wiz8--18a74ff61c65,005f4030,4,-1,pointer,-16,005e1c10,,,,
wiz8--gog-base--wiz8--18a74ff61c65,005f4030,5,-1,pointer,-16,005e1c10,,,,
wiz8--gog-base--wiz8--18a74ff61c65,005f4030,6,-1,pointer,-16,005e1c10,,,,
wiz8--gog-base--wiz8--18a74ff61c65,005f4030,7,-1,pointer,-16,005e1c10,,,,
wiz8--gog-base--wiz8--18a74ff61c65,005f4030,8,-1,pointer,-16,005e1c10,,,,
wiz8--gog-base--wiz8--18a74ff61c65,005f4030,9,-1,pointer,-16,005e1c10,,,,
wiz8--gog-base--wiz8--18a74ff61c65,005f4030,10,-1,pointer,-16,005e1c10,,,,
wiz8--gog-base--wiz8--18a74ff61c65,005f4030,11,-1,pointer,-16,005e1c10,,,,
wiz8--gog-base--wiz8--18a74ff61c65,005f4030,12,-1,pointer,-16,005e1c10,,,,
wiz8--gog-base--wiz8--18a74ff61c65,005f4030,13,-1,pointer,-16,005e1c10,,,,
wiz8--gog-base--wiz8--18a74ff61c65,005f4030,14,-1,pointer,-16,005e1c10,,,,
wiz8--gog-base--wiz8--18a74ff61c65,005f4030,15,-1,pointer,-16,005e1c10,,,,
wiz8--gog-base--wiz8--18a74ff61c65,005f4030,16,-1,pointer,-16,005e1c10,,,,
wiz8--gog-base--wiz8--18a74ff61c65,005f4030,17,-1,pointer,-16,005e1c10,,,,
wiz8--gog-base--wiz8--18a74ff61c65,005f4030,18,-1,pointer,-16,005e1c10,,,,
wiz8--gog-base--wiz8--18a74ff61c65,005f4030,19,-1,pointer,-16,005e1c10,,,,
wiz8--gog-base--wiz8--18a74ff61c65,005f4030,20,-1,pointer,-16,005e1c10,,,,
wiz8--gog-base--wiz8--18a74ff61c65,005f4030,21,-1,pointer,-16,005e1c10,,,,
wiz8--gog-base--wiz8--18a74ff61c65,005f4030,22,-1,pointer,-16,005e1c10,,,,
wiz8--gog-base--wiz8--18a74ff61c65,005f4030,23,-1,pointer,-16,005e1c10,,,,
wiz8--gog-base--wiz8--18a74ff61c65,005f4030,24,-1,pointer,-16,005e1c10,,,,
wiz8--gog-base--wiz8--18a74ff61c65,005f4030,25,-1,pointer,-16,005e1c10,,,,
wiz8--gog-base--wiz8--18a74ff61c65,005f4030,26,-1,pointer,-16,005e1c10,,,,
wiz8--gog-base--wiz8--18a74ff61c65,005f4030,27,-1,pointer,-16,005e1c10,,,,
wiz8--gog-base--wiz8--18a74ff61c65,005f4030,28,-1,pointer,-16,005e1c10,,,,
wiz8--gog-base--wiz8--18a74ff61c65,005f4030,29,-1,pointer,-16,005e1c10,,,,
wiz8--gog-base--wiz8--18a74ff61c65,005f4030,30,-1,pointer,-16,005e1c10,,,,
wiz8--gog-base--wiz8--18a74ff61c65,005f4030,31,-1,pointer,-16,005e1c10,,,,
wiz8--gog-base--wiz8--18a74ff61c65,005f4030,32,-1,pointer,-16,005e1c10,,,,
wiz8--gog-base--wiz8--18a74ff61c65,005f4030,33,-1,pointer,-16,005e1c10,,,,
wiz8--gog-base--wiz8--18a74ff61c65,005f4030,34,-1,pointer,-16,005e1c10,,,,
wiz8--gog-base--wiz8--18a74ff61c65,005f4030,35,-1,pointer,-16,005e1c10,,,,
wiz8--gog-base--wiz8--18a74ff61c65,005f4030,36,-1,pointer,-16,005e1c10,,,,
wiz8--gog-base--wiz8--18a74ff61c65,005f4030,37,-1,pointer,-16,005e1c10,,,,
wiz8--gog-base--wiz8--18a74ff61c65,005f4030,38,-1,pointer,-16,005e1c10,,,,
wiz8--gog-base--wiz8--18a74ff61c65,005f4030,39,-1,pointer,-16,005e1c10,,,,
wiz8--gog-base--wiz8--18a74ff61c65,005f4030,40,-1,pointer,-16,005e1c10,,,,
wiz8--gog-base--wiz8--18a74ff61c65,005f4030,41,-1,pointer,-16,005e1c10,,,,
wiz8--gog-base--wiz8--18a74ff61c65,005f4030,42,-1,pointer,-16,005e1c10,,,,
wiz8--gog-base--wiz8--18a74ff61c65,005f41a8,0,-1,pointer,-216,005e1c10,,,,
wiz8--gog-base--wiz8--18a74ff61c65,005f41d0,0,-1,pointer,-16,005e1c10,,,,
wiz8--gog-base--wiz8--18a74ff61c65,005f41f8,0,-1,pointer,-16,005e1c10,,,,
wiz8--gog-base--wiz8--18a74ff61c65,005f4220,0,-1,pointer,-16,005e1c10,,,,
wiz8--gog-base--wiz8--18a74ff61c65,005f4248,0,-1,pointer,4,005e1c10,,,,
wiz8--gog-base--wiz8--18a74ff61c65,005f4270,0,-1,pointer,-16,005e1c10,,,,
wiz8--gog-base--wiz8--18a74ff61c65,005f4298,0,-1,object,-68,004cf260,,,,
wiz8--gog-base--wiz8--18a74ff61c65,005f4298,1,0,pointer,-144,0046f3f0,,,,
wiz8--gog-base--wiz8--18a74ff61c65,005f4298,2,0,object,-160,00446050,,,,
wiz8--gog-base--wiz8--18a74ff61c65,005f4298,3,2,pointer,-72,0046f3f0,,,,
wiz8--gog-base--wiz8--18a74ff61c65,005f42d8,0,-1,object,-28,00438c70,,,,
wiz8--gog-base--wiz8--18a74ff61c65,005f4300,0,-1,object,-80,00438c70,,,,
wiz8--gog-base--wiz8--18a74ff61c65,005f4300,1,0,object,-144,004701b0,,,,
wiz8--gog-base--wiz8--18a74ff61c65,005f4300,2,1,object,-136,004701d0,,,,
wiz8--gog-base--wiz8--18a74ff61c65,005f4300,3,2,pointer,-148,0046f3f0,,,,
wiz8--gog-base--wiz8--18a74ff61c65,005f4340,0,-1,pointer,-48,0046f3f0,,,,
wiz8--gog-base--wiz8--18a74ff61c65,005f4368,0,-1,pointer,-16,0046f3f0,,,,
wiz8--gog-base--wiz8--18a74ff61c65,005f4390,0,-1,pointer,-48,005e1c10,,,,
wiz8--gog-base--wiz8--18a74ff61c65,005f4390,1,-1,pointer,-48,0046f3f0,,,,
wiz8--gog-base--wiz8--18a74ff61c65,005f4390,2,-1,pointer,-48,0046f3f0,,,,
wiz8--gog-base--wiz8--18a74ff61c65,005f4390,3,-1,pointer,-48,0046f3f0,,,,
wiz8--gog-base--wiz8--18a74ff61c65,005f4390,4,-1,pointer,-48,0046f3f0,,,,
wiz8--gog-base--wiz8--18a74ff61c65,005f4390,5,-1,pointer,-48,0046f3f0,,,,
wiz8--gog-base--wiz8--18a74ff61c65,005f43e0,0,-1,pointer,-100,0046f3f0,,,,
wiz8--gog-base--wiz8--18a74ff61c65,005f4408,0,-1,pointer,-148,0046f3f0,,,,
wiz8--gog-base--wiz8--18a74ff61c65,005f4430,0,-1,pointer,-72,0046f3f0,,,,
wiz8--gog-base--wiz8--18a74ff61c65,005f4458,0,-1,pointer,-16,005e1c10,,,,
wiz8--gog-base--wiz8--18a74ff61c65,005f4480,0,-1,pointer,-16,005e1c10,,,,
wiz8--gog-base--wiz8--18a74ff61c65,005f4480,1,-1,pointer,-16,005e1c10,,,,
wiz8--gog-base--wiz8--18a74ff61c65,005f4480,2,-1,pointer,-16,005e1c10,,,,
wiz8--gog-base--wiz8--18a74ff61c65,005f4480,3,-1,pointer,-16,005e1c10,,,,
wiz8--gog-base--wiz8--18a74ff61c65,005f4480,4,-1,pointer,-16,005e1c10,,,,
wiz8--gog-base--wiz8--18a74ff61c65,005f4480,5,-1,pointer,-20,005e1c10,,,,
wiz8--gog-base--wiz8--18a74ff61c65,005f44d0,0,-1,pointer,-20,004f2d30,,,,
wiz8--gog-base--wiz8--18a74ff61c65,005f44d0,1,0,pointer,-20,00439a00,,,,
wiz8--gog-base--wiz8--18a74ff61c65,005f44d0,2,1,pointer,-20,00439a00,,,,
wiz8--gog-base--wiz8--18a74ff61c65,005f44d0,3,2,pointer,-20,00439a00,,,,
wiz8--gog-base--wiz8--18a74ff61c65,005f44d0,4,3,pointer,-16,005e1c10,,,,
wiz8--gog-base--wiz8--18a74ff61c65,005f4518,0,-1,pointer,-16,004f2d30,,,,
wiz8--gog-base--wiz8--18a74ff61c65,005f4518,1,0,pointer,-16,00439a00,,,,
wiz8--gog-base--wiz8--18a74ff61c65,005f4518,2,1,pointer,-16,00439a00,,,,
wiz8--gog-base--wiz8--18a74ff61c65,005f4518,3,2,pointer,-16,00439a00,,,,
wiz8--gog-base--wiz8--18a74ff61c65,005f4558,0,-1,pointer,-32,004f2d30,,,,
wiz8--gog-base--wiz8--18a74ff61c65,005f4558,1,0,pointer,4,005e1c10,,,,
wiz8--gog-base--wiz8--18a74ff61c65,005f4558,2,0,pointer,4,005e1c10,,,,
wiz8--gog-base--wiz8--18a74ff61c65,005f4558,3,0,pointer,4,005e1c10,,,,
wiz8--gog-base--wiz8--18a74ff61c65,005f4558,4,0,pointer,4,005e1c10,,,,
wiz8--gog-base--wiz8--18a74ff61c65,005f4558,5,0,pointer,4,005e1c10,,,,
wiz8--gog-base--wiz8--18a74ff61c65,005f4558,6,0,pointer,4,005e1c10,,,,
wiz8--gog-base--wiz8--18a74ff61c65,005f4558,7,0,pointer,4,005e1c10,,,,
wiz8--gog-base--wiz8--18a74ff61c65,005f45b8,0,-1,pointer,-16,004f2d30,,,,
wiz8--gog-base--wiz8--18a74ff61c65,005f45e0,0,-1,pointer,-20,00439a00,,,,
wiz8--gog-base--wiz8--18a74ff61c65,005f45e0,1,0,pointer,4,005e1c10,,,,
wiz8--gog-base--wiz8--18a74ff61c65,005f45e0,2,0,pointer,4,005e1c10,,,,
wiz8--gog-base--wiz8--18a74ff61c65,005f45e0,3,0,pointer,4,005e1c10,,,,
wiz8--gog-base--wiz8--18a74ff61c65,005f45e0,4,0,pointer,4,005e1c10,,,,
wiz8--gog-base--wiz8--18a74ff61c65,005f45e0,5,0,pointer,4,005e1c10,,,,
wiz8--gog-base--wiz8--18a74ff61c65,005f45e0,6,0,pointer,4,005e1c10,,,,
wiz8--gog-base--wiz8--18a74ff61c65,005f45e0,7,0,pointer,4,005e1c10,,,,
wiz8--gog-base--wiz8--18a74ff61c65,005f4640,0,-1,pointer,-16,00439a00,,,,
wiz8--gog-base--wiz8--18a74ff61c65,005f4668,0,-1,pointer,4,005e1c10,,,,
wiz8--gog-base--wiz8--18a74ff61c65,005f4690,0,-1,pointer,-16,004f3f10,,,,
wiz8--gog-base--wiz8--18a74ff61c65,005f4690,1,0,pointer,-16,004f63c0,,,,
wiz8--gog-base--wiz8--18a74ff61c65,005f46c0,0,-1,pointer,-16,004f3f10,,,,
wiz8--gog-base--wiz8--18a74ff61c65,005f46e8,0,-1,pointer,-16,004f6640,,,,
wiz8--gog-base--wiz8--18a74ff61c65,005f4710,0,-1,pointer,-16,004f3f10,,,,
wiz8--gog-base--wiz8--18a74ff61c65,005f4738,0,-1,pointer,-16,004f2d30,,,,
wiz8--gog-base--wiz8--18a74ff61c65,005f4738,1,0,pointer,-16,00439a00,,,,
wiz8--gog-base--wiz8--18a74ff61c65,005f4738,2,1,pointer,-16,004f3480,,,,
wiz8--gog-base--wiz8--18a74ff61c65,005f4738,3,2,pointer,-16,00439a00,,,,
wiz8--gog-base--wiz8--18a74ff61c65,005f4738,4,3,pointer,-20,005e1c10,,,,
wiz8--gog-base--wiz8--18a74ff61c65,005f4738,5,3,pointer,-20,005e1c10,,,,
wiz8--gog-base--wiz8--18a74ff61c65,005f4788,0,-1,pointer,-16,004f2d30,,,,
wiz8--gog-base--wiz8--18a74ff61c65,005f4788,1,0,pointer,-16,00439a00,,,,
wiz8--gog-base--wiz8--18a74ff61c65,005f4788,2,1,pointer,-16,004f3480,,,,
wiz8--gog-base--wiz8--18a74ff61c65,005f4788,3,2,pointer,-16,00439a00,,,,
wiz8--gog-base--wiz8--18a74ff61c65,005f47c8,0,-1,pointer,-36,004f2d30,,,,
wiz8--gog-base--wiz8--18a74ff61c65,005f47c8,1,0,pointer,-32,005e1c10,,,,
wiz8--gog-base--wiz8--18a74ff61c65,005f47c8,2,0,pointer,-32,005e1c10,,,,
wiz8--gog-base--wiz8--18a74ff61c65,005f47c8,3,0,pointer,-32,005e1c10,,,,
wiz8--gog-base--wiz8--18a74ff61c65,005f47c8,4,0,pointer,-32,005e1c10,,,,
wiz8--gog-base--wiz8--18a74ff61c65,005f47c8,5,0,pointer,-32,005e1c10,,,,
wiz8--gog-base--wiz8--18a74ff61c65,005f47c8,6,0,pointer,-32,005e1c10,,,,
wiz8--gog-base--wiz8--18a74ff61c65,005f47c8,7,0,pointer,-32,005e1c10,,,,
wiz8--gog-base--wiz8--18a74ff61c65,005f4828,0,-1,pointer,-16,004f2d30,,,,
wiz8--gog-base--wiz8--18a74ff61c65,005f4850,0,-1,pointer,-16,00439a00,,,,
wiz8--gog-base--wiz8--18a74ff61c65,005f4850,1,0,pointer,4,005e1c10,,,,
wiz8--gog-base--wiz8--18a74ff61c65,005f4850,2,0,pointer,4,005e1c10,,,,
wiz8--gog-base--wiz8--18a74ff61c65,005f4850,3,0,pointer,4,005e1c10,,,,
wiz8--gog-base--wiz8--18a74ff61c65,005f4850,4,0,pointer,4,005e1c10,,,,
wiz8--gog-base--wiz8--18a74ff61c65,005f4850,5,0,pointer,4,005e1c10,,,,
wiz8--gog-base--wiz8--18a74ff61c65,005f4850,6,0,pointer,4,005e1c10,,,,
wiz8--gog-base--wiz8--18a74ff61c65,005f4850,7,0,pointer,4,005e1c10,,,,
wiz8--gog-base--wiz8--18a74ff61c65,005f4850,8,0,pointer,4,005e1c10,,,,
wiz8--gog-base--wiz8--18a74ff61c65,005f48b8,0,-1,pointer,-16,00439a00,,,,
wiz8--gog-base--wiz8--18a74ff61c65,005f48e0,0,-1,pointer,4,005e1c10,,,,
wiz8--gog-base--wiz8--18a74ff61c65,005f4908,0,-1,pointer,4,005e1c10,,,,
wiz8--gog-base--wiz8--18a74ff61c65,005f4930,0,-1,pointer,-16,005e1c10,,,,
wiz8--gog-base--wiz8--18a74ff61c65,005f4958,0,-1,pointer,-36,005e1c10,,,,
wiz8--gog-base--wiz8--18a74ff61c65,005f4958,1,-1,pointer,-16,005e1c10,,,,
wiz8--gog-base--wiz8--18a74ff61c65,005f4958,2,-1,pointer,-16,005e1c10,,,,
wiz8--gog-base--wiz8--18a74ff61c65,005f4990,0,-1,pointer,-16,005e1c10,,,,
wiz8--gog-base--wiz8--18a74ff61c65,005f49b8,0,-1,pointer,-20,005e1c10,,,,
wiz8--gog-base--wiz8--18a74ff61c65,005f49b8,1,-1,pointer,-16,005e1c10,,,,
wiz8--gog-base--wiz8--18a74ff61c65,005f49b8,2,-1,pointer,-16,005e1c10,,,,
wiz8--gog-base--wiz8--18a74ff61c65,005f49f0,0,-1,pointer,-16,005e1c10,,,,
wiz8--gog-base--wiz8--18a74ff61c65,005f4a18,0,-1,pointer,-16,005e1c10,,,,
wiz8--gog-base--wiz8--18a74ff61c65,005f4a40,0,-1,pointer,-16,005e1c10,,,,
wiz8--gog-base--wiz8--18a74ff61c65,005f4a68,0,-1,pointer,-16,005e1c10,,,,
wiz8--gog-base--wiz8--18a74ff61c65,005f4a90,0,-1,pointer,-16,005e1c10,,,,
wiz8--gog-base--wiz8--18a74ff61c65,005f4ab8,0,-1,pointer,-16,005e1c10,,,,
wiz8--gog-base--wiz8--18a74ff61c65,005f4ae0,0,-1,pointer,-16,004f3f10,,,,
wiz8--gog-base--wiz8--18a74ff61c65,005f4b08,0,-1,object,-92,004f3480,,,,
wiz8--gog-base--wiz8--18a74ff61c65,005f4b30,0,-1,object,-92,004f3480,,,,
wiz8--gog-base--wiz8--18a74ff61c65,005f4b58,0,-1,pointer,-20,005e1c10,,,,
wiz8--gog-base--wiz8--18a74ff61c65,005f4b58,1,-1,pointer,-16,005e1c10,,,,
wiz8--gog-base--wiz8--18a74ff61c65,005f4b88,0,-1,pointer,-20,005e1c10,,,,
wiz8--gog-base--wiz8--18a74ff61c65,005f4b88,1,-1,pointer,-16,005e1c10,,,,
wiz8--gog-base--wiz8--18a74ff61c65,005f4bb8,0,-1,pointer,-16,005e1c10,,,,
wiz8--gog-base--wiz8--18a74ff61c65,005f4bb8,1,-1,pointer,-16,005e1c10,,,,
wiz8--gog-base--wiz8--18a74ff61c65,005f4bb8,2,-1,pointer,-16,005e1c10,,,,
wiz8--gog-base--wiz8--18a74ff61c65,005f4bb8,3,-1,pointer,-16,005e1c10,,,,
wiz8--gog-base--wiz8--18a74ff61c65,005f4bb8,4,-1,pointer,-16,005e1c10,,,,
wiz8--gog-base--wiz8--18a74ff61c65,005f4bb8,5,-1,pointer,-16,005e1c10,,,,
wiz8--gog-base--wiz8--18a74ff61c65,005f4bb8,6,-1,pointer,-16,005e1c10,,,,
wiz8--gog-base--wiz8--18a74ff61c65,005f4bb8,7,-1,pointer,-16,005e1c10,,,,
wiz8--gog-base--wiz8--18a74ff61c65,005f4bb8,8,-1,pointer,-16,005e1c10,,,,
wiz8--gog-base--wiz8--18a74ff61c65,005f4bb8,9,-1,pointer,-16,005e1c10,,,,
wiz8--gog-base--wiz8--18a74ff61c65,005f4bb8,10,-1,pointer,-16,005e1c10,,,,
wiz8--gog-base--wiz8--18a74ff61c65,005f4bb8,11,-1,pointer,-16,005e1c10,,,,
wiz8--gog-base--wiz8--18a74ff61c65,005f4bb8,12,-1,pointer,-16,005e1c10,,,,
wiz8--gog-base--wiz8--18a74ff61c65,005f4bb8,13,-1,pointer,-16,005e1c10,,,,
wiz8--gog-base--wiz8--18a74ff61c65,005f4bb8,14,-1,pointer,-16,005e1c10,,,,
wiz8--gog-base--wiz8--18a74ff61c65,005f4c50,0,-1,pointer,-16,005e1c10,,,,
wiz8--gog-base--wiz8--18a74ff61c65,005f4c78,0,-1,pointer,-16,005e1c10,,,,
wiz8--gog-base--wiz8--18a74ff61c65,005f4c78,1,-1,pointer,-16,005e1c10,,,,
wiz8--gog-base--wiz8--18a74ff61c65,005f4c78,2,-1,pointer,-16,005e1c10,,,,
wiz8--gog-base--wiz8--18a74ff61c65,005f4c78,3,-1,pointer,-16,005e1c10,,,,
wiz8--gog-base--wiz8--18a74ff61c65,005f4c78,4,-1,pointer,-16,005e1c10,,,,
wiz8--gog-base--wiz8--18a74ff61c65,005f4c78,5,-1,pointer,-16,005e1c10,,,,
wiz8--gog-base--wiz8--18a74ff61c65,005f4c78,6,-1,pointer,-16,005e1c10,,,,
wiz8--gog-base--wiz8--18a74ff61c65,005f4c78,7,-1,pointer,-16,005e1c10,,,,
wiz8--gog-base--wiz8--18a74ff61c65,005f4c78,8,-1,pointer,-16,005e1c10,,,,
wiz8--gog-base--wiz8--18a74ff61c65,005f4c78,9,-1,pointer,-16,005e1c10,,,,
wiz8--gog-base--wiz8--18a74ff61c65,005f4c78,10,-1,pointer,-16,005e1c10,,,,
wiz8--gog-base--wiz8--18a74ff61c65,005f4c78,11,-1,pointer,-16,005e1c10,,,,
wiz8--gog-base--wiz8--18a74ff61c65,005f4c78,12,-1,pointer,-16,005e1c10,,,,
wiz8--gog-base--wiz8--18a74ff61c65,005f4c78,13,-1,pointer,-16,005e1c10,,,,
wiz8--gog-base--wiz8--18a74ff61c65,005f4c78,14,-1,pointer,-16,005e1c10,,,,
wiz8--gog-base--wiz8--18a74ff61c65,005f4c78,15,-1,pointer,-16,005e1c10,,,,
wiz8--gog-base--wiz8--18a74ff61c65,005f4c78,16,-1,pointer,-16,005e1c10,,,,
wiz8--gog-base--wiz8--18a74ff61c65,005f4c78,17,-1,pointer,-16,005e1c10,,,,
wiz8--gog-base--wiz8--18a74ff61c65,005f4c78,18,-1,pointer,-16,005e1c10,,,,
wiz8--gog-base--wiz8--18a74ff61c65,005f4c78,19,-1,pointer,-16,005e1c10,,,,
wiz8--gog-base--wiz8--18a74ff61c65,005f4c78,20,-1,pointer,-16,005e1c10,,,,
wiz8--gog-base--wiz8--18a74ff61c65,005f4c78,21,-1,pointer,-16,005e1c10,,,,
wiz8--gog-base--wiz8--18a74ff61c65,005f4c78,22,-1,pointer,-16,005e1c10,,,,
wiz8--gog-base--wiz8--18a74ff61c65,005f4c78,23,-1,pointer,-16,005e1c10,,,,
wiz8--gog-base--wiz8--18a74ff61c65,005f4c78,24,-1,pointer,-16,005e1c10,,,,
wiz8--gog-base--wiz8--18a74ff61c65,005f4c78,25,-1,pointer,-16,005e1c10,,,,
wiz8--gog-base--wiz8--18a74ff61c65,005f4d68,0,-1,pointer,4,005e1c10,,,,
wiz8--gog-base--wiz8--18a74ff61c65,005f4d90,0,-1,pointer,-32,005e1c10,,,,
wiz8--gog-base--wiz8--18a74ff61c65,005f4d90,1,-1,pointer,-32,005e1c10,,,,
wiz8--gog-base--wiz8--18a74ff61c65,005f4d90,2,-1,pointer,-32,005e1c10,,,,
wiz8--gog-base--wiz8--18a74ff61c65,005f4d90,3,-1,pointer,-32,005e1c10,,,,
wiz8--gog-base--wiz8--18a74ff61c65,005f4dd0,0,-1,pointer,-48,0046f3f0,,,,
wiz8--gog-base--wiz8--18a74ff61c65,005f4df8,0,-1,pointer,-20,005e1c10,,,,
wiz8--gog-base--wiz8--18a74ff61c65,005f4df8,1,0,pointer,-16,005e1c10,,,,
wiz8--gog-base--wiz8--18a74ff61c65,005f4df8,2,-1,pointer,-16,005e1c10,,,,
wiz8--gog-base--wiz8--18a74ff61c65,005f4df8,3,-1,pointer,-16,005e1c10,,,,
wiz8--gog-base--wiz8--18a74ff61c65,005f4df8,4,-1,pointer,-16,005e1c10,,,,
wiz8--gog-base--wiz8--18a74ff61c65,005f4df8,5,-1,pointer,-16,005e1c10,,,,
wiz8--gog-base--wiz8--18a74ff61c65,005f4e48,0,-1,object,-1116,004f3480,,,,
wiz8--gog-base--wiz8--18a74ff61c65,005f4e70,0,-1,pointer,-16,004f6640,,,,
wiz8--gog-base--wiz8--18a74ff61c65,005f4e70,1,0,pointer,8,005e1c10,,,,
wiz8--gog-base--wiz8--18a74ff61c65,005f4e70,2,0,pointer,8,005e1c10,,,,
wiz8--gog-base--wiz8--18a74ff61c65,005f4ea8,0,-1,pointer,-16,004f3f10,,,,
wiz8--gog-base--wiz8--18a74ff61c65,005f4ed0,0,-1,pointer,-16,004f3f10,,,,
wiz8--gog-base--wiz8--18a74ff61c65,005f4ef8,0,-1,pointer,-16,004f3f10,,,,
wiz8--gog-base--wiz8--18a74ff61c65,005f4f20,0,-1,pointer,-16,004f3f10,,,,
wiz8--gog-base--wiz8--18a74ff61c65,005f4f48,0,-1,pointer,4,0046f3f0,,,,
wiz8--gog-base--wiz8--18a74ff61c65,005f4f70,0,-1,pointer,-16,004f3f10,,,,
wiz8--gog-base--wiz8--18a74ff61c65,005f4f98,0,-1,pointer,-16,004f3f10,,,,
wiz8--gog-base--wiz8--18a74ff61c65,005f4fc0,0,-1,pointer,-16,005d2610,,,,
wiz8--gog-base--wiz8--18a74ff61c65,005f4fe8,0,-1,pointer,-16,004f2d30,,,,
wiz8--gog-base--wiz8--18a74ff61c65,005f4fe8,1,0,pointer,-16,005acf40,,,,
wiz8--gog-base--wiz8--18a74ff61c65,005f4fe8,2,1,pointer,-16,005acf60,,,,
wiz8--gog-base--wiz8--18a74ff61c65,005f5020,0,-1,pointer,-16,004f2d30,,,,
wiz8--gog-base--wiz8--18a74ff61c65,005f5020,1,0,pointer,-16,005acf40,,,,
wiz8--gog-base--wiz8--18a74ff61c65,005f5020,2,1,pointer,-16,005acf60,,,,
wiz8--gog-base--wiz8--18a74ff61c65,005f5058,0,-1,pointer,-32,005e1c10,,,,
wiz8--gog-base--wiz8--18a74ff61c65,005f5058,1,-1,pointer,4,005e1c10,,,,
wiz8--gog-base--wiz8--18a74ff61c65,005f5058,2,1,pointer,4,004f6640,,,,
wiz8--gog-base--wiz8--18a74ff61c65,005f5090,0,-1,pointer,-32,005e1c10,,,,
wiz8--gog-base--wiz8--18a74ff61c65,005f5090,1,-1,pointer,4,005e1c10,,,,
wiz8--gog-base--wiz8--18a74ff61c65,005f5090,2,1,pointer,4,004f6640,,,,
wiz8--gog-base--wiz8--18a74ff61c65,005f50c8,0,-1,pointer,-32,005e1c10,,,,
wiz8--gog-base--wiz8--18a74ff61c65,005f50c8,1,-1,pointer,4,005e1c10,,,,
wiz8--gog-base--wiz8--18a74ff61c65,005f50f8,0,-1,pointer,-32,005e1c10,,,,
wiz8--gog-base--wiz8--18a74ff61c65,005f50f8,1,-1,pointer,4,005e1c10,,,,
wiz8--gog-base--wiz8--18a74ff61c65,005f5128,0,-1,pointer,-16,004f2d30,,,,
wiz8--gog-base--wiz8--18a74ff61c65,005f5128,1,0,pointer,4,005e1c10,,,,
wiz8--gog-base--wiz8--18a74ff61c65,005f5128,2,0,pointer,4,005e1c10,,,,
wiz8--gog-base--wiz8--18a74ff61c65,005f5128,3,0,pointer,4,005e1c10,,,,
wiz8--gog-base--wiz8--18a74ff61c65,005f5168,0,-1,pointer,-16,004f2d30,,,,
wiz8--gog-base--wiz8--18a74ff61c65,005f5190,0,-1,pointer,-16,005acfa0,,,,
wiz8--gog-base--wiz8--18a74ff61c65,005f51b8,0,-1,pointer,-20,005acfa0,,,,
wiz8--gog-base--wiz8--18a74ff61c65,005f51b8,1,0,pointer,-16,005acf80,,,,
wiz8--gog-base--wiz8--18a74ff61c65,005f51e8,0,-1,pointer,4,005e1c10,,,,
wiz8--gog-base--wiz8--18a74ff61c65,005f5210,0,-1,pointer,-16,005e1c10,,,,
wiz8--gog-base--wiz8--18a74ff61c65,005f5238,0,-1,pointer,-16,005e1c10,,,,
wiz8--gog-base--wiz8--18a74ff61c65,005f5238,1,-1,pointer,-16,005e1c10,,,,
wiz8--gog-base--wiz8--18a74ff61c65,005f5238,2,-1,pointer,-16,005e1c10,,,,
wiz8--gog-base--wiz8--18a74ff61c65,005f5238,3,-1,pointer,-16,005e1c10,,,,
wiz8--gog-base--wiz8--18a74ff61c65,005f5278,0,-1,pointer,-16,005e1c10,,,,
wiz8--gog-base--wiz8--18a74ff61c65,005f52a0,0,-1,pointer,-32,005e1c10,,,,
wiz8--gog-base--wiz8--18a74ff61c65,005f52c8,0,-1,pointer,-16,005e1c10,,,,
wiz8--gog-base--wiz8--18a74ff61c65,005f52c8,1,0,pointer,-16,004f6640,,,,
wiz8--gog-base--wiz8--18a74ff61c65,005f52c8,2,-1,pointer,-16,005e1c10,,,,
wiz8--gog-base--wiz8--18a74ff61c65,005f52c8,3,-1,pointer,-16,005e1c10,,,,
wiz8--gog-base--wiz8--18a74ff61c65,005f5308,0,-1,pointer,-276,005e1c10,,,,
wiz8--gog-base--wiz8--18a74ff61c65,005f5308,1,-1,pointer,-276,005e1c10,,,,
wiz8--gog-base--wiz8--18a74ff61c65,005f5338,0,-1,pointer,-16,004f2d30,,,,
wiz8--gog-base--wiz8--18a74ff61c65,005f5338,1,0,pointer,-16,005acf40,,,,
wiz8--gog-base--wiz8--18a74ff61c65,005f5338,2,1,pointer,-16,005acf60,,,,
wiz8--gog-base--wiz8--18a74ff61c65,005f5370,0,-1,pointer,-52,005e1c10,,,,
wiz8--gog-base--wiz8--18a74ff61c65,005f5370,1,-1,pointer,-56,005e1c10,,,,
wiz8--gog-base--wiz8--18a74ff61c65,005f5370,2,-1,pointer,-48,005e1c10,,,,
wiz8--gog-base--wiz8--18a74ff61c65,005f5370,3,2,pointer,-48,004f6640,,,,
wiz8--gog-base--wiz8--18a74ff61c65,005f5370,4,2,pointer,-48,005a7c20,,,,
wiz8--gog-base--wiz8--18a74ff61c65,005f5370,5,-1,pointer,-48,005e1c10,,,,
wiz8--gog-base--wiz8--18a74ff61c65,005f5370,6,5,pointer,-48,004f6640,,,,
wiz8--gog-base--wiz8--18a74ff61c65,005f53c8,0,-1,pointer,12,005e1c10,,,,
wiz8--gog-base--wiz8--18a74ff61c65,005f53c8,1,-1,pointer,12,005e1c10,,,,
wiz8--gog-base--wiz8--18a74ff61c65,005f53c8,2,-1,pointer,12,005e1c10,,,,
wiz8--gog-base--wiz8--18a74ff61c65,005f53c8,3,-1,pointer,12,005e1c10,,,,
wiz8--gog-base--wiz8--18a74ff61c65,005f53c8,4,-1,pointer,12,005e1c10,,,,
wiz8--gog-base--wiz8--18a74ff61c65,005f53c8,5,-1,pointer,12,005e1c10,,,,
wiz8--gog-base--wiz8--18a74ff61c65,005f53c8,6,-1,pointer,12,005e1c10,,,,
wiz8--gog-base--wiz8--18a74ff61c65,005f53c8,7,6,pointer,12,005a8320,,,,
wiz8--gog-base--wiz8--18a74ff61c65,005f53c8,8,-1,pointer,12,005e1c10,,,,
wiz8--gog-base--wiz8--18a74ff61c65,005f53c8,9,-1,pointer,12,005e1c10,,,,
wiz8--gog-base--wiz8--18a74ff61c65,005f53c8,10,9,pointer,12,005a8320,,,,
wiz8--gog-base--wiz8--18a74ff61c65,005f53c8,11,10,pointer,12,005ad020,,,,
wiz8--gog-base--wiz8--18a74ff61c65,005f53c8,12,-1,pointer,12,005e1c10,,,,
wiz8--gog-base--wiz8--18a74ff61c65,005f53c8,13,-1,pointer,12,005e1c10,,,,
wiz8--gog-base--wiz8--18a74ff61c65,005f53c8,14,-1,pointer,12,005e1c10,,,,
wiz8--gog-base--wiz8--18a74ff61c65,005f53c8,15,14,pointer,12,005a8320,,,,
wiz8--gog-base--wiz8--18a74ff61c65,005f53c8,16,15,pointer,12,005ad020,,,,
wiz8--gog-base--wiz8--18a74ff61c65,005f5470,0,-1,pointer,-16,004f2d30,,,,
wiz8--gog-base--wiz8--18a74ff61c65,005f5470,1,0,pointer,-16,005acf40,,,,
wiz8--gog-base--wiz8--18a74ff61c65,005f5470,2,1,pointer,-16,005acf60,,,,
wiz8--gog-base--wiz8--18a74ff61c65,005f54a8,0,-1,pointer,-16,004f2d30,,,,
wiz8--gog-base--wiz8--18a74ff61c65,005f54a8,1,0,pointer,-16,005acf40,,,,
wiz8--gog-base--wiz8--18a74ff61c65,005f54a8,2,1,pointer,-16,005acf60,,,,
wiz8--gog-base--wiz8--18a74ff61c65,005f54e0,0,-1,pointer,-16,004f2d30,,,,
wiz8--gog-base--wiz8--18a74ff61c65,005f54e0,1,0,pointer,-16,005acf40,,,,
wiz8--gog-base--wiz8--18a74ff61c65,005f54e0,2,1,pointer,-16,005acf60,,,,
wiz8--gog-base--wiz8--18a74ff61c65,005f5518,0,-1,pointer,-16,004f2d30,,,,
wiz8--gog-base--wiz8--18a74ff61c65,005f5518,1,0,pointer,-16,005acf40,,,,
wiz8--gog-base--wiz8--18a74ff61c65,005f5518,2,1,pointer,-16,005acf60,,,,
wiz8--gog-base--wiz8--18a74ff61c65,005f5550,0,-1,pointer,-16,004f2d30,,,,
wiz8--gog-base--wiz8--18a74ff61c65,005f5550,1,0,pointer,-16,005acf40,,,,
wiz8--gog-base--wiz8--18a74ff61c65,005f5550,2,1,pointer,-16,005acf60,,,,
wiz8--gog-base--wiz8--18a74ff61c65,005f5588,0,-1,pointer,-16,004f2d30,,,,
wiz8--gog-base--wiz8--18a74ff61c65,005f5588,1,0,pointer,-16,005acf40,,,,
wiz8--gog-base--wiz8--18a74ff61c65,005f5588,2,1,pointer,-16,005acf60,,,,
wiz8--gog-base--wiz8--18a74ff61c65,005f55c0,0,-1,pointer,-16,004f2d30,,,,
wiz8--gog-base--wiz8--18a74ff61c65,005f55c0,1,0,pointer,-16,005acf40,,,,
wiz8--gog-base--wiz8--18a74ff61c65,005f55c0,2,1,pointer,-16,005acf60,,,,
wiz8--gog-base--wiz8--18a74ff61c65,005f55f8,0,-1,pointer,-16,004f2d30,,,,
wiz8--gog-base--wiz8--18a74ff61c65,005f55f8,1,0,pointer,-16,005acf40,,,,
wiz8--gog-base--wiz8--18a74ff61c65,005f55f8,2,1,pointer,-16,005acf60,,,,
wiz8--gog-base--wiz8--18a74ff61c65,005f5630,0,-1,pointer,-16,005e1c10,,,,
wiz8--gog-base--wiz8--18a74ff61c65,005f5630,1,-1,pointer,-16,005e1c10,,,,
wiz8--gog-base--wiz8--18a74ff61c65,005f5630,2,-1,pointer,-16,005e1c10,,,,
wiz8--gog-base--wiz8--18a74ff61c65,005f5668,0,-1,pointer,-516,005e1c10,,,,
wiz8--gog-base--wiz8--18a74ff61c65,005f5690,0,-1,pointer,-16,005e1c10,,,,
wiz8--gog-base--wiz8--18a74ff61c65,005f5690,1,-1,pointer,-16,005e1c10,,,,
wiz8--gog-base--wiz8--18a74ff61c65,005f5690,2,-1,pointer,-16,005e1c10,,,,
wiz8--gog-base--wiz8--18a74ff61c65,005f56c8,0,-1,pointer,-16,005e1c10,,,,
wiz8--gog-base--wiz8--18a74ff61c65,005f56f0,0,-1,pointer,-16,005e1c10,,,,
wiz8--gog-base--wiz8--18a74ff61c65,005f56f0,1,-1,pointer,-16,005e1c10,,,,
wiz8--gog-base--wiz8--18a74ff61c65,005f5720,0,-1,pointer,16,005e1c10,,,,
wiz8--gog-base--wiz8--18a74ff61c65,005f5720,1,-1,pointer,16,005e1c10,,,,
wiz8--gog-base--wiz8--18a74ff61c65,005f5720,2,-1,pointer,16,005e1c10,,,,
wiz8--gog-base--wiz8--18a74ff61c65,005f5720,3,-1,pointer,16,005e1c10,,,,
wiz8--gog-base--wiz8--18a74ff61c65,005f5720,4,-1,pointer,16,005e1c10,,,,
wiz8--gog-base--wiz8--18a74ff61c65,005f5720,5,-1,pointer,16,005e1c10,,,,
wiz8--gog-base--wiz8--18a74ff61c65,005f5770,0,-1,pointer,-16,004f2d30,,,,
wiz8--gog-base--wiz8--18a74ff61c65,005f5798,0,-1,pointer,-16,004f2d30,,,,
wiz8--gog-base--wiz8--18a74ff61c65,005f5798,1,0,pointer,-16,005b1b70,,,,
wiz8--gog-base--wiz8--18a74ff61c65,005f57c8,0,-1,pointer,-16,005e1c10,,,,
wiz8--gog-base--wiz8--18a74ff61c65,005f57c8,1,-1,pointer,-16,005e1c10,,,,
wiz8--gog-base--wiz8--18a74ff61c65,005f57c8,2,-1,pointer,-16,005e1c10,,,,
wiz8--gog-base--wiz8--18a74ff61c65,005f57c8,3,-1,pointer,-16,005e1c10,,,,
wiz8--gog-base--wiz8--18a74ff61c65,005f57c8,4,-1,pointer,-16,005e1c10,,,,
wiz8--gog-base--wiz8--18a74ff61c65,005f57c8,5,-1,pointer,-16,005e1c10,,,,
wiz8--gog-base--wiz8--18a74ff61c65,005f5818,0,-1,pointer,-16,005e1c10,,,,
wiz8--gog-base--wiz8--18a74ff61c65,005f5840,0,-1,pointer,-16,005e1c10,,,,
wiz8--gog-base--wiz8--18a74ff61c65,005f5868,0,-1,pointer,-16,005e1c10,,,,
wiz8--gog-base--wiz8--18a74ff61c65,005f5890,0,-1,pointer,-16,005e1c10,,,,
wiz8--gog-base--wiz8--18a74ff61c65,005f58b8,0,-1,pointer,-16,005e1c10,,,,
wiz8--gog-base--wiz8--18a74ff61c65,005f58e0,0,-1,pointer,4,005e1c10,,,,
wiz8--gog-base--wiz8--18a74ff61c65,005f58e0,1,-1,pointer,4,005e1c10,,,,
wiz8--gog-base--wiz8--18a74ff61c65,005f5910,0,-1,object,-92,004f3480,,,,
wiz8--gog-base--wiz8--18a74ff61c65,005f5938,0,-1,pointer,-16,005e1c10,,,,
wiz8--gog-base--wiz8--18a74ff61c65,005f5960,0,-1,pointer,-16,005e1c10,,,,
wiz8--gog-base--wiz8--18a74ff61c65,005f5988,0,-1,pointer,-16,005e1c10,,,,
wiz8--gog-base--wiz8--18a74ff61c65,005f5988,1,-1,pointer,-16,005e1c10,,,,
wiz8--gog-base--wiz8--18a74ff61c65,005f5988,2,-1,pointer,-16,005e1c10,,,,
wiz8--gog-base--wiz8--18a74ff61c65,005f5988,3,-1,pointer,-16,005e1c10,,,,
wiz8--gog-base--wiz8--18a74ff61c65,005f5988,4,-1,pointer,-16,005e1c10,,,,
wiz8--gog-base--wiz8--18a74ff61c65,005f5988,5,-1,pointer,-16,005e1c10,,,,
wiz8--gog-base--wiz8--18a74ff61c65,005f59d8,0,-1,pointer,-20,004f2d30,,,,
wiz8--gog-base--wiz8--18a74ff61c65,005f59d8,1,0,pointer,-16,005e1c10,,,,
wiz8--gog-base--wiz8--18a74ff61c65,005f59d8,2,0,pointer,-16,005e1c10,,,,
wiz8--gog-base--wiz8--18a74ff61c65,005f59d8,3,0,pointer,-16,005e1c10,,,,
wiz8--gog-base--wiz8--18a74ff61c65,005f59d8,4,0,pointer,-16,005e1c10,,,,
wiz8--gog-base--wiz8--18a74ff61c65,005f59d8,5,0,pointer,-16,005e1c10,,,,
wiz8--gog-base--wiz8--18a74ff61c65,005f59d8,6,0,pointer,-16,005e1c10,,,,
wiz8--gog-base--wiz8--18a74ff61c65,005f5a30,0,-1,pointer,-32,005e1c10,,,,
wiz8--gog-base--wiz8--18a74ff61c65,005f5a58,0,-1,pointer,-16,005e1c10,,,,
wiz8--gog-base--wiz8--18a74ff61c65,005f5a58,1,-1,pointer,-16,005e1c10,,,,
wiz8--gog-base--wiz8--18a74ff61c65,005f5a58,2,-1,pointer,-16,005e1c10,,,,
wiz8--gog-base--wiz8--18a74ff61c65,005f5a58,3,-1,pointer,-16,005e1c10,,,,
wiz8--gog-base--wiz8--18a74ff61c65,005f5a58,4,-1,pointer,-16,005e1c10,,,,
wiz8--gog-base--wiz8--18a74ff61c65,005f5a58,5,-1,pointer,-16,005e1c10,,,,
wiz8--gog-base--wiz8--18a74ff61c65,005f5a58,6,-1,pointer,-16,005e1c10,,,,
wiz8--gog-base--wiz8--18a74ff61c65,005f5a58,7,-1,pointer,-16,005e1c10,,,,
wiz8--gog-base--wiz8--18a74ff61c65,005f5a58,8,-1,pointer,-16,005e1c10,,,,
wiz8--gog-base--wiz8--18a74ff61c65,005f5a58,9,-1,pointer,-16,005e1c10,,,,
wiz8--gog-base--wiz8--18a74ff61c65,005f5a58,10,-1,pointer,-16,005e1c10,,,,
wiz8--gog-base--wiz8--18a74ff61c65,005f5a58,11,-1,pointer,-16,005e1c10,,,,
wiz8--gog-base--wiz8--18a74ff61c65,005f5a58,12,-1,pointer,-16,005e1c10,,,,
wiz8--gog-base--wiz8--18a74ff61c65,005f5a58,13,-1,pointer,-16,005e1c10,,,,
wiz8--gog-base--wiz8--18a74ff61c65,005f5ae8,0,-1,pointer,-16,005e1c10,,,,
wiz8--gog-base--wiz8--18a74ff61c65,005f5ae8,1,-1,pointer,-16,005e1c10,,,,
wiz8--gog-base--wiz8--18a74ff61c65,005f5b18,0,-1,pointer,-16,005e1c10,,,,
wiz8--gog-base--wiz8--18a74ff61c65,005f5b18,1,-1,pointer,-16,005e1c10,,,,
wiz8--gog-base--wiz8--18a74ff61c65,005f5b48,0,-1,object,-92,004f3480,,,,
wiz8--gog-base--wiz8--18a74ff61c65,005f5b70,0,-1,object,-92,004f3480,,,,
wiz8--gog-base--wiz8--18a74ff61c65,005f5b98,0,-1,object,-92,004f3480,,,,
wiz8--gog-base--wiz8--18a74ff61c65,005f5bc0,0,-1,pointer,4,005e1c10,,,,
wiz8--gog-base--wiz8--18a74ff61c65,005f5be8,0,-1,pointer,-16,005e1c10,,,,
wiz8--gog-base--wiz8--18a74ff61c65,005f5c10,0,-1,pointer,-16,004f3f10,,,,
wiz8--gog-base--wiz8--18a74ff61c65,005f5c38,0,-1,pointer,-16,005e1c10,,,,
wiz8--gog-base--wiz8--18a74ff61c65,005f5c38,1,-1,pointer,-16,005e1c10,,,,
wiz8--gog-base--wiz8--18a74ff61c65,005f5c38,2,-1,pointer,-16,005e1c10,,,,
wiz8--gog-base--wiz8--18a74ff61c65,005f5c70,0,-1,pointer,-16,005e1c10,,,,
wiz8--gog-base--wiz8--18a74ff61c65,005f5c70,1,-1,pointer,-16,005e1c10,,,,
wiz8--gog-base--wiz8--18a74ff61c65,005f5c70,2,-1,pointer,-16,005e1c10,,,,
wiz8--gog-base--wiz8--18a74ff61c65,005f5c70,3,-1,pointer,-16,005e1c10,,,,
wiz8--gog-base--wiz8--18a74ff61c65,005f5c70,4,-1,pointer,-16,005e1c10,,,,
wiz8--gog-base--wiz8--18a74ff61c65,005f5c70,5,-1,pointer,-16,005e1c10,,,,
wiz8--gog-base--wiz8--18a74ff61c65,005f5c70,6,-1,pointer,-16,005e1c10,,,,
wiz8--gog-base--wiz8--18a74ff61c65,005f5c70,7,-1,pointer,-16,005e1c10,,,,
wiz8--gog-base--wiz8--18a74ff61c65,005f5cd0,0,-1,pointer,-20,005e1c10,,,,
wiz8--gog-base--wiz8--18a74ff61c65,005f5cd0,1,-1,pointer,-20,005e1c10,,,,
wiz8--gog-base--wiz8--18a74ff61c65,005f5cd0,2,-1,pointer,-20,005e1c10,,,,
wiz8--gog-base--wiz8--18a74ff61c65,005f5cd0,3,-1,pointer,-20,005e1c10,,,,
wiz8--gog-base--wiz8--18a74ff61c65,005f5cd0,4,-1,pointer,-16,005e1c10,,,,
wiz8--gog-base--wiz8--18a74ff61c65,005f5cd0,5,-1,pointer,-16,005e1c10,,,,
wiz8--gog-base--wiz8--18a74ff61c65,005f5cd0,6,-1,pointer,-16,005e1c10,,,,
wiz8--gog-base--wiz8--18a74ff61c65,005f5cd0,7,-1,pointer,-16,005e1c10,,,,
wiz8--gog-base--wiz8--18a74ff61c65,005f5cd0,8,-1,pointer,-16,005e1c10,,,,
wiz8--gog-base--wiz8--18a74ff61c65,005f5d38,0,-1,pointer,4,005e1c10,,,,
wiz8--gog-base--wiz8--18a74ff61c65,005f5d38,1,-1,pointer,4,005e1c10,,,,
wiz8--gog-base--wiz8--18a74ff61c65,005f5d68,0,-1,pointer,-16,005e1c10,,,,
wiz8--gog-base--wiz8--18a74ff61c65,005f5d90,0,-1,pointer,-16,005e1c10,,,,
wiz8--gog-base--wiz8--18a74ff61c65,005f5db8,0,-1,pointer,4,005e1c10,,,,
wiz8--gog-base--wiz8--18a74ff61c65,005f5de0,0,-1,pointer,8,005e1c10,,,,
wiz8--gog-base--wiz8--18a74ff61c65,005f5e08,0,-1,pointer,-276,005e1c10,,,,
wiz8--gog-base--wiz8--18a74ff61c65,005f5e30,0,-1,pointer,-16,004f2d30,,,,
wiz8--gog-base--wiz8--18a74ff61c65,005f5e30,1,0,pointer,4,005e1c10,,,,
wiz8--gog-base--wiz8--18a74ff61c65,005f5e30,2,0,pointer,4,005e1c10,,,,
wiz8--gog-base--wiz8--18a74ff61c65,005f5e30,3,0,pointer,4,005e1c10,,,,
wiz8--gog-base--wiz8--18a74ff61c65,005f5e30,4,0,pointer,4,005e1c10,,,,
wiz8--gog-base--wiz8--18a74ff61c65,005f5e30,5,0,pointer,4,005e1c10,,,,
wiz8--gog-base--wiz8--18a74ff61c65,005f5e80,0,-1,pointer,-16,004f2d30,,,,
wiz8--gog-base--wiz8--18a74ff61c65,005f5ea8,0,-1,pointer,-28,005e1c10,,,,
wiz8--gog-base--wiz8--18a74ff61c65,005f5ea8,1,-1,pointer,-28,005e1c10,,,,
wiz8--gog-base--wiz8--18a74ff61c65,005f5ed8,0,-1,pointer,-16,005c34b0,,,,
wiz8--gog-base--wiz8--18a74ff61c65,005f5ed8,1,0,pointer,-16,00446050,,,,
wiz8--gog-base--wiz8--18a74ff61c65,005f5f08,0,-1,pointer,-16,004f3f10,,,,
wiz8--gog-base--wiz8--18a74ff61c65,005f5f30,0,-1,pointer,-20,004f2d30,,,,
wiz8--gog-base--wiz8--18a74ff61c65,005f5f30,1,0,pointer,-20,005a93a0,,,,
wiz8--gog-base--wiz8--18a74ff61c65,005f5f30,2,1,pointer,-16,005e1c10,,,,
wiz8--gog-base--wiz8--18a74ff61c65,005f5f30,3,2,pointer,-16,004f6640,,,,
wiz8--gog-base--wiz8--18a74ff61c65,005f5f70,0,-1,pointer,-16,004f2d30,,,,
wiz8--gog-base--wiz8--18a74ff61c65,005f5f70,1,0,pointer,-16,005a93a0,,,,
wiz8--gog-base--wiz8--18a74ff61c65,005f5fa0,0,-1,pointer,-16,004f6640,,,,
wiz8--gog-base--wiz8--18a74ff61c65,005f5fc8,0,-1,pointer,-16,004f3f10,,,,
wiz8--gog-base--wiz8--18a74ff61c65,005f5ff0,0,-1,pointer,-16,004f2d30,,,,
wiz8--gog-base--wiz8--18a74ff61c65,005f5ff0,1,0,pointer,-16,005a93a0,,,,
wiz8--gog-base--wiz8--18a74ff61c65,005f5ff0,2,1,pointer,-20,005e1c10,,,,
wiz8--gog-base--wiz8--18a74ff61c65,005f6028,0,-1,pointer,-16,004f2d30,,,,
wiz8--gog-base--wiz8--18a74ff61c65,005f6028,1,0,pointer,-16,005a93a0,,,,
wiz8--gog-base--wiz8--18a74ff61c65,005f6058,0,-1,pointer,-20,004f2d30,,,,
wiz8--gog-base--wiz8--18a74ff61c65,005f6058,1,0,pointer,-16,005e1c10,,,,
wiz8--gog-base--wiz8--18a74ff61c65,005f6088,0,-1,pointer,-16,004f2d30,,,,
wiz8--gog-base--wiz8--18a74ff61c65,005f60b0,0,-1,object,-172,004f3480,,,,
wiz8--gog-base--wiz8--18a74ff61c65,005f60b0,1,-1,object,-92,004f3480,,,,
wiz8--gog-base--wiz8--18a74ff61c65,005f60e0,0,-1,pointer,-20,004f2d30,,,,
wiz8--gog-base--wiz8--18a74ff61c65,005f60e0,1,0,pointer,-20,005a93a0,,,,
wiz8--gog-base--wiz8--18a74ff61c65,005f60e0,2,1,pointer,-20,005acf40,,,,
wiz8--gog-base--wiz8--18a74ff61c65,005f60e0,3,2,pointer,-16,005e1c10,,,,
wiz8--gog-base--wiz8--18a74ff61c65,005f60e0,4,2,pointer,-16,005e1c10,,,,
wiz8--gog-base--wiz8--18a74ff61c65,005f60e0,5,2,pointer,-16,005e1c10,,,,
wiz8--gog-base--wiz8--18a74ff61c65,005f6130,0,-1,pointer,-16,004f2d30,,,,
wiz8--gog-base--wiz8--18a74ff61c65,005f6130,1,0,pointer,-16,005a93a0,,,,
wiz8--gog-base--wiz8--18a74ff61c65,005f6130,2,1,pointer,-16,005acf40,,,,
wiz8--gog-base--wiz8--18a74ff61c65,005f6168,0,-1,pointer,4,005e1c10,,,,
wiz8--gog-base--wiz8--18a74ff61c65,005f6168,1,-1,pointer,4,005e1c10,,,,
wiz8--gog-base--wiz8--18a74ff61c65,005f6168,2,-1,pointer,4,005e1c10,,,,
wiz8--gog-base--wiz8--18a74ff61c65,005f6168,3,-1,pointer,4,005e1c10,,,,
wiz8--gog-base--wiz8--18a74ff61c65,005f6168,4,-1,pointer,4,005e1c10,,,,
wiz8--gog-base--wiz8--18a74ff61c65,005f6168,5,-1,pointer,4,005e1c10,,,,
wiz8--gog-base--wiz8--18a74ff61c65,005f6168,6,-1,pointer,4,005e1c10,,,,
wiz8--gog-base--wiz8--18a74ff61c65,005f6168,7,-1,pointer,4,005e1c10,,,,
wiz8--gog-base--wiz8--18a74ff61c65,005f6168,8,-1,pointer,4,005e1c10,,,,
wiz8--gog-base--wiz8--18a74ff61c65,005f6168,9,-1,pointer,4,005e1c10,,,,
wiz8--gog-base--wiz8--18a74ff61c65,005f61d8,0,-1,pointer,-32,005e1c10,,,,
wiz8--gog-base--wiz8--18a74ff61c65,005f61d8,1,-1,pointer,-32,005e1c10,,,,
wiz8--gog-base--wiz8--18a74ff61c65,005f61d8,2,-1,pointer,-32,005e1c10,,,,
wiz8--gog-base--wiz8--18a74ff61c65,005f61d8,3,-1,pointer,-32,005e1c10,,,,
wiz8--gog-base--wiz8--18a74ff61c65,005f61d8,4,-1,pointer,-32,005e1c10,,,,
wiz8--gog-base--wiz8--18a74ff61c65,005f61d8,5,-1,pointer,-32,005e1c10,,,,
wiz8--gog-base--wiz8--18a74ff61c65,005f61d8,6,-1,pointer,-32,005e1c10,,,,
wiz8--gog-base--wiz8--18a74ff61c65,005f61d8,7,-1,pointer,-32,005e1c10,,,,
wiz8--gog-base--wiz8--18a74ff61c65,005f61d8,8,-1,pointer,-32,005e1c10,,,,
wiz8--gog-base--wiz8--18a74ff61c65,005f61d8,9,-1,pointer,-32,005e1c10,,,,
wiz8--gog-base--wiz8--18a74ff61c65,005f61d8,10,-1,pointer,-32,005e1c10,,,,
wiz8--gog-base--wiz8--18a74ff61c65,005f61d8,11,-1,pointer,-32,005e1c10,,,,
wiz8--gog-base--wiz8--18a74ff61c65,005f61d8,12,-1,pointer,-32,005e1c10,,,,
wiz8--gog-base--wiz8--18a74ff61c65,005f61d8,13,-1,pointer,-32,005e1c10,,,,
wiz8--gog-base--wiz8--18a74ff61c65,005f61d8,14,-1,pointer,-32,005e1c10,,,,
wiz8--gog-base--wiz8--18a74ff61c65,005f61d8,15,-1,pointer,-32,005e1c10,,,,
wiz8--gog-base--wiz8--18a74ff61c65,005f61d8,16,-1,pointer,-32,005e1c10,,,,
wiz8--gog-base--wiz8--18a74ff61c65,005f61d8,17,-1,pointer,-32,005e1c10,,,,
wiz8--gog-base--wiz8--18a74ff61c65,005f6288,0,-1,pointer,12,005e1c10,,,,
wiz8--gog-base--wiz8--18a74ff61c65,005f62b0,0,-1,pointer,-16,005e1c10,,,,
wiz8--gog-base--wiz8--18a74ff61c65,005f62b0,1,0,pointer,-16,005c34b0,,,,
wiz8--gog-base--wiz8--18a74ff61c65,005f62e0,0,-1,pointer,-16,005e1c10,,,,
wiz8--gog-base--wiz8--18a74ff61c65,005f6308,0,-1,pointer,-20,004f2d30,,,,
wiz8--gog-base--wiz8--18a74ff61c65,005f6308,1,0,pointer,-16,005e1c10,,,,
wiz8--gog-base--wiz8--18a74ff61c65,005f6308,2,0,pointer,-16,005e1c10,,,,
wiz8--gog-base--wiz8--18a74ff61c65,005f6308,3,0,pointer,-16,005e1c10,,,,
wiz8--gog-base--wiz8--18a74ff61c65,005f6348,0,-1,pointer,-16,004f2d30,,,,
wiz8--gog-base--wiz8--18a74ff61c65,005f6370,0,-1,pointer,4,005e1c10,,,,
wiz8--gog-base--wiz8--18a74ff61c65,005f6398,0,-1,pointer,12,005e1c10,,,,
wiz8--gog-base--wiz8--18a74ff61c65,005f6398,1,-1,pointer,12,005e1c10,,,,
wiz8--gog-base--wiz8--18a74ff61c65,005f6398,2,-1,pointer,12,005e1c10,,,,
wiz8--gog-base--wiz8--18a74ff61c65,005f6398,3,-1,pointer,12,005e1c10,,,,
wiz8--gog-base--wiz8--18a74ff61c65,005f6398,4,-1,pointer,12,005e1c10,,,,
wiz8--gog-base--wiz8--18a74ff61c65,005f6398,5,-1,pointer,12,005e1c10,,,,
wiz8--gog-base--wiz8--18a74ff61c65,005f6398,6,-1,pointer,12,005e1c10,,,,
wiz8--gog-base--wiz8--18a74ff61c65,005f63f0,0,-1,object,-268,004f3480,,,,
wiz8--gog-base--wiz8--18a74ff61c65,005f63f0,1,-1,object,-172,004f3480,,,,
wiz8--gog-base--wiz8--18a74ff61c65,005f63f0,2,-1,object,-92,004f3480,,,,
wiz8--gog-base--wiz8--18a74ff61c65,005f6428,0,-1,pointer,-16,005e1c10,,,,
wiz8--gog-base--wiz8--18a74ff61c65,005f6428,1,0,pointer,-16,005afe40,,,,
wiz8--gog-base--wiz8--18a74ff61c65,005f6428,2,1,pointer,-16,005a93a0,,,,
wiz8--gog-base--wiz8--18a74ff61c65,005f6428,3,2,pointer,-16,005a93a0,,,,
wiz8--gog-base--wiz8--18a74ff61c65,005f6468,0,-1,pointer,-16,005afe40,,,,
wiz8--gog-base--wiz8--18a74ff61c65,005f6468,1,0,pointer,-16,005a93a0,,,,
wiz8--gog-base--wiz8--18a74ff61c65,005f6468,2,1,pointer,-16,005a93a0,,,,
wiz8--gog-base--wiz8--18a74ff61c65,005f64a0,0,-1,pointer,8,005e1c10,,,,
wiz8--gog-base--wiz8--18a74ff61c65,005f64c8,0,-1,object,-172,004f3480,,,,
wiz8--gog-base--wiz8--18a74ff61c65,005f64c8,1,-1,object,-92,004f3480,,,,
wiz8--gog-base--wiz8--18a74ff61c65,005f64f8,0,-1,pointer,-16,005e1c10,,,,
wiz8--gog-base--wiz8--18a74ff61c65,005f6520,0,-1,pointer,-16,004f3f10,,,,
wiz8--gog-base--wiz8--18a74ff61c65,005f6548,0,-1,pointer,-16,005e1c10,,,,
wiz8--gog-base--wiz8--18a74ff61c65,005f6570,0,-1,pointer,-16,005afe40,,,,
wiz8--gog-base--wiz8--18a74ff61c65,005f6598,0,-1,pointer,-16,005e1c10,,,,
wiz8--gog-base--wiz8--18a74ff61c65,005f65c0,0,-1,object,-92,004f3480,,,,
wiz8--gog-base--wiz8--18a74ff61c65,005f65e8,0,-1,pointer,-16,005e1c10,,,,
wiz8--gog-base--wiz8--18a74ff61c65,005f65e8,1,0,pointer,-16,005afe40,,,,
wiz8--gog-base--wiz8--18a74ff61c65,005f6618,0,-1,pointer,-16,004f6640,,,,
wiz8--gog-base--wiz8--18a74ff61c65,005f6640,0,-1,pointer,-16,004f3f10,,,,
wiz8--gog-base--wiz8--18a74ff61c65,005f6668,0,-1,pointer,-16,004f6640,,,,
wiz8--gog-base--wiz8--18a74ff61c65,005f6690,0,-1,pointer,-16,004f3f10,,,,
wiz8--gog-base--wiz8--18a74ff61c65,005f66b8,0,-1,pointer,20,005e1c10,,,,
wiz8--gog-base--wiz8--18a74ff61c65,005f66b8,1,-1,pointer,20,005e1c10,,,,
wiz8--gog-base--wiz8--18a74ff61c65,005f66b8,2,-1,pointer,20,005e1c10,,,,
wiz8--gog-base--wiz8--18a74ff61c65,005f66f0,0,-1,pointer,-16,005e1c10,,,,
wiz8--gog-base--wiz8--18a74ff61c65,005f66f0,1,-1,pointer,-16,005e1c10,,,,
wiz8--gog-base--wiz8--18a74ff61c65,005f6720,0,-1,pointer,-16,005afe40,,,,
wiz8--gog-base--wiz8--18a74ff61c65,005f6748,0,-1,pointer,-16,005e1c10,,,,
wiz8--gog-base--wiz8--18a74ff61c65,005f6748,1,-1,pointer,12,005e1c10,,,,
wiz8--gog-base--wiz8--18a74ff61c65,005f6778,0,-1,object,-128,004f3480,,,,
wiz8--gog-base--wiz8--18a74ff61c65,005f67a0,0,-1,pointer,-16,005e1c10,,,,
wiz8--gog-base--wiz8--18a74ff61c65,005f67c8,0,-1,pointer,-16,005dc860,,,,
wiz8--gog-base--wiz8--18a74ff61c65,005f67c8,1,0,pointer,-16,005cd6c0,,,,
wiz8--gog-base--wiz8--18a74ff61c65,005f67f8,0,-1,pointer,-16,005dc860,,,,
wiz8--gog-base--wiz8--18a74ff61c65,005f67f8,1,0,pointer,-16,005cd6c0,,,,
wiz8--gog-base--wiz8--18a74ff61c65,005f67f8,2,1,pointer,-16,005cd6e0,,,,
wiz8--gog-base--wiz8--18a74ff61c65,005f6830,0,-1,pointer,-16,005dc860,,,,
wiz8--gog-base--wiz8--18a74ff61c65,005f6830,1,0,pointer,-16,00446070,,,,
wiz8--gog-base--wiz8--18a74ff61c65,005f6830,2,1,pointer,-16,0048cd60,,,,
wiz8--gog-base--wiz8--18a74ff61c65,005f6868,0,-1,pointer,-16,005dc860,,,,
wiz8--gog-base--wiz8--18a74ff61c65,005f6868,1,0,pointer,-16,00446070,,,,
wiz8--gog-base--wiz8--18a74ff61c65,005f6868,2,1,pointer,-16,0048cd60,,,,
wiz8--gog-base--wiz8--18a74ff61c65,005f68a0,0,-1,pointer,-16,005e1c10,,,,
wiz8--gog-base--wiz8--18a74ff61c65,005f68c8,0,-1,pointer,-16,005e1c10,,,,
wiz8--gog-base--wiz8--18a74ff61c65,005f68f0,0,-1,pointer,4,005e1c10,,,,
wiz8--gog-base--wiz8--18a74ff61c65,005f68f0,1,-1,pointer,4,005e1c10,,,,
wiz8--gog-base--wiz8--18a74ff61c65,005f68f0,2,-1,pointer,4,005e1c10,,,,
wiz8--gog-base--wiz8--18a74ff61c65,005f68f0,3,-1,pointer,4,005e1c10,,,,
wiz8--gog-base--wiz8--18a74ff61c65,005f6930,0,-1,pointer,-16,004f3480,,,,
wiz8--gog-base--wiz8--18a74ff61c65,005f6958,0,-1,pointer,-16,005d2540,,,,
wiz8--gog-base--wiz8--18a74ff61c65,005f6980,0,-1,pointer,-16,005d2540,,,,
wiz8--gog-base--wiz8--18a74ff61c65,005f6980,1,0,pointer,-16,005d2540,,,,
wiz8--gog-base--wiz8--18a74ff61c65,005f69b0,0,-1,pointer,-16,005e1c10,,,,
wiz8--gog-base--wiz8--18a74ff61c65,005f69b0,1,-1,pointer,-16,005e1c10,,,,
wiz8--gog-base--wiz8--18a74ff61c65,005f69e0,0,-1,pointer,-16,005dc860,,,,
wiz8--gog-base--wiz8--18a74ff61c65,005f6a08,0,-1,pointer,-16,005dc860,,,,
wiz8--gog-base--wiz8--18a74ff61c65,005f6a08,1,0,pointer,-16,004023a0,,,,
wiz8--gog-base--wiz8--18a74ff61c65,005f6a08,2,1,pointer,-16,005db260,,,,
wiz8--gog-base--wiz8--18a74ff61c65,005f6a08,3,2,pointer,-16,005d1590,,,,
wiz8--gog-base--wiz8--18a74ff61c65,005f6a48,0,-1,pointer,-16,005dc860,,,,
wiz8--gog-base--wiz8--18a74ff61c65,005f6a48,1,0,pointer,-16,004023a0,,,,
wiz8--gog-base--wiz8--18a74ff61c65,005f6a48,2,1,pointer,-16,005db260,,,,
wiz8--gog-base--wiz8--18a74ff61c65,005f6a48,3,2,pointer,-16,005d1590,,,,
wiz8--gog-base--wiz8--18a74ff61c65,005f6a88,0,-1,pointer,-16,005dc860,,,,
wiz8--gog-base--wiz8--18a74ff61c65,005f6a88,1,0,pointer,-16,004023a0,,,,
wiz8--gog-base--wiz8--18a74ff61c65,005f6a88,2,1,pointer,-16,005d1590,,,,
wiz8--gog-base--wiz8--18a74ff61c65,005f6ac0,0,-1,pointer,-16,005dc860,,,,
wiz8--gog-base--wiz8--18a74ff61c65,005f6ac0,1,0,pointer,-16,004023a0,,,,
wiz8--gog-base--wiz8--18a74ff61c65,005f6ac0,2,1,pointer,-16,005d1590,,,,
wiz8--gog-base--wiz8--18a74ff61c65,005f6af8,0,-1,pointer,-16,005e1c10,,,,
wiz8--gog-base--wiz8--18a74ff61c65,005f6b20,0,-1,pointer,-36,005e1c10,,,,
wiz8--gog-base--wiz8--18a74ff61c65,005f6b48,0,-1,pointer,-16,005dc860,,,,
wiz8--gog-base--wiz8--18a74ff61c65,005f6b70,0,-1,pointer,-16,005dc860,,,,
wiz8--gog-base--wiz8--18a74ff61c65,005f6b98,0,-1,pointer,-16,005dc860,,,,
wiz8--gog-base--wiz8--18a74ff61c65,005f6bc0,0,-1,pointer,-16,005e1c10,,,,
wiz8--gog-base--wiz8--18a74ff61c65,005f6be8,0,-1,pointer,-32,005e1c10,,,,
wiz8--gog-base--wiz8--18a74ff61c65,005f6c10,0,-1,pointer,-32,005e1c10,,,,
wiz8--gog-base--wiz8--18a74ff61c65,005f6c38,0,-1,pointer,-2064,005dc860,,,,
wiz8--gog-base--wiz8--18a74ff61c65,005f6c60,0,-1,pointer,-16,005dc860,,,,
wiz8--gog-base--wiz8--18a74ff61c65,005f6c88,0,-1,pointer,-2096,005e1c10,,,,
wiz8--gog-base--wiz8--18a74ff61c65,005f6c88,1,-1,pointer,-2096,005e1c10,,,,
wiz8--gog-base--wiz8--18a74ff61c65,005f6c88,2,-1,pointer,-2096,005e1c10,,,,
wiz8--gog-base--wiz8--18a74ff61c65,005f6c88,3,-1,pointer,-2096,005e1c10,,,,
wiz8--gog-base--wiz8--18a74ff61c65,005f6c88,4,-1,pointer,-2096,005e1c10,,,,
wiz8--gog-base--wiz8--18a74ff61c65,005f6c88,5,-1,pointer,-2096,005e1c10,,,,
wiz8--gog-base--wiz8--18a74ff61c65,005f6c88,6,-1,pointer,-2096,005e1c10,,,,
wiz8--gog-base--wiz8--18a74ff61c65,005f6ce0,0,-1,pointer,-16,005dc860,,,,
wiz8--gog-base--wiz8--18a74ff61c65,005f6ce0,1,0,pointer,-16,004023a0,,,,
wiz8--gog-base--wiz8--18a74ff61c65,005f6ce0,2,1,pointer,-16,005db260,,,,
wiz8--gog-base--wiz8--18a74ff61c65,005f6ce0,3,2,pointer,-16,005d1590,,,,
wiz8--gog-base--wiz8--18a74ff61c65,005f6ce0,4,3,pointer,-16,00439a00,,,,
wiz8--gog-base--wiz8--18a74ff61c65,005f6d28,0,-1,pointer,-16,005dc860,,,,
wiz8--gog-base--wiz8--18a74ff61c65,005f6d28,1,0,pointer,-16,004023a0,,,,
wiz8--gog-base--wiz8--18a74ff61c65,005f6d28,2,1,pointer,-16,005db260,,,,
wiz8--gog-base--wiz8--18a74ff61c65,005f6d28,3,2,pointer,-16,005d1590,,,,
wiz8--gog-base--wiz8--18a74ff61c65,005f6d28,4,3,pointer,-16,00439a00,,,,
wiz8--gog-base--wiz8--18a74ff61c65,005f6d70,0,-1,pointer,-16,005dc860,,,,
wiz8--gog-base--wiz8--18a74ff61c65,005f6d98,0,-1,pointer,-16,005dc860,,,,
wiz8--gog-base--wiz8--18a74ff61c65,005f6dc0,0,-1,pointer,-16,005e1c10,,,,
wiz8--gog-base--wiz8--18a74ff61c65,005f6de8,0,-1,pointer,-32,005e1c10,,,,
wiz8--gog-base--wiz8--18a74ff61c65,005f6e10,0,-1,pointer,-32,005e1c10,,,,
wiz8--gog-base--wiz8--18a74ff61c65,005f6e38,0,-1,pointer,-16,005dc860,,,,
wiz8--gog-base--wiz8--18a74ff61c65,005f6e38,1,0,pointer,-16,004023a0,,,,
wiz8--gog-base--wiz8--18a74ff61c65,005f6e38,2,1,pointer,-16,005db260,,,,
wiz8--gog-base--wiz8--18a74ff61c65,005f6e38,3,2,pointer,-16,005d1590,,,,
wiz8--gog-base--wiz8--18a74ff61c65,005f6e78,0,-1,pointer,-16,005dc860,,,,
wiz8--gog-base--wiz8--18a74ff61c65,005f6e78,1,0,pointer,-16,004023a0,,,,
wiz8--gog-base--wiz8--18a74ff61c65,005f6e78,2,1,pointer,-16,005db260,,,,
wiz8--gog-base--wiz8--18a74ff61c65,005f6e78,3,2,pointer,-16,005d1590,,,,
wiz8--gog-base--wiz8--18a74ff61c65,005f6eb8,0,-1,object,-92,004f3480,,,,
wiz8--gog-base--wiz8--18a74ff61c65,005f6ee0,0,-1,pointer,-16,005debb0,,,,
wiz8--gog-base--wiz8--18a74ff61c65,005f6f08,0,-1,pointer,-16,005dc860,,,,
wiz8--gog-base--wiz8--18a74ff61c65,005f6f08,1,0,pointer,-16,004023a0,,,,
wiz8--gog-base--wiz8--18a74ff61c65,005f6f08,2,1,pointer,-16,005db260,,,,
wiz8--gog-base--wiz8--18a74ff61c65,005f6f08,3,2,pointer,-16,005d1590,,,,
wiz8--gog-base--wiz8--18a74ff61c65,005f6f48,0,-1,pointer,-16,005debb0,,,,
wiz8--gog-base--wiz8--18a74ff61c65,005f6f70,0,-1,pointer,-16,005dc860,,,,
wiz8--gog-base--wiz8--18a74ff61c65,005f6f70,1,0,pointer,-16,004023a0,,,,
wiz8--gog-base--wiz8--18a74ff61c65,005f6f70,2,1,pointer,-16,005db260,,,,
wiz8--gog-base--wiz8--18a74ff61c65,005f6f70,3,2,pointer,-16,005d1590,,,,
wiz8--gog-base--wiz8--18a74ff61c65,005f6fb0,0,-1,pointer,-16,005dc860,,,,
wiz8--gog-base--wiz8--18a74ff61c65,005f6fb0,1,0,pointer,-16,004023a0,,,,
wiz8--gog-base--wiz8--18a74ff61c65,005f6fb0,2,1,pointer,-16,005db260,,,,
wiz8--gog-base--wiz8--18a74ff61c65,005f6fb0,3,2,pointer,-16,005d1590,,,,
wiz8--gog-base--wiz8--18a74ff61c65,005f6ff0,0,-1,pointer,-16,005dc860,,,,
wiz8--gog-base--wiz8--18a74ff61c65,005f6ff0,1,0,pointer,-16,004023a0,,,,
wiz8--gog-base--wiz8--18a74ff61c65,005f6ff0,2,1,pointer,-16,005db260,,,,
wiz8--gog-base--wiz8--18a74ff61c65,005f6ff0,3,2,pointer,-16,005d1590,,,,
wiz8--gog-base--wiz8--18a74ff61c65,005f7030,0,-1,pointer,-16,005df940,,,,
wiz8--gog-base--wiz8--18a74ff61c65,005f7058,0,-1,pointer,-16,005dc860,,,,
wiz8--gog-base--wiz8--18a74ff61c65,005f7058,1,0,pointer,-16,004023a0,,,,
wiz8--gog-base--wiz8--18a74ff61c65,005f7058,2,1,pointer,-16,005db260,,,,
wiz8--gog-base--wiz8--18a74ff61c65,005f7058,3,2,pointer,-16,005d1590,,,,
wiz8--gog-base--wiz8--18a74ff61c65,005f7098,0,-1,pointer,-16,005df940,,,,
wiz8--gog-base--wiz8--18a74ff61c65,005f70c0,0,-1,pointer,-16,005dc860,,,,
wiz8--gog-base--wiz8--18a74ff61c65,005f70c0,1,0,pointer,-16,004023a0,,,,
wiz8--gog-base--wiz8--18a74ff61c65,005f70c0,2,1,pointer,-16,005db260,,,,
wiz8--gog-base--wiz8--18a74ff61c65,005f70c0,3,2,pointer,-16,005d1590,,,,
wiz8--gog-base--wiz8--18a74ff61c65,005f7100,0,-1,pointer,-16,005df940,,,,
wiz8--gog-base--wiz8--18a74ff61c65,005f7128,0,-1,pointer,-16,005dc860,,,,
wiz8--gog-base--wiz8--18a74ff61c65,005f7128,1,0,pointer,-16,004023a0,,,,
wiz8--gog-base--wiz8--18a74ff61c65,005f7128,2,1,pointer,-16,005db260,,,,
wiz8--gog-base--wiz8--18a74ff61c65,005f7128,3,2,pointer,-16,005d1590,,,,
wiz8--gog-base--wiz8--18a74ff61c65,005f7168,0,-1,pointer,-16,005dc860,,,,
wiz8--gog-base--wiz8--18a74ff61c65,005f7168,1,0,pointer,-16,004e6a10,,,,
wiz8--gog-base--wiz8--18a74ff61c65,005f7198,0,-1,pointer,-16,005dc860,,,,
wiz8--gog-base--wiz8--18a74ff61c65,005f7198,1,0,pointer,-16,004e6a10,,,,
wiz8--gog-base--wiz8--18a74ff61c65,005f71c8,0,-1,pointer,-32,005e1c10,,,,
wiz8--gog-base--wiz8--18a74ff61c65,005f71c8,1,-1,pointer,-32,005e1c10,,,,
wiz8--gog-base--wiz8--18a74ff61c65,005f71c8,2,-1,pointer,-32,005e1c10,,,,
wiz8--gog-base--wiz8--18a74ff61c65,005f7200,0,-1,object,-112,00438c50,,,,
wiz8--retail-2001-12-23--wiz8--c3639d43568a,005efea8,0,-1,protected-code,,,,,,
wiz8--retail-2001-12-23--wiz8--c3639d43568a,005efea8,1,0,protected-code,,,,,,
wiz8--retail-2001-12-23--wiz8--c3639d43568a,005efed8,0,-1,protected-code,,,,,,
wiz8--retail-2001-12-23--wiz8--c3639d43568a,005eff00,0,-1,protected-code,,,,,,
wiz8--retail-2001-12-23--wiz8--c3639d43568a,005eff28,0,-1,protected-code,,,,,,
wiz8--retail-2001-12-23--wiz8--c3639d43568a,005eff50,0,-1,protected-code,,,,,,
wiz8--retail-2001-12-23--wiz8--c3639d43568a,005eff78,0,-1,protected-code,,,,,,
wiz8--retail-2001-12-23--wiz8--c3639d43568a,005effa0,0,-1,protected-code,,,,,,
wiz8--retail-2001-12-23--wiz8--c3639d43568a,005effc8,0,-1,protected-code,,,,,,
wiz8--retail-2001-12-23--wiz8--c3639d43568a,005effc8,1,-1,protected-code,,,,,,
wiz8--retail-2001-12-23--wiz8--c3639d43568a,005effc8,2,-1,protected-code,,,,,,
wiz8--retail-2001-12-23--wiz8--c3639d43568a,005effc8,3,-1,protected-code,,,,,,
wiz8--retail-2001-12-23--wiz8--c3639d43568a,005effc8,4,-1,protected-code,,,,,,
wiz8--retail-2001-12-23--wiz8--c3639d43568a,005effc8,5,-1,protected-code,,,,,,
wiz8--retail-2001-12-23--wiz8--c3639d43568a,005effc8,6,-1,protected-code,,,,,,
wiz8--retail-2001-12-23--wiz8--c3639d43568a,005effc8,7,-1,protected-code,,,,,,
wiz8--retail-2001-12-23--wiz8--c3639d43568a,005effc8,8,-1,protected-code,,,,,,
wiz8--retail-2001-12-23--wiz8--c3639d43568a,005effc8,9,-1,protected-code,,,,,,
wiz8--retail-2001-12-23--wiz8--c3639d43568a,005effc8,10,-1,protected-code,,,,,,
wiz8--retail-2001-12-23--wiz8--c3639d43568a,005effc8,11,-1,protected-code,,,,,,
wiz8--retail-2001-12-23--wiz8--c3639d43568a,005effc8,12,11,protected-code,,,,,,
wiz8--retail-2001-12-23--wiz8--c3639d43568a,005effc8,13,-1,protected-code,,,,,,
wiz8--retail-2001-12-23--wiz8--c3639d43568a,005effc8,14,-1,protected-code,,,,,,
wiz8--retail-2001-12-23--wiz8--c3639d43568a,005f0060,0,-1,protected-code,,,,,,
wiz8--retail-2001-12-23--wiz8--c3639d43568a,005f0060,1,-1,protected-code,,,,,,
wiz8--retail-2001-12-23--wiz8--c3639d43568a,005f0060,2,-1,protected-code,,,,,,
wiz8--retail-2001-12-23--wiz8--c3639d43568a,005f0098,0,-1,protected-code,,,,,,
wiz8--retail-2001-12-23--wiz8--c3639d43568a,005f00c0,0,-1,protected-code,,,,,,
wiz8--retail-2001-12-23--wiz8--c3639d43568a,005f00e8,0,-1,protected-code,,,,,,
wiz8--retail-2001-12-23--wiz8--c3639d43568a,005f00e8,1,-1,protected-code,,,,,,
wiz8--retail-2001-12-23--wiz8--c3639d43568a,005f00e8,2,1,protected-code,,,,,,
wiz8--retail-2001-12-23--wiz8--c3639d43568a,005f00e8,3,-1,protected-code,,,,,,
wiz8--retail-2001-12-23--wiz8--c3639d43568a,005f0128,0,-1,protected-code,,,,,,
wiz8--retail-2001-12-23--wiz8--c3639d43568a,005f0150,0,-1,protected-code,,,,,,
wiz8--retail-2001-12-23--wiz8--c3639d43568a,005f0150,1,-1,protected-code,,,,,,
wiz8--retail-2001-12-23--wiz8--c3639d43568a,005f0150,2,1,protected-code,,,,,,
wiz8--retail-2001-12-23--wiz8--c3639d43568a,005f0150,3,1,protected-code,,,,,,
wiz8--retail-2001-12-23--wiz8--c3639d43568a,005f0190,0,-1,protected-code,,,,,,
wiz8--retail-2001-12-23--wiz8--c3639d43568a,005f0190,1,-1,protected-code,,,,,,
wiz8--retail-2001-12-23--wiz8--c3639d43568a,005f0190,2,-1,protected-code,,,,,,
wiz8--retail-2001-12-23--wiz8--c3639d43568a,005f01c8,0,-1,protected-code,,,,,,
wiz8--retail-2001-12-23--wiz8--c3639d43568a,005f01c8,1,-1,protected-code,,,,,,
wiz8--retail-2001-12-23--wiz8--c3639d43568a,005f01f8,0,-1,protected-code,,,,,,
wiz8--retail-2001-12-23--wiz8--c3639d43568a,005f0220,0,-1,protected-code,,,,,,
wiz8--retail-2001-12-23--wiz8--c3639d43568a,005f0220,1,-1,protected-code,,,,,,
wiz8--retail-2001-12-23--wiz8--c3639d43568a,005f0220,2,-1,protected-code,,,,,,
wiz8--retail-2001-12-23--wiz8--c3639d43568a,005f0220,3,-1,protected-code,,,,,,
wiz8--retail-2001-12-23--wiz8--c3639d43568a,005f0260,0,-1,protected-code,,,,,,
wiz8--retail-2001-12-23--wiz8--c3639d43568a,005f0260,1,-1,protected-code,,,,,,
wiz8--retail-2001-12-23--wiz8--c3639d43568a,005f0290,0,-1,protected-code,,,,,,
wiz8--retail-2001-12-23--wiz8--c3639d43568a,005f0290,1,-1,protected-code,,,,,,
wiz8--retail-2001-12-23--wiz8--c3639d43568a,005f02c0,0,-1,protected-code,,,,,,
wiz8--retail-2001-12-23--wiz8--c3639d43568a,005f02e8,0,-1,protected-code,,,,,,
wiz8--retail-2001-12-23--wiz8--c3639d43568a,005f0310,0,-1,protected-code,,,,,,
wiz8--retail-2001-12-23--wiz8--c3639d43568a,005f0310,1,0,protected-code,,,,,,
wiz8--retail-2001-12-23--wiz8--c3639d43568a,005f0310,2,0,protected-code,,,,,,
wiz8--retail-2001-12-23--wiz8--c3639d43568a,005f0310,3,0,protected-code,,,,,,
wiz8--retail-2001-12-23--wiz8--c3639d43568a,005f0310,4,0,protected-code,,,,,,
wiz8--retail-2001-12-23--wiz8--c3639d43568a,005f0358,0,-1,protected-code,,,,,,
wiz8--retail-2001-12-23--wiz8--c3639d43568a,005f0358,1,-1,protected-code,,,,,,
wiz8--retail-2001-12-23--wiz8--c3639d43568a,005f0358,2,-1,protected-code,,,,,,
wiz8--retail-2001-12-23--wiz8--c3639d43568a,005f0358,3,-1,protected-code,,,,,,
wiz8--retail-2001-12-23--wiz8--c3639d43568a,005f0358,4,-1,protected-code,,,,,,
wiz8--retail-2001-12-23--wiz8--c3639d43568a,005f0358,5,-1,protected-code,,,,,,
wiz8--retail-2001-12-23--wiz8--c3639d43568a,005f0358,6,-1,protected-code,,,,,,
wiz8--retail-2001-12-23--wiz8--c3639d43568a,005f0358,7,-1,protected-code,,,,,,
wiz8--retail-2001-12-23--wiz8--c3639d43568a,005f0358,8,-1,protected-code,,,,,,
wiz8--retail-2001-12-23--wiz8--c3639d43568a,005f0358,9,-1,protected-code,,,,,,
wiz8--retail-2001-12-23--wiz8--c3639d43568a,005f0358,10,-1,protected-code,,,,,,
wiz8--retail-2001-12-23--wiz8--c3639d43568a,005f0358,11,-1,protected-code,,,,,,
wiz8--retail-2001-12-23--wiz8--c3639d43568a,005f0358,12,-1,protected-code,,,,,,
wiz8--retail-2001-12-23--wiz8--c3639d43568a,005f0358,13,-1,protected-code,,,,,,
wiz8--retail-2001-12-23--wiz8--c3639d43568a,005f0358,14,-1,protected-code,,,,,,
wiz8--retail-2001-12-23--wiz8--c3639d43568a,005f0358,15,-1,protected-code,,,,,,
wiz8--retail-2001-12-23--wiz8--c3639d43568a,005f0358,16,15,protected-code,,,,,,
wiz8--retail-2001-12-23--wiz8--c3639d43568a,005f0358,17,15,protected-code,,,,,,
wiz8--retail-2001-12-23--wiz8--c3639d43568a,005f0358,18,-1,protected-code,,,,,,
wiz8--retail-2001-12-23--wiz8--c3639d43568a,005f0410,0,-1,protected-code,,,,,,
wiz8--retail-2001-12-23--wiz8--c3639d43568a,005f0438,0,-1,protected-code,,,,,,
wiz8--retail-2001-12-23--wiz8--c3639d43568a,005f0460,0,-1,protected-code,,,,,,
wiz8--retail-2001-12-23--wiz8--c3639d43568a,005f0460,1,0,protected-code,,,,,,
wiz8--retail-2001-12-23--wiz8--c3639d43568a,005f0490,0,-1,protected-code,,,,,,
wiz8--retail-2001-12-23--wiz8--c3639d43568a,005f04b8,0,-1,protected-code,,,,,,
wiz8--retail-2001-12-23--wiz8--c3639d43568a,005f04e0,0,-1,protected-code,,,,,,
wiz8--retail-2001-12-23--wiz8--c3639d43568a,005f0508,0,-1,protected-code,,,,,,
wiz8--retail-2001-12-23--wiz8--c3639d43568a,005f0508,1,-1,protected-code,,,,,,
wiz8--retail-2001-12-23--wiz8--c3639d43568a,005f0538,0,-1,protected-code,,,,,,
wiz8--retail-2001-12-23--wiz8--c3639d43568a,005f0560,0,-1,protected-code,,,,,,
wiz8--retail-2001-12-23--wiz8--c3639d43568a,005f0588,0,-1,protected-code,,,,,,
wiz8--retail-2001-12-23--wiz8--c3639d43568a,005f0588,1,0,protected-code,,,,,,
wiz8--retail-2001-12-23--wiz8--c3639d43568a,005f05b8,0,-1,protected-code,,,,,,
wiz8--retail-2001-12-23--wiz8--c3639d43568a,005f05b8,1,0,protected-code,,,,,,
wiz8--retail-2001-12-23--wiz8--c3639d43568a,005f05b8,2,1,protected-code,,,,,,
wiz8--retail-2001-12-23--wiz8--c3639d43568a,005f05b8,3,2,protected-code,,,,,,
wiz8--retail-2001-12-23--wiz8--c3639d43568a,005f05b8,4,1,protected-code,,,,,,
wiz8--retail-2001-12-23--wiz8--c3639d43568a,005f05b8,5,-1,protected-code,,,,,,
wiz8--retail-2001-12-23--wiz8--c3639d43568a,005f05b8,6,-1,protected-code,,,,,,
wiz8--retail-2001-12-23--wiz8--c3639d43568a,005f05b8,7,-1,protected-code,,,,,,
wiz8--retail-2001-12-23--wiz8--c3639d43568a,005f0618,0,-1,protected-code,,,,,,
wiz8--retail-2001-12-23--wiz8--c3639d43568a,005f0640,0,-1,protected-code,,,,,,
wiz8--retail-2001-12-23--wiz8--c3639d43568a,005f0668,0,-1,protected-code,,,,,,
wiz8--retail-2001-12-23--wiz8--c3639d43568a,005f0668,1,-1,protected-code,,,,,,
wiz8--retail-2001-12-23--wiz8--c3639d43568a,005f0698,0,-1,protected-code,,,,,,
wiz8--retail-2001-12-23--wiz8--c3639d43568a,005f06c0,0,-1,protected-code,,,,,,
wiz8--retail-2001-12-23--wiz8--c3639d43568a,005f06e8,0,-1,protected-code,,,,,,
wiz8--retail-2001-12-23--wiz8--c3639d43568a,005f0710,0,-1,protected-code,,,,,,
wiz8--retail-2001-12-23--wiz8--c3639d43568a,005f0710,1,-1,protected-code,,,,,,
wiz8--retail-2001-12-23--wiz8--c3639d43568a,005f0710,2,-1,protected-code,,,,,,
wiz8--retail-2001-12-23--wiz8--c3639d43568a,005f0710,3,-1,protected-code,,,,,,
wiz8--retail-2001-12-23--wiz8--c3639d43568a,005f0710,4,-1,protected-code,,,,,,
wiz8--retail-2001-12-23--wiz8--c3639d43568a,005f0710,5,-1,protected-code,,,,,,
wiz8--retail-2001-12-23--wiz8--c3639d43568a,005f0710,6,-1,protected-code,,,,,,
wiz8--retail-2001-12-23--wiz8--c3639d43568a,005f0710,7,-1,protected-code,,,,,,
wiz8--retail-2001-12-23--wiz8--c3639d43568a,005f0710,8,-1,protected-code,,,,,,
wiz8--retail-2001-12-23--wiz8--c3639d43568a,005f0710,9,-1,protected-code,,,,,,
wiz8--retail-2001-12-23--wiz8--c3639d43568a,005f0780,0,-1,protected-code,,,,,,
wiz8--retail-2001-12-23--wiz8--c3639d43568a,005f0780,1,-1,protected-code,,,,,,
wiz8--retail-2001-12-23--wiz8--c3639d43568a,005f07b0,0,-1,protected-code,,,,,,
wiz8--retail-2001-12-23--wiz8--c3639d43568a,005f07d8,0,-1,protected-code,,,,,,
wiz8--retail-2001-12-23--wiz8--c3639d43568a,005f07d8,1,-1,protected-code,,,,,,
wiz8--retail-2001-12-23--wiz8--c3639d43568a,005f0808,0,-1,protected-code,,,,,,
wiz8--retail-2001-12-23--wiz8--c3639d43568a,005f0830,0,-1,protected-code,,,,,,
wiz8--retail-2001-12-23--wiz8--c3639d43568a,005f0858,0,-1,protected-code,,,,,,
wiz8--retail-2001-12-23--wiz8--c3639d43568a,005f0880,0,-1,protected-code,,,,,,
wiz8--retail-2001-12-23--wiz8--c3639d43568a,005f08a8,0,-1,protected-code,,,,,,
wiz8--retail-2001-12-23--wiz8--c3639d43568a,005f08d0,0,-1,protected-code,,,,,,
wiz8--retail-2001-12-23--wiz8--c3639d43568a,005f08d0,1,0,protected-code,,,,,,
wiz8--retail-2001-12-23--wiz8--c3639d43568a,005f0900,0,-1,protected-code,,,,,,
wiz8--retail-2001-12-23--wiz8--c3639d43568a,005f0900,1,0,protected-code,,,,,,
wiz8--retail-2001-12-23--wiz8--c3639d43568a,005f0930,0,-1,protected-code,,,,,,
wiz8--retail-2001-12-23--wiz8--c3639d43568a,005f0958,0,-1,protected-code,,,,,,
wiz8--retail-2001-12-23--wiz8--c3639d43568a,005f0980,0,-1,protected-code,,,,,,
wiz8--retail-2001-12-23--wiz8--c3639d43568a,005f09a8,0,-1,protected-code,,,,,,
wiz8--retail-2001-12-23--wiz8--c3639d43568a,005f09a8,1,-1,protected-code,,,,,,
wiz8--retail-2001-12-23--wiz8--c3639d43568a,005f09d8,0,-1,protected-code,,,,,,
wiz8--retail-2001-12-23--wiz8--c3639d43568a,005f0a00,0,-1,protected-code,,,,,,
wiz8--retail-2001-12-23--wiz8--c3639d43568a,005f0a00,1,-1,protected-code,,,,,,
wiz8--retail-2001-12-23--wiz8--c3639d43568a,005f0a30,0,-1,protected-code,,,,,,
wiz8--retail-2001-12-23--wiz8--c3639d43568a,005f0a58,0,-1,protected-code,,,,,,
wiz8--retail-2001-12-23--wiz8--c3639d43568a,005f0a58,1,0,protected-code,,,,,,
wiz8--retail-2001-12-23--wiz8--c3639d43568a,005f0a88,0,-1,protected-code,,,,,,
wiz8--retail-2001-12-23--wiz8--c3639d43568a,005f0a88,1,0,protected-code,,,,,,
wiz8--retail-2001-12-23--wiz8--c3639d43568a,005f0ab8,0,-1,protected-code,,,,,,
wiz8--retail-2001-12-23--wiz8--c3639d43568a,005f0ab8,1,0,protected-code,,,,,,
wiz8--retail-2001-12-23--wiz8--c3639d43568a,005f0ae8,0,-1,protected-code,,,,,,
wiz8--retail-2001-12-23--wiz8--c3639d43568a,005f0ae8,1,0,protected-code,,,,,,
wiz8--retail-2001-12-23--wiz8--c3639d43568a,005f0ae8,2,1,protected-code,,,,,,
wiz8--retail-2001-12-23--wiz8--c3639d43568a,005f0ae8,3,0,protected-code,,,,,,
wiz8--retail-2001-12-23--wiz8--c3639d43568a,005f0b28,0,-1,protected-code,,,,,,
wiz8--retail-2001-12-23--wiz8--c3639d43568a,005f0b50,0,-1,protected-code,,,,,,
wiz8--retail-2001-12-23--wiz8--c3639d43568a,005f0b78,0,-1,protected-code,,,,,,
wiz8--retail-2001-12-23--wiz8--c3639d43568a,005f0ba0,0,-1,protected-code,,,,,,
wiz8--retail-2001-12-23--wiz8--c3639d43568a,005f0ba0,1,-1,protected-code,,,,,,
wiz8--retail-2001-12-23--wiz8--c3639d43568a,005f0bd0,0,-1,protected-code,,,,,,
wiz8--retail-2001-12-23--wiz8--c3639d43568a,005f0bf8,0,-1,protected-code,,,,,,
wiz8--retail-2001-12-23--wiz8--c3639d43568a,005f0c20,0,-1,protected-code,,,,,,
wiz8--retail-2001-12-23--wiz8--c3639d43568a,005f0c48,0,-1,protected-code,,,,,,
wiz8--retail-2001-12-23--wiz8--c3639d43568a,005f0c48,1,-1,protected-code,,,,,,
wiz8--retail-2001-12-23--wiz8--c3639d43568a,005f0c48,2,-1,protected-code,,,,,,
wiz8--retail-2001-12-23--wiz8--c3639d43568a,005f0c80,0,-1,protected-code,,,,,,
wiz8--retail-2001-12-23--wiz8--c3639d43568a,005f0ca8,0,-1,protected-code,,,,,,
wiz8--retail-2001-12-23--wiz8--c3639d43568a,005f0ca8,1,-1,protected-code,,,,,,
wiz8--retail-2001-12-23--wiz8--c3639d43568a,005f0ca8,2,-1,protected-code,,,,,,
wiz8--retail-2001-12-23--wiz8--c3639d43568a,005f0ca8,3,-1,protected-code,,,,,,
wiz8--retail-2001-12-23--wiz8--c3639d43568a,005f0ca8,4,-1,protected-code,,,,,,
wiz8--retail-2001-12-23--wiz8--c3639d43568a,005f0ca8,5,-1,protected-code,,,,,,
wiz8--retail-2001-12-23--wiz8--c3639d43568a,005f0ca8,6,-1,protected-code,,,,,,
wiz8--retail-2001-12-23--wiz8--c3639d43568a,005f0ca8,7,-1,protected-code,,,,,,
wiz8--retail-2001-12-23--wiz8--c3639d43568a,005f0d08,0,-1,protected-code,,,,,,
wiz8--retail-2001-12-23--wiz8--c3639d43568a,005f0d08,1,0,protected-code,,,,,,
wiz8--retail-2001-12-23--wiz8--c3639d43568a,005f0d38,0,-1,protected-code,,,,,,
wiz8--retail-2001-12-23--wiz8--c3639d43568a,005f0d60,0,-1,protected-code,,,,,,
wiz8--retail-2001-12-23--wiz8--c3639d43568a,005f0d60,1,0,protected-code,,,,,,
wiz8--retail-2001-12-23--wiz8--c3639d43568a,005f0d90,0,-1,protected-code,,,,,,
wiz8--retail-2001-12-23--wiz8--c3639d43568a,005f0db8,0,-1,protected-code,,,,,,
wiz8--retail-2001-12-23--wiz8--c3639d43568a,005f0db8,1,-1,protected-code,,,,,,
wiz8--retail-2001-12-23--wiz8--c3639d43568a,005f0db8,2,-1,protected-code,,,,,,
wiz8--retail-2001-12-23--wiz8--c3639d43568a,005f0db8,3,-1,protected-code,,,,,,
wiz8--retail-2001-12-23--wiz8--c3639d43568a,005f0df8,0,-1,protected-code,,,,,,
wiz8--retail-2001-12-23--wiz8--c3639d43568a,005f0df8,1,-1,protected-code,,,,,,
wiz8--retail-2001-12-23--wiz8--c3639d43568a,005f0e28,0,-1,protected-code,,,,,,
wiz8--retail-2001-12-23--wiz8--c3639d43568a,005f0e28,1,0,protected-code,,,,,,
wiz8--retail-2001-12-23--wiz8--c3639d43568a,005f0e58,0,-1,protected-code,,,,,,
wiz8--retail-2001-12-23--wiz8--c3639d43568a,005f0e80,0,-1,protected-code,,,,,,
wiz8--retail-2001-12-23--wiz8--c3639d43568a,005f0e80,1,-1,protected-code,,,,,,
wiz8--retail-2001-12-23--wiz8--c3639d43568a,005f0e80,2,-1,protected-code,,,,,,
wiz8--retail-2001-12-23--wiz8--c3639d43568a,005f0eb8,0,-1,protected-code,,,,,,
wiz8--retail-2001-12-23--wiz8--c3639d43568a,005f0ee0,0,-1,protected-code,,,,,,
wiz8--retail-2001-12-23--wiz8--c3639d43568a,005f0ee0,1,0,protected-code,,,,,,
wiz8--retail-2001-12-23--wiz8--c3639d43568a,005f0f10,0,-1,protected-code,,,,,,
wiz8--retail-2001-12-23--wiz8--c3639d43568a,005f0f38,0,-1,protected-code,,,,,,
wiz8--retail-2001-12-23--wiz8--c3639d43568a,005f0f38,1,-1,protected-code,,,,,,
wiz8--retail-2001-12-23--wiz8--c3639d43568a,005f0f68,0,-1,protected-code,,,,,,
wiz8--retail-2001-12-23--wiz8--c3639d43568a,005f0f68,1,0,protected-code,,,,,,
wiz8--retail-2001-12-23--wiz8--c3639d43568a,005f0f68,2,1,protected-code,,,,,,
wiz8--retail-2001-12-23--wiz8--c3639d43568a,005f0f68,3,1,protected-code,,,,,,
wiz8--retail-2001-12-23--wiz8--c3639d43568a,005f0f68,4,1,protected-code,,,,,,
wiz8--retail-2001-12-23--wiz8--c3639d43568a,005f0fb0,0,-1,protected-code,,,,,,
wiz8--retail-2001-12-23--wiz8--c3639d43568a,005f0fb0,1,-1,protected-code,,,,,,
wiz8--retail-2001-12-23--wiz8--c3639d43568a,005f0fe0,0,-1,protected-code,,,,,,
wiz8--retail-2001-12-23--wiz8--c3639d43568a,005f1008,0,-1,protected-code,,,,,,
wiz8--retail-2001-12-23--wiz8--c3639d43568a,005f1008,1,-1,protected-code,,,,,,
wiz8--retail-2001-12-23--wiz8--c3639d43568a,005f1038,0,-1,protected-code,,,,,,
wiz8--retail-2001-12-23--wiz8--c3639d43568a,005f1060,0,-1,protected-code,,,,,,
wiz8--retail-2001-12-23--wiz8--c3639d43568a,005f1088,0,-1,protected-code,,,,,,
wiz8--retail-2001-12-23--wiz8--c3639d43568a,005f1088,1,-1,protected-code,,,,,,
wiz8--retail-2001-12-23--wiz8--c3639d43568a,005f1088,2,1,protected-code,,,,,,
wiz8--retail-2001-12-23--wiz8--c3639d43568a,005f1088,3,2,protected-code,,,,,,
wiz8--retail-2001-12-23--wiz8--c3639d43568a,005f1088,4,3,protected-code,,,,,,
wiz8--retail-2001-12-23--wiz8--c3639d43568a,005f1088,5,4,protected-code,,,,,,
wiz8--retail-2001-12-23--wiz8--c3639d43568a,005f1088,6,5,protected-code,,,,,,
wiz8--retail-2001-12-23--wiz8--c3639d43568a,005f1088,7,6,protected-code,,,,,,
wiz8--retail-2001-12-23--wiz8--c3639d43568a,005f1088,8,7,protected-code,,,,,,
wiz8--retail-2001-12-23--wiz8--c3639d43568a,005f10f0,0,-1,protected-code,,,,,,
wiz8--retail-2001-12-23--wiz8--c3639d43568a,005f10f0,1,0,protected-code,,,,,,
wiz8--retail-2001-12-23--wiz8--c3639d43568a,005f10f0,2,1,protected-code,,,,,,
wiz8--retail-2001-12-23--wiz8--c3639d43568a,005f10f0,3,2,protected-code,,,,,,
wiz8--retail-2001-12-23--wiz8--c3639d43568a,005f10f0,4,3,protected-code,,,,,,
wiz8--retail-2001-12-23--wiz8--c3639d43568a,005f10f0,5,4,protected-code,,,,,,
wiz8--retail-2001-12-23--wiz8--c3639d43568a,005f10f0,6,5,protected-code,,,,,,
wiz8--retail-2001-12-23--wiz8--c3639d43568a,005f10f0,7,6,protected-code,,,,,,
wiz8--retail-2001-12-23--wiz8--c3639d43568a,005f10f0,8,-1,protected-code,,,,,,
wiz8--retail-2001-12-23--wiz8--c3639d43568a,005f1158,0,-1,protected-code,,,,,,
wiz8--retail-2001-12-23--wiz8--c3639d43568a,005f1158,1,-1,protected-code,,,,,,
wiz8--retail-2001-12-23--wiz8--c3639d43568a,005f1158,2,-1,protected-code,,,,,,
wiz8--retail-2001-12-23--wiz8--c3639d43568a,005f1158,3,-1,protected-code,,,,,,
wiz8--retail-2001-12-23--wiz8--c3639d43568a,005f1198,0,-1,protected-code,,,,,,
wiz8--retail-2001-12-23--wiz8--c3639d43568a,005f11c0,0,-1,protected-code,,,,,,
wiz8--retail-2001-12-23--wiz8--c3639d43568a,005f11e8,0,-1,protected-code,,,,,,
wiz8--retail-2001-12-23--wiz8--c3639d43568a,005f11e8,1,0,protected-code,,,,,,
wiz8--retail-2001-12-23--wiz8--c3639d43568a,005f11e8,2,1,protected-code,,,,,,
wiz8--retail-2001-12-23--wiz8--c3639d43568a,005f11e8,3,2,protected-code,,,,,,
wiz8--retail-2001-12-23--wiz8--c3639d43568a,005f11e8,4,3,protected-code,,,,,,
wiz8--retail-2001-12-23--wiz8--c3639d43568a,005f11e8,5,4,protected-code,,,,,,
wiz8--retail-2001-12-23--wiz8--c3639d43568a,005f11e8,6,5,protected-code,,,,,,
wiz8--retail-2001-12-23--wiz8--c3639d43568a,005f1240,0,-1,protected-code,,,,,,
wiz8--retail-2001-12-23--wiz8--c3639d43568a,005f1240,1,0,protected-code,,,,,,
wiz8--retail-2001-12-23--wiz8--c3639d43568a,005f1240,2,1,protected-code,,,,,,
wiz8--retail-2001-12-23--wiz8--c3639d43568a,005f1240,3,2,protected-code,,,,,,
wiz8--retail-2001-12-23--wiz8--c3639d43568a,005f1240,4,3,protected-code,,,,,,
wiz8--retail-2001-12-23--wiz8--c3639d43568a,005f1288,0,-1,protected-code,,,,,,
wiz8--retail-2001-12-23--wiz8--c3639d43568a,005f12b0,0,-1,protected-code,,,,,,
wiz8--retail-2001-12-23--wiz8--c3639d43568a,005f12d8,0,-1,protected-code,,,,,,
wiz8--retail-2001-12-23--wiz8--c3639d43568a,005f1300,0,-1,protected-code,,,,,,
wiz8--retail-2001-12-23--wiz8--c3639d43568a,005f1300,1,-1,protected-code,,,,,,
wiz8--retail-2001-12-23--wiz8--c3639d43568a,005f1300,2,-1,protected-code,,,,,,
wiz8--retail-2001-12-23--wiz8--c3639d43568a,005f1300,3,-1,protected-code,,,,,,
wiz8--retail-2001-12-23--wiz8--c3639d43568a,005f1300,4,-1,protected-code,,,,,,
wiz8--retail-2001-12-23--wiz8--c3639d43568a,005f1300,5,-1,protected-code,,,,,,
wiz8--retail-2001-12-23--wiz8--c3639d43568a,005f1300,6,-1,protected-code,,,,,,
wiz8--retail-2001-12-23--wiz8--c3639d43568a,005f1300,7,-1,protected-code,,,,,,
wiz8--retail-2001-12-23--wiz8--c3639d43568a,005f1360,0,-1,protected-code,,,,,,
wiz8--retail-2001-12-23--wiz8--c3639d43568a,005f1360,1,-1,protected-code,,,,,,
wiz8--retail-2001-12-23--wiz8--c3639d43568a,005f1390,0,-1,protected-code,,,,,,
wiz8--retail-2001-12-23--wiz8--c3639d43568a,005f13b8,0,-1,protected-code,,,,,,
wiz8--retail-2001-12-23--wiz8--c3639d43568a,005f13b8,1,-1,protected-code,,,,,,
wiz8--retail-2001-12-23--wiz8--c3639d43568a,005f13e8,0,-1,protected-code,,,,,,
wiz8--retail-2001-12-23--wiz8--c3639d43568a,005f1410,0,-1,protected-code,,,,,,
wiz8--retail-2001-12-23--wiz8--c3639d43568a,005f1410,1,0,protected-code,,,,,,
wiz8--retail-2001-12-23--wiz8--c3639d43568a,005f1410,2,1,protected-code,,,,,,
wiz8--retail-2001-12-23--wiz8--c3639d43568a,005f1410,3,2,protected-code,,,,,,
wiz8--retail-2001-12-23--wiz8--c3639d43568a,005f1410,4,3,protected-code,,,,,,
wiz8--retail-2001-12-23--wiz8--c3639d43568a,005f1458,0,-1,protected-code,,,,,,
wiz8--retail-2001-12-23--wiz8--c3639d43568a,005f1458,1,0,protected-code,,,,,,
wiz8--retail-2001-12-23--wiz8--c3639d43568a,005f1458,2,0,protected-code,,,,,,
wiz8--retail-2001-12-23--wiz8--c3639d43568a,005f1458,3,0,protected-code,,,,,,
wiz8--retail-2001-12-23--wiz8--c3639d43568a,005f1458,4,0,protected-code,,,,,,
wiz8--retail-2001-12-23--wiz8--c3639d43568a,005f14a0,0,-1,protected-code,,,,,,
wiz8--retail-2001-12-23--wiz8--c3639d43568a,005f14a0,1,0,protected-code,,,,,,
wiz8--retail-2001-12-23--wiz8--c3639d43568a,005f14d0,0,-1,protected-code,,,,,,
wiz8--retail-2001-12-23--wiz8--c3639d43568a,005f14f8,0,-1,protected-code,,,,,,
wiz8--retail-2001-12-23--wiz8--c3639d43568a,005f14f8,1,-1,protected-code,,,,,,
wiz8--retail-2001-12-23--wiz8--c3639d43568a,005f14f8,2,1,protected-code,,,,,,
wiz8--retail-2001-12-23--wiz8--c3639d43568a,005f14f8,3,2,protected-code,,,,,,
wiz8--retail-2001-12-23--wiz8--c3639d43568a,005f14f8,4,2,protected-code,,,,,,
wiz8--retail-2001-12-23--wiz8--c3639d43568a,005f1540,0,-1,protected-code,,,,,,
wiz8--retail-2001-12-23--wiz8--c3639d43568a,005f1540,1,0,protected-code,,,,,,
wiz8--retail-2001-12-23--wiz8--c3639d43568a,005f1540,2,0,protected-code,,,,,,
wiz8--retail-2001-12-23--wiz8--c3639d43568a,005f1578,0,-1,protected-code,,,,,,
wiz8--retail-2001-12-23--wiz8--c3639d43568a,005f1578,1,-1,protected-code,,,,,,
wiz8--retail-2001-12-23--wiz8--c3639d43568a,005f15a8,0,-1,protected-code,,,,,,
wiz8--retail-2001-12-23--wiz8--c3639d43568a,005f15a8,1,-1,protected-code,,,,,,
wiz8--retail-2001-12-23--wiz8--c3639d43568a,005f15d8,0,-1,protected-code,,,,,,
wiz8--retail-2001-12-23--wiz8--c3639d43568a,005f1600,0,-1,protected-code,,,,,,
wiz8--retail-2001-12-23--wiz8--c3639d43568a,005f1628,0,-1,protected-code,,,,,,
wiz8--retail-2001-12-23--wiz8--c3639d43568a,005f1628,1,-1,protected-code,,,,,,
wiz8--retail-2001-12-23--wiz8--c3639d43568a,005f1628,2,1,protected-code,,,,,,
wiz8--retail-2001-12-23--wiz8--c3639d43568a,005f1660,0,-1,protected-code,,,,,,
wiz8--retail-2001-12-23--wiz8--c3639d43568a,005f1660,1,0,protected-code,,,,,,
wiz8--retail-2001-12-23--wiz8--c3639d43568a,005f1660,2,-1,protected-code,,,,,,
wiz8--retail-2001-12-23--wiz8--c3639d43568a,005f1698,0,-1,protected-code,,,,,,
wiz8--retail-2001-12-23--wiz8--c3639d43568a,005f1698,1,-1,protected-code,,,,,,
wiz8--retail-2001-12-23--wiz8--c3639d43568a,005f16c8,0,-1,protected-code,,,,,,
wiz8--retail-2001-12-23--wiz8--c3639d43568a,005f16c8,1,-1,protected-code,,,,,,
wiz8--retail-2001-12-23--wiz8--c3639d43568a,005f16f8,0,-1,protected-code,,,,,,
wiz8--retail-2001-12-23--wiz8--c3639d43568a,005f16f8,1,0,protected-code,,,,,,
wiz8--retail-2001-12-23--wiz8--c3639d43568a,005f16f8,2,-1,protected-code,,,,,,
wiz8--retail-2001-12-23--wiz8--c3639d43568a,005f1730,0,-1,protected-code,,,,,,
wiz8--retail-2001-12-23--wiz8--c3639d43568a,005f1758,0,-1,protected-code,,,,,,
wiz8--retail-2001-12-23--wiz8--c3639d43568a,005f1758,1,-1,protected-code,,,,,,
wiz8--retail-2001-12-23--wiz8--c3639d43568a,005f1788,0,-1,protected-code,,,,,,
wiz8--retail-2001-12-23--wiz8--c3639d43568a,005f17b0,0,-1,protected-code,,,,,,
wiz8--retail-2001-12-23--wiz8--c3639d43568a,005f17d8,0,-1,protected-code,,,,,,
wiz8--retail-2001-12-23--wiz8--c3639d43568a,005f1800,0,-1,protected-code,,,,,,
wiz8--retail-2001-12-23--wiz8--c3639d43568a,005f1800,1,0,protected-code,,,,,,
wiz8--retail-2001-12-23--wiz8--c3639d43568a,005f1800,2,0,protected-code,,,,,,
wiz8--retail-2001-12-23--wiz8--c3639d43568a,005f1838,0,-1,protected-code,,,,,,
wiz8--retail-2001-12-23--wiz8--c3639d43568a,005f1838,1,-1,protected-code,,,,,,
wiz8--retail-2001-12-23--wiz8--c3639d43568a,005f1868,0,-1,protected-code,,,,,,
wiz8--retail-2001-12-23--wiz8--c3639d43568a,005f1868,1,-1,protected-code,,,,,,
wiz8--retail-2001-12-23--wiz8--c3639d43568a,005f1868,2,1,protected-code,,,,,,
wiz8--retail-2001-12-23--wiz8--c3639d43568a,005f18a0,0,-1,protected-code,,,,,,
wiz8--retail-2001-12-23--wiz8--c3639d43568a,005f18a0,1,0,protected-code,,,,,,
wiz8--retail-2001-12-23--wiz8--c3639d43568a,005f18a0,2,0,protected-code,,,,,,
wiz8--retail-2001-12-23--wiz8--c3639d43568a,005f18a0,3,2,protected-code,,,,,,
wiz8--retail-2001-12-23--wiz8--c3639d43568a,005f18e0,0,-1,protected-code,,,,,,
wiz8--retail-2001-12-23--wiz8--c3639d43568a,005f18e0,1,-1,protected-code,,,,,,
wiz8--retail-2001-12-23--wiz8--c3639d43568a,005f18e0,2,1,protected-code,,,,,,
wiz8--retail-2001-12-23--wiz8--c3639d43568a,005f1918,0,-1,protected-code,,,,,,
wiz8--retail-2001-12-23--wiz8--c3639d43568a,005f1918,1,-1,protected-code,,,,,,
wiz8--retail-2001-12-23--wiz8--c3639d43568a,005f1948,0,-1,protected-code,,,,,,
wiz8--retail-2001-12-23--wiz8--c3639d43568a,005f1970,0,-1,protected-code,,,,,,
wiz8--retail-2001-12-23--wiz8--c3639d43568a,005f1970,1,0,protected-code,,,,,,
wiz8--retail-2001-12-23--wiz8--c3639d43568a,005f19a0,0,-1,protected-code,,,,,,
wiz8--retail-2001-12-23--wiz8--c3639d43568a,005f19a0,1,-1,protected-code,,,,,,
wiz8--retail-2001-12-23--wiz8--c3639d43568a,005f19a0,2,-1,protected-code,,,,,,
wiz8--retail-2001-12-23--wiz8--c3639d43568a,005f19d8,0,-1,protected-code,,,,,,
wiz8--retail-2001-12-23--wiz8--c3639d43568a,005f1a00,0,-1,protected-code,,,,,,
wiz8--retail-2001-12-23--wiz8--c3639d43568a,005f1a00,1,-1,protected-code,,,,,,
wiz8--retail-2001-12-23--wiz8--c3639d43568a,005f1a00,2,1,protected-code,,,,,,
wiz8--retail-2001-12-23--wiz8--c3639d43568a,005f1a00,3,2,protected-code,,,,,,
wiz8--retail-2001-12-23--wiz8--c3639d43568a,005f1a00,4,3,protected-code,,,,,,
wiz8--retail-2001-12-23--wiz8--c3639d43568a,005f1a00,5,4,protected-code,,,,,,
wiz8--retail-2001-12-23--wiz8--c3639d43568a,005f1a00,6,5,protected-code,,,,,,
wiz8--retail-2001-12-23--wiz8--c3639d43568a,005f1a00,7,6,protected-code,,,,,,
wiz8--retail-2001-12-23--wiz8--c3639d43568a,005f1a00,8,6,protected-code,,,,,,
wiz8--retail-2001-12-23--wiz8--c3639d43568a,005f1a00,9,6,protected-code,,,,,,
wiz8--retail-2001-12-23--wiz8--c3639d43568a,005f1a70,0,-1,protected-code,,,,,,
wiz8--retail-2001-12-23--wiz8--c3639d43568a,005f1a70,1,0,protected-code,,,,,,
wiz8--retail-2001-12-23--wiz8--c3639d43568a,005f1a70,2,1,protected-code,,,,,,
wiz8--retail-2001-12-23--wiz8--c3639d43568a,005f1a70,3,2,protected-code,,,,,,
wiz8--retail-2001-12-23--wiz8--c3639d43568a,005f1a70,4,3,protected-code,,,,,,
wiz8--retail-2001-12-23--wiz8--c3639d43568a,005f1ab8,0,-1,protected-code,,,,,,
wiz8--retail-2001-12-23--wiz8--c3639d43568a,005f1ae0,0,-1,protected-code,,,,,,
wiz8--retail-2001-12-23--wiz8--c3639d43568a,005f1b08,0,-1,protected-code,,,,,,
wiz8--retail-2001-12-23--wiz8--c3639d43568a,005f1b30,0,-1,protected-code,,,,,,
wiz8--retail-2001-12-23--wiz8--c3639d43568a,005f1b58,0,-1,protected-code,,,,,,
wiz8--retail-2001-12-23--wiz8--c3639d43568a,005f1b58,1,0,protected-code,,,,,,
wiz8--retail-2001-12-23--wiz8--c3639d43568a,005f1b58,2,1,protected-code,,,,,,
wiz8--retail-2001-12-23--wiz8--c3639d43568a,005f1b58,3,1,protected-code,,,,,,
wiz8--retail-2001-12-23--wiz8--c3639d43568a,005f1b58,4,1,protected-code,,,,,,
wiz8--retail-2001-12-23--wiz8--c3639d43568a,005f1b58,5,4,protected-code,,,,,,
wiz8--retail-2001-12-23--wiz8--c3639d43568a,005f1b58,6,1,protected-code,,,,,,
wiz8--retail-2001-12-23--wiz8--c3639d43568a,005f1b58,7,1,protected-code,,,,,,
wiz8--retail-2001-12-23--wiz8--c3639d43568a,005f1b58,8,1,protected-code,,,,,,
wiz8--retail-2001-12-23--wiz8--c3639d43568a,005f1bc0,0,-1,protected-code,,,,,,
wiz8--retail-2001-12-23--wiz8--c3639d43568a,005f1be8,0,-1,protected-code,,,,,,
wiz8--retail-2001-12-23--wiz8--c3639d43568a,005f1be8,1,0,protected-code,,,,,,
wiz8--retail-2001-12-23--wiz8--c3639d43568a,005f1c18,0,-1,protected-code,,,,,,
wiz8--retail-2001-12-23--wiz8--c3639d43568a,005f1c18,1,-1,protected-code,,,,,,
wiz8--retail-2001-12-23--wiz8--c3639d43568a,005f1c18,2,-1,protected-code,,,,,,
wiz8--retail-2001-12-23--wiz8--c3639d43568a,005f1c50,0,-1,protected-code,,,,,,
wiz8--retail-2001-12-23--wiz8--c3639d43568a,005f1c50,1,-1,protected-code,,,,,,
wiz8--retail-2001-12-23--wiz8--c3639d43568a,005f1c50,2,-1,protected-code,,,,,,
wiz8--retail-2001-12-23--wiz8--c3639d43568a,005f1c50,3,-1,protected-code,,,,,,
wiz8--retail-2001-12-23--wiz8--c3639d43568a,005f1c90,0,-1,protected-code,,,,,,
wiz8--retail-2001-12-23--wiz8--c3639d43568a,005f1c90,1,-1,protected-code,,,,,,
wiz8--retail-2001-12-23--wiz8--c3639d43568a,005f1c90,2,-1,protected-code,,,,,,
wiz8--retail-2001-12-23--wiz8--c3639d43568a,005f1cc8,0,-1,protected-code,,,,,,
wiz8--retail-2001-12-23--wiz8--c3639d43568a,005f1cf0,0,-1,protected-code,,,,,,
wiz8--retail-2001-12-23--wiz8--c3639d43568a,005f1cf0,1,0,protected-code,,,,,,
wiz8--retail-2001-12-23--wiz8--c3639d43568a,005f1cf0,2,0,protected-code,,,,,,
wiz8--retail-2001-12-23--wiz8--c3639d43568a,005f1cf0,3,0,protected-code,,,,,,
wiz8--retail-2001-12-23--wiz8--c3639d43568a,005f1d30,0,-1,protected-code,,,,,,
wiz8--retail-2001-12-23--wiz8--c3639d43568a,005f1d30,1,0,protected-code,,,,,,
wiz8--retail-2001-12-23--wiz8--c3639d43568a,005f1d30,2,0,protected-code,,,,,,
wiz8--retail-2001-12-23--wiz8--c3639d43568a,005f1d68,0,-1,protected-code,,,,,,
wiz8--retail-2001-12-23--wiz8--c3639d43568a,005f1d90,0,-1,protected-code,,,,,,
wiz8--retail-2001-12-23--wiz8--c3639d43568a,005f1d90,1,-1,protected-code,,,,,,
wiz8--retail-2001-12-23--wiz8--c3639d43568a,005f1dc0,0,-1,protected-code,,,,,,
wiz8--retail-2001-12-23--wiz8--c3639d43568a,005f1dc0,1,-1,protected-code,,,,,,
wiz8--retail-2001-12-23--wiz8--c3639d43568a,005f1df0,0,-1,protected-code,,,,,,
wiz8--retail-2001-12-23--wiz8--c3639d43568a,005f1e18,0,-1,protected-code,,,,,,
wiz8--retail-2001-12-23--wiz8--c3639d43568a,005f1e18,1,-1,protected-code,,,,,,
wiz8--retail-2001-12-23--wiz8--c3639d43568a,005f1e48,0,-1,protected-code,,,,,,
wiz8--retail-2001-12-23--wiz8--c3639d43568a,005f1e48,1,-1,protected-code,,,,,,
wiz8--retail-2001-12-23--wiz8--c3639d43568a,005f1e78,0,-1,protected-code,,,,,,
wiz8--retail-2001-12-23--wiz8--c3639d43568a,005f1ea0,0,-1,protected-code,,,,,,
wiz8--retail-2001-12-23--wiz8--c3639d43568a,005f1ec8,0,-1,protected-code,,,,,,
wiz8--retail-2001-12-23--wiz8--c3639d43568a,005f1ec8,1,-1,protected-code,,,,,,
wiz8--retail-2001-12-23--wiz8--c3639d43568a,005f1ef8,0,-1,protected-code,,,,,,
wiz8--retail-2001-12-23--wiz8--c3639d43568a,005f1ef8,1,-1,protected-code,,,,,,
wiz8--retail-2001-12-23--wiz8--c3639d43568a,005f1ef8,2,-1,protected-code,,,,,,
wiz8--retail-2001-12-23--wiz8--c3639d43568a,005f1ef8,3,-1,protected-code,,,,,,
wiz8--retail-2001-12-23--wiz8--c3639d43568a,005f1f38,0,-1,protected-code,,,,,,
wiz8--retail-2001-12-23--wiz8--c3639d43568a,005f1f60,0,-1,protected-code,,,,,,
wiz8--retail-2001-12-23--wiz8--c3639d43568a,005f1f60,1,-1,protected-code,,,,,,
wiz8--retail-2001-12-23--wiz8--c3639d43568a,005f1f90,0,-1,protected-code,,,,,,
wiz8--retail-2001-12-23--wiz8--c3639d43568a,005f1f90,1,-1,protected-code,,,,,,
wiz8--retail-2001-12-23--wiz8--c3639d43568a,005f1f90,2,-1,protected-code,,,,,,
wiz8--retail-2001-12-23--wiz8--c3639d43568a,005f1fc8,0,-1,protected-code,,,,,,
wiz8--retail-2001-12-23--wiz8--c3639d43568a,005f1ff0,0,-1,protected-code,,,,,,
wiz8--retail-2001-12-23--wiz8--c3639d43568a,005f1ff0,1,-1,protected-code,,,,,,
wiz8--retail-2001-12-23--wiz8--c3639d43568a,005f2020,0,-1,protected-code,,,,,,
wiz8--retail-2001-12-23--wiz8--c3639d43568a,005f2048,0,-1,protected-code,,,,,,
wiz8--retail-2001-12-23--wiz8--c3639d43568a,005f2048,1,-1,protected-code,,,,,,
wiz8--retail-2001-12-23--wiz8--c3639d43568a,005f2078,0,-1,protected-code,,,,,,
wiz8--retail-2001-12-23--wiz8--c3639d43568a,005f20a0,0,-1,protected-code,,,,,,
wiz8--retail-2001-12-23--wiz8--c3639d43568a,005f20a0,1,0,protected-code,,,,,,
wiz8--retail-2001-12-23--wiz8--c3639d43568a,005f20d0,0,-1,protected-code,,,,,,
wiz8--retail-2001-12-23--wiz8--c3639d43568a,005f20f8,0,-1,protected-code,,,,,,
wiz8--retail-2001-12-23--wiz8--c3639d43568a,005f20f8,1,0,protected-code,,,,,,
wiz8--retail-2001-12-23--wiz8--c3639d43568a,005f20f8,2,1,protected-code,,,,,,
wiz8--retail-2001-12-23--wiz8--c3639d43568a,005f2130,0,-1,protected-code,,,,,,
wiz8--retail-2001-12-23--wiz8--c3639d43568a,005f2130,1,0,protected-code,,,,,,
wiz8--retail-2001-12-23--wiz8--c3639d43568a,005f2130,2,1,protected-code,,,,,,
wiz8--retail-2001-12-23--wiz8--c3639d43568a,005f2130,3,2,protected-code,,,,,,
wiz8--retail-2001-12-23--wiz8--c3639d43568a,005f2130,4,3,protected-code,,,,,,
wiz8--retail-2001-12-23--wiz8--c3639d43568a,005f2178,0,-1,protected-code,,,,,,
wiz8--retail-2001-12-23--wiz8--c3639d43568a,005f2178,1,0,protected-code,,,,,,
wiz8--retail-2001-12-23--wiz8--c3639d43568a,005f2178,2,1,protected-code,,,,,,
wiz8--retail-2001-12-23--wiz8--c3639d43568a,005f2178,3,2,protected-code,,,,,,
wiz8--retail-2001-12-23--wiz8--c3639d43568a,005f2178,4,3,protected-code,,,,,,
wiz8--retail-2001-12-23--wiz8--c3639d43568a,005f2178,5,-1,protected-code,,,,,,
wiz8--retail-2001-12-23--wiz8--c3639d43568a,005f21c8,0,-1,protected-code,,,,,,
wiz8--retail-2001-12-23--wiz8--c3639d43568a,005f21c8,1,0,protected-code,,,,,,
wiz8--retail-2001-12-23--wiz8--c3639d43568a,005f21c8,2,1,protected-code,,,,,,
wiz8--retail-2001-12-23--wiz8--c3639d43568a,005f21c8,3,2,protected-code,,,,,,
wiz8--retail-2001-12-23--wiz8--c3639d43568a,005f2208,0,-1,protected-code,,,,,,
wiz8--retail-2001-12-23--wiz8--c3639d43568a,005f2208,1,0,protected-code,,,,,,
wiz8--retail-2001-12-23--wiz8--c3639d43568a,005f2208,2,1,protected-code,,,,,,
wiz8--retail-2001-12-23--wiz8--c3639d43568a,005f2208,3,1,protected-code,,,,,,
wiz8--retail-2001-12-23--wiz8--c3639d43568a,005f2208,4,3,protected-code,,,,,,
wiz8--retail-2001-12-23--wiz8--c3639d43568a,005f2208,5,3,protected-code,,,,,,
wiz8--retail-2001-12-23--wiz8--c3639d43568a,005f2258,0,-1,protected-code,,,,,,
wiz8--retail-2001-12-23--wiz8--c3639d43568a,005f2258,1,0,protected-code,,,,,,
wiz8--retail-2001-12-23--wiz8--c3639d43568a,005f2288,0,-1,protected-code,,,,,,
wiz8--retail-2001-12-23--wiz8--c3639d43568a,005f22b0,0,-1,protected-code,,,,,,
wiz8--retail-2001-12-23--wiz8--c3639d43568a,005f22b0,1,-1,protected-code,,,,,,
wiz8--retail-2001-12-23--wiz8--c3639d43568a,005f22e0,0,-1,protected-code,,,,,,
wiz8--retail-2001-12-23--wiz8--c3639d43568a,005f22e0,1,0,protected-code,,,,,,
wiz8--retail-2001-12-23--wiz8--c3639d43568a,005f22e0,2,1,protected-code,,,,,,
wiz8--retail-2001-12-23--wiz8--c3639d43568a,005f22e0,3,2,protected-code,,,,,,
wiz8--retail-2001-12-23--wiz8--c3639d43568a,005f2320,0,-1,protected-code,,,,,,
wiz8--retail-2001-12-23--wiz8--c3639d43568a,005f2320,1,0,protected-code,,,,,,
wiz8--retail-2001-12-23--wiz8--c3639d43568a,005f2350,0,-1,protected-code,,,,,,
wiz8--retail-2001-12-23--wiz8--c3639d43568a,005f2350,1,0,protected-code,,,,,,
wiz8--retail-2001-12-23--wiz8--c3639d43568a,005f2380,0,-1,protected-code,,,,,,
wiz8--retail-2001-12-23--wiz8--c3639d43568a,005f23a8,0,-1,protected-code,,,,,,
wiz8--retail-2001-12-23--wiz8--c3639d43568a,005f23d0,0,-1,protected-code,,,,,,
wiz8--retail-2001-12-23--wiz8--c3639d43568a,005f23d0,1,0,protected-code,,,,,,
wiz8--retail-2001-12-23--wiz8--c3639d43568a,005f23d0,2,1,protected-code,,,,,,
wiz8--retail-2001-12-23--wiz8--c3639d43568a,005f23d0,3,1,protected-code,,,,,,
wiz8--retail-2001-12-23--wiz8--c3639d43568a,005f23d0,4,3,protected-code,,,,,,
wiz8--retail-2001-12-23--wiz8--c3639d43568a,005f23d0,5,3,protected-code,,,,,,
wiz8--retail-2001-12-23--wiz8--c3639d43568a,005f23d0,6,1,protected-code,,,,,,
wiz8--retail-2001-12-23--wiz8--c3639d43568a,005f23d0,7,1,protected-code,,,,,,
wiz8--retail-2001-12-23--wiz8--c3639d43568a,005f23d0,8,1,protected-code,,,,,,
wiz8--retail-2001-12-23--wiz8--c3639d43568a,005f23d0,9,1,protected-code,,,,,,
wiz8--retail-2001-12-23--wiz8--c3639d43568a,005f23d0,10,9,protected-code,,,,,,
wiz8--retail-2001-12-23--wiz8--c3639d43568a,005f23d0,11,1,protected-code,,,,,,
wiz8--retail-2001-12-23--wiz8--c3639d43568a,005f2450,0,-1,protected-code,,,,,,
wiz8--retail-2001-12-23--wiz8--c3639d43568a,005f2450,1,0,protected-code,,,,,,
wiz8--retail-2001-12-23--wiz8--c3639d43568a,005f2480,0,-1,protected-code,,,,,,
wiz8--retail-2001-12-23--wiz8--c3639d43568a,005f2480,1,-1,protected-code,,,,,,
wiz8--retail-2001-12-23--wiz8--c3639d43568a,005f2480,2,-1,protected-code,,,,,,
wiz8--retail-2001-12-23--wiz8--c3639d43568a,005f2480,3,-1,protected-code,,,,,,
wiz8--retail-2001-12-23--wiz8--c3639d43568a,005f2480,4,3,protected-code,,,,,,
wiz8--retail-2001-12-23--wiz8--c3639d43568a,005f24c8,0,-1,protected-code,,,,,,
wiz8--retail-2001-12-23--wiz8--c3639d43568a,005f24f0,0,-1,protected-code,,,,,,
wiz8--retail-2001-12-23--wiz8--c3639d43568a,005f2518,0,-1,protected-code,,,,,,
wiz8--retail-2001-12-23--wiz8--c3639d43568a,005f2540,0,-1,protected-code,,,,,,
wiz8--retail-2001-12-23--wiz8--c3639d43568a,005f2568,0,-1,protected-code,,,,,,
wiz8--retail-2001-12-23--wiz8--c3639d43568a,005f2590,0,-1,protected-code,,,,,,
wiz8--retail-2001-12-23--wiz8--c3639d43568a,005f25b8,0,-1,protected-code,,,,,,
wiz8--retail-2001-12-23--wiz8--c3639d43568a,005f25b8,1,0,protected-code,,,,,,
wiz8--retail-2001-12-23--wiz8--c3639d43568a,005f25b8,2,1,protected-code,,,,,,
wiz8--retail-2001-12-23--wiz8--c3639d43568a,005f25b8,3,1,protected-code,,,,,,
wiz8--retail-2001-12-23--wiz8--c3639d43568a,005f25b8,4,3,protected-code,,,,,,
wiz8--retail-2001-12-23--wiz8--c3639d43568a,005f25b8,5,3,protected-code,,,,,,
wiz8--retail-2001-12-23--wiz8--c3639d43568a,005f2608,0,-1,protected-code,,,,,,
wiz8--retail-2001-12-23--wiz8--c3639d43568a,005f2608,1,0,protected-code,,,,,,
wiz8--retail-2001-12-23--wiz8--c3639d43568a,005f2638,0,-1,protected-code,,,,,,
wiz8--retail-2001-12-23--wiz8--c3639d43568a,005f2660,0,-1,protected-code,,,,,,
wiz8--retail-2001-12-23--wiz8--c3639d43568a,005f2660,1,0,protected-code,,,,,,
wiz8--retail-2001-12-23--wiz8--c3639d43568a,005f2660,2,-1,protected-code,,,,,,
wiz8--retail-2001-12-23--wiz8--c3639d43568a,005f2698,0,-1,protected-code,,,,,,
wiz8--retail-2001-12-23--wiz8--c3639d43568a,005f2698,1,0,protected-code,,,,,,
wiz8--retail-2001-12-23--wiz8--c3639d43568a,005f2698,2,1,protected-code,,,,,,
wiz8--retail-2001-12-23--wiz8--c3639d43568a,005f26d0,0,-1,protected-code,,,,,,
wiz8--retail-2001-12-23--wiz8--c3639d43568a,005f26f8,0,-1,protected-code,,,,,,
wiz8--retail-2001-12-23--wiz8--c3639d43568a,005f2720,0,-1,protected-code,,,,,,
wiz8--retail-2001-12-23--wiz8--c3639d43568a,005f2720,1,0,protected-code,,,,,,
wiz8--retail-2001-12-23--wiz8--c3639d43568a,005f2720,2,0,protected-code,,,,,,
wiz8--retail-2001-12-23--wiz8--c3639d43568a,005f2758,0,-1,protected-code,,,,,,
wiz8--retail-2001-12-23--wiz8--c3639d43568a,005f2780,0,-1,protected-code,,,,,,
wiz8--retail-2001-12-23--wiz8--c3639d43568a,005f2780,1,-1,protected-code,,,,,,
wiz8--retail-2001-12-23--wiz8--c3639d43568a,005f27b0,0,-1,protected-code,,,,,,
wiz8--retail-2001-12-23--wiz8--c3639d43568a,005f27b0,1,0,protected-code,,,,,,
wiz8--retail-2001-12-23--wiz8--c3639d43568a,005f27b0,2,0,protected-code,,,,,,
wiz8--retail-2001-12-23--wiz8--c3639d43568a,005f27e8,0,-1,protected-code,,,,,,
wiz8--retail-2001-12-23--wiz8--c3639d43568a,005f2810,0,-1,protected-code,,,,,,
wiz8--retail-2001-12-23--wiz8--c3639d43568a,005f2838,0,-1,protected-code,,,,,,
wiz8--retail-2001-12-23--wiz8--c3639d43568a,005f2838,1,0,protected-code,,,,,,
wiz8--retail-2001-12-23--wiz8--c3639d43568a,005f2868,0,-1,protected-code,,,,,,
wiz8--retail-2001-12-23--wiz8--c3639d43568a,005f2868,1,0,protected-code,,,,,,
wiz8--retail-2001-12-23--wiz8--c3639d43568a,005f2898,0,-1,protected-code,,,,,,
wiz8--retail-2001-12-23--wiz8--c3639d43568a,005f2898,1,0,protected-code,,,,,,
wiz8--retail-2001-12-23--wiz8--c3639d43568a,005f28c8,0,-1,protected-code,,,,,,
wiz8--retail-2001-12-23--wiz8--c3639d43568a,005f28f0,0,-1,protected-code,,,,,,
wiz8--retail-2001-12-23--wiz8--c3639d43568a,005f28f0,1,0,protected-code,,,,,,
wiz8--retail-2001-12-23--wiz8--c3639d43568a,005f28f0,2,0,protected-code,,,,,,
wiz8--retail-2001-12-23--wiz8--c3639d43568a,005f28f0,3,0,protected-code,,,,,,
wiz8--retail-2001-12-23--wiz8--c3639d43568a,005f2930,0,-1,protected-code,,,,,,
wiz8--retail-2001-12-23--wiz8--c3639d43568a,005f2958,0,-1,protected-code,,,,,,
wiz8--retail-2001-12-23--wiz8--c3639d43568a,005f2980,0,-1,protected-code,,,,,,
wiz8--retail-2001-12-23--wiz8--c3639d43568a,005f29a8,0,-1,protected-code,,,,,,
wiz8--retail-2001-12-23--wiz8--c3639d43568a,005f29d0,0,-1,protected-code,,,,,,
wiz8--retail-2001-12-23--wiz8--c3639d43568a,005f29d0,1,-1,protected-code,,,,,,
wiz8--retail-2001-12-23--wiz8--c3639d43568a,005f2a00,0,-1,protected-code,,,,,,
wiz8--retail-2001-12-23--wiz8--c3639d43568a,005f2a28,0,-1,protected-code,,,,,,
wiz8--retail-2001-12-23--wiz8--c3639d43568a,005f2a50,0,-1,protected-code,,,,,,
wiz8--retail-2001-12-23--wiz8--c3639d43568a,005f2a78,0,-1,protected-code,,,,,,
wiz8--retail-2001-12-23--wiz8--c3639d43568a,005f2aa0,0,-1,protected-code,,,,,,
wiz8--retail-2001-12-23--wiz8--c3639d43568a,005f2ac8,0,-1,protected-code,,,,,,
wiz8--retail-2001-12-23--wiz8--c3639d43568a,005f2af0,0,-1,protected-code,,,,,,
wiz8--retail-2001-12-23--wiz8--c3639d43568a,005f2af0,1,-1,protected-code,,,,,,
wiz8--retail-2001-12-23--wiz8--c3639d43568a,005f2b20,0,-1,protected-code,,,,,,
wiz8--retail-2001-12-23--wiz8--c3639d43568a,005f2b48,0,-1,protected-code,,,,,,
wiz8--retail-2001-12-23--wiz8--c3639d43568a,005f2b48,1,-1,protected-code,,,,,,
wiz8--retail-2001-12-23--wiz8--c3639d43568a,005f2b78,0,-1,protected-code,,,,,,
wiz8--retail-2001-12-23--wiz8--c3639d43568a,005f2ba0,0,-1,protected-code,,,,,,
wiz8--retail-2001-12-23--wiz8--c3639d43568a,005f2bc8,0,-1,protected-code,,,,,,
wiz8--retail-2001-12-23--wiz8--c3639d43568a,005f2bc8,1,0,protected-code,,,,,,
wiz8--retail-2001-12-23--wiz8--c3639d43568a,005f2bc8,2,0,protected-code,,,,,,
wiz8--retail-2001-12-23--wiz8--c3639d43568a,005f2c00,0,-1,protected-code,,,,,,
wiz8--retail-2001-12-23--wiz8--c3639d43568a,005f2c28,0,-1,protected-code,,,,,,
wiz8--retail-2001-12-23--wiz8--c3639d43568a,005f2c28,1,0,protected-code,,,,,,
wiz8--retail-2001-12-23--wiz8--c3639d43568a,005f2c58,0,-1,protected-code,,,,,,
wiz8--retail-2001-12-23--wiz8--c3639d43568a,005f2c80,0,-1,protected-code,,,,,,
wiz8--retail-2001-12-23--wiz8--c3639d43568a,005f2c80,1,0,protected-code,,,,,,
wiz8--retail-2001-12-23--wiz8--c3639d43568a,005f2c80,2,1,protected-code,,,,,,
wiz8--retail-2001-12-23--wiz8--c3639d43568a,005f2c80,3,2,protected-code,,,,,,
wiz8--retail-2001-12-23--wiz8--c3639d43568a,005f2cc0,0,-1,protected-code,,,,,,
wiz8--retail-2001-12-23--wiz8--c3639d43568a,005f2cc0,1,0,protected-code,,,,,,
wiz8--retail-2001-12-23--wiz8--c3639d43568a,005f2cc0,2,1,protected-code,,,,,,
wiz8--retail-2001-12-23--wiz8--c3639d43568a,005f2cc0,3,2,protected-code,,,,,,
wiz8--retail-2001-12-23--wiz8--c3639d43568a,005f2cc0,4,3,protected-code,,,,,,
wiz8--retail-2001-12-23--wiz8--c3639d43568a,005f2cc0,5,4,protected-code,,,,,,
wiz8--retail-2001-12-23--wiz8--c3639d43568a,005f2d10,0,-1,protected-code,,,,,,
wiz8--retail-2001-12-23--wiz8--c3639d43568a,005f2d10,1,0,protected-code,,,,,,
wiz8--retail-2001-12-23--wiz8--c3639d43568a,005f2d10,2,1,protected-code,,,,,,
wiz8--retail-2001-12-23--wiz8--c3639d43568a,005f2d10,3,2,protected-code,,,,,,
wiz8--retail-2001-12-23--wiz8--c3639d43568a,005f2d10,4,3,protected-code,,,,,,
wiz8--retail-2001-12-23--wiz8--c3639d43568a,005f2d10,5,4,protected-code,,,,,,
wiz8--retail-2001-12-23--wiz8--c3639d43568a,005f2d10,6,4,protected-code,,,,,,
wiz8--retail-2001-12-23--wiz8--c3639d43568a,005f2d68,0,-1,protected-code,,,,,,
wiz8--retail-2001-12-23--wiz8--c3639d43568a,005f2d68,1,-1,protected-code,,,,,,
wiz8--retail-2001-12-23--wiz8--c3639d43568a,005f2d68,2,1,protected-code,,,,,,
wiz8--retail-2001-12-23--wiz8--c3639d43568a,005f2da0,0,-1,protected-code,,,,,,
wiz8--retail-2001-12-23--wiz8--c3639d43568a,005f2dc8,0,-1,protected-code,,,,,,
wiz8--retail-2001-12-23--wiz8--c3639d43568a,005f2dc8,1,0,protected-code,,,,,,
wiz8--retail-2001-12-23--wiz8--c3639d43568a,005f2dc8,2,1,protected-code,,,,,,
wiz8--retail-2001-12-23--wiz8--c3639d43568a,005f2dc8,3,2,protected-code,,,,,,
wiz8--retail-2001-12-23--wiz8--c3639d43568a,005f2dc8,4,3,protected-code,,,,,,
wiz8--retail-2001-12-23--wiz8--c3639d43568a,005f2dc8,5,4,protected-code,,,,,,
wiz8--retail-2001-12-23--wiz8--c3639d43568a,005f2dc8,6,5,protected-code,,,,,,
wiz8--retail-2001-12-23--wiz8--c3639d43568a,005f2dc8,7,6,protected-code,,,,,,
wiz8--retail-2001-12-23--wiz8--c3639d43568a,005f2e28,0,-1,protected-code,,,,,,
wiz8--retail-2001-12-23--wiz8--c3639d43568a,005f2e28,1,0,protected-code,,,,,,
wiz8--retail-2001-12-23--wiz8--c3639d43568a,005f2e28,2,1,protected-code,,,,,,
wiz8--retail-2001-12-23--wiz8--c3639d43568a,005f2e28,3,2,protected-code,,,,,,
wiz8--retail-2001-12-23--wiz8--c3639d43568a,005f2e28,4,3,protected-code,,,,,,
wiz8--retail-2001-12-23--wiz8--c3639d43568a,005f2e28,5,4,protected-code,,,,,,
wiz8--retail-2001-12-23--wiz8--c3639d43568a,005f2e28,6,5,protected-code,,,,,,
wiz8--retail-2001-12-23--wiz8--c3639d43568a,005f2e80,0,-1,protected-code,,,,,,
wiz8--retail-2001-12-23--wiz8--c3639d43568a,005f2e80,1,0,protected-code,,,,,,
wiz8--retail-2001-12-23--wiz8--c3639d43568a,005f2e80,2,1,protected-code,,,,,,
wiz8--retail-2001-12-23--wiz8--c3639d43568a,005f2e80,3,2,protected-code,,,,,,
wiz8--retail-2001-12-23--wiz8--c3639d43568a,005f2e80,4,3,protected-code,,,,,,
wiz8--retail-2001-12-23--wiz8--c3639d43568a,005f2e80,5,4,protected-code,,,,,,
wiz8--retail-2001-12-23--wiz8--c3639d43568a,005f2e80,6,5,protected-code,,,,,,
wiz8--retail-2001-12-23--wiz8--c3639d43568a,005f2ed8,0,-1,protected-code,,,,,,
wiz8--retail-2001-12-23--wiz8--c3639d43568a,005f2ed8,1,-1,protected-code,,,,,,
wiz8--retail-2001-12-23--wiz8--c3639d43568a,005f2ed8,2,-1,protected-code,,,,,,
wiz8--retail-2001-12-23--wiz8--c3639d43568a,005f2ed8,3,-1,protected-code,,,,,,
wiz8--retail-2001-12-23--wiz8--c3639d43568a,005f2ed8,4,-1,protected-code,,,,,,
wiz8--retail-2001-12-23--wiz8--c3639d43568a,005f2f20,0,-1,protected-code,,,,,,
wiz8--retail-2001-12-23--wiz8--c3639d43568a,005f2f20,1,-1,protected-code,,,,,,
wiz8--retail-2001-12-23--wiz8--c3639d43568a,005f2f50,0,-1,protected-code,,,,,,
wiz8--retail-2001-12-23--wiz8--c3639d43568a,005f2f78,0,-1,protected-code,,,,,,
wiz8--retail-2001-12-23--wiz8--c3639d43568a,005f2fa0,0,-1,protected-code,,,,,,
wiz8--retail-2001-12-23--wiz8--c3639d43568a,005f2fc8,0,-1,protected-code,,,,,,
wiz8--retail-2001-12-23--wiz8--c3639d43568a,005f2ff0,0,-1,protected-code,,,,,,
wiz8--retail-2001-12-23--wiz8--c3639d43568a,005f3018,0,-1,protected-code,,,,,,
wiz8--retail-2001-12-23--wiz8--c3639d43568a,005f3018,1,-1,protected-code,,,,,,
wiz8--retail-2001-12-23--wiz8--c3639d43568a,005f3018,2,-1,protected-code,,,,,,
wiz8--retail-2001-12-23--wiz8--c3639d43568a,005f3018,3,2,protected-code,,,,,,
wiz8--retail-2001-12-23--wiz8--c3639d43568a,005f3058,0,-1,protected-code,,,,,,
wiz8--retail-2001-12-23--wiz8--c3639d43568a,005f3080,0,-1,protected-code,,,,,,
wiz8--retail-2001-12-23--wiz8--c3639d43568a,005f30a8,0,-1,protected-code,,,,,,
wiz8--retail-2001-12-23--wiz8--c3639d43568a,005f30d0,0,-1,protected-code,,,,,,
wiz8--retail-2001-12-23--wiz8--c3639d43568a,005f30f8,0,-1,protected-code,,,,,,
wiz8--retail-2001-12-23--wiz8--c3639d43568a,005f3120,0,-1,protected-code,,,,,,
wiz8--retail-2001-12-23--wiz8--c3639d43568a,005f3148,0,-1,protected-code,,,,,,
wiz8--retail-2001-12-23--wiz8--c3639d43568a,005f3148,1,-1,protected-code,,,,,,
wiz8--retail-2001-12-23--wiz8--c3639d43568a,005f3148,2,-1,protected-code,,,,,,
wiz8--retail-2001-12-23--wiz8--c3639d43568a,005f3180,0,-1,protected-code,,,,,,
wiz8--retail-2001-12-23--wiz8--c3639d43568a,005f3180,1,0,protected-code,,,,,,
wiz8--retail-2001-12-23--wiz8--c3639d43568a,005f31b0,0,-1,protected-code,,,,,,
wiz8--retail-2001-12-23--wiz8--c3639d43568a,005f31d8,0,-1,protected-code,,,,,,
wiz8--retail-2001-12-23--wiz8--c3639d43568a,005f31d8,1,-1,protected-code,,,,,,
wiz8--retail-2001-12-23--wiz8--c3639d43568a,005f31d8,2,1,protected-code,,,,,,
wiz8--retail-2001-12-23--wiz8--c3639d43568a,005f3210,0,-1,protected-code,,,,,,
wiz8--retail-2001-12-23--wiz8--c3639d43568a,005f3210,1,0,protected-code,,,,,,
wiz8--retail-2001-12-23--wiz8--c3639d43568a,005f3210,2,0,protected-code,,,,,,
wiz8--retail-2001-12-23--wiz8--c3639d43568a,005f3210,3,2,protected-code,,,,,,
wiz8--retail-2001-12-23--wiz8--c3639d43568a,005f3250,0,-1,protected-code,,,,,,
wiz8--retail-2001-12-23--wiz8--c3639d43568a,005f3250,1,0,protected-code,,,,,,
wiz8--retail-2001-12-23--wiz8--c3639d43568a,005f3250,2,1,protected-code,,,,,,
wiz8--retail-2001-12-23--wiz8--c3639d43568a,005f3250,3,-1,protected-code,,,,,,
wiz8--retail-2001-12-23--wiz8--c3639d43568a,005f3290,0,-1,protected-code,,,,,,
wiz8--retail-2001-12-23--wiz8--c3639d43568a,005f32b8,0,-1,protected-code,,,,,,
wiz8--retail-2001-12-23--wiz8--c3639d43568a,005f32b8,1,-1,protected-code,,,,,,
wiz8--retail-2001-12-23--wiz8--c3639d43568a,005f32b8,2,1,protected-code,,,,,,
wiz8--retail-2001-12-23--wiz8--c3639d43568a,005f32b8,3,2,protected-code,,,,,,
wiz8--retail-2001-12-23--wiz8--c3639d43568a,005f32f8,0,-1,protected-code,,,,,,
wiz8--retail-2001-12-23--wiz8--c3639d43568a,005f3320,0,-1,protected-code,,,,,,
wiz8--retail-2001-12-23--wiz8--c3639d43568a,005f3320,1,-1,protected-code,,,,,,
wiz8--retail-2001-12-23--wiz8--c3639d43568a,005f3350,0,-1,protected-code,,,,,,
wiz8--retail-2001-12-23--wiz8--c3639d43568a,005f3378,0,-1,protected-code,,,,,,
wiz8--retail-2001-12-23--wiz8--c3639d43568a,005f33a0,0,-1,protected-code,,,,,,
wiz8--retail-2001-12-23--wiz8--c3639d43568a,005f33c8,0,-1,protected-code,,,,,,
wiz8--retail-2001-12-23--wiz8--c3639d43568a,005f33f0,0,-1,protected-code,,,,,,
wiz8--retail-2001-12-23--wiz8--c3639d43568a,005f3418,0,-1,protected-code,,,,,,
wiz8--retail-2001-12-23--wiz8--c3639d43568a,005f3440,0,-1,protected-code,,,,,,
wiz8--retail-2001-12-23--wiz8--c3639d43568a,005f3468,0,-1,protected-code,,,,,,
wiz8--retail-2001-12-23--wiz8--c3639d43568a,005f3490,0,-1,protected-code,,,,,,
wiz8--retail-2001-12-23--wiz8--c3639d43568a,005f34b8,0,-1,protected-code,,,,,,
wiz8--retail-2001-12-23--wiz8--c3639d43568a,005f34e0,0,-1,protected-code,,,,,,
wiz8--retail-2001-12-23--wiz8--c3639d43568a,005f3508,0,-1,protected-code,,,,,,
wiz8--retail-2001-12-23--wiz8--c3639d43568a,005f3508,1,-1,protected-code,,,,,,
wiz8--retail-2001-12-23--wiz8--c3639d43568a,005f3538,0,-1,protected-code,,,,,,
wiz8--retail-2001-12-23--wiz8--c3639d43568a,005f3560,0,-1,protected-code,,,,,,
wiz8--retail-2001-12-23--wiz8--c3639d43568a,005f3560,1,0,protected-code,,,,,,
wiz8--retail-2001-12-23--wiz8--c3639d43568a,005f3560,2,1,protected-code,,,,,,
wiz8--retail-2001-12-23--wiz8--c3639d43568a,005f3598,0,-1,protected-code,,,,,,
wiz8--retail-2001-12-23--wiz8--c3639d43568a,005f3598,1,0,protected-code,,,,,,
wiz8--retail-2001-12-23--wiz8--c3639d43568a,005f35c8,0,-1,protected-code,,,,,,
wiz8--retail-2001-12-23--wiz8--c3639d43568a,005f35c8,1,0,protected-code,,,,,,
wiz8--retail-2001-12-23--wiz8--c3639d43568a,005f35c8,2,1,protected-code,,,,,,
wiz8--retail-2001-12-23--wiz8--c3639d43568a,005f3600,0,-1,protected-code,,,,,,
wiz8--retail-2001-12-23--wiz8--c3639d43568a,005f3600,1,0,protected-code,,,,,,
wiz8--retail-2001-12-23--wiz8--c3639d43568a,005f3630,0,-1,protected-code,,,,,,
wiz8--retail-2001-12-23--wiz8--c3639d43568a,005f3630,1,0,protected-code,,,,,,
wiz8--retail-2001-12-23--wiz8--c3639d43568a,005f3630,2,0,protected-code,,,,,,
wiz8--retail-2001-12-23--wiz8--c3639d43568a,005f3630,3,0,protected-code,,,,,,
wiz8--retail-2001-12-23--wiz8--c3639d43568a,005f3670,0,-1,protected-code,,,,,,
wiz8--retail-2001-12-23--wiz8--c3639d43568a,005f3698,0,-1,protected-code,,,,,,
wiz8--retail-2001-12-23--wiz8--c3639d43568a,005f3698,1,0,protected-code,,,,,,
wiz8--retail-2001-12-23--wiz8--c3639d43568a,005f36c8,0,-1,protected-code,,,,,,
wiz8--retail-2001-12-23--wiz8--c3639d43568a,005f36c8,1,0,protected-code,,,,,,
wiz8--retail-2001-12-23--wiz8--c3639d43568a,005f36c8,2,1,protected-code,,,,,,
wiz8--retail-2001-12-23--wiz8--c3639d43568a,005f36c8,3,2,protected-code,,,,,,
wiz8--retail-2001-12-23--wiz8--c3639d43568a,005f36c8,4,3,protected-code,,,,,,
wiz8--retail-2001-12-23--wiz8--c3639d43568a,005f36c8,5,4,protected-code,,,,,,
wiz8--retail-2001-12-23--wiz8--c3639d43568a,005f36c8,6,5,protected-code,,,,,,
wiz8--retail-2001-12-23--wiz8--c3639d43568a,005f3720,0,-1,protected-code,,,,,,
wiz8--retail-2001-12-23--wiz8--c3639d43568a,005f3748,0,-1,protected-code,,,,,,
wiz8--retail-2001-12-23--wiz8--c3639d43568a,005f3770,0,-1,protected-code,,,,,,
wiz8--retail-2001-12-23--wiz8--c3639d43568a,005f3798,0,-1,protected-code,,,,,,
wiz8--retail-2001-12-23--wiz8--c3639d43568a,005f37c0,0,-1,protected-code,,,,,,
wiz8--retail-2001-12-23--wiz8--c3639d43568a,005f37c0,1,0,protected-code,,,,,,
wiz8--retail-2001-12-23--wiz8--c3639d43568a,005f37c0,2,1,protected-code,,,,,,
wiz8--retail-2001-12-23--wiz8--c3639d43568a,005f37f8,0,-1,protected-code,,,,,,
wiz8--retail-2001-12-23--wiz8--c3639d43568a,005f3820,0,-1,protected-code,,,,,,
wiz8--retail-2001-12-23--wiz8--c3639d43568a,005f3848,0,-1,protected-code,,,,,,
wiz8--retail-2001-12-23--wiz8--c3639d43568a,005f3870,0,-1,protected-code,,,,,,
wiz8--retail-2001-12-23--wiz8--c3639d43568a,005f3898,0,-1,protected-code,,,,,,
wiz8--retail-2001-12-23--wiz8--c3639d43568a,005f3898,1,0,protected-code,,,,,,
wiz8--retail-2001-12-23--wiz8--c3639d43568a,005f38c8,0,-1,protected-code,,,,,,
wiz8--retail-2001-12-23--wiz8--c3639d43568a,005f38f0,0,-1,protected-code,,,,,,
wiz8--retail-2001-12-23--wiz8--c3639d43568a,005f3918,0,-1,protected-code,,,,,,
wiz8--retail-2001-12-23--wiz8--c3639d43568a,005f3940,0,-1,protected-code,,,,,,
wiz8--retail-2001-12-23--wiz8--c3639d43568a,005f3968,0,-1,protected-code,,,,,,
wiz8--retail-2001-12-23--wiz8--c3639d43568a,005f3990,0,-1,protected-code,,,,,,
wiz8--retail-2001-12-23--wiz8--c3639d43568a,005f3990,1,0,protected-code,,,,,,
wiz8--retail-2001-12-23--wiz8--c3639d43568a,005f3990,2,1,protected-code,,,,,,
wiz8--retail-2001-12-23--wiz8--c3639d43568a,005f3990,3,2,protected-code,,,,,,
wiz8--retail-2001-12-23--wiz8--c3639d43568a,005f3990,4,3,protected-code,,,,,,
wiz8--retail-2001-12-23--wiz8--c3639d43568a,005f39d8,0,-1,protected-code,,,,,,
wiz8--retail-2001-12-23--wiz8--c3639d43568a,005f3a00,0,-1,protected-code,,,,,,
wiz8--retail-2001-12-23--wiz8--c3639d43568a,005f3a28,0,-1,protected-code,,,,,,
wiz8--retail-2001-12-23--wiz8--c3639d43568a,005f3a28,1,0,protected-code,,,,,,
wiz8--retail-2001-12-23--wiz8--c3639d43568a,005f3a28,2,1,protected-code,,,,,,
wiz8--retail-2001-12-23--wiz8--c3639d43568a,005f3a28,3,2,protected-code,,,,,,
wiz8--retail-2001-12-23--wiz8--c3639d43568a,005f3a28,4,3,protected-code,,,,,,
wiz8--retail-2001-12-23--wiz8--c3639d43568a,005f3a70,0,-1,protected-code,,,,,,
wiz8--retail-2001-12-23--wiz8--c3639d43568a,005f3a98,0,-1,protected-code,,,,,,
wiz8--retail-2001-12-23--wiz8--c3639d43568a,005f3ac0,0,-1,protected-code,,,,,,
wiz8--retail-2001-12-23--wiz8--c3639d43568a,005f3ac0,1,0,protected-code,,,,,,
wiz8--retail-2001-12-23--wiz8--c3639d43568a,005f3af0,0,-1,protected-code,,,,,,
wiz8--retail-2001-12-23--wiz8--c3639d43568a,005f3af0,1,0,protected-code,,,,,,
wiz8--retail-2001-12-23--wiz8--c3639d43568a,005f3b20,0,-1,protected-code,,,,,,
wiz8--retail-2001-12-23--wiz8--c3639d43568a,005f3b48,0,-1,protected-code,,,,,,
wiz8--retail-2001-12-23--wiz8--c3639d43568a,005f3b48,1,0,protected-code,,,,,,
wiz8--retail-2001-12-23--wiz8--c3639d43568a,005f3b78,0,-1,protected-code,,,,,,
wiz8--retail-2001-12-23--wiz8--c3639d43568a,005f3ba0,0,-1,protected-code,,,,,,
wiz8--retail-2001-12-23--wiz8--c3639d43568a,005f3bc8,0,-1,protected-code,,,,,,
wiz8--retail-2001-12-23--wiz8--c3639d43568a,005f3bf0,0,-1,protected-code,,,,,,
wiz8--retail-2001-12-23--wiz8--c3639d43568a,005f3bf0,1,0,protected-code,,,,,,
wiz8--retail-2001-12-23--wiz8--c3639d43568a,005f3c20,0,-1,protected-code,,,,,,
wiz8--retail-2001-12-23--wiz8--c3639d43568a,005f3c48,0,-1,protected-code,,,,,,
wiz8--retail-2001-12-23--wiz8--c3639d43568a,005f3c70,0,-1,protected-code,,,,,,
wiz8--retail-2001-12-23--wiz8--c3639d43568a,005f3c98,0,-1,protected-code,,,,,,
wiz8--retail-2001-12-23--wiz8--c3639d43568a,005f3cc0,0,-1,protected-code,,,,,,
wiz8--retail-2001-12-23--wiz8--c3639d43568a,005f3cc0,1,0,protected-code,,,,,,
wiz8--retail-2001-12-23--wiz8--c3639d43568a,005f3cf0,0,-1,protected-code,,,,,,
wiz8--retail-2001-12-23--wiz8--c3639d43568a,005f3cf0,1,-1,protected-code,,,,,,
wiz8--retail-2001-12-23--wiz8--c3639d43568a,005f3d20,0,-1,protected-code,,,,,,
wiz8--retail-2001-12-23--wiz8--c3639d43568a,005f3d48,0,-1,protected-code,,,,,,
wiz8--retail-2001-12-23--wiz8--c3639d43568a,005f3d70,0,-1,protected-code,,,,,,
wiz8--retail-2001-12-23--wiz8--c3639d43568a,005f3d70,1,0,protected-code,,,,,,
wiz8--retail-2001-12-23--wiz8--c3639d43568a,005f3da0,0,-1,protected-code,,,,,,
wiz8--retail-2001-12-23--wiz8--c3639d43568a,005f3dc8,0,-1,protected-code,,,,,,
wiz8--retail-2001-12-23--wiz8--c3639d43568a,005f3df0,0,-1,protected-code,,,,,,
wiz8--retail-2001-12-23--wiz8--c3639d43568a,005f3e18,0,-1,protected-code,,,,,,
wiz8--retail-2001-12-23--wiz8--c3639d43568a,005f3e18,1,0,protected-code,,,,,,
wiz8--retail-2001-12-23--wiz8--c3639d43568a,005f3e48,0,-1,protected-code,,,,,,
wiz8--retail-2001-12-23--wiz8--c3639d43568a,005f3e70,0,-1,protected-code,,,,,,
wiz8--retail-2001-12-23--wiz8--c3639d43568a,005f3e70,1,0,protected-code,,,,,,
wiz8--retail-2001-12-23--wiz8--c3639d43568a,005f3e70,2,1,protected-code,,,,,,
wiz8--retail-2001-12-23--wiz8--c3639d43568a,005f3ea8,0,-1,protected-code,,,,,,
wiz8--retail-2001-12-23--wiz8--c3639d43568a,005f3ed0,0,-1,protected-code,,,,,,
wiz8--retail-2001-12-23--wiz8--c3639d43568a,005f3ef8,0,-1,protected-code,,,,,,
wiz8--retail-2001-12-23--wiz8--c3639d43568a,005f3ef8,1,0,protected-code,,,,,,
wiz8--retail-2001-12-23--wiz8--c3639d43568a,005f3f28,0,-1,protected-code,,,,,,
wiz8--retail-2001-12-23--wiz8--c3639d43568a,005f3f28,1,0,protected-code,,,,,,
wiz8--retail-2001-12-23--wiz8--c3639d43568a,005f3f58,0,-1,protected-code,,,,,,
wiz8--retail-2001-12-23--wiz8--c3639d43568a,005f3f80,0,-1,protected-code,,,,,,
wiz8--retail-2001-12-23--wiz8--c3639d43568a,005f3f80,1,-1,protected-code,,,,,,
wiz8--retail-2001-12-23--wiz8--c3639d43568a,005f3fb0,0,-1,protected-code,,,,,,
wiz8--retail-2001-12-23--wiz8--c3639d43568a,005f3fd8,0,-1,protected-code,,,,,,
wiz8--retail-2001-12-23--wiz8--c3639d43568a,005f4000,0,-1,protected-code,,,,,,
wiz8--retail-2001-12-23--wiz8--c3639d43568a,005f4000,1,-1,protected-code,,,,,,
wiz8--retail-2001-12-23--wiz8--c3639d43568a,005f4030,0,-1,protected-code,,,,,,
wiz8--retail-2001-12-23--wiz8--c3639d43568a,005f4030,1,-1,protected-code,,,,,,
wiz8--retail-2001-12-23--wiz8--c3639d43568a,005f4030,2,-1,protected-code,,,,,,
wiz8--retail-2001-12-23--wiz8--c3639d43568a,005f4030,3,-1,protected-code,,,,,,
wiz8--retail-2001-12-23--wiz8--c3639d43568a,005f4030,4,-1,protected-code,,,,,,
wiz8--retail-2001-12-23--wiz8--c3639d43568a,005f4030,5,-1,protected-code,,,,,,
wiz8--retail-2001-12-23--wiz8--c3639d43568a,005f4030,6,-1,protected-code,,,,,,
wiz8--retail-2001-12-23--wiz8--c3639d43568a,005f4030,7,-1,protected-code,,,,,,
wiz8--retail-2001-12-23--wiz8--c3639d43568a,005f4030,8,-1,protected-code,,,,,,
wiz8--retail-2001-12-23--wiz8--c3639d43568a,005f4030,9,-1,protected-code,,,,,,
wiz8--retail-2001-12-23--wiz8--c3639d43568a,005f4030,10,-1,protected-code,,,,,,
wiz8--retail-2001-12-23--wiz8--c3639d43568a,005f4030,11,-1,protected-code,,,,,,
wiz8--retail-2001-12-23--wiz8--c3639d43568a,005f4030,12,-1,protected-code,,,,,,
wiz8--retail-2001-12-23--wiz8--c3639d43568a,005f4030,13,-1,protected-code,,,,,,
wiz8--retail-2001-12-23--wiz8--c3639d43568a,005f4030,14,-1,protected-code,,,,,,
wiz8--retail-2001-12-23--wiz8--c3639d43568a,005f4030,15,-1,protected-code,,,,,,
wiz8--retail-2001-12-23--wiz8--c3639d43568a,005f4030,16,-1,protected-code,,,,,,
wiz8--retail-2001-12-23--wiz8--c3639d43568a,005f4030,17,-1,protected-code,,,,,,
wiz8--retail-2001-12-23--wiz8--c3639d43568a,005f4030,18,-1,protected-code,,,,,,
wiz8--retail-2001-12-23--wiz8--c3639d43568a,005f4030,19,-1,protected-code,,,,,,
wiz8--retail-2001-12-23--wiz8--c3639d43568a,005f4030,20,-1,protected-code,,,,,,
wiz8--retail-2001-12-23--wiz8--c3639d43568a,005f4030,21,-1,protected-code,,,,,,
wiz8--retail-2001-12-23--wiz8--c3639d43568a,005f4030,22,-1,protected-code,,,,,,
wiz8--retail-2001-12-23--wiz8--c3639d43568a,005f4030,23,-1,protected-code,,,,,,
wiz8--retail-2001-12-23--wiz8--c3639d43568a,005f4030,24,-1,protected-code,,,,,,
wiz8--retail-2001-12-23--wiz8--c3639d43568a,005f4030,25,-1,protected-code,,,,,,
wiz8--retail-2001-12-23--wiz8--c3639d43568a,005f4030,26,-1,protected-code,,,,,,
wiz8--retail-2001-12-23--wiz8--c3639d43568a,005f4030,27,-1,protected-code,,,,,,
wiz8--retail-2001-12-23--wiz8--c3639d43568a,005f4030,28,-1,protected-code,,,,,,
wiz8--retail-2001-12-23--wiz8--c3639d43568a,005f4030,29,-1,protected-code,,,,,,
wiz8--retail-2001-12-23--wiz8--c3639d43568a,005f4030,30,-1,protected-code,,,,,,
wiz8--retail-2001-12-23--wiz8--c3639d43568a,005f4030,31,-1,protected-code,,,,,,
wiz8--retail-2001-12-23--wiz8--c3639d43568a,005f4030,32,-1,protected-code,,,,,,
wiz8--retail-2001-12-23--wiz8--c3639d43568a,005f4030,33,-1,protected-code,,,,,,
wiz8--retail-2001-12-23--wiz8--c3639d43568a,005f4030,34,-1,protected-code,,,,,,
wiz8--retail-2001-12-23--wiz8--c3639d43568a,005f4030,35,-1,protected-code,,,,,,
wiz8--retail-2001-12-23--wiz8--c3639d43568a,005f4030,36,-1,protected-code,,,,,,
wiz8--retail-2001-12-23--wiz8--c3639d43568a,005f4030,37,-1,protected-code,,,,,,
wiz8--retail-2001-12-23--wiz8--c3639d43568a,005f4030,38,-1,protected-code,,,,,,
wiz8--retail-2001-12-23--wiz8--c3639d43568a,005f4030,39,-1,protected-code,,,,,,
wiz8--retail-2001-12-23--wiz8--c3639d43568a,005f4030,40,-1,protected-code,,,,,,
wiz8--retail-2001-12-23--wiz8--c3639d43568a,005f4030,41,-1,protected-code,,,,,,
wiz8--retail-2001-12-23--wiz8--c3639d43568a,005f4030,42,-1,protected-code,,,,,,
wiz8--retail-2001-12-23--wiz8--c3639d43568a,005f41a8,0,-1,protected-code,,,,,,
wiz8--retail-2001-12-23--wiz8--c3639d43568a,005f41d0,0,-1,protected-code,,,,,,
wiz8--retail-2001-12-23--wiz8--c3639d43568a,005f41f8,0,-1,protected-code,,,,,,
wiz8--retail-2001-12-23--wiz8--c3639d43568a,005f4220,0,-1,protected-code,,,,,,
wiz8--retail-2001-12-23--wiz8--c3639d43568a,005f4248,0,-1,protected-code,,,,,,
wiz8--retail-2001-12-23--wiz8--c3639d43568a,005f4270,0,-1,protected-code,,,,,,
wiz8--retail-2001-12-23--wiz8--c3639d43568a,005f4298,0,-1,protected-code,,,,,,
wiz8--retail-2001-12-23--wiz8--c3639d43568a,005f4298,1,0,protected-code,,,,,,
wiz8--retail-2001-12-23--wiz8--c3639d43568a,005f4298,2,0,protected-code,,,,,,
wiz8--retail-2001-12-23--wiz8--c3639d43568a,005f4298,3,2,protected-code,,,,,,
wiz8--retail-2001-12-23--wiz8--c3639d43568a,005f42d8,0,-1,protected-code,,,,,,
wiz8--retail-2001-12-23--wiz8--c3639d43568a,005f4300,0,-1,protected-code,,,,,,
wiz8--retail-2001-12-23--wiz8--c3639d43568a,005f4300,1,0,protected-code,,,,,,
wiz8--retail-2001-12-23--wiz8--c3639d43568a,005f4300,2,1,protected-code,,,,,,
wiz8--retail-2001-12-23--wiz8--c3639d43568a,005f4300,3,2,protected-code,,,,,,
wiz8--retail-2001-12-23--wiz8--c3639d43568a,005f4340,0,-1,protected-code,,,,,,
wiz8--retail-2001-12-23--wiz8--c3639d43568a,005f4368,0,-1,protected-code,,,,,,
wiz8--retail-2001-12-23--wiz8--c3639d43568a,005f4390,0,-1,protected-code,,,,,,
wiz8--retail-2001-12-23--wiz8--c3639d43568a,005f4390,1,-1,protected-code,,,,,,
wiz8--retail-2001-12-23--wiz8--c3639d43568a,005f4390,2,-1,protected-code,,,,,,
wiz8--retail-2001-12-23--wiz8--c3639d43568a,005f4390,3,-1,protected-code,,,,,,
wiz8--retail-2001-12-23--wiz8--c3639d43568a,005f4390,4,-1,protected-code,,,,,,
wiz8--retail-2001-12-23--wiz8--c3639d43568a,005f4390,5,-1,protected-code,,,,,,
wiz8--retail-2001-12-23--wiz8--c3639d43568a,005f43e0,0,-1,protected-code,,,,,,
wiz8--retail-2001-12-23--wiz8--c3639d43568a,005f4408,0,-1,protected-code,,,,,,
wiz8--retail-2001-12-23--wiz8--c3639d43568a,005f4430,0,-1,protected-code,,,,,,
wiz8--retail-2001-12-23--wiz8--c3639d43568a,005f4458,0,-1,protected-code,,,,,,
wiz8--retail-2001-12-23--wiz8--c3639d43568a,005f4480,0,-1,protected-code,,,,,,
wiz8--retail-2001-12-23--wiz8--c3639d43568a,005f4480,1,-1,protected-code,,,,,,
wiz8--retail-2001-12-23--wiz8--c3639d43568a,005f4480,2,-1,protected-code,,,,,,
wiz8--retail-2001-12-23--wiz8--c3639d43568a,005f4480,3,-1,protected-code,,,,,,
wiz8--retail-2001-12-23--wiz8--c3639d43568a,005f4480,4,-1,protected-code,,,,,,
wiz8--retail-2001-12-23--wiz8--c3639d43568a,005f4480,5,-1,protected-code,,,,,,
wiz8--retail-2001-12-23--wiz8--c3639d43568a,005f44d0,0,-1,protected-code,,,,,,
wiz8--retail-2001-12-23--wiz8--c3639d43568a,005f44d0,1,0,protected-code,,,,,,
wiz8--retail-2001-12-23--wiz8--c3639d43568a,005f44d0,2,1,protected-code,,,,,,
wiz8--retail-2001-12-23--wiz8--c3639d43568a,005f44d0,3,2,protected-code,,,,,,
wiz8--retail-2001-12-23--wiz8--c3639d43568a,005f44d0,4,3,protected-code,,,,,,
wiz8--retail-2001-12-23--wiz8--c3639d43568a,005f4518,0,-1,protected-code,,,,,,
wiz8--retail-2001-12-23--wiz8--c3639d43568a,005f4518,1,0,protected-code,,,,,,
wiz8--retail-2001-12-23--wiz8--c3639d43568a,005f4518,2,1,protected-code,,,,,,
wiz8--retail-2001-12-23--wiz8--c3639d43568a,005f4518,3,2,protected-code,,,,,,
wiz8--retail-2001-12-23--wiz8--c3639d43568a,005f4558,0,-1,protected-code,,,,,,
wiz8--retail-2001-12-23--wiz8--c3639d43568a,005f4558,1,0,protected-code,,,,,,
wiz8--retail-2001-12-23--wiz8--c3639d43568a,005f4558,2,0,protected-code,,,,,,
wiz8--retail-2001-12-23--wiz8--c3639d43568a,005f4558,3,0,protected-code,,,,,,
wiz8--retail-2001-12-23--wiz8--c3639d43568a,005f4558,4,0,protected-code,,,,,,
wiz8--retail-2001-12-23--wiz8--c3639d43568a,005f4558,5,0,protected-code,,,,,,
wiz8--retail-2001-12-23--wiz8--c3639d43568a,005f4558,6,0,protected-code,,,,,,
wiz8--retail-2001-12-23--wiz8--c3639d43568a,005f4558,7,0,protected-code,,,,,,
wiz8--retail-2001-12-23--wiz8--c3639d43568a,005f45b8,0,-1,protected-code,,,,,,
wiz8--retail-2001-12-23--wiz8--c3639d43568a,005f45e0,0,-1,protected-code,,,,,,
wiz8--retail-2001-12-23--wiz8--c3639d43568a,005f45e0,1,0,protected-code,,,,,,
wiz8--retail-2001-12-23--wiz8--c3639d43568a,005f45e0,2,0,protected-code,,,,,,
wiz8--retail-2001-12-23--wiz8--c3639d43568a,005f45e0,3,0,protected-code,,,,,,
wiz8--retail-2001-12-23--wiz8--c3639d43568a,005f45e0,4,0,protected-code,,,,,,
wiz8--retail-2001-12-23--wiz8--c3639d43568a,005f45e0,5,0,protected-code,,,,,,
wiz8--retail-2001-12-23--wiz8--c3639d43568a,005f45e0,6,0,protected-code,,,,,,
wiz8--retail-2001-12-23--wiz8--c3639d43568a,005f45e0,7,0,protected-code,,,,,,
wiz8--retail-2001-12-23--wiz8--c3639d43568a,005f4640,0,-1,protected-code,,,,,,
wiz8--retail-2001-12-23--wiz8--c3639d43568a,005f4668,0,-1,protected-code,,,,,,
wiz8--retail-2001-12-23--wiz8--c3639d43568a,005f4690,0,-1,protected-code,,,,,,
wiz8--retail-2001-12-23--wiz8--c3639d43568a,005f4690,1,0,protected-code,,,,,,
wiz8--retail-2001-12-23--wiz8--c3639d43568a,005f46c0,0,-1,protected-code,,,,,,
wiz8--retail-2001-12-23--wiz8--c3639d43568a,005f46e8,0,-1,protected-code,,,,,,
wiz8--retail-2001-12-23--wiz8--c3639d43568a,005f4710,0,-1,protected-code,,,,,,
wiz8--retail-2001-12-23--wiz8--c3639d43568a,005f4738,0,-1,protected-code,,,,,,
wiz8--retail-2001-12-23--wiz8--c3639d43568a,005f4738,1,0,protected-code,,,,,,
wiz8--retail-2001-12-23--wiz8--c3639d43568a,005f4738,2,1,protected-code,,,,,,
wiz8--retail-2001-12-23--wiz8--c3639d43568a,005f4738,3,2,protected-code,,,,,,
wiz8--retail-2001-12-23--wiz8--c3639d43568a,005f4738,4,3,protected-code,,,,,,
wiz8--retail-2001-12-23--wiz8--c3639d43568a,005f4738,5,3,protected-code,,,,,,
wiz8--retail-2001-12-23--wiz8--c3639d43568a,005f4788,0,-1,protected-code,,,,,,
wiz8--retail-2001-12-23--wiz8--c3639d43568a,005f4788,1,0,protected-code,,,,,,
wiz8--retail-2001-12-23--wiz8--c3639d43568a,005f4788,2,1,protected-code,,,,,,
wiz8--retail-2001-12-23--wiz8--c3639d43568a,005f4788,3,2,protected-code,,,,,,
wiz8--retail-2001-12-23--wiz8--c3639d43568a,005f47c8,0,-1,protected-code,,,,,,
wiz8--retail-2001-12-23--wiz8--c3639d43568a,005f47c8,1,0,protected-code,,,,,,
wiz8--retail-2001-12-23--wiz8--c3639d43568a,005f47c8,2,0,protected-code,,,,,,
wiz8--retail-2001-12-23--wiz8--c3639d43568a,005f47c8,3,0,protected-code,,,,,,
wiz8--retail-2001-12-23--wiz8--c3639d43568a,005f47c8,4,0,protected-code,,,,,,
wiz8--retail-2001-12-23--wiz8--c3639d43568a,005f47c8,5,0,protected-code,,,,,,
wiz8--retail-2001-12-23--wiz8--c3639d43568a,005f47c8,6,0,protected-code,,,,,,
wiz8--retail-2001-12-23--wiz8--c3639d43568a,005f47c8,7,0,protected-code,,,,,,
wiz8--retail-2001-12-23--wiz8--c3639d43568a,005f4828,0,-1,protected-code,,,,,,
wiz8--retail-2001-12-23--wiz8--c3639d43568a,005f4850,0,-1,protected-code,,,,,,
wiz8--retail-2001-12-23--wiz8--c3639d43568a,005f4850,1,0,protected-code,,,,,,
wiz8--retail-2001-12-23--wiz8--c3639d43568a,005f4850,2,0,protected-code,,,,,,
wiz8--retail-2001-12-23--wiz8--c3639d43568a,005f4850,3,0,protected-code,,,,,,
wiz8--retail-2001-12-23--wiz8--c3639d43568a,005f4850,4,0,protected-code,,,,,,
wiz8--retail-2001-12-23--wiz8--c3639d43568a,005f4850,5,0,protected-code,,,,,,
wiz8--retail-2001-12-23--wiz8--c3639d43568a,005f4850,6,0,protected-code,,,,,,
wiz8--retail-2001-12-23--wiz8--c3639d43568a,005f4850,7,0,protected-code,,,,,,
wiz8--retail-2001-12-23--wiz8--c3639d43568a,005f4850,8,0,protected-code,,,,,,
wiz8--retail-2001-12-23--wiz8--c3639d43568a,005f48b8,0,-1,protected-code,,,,,,
wiz8--retail-2001-12-23--wiz8--c3639d43568a,005f48e0,0,-1,protected-code,,,,,,
wiz8--retail-2001-12-23--wiz8--c3639d43568a,005f4908,0,-1,protected-code,,,,,,
wiz8--retail-2001-12-23--wiz8--c3639d43568a,005f4930,0,-1,protected-code,,,,,,
wiz8--retail-2001-12-23--wiz8--c3639d43568a,005f4958,0,-1,protected-code,,,,,,
wiz8--retail-2001-12-23--wiz8--c3639d43568a,005f4958,1,-1,protected-code,,,,,,
wiz8--retail-2001-12-23--wiz8--c3639d43568a,005f4958,2,-1,protected-code,,,,,,
wiz8--retail-2001-12-23--wiz8--c3639d43568a,005f4990,0,-1,protected-code,,,,,,
wiz8--retail-2001-12-23--wiz8--c3639d43568a,005f49b8,0,-1,protected-code,,,,,,
wiz8--retail-2001-12-23--wiz8--c3639d43568a,005f49b8,1,-1,protected-code,,,,,,
wiz8--retail-2001-12-23--wiz8--c3639d43568a,005f49b8,2,-1,protected-code,,,,,,
wiz8--retail-2001-12-23--wiz8--c3639d43568a,005f49f0,0,-1,protected-code,,,,,,
wiz8--retail-2001-12-23--wiz8--c3639d43568a,005f4a18,0,-1,protected-code,,,,,,
wiz8--retail-2001-12-23--wiz8--c3639d43568a,005f4a40,0,-1,protected-code,,,,,,
wiz8--retail-2001-12-23--wiz8--c3639d43568a,005f4a68,0,-1,protected-code,,,,,,
wiz8--retail-2001-12-23--wiz8--c3639d43568a,005f4a90,0,-1,protected-code,,,,,,
wiz8--retail-2001-12-23--wiz8--c3639d43568a,005f4ab8,0,-1,protected-code,,,,,,
wiz8--retail-2001-12-23--wiz8--c3639d43568a,005f4ae0,0,-1,protected-code,,,,,,
wiz8--retail-2001-12-23--wiz8--c3639d43568a,005f4b08,0,-1,protected-code,,,,,,
wiz8--retail-2001-12-23--wiz8--c3639d43568a,005f4b30,0,-1,protected-code,,,,,,
wiz8--retail-2001-12-23--wiz8--c3639d43568a,005f4b58,0,-1,protected-code,,,,,,
wiz8--retail-2001-12-23--wiz8--c3639d43568a,005f4b58,1,-1,protected-code,,,,,,
wiz8--retail-2001-12-23--wiz8--c3639d43568a,005f4b88,0,-1,protected-code,,,,,,
wiz8--retail-2001-12-23--wiz8--c3639d43568a,005f4b88,1,-1,protected-code,,,,,,
wiz8--retail-2001-12-23--wiz8--c3639d43568a,005f4bb8,0,-1,protected-code,,,,,,
wiz8--retail-2001-12-23--wiz8--c3639d43568a,005f4bb8,1,-1,protected-code,,,,,,
wiz8--retail-2001-12-23--wiz8--c3639d43568a,005f4bb8,2,-1,protected-code,,,,,,
wiz8--retail-2001-12-23--wiz8--c3639d43568a,005f4bb8,3,-1,protected-code,,,,,,
wiz8--retail-2001-12-23--wiz8--c3639d43568a,005f4bb8,4,-1,protected-code,,,,,,
wiz8--retail-2001-12-23--wiz8--c3639d43568a,005f4bb8,5,-1,protected-code,,,,,,
wiz8--retail-2001-12-23--wiz8--c3639d43568a,005f4bb8,6,-1,protected-code,,,,,,
wiz8--retail-2001-12-23--wiz8--c3639d43568a,005f4bb8,7,-1,protected-code,,,,,,
wiz8--retail-2001-12-23--wiz8--c3639d43568a,005f4bb8,8,-1,protected-code,,,,,,
wiz8--retail-2001-12-23--wiz8--c3639d43568a,005f4bb8,9,-1,protected-code,,,,,,
wiz8--retail-2001-12-23--wiz8--c3639d43568a,005f4bb8,10,-1,protected-code,,,,,,
wiz8--retail-2001-12-23--wiz8--c3639d43568a,005f4bb8,11,-1,protected-code,,,,,,
wiz8--retail-2001-12-23--wiz8--c3639d43568a,005f4bb8,12,-1,protected-code,,,,,,
wiz8--retail-2001-12-23--wiz8--c3639d43568a,005f4bb8,13,-1,protected-code,,,,,,
wiz8--retail-2001-12-23--wiz8--c3639d43568a,005f4bb8,14,-1,protected-code,,,,,,
wiz8--retail-2001-12-23--wiz8--c3639d43568a,005f4c50,0,-1,protected-code,,,,,,
wiz8--retail-2001-12-23--wiz8--c3639d43568a,005f4c78,0,-1,protected-code,,,,,,
wiz8--retail-2001-12-23--wiz8--c3639d43568a,005f4c78,1,-1,protected-code,,,,,,
wiz8--retail-2001-12-23--wiz8--c3639d43568a,005f4c78,2,-1,protected-code,,,,,,
wiz8--retail-2001-12-23--wiz8--c3639d43568a,005f4c78,3,-1,protected-code,,,,,,
wiz8--retail-2001-12-23--wiz8--c3639d43568a,005f4c78,4,-1,protected-code,,,,,,
wiz8--retail-2001-12-23--wiz8--c3639d43568a,005f4c78,5,-1,protected-code,,,,,,
wiz8--retail-2001-12-23--wiz8--c3639d43568a,005f4c78,6,-1,protected-code,,,,,,
wiz8--retail-2001-12-23--wiz8--c3639d43568a,005f4c78,7,-1,protected-code,,,,,,
wiz8--retail-2001-12-23--wiz8--c3639d43568a,005f4c78,8,-1,protected-code,,,,,,
wiz8--retail-2001-12-23--wiz8--c3639d43568a,005f4c78,9,-1,protected-code,,,,,,
wiz8--retail-2001-12-23--wiz8--c3639d43568a,005f4c78,10,-1,protected-code,,,,,,
wiz8--retail-2001-12-23--wiz8--c3639d43568a,005f4c78,11,-1,protected-code,,,,,,
wiz8--retail-2001-12-23--wiz8--c3639d43568a,005f4c78,12,-1,protected-code,,,,,,
wiz8--retail-2001-12-23--wiz8--c3639d43568a,005f4c78,13,-1,protected-code,,,,,,
wiz8--retail-2001-12-23--wiz8--c3639d43568a,005f4c78,14,-1,protected-code,,,,,,
wiz8--retail-2001-12-23--wiz8--c3639d43568a,005f4c78,15,-1,protected-code,,,,,,
wiz8--retail-2001-12-23--wiz8--c3639d43568a,005f4c78,16,-1,protected-code,,,,,,
wiz8--retail-2001-12-23--wiz8--c3639d43568a,005f4c78,17,-1,protected-code,,,,,,
wiz8--retail-2001-12-23--wiz8--c3639d43568a,005f4c78,18,-1,protected-code,,,,,,
wiz8--retail-2001-12-23--wiz8--c3639d43568a,005f4c78,19,-1,protected-code,,,,,,
wiz8--retail-2001-12-23--wiz8--c3639d43568a,005f4c78,20,-1,protected-code,,,,,,
wiz8--retail-2001-12-23--wiz8--c3639d43568a,005f4c78,21,-1,protected-code,,,,,,
wiz8--retail-2001-12-23--wiz8--c3639d43568a,005f4c78,22,-1,protected-code,,,,,,
wiz8--retail-2001-12-23--wiz8--c3639d43568a,005f4c78,23,-1,protected-code,,,,,,
wiz8--retail-2001-12-23--wiz8--c3639d43568a,005f4c78,24,-1,protected-code,,,,,,
wiz8--retail-2001-12-23--wiz8--c3639d43568a,005f4c78,25,-1,protected-code,,,,,,
wiz8--retail-2001-12-23--wiz8--c3639d43568a,005f4d68,0,-1,protected-code,,,,,,
wiz8--retail-2001-12-23--wiz8--c3639d43568a,005f4d90,0,-1,protected-code,,,,,,
wiz8--retail-2001-12-23--wiz8--c3639d43568a,005f4d90,1,-1,protected-code,,,,,,
wiz8--retail-2001-12-23--wiz8--c3639d43568a,005f4d90,2,-1,protected-code,,,,,,
wiz8--retail-2001-12-23--wiz8--c3639d43568a,005f4d90,3,-1,protected-code,,,,,,
wiz8--retail-2001-12-23--wiz8--c3639d43568a,005f4dd0,0,-1,protected-code,,,,,,
wiz8--retail-2001-12-23--wiz8--c3639d43568a,005f4df8,0,-1,protected-code,,,,,,
wiz8--retail-2001-12-23--wiz8--c3639d43568a,005f4df8,1,0,protected-code,,,,,,
wiz8--retail-2001-12-23--wiz8--c3639d43568a,005f4df8,2,-1,protected-code,,,,,,
wiz8--retail-2001-12-23--wiz8--c3639d43568a,005f4df8,3,-1,protected-code,,,,,,
wiz8--retail-2001-12-23--wiz8--c3639d43568a,005f4df8,4,-1,protected-code,,,,,,
wiz8--retail-2001-12-23--wiz8--c3639d43568a,005f4df8,5,-1,protected-code,,,,,,
wiz8--retail-2001-12-23--wiz8--c3639d43568a,005f4e48,0,-1,protected-code,,,,,,
wiz8--retail-2001-12-23--wiz8--c3639d43568a,005f4e70,0,-1,protected-code,,,,,,
wiz8--retail-2001-12-23--wiz8--c3639d43568a,005f4e70,1,0,protected-code,,,,,,
wiz8--retail-2001-12-23--wiz8--c3639d43568a,005f4e70,2,0,protected-code,,,,,,
wiz8--retail-2001-12-23--wiz8--c3639d43568a,005f4ea8,0,-1,protected-code,,,,,,
wiz8--retail-2001-12-23--wiz8--c3639d43568a,005f4ed0,0,-1,protected-code,,,,,,
wiz8--retail-2001-12-23--wiz8--c3639d43568a,005f4ef8,0,-1,protected-code,,,,,,
wiz8--retail-2001-12-23--wiz8--c3639d43568a,005f4f20,0,-1,protected-code,,,,,,
wiz8--retail-2001-12-23--wiz8--c3639d43568a,005f4f48,0,-1,protected-code,,,,,,
wiz8--retail-2001-12-23--wiz8--c3639d43568a,005f4f70,0,-1,protected-code,,,,,,
wiz8--retail-2001-12-23--wiz8--c3639d43568a,005f4f98,0,-1,protected-code,,,,,,
wiz8--retail-2001-12-23--wiz8--c3639d43568a,005f4fc0,0,-1,protected-code,,,,,,
wiz8--retail-2001-12-23--wiz8--c3639d43568a,005f4fe8,0,-1,protected-code,,,,,,
wiz8--retail-2001-12-23--wiz8--c3639d43568a,005f4fe8,1,0,protected-code,,,,,,
wiz8--retail-2001-12-23--wiz8--c3639d43568a,005f4fe8,2,1,protected-code,,,,,,
wiz8--retail-2001-12-23--wiz8--c3639d43568a,005f5020,0,-1,protected-code,,,,,,
wiz8--retail-2001-12-23--wiz8--c3639d43568a,005f5020,1,0,protected-code,,,,,,
wiz8--retail-2001-12-23--wiz8--c3639d43568a,005f5020,2,1,protected-code,,,,,,
wiz8--retail-2001-12-23--wiz8--c3639d43568a,005f5058,0,-1,protected-code,,,,,,
wiz8--retail-2001-12-23--wiz8--c3639d43568a,005f5058,1,-1,protected-code,,,,,,
wiz8--retail-2001-12-23--wiz8--c3639d43568a,005f5058,2,1,protected-code,,,,,,
wiz8--retail-2001-12-23--wiz8--c3639d43568a,005f5090,0,-1,protected-code,,,,,,
wiz8--retail-2001-12-23--wiz8--c3639d43568a,005f5090,1,-1,protected-code,,,,,,
wiz8--retail-2001-12-23--wiz8--c3639d43568a,005f5090,2,1,protected-code,,,,,,
wiz8--retail-2001-12-23--wiz8--c3639d43568a,005f50c8,0,-1,protected-code,,,,,,
wiz8--retail-2001-12-23--wiz8--c3639d43568a,005f50c8,1,-1,protected-code,,,,,,
wiz8--retail-2001-12-23--wiz8--c3639d43568a,005f50f8,0,-1,protected-code,,,,,,
wiz8--retail-2001-12-23--wiz8--c3639d43568a,005f50f8,1,-1,protected-code,,,,,,
wiz8--retail-2001-12-23--wiz8--c3639d43568a,005f5128,0,-1,protected-code,,,,,,
wiz8--retail-2001-12-23--wiz8--c3639d43568a,005f5128,1,0,protected-code,,,,,,
wiz8--retail-2001-12-23--wiz8--c3639d43568a,005f5128,2,0,protected-code,,,,,,
wiz8--retail-2001-12-23--wiz8--c3639d43568a,005f5128,3,0,protected-code,,,,,,
wiz8--retail-2001-12-23--wiz8--c3639d43568a,005f5168,0,-1,protected-code,,,,,,
wiz8--retail-2001-12-23--wiz8--c3639d43568a,005f5190,0,-1,protected-code,,,,,,
wiz8--retail-2001-12-23--wiz8--c3639d43568a,005f51b8,0,-1,protected-code,,,,,,
wiz8--retail-2001-12-23--wiz8--c3639d43568a,005f51b8,1,0,protected-code,,,,,,
wiz8--retail-2001-12-23--wiz8--c3639d43568a,005f51e8,0,-1,protected-code,,,,,,
wiz8--retail-2001-12-23--wiz8--c3639d43568a,005f5210,0,-1,protected-code,,,,,,
wiz8--retail-2001-12-23--wiz8--c3639d43568a,005f5238,0,-1,protected-code,,,,,,
wiz8--retail-2001-12-23--wiz8--c3639d43568a,005f5238,1,-1,protected-code,,,,,,
wiz8--retail-2001-12-23--wiz8--c3639d43568a,005f5238,2,-1,protected-code,,,,,,
wiz8--retail-2001-12-23--wiz8--c3639d43568a,005f5238,3,-1,protected-code,,,,,,
wiz8--retail-2001-12-23--wiz8--c3639d43568a,005f5278,0,-1,protected-code,,,,,,
wiz8--retail-2001-12-23--wiz8--c3639d43568a,005f52a0,0,-1,protected-code,,,,,,
wiz8--retail-2001-12-23--wiz8--c3639d43568a,005f52c8,0,-1,protected-code,,,,,,
wiz8--retail-2001-12-23--wiz8--c3639d43568a,005f52c8,1,0,protected-code,,,,,,
wiz8--retail-2001-12-23--wiz8--c3639d43568a,005f52c8,2,-1,protected-code,,,,,,
wiz8--retail-2001-12-23--wiz8--c3639d43568a,005f52c8,3,-1,protected-code,,,,,,
wiz8--retail-2001-12-23--wiz8--c3639d43568a,005f5308,0,-1,protected-code,,,,,,
wiz8--retail-2001-12-23--wiz8--c3639d43568a,005f5308,1,-1,protected-code,,,,,,
wiz8--retail-2001-12-23--wiz8--c3639d43568a,005f5338,0,-1,protected-code,,,,,,
wiz8--retail-2001-12-23--wiz8--c3639d43568a,005f5338,1,0,protected-code,,,,,,
wiz8--retail-2001-12-23--wiz8--c3639d43568a,005f5338,2,1,protected-code,,,,,,
wiz8--retail-2001-12-23--wiz8--c3639d43568a,005f5370,0,-1,protected-code,,,,,,
wiz8--retail-2001-12-23--wiz8--c3639d43568a,005f5370,1,-1,protected-code,,,,,,
wiz8--retail-2001-12-23--wiz8--c3639d43568a,005f5370,2,-1,protected-code,,,,,,
wiz8--retail-2001-12-23--wiz8--c3639d43568a,005f5370,3,2,protected-code,,,,,,
wiz8--retail-2001-12-23--wiz8--c3639d43568a,005f5370,4,2,protected-code,,,,,,
wiz8--retail-2001-12-23--wiz8--c3639d43568a,005f5370,5,-1,protected-code,,,,,,
wiz8--retail-2001-12-23--wiz8--c3639d43568a,005f5370,6,5,protected-code,,,,,,
wiz8--retail-2001-12-23--wiz8--c3639d43568a,005f53c8,0,-1,protected-code,,,,,,
wiz8--retail-2001-12-23--wiz8--c3639d43568a,005f53c8,1,-1,protected-code,,,,,,
wiz8--retail-2001-12-23--wiz8--c3639d43568a,005f53c8,2,-1,protected-code,,,,,,
wiz8--retail-2001-12-23--wiz8--c3639d43568a,005f53c8,3,-1,protected-code,,,,,,
wiz8--retail-2001-12-23--wiz8--c3639d43568a,005f53c8,4,-1,protected-code,,,,,,
wiz8--retail-2001-12-23--wiz8--c3639d43568a,005f53c8,5,-1,protected-code,,,,,,
wiz8--retail-2001-12-23--wiz8--c3639d43568a,005f53c8,6,-1,protected-code,,,,,,
wiz8--retail-2001-12-23--wiz8--c3639d43568a,005f53c8,7,6,protected-code,,,,,,
wiz8--retail-2001-12-23--wiz8--c3639d43568a,005f53c8,8,-1,protected-code,,,,,,
wiz8--retail-2001-12-23--wiz8--c3639d43568a,005f53c8,9,-1,protected-code,,,,,,
wiz8--retail-2001-12-23--wiz8--c3639d43568a,005f53c8,10,9,protected-code,,,,,,
wiz8--retail-2001-12-23--wiz8--c3639d43568a,005f53c8,11,10,protected-code,,,,,,
wiz8--retail-2001-12-23--wiz8--c3639d43568a,005f53c8,12,-1,protected-code,,,,,,
wiz8--retail-2001-12-23--wiz8--c3639d43568a,005f53c8,13,-1,protected-code,,,,,,
wiz8--retail-2001-12-23--wiz8--c3639d43568a,005f53c8,14,-1,protected-code,,,,,,
wiz8--retail-2001-12-23--wiz8--c3639d43568a,005f53c8,15,14,protected-code,,,,,,
wiz8--retail-2001-12-23--wiz8--c3639d43568a,005f53c8,16,15,protected-code,,,,,,
wiz8--retail-2001-12-23--wiz8--c3639d43568a,005f5470,0,-1,protected-code,,,,,,
wiz8--retail-2001-12-23--wiz8--c3639d43568a,005f5470,1,0,protected-code,,,,,,
wiz8--retail-2001-12-23--wiz8--c3639d43568a,005f5470,2,1,protected-code,,,,,,
wiz8--retail-2001-12-23--wiz8--c3639d43568a,005f54a8,0,-1,protected-code,,,,,,
wiz8--retail-2001-12-23--wiz8--c3639d43568a,005f54a8,1,0,protected-code,,,,,,
wiz8--retail-2001-12-23--wiz8--c3639d43568a,005f54a8,2,1,protected-code,,,,,,
wiz8--retail-2001-12-23--wiz8--c3639d43568a,005f54e0,0,-1,protected-code,,,,,,
wiz8--retail-2001-12-23--wiz8--c3639d43568a,005f54e0,1,0,protected-code,,,,,,
wiz8--retail-2001-12-23--wiz8--c3639d43568a,005f54e0,2,1,protected-code,,,,,,
wiz8--retail-2001-12-23--wiz8--c3639d43568a,005f5518,0,-1,protected-code,,,,,,
wiz8--retail-2001-12-23--wiz8--c3639d43568a,005f5518,1,0,protected-code,,,,,,
wiz8--retail-2001-12-23--wiz8--c3639d43568a,005f5518,2,1,protected-code,,,,,,
wiz8--retail-2001-12-23--wiz8--c3639d43568a,005f5550,0,-1,protected-code,,,,,,
wiz8--retail-2001-12-23--wiz8--c3639d43568a,005f5550,1,0,protected-code,,,,,,
wiz8--retail-2001-12-23--wiz8--c3639d43568a,005f5550,2,1,protected-code,,,,,,
wiz8--retail-2001-12-23--wiz8--c3639d43568a,005f5588,0,-1,protected-code,,,,,,
wiz8--retail-2001-12-23--wiz8--c3639d43568a,005f5588,1,0,protected-code,,,,,,
wiz8--retail-2001-12-23--wiz8--c3639d43568a,005f5588,2,1,protected-code,,,,,,
wiz8--retail-2001-12-23--wiz8--c3639d43568a,005f55c0,0,-1,protected-code,,,,,,
wiz8--retail-2001-12-23--wiz8--c3639d43568a,005f55c0,1,0,protected-code,,,,,,
wiz8--retail-2001-12-23--wiz8--c3639d43568a,005f55c0,2,1,protected-code,,,,,,
wiz8--retail-2001-12-23--wiz8--c3639d43568a,005f55f8,0,-1,protected-code,,,,,,
wiz8--retail-2001-12-23--wiz8--c3639d43568a,005f55f8,1,0,protected-code,,,,,,
wiz8--retail-2001-12-23--wiz8--c3639d43568a,005f55f8,2,1,protected-code,,,,,,
wiz8--retail-2001-12-23--wiz8--c3639d43568a,005f5630,0,-1,protected-code,,,,,,
wiz8--retail-2001-12-23--wiz8--c3639d43568a,005f5630,1,-1,protected-code,,,,,,
wiz8--retail-2001-12-23--wiz8--c3639d43568a,005f5630,2,-1,protected-code,,,,,,
wiz8--retail-2001-12-23--wiz8--c3639d43568a,005f5668,0,-1,protected-code,,,,,,
wiz8--retail-2001-12-23--wiz8--c3639d43568a,005f5690,0,-1,protected-code,,,,,,
wiz8--retail-2001-12-23--wiz8--c3639d43568a,005f5690,1,-1,protected-code,,,,,,
wiz8--retail-2001-12-23--wiz8--c3639d43568a,005f5690,2,-1,protected-code,,,,,,
wiz8--retail-2001-12-23--wiz8--c3639d43568a,005f56c8,0,-1,protected-code,,,,,,
wiz8--retail-2001-12-23--wiz8--c3639d43568a,005f56f0,0,-1,protected-code,,,,,,
wiz8--retail-2001-12-23--wiz8--c3639d43568a,005f56f0,1,-1,protected-code,,,,,,
wiz8--retail-2001-12-23--wiz8--c3639d43568a,005f5720,0,-1,protected-code,,,,,,
wiz8--retail-2001-12-23--wiz8--c3639d43568a,005f5720,1,-1,protected-code,,,,,,
wiz8--retail-2001-12-23--wiz8--c3639d43568a,005f5720,2,-1,protected-code,,,,,,
wiz8--retail-2001-12-23--wiz8--c3639d43568a,005f5720,3,-1,protected-code,,,,,,
wiz8--retail-2001-12-23--wiz8--c3639d43568a,005f5720,4,-1,protected-code,,,,,,
wiz8--retail-2001-12-23--wiz8--c3639d43568a,005f5720,5,-1,protected-code,,,,,,
wiz8--retail-2001-12-23--wiz8--c3639d43568a,005f5770,0,-1,protected-code,,,,,,
wiz8--retail-2001-12-23--wiz8--c3639d43568a,005f5798,0,-1,protected-code,,,,,,
wiz8--retail-2001-12-23--wiz8--c3639d43568a,005f5798,1,0,protected-code,,,,,,
wiz8--retail-2001-12-23--wiz8--c3639d43568a,005f57c8,0,-1,protected-code,,,,,,
wiz8--retail-2001-12-23--wiz8--c3639d43568a,005f57c8,1,-1,protected-code,,,,,,
wiz8--retail-2001-12-23--wiz8--c3639d43568a,005f57c8,2,-1,protected-code,,,,,,
wiz8--retail-2001-12-23--wiz8--c3639d43568a,005f57c8,3,-1,protected-code,,,,,,
wiz8--retail-2001-12-23--wiz8--c3639d43568a,005f57c8,4,-1,protected-code,,,,,,
wiz8--retail-2001-12-23--wiz8--c3639d43568a,005f57c8,5,-1,protected-code,,,,,,
wiz8--retail-2001-12-23--wiz8--c3639d43568a,005f5818,0,-1,protected-code,,,,,,
wiz8--retail-2001-12-23--wiz8--c3639d43568a,005f5840,0,-1,protected-code,,,,,,
wiz8--retail-2001-12-23--wiz8--c3639d43568a,005f5868,0,-1,protected-code,,,,,,
wiz8--retail-2001-12-23--wiz8--c3639d43568a,005f5890,0,-1,protected-code,,,,,,
wiz8--retail-2001-12-23--wiz8--c3639d43568a,005f58b8,0,-1,protected-code,,,,,,
wiz8--retail-2001-12-23--wiz8--c3639d43568a,005f58e0,0,-1,protected-code,,,,,,
wiz8--retail-2001-12-23--wiz8--c3639d43568a,005f58e0,1,-1,protected-code,,,,,,
wiz8--retail-2001-12-23--wiz8--c3639d43568a,005f5910,0,-1,protected-code,,,,,,
wiz8--retail-2001-12-23--wiz8--c3639d43568a,005f5938,0,-1,protected-code,,,,,,
wiz8--retail-2001-12-23--wiz8--c3639d43568a,005f5960,0,-1,protected-code,,,,,,
wiz8--retail-2001-12-23--wiz8--c3639d43568a,005f5988,0,-1,protected-code,,,,,,
wiz8--retail-2001-12-23--wiz8--c3639d43568a,005f5988,1,-1,protected-code,,,,,,
wiz8--retail-2001-12-23--wiz8--c3639d43568a,005f5988,2,-1,protected-code,,,,,,
wiz8--retail-2001-12-23--wiz8--c3639d43568a,005f5988,3,-1,protected-code,,,,,,
wiz8--retail-2001-12-23--wiz8--c3639d43568a,005f5988,4,-1,protected-code,,,,,,
wiz8--retail-2001-12-23--wiz8--c3639d43568a,005f5988,5,-1,protected-code,,,,,,
wiz8--retail-2001-12-23--wiz8--c3639d43568a,005f59d8,0,-1,protected-code,,,,,,
wiz8--retail-2001-12-23--wiz8--c3639d43568a,005f59d8,1,0,protected-code,,,,,,
wiz8--retail-2001-12-23--wiz8--c3639d43568a,005f59d8,2,0,protected-code,,,,,,
wiz8--retail-2001-12-23--wiz8--c3639d43568a,005f59d8,3,0,protected-code,,,,,,
wiz8--retail-2001-12-23--wiz8--c3639d43568a,005f59d8,4,0,protected-code,,,,,,
wiz8--retail-2001-12-23--wiz8--c3639d43568a,005f59d8,5,0,protected-code,,,,,,
wiz8--retail-2001-12-23--wiz8--c3639d43568a,005f59d8,6,0,protected-code,,,,,,
wiz8--retail-2001-12-23--wiz8--c3639d43568a,005f5a30,0,-1,protected-code,,,,,,
wiz8--retail-2001-12-23--wiz8--c3639d43568a,005f5a58,0,-1,protected-code,,,,,,
wiz8--retail-2001-12-23--wiz8--c3639d43568a,005f5a58,1,-1,protected-code,,,,,,
wiz8--retail-2001-12-23--wiz8--c3639d43568a,005f5a58,2,-1,protected-code,,,,,,
wiz8--retail-2001-12-23--wiz8--c3639d43568a,005f5a58,3,-1,protected-code,,,,,,
wiz8--retail-2001-12-23--wiz8--c3639d43568a,005f5a58,4,-1,protected-code,,,,,,
wiz8--retail-2001-12-23--wiz8--c3639d43568a,005f5a58,5,-1,protected-code,,,,,,
wiz8--retail-2001-12-23--wiz8--c3639d43568a,005f5a58,6,-1,protected-code,,,,,,
wiz8--retail-2001-12-23--wiz8--c3639d43568a,005f5a58,7,-1,protected-code,,,,,,
wiz8--retail-2001-12-23--wiz8--c3639d43568a,005f5a58,8,-1,protected-code,,,,,,
wiz8--retail-2001-12-23--wiz8--c3639d43568a,005f5a58,9,-1,protected-code,,,,,,
wiz8--retail-2001-12-23--wiz8--c3639d43568a,005f5a58,10,-1,protected-code,,,,,,
wiz8--retail-2001-12-23--wiz8--c3639d43568a,005f5a58,11,-1,protected-code,,,,,,
wiz8--retail-2001-12-23--wiz8--c3639d43568a,005f5a58,12,-1,protected-code,,,,,,
wiz8--retail-2001-12-23--wiz8--c3639d43568a,005f5a58,13,-1,protected-code,,,,,,
wiz8--retail-2001-12-23--wiz8--c3639d43568a,005f5ae8,0,-1,protected-code,,,,,,
wiz8--retail-2001-12-23--wiz8--c3639d43568a,005f5ae8,1,-1,protected-code,,,,,,
wiz8--retail-2001-12-23--wiz8--c3639d43568a,005f5b18,0,-1,protected-code,,,,,,
wiz8--retail-2001-12-23--wiz8--c3639d43568a,005f5b18,1,-1,protected-code,,,,,,
wiz8--retail-2001-12-23--wiz8--c3639d43568a,005f5b48,0,-1,protected-code,,,,,,
wiz8--retail-2001-12-23--wiz8--c3639d43568a,005f5b70,0,-1,protected-code,,,,,,
wiz8--retail-2001-12-23--wiz8--c3639d43568a,005f5b98,0,-1,protected-code,,,,,,
wiz8--retail-2001-12-23--wiz8--c3639d43568a,005f5bc0,0,-1,protected-code,,,,,,
wiz8--retail-2001-12-23--wiz8--c3639d43568a,005f5be8,0,-1,protected-code,,,,,,
wiz8--retail-2001-12-23--wiz8--c3639d43568a,005f5c10,0,-1,protected-code,,,,,,
wiz8--retail-2001-12-23--wiz8--c3639d43568a,005f5c38,0,-1,protected-code,,,,,,
wiz8--retail-2001-12-23--wiz8--c3639d43568a,005f5c38,1,-1,protected-code,,,,,,
wiz8--retail-2001-12-23--wiz8--c3639d43568a,005f5c38,2,-1,protected-code,,,,,,
wiz8--retail-2001-12-23--wiz8--c3639d43568a,005f5c70,0,-1,protected-code,,,,,,
wiz8--retail-2001-12-23--wiz8--c3639d43568a,005f5c70,1,-1,protected-code,,,,,,
wiz8--retail-2001-12-23--wiz8--c3639d43568a,005f5c70,2,-1,protected-code,,,,,,
wiz8--retail-2001-12-23--wiz8--c3639d43568a,005f5c70,3,-1,protected-code,,,,,,
wiz8--retail-2001-12-23--wiz8--c3639d43568a,005f5c70,4,-1,protected-code,,,,,,
wiz8--retail-2001-12-23--wiz8--c3639d43568a,005f5c70,5,-1,protected-code,,,,,,
wiz8--retail-2001-12-23--wiz8--c3639d43568a,005f5c70,6,-1,protected-code,,,,,,
wiz8--retail-2001-12-23--wiz8--c3639d43568a,005f5c70,7,-1,protected-code,,,,,,
wiz8--retail-2001-12-23--wiz8--c3639d43568a,005f5cd0,0,-1,protected-code,,,,,,
wiz8--retail-2001-12-23--wiz8--c3639d43568a,005f5cd0,1,-1,protected-code,,,,,,
wiz8--retail-2001-12-23--wiz8--c3639d43568a,005f5cd0,2,-1,protected-code,,,,,,
wiz8--retail-2001-12-23--wiz8--c3639d43568a,005f5cd0,3,-1,protected-code,,,,,,
wiz8--retail-2001-12-23--wiz8--c3639d43568a,005f5cd0,4,-1,protected-code,,,,,,
wiz8--retail-2001-12-23--wiz8--c3639d43568a,005f5cd0,5,-1,protected-code,,,,,,
wiz8--retail-2001-12-23--wiz8--c3639d43568a,005f5cd0,6,-1,protected-code,,,,,,
wiz8--retail-2001-12-23--wiz8--c3639d43568a,005f5cd0,7,-1,protected-code,,,,,,
wiz8--retail-2001-12-23--wiz8--c3639d43568a,005f5cd0,8,-1,protected-code,,,,,,
wiz8--retail-2001-12-23--wiz8--c3639d43568a,005f5d38,0,-1,protected-code,,,,,,
wiz8--retail-2001-12-23--wiz8--c3639d43568a,005f5d38,1,-1,protected-code,,,,,,
wiz8--retail-2001-12-23--wiz8--c3639d43568a,005f5d68,0,-1,protected-code,,,,,,
wiz8--retail-2001-12-23--wiz8--c3639d43568a,005f5d90,0,-1,protected-code,,,,,,
wiz8--retail-2001-12-23--wiz8--c3639d43568a,005f5db8,0,-1,protected-code,,,,,,
wiz8--retail-2001-12-23--wiz8--c3639d43568a,005f5de0,0,-1,protected-code,,,,,,
wiz8--retail-2001-12-23--wiz8--c3639d43568a,005f5e08,0,-1,protected-code,,,,,,
wiz8--retail-2001-12-23--wiz8--c3639d43568a,005f5e30,0,-1,protected-code,,,,,,
wiz8--retail-2001-12-23--wiz8--c3639d43568a,005f5e30,1,0,protected-code,,,,,,
wiz8--retail-2001-12-23--wiz8--c3639d43568a,005f5e30,2,0,protected-code,,,,,,
wiz8--retail-2001-12-23--wiz8--c3639d43568a,005f5e30,3,0,protected-code,,,,,,
wiz8--retail-2001-12-23--wiz8--c3639d43568a,005f5e30,4,0,protected-code,,,,,,
wiz8--retail-2001-12-23--wiz8--c3639d43568a,005f5e30,5,0,protected-code,,,,,,
wiz8--retail-2001-12-23--wiz8--c3639d43568a,005f5e80,0,-1,protected-code,,,,,,
wiz8--retail-2001-12-23--wiz8--c3639d43568a,005f5ea8,0,-1,protected-code,,,,,,
wiz8--retail-2001-12-23--wiz8--c3639d43568a,005f5ea8,1,-1,protected-code,,,,,,
wiz8--retail-2001-12-23--wiz8--c3639d43568a,005f5ed8,0,-1,protected-code,,,,,,
wiz8--retail-2001-12-23--wiz8--c3639d43568a,005f5ed8,1,0,protected-code,,,,,,
wiz8--retail-2001-12-23--wiz8--c3639d43568a,005f5f08,0,-1,protected-code,,,,,,
wiz8--retail-2001-12-23--wiz8--c3639d43568a,005f5f30,0,-1,protected-code,,,,,,
wiz8--retail-2001-12-23--wiz8--c3639d43568a,005f5f30,1,0,protected-code,,,,,,
wiz8--retail-2001-12-23--wiz8--c3639d43568a,005f5f30,2,1,protected-code,,,,,,
wiz8--retail-2001-12-23--wiz8--c3639d43568a,005f5f30,3,2,protected-code,,,,,,
wiz8--retail-2001-12-23--wiz8--c3639d43568a,005f5f70,0,-1,protected-code,,,,,,
wiz8--retail-2001-12-23--wiz8--c3639d43568a,005f5f70,1,0,protected-code,,,,,,
wiz8--retail-2001-12-23--wiz8--c3639d43568a,005f5fa0,0,-1,protected-code,,,,,,
wiz8--retail-2001-12-23--wiz8--c3639d43568a,005f5fc8,0,-1,protected-code,,,,,,
wiz8--retail-2001-12-23--wiz8--c3639d43568a,005f5ff0,0,-1,protected-code,,,,,,
wiz8--retail-2001-12-23--wiz8--c3639d43568a,005f5ff0,1,0,protected-code,,,,,,
wiz8--retail-2001-12-23--wiz8--c3639d43568a,005f5ff0,2,1,protected-code,,,,,,
wiz8--retail-2001-12-23--wiz8--c3639d43568a,005f6028,0,-1,protected-code,,,,,,
wiz8--retail-2001-12-23--wiz8--c3639d43568a,005f6028,1,0,protected-code,,,,,,
wiz8--retail-2001-12-23--wiz8--c3639d43568a,005f6058,0,-1,protected-code,,,,,,
wiz8--retail-2001-12-23--wiz8--c3639d43568a,005f6058,1,0,protected-code,,,,,,
wiz8--retail-2001-12-23--wiz8--c3639d43568a,005f6088,0,-1,protected-code,,,,,,
wiz8--retail-2001-12-23--wiz8--c3639d43568a,005f60b0,0,-1,protected-code,,,,,,
wiz8--retail-2001-12-23--wiz8--c3639d43568a,005f60b0,1,-1,protected-code,,,,,,
wiz8--retail-2001-12-23--wiz8--c3639d43568a,005f60e0,0,-1,protected-code,,,,,,
wiz8--retail-2001-12-23--wiz8--c3639d43568a,005f60e0,1,0,protected-code,,,,,,
wiz8--retail-2001-12-23--wiz8--c3639d43568a,005f60e0,2,1,protected-code,,,,,,
wiz8--retail-2001-12-23--wiz8--c3639d43568a,005f60e0,3,2,protected-code,,,,,,
wiz8--retail-2001-12-23--wiz8--c3639d43568a,005f60e0,4,2,protected-code,,,,,,
wiz8--retail-2001-12-23--wiz8--c3639d43568a,005f60e0,5,2,protected-code,,,,,,
wiz8--retail-2001-12-23--wiz8--c3639d43568a,005f6130,0,-1,protected-code,,,,,,
wiz8--retail-2001-12-23--wiz8--c3639d43568a,005f6130,1,0,protected-code,,,,,,
wiz8--retail-2001-12-23--wiz8--c3639d43568a,005f6130,2,1,protected-code,,,,,,
wiz8--retail-2001-12-23--wiz8--c3639d43568a,005f6168,0,-1,protected-code,,,,,,
wiz8--retail-2001-12-23--wiz8--c3639d43568a,005f6168,1,-1,protected-code,,,,,,
wiz8--retail-2001-12-23--wiz8--c3639d43568a,005f6168,2,-1,protected-code,,,,,,
wiz8--retail-2001-12-23--wiz8--c3639d43568a,005f6168,3,-1,protected-code,,,,,,
wiz8--retail-2001-12-23--wiz8--c3639d43568a,005f6168,4,-1,protected-code,,,,,,
wiz8--retail-2001-12-23--wiz8--c3639d43568a,005f6168,5,-1,protected-code,,,,,,
wiz8--retail-2001-12-23--wiz8--c3639d43568a,005f6168,6,-1,protected-code,,,,,,
wiz8--retail-2001-12-23--wiz8--c3639d43568a,005f6168,7,-1,protected-code,,,,,,
wiz8--retail-2001-12-23--wiz8--c3639d43568a,005f6168,8,-1,protected-code,,,,,,
wiz8--retail-2001-12-23--wiz8--c3639d43568a,005f6168,9,-1,protected-code,,,,,,
wiz8--retail-2001-12-23--wiz8--c3639d43568a,005f61d8,0,-1,protected-code,,,,,,
wiz8--retail-2001-12-23--wiz8--c3639d43568a,005f61d8,1,-1,protected-code,,,,,,
wiz8--retail-2001-12-23--wiz8--c3639d43568a,005f61d8,2,-1,protected-code,,,,,,
wiz8--retail-2001-12-23--wiz8--c3639d43568a,005f61d8,3,-1,protected-code,,,,,,
wiz8--retail-2001-12-23--wiz8--c3639d43568a,005f61d8,4,-1,protected-code,,,,,,
wiz8--retail-2001-12-23--wiz8--c3639d43568a,005f61d8,5,-1,protected-code,,,,,,
wiz8--retail-2001-12-23--wiz8--c3639d43568a,005f61d8,6,-1,protected-code,,,,,,
wiz8--retail-2001-12-23--wiz8--c3639d43568a,005f61d8,7,-1,protected-code,,,,,,
wiz8--retail-2001-12-23--wiz8--c3639d43568a,005f61d8,8,-1,protected-code,,,,,,
wiz8--retail-2001-12-23--wiz8--c3639d43568a,005f61d8,9,-1,protected-code,,,,,,
wiz8--retail-2001-12-23--wiz8--c3639d43568a,005f61d8,10,-1,protected-code,,,,,,
wiz8--retail-2001-12-23--wiz8--c3639d43568a,005f61d8,11,-1,protected-code,,,,,,
wiz8--retail-2001-12-23--wiz8--c3639d43568a,005f61d8,12,-1,protected-code,,,,,,
wiz8--retail-2001-12-23--wiz8--c3639d43568a,005f61d8,13,-1,protected-code,,,,,,
wiz8--retail-2001-12-23--wiz8--c3639d43568a,005f61d8,14,-1,protected-code,,,,,,
wiz8--retail-2001-12-23--wiz8--c3639d43568a,005f61d8,15,-1,protected-code,,,,,,
wiz8--retail-2001-12-23--wiz8--c3639d43568a,005f61d8,16,-1,protected-code,,,,,,
wiz8--retail-2001-12-23--wiz8--c3639d43568a,005f61d8,17,-1,protected-code,,,,,,
wiz8--retail-2001-12-23--wiz8--c3639d43568a,005f6288,0,-1,protected-code,,,,,,
wiz8--retail-2001-12-23--wiz8--c3639d43568a,005f62b0,0,-1,protected-code,,,,,,
wiz8--retail-2001-12-23--wiz8--c3639d43568a,005f62b0,1,0,protected-code,,,,,,
wiz8--retail-2001-12-23--wiz8--c3639d43568a,005f62e0,0,-1,protected-code,,,,,,
wiz8--retail-2001-12-23--wiz8--c3639d43568a,005f6308,0,-1,protected-code,,,,,,
wiz8--retail-2001-12-23--wiz8--c3639d43568a,005f6308,1,0,protected-code,,,,,,
wiz8--retail-2001-12-23--wiz8--c3639d43568a,005f6308,2,0,protected-code,,,,,,
wiz8--retail-2001-12-23--wiz8--c3639d43568a,005f6308,3,0,protected-code,,,,,,
wiz8--retail-2001-12-23--wiz8--c3639d43568a,005f6348,0,-1,protected-code,,,,,,
wiz8--retail-2001-12-23--wiz8--c3639d43568a,005f6370,0,-1,protected-code,,,,,,
wiz8--retail-2001-12-23--wiz8--c3639d43568a,005f6398,0,-1,protected-code,,,,,,
wiz8--retail-2001-12-23--wiz8--c3639d43568a,005f6398,1,-1,protected-code,,,,,,
wiz8--retail-2001-12-23--wiz8--c3639d43568a,005f6398,2,-1,protected-code,,,,,,
wiz8--retail-2001-12-23--wiz8--c3639d43568a,005f6398,3,-1,protected-code,,,,,,
wiz8--retail-2001-12-23--wiz8--c3639d43568a,005f6398,4,-1,protected-code,,,,,,
wiz8--retail-2001-12-23--wiz8--c3639d43568a,005f6398,5,-1,protected-code,,,,,,
wiz8--retail-2001-12-23--wiz8--c3639d43568a,005f6398,6,-1,protected-code,,,,,,
wiz8--retail-2001-12-23--wiz8--c3639d43568a,005f63f0,0,-1,protected-code,,,,,,
wiz8--retail-2001-12-23--wiz8--c3639d43568a,005f63f0,1,-1,protected-code,,,,,,
wiz8--retail-2001-12-23--wiz8--c3639d43568a,005f63f0,2,-1,protected-code,,,,,,
wiz8--retail-2001-12-23--wiz8--c3639d43568a,005f6428,0,-1,protected-code,,,,,,
wiz8--retail-2001-12-23--wiz8--c3639d43568a,005f6428,1,0,protected-code,,,,,,
wiz8--retail-2001-12-23--wiz8--c3639d43568a,005f6428,2,1,protected-code,,,,,,
wiz8--retail-2001-12-23--wiz8--c3639d43568a,005f6428,3,2,protected-code,,,,,,
wiz8--retail-2001-12-23--wiz8--c3639d43568a,005f6468,0,-1,protected-code,,,,,,
wiz8--retail-2001-12-23--wiz8--c3639d43568a,005f6468,1,0,protected-code,,,,,,
wiz8--retail-2001-12-23--wiz8--c3639d43568a,005f6468,2,1,protected-code,,,,,,
wiz8--retail-2001-12-23--wiz8--c3639d43568a,005f64a0,0,-1,protected-code,,,,,,
wiz8--retail-2001-12-23--wiz8--c3639d43568a,005f64c8,0,-1,protected-code,,,,,,
wiz8--retail-2001-12-23--wiz8--c3639d43568a,005f64c8,1,-1,protected-code,,,,,,
wiz8--retail-2001-12-23--wiz8--c3639d43568a,005f64f8,0,-1,protected-code,,,,,,
wiz8--retail-2001-12-23--wiz8--c3639d43568a,005f6520,0,-1,protected-code,,,,,,
wiz8--retail-2001-12-23--wiz8--c3639d43568a,005f6548,0,-1,protected-code,,,,,,
wiz8--retail-2001-12-23--wiz8--c3639d43568a,005f6570,0,-1,protected-code,,,,,,
wiz8--retail-2001-12-23--wiz8--c3639d43568a,005f6598,0,-1,protected-code,,,,,,
wiz8--retail-2001-12-23--wiz8--c3639d43568a,005f65c0,0,-1,protected-code,,,,,,
wiz8--retail-2001-12-23--wiz8--c3639d43568a,005f65e8,0,-1,protected-code,,,,,,
wiz8--retail-2001-12-23--wiz8--c3639d43568a,005f65e8,1,0,protected-code,,,,,,
wiz8--retail-2001-12-23--wiz8--c3639d43568a,005f6618,0,-1,protected-code,,,,,,
wiz8--retail-2001-12-23--wiz8--c3639d43568a,005f6640,0,-1,protected-code,,,,,,
wiz8--retail-2001-12-23--wiz8--c3639d43568a,005f6668,0,-1,protected-code,,,,,,
wiz8--retail-2001-12-23--wiz8--c3639d43568a,005f6690,0,-1,protected-code,,,,,,
wiz8--retail-2001-12-23--wiz8--c3639d43568a,005f66b8,0,-1,protected-code,,,,,,
wiz8--retail-2001-12-23--wiz8--c3639d43568a,005f66b8,1,-1,protected-code,,,,,,
wiz8--retail-2001-12-23--wiz8--c3639d43568a,005f66b8,2,-1,protected-code,,,,,,
wiz8--retail-2001-12-23--wiz8--c3639d43568a,005f66f0,0,-1,protected-code,,,,,,
wiz8--retail-2001-12-23--wiz8--c3639d43568a,005f66f0,1,-1,protected-code,,,,,,
wiz8--retail-2001-12-23--wiz8--c3639d43568a,005f6720,0,-1,protected-code,,,,,,
wiz8--retail-2001-12-23--wiz8--c3639d43568a,005f6748,0,-1,protected-code,,,,,,
wiz8--retail-2001-12-23--wiz8--c3639d43568a,005f6748,1,-1,protected-code,,,,,,
wiz8--retail-2001-12-23--wiz8--c3639d43568a,005f6778,0,-1,protected-code,,,,,,
wiz8--retail-2001-12-23--wiz8--c3639d43568a,005f67a0,0,-1,protected-code,,,,,,
wiz8--retail-2001-12-23--wiz8--c3639d43568a,005f67c8,0,-1,protected-code,,,,,,
wiz8--retail-2001-12-23--wiz8--c3639d43568a,005f67c8,1,0,protected-code,,,,,,
wiz8--retail-2001-12-23--wiz8--c3639d43568a,005f67f8,0,-1,protected-code,,,,,,
wiz8--retail-2001-12-23--wiz8--c3639d43568a,005f67f8,1,0,protected-code,,,,,,
wiz8--retail-2001-12-23--wiz8--c3639d43568a,005f67f8,2,1,protected-code,,,,,,
wiz8--retail-2001-12-23--wiz8--c3639d43568a,005f6830,0,-1,protected-code,,,,,,
wiz8--retail-2001-12-23--wiz8--c3639d43568a,005f6830,1,0,protected-code,,,,,,
wiz8--retail-2001-12-23--wiz8--c3639d43568a,005f6830,2,1,protected-code,,,,,,
wiz8--retail-2001-12-23--wiz8--c3639d43568a,005f6868,0,-1,protected-code,,,,,,
wiz8--retail-2001-12-23--wiz8--c3639d43568a,005f6868,1,0,protected-code,,,,,,
wiz8--retail-2001-12-23--wiz8--c3639d43568a,005f6868,2,1,protected-code,,,,,,
wiz8--retail-2001-12-23--wiz8--c3639d43568a,005f68a0,0,-1,protected-code,,,,,,
wiz8--retail-2001-12-23--wiz8--c3639d43568a,005f68c8,0,-1,protected-code,,,,,,
wiz8--retail-2001-12-23--wiz8--c3639d43568a,005f68f0,0,-1,protected-code,,,,,,
wiz8--retail-2001-12-23--wiz8--c3639d43568a,005f68f0,1,-1,protected-code,,,,,,
wiz8--retail-2001-12-23--wiz8--c3639d43568a,005f68f0,2,-1,protected-code,,,,,,
wiz8--retail-2001-12-23--wiz8--c3639d43568a,005f68f0,3,-1,protected-code,,,,,,
wiz8--retail-2001-12-23--wiz8--c3639d43568a,005f6930,0,-1,protected-code,,,,,,
wiz8--retail-2001-12-23--wiz8--c3639d43568a,005f6958,0,-1,protected-code,,,,,,
wiz8--retail-2001-12-23--wiz8--c3639d43568a,005f6980,0,-1,protected-code,,,,,,
wiz8--retail-2001-12-23--wiz8--c3639d43568a,005f6980,1,0,protected-code,,,,,,
wiz8--retail-2001-12-23--wiz8--c3639d43568a,005f69b0,0,-1,protected-code,,,,,,
wiz8--retail-2001-12-23--wiz8--c3639d43568a,005f69b0,1,-1,protected-code,,,,,,
wiz8--retail-2001-12-23--wiz8--c3639d43568a,005f69e0,0,-1,protected-code,,,,,,
wiz8--retail-2001-12-23--wiz8--c3639d43568a,005f6a08,0,-1,protected-code,,,,,,
wiz8--retail-2001-12-23--wiz8--c3639d43568a,005f6a08,1,0,protected-code,,,,,,
wiz8--retail-2001-12-23--wiz8--c3639d43568a,005f6a08,2,1,protected-code,,,,,,
wiz8--retail-2001-12-23--wiz8--c3639d43568a,005f6a08,3,2,protected-code,,,,,,
wiz8--retail-2001-12-23--wiz8--c3639d43568a,005f6a48,0,-1,protected-code,,,,,,
wiz8--retail-2001-12-23--wiz8--c3639d43568a,005f6a48,1,0,protected-code,,,,,,
wiz8--retail-2001-12-23--wiz8--c3639d43568a,005f6a48,2,1,protected-code,,,,,,
wiz8--retail-2001-12-23--wiz8--c3639d43568a,005f6a48,3,2,protected-code,,,,,,
wiz8--retail-2001-12-23--wiz8--c3639d43568a,005f6a88,0,-1,protected-code,,,,,,
wiz8--retail-2001-12-23--wiz8--c3639d43568a,005f6a88,1,0,protected-code,,,,,,
wiz8--retail-2001-12-23--wiz8--c3639d43568a,005f6a88,2,1,protected-code,,,,,,
wiz8--retail-2001-12-23--wiz8--c3639d43568a,005f6ac0,0,-1,protected-code,,,,,,
wiz8--retail-2001-12-23--wiz8--c3639d43568a,005f6ac0,1,0,protected-code,,,,,,
wiz8--retail-2001-12-23--wiz8--c3639d43568a,005f6ac0,2,1,protected-code,,,,,,
wiz8--retail-2001-12-23--wiz8--c3639d43568a,005f6af8,0,-1,protected-code,,,,,,
wiz8--retail-2001-12-23--wiz8--c3639d43568a,005f6b20,0,-1,protected-code,,,,,,
wiz8--retail-2001-12-23--wiz8--c3639d43568a,005f6b48,0,-1,protected-code,,,,,,
wiz8--retail-2001-12-23--wiz8--c3639d43568a,005f6b70,0,-1,protected-code,,,,,,
wiz8--retail-2001-12-23--wiz8--c3639d43568a,005f6b98,0,-1,protected-code,,,,,,
wiz8--retail-2001-12-23--wiz8--c3639d43568a,005f6bc0,0,-1,protected-code,,,,,,
wiz8--retail-2001-12-23--wiz8--c3639d43568a,005f6be8,0,-1,protected-code,,,,,,
wiz8--retail-2001-12-23--wiz8--c3639d43568a,005f6c10,0,-1,protected-code,,,,,,
wiz8--retail-2001-12-23--wiz8--c3639d43568a,005f6c38,0,-1,protected-code,,,,,,
wiz8--retail-2001-12-23--wiz8--c3639d43568a,005f6c60,0,-1,protected-code,,,,,,
wiz8--retail-2001-12-23--wiz8--c3639d43568a,005f6c88,0,-1,protected-code,,,,,,
wiz8--retail-2001-12-23--wiz8--c3639d43568a,005f6c88,1,-1,protected-code,,,,,,
wiz8--retail-2001-12-23--wiz8--c3639d43568a,005f6c88,2,-1,protected-code,,,,,,
wiz8--retail-2001-12-23--wiz8--c3639d43568a,005f6c88,3,-1,protected-code,,,,,,
wiz8--retail-2001-12-23--wiz8--c3639d43568a,005f6c88,4,-1,protected-code,,,,,,
wiz8--retail-2001-12-23--wiz8--c3639d43568a,005f6c88,5,-1,protected-code,,,,,,
wiz8--retail-2001-12-23--wiz8--c3639d43568a,005f6c88,6,-1,protected-code,,,,,,
wiz8--retail-2001-12-23--wiz8--c3639d43568a,005f6ce0,0,-1,protected-code,,,,,,
wiz8--retail-2001-12-23--wiz8--c3639d43568a,005f6ce0,1,0,protected-code,,,,,,
wiz8--retail-2001-12-23--wiz8--c3639d43568a,005f6ce0,2,1,protected-code,,,,,,
wiz8--retail-2001-12-23--wiz8--c3639d43568a,005f6ce0,3,2,protected-code,,,,,,
wiz8--retail-2001-12-23--wiz8--c3639d43568a,005f6ce0,4,3,protected-code,,,,,,
wiz8--retail-2001-12-23--wiz8--c3639d43568a,005f6d28,0,-1,protected-code,,,,,,
wiz8--retail-2001-12-23--wiz8--c3639d43568a,005f6d28,1,0,protected-code,,,,,,
wiz8--retail-2001-12-23--wiz8--c3639d43568a,005f6d28,2,1,protected-code,,,,,,
wiz8--retail-2001-12-23--wiz8--c3639d43568a,005f6d28,3,2,protected-code,,,,,,
wiz8--retail-2001-12-23--wiz8--c3639d43568a,005f6d28,4,3,protected-code,,,,,,
wiz8--retail-2001-12-23--wiz8--c3639d43568a,005f6d70,0,-1,protected-code,,,,,,
wiz8--retail-2001-12-23--wiz8--c3639d43568a,005f6d98,0,-1,protected-code,,,,,,
wiz8--retail-2001-12-23--wiz8--c3639d43568a,005f6dc0,0,-1,protected-code,,,,,,
wiz8--retail-2001-12-23--wiz8--c3639d43568a,005f6de8,0,-1,protected-code,,,,,,
wiz8--retail-2001-12-23--wiz8--c3639d43568a,005f6e10,0,-1,protected-code,,,,,,
wiz8--retail-2001-12-23--wiz8--c3639d43568a,005f6e38,0,-1,protected-code,,,,,,
wiz8--retail-2001-12-23--wiz8--c3639d43568a,005f6e38,1,0,protected-code,,,,,,
wiz8--retail-2001-12-23--wiz8--c3639d43568a,005f6e38,2,1,protected-code,,,,,,
wiz8--retail-2001-12-23--wiz8--c3639d43568a,005f6e38,3,2,protected-code,,,,,,
wiz8--retail-2001-12-23--wiz8--c3639d43568a,005f6e78,0,-1,protected-code,,,,,,
wiz8--retail-2001-12-23--wiz8--c3639d43568a,005f6e78,1,0,protected-code,,,,,,
wiz8--retail-2001-12-23--wiz8--c3639d43568a,005f6e78,2,1,protected-code,,,,,,
wiz8--retail-2001-12-23--wiz8--c3639d43568a,005f6e78,3,2,protected-code,,,,,,
wiz8--retail-2001-12-23--wiz8--c3639d43568a,005f6eb8,0,-1,protected-code,,,,,,
wiz8--retail-2001-12-23--wiz8--c3639d43568a,005f6ee0,0,-1,protected-code,,,,,,
wiz8--retail-2001-12-23--wiz8--c3639d43568a,005f6f08,0,-1,protected-code,,,,,,
wiz8--retail-2001-12-23--wiz8--c3639d43568a,005f6f08,1,0,protected-code,,,,,,
wiz8--retail-2001-12-23--wiz8--c3639d43568a,005f6f08,2,1,protected-code,,,,,,
wiz8--retail-2001-12-23--wiz8--c3639d43568a,005f6f08,3,2,protected-code,,,,,,
wiz8--retail-2001-12-23--wiz8--c3639d43568a,005f6f48,0,-1,protected-code,,,,,,
wiz8--retail-2001-12-23--wiz8--c3639d43568a,005f6f70,0,-1,protected-code,,,,,,
wiz8--retail-2001-12-23--wiz8--c3639d43568a,005f6f70,1,0,protected-code,,,,,,
wiz8--retail-2001-12-23--wiz8--c3639d43568a,005f6f70,2,1,protected-code,,,,,,
wiz8--retail-2001-12-23--wiz8--c3639d43568a,005f6f70,3,2,protected-code,,,,,,
wiz8--retail-2001-12-23--wiz8--c3639d43568a,005f6fb0,0,-1,protected-code,,,,,,
wiz8--retail-2001-12-23--wiz8--c3639d43568a,005f6fb0,1,0,protected-code,,,,,,
wiz8--retail-2001-12-23--wiz8--c3639d43568a,005f6fb0,2,1,protected-code,,,,,,
wiz8--retail-2001-12-23--wiz8--c3639d43568a,005f6fb0,3,2,protected-code,,,,,,
wiz8--retail-2001-12-23--wiz8--c3639d43568a,005f6ff0,0,-1,protected-code,,,,,,
wiz8--retail-2001-12-23--wiz8--c3639d43568a,005f6ff0,1,0,protected-code,,,,,,
wiz8--retail-2001-12-23--wiz8--c3639d43568a,005f6ff0,2,1,protected-code,,,,,,
wiz8--retail-2001-12-23--wiz8--c3639d43568a,005f6ff0,3,2,protected-code,,,,,,
wiz8--retail-2001-12-23--wiz8--c3639d43568a,005f7030,0,-1,protected-code,,,,,,
wiz8--retail-2001-12-23--wiz8--c3639d43568a,005f7058,0,-1,protected-code,,,,,,
wiz8--retail-2001-12-23--wiz8--c3639d43568a,005f7058,1,0,protected-code,,,,,,
wiz8--retail-2001-12-23--wiz8--c3639d43568a,005f7058,2,1,protected-code,,,,,,
wiz8--retail-2001-12-23--wiz8--c3639d43568a,005f7058,3,2,protected-code,,,,,,
wiz8--retail-2001-12-23--wiz8--c3639d43568a,005f7098,0,-1,protected-code,,,,,,
wiz8--retail-2001-12-23--wiz8--c3639d43568a,005f70c0,0,-1,protected-code,,,,,,
wiz8--retail-2001-12-23--wiz8--c3639d43568a,005f70c0,1,0,protected-code,,,,,,
wiz8--retail-2001-12-23--wiz8--c3639d43568a,005f70c0,2,1,protected-code,,,,,,
wiz8--retail-2001-12-23--wiz8--c3639d43568a,005f70c0,3,2,protected-code,,,,,,
wiz8--retail-2001-12-23--wiz8--c3639d43568a,005f7100,0,-1,protected-code,,,,,,
wiz8--retail-2001-12-23--wiz8--c3639d43568a,005f7128,0,-1,protected-code,,,,,,
wiz8--retail-2001-12-23--wiz8--c3639d43568a,005f7128,1,0,protected-code,,,,,,
wiz8--retail-2001-12-23--wiz8--c3639d43568a,005f7128,2,1,protected-code,,,,,,
wiz8--retail-2001-12-23--wiz8--c3639d43568a,005f7128,3,2,protected-code,,,,,,
wiz8--retail-2001-12-23--wiz8--c3639d43568a,005f7168,0,-1,protected-code,,,,,,
wiz8--retail-2001-12-23--wiz8--c3639d43568a,005f7168,1,0,protected-code,,,,,,
wiz8--retail-2001-12-23--wiz8--c3639d43568a,005f7198,0,-1,protected-code,,,,,,
wiz8--retail-2001-12-23--wiz8--c3639d43568a,005f7198,1,0,protected-code,,,,,,
wiz8--retail-2001-12-23--wiz8--c3639d43568a,005f71c8,0,-1,protected-code,,,,,,
wiz8--retail-2001-12-23--wiz8--c3639d43568a,005f71c8,1,-1,protected-code,,,,,,
wiz8--retail-2001-12-23--wiz8--c3639d43568a,005f71c8,2,-1,protected-code,,,,,,
wiz8--retail-2001-12-23--wiz8--c3639d43568a,005f7200,0,-1,protected-code,,,,,,
